/*--------------------------------*- C++ -*----------------------------------*\
| =========                 |                                                 |
| \\      /  F ield         | OpenFOAM: The Open Source CFD Toolbox           |
|  \\    /   O peration     | Version:  2412                                  |
|   \\  /    A nd           | Website:  www.openfoam.com                      |
|    \\/     M anipulation  |                                                 |
\*---------------------------------------------------------------------------*/
FoamFile
{
    version     2.0;
    format      ascii;
    arch        "LSB;label=32;scalar=64";
    class       vectorField;
    location    "constant/polyMesh";
    object      points;
}
// * * * * * * * * * * * * * * * * * * * * * * * * * * * * * * * * * * * * * //


11848
(
(0.05 0 0)
(-0.2 -0.4 0)
(2 -0.4 0)
(-0.2 0.4 0)
(2 0.4 0)
(-0.2 -0.4 0.001)
(2 -0.4 0.001)
(-0.2 0.4 0.001)
(2 0.4 0.001)
(0.05 0 0.001)
(0.0499424992 0.002397242952 0)
(0.04977012905 0.004788972169 0)
(0.04948328601 0.007169686596 0)
(0.04908262982 0.009533910514 0)
(0.04856908202 0.01187620613 0)
(0.04794382376 0.0141911861 0)
(0.04720829318 0.01647352588 0)
(0.04636418201 0.01871797602 0)
(0.04541343174 0.02091937422 0)
(0.04435822912 0.02307265719 0)
(0.04320100115 0.0251728723 0)
(0.04194440949 0.02721518901 0)
(0.04059134434 0.02919490991 0)
(0.03914491781 0.03110748157 0)
(0.03760845671 0.03294850504 0)
(0.03598549495 0.03471374588 0)
(0.0342797654 0.036399144 0)
(0.03249519129 0.03800082292 0)
(0.0306358772 0.03951509874 0)
(0.02870609961 0.04093848855 0)
(0.02671029708 0.04226771853 0)
(0.02465306 0.04349973141 0)
(0.02253912009 0.04463169351 0)
(0.02037333949 0.04566100128 0)
(0.01816069955 0.04658528729 0)
(0.01590628943 0.04740242564 0)
(0.01361529432 0.0481105369 0)
(0.01129298361 0.04870799238 0)
(0.008944698665 0.04919341791 0)
(0.00657584063 0.04956569701 0)
(0.004191857952 0.04982397342 0)
(0.001798233866 0.04996765309 0)
(-0.0005995262159 0.04999640555 0)
(-0.002995907368 0.04991016469 0)
(-0.005385397837 0.04970912884 0)
(-0.007762501719 0.04939376041 0)
(-0.0101217516 0.04896478474 0)
(-0.01245772112 0.0484231885 0)
(-0.01476503749 0.04777021737 0)
(-0.0170383938 0.04700737322 0)
(-0.01927256126 0.04613641059 0)
(-0.02146240121 0.04515933275 0)
(-0.02360287694 0.04407838699 0)
(-0.02568906531 0.04289605953 0)
(-0.027716168 0.04161506976 0)
(-0.02967952262 0.040238364 0)
(-0.03157461338 0.03876910871 0)
(-0.03339708152 0.03721068322 0)
(-0.0351427353 0.03556667198 0)
(-0.03680755967 0.03384085624 0)
(-0.03838772547 0.03203720546 0)
(-0.03987959827 0.03015986807 0)
(-0.04127974671 0.02821316202 0)
(-0.04258495042 0.02620156479 0)
(-0.04379220738 0.02412970313 0)
(-0.04489874085 0.02200234237 0)
(-0.04590200578 0.01982437553 0)
(-0.04679969463 0.01760081198 0)
(-0.04758974268 0.015336766 0)
(-0.0482703328 0.01303744497 0)
(-0.04883989961 0.0107081374 0)
(-0.04929713308 0.008354200766 0)
(-0.04964098156 0.005981049205 0)
(-0.0498706542 0.003594141039 0)
(-0.04998562273 0.001198966233 0)
(-0.04998562273 -0.001198966233 0)
(-0.0498706542 -0.003594141039 0)
(-0.04964098156 -0.005981049205 0)
(-0.04929713308 -0.008354200766 0)
(-0.04883989961 -0.0107081374 0)
(-0.0482703328 -0.01303744497 0)
(-0.04758974268 -0.015336766 0)
(-0.04679969463 -0.01760081198 0)
(-0.04590200578 -0.01982437553 0)
(-0.04489874085 -0.02200234237 0)
(-0.04379220738 -0.02412970313 0)
(-0.04258495042 -0.02620156479 0)
(-0.04127974671 -0.02821316202 0)
(-0.03987959827 -0.03015986807 0)
(-0.03838772547 -0.03203720546 0)
(-0.03680755967 -0.03384085624 0)
(-0.0351427353 -0.03556667198 0)
(-0.03339708152 -0.03721068322 0)
(-0.03157461338 -0.03876910871 0)
(-0.02967952262 -0.040238364 0)
(-0.027716168 -0.04161506976 0)
(-0.02568906531 -0.04289605953 0)
(-0.02360287694 -0.04407838699 0)
(-0.02146240121 -0.04515933275 0)
(-0.01927256126 -0.04613641059 0)
(-0.0170383938 -0.04700737322 0)
(-0.01476503749 -0.04777021737 0)
(-0.01245772112 -0.0484231885 0)
(-0.0101217516 -0.04896478474 0)
(-0.007762501719 -0.04939376041 0)
(-0.005385397837 -0.04970912884 0)
(-0.002995907368 -0.04991016469 0)
(-0.0005995262159 -0.04999640555 0)
(0.001798233866 -0.04996765309 0)
(0.004191857952 -0.04982397342 0)
(0.00657584063 -0.04956569701 0)
(0.008944698665 -0.04919341791 0)
(0.01129298361 -0.04870799238 0)
(0.01361529432 -0.0481105369 0)
(0.01590628943 -0.04740242564 0)
(0.01816069955 -0.04658528729 0)
(0.02037333949 -0.04566100128 0)
(0.02253912009 -0.04463169351 0)
(0.02465306 -0.04349973141 0)
(0.02671029708 -0.04226771853 0)
(0.02870609961 -0.04093848855 0)
(0.0306358772 -0.03951509874 0)
(0.03249519129 -0.03800082292 0)
(0.0342797654 -0.036399144 0)
(0.03598549495 -0.03471374588 0)
(0.03760845671 -0.03294850504 0)
(0.03914491781 -0.03110748157 0)
(0.04059134434 -0.02919490991 0)
(0.04194440949 -0.02721518901 0)
(0.04320100115 -0.0251728723 0)
(0.04435822912 -0.02307265719 0)
(0.04541343174 -0.02091937422 0)
(0.04636418201 -0.01871797602 0)
(0.04720829318 -0.01647352588 0)
(0.04794382376 -0.0141911861 0)
(0.04856908202 -0.01187620613 0)
(0.04908262982 -0.009533910514 0)
(0.04948328601 -0.007169686596 0)
(0.04977012905 -0.004788972169 0)
(0.0499424992 -0.002397242952 0)
(-0.05684852858 -0.4 0)
(0.07778148764 -0.4 0)
(0.2241002022 -0.4 0)
(0.4046175282 -0.4 0)
(0.6040403372 -0.4 0)
(0.8034631462 -0.4 0)
(1.002885955 -0.4 0)
(1.202308764 -0.4 0)
(1.401731573 -0.4 0)
(1.601154382 -0.4 0)
(1.800577191 -0.4 0)
(-0.2 0.277377044 0)
(-0.2 0.1886984436 0)
(-0.2 0.1222068355 0)
(-0.2 0.06880048733 0)
(-0.2 0.02222600489 0)
(-0.2 -0.02223154498 0)
(-0.2 -0.0688066018 0)
(-0.2 -0.1222136891 0)
(-0.2 -0.1887084016 0)
(-0.2 -0.2773870397 0)
(2 -0.2 0)
(2 2.775557562e-16 0)
(2 0.2 0)
(1.800577158 0.4 0)
(1.601154316 0.4 0)
(1.401731474 0.4 0)
(1.202308633 0.4 0)
(1.002885791 0.4 0)
(0.8034629489 0.4 0)
(0.6040401071 0.4 0)
(0.4046172652 0.4 0)
(0.2240997461 0.4 0)
(0.07778110866 0.4 0)
(-0.0568485255 0.4 0)
(-0.05684852858 -0.4 0.001)
(0.07778148764 -0.4 0.001)
(0.2241002022 -0.4 0.001)
(0.4046175282 -0.4 0.001)
(0.6040403372 -0.4 0.001)
(0.8034631462 -0.4 0.001)
(1.002885955 -0.4 0.001)
(1.202308764 -0.4 0.001)
(1.401731573 -0.4 0.001)
(1.601154382 -0.4 0.001)
(1.800577191 -0.4 0.001)
(-0.2 0.277377044 0.001)
(-0.2 0.1886984436 0.001)
(-0.2 0.1222068355 0.001)
(-0.2 0.06880048733 0.001)
(-0.2 0.02222600489 0.001)
(-0.2 -0.02223154498 0.001)
(-0.2 -0.0688066018 0.001)
(-0.2 -0.1222136891 0.001)
(-0.2 -0.1887084016 0.001)
(-0.2 -0.2773870397 0.001)
(2 -0.2 0.001)
(2 2.775557562e-16 0.001)
(2 0.2 0.001)
(1.800577158 0.4 0.001)
(1.601154316 0.4 0.001)
(1.401731474 0.4 0.001)
(1.202308633 0.4 0.001)
(1.002885791 0.4 0.001)
(0.8034629489 0.4 0.001)
(0.6040401071 0.4 0.001)
(0.4046172652 0.4 0.001)
(0.2240997461 0.4 0.001)
(0.07778110866 0.4 0.001)
(-0.0568485255 0.4 0.001)
(0.0499424992 0.002397242952 0.001)
(0.04977012905 0.004788972169 0.001)
(0.04948328601 0.007169686596 0.001)
(0.04908262982 0.009533910514 0.001)
(0.04856908202 0.01187620613 0.001)
(0.04794382376 0.0141911861 0.001)
(0.04720829318 0.01647352588 0.001)
(0.04636418201 0.01871797602 0.001)
(0.04541343174 0.02091937422 0.001)
(0.04435822912 0.02307265719 0.001)
(0.04320100115 0.0251728723 0.001)
(0.04194440949 0.02721518901 0.001)
(0.04059134434 0.02919490991 0.001)
(0.03914491781 0.03110748157 0.001)
(0.03760845671 0.03294850504 0.001)
(0.03598549495 0.03471374588 0.001)
(0.0342797654 0.036399144 0.001)
(0.03249519129 0.03800082292 0.001)
(0.0306358772 0.03951509874 0.001)
(0.02870609961 0.04093848855 0.001)
(0.02671029708 0.04226771853 0.001)
(0.02465306 0.04349973141 0.001)
(0.02253912009 0.04463169351 0.001)
(0.02037333949 0.04566100128 0.001)
(0.01816069955 0.04658528729 0.001)
(0.01590628943 0.04740242564 0.001)
(0.01361529432 0.0481105369 0.001)
(0.01129298361 0.04870799238 0.001)
(0.008944698665 0.04919341791 0.001)
(0.00657584063 0.04956569701 0.001)
(0.004191857952 0.04982397342 0.001)
(0.001798233866 0.04996765309 0.001)
(-0.0005995262159 0.04999640555 0.001)
(-0.002995907368 0.04991016469 0.001)
(-0.005385397837 0.04970912884 0.001)
(-0.007762501719 0.04939376041 0.001)
(-0.0101217516 0.04896478474 0.001)
(-0.01245772112 0.0484231885 0.001)
(-0.01476503749 0.04777021737 0.001)
(-0.0170383938 0.04700737322 0.001)
(-0.01927256126 0.04613641059 0.001)
(-0.02146240121 0.04515933275 0.001)
(-0.02360287694 0.04407838699 0.001)
(-0.02568906531 0.04289605953 0.001)
(-0.027716168 0.04161506976 0.001)
(-0.02967952262 0.040238364 0.001)
(-0.03157461338 0.03876910871 0.001)
(-0.03339708152 0.03721068322 0.001)
(-0.0351427353 0.03556667198 0.001)
(-0.03680755967 0.03384085624 0.001)
(-0.03838772547 0.03203720546 0.001)
(-0.03987959827 0.03015986807 0.001)
(-0.04127974671 0.02821316202 0.001)
(-0.04258495042 0.02620156479 0.001)
(-0.04379220738 0.02412970313 0.001)
(-0.04489874085 0.02200234237 0.001)
(-0.04590200578 0.01982437553 0.001)
(-0.04679969463 0.01760081198 0.001)
(-0.04758974268 0.015336766 0.001)
(-0.0482703328 0.01303744497 0.001)
(-0.04883989961 0.0107081374 0.001)
(-0.04929713308 0.008354200766 0.001)
(-0.04964098156 0.005981049205 0.001)
(-0.0498706542 0.003594141039 0.001)
(-0.04998562273 0.001198966233 0.001)
(-0.04998562273 -0.001198966233 0.001)
(-0.0498706542 -0.003594141039 0.001)
(-0.04964098156 -0.005981049205 0.001)
(-0.04929713308 -0.008354200766 0.001)
(-0.04883989961 -0.0107081374 0.001)
(-0.0482703328 -0.01303744497 0.001)
(-0.04758974268 -0.015336766 0.001)
(-0.04679969463 -0.01760081198 0.001)
(-0.04590200578 -0.01982437553 0.001)
(-0.04489874085 -0.02200234237 0.001)
(-0.04379220738 -0.02412970313 0.001)
(-0.04258495042 -0.02620156479 0.001)
(-0.04127974671 -0.02821316202 0.001)
(-0.03987959827 -0.03015986807 0.001)
(-0.03838772547 -0.03203720546 0.001)
(-0.03680755967 -0.03384085624 0.001)
(-0.0351427353 -0.03556667198 0.001)
(-0.03339708152 -0.03721068322 0.001)
(-0.03157461338 -0.03876910871 0.001)
(-0.02967952262 -0.040238364 0.001)
(-0.027716168 -0.04161506976 0.001)
(-0.02568906531 -0.04289605953 0.001)
(-0.02360287694 -0.04407838699 0.001)
(-0.02146240121 -0.04515933275 0.001)
(-0.01927256126 -0.04613641059 0.001)
(-0.0170383938 -0.04700737322 0.001)
(-0.01476503749 -0.04777021737 0.001)
(-0.01245772112 -0.0484231885 0.001)
(-0.0101217516 -0.04896478474 0.001)
(-0.007762501719 -0.04939376041 0.001)
(-0.005385397837 -0.04970912884 0.001)
(-0.002995907368 -0.04991016469 0.001)
(-0.0005995262159 -0.04999640555 0.001)
(0.001798233866 -0.04996765309 0.001)
(0.004191857952 -0.04982397342 0.001)
(0.00657584063 -0.04956569701 0.001)
(0.008944698665 -0.04919341791 0.001)
(0.01129298361 -0.04870799238 0.001)
(0.01361529432 -0.0481105369 0.001)
(0.01590628943 -0.04740242564 0.001)
(0.01816069955 -0.04658528729 0.001)
(0.02037333949 -0.04566100128 0.001)
(0.02253912009 -0.04463169351 0.001)
(0.02465306 -0.04349973141 0.001)
(0.02671029708 -0.04226771853 0.001)
(0.02870609961 -0.04093848855 0.001)
(0.0306358772 -0.03951509874 0.001)
(0.03249519129 -0.03800082292 0.001)
(0.0342797654 -0.036399144 0.001)
(0.03598549495 -0.03471374588 0.001)
(0.03760845671 -0.03294850504 0.001)
(0.03914491781 -0.03110748157 0.001)
(0.04059134434 -0.02919490991 0.001)
(0.04194440949 -0.02721518901 0.001)
(0.04320100115 -0.0251728723 0.001)
(0.04435822912 -0.02307265719 0.001)
(0.04541343174 -0.02091937422 0.001)
(0.04636418201 -0.01871797602 0.001)
(0.04720829318 -0.01647352588 0.001)
(0.04794382376 -0.0141911861 0.001)
(0.04856908202 -0.01187620613 0.001)
(0.04908262982 -0.009533910514 0.001)
(0.04948328601 -0.007169686596 0.001)
(0.04977012905 -0.004788972169 0.001)
(0.0499424992 -0.002397242952 0.001)
(-0.03917370932 0.03432549047 0)
(-0.04498286373 0.02621114915 0)
(-0.04915335379 0.01711971878 0)
(-0.05152426686 0.007465406509 0)
(-0.05202933801 -0.002500389064 0)
(-0.05055193899 -0.01216653213 0)
(-0.04726194664 -0.02180470958 0)
(-0.04230913144 -0.03022010923 0)
(-0.03569366392 -0.03790045812 0)
(-0.1480049198 -0.1681712073 0)
(-0.01887642789 -0.04850584944 0)
(-0.02795987575 -0.04382546771 0)
(-0.1480257261 0.1550646965 0)
(-0.01888308885 0.04855509961 0)
(-0.02777503404 0.04407022911 0)
(0.3028162819 -0.2767579726 0)
(0.3309129977 0.252439385 0)
(-0.1634094982 -0.05144666969 0)
(-0.1619909651 0.04598638555 0)
(1.499039893 -0.216805032 0)
(1.097674506 -0.2185582101 0)
(0.6984792253 -0.230661546 0)
(1.300172606 0.2347670361 0)
(0.9239500154 0.2218965795 0)
(0.0171570927 0.3227131692 0)
(0.01207076174 -0.303053499 0)
(1.844436871 0.1168434379 0)
(-0.1640836489 -0.004078078222 0)
(-0.1352126985 -0.02353220692 0)
(0.1664181773 0.2636689816 0)
(0.1599452853 -0.2581651411 0)
(-0.1567668861 0.1081904356 0)
(-0.1057287554 0.1216511359 0)
(-0.149354335 -0.09770467036 0)
(-0.1097061691 -0.1269830788 0)
(-0.146974748 0.2186409228 0)
(-0.1406706009 -0.2300170553 0)
(-0.1068160668 -0.1870000689 0)
(-0.006685442782 -0.05162805198 0)
(0.5043289327 -0.236864072 0)
(0.4228683351 -0.1070497657 0)
(0.2504606135 -0.1288347583 0)
(0.5832877354 -0.08337486799 0)
(0.455598395 0.03049968429 0)
(0.6359639677 0.07581900705 0)
(0.764208205 -0.06264155429 0)
(0.3305420689 0.01559415869 0)
(0.5325257214 0.1968642332 0)
(-0.1026970397 0.1923851877 0)
(-0.006950039826 0.051691583 0)
(-0.08429779746 0.24239331 0)
(-0.04651820021 0.2009348009 0)
(0.01053067178 0.05105133905 0)
(-0.04589612223 0.1639605507 0)
(-0.07322766385 -0.2454739627 0)
(-0.02956402971 -0.1946843291 0)
(0.01292992304 -0.05033006003 0)
(-0.06176263276 -0.148945769 0)
(-0.127470457 -0.3138991097 0)
(0.3626424587 0.1413255182 0)
(0.2661597952 0.1306789194 0)
(0.2221024862 0.02302482658 0)
(0.04712192607 0.02291107397 0)
(0.05012435644 0.01354102895 0)
(0.05184611215 0.003809058812 0)
(0.05144690299 -0.006219754305 0)
(0.8911207526 -0.2242713185 0)
(0.9627281794 -0.01047210941 0)
(1.185625336 -0.03947874428 0)
(1.125472487 0.1289598213 0)
(1.295452356 -0.2161141867 0)
(1.393002634 -0.04853360992 0)
(1.60182293 -0.05482632087 0)
(1.496450774 0.1251448062 0)
(1.699782504 -0.2278601525 0)
(1.687359941 0.2396814763 0)
(0.703751528 0.251860259 0)
(1.817830106 -0.07793039364 0)
(0.7981203791 0.09529243638 0)
(0.2276467228 0.2044562973 0)
(0.09347418525 -0.3132111407 0)
(0.07275097839 -0.2456781182 0)
(0.1622269578 -0.1837279346 0)
(0.08470093617 -0.1582642813 0)
(0.04749051348 -0.02053865003 0)
(0.0428229097 -0.02933261944 0)
(0.03660499559 -0.03700285472 0)
(0.02894797231 -0.04308578758 0)
(0.02214884984 -0.04730649853 0)
(0.2342151205 -0.2050479001 0)
(0.1711323655 -0.1011592114 0)
(0.01896197425 -0.2239158166 0)
(0.04787778259 -0.1836275601 0)
(0.1987614703 -0.1463584094 0)
(0.2301754246 -0.06237969194 0)
(0.1820789464 -0.03744569385 0)
(0.3037623759 -0.07514760465 0)
(0.006050679492 -0.1873265434 0)
(0.03016895525 -0.1520864467 0)
(-0.006428048395 -0.148262352 0)
(0.05398507567 -0.1493450086 0)
(0.05094380011 -0.1315234288 0)
(0.0240238487 -0.1207659619 0)
(0.003184007946 -0.05199518923 0)
(-0.001853464992 -0.05205031074 0)
(0.07146467806 -0.1309754335 0)
(0.06525614199 -0.114018865 0)
(0.1003322011 -0.1312459207 0)
(0.08503034357 -0.1143613976 0)
(0.07847294678 -0.09751303203 0)
(0.0614389274 -0.09542919001 0)
(0.1069910547 -0.1057617851 0)
(0.1333144558 -0.1205731935 0)
(0.1361311804 -0.09271965097 0)
(0.1135708841 -0.07711734714 0)
(0.1294341152 -0.06529857227 0)
(0.1210970742 -0.05416389053 0)
(0.10107426 -0.06141628723 0)
(0.1345062563 -0.04594089012 0)
(0.1211635895 -0.03517701304 0)
(0.1375125557 -0.02637531108 0)
(0.1271852026 -0.01828161412 0)
(0.1115814239 -0.02453470056 0)
(0.1356386004 -0.008395466526 0)
(0.127702801 -0.0004056678947 0)
(0.1403018987 0.007872902938 0)
(0.1292541024 0.01939536155 0)
(0.03095787339 0.04191961167 0)
(0.03832571924 0.03523665157 0)
(0.1133291528 0.008227814459 0)
(0.04156953699 0.03137728535 0)
(0.03478880261 0.0387153222 0)
(0.1419507727 0.02481348001 0)
(0.1272414744 0.03225278347 0)
(0.1465180506 0.04375752682 0)
(0.106387686 -0.04208354311 0)
(0.1122181147 -0.008572063594 0)
(0.1580965099 -0.009688590326 0)
(0.1150752174 0.02723694251 0)
(0.09681274306 -0.08821660533 0)
(0.04296730857 0.029356988 0)
(0.04396479054 0.03159323236 0)
(0.03657538598 0.03700918027 0)
(0.03898064869 0.03754452209 0)
(0.04431177812 0.02729835592 0)
(0.0453953259 0.02947939054 0)
(0.04640974497 0.03170238481 0)
(0.04672629163 0.02743064318 0)
(0.04781533012 0.029615605 0)
(0.04883594501 0.03183056906 0)
(0.04914777344 0.02760812032 0)
(0.04808480205 0.02540360764 0)
(0.05048736443 0.02560077783 0)
(0.0515539138 0.0277686131 0)
(0.0487283877 0.01813141581 0)
(0.04942227131 0.02345086312 0)
(0.05182469982 0.02360580353 0)
(0.05081159178 0.02148344925 0)
(0.0531703104 0.02161044727 0)
(0.0542287978 0.0237644195 0)
(0.05221190315 0.01953202083 0)
(0.05451913232 0.01961768711 0)
(0.05340464805 0.017499611 0)
(0.05583389508 0.01761186273 0)
(0.05690086473 0.01975885434 0)
(0.0546876955 0.01546565068 0)
(0.05715803175 0.01560360256 0)
(0.05611081353 0.01345755182 0)
(0.05850707584 0.01359924666 0)
(0.05746400885 0.01145384664 0)
(0.05984861737 0.01159627375 0)
(0.0609114194 0.01375282197 0)
(0.05878362432 0.009437301987 0)
(0.06118331184 0.009591391428 0)
(0.06011717761 0.007432101431 0)
(0.06251918809 0.007588081555 0)
(0.06145325083 0.005429053632 0)
(0.06385568131 0.005585392548 0)
(0.06492145367 0.007744259404 0)
(0.06278984687 0.003426468104 0)
(0.06519236448 0.003582884065 0)
(0.06412656171 0.001423989708 0)
(0.06652909912 0.001580423524 0)
(0.06546330492 -0.0005784628429 0)
(0.04996262351 -0.01385088763 0)
(0.06786584706 -0.0004220247188 0)
(0.06680005508 -0.002580909036 0)
(0.06920259837 -0.002424469852 0)
(0.07026838954 -0.0002655862854 0)
(0.06813680696 -0.004583353651 0)
(0.07053935054 -0.004426914205 0)
(0.06947355926 -0.006585797874 0)
(0.07187610292 -0.006429358361 0)
(0.07081031168 -0.008588241998 0)
(0.07321285535 -0.008431802469 0)
(0.07214706412 -0.0105906861 0)
(0.07427864658 -0.006272918845 0)
(0.07454960779 -0.01043424656 0)
(0.07348381656 -0.01259313019 0)
(0.068407768 -0.008744681533 0)
(0.07588636024 -0.01243669066 0)
(0.07482056901 -0.01459557428 0)
(0.06439751128 -0.002737348685 0)
(0.05207545099 -0.0009349122863 0)
(0.07695215147 -0.01027780703 0)
(0.07828890392 -0.01228025112 0)
(0.07935469515 -0.0101213675 0)
(0.0806914476 -0.01212381159 0)
(0.08175723882 -0.009964927964 0)
(0.08309399127 -0.01196737206 0)
(0.08202820005 -0.01412625568 0)
(0.0841597825 -0.00980848843 0)
(0.08282303005 -0.007806044339 0)
(0.08522557373 -0.007649604805 0)
(0.08388882128 -0.005647160714 0)
(0.08629136496 -0.00549072118 0)
(0.08495461251 -0.003488277088 0)
(0.08735715619 -0.003331837554 0)
(0.08602040374 -0.001329393463 0)
(0.08443074372 -0.01396981615 0)
(0.08762811741 -0.007493165271 0)
(0.08336495249 -0.01612869977 0)
(0.08361786006 -0.001485832997 0)
(0.08468365129 0.0006730506285 0)
(0.08708619496 0.0008294901624 0)
(0.08574944252 0.002831934254 0)
(0.08334689884 0.00267549472 0)
(0.08441269007 0.004834378345 0)
(0.08201014639 0.004677938811 0)
(0.08307593762 0.006836822437 0)
(0.08067339394 0.006680382903 0)
(0.08547848129 0.00699326197 0)
(0.08414172885 0.008995706062 0)
(0.08654427252 0.009152145596 0)
(0.08576749617 -0.01597226024 0)
(0.08470170494 -0.01813114386 0)
(0.08710424862 -0.01797470433 0)
(0.08603834701 -0.02013353346 0)
(0.08363589532 -0.02029001841 0)
(0.08497253431 -0.02229240649 0)
(0.08257009745 -0.02244889875 0)
(0.08390684879 -0.0244513423 0)
(0.08630941861 -0.02429491567 0)
(0.08524362303 -0.02645379715 0)
(0.08817003985 -0.0158158207 0)
(0.08764617834 -0.02629748228 0)
(0.0895067843 -0.01781814192 0)
(0.09057258219 -0.01565936069 0)
(0.08658038032 -0.02845626345 0)
(0.08094435516 0.002519055186 0)
(0.0675948893 0.003739306196 0)
(0.08788102497 0.007149701504 0)
(0.07108127289 -0.01274956972 0)
(0.06172401611 0.001267548385 0)
(0.09190932642 -0.01766167849 0)
(0.09297512539 -0.01550291376 0)
(0.08123336634 -0.0204464652 0)
(0.08016757402 -0.02260534828 0)
(0.08284107862 -0.02661023632 0)
(0.09430250129 -0.01748735736 0)
(0.09325688643 -0.01961710326 0)
(0.09537610752 -0.01534349273 0)
(0.09404065757 -0.0133435518 0)
(0.09644315807 -0.01318703255 0)
(0.09510666162 -0.01118508152 0)
(0.09750919466 -0.01102862172 0)
(0.09617248818 -0.009026266237 0)
(0.09902199679 -0.01288591656 0)
(0.09670527598 -0.0173176813 0)
(0.09857503267 -0.008869828284 0)
(0.09723829212 -0.006867407135 0)
(0.09967649011 -0.006687161043 0)
(0.09831002573 -0.00470455575 0)
(0.1011336416 -0.008962425715 0)
(0.09590253007 -0.004864301751 0)
(0.09696848636 -0.00270530791 0)
(0.09956361218 -0.002568030403 0)
(0.0980656043 -0.0005501322949 0)
(0.1024853178 -0.006226859992 0)
(0.09563618472 -0.0007039961593 0)
(0.09670271775 0.001454698742 0)
(0.09920497718 0.001603682029 0)
(0.09795590348 0.003624101475 0)
(0.09539296567 0.003459262389 0)
(0.09646325696 0.005618499273 0)
(0.0814862776 -0.005803600247 0)
(0.07883082585 -0.0206029063 0)
(0.07776503425 -0.02276178975 0)
(0.07642828252 -0.02075934601 0)
(0.07536249128 -0.02291822963 0)
(0.07402573901 -0.02091578562 0)
(0.07295994775 -0.02307466924 0)
(0.07429670019 -0.02507711332 0)
(0.07189415654 -0.02523355287 0)
(0.07323090899 -0.02723599696 0)
(0.07055740409 -0.02323110878 0)
(0.06949161287 -0.02538999241 0)
(0.06815486042 -0.02338754832 0)
(0.06708906919 -0.02554643194 0)
(0.06575231675 -0.02354398785 0)
(0.06468652552 -0.02570287148 0)
(0.06602327797 -0.02770531557 0)
(0.06334977307 -0.02370042739 0)
(0.06228398184 -0.02585931101 0)
(0.06094722939 -0.02385686692 0)
(0.05988143816 -0.02601575054 0)
(0.06201302062 -0.02169798329 0)
(0.05961047694 -0.02185442283 0)
(0.06067626817 -0.0196955392 0)
(0.06307881185 -0.01953909967 0)
(0.0617420594 -0.01753665558 0)
(0.06121819061 -0.02801819464 0)
(0.05881564693 -0.02817463417 0)
(0.06015239938 -0.03017707826 0)
(0.05774985571 -0.0303335178 0)
(0.05908660816 -0.03233596189 0)
(0.05668406448 -0.03249240142 0)
(0.05802081693 -0.03449484551 0)
(0.05561827325 -0.03465128505 0)
(0.0569550257 -0.03665372914 0)
(0.05935756938 -0.0364972896 0)
(0.05829177815 -0.03865617323 0)
(0.06069432183 -0.0384997337 0)
(0.0596285306 -0.04065861732 0)
(0.06203107427 -0.04050217779 0)
(0.05722598692 -0.04081505685 0)
(0.05856273937 -0.04281750095 0)
(0.05616019569 -0.04297394048 0)
(0.05749694814 -0.04497638457 0)
(0.05509440446 -0.0451328241 0)
(0.05643115691 -0.0471352682 0)
(0.05402861324 -0.04729170773 0)
(0.05883370059 -0.04697882866 0)
(0.05536536568 -0.04929415182 0)
(0.05296282201 -0.04945059136 0)
(0.05429957446 -0.05145303545 0)
(0.05189703078 -0.05160947498 0)
(0.05323378323 -0.05361191907 0)
(0.05083123955 -0.05376835861 0)
(0.05563632691 -0.05345547954 0)
(0.052167992 -0.0557708027 0)
(0.04976544832 -0.05592724223 0)
(0.04842869587 -0.05392479814 0)
(0.04736290465 -0.05608368177 0)
(0.04869965709 -0.05808612586 0)
(0.04629711342 -0.05824256539 0)
(0.04496036097 -0.0562401213 0)
(0.04389456974 -0.05839900492 0)
(0.04523132219 -0.06040144902 0)
(0.04282877851 -0.06055788855 0)
(0.04149202606 -0.05855544446 0)
(0.04042623483 -0.06071432808 0)
(0.04176298728 -0.06271677218 0)
(0.03936044361 -0.06287321171 0)
(0.04069719606 -0.0648756558 0)
(0.03829465238 -0.06503209533 0)
(0.03695789993 -0.06302965124 0)
(0.0358921087 -0.06518853487 0)
(0.03722886115 -0.06719097896 0)
(0.03482631747 -0.06734741849 0)
(0.03348956502 -0.0653449744 0)
(0.03242377379 -0.06750385803 0)
(0.03376052624 -0.06950630212 0)
(0.03135798257 -0.06966274165 0)
(0.03002123012 -0.06766029756 0)
(0.05162606956 -0.04744814726 0)
(0.0630968655 -0.03834329416 0)
(0.06443361795 -0.04034573825 0)
(0.06549940918 -0.03818685463 0)
(0.06683616163 -0.04018929872 0)
(0.06790195286 -0.03803041509 0)
(0.06923870531 -0.04003285918 0)
(0.07030449654 -0.03787397556 0)
(0.07164124898 -0.03987641965 0)
(0.07270704021 -0.03771753603 0)
(0.07404379266 -0.03971998012 0)
(0.07510958389 -0.03756109649 0)
(0.07644633634 -0.03956354058 0)
(0.05534731203 -0.03048995733 0)
(0.07751212757 -0.03740465696 0)
(0.0657703704 -0.04234818234 0)
(0.07297800143 -0.04187886374 0)
(0.04559845478 -0.02512495357 0)
(0.05482344324 -0.04097149639 0)
(0.03908948239 -0.05871188399 0)
(0.04015527361 -0.05655300037 0)
(0.03775272994 -0.0567094399 0)
(0.03881852116 -0.05455055628 0)
(0.03641597749 -0.05470699581 0)
(0.03748176871 -0.05254811218 0)
(0.03507922504 -0.05270455172 0)
(0.03401343381 -0.05486343534 0)
(0.03614501627 -0.05054566809 0)
(0.03854755994 -0.05038922856 0)
(0.03267668136 -0.05286099125 0)
(0.03161089013 -0.05501987488 0)
(0.03721080749 -0.04838678447 0)
(0.03961335117 -0.04823034493 0)
(0.05747889448 -0.02617219008 0)
(0.04309973973 -0.06471921627 0)
(0.0420339485 -0.06687809989 0)
(0.04443649218 -0.06672166036 0)
(0.04337070095 -0.06888054398 0)
(0.04577324463 -0.06872410445 0)
(0.0447074534 -0.07088298807 0)
(0.04710999708 -0.07072654854 0)
(0.04604420585 -0.07288543217 0)
(0.04844674953 -0.07272899263 0)
(0.04951254076 -0.07057010901 0)
(0.05084929321 -0.0725725531 0)
(0.05191508444 -0.07041366947 0)
(0.05325183688 -0.07241611356 0)
(0.05431762811 -0.07025722994 0)
(0.05565438056 -0.07225967403 0)
(0.04364166217 -0.0730418717 0)
(0.04497841462 -0.07504431579 0)
(0.05218455956 -0.07457031845 0)
(0.04257587095 -0.07520075533 0)
(0.0439126234 -0.07720319942 0)
(0.04151007972 -0.07735963895 0)
(0.04284683217 -0.07936208304 0)
(0.04044428849 -0.07951852258 0)
(0.04524937585 -0.07920564351 0)
(0.04418358462 -0.08136452713 0)
(0.04658612829 -0.0812080876 0)
(0.04552033707 -0.08336697122 0)
(0.05298087566 -0.06825478585 0)
(0.05538341934 -0.06809834631 0)
(0.04311779339 -0.08352341076 0)
(0.05404666689 -0.06609590222 0)
(0.05644921057 -0.06593946269 0)
(0.0577553618 -0.06792679966 0)
(0.05827372449 -0.01985197874 0)
(0.03027413768 -0.05301743079 0)
(0.02920834645 -0.05517631441 0)
(0.04792288074 -0.08321053169 0)
(0.04685708952 -0.08536941532 0)
(0.03827659872 -0.04622790084 0)
(0.0406791424 -0.04607146131 0)
(0.07617537512 -0.03540221287 0)
(0.0785779188 -0.03524577333 0)
(0.07991467125 -0.03724821742 0)
(0.04201589485 -0.0480739054 0)
(0.04308168608 -0.04591502177 0)
(0.04174493363 -0.04391257768 0)
(0.0441474773 -0.04375613815 0)
(0.03990884172 -0.03338956134 0)
(0.0428192274 -0.04182779672 0)
(0.04521468562 -0.04160960497 0)
(0.08098046247 -0.0350893338 0)
(0.08231721492 -0.03709177789 0)
(0.08125142369 -0.03925066152 0)
(0.06896774409 -0.03587153147 0)
(0.06922065165 -0.02122866469 0)
(0.04017332727 -0.07535719486 0)
(0.05511245812 -0.0639370186 0)
(0.0575150018 -0.06378057906 0)
(0.0305450989 -0.0571787585 0)
(0.02814255523 -0.05733519804 0)
(0.02680580278 -0.05533275395 0)
(0.02574001155 -0.05749163757 0)
(0.01774115706 -0.04894623291 0)
(0.0244032591 -0.05548919348 0)
(0.02333746787 -0.0576480771 0)
(0.02467422032 -0.0596505212 0)
(0.02227167664 -0.05980696073 0)
(0.02895543889 -0.06981918119 0)
(0.03029219134 -0.07182162528 0)
(0.02788964766 -0.07197806481 0)
(0.02655289521 -0.06997562072 0)
(0.02548710398 -0.07213450435 0)
(0.02415035153 -0.07013206025 0)
(0.02308456031 -0.07229094388 0)
(0.02174780786 -0.07028849979 0)
(0.02068201663 -0.07244738341 0)
(0.01934526418 -0.07044493932 0)
(0.02093492419 -0.05780451664 0)
(0.01986913297 -0.05996340026 0)
(0.01853238052 -0.05796095617 0)
(0.01746658929 -0.0601198398 0)
(0.01612983684 -0.05811739571 0)
(0.01506404561 -0.06027627933 0)
(0.008028398005 -0.05141237626 0)
(0.01372729316 -0.05827383524 0)
(0.01266150193 -0.06043271887 0)
(0.01399825438 -0.06243516296 0)
(0.01159571071 -0.06259160249 0)
(0.01025895826 -0.0605891584 0)
(0.009193167028 -0.06274804203 0)
(0.01052991948 -0.06475048612 0)
(0.0081273758 -0.06490692565 0)
(0.009464128249 -0.06690936974 0)
(0.007061584572 -0.06706580928 0)
(0.008398337021 -0.06906825337 0)
(0.005995793343 -0.0692246929 0)
(0.004659040894 -0.06722224881 0)
(0.007856414579 -0.06074559793 0)
(0.0108008807 -0.06891181383 0)
(0.00973508947 -0.07107069746 0)
(0.06414460308 -0.01738021604 0)
(0.06280785063 -0.01537777195 0)
(0.06040530695 -0.01553421149 0)
(0.06147109818 -0.01337532786 0)
(0.0590685545 -0.01353176739 0)
(0.06013434573 -0.01137288377 0)
(0.02521614276 -0.06797317663 0)
(0.02041105541 -0.0682860557 0)
(0.05773180205 -0.0115293233 0)
(0.05879759328 -0.009370439678 0)
(0.04925995607 -0.08521345944 0)
(0.04822782953 -0.0873890166 0)
(0.05032547823 -0.08305417277 0)
(0.04579696288 -0.08753115847 0)
(0.03133992891 -0.05085854716 0)
(0.03335286292 -0.04047213004 0)
(0.04358258118 -0.03942538977 0)
(0.04623030679 -0.03941219253 0)
(0.08338300615 -0.03493289426 0)
(0.0847197586 -0.03693533836 0)
(0.08578554983 -0.03477645473 0)
(0.08712230228 -0.03677889882 0)
(0.08898292481 -0.02829982762 0)
(0.08605651105 -0.03893778245 0)
(0.08818809351 -0.0346200152 0)
(0.08952484595 -0.03662245929 0)
(0.09052961097 -0.03447104524 0)
(0.07724116635 -0.03324332924 0)
(0.0476079229 -0.04143851034 0)
(0.04867216306 -0.03927718419 0)
(0.0473351521 -0.03727433302 0)
(0.04441843853 -0.04791746587 0)
(0.06148915183 -0.03217952235 0)
(0.07483862267 -0.03339976877 0)
(0.09004872417 -0.02614106749 0)
(0.09138635093 -0.02815797973 0)
(0.09245159634 -0.02598655817 0)
(0.09378938057 -0.02800865752 0)
(0.09485647928 -0.0258085408 0)
(0.0962001037 -0.02783520596 0)
(0.09728885078 -0.02562727378 0)
(0.06120013696 -0.009214000144 0)
(0.05986338451 -0.007211556053 0)
(0.07563345267 -0.02707955743 0)
(0.05270991444 -0.06409345813 0)
(0.01213763315 -0.07091425792 0)
(0.01107184192 -0.07307314155 0)
(0.02947930768 -0.05933764213 0)
(0.05617824935 -0.06177813497 0)
(0.05858079303 -0.06162169544 0)
(0.05987229176 -0.06360179881 0)
(0.01800851173 -0.06844249523 0)
(0.09882795213 0.005773015549 0)
(0.09749750777 0.007775780183 0)
(0.02893738523 -0.05101498669 0)
(0.0950840774 -0.03012547131 0)
(0.09785914677 -0.0298332187 0)
(0.09657836081 -0.0323946567 0)
(0.09190833267 -0.03647319658 0)
(0.09085842224 -0.03862609952 0)
(0.05905068282 0.005272590049 0)
(0.03587405504 -0.04638434038 0)
(0.05166399933 -0.08507917999 0)
(0.05278350889 -0.08284704279 0)
(0.05655411068 0.009297553785 0)
(0.008922205807 -0.05858671431 0)
(0.006519662129 -0.05874315384 0)
(0.005453870901 -0.06090203747 0)
(0.004117118452 -0.05889959338 0)
(0.003051327224 -0.061058477 0)
(0.001714574774 -0.05905603291 0)
(0.0006487835463 -0.06121491654 0)
(-0.0006794393412 -0.05934346647 0)
(-0.001752338537 -0.06139318841 0)
(0.003593249666 -0.06938113244 0)
(-0.003080324493 -0.05952537707 0)
(-0.004154368862 -0.06155751184 0)
(-0.005491035752 -0.05955638173 0)
(-0.006558188244 -0.06169435955 0)
(-0.007895153311 -0.05968865015 0)
(-0.008961206852 -0.06184350526 0)
(-0.01029803846 -0.05983984553 0)
(-0.0113638866 -0.06199785513 0)
(-0.005221662672 -0.06369331934 0)
(-0.01418270311 -0.04999761422 0)
(-0.0004167707496 -0.06337743888 0)
(0.01959817174 -0.05580207255 0)
(0.05417167637 -0.0850295592 0)
(0.05533447527 -0.08265213855 0)
(0.05316308935 -0.08727709104 0)
(0.05666601082 -0.01368820693 0)
(-0.009232260421 -0.0576807593 0)
(-0.01163488751 -0.05783591783 0)
(0.05663708787 -0.08476172865 0)
(0.05791427515 -0.08245493843 0)
(0.05646507636 -0.08033754241 0)
(0.05893818101 -0.08006002298 0)
(0.06059952085 -0.08227099965 0)
(0.04049715353 -0.0419774209 0)
(0.04974739467 -0.03712304774 0)
(0.04840902574 -0.03511974461 0)
(0.0820462537 -0.03293045017 0)
(0.0652103943 -0.01522133242 0)
(0.09403473093 0.00546071869 0)
(0.09295707355 0.003301252856 0)
(0.0433526473 -0.05007634949 0)
(0.09376994709 -0.009182710729 0)
(0.04764673188 -0.07905266704 0)
(0.08923583086 -0.01365693367 0)
(0.04683903586 -0.06656522082 0)
(0.03188185135 -0.05918120259 0)
(0.05724404058 -0.05961925135 0)
(0.05964658425 -0.05946281181 0)
(0.02360842909 -0.06180940482 0)
(0.01880334174 -0.06212228389 0)
(-0.0105679134 -0.05569520053 0)
(-0.01297144851 -0.0558364139 0)
(0.04600621264 -0.03527604097 0)
(0.04707330604 -0.03311784935 0)
(0.04947606674 -0.03296152515 0)
(0.04813952259 -0.03095919175 0)
(0.05532925837 -0.01168576284 0)
(-0.004160735744 -0.05748640057 0)
(0.05747045028 -0.07809703705 0)
(0.05985927239 -0.07776812051 0)
(0.01479308439 -0.05611495162 0)
(0.05746084083 -0.007367995587 0)
(0.05852663206 -0.005209111962 0)
(0.03000317646 -0.04885610307 0)
(8.440411249e-05 -0.05746723722 0)
(0.02760063278 -0.0490125426 0)
(0.1001143914 -0.03255799222 0)
(0.09779458944 -0.03558748547 0)
(0.1009057644 -0.02899772498 0)
(0.0051623204 -0.05690077306 0)
(0.05132048549 0.008714650256 0)
(0.05054213716 -0.03080278989 0)
(0.04914739407 -0.02877171891 0)
(0.05159832162 -0.02863916612 0)
(0.05020193089 -0.02660728039 0)
(0.05266063599 -0.02647856666 0)
(0.05132330406 -0.02447583659 0)
(0.05373959836 -0.02432618552 0)
(0.05240055414 -0.02232261002 0)
(0.04575519098 -0.04991990996 0)
(0.0468209822 -0.04776102633 0)
(0.05001546761 -0.04128320015 0)
(0.04895076839 -0.04344267909 0)
(0.06654714675 -0.01722377651 0)
(0.06226592818 -0.007055116519 0)
(0.06360268063 -0.00905756061 0)
(0.06416265673 -0.03618441054 0)
(0.05141957998 -0.0808304864 0)
(0.04096815728 -0.06903698352 0)
(0.04122106484 -0.05439411674 0)
(0.07989661689 -0.01844402259 0)
(0.0780179427 -0.008118923407 0)
(0.01239054071 -0.05627139115 0)
(0.08815198619 0.002988373788 0)
(0.08948873864 0.0009859296963 0)
(0.05455248202 -0.03681016867 0)
(0.09111433525 -0.02398217505 0)
(0.02601097277 -0.06165296529 0)
(0.03693984627 -0.04422545675 0)
(0.07910178664 -0.02476423381 0)
(0.03668693871 -0.05886832353 0)
(0.02546905033 -0.05333030985 0)
(0.02306650665 -0.05348674939 0)
(0.002256497217 -0.06737868834 0)
(0.001190705989 -0.06953757197 0)
(0.002527458438 -0.07154001606 0)
(0.0001249147604 -0.07169645559 0)
(0.00146166721 -0.07369889969 0)
(-0.001211837689 -0.0696940115 0)
(0.0548414969 -0.05977569088 0)
(0.03081606012 -0.06134008622 0)
(0.01320342438 -0.0687553743 0)
(0.01454017682 -0.07075781839 0)
(0.0583098318 -0.05746036772 0)
(0.0607431396 -0.05731911572 0)
(0.06204912793 -0.05930637228 0)
(0.05938075039 -0.05530401535 0)
(0.06181491274 -0.05516318523 0)
(0.06044839316 -0.05314604579 0)
(0.06283944511 -0.05298393306 0)
(0.06418071039 -0.05498860503 0)
(0.0615076165 -0.05098391975 0)
(0.06389726521 -0.05082111427 0)
(0.06257098456 -0.04882383986 0)
(0.06497312438 -0.04866720095 0)
(0.06656215363 -0.05076690659 0)
(0.06363804992 -0.04666558525 0)
(0.06604080595 -0.04650925055 0)
(0.05506054536 -0.07831405158 0)
(0.05614346499 -0.005352616436 0)
(0.05719310904 -0.003204512027 0)
(0.05959296152 -0.003049869029 0)
(0.05825629878 -0.001047365053 0)
(0.09591099247 -0.02354521045 0)
(0.09852037962 -0.02339969238 0)
(0.02413265393 -0.05133333394 0)
(0.03453947042 -0.04441518896 0)
(0.02150861323 -0.05148364746 0)
(0.05839928121 -0.07589795825 0)
(0.06079588745 -0.07554659545 0)
(0.06224786842 -0.07744861018 0)
(0.05930096308 -0.07371037849 0)
(0.06170274903 -0.07332349606 0)
(0.04471055187 -0.03333764797 0)
(0.04360555486 -0.03543348272 0)
(-0.00784972611 -0.05541767427 0)
(-0.01196343789 -0.05386732575 0)
(-0.0144107501 -0.05389411328 0)
(-0.01539121704 -0.05600082968 0)
(-0.01671094464 -0.05398733784 0)
(-0.01777957334 -0.05614806276 0)
(0.06021665675 -0.07150792214 0)
(0.06262352955 -0.07110420003 0)
(0.06417248595 -0.07304536116 0)
(0.1043067784 -0.008993633982 0)
(0.1042719091 -0.03189766805 0)
(0.05432506122 -0.01387505404 0)
(0.05561048527 -0.01585215848 0)
(0.05327124662 -0.01603985026 0)
(0.0545484011 -0.0180128722 0)
(0.05214647526 -0.01816961674 0)
(0.05187890142 -0.03280524026 0)
(0.09031967596 -0.03030224795 0)
(0.05480500762 -0.02216711333 0)
(0.08685134106 -0.03261757111 0)
(0.06466847186 -0.006898676985 0)
(0.05135432758 -0.043286527 0)
(0.04815773465 -0.04976347042 0)
(0.0759044139 -0.03124088515 0)
(0.07830695757 -0.03108444562 0)
(0.07350187022 -0.03139732468 0)
(0.03347187267 -0.04654632869 0)
(0.09162229879 0.005303793982 0)
(0.09268841964 0.00746269378 0)
(0.06761293798 -0.01506489288 0)
(0.06627618553 -0.01306244879 0)
(0.06894969043 -0.01706733698 0)
(0.04468939975 -0.05207879358 0)
(0.07243607899 -0.03355620831 0)
(0.07109932654 -0.03155376422 0)
(0.07509153021 -0.01875690199 0)
(0.07268898655 -0.01891334153 0)
(0.004388079673 -0.06306092109 0)
(0.0332186038 -0.06118364669 0)
(0.02494518154 -0.06381184891 0)
(0.02734772522 -0.06365540938 0)
(0.02254263786 -0.06396828845 0)
(0.01907430296 -0.06628361161 0)
(0.01667175928 -0.06644005114 0)
(0.05910589346 -0.05114076442 0)
(0.06115041413 -0.06929331886 0)
(0.06353339604 -0.06887680481 0)
(0.05508504093 -0.007572890096 0)
(0.04680292855 -0.02895683184 0)
(0.06208525492 -0.06707528784 0)
(0.06441192469 -0.06662976563 0)
(0.06598080634 -0.06855164897 0)
(0.0559377853 -0.001245271001 0)
(0.05693313273 0.0009478885082 0)
(0.01348967753 -0.05416206136 0)
(0.01594392345 -0.05388477879 0)
(0.01099301404 -0.05457463279 0)
(0.05430336871 0.0005657530921 0)
(0.0555753533 0.002971928972 0)
(0.09712557182 -0.02134119922 0)
(0.09990811502 -0.02085877979 0)
(0.1012986728 -0.02330884462 0)
(0.1032178007 -0.0204210721 0)
(0.05382839992 0.01309722748 0)
(0.03529716582 -0.04235224666 0)
(0.02859333627 -0.0468979623 0)
(0.02617745853 -0.0471324628 0)
(0.06301492947 -0.0648533504 0)
(0.0653305043 -0.06440889161 0)
(0.06395027243 -0.06263505083 0)
(0.0662264832 -0.06217505208 0)
(0.06774356774 -0.06407127764 0)
(0.05295543944 -0.01182967467 0)
(0.03211458301 -0.04483259595 0)
(0.04852918176 -0.02437349601 0)
(0.09392323441 -0.03226316974 0)
(0.1008695611 -0.01820039394 0)
(0.1043757195 -0.01628516658 0)
(0.105926077 -0.005677375428 0)
(0.06441825471 -0.0600355176 0)
(0.06705458807 -0.05988107731 0)
(0.06559141854 -0.05800424556 0)
(0.06797221485 -0.05766505107 0)
(0.06946879468 -0.05956912032 0)
(0.1021668135 -0.01217916851 0)
(0.102848909 -0.002178803815 0)
(0.1083384437 -0.00198541482 0)
(0.104554853 0.002463137883 0)
(0.1149679117 -0.0002838380757 0)
(0.05104911113 -0.01605655397 0)
(0.04991763909 -0.01818765796 0)
(0.1057014651 -0.01243445615 0)
(0.1095142844 -0.01503548751 0)
(0.03829817779 -0.03524657551 0)
(0.03895004533 -0.03757281619 0)
(0.03730480194 -0.03933935422 0)
(0.04103819333 -0.03582505008 0)
(0.04128506469 -0.03824757882 0)
(0.04468641001 -0.02739938094 0)
(-0.0165478066 -0.04931118222 0)
(-0.01843597929 -0.0507718969 0)
(-0.02342006785 -0.04660870997 0)
(-0.02077520409 -0.04999684722 0)
(0.01535273254 -0.04967712911 0)
(0.01726895134 -0.05160229188 0)
(0.01043278184 -0.05087039262 0)
(-0.01182451082 -0.05061545809 0)
(-0.009347607888 -0.05136709491 0)
(0.04007752114 0.03332057714 0)
(0.04074047699 0.03568553896 0)
(0.04137693975 0.03806214559 0)
(0.03955063818 0.039910533 0)
(0.04182879038 0.04024577835 0)
(0.04352318428 0.03631557073 0)
(0.04496044236 0.03390515528 0)
(0.03711291461 0.03940745532 0)
(0.0351715673 0.04117515906 0)
(0.04247265872 0.03369955997 0)
(0.04622324965 0.036023482 0)
(0.04138485232 -0.03135122859 0)
(0.04951622636 0.01585734283 0)
(0.03484270952 -0.03869058713 0)
(0.03287693557 0.04036817407 0)
(0.03327119467 0.04276996351 0)
(0.0223363856 0.04702654802 0)
(0.03554304526 0.04358454101 0)
(0.03368721631 0.04515782706 0)
(0.03584626277 0.04583099085 0)
(0.01776563807 0.04892360436 0)
(0.02674206334 0.0447316442 0)
(0.03761566077 0.04210770322 0)
(0.03128824804 0.04436050197 0)
(0.02887016488 0.04336856307 0)
(0.02922447873 0.04608703494 0)
(0.02665975036 0.04719633936 0)
(0.02867543626 0.04840006878 0)
(0.0264434713 0.04957168401 0)
(0.02854379217 0.05080429581 0)
(0.03190505811 0.04659796148 0)
(0.02005914293 0.04801111463 0)
(0.0196975344 0.0504083047 0)
(0.01740714414 0.05130983325 0)
(0.01932664393 0.05281187287 0)
(0.01708840773 0.0537172324 0)
(0.01898868239 0.05520256255 0)
(0.02159670261 0.05191264356 0)
(0.0152781974 0.05224830256 0)
(-0.02113731437 -0.04760330255 0)
(-0.02302050976 -0.04914860804 0)
(-0.02264668351 -0.05155659417 0)
(-0.02487643492 -0.05074726423 0)
(-0.0245310512 -0.05306784289 0)
(-0.02674109453 -0.05227039224 0)
(-0.02639778227 -0.05459000393 0)
(-0.02715678856 -0.04988795444 0)
(-0.02205915047 -0.05409691376 0)
(-0.01917741027 -0.05422664418 0)
(-0.0202882343 -0.05627194718 0)
(-0.01886115913 -0.058300293 0)
(-0.02127364367 -0.05844467566 0)
(-0.01991618581 -0.06046037521 0)
(-0.0223169354 -0.0606170145 0)
(-0.01751019123 -0.06030614492 0)
(0.05209536197 0.01508561146 0)
(-0.02531053532 -0.04823470494 0)
(-0.02766616077 -0.04761020828 0)
(-0.02943443312 -0.04913829136 0)
(-0.03199663959 -0.04113395339 0)
(-0.02860486771 -0.05379471706 0)
(-0.02821235328 -0.05617453456 0)
(-0.03046542434 -0.05532286737 0)
(-0.03006683711 -0.05771009002 0)
(-0.02612381359 -0.05677223175 0)
(-0.03083580883 -0.05296982369 0)
(-0.02997776932 -0.0469109729 0)
(-0.0317206149 -0.0484161904 0)
(-0.03224020916 -0.04608371872 0)
(-0.03401394772 -0.04768963653 0)
(-0.03456456164 -0.04544992805 0)
(-0.03631317188 -0.04697652592 0)
(-0.03349400421 -0.04999490952 0)
(-0.02349211336 -0.05871359187 0)
(-0.02464430887 -0.06083813601 0)
(-0.02336614933 -0.06278895429 0)
(-0.02576593012 -0.06294756985 0)
(-0.02443848268 -0.06494177231 0)
(-0.02684394169 -0.06509557012 0)
(-0.02203748983 -0.06478395917 0)
(-0.01857361322 -0.06246559651 0)
(-0.01617009952 -0.06230961985 0)
(-0.0172353342 -0.06446867528 0)
(-0.0148325361 -0.06431234152 0)
(-0.01589819216 -0.06647127141 0)
(-0.01349558355 -0.06631485722 0)
(-0.01456134143 -0.06847375278 0)
(-0.01215878138 -0.06831731946 0)
(-0.01322456432 -0.07047620611 0)
(-0.01562710661 -0.07063264615 0)
(-0.0142903473 -0.0726350928 0)
(-0.002277628917 -0.07185289513 0)
(-0.01082201653 -0.07031976811 0)
(-0.003614381366 -0.06985045104 0)
(-0.004680172595 -0.07200933466 0)
(-0.003343420145 -0.07401177875 0)
(-0.009756224613 -0.06816088474 0)
(-0.01830071331 -0.06662771866 0)
(-0.002548590138 -0.06769156741 0)
(-0.004951133816 -0.06784800695 0)
(-0.02735171411 -0.06093540198 0)
(-0.01002714363 -0.06400015355 0)
(-0.01510414662 -0.06015081337 0)
(-0.008419469983 -0.07016332964 0)
(-0.009485260848 -0.0723222134 0)
(-0.03016981345 -0.04478839656 0)
(-0.02600129353 -0.04557846933 0)
(0.05166624554 0.006306571704 0)
(0.05339282434 0.007834623954 0)
(0.05306317675 0.01048834259 0)
(0.05404134952 0.005089491526 0)
(0.04781490103 0.02034504677 0)
(0.05225925678 -0.003536841638 0)
(-0.03387998122 -0.03955508833 0)
(-0.03620133798 -0.04027364159 0)
(-0.03913244432 -0.03431889107 0)
(-0.03802282676 -0.03856594648 0)
(-0.03848823844 -0.04099320465 0)
(-0.04030114132 -0.03934106736 0)
(-0.04079951425 -0.04166373717 0)
(-0.04249818311 -0.04010249405 0)
(-0.0434192593 -0.04233504595 0)
(-0.04205721314 -0.03777575501 0)
(-0.04426703579 -0.03850763927 0)
(-0.04380849836 -0.0361183693 0)
(-0.04611803909 -0.03697203296 0)
(-0.04564892364 -0.03463207876 0)
(-0.04794756379 -0.0354243359 0)
(-0.04846530089 -0.03758041256 0)
(-0.04506794424 -0.02616538916 0)
(-0.04746065378 -0.03306051828 0)
(-0.04974728409 -0.0338245826 0)
(-0.04925133414 -0.03150006102 0)
(-0.05150285261 -0.03236104209 0)
(-0.04700690675 -0.03074693766 0)
(-0.04877850044 -0.02910877017 0)
(-0.03911198495 -0.04348792481 0)
(-0.04337817731 -0.0339053016 0)
(-0.03447172348 -0.04179107881 0)
(-0.03745631909 -0.03612947176 0)
(-0.04620060878 -0.02398720461 0)
(-0.04860577609 -0.02370090508 0)
(-0.04911259726 -0.01719404262 0)
(-0.0496546517 -0.0215448 0)
(-0.05099996075 -0.02351534125 0)
(-0.05209388643 -0.02150175423 0)
(-0.0534084121 -0.02344383431 0)
(-0.05450246006 -0.02137832953 0)
(-0.05577907981 -0.02342365577 0)
(-0.0521990793 -0.0256074907 0)
(-0.05316319607 -0.01934331647 0)
(-0.0555875421 -0.01924208611 0)
(-0.05419503823 -0.0171510582 0)
(-0.05666489463 -0.01708841659 0)
(-0.05799303581 -0.01911552519 0)
(-0.05534616266 -0.01507214894 0)
(-0.05776451313 -0.0149548495 0)
(-0.05141756283 -0.007425190863 0)
(-0.05644581812 -0.01293781249 0)
(-0.05885191637 -0.01280715543 0)
(-0.05753485955 -0.01079188366 0)
(-0.05993940102 -0.01065952809 0)
(-0.05516666618 -0.0109429837 0)
(-0.0562240529 -0.008779942228 0)
(-0.05295789558 -0.01522229642 0)
(-0.04786419375 -0.02617375932 0)
(-0.0535600279 -0.008775535016 0)
(-0.05490113022 -0.006761752638 0)
(-0.05730604628 -0.006629221145 0)
(-0.05598301347 -0.004619890214 0)
(-0.05839542613 -0.004485991238 0)
(-0.05221320175 0.002132513513 0)
(-0.05363936117 -0.004700882324 0)
(-0.05465885236 -0.002543744456 0)
(-0.0534837961 -0.0002949250819 0)
(-0.05110142799 -0.009766102245 0)
(-0.05029419375 -0.01476133859 0)
(-0.04376907332 -0.02821767397 0)
(-0.04823308087 -0.01950403685 0)
(-0.04622757974 -0.02842818264 0)
(-0.0501624675 -0.02710638343 0)
(-0.05234379934 -0.02788516451 0)
(-0.05428965736 -0.0271195279 0)
(-0.05377955138 -0.02936170611 0)
(-0.05614094255 -0.02856188084 0)
(-0.05662293005 -0.02576902939 0)
(-0.05844309134 -0.0274975509 0)
(0.03091471976 -0.04170017441 0)
(0.005649200888 -0.05175927338 0)
(0.007032577758 -0.05340125092 0)
(0.004653802737 -0.05366661304 0)
(0.002135121649 -0.05417934113 0)
(0.01982471881 -0.0481141643 0)
(-0.05188937527 0.004895027748 0)
(-0.05367546374 0.006456709303 0)
(-0.05057235573 0.01236605051 0)
(-0.05345195358 0.008918360565 0)
(-0.05582435055 0.007676726074 0)
(-0.0540721216 0.004051452315 0)
(-0.05585332965 -0.0004316357266 0)
(-0.05115423236 0.009856227506 0)
(-0.04989983943 0.01479676139 0)
(-0.05158735479 0.01656116262 0)
(-0.04734513781 0.02176370207 0)
(-0.05077443355 0.01902698532 0)
(-0.05317842769 0.01840334587 0)
(-0.05237733246 0.01405866379 0)
(-0.05334329659 0.01156690608 0)
(-0.0483040794 0.01945837553 0)
(-0.04619299052 0.02405134501 0)
(-0.04754209522 0.02610269035 0)
(-0.04224024896 0.03047085253 0)
(-0.04623973688 0.02830035925 0)
(-0.04876670887 0.02824293355 0)
(-0.0487341347 0.02395307241 0)
(-0.04981144057 0.02151850059 0)
(-0.0407372567 0.03241265937 0)
(-0.04156038878 0.03468501189 0)
(-0.03381218324 0.03960750043 0)
(-0.03988979702 0.03666131398 0)
(-0.04230143897 0.03699243626 0)
(-0.04321032365 0.03274441712 0)
(-0.04475940954 0.03068462386 0)
(-0.03564626641 0.03800212418 0)
(-0.03619976441 0.04034835002 0)
(-0.0342251609 0.04195174728 0)
(-0.03659667701 0.04268931245 0)
(-0.03799581793 0.03872543356 0)
(-0.03746631914 0.03631253541 0)
(-0.04368115937 0.02834695194 0)
(-0.04110321656 -0.03249660773 0)
(0.04668569336 -0.02286706875 0)
(0.0006552320234 -0.05206586904 0)
(-0.0005914670194 -0.05398173378 0)
(-0.00306939615 -0.05396309952 0)
(-0.001853635221 -0.05597571847 0)
(0.05393813821 -0.08056883848 0)
(0.05250839992 -0.07863839972 0)
(0.0220249813 0.04945403631 0)
(0.02390180106 0.05098298743 0)
(-0.05061302475 -0.01933210293 0)
(-0.0042622348 -0.05187471408 0)
(-0.005583799671 -0.05398752871 0)
(-0.05480717598 0.001762506169 0)
(-0.05713159638 0.001611182866 0)
(-0.05827185282 -0.0004078487746 0)
(-0.05945882727 0.001641062076 0)
(-0.05832183505 0.003668849728 0)
(-0.06067195389 0.003694416201 0)
(0.04563400469 0.02521486837 0)
(0.01552934325 0.04980584254 0)
(0.01313822047 0.05088188691 0)
(0.01182295055 0.05319253563 0)
(0.003109798619 0.05196612228 0)
(0.009538759944 0.05326779386 0)
(0.01086073402 0.05545201903 0)
(0.008559411012 0.05539346326 0)
(0.009954732592 0.05722150715 0)
(0.007141364224 0.05346321259 0)
(0.01506524684 0.05465370645 0)
(0.0006880854892 0.05205818197 0)
(0.00204766509 0.05412296313 0)
(-0.0003552548496 0.05426733569 0)
(0.0009089658059 0.05624529937 0)
(-0.001444597641 0.05637896139 0)
(-0.0001933049622 0.05866788309 0)
(0.003304624804 0.05593202464 0)
(-0.002724106847 0.05443102986 0)
(0.005937999134 0.05598666143 0)
(-0.001709416687 0.05219273535 0)
(-0.004269790328 0.05249329433 0)
(-0.00638404045 0.05406367081 0)
(-0.01178076895 0.05069842302 0)
(-0.008671642042 0.05339508588 0)
(-0.008060285389 0.05566778348 0)
(-0.003752079367 0.05647523753 0)
(-0.01409803923 0.05015610586 0)
(-0.01342278654 0.05245160308 0)
(-0.01607799116 0.05215294656 0)
(-0.01504128245 0.05423784479 0)
(-0.01034002887 0.05506764431 0)
(-0.009683520791 0.05744971107 0)
(-0.01653210728 0.04949091118 0)
(-0.0185178905 0.05098624617 0)
(-0.02345008481 0.0464739807 0)
(-0.02083547352 0.04999257319 0)
(-0.02049582152 0.05238604521 0)
(-0.0256298019 0.04532387373 0)
(-0.02770079939 0.04652946393 0)
(-0.0299018705 0.04523093953 0)
(-0.02979914864 0.04774486773 0)
(-0.02549033255 0.04775280848 0)
(-0.02328282999 0.04887367921 0)
(-0.02984623676 0.04277381008 0)
(-0.03240287681 0.0437988933 0)
(-0.03189556656 0.04126629596 0)
(0.05198500645 0.001360703907 0)
(-0.02119773994 0.04753184601 0)
(0.05067995319 0.01114161912 0)
(-0.02261508396 -0.05662188712 0)
(0.024272516 0.04847760313 0)
(-0.03971803032 -0.03682744216 0)
(0.0475204968 -0.02662603854 0)
(0.06650277909 -0.0556760791 0)
(0.06887782408 -0.05541927298 0)
(0.0675590171 -0.0532053823 0)
(0.06983272425 -0.05315573896 0)
(0.07127010102 -0.05508922964 0)
(-0.03676580655 -0.04470209306 0)
(-0.03860118704 -0.04622716101 0)
(-0.03808687386 -0.04858227784 0)
(-0.03232656022 -0.05685026166 0)
(-0.03193689926 -0.0592265726 0)
(-0.03419077233 -0.05837388448 0)
(-0.03380124112 -0.06075003349 0)
(-0.0360537778 -0.05989897494 0)
(-0.03566442849 -0.06227490204 0)
(-0.04037176231 -0.04778009503 0)
(-0.03986361312 -0.05019022806 0)
(-0.04215765942 -0.04945827126 0)
(-0.04164341566 -0.05181941463 0)
(-0.0439379725 -0.05109099722 0)
(-0.04342279807 -0.05344456555 0)
(-0.0457172849 -0.05271547553 0)
(-0.04623268011 -0.05036373412 0)
(-0.04801179643 -0.05198658019 0)
(-0.03934931487 -0.05255177204 0)
(-0.03456497696 -0.05601645641 0)
(-0.03150513977 -0.06143980318 0)
(-0.04267147794 -0.04707327655 0)
(-0.04091045063 -0.04547934734 0)
(0.06318052062 -0.05740353747 0)
(0.02702091577 -0.04485810462 0)
(-0.05554734557 0.01021096549 0)
(-0.05765319249 0.009480081813 0)
(-0.05751247174 0.01157579335 0)
(-0.0595093577 0.01088348808 0)
(-0.05947094288 0.005700602313 0)
(-0.05493014013 0.01383173995 0)
(-0.05405336229 0.0160810516 0)
(-0.05556743907 0.01799854725 0)
(-0.05124853623 0.02352339741 0)
(-0.05495880499 0.0204157888 0)
(-0.05723717952 0.01961074675 0)
(-0.0564020388 0.01596151321 0)
(-0.05022822573 0.02587290537 0)
(-0.0514035413 0.02795208044 0)
(-0.05246232175 0.02138547082 0)
(-0.05462146781 0.02234210221 0)
(-0.05250006225 0.02575714695 0)
(-0.0539823262 0.02801350742 0)
(-0.05722060917 0.005578131371 0)
(0.09351818402 -0.02382329927 0)
(0.09266454158 -0.03017955935 0)
(-0.01597769675 -0.05169360709 0)
(0.09220401267 -0.02178904026 0)
(0.08978156726 -0.02197387564 0)
(0.05614207838 -0.02416971456 0)
(0.05400674868 -0.02848563171 0)
(0.05321571696 -0.03480771788 0)
(-0.007353678277 -0.06800444619 0)
(-0.007082716632 -0.07216577406 0)
(-0.00814850771 -0.07432465774 0)
(0.05932393751 0.001110042268 0)
(0.06600522431 -0.008901121075 0)
(0.05214993624 -0.03696660709 0)
(0.0502888876 -0.04544555775 0)
(-0.012429767 -0.06415620051 0)
(0.05242028806 -0.04112769128 0)
(0.07697020512 -0.02908200152 0)
(0.0793727488 -0.02892556199 0)
(0.06867872921 -0.01290600926 0)
(0.06333171952 -0.004896232796 0)
(0.0492234543 -0.04760456256 0)
(0.05375741997 -0.04313029048 0)
(0.06493943308 -0.0110600047 0)
(0.03105839489 -0.04682999177 0)
(0.03240401822 -0.04872271705 0)
(0.05488768257 -0.003398857242 0)
(0.0678838992 -0.0192262206 0)
(0.07456766145 -0.02923844106 0)
(0.04788639054 -0.04560201776 0)
(0.08070950125 -0.03092800608 0)
(0.08177529163 -0.02876912204 0)
(0.07216511777 -0.02939488059 0)
(0.06976257409 -0.02955132013 0)
(0.06869678286 -0.03171020375 0)
(0.06736003042 -0.02970775966 0)
(0.06629423919 -0.03186664329 0)
(0.06495748674 -0.02986419919 0)
(0.03910753604 -0.07751607848 0)
(0.03804174481 -0.07967496211 0)
(0.02201876908 -0.07444982751 0)
(0.02922640011 -0.0739805089 0)
(0.03670499236 -0.07767251802 0)
(0.03563920114 -0.07983140164 0)
(0.03697595358 -0.08183384574 0)
(0.03457340991 -0.08199028527 0)
(0.03591016236 -0.08399272936 0)
(0.03350761868 -0.08414916889 0)
(0.03484437113 -0.08615161299 0)
(0.03217086623 -0.0821467248 0)
(0.031105075 -0.08430560843 0)
(0.02976832255 -0.08230316434 0)
(0.02870253132 -0.08446204796 0)
(0.02736577888 -0.08245960387 0)
(0.02629998765 -0.0846184875 0)
(0.0276367401 -0.08662093159 0)
(0.0249632352 -0.08261604341 0)
(0.02389744397 -0.08477492703 0)
(0.02256069152 -0.08277248294 0)
(0.02149490029 -0.08493136656 0)
(0.02015814784 -0.08292892247 0)
(0.01909235661 -0.0850878061 0)
(0.02042910906 -0.08709025019 0)
(0.01775560417 -0.08308536201 0)
(0.01668981294 -0.08524424563 0)
(0.01535306049 -0.08324180154 0)
(0.01428726926 -0.08540068517 0)
(0.01295051681 -0.08339824107 0)
(0.01188472558 -0.0855571247 0)
(0.01322147803 -0.08755956879 0)
(0.01054797313 -0.08355468061 0)
(0.009482181905 -0.08571356423 0)
(0.008145429456 -0.08371112014 0)
(0.007079638228 -0.08587000377 0)
(0.005742885778 -0.08386755968 0)
(0.00467709455 -0.0860264433 0)
(0.006013846999 -0.08802888739 0)
(0.003340342101 -0.08402399921 0)
(0.006808677007 -0.08170867605 0)
(0.01641885172 -0.08108291792 0)
(0.01161376436 -0.08139579698 0)
(0.0196162254 -0.07460626704 0)
(0.02602902643 -0.08045715978 0)
(0.02095297785 -0.07660871113 0)
(0.03083411378 -0.08014428071 0)
(0.03162894379 -0.07382406937 0)
(0.01855043417 -0.07676515066 0)
(0.02335552153 -0.0764522716 0)
(0.03430244869 -0.07782895755 0)
(0.03831270603 -0.08383628983 0)
(0.03536823991 -0.07567007393 0)
(0.01721368172 -0.07476270657 0)
(0.0161478905 -0.0769215902 0)
(0.01988718662 -0.07876759476 0)
(0.03056315256 -0.075982953 0)
(0.02816060888 -0.07613939253 0)
(0.01481113805 -0.07491914611 0)
(0.01374534682 -0.07707802973 0)
(0.01508209927 -0.07908047382 0)
(0.01267955559 -0.07923691336 0)
(0.01134280314 -0.07723446927 0)
(0.01027701191 -0.07939335289 0)
(0.008940259463 -0.0773909088 0)
(0.003864210887 -0.07354246015 0)
(0.002798419659 -0.07570134378 0)
(0.0003958759814 -0.07585778331 0)
(0.001732628431 -0.0778602274 0)
(-0.0006699152467 -0.07801666694 0)
(0.0006668372025 -0.08001911103 0)
(-0.001735706475 -0.08017555056 0)
(-0.003072458924 -0.07817310647 0)
(-0.004138250152 -0.0803319901 0)
(-0.002801497703 -0.08233443419 0)
(-0.00520404138 -0.08249087372 0)
(-0.00654079383 -0.08048842963 0)
(-0.007606585058 -0.08264731325 0)
(0.004135172108 -0.07770378787 0)
(0.008669298242 -0.07322958108 0)
(0.007874468235 -0.07954979243 0)
(0.02122393907 -0.08077003885 0)
(0.0222897303 -0.07861115522 0)
(0.02469227398 -0.07845471569 0)
(0.03777078359 -0.07551363439 0)
(0.03643403114 -0.0735111903 0)
(0.03883657482 -0.07335475077 0)
(0.03749982237 -0.07135230668 0)
(0.02949736133 -0.07814183662 0)
(0.0284315701 -0.08030072025 0)
(0.07375477778 -0.01675445791 0)
(0.005200963336 -0.07554490424 0)
(0.006266754564 -0.07338602062 0)
(0.06387364185 -0.01321888833 0)
(0.07803599619 -0.02692311782 0)
(0.06656520041 -0.036027971 0)
(0.07749407383 -0.01860046242 0)
(0.07855986501 -0.01644157878 0)
(0.05798638614 0.003114736728 0)
(0.05664795717 0.005115987563 0)
(0.05400588841 -0.009752852504 0)
(0.05158996225 -0.00983975828 0)
(-0.01644728785 -0.05814972829 0)
(0.0644155643 -0.02154154376 0)
(0.0473809583 -0.07488787626 0)
(0.04978244279 -0.07471819415 0)
(0.05665254072 -0.0700674025 0)
(0.05081284029 -0.03496398045 0)
(0.04255781729 -0.05639656083 0)
(0.02281359909 -0.06812961616 0)
(0.06389169551 -0.03202308282 0)
(-0.002006667696 -0.07601422285 0)
(-0.004409211373 -0.07617066238 0)
(0.01720980271 -0.05594663055 0)
(0.0182614193 -0.05379962846 0)
(0.02362648275 -0.08061359931 0)
(-0.01188780584 -0.07247865244 0)
(-0.01295359522 -0.07463753675 0)
(-0.01535613859 -0.0747939764 0)
(-0.02550740098 -0.06709783111 0)
(-0.02791077936 -0.06725351866 0)
(-0.0265738878 -0.06925608808 0)
(-0.0289765474 -0.06941242317 0)
(-0.02763979109 -0.07141487075 0)
(-0.03004235755 -0.07157128976 0)
(-0.01401938615 -0.07679642049 0)
(-0.01642192978 -0.07695286004 0)
(-0.01508517733 -0.07895530413 0)
(-0.017487721 -0.07911174367 0)
(-0.01615096854 -0.08111418776 0)
(-0.01855351222 -0.0812706273 0)
(-0.01721675977 -0.08327307139 0)
(-0.01989026467 -0.07926818321 0)
(-0.02523724677 -0.07125843179 0)
(-0.02630305657 -0.07341729869 0)
(-0.01775868222 -0.07495041595 0)
(-0.03031331917 -0.06740996167 0)
(-0.01374842487 -0.08095774823 0)
(-0.02390051588 -0.07326085646 0)
(-0.0249663107 -0.07541973685 0)
(-0.02283472515 -0.07110197239 0)
(-0.008943337507 -0.08064486916 0)
(-0.01000912874 -0.08280375279 0)
(-0.008672376286 -0.08480619688 0)
(-0.003867288931 -0.08449331781 0)
(-0.01107491996 -0.08496263641 0)
(-0.009738167514 -0.08696508051 0)
(0.002274550873 -0.08618288284 0)
(-0.02256376812 -0.07526329633 0)
(-0.02362956013 -0.07742217925 0)
(-0.0260321042 -0.07757861843 0)
(-0.01961930345 -0.08342951092 0)
(-0.018282551 -0.08543195502 0)
(-0.02068509467 -0.08558839455 0)
(-0.01588000732 -0.08527551548 0)
(-0.01161684248 -0.07663998095 0)
(-0.001464745254 -0.08433687828 0)
(-0.002530536482 -0.0864957619 0)
(-0.004933080159 -0.08665220144 0)
(-0.00359632771 -0.08865464553 0)
(-0.007877546279 -0.07848598554 0)
(-0.01134588119 -0.0808013087 0)
(0.06336782672 -0.04250462188 0)
(0.07135223411 -0.01691089744 0)
(0.04362360852 -0.05423767721 0)
(0.001985575484 -0.06321796708 0)
(0.0526916204 -0.04528917572 0)
(-0.0003989540256 -0.08217799465 0)
(0.002003589652 -0.08202155512 0)
(0.06842582164 -0.02754887603 0)
(0.03294764258 -0.05702231897 0)
(0.08921506399 -0.0324482328 0)
(0.03374218894 -0.05070594988 0)
(0.08228110761 0.0005166110945 0)
(0.07987856393 0.0003601715606 0)
(0.07854181148 0.002362615652 0)
(0.07747602026 0.0002037320267 0)
(0.07613926781 0.002206176118 0)
(0.0788127727 -0.001798712065 0)
(0.07641022903 -0.001955151599 0)
(0.07720505903 0.004365059743 0)
(0.07480251536 0.004208620209 0)
(0.07586830658 0.006367503835 0)
(0.07346576291 0.006211064301 0)
(0.07453155414 0.008369947926 0)
(0.07212901046 0.008213508392 0)
(0.07319480169 0.01037239202 0)
(0.07559734536 0.01052883155 0)
(0.08520752007 0.01115458969 0)
(0.07426059291 0.01253127564 0)
(0.07185804924 0.01237483611 0)
(0.07292384047 0.01453371973 0)
(0.07532638414 0.01469015927 0)
(0.07398963169 0.01669260336 0)
(0.07639217537 0.01684904289 0)
(0.07505542292 0.01885148698 0)
(0.0774579666 0.01900792652 0)
(0.07265287924 0.01869504745 0)
(0.07371867047 0.02085393108 0)
(0.0713161268 0.02069749154 0)
(0.07238191802 0.02285637517 0)
(0.06997937435 0.02269993563 0)
(0.07104516557 0.02485881926 0)
(0.07344770925 0.02501525879 0)
(0.0686426219 0.02470237973 0)
(0.06970841312 0.02686126335 0)
(0.06730586945 0.02670482382 0)
(0.06837166068 0.02886370744 0)
(0.065969117 0.02870726791 0)
(0.06703490823 0.03086615153 0)
(0.0694374519 0.03102259107 0)
(0.06463236455 0.030709712 0)
(0.06569815578 0.03286859562 0)
(0.0632956121 0.03271215609 0)
(0.06436140333 0.03487103972 0)
(0.06195885965 0.03471460018 0)
(0.06302465088 0.03687348381 0)
(0.06542719456 0.03702992334 0)
(0.0606221072 0.03671704427 0)
(0.06168789843 0.0388759279 0)
(0.05928535475 0.03871948836 0)
(0.06035114598 0.04087837199 0)
(0.0579486023 0.04072193246 0)
(0.05901439353 0.04288081608 0)
(0.06141693721 0.04303725562 0)
(0.05661184985 0.04272437655 0)
(0.06757683067 0.0225434961 0)
(0.05554605863 0.04056549292 0)
(0.05420930618 0.04256793701 0)
(0.08761006375 0.01131102922 0)
(0.0862733113 0.01331347331 0)
(0.08867585498 0.01346991285 0)
(0.07052129679 0.0143772802 0)
(0.05821956352 0.03656060474 0)
(0.06490332577 0.02654838428 0)
(0.06222982087 0.03055327247 0)
(0.05314351495 0.04040905339 0)
(0.0518067625 0.04241149748 0)
(0.07772892782 0.0148465988 0)
(0.06945550556 0.01221839658 0)
(0.06811875311 0.01422084067 0)
(0.0828049764 0.01099815015 0)
(0.05074097127 0.04025261385 0)
(0.04940421882 0.04225505795 0)
(0.05047001005 0.04441394157 0)
(0.04806746637 0.04425750204 0)
(0.05207772372 0.03825016976 0)
(0.04700167514 0.04209861841 0)
(0.04566492269 0.0441010625 0)
(0.06705296188 0.01206195704 0)
(0.06571620943 0.01406440113 0)
(0.06678200066 0.01622328476 0)
(0.06437945698 0.01606684522 0)
(0.06544524821 0.01822572885 0)
(0.06304270453 0.01806928932 0)
(0.06410849576 0.02022817294 0)
(0.07239997168 0.004052180676 0)
(0.09001260743 0.01146746876 0)
(0.09107839866 0.01362635238 0)
(0.09241515111 0.01162390829 0)
(0.09348094233 0.01378279191 0)
(0.06838971433 0.01005951295 0)
(0.06170595209 0.02007173341 0)
(0.06277174331 0.02223061703 0)
(0.06036919964 0.0220741775 0)
(0.06143499086 0.02423306112 0)
(0.0590324472 0.0240766216 0)
(0.06009823842 0.02623550522 0)
(0.05769569476 0.0260790657 0)
(0.05876148597 0.02823794931 0)
(0.05635894691 0.02808151285 0)
(0.05742473429 0.03024039391 0)
(0.05502219528 0.03008395853 0)
(0.0560879821 0.03224283835 0)
(0.05368543841 0.03208639986 0)
(0.05475122896 0.03424528204 0)
(0.05235111614 0.03409046526 0)
(0.04968788791 0.0381022135 0)
(0.05849052482 0.03239927708 0)
(0.06064016086 0.01791284978 0)
(0.0646504182 0.01190551751 0)
(0.06784779189 0.01838216838 0)
(0.07774698148 -0.00395759569 0)
(0.04465147795 0.04212233318 0)
(0.04326534116 0.04406314357 0)
(0.04432866394 0.04612326003 0)
(0.04192620254 0.04597011273 0)
(0.04299150875 0.04810959007 0)
(0.04539405892 0.04826628902 0)
(0.04405720902 0.05026483431 0)
(0.04645976894 0.05042192365 0)
(0.04512300296 0.05242382624 0)
(0.04752554709 0.05258028382 0)
(0.04618909163 0.05457804617 0)
(0.05767764108 0.04488326017 0)
(0.04272045703 0.05226729645 0)
(0.04886229961 0.05057784274 0)
(0.04058898527 0.04795395866 0)
(0.0491332576 0.04641638566 0)
(0.05153580128 0.0465728252 0)
(0.03945533316 0.04571051186 0)
(0.04575476102 0.03991160966 0)
(0.03831777207 0.04792010637 0)
(0.03927404713 0.04997386895 0)
(0.03692662608 0.04987275333 0)
(0.03793186481 0.05197092456 0)
(0.03552841616 0.05181358694 0)
(0.03659982371 0.05404597216 0)
(0.03422748439 0.05379551032 0)
(0.03510509149 0.05608210607 0)
(0.03898116045 0.05411328296 0)
(0.03291637883 0.05127846595 0)
(0.03202903348 0.05341288242 0)
(0.03072085568 0.04978643005 0)
(0.05127840157 0.0319413169 0)
(0.06116402964 0.02839438884 0)
(0.06383753454 0.02438950066 0)
(0.05796665596 0.02191773796 0)
(0.07025033557 0.01853860792 0)
(0.05101688664 0.03609459337 0)
(0.04861710262 0.03599919269 0)
(0.06250078209 0.02639194475 0)
(0.08014952515 -0.003801156156 0)
(0.07507347658 4.729249281e-05 0)
(0.07400768535 -0.002111591133 0)
(0.06517428699 0.02238705657 0)
(0.0753444378 -0.004114035223 0)
(0.09134974443 0.009465043532 0)
(0.0937523522 0.00962148621 0)
(0.04091559239 0.04390504838 0)
(0.09509845245 0.007619513645 0)
(0.09615444723 0.009777903731 0)
(0.09856814977 0.009929406843 0)
(0.09722209827 0.01193596462 0)
(0.09962278214 0.01209322689 0)
(0.1011883804 0.009819334262 0)
(0.1019320461 0.01243335391 0)
(0.1007811501 0.01483800541 0)
(0.1041323807 0.01097579176 0)
(0.103937273 0.01515436873 0)
(0.1013031396 0.01871710395 0)
(0.09214418988 0.01578523601 0)
(0.08733910253 0.01547235694 0)
(0.08493655885 0.0153159174 0)
(0.08600235008 0.01747480103 0)
(0.0835998064 0.0173183615 0)
(0.08466559763 0.01947724512 0)
(0.08706814131 0.01963368465 0)
(0.08573138886 0.02163612875 0)
(0.08813393254 0.02179256828 0)
(0.08679718009 0.02379501237 0)
(0.08919972377 0.02395145191 0)
(0.08786297132 0.025953896 0)
(0.09026551499 0.02611033553 0)
(0.08546042764 0.02579745646 0)
(0.08652621887 0.02795634009 0)
(0.08412367519 0.02779990055 0)
(0.08518946642 0.02995878418 0)
(0.08278692274 0.02980234465 0)
(0.08385271397 0.03196122827 0)
(0.08625525765 0.0321176678 0)
(0.08145017029 0.03180478874 0)
(0.08251596152 0.03396367236 0)
(0.08011341784 0.03380723283 0)
(0.08117920907 0.03596611645 0)
(0.07877666539 0.03580967692 0)
(0.07984245662 0.03796856054 0)
(0.0822450003 0.03812500008 0)
(0.07743991294 0.03781212101 0)
(0.07850570417 0.03997100464 0)
(0.07610316049 0.0398145651 0)
(0.07716895172 0.04197344873 0)
(0.07476640804 0.04181700919 0)
(0.07583219927 0.04397589282 0)
(0.07823474295 0.04413233235 0)
(0.0734296556 0.04381945329 0)
(0.08305788396 0.02564101693 0)
(0.07904762661 0.0316483492 0)
(0.07503736927 0.03765568148 0)
(0.07236386437 0.04166056966 0)
(0.07102711192 0.04366301375 0)
(0.09053647621 0.02194900781 0)
(0.06996132069 0.04150413013 0)
(0.06862456824 0.04350657422 0)
(0.06969035947 0.04566545784 0)
(0.04859670927 0.05465654555 0)
(0.0476127275 0.05686001166 0)
(0.06728781579 0.04550901831 0)
(0.06835360702 0.04766790193 0)
(0.0707561507 0.04782434147 0)
(0.06941939825 0.04982678556 0)
(0.07182194192 0.04998322509 0)
(0.07048518948 0.05198566918 0)
(0.07288773315 0.05214210872 0)
(0.0680826458 0.05182922965 0)
(0.06595106334 0.0475114624 0)
(0.09454673356 0.01594167554 0)
(0.07129807314 0.03950168603 0)
(0.09320998111 0.01794411963 0)
(0.08332884518 0.02147968921 0)
(0.07315869437 0.047980781 0)
(0.08253401518 0.01515947787 0)
(0.06755877701 0.04134769059 0)
(0.09561252479 0.01810055916 0)
(0.09427577234 0.02010300326 0)
(0.09667831602 0.02025944279 0)
(0.09534156357 0.02226188688 0)
(0.09775265576 0.02242403306 0)
(0.09080743744 0.0177876801 0)
(0.08119726273 0.01716192196 0)
(0.06488527211 0.04535257877 0)
(0.06354851966 0.04735502287 0)
(0.06461431089 0.04951390649 0)
(0.06221176722 0.04935746696 0)
(0.06327755844 0.05151635058 0)
(0.06087501477 0.05135991105 0)
(0.05980922354 0.04920102742 0)
(0.05847247109 0.05120347151 0)
(0.05953826232 0.05336235514 0)
(0.05713571864 0.05320591561 0)
(0.05606992741 0.05104703198 0)
(0.05473317496 0.05304947607 0)
(0.05366738373 0.05089059245 0)
(0.05500413618 0.04888814836 0)
(0.05233063128 0.05289303654 0)
(0.05340281154 0.05504876605 0)
(0.1060029779 0.01907255721 0)
(0.1027753923 0.02327733359 0)
(0.09689720556 0.01612382167 0)
(0.1024232026 0.006663313985 0)
(0.1071248096 0.007692380122 0)
(0.1089422054 0.01423420482 0)
(0.1171713601 0.01719942591 0)
(0.09989374336 0.007931899174 0)
(0.1012147481 0.003838944126 0)
(0.06889552946 0.0393452465 0)
(0.07023228191 0.03734280241 0)
(0.09293901989 0.02210544735 0)
(0.09400481112 0.02426433097 0)
(0.07263482559 0.03749924194 0)
(0.07156903436 0.03534035832 0)
(0.06916649068 0.03518391878 0)
(0.07397157804 0.03549679785 0)
(0.07290578681 0.03333791423 0)
(0.07530833049 0.03349435376 0)
(0.07424253926 0.03133547013 0)
(0.07664508294 0.03149190967 0)
(0.07557929171 0.02933302604 0)
(0.07317674803 0.02917658651 0)
(0.07798183539 0.02948946558 0)
(0.07691604416 0.02733058195 0)
(0.07931858783 0.02748702149 0)
(0.07825279661 0.02532813786 0)
(0.08065534028 0.02548457739 0)
(0.07958954906 0.02332569377 0)
(0.07718700538 0.02316925424 0)
(0.08038437906 0.02964590511 0)
(0.07637412171 0.03565323739 0)
(0.06568010212 0.05167279012 0)
(0.09160226744 0.02410789144 0)
(0.09266805867 0.02626677506 0)
(0.09507060235 0.0264232146 0)
(0.09374443241 0.02843272315 0)
(0.09613639358 0.02858209822 0)
(0.09133306997 0.02827039657 0)
(0.09240973767 0.03043654089 0)
(0.08999695443 0.03027326583 0)
(0.09106314527 0.03243318488 0)
(0.09346288868 0.03258698641 0)
(0.08865842048 0.03227461217 0)
(0.08972445591 0.03443447933 0)
(0.08732129596 0.03427688363 0)
(0.08838702518 0.03643573848 0)
(0.09077455825 0.03660068795 0)
(0.08598429642 0.03627899552 0)
(0.0870501185 0.03843792972 0)
(0.08464754912 0.03828144804 0)
(0.0857133412 0.04044033307 0)
(0.08811588502 0.04059677284 0)
(0.08331079247 0.04028388526 0)
(0.08437658391 0.04244276923 0)
(0.08197403933 0.04228632821 0)
(0.08303983054 0.04444521181 0)
(0.08544237421 0.04460165134 0)
(0.08063728663 0.04428877189 0)
(0.0817030779 0.04644765558 0)
(0.07930053419 0.04629121599 0)
(0.08036632541 0.04845009962 0)
(0.07796378173 0.04829366007 0)
(0.0768979905 0.04613477645 0)
(0.07556123805 0.04813722054 0)
(0.08090824805 0.0401274445 0)
(0.08491854638 0.03412016726 0)
(0.08892945661 0.02811324295 0)
(0.06089306844 0.03255571657 0)
(0.07106321923 0.006054624767 0)
(0.06999742883 0.003895741906 0)
(0.06866067652 0.005898186125 0)
(0.07133418064 0.001893297226 0)
(0.04832306629 0.04010138394 0)
(0.06918454434 0.01637972429 0)
(0.06409044211 0.03903236743 0)
(0.06275368966 0.04103481152 0)
(0.01293246315 -0.06459404658 0)
(0.06624007822 0.02454594019 0)
(0.06734197676 -0.01090356517 0)
(0.06972646694 0.008057069007 0)
(0.06732393567 0.0079006411 0)
(-0.02310449077 -0.06694172826 0)
(-0.02070256441 -0.06678474173 0)
(-0.0196373571 -0.06462531643 0)
(-0.01936631667 -0.06878672745 0)
(0.06092873937 -0.06143830246 0)
(0.05294249028 -0.03064527104 0)
(0.08683328736 -0.01381337604 0)
(0.08789907859 -0.01165449232 0)
(0.09030162226 -0.01149805277 0)
(0.08896486986 -0.009495609362 0)
(0.09136741184 -0.009339166454 0)
(0.0900306608 -0.007336725175 0)
(0.09243320275 -0.007180282286 0)
(0.09109645193 -0.005177841365 0)
(0.09349916066 -0.005021291585 0)
(0.09216227092 -0.003018939863 0)
(0.08656232617 -0.009652048786 0)
(0.08549653494 -0.0118109323 0)
(0.05341570712 0.03624854749 0)
(0.07209290315 0.04582189738 0)
(0.0460261522 -0.05408123767 0)
(0.04709194342 -0.05192235405 0)
(0.09028434691 0.007306179223 0)
(0.0604233606 -0.03433840598 0)
(-0.0209560559 -0.08142706683 0)
(0.03480799311 -0.04854863143 0)
(0.04228685607 -0.05223523312 0)
(0.06306075979 -0.0007349037124 0)
(0.06065882345 -0.000891389324 0)
(0.009211220684 -0.08155223652 0)
(0.005471924557 -0.07970623196 0)
(0.06625816682 0.00574177824 0)
(0.05957186972 0.01575588948 0)
(0.06197654621 0.0159109429 0)
(0.08255206883 -0.003644716622 0)
(0.05110220077 -0.05792968632 0)
(0.05003640954 -0.06008856995 0)
(0.06891358312 0.02054105201 0)
(0.04548416594 -0.04575856142 0)
(-0.0009408764678 -0.07385533922 0)
(0.06681810797 -0.02138510423 0)
(0.05457053568 -0.05561436316 0)
(0.03963140483 -0.06703453943 0)
(0.08444879738 -0.03277401064 0)
(0.08551458869 -0.03061513036 0)
(0.0831120448 -0.03077156704 0)
(0.0977517714 -0.01513242624 0)
(0.04378659752 0.05442082936 0)
(0.07908373393 -0.005960039781 0)
(0.07668119025 -0.006116479314 0)
(0.07561539902 -0.008275362939 0)
(0.0505602664 -0.04960702685 0)
(0.01132474948 -0.05843027477 0)
(0.09187322866 0.01994656372 0)
(0.04138691006 0.05422049742 0)
(0.07079225804 0.01021595251 0)
(0.004930002115 -0.07138357653 0)
(0.04898735608 -0.08104491472 0)
(0.06255494306 -0.03002063873 0)
(0.04949448511 -0.05176591384 0)
(0.09270411252 -0.01134151014 0)
(0.08226305395 0.01932080559 0)
(0.04550228341 -0.06456277673 0)
(0.04790482709 -0.0644063372 0)
(0.04924157954 -0.06640878129 0)
(0.03269473502 -0.07166518574 0)
(-0.02149797721 -0.07310441241 0)
(-0.02016122589 -0.07510685549 0)
(-0.02043217278 -0.07094554267 0)
(0.1001973244 -0.0004114584946 0)
(-0.01376657622 -0.06215356146 0)
(0.06038802005 0.003270073194 0)
(0.08173918517 0.008839266528 0)
(0.08040243272 0.01084171062 0)
(0.07933664149 0.008682826994 0)
(-0.01270078865 -0.05999493186 0)
(0.08096240868 -0.01628513924 0)
(0.04445548994 -0.08552633144 0)
(0.04338985606 -0.0876852945 0)
(0.04472953721 -0.08973232707 0)
(0.04205234309 -0.08568246649 0)
(0.04098645133 -0.08784129936 0)
(0.09163837475 -0.01350049755 0)
(0.06651103944 0.02038461247 0)
(0.03108702135 -0.06550141394 0)
(0.07538054511 -0.04172242421 0)
(0.07431475388 -0.04388130783 0)
(0.07671729756 -0.0437248683 0)
(0.07565150633 -0.04588375192 0)
(0.07805405001 -0.04572731239 0)
(0.07324896265 -0.04604019146 0)
(0.0745857151 -0.04804263555 0)
(0.07211010937 -0.04830116742 0)
(0.07338598422 -0.05040510239 0)
(0.07590014428 -0.05007901018 0)
(0.07083424197 -0.04621364638 0)
(0.07911984124 -0.04356842877 0)
(0.08045659369 -0.04557087286 0)
(0.08152238492 -0.04341198923 0)
(0.08290310779 -0.04545321381 0)
(0.0839052388 -0.04324867485 0)
(0.08526168104 -0.04525799379 0)
(0.06978062775 -0.04835551462 0)
(0.072278224 -0.05276475762 0)
(0.07374917388 -0.05467681838 0)
(0.07478468343 -0.05239154814 0)
(0.07727292743 -0.05210386484 0)
(0.0818303213 -0.04761659099 0)
(0.07832346352 -0.04989334018 0)
(0.07984565216 -0.05189966564 0)
(0.07613535418 -0.05437607653 0)
(0.07515408418 -0.05660992829 0)
(0.07766939843 -0.05608990806 0)
(0.07064354557 -0.05057379743 0)
(0.07278623031 -0.05697369301 0)
(0.07424563314 -0.05885888249 0)
(0.0718878783 -0.05922805064 0)
(0.07341584445 -0.06111921875 0)
(0.07601851642 -0.0607203188 0)
(0.07103751694 -0.06149468375 0)
(0.07256454409 -0.06337382307 0)
(0.07017371068 -0.06373533768 0)
(0.07170563794 -0.06562143299 0)
(0.0741131591 -0.06522063921 0)
(0.06932674456 -0.06600189073 0)
(0.07085006219 -0.06787377953 0)
(0.06845117551 -0.06823301947 0)
(0.06999430441 -0.0701255533 0)
(0.07237129366 -0.0697426544 0)
(0.06758670668 -0.07048229728 0)
(0.06917012755 -0.07239381003 0)
(0.06669285572 -0.07276524732 0)
(0.06829649748 -0.0747119604 0)
(0.07089849262 -0.07433284079 0)
(0.06575577253 -0.07503191128 0)
(0.06736497819 -0.07724023782 0)
(0.06509829671 -0.07080425993 0)
(0.06687412053 -0.06631608234 0)
(0.06328796222 -0.07526216245 0)
(0.06861744355 -0.06182109146 0)
(0.06844175819 -0.04635586317 0)
(0.06950728417 -0.04419748824 0)
(0.07698722315 -0.04788787199 0)
(0.08258489451 -0.0412519598 0)
(0.08018508553 -0.04140935417 0)
(0.04095010362 -0.05023278903 0)
(0.05877099775 -0.06574315553 0)
(0.07778299763 -0.04156595285 0)
(-0.01241167241 -0.08296019232 0)
(-0.01347746364 -0.08511907595 0)
(0.08681523374 0.004990817879 0)
(0.03323665746 -0.07998784118 0)
(0.03616306992 -0.06934986259 0)
(0.04656807464 -0.06240389311 0)
(0.03189990501 -0.07798539709 0)
(-0.01481421609 -0.08311663186 0)
(-0.01454325487 -0.08727795957 0)
(-0.01214071119 -0.08712152004 0)
(-0.01320650242 -0.08928040366 0)
(0.04817578831 -0.06856766492 0)
(0.04871067046 -0.07687969071 0)
(0.08229915744 -0.01828758151 0)
(0.05641246811 -0.02833076012 0)
(0.08869390852 -0.005334281428 0)
(0.08975970434 -0.003175394756 0)
(0.05989949182 -0.04481994504 0)
(0.04178104094 -0.08152096667 0)
(0.07162319532 -0.02107222516 0)
(0.02682385643 -0.07413694844 0)
(0.01882139539 -0.08092647838 0)
(0.05688281107 0.03856304883 0)
(0.05715377254 0.03440172135 0)
(0.05588923447 -0.03881261276 0)
(-0.002818880386 -0.06354054426 0)
(0.0908254964 -0.001016510747 0)
(0.0932289746 -0.000860131288 0)
(0.08759262908 0.03011565217 0)
(0.0403179129 0.05211083887 0)
(0.0585446751 -0.02401330122 0)
(0.06893163908 0.001736859641 0)
(0.04655002098 -0.04359969862 0)
(0.01401630804 -0.08123935745 0)
(0.06224867659 0.01175010002 0)
(0.06358503651 0.009747070555 0)
(0.05800447422 -0.01569149568 0)
(0.01827947295 -0.07260382295 0)
(0.06707101558 -0.006742237413 0)
(0.03428439503 -0.05902476306 0)
(0.07158708802 0.01653616383 0)
(-0.01268263364 -0.0787988646 0)
(0.06974452044 -0.01074712563 0)
(0.07001548166 -0.01490845335 0)
(0.01640079806 -0.06227872342 0)
(0.07964371002 -0.03308688971 0)
(0.04631312908 -0.07704556545 0)
(0.05016713782 -0.02229469852 0)
(-0.02097410955 -0.06262287234 0)
(0.03964955537 -0.08583878283 0)
(0.03858366726 -0.08799761754 0)
(0.03989806848 -0.09001552633 0)
(-0.008690424187 -0.06600210134 0)
(0.07082836532 -0.0273924365 0)
(0.09483593681 -0.007023709954 0)
(0.09481807953 0.01178021437 0)
(-0.02823388803 -0.06328182679 0)
(0.02709481765 -0.07829827615 0)
(0.02120588541 -0.06196584436 0)
(0.08947068499 0.01979012419 0)
(0.08840489376 0.01763124056 0)
(0.05740667986 0.04904458789 0)
(0.05640173731 -0.009546544001 0)
(0.05778690976 0.00725787316 0)
(0.08042048637 -0.007962483873 0)
(0.04416553096 -0.06256033264 0)
(0.05057833199 -0.06841122538 0)
(0.07370061682 0.03965812557 0)
(-0.0169638522 -0.06863020462 0)
(0.05377570567 -0.06193457451 0)
(0.08894701 0.009308594639 0)
(0.08439463641 0.02363857284 0)
(0.1006139441 -0.004495654136 0)
(0.07449544682 0.04597833691 0)
(0.007550428394 -0.05679251958 0)
(0.05287255373 0.04457038111 0)
(-0.02924753181 -0.06525107457 0)
(-0.03165007549 -0.0654075141 0)
(0.07962565632 -0.01428269519 0)
(0.08842294801 -0.001172953509 0)
(0.06701685457 0.04967034603 0)
(0.06598725338 0.00990315976 0)
(0.06622202456 0.04335013468 0)
(0.03244182745 -0.08630805252 0)
(0.03377704983 -0.08828699826 0)
(0.03137445956 -0.08844272225 0)
(0.03277997366 -0.0903777277 0)
(0.06362073429 -0.0278617551 0)
(0.005724832122 -0.06506336518 0)
(0.08150432092 -0.02460778964 0)
(0.055073404 -0.02632717477 0)
(0.08974164621 0.01562879647 0)
(0.03935721867 -0.04408023177 0)
(0.07137028776 -0.03571509193 0)
(0.08844149858 -0.01997598867 0)
(0.04165835335 0.05011339789 0)
(-0.0217686255 -0.06894337262 0)
(-0.01802962898 -0.07078910418 0)
(0.03535018626 -0.05686587944 0)
(0.07960760271 0.004521499277 0)
(0.06176011305 -0.03634085007 0)
(0.02442131276 -0.07429338797 0)
(0.027076764 -0.05949408166 0)
(0.02520898117 -0.04929796977 0)
(0.05460010824 -0.07435851185 0)
(0.07669924354 -0.02492067363 0)
(0.0542811264 -0.0326486455 0)
(0.04494230731 -0.03743592681 0)
(0.02761868644 -0.0678167371 0)
(0.04673081245 0.04626388817 0)
(0.03802369116 -0.06087076762 0)
(0.09456626789 -0.002862328093 0)
(-0.007624418642 -0.06384650031 0)
(0.06740963567 -0.04838615026 0)
(0.08387076762 0.01315703378 0)
(0.07827085026 0.006523943369 0)
(-0.006726076358 -0.0576256656 0)
(0.02283165274 -0.08693381066 0)
(0.02176586151 -0.08909269428 0)
(0.07884877367 -0.03940706392 0)
(0.002546509825 -0.05676601789 0)
(0.09587518149 0.01394335652 0)
(0.07377283144 -0.0355586524 0)
(0.07294189414 -0.004270474739 0)
(0.07666313659 0.01268771518 0)
(-0.0001460464607 -0.06753512788 0)
(0.0625368894 -0.01121644424 0)
(0.06356657332 0.02855082837 0)
(0.00679062335 -0.06290448156 0)
(0.02200071542 -0.05564563301 0)
(-0.01404162936 -0.05799477249 0)
(0.05933980088 -0.01769323589 0)
(0.0552750974 0.04472682064 0)
(-0.007335623837 -0.08680864097 0)
(0.02841351645 -0.06149652575 0)
(0.07241802533 -0.01475201382 0)
(0.01186667193 -0.06675293021 0)
(0.02523419642 -0.08677737112 0)
(0.02657094543 -0.08877976237 0)
(0.02897190754 -0.08859903373 0)
(0.02799156803 -0.09074935042 0)
(0.02063510779 -0.05376596572 0)
(0.08365342043 -0.03909403101 0)
(0.05955631603 0.0345581607 0)
(0.04779654106 0.04842026642 0)
(0.009978353279 -0.05661058951 0)
(0.05982727734 0.03039683303 0)
(0.03003928377 -0.08646449205 0)
(0.0412391185 -0.07319831123 0)
(0.06114597599 0.04719858333 0)
(0.07722311266 -0.01443913473 0)
(0.0793920247 -0.04774104201 0)
(-0.01882447345 -0.07710929958 0)
(-0.01109298739 -0.06615858614 0)
(0.0943015331 0.001298909295 0)
(0.07693409781 0.00852638746 0)
(0.05164412321 -0.06625234176 0)
(-0.01909542968 -0.07294797717 0)
(0.04230490973 -0.07103942761 0)
(0.027871594 -0.05317387032 0)
(0.08146822395 0.01300059424 0)
(0.06096528305 -0.04266106141 0)
(0.0169427205 -0.07060137886 0)
(-0.02417106283 -0.06909990404 0)
(0.06092926546 -0.005052612527 0)
(0.06282590428 -0.03418196644 0)
(0.06522844796 -0.03402552691 0)
(0.06548135552 -0.01938266014 0)
(-0.006269832609 -0.08464975735 0)
(0.04763386587 -0.06024500948 0)
(0.0849597819 -0.04108195921 0)
(0.08735201189 -0.04078503427 0)
(0.0809263015 0.02132324968 0)
(0.05137316199 -0.06209101404 0)
(0.05243895322 -0.05993213041 0)
(0.05030737077 -0.06424989766 0)
(0.07190978365 -0.04404113349 0)
(0.03296569624 -0.07582651346 0)
(0.07373672416 0.002049736613 0)
(0.07267093299 -0.0001091469587 0)
(0.007332545793 -0.07122713699 0)
(0.01748464294 -0.07892403429 0)
(0.02653671624 -0.05119383553 0)
(-0.0166928889 -0.07279153544 0)
(0.09055485949 0.003144829494 0)
(-0.0105510518 -0.07448109712 0)
(0.08358176047 0.03612256662 0)
(0.04580961367 -0.03115520846 0)
(0.04897061832 -0.06224745357 0)
(0.04071532268 -0.08367988713 0)
(0.03470860499 0.04950058574 0)
(0.05108199007 -0.03912446379 0)
(-0.01028008997 -0.07864242507 0)
(0.05019905535 0.04857553029 0)
(0.03937850942 -0.08167741234 0)
(0.07957149545 0.04212988835 0)
(0.08172113151 0.02764346102 0)
(0.03988431239 -0.05239167265 0)
(0.03403148747 -0.07366762984 0)
(0.07771087416 0.03365079329 0)
(0.03781050742 -0.04173176112 0)
(0.09810190609 0.01833760068 0)
(-0.005475002602 -0.078329546 0)
(0.07028644288 -0.01906978107 0)
(0.0257580652 -0.07629583206 0)
(0.0884516501 -0.03875567689 0)
(0.08977966048 -0.04063853865 0)
(0.09219835085 -0.04062734747 0)
(0.09120257634 -0.04273133066 0)
(-0.02229280823 -0.07942462284 0)
(0.07037215135 -0.05732647648 0)
(0.06763099164 -0.03386908738 0)
(0.05693856549 -0.01785032129 0)
(0.05448047256 0.03840674627 0)
(0.03724693095 -0.0859951816 0)
(0.0918927793 0.001142379884 0)
(0.08121531638 -0.001642272531 0)
(0.07615732142 -0.01659801835 0)
(0.07003353531 -0.03371264784 0)
(0.07799988904 0.01068527109 0)
(0.06817251702 -0.04219229303 0)
(0.07057501507 -0.04203591873 0)
(0.07906568027 0.01284415471 0)
(0.0633137878 0.01390843813 0)
(0.02416840118 -0.0889361931 0)
(0.02310279299 -0.09109506333 0)
(0.03509727869 -0.07150874621 0)
(0.03455535625 -0.06318609078 0)
(0.003322295026 -0.06521990579 0)
(0.03990236605 -0.07119586714 0)
(-0.001482647592 -0.06553500767 0)
(0.08199209273 0.0234821333 0)
(0.0801314715 0.01500303834 0)
(0.08921777742 0.005147257413 0)
(0.0009198171541 -0.06537735594 0)
(0.09823963474 0.01422386154 0)
(0.03215281257 -0.06334253031 0)
(0.05720785723 -0.02201082482 0)
(0.0297502689 -0.06349896985 0)
(0.05350474445 -0.05777324679 0)
(0.05590728813 -0.05761680726 0)
(0.03617897527 -0.08812738489 0)
(0.03562114748 -0.06102720715 0)
(-0.005745963918 -0.07416821825 0)
(0.05587369884 -0.02000966136 0)
(0.07160514182 -0.002268030529 0)
(0.08043853714 -0.02676667694 0)
(0.0385656136 -0.06919342305 0)
(0.01560596805 -0.06859893477 0)
(0.02628193399 -0.065814293 0)
(0.08417783616 -0.02861268292 0)
(0.00306938088 -0.07986267149 0)
(0.07879471905 0.01700548243 0)
(-0.0001279928046 -0.08633932237 0)
(0.02014009419 -0.06412472798 0)
(0.06710621915 -0.04435169055 0)
(0.02868447767 -0.06565785347 0)
(-0.006287776697 -0.06584724957 0)
(0.0742244856 0.05013966463 0)
(0.07529027683 0.05229854825 0)
(0.07395352438 0.05430099234 0)
(0.06674589335 0.05383167374 0)
(0.07635606806 0.05445743188 0)
(0.07902957296 0.0504525437 0)
(0.08143211664 0.05060898323 0)
(0.06434334967 0.05367523421 0)
(0.0715509807 0.05414455281 0)
(0.06194080599 0.05351879467 0)
(0.06060405354 0.05552123877 0)
(0.07501931561 0.05645987597 0)
(0.06300659722 0.0556776783 0)
(0.06914843703 0.05398811328 0)
(0.05820150987 0.05536479923 0)
(0.0592673011 0.05752368286 0)
(0.05580003103 0.05520783401 0)
(0.07662702928 0.05029610416 0)
(0.07769282051 0.05245498779 0)
(0.05348622902 -0.03896884 0)
(0.0558172593 0.03640432512 0)
(0.07986051028 0.01916436605 0)
(0.05697393391 -0.05545834551 0)
(-0.003885115217 -0.06569261587 0)
(0.0009377984236 -0.08418043874 0)
(0.001208759645 -0.08834176646 0)
(-0.02122701675 -0.07726573945 0)
(0.05804123599 -0.05330020775 0)
(0.02387939031 -0.06597073254 0)
(-0.006016925445 -0.07000689042 0)
(0.0619951735 -0.002893726012 0)
(0.01773755051 -0.06428116751 0)
(0.05776811464 -0.04913781363 0)
(0.05670275186 -0.05129690877 0)
(0.02147684664 -0.06612717207 0)
(0.08791066247 -0.03045654555 0)
(0.004406133329 -0.08186511559 0)
(0.06017042567 -0.04898125924 0)
(0.01533500683 -0.06443760705 0)
(0.06230191249 -0.04466344478 0)
(0.06123576084 -0.04682215047 0)
(0.06470419744 -0.04450712922 0)
(0.0142692156 -0.06659649067 0)
(0.06573426319 -0.004739793263 0)
(-0.05862326649 -0.008644578844 0)
(-0.06102636903 -0.008511215441 0)
(-0.06234338469 -0.01052654164 0)
(-0.0618377231 0.001664986973 0)
(-0.0630671415 0.003691751875 0)
(0.01587692927 -0.07276026248 0)
(0.0134743856 -0.07291670202 0)
(0.006537715786 -0.07754734833 0)
(0.01240859437 -0.07507558564 0)
(0.01000605069 -0.07523202518 0)
(-0.009214298882 -0.07648354139 0)
(0.007603507014 -0.07538846471 0)
(-0.006811755127 -0.07632710188 0)
(0.07612121415 0.02101037061 0)
(0.07852375783 0.02116681014 0)
(-0.06125644899 -0.01267479072 0)
(-0.06366050035 -0.01254189774 0)
(0.06810069945 0.03302503516 0)
(0.07050324313 0.03318147469 0)
(0.0721109568 0.02701770288 0)
(-0.05970999034 -0.006496855565 0)
(-0.06211318265 -0.006362952383 0)
(-0.06343021801 -0.008378190641 0)
(-0.06451699303 -0.00622979866 0)
(-0.06583410898 -0.008245145301 0)
(-0.06319983151 -0.004214410579 0)
(-0.06560376199 -0.004081385957 0)
(-0.0643334689 -0.002128424669 0)
(-0.06674302691 -0.001965990616 0)
(-0.06436225181 0.00183615648 0)
(-0.06547357189 0.003820374447 0)
(-0.06190992921 -0.002285364646 0)
(-0.06081662916 -0.004370744779 0)
(0.07585025293 0.02517169833 0)
(0.07451350048 0.02717414242 0)
(0.0747844617 0.0230128147 0)
(0.06676394701 0.03502747925 0)
(0.06782973823 0.03718636288 0)
(0.07183999558 0.0311790306 0)
(0.07077420435 0.02902014698 0)
(0.06248272844 0.04519613924 0)
(-0.04113899736 -0.05411347948 0)
(-0.04311356333 -0.05560041677 0)
(-0.03791678963 -0.06142405753 0)
(-0.03752742451 -0.06380000389 0)
(-0.03977973689 -0.06294921883 0)
(-0.03939037788 -0.06532515774 0)
(-0.0416426838 -0.06447438055 0)
(-0.04125332408 -0.06685032033 0)
(-0.04350562815 -0.0659995454 0)
(-0.0390010203 -0.06770109491 0)
(-0.04389498772 -0.06362360581 0)
(-0.03273558537 -0.06741482032 0)
(-0.0383273262 -0.05910420949 0)
(-0.0389465446 -0.05475096299 0)
(-0.03709893472 -0.05318189481 0)
(-0.03538611794 -0.06467939926 0)
(-0.03150152138 -0.06948981063 0)
(-0.0324449055 -0.07172772544 0)
(-0.03110815233 -0.07373017018 0)
(-0.03346049176 -0.07391139416 0)
(-0.03216557666 -0.07589318412 0)
(-0.03453384936 -0.07602836499 0)
(-0.03602963909 -0.07372149404 0)
(-0.03691796626 -0.07609132644 0)
(-0.04086396485 -0.06922625951 0)
(-0.03861166116 -0.07007703398 0)
(-0.02977000588 -0.07573330223 0)
(-0.03083556477 -0.07789230051 0)
(-0.03676455031 -0.06855446369 0)
(-0.03642062426 -0.07100812184 0)
(-0.03822230175 -0.07245297338 0)
(-0.03419916856 -0.0696100127 0)
(-0.04203204301 -0.0620984414 0)
(-0.04428434719 -0.06124766634 0)
(-0.04244990725 -0.0597979624 0)
(-0.04469086319 -0.05891714581 0)
(-0.0464730932 -0.06039357737 0)
(-0.02843451704 -0.07773512245 0)
(-0.02950014635 -0.07989408601 0)
(-0.03198539516 -0.08008799654 0)
(-0.03057991712 -0.08205911836 0)
(-0.03298231879 -0.08247609067 0)
(-0.02816591917 -0.08189745844 0)
(-0.02335859955 -0.08158350638 0)
(-0.02202184712 -0.08358595046 0)
(-0.02308763835 -0.08574483408 0)
(-0.0217508859 -0.08774727818 0)
(-0.02415342958 -0.08790371771 0)
(-0.02281667713 -0.0899061618 0)
(-0.02923213128 -0.08405649679 0)
(-0.02682693448 -0.08389882953 0)
(-0.02789316789 -0.08605791777 0)
(-0.01934834222 -0.08759083864 0)
(-0.01694579855 -0.08743439911 0)
(-0.0332397355 -0.07804793679 0)
(-0.03715154865 -0.06617877285 0)
(-0.02870537006 -0.07357385095 0)
(-0.02576151529 -0.08174012474 0)
(-0.04532266374 -0.05487482636 0)
(-0.02736856074 -0.0755763216 0)
(-0.04017737697 -0.06059520431 0)
(-0.04057264189 -0.05841134505 0)
(-0.02709825901 -0.07973774539 0)
(-0.02549025573 -0.08590130772 0)
(-0.02442446509 -0.08374242549 0)
(-0.0246954744 -0.07958113284 0)
(0.06515623334 0.04119125106 0)
(0.06649298578 0.03918880697 0)
(0.06008018476 0.04503969971 0)
(0.06381948089 0.04319369515 0)
(0.05347337174 -0.02016719516 0)
(0.05124806087 -0.02018985231 0)
(0.05874343231 0.0470421438 0)
(0.05634088863 0.04688570426 0)
(0.05393834496 0.04672926473 0)
(0.05260159359 0.04873175232 0)
(0.04992898436 0.05272289036 0)
(0.05126499132 0.05073194078 0)
(0.05930340841 0.01991529387 0)
(0.05823470509 0.01775972546 0)
(0.05100770141 0.05479400975 0)
(-0.04445283672 -0.04873150846 0)
(-0.04674798056 -0.04801064773 0)
(-0.06016941302 -0.01482291188 0)
(-0.03316667067 -0.06339152788 0)
(-0.04497278516 -0.04639642708 0)
(-0.0472641126 -0.04566140508 0)
(-0.04904256809 -0.04728293611 0)
(-0.05818653097 -0.02992320458 0)
(-0.06040422631 -0.02888975731 0)
(-0.04955805212 -0.04493123361 0)
(-0.051337015 -0.04655338224 0)
(-0.05185238943 -0.04420154633 0)
(-0.05363143273 -0.04582379284 0)
(-0.04777902377 -0.04330900529 0)
(-0.05082161553 -0.04890518767 0)
(-0.04544338677 -0.04404455003 0)
(-0.04599542743 -0.04175439822 0)
(-0.04834818499 -0.04110079008 0)
(-0.0500823577 -0.04260329392 0)
(-0.05236927411 -0.04185371956 0)
(-0.05202481242 -0.03460725654 0)
(-0.05379212243 -0.03310733838 0)
(-0.05422918913 -0.03527848847 0)
(-0.05609194584 -0.0337664529 0)
(-0.05633901457 -0.03637320225 0)
(-0.05834844495 -0.03459727003 0)
(-0.05886332063 -0.03689122326 0)
(-0.06064777784 -0.03538201676 0)
(-0.06115721286 -0.03765809273 0)
(-0.05931589109 -0.03953561501 0)
(-0.05242218324 -0.03681640216 0)
(-0.06018132298 -0.03121544885 0)
(-0.06237527006 -0.03026219904 0)
(-0.05557764742 -0.03116215869 0)
(-0.05059780028 -0.04043726927 0)
(-0.05291324712 -0.03918953952 0)
(-0.05466746664 -0.04106941855 0)
(-0.0554104061 -0.03874218718 0)
(-0.05695663138 -0.04039057064 0)
(-0.05644212318 -0.04273393836 0)
(-0.06165572329 -0.03998143841 0)
(-0.05867143098 -0.04203464021 0)
(-0.04852714462 -0.0496343487 0)
(-0.05030622116 -0.0512569387 0)
(-0.05260065701 -0.05052742186 0)
(-0.05208527064 -0.05287924156 0)
(-0.05437970224 -0.05214968083 0)
(-0.05386431623 -0.05450150069 0)
(-0.05615874692 -0.05377192871 0)
(-0.05676424963 -0.05134738625 0)
(-0.0584531775 -0.05304235527 0)
(-0.05820972902 -0.04436686875 0)
(-0.05156988566 -0.05523107413 0)
(-0.05334893052 -0.05685332412 0)
(-0.05077359186 -0.05778789065 0)
(-0.05283354475 -0.05920514695 0)
(-0.05512797528 -0.05847557302 0)
(-0.05458464945 -0.0608212723 0)
(-0.05681666987 -0.06007334779 0)
(-0.05236771519 -0.0615678289 0)
(-0.04575793197 -0.06514877077 0)
(-0.04536857246 -0.06752471028 0)
(-0.04753930564 -0.06677357181 0)
(-0.04721792161 -0.06906648127 0)
(-0.04948382046 -0.06819910071 0)
(-0.0490921951 -0.07057780791 0)
(-0.04683951371 -0.07142904372 0)
(-0.04870428321 -0.0729519792 0)
(-0.0539379352 -0.06314431462 0)
(-0.04801023574 -0.0642979962 0)
(-0.04921527512 -0.05580246 0)
(-0.05186173544 -0.06392171222 0)
(-0.053430169 -0.06549780645 0)
(-0.04686791136 -0.05815650863 0)
(-0.04881968412 -0.05974288468 0)
(-0.04998524044 -0.06230473019 0)
(-0.0514868631 -0.06607626905 0)
(-0.0530239051 -0.0680306191 0)
(-0.05535924596 -0.06699249538 0)
(-0.05134676469 -0.06972426571 0)
(-0.05592424638 -0.04509317769 0)
(-0.0576646883 -0.04668603743 0)
(-0.05991057479 -0.0458322672 0)
(-0.05311604704 -0.04817561336 0)
(-0.05540350352 -0.04744079418 0)
(-0.05724860349 -0.04894687547 0)
(-0.06033139295 -0.0435568618 0)
(-0.06234024272 -0.04508057542 0)
(-0.04497650654 -0.06990395561 0)
(-0.04458985346 -0.0722765893 0)
(-0.04311581755 -0.06837603591 0)
(-0.04272638294 -0.07075206717 0)
(-0.042337462 -0.07312747098 0)
(-0.04607028131 -0.06276139467 0)
(-0.05564336108 -0.05612375053 0)
(-0.05727837357 -0.05771365654 0)
(-0.05916739752 -0.05917551411 0)
(-0.04047450311 -0.0716023239 0)
(-0.05778481237 -0.05536052293 0)
(-0.06019083206 -0.05485649037 0)
(-0.04013076084 -0.0739225433 0)
(-0.0419557614 -0.07549405537 0)
(-0.03938189265 -0.07635550187 0)
(-0.04150776026 -0.07787793888 0)
(-0.03930652695 -0.07873001741 0)
(-0.04116095944 -0.08025496507 0)
(-0.0442017412 -0.07465100535 0)
(-0.04380409244 -0.07702645577 0)
(-0.04606247239 -0.07617710448 0)
(-0.04645226765 -0.07380210689 0)
(-0.04831546644 -0.07532701008 0)
(-0.04792617553 -0.07770277572 0)
(-0.04978080993 -0.05358244947 0)
(-0.04749579522 -0.05418290625 0)
(-0.05414681501 -0.04347196648 0)
(-0.05491202075 -0.04977412298 0)
(-0.03757769143 -0.05091251565 0)
(-0.0364326579 -0.05763145418 0)
(-0.05024141608 -0.03607011139 0)
(0.0552933965 0.02592273807 0)
(-0.05416911014 -0.0131349799 0)
(-0.02970988414 -0.05997611273 0)
(-0.02787493453 -0.05843636835 0)
(-0.0452498342 -0.03238550691 0)
(-0.05907981628 -0.01696791062 0)
(-0.06039907546 -0.01898568605 0)
(-0.06070431771 -0.02665439408 0)
(-0.05931332453 -0.02113545876 0)
(-0.06171710537 -0.02100222883 0)
(-0.06280387363 -0.01885380462 0)
(-0.06411468556 -0.02079912953 0)
(-0.06522446239 -0.01870224745 0)
(-0.06631063722 -0.02085011565 0)
(-0.06297984282 -0.02316844084 0)
(-0.06389357885 -0.01670250577 0)
(-0.06631557425 -0.01656196024 0)
(-0.06036755273 -0.02312949095 0)
(0.05556927747 0.02176488805 0)
(0.05663104495 0.02392091181 0)
(-0.06148657895 -0.01683718681 0)
(-0.06257371647 -0.01469030194 0)
(-0.06498157759 -0.01455498133 0)
(-0.06737924223 -0.01430476977 0)
(-0.0685941199 -0.01605432959 0)
(-0.06606472028 -0.01238860503 0)
(-0.06846157553 -0.01213525156 0)
(-0.06474736642 -0.01039015206 0)
(-0.06715017611 -0.01023313886 0)
(-0.06955389851 -0.01009952327 0)
(-0.07080542377 -0.01198000779 0)
(-0.06801645295 -0.003953876877 0)
(-0.06904068368 -0.00183856778 0)
(-0.06692237381 -0.006097685676 0)
(-0.06932656438 -0.005964832442 0)
(-0.0682380642 -0.008112146156 0)
(-0.07064208257 -0.00797465819 0)
(-0.03268123166 -0.05451665953 0)
(0.05261898538 0.02992936411 0)
(-0.06260717721 -0.02790177677 0)
(-0.06456466573 -0.02926440776 0)
(-0.06342593003 -0.03847139394 0)
(-0.06434550833 -0.03165879096 0)
(-0.06653129263 -0.03065000331 0)
(-0.06396603629 -0.04074946717 0)
(-0.06571583908 -0.03923043891 0)
(-0.06622526555 -0.0415166124 0)
(-0.06802112927 -0.03991903991 0)
(-0.066313377 -0.03304752149 0)
(-0.06849886984 -0.03203751229 0)
(-0.06478356624 -0.02686950366 0)
(-0.06722011236 -0.03770931646 0)
(-0.06976707552 -0.03804852045 0)
(-0.06408929774 -0.03399785083 0)
(-0.06836226523 -0.03432003705 0)
(-0.07048000504 -0.0334058828 0)
(-0.0644124593 -0.04316087265 0)
(-0.06670763082 -0.04387178286 0)
(-0.07030991076 -0.04066114581 0)
(-0.07211001847 -0.03906230196 0)
(-0.06488610145 -0.04556354318 0)
(-0.06719002242 -0.04623699698 0)
(-0.06539983907 -0.04782922476 0)
(-0.06767910098 -0.04858105355 0)
(-0.06947830347 -0.04698092832 0)
(-0.06996348697 -0.04933669163 0)
(-0.0658797421 -0.05017751335 0)
(-0.06362156398 -0.04944731128 0)
(-0.06408339796 -0.05177916697 0)
(-0.06187114843 -0.05100536165 0)
(-0.06150839064 -0.0488316653 0)
(-0.05936073505 -0.05055037741 0)
(-0.07024860683 -0.03582285563 0)
(-0.07265090544 -0.03509389232 0)
(-0.06227854325 -0.05337208695 0)
(-0.06456402766 -0.05413259134 0)
(-0.06272108987 -0.05568682923 0)
(-0.0650756617 -0.05647572681 0)
(-0.06102709256 -0.05733421826 0)
(-0.0618050725 -0.05957612431 0)
(-0.06048476679 -0.06149752602 0)
(-0.06283890197 -0.06162672655 0)
(-0.06674964378 -0.02825337283 0)
(-0.07068657957 -0.03102413366 0)
(-0.06696742203 -0.02585547941 0)
(-0.06893474601 -0.02724238979 0)
(-0.0691525446 -0.02484450544 0)
(-0.07112007991 -0.02623192372 0)
(-0.07133791691 -0.02383412602 0)
(-0.07330549384 -0.02522164339 0)
(-0.06950704206 -0.02245899498 0)
(-0.07157854293 -0.02143840474 0)
(-0.06979732719 -0.0201086968 0)
(-0.07184200116 -0.01911322806 0)
(-0.07375639227 -0.02043890073 0)
(-0.0650215247 -0.02454844569 0)
(-0.07090259035 -0.02862912494 0)
(-0.06871728703 -0.0296394228 0)
(-0.07287021458 -0.03001652009 0)
(-0.06222037134 -0.03248351778 0)
(-0.06609557415 -0.03544551235 0)
(-0.06722595202 -0.02316491605 0)
(-0.06850880355 -0.04226773972 0)
(-0.07079432971 -0.04302079843 0)
(-0.07176360415 -0.04773672488 0)
(-0.07224823025 -0.05009494213 0)
(-0.07044812929 -0.05169376203 0)
(-0.06685270155 -0.05488891264 0)
(-0.06733045274 -0.05721786213 0)
(-0.06816364017 -0.05093567633 0)
(-0.06864886149 -0.05329225729 0)
(-0.07127893175 -0.04537886847 0)
(-0.07356377508 -0.04613738477 0)
(-0.07259457624 -0.04142087818 0)
(-0.07442078555 -0.03972497949 0)
(-0.07307918954 -0.04377902383 0)
(-0.06636439061 -0.05253357284 0)
(-0.06899300362 -0.0446261858 0)
(-0.06288003037 -0.02566033058 0)
(-0.06186488922 0.005777714056 0)
(-0.06066265519 0.007863694067 0)
(-0.05690033285 -0.02126314696 0)
(0.05289076644 0.02576457346 0)
(-0.03579139122 -0.04930853439 0)
(-0.05803710557 -0.02332970638 0)
(0.05395642627 0.0279250887 0)
(-0.03529500376 -0.05157401756 0)
(0.05021753697 0.02977080754 0)
(-0.03274844825 -0.04371277098 0)
(0.08737589601 -0.02213498889 0)
(0.08871268661 -0.0241374175 0)
(0.09085001261 -0.01980597137 0)
(0.01679097102 0.05611096892 0)
(0.01866019454 0.0575893499 0)
(0.02088709518 0.05668638692 0)
(0.02055309102 0.05907081949 0)
(0.01832128742 0.05997347354 0)
(0.02021804506 0.06145511877 0)
(0.01798588486 0.062357722 0)
(0.01988340302 0.06383941577 0)
(0.01765131406 0.0647420152 0)
(0.01954897087 0.06622371644 0)
(0.02211541679 0.06293681164 0)
(0.02278432088 0.05816815984 0)
(0.01575361107 0.06326031201 0)
(0.01462778417 0.0570245926 0)
(0.02311428148 0.05578879602 0)
(0.0250154073 0.05726636096 0)
(0.02468166067 0.05964999407 0)
(0.02691363046 0.05874737618 0)
(0.02657939994 0.06113158442 0)
(0.0288114363 0.06022892586 0)
(0.02847712892 0.06261323255 0)
(0.03070917898 0.06171056247 0)
(0.03037485297 0.06409489542 0)
(0.03260689405 0.06319223965 0)
(0.03227257071 0.06557657912 0)
(0.03450461022 0.06467391176 0)
(0.03417030361 0.06705825263 0)
(0.03004050482 0.0664792502 0)
(0.03483892142 0.06228960122 0)
(0.03673663847 0.06377127042 0)
(0.04253966351 0.05628115462 0)
(0.03707094843 0.06138696448 0)
(0.03896866617 0.06286863715 0)
(0.03104348252 0.05932625985 0)
(0.02724792846 0.05636307033 0)
(0.03930297401 0.06048432884 0)
(0.04120069215 0.06196600196 0)
(0.02624508247 0.06351587933 0)
(0.03520150283 0.0599752041 0)
(0.04145307799 0.05968661817 0)
(0.04341906424 0.06108085394 0)
(0.03955741423 0.05826683573 0)
(0.04360614087 0.05854297796 0)
(0.04562494964 0.0602127411 0)
(0.04532152811 0.06255662256 0)
(0.04755434471 0.06165300291 0)
(0.04722531669 0.06403040972 0)
(0.04945835408 0.06312645983 0)
(0.04905683066 0.06549982769 0)
(0.04086638465 0.06435031065 0)
(0.05456361692 0.05716074337 0)
(0.0497928302 0.06074193208 0)
(0.05161162119 0.06221098188 0)
(0.04499417096 0.06493189496 0)
(0.05187392898 0.05976635154 0)
(0.05392956092 0.06126773241 0)
(0.04991338517 0.05834789455 0)
(0.02244998351 0.06055251986 0)
(0.02542750414 0.05479413235 0)
(0.02758235722 0.05397859868 0)
(0.0293551868 0.05553843746 0)
(0.02617654967 0.05194007082 0)
(0.0160878956 0.06087600595 0)
(0.01385579717 0.0617786947 0)
(0.013521511 0.06416292493 0)
(0.01731691688 0.06712631646 0)
(0.01921460302 0.06860801911 0)
(0.01698255936 0.06951061941 0)
(0.01162380616 0.06268122399 0)
(0.01128946924 0.06506551556 0)
(0.009391774114 0.0635838109 0)
(0.009057430927 0.06596811055 0)
(0.007159735809 0.06448640815 0)
(0.006942523627 0.06688713628 0)
(0.02144664118 0.06770541892 0)
(0.01095512547 0.06744981449 0)
(0.007494080821 0.06210210483 0)
(0.005262041204 0.06300470472 0)
(0.005596386301 0.06062040122 0)
(0.003369807922 0.06153650712 0)
(0.002999524036 0.06381601399 0)
(0.001233422551 0.06236968852 0)
(0.0005973794754 0.0647506065 0)
(0.01508486388 0.06802891636 0)
(0.01475051543 0.07041321969 0)
(0.01664821094 0.07189492272 0)
(0.01441617052 0.07279752312 0)
(0.02111229231 0.07008972197 0)
(0.02334433139 0.06918712186 0)
(0.02300998545 0.07157142493 0)
(0.02524205312 0.07066883911 0)
(0.02490770889 0.07305317807 0)
(0.02557637483 0.06828452385 0)
(0.02747406451 0.06976622398 0)
(0.01264349882 0.07133335179 0)
(0.01218413055 0.07370012355 0)
(0.02077794544 0.0724740253 0)
(0.01199110333 0.06037866995 0)
(0.00782842625 0.05971780067 0)
(0.003739692942 0.05925173123 0)
(0.0278084204 0.06738190948 0)
(0.02970615969 0.06886363087 0)
(0.0319382825 0.06796094463 0)
(0.03383614361 0.06944267911 0)
(0.03606814417 0.06853998973 0)
(0.03160409025 0.07034535857 0)
(0.03350193003 0.0718269091 0)
(0.02937196055 0.07124798061 0)
(0.02713981529 0.07215059019 0)
(0.02591072159 0.06590021144 0)
(0.0243473973 0.06203421664 0)
(0.02401304526 0.06441850896 0)
(0.02912490983 0.05785766914 0)
(0.03118092731 0.0570099419 0)
(0.01541922329 0.06564461534 0)
(0.0281427852 0.06499756307 0)
(0.0131871689 0.06654721722 0)
(0.01287365886 0.06893443943 0)
(0.01062585617 0.06988310887 0)
(0.01888025269 0.07099232237 0)
(0.01854590571 0.07337662572 0)
(0.0204436001 0.07485832871 0)
(0.0182115602 0.07576092913 0)
(0.02010925489 0.07724263213 0)
(0.02267564647 0.0739557547 0)
(0.01631386542 0.07427922613 0)
(0.03294591534 0.06081958095 0)
(0.005930731445 0.05823609764 0)
(0.0430963254 0.06345036369 0)
(0.04276410288 0.06583198388 0)
(0.04053208182 0.06673462007 0)
(0.03742492954 0.05911202301 0)
(0.03763020441 0.0565061155 0)
(0.009764621431 0.06129477037 0)
(0.05688183542 0.05735881231 0)
(0.05793339498 0.05952472178 0)
(0.06033356671 0.05968233229 0)
(0.05559838279 0.0592960118 0)
(0.0565937962 0.06152857104 0)
(0.03863435908 0.06525294631 0)
(0.06166992384 0.05768008336 0)
(0.06273572824 0.05983896048 0)
(0.06781168458 0.05599055737 0)
(0.07021422825 0.0561469969 0)
(0.07261677193 0.05630343644 0)
(0.07368256316 0.05846232006 0)
(0.07608510684 0.05861875959 0)
(0.07128001948 0.05830588053 0)
(0.06887747581 0.05814944099 0)
(0.06647493213 0.05799300146 0)
(0.0654091409 0.05583411783 0)
(0.06407239588 0.05783655826 0)
(0.06513819629 0.05999543735 0)
(0.05899689333 0.06168473735 0)
(0.05763376939 0.06367011245 0)
(0.06005792034 0.06384095829 0)
(0.05872037385 0.0658429586 0)
(0.05629178756 0.06566914843 0)
(0.0573826175 0.06784476071 0)
(0.0597893343 0.06800398836 0)
(0.05845311005 0.07000679014 0)
(0.06085643728 0.07016375397 0)
(0.05951990346 0.07216634506 0)
(0.07234581071 0.06046476415 0)
(0.05711739622 0.07200993002 0)
(0.05818343131 0.07416897704 0)
(0.04242979615 0.06821629268 0)
(0.06219332032 0.06816139726 0)
(0.05497990651 0.06768821418 0)
(0.06380144537 0.06199788068 0)
(0.0662039767 0.06215432632 0)
(0.06486722245 0.0641567713 0)
(0.06726976377 0.064313212 0)
(0.06593301062 0.06631565643 0)
(0.04019778912 0.0691189111 0)
(0.04209549124 0.07060059844 0)
(0.04432751422 0.06969796525 0)
(0.04399320671 0.07208227385 0)
(0.04176118106 0.0729849094 0)
(0.04365889854 0.07446658309 0)
(0.04142691246 0.07536922409 0)
(0.04332459764 0.07685089269 0)
(0.04109261255 0.07775353394 0)
(0.02680537117 0.07453492258 0)
(0.04538102703 0.07598454175 0)
(0.05578086359 0.0740125214 0)
(0.05684669145 0.07617142957 0)
(0.05924924124 0.07632787319 0)
(0.05791259076 0.07832880116 0)
(0.0429902925 0.07923520173 0)
(0.04075826725 0.08013783735 0)
(0.0426559791 0.0816195096 0)
(0.04042395247 0.08252214502 0)
(0.03852623415 0.08104047187 0)
(0.0381919297 0.08342481332 0)
(0.0400896429 0.08490645343 0)
(0.03629420775 0.08194311271 0)
(0.05551007516 0.07817211633 0)
(0.04487385406 0.08071488995 0)
(0.06192261417 0.07232289648 0)
(0.04617624431 0.07105850275 0)
(0.03662850525 0.07955887858 0)
(0.03439645485 0.0804614897 0)
(0.03406218241 0.0828457699 0)
(0.03216445745 0.0813640834 0)
(0.03183016152 0.08374840209 0)
(0.02993242343 0.08226675767 0)
(0.02959819014 0.08465102017 0)
(0.03249856151 0.07897988812 0)
(0.03952919829 0.0738877615 0)
(0.05471506835 0.07185363509 0)
(0.05337835187 0.07385610328 0)
(0.05231257763 0.07169723103 0)
(0.05101206344 0.07372386634 0)
(0.05204765329 0.07586258872 0)
(0.0497018698 0.07567929965 0)
(0.05071633628 0.07785787124 0)
(0.06860651582 0.0623107681 0)
(0.06967230629 0.0644696521 0)
(0.0603150536 0.0784865069 0)
(0.04655137473 0.06877514072 0)
(0.04836082859 0.07012019207 0)
(0.0539120316 0.06547914851 0)
(0.05253374214 0.06729581632 0)
(0.04850181328 0.07764936908 0)
(0.04950710646 0.0798240768 0)
(0.05179574415 0.08001281024 0)
(0.04868873308 0.07366135022 0)
(0.05524514107 0.06354175381 0)
(0.02903755989 0.07363234547 0)
(0.02870306088 0.07601665214 0)
(0.02647100721 0.07691923822 0)
(0.03093517318 0.0751141993 0)
(0.02836872132 0.07840088871 0)
(0.02613668972 0.0793036213 0)
(0.02423895296 0.07782181331 0)
(0.02390472589 0.08020634734 0)
(0.03126968388 0.07272977798 0)
(0.03316735323 0.07421150851 0)
(0.03539951483 0.07330903046 0)
(0.03506504079 0.07569317172 0)
(0.03573391383 0.07092453189 0)
(0.02803443204 0.08078525631 0)
(0.03729724312 0.07479061494 0)
(0.07100905855 0.0624672081 0)
(0.0720459037 0.06460676866 0)
(0.06994326729 0.06030832449 0)
(0.04869436123 0.06785219665 0)
(0.05089890341 0.06932554335 0)
(0.04618545289 0.0735097556 0)
(0.03595991227 0.08432750244 0)
(0.03886061042 0.07865622091 0)
(0.053109264 0.07801709967 0)
(0.06112601493 0.0660014756 0)
(0.05605127445 0.06985082552 0)
(0.06754072734 0.06015188312 0)
(0.05358191208 0.06961854425 0)
(0.03026666589 0.07988244138 0)
(0.06058592081 0.07432538024 0)
(0.06298850736 0.07448184851 0)
(0.06432526695 0.0724794092 0)
(0.06165177336 0.07648426096 0)
(0.06271758235 0.07864320051 0)
(0.06325932407 0.07032042375 0)
(0.0656620135 0.07047696114 0)
(0.06672782902 0.07263586107 0)
(0.04503721616 0.07831676361 0)
(0.03986345942 0.07150338145 0)
(0.04466013427 0.06731071649 0)
(0.05147092631 0.0648829535 0)
(0.05444548323 0.07601530983 0)
(0.04773884385 0.05933710966 0)
(0.06833555387 0.06647209618 0)
(0.004817734563 0.06558663873 0)
(0.04686369809 0.06640003104 0)
(0.06139837146 0.06184086714 0)
(0.06246357343 0.06399952839 0)
(0.06352989983 0.06615882166 0)
(0.06459606154 0.06831796679 0)
(0.06699876271 0.06847451412 0)
(0.02234128396 0.07634007624 0)
(0.008827980832 0.06824990547 0)
(0.006491045994 0.06925501437 0)
(0.03346644067 0.05811746876 0)
(0.02200693654 0.07872442029 0)
(0.02165753301 0.08115413107 0)
(0.02367868199 0.06680281661 0)
(0.02178102652 0.06532111473 0)
(0.03640235579 0.06615560495 0)
(0.03830008275 0.06763725782 0)
(0.02457332844 0.07543749719 0)
(0.03796577645 0.07002178722 0)
(0.03919496878 0.07627197637 0)
(0.03060065222 0.07749826515 0)
(0.0369628284 0.07717470603 0)
(0.03473060206 0.07807737367 0)
(0.0277004082 0.08316955923 0)
(0.0273661563 0.08555361568 0)
(0.02580260772 0.08168804526 0)
(0.03763151766 0.07240618458 0)
(0.0328327936 0.07659573641 0)
(0.01421307866 0.05941042776 0)
(0.01213011104 0.05776795355 0)
(0.0164502019 0.05849746978 0)
(0.02121941609 0.05430355451 0)
(0.02451688803 0.0459929387 0)
(-0.01273104069 0.05471767605 0)
(-0.01435715195 0.05653342613 0)
(-0.01663855447 0.05604057344 0)
(-0.01599641644 0.05834910867 0)
(-0.01365595353 0.05885025978 0)
(-0.01529074392 0.06064040197 0)
(-0.01842869446 0.0534167772 0)
(-0.02036613002 0.05485743023 0)
(-0.02518240676 0.0502506324 0)
(-0.0224211673 0.05387005026 0)
(-0.02213740928 0.05629660224 0)
(-0.02429812197 0.05536538234 0)
(-0.02397647366 0.05775680721 0)
(-0.0182703472 0.05781468409 0)
(-0.02477334519 0.05278578508 0)
(-0.02753514841 0.04902835497 0)
(-0.02978929272 0.05016235731 0)
(-0.03190908349 0.04899206867 0)
(-0.03177920124 0.05131118016 0)
(-0.03393068995 0.05029607653 0)
(-0.03376600306 0.05275867354 0)
(-0.02649920526 0.05445001438 0)
(-0.03395314235 0.04777876386 0)
(-0.02972400295 0.05257097563 0)
(-0.02741226645 0.05188906615 0)
(-0.0228583859 0.0513104218 0)
(0.01947029373 -0.05041880024 0)
(0.04992740547 0.03396677914 0)
(0.004481447202 0.05390353976 0)
(0.06143864064 -0.07974083568 0)
(0.06344957685 -0.0817400817 0)
(0.06246972711 -0.08536202719 0)
(0.0672395258 -0.08372698828 0)
(0.06514503424 -0.08960065405 0)
(0.06024363833 -0.08927640072 0)
(0.05457690213 -0.09598351025 0)
(0.07112578497 -0.08824734006 0)
(0.07320700167 -0.08249191638 0)
(0.07967357135 -0.08701316183 0)
(0.08038064077 -0.07848219416 0)
(-0.03198355797 0.04643278257 0)
(-0.03388751287 0.04564177304 0)
(-0.03615431979 0.04656272512 0)
(0.04494484115 0.05648168257 0)
(0.04749564835 0.03390459383 0)
(0.02300476634 -0.04946840199 0)
(0.02357270918 0.05328703078 0)
(0.05006468729 -0.07885087712 0)
(0.04232013351 -0.08985383653 0)
(0.04125717215 -0.09200250573 0)
(0.04736483927 -0.08988736231 0)
(0.04589722932 -0.09245191166 0)
(0.04977198343 -0.0896946828 0)
(0.05201980058 0.05720866223 0)
(-0.04400389646 0.03503018543 0)
(-0.04478196541 0.03731452043 0)
(-0.04991823924 0.03030422449 0)
(-0.04631141447 0.03544130908 0)
(-0.04714102258 0.03767610466 0)
(-0.04745421469 0.03049351766 0)
(-0.04879991097 0.0324277464 0)
(-0.04616974518 0.03287600372 0)
(0.05356438787 -0.07648543607 0)
(-0.02898114291 -0.05145613162 0)
(0.09641720863 0.02442734854 0)
(0.09944307794 0.02522893292 0)
(0.098796677 0.02046268496 0)
(0.09716466978 0.02670901578 0)
(0.0988317554 0.02874849604 0)
(0.09741668112 0.03135870303 0)
(0.1012666073 0.03185684197 0)
(0.09844491973 0.03509948885 0)
(0.1026322024 0.03586390767 0)
(0.1001771333 0.03993207019 0)
(0.1063443168 0.04003190024 0)
(0.1025093278 0.04631979411 0)
(0.1109656164 0.04727921009 0)
(0.1047399509 0.05387765032 0)
(0.09775820327 0.05459813174 0)
(0.09897615048 0.06131555118 0)
(0.1096425758 0.06414139343 0)
(0.1029023139 0.07194761204 0)
(0.1158299816 0.07288121484 0)
(0.09134467197 0.06164019594 0)
(0.08912558693 0.05414380507 0)
(0.0952768226 0.03879222314 0)
(0.09568620868 0.04661847912 0)
(0.1146861296 0.03784810319 0)
(0.1238856317 0.04869519559 0)
(0.1349555492 0.0662318736 0)
(0.157891973 0.06499459326 0)
(0.145054077 0.08942367582 0)
(0.122204417 0.1097221037 0)
(0.1542328849 0.1201820704 0)
(0.1229262363 0.1405036617 0)
(0.1009524827 0.1213493028 0)
(0.09144505216 0.1539279767 0)
(0.06722338828 0.1407837145 0)
(0.05748199037 0.161086104 0)
(0.03822041105 0.1518150629 0)
(0.0410314899 0.1215638112 0)
(0.06903620431 0.1093380174 0)
(0.0324932851 0.1770103109 0)
(0.07262359186 0.1965915909 0)
(0.001316640794 0.1669604037 0)
(0.01070202158 0.132123505 0)
(0.1188638149 0.1826539252 0)
(0.1028578131 0.02788515233 0)
(0.1037137684 0.09935143427 0)
(0.08910114125 0.08653922854 0)
(0.1813640344 0.08781148873 0)
(0.003173411024 0.1973598374 0)
(0.09465683659 -0.02154937536 0)
(-0.05712231492 -0.002478000779 0)
(0.005521140393 0.05175812545 0)
(-0.0466718497 -0.03940884527 0)
(-0.06325634067 -0.03608825082 0)
(-0.05807503966 -0.03233081103 0)
(0.06471851458 -0.0773576116 0)
(0.05113000868 -0.07668151977 0)
(0.09507752929 0.03558099795 0)
(-0.01201198624 0.05699825687 0)
(-0.01124189569 0.05927197955 0)
(-0.008844873168 0.05964675659 0)
(-0.01032885443 0.06152983883 0)
(-0.007904676925 0.0618318504 0)
(-0.00941342169 0.06379928751 0)
(-0.006949123298 0.06404003856 0)
(-0.008470149576 0.06603985399 0)
(-0.005513277227 0.06209513095 0)
(-0.01200959135 0.06342126961 0)
(-0.004544347202 0.06429875902 0)
(-0.003164416274 0.06237668273 0)
(-0.004077625844 0.06023548555 0)
(-0.002143457026 0.06457173428 0)
(-0.00357166204 0.06650372026 0)
(-0.001120648101 0.06676806313 0)
(-0.002588517225 0.06866835213 0)
(-0.0002037779882 0.06897184863 0)
(-0.001598971879 0.07079377139 0)
(-0.001830134829 0.0605723306 0)
(-0.0128727565 0.06111360001 0)
(-0.01445498956 0.06299726256 0)
(-0.01358303196 0.06524782745 0)
(-0.01603620527 0.06487867718 0)
(-0.01506278077 0.06725671089 0)
(-0.01691370239 0.06256941098 0)
(-0.01093453332 0.06577358611 0)
(-0.009740369984 0.06800804348 0)
(-0.007411322434 0.068214118 0)
(-0.008917693391 0.0704700246 0)
(-0.01228453031 0.068106772 0)
(-0.0143767258 0.06958717458 0)
(-0.01760069094 0.06019077239 0)
(-0.01934134295 0.06214036939 0)
(-0.02187871773 0.05868796712 0)
(-0.02367284485 0.06013993269 0)
(-0.0258749065 0.0592231218 0)
(-0.02555684368 0.06160971174 0)
(-0.02777536331 0.06069085164 0)
(-0.02746013937 0.06307751693 0)
(-0.02809309036 0.05830402603 0)
(-0.02332504263 0.06252971097 0)
(-0.0175308302 0.06679332559 0)
(-0.0184532268 0.06446970053 0)
(-0.01992234549 0.06644662458 0)
(-0.01893241794 0.06872063254 0)
(-0.02128878644 0.06842640281 0)
(-0.0203501861 0.07054733867 0)
(-0.0223258154 0.06629247995 0)
(-0.02115830549 0.06392105507 0)
(-0.005005269151 0.06839887361 0)
(-0.02529413242 0.06392021892 0)
(-0.02716330613 0.06543805389 0)
(-0.0293714807 0.06454054023 0)
(-0.02905556859 0.06692658257 0)
(-0.03000075637 0.05977141109 0)
(-0.02345896544 0.06853663808 0)
(-0.03031712746 0.05738464927 0)
(-0.032225684 0.05885199234 0)
(-0.03190939205 0.06123875073 0)
(-0.03413452007 0.06031932259 0)
(-0.03381819042 0.06270608275 0)
(-0.03604334441 0.0617866534 0)
(-0.03572701394 0.0641734136 0)
(-0.03635967523 0.05939989318 0)
(-0.03250363832 0.05651521258 0)
(-0.03047928034 0.05483850892 0)
(-0.03444444957 0.0579408927 0)
(-0.03667493911 0.05701452135 0)
(-0.03858465692 0.05848069496 0)
(-0.03890095787 0.05609397332 0)
(-0.04080997796 0.05756105568 0)
(-0.04112628807 0.05517432234 0)
(-0.04303514599 0.05664161601 0)
(-0.03921745503 0.05370699626 0)
(-0.04144264311 0.05278753046 0)
(-0.04566994398 0.03955131379 0)
(-0.04805001955 0.03990128589 0)
(-0.04656102925 0.04178884241 0)
(-0.04894358844 0.04213639384 0)
(-0.05043571112 0.04024687993 0)
(-0.0513268691 0.04248339985 0)
(-0.04983461131 0.04437299562 0)
(-0.05221716227 0.04472037984 0)
(-0.04417597603 0.04143788629 0)
(-0.04506910972 0.04367753489 0)
(-0.04276763988 0.04329771479 0)
(-0.04358787116 0.04550370769 0)
(-0.03953381755 0.05132019462 0)
(-0.04176069632 0.05030792573 0)
(-0.0436680992 0.05185261542 0)
(-0.04114037565 0.04515170287 0)
(-0.04585177438 0.04591434306 0)
(-0.04179716753 0.04109353809 0)
(-0.03988952571 0.04896853953 0)
(-0.0439841472 0.04948132364 0)
(-0.04589302393 0.05094607613 0)
(-0.03765464278 0.05015949893 0)
(-0.04212268384 0.04759162864 0)
(-0.04647028557 0.04832277453 0)
(-0.04811813715 0.05002922454 0)
(-0.04780181427 0.05241555508 0)
(-0.05001695439 0.05150951015 0)
(-0.04970896861 0.05388540288 0)
(-0.05192383605 0.05297941942 0)
(-0.04748519909 0.05480302129 0)
(-0.0503432975 0.04910979489 0)
(-0.04056526173 0.03897967278 0)
(-0.03898894219 0.04117035739 0)
(-0.03897448575 0.04372533699 0)
(-0.05066870316 0.04688785329 0)
(-0.05310750397 0.04695733516 0)
(-0.05459961204 0.04506781581 0)
(-0.05548386107 0.04729998708 0)
(-0.05694110571 0.04538293183 0)
(-0.0578253946 0.04763593973 0)
(-0.0528188408 0.04059395284 0)
(-0.05197524052 0.03839391056 0)
(-0.05431883212 0.03871053565 0)
(-0.05138818098 0.0323466984 0)
(-0.05520267698 0.04094236666 0)
(-0.05669502314 0.03905300615 0)
(-0.05580474431 0.03681606539 0)
(-0.05818614067 0.0371626864 0)
(-0.05907628638 0.03939951657 0)
(-0.06056820369 0.03750983883 0)
(-0.0614056921 0.03970508739 0)
(-0.06288558721 0.03780591804 0)
(-0.06393447526 0.0402166561 0)
(-0.06204938086 0.03561168115 0)
(-0.05729565705 0.03492558593 0)
(-0.05990477547 0.04158765639 0)
(-0.05419621811 0.04949005121 0)
(-0.05490401406 0.03459364437 0)
(-0.05635877386 0.03270029334 0)
(-0.05877978041 0.03303782826 0)
(-0.05778210026 0.03071742471 0)
(-0.06025909649 0.03113304276 0)
(-0.05926061513 0.02880980123 0)
(-0.06174680944 0.02923796014 0)
(-0.06085575838 0.02700006586 0)
(-0.06326376261 0.02736722651 0)
(-0.0641499403 0.02960106263 0)
(-0.06564550219 0.0277141504 0)
(-0.06653570512 0.02995103088 0)
(-0.06802853103 0.02806204939 0)
(-0.06884273999 0.03023891729 0)
(-0.0703231599 0.02833347585 0)
(-0.0695060698 0.02615990361 0)
(-0.07188694462 0.02649925217 0)
(-0.06475575928 0.02547761785 0)
(-0.06437384038 0.03591334908 0)
(-0.05849890338 0.02667233495 0)
(-0.05998675262 0.02477952746 0)
(-0.06737982569 0.0321514958 0)
(-0.07001153278 0.03234375118 0)
(-0.05006075416 0.03423243439 0)
(-0.06353902703 0.03372021226 0)
(-0.054772324 0.02590937826 0)
(-0.05518721971 0.03032914936 0)
(-0.05778675994 0.02439875412 0)
(-0.05923630159 0.02262339061 0)
(-0.06150501708 0.02290566809 0)
(-0.0607071001 0.02074083588 0)
(-0.06299793536 0.02101991795 0)
(-0.06210775185 0.01878357908 0)
(-0.06447493815 0.01911973567 0)
(-0.06358210206 0.01688099145 0)
(-0.06596157144 0.01722625957 0)
(-0.06507034043 0.01498863304 0)
(-0.0674521245 0.01533560603 0)
(-0.06834233484 0.01757249469 0)
(-0.06983416882 0.01568277123 0)
(-0.0689438046 0.01344577014 0)
(-0.07132616229 0.01379316356 0)
(-0.07221646824 0.01603012229 0)
(-0.07370855822 0.01414058482 0)
(-0.07043582465 0.01155618176 0)
(-0.06804560177 0.01120258203 0)
(-0.06954418928 0.009318175136 0)
(-0.0719276982 0.009666473381 0)
(-0.07103734058 0.007429474803 0)
(-0.07335351992 0.007724604336 0)
(-0.07250444796 0.005536988921 0)
(-0.07494575806 0.005771239954 0)
(-0.07100769816 0.02427749425 0)
(-0.07339139519 0.02462909911 0)
(-0.07422565865 0.02666160539 0)
(-0.07459887054 0.01637754819 0)
(-0.07609097767 0.0144880232 0)
(-0.07698129391 0.01672498943 0)
(-0.07847340455 0.01483546699 0)
(-0.07548918195 0.01861451091 0)
(-0.06272766903 0.008154452083 0)
(-0.06536271553 0.0213548216 0)
(-0.07250345244 0.02239238606 0)
(-0.07484963026 0.02271626275 0)
(-0.07012141869 0.02204498268 0)
(-0.07455253417 0.009883333966 0)
(-0.07014302192 0.005192145014 0)
(-0.07162033757 0.003308186413 0)
(-0.0627037617 0.01466177227 0)
(-0.06411828415 0.01270562307 0)
(-0.06719424473 0.008987029063 0)
(-0.06924326955 0.002404182821 0)
(-0.07161420344 0.02015620364 0)
(-0.0592947803 0.0131786476 0)
(-0.07114294394 0.001238353417 0)
(-0.07313149599 0.001413661538 0)
(-0.07172911123 -0.005830192836 0)
(-0.0730460341 -0.007845306414 0)
(-0.07413283113 -0.005697528715 0)
(-0.07544994947 -0.007712971573 0)
(-0.07653674052 -0.005564696665 0)
(-0.07785388775 -0.007580131865 0)
(-0.07526800336 -0.003573822795 0)
(-0.07763159953 -0.003420442865 0)
(-0.07417725826 -0.009773969797 0)
(-0.07397298184 -0.01804293003 0)
(-0.0759314935 -0.01942046098 0)
(-0.07639513525 -0.001445884746 0)
(-0.07872646314 -0.001276153896 0)
(-0.08003151614 -0.003285418969 0)
(-0.0774415781 0.0007229049417 0)
(-0.07980787935 0.0008749495407 0)
(-0.07848982487 0.00289078969 0)
(-0.08088735497 0.003027037899 0)
(-0.08220344168 0.001012192387 0)
(-0.07956897706 0.005043042202 0)
(-0.08197165807 0.005176685039 0)
(-0.08065408474 0.007192282472 0)
(-0.08305775833 0.007325423268 0)
(-0.07240511772 -0.0006228751792 0)
(-0.07837463344 0.006996301668 0)
(-0.07934411827 0.009164144694 0)
(-0.07733509173 0.01266066192 0)
(-0.07964144527 0.0129583421 0)
(-0.08072913144 0.01521390933 0)
(-0.07787160986 0.01896195545 0)
(-0.07210119363 -0.01672603313 0)
(-0.07417690488 -0.01563059897 0)
(-0.07599238276 0.002784169146 0)
(-0.0677773436 0.0002153985391 0)
(-0.05950073936 0.01863661648 0)
(-0.05260554371 0.03022369931 0)
(-0.07693460468 0.008903610329 0)
(-0.06153452286 0.01231420378 0)
(-0.05662970778 0.02806498607 0)
(-0.06340205639 0.0105197697 0)
(-0.06782626524 0.004591123723 0)
(-0.05375375483 0.03239653577 0)
(-0.07207834049 -0.01403808001 0)
(-0.07450651682 -0.01331236184 0)
(-0.07638097532 -0.01463364281 0)
(-0.07661140979 -0.01239631173 0)
(-0.07851627988 -0.01369780029 0)
(-0.06572417165 0.01087888176 0)
(-0.04321529227 0.03922822794 0)
(-0.04956693721 0.03806675438 0)
(-0.0481550903 0.04628241023 0)
(-0.04745230445 0.04402548117 0)
(-0.05608511518 0.04317307829 0)
(-0.05841605605 0.04347985828 0)
(-0.0537083794 0.04283016555 0)
(-0.07271989636 -0.003325588835 0)
(-0.05350246015 0.03653574153 0)
(-0.07667566194 -0.01002172452 0)
(-0.07921255486 -0.009489137327 0)
(-0.08028417669 -0.007478121561 0)
(-0.08138996384 -0.009399847955 0)
(-0.05758383993 0.04128877084 0)
(-0.07894709309 -0.00543793019 0)
(-0.08137018565 -0.005354001146 0)
(-0.0823644318 -0.003206941302 0)
(-0.08368769744 -0.005014737119 0)
(-0.06923202589 0.01980894243 0)
(-0.07634039001 0.02082144082 0)
(-0.07859922767 0.0211011438 0)
(-0.06386976722 0.02324346215 0)
(-0.06624798597 0.02358818315 0)
(-0.03707763738 0.05466877699 0)
(-0.0346701589 0.05524117147 0)
(-0.06587904373 0.03403416637 0)
(-0.08328899759 0.003161205874 0)
(-0.08459841004 0.001276281263 0)
(-0.08569091256 0.003316326994 0)
(-0.08691692113 0.001462427351 0)
(-0.08376014918 -0.001042615158 0)
(-0.07072432531 0.0179195997 0)
(-0.06656125552 0.0130982374 0)
(-0.03826847441 0.06086726234 0)
(-0.04271881997 0.05902837007 0)
(-0.05161719435 0.05535358276 0)
(-0.04494398239 0.05810893772 0)
(-0.04462765278 0.06049569646 0)
(-0.06116116653 0.03337820652 0)
(-0.06862692903 0.02393239596 0)
(-0.06237280287 0.02512892799 0)
(-0.07716280534 0.00491116491 0)
(-0.0811269246 -0.00114192125 0)
(-0.0817455808 0.009264704319 0)
(-0.08414522285 0.009461206941 0)
(-0.08290097135 0.01136288064 0)
(-0.085246529 0.01154552811 0)
(-0.06713512955 0.02582238339 0)
(-0.04557665626 0.0533323811 0)
(-0.04049362599 0.05994784369 0)
(-0.08437490363 0.00531355747 0)
(-0.08677851244 0.005447316876 0)
(-0.08546168131 0.007457663197 0)
(-0.06503411956 0.03183305897 0)
(-0.06264835989 0.03148392388 0)
(-0.07041165929 -0.003815375409 0)
(-0.06124691297 0.01663498159 0)
(-0.06866963218 0.007042121423 0)
(-0.06627273133 0.006734780801 0)
(-0.06685228058 0.01946348591 0)
(-0.07614449382 -0.01701814473 0)
(-0.07811289193 -0.01840645072 0)
(-0.07789517139 -0.02080433231 0)
(-0.0799778913 -0.01978423666 0)
(-0.07832792509 -0.0160248744 0)
(-0.08051538251 -0.01499772649 0)
(-0.08045750232 -0.01273187275 0)
(-0.08227975876 -0.01372413768 0)
(-0.08025619098 -0.01739473505 0)
(-0.08230592446 -0.01878645168 0)
(-0.0596733882 0.03527097118 0)
(-0.04939394685 0.05627052628 0)
(-0.05130269661 0.0577379707 0)
(-0.07285857226 0.01188179842 0)
(-0.03742531256 0.05247216496 0)
(-0.0751295031 0.01230120323 0)
(-0.06774055928 0.02169880195 0)
(-0.07934260507 0.01707760033 0)
(-0.04335148573 0.05425484407 0)
(-0.04526026907 0.05572171756 0)
(-0.04716903102 0.05718955066 0)
(-0.07571228255 -0.02181669454 0)
(-0.07767711253 -0.02320185475 0)
(-0.07549163604 -0.02421202928 0)
(-0.07745851652 -0.02559895514 0)
(-0.0796029205 -0.02458511504 0)
(-0.07937722838 -0.02698207633 0)
(-0.0816115498 -0.02597629178 0)
(-0.07723251493 -0.02799597259 0)
(-0.07915670916 -0.02937957605 0)
(-0.07701285808 -0.03039356206 0)
(-0.07909808013 -0.0318214824 0)
(-0.08124995602 -0.03070564654 0)
(-0.07682124016 -0.03279864795 0)
(-0.07891113536 -0.03422781769 0)
(-0.07666882251 -0.03511976767 0)
(-0.07855468381 -0.03657752042 0)
(-0.08052125262 -0.03552498009 0)
(-0.07627486309 -0.03766839171 0)
(-0.07859984816 -0.03893681866 0)
(-0.07382764315 -0.03743409357 0)
(-0.07461950594 -0.0338024289 0)
(-0.07505445101 -0.0290068216 0)
(-0.07308762783 -0.02761937338 0)
(-0.07969505721 -0.02217612876 0)
(-0.0739922822 0.02050061055 0)
(-0.07310588861 0.01826643255 0)
(-0.07353037743 -0.02282696645 0)
(-0.07527170669 -0.02660913256 0)
(-0.02968502572 0.06215743056 0)
(-0.03159377214 0.06362465343 0)
(-0.07185444145 -0.009915666621 0)
(-0.07483836334 -0.03140547932 0)
(-0.07269092899 -0.03245805618 0)
(-0.02618286016 0.05683676649 0)
(-0.02832567124 0.05596488473 0)
(-0.00599197895 0.06624922724 0)
(-0.006482273749 0.05999212785 0)
(-0.02146297326 0.0610686993 0)
(0.06521712593 -0.05293706503 0)
(0.0583706366 -0.1034898878 0)
(0.04860895279 -0.1007578389 0)
(0.05284579289 -0.1110594419 0)
(0.04223301964 -0.1076790562 0)
(0.04181582337 -0.1013299325 0)
(0.03545334191 -0.1068826078 0)
(0.03315032239 -0.09888480107 0)
(0.03443142528 -0.1141462811 0)
(0.0265670093 -0.1122805274 0)
(0.01454437689 -0.1180992978 0)
(0.01782252747 -0.1062878615 0)
(0.01217274782 -0.1276527003 0)
(0.006391997647 -0.1180116493 0)
(0.008095207331 -0.1085808421 0)
(0.02717692659 -0.1031314344 0)
(-0.0007155728276 -0.1296196428 0)
(-0.010850538 -0.1238660757 0)
(-0.00429579595 -0.1102144656 0)
(-0.01433383587 -0.134124896 0)
(-0.02124732118 -0.1223964292 0)
(-0.01853220714 -0.1116185116 0)
(-0.02870760317 -0.1137634863 0)
(-0.02500788013 -0.1047856757 0)
(-0.03474436048 -0.1240664946 0)
(-0.04071148792 -0.1151992544 0)
(-0.04781324503 -0.1253442865 0)
(-0.05259665254 -0.1109989174 0)
(-0.04792040423 -0.1021922458 0)
(-0.06105088449 -0.1032136998 0)
(-0.05426078037 -0.09307188083 0)
(-0.06714923716 -0.1122413421 0)
(-0.07164339748 -0.09912112392 0)
(-0.03734793708 -0.1034455884 0)
(-0.08129455055 -0.1102377452 0)
(-0.08608070931 -0.0973334551 0)
(-0.07620435014 -0.08609372245 0)
(-0.08795276712 -0.08355565943 0)
(-0.08040080693 -0.07605433017 0)
(-0.0989025831 -0.09189690505 0)
(-0.1021941125 -0.08044356517 0)
(-0.06521890621 -0.08979249705 0)
(-0.05017860575 -0.07685208556 0)
(-0.04978927876 -0.07922801016 0)
(-0.052041609 -0.07837724721 0)
(-0.05165225932 -0.08075318617 0)
(-0.04939995722 -0.08160396061 0)
(-0.05390456912 -0.07990241348 0)
(-0.05429392964 -0.07752647426 0)
(-0.05615687669 -0.07905163952 0)
(-0.05654623684 -0.07667570009 0)
(-0.05840918164 -0.07820086514 0)
(-0.05879854136 -0.07582492564 0)
(-0.06066148572 -0.07735009065 0)
(-0.06105084528 -0.07497415113 0)
(-0.06291378954 -0.07649931613 0)
(-0.06330314907 -0.0741233766 0)
(-0.06144020484 -0.07259821161 0)
(-0.0636925086 -0.07174743708 0)
(-0.06159927679 -0.06371385205 0)
(-0.06403725898 -0.06364611608 0)
(-0.06517391918 -0.07566925947 0)
(-0.05351521225 -0.08227835322 0)
(-0.05805136639 -0.080581974 0)
(-0.06252443006 -0.07887525565 0)
(-0.0548454767 -0.06950510954 0)
(-0.06181863829 -0.07023561797 0)
(-0.06400079966 -0.0694527399 0)
(-0.06593130093 -0.07091020294 0)
(-0.06615349611 -0.06820246709 0)
(-0.06816475156 -0.06999510209 0)
(-0.06858647559 -0.06766994849 0)
(-0.07044402574 -0.06918664916 0)
(-0.07273283201 -0.05245306403 0)
(-0.07083788032 -0.06681776324 0)
(-0.07453294488 -0.05085412687 0)
(-0.0750175304 -0.05321248987 0)
(-0.07681763929 -0.05161362558 0)
(-0.0773022247 -0.05397198869 0)
(-0.07910233259 -0.05237314179 0)
(-0.07550211696 -0.05557083291 0)
(-0.07778681038 -0.05633034701 0)
(-0.07013537935 -0.07162013089 0)
(-0.07861774708 -0.05001478035 0)
(-0.08090244035 -0.05077429721 0)
(-0.07598237285 -0.05794202584 0)
(-0.07826502602 -0.05870764766 0)
(-0.08007150372 -0.05708986269 0)
(-0.08055875745 -0.05945342767 0)
(-0.08239903462 -0.05788562847 0)
(-0.07867238537 -0.06115163741 0)
(-0.0813327958 -0.06192494606 0)
(-0.0792320557 -0.06381920585 0)
(-0.07271050086 -0.06836870641 0)
(-0.08227479413 -0.06513846715 0)
(-0.07634772509 -0.0630217747 0)
(-0.07370128781 -0.0571718125 0)
(-0.06904591119 -0.06530528219 0)
(-0.07123966836 -0.06444487819 0)
(-0.06939129032 -0.06292226987 0)
(-0.05468329272 -0.07515053511 0)
(-0.08501324402 -0.06184079417 0)
(-0.08639601034 -0.06709276437 0)
(-0.08998378341 -0.06286691302 0)
(-0.07185769535 -0.06227496156 0)
(-0.05917783408 -0.06352777041 0)
(-0.07712095383 -0.06588320005 0)
(-0.05957543961 -0.07107527094 0)
(-0.05995356955 -0.06871304802 0)
(-0.0651706057 -0.06153593283 0)
(-0.08138702588 -0.0531326581 0)
(-0.08318713361 -0.05153381405 0)
(-0.08270254807 -0.04917545315 0)
(-0.08498724133 -0.0499349702 0)
(-0.08366899334 -0.05388910608 0)
(-0.0701022249 -0.06047209983 0)
(-0.06289329608 -0.06578870005 0)
(-0.07421851473 -0.05939915816 0)
(-0.07252246386 -0.129246881 0)
(-0.07348044259 -0.06359245991 0)
(-0.08775035614 -0.05748244441 0)
(-0.09348310153 -0.05840282953 0)
(-0.09103321334 -0.05290879192 0)
(-0.09581528546 -0.0536220715 0)
(-0.09370433918 -0.04908288321 0)
(-0.09991840777 -0.04904029603 0)
(-0.0985566307 -0.04395263104 0)
(-0.09236297609 -0.04322119896 0)
(-0.08450265579 -0.04757660927 0)
(-0.08221796254 -0.04681709218 0)
(-0.08401807026 -0.04521824833 0)
(-0.1037460328 -0.04338596366 0)
(-0.1034240564 -0.03745596403 0)
(-0.1073756203 -0.05174514717 0)
(-0.08173337701 -0.04445873124 0)
(-0.08353348472 -0.04285988739 0)
(-0.07536388279 -0.04453854092 0)
(-0.1092702388 -0.03830285613 0)
(-0.1058456511 -0.03140212977 0)
(-0.09903574575 -0.03118219509 0)
(-0.08630101081 -0.04597579208 0)
(-0.1009720752 -0.05793942606 0)
(-0.1114653507 -0.06219610279 0)
(-0.1178949482 -0.05354577524 0)
(-0.07993326929 -0.04605757509 0)
(-0.07944868376 -0.04369921415 0)
(-0.07584846833 -0.04689690186 0)
(-0.1142238729 -0.03216637724 0)
(-0.1095675649 -0.02520827058 0)
(-0.09577450611 -0.03756209834 0)
(-0.1233579999 -0.06657019727 0)
(-0.1119336463 -0.08737292567 0)
(-0.1030897603 -0.02445176815 0)
(-0.1058228027 -0.01878707319 0)
(-0.1007994153 -0.01878679213 0)
(-0.1146352675 -0.01806222645 0)
(-0.1102316606 -0.01267282757 0)
(-0.1174393984 -0.0110955871 0)
(-0.1123950621 -0.004194574899 0)
(-0.1058949515 -0.004622358368 0)
(-0.1224244298 -0.004272421885 0)
(-0.1177611518 0.004004956988 0)
(-0.1280367428 0.006176356068 0)
(-0.1209821398 0.0159100877 0)
(-0.1088533697 0.0137701592 0)
(-0.1155515711 0.02314470201 0)
(-0.1053005727 0.02166971284 0)
(-0.1252850791 0.02606643863 0)
(-0.1164856495 0.03460843041 0)
(-0.1078729216 0.00501248512 0)
(-0.1032467015 -0.01146982805 0)
(-0.1301012314 0.03882095083 0)
(-0.1195736652 0.04801541405 0)
(-0.1063374451 0.04367978074 0)
(-0.1092886067 0.05601085572 0)
(-0.100640175 0.05344181122 0)
(-0.09722078504 0.04304108905 0)
(-0.1002845887 0.06145673584 0)
(-0.09226498704 0.05936717676 0)
(-0.09112209042 0.05117948297 0)
(-0.111943759 0.06737235941 0)
(-0.1005654743 0.07399828821 0)
(-0.1142194833 0.0813804711 0)
(-0.127403505 0.07103443014 0)
(-0.09990661567 0.08814861624 0)
(-0.08910961471 0.08486108561 0)
(-0.08688994086 0.09571942231 0)
(-0.07659283664 0.09275708851 0)
(-0.07520975384 0.07882267568 0)
(-0.07501393529 0.1024027935 0)
(-0.0654709253 0.09894702355 0)
(-0.06398716081 0.1084826569 0)
(-0.05476531652 0.1050803081 0)
(-0.05474314052 0.09278842635 0)
(-0.05330274447 0.114454222 0)
(-0.04370056075 0.1104214733 0)
(-0.06613622669 0.1248399102 0)
(-0.0423410182 0.1206737856 0)
(-0.03104538245 0.1174968973 0)
(-0.03281056577 0.1047189326 0)
(-0.03163595961 0.1267381108 0)
(-0.02012962682 0.1218909619 0)
(-0.0650650373 0.08729002831 0)
(-0.04431014387 0.0987769162 0)
(-0.01979340177 0.1363992012 0)
(-0.02148812817 0.1095148534 0)
(-0.1069299088 0.03285962474 0)
(-0.08864710659 0.0708466089 0)
(-0.1393991491 0.02565236417 0)
(-0.06515259418 -0.06573506587 0)
(-0.1390340457 -0.008645397861 0)
(-0.08987752534 -0.04873526381 0)
(-0.06678853804 -0.06382338435 0)
(-0.0578289107 -0.06976017586 0)
(-0.05738707786 -0.07207427211 0)
(-0.05789256609 -0.06726069451 0)
(-0.05691239826 -0.06505400547 0)
(-0.1134272957 0.1002337248 0)
(-0.07193533382 -0.05868014093 0)
(-0.07141731625 -0.05641015529 0)
(-0.06576424337 -0.0591296084 0)
(-0.02503432146 -0.1488075067 0)
(-0.006806949941 0.1256361656 0)
(-0.008666174327 0.1141403043 0)
(0.003358969026 0.1205432132 0)
(0.001963302431 0.1105480135 0)
(0.01852683544 0.1200288451 0)
(0.02734431993 0.1324616079 0)
(-0.09292142442 -0.06869030897 0)
(-0.137030497 0.05495308151 0)
(-0.1187893372 -0.02452401666 0)
(-0.1251516719 -0.03205703572 0)
(-0.06033997996 -0.06604296072 0)
(-0.1443989131 0.009649607355 0)
(-0.06962212655 -0.05795617295 0)
(-0.07636134926 -0.06031334723 0)
(-0.05056784998 -0.07447632667 0)
(-0.07093286433 -0.05405186471 0)
(-0.08581788586 -0.04361907558 0)
(-0.08533354375 -0.04126098872 0)
(-0.08304889107 -0.04050151731 0)
(-0.08484899744 -0.03890267194 0)
(-0.08713369046 -0.03966218877 0)
(-0.08664911143 -0.03730383515 0)
(-0.08893380572 -0.03806335341 0)
(-0.08844922144 -0.03570499389 0)
(-0.0861645284 -0.03494547704 0)
(-0.08796463654 -0.03334663366 0)
(-0.09024932986 -0.03410615083 0)
(-0.08976474557 -0.03174778979 0)
(-0.0874800514 -0.03098827292 0)
(-0.08928016031 -0.02938942887 0)
(-0.08699546597 -0.02862991202 0)
(-0.08879557371 -0.02703106817 0)
(-0.0910766072 -0.02779140947 0)
(-0.09059512629 -0.02543242365 0)
(-0.08831089548 -0.0246727405 0)
(-0.09011098774 -0.02307390219 0)
(-0.09239578888 -0.02383338053 0)
(-0.09191118536 -0.02147502605 0)
(-0.08962648911 -0.02071551004 0)
(-0.09142661781 -0.01911665865 0)
(-0.08914192106 -0.01835714282 0)
(-0.09094203169 -0.01675829793 0)
(-0.08865733834 -0.01599878088 0)
(-0.09045744674 -0.01439993678 0)
(-0.09274213989 -0.0151594539 0)
(-0.09225755444 -0.01280109293 0)
(-0.0899728612 -0.01204157584 0)
(-0.09177296891 -0.01044273199 0)
(-0.08948827567 -0.009683214905 0)
(-0.09128838338 -0.008084371053 0)
(-0.09357307663 -0.008843888139 0)
(-0.0930884911 -0.006485527201 0)
(-0.09080379785 -0.005726010116 0)
(-0.09260390556 -0.004127166264 0)
(-0.09488859881 -0.004886683349 0)
(-0.09440401328 -0.002528322412 0)
(-0.09454224768 -0.01356061002 0)
(-0.09668870653 -0.003287839498 0)
(-0.09620412099 -0.0009294785606 0)
(-0.09391942774 -0.0001699614754 0)
(-0.09571953546 0.001428882376 0)
(-0.09352780749 0.00208373163 0)
(-0.09525044414 0.003769798675 0)
(-0.09276827544 0.004311841634 0)
(-0.09472663153 0.006099023299 0)
(-0.0878654405 0.007592089806 0)
(-0.09798991098 0.0006854853501 0)
(-0.09703368453 0.005375416234 0)
(-0.09654628778 0.007734906122 0)
(-0.09426834813 0.008499738409 0)
(-0.0960656174 0.01010051425 0)
(-0.09378478384 0.01087088662 0)
(-0.09558185459 0.01246221426 0)
(-0.09329729847 0.01322228786 0)
(-0.09509692287 0.01481997176 0)
(-0.09281217193 0.01557938827 0)
(-0.09461212997 0.01717789185 0)
(-0.09232746166 0.01793746565 0)
(-0.09412754859 0.01953626224 0)
(-0.09184285603 0.0202957809 0)
(-0.09364295966 0.02189461547 0)
(-0.09135826658 0.02265413294 0)
(-0.0895581589 0.02105528915 0)
(-0.08907357272 0.02341364861 0)
(-0.09087368032 0.02501249222 0)
(-0.08858898695 0.02577200903 0)
(-0.09035459346 0.02734687848 0)
(-0.08809865116 0.0281263741 0)
(-0.09259603717 0.02653885828 0)
(-0.08987619557 0.02964134676 0)
(-0.08761209448 0.03047300028 0)
(-0.08581746283 0.02888659917 0)
(-0.08533346145 0.03124507811 0)
(-0.08713163913 0.03284350289 0)
(-0.08485053701 0.03360660873 0)
(-0.08305015245 0.0320072366 0)
(-0.08256579762 0.03436603777 0)
(-0.08436594378 0.03596495499 0)
(-0.08208124925 0.03672446963 0)
(-0.08388136316 0.0383233253 0)
(-0.08159667073 0.03908284395 0)
(-0.07979656315 0.03748400036 0)
(-0.07931197944 0.03984236477 0)
(-0.08111208683 0.041441208 0)
(-0.07882739385 0.04220072561 0)
(-0.07702728618 0.04060188184 0)
(-0.07654270064 0.04296024277 0)
(-0.07834280836 0.04455908663 0)
(-0.07605811512 0.04531860373 0)
(-0.07785822283 0.04691744758 0)
(-0.07557352959 0.04767696467 0)
(-0.0773736373 0.04927580852 0)
(-0.07508894405 0.05003532561 0)
(-0.07328883634 0.04843648175 0)
(-0.07281154993 0.05078662474 0)
(-0.07688905177 0.05163416946 0)
(-0.07100535961 0.04919462918 0)
(-0.07056012469 0.05157283174 0)
(-0.05352784365 0.05681856002 0)
(-0.0532118162 0.05920492801 0)
(-0.05543702487 0.05828543615 0)
(-0.05512075274 0.06067212063 0)
(-0.0573459309 0.05975266798 0)
(-0.05702961291 0.06213941174 0)
(-0.05925477834 0.06121997552 0)
(-0.05480445468 0.06305883865 0)
(-0.05893845058 0.06360673189 0)
(-0.06116361227 0.0626873005 0)
(-0.06084728225 0.06507405979 0)
(-0.06307244294 0.06415462969 0)
(-0.0597840004 0.05900328834 0)
(-0.06275611238 0.06654138967 0)
(-0.06053095207 0.06746081929 0)
(-0.06498127282 0.06562195991 0)
(-0.06529760357 0.06323519967 0)
(-0.06720643324 0.06470253015 0)
(-0.06752276397 0.06231576994 0)
(-0.06243978177 0.06892814973 0)
(-0.06021462145 0.06984757936 0)
(-0.06872641378 0.04995836631 0)
(-0.07474259294 0.04136139894 0)
(-0.06827463489 0.05234571843 0)
(-0.06943159359 0.06378310049 0)
(-0.06974792433 0.06139634028 0)
(-0.06688928379 0.0670872448 0)
(-0.08014291608 0.04615793049 0)
(-0.07917374502 0.05087465237 0)
(-0.0786898861 0.05323519905 0)
(-0.07166346557 0.06285485457 0)
(-0.08616605794 0.03756381114 0)
(-0.07134154181 0.06524896167 0)
(-0.08568147299 0.03992217317 0)
(-0.07640458734 0.05399289469 0)
(-0.07818355312 0.05558948739 0)
(-0.06110335104 0.04381409441 0)
(-0.06212345107 0.07131490989 0)
(-0.05989829073 0.07223433954 0)
(-0.05798946113 0.07076700898 0)
(-0.05764153989 0.07307731532 0)
(-0.0557590357 0.07167369631 0)
(-0.05541023694 0.07398187895 0)
(-0.05353197408 0.07258852458 0)
(-0.05318864144 0.07490993606 0)
(-0.05130709099 0.07350862524 0)
(-0.05096412145 0.07583091546 0)
(-0.04908208358 0.07442842502 0)
(-0.04876577834 0.07681524692 0)
(-0.04686141827 0.07535873333 0)
(-0.0465458367 0.07774730665 0)
(-0.04463787688 0.07628208111 0)
(-0.04432181597 0.07866949434 0)
(-0.04241317629 0.07720262345 0)
(-0.04209692218 0.07958956912 0)
(-0.040188137 0.07812234608 0)
(-0.03987182644 0.08050915512 0)
(-0.0379630076 0.07904185062 0)
(-0.03764668202 0.08142862331 0)
(-0.03573785507 0.07996129917 0)
(-0.03542152563 0.08234806254 0)
(-0.03351269668 0.08088073357 0)
(-0.03319636627 0.08326749458 0)
(-0.03128753683 0.08180016442 0)
(-0.03097120617 0.08418692483 0)
(-0.02906237661 0.08271959437 0)
(-0.02874604589 0.08510635463 0)
(-0.02683721629 0.0836390241 0)
(-0.02652088556 0.08602578432 0)
(-0.02461205595 0.08455845377 0)
(-0.02429572522 0.08694521399 0)
(-0.02238689561 0.08547788343 0)
(-0.02207056488 0.08786464364 0)
(-0.02016173527 0.08639731308 0)
(-0.01984540453 0.0887840733 0)
(-0.01793657492 0.08731674274 0)
(-0.01825290566 0.08492998252 0)
(-0.01602774531 0.08584941218 0)
(-0.01571141458 0.08823617239 0)
(-0.01380258497 0.08676884183 0)
(-0.01348625423 0.08915560204 0)
(-0.01157742462 0.08768827148 0)
(-0.01189375536 0.08530151127 0)
(-0.009668595012 0.08622094093 0)
(-0.009352264276 0.08860770114 0)
(-0.007442493856 0.08713809367 0)
(-0.0077596086 0.08475323088 0)
(-0.005534422121 0.08567259729 0)
(-0.00521714622 0.08805707005 0)
(-0.003309226206 0.08659194086 0)
(-0.04495435258 0.07389567173 0)
(-0.003625758031 0.08420566731 0)
(-0.001400575782 0.08512504395 0)
(-0.001084241396 0.08751179533 0)
(0.0008245589583 0.08604453558 0)
(0.001140885426 0.08843130612 0)
(0.003049709449 0.08696398908 0)
(0.003366038542 0.08935075327 0)
(0.005274866946 0.08788342562 0)
(0.005591197207 0.09027018699 0)
(0.007500026537 0.0888028571 0)
(0.007816357146 0.09118961762 0)
(0.002733377782 0.08457723112 0)
(-0.02937870735 0.08033283417 0)
(-0.03827934013 0.07665509475 0)
(0.001459707482 0.09081775331 0)
(-0.03288003587 0.08565425559 0)
(-0.02175423414 0.09025140386 0)
(-0.04177004313 0.08195080078 0)
(0.007183695755 0.086416097 0)
(0.009408855966 0.08733552698 0)
(0.009092525201 0.08494876684 0)
(0.01131768552 0.08586819656 0)
(-0.0195290738 0.09117083351 0)
(-0.04630601771 0.08008012663 0)
(-0.05087949778 0.07804733377 0)
(-0.001716936381 0.08273835602 0)
(-0.02270322635 0.08309112321 0)
(-0.03732658284 0.0838062633 0)
(-0.02842955884 0.08749309416 0)
(-0.01634407605 0.08346265196 0)
(-0.03382902753 0.07849397363 0)
(-0.003942101704 0.08181893841 0)
(-0.05502881345 0.07648323866 0)
(-0.05956277733 0.07444164159 0)
(0.01163401625 0.08825495678 0)
(0.01354284585 0.08678762625 0)
(0.01385917658 0.08917438647 0)
(-0.05163031083 0.07113853772 0)
(0.005907527516 0.09265694823 0)
(0.008109717874 0.09357942239 0)
(0.01576800619 0.08770705591 0)
(0.01612174567 0.09000328125 0)
(0.01597952024 0.07666352955 0)
(0.01799940132 0.08861139643 0)
(0.01828590319 0.09081181195 0)
(-0.00203327425 0.08035161307 0)
(-0.004258435784 0.07943218629 0)
(-0.08076568221 0.03276717924 0)
(-0.02143790341 0.09263816407 0)
(-0.01921274306 0.09355759372 0)
(-0.06920539878 0.04759740178 0)
(-0.08125026647 0.03040881586 0)
(-0.06669042736 0.03617884892 0)
(-0.06644254567 0.050720815 0)
(-0.05622223038 0.05566367469 0)
(-0.07522717847 0.039003038 0)
(0.006220029845 0.09504421604 0)
(0.008440286092 0.0958088998 0)
(-0.08172151478 0.01742590685 0)
(-0.06591883995 0.05296157392 0)
(-0.08686027828 0.0241878359 0)
(0.01100135477 0.08348143637 0)
(0.008776194427 0.08256200672 0)
(-0.07357652602 0.06431666473 0)
(0.01545167545 0.0853202957 0)
(-0.02112157267 0.09502492428 0)
(-0.02334673302 0.09410549463 0)
(-0.01889641233 0.09594435394 0)
(-0.07198088705 0.06046433091 0)
(-0.08097470046 0.05247604626 0)
(-0.01698758272 0.09447702338 0)
(-0.01667125198 0.09686378359 0)
(-0.01476242237 0.09539645303 0)
(-0.01444609163 0.09778321324 0)
(-0.01253772946 0.09631701394 0)
(-0.0122210092 0.09870283144 0)
(-0.01030723022 0.09723487384 0)
(-0.009999473532 0.09965772623 0)
(-0.008073854083 0.0981540666 0)
(0.01412633372 0.09132934605 0)
(-0.06562615489 0.06087801494 0)
(-0.0509867064 0.0601242923 0)
(-0.008403476848 0.09575953849 0)
(-0.006167819439 0.09665991826 0)
(-0.09052735811 0.01633863125 0)
(-0.09737103941 0.01407207878 0)
(-0.09836005347 0.009372049475 0)
(-0.06414613967 0.05145687709 0)
(-0.007542000174 0.1006564771 0)
(-0.02300927234 0.09651974249 0)
(-0.01847463688 0.09856419459 0)
(-0.01444310018 0.1003657989 0)
(-0.01005487551 0.1023093079 0)
(-0.02525204097 0.09557740646 0)
(0.01068346379 0.08109845221 0)
(0.008459603644 0.08017587586 0)
(-0.002349606732 0.07796485708 0)
(-0.0001244464799 0.07888428696 0)
(-0.004574767368 0.07704542813 0)
(-0.006483597026 0.07851275881 0)
(-0.07294248522 0.03976255509 0)
(-0.07325126299 0.06671512726 0)
(-0.07550300103 0.06583580019 0)
(-0.07584545967 0.06336180306 0)
(-0.06773210431 0.05487336535 0)
(-0.07896561017 0.03116840346 0)
(-0.08796616691 0.03916265737 0)
(-0.08748158126 0.04152101809 0)
(-0.07945020165 0.02881005387 0)
(-0.02513237944 0.09809115294 0)
(-0.06466671155 0.04912066304 0)
(-0.06362034429 0.05369323824 0)
(-0.06185719389 0.05220784288 0)
(-0.02557130642 0.09318682852 0)
(-0.0274800382 0.09465428634 0)
(-0.05607975401 0.06929755469 0)
(-0.07245789969 0.04212091603 0)
(-0.006799927911 0.07612599896 0)
(-0.008708757554 0.0775933296 0)
(-0.006507493047 0.09427947752 0)
(-0.004273260426 0.09517809339 0)
(-0.003908188839 0.09749958282 0)
(-0.002036339628 0.09606966535 0)
(-0.001669525399 0.09838682731 0)
(0.0002041930152 0.09699270472 0)
(0.0005378043376 0.09935130255 0)
(-0.001570268751 0.1007147351 0)
(-0.007008735072 0.1037075084 0)
(-0.09717329206 -0.005646200435 0)
(-0.09419589359 -0.02223453775 0)
(-0.07065779197 0.04052207218 0)
(-0.07745876119 0.0646042006 0)
(-0.07812383132 0.06236127852 0)
(-0.07827398759 0.06745674741 0)
(-0.0004407776524 0.0764975278 0)
(0.001784382735 0.07741695736 0)
(0.0007331988267 0.07096844569 0)
(-0.0734933347 0.03741780977 0)
(-0.09467813004 -0.02460019894 0)
(-0.09149650007 0.01162184321 0)
(-0.08768816795 -0.01128205876 0)
(-0.09593476287 0.0211270936 0)
(-0.09031921231 -0.003367649179 0)
(-0.07594582218 0.05632059738 0)
(-0.00902508832 0.07520656946 0)
(-0.01093391794 0.07667390004 0)
(-0.01061758721 0.07906066026 0)
(-0.01284274756 0.07814123063 0)
(-0.0131590783 0.07575447041 0)
(-0.01506790791 0.07722180098 0)
(-0.01536255477 0.07486324901 0)
(-0.0172677704 0.07633528095 0)
(-0.09502683322 -0.01591897096 0)
(-0.08734181276 -0.01995598688 0)
(0.01026278374 0.07882662396 0)
(0.008072645089 0.07781542583 0)
(-0.08013190615 0.06428580933 0)
(-0.08057352268 0.06119001351 0)
(-0.09682694095 -0.0143201271 0)
(-0.09204972164 -0.03250645677 0)
(-0.08720358242 -0.00892369782 0)
(-0.008732582386 0.09337281775 0)
(0.006222845354 0.07926041168 0)
(-0.0784810308 0.03352677615 0)
(-0.07668093005 0.0319279456 0)
(-0.02779684175 0.09226691105 0)
(-0.02970573386 0.0937341603 0)
(-0.03002794368 0.09133886006 0)
(-0.03195349579 0.09279871705 0)
(-0.03170303321 0.09474383727 0)
(-0.03390712527 0.09421153875 0)
(-0.0342071851 0.09184434438 0)
(-0.03615585139 0.09332219036 0)
(-0.03643964625 0.09090579205 0)
(-0.03838312113 0.09235243457 0)
(-0.03865745763 0.08994823932 0)
(-0.04059542488 0.09138496296 0)
(-0.0408700955 0.08898616962 0)
(-0.04281054502 0.09042059029 0)
(-0.04309332866 0.0880133738 0)
(-0.04502832815 0.08945912677 0)
(-0.04531541018 0.08703921501 0)
(-0.04728906893 0.08850495482 0)
(-0.04761601247 0.08604335275 0)
(-0.0358730055 0.09577775532 0)
(-0.04731458749 0.09127032812 0)
(-0.04959832684 0.08756471967 0)
(-0.04993463757 0.08504637011 0)
(-0.05195631722 0.08660535808 0)
(-0.05237405986 0.08402276208 0)
(-0.05441567682 0.08567851499 0)
(-0.05488133679 0.08300583538 0)
(-0.01697252121 0.07869461647 0)
(-0.01919697883 0.07777610098 0)
(0.005904581628 0.07687431238 0)
(0.007759896146 0.07541414193 0)
(0.005589368331 0.07452252177 0)
(-0.01252641683 0.08052799084 0)
(0.01288426206 0.08207684179 0)
(-0.08173489589 0.02805053868 0)
(-0.0799347994 0.02645171624 0)
(-0.08217402952 0.02574337954 0)
(-0.07418353491 0.05467490727 0)
(-0.06434863947 0.07039548395 0)
(-0.06403228537 0.07278224106 0)
(-0.06626018596 0.07185928798 0)
(-0.06590907229 0.07429711774 0)
(-0.06817135271 0.07333882977 0)
(-0.06804551741 0.07588638798 0)
(-0.0655823375 0.07691360293 0)
(0.002100713477 0.07980371755 0)
(-0.08145857955 0.05011556029 0)
(-0.08325871082 0.05171447498 0)
(-0.0837431448 0.04935565815 0)
(-0.08274789344 0.05412082228 0)
(-0.01856923639 0.08254322231 0)
(-0.09544762936 0.02350228384 0)
(-0.08845076888 0.0368042773 0)
(-0.0902508629 0.03840313709 0)
(-0.09073414496 0.0360407845 0)
(-0.09253533707 0.03764295686 0)
(-0.09303593896 0.03518166166 0)
(-0.09464286412 0.03652615097 0)
(-0.09552932597 0.0342454741 0)
(-0.09634235541 -0.01196176616 0)
(-0.08519688799 0.04228053514 0)
(-0.0869969958 0.04387937917 0)
(-0.08928168907 0.04311986212 0)
(-0.07101908118 0.0676280501 0)
(-0.07293292208 0.06910452182 0)
(-0.09205093227 0.04000187255 0)
(-0.07017320644 0.04288043311 0)
(-0.08471230256 0.04463889627 0)
(-0.08651241029 0.04623774016 0)
(-0.004891098327 0.07465866846 0)
(-0.002364996119 0.09371786471 0)
(-0.01285359276 0.09392912247 0)
(-0.03671883881 0.08851804216 0)
(-0.0194101343 0.07539733126 0)
(-0.02140822265 0.07685373701 0)
(0.004004491254 0.09412351117 0)
(0.004341593898 0.09646225465 0)
(-0.06791096943 0.07914468003 0)
(-0.0850586537 0.05331282299 0)
(-0.08459757028 0.05574188032 0)
(-0.07006555546 0.05900748344 0)
(-0.0411554263 0.08660538511 0)
(-0.0885191046 -0.004966493031 0)
(-0.08300629607 0.01552847941 0)
(-0.08404481021 0.01773566996 0)
(-0.08562069246 0.01587780364 0)
(-0.0826364691 0.01965684701 0)
(-0.04563060211 0.08463785719 0)
(-0.0216477155 0.07446270974 0)
(-0.02363313372 0.07593128633 0)
(-0.0239622888 0.07355251724 0)
(-0.02587315468 0.07501289269 0)
(-0.02619196218 0.07262630515 0)
(-0.02810253924 0.07409198327 0)
(-0.02841857874 0.07170549846 0)
(-0.03032765105 0.07317259952 0)
(-0.02555716332 0.07739849372 0)
(-0.03001136076 0.07555932148 0)
(-0.03223651976 0.0746398931 0)
(-0.03255285027 0.0722531331 0)
(-0.03446168954 0.07372045452 0)
(-0.03477801867 0.07133369583 0)
(-0.03668684962 0.07280102512 0)
(-0.03700318031 0.07041426495 0)
(-0.03891201018 0.07188159526 0)
(-0.03922834091 0.06949483506 0)
(-0.040177322 0.06233456904 0)
(-0.04113717057 0.07096216557 0)
(-0.0414535013 0.06857540536 0)
(-0.04336233092 0.0700427359 0)
(-0.04367866166 0.06765597569 0)
(-0.04558749127 0.06912330625 0)
(-0.045903822 0.06673654604 0)
(-0.04399499239 0.06526921548 0)
(-0.04622015274 0.06434978582 0)
(-0.04812898235 0.06581711638 0)
(-0.03954467169 0.0671080748 0)
(-0.03509435069 0.0689469344 0)
(-0.09175060719 0.0004795481131 0)
(-0.05688181558 0.08465609126 0)
(-0.05726433264 0.08200903891 0)
(-0.0760093735 0.06092434056 0)
(-0.08527453389 0.0201629449 0)
(-0.09805761619 0.02263889589 0)
(-0.09729504283 0.0252952905 0)
(-0.09825500482 0.02032755013 0)
(-0.06137819414 0.0545576917 0)
(-0.05968254436 0.05300472414 0)
(-0.06330535135 0.05609353699 0)
(-0.06833256762 0.04124973656 0)
(-0.06788175801 0.04363464142 0)
(-0.02266211185 0.09915120011 0)
(-0.02492386766 0.1014248959 0)
(-0.02786243121 0.09935953095 0)
(-0.05044911987 0.08262784005 0)
(-0.0975063514 0.03645431295 0)
(-0.08221871176 0.05652499156 0)
(-0.08431208691 0.05852918161 0)
(-0.08344188945 0.06334437267 0)
(-0.08299634326 0.0671265538 0)
(0.002156629926 0.06923081831 0)
(-0.09898746919 -0.004005034584 0)
(-0.09945798531 -0.00640571752 0)
(0.001012560446 0.1021822326 0)
(-0.001375395419 0.1037217286 0)
(-0.09355309105 0.03259961444 0)
(-0.09600691054 0.03138735558 0)
(-0.09648019733 -0.02299527083 0)
(-0.09599593839 -0.02063589585 0)
(-0.09696871793 -0.02536826004 0)
(-0.09515386291 -0.02696191476 0)
(-0.05528158245 0.08052599941 0)
(-0.05749755478 0.07951353506 0)
(-0.05966768182 0.0808956868 0)
(-0.06468519674 0.07972133665 0)
(-0.0761963481 0.03428631337 0)
(-0.07439624075 0.03268747022 0)
(-0.02588809095 0.09079947797 0)
(-0.02110676838 0.07923867642 0)
(-0.01539508384 0.0906229326 0)
(-0.01030125648 0.08144742049 0)
(-0.04844531308 0.06343035617 0)
(-0.05035414269 0.06489768673 0)
(0.009966926508 0.09205042647 0)
(-0.07197331416 0.04447927696 0)
(-0.0976578776 -0.008004561372 0)
(-0.04082083983 0.07334892578 0)
(-0.05003781196 0.06728444694 0)
(-0.0522629723 0.06636501729 0)
(-0.006823674253 0.09190403823 0)
(-0.08173179545 0.07138990147 0)
(-0.08808466793 -0.002664593742 0)
(0.007543366393 0.07312712928 0)
(-0.06848390811 0.07093652457 0)
(-0.07042447258 0.07241512766 0)
(0.001506808965 0.07511991523 0)
(-0.013427676 0.07352105268 0)
(-0.08551677077 -0.0104992621 0)
(-0.08521735381 -0.03022423632 0)
(-0.08338076738 0.02153388965 0)
(0.003059928028 0.1003855564 0)
(0.00365734895 0.1028651134 0)
(0.006065449121 0.101189486 0)
(0.00622638011 0.1046288336 0)
(0.00918132094 0.1026978797 0)
(0.01002311667 0.1064741967 0)
(0.01289385933 0.1033269388 0)
(0.01306897797 0.0996720499 0)
(0.01616449753 0.1010192928 0)
(0.01525962069 0.09799077422 0)
(0.01724539565 0.1050034022 0)
(0.02028781602 0.1016608185 0)
(0.02179686294 0.1061485017 0)
(0.02508206136 0.102721286 0)
(0.02926381701 0.08703530464 0)
(0.02703177115 0.08793788057 0)
(0.02892944534 0.08941960269 0)
(0.02669739488 0.09032217544 0)
(0.02859507234 0.0918039016 0)
(0.03082712247 0.09090132696 0)
(0.03048929207 0.0932900552 0)
(0.03272422388 0.09238379041 0)
(0.03247879499 0.09479929299 0)
(0.02525232429 0.08628696366 0)
(0.0263630219 0.0927064758 0)
(0.03305907669 0.08999887541 0)
(0.03495673847 0.09148062139 0)
(0.02445992078 0.09140802699 0)
(0.02416878246 0.09369938104 0)
(0.03013763049 0.09569649698 0)
(0.03226990996 0.09698910259 0)
(0.03529119287 0.08909622103 0)
(0.03719025072 0.09057638317 0)
(0.03683004769 0.09290058875 0)
(0.0390876174 0.09204992492 0)
(0.03873612507 0.09449934373 0)
(0.05055210916 0.08196973444 0)
(0.05899116974 0.08049299866 0)
(0.05286307456 0.08216748214 0)
(0.05149011748 0.08419001896 0)
(0.05394058621 0.08436076969 0)
(0.05235184669 0.08601325714 0)
(0.05516223682 0.08662520853 0)
(0.05011494192 0.08618893941 0)
(0.05119616795 0.08861226787 0)
(0.0482334368 0.08835836108 0)
(0.04916618045 0.09185265269 0)
(0.04455133677 0.08310085176 0)
(0.04599426858 0.0910926373 0)
(0.04528692309 0.08834073754 0)
(0.03943141563 0.08967058201 0)
(0.02680296355 0.1074607139 0)
(0.02603287828 0.09510070548 0)
(0.02380360514 0.09601005987 0)
(0.02212187585 0.09469573286 0)
(0.01281382269 0.09703061683 0)
(0.02021832688 0.08954591523 0)
(0.01990303527 0.08715664015 0)
(0.03339352037 0.08761447348 0)
(0.01473746885 0.09554128904 0)
(0.01705768724 0.09621450661 0)
(0.05524957863 0.08233068644 0)
(0.0413316202 0.0911600152 0)
(0.03466514861 0.09630693141 0)
(0.03443261942 0.09962194887 0)
(0.00288926846 0.07145336622 0)
(-0.08911012111 0.005529594689 0)
(-0.09026162404 0.007414343079 0)
(-0.09980784869 0.0245707937 0)
(-0.0993919175 0.0273247659 0)
(-0.07219106077 0.0580153621 0)
(-0.05956375614 0.07857761285 0)
(-0.06010542393 0.05072068565 0)
(-0.05777915066 0.05164410258 0)
(-0.08810077772 -0.04437656453 0)
(0.02151602605 0.09673124529 0)
(-0.08600308058 -0.01293653579 0)
(0.04156694923 0.08875231489 0)
(-0.08480500734 -0.02792212646 0)
(0.04676423278 0.08230374448 0)
(0.04661217449 0.08457555765 0)
(-0.04027562593 0.09417137936 0)
(-0.07792914427 0.05774591768 0)
(-0.0590960913 0.0553519452 0)
(-0.01082636784 0.1069075575 0)
(-0.0266397444 0.07025544924 0)
(0.0124844032 0.09494308645 0)
(-0.07485966803 0.03040530443 0)
(-0.01565738166 0.0725785697 0)
(-0.01229550532 0.07038757712 0)
(0.02206033904 0.08807066461 0)
(0.02163588073 0.08578457942 0)
(0.01954403563 0.08480163381 0)
(0.02975523823 0.09853834038 0)
(-0.08934280798 0.009967351381 0)
(0.02564514022 0.09723091377 0)
(-0.09398176335 0.02997268651 0)
(-0.07770144244 0.02746947434 0)
(-0.07797100364 0.02509504793 0)
(0.01661674007 0.09410940021 0)
(-0.09862704867 -0.01272128325 0)
(-0.0006197074922 0.07429480139 0)
(-0.0703805858 0.05662281985 0)
(-0.06887400808 0.0390584095 0)
(-0.08939820521 -0.04039898727 0)
(-0.09119935298 -0.03880131439 0)
(0.04441533066 0.0858621853 0)
(-0.06798486343 0.05757841747 0)
(-0.07250379698 0.03131512751 0)
(0.01061047516 0.09836075351 0)
(-0.08512861411 -0.008279634598 0)
(-0.1026919521 0.02513722991 0)
(-0.09727342033 -0.01663558505 0)
(-0.08267727061 -0.03816890846 0)
(-0.09251623783 -0.03484544881 0)
(-0.09434301251 -0.03325820968 0)
(-0.09383279098 -0.03089968838 0)
(-0.05297640723 0.08130510883 0)
(-0.08720251366 0.05497806035 0)
(0.01865108901 0.09484033491 0)
(-0.02164688282 0.1023854083 0)
(-0.06608840547 0.04204110635 0)
(-0.06560269408 0.04439858249 0)
(-0.09828069756 -0.02139520991 0)
(-0.05342418386 0.0789321658 0)
(-0.06371536318 0.04286720968 0)
(-0.06328108007 0.04529302708 0)
(-0.06143180789 0.04614892061 0)
(-0.1000510298 -0.008814683607 0)
(0.02030554727 0.09163942715 0)
(-0.05679113455 0.0884056821 0)
(-0.06580902417 0.05653477669 0)
(-0.05932553821 0.08346689233 0)
(-0.0664636018 0.0396255503 0)
(-0.09633165289 0.02826648243 0)
(-0.02844355898 0.1033843809 0)
(-0.03261224924 0.09978549417 0)
(-0.03816955226 0.1016229173 0)
(-0.01780585463 0.07111666616 0)
(-0.07629619239 0.07144461221 0)
(-0.07022475889 0.05402050422 0)
(-0.04802191276 0.08363897183 0)
(0.03012005177 0.1029483811 0)
(0.03585331189 0.1044385939 0)
(0.04032821507 0.1005240704 0)
(0.04177992816 0.1056757953 0)
(0.04697693806 0.1021883695 0)
(0.04628127077 0.1111821921 0)
(-0.09784703191 -0.02787409782 0)
(-0.086021007 -0.004397541804 0)
(-0.08711007112 0.06138652515 0)
(-0.05744474516 0.07731495862 0)
(0.05598058355 0.1042535976 0)
(-0.08081978029 -0.03978421267 0)
(0.01768141383 0.09854436379 0)
(0.01762378778 0.1108756447 0)
(-0.05168330459 0.08978409664 0)
(-0.0197990068 0.07296420182 0)
(-0.07217350862 0.03370159513 0)
(-0.07023545071 0.03484951719 0)
(-0.004496725064 0.1015206192 0)
(-0.05010364313 0.09296817413 0)
(-0.005667680465 0.1086586763 0)
(-0.0144499758 0.1115262612 0)
(-0.01635616847 0.1065092039 0)
(-0.04337656684 0.08564784512 0)
(0.009831428333 0.07402029273 0)
(-0.09124342175 0.03355468839 0)
(-0.03449609216 0.08945804401 0)
(-0.03226234251 0.09040205409 0)
(0.04890629183 0.08378356757 0)
(-0.1020252235 -0.004378641748 0)
(-0.1008579239 -0.002194580739 0)
(-0.03893510965 0.08757255528 0)
(-0.07388208589 0.06190591984 0)
(0.03562558039 0.08671187174 0)
(-0.08044801568 0.05485162984 0)
(0.03752865223 0.08819214479 0)
(0.03786192471 0.08580855165 0)
(0.02444741176 0.0887449826 0)
(0.02825529778 0.09418989751 0)
(-0.09287369665 -0.02619566747 0)
(0.03149584911 0.08613271758 0)
(0.03116147183 0.08851705013 0)
(-0.06657346851 0.06947193108 0)
(-0.08893637978 0.03442229337 0)
(0.03372788109 0.08523013155 0)
(0.05418094155 0.08017227857 0)
(-0.02875744237 0.06932058153 0)
(-0.02699622257 0.06785290866 0)
(-0.03096474086 0.06839853296 0)
(-0.03127882264 0.06601045934 0)
(0.01408182543 0.07518182655 0)
(0.01374748035 0.07756612998 0)
(0.01567382127 0.07912031983 0)
(0.01188820061 0.07593210882 0)
(-0.05067045713 0.06251094752 0)
(-0.07572280776 0.03664694588 0)
(-0.08042792471 0.02425203158 0)
(-0.007153162119 0.07382855079 0)
(-0.005529240685 0.07238909134 0)
(-0.009208022722 0.07299925601 0)
(-0.08782636481 -0.02231435985 0)
(-0.0855516482 -0.02156602979 0)
(-0.08499097446 -0.01926778343 0)
(-0.08602792951 -0.02391506474 0)
(-0.08368995069 -0.02275614379 0)
(-0.08386646542 -0.02540716833 0)
(-0.04781265161 0.0682038766 0)
(-0.04749632088 0.07059063681 0)
(-0.07400113111 0.03510452973 0)
(-0.05392030791 0.05439524658 0)
(-0.05403411563 0.05206184866 0)
(-0.05596271005 0.05316417944 0)
(-0.04653648329 0.06196302585 0)
(-0.09883581806 0.006986355119 0)
(-0.1008089501 0.008511280606 0)
(-0.09931963082 0.004625028942 0)
(-0.1003157967 0.01110546824 0)
(-0.1033221007 0.01043012601 0)
(-0.102008793 0.01389403762 0)
(-0.09751964318 0.003027726228 0)
(-0.09980433643 0.002268209143 0)
(-0.1018025999 0.004135913341 0)
(-0.1021616964 0.001174062101 0)
(-0.1037322229 0.006840621042 0)
(-0.006167265553 0.08089951723 0)
(-0.01665970406 0.08107680591 0)
(-0.01443512932 0.08199547376 0)
(0.0001918858319 0.08127104336 0)
(-0.08447951156 -0.03652882929 0)
(-0.08400702408 -0.0341611858 0)
(-0.0624041942 0.04992833687 0)
(-0.05095593409 -0.0721019926 0)
(-0.052819147 -0.07362682762 0)
(-0.09688496036 0.01641836954 0)
(-0.09922251194 0.01558583563 0)
(-0.05243073901 -0.07600158274 0)
(-0.01317104597 0.09154090205 0)
(-0.07124114716 0.0382585011 0)
(-0.03731951124 0.06802750455 0)
(0.002417044965 0.08219047594 0)
(0.0005082258957 0.08365778099 0)
(0.004642205092 0.08310990613 0)
(-0.07799829534 0.03588553326 0)
(-0.02811409948 0.08987853482 0)
(-0.01221006657 0.08291477645 0)
(-0.01411889293 0.08438211124 0)
(-0.058622122 0.06599348932 0)
(-0.0931461757 0.02424236688 0)
(-0.02431833227 0.07088400395 0)
(-0.09371129657 -0.01987621083 0)
(-0.0899185425 -0.001079907429 0)
(-0.06782514173 0.05996919309 0)
(-0.02778485565 0.07647904482 0)
(-0.09487688 0.02593247399 0)
(-0.09211932003 -0.001768805327 0)
(-0.02333043968 0.07831830197 0)
(-0.02524316193 0.07978510331 0)
(-0.09155778172 -0.03014824179 0)
(-0.08680851174 -0.006717813663 0)
(-0.02620462576 0.08841234658 0)
(-0.0840116471 0.02729902155 0)
(-0.03509943289 0.0847208778 0)
(0.009712754896 0.089712517 0)
(-0.02397938411 0.08933197007 0)
(-0.02366294201 0.09171888985 0)
(-0.04402776354 0.08100045218 0)
(-0.0869195514 -0.04827376086 0)
(-0.08767431306 -0.05086649436 0)
(-0.01762024419 0.08970350295 0)
(-0.07302884431 -0.06596176999 0)
(-0.07496176745 -0.06746928259 0)
(-0.07469926845 -0.07043768148 0)
(-0.07761936764 -0.06891899692 0)
(-0.0822200946 -0.06989343894 0)
(-0.08738822751 -0.07349316602 0)
(0.006867364958 0.08402933694 0)
(-0.06149919424 0.06033215352 0)
(-0.08194304956 0.04775685184 0)
(-0.08732362664 0.02182308456 0)
(-0.08778444814 0.01945950281 0)
(-0.0486478438 0.07909551472 0)
(-0.08187555444 -0.05549346134 0)
(-0.01126609334 0.09007381279 0)
(-0.07965835839 0.04851637518 0)
(-0.05919795106 -0.07347443202 0)
(-0.08901860928 -0.007350266765 0)
(0.003685536894 0.07599569402 0)
(-0.06692737197 0.04835889758 0)
(-0.01507894018 0.09300944945 0)
(-0.00998489636 0.0838341217 0)
(-0.04240248444 0.06141513657 0)
(-0.0007625630577 0.08989228261 0)
(-0.09072775945 -0.0364575484 0)
(-0.09307653161 -0.03713054406 0)
(-0.09335669032 -0.03932613449 0)
(-0.07461804624 0.05237769826 0)
(-0.05126290988 -0.08312912796 0)
(-0.04901060571 -0.08397990234 0)
(-0.04714766141 -0.08245473732 0)
(-0.04675830322 -0.0848306772 0)
(-0.05308056215 -0.08472789798 0)
(-0.04858452177 -0.08634982376 0)
(-0.04636282319 -0.08720561377 0)
(-0.04450497983 -0.08568128469 0)
(-0.04411545037 -0.08805719638 0)
(-0.04225360048 -0.08653221073 0)
(-0.04186412251 -0.08890813084 0)
(-0.04000134093 -0.0873829925 0)
(-0.03022513276 -0.0861715461 0)
(-0.02521922081 -0.09006260133 0)
(-0.03961198879 -0.08975893323 0)
(-0.02388246836 -0.09206504543 0)
(-0.02147992468 -0.09190860589 0)
(-0.02628501204 -0.09222148496 0)
(-0.03774359508 -0.08823285439 0)
(-0.03734557661 -0.09061127348 0)
(-0.03929830214 -0.09215926606 0)
(-0.0437060743 -0.09037777036 0)
(-0.02254571591 -0.09406748952 0)
(-0.02014317223 -0.09391104998 0)
(-0.03813752416 -0.08585768105 0)
(-0.03696605234 -0.09300891774 0)
(-0.03507784943 -0.09146044344 0)
(-0.03467819368 -0.09385590398 0)
(-0.03297404148 -0.09225630794 0)
(-0.0323846555 -0.09462345344 0)
(-0.02120896346 -0.09606993361 0)
(-0.01880641978 -0.09591349407 0)
(-0.02363055632 -0.09623908962 0)
(-0.01774062855 -0.09375461045 0)
(-0.0164038761 -0.09575705454 0)
(-0.01750162418 -0.09793727129 0)
(-0.0150724498 -0.09776305415 0)
(-0.01400222012 -0.09560120759 0)
(-0.01266561562 -0.09760375045 0)
(-0.0115991093 -0.09544438946 0)
(-0.01026226233 -0.09744677045 0)
(-0.00919633617 -0.09528779675 0)
(-0.007859545478 -0.09729021531 0)
(-0.006793725387 -0.09513131242 0)
(-0.005456961754 -0.09713374905 0)
(-0.004391163851 -0.09497486097 0)
(-0.003054408425 -0.09697730307 0)
(-0.001988615589 -0.09481841837 0)
(-0.0006518623752 -0.09682086195 0)
(0.0004139292485 -0.09466197806 0)
(0.001750681891 -0.09666442203 0)
(0.002816473217 -0.09450553833 0)
(0.004153225715 -0.09650798239 0)
(0.005219016968 -0.09434909875 0)
(0.006555769429 -0.09635154284 0)
(0.007621560663 -0.09419265921 0)
(0.008958313116 -0.0961951033 0)
(0.01002410435 -0.09403621967 0)
(0.02070010012 -0.0912515654 0)
(0.0113608568 -0.09603866376 0)
(0.02203704068 -0.09325399548 0)
(0.01963432035 -0.09341045503 0)
(0.01242664802 -0.09387978013 0)
(0.01376340047 -0.09588222423 0)
(-0.01154992103 -0.09966643404 0)
(-0.006560846086 -0.09931806212 0)
(-0.001717653476 -0.09897974549 0)
(0.003111643774 -0.09867881758 0)
(-0.01597962576 -0.1001282499 0)
(0.01267021393 -0.09805939588 0)
(0.0151251226 -0.09790229735 0)
(0.02097107471 -0.09541290012 0)
(0.02338402862 -0.09524962184 0)
(-0.008130473026 -0.09312886512 0)
(0.01829753846 -0.09140801427 0)
(0.007891592683 -0.09833971648 0)
(-0.03587568686 -0.08671028583 0)
(0.02224743231 -0.09746734251 0)
(-0.03882887952 -0.09488913612 0)
(0.01403436169 -0.1000435519 0)
(0.01661411873 -0.09997459857 0)
(0.01108989557 -0.09187733604 0)
(0.01349243925 -0.09172089651 0)
(0.003882264523 -0.09234665466 0)
(-0.0009228231348 -0.09265953393 0)
(-0.03891574882 -0.08110592072 0)
(-0.05546777533 -0.08384318072 0)
(-0.02762176448 -0.09021904087 0)
(0.02472701812 -0.09727902922 0)
(-0.05501944493 -0.08646153674 0)
(0.02583747951 -0.09505906462 0)
(-0.03336829052 -0.08994074752 0)
(0.02722906374 -0.09719817022 0)
(0.02842061512 -0.09492727 0)
(0.0115016693 -0.1003672383 0)
(0.01251682469 -0.1023672586 0)
(-0.04823188858 -0.08873178189 0)
(-0.02863156978 -0.09240556346 0)
(-0.02734147227 -0.09438497508 0)
(-0.02227475469 -0.09822881723 0)
(-0.0248113076 -0.09855694329 0)
(-0.01867996206 -0.1003444393 0)
(0.01856850191 -0.09556934316 0)
(-0.008401415065 -0.0889675246 0)
(-0.01293574257 -0.09344186581 0)
(-0.04077845661 -0.08263107967 0)
(-0.04303072094 -0.08178030413 0)
(-0.01801158978 -0.08959328273 0)
(-0.0363500903 -0.08434545814 0)
(-0.03713854335 -0.07969552458 0)
(-0.05240174291 -0.0873571515 0)
(-0.05779298339 -0.08541068553 0)
(-0.03453946164 -0.09654091266 0)
(-0.03147757373 -0.096956206 0)
(-0.0414598265 -0.09394517144 0)
(-0.04116856282 -0.09728261969 0)
(-0.05784059042 -0.08897544797 0)
(0.0232966477 -0.09927188222 0)
(-0.01709639847 -0.1029944954 0)
(0.02086459245 -0.09981941903 0)
(-0.0339422648 -0.08490225658 0)
(-0.02984159831 -0.09046901162 0)
(-0.04435231216 -0.09542731838 0)
(-0.01331131628 -0.1020866212 0)
(0.02259558596 -0.1025303201 0)
(0.03017662279 -0.09698390712 0)
(0.03099563918 -0.09467037797 0)
(0.009787183674 -0.1030929906 0)
(0.02952399732 -0.09271885988 0)
(-0.02983434159 -0.09460160801 0)
(-0.02852362166 -0.09671683858 0)
(-0.02978057601 -0.09950280841 0)
(0.02444046523 -0.09309751092 0)
(-0.03550356292 -0.08908860476 0)
(0.0121556868 -0.08971845242 0)
(0.009753143126 -0.08987489195 0)
(0.01455823048 -0.08956201288 0)
(0.01562402171 -0.08740312926 0)
(0.01617010811 -0.09572872253 0)
(0.0175026966 -0.09772822878 0)
(0.01723244058 -0.09356738876 0)
(0.01988521916 -0.09756883489 0)
(-0.0156090461 -0.0894368432 0)
(0.01081893435 -0.08771600833 0)
(-0.01080395874 -0.08912396413 0)
(-0.01186978353 -0.09128287016 0)
(-0.03676759476 -0.08199051248 0)
(-0.03463286664 -0.08046478051 0)
(-0.04341038848 -0.07940381168 0)
(-0.02041413345 -0.08974972227 0)
(-0.003325367823 -0.09281597414 0)
(-0.002259575537 -0.09065708981 0)
(-0.004662119207 -0.09081352933 0)
(0.0001429683164 -0.09050065015 0)
(-0.005727918652 -0.09297241844 0)
(-0.007064667272 -0.0909699718 0)
(-0.01533826639 -0.09359829208 0)
(0.01028768355 -0.09819719584 0)
(0.0006889254585 -0.09882529763 0)
(0.001929550328 -0.1009750702 0)
(0.0045453195 -0.1008233781 0)
(0.003056776836 -0.103023096 0)
(0.0001853271595 -0.1031431475 0)
(0.002048335503 -0.1066645477 0)
(-0.004126550252 -0.0991404261 0)
(-0.005064466817 -0.1016286729 0)
(-0.007750967634 -0.1017615211 0)
(-0.006597932517 -0.1040684376 0)
(-0.009764833037 -0.1046495055 0)
(-0.03605418471 0.07757453633 0)
(-0.08631353537 0.02653408697 0)
(-0.09848852454 -0.001620813245 0)
(-0.08761451366 -0.04201631376 0)
(0.004003988969 0.07834570674 0)
(0.04235510749 0.08406504205 0)
(0.004958536664 0.08549666432 0)
(-0.005998872208 -0.08881108561 0)
(0.001479720711 -0.09250309428 0)
(0.002545512048 -0.09034421058 0)
(0.00494805576 -0.09018777103 0)
(0.003611303312 -0.08818532693 0)
(-0.01730394463 0.0920902226 0)
(0.005498158119 -0.09851055939 0)
(-0.002989517733 0.08897163794 0)
(-0.004905712952 0.09043182147 0)
(-0.08451529203 0.02496132147 0)
(-0.09107549696 0.01399357355 0)
(-0.08843103926 0.01445583638 0)
(-0.02494987929 -0.09422681621 0)
(-0.09910616783 -0.0150734897 0)
(-0.05800103912 0.05745754591 0)
(-0.005850913768 0.0832862265 0)
(-0.06911443021 0.06616773895 0)
(-0.02715328777 0.0812522922 0)
(-0.06466475979 0.06800769319 0)
(-0.07321732463 -0.05481170322 0)
(-0.08661612431 0.009629859303 0)
(-0.08760436691 0.01189747406 0)
(-0.08125805251 -0.04210740266 0)
(-0.03065269752 0.08656883137 0)
(0.00628480821 -0.09219021512 0)
(-0.08684620507 -0.01760951083 0)
(-0.08456094319 -0.01693406032 0)
(-0.08644758409 -0.01533354232 0)
(-0.05671328918 0.06452616291 0)
(-0.08665022109 0.03520090807 0)
(-0.09641027308 0.01877090531 0)
(-0.020478066 0.08401055287 0)
(-0.07751401839 0.03824396069 0)
(-0.04753697846 -0.08007878167 0)
(-0.03954295665 0.0828655689 0)
(-0.08062750156 0.04379956944 0)
(-0.03160386749 0.07941340404 0)
(-0.05076736322 -0.08556479999 0)
(-0.01116695286 0.07441169163 0)
(-0.04176983204 0.06618864514 0)
(-0.05830564548 0.06837989497 0)
(-0.01475073781 0.0796096531 0)
(-0.06555545283 -0.07327260207 0)
(-0.06752858341 -0.07483636589 0)
(-0.06709679757 -0.07762071397 0)
(-0.07015994268 -0.076541332 0)
(-0.06903126639 -0.07959040145 0)
(-0.07371822306 -0.07939881456 0)
(-0.06571792517 -0.08070911158 0)
(-0.06945865574 -0.0843053307 0)
(-0.06180392401 0.0736717605 0)
(-0.0615285267 0.0758229862 0)
(-0.06369109904 0.07512987652 0)
(-0.0569476255 -0.07432907678 0)
(-0.03795216655 0.06325399286 0)
(0.004322971988 0.08072546586 0)
(-0.0865108802 -0.02627155115 0)
(0.007350599445 -0.09003133149 0)
(-0.08820441315 -0.01366540506 0)
(-0.08041785482 -0.04841593615 0)
(-0.07813316157 -0.04765641901 0)
(-0.07764857604 -0.04529805802 0)
(-0.06339401878 0.06177806786 0)
(-0.04567080441 -0.0785530837 0)
(-0.05578771047 -0.08143505086 0)
(-0.07148915861 0.04683745076 0)
(-0.0742580074 0.04371975988 0)
(0.01187985496 0.09052951223 0)
(0.01322219473 0.08441132203 0)
(0.01510620224 0.08300406473 0)
(-0.08353501483 0.02964940394 0)
(0.01767110982 0.08624166453 0)
(-0.07633305363 -0.04925526656 0)
(-0.07404836061 -0.04849574571 0)
(-0.0900471531 0.01869745865 0)
(-0.04039029767 -0.08500702456 0)
(-0.09537318435 -0.007245044287 0)
(0.0065492461 0.08164347479 0)
(-0.06913405382 -0.05563620417 0)
(-0.09788291443 0.01174728772 0)
(-0.05385466281 0.07021715169 0)
(-0.04489490674 -0.08330547719 0)
(-0.08553845213 -0.05232150606 0)
(-0.08339677943 0.04068168967 0)
(0.01936332478 -0.0892491312 0)
(-0.09405766216 -0.01120224908 0)
(-0.05512721174 -0.07292062681 0)
(-0.07487929726 -0.04218017998 0)
(0.003683749908 0.09173733373 0)
(-0.02079003144 0.09743347541 0)
(-0.03160787963 -0.08423378175 0)
(-0.08879710355 0.04547822309 0)
(-0.09109600226 0.04495329923 0)
(-0.08831251802 0.04783658403 0)
(-0.08809578395 0.003427771084 0)
(-0.09037141881 0.003739316397 0)
(-0.05639679087 0.06691250623 0)
(-0.08824263575 0.01709808217 0)
(-0.09322672299 -0.01751782069 0)
(-0.00839242666 0.07998008942 0)
(-0.06783102815 -0.07243023274 0)
(-0.07958757528 -0.05473190994 0)
(-0.002840675397 0.0729248905 0)
(-0.0802814364 0.03512566607 0)
(-0.07899196848 -0.04135044573 0)
(0.008687351894 -0.09203377558 0)
(-0.08291219462 0.04304005199 0)
(-0.03854838706 -0.08348740811 0)
(-0.02079392542 0.08162398837 0)
(-0.008076061237 0.08236676771 0)
(-0.08570480742 -0.03258223426 0)
(-0.02301819589 0.08070468548 0)
(-0.02746870236 0.07886564038 0)
(-0.03192019541 0.07702664684 0)
(-0.04528191007 -0.08092936595 0)
(-0.002642213954 0.07557109008 0)
(-0.08348122759 -0.03175456561 0)
(-0.02492811663 0.08217173784 0)
(-0.07719638495 0.02970305323 0)
(-0.07377349353 0.04607808963 0)
(-0.042642599 -0.08415625796 0)
(0.00647704861 0.09720698662 0)
(-0.077165644 -0.04295029466 0)
(-0.08976626912 0.04076148205 0)
(-0.08242761357 0.04539842622 0)
(-0.02969461484 0.07794614862 0)
(-0.06740392765 0.04599831114 0)
(-0.01888318905 0.08015890174 0)
(-0.02655605924 -0.08806019703 0)
(0.01734775536 0.08386991638 0)
(0.01667891368 0.08153636451 0)
(-0.09550505392 -0.01827022206 0)
(-0.08021929732 0.01929497035 0)
(-0.03414535602 0.07610721492 0)
(-0.09585776988 -0.009603405224 0)
(-0.08422772426 0.04699727896 0)
(-0.04431132141 0.06288245752 0)
(-0.04685279464 0.05957627373 0)
(-0.03637051659 0.07518778018 0)
(-0.06968862091 0.04523879405 0)
(-0.06514178568 0.04677908913 0)
(-0.02891646388 -0.08822512495 0)
(-0.06376696502 0.05950361852 0)
(-0.04272945915 0.07481574736 0)
(-0.05257929887 0.06397826245 0)
(-0.08990766775 -0.04269939555 0)
(-0.09104012075 -0.04571942376 0)
(-0.08094386349 0.02178779421 0)
(0.00177670793 0.09320065836 0)
(-0.03859567758 0.07426835118 0)
(0.01802656654 -0.08724668929 0)
(-0.01053310848 -0.09328536592 0)
(-0.019077381 -0.09175216636 0)
(-0.04876162152 0.06104362188 0)
(-0.0430458856 0.0724292188 0)
(-0.052895581 0.06159156493 0)
(-0.04050443833 0.07573551477 0)
(-0.04907784952 0.05865698111 0)
(-0.09816053962 -0.0103713565 0)
(-0.04208615912 0.06380188972 0)
(-0.03142260812 -0.08848508699 0)
(0.01795849887 0.07805931134 0)
(-0.0452710619 0.07150982775 0)
(-0.04940515049 0.07205796737 0)
(-0.0544881013 0.06544552256 0)
(-0.04717839795 0.07297354367 0)
(-0.09787035139 -0.01881738203 0)
(0.01920338522 0.08204582305 0)
(-0.05194650684 0.06875145144 0)
(-0.08603225104 0.04860941573 0)
(-0.05417162986 0.06783193261 0)
(-0.04972145877 0.06967115281 0)
(-0.03986099892 0.0647213193 0)
(-0.001193784096 -0.08849820604 0)
(-0.03763584109 0.06564074585 0)
(-0.01427231172 -0.09143929935 0)
(-0.01667487059 -0.09159574903 0)
(-0.03541068175 0.06656017388 0)
(0.008416390676 -0.08787244786 0)
(0.01483000323 -0.09372391152 0)
(-0.009467234354 -0.09112642695 0)
(0.01589511291 -0.09156454672 0)
(0.01696079915 -0.08940558727 0)
(-0.03064840899 0.07078611822 0)
(-0.03286919067 0.06986636375 0)
(-0.03350233372 0.06509239776 0)
(-0.03318668672 0.06747914368 0)
(0.01982292921 0.07952796843 0)
(0.02554154084 -0.09093802487 0)
(0.02553542233 0.08398361381 0)
(0.02363987331 0.0825057889 0)
(0.03462247779 0.0938647775 0)
(-0.03033972893 0.08894890207 0)
(-0.005606734942 0.09901427909 0)
(0.03974549796 0.087284859 0)
(-0.01063101828 0.09484439952 0)
(-0.05330702436 -0.07112521781 0)
(0.05657633569 0.08032365624 0)
(-0.1631905095 0.0211669524 0)
(0.04436968216 0.09679452004 0)
(-0.01095206761 0.09245973733 0)
(0.04199440305 0.08637910721 0)
(-0.08599858473 -0.002011955082 0)
(-0.08943233153 0.03198500396 0)
(-0.06879330293 0.06854616558 0)
(-0.0739587884 0.05940547888 0)
(-0.007121459067 0.08951346936 0)
(-0.0004523993275 0.0922650035 0)
(-0.08951487733 0.001395631157 0)
(0.0364015806 0.1119521652 0)
(0.02930039116 0.1159647095 0)
(0.01145528147 0.1154790319 0)
(0.05005356382 0.0970180269 0)
(0.05811231607 0.09531952926 0)
(-0.009049544302 0.09099289322 0)
(-0.09334332102 -0.02854995786 0)
(-0.07369683693 -0.07428669386 0)
(0.01284265971 0.07963837123 0)
(-0.03373105188 -0.08754008368 0)
(-0.07558559887 0.02478840806 0)
(-0.004589520455 0.09280691228 0)
(0.0576442326 0.08259369328 0)
(0.06043636954 0.08280059845 0)
(0.05838124661 0.08568876991 0)
(0.06182304087 0.08516153466 0)
(0.06391068787 0.08226273251 0)
(0.06561870156 0.08706400786 0)
(0.06861934043 0.08130582689 0)
(0.07246324555 0.08647209781 0)
(0.06933285774 0.09356597879 0)
(0.07464999128 0.07980479039 0)
(0.07031487867 0.07620996771 0)
(0.07691558696 0.07492535718 0)
(0.06940133831 0.06863097561 0)
(0.07371117275 0.0717043398 0)
(0.07777500278 0.07053836582 0)
(0.08112177107 0.07306109383 0)
(0.08163393863 0.0678056729 0)
(0.07857895439 0.06535257118 0)
(0.0835939903 0.0640491029 0)
(0.07942508709 0.06099465305 0)
(0.07875861174 0.05461387141 0)
(0.07532038699 0.0674043367 0)
(0.08724359244 0.0731713787 0)
(0.07864953229 0.0928969794 0)
(0.06698610541 0.07738858167 0)
(0.08729876846 0.06608851482 0)
(0.08009536419 0.05261142732 0)
(0.08116249508 0.05476964958 0)
(0.07982452917 0.05677413568 0)
(0.08222816312 0.0569299927 0)
(0.08356730204 0.05492577191 0)
(0.08455760049 0.05674037033 0)
(0.0808701076 0.05894557295 0)
(0.08249790786 0.05276786685 0)
(0.08383342305 0.05076459682 0)
(0.08276866288 0.04860640149 0)
(0.08517648275 0.04876019637 0)
(0.08620292804 0.05089306633 0)
(0.08758855503 0.04891400648 0)
(0.08410643225 0.04660360853 0)
(0.08650816521 0.04676053458 0)
(0.08784007519 0.04475485788 0)
(0.08677832161 0.04259867179 0)
(0.08918072992 0.04275502013 0)
(0.09051826688 0.04075309961 0)
(0.08996737392 0.0448771138 0)
(0.08945017147 0.03859583113 0)
(0.09185517501 0.03875075821 0)
(0.09303840775 0.04068064191 0)
(0.07070432594 0.06660599146 0)
(0.07185382929 0.0689280799 0)
(0.07049774921 0.07082347201 0)
(0.07742188032 0.05661654561 0)
(0.06806967935 0.07063901529 0)
(0.07846293485 0.05878788502 0)
(0.06912514876 0.07298796356 0)
(0.08486151712 0.05289500356 0)
(0.07711505519 0.06076863429 0)
(0.07474238058 0.0606197022 0)
(0.07578742917 0.06276300757 0)
(0.07340132931 0.06261733035 0)
(0.07434940106 0.06479924686 0)
(-0.07233720226 -0.07077997236 0)
(-0.08765486087 0.05022339782 0)
(0.04345873254 0.08996680334 0)
(-0.03256783278 0.08802046303 0)
(-0.03479303658 0.08708836373 0)
(0.02696379039 -0.09293080077 0)
(-0.08822871415 0.1132352238 0)
(-0.08345041191 0.1349120231 0)
(-0.09252951316 0.006845232025 0)
(-0.07288067887 0.02884830035 0)
(-0.002677451607 0.09134758708 0)
(0.002107148197 0.09556531611 0)
(-0.07084075249 0.07011458295 0)
(-0.008925283851 -0.09944906366 0)
(-0.0137157857 -0.09944962196 0)
(-0.05652908543 0.049497485 0)
(-0.03700907407 0.08615541636 0)
(-0.01767028686 0.1019394767 0)
(-0.0001372291642 0.09463408256 0)
(0.002496839307 0.0979025528 0)
(-0.03001356948 0.09658475829 0)
(-0.1004788451 -0.01108596264 0)
(-0.06059862893 0.0568227352 0)
(-0.07672206776 -0.04046851837 0)
(-0.09194726287 0.009203232455 0)
(-0.09172236361 0.04272084693 0)
(-0.08550197114 0.05095880233 0)
(-0.07240468969 0.05311336089 0)
(-0.03923315039 0.08521412736 0)
(0.04364269675 0.09279700732 0)
(-0.09699148108 -0.1079771806 0)
(-0.08153926625 -0.03341036699 0)
(-0.09556518667 -0.02930282528 0)
(-0.1016810247 -0.0280860808 0)
(-0.09591491778 -0.03176103441 0)
(-0.09676176621 -0.03411277724 0)
(-0.06755849404 -0.06135131908 0)
(-0.05743437347 -0.08268077536 0)
(-0.06007203178 -0.0821329857 0)
(-0.06141396319 -0.08549723992 0)
(-0.06054591762 -0.09568904701 0)
(-0.04147497736 -0.09128410549 0)
(0.05336221403 0.09154590582 0)
(0.001205420252 0.06710939055 0)
(0.003386464607 0.06752122931 0)
(0.07323226466 -0.06748800766 0)
(0.07570329719 -0.06724288891 0)
(0.07658038383 -0.06487657063 0)
(0.07815738458 -0.06657245964 0)
(0.07945919192 -0.06386918412 0)
(0.08152207225 -0.06685226653 0)
(0.07770910647 -0.0699110624 0)
(0.08347112863 -0.06248278227 0)
(0.08607406458 -0.06721088579 0)
(0.08853836416 -0.06225808859 0)
(0.08542291379 -0.05891512456 0)
(0.08968520929 -0.05691496989 0)
(0.08750529689 -0.05407466016 0)
(0.09003207665 -0.05238206738 0)
(0.08851299718 -0.0495988281 0)
(0.09221545673 -0.04924871779 0)
(0.09430759638 -0.04326573519 0)
(0.0847177874 -0.05108629518 0)
(0.08055428819 -0.06064889858 0)
(0.08297339944 -0.05481925315 0)
(0.09513221816 -0.05436870443 0)
(0.09216427424 -0.06689585512 0)
(0.08839792618 -0.07332283393 0)
(0.09538427607 -0.04019289318 0)
(0.09769426624 -0.04326855615 0)
(0.08961577201 -0.0468643045 0)
(0.08204335992 -0.07160985329 0)
(0.08697878295 -0.04751907087 0)
(0.09753701371 -0.07341210709 0)
(0.09240738435 -0.04572640507 0)
(0.08804304315 -0.04380481172 0)
(0.07492433583 -0.06302391673 0)
(0.04712677439 0.07967346202 0)
(0.001674829618 0.06016415819 0)
(0.02791389161 0.09654175 0)
(0.08906559107 0.04691310428 0)
(0.09013918016 0.04910608598 0)
(-0.08351524383 -0.02074664952 0)
(-0.0414521707 0.08426589861 0)
(-0.07363888447 0.003762849195 0)
(0.04733978093 0.03804841222 0)
(-0.016611215 0.06893817869 0)
(-0.009458680683 0.0511901814 0)
(-0.03498077304 -0.06704227213 0)
(0.09595756047 0.04219504267 0)
(0.06418401991 0.07690196747 0)
(0.06539108724 0.07463831233 0)
(0.06770900982 0.07477213727 0)
(0.0613808299 0.0806456446 0)
(-0.05211621016 0.05062860595 0)
(0.05600392737 -0.07621380125 0)
(-0.03753874007 -0.09810000709 0)
(-0.06415485979 0.00583732282 0)
(-0.02484574033 0.06649306653 0)
(-0.03371344506 -0.09969597468 0)
(-0.03086721005 -0.103715078 0)
(0.04362825206 0.03859010805 0)
(-0.08621083888 0.01350447917 0)
(-0.06215336741 -0.06792640787 0)
(-0.05951541957 -0.002396904601 0)
(-0.02605750645 -0.09642299615 0)
(0.005376971072 0.07180967476 0)
(-0.05887837025 0.01592999892 0)
(-0.07525147322 0.06811136178 0)
(-0.09142361337 0.04754533118 0)
(0.07128733657 -0.07209869351 0)
(0.07401332247 -0.07283720062 0)
(-0.06027212632 -0.07972603018 0)
(-0.0647767338 -0.07802448112 0)
(-0.02209509439 0.07209626838 0)
(-0.009642860613 -0.05366216965 0)
(-0.006493811195 0.07034922557 0)
(0.01465541195 -0.05196829328 0)
(-0.07086767948 0.07754176284 0)
(-0.07081037276 0.08145273385 0)
(0.02986574084 0.05327015408 0)
(-0.03122196418 -0.05068966299 0)
(0.02385081478 -0.1074615218 0)
(-0.04318673145 -0.0448349794 0)
(-0.01988374348 -0.09807754061 0)
(0.06067869383 0.08941836797 0)
(0.03036273993 -0.09054122523 0)
(0.008042079272 0.05138326431 0)
(-0.09839978039 0.02998687929 0)
(0.07827601739 -0.06142382439 0)
(0.07849926041 -0.05917315127 0)
(0.08068752728 -0.05803359554 0)
(-0.09836802443 0.01768729974 0)
(-0.1009793367 0.01738932283 0)
(-0.1047870685 0.01676092711 0)
(0.09326414208 -0.03846846385 0)
(0.09447087681 -0.03621549192 0)
(-0.06263899957 0.08310724461 0)
(0.09371504456 0.06878133258 0)
(-0.02210768069 0.1770449779 0)
(0.02147723645 0.08343811064 0)
(-0.1354606223 -0.05504547603 0)
(0.02334067485 0.09908192442 0)
(-0.09921871107 -0.02366181011 0)
(-0.07987334921 0.05716323249 0)
(-0.08306332066 -0.02943161708 0)
(-0.08442697966 -0.05637367308 0)
(-0.0003394589156 -0.1006123779 0)
(0.0103191236 0.09423174838 0)
(0.05375048802 -0.005690518274 0)
(-0.0696707008 -0.07394699253 0)
(0.09572508027 -0.01940734838 0)
(0.03954574501 -0.03979269474 0)
(-0.1070277736 0.009487954701 0)
(0.02231951689 0.0903638829 0)
(-0.05691239661 0.02201914701 0)
(-0.04371567461 0.08331731861 0)
(-0.0823525054 -0.01630643163 0)
(-0.06082066701 0.09193953631 0)
(0.05527526483 0.01117659138 0)
(0.01928720356 0.09679486784 0)
(-0.05153076585 -0.01700040057 0)
(0.009013082385 -0.1419860304 0)
(0.003387505953 0.07367041449 0)
(0.03414073293 0.04729121016 0)
(-0.04603690133 0.0824010578 0)
(-0.04599530653 -0.08962730052 0)
(-0.04803141191 -0.09127779881 0)
(-0.0509731002 -0.09036659472 0)
(-0.09411911603 0.04532362485 0)
(-0.09173502782 0.0310371001 0)
(-0.01112005065 0.05291213046 0)
(0.05693816116 -0.07411474449 0)
(0.03187783949 -0.09254961899 0)
(0.03421098822 -0.09227275153 0)
(0.03878364426 -0.09224838228 0)
(0.04034756238 -0.09489585175 0)
(0.03733064264 -0.09466577974 0)
(0.04361721914 -0.09416829434 0)
(0.03750489661 -0.09011895235 0)
(0.04630242739 -0.0957445208 0)
(0.03513113869 -0.09019788287 0)
(-0.02026954991 -0.05225682674 0)
(0.04362492809 -0.09177161607 0)
(-0.06066273474 -0.0003456133486 0)
(0.009234135866 0.07173628381 0)
(0.1812860284 0.04218253811 0)
(-0.02715845187 0.09697210591 0)
(0.06865135694 -0.05147279819 0)
(0.04229541635 -0.03355905342 0)
(-0.03303886189 -0.05225247658 0)
(-0.08987632575 -0.1489251713 0)
(-0.007421420403 0.0578756277 0)
(0.08639964249 -0.04308816676 0)
(0.201966927 0.1293651866 0)
(-0.01475216548 -0.1061458439 0)
(-0.01027793634 -0.1104494923 0)
(0.03754567974 0.0445058626 0)
(-0.01634503 0.09914536494 0)
(0.09654075256 -0.04761729416 0)
(0.1008668105 -0.05190975316 0)
(-0.04862340018 0.03593513865 0)
(-0.06226790906 -0.04232458742 0)
(-0.1080183576 -0.0001628266789 0)
(0.09157517478 -0.03235017848 0)
(-0.06590336683 0.05868193598 0)
(-0.06292537063 0.04762965161 0)
(-0.04140918947 -0.0349817987 0)
(0.02921642088 -0.0996979406 0)
(0.03644055875 -0.09219834105 0)
(0.06607315507 -0.07990553896 0)
(0.03280845856 -0.04289711155 0)
(-0.07753263647 -0.07213357318 0)
(-0.0525884371 0.03438378634 0)
(-0.07511013497 0.0004358288995 0)
(-0.01214949262 0.1008228243 0)
(-0.1080327762 0.02626875562 0)
(-0.1012067444 -0.01355574921 0)
(-0.06345600004 -0.05804601119 0)
(-0.01755045043 0.07387588315 0)
(-0.02337376055 -0.1009980593 0)
(0.09982780971 -0.01084055218 0)
(-0.02063805861 -0.1031684714 0)
(-0.09200519525 0.06460128612 0)
(-0.05128239586 -0.02978876129 0)
(-0.08398422426 0.01345246651 0)
(0.02439003283 -0.04589882946 0)
(-0.002671871703 0.05841199743 0)
(-0.1526880927 0.07531616581 0)
(0.03331897616 -0.09431034953 0)
(-0.08390676866 -0.01212198584 0)
(-0.08582826028 -0.05462391557 0)
(-0.002551925778 -0.1012310796 0)
(-0.1014113428 0.02121349034 0)
(-0.004001093738 0.07041841504 0)
(0.1095835576 0.003098974514 0)
(-0.0508793381 0.08039970367 0)
(0.09281973359 -0.03440736202 0)
(0.09331886517 -0.06037078105 0)
(-0.03932806591 0.09752846688 0)
(-0.03557172266 -0.078052965 0)
(-0.06326782186 -0.04723479541 0)
(-0.06312458158 -0.0002185713758 0)
(-0.0528292973 -0.01131602322 0)
(-0.06032130391 0.04816791433 0)
(0.05106855947 0.01756884102 0)
(-0.03486560676 -0.05381835942 0)
(0.09215658603 0.043377476 0)
(-0.07816452576 0.06010080652 0)
(-0.08163078364 -0.02363816865 0)
(-0.03807096286 0.04779705282 0)
(-0.07704298301 0.02292617308 0)
(0.04962277191 -0.09324073256 0)
(0.07474826182 -0.06935974748 0)
(0.05790082441 -0.07193215318 0)
(-0.08114147234 -0.02835113025 0)
(0.04682356325 0.08687008345 0)
(0.006248138215 -0.1034167196 0)
(0.101573972 -0.04576546234 0)
(-0.03673967518 -0.04243590071 0)
(-0.07429771951 -0.06155603672 0)
(-0.06811213642 0.03426368331 0)
(0.04992953375 0.07172725713 0)
(-0.1008998444 0.00621983981 0)
(-0.066940675 0.002222545505 0)
(0.00426608783 0.06952366094 0)
(-0.003500422252 0.1445077441 0)
(-0.09986047846 6.247252205e-05 0)
(-0.1040720757 -0.00150052579 0)
(-0.1026515484 -0.007163359203 0)
(-0.1061309964 -0.009207080904 0)
(-0.04856077711 -0.09555262313 0)
(0.0320412689 -0.1029879743 0)
(-0.0730535098 0.07184687828 0)
(0.07666672679 -0.05822159093 0)
(-0.04464328787 -0.03033329463 0)
(-0.0297321054 -0.04240170114 0)
(-0.04846955638 0.08138754564 0)
(-0.03056587494 -0.06353135433 0)
(0.007197997864 -0.100726738 0)
(0.01270088316 -0.105680523 0)
(0.05553787152 0.007154147262 0)
(-0.01979549192 0.05960410831 0)
(0.05721569118 0.1214213812 0)
(-0.0993602111 0.0132809416 0)
(0.04019418317 0.05613951593 0)
(-0.1047115296 -0.01363251903 0)
(-0.09213208614 0.02874666755 0)
(-0.0592264585 -0.02519993236 0)
(0.01196042352 -0.05251272058 0)
(-0.0009200769686 0.06265175252 0)
(-0.08162465193 0.05881952219 0)
(0.004730368363 0.09865818233 0)
(-0.06564138169 -5.316904443e-05 0)
(0.03302100749 0.05564750017 0)
(-0.06502358733 0.008760049284 0)
(-0.03495964535 -0.1085383442 0)
(-0.05923456745 0.04567459067 0)
(-0.07212449216 0.05539785364 0)
(-0.01549033438 -0.1690666414 0)
(-0.05737705276 -0.03838655967 0)
(-0.0869729998 0.06577521561 0)
(-0.03678855696 -0.05540129908 0)
(0.05059832288 -0.08721832184 0)
(0.05294376932 -0.09053960395 0)
(-0.08619342409 0.0180668007 0)
(-0.03332225947 0.09665532754 0)
(0.04020309437 0.04202160214 0)
(-0.09839779167 0.03332355188 0)
(0.08615267114 0.05488869668 0)
(0.09830340951 -0.01913137377 0)
(0.1113345878 0.2337470991 0)
(0.09523161495 0.3147116231 0)
(-0.03810846961 0.09476333371 0)
(-0.005879726405 0.05620247184 0)
(0.008415177625 0.09989766523 0)
(-0.07969345318 -0.06673066178 0)
(0.009851243165 0.07650897696 0)
(-0.09546803696 0.03930105353 0)
(-0.07437965753 -0.001706468531 0)
(0.08441192838 0.1048846067 0)
(-0.03654892806 -0.09540760265 0)
(-0.02674653518 -0.1010604051 0)
(0.009333225414 -0.1001447758 0)
(-0.00507659115 0.05825008455 0)
(-0.05095595527 -0.06012169627 0)
(-0.04301462448 0.09303498613 0)
(0.04365633558 -0.03135048663 0)
(-0.08793903768 0.05261299545 0)
(-0.0345462201 -0.07203287485 0)
(0.09310016509 0.03679361509 0)
(0.09220045708 0.03473832527 0)
(-0.08063836018 -0.03744309379 0)
(-0.144187449 -0.07198431152 0)
(-0.1018357071 -0.01616936841 0)
(-0.003258492484 -0.1048162413 0)
(0.08383359668 0.05891144713 0)
(0.08595860083 0.06158064049 0)
(0.04135621649 0.09399660065 0)
(0.06907625588 -0.09503258356 0)
(-0.0450232696 0.09167475781 0)
(-0.04598460715 0.09458518712 0)
(-0.05047257082 0.09817313579 0)
(-0.05151798289 -0.004996747935 0)
(0.1640035162 0.1648573738 0)
(-0.06187874606 0.07958185121 0)
(0.1075693713 0.02548500636 0)
(0.1072470016 0.03208101608 0)
(0.05886285534 -0.06975462163 0)
(-0.05945598751 -0.04801339184 0)
(-0.06800102269 -0.05924847786 0)
(-0.03715552087 0.04448467701 0)
(-0.03876808874 0.04581478007 0)
(0.1002963785 -0.01512522562 0)
(0.07304429051 0.06697504676 0)
(-0.06928344007 0.03671886947 0)
(-0.05112887345 0.03628182183 0)
(0.06358135103 -0.0792572089 0)
(-0.03862409322 -0.05691032838 0)
(-0.08857694057 -0.04672544252 0)
(0.009522729399 -0.0529632296 0)
(0.008078306392 0.05764342367 0)
(0.0948137425 0.03078388782 0)
(-0.05415590273 -0.1001197357 0)
(0.09113790973 -0.1003890829 0)
(0.04752949757 0.0755607543 0)
(-0.030827619 -0.09261978899 0)
(-0.03256219247 0.0544962497 0)
(0.01463717179 0.08107519242 0)
(-0.05837413247 -0.06133741292 0)
(-0.05635688412 -0.06258554194 0)
(0.01304066057 0.05522426768 0)
(-0.05614869282 0.003641204388 0)
(-0.02433625748 -0.05524444927 0)
(0.05274117408 -0.007969196045 0)
(-0.1386544825 -0.03822993744 0)
(-0.06297759418 -0.08176833456 0)
(-0.08959243192 0.01245956945 0)
(-0.0444165113 0.04738911055 0)
(0.08229884094 0.06134787357 0)
(-0.0506811511 -0.038225762 0)
(-0.04193436497 -0.140730277 0)
(-0.04237722417 0.1382956877 0)
(0.08113027359 0.07897546929 0)
(0.07793671128 0.06295681832 0)
(-0.07046204406 -0.01549302772 0)
(-0.1019617551 0.03505842036 0)
(-0.1007309792 0.03992049608 0)
(0.08763532859 0.05772638862 0)
(-0.06201273141 0.0416381408 0)
(-0.04787170696 -0.06190011662 0)
(-0.08448613412 -0.05875807922 0)
(-0.05573537594 0.07855397951 0)
(-0.07173800206 0.0360084704 0)
(-0.07390588656 0.05680563346 0)
(0.03260454722 0.04870878651 0)
(-0.08243131066 0.02364094195 0)
(-0.0827579932 -0.05997257512 0)
(0.05223048795 -0.01418353149 0)
(0.05053095275 0.0669712675 0)
(-0.08048581107 0.01099730961 0)
(-0.07852673558 -0.0115512135 0)
(0.09859342295 -0.02767404985 0)
(0.1048387966 -0.02564353676 0)
(0.1115273709 -0.03000132028 0)
(0.002298076105 0.0579680553 0)
(-0.0526970516 0.07684071795 0)
(-0.0729596302 -0.01179859631 0)
(-0.03575532756 0.0491161866 0)
(0.1079178133 -0.02027194299 0)
(-0.0700856678 -0.01767350415 0)
(-0.06779297259 -0.01872633804 0)
(-0.07013262077 0.07486571048 0)
(-0.06714488688 -0.06621383357 0)
(-0.07177462233 -0.03707259883 0)
(0.09905956806 -0.03938549458 0)
(0.1026620513 -0.03619520723 0)
(-0.05711444156 0.01374726693 0)
(-0.02230227293 0.07009813038 0)
(-0.0650992013 0.03794642174 0)
(-0.03810622148 -0.07449511033 0)
(-0.06313204996 0.07751122152 0)
(-0.06532946535 -0.0224745132 0)
(-0.0602254607 -0.0333838506 0)
(-0.08529928153 0.02267692055 0)
(0.158384511 0.2119831018 0)
(-0.06042474873 -0.0525240307 0)
(0.059869662 -0.06754770111 0)
(-0.04089627146 -0.0562643101 0)
(-0.08781060564 -0.0005583184792 0)
(-0.02024878997 0.09989475101 0)
(-0.02028648948 0.1052809706 0)
(0.02042262686 0.09856264397 0)
(0.077978385 -0.07393217345 0)
(-0.02562081685 -0.05878257858 0)
(-0.08775652011 -0.05305284822 0)
(-0.05833404255 0.007517258645 0)
(-0.05452743672 -0.02508884701 0)
(0.03576563379 0.05795858349 0)
(0.0297616808 -0.04514729705 0)
(-0.04923318891 0.0899635102 0)
(-0.02708820154 -0.09841331411 0)
(-0.06514275926 -0.0373889825 0)
(-0.02857424987 0.1094067942 0)
(-0.01334163038 -0.05202012867 0)
(0.08821832789 -0.08215796224 0)
(0.08676166333 -0.09147022665 0)
(-0.09398368391 0.02789143375 0)
(0.02349009758 0.0847349819 0)
(0.05357120626 0.002679637844 0)
(0.05073170416 -0.01185232812 0)
(0.04154595436 -0.04025417619 0)
(-0.0575171534 0.01762748452 0)
(-0.03493502706 -0.08283581968 0)
(-0.02028535891 0.05726947482 0)
(-0.08179131324 0.01325223126 0)
(-0.08346999996 -0.009865338893 0)
(-0.08290081569 -0.007400906004 0)
(-0.09925029517 -0.02611241201 0)
(0.01216638885 0.09277466724 0)
(-0.05946187189 -0.315684362 0)
(0.08725616955 -0.04552588127 0)
(0.08438212466 -0.04753500219 0)
(0.0833603396 -0.04951008425 0)
(0.08260338368 -0.05195310213 0)
(0.08089253083 -0.04976897087 0)
(0.08109515847 -0.05363374444 0)
(0.07874047094 -0.05395522579 0)
(0.08041028328 -0.05583896601 0)
(0.08498535278 -0.05317144784 0)
(0.08581042751 -0.04933364844 0)
(-0.06768840058 0.3074652536 0)
(0.04052219233 0.09668296309 0)
(0.03750844452 0.09710024055 0)
(-0.05006047034 -0.06467075222 0)
(0.02228668449 0.0925791718 0)
(0.007508284424 0.07119687009 0)
(-0.1020682588 0.02981690125 0)
(-0.09189599732 -0.04108981269 0)
(-0.02332357486 0.06456169045 0)
(0.06532543286 0.07953318296 0)
(0.01445940914 0.09343919268 0)
(-0.04294237341 -0.05776503949 0)
(0.05310990076 0.06363581004 0)
(0.100079419 0.02229298583 0)
(-0.06025386537 0.08647757915 0)
(-0.07550935405 0.02840071116 0)
(0.04983006479 0.05637342475 0)
(0.03255306026 -0.0961896926 0)
(0.03497778687 -0.09602043765 0)
(0.03813500181 -0.0979890517 0)
(0.03676910526 -0.1021738648 0)
(0.1087558614 -0.05121832669 0)
(-0.06069319423 0.01459998049 0)
(0.03626798417 0.04776220565 0)
(-0.05725570656 0.07515921657 0)
(0.1016041623 0.001063100346 0)
(-0.007821887413 -0.0532125039 0)
(-0.1198186022 -0.04137946397 0)
(-0.04776861265 0.1044607607 0)
(0.001283411513 0.07299352737 0)
(0.1246620614 -0.1535737229 0)
(0.2617005842 -0.009665676652 0)
(0.2170081591 -0.01745859026 0)
(0.08057792044 0.06375111532 0)
(-0.09411624678 0.04207769738 0)
(0.00590364515 0.1088395471 0)
(0.05622354851 0.08443207749 0)
(-0.07527590082 0.007766247111 0)
(0.02570694383 -0.09985146278 0)
(0.1573085086 -0.06104366844 0)
(0.1910547763 -0.07336598911 0)
(-0.06407071069 -0.06742107616 0)
(-0.03227389803 -0.08611352037 0)
(-0.08436637403 -0.003134758093 0)
(0.05358447605 0.2538507246 0)
(0.1086940003 -0.197172793 0)
(-0.09100819051 0.005568065565 0)
(0.01073667143 0.09636918573 0)
(-0.0407337222 0.04288773003 0)
(-0.01134235836 0.07184908595 0)
(0.04592413882 0.05823616782 0)
(-0.07598559011 0.05855046241 0)
(0.04908399311 0.1371332761 0)
(0.07332826348 -0.07724978498 0)
(0.09486680037 0.07795822925 0)
(0.03105697619 0.05165253638 0)
(0.01010514281 0.05915144505 0)
(-0.1547974051 -0.0265640151 0)
(-0.05848920093 0.04953468585 0)
(0.001666100289 -0.1120425517 0)
(0.04245771484 0.0421151929 0)
(-0.07824872203 0.01084458162 0)
(0.06086067591 -0.0653507976 0)
(-0.07235374395 -0.09019963274 0)
(-0.1712101441 -0.0762516758 0)
(-0.08434990645 -0.01471740689 0)
(-0.0335838445 -0.06558710674 0)
(-0.1189140388 -0.1028896671 0)
(-0.1409569806 -0.1282013896 0)
(-0.03552802477 0.05151456242 0)
(-0.05407546759 -0.08919054767 0)
(-0.05152880878 -4.830908405e-05 0)
(0.0731540756 0.1004197342 0)
(0.06487834601 0.09938757894 0)
(-0.08520416887 0.07745461041 0)
(0.1002409812 -0.02577518706 0)
(-0.06114183958 0.1430247106 0)
(-0.0450578427 -0.05693860334 0)
(0.05953482564 -0.08490364397 0)
(0.0561760154 -0.08769007188 0)
(-0.01383150542 0.07142459138 0)
(-0.07498794665 -0.06518569745 0)
(-0.01026046437 -0.1015226291 0)
(-0.1012425981 -0.02164793971 0)
(-0.02845790772 0.05395201949 0)
(-0.005692713807 -0.05598015123 0)
(0.04294758979 -0.03727696335 0)
(0.05393854466 -0.00163568373 0)
(0.09511735901 -0.03417363317 0)
(0.00857420195 0.09787994831 0)
(-0.07891462827 0.07525604598 0)
(-0.09449441086 -0.03538181562 0)
(0.09571232152 0.03330627525 0)
(-0.04776426338 0.03410594659 0)
(-0.0486886646 0.04815475925 0)
(0.0826230312 -0.05931160782 0)
(0.04485671401 -0.02946619382 0)
(-0.06380696472 -0.05998288066 0)
(-0.1200574456 0.05998143344 0)
(0.05001645803 0.01975052733 0)
(-0.05215923733 -0.01336234449 0)
(-0.1078829495 0.1483597123 0)
(0.09293672613 0.05167928074 0)
(0.0924745721 0.05617956471 0)
(-0.1336308239 0.3312601885 0)
(-0.007515707145 0.07197326409 0)
(-0.0444787269 -0.0405139404 0)
(-0.07084506649 0.03028619943 0)
(0.03588398433 -0.1267752995 0)
(0.2692858068 0.05858482215 0)
(-0.07473713035 -0.03572446154 0)
(0.008516384437 -0.05490514392 0)
(-0.02261413281 0.1560092967 0)
(0.01630438322 0.09208887807 0)
(-0.1251563214 -0.01557551294 0)
(-0.08253091233 -0.03574147651 0)
(-0.08283751796 -0.0274529039 0)
(-0.003450288599 0.0994272087 0)
(0.09217017141 0.04707363568 0)
(-0.004112847052 0.105029087 0)
(-0.001489974981 0.1082380641 0)
(0.04332716607 0.08779979469 0)
(0.1104234129 -0.03666598234 0)
(0.1165278705 -0.04464114233 0)
(-0.04564169913 -0.09245306192 0)
(0.1121739626 -0.06398800901 0)
(-0.09026649902 0.05531994831 0)
(-0.0539284641 0.08827052669 0)
(-0.05315826563 -0.03119820167 0)
(0.09906460723 0.01644807865 0)
(-0.09882962474 0.047575066 0)
(-0.02097005588 -0.1001634656 0)
(-0.06222703195 0.05823048795 0)
(-0.09531496863 0.05011464918 0)
(0.02700348901 0.09996458241 0)
(-0.04332543584 -0.03190621926 0)
(0.0741190974 0.06936160657 0)
(-0.05208638658 0.0486147281 0)
(-0.07330091035 0.07494692852 0)
(-0.05864400323 -0.06542183665 0)
(-0.06057892913 -0.04154800922 0)
(-0.08156880835 -0.02119419435 0)
(-0.01371070271 0.1031241031 0)
(0.04857130292 0.08151091706 0)
(0.1550830356 -0.03715062473 0)
(0.00255527652 0.06574383601 0)
(-0.08201538085 -0.01140464902 0)
(-0.04258261347 0.09561938714 0)
(0.1156840177 -0.01747684335 0)
(0.1112004962 0.02113706987 0)
(-0.09259630779 0.07788019544 0)
(-0.01849184502 0.05568889075 0)
(-0.178163598 0.09249801807 0)
(0.05366439534 0.05893663794 0)
(0.06189392437 -0.06314460001 0)
(-0.06426112041 0.05775707806 0)
(-0.1047131345 0.003054565628 0)
(0.08554157444 -0.05581385029 0)
(0.03169565979 0.1085529127 0)
(-0.04706168182 -0.05623735399 0)
(0.04898388087 -0.01595933784 0)
(0.07146530467 0.073256909 0)
(0.07354176421 0.0748758789 0)
(-0.05774854535 0.05376572521 0)
(-0.02340273425 -0.1079170115 0)
(-0.1047443657 0.04899748385 0)
(1.853045913 -0.2528936574 0)
(-0.05019172334 -0.08767403037 0)
(0.01412321587 0.1082079988 0)
(-0.05590250039 0.05133930277 0)
(0.005253737513 0.113888524 0)
(-0.001612693429 0.1147626606 0)
(0.0519199886 0.01269557631 0)
(0.08294312157 -0.05712206623 0)
(0.07690513988 -0.06281987106 0)
(0.08884647844 0.05128003887 0)
(-0.07922138721 0.08416800746 0)
(0.03572797231 -0.04041406751 0)
(0.01865310127 -0.09944658516 0)
(0.0186549066 -0.101689302 0)
(-0.05885640116 -0.1229414033 0)
(1.859254314 0.2609140303 0)
(-0.0283565512 -0.04575785865 0)
(0.0689569608 -0.1034292586 0)
(0.01776270937 0.1508131058 0)
(-0.06125250028 0.009957496357 0)
(-0.1095082501 0.01985555961 0)
(-0.004576290282 0.05482182543 0)
(0.0199021032 -0.1127620546 0)
(-0.04030689937 -0.1632754987 0)
(0.07921489085 0.0854962446 0)
(-0.08341244442 0.06065392303 0)
(-0.05946365094 0.07653568191 0)
(-0.0725981452 -0.06049019192 0)
(-0.1076248206 0.03789134374 0)
(0.04533349487 0.0378849094 0)
(-0.02962833552 -0.06192998992 0)
(-0.05873863216 0.02072602753 0)
(-0.1016774501 0.04442983684 0)
(0.006103227043 -0.05517321686 0)
(-0.09883626436 0.1037976246 0)
(-0.03569342733 0.05333106988 0)
(0.07661035084 0.06519097207 0)
(0.04818097972 0.08581277472 0)
(0.03525579053 -0.0938935319 0)
(-0.06906696949 0.09223187672 0)
(-0.07103978172 0.08702039735 0)
(0.07838079118 0.1252841665 0)
(-0.07891204764 0.02303473511 0)
(1.678445611 0.0846063138 0)
(-0.01800259399 -0.05267757129 0)
(-0.101595279 -0.06918233132 0)
(-0.1283446292 0.1195212046 0)
(0.03044290487 0.04789480599 0)
(-0.04282709934 -0.1063729065 0)
(-0.02422719616 0.1052328839 0)
(-0.08762562134 0.05755379542 0)
(-0.0957911327 -0.06341636178 0)
(-0.04868547143 -0.05766931726 0)
(0.001839444754 0.1060166582 0)
(-0.01582877292 0.07065140704 0)
(-0.03511456383 -0.04362790872 0)
(0.05718648613 -0.1211855598 0)
(-0.05308680255 -0.006509399655 0)
(-0.06971629828 -0.01369485497 0)
(0.09878334584 -0.01700365255 0)
(0.01831915404 0.09285018648 0)
(-0.03497664258 0.04377951742 0)
(0.00525410042 0.067829178 0)
(0.02401061846 -0.0477798223 0)
(0.06365403881 0.09342861651 0)
(-0.06724849157 -0.1802510864 0)
(0.06958688006 -0.0798342373 0)
(0.0233629487 0.08671893348 0)
(-0.07081115912 -0.001942672994 0)
(-0.07956903681 -0.08127563165 0)
(-0.03767991024 -0.07782971211 0)
(0.01324284928 -0.1115703714 0)
(1.102597212 0.2867968887 0)
(-0.008007409419 0.2415751487 0)
(0.1224170437 0.06185927732 0)
(-0.05432233265 -0.03716324019 0)
(-0.07628563861 0.01079599207 0)
(-0.1123210592 0.04265286811 0)
(0.01078039607 0.1007011542 0)
(0.06271358085 -0.06107255357 0)
(-0.05838747821 0.09896544492 0)
(-0.07488552775 0.1670246194 0)
(0.1610361984 0.01792227778 0)
(0.1879381333 0.001171333931 0)
(-0.04008337383 0.04709707583 0)
(0.2203608463 0.0786079636 0)
(0.01186535282 -0.163725929 0)
(-0.05574182531 -0.07097640638 0)
(0.01939477457 -0.0523182979 0)
(-0.01072942817 0.06973071233 0)
(0.1222327747 -0.008902582259 0)
(-0.09936758284 -0.01718058721 0)
(0.01197240493 0.07788347207 0)
(-0.09507900721 -0.04161471844 0)
(-0.09511024695 -0.04543852524 0)
(-0.0532383101 0.02368463647 0)
(-0.0557820308 0.02402823919 0)
(0.0005347976096 -0.0555623398 0)
(-0.1319143985 0.01695796415 0)
(0.01793336618 0.0800009135 0)
(-0.07524595284 0.1162199806 0)
(-0.06524229806 0.05475134712 0)
(-0.1124766076 0.009202300551 0)
(1.300144767 0.0801718619 0)
(-0.1051998211 0.01286864093 0)
(0.04558741806 -0.1187281779 0)
(0.1207756934 -0.0253078004 0)
(0.05681242379 -0.09191047551 0)
(0.02114214354 -0.04942997034 0)
(-0.007323636653 -0.1076149992 0)
(0.01539060372 -0.1026738493 0)
(1.500383682 0.2871674058 0)
(-0.0553064504 0.005493990797 0)
(0.04331729762 -0.09765888972 0)
(0.01098819139 0.07225474101 0)
(0.03647244874 0.09493437639 0)
(-7.052918148e-06 0.06088516258 0)
(0.2083169301 -0.102419612 0)
(-0.0792434102 -0.09168548956 0)
(-0.03610688822 0.1107234667 0)
(0.03826192119 -0.1393391045 0)
(-0.06500221635 -0.08480960254 0)
(0.1596371328 -0.1396296588 0)
(0.07776588413 0.06771068166 0)
(0.01093701283 0.1234174781 0)
(-0.04994366669 -0.02517585648 0)
(-0.01303021275 -0.1166928239 0)
(0.1076422885 -0.009519365873 0)
(-0.07963303877 0.05900389848 0)
(-0.04944820067 -0.06639868424 0)
(-0.09007819807 -0.1246740114 0)
(0.08692732307 -0.05160782452 0)
(-0.06226648315 -0.03444648586 0)
(-0.000589563646 0.07236095747 0)
(0.3725336483 -0.03973343783 0)
(0.02492075661 -0.1347675905 0)
(-0.09991592013 -0.0352225241 0)
(-0.06732679076 0.03802019178 0)
(-0.03172249431 -0.09089963443 0)
(0.07902875398 -0.057353389 0)
(-0.07493935019 -0.01154193298 0)
(-0.02745884079 -0.1340251207 0)
(-0.06146607774 -0.0469207296 0)
(0.1040167447 0.08328785545 0)
(0.120962423 0.08681635962 0)
(-0.05305981062 0.1282576632 0)
(-0.06702505959 0.08295607013 0)
(-0.08583465946 -0.0001499888141 0)
(0.0478392112 0.07195555932 0)
(-0.004072056119 -0.0554785797 0)
(0.01371941459 0.05325098296 0)
(0.05089992968 -0.008183023683 0)
(-0.02533421685 0.06884862424 0)
(-0.001973543982 -0.05799599252 0)
(-0.04148558812 -0.04356020693 0)
(0.08979872428 -0.04451282723 0)
(-0.02575331725 0.1144229152 0)
(-0.004048591882 -0.1168791398 0)
(-0.05904778485 -0.05687629832 0)
(0.03077354813 -0.04357067003 0)
(0.3183458484 -0.1674458547 0)
(0.06989502236 -0.07667381226 0)
(0.04807618279 -0.01814491682 0)
(0.02038417173 0.09536565688 0)
(0.1237878711 0.008667666481 0)
(-0.08038620588 -0.0108720575 0)
(0.0414114209 0.05781107612 0)
(0.04377087362 0.04046781945 0)
(-0.01308213345 0.1184900031 0)
(-0.04408926334 -0.1001464413 0)
(-0.09575519219 0.05562257884 0)
(0.1148611724 0.05498275593 0)
(0.006685575217 0.09914763419 0)
(-0.1116092385 0.002900630141 0)
(-0.03146223115 0.05314523604 0)
(-0.06118375356 -0.02481942245 0)
(-0.1050250399 -0.02744004509 0)
(-0.0593629557 0.009043531071 0)
(0.0567220765 0.08980103196 0)
(0.1221961439 0.02340258679 0)
(-0.08497507218 -0.006414660758 0)
(0.2968404936 0.18222503 0)
(-0.02858901459 -0.1077439191 0)
(-0.04024230085 -0.1008231012 0)
(0.02034475373 0.09366175168 0)
(0.05476464963 0.009190251792 0)
(-0.0682230194 -0.02113351237 0)
(-0.1391662252 0.2724917298 0)
(0.111177879 -0.09043733419 0)
(0.08703783633 0.0528201221 0)
(-0.04332697789 -0.09269748552 0)
(-0.05506666156 -0.06462405001 0)
(-0.1130185925 -0.07445153918 0)
(-0.1271718896 -0.08224586744 0)
(-0.1114439178 -0.04537840699 0)
(0.2334333907 -0.2857364477 0)
(-0.04906247669 -0.03940023727 0)
(-0.05120725693 -0.06799432201 0)
(0.0300805212 -0.1076270976 0)
(-0.07657328158 0.006665526352 0)
(0.08869821487 -0.04223307514 0)
(0.004012690093 -0.05545415079 0)
(-0.06978029964 -0.0001007906375 0)
(-0.01888431279 -0.1063688668 0)
(-0.09166371929 0.002349830922 0)
(0.3921259504 -0.2302559884 0)
(-0.1020000625 -0.009570279924 0)
(0.04666781944 0.07737611758 0)
(-0.06839928987 -0.03623281154 0)
(-0.01676765526 0.05427251896 0)
(-0.09941602555 -0.03986564993 0)
(-0.07619861153 0.02648304937 0)
(-0.1137743176 0.01670300155 0)
(-0.0109698184 -0.05222496702 0)
(-0.1439140328 0.04042746985 0)
(-0.0243107573 -0.05708254262 0)
(0.09878461795 0.04997435526 0)
(0.06864116622 -0.04975286093 0)
(-0.06126667548 0.07774879558 0)
(0.004353648421 0.05754723525 0)
(0.436461581 0.2825278577 0)
(-0.1107760818 0.04821359225 0)
(0.0391458703 0.04364384123 0)
(0.04664527835 0.09391096885 0)
(-0.03586102648 0.09827399225 0)
(-0.1197624212 -0.1512460251 0)
(0.03762071235 0.04620661596 0)
(-0.0554133737 -0.135123617 0)
(0.09632311901 -0.03784790878 0)
(0.04931643044 -0.02009751636 0)
(-0.05629385701 -0.06859012958 0)
(0.2567487099 0.3079682123 0)
(0.008765275195 0.07005915942 0)
(0.009351799334 0.1105778597 0)
(0.02281016817 0.112095683 0)
(0.04830050636 -0.02227761575 0)
(-0.05567423417 0.01205292691 0)
(0.03316737844 0.2137657169 0)
(-0.05686445938 0.02595422077 0)
(0.03111469417 0.05505268397 0)
(-0.1321416487 0.09261273868 0)
(0.04907559929 0.02173081136 0)
(-0.09441036212 -0.07507300618 0)
(-0.03917370932 0.03432549047 0.001)
(-0.04498286373 0.02621114915 0.001)
(-0.04915335379 0.01711971878 0.001)
(-0.05152426686 0.007465406509 0.001)
(-0.05202933801 -0.002500389064 0.001)
(-0.05055193899 -0.01216653213 0.001)
(-0.04726194664 -0.02180470958 0.001)
(-0.04230913144 -0.03022010923 0.001)
(-0.03569366392 -0.03790045812 0.001)
(-0.1480049198 -0.1681712073 0.001)
(-0.01887642789 -0.04850584944 0.001)
(-0.02795987575 -0.04382546771 0.001)
(-0.1480257261 0.1550646965 0.001)
(-0.01888308885 0.04855509961 0.001)
(-0.02777503404 0.04407022911 0.001)
(0.3028162819 -0.2767579726 0.001)
(0.3309129977 0.252439385 0.001)
(-0.1634094982 -0.05144666969 0.001)
(-0.1619909651 0.04598638555 0.001)
(1.499039893 -0.216805032 0.001)
(1.097674506 -0.2185582101 0.001)
(0.6984792253 -0.230661546 0.001)
(1.300172606 0.2347670361 0.001)
(0.9239500154 0.2218965795 0.001)
(0.0171570927 0.3227131692 0.001)
(0.01207076174 -0.303053499 0.001)
(1.844436871 0.1168434379 0.001)
(-0.1640836489 -0.004078078222 0.001)
(-0.1352126985 -0.02353220692 0.001)
(0.1664181773 0.2636689816 0.001)
(0.1599452853 -0.2581651411 0.001)
(-0.1567668861 0.1081904356 0.001)
(-0.1057287554 0.1216511359 0.001)
(-0.149354335 -0.09770467036 0.001)
(-0.1097061691 -0.1269830788 0.001)
(-0.146974748 0.2186409228 0.001)
(-0.1406706009 -0.2300170553 0.001)
(-0.1068160668 -0.1870000689 0.001)
(-0.006685442782 -0.05162805198 0.001)
(0.5043289327 -0.236864072 0.001)
(0.4228683351 -0.1070497657 0.001)
(0.2504606135 -0.1288347583 0.001)
(0.5832877354 -0.08337486799 0.001)
(0.455598395 0.03049968429 0.001)
(0.6359639677 0.07581900705 0.001)
(0.764208205 -0.06264155429 0.001)
(0.3305420689 0.01559415869 0.001)
(0.5325257214 0.1968642332 0.001)
(-0.1026970397 0.1923851877 0.001)
(-0.006950039826 0.051691583 0.001)
(-0.08429779746 0.24239331 0.001)
(-0.04651820021 0.2009348009 0.001)
(0.01053067178 0.05105133905 0.001)
(-0.04589612223 0.1639605507 0.001)
(-0.07322766385 -0.2454739627 0.001)
(-0.02956402971 -0.1946843291 0.001)
(0.01292992304 -0.05033006003 0.001)
(-0.06176263276 -0.148945769 0.001)
(-0.127470457 -0.3138991097 0.001)
(0.3626424587 0.1413255182 0.001)
(0.2661597952 0.1306789194 0.001)
(0.2221024862 0.02302482658 0.001)
(0.04712192607 0.02291107397 0.001)
(0.05012435644 0.01354102895 0.001)
(0.05184611215 0.003809058812 0.001)
(0.05144690299 -0.006219754305 0.001)
(0.8911207526 -0.2242713185 0.001)
(0.9627281794 -0.01047210941 0.001)
(1.185625336 -0.03947874428 0.001)
(1.125472487 0.1289598213 0.001)
(1.295452356 -0.2161141867 0.001)
(1.393002634 -0.04853360992 0.001)
(1.60182293 -0.05482632087 0.001)
(1.496450774 0.1251448062 0.001)
(1.699782504 -0.2278601525 0.001)
(1.687359941 0.2396814763 0.001)
(0.703751528 0.251860259 0.001)
(1.817830106 -0.07793039364 0.001)
(0.7981203791 0.09529243638 0.001)
(0.2276467228 0.2044562973 0.001)
(0.09347418525 -0.3132111407 0.001)
(0.07275097839 -0.2456781182 0.001)
(0.1622269578 -0.1837279346 0.001)
(0.08470093617 -0.1582642813 0.001)
(0.04749051348 -0.02053865003 0.001)
(0.0428229097 -0.02933261944 0.001)
(0.03660499559 -0.03700285472 0.001)
(0.02894797231 -0.04308578758 0.001)
(0.02214884984 -0.04730649853 0.001)
(0.2342151205 -0.2050479001 0.001)
(0.1711323655 -0.1011592114 0.001)
(0.01896197425 -0.2239158166 0.001)
(0.04787778259 -0.1836275601 0.001)
(0.1987614703 -0.1463584094 0.001)
(0.2301754246 -0.06237969194 0.001)
(0.1820789464 -0.03744569385 0.001)
(0.3037623759 -0.07514760465 0.001)
(0.006050679492 -0.1873265434 0.001)
(0.03016895525 -0.1520864467 0.001)
(-0.006428048395 -0.148262352 0.001)
(0.05398507567 -0.1493450086 0.001)
(0.05094380011 -0.1315234288 0.001)
(0.0240238487 -0.1207659619 0.001)
(0.003184007946 -0.05199518923 0.001)
(-0.001853464992 -0.05205031074 0.001)
(0.07146467806 -0.1309754335 0.001)
(0.06525614199 -0.114018865 0.001)
(0.1003322011 -0.1312459207 0.001)
(0.08503034357 -0.1143613976 0.001)
(0.07847294678 -0.09751303203 0.001)
(0.0614389274 -0.09542919001 0.001)
(0.1069910547 -0.1057617851 0.001)
(0.1333144558 -0.1205731935 0.001)
(0.1361311804 -0.09271965097 0.001)
(0.1135708841 -0.07711734714 0.001)
(0.1294341152 -0.06529857227 0.001)
(0.1210970742 -0.05416389053 0.001)
(0.10107426 -0.06141628723 0.001)
(0.1345062563 -0.04594089012 0.001)
(0.1211635895 -0.03517701304 0.001)
(0.1375125557 -0.02637531108 0.001)
(0.1271852026 -0.01828161412 0.001)
(0.1115814239 -0.02453470056 0.001)
(0.1356386004 -0.008395466526 0.001)
(0.127702801 -0.0004056678947 0.001)
(0.1403018987 0.007872902938 0.001)
(0.1292541024 0.01939536155 0.001)
(0.03095787339 0.04191961167 0.001)
(0.03832571924 0.03523665157 0.001)
(0.1133291528 0.008227814459 0.001)
(0.04156953699 0.03137728535 0.001)
(0.03478880261 0.0387153222 0.001)
(0.1419507727 0.02481348001 0.001)
(0.1272414744 0.03225278347 0.001)
(0.1465180506 0.04375752682 0.001)
(0.106387686 -0.04208354311 0.001)
(0.1122181147 -0.008572063594 0.001)
(0.1580965099 -0.009688590326 0.001)
(0.1150752174 0.02723694251 0.001)
(0.09681274306 -0.08821660533 0.001)
(0.04296730857 0.029356988 0.001)
(0.04396479054 0.03159323236 0.001)
(0.03657538598 0.03700918027 0.001)
(0.03898064869 0.03754452209 0.001)
(0.04431177812 0.02729835592 0.001)
(0.0453953259 0.02947939054 0.001)
(0.04640974497 0.03170238481 0.001)
(0.04672629163 0.02743064318 0.001)
(0.04781533012 0.029615605 0.001)
(0.04883594501 0.03183056906 0.001)
(0.04914777344 0.02760812032 0.001)
(0.04808480205 0.02540360764 0.001)
(0.05048736443 0.02560077783 0.001)
(0.0515539138 0.0277686131 0.001)
(0.0487283877 0.01813141581 0.001)
(0.04942227131 0.02345086312 0.001)
(0.05182469982 0.02360580353 0.001)
(0.05081159178 0.02148344925 0.001)
(0.0531703104 0.02161044727 0.001)
(0.0542287978 0.0237644195 0.001)
(0.05221190315 0.01953202083 0.001)
(0.05451913232 0.01961768711 0.001)
(0.05340464805 0.017499611 0.001)
(0.05583389508 0.01761186273 0.001)
(0.05690086473 0.01975885434 0.001)
(0.0546876955 0.01546565068 0.001)
(0.05715803175 0.01560360256 0.001)
(0.05611081353 0.01345755182 0.001)
(0.05850707584 0.01359924666 0.001)
(0.05746400885 0.01145384664 0.001)
(0.05984861737 0.01159627375 0.001)
(0.0609114194 0.01375282197 0.001)
(0.05878362432 0.009437301987 0.001)
(0.06118331184 0.009591391428 0.001)
(0.06011717761 0.007432101431 0.001)
(0.06251918809 0.007588081555 0.001)
(0.06145325083 0.005429053632 0.001)
(0.06385568131 0.005585392548 0.001)
(0.06492145367 0.007744259404 0.001)
(0.06278984687 0.003426468104 0.001)
(0.06519236448 0.003582884065 0.001)
(0.06412656171 0.001423989708 0.001)
(0.06652909912 0.001580423524 0.001)
(0.06546330492 -0.0005784628429 0.001)
(0.04996262351 -0.01385088763 0.001)
(0.06786584706 -0.0004220247188 0.001)
(0.06680005508 -0.002580909036 0.001)
(0.06920259837 -0.002424469852 0.001)
(0.07026838954 -0.0002655862854 0.001)
(0.06813680696 -0.004583353651 0.001)
(0.07053935054 -0.004426914205 0.001)
(0.06947355926 -0.006585797874 0.001)
(0.07187610292 -0.006429358361 0.001)
(0.07081031168 -0.008588241998 0.001)
(0.07321285535 -0.008431802469 0.001)
(0.07214706412 -0.0105906861 0.001)
(0.07427864658 -0.006272918845 0.001)
(0.07454960779 -0.01043424656 0.001)
(0.07348381656 -0.01259313019 0.001)
(0.068407768 -0.008744681533 0.001)
(0.07588636024 -0.01243669066 0.001)
(0.07482056901 -0.01459557428 0.001)
(0.06439751128 -0.002737348685 0.001)
(0.05207545099 -0.0009349122863 0.001)
(0.07695215147 -0.01027780703 0.001)
(0.07828890392 -0.01228025112 0.001)
(0.07935469515 -0.0101213675 0.001)
(0.0806914476 -0.01212381159 0.001)
(0.08175723882 -0.009964927964 0.001)
(0.08309399127 -0.01196737206 0.001)
(0.08202820005 -0.01412625568 0.001)
(0.0841597825 -0.00980848843 0.001)
(0.08282303005 -0.007806044339 0.001)
(0.08522557373 -0.007649604805 0.001)
(0.08388882128 -0.005647160714 0.001)
(0.08629136496 -0.00549072118 0.001)
(0.08495461251 -0.003488277088 0.001)
(0.08735715619 -0.003331837554 0.001)
(0.08602040374 -0.001329393463 0.001)
(0.08443074372 -0.01396981615 0.001)
(0.08762811741 -0.007493165271 0.001)
(0.08336495249 -0.01612869977 0.001)
(0.08361786006 -0.001485832997 0.001)
(0.08468365129 0.0006730506285 0.001)
(0.08708619496 0.0008294901624 0.001)
(0.08574944252 0.002831934254 0.001)
(0.08334689884 0.00267549472 0.001)
(0.08441269007 0.004834378345 0.001)
(0.08201014639 0.004677938811 0.001)
(0.08307593762 0.006836822437 0.001)
(0.08067339394 0.006680382903 0.001)
(0.08547848129 0.00699326197 0.001)
(0.08414172885 0.008995706062 0.001)
(0.08654427252 0.009152145596 0.001)
(0.08576749617 -0.01597226024 0.001)
(0.08470170494 -0.01813114386 0.001)
(0.08710424862 -0.01797470433 0.001)
(0.08603834701 -0.02013353346 0.001)
(0.08363589532 -0.02029001841 0.001)
(0.08497253431 -0.02229240649 0.001)
(0.08257009745 -0.02244889875 0.001)
(0.08390684879 -0.0244513423 0.001)
(0.08630941861 -0.02429491567 0.001)
(0.08524362303 -0.02645379715 0.001)
(0.08817003985 -0.0158158207 0.001)
(0.08764617834 -0.02629748228 0.001)
(0.0895067843 -0.01781814192 0.001)
(0.09057258219 -0.01565936069 0.001)
(0.08658038032 -0.02845626345 0.001)
(0.08094435516 0.002519055186 0.001)
(0.0675948893 0.003739306196 0.001)
(0.08788102497 0.007149701504 0.001)
(0.07108127289 -0.01274956972 0.001)
(0.06172401611 0.001267548385 0.001)
(0.09190932642 -0.01766167849 0.001)
(0.09297512539 -0.01550291376 0.001)
(0.08123336634 -0.0204464652 0.001)
(0.08016757402 -0.02260534828 0.001)
(0.08284107862 -0.02661023632 0.001)
(0.09430250129 -0.01748735736 0.001)
(0.09325688643 -0.01961710326 0.001)
(0.09537610752 -0.01534349273 0.001)
(0.09404065757 -0.0133435518 0.001)
(0.09644315807 -0.01318703255 0.001)
(0.09510666162 -0.01118508152 0.001)
(0.09750919466 -0.01102862172 0.001)
(0.09617248818 -0.009026266237 0.001)
(0.09902199679 -0.01288591656 0.001)
(0.09670527598 -0.0173176813 0.001)
(0.09857503267 -0.008869828284 0.001)
(0.09723829212 -0.006867407135 0.001)
(0.09967649011 -0.006687161043 0.001)
(0.09831002573 -0.00470455575 0.001)
(0.1011336416 -0.008962425715 0.001)
(0.09590253007 -0.004864301751 0.001)
(0.09696848636 -0.00270530791 0.001)
(0.09956361218 -0.002568030403 0.001)
(0.0980656043 -0.0005501322949 0.001)
(0.1024853178 -0.006226859992 0.001)
(0.09563618472 -0.0007039961593 0.001)
(0.09670271775 0.001454698742 0.001)
(0.09920497718 0.001603682029 0.001)
(0.09795590348 0.003624101475 0.001)
(0.09539296567 0.003459262389 0.001)
(0.09646325696 0.005618499273 0.001)
(0.0814862776 -0.005803600247 0.001)
(0.07883082585 -0.0206029063 0.001)
(0.07776503425 -0.02276178975 0.001)
(0.07642828252 -0.02075934601 0.001)
(0.07536249128 -0.02291822963 0.001)
(0.07402573901 -0.02091578562 0.001)
(0.07295994775 -0.02307466924 0.001)
(0.07429670019 -0.02507711332 0.001)
(0.07189415654 -0.02523355287 0.001)
(0.07323090899 -0.02723599696 0.001)
(0.07055740409 -0.02323110878 0.001)
(0.06949161287 -0.02538999241 0.001)
(0.06815486042 -0.02338754832 0.001)
(0.06708906919 -0.02554643194 0.001)
(0.06575231675 -0.02354398785 0.001)
(0.06468652552 -0.02570287148 0.001)
(0.06602327797 -0.02770531557 0.001)
(0.06334977307 -0.02370042739 0.001)
(0.06228398184 -0.02585931101 0.001)
(0.06094722939 -0.02385686692 0.001)
(0.05988143816 -0.02601575054 0.001)
(0.06201302062 -0.02169798329 0.001)
(0.05961047694 -0.02185442283 0.001)
(0.06067626817 -0.0196955392 0.001)
(0.06307881185 -0.01953909967 0.001)
(0.0617420594 -0.01753665558 0.001)
(0.06121819061 -0.02801819464 0.001)
(0.05881564693 -0.02817463417 0.001)
(0.06015239938 -0.03017707826 0.001)
(0.05774985571 -0.0303335178 0.001)
(0.05908660816 -0.03233596189 0.001)
(0.05668406448 -0.03249240142 0.001)
(0.05802081693 -0.03449484551 0.001)
(0.05561827325 -0.03465128505 0.001)
(0.0569550257 -0.03665372914 0.001)
(0.05935756938 -0.0364972896 0.001)
(0.05829177815 -0.03865617323 0.001)
(0.06069432183 -0.0384997337 0.001)
(0.0596285306 -0.04065861732 0.001)
(0.06203107427 -0.04050217779 0.001)
(0.05722598692 -0.04081505685 0.001)
(0.05856273937 -0.04281750095 0.001)
(0.05616019569 -0.04297394048 0.001)
(0.05749694814 -0.04497638457 0.001)
(0.05509440446 -0.0451328241 0.001)
(0.05643115691 -0.0471352682 0.001)
(0.05402861324 -0.04729170773 0.001)
(0.05883370059 -0.04697882866 0.001)
(0.05536536568 -0.04929415182 0.001)
(0.05296282201 -0.04945059136 0.001)
(0.05429957446 -0.05145303545 0.001)
(0.05189703078 -0.05160947498 0.001)
(0.05323378323 -0.05361191907 0.001)
(0.05083123955 -0.05376835861 0.001)
(0.05563632691 -0.05345547954 0.001)
(0.052167992 -0.0557708027 0.001)
(0.04976544832 -0.05592724223 0.001)
(0.04842869587 -0.05392479814 0.001)
(0.04736290465 -0.05608368177 0.001)
(0.04869965709 -0.05808612586 0.001)
(0.04629711342 -0.05824256539 0.001)
(0.04496036097 -0.0562401213 0.001)
(0.04389456974 -0.05839900492 0.001)
(0.04523132219 -0.06040144902 0.001)
(0.04282877851 -0.06055788855 0.001)
(0.04149202606 -0.05855544446 0.001)
(0.04042623483 -0.06071432808 0.001)
(0.04176298728 -0.06271677218 0.001)
(0.03936044361 -0.06287321171 0.001)
(0.04069719606 -0.0648756558 0.001)
(0.03829465238 -0.06503209533 0.001)
(0.03695789993 -0.06302965124 0.001)
(0.0358921087 -0.06518853487 0.001)
(0.03722886115 -0.06719097896 0.001)
(0.03482631747 -0.06734741849 0.001)
(0.03348956502 -0.0653449744 0.001)
(0.03242377379 -0.06750385803 0.001)
(0.03376052624 -0.06950630212 0.001)
(0.03135798257 -0.06966274165 0.001)
(0.03002123012 -0.06766029756 0.001)
(0.05162606956 -0.04744814726 0.001)
(0.0630968655 -0.03834329416 0.001)
(0.06443361795 -0.04034573825 0.001)
(0.06549940918 -0.03818685463 0.001)
(0.06683616163 -0.04018929872 0.001)
(0.06790195286 -0.03803041509 0.001)
(0.06923870531 -0.04003285918 0.001)
(0.07030449654 -0.03787397556 0.001)
(0.07164124898 -0.03987641965 0.001)
(0.07270704021 -0.03771753603 0.001)
(0.07404379266 -0.03971998012 0.001)
(0.07510958389 -0.03756109649 0.001)
(0.07644633634 -0.03956354058 0.001)
(0.05534731203 -0.03048995733 0.001)
(0.07751212757 -0.03740465696 0.001)
(0.0657703704 -0.04234818234 0.001)
(0.07297800143 -0.04187886374 0.001)
(0.04559845478 -0.02512495357 0.001)
(0.05482344324 -0.04097149639 0.001)
(0.03908948239 -0.05871188399 0.001)
(0.04015527361 -0.05655300037 0.001)
(0.03775272994 -0.0567094399 0.001)
(0.03881852116 -0.05455055628 0.001)
(0.03641597749 -0.05470699581 0.001)
(0.03748176871 -0.05254811218 0.001)
(0.03507922504 -0.05270455172 0.001)
(0.03401343381 -0.05486343534 0.001)
(0.03614501627 -0.05054566809 0.001)
(0.03854755994 -0.05038922856 0.001)
(0.03267668136 -0.05286099125 0.001)
(0.03161089013 -0.05501987488 0.001)
(0.03721080749 -0.04838678447 0.001)
(0.03961335117 -0.04823034493 0.001)
(0.05747889448 -0.02617219008 0.001)
(0.04309973973 -0.06471921627 0.001)
(0.0420339485 -0.06687809989 0.001)
(0.04443649218 -0.06672166036 0.001)
(0.04337070095 -0.06888054398 0.001)
(0.04577324463 -0.06872410445 0.001)
(0.0447074534 -0.07088298807 0.001)
(0.04710999708 -0.07072654854 0.001)
(0.04604420585 -0.07288543217 0.001)
(0.04844674953 -0.07272899263 0.001)
(0.04951254076 -0.07057010901 0.001)
(0.05084929321 -0.0725725531 0.001)
(0.05191508444 -0.07041366947 0.001)
(0.05325183688 -0.07241611356 0.001)
(0.05431762811 -0.07025722994 0.001)
(0.05565438056 -0.07225967403 0.001)
(0.04364166217 -0.0730418717 0.001)
(0.04497841462 -0.07504431579 0.001)
(0.05218455956 -0.07457031845 0.001)
(0.04257587095 -0.07520075533 0.001)
(0.0439126234 -0.07720319942 0.001)
(0.04151007972 -0.07735963895 0.001)
(0.04284683217 -0.07936208304 0.001)
(0.04044428849 -0.07951852258 0.001)
(0.04524937585 -0.07920564351 0.001)
(0.04418358462 -0.08136452713 0.001)
(0.04658612829 -0.0812080876 0.001)
(0.04552033707 -0.08336697122 0.001)
(0.05298087566 -0.06825478585 0.001)
(0.05538341934 -0.06809834631 0.001)
(0.04311779339 -0.08352341076 0.001)
(0.05404666689 -0.06609590222 0.001)
(0.05644921057 -0.06593946269 0.001)
(0.0577553618 -0.06792679966 0.001)
(0.05827372449 -0.01985197874 0.001)
(0.03027413768 -0.05301743079 0.001)
(0.02920834645 -0.05517631441 0.001)
(0.04792288074 -0.08321053169 0.001)
(0.04685708952 -0.08536941532 0.001)
(0.03827659872 -0.04622790084 0.001)
(0.0406791424 -0.04607146131 0.001)
(0.07617537512 -0.03540221287 0.001)
(0.0785779188 -0.03524577333 0.001)
(0.07991467125 -0.03724821742 0.001)
(0.04201589485 -0.0480739054 0.001)
(0.04308168608 -0.04591502177 0.001)
(0.04174493363 -0.04391257768 0.001)
(0.0441474773 -0.04375613815 0.001)
(0.03990884172 -0.03338956134 0.001)
(0.0428192274 -0.04182779672 0.001)
(0.04521468562 -0.04160960497 0.001)
(0.08098046247 -0.0350893338 0.001)
(0.08231721492 -0.03709177789 0.001)
(0.08125142369 -0.03925066152 0.001)
(0.06896774409 -0.03587153147 0.001)
(0.06922065165 -0.02122866469 0.001)
(0.04017332727 -0.07535719486 0.001)
(0.05511245812 -0.0639370186 0.001)
(0.0575150018 -0.06378057906 0.001)
(0.0305450989 -0.0571787585 0.001)
(0.02814255523 -0.05733519804 0.001)
(0.02680580278 -0.05533275395 0.001)
(0.02574001155 -0.05749163757 0.001)
(0.01774115706 -0.04894623291 0.001)
(0.0244032591 -0.05548919348 0.001)
(0.02333746787 -0.0576480771 0.001)
(0.02467422032 -0.0596505212 0.001)
(0.02227167664 -0.05980696073 0.001)
(0.02895543889 -0.06981918119 0.001)
(0.03029219134 -0.07182162528 0.001)
(0.02788964766 -0.07197806481 0.001)
(0.02655289521 -0.06997562072 0.001)
(0.02548710398 -0.07213450435 0.001)
(0.02415035153 -0.07013206025 0.001)
(0.02308456031 -0.07229094388 0.001)
(0.02174780786 -0.07028849979 0.001)
(0.02068201663 -0.07244738341 0.001)
(0.01934526418 -0.07044493932 0.001)
(0.02093492419 -0.05780451664 0.001)
(0.01986913297 -0.05996340026 0.001)
(0.01853238052 -0.05796095617 0.001)
(0.01746658929 -0.0601198398 0.001)
(0.01612983684 -0.05811739571 0.001)
(0.01506404561 -0.06027627933 0.001)
(0.008028398005 -0.05141237626 0.001)
(0.01372729316 -0.05827383524 0.001)
(0.01266150193 -0.06043271887 0.001)
(0.01399825438 -0.06243516296 0.001)
(0.01159571071 -0.06259160249 0.001)
(0.01025895826 -0.0605891584 0.001)
(0.009193167028 -0.06274804203 0.001)
(0.01052991948 -0.06475048612 0.001)
(0.0081273758 -0.06490692565 0.001)
(0.009464128249 -0.06690936974 0.001)
(0.007061584572 -0.06706580928 0.001)
(0.008398337021 -0.06906825337 0.001)
(0.005995793343 -0.0692246929 0.001)
(0.004659040894 -0.06722224881 0.001)
(0.007856414579 -0.06074559793 0.001)
(0.0108008807 -0.06891181383 0.001)
(0.00973508947 -0.07107069746 0.001)
(0.06414460308 -0.01738021604 0.001)
(0.06280785063 -0.01537777195 0.001)
(0.06040530695 -0.01553421149 0.001)
(0.06147109818 -0.01337532786 0.001)
(0.0590685545 -0.01353176739 0.001)
(0.06013434573 -0.01137288377 0.001)
(0.02521614276 -0.06797317663 0.001)
(0.02041105541 -0.0682860557 0.001)
(0.05773180205 -0.0115293233 0.001)
(0.05879759328 -0.009370439678 0.001)
(0.04925995607 -0.08521345944 0.001)
(0.04822782953 -0.0873890166 0.001)
(0.05032547823 -0.08305417277 0.001)
(0.04579696288 -0.08753115847 0.001)
(0.03133992891 -0.05085854716 0.001)
(0.03335286292 -0.04047213004 0.001)
(0.04358258118 -0.03942538977 0.001)
(0.04623030679 -0.03941219253 0.001)
(0.08338300615 -0.03493289426 0.001)
(0.0847197586 -0.03693533836 0.001)
(0.08578554983 -0.03477645473 0.001)
(0.08712230228 -0.03677889882 0.001)
(0.08898292481 -0.02829982762 0.001)
(0.08605651105 -0.03893778245 0.001)
(0.08818809351 -0.0346200152 0.001)
(0.08952484595 -0.03662245929 0.001)
(0.09052961097 -0.03447104524 0.001)
(0.07724116635 -0.03324332924 0.001)
(0.0476079229 -0.04143851034 0.001)
(0.04867216306 -0.03927718419 0.001)
(0.0473351521 -0.03727433302 0.001)
(0.04441843853 -0.04791746587 0.001)
(0.06148915183 -0.03217952235 0.001)
(0.07483862267 -0.03339976877 0.001)
(0.09004872417 -0.02614106749 0.001)
(0.09138635093 -0.02815797973 0.001)
(0.09245159634 -0.02598655817 0.001)
(0.09378938057 -0.02800865752 0.001)
(0.09485647928 -0.0258085408 0.001)
(0.0962001037 -0.02783520596 0.001)
(0.09728885078 -0.02562727378 0.001)
(0.06120013696 -0.009214000144 0.001)
(0.05986338451 -0.007211556053 0.001)
(0.07563345267 -0.02707955743 0.001)
(0.05270991444 -0.06409345813 0.001)
(0.01213763315 -0.07091425792 0.001)
(0.01107184192 -0.07307314155 0.001)
(0.02947930768 -0.05933764213 0.001)
(0.05617824935 -0.06177813497 0.001)
(0.05858079303 -0.06162169544 0.001)
(0.05987229176 -0.06360179881 0.001)
(0.01800851173 -0.06844249523 0.001)
(0.09882795213 0.005773015549 0.001)
(0.09749750777 0.007775780183 0.001)
(0.02893738523 -0.05101498669 0.001)
(0.0950840774 -0.03012547131 0.001)
(0.09785914677 -0.0298332187 0.001)
(0.09657836081 -0.0323946567 0.001)
(0.09190833267 -0.03647319658 0.001)
(0.09085842224 -0.03862609952 0.001)
(0.05905068282 0.005272590049 0.001)
(0.03587405504 -0.04638434038 0.001)
(0.05166399933 -0.08507917999 0.001)
(0.05278350889 -0.08284704279 0.001)
(0.05655411068 0.009297553785 0.001)
(0.008922205807 -0.05858671431 0.001)
(0.006519662129 -0.05874315384 0.001)
(0.005453870901 -0.06090203747 0.001)
(0.004117118452 -0.05889959338 0.001)
(0.003051327224 -0.061058477 0.001)
(0.001714574774 -0.05905603291 0.001)
(0.0006487835463 -0.06121491654 0.001)
(-0.0006794393412 -0.05934346647 0.001)
(-0.001752338537 -0.06139318841 0.001)
(0.003593249666 -0.06938113244 0.001)
(-0.003080324493 -0.05952537707 0.001)
(-0.004154368862 -0.06155751184 0.001)
(-0.005491035752 -0.05955638173 0.001)
(-0.006558188244 -0.06169435955 0.001)
(-0.007895153311 -0.05968865015 0.001)
(-0.008961206852 -0.06184350526 0.001)
(-0.01029803846 -0.05983984553 0.001)
(-0.0113638866 -0.06199785513 0.001)
(-0.005221662672 -0.06369331934 0.001)
(-0.01418270311 -0.04999761422 0.001)
(-0.0004167707496 -0.06337743888 0.001)
(0.01959817174 -0.05580207255 0.001)
(0.05417167637 -0.0850295592 0.001)
(0.05533447527 -0.08265213855 0.001)
(0.05316308935 -0.08727709104 0.001)
(0.05666601082 -0.01368820693 0.001)
(-0.009232260421 -0.0576807593 0.001)
(-0.01163488751 -0.05783591783 0.001)
(0.05663708787 -0.08476172865 0.001)
(0.05791427515 -0.08245493843 0.001)
(0.05646507636 -0.08033754241 0.001)
(0.05893818101 -0.08006002298 0.001)
(0.06059952085 -0.08227099965 0.001)
(0.04049715353 -0.0419774209 0.001)
(0.04974739467 -0.03712304774 0.001)
(0.04840902574 -0.03511974461 0.001)
(0.0820462537 -0.03293045017 0.001)
(0.0652103943 -0.01522133242 0.001)
(0.09403473093 0.00546071869 0.001)
(0.09295707355 0.003301252856 0.001)
(0.0433526473 -0.05007634949 0.001)
(0.09376994709 -0.009182710729 0.001)
(0.04764673188 -0.07905266704 0.001)
(0.08923583086 -0.01365693367 0.001)
(0.04683903586 -0.06656522082 0.001)
(0.03188185135 -0.05918120259 0.001)
(0.05724404058 -0.05961925135 0.001)
(0.05964658425 -0.05946281181 0.001)
(0.02360842909 -0.06180940482 0.001)
(0.01880334174 -0.06212228389 0.001)
(-0.0105679134 -0.05569520053 0.001)
(-0.01297144851 -0.0558364139 0.001)
(0.04600621264 -0.03527604097 0.001)
(0.04707330604 -0.03311784935 0.001)
(0.04947606674 -0.03296152515 0.001)
(0.04813952259 -0.03095919175 0.001)
(0.05532925837 -0.01168576284 0.001)
(-0.004160735744 -0.05748640057 0.001)
(0.05747045028 -0.07809703705 0.001)
(0.05985927239 -0.07776812051 0.001)
(0.01479308439 -0.05611495162 0.001)
(0.05746084083 -0.007367995587 0.001)
(0.05852663206 -0.005209111962 0.001)
(0.03000317646 -0.04885610307 0.001)
(8.440411249e-05 -0.05746723722 0.001)
(0.02760063278 -0.0490125426 0.001)
(0.1001143914 -0.03255799222 0.001)
(0.09779458944 -0.03558748547 0.001)
(0.1009057644 -0.02899772498 0.001)
(0.0051623204 -0.05690077306 0.001)
(0.05132048549 0.008714650256 0.001)
(0.05054213716 -0.03080278989 0.001)
(0.04914739407 -0.02877171891 0.001)
(0.05159832162 -0.02863916612 0.001)
(0.05020193089 -0.02660728039 0.001)
(0.05266063599 -0.02647856666 0.001)
(0.05132330406 -0.02447583659 0.001)
(0.05373959836 -0.02432618552 0.001)
(0.05240055414 -0.02232261002 0.001)
(0.04575519098 -0.04991990996 0.001)
(0.0468209822 -0.04776102633 0.001)
(0.05001546761 -0.04128320015 0.001)
(0.04895076839 -0.04344267909 0.001)
(0.06654714675 -0.01722377651 0.001)
(0.06226592818 -0.007055116519 0.001)
(0.06360268063 -0.00905756061 0.001)
(0.06416265673 -0.03618441054 0.001)
(0.05141957998 -0.0808304864 0.001)
(0.04096815728 -0.06903698352 0.001)
(0.04122106484 -0.05439411674 0.001)
(0.07989661689 -0.01844402259 0.001)
(0.0780179427 -0.008118923407 0.001)
(0.01239054071 -0.05627139115 0.001)
(0.08815198619 0.002988373788 0.001)
(0.08948873864 0.0009859296963 0.001)
(0.05455248202 -0.03681016867 0.001)
(0.09111433525 -0.02398217505 0.001)
(0.02601097277 -0.06165296529 0.001)
(0.03693984627 -0.04422545675 0.001)
(0.07910178664 -0.02476423381 0.001)
(0.03668693871 -0.05886832353 0.001)
(0.02546905033 -0.05333030985 0.001)
(0.02306650665 -0.05348674939 0.001)
(0.002256497217 -0.06737868834 0.001)
(0.001190705989 -0.06953757197 0.001)
(0.002527458438 -0.07154001606 0.001)
(0.0001249147604 -0.07169645559 0.001)
(0.00146166721 -0.07369889969 0.001)
(-0.001211837689 -0.0696940115 0.001)
(0.0548414969 -0.05977569088 0.001)
(0.03081606012 -0.06134008622 0.001)
(0.01320342438 -0.0687553743 0.001)
(0.01454017682 -0.07075781839 0.001)
(0.0583098318 -0.05746036772 0.001)
(0.0607431396 -0.05731911572 0.001)
(0.06204912793 -0.05930637228 0.001)
(0.05938075039 -0.05530401535 0.001)
(0.06181491274 -0.05516318523 0.001)
(0.06044839316 -0.05314604579 0.001)
(0.06283944511 -0.05298393306 0.001)
(0.06418071039 -0.05498860503 0.001)
(0.0615076165 -0.05098391975 0.001)
(0.06389726521 -0.05082111427 0.001)
(0.06257098456 -0.04882383986 0.001)
(0.06497312438 -0.04866720095 0.001)
(0.06656215363 -0.05076690659 0.001)
(0.06363804992 -0.04666558525 0.001)
(0.06604080595 -0.04650925055 0.001)
(0.05506054536 -0.07831405158 0.001)
(0.05614346499 -0.005352616436 0.001)
(0.05719310904 -0.003204512027 0.001)
(0.05959296152 -0.003049869029 0.001)
(0.05825629878 -0.001047365053 0.001)
(0.09591099247 -0.02354521045 0.001)
(0.09852037962 -0.02339969238 0.001)
(0.02413265393 -0.05133333394 0.001)
(0.03453947042 -0.04441518896 0.001)
(0.02150861323 -0.05148364746 0.001)
(0.05839928121 -0.07589795825 0.001)
(0.06079588745 -0.07554659545 0.001)
(0.06224786842 -0.07744861018 0.001)
(0.05930096308 -0.07371037849 0.001)
(0.06170274903 -0.07332349606 0.001)
(0.04471055187 -0.03333764797 0.001)
(0.04360555486 -0.03543348272 0.001)
(-0.00784972611 -0.05541767427 0.001)
(-0.01196343789 -0.05386732575 0.001)
(-0.0144107501 -0.05389411328 0.001)
(-0.01539121704 -0.05600082968 0.001)
(-0.01671094464 -0.05398733784 0.001)
(-0.01777957334 -0.05614806276 0.001)
(0.06021665675 -0.07150792214 0.001)
(0.06262352955 -0.07110420003 0.001)
(0.06417248595 -0.07304536116 0.001)
(0.1043067784 -0.008993633982 0.001)
(0.1042719091 -0.03189766805 0.001)
(0.05432506122 -0.01387505404 0.001)
(0.05561048527 -0.01585215848 0.001)
(0.05327124662 -0.01603985026 0.001)
(0.0545484011 -0.0180128722 0.001)
(0.05214647526 -0.01816961674 0.001)
(0.05187890142 -0.03280524026 0.001)
(0.09031967596 -0.03030224795 0.001)
(0.05480500762 -0.02216711333 0.001)
(0.08685134106 -0.03261757111 0.001)
(0.06466847186 -0.006898676985 0.001)
(0.05135432758 -0.043286527 0.001)
(0.04815773465 -0.04976347042 0.001)
(0.0759044139 -0.03124088515 0.001)
(0.07830695757 -0.03108444562 0.001)
(0.07350187022 -0.03139732468 0.001)
(0.03347187267 -0.04654632869 0.001)
(0.09162229879 0.005303793982 0.001)
(0.09268841964 0.00746269378 0.001)
(0.06761293798 -0.01506489288 0.001)
(0.06627618553 -0.01306244879 0.001)
(0.06894969043 -0.01706733698 0.001)
(0.04468939975 -0.05207879358 0.001)
(0.07243607899 -0.03355620831 0.001)
(0.07109932654 -0.03155376422 0.001)
(0.07509153021 -0.01875690199 0.001)
(0.07268898655 -0.01891334153 0.001)
(0.004388079673 -0.06306092109 0.001)
(0.0332186038 -0.06118364669 0.001)
(0.02494518154 -0.06381184891 0.001)
(0.02734772522 -0.06365540938 0.001)
(0.02254263786 -0.06396828845 0.001)
(0.01907430296 -0.06628361161 0.001)
(0.01667175928 -0.06644005114 0.001)
(0.05910589346 -0.05114076442 0.001)
(0.06115041413 -0.06929331886 0.001)
(0.06353339604 -0.06887680481 0.001)
(0.05508504093 -0.007572890096 0.001)
(0.04680292855 -0.02895683184 0.001)
(0.06208525492 -0.06707528784 0.001)
(0.06441192469 -0.06662976563 0.001)
(0.06598080634 -0.06855164897 0.001)
(0.0559377853 -0.001245271001 0.001)
(0.05693313273 0.0009478885082 0.001)
(0.01348967753 -0.05416206136 0.001)
(0.01594392345 -0.05388477879 0.001)
(0.01099301404 -0.05457463279 0.001)
(0.05430336871 0.0005657530921 0.001)
(0.0555753533 0.002971928972 0.001)
(0.09712557182 -0.02134119922 0.001)
(0.09990811502 -0.02085877979 0.001)
(0.1012986728 -0.02330884462 0.001)
(0.1032178007 -0.0204210721 0.001)
(0.05382839992 0.01309722748 0.001)
(0.03529716582 -0.04235224666 0.001)
(0.02859333627 -0.0468979623 0.001)
(0.02617745853 -0.0471324628 0.001)
(0.06301492947 -0.0648533504 0.001)
(0.0653305043 -0.06440889161 0.001)
(0.06395027243 -0.06263505083 0.001)
(0.0662264832 -0.06217505208 0.001)
(0.06774356774 -0.06407127764 0.001)
(0.05295543944 -0.01182967467 0.001)
(0.03211458301 -0.04483259595 0.001)
(0.04852918176 -0.02437349601 0.001)
(0.09392323441 -0.03226316974 0.001)
(0.1008695611 -0.01820039394 0.001)
(0.1043757195 -0.01628516658 0.001)
(0.105926077 -0.005677375428 0.001)
(0.06441825471 -0.0600355176 0.001)
(0.06705458807 -0.05988107731 0.001)
(0.06559141854 -0.05800424556 0.001)
(0.06797221485 -0.05766505107 0.001)
(0.06946879468 -0.05956912032 0.001)
(0.1021668135 -0.01217916851 0.001)
(0.102848909 -0.002178803815 0.001)
(0.1083384437 -0.00198541482 0.001)
(0.104554853 0.002463137883 0.001)
(0.1149679117 -0.0002838380757 0.001)
(0.05104911113 -0.01605655397 0.001)
(0.04991763909 -0.01818765796 0.001)
(0.1057014651 -0.01243445615 0.001)
(0.1095142844 -0.01503548751 0.001)
(0.03829817779 -0.03524657551 0.001)
(0.03895004533 -0.03757281619 0.001)
(0.03730480194 -0.03933935422 0.001)
(0.04103819333 -0.03582505008 0.001)
(0.04128506469 -0.03824757882 0.001)
(0.04468641001 -0.02739938094 0.001)
(-0.0165478066 -0.04931118222 0.001)
(-0.01843597929 -0.0507718969 0.001)
(-0.02342006785 -0.04660870997 0.001)
(-0.02077520409 -0.04999684722 0.001)
(0.01535273254 -0.04967712911 0.001)
(0.01726895134 -0.05160229188 0.001)
(0.01043278184 -0.05087039262 0.001)
(-0.01182451082 -0.05061545809 0.001)
(-0.009347607888 -0.05136709491 0.001)
(0.04007752114 0.03332057714 0.001)
(0.04074047699 0.03568553896 0.001)
(0.04137693975 0.03806214559 0.001)
(0.03955063818 0.039910533 0.001)
(0.04182879038 0.04024577835 0.001)
(0.04352318428 0.03631557073 0.001)
(0.04496044236 0.03390515528 0.001)
(0.03711291461 0.03940745532 0.001)
(0.0351715673 0.04117515906 0.001)
(0.04247265872 0.03369955997 0.001)
(0.04622324965 0.036023482 0.001)
(0.04138485232 -0.03135122859 0.001)
(0.04951622636 0.01585734283 0.001)
(0.03484270952 -0.03869058713 0.001)
(0.03287693557 0.04036817407 0.001)
(0.03327119467 0.04276996351 0.001)
(0.0223363856 0.04702654802 0.001)
(0.03554304526 0.04358454101 0.001)
(0.03368721631 0.04515782706 0.001)
(0.03584626277 0.04583099085 0.001)
(0.01776563807 0.04892360436 0.001)
(0.02674206334 0.0447316442 0.001)
(0.03761566077 0.04210770322 0.001)
(0.03128824804 0.04436050197 0.001)
(0.02887016488 0.04336856307 0.001)
(0.02922447873 0.04608703494 0.001)
(0.02665975036 0.04719633936 0.001)
(0.02867543626 0.04840006878 0.001)
(0.0264434713 0.04957168401 0.001)
(0.02854379217 0.05080429581 0.001)
(0.03190505811 0.04659796148 0.001)
(0.02005914293 0.04801111463 0.001)
(0.0196975344 0.0504083047 0.001)
(0.01740714414 0.05130983325 0.001)
(0.01932664393 0.05281187287 0.001)
(0.01708840773 0.0537172324 0.001)
(0.01898868239 0.05520256255 0.001)
(0.02159670261 0.05191264356 0.001)
(0.0152781974 0.05224830256 0.001)
(-0.02113731437 -0.04760330255 0.001)
(-0.02302050976 -0.04914860804 0.001)
(-0.02264668351 -0.05155659417 0.001)
(-0.02487643492 -0.05074726423 0.001)
(-0.0245310512 -0.05306784289 0.001)
(-0.02674109453 -0.05227039224 0.001)
(-0.02639778227 -0.05459000393 0.001)
(-0.02715678856 -0.04988795444 0.001)
(-0.02205915047 -0.05409691376 0.001)
(-0.01917741027 -0.05422664418 0.001)
(-0.0202882343 -0.05627194718 0.001)
(-0.01886115913 -0.058300293 0.001)
(-0.02127364367 -0.05844467566 0.001)
(-0.01991618581 -0.06046037521 0.001)
(-0.0223169354 -0.0606170145 0.001)
(-0.01751019123 -0.06030614492 0.001)
(0.05209536197 0.01508561146 0.001)
(-0.02531053532 -0.04823470494 0.001)
(-0.02766616077 -0.04761020828 0.001)
(-0.02943443312 -0.04913829136 0.001)
(-0.03199663959 -0.04113395339 0.001)
(-0.02860486771 -0.05379471706 0.001)
(-0.02821235328 -0.05617453456 0.001)
(-0.03046542434 -0.05532286737 0.001)
(-0.03006683711 -0.05771009002 0.001)
(-0.02612381359 -0.05677223175 0.001)
(-0.03083580883 -0.05296982369 0.001)
(-0.02997776932 -0.0469109729 0.001)
(-0.0317206149 -0.0484161904 0.001)
(-0.03224020916 -0.04608371872 0.001)
(-0.03401394772 -0.04768963653 0.001)
(-0.03456456164 -0.04544992805 0.001)
(-0.03631317188 -0.04697652592 0.001)
(-0.03349400421 -0.04999490952 0.001)
(-0.02349211336 -0.05871359187 0.001)
(-0.02464430887 -0.06083813601 0.001)
(-0.02336614933 -0.06278895429 0.001)
(-0.02576593012 -0.06294756985 0.001)
(-0.02443848268 -0.06494177231 0.001)
(-0.02684394169 -0.06509557012 0.001)
(-0.02203748983 -0.06478395917 0.001)
(-0.01857361322 -0.06246559651 0.001)
(-0.01617009952 -0.06230961985 0.001)
(-0.0172353342 -0.06446867528 0.001)
(-0.0148325361 -0.06431234152 0.001)
(-0.01589819216 -0.06647127141 0.001)
(-0.01349558355 -0.06631485722 0.001)
(-0.01456134143 -0.06847375278 0.001)
(-0.01215878138 -0.06831731946 0.001)
(-0.01322456432 -0.07047620611 0.001)
(-0.01562710661 -0.07063264615 0.001)
(-0.0142903473 -0.0726350928 0.001)
(-0.002277628917 -0.07185289513 0.001)
(-0.01082201653 -0.07031976811 0.001)
(-0.003614381366 -0.06985045104 0.001)
(-0.004680172595 -0.07200933466 0.001)
(-0.003343420145 -0.07401177875 0.001)
(-0.009756224613 -0.06816088474 0.001)
(-0.01830071331 -0.06662771866 0.001)
(-0.002548590138 -0.06769156741 0.001)
(-0.004951133816 -0.06784800695 0.001)
(-0.02735171411 -0.06093540198 0.001)
(-0.01002714363 -0.06400015355 0.001)
(-0.01510414662 -0.06015081337 0.001)
(-0.008419469983 -0.07016332964 0.001)
(-0.009485260848 -0.0723222134 0.001)
(-0.03016981345 -0.04478839656 0.001)
(-0.02600129353 -0.04557846933 0.001)
(0.05166624554 0.006306571704 0.001)
(0.05339282434 0.007834623954 0.001)
(0.05306317675 0.01048834259 0.001)
(0.05404134952 0.005089491526 0.001)
(0.04781490103 0.02034504677 0.001)
(0.05225925678 -0.003536841638 0.001)
(-0.03387998122 -0.03955508833 0.001)
(-0.03620133798 -0.04027364159 0.001)
(-0.03913244432 -0.03431889107 0.001)
(-0.03802282676 -0.03856594648 0.001)
(-0.03848823844 -0.04099320465 0.001)
(-0.04030114132 -0.03934106736 0.001)
(-0.04079951425 -0.04166373717 0.001)
(-0.04249818311 -0.04010249405 0.001)
(-0.0434192593 -0.04233504595 0.001)
(-0.04205721314 -0.03777575501 0.001)
(-0.04426703579 -0.03850763927 0.001)
(-0.04380849836 -0.0361183693 0.001)
(-0.04611803909 -0.03697203296 0.001)
(-0.04564892364 -0.03463207876 0.001)
(-0.04794756379 -0.0354243359 0.001)
(-0.04846530089 -0.03758041256 0.001)
(-0.04506794424 -0.02616538916 0.001)
(-0.04746065378 -0.03306051828 0.001)
(-0.04974728409 -0.0338245826 0.001)
(-0.04925133414 -0.03150006102 0.001)
(-0.05150285261 -0.03236104209 0.001)
(-0.04700690675 -0.03074693766 0.001)
(-0.04877850044 -0.02910877017 0.001)
(-0.03911198495 -0.04348792481 0.001)
(-0.04337817731 -0.0339053016 0.001)
(-0.03447172348 -0.04179107881 0.001)
(-0.03745631909 -0.03612947176 0.001)
(-0.04620060878 -0.02398720461 0.001)
(-0.04860577609 -0.02370090508 0.001)
(-0.04911259726 -0.01719404262 0.001)
(-0.0496546517 -0.0215448 0.001)
(-0.05099996075 -0.02351534125 0.001)
(-0.05209388643 -0.02150175423 0.001)
(-0.0534084121 -0.02344383431 0.001)
(-0.05450246006 -0.02137832953 0.001)
(-0.05577907981 -0.02342365577 0.001)
(-0.0521990793 -0.0256074907 0.001)
(-0.05316319607 -0.01934331647 0.001)
(-0.0555875421 -0.01924208611 0.001)
(-0.05419503823 -0.0171510582 0.001)
(-0.05666489463 -0.01708841659 0.001)
(-0.05799303581 -0.01911552519 0.001)
(-0.05534616266 -0.01507214894 0.001)
(-0.05776451313 -0.0149548495 0.001)
(-0.05141756283 -0.007425190863 0.001)
(-0.05644581812 -0.01293781249 0.001)
(-0.05885191637 -0.01280715543 0.001)
(-0.05753485955 -0.01079188366 0.001)
(-0.05993940102 -0.01065952809 0.001)
(-0.05516666618 -0.0109429837 0.001)
(-0.0562240529 -0.008779942228 0.001)
(-0.05295789558 -0.01522229642 0.001)
(-0.04786419375 -0.02617375932 0.001)
(-0.0535600279 -0.008775535016 0.001)
(-0.05490113022 -0.006761752638 0.001)
(-0.05730604628 -0.006629221145 0.001)
(-0.05598301347 -0.004619890214 0.001)
(-0.05839542613 -0.004485991238 0.001)
(-0.05221320175 0.002132513513 0.001)
(-0.05363936117 -0.004700882324 0.001)
(-0.05465885236 -0.002543744456 0.001)
(-0.0534837961 -0.0002949250819 0.001)
(-0.05110142799 -0.009766102245 0.001)
(-0.05029419375 -0.01476133859 0.001)
(-0.04376907332 -0.02821767397 0.001)
(-0.04823308087 -0.01950403685 0.001)
(-0.04622757974 -0.02842818264 0.001)
(-0.0501624675 -0.02710638343 0.001)
(-0.05234379934 -0.02788516451 0.001)
(-0.05428965736 -0.0271195279 0.001)
(-0.05377955138 -0.02936170611 0.001)
(-0.05614094255 -0.02856188084 0.001)
(-0.05662293005 -0.02576902939 0.001)
(-0.05844309134 -0.0274975509 0.001)
(0.03091471976 -0.04170017441 0.001)
(0.005649200888 -0.05175927338 0.001)
(0.007032577758 -0.05340125092 0.001)
(0.004653802737 -0.05366661304 0.001)
(0.002135121649 -0.05417934113 0.001)
(0.01982471881 -0.0481141643 0.001)
(-0.05188937527 0.004895027748 0.001)
(-0.05367546374 0.006456709303 0.001)
(-0.05057235573 0.01236605051 0.001)
(-0.05345195358 0.008918360565 0.001)
(-0.05582435055 0.007676726074 0.001)
(-0.0540721216 0.004051452315 0.001)
(-0.05585332965 -0.0004316357266 0.001)
(-0.05115423236 0.009856227506 0.001)
(-0.04989983943 0.01479676139 0.001)
(-0.05158735479 0.01656116262 0.001)
(-0.04734513781 0.02176370207 0.001)
(-0.05077443355 0.01902698532 0.001)
(-0.05317842769 0.01840334587 0.001)
(-0.05237733246 0.01405866379 0.001)
(-0.05334329659 0.01156690608 0.001)
(-0.0483040794 0.01945837553 0.001)
(-0.04619299052 0.02405134501 0.001)
(-0.04754209522 0.02610269035 0.001)
(-0.04224024896 0.03047085253 0.001)
(-0.04623973688 0.02830035925 0.001)
(-0.04876670887 0.02824293355 0.001)
(-0.0487341347 0.02395307241 0.001)
(-0.04981144057 0.02151850059 0.001)
(-0.0407372567 0.03241265937 0.001)
(-0.04156038878 0.03468501189 0.001)
(-0.03381218324 0.03960750043 0.001)
(-0.03988979702 0.03666131398 0.001)
(-0.04230143897 0.03699243626 0.001)
(-0.04321032365 0.03274441712 0.001)
(-0.04475940954 0.03068462386 0.001)
(-0.03564626641 0.03800212418 0.001)
(-0.03619976441 0.04034835002 0.001)
(-0.0342251609 0.04195174728 0.001)
(-0.03659667701 0.04268931245 0.001)
(-0.03799581793 0.03872543356 0.001)
(-0.03746631914 0.03631253541 0.001)
(-0.04368115937 0.02834695194 0.001)
(-0.04110321656 -0.03249660773 0.001)
(0.04668569336 -0.02286706875 0.001)
(0.0006552320234 -0.05206586904 0.001)
(-0.0005914670194 -0.05398173378 0.001)
(-0.00306939615 -0.05396309952 0.001)
(-0.001853635221 -0.05597571847 0.001)
(0.05393813821 -0.08056883848 0.001)
(0.05250839992 -0.07863839972 0.001)
(0.0220249813 0.04945403631 0.001)
(0.02390180106 0.05098298743 0.001)
(-0.05061302475 -0.01933210293 0.001)
(-0.0042622348 -0.05187471408 0.001)
(-0.005583799671 -0.05398752871 0.001)
(-0.05480717598 0.001762506169 0.001)
(-0.05713159638 0.001611182866 0.001)
(-0.05827185282 -0.0004078487746 0.001)
(-0.05945882727 0.001641062076 0.001)
(-0.05832183505 0.003668849728 0.001)
(-0.06067195389 0.003694416201 0.001)
(0.04563400469 0.02521486837 0.001)
(0.01552934325 0.04980584254 0.001)
(0.01313822047 0.05088188691 0.001)
(0.01182295055 0.05319253563 0.001)
(0.003109798619 0.05196612228 0.001)
(0.009538759944 0.05326779386 0.001)
(0.01086073402 0.05545201903 0.001)
(0.008559411012 0.05539346326 0.001)
(0.009954732592 0.05722150715 0.001)
(0.007141364224 0.05346321259 0.001)
(0.01506524684 0.05465370645 0.001)
(0.0006880854892 0.05205818197 0.001)
(0.00204766509 0.05412296313 0.001)
(-0.0003552548496 0.05426733569 0.001)
(0.0009089658059 0.05624529937 0.001)
(-0.001444597641 0.05637896139 0.001)
(-0.0001933049622 0.05866788309 0.001)
(0.003304624804 0.05593202464 0.001)
(-0.002724106847 0.05443102986 0.001)
(0.005937999134 0.05598666143 0.001)
(-0.001709416687 0.05219273535 0.001)
(-0.004269790328 0.05249329433 0.001)
(-0.00638404045 0.05406367081 0.001)
(-0.01178076895 0.05069842302 0.001)
(-0.008671642042 0.05339508588 0.001)
(-0.008060285389 0.05566778348 0.001)
(-0.003752079367 0.05647523753 0.001)
(-0.01409803923 0.05015610586 0.001)
(-0.01342278654 0.05245160308 0.001)
(-0.01607799116 0.05215294656 0.001)
(-0.01504128245 0.05423784479 0.001)
(-0.01034002887 0.05506764431 0.001)
(-0.009683520791 0.05744971107 0.001)
(-0.01653210728 0.04949091118 0.001)
(-0.0185178905 0.05098624617 0.001)
(-0.02345008481 0.0464739807 0.001)
(-0.02083547352 0.04999257319 0.001)
(-0.02049582152 0.05238604521 0.001)
(-0.0256298019 0.04532387373 0.001)
(-0.02770079939 0.04652946393 0.001)
(-0.0299018705 0.04523093953 0.001)
(-0.02979914864 0.04774486773 0.001)
(-0.02549033255 0.04775280848 0.001)
(-0.02328282999 0.04887367921 0.001)
(-0.02984623676 0.04277381008 0.001)
(-0.03240287681 0.0437988933 0.001)
(-0.03189556656 0.04126629596 0.001)
(0.05198500645 0.001360703907 0.001)
(-0.02119773994 0.04753184601 0.001)
(0.05067995319 0.01114161912 0.001)
(-0.02261508396 -0.05662188712 0.001)
(0.024272516 0.04847760313 0.001)
(-0.03971803032 -0.03682744216 0.001)
(0.0475204968 -0.02662603854 0.001)
(0.06650277909 -0.0556760791 0.001)
(0.06887782408 -0.05541927298 0.001)
(0.0675590171 -0.0532053823 0.001)
(0.06983272425 -0.05315573896 0.001)
(0.07127010102 -0.05508922964 0.001)
(-0.03676580655 -0.04470209306 0.001)
(-0.03860118704 -0.04622716101 0.001)
(-0.03808687386 -0.04858227784 0.001)
(-0.03232656022 -0.05685026166 0.001)
(-0.03193689926 -0.0592265726 0.001)
(-0.03419077233 -0.05837388448 0.001)
(-0.03380124112 -0.06075003349 0.001)
(-0.0360537778 -0.05989897494 0.001)
(-0.03566442849 -0.06227490204 0.001)
(-0.04037176231 -0.04778009503 0.001)
(-0.03986361312 -0.05019022806 0.001)
(-0.04215765942 -0.04945827126 0.001)
(-0.04164341566 -0.05181941463 0.001)
(-0.0439379725 -0.05109099722 0.001)
(-0.04342279807 -0.05344456555 0.001)
(-0.0457172849 -0.05271547553 0.001)
(-0.04623268011 -0.05036373412 0.001)
(-0.04801179643 -0.05198658019 0.001)
(-0.03934931487 -0.05255177204 0.001)
(-0.03456497696 -0.05601645641 0.001)
(-0.03150513977 -0.06143980318 0.001)
(-0.04267147794 -0.04707327655 0.001)
(-0.04091045063 -0.04547934734 0.001)
(0.06318052062 -0.05740353747 0.001)
(0.02702091577 -0.04485810462 0.001)
(-0.05554734557 0.01021096549 0.001)
(-0.05765319249 0.009480081813 0.001)
(-0.05751247174 0.01157579335 0.001)
(-0.0595093577 0.01088348808 0.001)
(-0.05947094288 0.005700602313 0.001)
(-0.05493014013 0.01383173995 0.001)
(-0.05405336229 0.0160810516 0.001)
(-0.05556743907 0.01799854725 0.001)
(-0.05124853623 0.02352339741 0.001)
(-0.05495880499 0.0204157888 0.001)
(-0.05723717952 0.01961074675 0.001)
(-0.0564020388 0.01596151321 0.001)
(-0.05022822573 0.02587290537 0.001)
(-0.0514035413 0.02795208044 0.001)
(-0.05246232175 0.02138547082 0.001)
(-0.05462146781 0.02234210221 0.001)
(-0.05250006225 0.02575714695 0.001)
(-0.0539823262 0.02801350742 0.001)
(-0.05722060917 0.005578131371 0.001)
(0.09351818402 -0.02382329927 0.001)
(0.09266454158 -0.03017955935 0.001)
(-0.01597769675 -0.05169360709 0.001)
(0.09220401267 -0.02178904026 0.001)
(0.08978156726 -0.02197387564 0.001)
(0.05614207838 -0.02416971456 0.001)
(0.05400674868 -0.02848563171 0.001)
(0.05321571696 -0.03480771788 0.001)
(-0.007353678277 -0.06800444619 0.001)
(-0.007082716632 -0.07216577406 0.001)
(-0.00814850771 -0.07432465774 0.001)
(0.05932393751 0.001110042268 0.001)
(0.06600522431 -0.008901121075 0.001)
(0.05214993624 -0.03696660709 0.001)
(0.0502888876 -0.04544555775 0.001)
(-0.012429767 -0.06415620051 0.001)
(0.05242028806 -0.04112769128 0.001)
(0.07697020512 -0.02908200152 0.001)
(0.0793727488 -0.02892556199 0.001)
(0.06867872921 -0.01290600926 0.001)
(0.06333171952 -0.004896232796 0.001)
(0.0492234543 -0.04760456256 0.001)
(0.05375741997 -0.04313029048 0.001)
(0.06493943308 -0.0110600047 0.001)
(0.03105839489 -0.04682999177 0.001)
(0.03240401822 -0.04872271705 0.001)
(0.05488768257 -0.003398857242 0.001)
(0.0678838992 -0.0192262206 0.001)
(0.07456766145 -0.02923844106 0.001)
(0.04788639054 -0.04560201776 0.001)
(0.08070950125 -0.03092800608 0.001)
(0.08177529163 -0.02876912204 0.001)
(0.07216511777 -0.02939488059 0.001)
(0.06976257409 -0.02955132013 0.001)
(0.06869678286 -0.03171020375 0.001)
(0.06736003042 -0.02970775966 0.001)
(0.06629423919 -0.03186664329 0.001)
(0.06495748674 -0.02986419919 0.001)
(0.03910753604 -0.07751607848 0.001)
(0.03804174481 -0.07967496211 0.001)
(0.02201876908 -0.07444982751 0.001)
(0.02922640011 -0.0739805089 0.001)
(0.03670499236 -0.07767251802 0.001)
(0.03563920114 -0.07983140164 0.001)
(0.03697595358 -0.08183384574 0.001)
(0.03457340991 -0.08199028527 0.001)
(0.03591016236 -0.08399272936 0.001)
(0.03350761868 -0.08414916889 0.001)
(0.03484437113 -0.08615161299 0.001)
(0.03217086623 -0.0821467248 0.001)
(0.031105075 -0.08430560843 0.001)
(0.02976832255 -0.08230316434 0.001)
(0.02870253132 -0.08446204796 0.001)
(0.02736577888 -0.08245960387 0.001)
(0.02629998765 -0.0846184875 0.001)
(0.0276367401 -0.08662093159 0.001)
(0.0249632352 -0.08261604341 0.001)
(0.02389744397 -0.08477492703 0.001)
(0.02256069152 -0.08277248294 0.001)
(0.02149490029 -0.08493136656 0.001)
(0.02015814784 -0.08292892247 0.001)
(0.01909235661 -0.0850878061 0.001)
(0.02042910906 -0.08709025019 0.001)
(0.01775560417 -0.08308536201 0.001)
(0.01668981294 -0.08524424563 0.001)
(0.01535306049 -0.08324180154 0.001)
(0.01428726926 -0.08540068517 0.001)
(0.01295051681 -0.08339824107 0.001)
(0.01188472558 -0.0855571247 0.001)
(0.01322147803 -0.08755956879 0.001)
(0.01054797313 -0.08355468061 0.001)
(0.009482181905 -0.08571356423 0.001)
(0.008145429456 -0.08371112014 0.001)
(0.007079638228 -0.08587000377 0.001)
(0.005742885778 -0.08386755968 0.001)
(0.00467709455 -0.0860264433 0.001)
(0.006013846999 -0.08802888739 0.001)
(0.003340342101 -0.08402399921 0.001)
(0.006808677007 -0.08170867605 0.001)
(0.01641885172 -0.08108291792 0.001)
(0.01161376436 -0.08139579698 0.001)
(0.0196162254 -0.07460626704 0.001)
(0.02602902643 -0.08045715978 0.001)
(0.02095297785 -0.07660871113 0.001)
(0.03083411378 -0.08014428071 0.001)
(0.03162894379 -0.07382406937 0.001)
(0.01855043417 -0.07676515066 0.001)
(0.02335552153 -0.0764522716 0.001)
(0.03430244869 -0.07782895755 0.001)
(0.03831270603 -0.08383628983 0.001)
(0.03536823991 -0.07567007393 0.001)
(0.01721368172 -0.07476270657 0.001)
(0.0161478905 -0.0769215902 0.001)
(0.01988718662 -0.07876759476 0.001)
(0.03056315256 -0.075982953 0.001)
(0.02816060888 -0.07613939253 0.001)
(0.01481113805 -0.07491914611 0.001)
(0.01374534682 -0.07707802973 0.001)
(0.01508209927 -0.07908047382 0.001)
(0.01267955559 -0.07923691336 0.001)
(0.01134280314 -0.07723446927 0.001)
(0.01027701191 -0.07939335289 0.001)
(0.008940259463 -0.0773909088 0.001)
(0.003864210887 -0.07354246015 0.001)
(0.002798419659 -0.07570134378 0.001)
(0.0003958759814 -0.07585778331 0.001)
(0.001732628431 -0.0778602274 0.001)
(-0.0006699152467 -0.07801666694 0.001)
(0.0006668372025 -0.08001911103 0.001)
(-0.001735706475 -0.08017555056 0.001)
(-0.003072458924 -0.07817310647 0.001)
(-0.004138250152 -0.0803319901 0.001)
(-0.002801497703 -0.08233443419 0.001)
(-0.00520404138 -0.08249087372 0.001)
(-0.00654079383 -0.08048842963 0.001)
(-0.007606585058 -0.08264731325 0.001)
(0.004135172108 -0.07770378787 0.001)
(0.008669298242 -0.07322958108 0.001)
(0.007874468235 -0.07954979243 0.001)
(0.02122393907 -0.08077003885 0.001)
(0.0222897303 -0.07861115522 0.001)
(0.02469227398 -0.07845471569 0.001)
(0.03777078359 -0.07551363439 0.001)
(0.03643403114 -0.0735111903 0.001)
(0.03883657482 -0.07335475077 0.001)
(0.03749982237 -0.07135230668 0.001)
(0.02949736133 -0.07814183662 0.001)
(0.0284315701 -0.08030072025 0.001)
(0.07375477778 -0.01675445791 0.001)
(0.005200963336 -0.07554490424 0.001)
(0.006266754564 -0.07338602062 0.001)
(0.06387364185 -0.01321888833 0.001)
(0.07803599619 -0.02692311782 0.001)
(0.06656520041 -0.036027971 0.001)
(0.07749407383 -0.01860046242 0.001)
(0.07855986501 -0.01644157878 0.001)
(0.05798638614 0.003114736728 0.001)
(0.05664795717 0.005115987563 0.001)
(0.05400588841 -0.009752852504 0.001)
(0.05158996225 -0.00983975828 0.001)
(-0.01644728785 -0.05814972829 0.001)
(0.0644155643 -0.02154154376 0.001)
(0.0473809583 -0.07488787626 0.001)
(0.04978244279 -0.07471819415 0.001)
(0.05665254072 -0.0700674025 0.001)
(0.05081284029 -0.03496398045 0.001)
(0.04255781729 -0.05639656083 0.001)
(0.02281359909 -0.06812961616 0.001)
(0.06389169551 -0.03202308282 0.001)
(-0.002006667696 -0.07601422285 0.001)
(-0.004409211373 -0.07617066238 0.001)
(0.01720980271 -0.05594663055 0.001)
(0.0182614193 -0.05379962846 0.001)
(0.02362648275 -0.08061359931 0.001)
(-0.01188780584 -0.07247865244 0.001)
(-0.01295359522 -0.07463753675 0.001)
(-0.01535613859 -0.0747939764 0.001)
(-0.02550740098 -0.06709783111 0.001)
(-0.02791077936 -0.06725351866 0.001)
(-0.0265738878 -0.06925608808 0.001)
(-0.0289765474 -0.06941242317 0.001)
(-0.02763979109 -0.07141487075 0.001)
(-0.03004235755 -0.07157128976 0.001)
(-0.01401938615 -0.07679642049 0.001)
(-0.01642192978 -0.07695286004 0.001)
(-0.01508517733 -0.07895530413 0.001)
(-0.017487721 -0.07911174367 0.001)
(-0.01615096854 -0.08111418776 0.001)
(-0.01855351222 -0.0812706273 0.001)
(-0.01721675977 -0.08327307139 0.001)
(-0.01989026467 -0.07926818321 0.001)
(-0.02523724677 -0.07125843179 0.001)
(-0.02630305657 -0.07341729869 0.001)
(-0.01775868222 -0.07495041595 0.001)
(-0.03031331917 -0.06740996167 0.001)
(-0.01374842487 -0.08095774823 0.001)
(-0.02390051588 -0.07326085646 0.001)
(-0.0249663107 -0.07541973685 0.001)
(-0.02283472515 -0.07110197239 0.001)
(-0.008943337507 -0.08064486916 0.001)
(-0.01000912874 -0.08280375279 0.001)
(-0.008672376286 -0.08480619688 0.001)
(-0.003867288931 -0.08449331781 0.001)
(-0.01107491996 -0.08496263641 0.001)
(-0.009738167514 -0.08696508051 0.001)
(0.002274550873 -0.08618288284 0.001)
(-0.02256376812 -0.07526329633 0.001)
(-0.02362956013 -0.07742217925 0.001)
(-0.0260321042 -0.07757861843 0.001)
(-0.01961930345 -0.08342951092 0.001)
(-0.018282551 -0.08543195502 0.001)
(-0.02068509467 -0.08558839455 0.001)
(-0.01588000732 -0.08527551548 0.001)
(-0.01161684248 -0.07663998095 0.001)
(-0.001464745254 -0.08433687828 0.001)
(-0.002530536482 -0.0864957619 0.001)
(-0.004933080159 -0.08665220144 0.001)
(-0.00359632771 -0.08865464553 0.001)
(-0.007877546279 -0.07848598554 0.001)
(-0.01134588119 -0.0808013087 0.001)
(0.06336782672 -0.04250462188 0.001)
(0.07135223411 -0.01691089744 0.001)
(0.04362360852 -0.05423767721 0.001)
(0.001985575484 -0.06321796708 0.001)
(0.0526916204 -0.04528917572 0.001)
(-0.0003989540256 -0.08217799465 0.001)
(0.002003589652 -0.08202155512 0.001)
(0.06842582164 -0.02754887603 0.001)
(0.03294764258 -0.05702231897 0.001)
(0.08921506399 -0.0324482328 0.001)
(0.03374218894 -0.05070594988 0.001)
(0.08228110761 0.0005166110945 0.001)
(0.07987856393 0.0003601715606 0.001)
(0.07854181148 0.002362615652 0.001)
(0.07747602026 0.0002037320267 0.001)
(0.07613926781 0.002206176118 0.001)
(0.0788127727 -0.001798712065 0.001)
(0.07641022903 -0.001955151599 0.001)
(0.07720505903 0.004365059743 0.001)
(0.07480251536 0.004208620209 0.001)
(0.07586830658 0.006367503835 0.001)
(0.07346576291 0.006211064301 0.001)
(0.07453155414 0.008369947926 0.001)
(0.07212901046 0.008213508392 0.001)
(0.07319480169 0.01037239202 0.001)
(0.07559734536 0.01052883155 0.001)
(0.08520752007 0.01115458969 0.001)
(0.07426059291 0.01253127564 0.001)
(0.07185804924 0.01237483611 0.001)
(0.07292384047 0.01453371973 0.001)
(0.07532638414 0.01469015927 0.001)
(0.07398963169 0.01669260336 0.001)
(0.07639217537 0.01684904289 0.001)
(0.07505542292 0.01885148698 0.001)
(0.0774579666 0.01900792652 0.001)
(0.07265287924 0.01869504745 0.001)
(0.07371867047 0.02085393108 0.001)
(0.0713161268 0.02069749154 0.001)
(0.07238191802 0.02285637517 0.001)
(0.06997937435 0.02269993563 0.001)
(0.07104516557 0.02485881926 0.001)
(0.07344770925 0.02501525879 0.001)
(0.0686426219 0.02470237973 0.001)
(0.06970841312 0.02686126335 0.001)
(0.06730586945 0.02670482382 0.001)
(0.06837166068 0.02886370744 0.001)
(0.065969117 0.02870726791 0.001)
(0.06703490823 0.03086615153 0.001)
(0.0694374519 0.03102259107 0.001)
(0.06463236455 0.030709712 0.001)
(0.06569815578 0.03286859562 0.001)
(0.0632956121 0.03271215609 0.001)
(0.06436140333 0.03487103972 0.001)
(0.06195885965 0.03471460018 0.001)
(0.06302465088 0.03687348381 0.001)
(0.06542719456 0.03702992334 0.001)
(0.0606221072 0.03671704427 0.001)
(0.06168789843 0.0388759279 0.001)
(0.05928535475 0.03871948836 0.001)
(0.06035114598 0.04087837199 0.001)
(0.0579486023 0.04072193246 0.001)
(0.05901439353 0.04288081608 0.001)
(0.06141693721 0.04303725562 0.001)
(0.05661184985 0.04272437655 0.001)
(0.06757683067 0.0225434961 0.001)
(0.05554605863 0.04056549292 0.001)
(0.05420930618 0.04256793701 0.001)
(0.08761006375 0.01131102922 0.001)
(0.0862733113 0.01331347331 0.001)
(0.08867585498 0.01346991285 0.001)
(0.07052129679 0.0143772802 0.001)
(0.05821956352 0.03656060474 0.001)
(0.06490332577 0.02654838428 0.001)
(0.06222982087 0.03055327247 0.001)
(0.05314351495 0.04040905339 0.001)
(0.0518067625 0.04241149748 0.001)
(0.07772892782 0.0148465988 0.001)
(0.06945550556 0.01221839658 0.001)
(0.06811875311 0.01422084067 0.001)
(0.0828049764 0.01099815015 0.001)
(0.05074097127 0.04025261385 0.001)
(0.04940421882 0.04225505795 0.001)
(0.05047001005 0.04441394157 0.001)
(0.04806746637 0.04425750204 0.001)
(0.05207772372 0.03825016976 0.001)
(0.04700167514 0.04209861841 0.001)
(0.04566492269 0.0441010625 0.001)
(0.06705296188 0.01206195704 0.001)
(0.06571620943 0.01406440113 0.001)
(0.06678200066 0.01622328476 0.001)
(0.06437945698 0.01606684522 0.001)
(0.06544524821 0.01822572885 0.001)
(0.06304270453 0.01806928932 0.001)
(0.06410849576 0.02022817294 0.001)
(0.07239997168 0.004052180676 0.001)
(0.09001260743 0.01146746876 0.001)
(0.09107839866 0.01362635238 0.001)
(0.09241515111 0.01162390829 0.001)
(0.09348094233 0.01378279191 0.001)
(0.06838971433 0.01005951295 0.001)
(0.06170595209 0.02007173341 0.001)
(0.06277174331 0.02223061703 0.001)
(0.06036919964 0.0220741775 0.001)
(0.06143499086 0.02423306112 0.001)
(0.0590324472 0.0240766216 0.001)
(0.06009823842 0.02623550522 0.001)
(0.05769569476 0.0260790657 0.001)
(0.05876148597 0.02823794931 0.001)
(0.05635894691 0.02808151285 0.001)
(0.05742473429 0.03024039391 0.001)
(0.05502219528 0.03008395853 0.001)
(0.0560879821 0.03224283835 0.001)
(0.05368543841 0.03208639986 0.001)
(0.05475122896 0.03424528204 0.001)
(0.05235111614 0.03409046526 0.001)
(0.04968788791 0.0381022135 0.001)
(0.05849052482 0.03239927708 0.001)
(0.06064016086 0.01791284978 0.001)
(0.0646504182 0.01190551751 0.001)
(0.06784779189 0.01838216838 0.001)
(0.07774698148 -0.00395759569 0.001)
(0.04465147795 0.04212233318 0.001)
(0.04326534116 0.04406314357 0.001)
(0.04432866394 0.04612326003 0.001)
(0.04192620254 0.04597011273 0.001)
(0.04299150875 0.04810959007 0.001)
(0.04539405892 0.04826628902 0.001)
(0.04405720902 0.05026483431 0.001)
(0.04645976894 0.05042192365 0.001)
(0.04512300296 0.05242382624 0.001)
(0.04752554709 0.05258028382 0.001)
(0.04618909163 0.05457804617 0.001)
(0.05767764108 0.04488326017 0.001)
(0.04272045703 0.05226729645 0.001)
(0.04886229961 0.05057784274 0.001)
(0.04058898527 0.04795395866 0.001)
(0.0491332576 0.04641638566 0.001)
(0.05153580128 0.0465728252 0.001)
(0.03945533316 0.04571051186 0.001)
(0.04575476102 0.03991160966 0.001)
(0.03831777207 0.04792010637 0.001)
(0.03927404713 0.04997386895 0.001)
(0.03692662608 0.04987275333 0.001)
(0.03793186481 0.05197092456 0.001)
(0.03552841616 0.05181358694 0.001)
(0.03659982371 0.05404597216 0.001)
(0.03422748439 0.05379551032 0.001)
(0.03510509149 0.05608210607 0.001)
(0.03898116045 0.05411328296 0.001)
(0.03291637883 0.05127846595 0.001)
(0.03202903348 0.05341288242 0.001)
(0.03072085568 0.04978643005 0.001)
(0.05127840157 0.0319413169 0.001)
(0.06116402964 0.02839438884 0.001)
(0.06383753454 0.02438950066 0.001)
(0.05796665596 0.02191773796 0.001)
(0.07025033557 0.01853860792 0.001)
(0.05101688664 0.03609459337 0.001)
(0.04861710262 0.03599919269 0.001)
(0.06250078209 0.02639194475 0.001)
(0.08014952515 -0.003801156156 0.001)
(0.07507347658 4.729249281e-05 0.001)
(0.07400768535 -0.002111591133 0.001)
(0.06517428699 0.02238705657 0.001)
(0.0753444378 -0.004114035223 0.001)
(0.09134974443 0.009465043532 0.001)
(0.0937523522 0.00962148621 0.001)
(0.04091559239 0.04390504838 0.001)
(0.09509845245 0.007619513645 0.001)
(0.09615444723 0.009777903731 0.001)
(0.09856814977 0.009929406843 0.001)
(0.09722209827 0.01193596462 0.001)
(0.09962278214 0.01209322689 0.001)
(0.1011883804 0.009819334262 0.001)
(0.1019320461 0.01243335391 0.001)
(0.1007811501 0.01483800541 0.001)
(0.1041323807 0.01097579176 0.001)
(0.103937273 0.01515436873 0.001)
(0.1013031396 0.01871710395 0.001)
(0.09214418988 0.01578523601 0.001)
(0.08733910253 0.01547235694 0.001)
(0.08493655885 0.0153159174 0.001)
(0.08600235008 0.01747480103 0.001)
(0.0835998064 0.0173183615 0.001)
(0.08466559763 0.01947724512 0.001)
(0.08706814131 0.01963368465 0.001)
(0.08573138886 0.02163612875 0.001)
(0.08813393254 0.02179256828 0.001)
(0.08679718009 0.02379501237 0.001)
(0.08919972377 0.02395145191 0.001)
(0.08786297132 0.025953896 0.001)
(0.09026551499 0.02611033553 0.001)
(0.08546042764 0.02579745646 0.001)
(0.08652621887 0.02795634009 0.001)
(0.08412367519 0.02779990055 0.001)
(0.08518946642 0.02995878418 0.001)
(0.08278692274 0.02980234465 0.001)
(0.08385271397 0.03196122827 0.001)
(0.08625525765 0.0321176678 0.001)
(0.08145017029 0.03180478874 0.001)
(0.08251596152 0.03396367236 0.001)
(0.08011341784 0.03380723283 0.001)
(0.08117920907 0.03596611645 0.001)
(0.07877666539 0.03580967692 0.001)
(0.07984245662 0.03796856054 0.001)
(0.0822450003 0.03812500008 0.001)
(0.07743991294 0.03781212101 0.001)
(0.07850570417 0.03997100464 0.001)
(0.07610316049 0.0398145651 0.001)
(0.07716895172 0.04197344873 0.001)
(0.07476640804 0.04181700919 0.001)
(0.07583219927 0.04397589282 0.001)
(0.07823474295 0.04413233235 0.001)
(0.0734296556 0.04381945329 0.001)
(0.08305788396 0.02564101693 0.001)
(0.07904762661 0.0316483492 0.001)
(0.07503736927 0.03765568148 0.001)
(0.07236386437 0.04166056966 0.001)
(0.07102711192 0.04366301375 0.001)
(0.09053647621 0.02194900781 0.001)
(0.06996132069 0.04150413013 0.001)
(0.06862456824 0.04350657422 0.001)
(0.06969035947 0.04566545784 0.001)
(0.04859670927 0.05465654555 0.001)
(0.0476127275 0.05686001166 0.001)
(0.06728781579 0.04550901831 0.001)
(0.06835360702 0.04766790193 0.001)
(0.0707561507 0.04782434147 0.001)
(0.06941939825 0.04982678556 0.001)
(0.07182194192 0.04998322509 0.001)
(0.07048518948 0.05198566918 0.001)
(0.07288773315 0.05214210872 0.001)
(0.0680826458 0.05182922965 0.001)
(0.06595106334 0.0475114624 0.001)
(0.09454673356 0.01594167554 0.001)
(0.07129807314 0.03950168603 0.001)
(0.09320998111 0.01794411963 0.001)
(0.08332884518 0.02147968921 0.001)
(0.07315869437 0.047980781 0.001)
(0.08253401518 0.01515947787 0.001)
(0.06755877701 0.04134769059 0.001)
(0.09561252479 0.01810055916 0.001)
(0.09427577234 0.02010300326 0.001)
(0.09667831602 0.02025944279 0.001)
(0.09534156357 0.02226188688 0.001)
(0.09775265576 0.02242403306 0.001)
(0.09080743744 0.0177876801 0.001)
(0.08119726273 0.01716192196 0.001)
(0.06488527211 0.04535257877 0.001)
(0.06354851966 0.04735502287 0.001)
(0.06461431089 0.04951390649 0.001)
(0.06221176722 0.04935746696 0.001)
(0.06327755844 0.05151635058 0.001)
(0.06087501477 0.05135991105 0.001)
(0.05980922354 0.04920102742 0.001)
(0.05847247109 0.05120347151 0.001)
(0.05953826232 0.05336235514 0.001)
(0.05713571864 0.05320591561 0.001)
(0.05606992741 0.05104703198 0.001)
(0.05473317496 0.05304947607 0.001)
(0.05366738373 0.05089059245 0.001)
(0.05500413618 0.04888814836 0.001)
(0.05233063128 0.05289303654 0.001)
(0.05340281154 0.05504876605 0.001)
(0.1060029779 0.01907255721 0.001)
(0.1027753923 0.02327733359 0.001)
(0.09689720556 0.01612382167 0.001)
(0.1024232026 0.006663313985 0.001)
(0.1071248096 0.007692380122 0.001)
(0.1089422054 0.01423420482 0.001)
(0.1171713601 0.01719942591 0.001)
(0.09989374336 0.007931899174 0.001)
(0.1012147481 0.003838944126 0.001)
(0.06889552946 0.0393452465 0.001)
(0.07023228191 0.03734280241 0.001)
(0.09293901989 0.02210544735 0.001)
(0.09400481112 0.02426433097 0.001)
(0.07263482559 0.03749924194 0.001)
(0.07156903436 0.03534035832 0.001)
(0.06916649068 0.03518391878 0.001)
(0.07397157804 0.03549679785 0.001)
(0.07290578681 0.03333791423 0.001)
(0.07530833049 0.03349435376 0.001)
(0.07424253926 0.03133547013 0.001)
(0.07664508294 0.03149190967 0.001)
(0.07557929171 0.02933302604 0.001)
(0.07317674803 0.02917658651 0.001)
(0.07798183539 0.02948946558 0.001)
(0.07691604416 0.02733058195 0.001)
(0.07931858783 0.02748702149 0.001)
(0.07825279661 0.02532813786 0.001)
(0.08065534028 0.02548457739 0.001)
(0.07958954906 0.02332569377 0.001)
(0.07718700538 0.02316925424 0.001)
(0.08038437906 0.02964590511 0.001)
(0.07637412171 0.03565323739 0.001)
(0.06568010212 0.05167279012 0.001)
(0.09160226744 0.02410789144 0.001)
(0.09266805867 0.02626677506 0.001)
(0.09507060235 0.0264232146 0.001)
(0.09374443241 0.02843272315 0.001)
(0.09613639358 0.02858209822 0.001)
(0.09133306997 0.02827039657 0.001)
(0.09240973767 0.03043654089 0.001)
(0.08999695443 0.03027326583 0.001)
(0.09106314527 0.03243318488 0.001)
(0.09346288868 0.03258698641 0.001)
(0.08865842048 0.03227461217 0.001)
(0.08972445591 0.03443447933 0.001)
(0.08732129596 0.03427688363 0.001)
(0.08838702518 0.03643573848 0.001)
(0.09077455825 0.03660068795 0.001)
(0.08598429642 0.03627899552 0.001)
(0.0870501185 0.03843792972 0.001)
(0.08464754912 0.03828144804 0.001)
(0.0857133412 0.04044033307 0.001)
(0.08811588502 0.04059677284 0.001)
(0.08331079247 0.04028388526 0.001)
(0.08437658391 0.04244276923 0.001)
(0.08197403933 0.04228632821 0.001)
(0.08303983054 0.04444521181 0.001)
(0.08544237421 0.04460165134 0.001)
(0.08063728663 0.04428877189 0.001)
(0.0817030779 0.04644765558 0.001)
(0.07930053419 0.04629121599 0.001)
(0.08036632541 0.04845009962 0.001)
(0.07796378173 0.04829366007 0.001)
(0.0768979905 0.04613477645 0.001)
(0.07556123805 0.04813722054 0.001)
(0.08090824805 0.0401274445 0.001)
(0.08491854638 0.03412016726 0.001)
(0.08892945661 0.02811324295 0.001)
(0.06089306844 0.03255571657 0.001)
(0.07106321923 0.006054624767 0.001)
(0.06999742883 0.003895741906 0.001)
(0.06866067652 0.005898186125 0.001)
(0.07133418064 0.001893297226 0.001)
(0.04832306629 0.04010138394 0.001)
(0.06918454434 0.01637972429 0.001)
(0.06409044211 0.03903236743 0.001)
(0.06275368966 0.04103481152 0.001)
(0.01293246315 -0.06459404658 0.001)
(0.06624007822 0.02454594019 0.001)
(0.06734197676 -0.01090356517 0.001)
(0.06972646694 0.008057069007 0.001)
(0.06732393567 0.0079006411 0.001)
(-0.02310449077 -0.06694172826 0.001)
(-0.02070256441 -0.06678474173 0.001)
(-0.0196373571 -0.06462531643 0.001)
(-0.01936631667 -0.06878672745 0.001)
(0.06092873937 -0.06143830246 0.001)
(0.05294249028 -0.03064527104 0.001)
(0.08683328736 -0.01381337604 0.001)
(0.08789907859 -0.01165449232 0.001)
(0.09030162226 -0.01149805277 0.001)
(0.08896486986 -0.009495609362 0.001)
(0.09136741184 -0.009339166454 0.001)
(0.0900306608 -0.007336725175 0.001)
(0.09243320275 -0.007180282286 0.001)
(0.09109645193 -0.005177841365 0.001)
(0.09349916066 -0.005021291585 0.001)
(0.09216227092 -0.003018939863 0.001)
(0.08656232617 -0.009652048786 0.001)
(0.08549653494 -0.0118109323 0.001)
(0.05341570712 0.03624854749 0.001)
(0.07209290315 0.04582189738 0.001)
(0.0460261522 -0.05408123767 0.001)
(0.04709194342 -0.05192235405 0.001)
(0.09028434691 0.007306179223 0.001)
(0.0604233606 -0.03433840598 0.001)
(-0.0209560559 -0.08142706683 0.001)
(0.03480799311 -0.04854863143 0.001)
(0.04228685607 -0.05223523312 0.001)
(0.06306075979 -0.0007349037124 0.001)
(0.06065882345 -0.000891389324 0.001)
(0.009211220684 -0.08155223652 0.001)
(0.005471924557 -0.07970623196 0.001)
(0.06625816682 0.00574177824 0.001)
(0.05957186972 0.01575588948 0.001)
(0.06197654621 0.0159109429 0.001)
(0.08255206883 -0.003644716622 0.001)
(0.05110220077 -0.05792968632 0.001)
(0.05003640954 -0.06008856995 0.001)
(0.06891358312 0.02054105201 0.001)
(0.04548416594 -0.04575856142 0.001)
(-0.0009408764678 -0.07385533922 0.001)
(0.06681810797 -0.02138510423 0.001)
(0.05457053568 -0.05561436316 0.001)
(0.03963140483 -0.06703453943 0.001)
(0.08444879738 -0.03277401064 0.001)
(0.08551458869 -0.03061513036 0.001)
(0.0831120448 -0.03077156704 0.001)
(0.0977517714 -0.01513242624 0.001)
(0.04378659752 0.05442082936 0.001)
(0.07908373393 -0.005960039781 0.001)
(0.07668119025 -0.006116479314 0.001)
(0.07561539902 -0.008275362939 0.001)
(0.0505602664 -0.04960702685 0.001)
(0.01132474948 -0.05843027477 0.001)
(0.09187322866 0.01994656372 0.001)
(0.04138691006 0.05422049742 0.001)
(0.07079225804 0.01021595251 0.001)
(0.004930002115 -0.07138357653 0.001)
(0.04898735608 -0.08104491472 0.001)
(0.06255494306 -0.03002063873 0.001)
(0.04949448511 -0.05176591384 0.001)
(0.09270411252 -0.01134151014 0.001)
(0.08226305395 0.01932080559 0.001)
(0.04550228341 -0.06456277673 0.001)
(0.04790482709 -0.0644063372 0.001)
(0.04924157954 -0.06640878129 0.001)
(0.03269473502 -0.07166518574 0.001)
(-0.02149797721 -0.07310441241 0.001)
(-0.02016122589 -0.07510685549 0.001)
(-0.02043217278 -0.07094554267 0.001)
(0.1001973244 -0.0004114584946 0.001)
(-0.01376657622 -0.06215356146 0.001)
(0.06038802005 0.003270073194 0.001)
(0.08173918517 0.008839266528 0.001)
(0.08040243272 0.01084171062 0.001)
(0.07933664149 0.008682826994 0.001)
(-0.01270078865 -0.05999493186 0.001)
(0.08096240868 -0.01628513924 0.001)
(0.04445548994 -0.08552633144 0.001)
(0.04338985606 -0.0876852945 0.001)
(0.04472953721 -0.08973232707 0.001)
(0.04205234309 -0.08568246649 0.001)
(0.04098645133 -0.08784129936 0.001)
(0.09163837475 -0.01350049755 0.001)
(0.06651103944 0.02038461247 0.001)
(0.03108702135 -0.06550141394 0.001)
(0.07538054511 -0.04172242421 0.001)
(0.07431475388 -0.04388130783 0.001)
(0.07671729756 -0.0437248683 0.001)
(0.07565150633 -0.04588375192 0.001)
(0.07805405001 -0.04572731239 0.001)
(0.07324896265 -0.04604019146 0.001)
(0.0745857151 -0.04804263555 0.001)
(0.07211010937 -0.04830116742 0.001)
(0.07338598422 -0.05040510239 0.001)
(0.07590014428 -0.05007901018 0.001)
(0.07083424197 -0.04621364638 0.001)
(0.07911984124 -0.04356842877 0.001)
(0.08045659369 -0.04557087286 0.001)
(0.08152238492 -0.04341198923 0.001)
(0.08290310779 -0.04545321381 0.001)
(0.0839052388 -0.04324867485 0.001)
(0.08526168104 -0.04525799379 0.001)
(0.06978062775 -0.04835551462 0.001)
(0.072278224 -0.05276475762 0.001)
(0.07374917388 -0.05467681838 0.001)
(0.07478468343 -0.05239154814 0.001)
(0.07727292743 -0.05210386484 0.001)
(0.0818303213 -0.04761659099 0.001)
(0.07832346352 -0.04989334018 0.001)
(0.07984565216 -0.05189966564 0.001)
(0.07613535418 -0.05437607653 0.001)
(0.07515408418 -0.05660992829 0.001)
(0.07766939843 -0.05608990806 0.001)
(0.07064354557 -0.05057379743 0.001)
(0.07278623031 -0.05697369301 0.001)
(0.07424563314 -0.05885888249 0.001)
(0.0718878783 -0.05922805064 0.001)
(0.07341584445 -0.06111921875 0.001)
(0.07601851642 -0.0607203188 0.001)
(0.07103751694 -0.06149468375 0.001)
(0.07256454409 -0.06337382307 0.001)
(0.07017371068 -0.06373533768 0.001)
(0.07170563794 -0.06562143299 0.001)
(0.0741131591 -0.06522063921 0.001)
(0.06932674456 -0.06600189073 0.001)
(0.07085006219 -0.06787377953 0.001)
(0.06845117551 -0.06823301947 0.001)
(0.06999430441 -0.0701255533 0.001)
(0.07237129366 -0.0697426544 0.001)
(0.06758670668 -0.07048229728 0.001)
(0.06917012755 -0.07239381003 0.001)
(0.06669285572 -0.07276524732 0.001)
(0.06829649748 -0.0747119604 0.001)
(0.07089849262 -0.07433284079 0.001)
(0.06575577253 -0.07503191128 0.001)
(0.06736497819 -0.07724023782 0.001)
(0.06509829671 -0.07080425993 0.001)
(0.06687412053 -0.06631608234 0.001)
(0.06328796222 -0.07526216245 0.001)
(0.06861744355 -0.06182109146 0.001)
(0.06844175819 -0.04635586317 0.001)
(0.06950728417 -0.04419748824 0.001)
(0.07698722315 -0.04788787199 0.001)
(0.08258489451 -0.0412519598 0.001)
(0.08018508553 -0.04140935417 0.001)
(0.04095010362 -0.05023278903 0.001)
(0.05877099775 -0.06574315553 0.001)
(0.07778299763 -0.04156595285 0.001)
(-0.01241167241 -0.08296019232 0.001)
(-0.01347746364 -0.08511907595 0.001)
(0.08681523374 0.004990817879 0.001)
(0.03323665746 -0.07998784118 0.001)
(0.03616306992 -0.06934986259 0.001)
(0.04656807464 -0.06240389311 0.001)
(0.03189990501 -0.07798539709 0.001)
(-0.01481421609 -0.08311663186 0.001)
(-0.01454325487 -0.08727795957 0.001)
(-0.01214071119 -0.08712152004 0.001)
(-0.01320650242 -0.08928040366 0.001)
(0.04817578831 -0.06856766492 0.001)
(0.04871067046 -0.07687969071 0.001)
(0.08229915744 -0.01828758151 0.001)
(0.05641246811 -0.02833076012 0.001)
(0.08869390852 -0.005334281428 0.001)
(0.08975970434 -0.003175394756 0.001)
(0.05989949182 -0.04481994504 0.001)
(0.04178104094 -0.08152096667 0.001)
(0.07162319532 -0.02107222516 0.001)
(0.02682385643 -0.07413694844 0.001)
(0.01882139539 -0.08092647838 0.001)
(0.05688281107 0.03856304883 0.001)
(0.05715377254 0.03440172135 0.001)
(0.05588923447 -0.03881261276 0.001)
(-0.002818880386 -0.06354054426 0.001)
(0.0908254964 -0.001016510747 0.001)
(0.0932289746 -0.000860131288 0.001)
(0.08759262908 0.03011565217 0.001)
(0.0403179129 0.05211083887 0.001)
(0.0585446751 -0.02401330122 0.001)
(0.06893163908 0.001736859641 0.001)
(0.04655002098 -0.04359969862 0.001)
(0.01401630804 -0.08123935745 0.001)
(0.06224867659 0.01175010002 0.001)
(0.06358503651 0.009747070555 0.001)
(0.05800447422 -0.01569149568 0.001)
(0.01827947295 -0.07260382295 0.001)
(0.06707101558 -0.006742237413 0.001)
(0.03428439503 -0.05902476306 0.001)
(0.07158708802 0.01653616383 0.001)
(-0.01268263364 -0.0787988646 0.001)
(0.06974452044 -0.01074712563 0.001)
(0.07001548166 -0.01490845335 0.001)
(0.01640079806 -0.06227872342 0.001)
(0.07964371002 -0.03308688971 0.001)
(0.04631312908 -0.07704556545 0.001)
(0.05016713782 -0.02229469852 0.001)
(-0.02097410955 -0.06262287234 0.001)
(0.03964955537 -0.08583878283 0.001)
(0.03858366726 -0.08799761754 0.001)
(0.03989806848 -0.09001552633 0.001)
(-0.008690424187 -0.06600210134 0.001)
(0.07082836532 -0.0273924365 0.001)
(0.09483593681 -0.007023709954 0.001)
(0.09481807953 0.01178021437 0.001)
(-0.02823388803 -0.06328182679 0.001)
(0.02709481765 -0.07829827615 0.001)
(0.02120588541 -0.06196584436 0.001)
(0.08947068499 0.01979012419 0.001)
(0.08840489376 0.01763124056 0.001)
(0.05740667986 0.04904458789 0.001)
(0.05640173731 -0.009546544001 0.001)
(0.05778690976 0.00725787316 0.001)
(0.08042048637 -0.007962483873 0.001)
(0.04416553096 -0.06256033264 0.001)
(0.05057833199 -0.06841122538 0.001)
(0.07370061682 0.03965812557 0.001)
(-0.0169638522 -0.06863020462 0.001)
(0.05377570567 -0.06193457451 0.001)
(0.08894701 0.009308594639 0.001)
(0.08439463641 0.02363857284 0.001)
(0.1006139441 -0.004495654136 0.001)
(0.07449544682 0.04597833691 0.001)
(0.007550428394 -0.05679251958 0.001)
(0.05287255373 0.04457038111 0.001)
(-0.02924753181 -0.06525107457 0.001)
(-0.03165007549 -0.0654075141 0.001)
(0.07962565632 -0.01428269519 0.001)
(0.08842294801 -0.001172953509 0.001)
(0.06701685457 0.04967034603 0.001)
(0.06598725338 0.00990315976 0.001)
(0.06622202456 0.04335013468 0.001)
(0.03244182745 -0.08630805252 0.001)
(0.03377704983 -0.08828699826 0.001)
(0.03137445956 -0.08844272225 0.001)
(0.03277997366 -0.0903777277 0.001)
(0.06362073429 -0.0278617551 0.001)
(0.005724832122 -0.06506336518 0.001)
(0.08150432092 -0.02460778964 0.001)
(0.055073404 -0.02632717477 0.001)
(0.08974164621 0.01562879647 0.001)
(0.03935721867 -0.04408023177 0.001)
(0.07137028776 -0.03571509193 0.001)
(0.08844149858 -0.01997598867 0.001)
(0.04165835335 0.05011339789 0.001)
(-0.0217686255 -0.06894337262 0.001)
(-0.01802962898 -0.07078910418 0.001)
(0.03535018626 -0.05686587944 0.001)
(0.07960760271 0.004521499277 0.001)
(0.06176011305 -0.03634085007 0.001)
(0.02442131276 -0.07429338797 0.001)
(0.027076764 -0.05949408166 0.001)
(0.02520898117 -0.04929796977 0.001)
(0.05460010824 -0.07435851185 0.001)
(0.07669924354 -0.02492067363 0.001)
(0.0542811264 -0.0326486455 0.001)
(0.04494230731 -0.03743592681 0.001)
(0.02761868644 -0.0678167371 0.001)
(0.04673081245 0.04626388817 0.001)
(0.03802369116 -0.06087076762 0.001)
(0.09456626789 -0.002862328093 0.001)
(-0.007624418642 -0.06384650031 0.001)
(0.06740963567 -0.04838615026 0.001)
(0.08387076762 0.01315703378 0.001)
(0.07827085026 0.006523943369 0.001)
(-0.006726076358 -0.0576256656 0.001)
(0.02283165274 -0.08693381066 0.001)
(0.02176586151 -0.08909269428 0.001)
(0.07884877367 -0.03940706392 0.001)
(0.002546509825 -0.05676601789 0.001)
(0.09587518149 0.01394335652 0.001)
(0.07377283144 -0.0355586524 0.001)
(0.07294189414 -0.004270474739 0.001)
(0.07666313659 0.01268771518 0.001)
(-0.0001460464607 -0.06753512788 0.001)
(0.0625368894 -0.01121644424 0.001)
(0.06356657332 0.02855082837 0.001)
(0.00679062335 -0.06290448156 0.001)
(0.02200071542 -0.05564563301 0.001)
(-0.01404162936 -0.05799477249 0.001)
(0.05933980088 -0.01769323589 0.001)
(0.0552750974 0.04472682064 0.001)
(-0.007335623837 -0.08680864097 0.001)
(0.02841351645 -0.06149652575 0.001)
(0.07241802533 -0.01475201382 0.001)
(0.01186667193 -0.06675293021 0.001)
(0.02523419642 -0.08677737112 0.001)
(0.02657094543 -0.08877976237 0.001)
(0.02897190754 -0.08859903373 0.001)
(0.02799156803 -0.09074935042 0.001)
(0.02063510779 -0.05376596572 0.001)
(0.08365342043 -0.03909403101 0.001)
(0.05955631603 0.0345581607 0.001)
(0.04779654106 0.04842026642 0.001)
(0.009978353279 -0.05661058951 0.001)
(0.05982727734 0.03039683303 0.001)
(0.03003928377 -0.08646449205 0.001)
(0.0412391185 -0.07319831123 0.001)
(0.06114597599 0.04719858333 0.001)
(0.07722311266 -0.01443913473 0.001)
(0.0793920247 -0.04774104201 0.001)
(-0.01882447345 -0.07710929958 0.001)
(-0.01109298739 -0.06615858614 0.001)
(0.0943015331 0.001298909295 0.001)
(0.07693409781 0.00852638746 0.001)
(0.05164412321 -0.06625234176 0.001)
(-0.01909542968 -0.07294797717 0.001)
(0.04230490973 -0.07103942761 0.001)
(0.027871594 -0.05317387032 0.001)
(0.08146822395 0.01300059424 0.001)
(0.06096528305 -0.04266106141 0.001)
(0.0169427205 -0.07060137886 0.001)
(-0.02417106283 -0.06909990404 0.001)
(0.06092926546 -0.005052612527 0.001)
(0.06282590428 -0.03418196644 0.001)
(0.06522844796 -0.03402552691 0.001)
(0.06548135552 -0.01938266014 0.001)
(-0.006269832609 -0.08464975735 0.001)
(0.04763386587 -0.06024500948 0.001)
(0.0849597819 -0.04108195921 0.001)
(0.08735201189 -0.04078503427 0.001)
(0.0809263015 0.02132324968 0.001)
(0.05137316199 -0.06209101404 0.001)
(0.05243895322 -0.05993213041 0.001)
(0.05030737077 -0.06424989766 0.001)
(0.07190978365 -0.04404113349 0.001)
(0.03296569624 -0.07582651346 0.001)
(0.07373672416 0.002049736613 0.001)
(0.07267093299 -0.0001091469587 0.001)
(0.007332545793 -0.07122713699 0.001)
(0.01748464294 -0.07892403429 0.001)
(0.02653671624 -0.05119383553 0.001)
(-0.0166928889 -0.07279153544 0.001)
(0.09055485949 0.003144829494 0.001)
(-0.0105510518 -0.07448109712 0.001)
(0.08358176047 0.03612256662 0.001)
(0.04580961367 -0.03115520846 0.001)
(0.04897061832 -0.06224745357 0.001)
(0.04071532268 -0.08367988713 0.001)
(0.03470860499 0.04950058574 0.001)
(0.05108199007 -0.03912446379 0.001)
(-0.01028008997 -0.07864242507 0.001)
(0.05019905535 0.04857553029 0.001)
(0.03937850942 -0.08167741234 0.001)
(0.07957149545 0.04212988835 0.001)
(0.08172113151 0.02764346102 0.001)
(0.03988431239 -0.05239167265 0.001)
(0.03403148747 -0.07366762984 0.001)
(0.07771087416 0.03365079329 0.001)
(0.03781050742 -0.04173176112 0.001)
(0.09810190609 0.01833760068 0.001)
(-0.005475002602 -0.078329546 0.001)
(0.07028644288 -0.01906978107 0.001)
(0.0257580652 -0.07629583206 0.001)
(0.0884516501 -0.03875567689 0.001)
(0.08977966048 -0.04063853865 0.001)
(0.09219835085 -0.04062734747 0.001)
(0.09120257634 -0.04273133066 0.001)
(-0.02229280823 -0.07942462284 0.001)
(0.07037215135 -0.05732647648 0.001)
(0.06763099164 -0.03386908738 0.001)
(0.05693856549 -0.01785032129 0.001)
(0.05448047256 0.03840674627 0.001)
(0.03724693095 -0.0859951816 0.001)
(0.0918927793 0.001142379884 0.001)
(0.08121531638 -0.001642272531 0.001)
(0.07615732142 -0.01659801835 0.001)
(0.07003353531 -0.03371264784 0.001)
(0.07799988904 0.01068527109 0.001)
(0.06817251702 -0.04219229303 0.001)
(0.07057501507 -0.04203591873 0.001)
(0.07906568027 0.01284415471 0.001)
(0.0633137878 0.01390843813 0.001)
(0.02416840118 -0.0889361931 0.001)
(0.02310279299 -0.09109506333 0.001)
(0.03509727869 -0.07150874621 0.001)
(0.03455535625 -0.06318609078 0.001)
(0.003322295026 -0.06521990579 0.001)
(0.03990236605 -0.07119586714 0.001)
(-0.001482647592 -0.06553500767 0.001)
(0.08199209273 0.0234821333 0.001)
(0.0801314715 0.01500303834 0.001)
(0.08921777742 0.005147257413 0.001)
(0.0009198171541 -0.06537735594 0.001)
(0.09823963474 0.01422386154 0.001)
(0.03215281257 -0.06334253031 0.001)
(0.05720785723 -0.02201082482 0.001)
(0.0297502689 -0.06349896985 0.001)
(0.05350474445 -0.05777324679 0.001)
(0.05590728813 -0.05761680726 0.001)
(0.03617897527 -0.08812738489 0.001)
(0.03562114748 -0.06102720715 0.001)
(-0.005745963918 -0.07416821825 0.001)
(0.05587369884 -0.02000966136 0.001)
(0.07160514182 -0.002268030529 0.001)
(0.08043853714 -0.02676667694 0.001)
(0.0385656136 -0.06919342305 0.001)
(0.01560596805 -0.06859893477 0.001)
(0.02628193399 -0.065814293 0.001)
(0.08417783616 -0.02861268292 0.001)
(0.00306938088 -0.07986267149 0.001)
(0.07879471905 0.01700548243 0.001)
(-0.0001279928046 -0.08633932237 0.001)
(0.02014009419 -0.06412472798 0.001)
(0.06710621915 -0.04435169055 0.001)
(0.02868447767 -0.06565785347 0.001)
(-0.006287776697 -0.06584724957 0.001)
(0.0742244856 0.05013966463 0.001)
(0.07529027683 0.05229854825 0.001)
(0.07395352438 0.05430099234 0.001)
(0.06674589335 0.05383167374 0.001)
(0.07635606806 0.05445743188 0.001)
(0.07902957296 0.0504525437 0.001)
(0.08143211664 0.05060898323 0.001)
(0.06434334967 0.05367523421 0.001)
(0.0715509807 0.05414455281 0.001)
(0.06194080599 0.05351879467 0.001)
(0.06060405354 0.05552123877 0.001)
(0.07501931561 0.05645987597 0.001)
(0.06300659722 0.0556776783 0.001)
(0.06914843703 0.05398811328 0.001)
(0.05820150987 0.05536479923 0.001)
(0.0592673011 0.05752368286 0.001)
(0.05580003103 0.05520783401 0.001)
(0.07662702928 0.05029610416 0.001)
(0.07769282051 0.05245498779 0.001)
(0.05348622902 -0.03896884 0.001)
(0.0558172593 0.03640432512 0.001)
(0.07986051028 0.01916436605 0.001)
(0.05697393391 -0.05545834551 0.001)
(-0.003885115217 -0.06569261587 0.001)
(0.0009377984236 -0.08418043874 0.001)
(0.001208759645 -0.08834176646 0.001)
(-0.02122701675 -0.07726573945 0.001)
(0.05804123599 -0.05330020775 0.001)
(0.02387939031 -0.06597073254 0.001)
(-0.006016925445 -0.07000689042 0.001)
(0.0619951735 -0.002893726012 0.001)
(0.01773755051 -0.06428116751 0.001)
(0.05776811464 -0.04913781363 0.001)
(0.05670275186 -0.05129690877 0.001)
(0.02147684664 -0.06612717207 0.001)
(0.08791066247 -0.03045654555 0.001)
(0.004406133329 -0.08186511559 0.001)
(0.06017042567 -0.04898125924 0.001)
(0.01533500683 -0.06443760705 0.001)
(0.06230191249 -0.04466344478 0.001)
(0.06123576084 -0.04682215047 0.001)
(0.06470419744 -0.04450712922 0.001)
(0.0142692156 -0.06659649067 0.001)
(0.06573426319 -0.004739793263 0.001)
(-0.05862326649 -0.008644578844 0.001)
(-0.06102636903 -0.008511215441 0.001)
(-0.06234338469 -0.01052654164 0.001)
(-0.0618377231 0.001664986973 0.001)
(-0.0630671415 0.003691751875 0.001)
(0.01587692927 -0.07276026248 0.001)
(0.0134743856 -0.07291670202 0.001)
(0.006537715786 -0.07754734833 0.001)
(0.01240859437 -0.07507558564 0.001)
(0.01000605069 -0.07523202518 0.001)
(-0.009214298882 -0.07648354139 0.001)
(0.007603507014 -0.07538846471 0.001)
(-0.006811755127 -0.07632710188 0.001)
(0.07612121415 0.02101037061 0.001)
(0.07852375783 0.02116681014 0.001)
(-0.06125644899 -0.01267479072 0.001)
(-0.06366050035 -0.01254189774 0.001)
(0.06810069945 0.03302503516 0.001)
(0.07050324313 0.03318147469 0.001)
(0.0721109568 0.02701770288 0.001)
(-0.05970999034 -0.006496855565 0.001)
(-0.06211318265 -0.006362952383 0.001)
(-0.06343021801 -0.008378190641 0.001)
(-0.06451699303 -0.00622979866 0.001)
(-0.06583410898 -0.008245145301 0.001)
(-0.06319983151 -0.004214410579 0.001)
(-0.06560376199 -0.004081385957 0.001)
(-0.0643334689 -0.002128424669 0.001)
(-0.06674302691 -0.001965990616 0.001)
(-0.06436225181 0.00183615648 0.001)
(-0.06547357189 0.003820374447 0.001)
(-0.06190992921 -0.002285364646 0.001)
(-0.06081662916 -0.004370744779 0.001)
(0.07585025293 0.02517169833 0.001)
(0.07451350048 0.02717414242 0.001)
(0.0747844617 0.0230128147 0.001)
(0.06676394701 0.03502747925 0.001)
(0.06782973823 0.03718636288 0.001)
(0.07183999558 0.0311790306 0.001)
(0.07077420435 0.02902014698 0.001)
(0.06248272844 0.04519613924 0.001)
(-0.04113899736 -0.05411347948 0.001)
(-0.04311356333 -0.05560041677 0.001)
(-0.03791678963 -0.06142405753 0.001)
(-0.03752742451 -0.06380000389 0.001)
(-0.03977973689 -0.06294921883 0.001)
(-0.03939037788 -0.06532515774 0.001)
(-0.0416426838 -0.06447438055 0.001)
(-0.04125332408 -0.06685032033 0.001)
(-0.04350562815 -0.0659995454 0.001)
(-0.0390010203 -0.06770109491 0.001)
(-0.04389498772 -0.06362360581 0.001)
(-0.03273558537 -0.06741482032 0.001)
(-0.0383273262 -0.05910420949 0.001)
(-0.0389465446 -0.05475096299 0.001)
(-0.03709893472 -0.05318189481 0.001)
(-0.03538611794 -0.06467939926 0.001)
(-0.03150152138 -0.06948981063 0.001)
(-0.0324449055 -0.07172772544 0.001)
(-0.03110815233 -0.07373017018 0.001)
(-0.03346049176 -0.07391139416 0.001)
(-0.03216557666 -0.07589318412 0.001)
(-0.03453384936 -0.07602836499 0.001)
(-0.03602963909 -0.07372149404 0.001)
(-0.03691796626 -0.07609132644 0.001)
(-0.04086396485 -0.06922625951 0.001)
(-0.03861166116 -0.07007703398 0.001)
(-0.02977000588 -0.07573330223 0.001)
(-0.03083556477 -0.07789230051 0.001)
(-0.03676455031 -0.06855446369 0.001)
(-0.03642062426 -0.07100812184 0.001)
(-0.03822230175 -0.07245297338 0.001)
(-0.03419916856 -0.0696100127 0.001)
(-0.04203204301 -0.0620984414 0.001)
(-0.04428434719 -0.06124766634 0.001)
(-0.04244990725 -0.0597979624 0.001)
(-0.04469086319 -0.05891714581 0.001)
(-0.0464730932 -0.06039357737 0.001)
(-0.02843451704 -0.07773512245 0.001)
(-0.02950014635 -0.07989408601 0.001)
(-0.03198539516 -0.08008799654 0.001)
(-0.03057991712 -0.08205911836 0.001)
(-0.03298231879 -0.08247609067 0.001)
(-0.02816591917 -0.08189745844 0.001)
(-0.02335859955 -0.08158350638 0.001)
(-0.02202184712 -0.08358595046 0.001)
(-0.02308763835 -0.08574483408 0.001)
(-0.0217508859 -0.08774727818 0.001)
(-0.02415342958 -0.08790371771 0.001)
(-0.02281667713 -0.0899061618 0.001)
(-0.02923213128 -0.08405649679 0.001)
(-0.02682693448 -0.08389882953 0.001)
(-0.02789316789 -0.08605791777 0.001)
(-0.01934834222 -0.08759083864 0.001)
(-0.01694579855 -0.08743439911 0.001)
(-0.0332397355 -0.07804793679 0.001)
(-0.03715154865 -0.06617877285 0.001)
(-0.02870537006 -0.07357385095 0.001)
(-0.02576151529 -0.08174012474 0.001)
(-0.04532266374 -0.05487482636 0.001)
(-0.02736856074 -0.0755763216 0.001)
(-0.04017737697 -0.06059520431 0.001)
(-0.04057264189 -0.05841134505 0.001)
(-0.02709825901 -0.07973774539 0.001)
(-0.02549025573 -0.08590130772 0.001)
(-0.02442446509 -0.08374242549 0.001)
(-0.0246954744 -0.07958113284 0.001)
(0.06515623334 0.04119125106 0.001)
(0.06649298578 0.03918880697 0.001)
(0.06008018476 0.04503969971 0.001)
(0.06381948089 0.04319369515 0.001)
(0.05347337174 -0.02016719516 0.001)
(0.05124806087 -0.02018985231 0.001)
(0.05874343231 0.0470421438 0.001)
(0.05634088863 0.04688570426 0.001)
(0.05393834496 0.04672926473 0.001)
(0.05260159359 0.04873175232 0.001)
(0.04992898436 0.05272289036 0.001)
(0.05126499132 0.05073194078 0.001)
(0.05930340841 0.01991529387 0.001)
(0.05823470509 0.01775972546 0.001)
(0.05100770141 0.05479400975 0.001)
(-0.04445283672 -0.04873150846 0.001)
(-0.04674798056 -0.04801064773 0.001)
(-0.06016941302 -0.01482291188 0.001)
(-0.03316667067 -0.06339152788 0.001)
(-0.04497278516 -0.04639642708 0.001)
(-0.0472641126 -0.04566140508 0.001)
(-0.04904256809 -0.04728293611 0.001)
(-0.05818653097 -0.02992320458 0.001)
(-0.06040422631 -0.02888975731 0.001)
(-0.04955805212 -0.04493123361 0.001)
(-0.051337015 -0.04655338224 0.001)
(-0.05185238943 -0.04420154633 0.001)
(-0.05363143273 -0.04582379284 0.001)
(-0.04777902377 -0.04330900529 0.001)
(-0.05082161553 -0.04890518767 0.001)
(-0.04544338677 -0.04404455003 0.001)
(-0.04599542743 -0.04175439822 0.001)
(-0.04834818499 -0.04110079008 0.001)
(-0.0500823577 -0.04260329392 0.001)
(-0.05236927411 -0.04185371956 0.001)
(-0.05202481242 -0.03460725654 0.001)
(-0.05379212243 -0.03310733838 0.001)
(-0.05422918913 -0.03527848847 0.001)
(-0.05609194584 -0.0337664529 0.001)
(-0.05633901457 -0.03637320225 0.001)
(-0.05834844495 -0.03459727003 0.001)
(-0.05886332063 -0.03689122326 0.001)
(-0.06064777784 -0.03538201676 0.001)
(-0.06115721286 -0.03765809273 0.001)
(-0.05931589109 -0.03953561501 0.001)
(-0.05242218324 -0.03681640216 0.001)
(-0.06018132298 -0.03121544885 0.001)
(-0.06237527006 -0.03026219904 0.001)
(-0.05557764742 -0.03116215869 0.001)
(-0.05059780028 -0.04043726927 0.001)
(-0.05291324712 -0.03918953952 0.001)
(-0.05466746664 -0.04106941855 0.001)
(-0.0554104061 -0.03874218718 0.001)
(-0.05695663138 -0.04039057064 0.001)
(-0.05644212318 -0.04273393836 0.001)
(-0.06165572329 -0.03998143841 0.001)
(-0.05867143098 -0.04203464021 0.001)
(-0.04852714462 -0.0496343487 0.001)
(-0.05030622116 -0.0512569387 0.001)
(-0.05260065701 -0.05052742186 0.001)
(-0.05208527064 -0.05287924156 0.001)
(-0.05437970224 -0.05214968083 0.001)
(-0.05386431623 -0.05450150069 0.001)
(-0.05615874692 -0.05377192871 0.001)
(-0.05676424963 -0.05134738625 0.001)
(-0.0584531775 -0.05304235527 0.001)
(-0.05820972902 -0.04436686875 0.001)
(-0.05156988566 -0.05523107413 0.001)
(-0.05334893052 -0.05685332412 0.001)
(-0.05077359186 -0.05778789065 0.001)
(-0.05283354475 -0.05920514695 0.001)
(-0.05512797528 -0.05847557302 0.001)
(-0.05458464945 -0.0608212723 0.001)
(-0.05681666987 -0.06007334779 0.001)
(-0.05236771519 -0.0615678289 0.001)
(-0.04575793197 -0.06514877077 0.001)
(-0.04536857246 -0.06752471028 0.001)
(-0.04753930564 -0.06677357181 0.001)
(-0.04721792161 -0.06906648127 0.001)
(-0.04948382046 -0.06819910071 0.001)
(-0.0490921951 -0.07057780791 0.001)
(-0.04683951371 -0.07142904372 0.001)
(-0.04870428321 -0.0729519792 0.001)
(-0.0539379352 -0.06314431462 0.001)
(-0.04801023574 -0.0642979962 0.001)
(-0.04921527512 -0.05580246 0.001)
(-0.05186173544 -0.06392171222 0.001)
(-0.053430169 -0.06549780645 0.001)
(-0.04686791136 -0.05815650863 0.001)
(-0.04881968412 -0.05974288468 0.001)
(-0.04998524044 -0.06230473019 0.001)
(-0.0514868631 -0.06607626905 0.001)
(-0.0530239051 -0.0680306191 0.001)
(-0.05535924596 -0.06699249538 0.001)
(-0.05134676469 -0.06972426571 0.001)
(-0.05592424638 -0.04509317769 0.001)
(-0.0576646883 -0.04668603743 0.001)
(-0.05991057479 -0.0458322672 0.001)
(-0.05311604704 -0.04817561336 0.001)
(-0.05540350352 -0.04744079418 0.001)
(-0.05724860349 -0.04894687547 0.001)
(-0.06033139295 -0.0435568618 0.001)
(-0.06234024272 -0.04508057542 0.001)
(-0.04497650654 -0.06990395561 0.001)
(-0.04458985346 -0.0722765893 0.001)
(-0.04311581755 -0.06837603591 0.001)
(-0.04272638294 -0.07075206717 0.001)
(-0.042337462 -0.07312747098 0.001)
(-0.04607028131 -0.06276139467 0.001)
(-0.05564336108 -0.05612375053 0.001)
(-0.05727837357 -0.05771365654 0.001)
(-0.05916739752 -0.05917551411 0.001)
(-0.04047450311 -0.0716023239 0.001)
(-0.05778481237 -0.05536052293 0.001)
(-0.06019083206 -0.05485649037 0.001)
(-0.04013076084 -0.0739225433 0.001)
(-0.0419557614 -0.07549405537 0.001)
(-0.03938189265 -0.07635550187 0.001)
(-0.04150776026 -0.07787793888 0.001)
(-0.03930652695 -0.07873001741 0.001)
(-0.04116095944 -0.08025496507 0.001)
(-0.0442017412 -0.07465100535 0.001)
(-0.04380409244 -0.07702645577 0.001)
(-0.04606247239 -0.07617710448 0.001)
(-0.04645226765 -0.07380210689 0.001)
(-0.04831546644 -0.07532701008 0.001)
(-0.04792617553 -0.07770277572 0.001)
(-0.04978080993 -0.05358244947 0.001)
(-0.04749579522 -0.05418290625 0.001)
(-0.05414681501 -0.04347196648 0.001)
(-0.05491202075 -0.04977412298 0.001)
(-0.03757769143 -0.05091251565 0.001)
(-0.0364326579 -0.05763145418 0.001)
(-0.05024141608 -0.03607011139 0.001)
(0.0552933965 0.02592273807 0.001)
(-0.05416911014 -0.0131349799 0.001)
(-0.02970988414 -0.05997611273 0.001)
(-0.02787493453 -0.05843636835 0.001)
(-0.0452498342 -0.03238550691 0.001)
(-0.05907981628 -0.01696791062 0.001)
(-0.06039907546 -0.01898568605 0.001)
(-0.06070431771 -0.02665439408 0.001)
(-0.05931332453 -0.02113545876 0.001)
(-0.06171710537 -0.02100222883 0.001)
(-0.06280387363 -0.01885380462 0.001)
(-0.06411468556 -0.02079912953 0.001)
(-0.06522446239 -0.01870224745 0.001)
(-0.06631063722 -0.02085011565 0.001)
(-0.06297984282 -0.02316844084 0.001)
(-0.06389357885 -0.01670250577 0.001)
(-0.06631557425 -0.01656196024 0.001)
(-0.06036755273 -0.02312949095 0.001)
(0.05556927747 0.02176488805 0.001)
(0.05663104495 0.02392091181 0.001)
(-0.06148657895 -0.01683718681 0.001)
(-0.06257371647 -0.01469030194 0.001)
(-0.06498157759 -0.01455498133 0.001)
(-0.06737924223 -0.01430476977 0.001)
(-0.0685941199 -0.01605432959 0.001)
(-0.06606472028 -0.01238860503 0.001)
(-0.06846157553 -0.01213525156 0.001)
(-0.06474736642 -0.01039015206 0.001)
(-0.06715017611 -0.01023313886 0.001)
(-0.06955389851 -0.01009952327 0.001)
(-0.07080542377 -0.01198000779 0.001)
(-0.06801645295 -0.003953876877 0.001)
(-0.06904068368 -0.00183856778 0.001)
(-0.06692237381 -0.006097685676 0.001)
(-0.06932656438 -0.005964832442 0.001)
(-0.0682380642 -0.008112146156 0.001)
(-0.07064208257 -0.00797465819 0.001)
(-0.03268123166 -0.05451665953 0.001)
(0.05261898538 0.02992936411 0.001)
(-0.06260717721 -0.02790177677 0.001)
(-0.06456466573 -0.02926440776 0.001)
(-0.06342593003 -0.03847139394 0.001)
(-0.06434550833 -0.03165879096 0.001)
(-0.06653129263 -0.03065000331 0.001)
(-0.06396603629 -0.04074946717 0.001)
(-0.06571583908 -0.03923043891 0.001)
(-0.06622526555 -0.0415166124 0.001)
(-0.06802112927 -0.03991903991 0.001)
(-0.066313377 -0.03304752149 0.001)
(-0.06849886984 -0.03203751229 0.001)
(-0.06478356624 -0.02686950366 0.001)
(-0.06722011236 -0.03770931646 0.001)
(-0.06976707552 -0.03804852045 0.001)
(-0.06408929774 -0.03399785083 0.001)
(-0.06836226523 -0.03432003705 0.001)
(-0.07048000504 -0.0334058828 0.001)
(-0.0644124593 -0.04316087265 0.001)
(-0.06670763082 -0.04387178286 0.001)
(-0.07030991076 -0.04066114581 0.001)
(-0.07211001847 -0.03906230196 0.001)
(-0.06488610145 -0.04556354318 0.001)
(-0.06719002242 -0.04623699698 0.001)
(-0.06539983907 -0.04782922476 0.001)
(-0.06767910098 -0.04858105355 0.001)
(-0.06947830347 -0.04698092832 0.001)
(-0.06996348697 -0.04933669163 0.001)
(-0.0658797421 -0.05017751335 0.001)
(-0.06362156398 -0.04944731128 0.001)
(-0.06408339796 -0.05177916697 0.001)
(-0.06187114843 -0.05100536165 0.001)
(-0.06150839064 -0.0488316653 0.001)
(-0.05936073505 -0.05055037741 0.001)
(-0.07024860683 -0.03582285563 0.001)
(-0.07265090544 -0.03509389232 0.001)
(-0.06227854325 -0.05337208695 0.001)
(-0.06456402766 -0.05413259134 0.001)
(-0.06272108987 -0.05568682923 0.001)
(-0.0650756617 -0.05647572681 0.001)
(-0.06102709256 -0.05733421826 0.001)
(-0.0618050725 -0.05957612431 0.001)
(-0.06048476679 -0.06149752602 0.001)
(-0.06283890197 -0.06162672655 0.001)
(-0.06674964378 -0.02825337283 0.001)
(-0.07068657957 -0.03102413366 0.001)
(-0.06696742203 -0.02585547941 0.001)
(-0.06893474601 -0.02724238979 0.001)
(-0.0691525446 -0.02484450544 0.001)
(-0.07112007991 -0.02623192372 0.001)
(-0.07133791691 -0.02383412602 0.001)
(-0.07330549384 -0.02522164339 0.001)
(-0.06950704206 -0.02245899498 0.001)
(-0.07157854293 -0.02143840474 0.001)
(-0.06979732719 -0.0201086968 0.001)
(-0.07184200116 -0.01911322806 0.001)
(-0.07375639227 -0.02043890073 0.001)
(-0.0650215247 -0.02454844569 0.001)
(-0.07090259035 -0.02862912494 0.001)
(-0.06871728703 -0.0296394228 0.001)
(-0.07287021458 -0.03001652009 0.001)
(-0.06222037134 -0.03248351778 0.001)
(-0.06609557415 -0.03544551235 0.001)
(-0.06722595202 -0.02316491605 0.001)
(-0.06850880355 -0.04226773972 0.001)
(-0.07079432971 -0.04302079843 0.001)
(-0.07176360415 -0.04773672488 0.001)
(-0.07224823025 -0.05009494213 0.001)
(-0.07044812929 -0.05169376203 0.001)
(-0.06685270155 -0.05488891264 0.001)
(-0.06733045274 -0.05721786213 0.001)
(-0.06816364017 -0.05093567633 0.001)
(-0.06864886149 -0.05329225729 0.001)
(-0.07127893175 -0.04537886847 0.001)
(-0.07356377508 -0.04613738477 0.001)
(-0.07259457624 -0.04142087818 0.001)
(-0.07442078555 -0.03972497949 0.001)
(-0.07307918954 -0.04377902383 0.001)
(-0.06636439061 -0.05253357284 0.001)
(-0.06899300362 -0.0446261858 0.001)
(-0.06288003037 -0.02566033058 0.001)
(-0.06186488922 0.005777714056 0.001)
(-0.06066265519 0.007863694067 0.001)
(-0.05690033285 -0.02126314696 0.001)
(0.05289076644 0.02576457346 0.001)
(-0.03579139122 -0.04930853439 0.001)
(-0.05803710557 -0.02332970638 0.001)
(0.05395642627 0.0279250887 0.001)
(-0.03529500376 -0.05157401756 0.001)
(0.05021753697 0.02977080754 0.001)
(-0.03274844825 -0.04371277098 0.001)
(0.08737589601 -0.02213498889 0.001)
(0.08871268661 -0.0241374175 0.001)
(0.09085001261 -0.01980597137 0.001)
(0.01679097102 0.05611096892 0.001)
(0.01866019454 0.0575893499 0.001)
(0.02088709518 0.05668638692 0.001)
(0.02055309102 0.05907081949 0.001)
(0.01832128742 0.05997347354 0.001)
(0.02021804506 0.06145511877 0.001)
(0.01798588486 0.062357722 0.001)
(0.01988340302 0.06383941577 0.001)
(0.01765131406 0.0647420152 0.001)
(0.01954897087 0.06622371644 0.001)
(0.02211541679 0.06293681164 0.001)
(0.02278432088 0.05816815984 0.001)
(0.01575361107 0.06326031201 0.001)
(0.01462778417 0.0570245926 0.001)
(0.02311428148 0.05578879602 0.001)
(0.0250154073 0.05726636096 0.001)
(0.02468166067 0.05964999407 0.001)
(0.02691363046 0.05874737618 0.001)
(0.02657939994 0.06113158442 0.001)
(0.0288114363 0.06022892586 0.001)
(0.02847712892 0.06261323255 0.001)
(0.03070917898 0.06171056247 0.001)
(0.03037485297 0.06409489542 0.001)
(0.03260689405 0.06319223965 0.001)
(0.03227257071 0.06557657912 0.001)
(0.03450461022 0.06467391176 0.001)
(0.03417030361 0.06705825263 0.001)
(0.03004050482 0.0664792502 0.001)
(0.03483892142 0.06228960122 0.001)
(0.03673663847 0.06377127042 0.001)
(0.04253966351 0.05628115462 0.001)
(0.03707094843 0.06138696448 0.001)
(0.03896866617 0.06286863715 0.001)
(0.03104348252 0.05932625985 0.001)
(0.02724792846 0.05636307033 0.001)
(0.03930297401 0.06048432884 0.001)
(0.04120069215 0.06196600196 0.001)
(0.02624508247 0.06351587933 0.001)
(0.03520150283 0.0599752041 0.001)
(0.04145307799 0.05968661817 0.001)
(0.04341906424 0.06108085394 0.001)
(0.03955741423 0.05826683573 0.001)
(0.04360614087 0.05854297796 0.001)
(0.04562494964 0.0602127411 0.001)
(0.04532152811 0.06255662256 0.001)
(0.04755434471 0.06165300291 0.001)
(0.04722531669 0.06403040972 0.001)
(0.04945835408 0.06312645983 0.001)
(0.04905683066 0.06549982769 0.001)
(0.04086638465 0.06435031065 0.001)
(0.05456361692 0.05716074337 0.001)
(0.0497928302 0.06074193208 0.001)
(0.05161162119 0.06221098188 0.001)
(0.04499417096 0.06493189496 0.001)
(0.05187392898 0.05976635154 0.001)
(0.05392956092 0.06126773241 0.001)
(0.04991338517 0.05834789455 0.001)
(0.02244998351 0.06055251986 0.001)
(0.02542750414 0.05479413235 0.001)
(0.02758235722 0.05397859868 0.001)
(0.0293551868 0.05553843746 0.001)
(0.02617654967 0.05194007082 0.001)
(0.0160878956 0.06087600595 0.001)
(0.01385579717 0.0617786947 0.001)
(0.013521511 0.06416292493 0.001)
(0.01731691688 0.06712631646 0.001)
(0.01921460302 0.06860801911 0.001)
(0.01698255936 0.06951061941 0.001)
(0.01162380616 0.06268122399 0.001)
(0.01128946924 0.06506551556 0.001)
(0.009391774114 0.0635838109 0.001)
(0.009057430927 0.06596811055 0.001)
(0.007159735809 0.06448640815 0.001)
(0.006942523627 0.06688713628 0.001)
(0.02144664118 0.06770541892 0.001)
(0.01095512547 0.06744981449 0.001)
(0.007494080821 0.06210210483 0.001)
(0.005262041204 0.06300470472 0.001)
(0.005596386301 0.06062040122 0.001)
(0.003369807922 0.06153650712 0.001)
(0.002999524036 0.06381601399 0.001)
(0.001233422551 0.06236968852 0.001)
(0.0005973794754 0.0647506065 0.001)
(0.01508486388 0.06802891636 0.001)
(0.01475051543 0.07041321969 0.001)
(0.01664821094 0.07189492272 0.001)
(0.01441617052 0.07279752312 0.001)
(0.02111229231 0.07008972197 0.001)
(0.02334433139 0.06918712186 0.001)
(0.02300998545 0.07157142493 0.001)
(0.02524205312 0.07066883911 0.001)
(0.02490770889 0.07305317807 0.001)
(0.02557637483 0.06828452385 0.001)
(0.02747406451 0.06976622398 0.001)
(0.01264349882 0.07133335179 0.001)
(0.01218413055 0.07370012355 0.001)
(0.02077794544 0.0724740253 0.001)
(0.01199110333 0.06037866995 0.001)
(0.00782842625 0.05971780067 0.001)
(0.003739692942 0.05925173123 0.001)
(0.0278084204 0.06738190948 0.001)
(0.02970615969 0.06886363087 0.001)
(0.0319382825 0.06796094463 0.001)
(0.03383614361 0.06944267911 0.001)
(0.03606814417 0.06853998973 0.001)
(0.03160409025 0.07034535857 0.001)
(0.03350193003 0.0718269091 0.001)
(0.02937196055 0.07124798061 0.001)
(0.02713981529 0.07215059019 0.001)
(0.02591072159 0.06590021144 0.001)
(0.0243473973 0.06203421664 0.001)
(0.02401304526 0.06441850896 0.001)
(0.02912490983 0.05785766914 0.001)
(0.03118092731 0.0570099419 0.001)
(0.01541922329 0.06564461534 0.001)
(0.0281427852 0.06499756307 0.001)
(0.0131871689 0.06654721722 0.001)
(0.01287365886 0.06893443943 0.001)
(0.01062585617 0.06988310887 0.001)
(0.01888025269 0.07099232237 0.001)
(0.01854590571 0.07337662572 0.001)
(0.0204436001 0.07485832871 0.001)
(0.0182115602 0.07576092913 0.001)
(0.02010925489 0.07724263213 0.001)
(0.02267564647 0.0739557547 0.001)
(0.01631386542 0.07427922613 0.001)
(0.03294591534 0.06081958095 0.001)
(0.005930731445 0.05823609764 0.001)
(0.0430963254 0.06345036369 0.001)
(0.04276410288 0.06583198388 0.001)
(0.04053208182 0.06673462007 0.001)
(0.03742492954 0.05911202301 0.001)
(0.03763020441 0.0565061155 0.001)
(0.009764621431 0.06129477037 0.001)
(0.05688183542 0.05735881231 0.001)
(0.05793339498 0.05952472178 0.001)
(0.06033356671 0.05968233229 0.001)
(0.05559838279 0.0592960118 0.001)
(0.0565937962 0.06152857104 0.001)
(0.03863435908 0.06525294631 0.001)
(0.06166992384 0.05768008336 0.001)
(0.06273572824 0.05983896048 0.001)
(0.06781168458 0.05599055737 0.001)
(0.07021422825 0.0561469969 0.001)
(0.07261677193 0.05630343644 0.001)
(0.07368256316 0.05846232006 0.001)
(0.07608510684 0.05861875959 0.001)
(0.07128001948 0.05830588053 0.001)
(0.06887747581 0.05814944099 0.001)
(0.06647493213 0.05799300146 0.001)
(0.0654091409 0.05583411783 0.001)
(0.06407239588 0.05783655826 0.001)
(0.06513819629 0.05999543735 0.001)
(0.05899689333 0.06168473735 0.001)
(0.05763376939 0.06367011245 0.001)
(0.06005792034 0.06384095829 0.001)
(0.05872037385 0.0658429586 0.001)
(0.05629178756 0.06566914843 0.001)
(0.0573826175 0.06784476071 0.001)
(0.0597893343 0.06800398836 0.001)
(0.05845311005 0.07000679014 0.001)
(0.06085643728 0.07016375397 0.001)
(0.05951990346 0.07216634506 0.001)
(0.07234581071 0.06046476415 0.001)
(0.05711739622 0.07200993002 0.001)
(0.05818343131 0.07416897704 0.001)
(0.04242979615 0.06821629268 0.001)
(0.06219332032 0.06816139726 0.001)
(0.05497990651 0.06768821418 0.001)
(0.06380144537 0.06199788068 0.001)
(0.0662039767 0.06215432632 0.001)
(0.06486722245 0.0641567713 0.001)
(0.06726976377 0.064313212 0.001)
(0.06593301062 0.06631565643 0.001)
(0.04019778912 0.0691189111 0.001)
(0.04209549124 0.07060059844 0.001)
(0.04432751422 0.06969796525 0.001)
(0.04399320671 0.07208227385 0.001)
(0.04176118106 0.0729849094 0.001)
(0.04365889854 0.07446658309 0.001)
(0.04142691246 0.07536922409 0.001)
(0.04332459764 0.07685089269 0.001)
(0.04109261255 0.07775353394 0.001)
(0.02680537117 0.07453492258 0.001)
(0.04538102703 0.07598454175 0.001)
(0.05578086359 0.0740125214 0.001)
(0.05684669145 0.07617142957 0.001)
(0.05924924124 0.07632787319 0.001)
(0.05791259076 0.07832880116 0.001)
(0.0429902925 0.07923520173 0.001)
(0.04075826725 0.08013783735 0.001)
(0.0426559791 0.0816195096 0.001)
(0.04042395247 0.08252214502 0.001)
(0.03852623415 0.08104047187 0.001)
(0.0381919297 0.08342481332 0.001)
(0.0400896429 0.08490645343 0.001)
(0.03629420775 0.08194311271 0.001)
(0.05551007516 0.07817211633 0.001)
(0.04487385406 0.08071488995 0.001)
(0.06192261417 0.07232289648 0.001)
(0.04617624431 0.07105850275 0.001)
(0.03662850525 0.07955887858 0.001)
(0.03439645485 0.0804614897 0.001)
(0.03406218241 0.0828457699 0.001)
(0.03216445745 0.0813640834 0.001)
(0.03183016152 0.08374840209 0.001)
(0.02993242343 0.08226675767 0.001)
(0.02959819014 0.08465102017 0.001)
(0.03249856151 0.07897988812 0.001)
(0.03952919829 0.0738877615 0.001)
(0.05471506835 0.07185363509 0.001)
(0.05337835187 0.07385610328 0.001)
(0.05231257763 0.07169723103 0.001)
(0.05101206344 0.07372386634 0.001)
(0.05204765329 0.07586258872 0.001)
(0.0497018698 0.07567929965 0.001)
(0.05071633628 0.07785787124 0.001)
(0.06860651582 0.0623107681 0.001)
(0.06967230629 0.0644696521 0.001)
(0.0603150536 0.0784865069 0.001)
(0.04655137473 0.06877514072 0.001)
(0.04836082859 0.07012019207 0.001)
(0.0539120316 0.06547914851 0.001)
(0.05253374214 0.06729581632 0.001)
(0.04850181328 0.07764936908 0.001)
(0.04950710646 0.0798240768 0.001)
(0.05179574415 0.08001281024 0.001)
(0.04868873308 0.07366135022 0.001)
(0.05524514107 0.06354175381 0.001)
(0.02903755989 0.07363234547 0.001)
(0.02870306088 0.07601665214 0.001)
(0.02647100721 0.07691923822 0.001)
(0.03093517318 0.0751141993 0.001)
(0.02836872132 0.07840088871 0.001)
(0.02613668972 0.0793036213 0.001)
(0.02423895296 0.07782181331 0.001)
(0.02390472589 0.08020634734 0.001)
(0.03126968388 0.07272977798 0.001)
(0.03316735323 0.07421150851 0.001)
(0.03539951483 0.07330903046 0.001)
(0.03506504079 0.07569317172 0.001)
(0.03573391383 0.07092453189 0.001)
(0.02803443204 0.08078525631 0.001)
(0.03729724312 0.07479061494 0.001)
(0.07100905855 0.0624672081 0.001)
(0.0720459037 0.06460676866 0.001)
(0.06994326729 0.06030832449 0.001)
(0.04869436123 0.06785219665 0.001)
(0.05089890341 0.06932554335 0.001)
(0.04618545289 0.0735097556 0.001)
(0.03595991227 0.08432750244 0.001)
(0.03886061042 0.07865622091 0.001)
(0.053109264 0.07801709967 0.001)
(0.06112601493 0.0660014756 0.001)
(0.05605127445 0.06985082552 0.001)
(0.06754072734 0.06015188312 0.001)
(0.05358191208 0.06961854425 0.001)
(0.03026666589 0.07988244138 0.001)
(0.06058592081 0.07432538024 0.001)
(0.06298850736 0.07448184851 0.001)
(0.06432526695 0.0724794092 0.001)
(0.06165177336 0.07648426096 0.001)
(0.06271758235 0.07864320051 0.001)
(0.06325932407 0.07032042375 0.001)
(0.0656620135 0.07047696114 0.001)
(0.06672782902 0.07263586107 0.001)
(0.04503721616 0.07831676361 0.001)
(0.03986345942 0.07150338145 0.001)
(0.04466013427 0.06731071649 0.001)
(0.05147092631 0.0648829535 0.001)
(0.05444548323 0.07601530983 0.001)
(0.04773884385 0.05933710966 0.001)
(0.06833555387 0.06647209618 0.001)
(0.004817734563 0.06558663873 0.001)
(0.04686369809 0.06640003104 0.001)
(0.06139837146 0.06184086714 0.001)
(0.06246357343 0.06399952839 0.001)
(0.06352989983 0.06615882166 0.001)
(0.06459606154 0.06831796679 0.001)
(0.06699876271 0.06847451412 0.001)
(0.02234128396 0.07634007624 0.001)
(0.008827980832 0.06824990547 0.001)
(0.006491045994 0.06925501437 0.001)
(0.03346644067 0.05811746876 0.001)
(0.02200693654 0.07872442029 0.001)
(0.02165753301 0.08115413107 0.001)
(0.02367868199 0.06680281661 0.001)
(0.02178102652 0.06532111473 0.001)
(0.03640235579 0.06615560495 0.001)
(0.03830008275 0.06763725782 0.001)
(0.02457332844 0.07543749719 0.001)
(0.03796577645 0.07002178722 0.001)
(0.03919496878 0.07627197637 0.001)
(0.03060065222 0.07749826515 0.001)
(0.0369628284 0.07717470603 0.001)
(0.03473060206 0.07807737367 0.001)
(0.0277004082 0.08316955923 0.001)
(0.0273661563 0.08555361568 0.001)
(0.02580260772 0.08168804526 0.001)
(0.03763151766 0.07240618458 0.001)
(0.0328327936 0.07659573641 0.001)
(0.01421307866 0.05941042776 0.001)
(0.01213011104 0.05776795355 0.001)
(0.0164502019 0.05849746978 0.001)
(0.02121941609 0.05430355451 0.001)
(0.02451688803 0.0459929387 0.001)
(-0.01273104069 0.05471767605 0.001)
(-0.01435715195 0.05653342613 0.001)
(-0.01663855447 0.05604057344 0.001)
(-0.01599641644 0.05834910867 0.001)
(-0.01365595353 0.05885025978 0.001)
(-0.01529074392 0.06064040197 0.001)
(-0.01842869446 0.0534167772 0.001)
(-0.02036613002 0.05485743023 0.001)
(-0.02518240676 0.0502506324 0.001)
(-0.0224211673 0.05387005026 0.001)
(-0.02213740928 0.05629660224 0.001)
(-0.02429812197 0.05536538234 0.001)
(-0.02397647366 0.05775680721 0.001)
(-0.0182703472 0.05781468409 0.001)
(-0.02477334519 0.05278578508 0.001)
(-0.02753514841 0.04902835497 0.001)
(-0.02978929272 0.05016235731 0.001)
(-0.03190908349 0.04899206867 0.001)
(-0.03177920124 0.05131118016 0.001)
(-0.03393068995 0.05029607653 0.001)
(-0.03376600306 0.05275867354 0.001)
(-0.02649920526 0.05445001438 0.001)
(-0.03395314235 0.04777876386 0.001)
(-0.02972400295 0.05257097563 0.001)
(-0.02741226645 0.05188906615 0.001)
(-0.0228583859 0.0513104218 0.001)
(0.01947029373 -0.05041880024 0.001)
(0.04992740547 0.03396677914 0.001)
(0.004481447202 0.05390353976 0.001)
(0.06143864064 -0.07974083568 0.001)
(0.06344957685 -0.0817400817 0.001)
(0.06246972711 -0.08536202719 0.001)
(0.0672395258 -0.08372698828 0.001)
(0.06514503424 -0.08960065405 0.001)
(0.06024363833 -0.08927640072 0.001)
(0.05457690213 -0.09598351025 0.001)
(0.07112578497 -0.08824734006 0.001)
(0.07320700167 -0.08249191638 0.001)
(0.07967357135 -0.08701316183 0.001)
(0.08038064077 -0.07848219416 0.001)
(-0.03198355797 0.04643278257 0.001)
(-0.03388751287 0.04564177304 0.001)
(-0.03615431979 0.04656272512 0.001)
(0.04494484115 0.05648168257 0.001)
(0.04749564835 0.03390459383 0.001)
(0.02300476634 -0.04946840199 0.001)
(0.02357270918 0.05328703078 0.001)
(0.05006468729 -0.07885087712 0.001)
(0.04232013351 -0.08985383653 0.001)
(0.04125717215 -0.09200250573 0.001)
(0.04736483927 -0.08988736231 0.001)
(0.04589722932 -0.09245191166 0.001)
(0.04977198343 -0.0896946828 0.001)
(0.05201980058 0.05720866223 0.001)
(-0.04400389646 0.03503018543 0.001)
(-0.04478196541 0.03731452043 0.001)
(-0.04991823924 0.03030422449 0.001)
(-0.04631141447 0.03544130908 0.001)
(-0.04714102258 0.03767610466 0.001)
(-0.04745421469 0.03049351766 0.001)
(-0.04879991097 0.0324277464 0.001)
(-0.04616974518 0.03287600372 0.001)
(0.05356438787 -0.07648543607 0.001)
(-0.02898114291 -0.05145613162 0.001)
(0.09641720863 0.02442734854 0.001)
(0.09944307794 0.02522893292 0.001)
(0.098796677 0.02046268496 0.001)
(0.09716466978 0.02670901578 0.001)
(0.0988317554 0.02874849604 0.001)
(0.09741668112 0.03135870303 0.001)
(0.1012666073 0.03185684197 0.001)
(0.09844491973 0.03509948885 0.001)
(0.1026322024 0.03586390767 0.001)
(0.1001771333 0.03993207019 0.001)
(0.1063443168 0.04003190024 0.001)
(0.1025093278 0.04631979411 0.001)
(0.1109656164 0.04727921009 0.001)
(0.1047399509 0.05387765032 0.001)
(0.09775820327 0.05459813174 0.001)
(0.09897615048 0.06131555118 0.001)
(0.1096425758 0.06414139343 0.001)
(0.1029023139 0.07194761204 0.001)
(0.1158299816 0.07288121484 0.001)
(0.09134467197 0.06164019594 0.001)
(0.08912558693 0.05414380507 0.001)
(0.0952768226 0.03879222314 0.001)
(0.09568620868 0.04661847912 0.001)
(0.1146861296 0.03784810319 0.001)
(0.1238856317 0.04869519559 0.001)
(0.1349555492 0.0662318736 0.001)
(0.157891973 0.06499459326 0.001)
(0.145054077 0.08942367582 0.001)
(0.122204417 0.1097221037 0.001)
(0.1542328849 0.1201820704 0.001)
(0.1229262363 0.1405036617 0.001)
(0.1009524827 0.1213493028 0.001)
(0.09144505216 0.1539279767 0.001)
(0.06722338828 0.1407837145 0.001)
(0.05748199037 0.161086104 0.001)
(0.03822041105 0.1518150629 0.001)
(0.0410314899 0.1215638112 0.001)
(0.06903620431 0.1093380174 0.001)
(0.0324932851 0.1770103109 0.001)
(0.07262359186 0.1965915909 0.001)
(0.001316640794 0.1669604037 0.001)
(0.01070202158 0.132123505 0.001)
(0.1188638149 0.1826539252 0.001)
(0.1028578131 0.02788515233 0.001)
(0.1037137684 0.09935143427 0.001)
(0.08910114125 0.08653922854 0.001)
(0.1813640344 0.08781148873 0.001)
(0.003173411024 0.1973598374 0.001)
(0.09465683659 -0.02154937536 0.001)
(-0.05712231492 -0.002478000779 0.001)
(0.005521140393 0.05175812545 0.001)
(-0.0466718497 -0.03940884527 0.001)
(-0.06325634067 -0.03608825082 0.001)
(-0.05807503966 -0.03233081103 0.001)
(0.06471851458 -0.0773576116 0.001)
(0.05113000868 -0.07668151977 0.001)
(0.09507752929 0.03558099795 0.001)
(-0.01201198624 0.05699825687 0.001)
(-0.01124189569 0.05927197955 0.001)
(-0.008844873168 0.05964675659 0.001)
(-0.01032885443 0.06152983883 0.001)
(-0.007904676925 0.0618318504 0.001)
(-0.00941342169 0.06379928751 0.001)
(-0.006949123298 0.06404003856 0.001)
(-0.008470149576 0.06603985399 0.001)
(-0.005513277227 0.06209513095 0.001)
(-0.01200959135 0.06342126961 0.001)
(-0.004544347202 0.06429875902 0.001)
(-0.003164416274 0.06237668273 0.001)
(-0.004077625844 0.06023548555 0.001)
(-0.002143457026 0.06457173428 0.001)
(-0.00357166204 0.06650372026 0.001)
(-0.001120648101 0.06676806313 0.001)
(-0.002588517225 0.06866835213 0.001)
(-0.0002037779882 0.06897184863 0.001)
(-0.001598971879 0.07079377139 0.001)
(-0.001830134829 0.0605723306 0.001)
(-0.0128727565 0.06111360001 0.001)
(-0.01445498956 0.06299726256 0.001)
(-0.01358303196 0.06524782745 0.001)
(-0.01603620527 0.06487867718 0.001)
(-0.01506278077 0.06725671089 0.001)
(-0.01691370239 0.06256941098 0.001)
(-0.01093453332 0.06577358611 0.001)
(-0.009740369984 0.06800804348 0.001)
(-0.007411322434 0.068214118 0.001)
(-0.008917693391 0.0704700246 0.001)
(-0.01228453031 0.068106772 0.001)
(-0.0143767258 0.06958717458 0.001)
(-0.01760069094 0.06019077239 0.001)
(-0.01934134295 0.06214036939 0.001)
(-0.02187871773 0.05868796712 0.001)
(-0.02367284485 0.06013993269 0.001)
(-0.0258749065 0.0592231218 0.001)
(-0.02555684368 0.06160971174 0.001)
(-0.02777536331 0.06069085164 0.001)
(-0.02746013937 0.06307751693 0.001)
(-0.02809309036 0.05830402603 0.001)
(-0.02332504263 0.06252971097 0.001)
(-0.0175308302 0.06679332559 0.001)
(-0.0184532268 0.06446970053 0.001)
(-0.01992234549 0.06644662458 0.001)
(-0.01893241794 0.06872063254 0.001)
(-0.02128878644 0.06842640281 0.001)
(-0.0203501861 0.07054733867 0.001)
(-0.0223258154 0.06629247995 0.001)
(-0.02115830549 0.06392105507 0.001)
(-0.005005269151 0.06839887361 0.001)
(-0.02529413242 0.06392021892 0.001)
(-0.02716330613 0.06543805389 0.001)
(-0.0293714807 0.06454054023 0.001)
(-0.02905556859 0.06692658257 0.001)
(-0.03000075637 0.05977141109 0.001)
(-0.02345896544 0.06853663808 0.001)
(-0.03031712746 0.05738464927 0.001)
(-0.032225684 0.05885199234 0.001)
(-0.03190939205 0.06123875073 0.001)
(-0.03413452007 0.06031932259 0.001)
(-0.03381819042 0.06270608275 0.001)
(-0.03604334441 0.0617866534 0.001)
(-0.03572701394 0.0641734136 0.001)
(-0.03635967523 0.05939989318 0.001)
(-0.03250363832 0.05651521258 0.001)
(-0.03047928034 0.05483850892 0.001)
(-0.03444444957 0.0579408927 0.001)
(-0.03667493911 0.05701452135 0.001)
(-0.03858465692 0.05848069496 0.001)
(-0.03890095787 0.05609397332 0.001)
(-0.04080997796 0.05756105568 0.001)
(-0.04112628807 0.05517432234 0.001)
(-0.04303514599 0.05664161601 0.001)
(-0.03921745503 0.05370699626 0.001)
(-0.04144264311 0.05278753046 0.001)
(-0.04566994398 0.03955131379 0.001)
(-0.04805001955 0.03990128589 0.001)
(-0.04656102925 0.04178884241 0.001)
(-0.04894358844 0.04213639384 0.001)
(-0.05043571112 0.04024687993 0.001)
(-0.0513268691 0.04248339985 0.001)
(-0.04983461131 0.04437299562 0.001)
(-0.05221716227 0.04472037984 0.001)
(-0.04417597603 0.04143788629 0.001)
(-0.04506910972 0.04367753489 0.001)
(-0.04276763988 0.04329771479 0.001)
(-0.04358787116 0.04550370769 0.001)
(-0.03953381755 0.05132019462 0.001)
(-0.04176069632 0.05030792573 0.001)
(-0.0436680992 0.05185261542 0.001)
(-0.04114037565 0.04515170287 0.001)
(-0.04585177438 0.04591434306 0.001)
(-0.04179716753 0.04109353809 0.001)
(-0.03988952571 0.04896853953 0.001)
(-0.0439841472 0.04948132364 0.001)
(-0.04589302393 0.05094607613 0.001)
(-0.03765464278 0.05015949893 0.001)
(-0.04212268384 0.04759162864 0.001)
(-0.04647028557 0.04832277453 0.001)
(-0.04811813715 0.05002922454 0.001)
(-0.04780181427 0.05241555508 0.001)
(-0.05001695439 0.05150951015 0.001)
(-0.04970896861 0.05388540288 0.001)
(-0.05192383605 0.05297941942 0.001)
(-0.04748519909 0.05480302129 0.001)
(-0.0503432975 0.04910979489 0.001)
(-0.04056526173 0.03897967278 0.001)
(-0.03898894219 0.04117035739 0.001)
(-0.03897448575 0.04372533699 0.001)
(-0.05066870316 0.04688785329 0.001)
(-0.05310750397 0.04695733516 0.001)
(-0.05459961204 0.04506781581 0.001)
(-0.05548386107 0.04729998708 0.001)
(-0.05694110571 0.04538293183 0.001)
(-0.0578253946 0.04763593973 0.001)
(-0.0528188408 0.04059395284 0.001)
(-0.05197524052 0.03839391056 0.001)
(-0.05431883212 0.03871053565 0.001)
(-0.05138818098 0.0323466984 0.001)
(-0.05520267698 0.04094236666 0.001)
(-0.05669502314 0.03905300615 0.001)
(-0.05580474431 0.03681606539 0.001)
(-0.05818614067 0.0371626864 0.001)
(-0.05907628638 0.03939951657 0.001)
(-0.06056820369 0.03750983883 0.001)
(-0.0614056921 0.03970508739 0.001)
(-0.06288558721 0.03780591804 0.001)
(-0.06393447526 0.0402166561 0.001)
(-0.06204938086 0.03561168115 0.001)
(-0.05729565705 0.03492558593 0.001)
(-0.05990477547 0.04158765639 0.001)
(-0.05419621811 0.04949005121 0.001)
(-0.05490401406 0.03459364437 0.001)
(-0.05635877386 0.03270029334 0.001)
(-0.05877978041 0.03303782826 0.001)
(-0.05778210026 0.03071742471 0.001)
(-0.06025909649 0.03113304276 0.001)
(-0.05926061513 0.02880980123 0.001)
(-0.06174680944 0.02923796014 0.001)
(-0.06085575838 0.02700006586 0.001)
(-0.06326376261 0.02736722651 0.001)
(-0.0641499403 0.02960106263 0.001)
(-0.06564550219 0.0277141504 0.001)
(-0.06653570512 0.02995103088 0.001)
(-0.06802853103 0.02806204939 0.001)
(-0.06884273999 0.03023891729 0.001)
(-0.0703231599 0.02833347585 0.001)
(-0.0695060698 0.02615990361 0.001)
(-0.07188694462 0.02649925217 0.001)
(-0.06475575928 0.02547761785 0.001)
(-0.06437384038 0.03591334908 0.001)
(-0.05849890338 0.02667233495 0.001)
(-0.05998675262 0.02477952746 0.001)
(-0.06737982569 0.0321514958 0.001)
(-0.07001153278 0.03234375118 0.001)
(-0.05006075416 0.03423243439 0.001)
(-0.06353902703 0.03372021226 0.001)
(-0.054772324 0.02590937826 0.001)
(-0.05518721971 0.03032914936 0.001)
(-0.05778675994 0.02439875412 0.001)
(-0.05923630159 0.02262339061 0.001)
(-0.06150501708 0.02290566809 0.001)
(-0.0607071001 0.02074083588 0.001)
(-0.06299793536 0.02101991795 0.001)
(-0.06210775185 0.01878357908 0.001)
(-0.06447493815 0.01911973567 0.001)
(-0.06358210206 0.01688099145 0.001)
(-0.06596157144 0.01722625957 0.001)
(-0.06507034043 0.01498863304 0.001)
(-0.0674521245 0.01533560603 0.001)
(-0.06834233484 0.01757249469 0.001)
(-0.06983416882 0.01568277123 0.001)
(-0.0689438046 0.01344577014 0.001)
(-0.07132616229 0.01379316356 0.001)
(-0.07221646824 0.01603012229 0.001)
(-0.07370855822 0.01414058482 0.001)
(-0.07043582465 0.01155618176 0.001)
(-0.06804560177 0.01120258203 0.001)
(-0.06954418928 0.009318175136 0.001)
(-0.0719276982 0.009666473381 0.001)
(-0.07103734058 0.007429474803 0.001)
(-0.07335351992 0.007724604336 0.001)
(-0.07250444796 0.005536988921 0.001)
(-0.07494575806 0.005771239954 0.001)
(-0.07100769816 0.02427749425 0.001)
(-0.07339139519 0.02462909911 0.001)
(-0.07422565865 0.02666160539 0.001)
(-0.07459887054 0.01637754819 0.001)
(-0.07609097767 0.0144880232 0.001)
(-0.07698129391 0.01672498943 0.001)
(-0.07847340455 0.01483546699 0.001)
(-0.07548918195 0.01861451091 0.001)
(-0.06272766903 0.008154452083 0.001)
(-0.06536271553 0.0213548216 0.001)
(-0.07250345244 0.02239238606 0.001)
(-0.07484963026 0.02271626275 0.001)
(-0.07012141869 0.02204498268 0.001)
(-0.07455253417 0.009883333966 0.001)
(-0.07014302192 0.005192145014 0.001)
(-0.07162033757 0.003308186413 0.001)
(-0.0627037617 0.01466177227 0.001)
(-0.06411828415 0.01270562307 0.001)
(-0.06719424473 0.008987029063 0.001)
(-0.06924326955 0.002404182821 0.001)
(-0.07161420344 0.02015620364 0.001)
(-0.0592947803 0.0131786476 0.001)
(-0.07114294394 0.001238353417 0.001)
(-0.07313149599 0.001413661538 0.001)
(-0.07172911123 -0.005830192836 0.001)
(-0.0730460341 -0.007845306414 0.001)
(-0.07413283113 -0.005697528715 0.001)
(-0.07544994947 -0.007712971573 0.001)
(-0.07653674052 -0.005564696665 0.001)
(-0.07785388775 -0.007580131865 0.001)
(-0.07526800336 -0.003573822795 0.001)
(-0.07763159953 -0.003420442865 0.001)
(-0.07417725826 -0.009773969797 0.001)
(-0.07397298184 -0.01804293003 0.001)
(-0.0759314935 -0.01942046098 0.001)
(-0.07639513525 -0.001445884746 0.001)
(-0.07872646314 -0.001276153896 0.001)
(-0.08003151614 -0.003285418969 0.001)
(-0.0774415781 0.0007229049417 0.001)
(-0.07980787935 0.0008749495407 0.001)
(-0.07848982487 0.00289078969 0.001)
(-0.08088735497 0.003027037899 0.001)
(-0.08220344168 0.001012192387 0.001)
(-0.07956897706 0.005043042202 0.001)
(-0.08197165807 0.005176685039 0.001)
(-0.08065408474 0.007192282472 0.001)
(-0.08305775833 0.007325423268 0.001)
(-0.07240511772 -0.0006228751792 0.001)
(-0.07837463344 0.006996301668 0.001)
(-0.07934411827 0.009164144694 0.001)
(-0.07733509173 0.01266066192 0.001)
(-0.07964144527 0.0129583421 0.001)
(-0.08072913144 0.01521390933 0.001)
(-0.07787160986 0.01896195545 0.001)
(-0.07210119363 -0.01672603313 0.001)
(-0.07417690488 -0.01563059897 0.001)
(-0.07599238276 0.002784169146 0.001)
(-0.0677773436 0.0002153985391 0.001)
(-0.05950073936 0.01863661648 0.001)
(-0.05260554371 0.03022369931 0.001)
(-0.07693460468 0.008903610329 0.001)
(-0.06153452286 0.01231420378 0.001)
(-0.05662970778 0.02806498607 0.001)
(-0.06340205639 0.0105197697 0.001)
(-0.06782626524 0.004591123723 0.001)
(-0.05375375483 0.03239653577 0.001)
(-0.07207834049 -0.01403808001 0.001)
(-0.07450651682 -0.01331236184 0.001)
(-0.07638097532 -0.01463364281 0.001)
(-0.07661140979 -0.01239631173 0.001)
(-0.07851627988 -0.01369780029 0.001)
(-0.06572417165 0.01087888176 0.001)
(-0.04321529227 0.03922822794 0.001)
(-0.04956693721 0.03806675438 0.001)
(-0.0481550903 0.04628241023 0.001)
(-0.04745230445 0.04402548117 0.001)
(-0.05608511518 0.04317307829 0.001)
(-0.05841605605 0.04347985828 0.001)
(-0.0537083794 0.04283016555 0.001)
(-0.07271989636 -0.003325588835 0.001)
(-0.05350246015 0.03653574153 0.001)
(-0.07667566194 -0.01002172452 0.001)
(-0.07921255486 -0.009489137327 0.001)
(-0.08028417669 -0.007478121561 0.001)
(-0.08138996384 -0.009399847955 0.001)
(-0.05758383993 0.04128877084 0.001)
(-0.07894709309 -0.00543793019 0.001)
(-0.08137018565 -0.005354001146 0.001)
(-0.0823644318 -0.003206941302 0.001)
(-0.08368769744 -0.005014737119 0.001)
(-0.06923202589 0.01980894243 0.001)
(-0.07634039001 0.02082144082 0.001)
(-0.07859922767 0.0211011438 0.001)
(-0.06386976722 0.02324346215 0.001)
(-0.06624798597 0.02358818315 0.001)
(-0.03707763738 0.05466877699 0.001)
(-0.0346701589 0.05524117147 0.001)
(-0.06587904373 0.03403416637 0.001)
(-0.08328899759 0.003161205874 0.001)
(-0.08459841004 0.001276281263 0.001)
(-0.08569091256 0.003316326994 0.001)
(-0.08691692113 0.001462427351 0.001)
(-0.08376014918 -0.001042615158 0.001)
(-0.07072432531 0.0179195997 0.001)
(-0.06656125552 0.0130982374 0.001)
(-0.03826847441 0.06086726234 0.001)
(-0.04271881997 0.05902837007 0.001)
(-0.05161719435 0.05535358276 0.001)
(-0.04494398239 0.05810893772 0.001)
(-0.04462765278 0.06049569646 0.001)
(-0.06116116653 0.03337820652 0.001)
(-0.06862692903 0.02393239596 0.001)
(-0.06237280287 0.02512892799 0.001)
(-0.07716280534 0.00491116491 0.001)
(-0.0811269246 -0.00114192125 0.001)
(-0.0817455808 0.009264704319 0.001)
(-0.08414522285 0.009461206941 0.001)
(-0.08290097135 0.01136288064 0.001)
(-0.085246529 0.01154552811 0.001)
(-0.06713512955 0.02582238339 0.001)
(-0.04557665626 0.0533323811 0.001)
(-0.04049362599 0.05994784369 0.001)
(-0.08437490363 0.00531355747 0.001)
(-0.08677851244 0.005447316876 0.001)
(-0.08546168131 0.007457663197 0.001)
(-0.06503411956 0.03183305897 0.001)
(-0.06264835989 0.03148392388 0.001)
(-0.07041165929 -0.003815375409 0.001)
(-0.06124691297 0.01663498159 0.001)
(-0.06866963218 0.007042121423 0.001)
(-0.06627273133 0.006734780801 0.001)
(-0.06685228058 0.01946348591 0.001)
(-0.07614449382 -0.01701814473 0.001)
(-0.07811289193 -0.01840645072 0.001)
(-0.07789517139 -0.02080433231 0.001)
(-0.0799778913 -0.01978423666 0.001)
(-0.07832792509 -0.0160248744 0.001)
(-0.08051538251 -0.01499772649 0.001)
(-0.08045750232 -0.01273187275 0.001)
(-0.08227975876 -0.01372413768 0.001)
(-0.08025619098 -0.01739473505 0.001)
(-0.08230592446 -0.01878645168 0.001)
(-0.0596733882 0.03527097118 0.001)
(-0.04939394685 0.05627052628 0.001)
(-0.05130269661 0.0577379707 0.001)
(-0.07285857226 0.01188179842 0.001)
(-0.03742531256 0.05247216496 0.001)
(-0.0751295031 0.01230120323 0.001)
(-0.06774055928 0.02169880195 0.001)
(-0.07934260507 0.01707760033 0.001)
(-0.04335148573 0.05425484407 0.001)
(-0.04526026907 0.05572171756 0.001)
(-0.04716903102 0.05718955066 0.001)
(-0.07571228255 -0.02181669454 0.001)
(-0.07767711253 -0.02320185475 0.001)
(-0.07549163604 -0.02421202928 0.001)
(-0.07745851652 -0.02559895514 0.001)
(-0.0796029205 -0.02458511504 0.001)
(-0.07937722838 -0.02698207633 0.001)
(-0.0816115498 -0.02597629178 0.001)
(-0.07723251493 -0.02799597259 0.001)
(-0.07915670916 -0.02937957605 0.001)
(-0.07701285808 -0.03039356206 0.001)
(-0.07909808013 -0.0318214824 0.001)
(-0.08124995602 -0.03070564654 0.001)
(-0.07682124016 -0.03279864795 0.001)
(-0.07891113536 -0.03422781769 0.001)
(-0.07666882251 -0.03511976767 0.001)
(-0.07855468381 -0.03657752042 0.001)
(-0.08052125262 -0.03552498009 0.001)
(-0.07627486309 -0.03766839171 0.001)
(-0.07859984816 -0.03893681866 0.001)
(-0.07382764315 -0.03743409357 0.001)
(-0.07461950594 -0.0338024289 0.001)
(-0.07505445101 -0.0290068216 0.001)
(-0.07308762783 -0.02761937338 0.001)
(-0.07969505721 -0.02217612876 0.001)
(-0.0739922822 0.02050061055 0.001)
(-0.07310588861 0.01826643255 0.001)
(-0.07353037743 -0.02282696645 0.001)
(-0.07527170669 -0.02660913256 0.001)
(-0.02968502572 0.06215743056 0.001)
(-0.03159377214 0.06362465343 0.001)
(-0.07185444145 -0.009915666621 0.001)
(-0.07483836334 -0.03140547932 0.001)
(-0.07269092899 -0.03245805618 0.001)
(-0.02618286016 0.05683676649 0.001)
(-0.02832567124 0.05596488473 0.001)
(-0.00599197895 0.06624922724 0.001)
(-0.006482273749 0.05999212785 0.001)
(-0.02146297326 0.0610686993 0.001)
(0.06521712593 -0.05293706503 0.001)
(0.0583706366 -0.1034898878 0.001)
(0.04860895279 -0.1007578389 0.001)
(0.05284579289 -0.1110594419 0.001)
(0.04223301964 -0.1076790562 0.001)
(0.04181582337 -0.1013299325 0.001)
(0.03545334191 -0.1068826078 0.001)
(0.03315032239 -0.09888480107 0.001)
(0.03443142528 -0.1141462811 0.001)
(0.0265670093 -0.1122805274 0.001)
(0.01454437689 -0.1180992978 0.001)
(0.01782252747 -0.1062878615 0.001)
(0.01217274782 -0.1276527003 0.001)
(0.006391997647 -0.1180116493 0.001)
(0.008095207331 -0.1085808421 0.001)
(0.02717692659 -0.1031314344 0.001)
(-0.0007155728276 -0.1296196428 0.001)
(-0.010850538 -0.1238660757 0.001)
(-0.00429579595 -0.1102144656 0.001)
(-0.01433383587 -0.134124896 0.001)
(-0.02124732118 -0.1223964292 0.001)
(-0.01853220714 -0.1116185116 0.001)
(-0.02870760317 -0.1137634863 0.001)
(-0.02500788013 -0.1047856757 0.001)
(-0.03474436048 -0.1240664946 0.001)
(-0.04071148792 -0.1151992544 0.001)
(-0.04781324503 -0.1253442865 0.001)
(-0.05259665254 -0.1109989174 0.001)
(-0.04792040423 -0.1021922458 0.001)
(-0.06105088449 -0.1032136998 0.001)
(-0.05426078037 -0.09307188083 0.001)
(-0.06714923716 -0.1122413421 0.001)
(-0.07164339748 -0.09912112392 0.001)
(-0.03734793708 -0.1034455884 0.001)
(-0.08129455055 -0.1102377452 0.001)
(-0.08608070931 -0.0973334551 0.001)
(-0.07620435014 -0.08609372245 0.001)
(-0.08795276712 -0.08355565943 0.001)
(-0.08040080693 -0.07605433017 0.001)
(-0.0989025831 -0.09189690505 0.001)
(-0.1021941125 -0.08044356517 0.001)
(-0.06521890621 -0.08979249705 0.001)
(-0.05017860575 -0.07685208556 0.001)
(-0.04978927876 -0.07922801016 0.001)
(-0.052041609 -0.07837724721 0.001)
(-0.05165225932 -0.08075318617 0.001)
(-0.04939995722 -0.08160396061 0.001)
(-0.05390456912 -0.07990241348 0.001)
(-0.05429392964 -0.07752647426 0.001)
(-0.05615687669 -0.07905163952 0.001)
(-0.05654623684 -0.07667570009 0.001)
(-0.05840918164 -0.07820086514 0.001)
(-0.05879854136 -0.07582492564 0.001)
(-0.06066148572 -0.07735009065 0.001)
(-0.06105084528 -0.07497415113 0.001)
(-0.06291378954 -0.07649931613 0.001)
(-0.06330314907 -0.0741233766 0.001)
(-0.06144020484 -0.07259821161 0.001)
(-0.0636925086 -0.07174743708 0.001)
(-0.06159927679 -0.06371385205 0.001)
(-0.06403725898 -0.06364611608 0.001)
(-0.06517391918 -0.07566925947 0.001)
(-0.05351521225 -0.08227835322 0.001)
(-0.05805136639 -0.080581974 0.001)
(-0.06252443006 -0.07887525565 0.001)
(-0.0548454767 -0.06950510954 0.001)
(-0.06181863829 -0.07023561797 0.001)
(-0.06400079966 -0.0694527399 0.001)
(-0.06593130093 -0.07091020294 0.001)
(-0.06615349611 -0.06820246709 0.001)
(-0.06816475156 -0.06999510209 0.001)
(-0.06858647559 -0.06766994849 0.001)
(-0.07044402574 -0.06918664916 0.001)
(-0.07273283201 -0.05245306403 0.001)
(-0.07083788032 -0.06681776324 0.001)
(-0.07453294488 -0.05085412687 0.001)
(-0.0750175304 -0.05321248987 0.001)
(-0.07681763929 -0.05161362558 0.001)
(-0.0773022247 -0.05397198869 0.001)
(-0.07910233259 -0.05237314179 0.001)
(-0.07550211696 -0.05557083291 0.001)
(-0.07778681038 -0.05633034701 0.001)
(-0.07013537935 -0.07162013089 0.001)
(-0.07861774708 -0.05001478035 0.001)
(-0.08090244035 -0.05077429721 0.001)
(-0.07598237285 -0.05794202584 0.001)
(-0.07826502602 -0.05870764766 0.001)
(-0.08007150372 -0.05708986269 0.001)
(-0.08055875745 -0.05945342767 0.001)
(-0.08239903462 -0.05788562847 0.001)
(-0.07867238537 -0.06115163741 0.001)
(-0.0813327958 -0.06192494606 0.001)
(-0.0792320557 -0.06381920585 0.001)
(-0.07271050086 -0.06836870641 0.001)
(-0.08227479413 -0.06513846715 0.001)
(-0.07634772509 -0.0630217747 0.001)
(-0.07370128781 -0.0571718125 0.001)
(-0.06904591119 -0.06530528219 0.001)
(-0.07123966836 -0.06444487819 0.001)
(-0.06939129032 -0.06292226987 0.001)
(-0.05468329272 -0.07515053511 0.001)
(-0.08501324402 -0.06184079417 0.001)
(-0.08639601034 -0.06709276437 0.001)
(-0.08998378341 -0.06286691302 0.001)
(-0.07185769535 -0.06227496156 0.001)
(-0.05917783408 -0.06352777041 0.001)
(-0.07712095383 -0.06588320005 0.001)
(-0.05957543961 -0.07107527094 0.001)
(-0.05995356955 -0.06871304802 0.001)
(-0.0651706057 -0.06153593283 0.001)
(-0.08138702588 -0.0531326581 0.001)
(-0.08318713361 -0.05153381405 0.001)
(-0.08270254807 -0.04917545315 0.001)
(-0.08498724133 -0.0499349702 0.001)
(-0.08366899334 -0.05388910608 0.001)
(-0.0701022249 -0.06047209983 0.001)
(-0.06289329608 -0.06578870005 0.001)
(-0.07421851473 -0.05939915816 0.001)
(-0.07252246386 -0.129246881 0.001)
(-0.07348044259 -0.06359245991 0.001)
(-0.08775035614 -0.05748244441 0.001)
(-0.09348310153 -0.05840282953 0.001)
(-0.09103321334 -0.05290879192 0.001)
(-0.09581528546 -0.0536220715 0.001)
(-0.09370433918 -0.04908288321 0.001)
(-0.09991840777 -0.04904029603 0.001)
(-0.0985566307 -0.04395263104 0.001)
(-0.09236297609 -0.04322119896 0.001)
(-0.08450265579 -0.04757660927 0.001)
(-0.08221796254 -0.04681709218 0.001)
(-0.08401807026 -0.04521824833 0.001)
(-0.1037460328 -0.04338596366 0.001)
(-0.1034240564 -0.03745596403 0.001)
(-0.1073756203 -0.05174514717 0.001)
(-0.08173337701 -0.04445873124 0.001)
(-0.08353348472 -0.04285988739 0.001)
(-0.07536388279 -0.04453854092 0.001)
(-0.1092702388 -0.03830285613 0.001)
(-0.1058456511 -0.03140212977 0.001)
(-0.09903574575 -0.03118219509 0.001)
(-0.08630101081 -0.04597579208 0.001)
(-0.1009720752 -0.05793942606 0.001)
(-0.1114653507 -0.06219610279 0.001)
(-0.1178949482 -0.05354577524 0.001)
(-0.07993326929 -0.04605757509 0.001)
(-0.07944868376 -0.04369921415 0.001)
(-0.07584846833 -0.04689690186 0.001)
(-0.1142238729 -0.03216637724 0.001)
(-0.1095675649 -0.02520827058 0.001)
(-0.09577450611 -0.03756209834 0.001)
(-0.1233579999 -0.06657019727 0.001)
(-0.1119336463 -0.08737292567 0.001)
(-0.1030897603 -0.02445176815 0.001)
(-0.1058228027 -0.01878707319 0.001)
(-0.1007994153 -0.01878679213 0.001)
(-0.1146352675 -0.01806222645 0.001)
(-0.1102316606 -0.01267282757 0.001)
(-0.1174393984 -0.0110955871 0.001)
(-0.1123950621 -0.004194574899 0.001)
(-0.1058949515 -0.004622358368 0.001)
(-0.1224244298 -0.004272421885 0.001)
(-0.1177611518 0.004004956988 0.001)
(-0.1280367428 0.006176356068 0.001)
(-0.1209821398 0.0159100877 0.001)
(-0.1088533697 0.0137701592 0.001)
(-0.1155515711 0.02314470201 0.001)
(-0.1053005727 0.02166971284 0.001)
(-0.1252850791 0.02606643863 0.001)
(-0.1164856495 0.03460843041 0.001)
(-0.1078729216 0.00501248512 0.001)
(-0.1032467015 -0.01146982805 0.001)
(-0.1301012314 0.03882095083 0.001)
(-0.1195736652 0.04801541405 0.001)
(-0.1063374451 0.04367978074 0.001)
(-0.1092886067 0.05601085572 0.001)
(-0.100640175 0.05344181122 0.001)
(-0.09722078504 0.04304108905 0.001)
(-0.1002845887 0.06145673584 0.001)
(-0.09226498704 0.05936717676 0.001)
(-0.09112209042 0.05117948297 0.001)
(-0.111943759 0.06737235941 0.001)
(-0.1005654743 0.07399828821 0.001)
(-0.1142194833 0.0813804711 0.001)
(-0.127403505 0.07103443014 0.001)
(-0.09990661567 0.08814861624 0.001)
(-0.08910961471 0.08486108561 0.001)
(-0.08688994086 0.09571942231 0.001)
(-0.07659283664 0.09275708851 0.001)
(-0.07520975384 0.07882267568 0.001)
(-0.07501393529 0.1024027935 0.001)
(-0.0654709253 0.09894702355 0.001)
(-0.06398716081 0.1084826569 0.001)
(-0.05476531652 0.1050803081 0.001)
(-0.05474314052 0.09278842635 0.001)
(-0.05330274447 0.114454222 0.001)
(-0.04370056075 0.1104214733 0.001)
(-0.06613622669 0.1248399102 0.001)
(-0.0423410182 0.1206737856 0.001)
(-0.03104538245 0.1174968973 0.001)
(-0.03281056577 0.1047189326 0.001)
(-0.03163595961 0.1267381108 0.001)
(-0.02012962682 0.1218909619 0.001)
(-0.0650650373 0.08729002831 0.001)
(-0.04431014387 0.0987769162 0.001)
(-0.01979340177 0.1363992012 0.001)
(-0.02148812817 0.1095148534 0.001)
(-0.1069299088 0.03285962474 0.001)
(-0.08864710659 0.0708466089 0.001)
(-0.1393991491 0.02565236417 0.001)
(-0.06515259418 -0.06573506587 0.001)
(-0.1390340457 -0.008645397861 0.001)
(-0.08987752534 -0.04873526381 0.001)
(-0.06678853804 -0.06382338435 0.001)
(-0.0578289107 -0.06976017586 0.001)
(-0.05738707786 -0.07207427211 0.001)
(-0.05789256609 -0.06726069451 0.001)
(-0.05691239826 -0.06505400547 0.001)
(-0.1134272957 0.1002337248 0.001)
(-0.07193533382 -0.05868014093 0.001)
(-0.07141731625 -0.05641015529 0.001)
(-0.06576424337 -0.0591296084 0.001)
(-0.02503432146 -0.1488075067 0.001)
(-0.006806949941 0.1256361656 0.001)
(-0.008666174327 0.1141403043 0.001)
(0.003358969026 0.1205432132 0.001)
(0.001963302431 0.1105480135 0.001)
(0.01852683544 0.1200288451 0.001)
(0.02734431993 0.1324616079 0.001)
(-0.09292142442 -0.06869030897 0.001)
(-0.137030497 0.05495308151 0.001)
(-0.1187893372 -0.02452401666 0.001)
(-0.1251516719 -0.03205703572 0.001)
(-0.06033997996 -0.06604296072 0.001)
(-0.1443989131 0.009649607355 0.001)
(-0.06962212655 -0.05795617295 0.001)
(-0.07636134926 -0.06031334723 0.001)
(-0.05056784998 -0.07447632667 0.001)
(-0.07093286433 -0.05405186471 0.001)
(-0.08581788586 -0.04361907558 0.001)
(-0.08533354375 -0.04126098872 0.001)
(-0.08304889107 -0.04050151731 0.001)
(-0.08484899744 -0.03890267194 0.001)
(-0.08713369046 -0.03966218877 0.001)
(-0.08664911143 -0.03730383515 0.001)
(-0.08893380572 -0.03806335341 0.001)
(-0.08844922144 -0.03570499389 0.001)
(-0.0861645284 -0.03494547704 0.001)
(-0.08796463654 -0.03334663366 0.001)
(-0.09024932986 -0.03410615083 0.001)
(-0.08976474557 -0.03174778979 0.001)
(-0.0874800514 -0.03098827292 0.001)
(-0.08928016031 -0.02938942887 0.001)
(-0.08699546597 -0.02862991202 0.001)
(-0.08879557371 -0.02703106817 0.001)
(-0.0910766072 -0.02779140947 0.001)
(-0.09059512629 -0.02543242365 0.001)
(-0.08831089548 -0.0246727405 0.001)
(-0.09011098774 -0.02307390219 0.001)
(-0.09239578888 -0.02383338053 0.001)
(-0.09191118536 -0.02147502605 0.001)
(-0.08962648911 -0.02071551004 0.001)
(-0.09142661781 -0.01911665865 0.001)
(-0.08914192106 -0.01835714282 0.001)
(-0.09094203169 -0.01675829793 0.001)
(-0.08865733834 -0.01599878088 0.001)
(-0.09045744674 -0.01439993678 0.001)
(-0.09274213989 -0.0151594539 0.001)
(-0.09225755444 -0.01280109293 0.001)
(-0.0899728612 -0.01204157584 0.001)
(-0.09177296891 -0.01044273199 0.001)
(-0.08948827567 -0.009683214905 0.001)
(-0.09128838338 -0.008084371053 0.001)
(-0.09357307663 -0.008843888139 0.001)
(-0.0930884911 -0.006485527201 0.001)
(-0.09080379785 -0.005726010116 0.001)
(-0.09260390556 -0.004127166264 0.001)
(-0.09488859881 -0.004886683349 0.001)
(-0.09440401328 -0.002528322412 0.001)
(-0.09454224768 -0.01356061002 0.001)
(-0.09668870653 -0.003287839498 0.001)
(-0.09620412099 -0.0009294785606 0.001)
(-0.09391942774 -0.0001699614754 0.001)
(-0.09571953546 0.001428882376 0.001)
(-0.09352780749 0.00208373163 0.001)
(-0.09525044414 0.003769798675 0.001)
(-0.09276827544 0.004311841634 0.001)
(-0.09472663153 0.006099023299 0.001)
(-0.0878654405 0.007592089806 0.001)
(-0.09798991098 0.0006854853501 0.001)
(-0.09703368453 0.005375416234 0.001)
(-0.09654628778 0.007734906122 0.001)
(-0.09426834813 0.008499738409 0.001)
(-0.0960656174 0.01010051425 0.001)
(-0.09378478384 0.01087088662 0.001)
(-0.09558185459 0.01246221426 0.001)
(-0.09329729847 0.01322228786 0.001)
(-0.09509692287 0.01481997176 0.001)
(-0.09281217193 0.01557938827 0.001)
(-0.09461212997 0.01717789185 0.001)
(-0.09232746166 0.01793746565 0.001)
(-0.09412754859 0.01953626224 0.001)
(-0.09184285603 0.0202957809 0.001)
(-0.09364295966 0.02189461547 0.001)
(-0.09135826658 0.02265413294 0.001)
(-0.0895581589 0.02105528915 0.001)
(-0.08907357272 0.02341364861 0.001)
(-0.09087368032 0.02501249222 0.001)
(-0.08858898695 0.02577200903 0.001)
(-0.09035459346 0.02734687848 0.001)
(-0.08809865116 0.0281263741 0.001)
(-0.09259603717 0.02653885828 0.001)
(-0.08987619557 0.02964134676 0.001)
(-0.08761209448 0.03047300028 0.001)
(-0.08581746283 0.02888659917 0.001)
(-0.08533346145 0.03124507811 0.001)
(-0.08713163913 0.03284350289 0.001)
(-0.08485053701 0.03360660873 0.001)
(-0.08305015245 0.0320072366 0.001)
(-0.08256579762 0.03436603777 0.001)
(-0.08436594378 0.03596495499 0.001)
(-0.08208124925 0.03672446963 0.001)
(-0.08388136316 0.0383233253 0.001)
(-0.08159667073 0.03908284395 0.001)
(-0.07979656315 0.03748400036 0.001)
(-0.07931197944 0.03984236477 0.001)
(-0.08111208683 0.041441208 0.001)
(-0.07882739385 0.04220072561 0.001)
(-0.07702728618 0.04060188184 0.001)
(-0.07654270064 0.04296024277 0.001)
(-0.07834280836 0.04455908663 0.001)
(-0.07605811512 0.04531860373 0.001)
(-0.07785822283 0.04691744758 0.001)
(-0.07557352959 0.04767696467 0.001)
(-0.0773736373 0.04927580852 0.001)
(-0.07508894405 0.05003532561 0.001)
(-0.07328883634 0.04843648175 0.001)
(-0.07281154993 0.05078662474 0.001)
(-0.07688905177 0.05163416946 0.001)
(-0.07100535961 0.04919462918 0.001)
(-0.07056012469 0.05157283174 0.001)
(-0.05352784365 0.05681856002 0.001)
(-0.0532118162 0.05920492801 0.001)
(-0.05543702487 0.05828543615 0.001)
(-0.05512075274 0.06067212063 0.001)
(-0.0573459309 0.05975266798 0.001)
(-0.05702961291 0.06213941174 0.001)
(-0.05925477834 0.06121997552 0.001)
(-0.05480445468 0.06305883865 0.001)
(-0.05893845058 0.06360673189 0.001)
(-0.06116361227 0.0626873005 0.001)
(-0.06084728225 0.06507405979 0.001)
(-0.06307244294 0.06415462969 0.001)
(-0.0597840004 0.05900328834 0.001)
(-0.06275611238 0.06654138967 0.001)
(-0.06053095207 0.06746081929 0.001)
(-0.06498127282 0.06562195991 0.001)
(-0.06529760357 0.06323519967 0.001)
(-0.06720643324 0.06470253015 0.001)
(-0.06752276397 0.06231576994 0.001)
(-0.06243978177 0.06892814973 0.001)
(-0.06021462145 0.06984757936 0.001)
(-0.06872641378 0.04995836631 0.001)
(-0.07474259294 0.04136139894 0.001)
(-0.06827463489 0.05234571843 0.001)
(-0.06943159359 0.06378310049 0.001)
(-0.06974792433 0.06139634028 0.001)
(-0.06688928379 0.0670872448 0.001)
(-0.08014291608 0.04615793049 0.001)
(-0.07917374502 0.05087465237 0.001)
(-0.0786898861 0.05323519905 0.001)
(-0.07166346557 0.06285485457 0.001)
(-0.08616605794 0.03756381114 0.001)
(-0.07134154181 0.06524896167 0.001)
(-0.08568147299 0.03992217317 0.001)
(-0.07640458734 0.05399289469 0.001)
(-0.07818355312 0.05558948739 0.001)
(-0.06110335104 0.04381409441 0.001)
(-0.06212345107 0.07131490989 0.001)
(-0.05989829073 0.07223433954 0.001)
(-0.05798946113 0.07076700898 0.001)
(-0.05764153989 0.07307731532 0.001)
(-0.0557590357 0.07167369631 0.001)
(-0.05541023694 0.07398187895 0.001)
(-0.05353197408 0.07258852458 0.001)
(-0.05318864144 0.07490993606 0.001)
(-0.05130709099 0.07350862524 0.001)
(-0.05096412145 0.07583091546 0.001)
(-0.04908208358 0.07442842502 0.001)
(-0.04876577834 0.07681524692 0.001)
(-0.04686141827 0.07535873333 0.001)
(-0.0465458367 0.07774730665 0.001)
(-0.04463787688 0.07628208111 0.001)
(-0.04432181597 0.07866949434 0.001)
(-0.04241317629 0.07720262345 0.001)
(-0.04209692218 0.07958956912 0.001)
(-0.040188137 0.07812234608 0.001)
(-0.03987182644 0.08050915512 0.001)
(-0.0379630076 0.07904185062 0.001)
(-0.03764668202 0.08142862331 0.001)
(-0.03573785507 0.07996129917 0.001)
(-0.03542152563 0.08234806254 0.001)
(-0.03351269668 0.08088073357 0.001)
(-0.03319636627 0.08326749458 0.001)
(-0.03128753683 0.08180016442 0.001)
(-0.03097120617 0.08418692483 0.001)
(-0.02906237661 0.08271959437 0.001)
(-0.02874604589 0.08510635463 0.001)
(-0.02683721629 0.0836390241 0.001)
(-0.02652088556 0.08602578432 0.001)
(-0.02461205595 0.08455845377 0.001)
(-0.02429572522 0.08694521399 0.001)
(-0.02238689561 0.08547788343 0.001)
(-0.02207056488 0.08786464364 0.001)
(-0.02016173527 0.08639731308 0.001)
(-0.01984540453 0.0887840733 0.001)
(-0.01793657492 0.08731674274 0.001)
(-0.01825290566 0.08492998252 0.001)
(-0.01602774531 0.08584941218 0.001)
(-0.01571141458 0.08823617239 0.001)
(-0.01380258497 0.08676884183 0.001)
(-0.01348625423 0.08915560204 0.001)
(-0.01157742462 0.08768827148 0.001)
(-0.01189375536 0.08530151127 0.001)
(-0.009668595012 0.08622094093 0.001)
(-0.009352264276 0.08860770114 0.001)
(-0.007442493856 0.08713809367 0.001)
(-0.0077596086 0.08475323088 0.001)
(-0.005534422121 0.08567259729 0.001)
(-0.00521714622 0.08805707005 0.001)
(-0.003309226206 0.08659194086 0.001)
(-0.04495435258 0.07389567173 0.001)
(-0.003625758031 0.08420566731 0.001)
(-0.001400575782 0.08512504395 0.001)
(-0.001084241396 0.08751179533 0.001)
(0.0008245589583 0.08604453558 0.001)
(0.001140885426 0.08843130612 0.001)
(0.003049709449 0.08696398908 0.001)
(0.003366038542 0.08935075327 0.001)
(0.005274866946 0.08788342562 0.001)
(0.005591197207 0.09027018699 0.001)
(0.007500026537 0.0888028571 0.001)
(0.007816357146 0.09118961762 0.001)
(0.002733377782 0.08457723112 0.001)
(-0.02937870735 0.08033283417 0.001)
(-0.03827934013 0.07665509475 0.001)
(0.001459707482 0.09081775331 0.001)
(-0.03288003587 0.08565425559 0.001)
(-0.02175423414 0.09025140386 0.001)
(-0.04177004313 0.08195080078 0.001)
(0.007183695755 0.086416097 0.001)
(0.009408855966 0.08733552698 0.001)
(0.009092525201 0.08494876684 0.001)
(0.01131768552 0.08586819656 0.001)
(-0.0195290738 0.09117083351 0.001)
(-0.04630601771 0.08008012663 0.001)
(-0.05087949778 0.07804733377 0.001)
(-0.001716936381 0.08273835602 0.001)
(-0.02270322635 0.08309112321 0.001)
(-0.03732658284 0.0838062633 0.001)
(-0.02842955884 0.08749309416 0.001)
(-0.01634407605 0.08346265196 0.001)
(-0.03382902753 0.07849397363 0.001)
(-0.003942101704 0.08181893841 0.001)
(-0.05502881345 0.07648323866 0.001)
(-0.05956277733 0.07444164159 0.001)
(0.01163401625 0.08825495678 0.001)
(0.01354284585 0.08678762625 0.001)
(0.01385917658 0.08917438647 0.001)
(-0.05163031083 0.07113853772 0.001)
(0.005907527516 0.09265694823 0.001)
(0.008109717874 0.09357942239 0.001)
(0.01576800619 0.08770705591 0.001)
(0.01612174567 0.09000328125 0.001)
(0.01597952024 0.07666352955 0.001)
(0.01799940132 0.08861139643 0.001)
(0.01828590319 0.09081181195 0.001)
(-0.00203327425 0.08035161307 0.001)
(-0.004258435784 0.07943218629 0.001)
(-0.08076568221 0.03276717924 0.001)
(-0.02143790341 0.09263816407 0.001)
(-0.01921274306 0.09355759372 0.001)
(-0.06920539878 0.04759740178 0.001)
(-0.08125026647 0.03040881586 0.001)
(-0.06669042736 0.03617884892 0.001)
(-0.06644254567 0.050720815 0.001)
(-0.05622223038 0.05566367469 0.001)
(-0.07522717847 0.039003038 0.001)
(0.006220029845 0.09504421604 0.001)
(0.008440286092 0.0958088998 0.001)
(-0.08172151478 0.01742590685 0.001)
(-0.06591883995 0.05296157392 0.001)
(-0.08686027828 0.0241878359 0.001)
(0.01100135477 0.08348143637 0.001)
(0.008776194427 0.08256200672 0.001)
(-0.07357652602 0.06431666473 0.001)
(0.01545167545 0.0853202957 0.001)
(-0.02112157267 0.09502492428 0.001)
(-0.02334673302 0.09410549463 0.001)
(-0.01889641233 0.09594435394 0.001)
(-0.07198088705 0.06046433091 0.001)
(-0.08097470046 0.05247604626 0.001)
(-0.01698758272 0.09447702338 0.001)
(-0.01667125198 0.09686378359 0.001)
(-0.01476242237 0.09539645303 0.001)
(-0.01444609163 0.09778321324 0.001)
(-0.01253772946 0.09631701394 0.001)
(-0.0122210092 0.09870283144 0.001)
(-0.01030723022 0.09723487384 0.001)
(-0.009999473532 0.09965772623 0.001)
(-0.008073854083 0.0981540666 0.001)
(0.01412633372 0.09132934605 0.001)
(-0.06562615489 0.06087801494 0.001)
(-0.0509867064 0.0601242923 0.001)
(-0.008403476848 0.09575953849 0.001)
(-0.006167819439 0.09665991826 0.001)
(-0.09052735811 0.01633863125 0.001)
(-0.09737103941 0.01407207878 0.001)
(-0.09836005347 0.009372049475 0.001)
(-0.06414613967 0.05145687709 0.001)
(-0.007542000174 0.1006564771 0.001)
(-0.02300927234 0.09651974249 0.001)
(-0.01847463688 0.09856419459 0.001)
(-0.01444310018 0.1003657989 0.001)
(-0.01005487551 0.1023093079 0.001)
(-0.02525204097 0.09557740646 0.001)
(0.01068346379 0.08109845221 0.001)
(0.008459603644 0.08017587586 0.001)
(-0.002349606732 0.07796485708 0.001)
(-0.0001244464799 0.07888428696 0.001)
(-0.004574767368 0.07704542813 0.001)
(-0.006483597026 0.07851275881 0.001)
(-0.07294248522 0.03976255509 0.001)
(-0.07325126299 0.06671512726 0.001)
(-0.07550300103 0.06583580019 0.001)
(-0.07584545967 0.06336180306 0.001)
(-0.06773210431 0.05487336535 0.001)
(-0.07896561017 0.03116840346 0.001)
(-0.08796616691 0.03916265737 0.001)
(-0.08748158126 0.04152101809 0.001)
(-0.07945020165 0.02881005387 0.001)
(-0.02513237944 0.09809115294 0.001)
(-0.06466671155 0.04912066304 0.001)
(-0.06362034429 0.05369323824 0.001)
(-0.06185719389 0.05220784288 0.001)
(-0.02557130642 0.09318682852 0.001)
(-0.0274800382 0.09465428634 0.001)
(-0.05607975401 0.06929755469 0.001)
(-0.07245789969 0.04212091603 0.001)
(-0.006799927911 0.07612599896 0.001)
(-0.008708757554 0.0775933296 0.001)
(-0.006507493047 0.09427947752 0.001)
(-0.004273260426 0.09517809339 0.001)
(-0.003908188839 0.09749958282 0.001)
(-0.002036339628 0.09606966535 0.001)
(-0.001669525399 0.09838682731 0.001)
(0.0002041930152 0.09699270472 0.001)
(0.0005378043376 0.09935130255 0.001)
(-0.001570268751 0.1007147351 0.001)
(-0.007008735072 0.1037075084 0.001)
(-0.09717329206 -0.005646200435 0.001)
(-0.09419589359 -0.02223453775 0.001)
(-0.07065779197 0.04052207218 0.001)
(-0.07745876119 0.0646042006 0.001)
(-0.07812383132 0.06236127852 0.001)
(-0.07827398759 0.06745674741 0.001)
(-0.0004407776524 0.0764975278 0.001)
(0.001784382735 0.07741695736 0.001)
(0.0007331988267 0.07096844569 0.001)
(-0.0734933347 0.03741780977 0.001)
(-0.09467813004 -0.02460019894 0.001)
(-0.09149650007 0.01162184321 0.001)
(-0.08768816795 -0.01128205876 0.001)
(-0.09593476287 0.0211270936 0.001)
(-0.09031921231 -0.003367649179 0.001)
(-0.07594582218 0.05632059738 0.001)
(-0.00902508832 0.07520656946 0.001)
(-0.01093391794 0.07667390004 0.001)
(-0.01061758721 0.07906066026 0.001)
(-0.01284274756 0.07814123063 0.001)
(-0.0131590783 0.07575447041 0.001)
(-0.01506790791 0.07722180098 0.001)
(-0.01536255477 0.07486324901 0.001)
(-0.0172677704 0.07633528095 0.001)
(-0.09502683322 -0.01591897096 0.001)
(-0.08734181276 -0.01995598688 0.001)
(0.01026278374 0.07882662396 0.001)
(0.008072645089 0.07781542583 0.001)
(-0.08013190615 0.06428580933 0.001)
(-0.08057352268 0.06119001351 0.001)
(-0.09682694095 -0.0143201271 0.001)
(-0.09204972164 -0.03250645677 0.001)
(-0.08720358242 -0.00892369782 0.001)
(-0.008732582386 0.09337281775 0.001)
(0.006222845354 0.07926041168 0.001)
(-0.0784810308 0.03352677615 0.001)
(-0.07668093005 0.0319279456 0.001)
(-0.02779684175 0.09226691105 0.001)
(-0.02970573386 0.0937341603 0.001)
(-0.03002794368 0.09133886006 0.001)
(-0.03195349579 0.09279871705 0.001)
(-0.03170303321 0.09474383727 0.001)
(-0.03390712527 0.09421153875 0.001)
(-0.0342071851 0.09184434438 0.001)
(-0.03615585139 0.09332219036 0.001)
(-0.03643964625 0.09090579205 0.001)
(-0.03838312113 0.09235243457 0.001)
(-0.03865745763 0.08994823932 0.001)
(-0.04059542488 0.09138496296 0.001)
(-0.0408700955 0.08898616962 0.001)
(-0.04281054502 0.09042059029 0.001)
(-0.04309332866 0.0880133738 0.001)
(-0.04502832815 0.08945912677 0.001)
(-0.04531541018 0.08703921501 0.001)
(-0.04728906893 0.08850495482 0.001)
(-0.04761601247 0.08604335275 0.001)
(-0.0358730055 0.09577775532 0.001)
(-0.04731458749 0.09127032812 0.001)
(-0.04959832684 0.08756471967 0.001)
(-0.04993463757 0.08504637011 0.001)
(-0.05195631722 0.08660535808 0.001)
(-0.05237405986 0.08402276208 0.001)
(-0.05441567682 0.08567851499 0.001)
(-0.05488133679 0.08300583538 0.001)
(-0.01697252121 0.07869461647 0.001)
(-0.01919697883 0.07777610098 0.001)
(0.005904581628 0.07687431238 0.001)
(0.007759896146 0.07541414193 0.001)
(0.005589368331 0.07452252177 0.001)
(-0.01252641683 0.08052799084 0.001)
(0.01288426206 0.08207684179 0.001)
(-0.08173489589 0.02805053868 0.001)
(-0.0799347994 0.02645171624 0.001)
(-0.08217402952 0.02574337954 0.001)
(-0.07418353491 0.05467490727 0.001)
(-0.06434863947 0.07039548395 0.001)
(-0.06403228537 0.07278224106 0.001)
(-0.06626018596 0.07185928798 0.001)
(-0.06590907229 0.07429711774 0.001)
(-0.06817135271 0.07333882977 0.001)
(-0.06804551741 0.07588638798 0.001)
(-0.0655823375 0.07691360293 0.001)
(0.002100713477 0.07980371755 0.001)
(-0.08145857955 0.05011556029 0.001)
(-0.08325871082 0.05171447498 0.001)
(-0.0837431448 0.04935565815 0.001)
(-0.08274789344 0.05412082228 0.001)
(-0.01856923639 0.08254322231 0.001)
(-0.09544762936 0.02350228384 0.001)
(-0.08845076888 0.0368042773 0.001)
(-0.0902508629 0.03840313709 0.001)
(-0.09073414496 0.0360407845 0.001)
(-0.09253533707 0.03764295686 0.001)
(-0.09303593896 0.03518166166 0.001)
(-0.09464286412 0.03652615097 0.001)
(-0.09552932597 0.0342454741 0.001)
(-0.09634235541 -0.01196176616 0.001)
(-0.08519688799 0.04228053514 0.001)
(-0.0869969958 0.04387937917 0.001)
(-0.08928168907 0.04311986212 0.001)
(-0.07101908118 0.0676280501 0.001)
(-0.07293292208 0.06910452182 0.001)
(-0.09205093227 0.04000187255 0.001)
(-0.07017320644 0.04288043311 0.001)
(-0.08471230256 0.04463889627 0.001)
(-0.08651241029 0.04623774016 0.001)
(-0.004891098327 0.07465866846 0.001)
(-0.002364996119 0.09371786471 0.001)
(-0.01285359276 0.09392912247 0.001)
(-0.03671883881 0.08851804216 0.001)
(-0.0194101343 0.07539733126 0.001)
(-0.02140822265 0.07685373701 0.001)
(0.004004491254 0.09412351117 0.001)
(0.004341593898 0.09646225465 0.001)
(-0.06791096943 0.07914468003 0.001)
(-0.0850586537 0.05331282299 0.001)
(-0.08459757028 0.05574188032 0.001)
(-0.07006555546 0.05900748344 0.001)
(-0.0411554263 0.08660538511 0.001)
(-0.0885191046 -0.004966493031 0.001)
(-0.08300629607 0.01552847941 0.001)
(-0.08404481021 0.01773566996 0.001)
(-0.08562069246 0.01587780364 0.001)
(-0.0826364691 0.01965684701 0.001)
(-0.04563060211 0.08463785719 0.001)
(-0.0216477155 0.07446270974 0.001)
(-0.02363313372 0.07593128633 0.001)
(-0.0239622888 0.07355251724 0.001)
(-0.02587315468 0.07501289269 0.001)
(-0.02619196218 0.07262630515 0.001)
(-0.02810253924 0.07409198327 0.001)
(-0.02841857874 0.07170549846 0.001)
(-0.03032765105 0.07317259952 0.001)
(-0.02555716332 0.07739849372 0.001)
(-0.03001136076 0.07555932148 0.001)
(-0.03223651976 0.0746398931 0.001)
(-0.03255285027 0.0722531331 0.001)
(-0.03446168954 0.07372045452 0.001)
(-0.03477801867 0.07133369583 0.001)
(-0.03668684962 0.07280102512 0.001)
(-0.03700318031 0.07041426495 0.001)
(-0.03891201018 0.07188159526 0.001)
(-0.03922834091 0.06949483506 0.001)
(-0.040177322 0.06233456904 0.001)
(-0.04113717057 0.07096216557 0.001)
(-0.0414535013 0.06857540536 0.001)
(-0.04336233092 0.0700427359 0.001)
(-0.04367866166 0.06765597569 0.001)
(-0.04558749127 0.06912330625 0.001)
(-0.045903822 0.06673654604 0.001)
(-0.04399499239 0.06526921548 0.001)
(-0.04622015274 0.06434978582 0.001)
(-0.04812898235 0.06581711638 0.001)
(-0.03954467169 0.0671080748 0.001)
(-0.03509435069 0.0689469344 0.001)
(-0.09175060719 0.0004795481131 0.001)
(-0.05688181558 0.08465609126 0.001)
(-0.05726433264 0.08200903891 0.001)
(-0.0760093735 0.06092434056 0.001)
(-0.08527453389 0.0201629449 0.001)
(-0.09805761619 0.02263889589 0.001)
(-0.09729504283 0.0252952905 0.001)
(-0.09825500482 0.02032755013 0.001)
(-0.06137819414 0.0545576917 0.001)
(-0.05968254436 0.05300472414 0.001)
(-0.06330535135 0.05609353699 0.001)
(-0.06833256762 0.04124973656 0.001)
(-0.06788175801 0.04363464142 0.001)
(-0.02266211185 0.09915120011 0.001)
(-0.02492386766 0.1014248959 0.001)
(-0.02786243121 0.09935953095 0.001)
(-0.05044911987 0.08262784005 0.001)
(-0.0975063514 0.03645431295 0.001)
(-0.08221871176 0.05652499156 0.001)
(-0.08431208691 0.05852918161 0.001)
(-0.08344188945 0.06334437267 0.001)
(-0.08299634326 0.0671265538 0.001)
(0.002156629926 0.06923081831 0.001)
(-0.09898746919 -0.004005034584 0.001)
(-0.09945798531 -0.00640571752 0.001)
(0.001012560446 0.1021822326 0.001)
(-0.001375395419 0.1037217286 0.001)
(-0.09355309105 0.03259961444 0.001)
(-0.09600691054 0.03138735558 0.001)
(-0.09648019733 -0.02299527083 0.001)
(-0.09599593839 -0.02063589585 0.001)
(-0.09696871793 -0.02536826004 0.001)
(-0.09515386291 -0.02696191476 0.001)
(-0.05528158245 0.08052599941 0.001)
(-0.05749755478 0.07951353506 0.001)
(-0.05966768182 0.0808956868 0.001)
(-0.06468519674 0.07972133665 0.001)
(-0.0761963481 0.03428631337 0.001)
(-0.07439624075 0.03268747022 0.001)
(-0.02588809095 0.09079947797 0.001)
(-0.02110676838 0.07923867642 0.001)
(-0.01539508384 0.0906229326 0.001)
(-0.01030125648 0.08144742049 0.001)
(-0.04844531308 0.06343035617 0.001)
(-0.05035414269 0.06489768673 0.001)
(0.009966926508 0.09205042647 0.001)
(-0.07197331416 0.04447927696 0.001)
(-0.0976578776 -0.008004561372 0.001)
(-0.04082083983 0.07334892578 0.001)
(-0.05003781196 0.06728444694 0.001)
(-0.0522629723 0.06636501729 0.001)
(-0.006823674253 0.09190403823 0.001)
(-0.08173179545 0.07138990147 0.001)
(-0.08808466793 -0.002664593742 0.001)
(0.007543366393 0.07312712928 0.001)
(-0.06848390811 0.07093652457 0.001)
(-0.07042447258 0.07241512766 0.001)
(0.001506808965 0.07511991523 0.001)
(-0.013427676 0.07352105268 0.001)
(-0.08551677077 -0.0104992621 0.001)
(-0.08521735381 -0.03022423632 0.001)
(-0.08338076738 0.02153388965 0.001)
(0.003059928028 0.1003855564 0.001)
(0.00365734895 0.1028651134 0.001)
(0.006065449121 0.101189486 0.001)
(0.00622638011 0.1046288336 0.001)
(0.00918132094 0.1026978797 0.001)
(0.01002311667 0.1064741967 0.001)
(0.01289385933 0.1033269388 0.001)
(0.01306897797 0.0996720499 0.001)
(0.01616449753 0.1010192928 0.001)
(0.01525962069 0.09799077422 0.001)
(0.01724539565 0.1050034022 0.001)
(0.02028781602 0.1016608185 0.001)
(0.02179686294 0.1061485017 0.001)
(0.02508206136 0.102721286 0.001)
(0.02926381701 0.08703530464 0.001)
(0.02703177115 0.08793788057 0.001)
(0.02892944534 0.08941960269 0.001)
(0.02669739488 0.09032217544 0.001)
(0.02859507234 0.0918039016 0.001)
(0.03082712247 0.09090132696 0.001)
(0.03048929207 0.0932900552 0.001)
(0.03272422388 0.09238379041 0.001)
(0.03247879499 0.09479929299 0.001)
(0.02525232429 0.08628696366 0.001)
(0.0263630219 0.0927064758 0.001)
(0.03305907669 0.08999887541 0.001)
(0.03495673847 0.09148062139 0.001)
(0.02445992078 0.09140802699 0.001)
(0.02416878246 0.09369938104 0.001)
(0.03013763049 0.09569649698 0.001)
(0.03226990996 0.09698910259 0.001)
(0.03529119287 0.08909622103 0.001)
(0.03719025072 0.09057638317 0.001)
(0.03683004769 0.09290058875 0.001)
(0.0390876174 0.09204992492 0.001)
(0.03873612507 0.09449934373 0.001)
(0.05055210916 0.08196973444 0.001)
(0.05899116974 0.08049299866 0.001)
(0.05286307456 0.08216748214 0.001)
(0.05149011748 0.08419001896 0.001)
(0.05394058621 0.08436076969 0.001)
(0.05235184669 0.08601325714 0.001)
(0.05516223682 0.08662520853 0.001)
(0.05011494192 0.08618893941 0.001)
(0.05119616795 0.08861226787 0.001)
(0.0482334368 0.08835836108 0.001)
(0.04916618045 0.09185265269 0.001)
(0.04455133677 0.08310085176 0.001)
(0.04599426858 0.0910926373 0.001)
(0.04528692309 0.08834073754 0.001)
(0.03943141563 0.08967058201 0.001)
(0.02680296355 0.1074607139 0.001)
(0.02603287828 0.09510070548 0.001)
(0.02380360514 0.09601005987 0.001)
(0.02212187585 0.09469573286 0.001)
(0.01281382269 0.09703061683 0.001)
(0.02021832688 0.08954591523 0.001)
(0.01990303527 0.08715664015 0.001)
(0.03339352037 0.08761447348 0.001)
(0.01473746885 0.09554128904 0.001)
(0.01705768724 0.09621450661 0.001)
(0.05524957863 0.08233068644 0.001)
(0.0413316202 0.0911600152 0.001)
(0.03466514861 0.09630693141 0.001)
(0.03443261942 0.09962194887 0.001)
(0.00288926846 0.07145336622 0.001)
(-0.08911012111 0.005529594689 0.001)
(-0.09026162404 0.007414343079 0.001)
(-0.09980784869 0.0245707937 0.001)
(-0.0993919175 0.0273247659 0.001)
(-0.07219106077 0.0580153621 0.001)
(-0.05956375614 0.07857761285 0.001)
(-0.06010542393 0.05072068565 0.001)
(-0.05777915066 0.05164410258 0.001)
(-0.08810077772 -0.04437656453 0.001)
(0.02151602605 0.09673124529 0.001)
(-0.08600308058 -0.01293653579 0.001)
(0.04156694923 0.08875231489 0.001)
(-0.08480500734 -0.02792212646 0.001)
(0.04676423278 0.08230374448 0.001)
(0.04661217449 0.08457555765 0.001)
(-0.04027562593 0.09417137936 0.001)
(-0.07792914427 0.05774591768 0.001)
(-0.0590960913 0.0553519452 0.001)
(-0.01082636784 0.1069075575 0.001)
(-0.0266397444 0.07025544924 0.001)
(0.0124844032 0.09494308645 0.001)
(-0.07485966803 0.03040530443 0.001)
(-0.01565738166 0.0725785697 0.001)
(-0.01229550532 0.07038757712 0.001)
(0.02206033904 0.08807066461 0.001)
(0.02163588073 0.08578457942 0.001)
(0.01954403563 0.08480163381 0.001)
(0.02975523823 0.09853834038 0.001)
(-0.08934280798 0.009967351381 0.001)
(0.02564514022 0.09723091377 0.001)
(-0.09398176335 0.02997268651 0.001)
(-0.07770144244 0.02746947434 0.001)
(-0.07797100364 0.02509504793 0.001)
(0.01661674007 0.09410940021 0.001)
(-0.09862704867 -0.01272128325 0.001)
(-0.0006197074922 0.07429480139 0.001)
(-0.0703805858 0.05662281985 0.001)
(-0.06887400808 0.0390584095 0.001)
(-0.08939820521 -0.04039898727 0.001)
(-0.09119935298 -0.03880131439 0.001)
(0.04441533066 0.0858621853 0.001)
(-0.06798486343 0.05757841747 0.001)
(-0.07250379698 0.03131512751 0.001)
(0.01061047516 0.09836075351 0.001)
(-0.08512861411 -0.008279634598 0.001)
(-0.1026919521 0.02513722991 0.001)
(-0.09727342033 -0.01663558505 0.001)
(-0.08267727061 -0.03816890846 0.001)
(-0.09251623783 -0.03484544881 0.001)
(-0.09434301251 -0.03325820968 0.001)
(-0.09383279098 -0.03089968838 0.001)
(-0.05297640723 0.08130510883 0.001)
(-0.08720251366 0.05497806035 0.001)
(0.01865108901 0.09484033491 0.001)
(-0.02164688282 0.1023854083 0.001)
(-0.06608840547 0.04204110635 0.001)
(-0.06560269408 0.04439858249 0.001)
(-0.09828069756 -0.02139520991 0.001)
(-0.05342418386 0.0789321658 0.001)
(-0.06371536318 0.04286720968 0.001)
(-0.06328108007 0.04529302708 0.001)
(-0.06143180789 0.04614892061 0.001)
(-0.1000510298 -0.008814683607 0.001)
(0.02030554727 0.09163942715 0.001)
(-0.05679113455 0.0884056821 0.001)
(-0.06580902417 0.05653477669 0.001)
(-0.05932553821 0.08346689233 0.001)
(-0.0664636018 0.0396255503 0.001)
(-0.09633165289 0.02826648243 0.001)
(-0.02844355898 0.1033843809 0.001)
(-0.03261224924 0.09978549417 0.001)
(-0.03816955226 0.1016229173 0.001)
(-0.01780585463 0.07111666616 0.001)
(-0.07629619239 0.07144461221 0.001)
(-0.07022475889 0.05402050422 0.001)
(-0.04802191276 0.08363897183 0.001)
(0.03012005177 0.1029483811 0.001)
(0.03585331189 0.1044385939 0.001)
(0.04032821507 0.1005240704 0.001)
(0.04177992816 0.1056757953 0.001)
(0.04697693806 0.1021883695 0.001)
(0.04628127077 0.1111821921 0.001)
(-0.09784703191 -0.02787409782 0.001)
(-0.086021007 -0.004397541804 0.001)
(-0.08711007112 0.06138652515 0.001)
(-0.05744474516 0.07731495862 0.001)
(0.05598058355 0.1042535976 0.001)
(-0.08081978029 -0.03978421267 0.001)
(0.01768141383 0.09854436379 0.001)
(0.01762378778 0.1108756447 0.001)
(-0.05168330459 0.08978409664 0.001)
(-0.0197990068 0.07296420182 0.001)
(-0.07217350862 0.03370159513 0.001)
(-0.07023545071 0.03484951719 0.001)
(-0.004496725064 0.1015206192 0.001)
(-0.05010364313 0.09296817413 0.001)
(-0.005667680465 0.1086586763 0.001)
(-0.0144499758 0.1115262612 0.001)
(-0.01635616847 0.1065092039 0.001)
(-0.04337656684 0.08564784512 0.001)
(0.009831428333 0.07402029273 0.001)
(-0.09124342175 0.03355468839 0.001)
(-0.03449609216 0.08945804401 0.001)
(-0.03226234251 0.09040205409 0.001)
(0.04890629183 0.08378356757 0.001)
(-0.1020252235 -0.004378641748 0.001)
(-0.1008579239 -0.002194580739 0.001)
(-0.03893510965 0.08757255528 0.001)
(-0.07388208589 0.06190591984 0.001)
(0.03562558039 0.08671187174 0.001)
(-0.08044801568 0.05485162984 0.001)
(0.03752865223 0.08819214479 0.001)
(0.03786192471 0.08580855165 0.001)
(0.02444741176 0.0887449826 0.001)
(0.02825529778 0.09418989751 0.001)
(-0.09287369665 -0.02619566747 0.001)
(0.03149584911 0.08613271758 0.001)
(0.03116147183 0.08851705013 0.001)
(-0.06657346851 0.06947193108 0.001)
(-0.08893637978 0.03442229337 0.001)
(0.03372788109 0.08523013155 0.001)
(0.05418094155 0.08017227857 0.001)
(-0.02875744237 0.06932058153 0.001)
(-0.02699622257 0.06785290866 0.001)
(-0.03096474086 0.06839853296 0.001)
(-0.03127882264 0.06601045934 0.001)
(0.01408182543 0.07518182655 0.001)
(0.01374748035 0.07756612998 0.001)
(0.01567382127 0.07912031983 0.001)
(0.01188820061 0.07593210882 0.001)
(-0.05067045713 0.06251094752 0.001)
(-0.07572280776 0.03664694588 0.001)
(-0.08042792471 0.02425203158 0.001)
(-0.007153162119 0.07382855079 0.001)
(-0.005529240685 0.07238909134 0.001)
(-0.009208022722 0.07299925601 0.001)
(-0.08782636481 -0.02231435985 0.001)
(-0.0855516482 -0.02156602979 0.001)
(-0.08499097446 -0.01926778343 0.001)
(-0.08602792951 -0.02391506474 0.001)
(-0.08368995069 -0.02275614379 0.001)
(-0.08386646542 -0.02540716833 0.001)
(-0.04781265161 0.0682038766 0.001)
(-0.04749632088 0.07059063681 0.001)
(-0.07400113111 0.03510452973 0.001)
(-0.05392030791 0.05439524658 0.001)
(-0.05403411563 0.05206184866 0.001)
(-0.05596271005 0.05316417944 0.001)
(-0.04653648329 0.06196302585 0.001)
(-0.09883581806 0.006986355119 0.001)
(-0.1008089501 0.008511280606 0.001)
(-0.09931963082 0.004625028942 0.001)
(-0.1003157967 0.01110546824 0.001)
(-0.1033221007 0.01043012601 0.001)
(-0.102008793 0.01389403762 0.001)
(-0.09751964318 0.003027726228 0.001)
(-0.09980433643 0.002268209143 0.001)
(-0.1018025999 0.004135913341 0.001)
(-0.1021616964 0.001174062101 0.001)
(-0.1037322229 0.006840621042 0.001)
(-0.006167265553 0.08089951723 0.001)
(-0.01665970406 0.08107680591 0.001)
(-0.01443512932 0.08199547376 0.001)
(0.0001918858319 0.08127104336 0.001)
(-0.08447951156 -0.03652882929 0.001)
(-0.08400702408 -0.0341611858 0.001)
(-0.0624041942 0.04992833687 0.001)
(-0.05095593409 -0.0721019926 0.001)
(-0.052819147 -0.07362682762 0.001)
(-0.09688496036 0.01641836954 0.001)
(-0.09922251194 0.01558583563 0.001)
(-0.05243073901 -0.07600158274 0.001)
(-0.01317104597 0.09154090205 0.001)
(-0.07124114716 0.0382585011 0.001)
(-0.03731951124 0.06802750455 0.001)
(0.002417044965 0.08219047594 0.001)
(0.0005082258957 0.08365778099 0.001)
(0.004642205092 0.08310990613 0.001)
(-0.07799829534 0.03588553326 0.001)
(-0.02811409948 0.08987853482 0.001)
(-0.01221006657 0.08291477645 0.001)
(-0.01411889293 0.08438211124 0.001)
(-0.058622122 0.06599348932 0.001)
(-0.0931461757 0.02424236688 0.001)
(-0.02431833227 0.07088400395 0.001)
(-0.09371129657 -0.01987621083 0.001)
(-0.0899185425 -0.001079907429 0.001)
(-0.06782514173 0.05996919309 0.001)
(-0.02778485565 0.07647904482 0.001)
(-0.09487688 0.02593247399 0.001)
(-0.09211932003 -0.001768805327 0.001)
(-0.02333043968 0.07831830197 0.001)
(-0.02524316193 0.07978510331 0.001)
(-0.09155778172 -0.03014824179 0.001)
(-0.08680851174 -0.006717813663 0.001)
(-0.02620462576 0.08841234658 0.001)
(-0.0840116471 0.02729902155 0.001)
(-0.03509943289 0.0847208778 0.001)
(0.009712754896 0.089712517 0.001)
(-0.02397938411 0.08933197007 0.001)
(-0.02366294201 0.09171888985 0.001)
(-0.04402776354 0.08100045218 0.001)
(-0.0869195514 -0.04827376086 0.001)
(-0.08767431306 -0.05086649436 0.001)
(-0.01762024419 0.08970350295 0.001)
(-0.07302884431 -0.06596176999 0.001)
(-0.07496176745 -0.06746928259 0.001)
(-0.07469926845 -0.07043768148 0.001)
(-0.07761936764 -0.06891899692 0.001)
(-0.0822200946 -0.06989343894 0.001)
(-0.08738822751 -0.07349316602 0.001)
(0.006867364958 0.08402933694 0.001)
(-0.06149919424 0.06033215352 0.001)
(-0.08194304956 0.04775685184 0.001)
(-0.08732362664 0.02182308456 0.001)
(-0.08778444814 0.01945950281 0.001)
(-0.0486478438 0.07909551472 0.001)
(-0.08187555444 -0.05549346134 0.001)
(-0.01126609334 0.09007381279 0.001)
(-0.07965835839 0.04851637518 0.001)
(-0.05919795106 -0.07347443202 0.001)
(-0.08901860928 -0.007350266765 0.001)
(0.003685536894 0.07599569402 0.001)
(-0.06692737197 0.04835889758 0.001)
(-0.01507894018 0.09300944945 0.001)
(-0.00998489636 0.0838341217 0.001)
(-0.04240248444 0.06141513657 0.001)
(-0.0007625630577 0.08989228261 0.001)
(-0.09072775945 -0.0364575484 0.001)
(-0.09307653161 -0.03713054406 0.001)
(-0.09335669032 -0.03932613449 0.001)
(-0.07461804624 0.05237769826 0.001)
(-0.05126290988 -0.08312912796 0.001)
(-0.04901060571 -0.08397990234 0.001)
(-0.04714766141 -0.08245473732 0.001)
(-0.04675830322 -0.0848306772 0.001)
(-0.05308056215 -0.08472789798 0.001)
(-0.04858452177 -0.08634982376 0.001)
(-0.04636282319 -0.08720561377 0.001)
(-0.04450497983 -0.08568128469 0.001)
(-0.04411545037 -0.08805719638 0.001)
(-0.04225360048 -0.08653221073 0.001)
(-0.04186412251 -0.08890813084 0.001)
(-0.04000134093 -0.0873829925 0.001)
(-0.03022513276 -0.0861715461 0.001)
(-0.02521922081 -0.09006260133 0.001)
(-0.03961198879 -0.08975893323 0.001)
(-0.02388246836 -0.09206504543 0.001)
(-0.02147992468 -0.09190860589 0.001)
(-0.02628501204 -0.09222148496 0.001)
(-0.03774359508 -0.08823285439 0.001)
(-0.03734557661 -0.09061127348 0.001)
(-0.03929830214 -0.09215926606 0.001)
(-0.0437060743 -0.09037777036 0.001)
(-0.02254571591 -0.09406748952 0.001)
(-0.02014317223 -0.09391104998 0.001)
(-0.03813752416 -0.08585768105 0.001)
(-0.03696605234 -0.09300891774 0.001)
(-0.03507784943 -0.09146044344 0.001)
(-0.03467819368 -0.09385590398 0.001)
(-0.03297404148 -0.09225630794 0.001)
(-0.0323846555 -0.09462345344 0.001)
(-0.02120896346 -0.09606993361 0.001)
(-0.01880641978 -0.09591349407 0.001)
(-0.02363055632 -0.09623908962 0.001)
(-0.01774062855 -0.09375461045 0.001)
(-0.0164038761 -0.09575705454 0.001)
(-0.01750162418 -0.09793727129 0.001)
(-0.0150724498 -0.09776305415 0.001)
(-0.01400222012 -0.09560120759 0.001)
(-0.01266561562 -0.09760375045 0.001)
(-0.0115991093 -0.09544438946 0.001)
(-0.01026226233 -0.09744677045 0.001)
(-0.00919633617 -0.09528779675 0.001)
(-0.007859545478 -0.09729021531 0.001)
(-0.006793725387 -0.09513131242 0.001)
(-0.005456961754 -0.09713374905 0.001)
(-0.004391163851 -0.09497486097 0.001)
(-0.003054408425 -0.09697730307 0.001)
(-0.001988615589 -0.09481841837 0.001)
(-0.0006518623752 -0.09682086195 0.001)
(0.0004139292485 -0.09466197806 0.001)
(0.001750681891 -0.09666442203 0.001)
(0.002816473217 -0.09450553833 0.001)
(0.004153225715 -0.09650798239 0.001)
(0.005219016968 -0.09434909875 0.001)
(0.006555769429 -0.09635154284 0.001)
(0.007621560663 -0.09419265921 0.001)
(0.008958313116 -0.0961951033 0.001)
(0.01002410435 -0.09403621967 0.001)
(0.02070010012 -0.0912515654 0.001)
(0.0113608568 -0.09603866376 0.001)
(0.02203704068 -0.09325399548 0.001)
(0.01963432035 -0.09341045503 0.001)
(0.01242664802 -0.09387978013 0.001)
(0.01376340047 -0.09588222423 0.001)
(-0.01154992103 -0.09966643404 0.001)
(-0.006560846086 -0.09931806212 0.001)
(-0.001717653476 -0.09897974549 0.001)
(0.003111643774 -0.09867881758 0.001)
(-0.01597962576 -0.1001282499 0.001)
(0.01267021393 -0.09805939588 0.001)
(0.0151251226 -0.09790229735 0.001)
(0.02097107471 -0.09541290012 0.001)
(0.02338402862 -0.09524962184 0.001)
(-0.008130473026 -0.09312886512 0.001)
(0.01829753846 -0.09140801427 0.001)
(0.007891592683 -0.09833971648 0.001)
(-0.03587568686 -0.08671028583 0.001)
(0.02224743231 -0.09746734251 0.001)
(-0.03882887952 -0.09488913612 0.001)
(0.01403436169 -0.1000435519 0.001)
(0.01661411873 -0.09997459857 0.001)
(0.01108989557 -0.09187733604 0.001)
(0.01349243925 -0.09172089651 0.001)
(0.003882264523 -0.09234665466 0.001)
(-0.0009228231348 -0.09265953393 0.001)
(-0.03891574882 -0.08110592072 0.001)
(-0.05546777533 -0.08384318072 0.001)
(-0.02762176448 -0.09021904087 0.001)
(0.02472701812 -0.09727902922 0.001)
(-0.05501944493 -0.08646153674 0.001)
(0.02583747951 -0.09505906462 0.001)
(-0.03336829052 -0.08994074752 0.001)
(0.02722906374 -0.09719817022 0.001)
(0.02842061512 -0.09492727 0.001)
(0.0115016693 -0.1003672383 0.001)
(0.01251682469 -0.1023672586 0.001)
(-0.04823188858 -0.08873178189 0.001)
(-0.02863156978 -0.09240556346 0.001)
(-0.02734147227 -0.09438497508 0.001)
(-0.02227475469 -0.09822881723 0.001)
(-0.0248113076 -0.09855694329 0.001)
(-0.01867996206 -0.1003444393 0.001)
(0.01856850191 -0.09556934316 0.001)
(-0.008401415065 -0.0889675246 0.001)
(-0.01293574257 -0.09344186581 0.001)
(-0.04077845661 -0.08263107967 0.001)
(-0.04303072094 -0.08178030413 0.001)
(-0.01801158978 -0.08959328273 0.001)
(-0.0363500903 -0.08434545814 0.001)
(-0.03713854335 -0.07969552458 0.001)
(-0.05240174291 -0.0873571515 0.001)
(-0.05779298339 -0.08541068553 0.001)
(-0.03453946164 -0.09654091266 0.001)
(-0.03147757373 -0.096956206 0.001)
(-0.0414598265 -0.09394517144 0.001)
(-0.04116856282 -0.09728261969 0.001)
(-0.05784059042 -0.08897544797 0.001)
(0.0232966477 -0.09927188222 0.001)
(-0.01709639847 -0.1029944954 0.001)
(0.02086459245 -0.09981941903 0.001)
(-0.0339422648 -0.08490225658 0.001)
(-0.02984159831 -0.09046901162 0.001)
(-0.04435231216 -0.09542731838 0.001)
(-0.01331131628 -0.1020866212 0.001)
(0.02259558596 -0.1025303201 0.001)
(0.03017662279 -0.09698390712 0.001)
(0.03099563918 -0.09467037797 0.001)
(0.009787183674 -0.1030929906 0.001)
(0.02952399732 -0.09271885988 0.001)
(-0.02983434159 -0.09460160801 0.001)
(-0.02852362166 -0.09671683858 0.001)
(-0.02978057601 -0.09950280841 0.001)
(0.02444046523 -0.09309751092 0.001)
(-0.03550356292 -0.08908860476 0.001)
(0.0121556868 -0.08971845242 0.001)
(0.009753143126 -0.08987489195 0.001)
(0.01455823048 -0.08956201288 0.001)
(0.01562402171 -0.08740312926 0.001)
(0.01617010811 -0.09572872253 0.001)
(0.0175026966 -0.09772822878 0.001)
(0.01723244058 -0.09356738876 0.001)
(0.01988521916 -0.09756883489 0.001)
(-0.0156090461 -0.0894368432 0.001)
(0.01081893435 -0.08771600833 0.001)
(-0.01080395874 -0.08912396413 0.001)
(-0.01186978353 -0.09128287016 0.001)
(-0.03676759476 -0.08199051248 0.001)
(-0.03463286664 -0.08046478051 0.001)
(-0.04341038848 -0.07940381168 0.001)
(-0.02041413345 -0.08974972227 0.001)
(-0.003325367823 -0.09281597414 0.001)
(-0.002259575537 -0.09065708981 0.001)
(-0.004662119207 -0.09081352933 0.001)
(0.0001429683164 -0.09050065015 0.001)
(-0.005727918652 -0.09297241844 0.001)
(-0.007064667272 -0.0909699718 0.001)
(-0.01533826639 -0.09359829208 0.001)
(0.01028768355 -0.09819719584 0.001)
(0.0006889254585 -0.09882529763 0.001)
(0.001929550328 -0.1009750702 0.001)
(0.0045453195 -0.1008233781 0.001)
(0.003056776836 -0.103023096 0.001)
(0.0001853271595 -0.1031431475 0.001)
(0.002048335503 -0.1066645477 0.001)
(-0.004126550252 -0.0991404261 0.001)
(-0.005064466817 -0.1016286729 0.001)
(-0.007750967634 -0.1017615211 0.001)
(-0.006597932517 -0.1040684376 0.001)
(-0.009764833037 -0.1046495055 0.001)
(-0.03605418471 0.07757453633 0.001)
(-0.08631353537 0.02653408697 0.001)
(-0.09848852454 -0.001620813245 0.001)
(-0.08761451366 -0.04201631376 0.001)
(0.004003988969 0.07834570674 0.001)
(0.04235510749 0.08406504205 0.001)
(0.004958536664 0.08549666432 0.001)
(-0.005998872208 -0.08881108561 0.001)
(0.001479720711 -0.09250309428 0.001)
(0.002545512048 -0.09034421058 0.001)
(0.00494805576 -0.09018777103 0.001)
(0.003611303312 -0.08818532693 0.001)
(-0.01730394463 0.0920902226 0.001)
(0.005498158119 -0.09851055939 0.001)
(-0.002989517733 0.08897163794 0.001)
(-0.004905712952 0.09043182147 0.001)
(-0.08451529203 0.02496132147 0.001)
(-0.09107549696 0.01399357355 0.001)
(-0.08843103926 0.01445583638 0.001)
(-0.02494987929 -0.09422681621 0.001)
(-0.09910616783 -0.0150734897 0.001)
(-0.05800103912 0.05745754591 0.001)
(-0.005850913768 0.0832862265 0.001)
(-0.06911443021 0.06616773895 0.001)
(-0.02715328777 0.0812522922 0.001)
(-0.06466475979 0.06800769319 0.001)
(-0.07321732463 -0.05481170322 0.001)
(-0.08661612431 0.009629859303 0.001)
(-0.08760436691 0.01189747406 0.001)
(-0.08125805251 -0.04210740266 0.001)
(-0.03065269752 0.08656883137 0.001)
(0.00628480821 -0.09219021512 0.001)
(-0.08684620507 -0.01760951083 0.001)
(-0.08456094319 -0.01693406032 0.001)
(-0.08644758409 -0.01533354232 0.001)
(-0.05671328918 0.06452616291 0.001)
(-0.08665022109 0.03520090807 0.001)
(-0.09641027308 0.01877090531 0.001)
(-0.020478066 0.08401055287 0.001)
(-0.07751401839 0.03824396069 0.001)
(-0.04753697846 -0.08007878167 0.001)
(-0.03954295665 0.0828655689 0.001)
(-0.08062750156 0.04379956944 0.001)
(-0.03160386749 0.07941340404 0.001)
(-0.05076736322 -0.08556479999 0.001)
(-0.01116695286 0.07441169163 0.001)
(-0.04176983204 0.06618864514 0.001)
(-0.05830564548 0.06837989497 0.001)
(-0.01475073781 0.0796096531 0.001)
(-0.06555545283 -0.07327260207 0.001)
(-0.06752858341 -0.07483636589 0.001)
(-0.06709679757 -0.07762071397 0.001)
(-0.07015994268 -0.076541332 0.001)
(-0.06903126639 -0.07959040145 0.001)
(-0.07371822306 -0.07939881456 0.001)
(-0.06571792517 -0.08070911158 0.001)
(-0.06945865574 -0.0843053307 0.001)
(-0.06180392401 0.0736717605 0.001)
(-0.0615285267 0.0758229862 0.001)
(-0.06369109904 0.07512987652 0.001)
(-0.0569476255 -0.07432907678 0.001)
(-0.03795216655 0.06325399286 0.001)
(0.004322971988 0.08072546586 0.001)
(-0.0865108802 -0.02627155115 0.001)
(0.007350599445 -0.09003133149 0.001)
(-0.08820441315 -0.01366540506 0.001)
(-0.08041785482 -0.04841593615 0.001)
(-0.07813316157 -0.04765641901 0.001)
(-0.07764857604 -0.04529805802 0.001)
(-0.06339401878 0.06177806786 0.001)
(-0.04567080441 -0.0785530837 0.001)
(-0.05578771047 -0.08143505086 0.001)
(-0.07148915861 0.04683745076 0.001)
(-0.0742580074 0.04371975988 0.001)
(0.01187985496 0.09052951223 0.001)
(0.01322219473 0.08441132203 0.001)
(0.01510620224 0.08300406473 0.001)
(-0.08353501483 0.02964940394 0.001)
(0.01767110982 0.08624166453 0.001)
(-0.07633305363 -0.04925526656 0.001)
(-0.07404836061 -0.04849574571 0.001)
(-0.0900471531 0.01869745865 0.001)
(-0.04039029767 -0.08500702456 0.001)
(-0.09537318435 -0.007245044287 0.001)
(0.0065492461 0.08164347479 0.001)
(-0.06913405382 -0.05563620417 0.001)
(-0.09788291443 0.01174728772 0.001)
(-0.05385466281 0.07021715169 0.001)
(-0.04489490674 -0.08330547719 0.001)
(-0.08553845213 -0.05232150606 0.001)
(-0.08339677943 0.04068168967 0.001)
(0.01936332478 -0.0892491312 0.001)
(-0.09405766216 -0.01120224908 0.001)
(-0.05512721174 -0.07292062681 0.001)
(-0.07487929726 -0.04218017998 0.001)
(0.003683749908 0.09173733373 0.001)
(-0.02079003144 0.09743347541 0.001)
(-0.03160787963 -0.08423378175 0.001)
(-0.08879710355 0.04547822309 0.001)
(-0.09109600226 0.04495329923 0.001)
(-0.08831251802 0.04783658403 0.001)
(-0.08809578395 0.003427771084 0.001)
(-0.09037141881 0.003739316397 0.001)
(-0.05639679087 0.06691250623 0.001)
(-0.08824263575 0.01709808217 0.001)
(-0.09322672299 -0.01751782069 0.001)
(-0.00839242666 0.07998008942 0.001)
(-0.06783102815 -0.07243023274 0.001)
(-0.07958757528 -0.05473190994 0.001)
(-0.002840675397 0.0729248905 0.001)
(-0.0802814364 0.03512566607 0.001)
(-0.07899196848 -0.04135044573 0.001)
(0.008687351894 -0.09203377558 0.001)
(-0.08291219462 0.04304005199 0.001)
(-0.03854838706 -0.08348740811 0.001)
(-0.02079392542 0.08162398837 0.001)
(-0.008076061237 0.08236676771 0.001)
(-0.08570480742 -0.03258223426 0.001)
(-0.02301819589 0.08070468548 0.001)
(-0.02746870236 0.07886564038 0.001)
(-0.03192019541 0.07702664684 0.001)
(-0.04528191007 -0.08092936595 0.001)
(-0.002642213954 0.07557109008 0.001)
(-0.08348122759 -0.03175456561 0.001)
(-0.02492811663 0.08217173784 0.001)
(-0.07719638495 0.02970305323 0.001)
(-0.07377349353 0.04607808963 0.001)
(-0.042642599 -0.08415625796 0.001)
(0.00647704861 0.09720698662 0.001)
(-0.077165644 -0.04295029466 0.001)
(-0.08976626912 0.04076148205 0.001)
(-0.08242761357 0.04539842622 0.001)
(-0.02969461484 0.07794614862 0.001)
(-0.06740392765 0.04599831114 0.001)
(-0.01888318905 0.08015890174 0.001)
(-0.02655605924 -0.08806019703 0.001)
(0.01734775536 0.08386991638 0.001)
(0.01667891368 0.08153636451 0.001)
(-0.09550505392 -0.01827022206 0.001)
(-0.08021929732 0.01929497035 0.001)
(-0.03414535602 0.07610721492 0.001)
(-0.09585776988 -0.009603405224 0.001)
(-0.08422772426 0.04699727896 0.001)
(-0.04431132141 0.06288245752 0.001)
(-0.04685279464 0.05957627373 0.001)
(-0.03637051659 0.07518778018 0.001)
(-0.06968862091 0.04523879405 0.001)
(-0.06514178568 0.04677908913 0.001)
(-0.02891646388 -0.08822512495 0.001)
(-0.06376696502 0.05950361852 0.001)
(-0.04272945915 0.07481574736 0.001)
(-0.05257929887 0.06397826245 0.001)
(-0.08990766775 -0.04269939555 0.001)
(-0.09104012075 -0.04571942376 0.001)
(-0.08094386349 0.02178779421 0.001)
(0.00177670793 0.09320065836 0.001)
(-0.03859567758 0.07426835118 0.001)
(0.01802656654 -0.08724668929 0.001)
(-0.01053310848 -0.09328536592 0.001)
(-0.019077381 -0.09175216636 0.001)
(-0.04876162152 0.06104362188 0.001)
(-0.0430458856 0.0724292188 0.001)
(-0.052895581 0.06159156493 0.001)
(-0.04050443833 0.07573551477 0.001)
(-0.04907784952 0.05865698111 0.001)
(-0.09816053962 -0.0103713565 0.001)
(-0.04208615912 0.06380188972 0.001)
(-0.03142260812 -0.08848508699 0.001)
(0.01795849887 0.07805931134 0.001)
(-0.0452710619 0.07150982775 0.001)
(-0.04940515049 0.07205796737 0.001)
(-0.0544881013 0.06544552256 0.001)
(-0.04717839795 0.07297354367 0.001)
(-0.09787035139 -0.01881738203 0.001)
(0.01920338522 0.08204582305 0.001)
(-0.05194650684 0.06875145144 0.001)
(-0.08603225104 0.04860941573 0.001)
(-0.05417162986 0.06783193261 0.001)
(-0.04972145877 0.06967115281 0.001)
(-0.03986099892 0.0647213193 0.001)
(-0.001193784096 -0.08849820604 0.001)
(-0.03763584109 0.06564074585 0.001)
(-0.01427231172 -0.09143929935 0.001)
(-0.01667487059 -0.09159574903 0.001)
(-0.03541068175 0.06656017388 0.001)
(0.008416390676 -0.08787244786 0.001)
(0.01483000323 -0.09372391152 0.001)
(-0.009467234354 -0.09112642695 0.001)
(0.01589511291 -0.09156454672 0.001)
(0.01696079915 -0.08940558727 0.001)
(-0.03064840899 0.07078611822 0.001)
(-0.03286919067 0.06986636375 0.001)
(-0.03350233372 0.06509239776 0.001)
(-0.03318668672 0.06747914368 0.001)
(0.01982292921 0.07952796843 0.001)
(0.02554154084 -0.09093802487 0.001)
(0.02553542233 0.08398361381 0.001)
(0.02363987331 0.0825057889 0.001)
(0.03462247779 0.0938647775 0.001)
(-0.03033972893 0.08894890207 0.001)
(-0.005606734942 0.09901427909 0.001)
(0.03974549796 0.087284859 0.001)
(-0.01063101828 0.09484439952 0.001)
(-0.05330702436 -0.07112521781 0.001)
(0.05657633569 0.08032365624 0.001)
(-0.1631905095 0.0211669524 0.001)
(0.04436968216 0.09679452004 0.001)
(-0.01095206761 0.09245973733 0.001)
(0.04199440305 0.08637910721 0.001)
(-0.08599858473 -0.002011955082 0.001)
(-0.08943233153 0.03198500396 0.001)
(-0.06879330293 0.06854616558 0.001)
(-0.0739587884 0.05940547888 0.001)
(-0.007121459067 0.08951346936 0.001)
(-0.0004523993275 0.0922650035 0.001)
(-0.08951487733 0.001395631157 0.001)
(0.0364015806 0.1119521652 0.001)
(0.02930039116 0.1159647095 0.001)
(0.01145528147 0.1154790319 0.001)
(0.05005356382 0.0970180269 0.001)
(0.05811231607 0.09531952926 0.001)
(-0.009049544302 0.09099289322 0.001)
(-0.09334332102 -0.02854995786 0.001)
(-0.07369683693 -0.07428669386 0.001)
(0.01284265971 0.07963837123 0.001)
(-0.03373105188 -0.08754008368 0.001)
(-0.07558559887 0.02478840806 0.001)
(-0.004589520455 0.09280691228 0.001)
(0.0576442326 0.08259369328 0.001)
(0.06043636954 0.08280059845 0.001)
(0.05838124661 0.08568876991 0.001)
(0.06182304087 0.08516153466 0.001)
(0.06391068787 0.08226273251 0.001)
(0.06561870156 0.08706400786 0.001)
(0.06861934043 0.08130582689 0.001)
(0.07246324555 0.08647209781 0.001)
(0.06933285774 0.09356597879 0.001)
(0.07464999128 0.07980479039 0.001)
(0.07031487867 0.07620996771 0.001)
(0.07691558696 0.07492535718 0.001)
(0.06940133831 0.06863097561 0.001)
(0.07371117275 0.0717043398 0.001)
(0.07777500278 0.07053836582 0.001)
(0.08112177107 0.07306109383 0.001)
(0.08163393863 0.0678056729 0.001)
(0.07857895439 0.06535257118 0.001)
(0.0835939903 0.0640491029 0.001)
(0.07942508709 0.06099465305 0.001)
(0.07875861174 0.05461387141 0.001)
(0.07532038699 0.0674043367 0.001)
(0.08724359244 0.0731713787 0.001)
(0.07864953229 0.0928969794 0.001)
(0.06698610541 0.07738858167 0.001)
(0.08729876846 0.06608851482 0.001)
(0.08009536419 0.05261142732 0.001)
(0.08116249508 0.05476964958 0.001)
(0.07982452917 0.05677413568 0.001)
(0.08222816312 0.0569299927 0.001)
(0.08356730204 0.05492577191 0.001)
(0.08455760049 0.05674037033 0.001)
(0.0808701076 0.05894557295 0.001)
(0.08249790786 0.05276786685 0.001)
(0.08383342305 0.05076459682 0.001)
(0.08276866288 0.04860640149 0.001)
(0.08517648275 0.04876019637 0.001)
(0.08620292804 0.05089306633 0.001)
(0.08758855503 0.04891400648 0.001)
(0.08410643225 0.04660360853 0.001)
(0.08650816521 0.04676053458 0.001)
(0.08784007519 0.04475485788 0.001)
(0.08677832161 0.04259867179 0.001)
(0.08918072992 0.04275502013 0.001)
(0.09051826688 0.04075309961 0.001)
(0.08996737392 0.0448771138 0.001)
(0.08945017147 0.03859583113 0.001)
(0.09185517501 0.03875075821 0.001)
(0.09303840775 0.04068064191 0.001)
(0.07070432594 0.06660599146 0.001)
(0.07185382929 0.0689280799 0.001)
(0.07049774921 0.07082347201 0.001)
(0.07742188032 0.05661654561 0.001)
(0.06806967935 0.07063901529 0.001)
(0.07846293485 0.05878788502 0.001)
(0.06912514876 0.07298796356 0.001)
(0.08486151712 0.05289500356 0.001)
(0.07711505519 0.06076863429 0.001)
(0.07474238058 0.0606197022 0.001)
(0.07578742917 0.06276300757 0.001)
(0.07340132931 0.06261733035 0.001)
(0.07434940106 0.06479924686 0.001)
(-0.07233720226 -0.07077997236 0.001)
(-0.08765486087 0.05022339782 0.001)
(0.04345873254 0.08996680334 0.001)
(-0.03256783278 0.08802046303 0.001)
(-0.03479303658 0.08708836373 0.001)
(0.02696379039 -0.09293080077 0.001)
(-0.08822871415 0.1132352238 0.001)
(-0.08345041191 0.1349120231 0.001)
(-0.09252951316 0.006845232025 0.001)
(-0.07288067887 0.02884830035 0.001)
(-0.002677451607 0.09134758708 0.001)
(0.002107148197 0.09556531611 0.001)
(-0.07084075249 0.07011458295 0.001)
(-0.008925283851 -0.09944906366 0.001)
(-0.0137157857 -0.09944962196 0.001)
(-0.05652908543 0.049497485 0.001)
(-0.03700907407 0.08615541636 0.001)
(-0.01767028686 0.1019394767 0.001)
(-0.0001372291642 0.09463408256 0.001)
(0.002496839307 0.0979025528 0.001)
(-0.03001356948 0.09658475829 0.001)
(-0.1004788451 -0.01108596264 0.001)
(-0.06059862893 0.0568227352 0.001)
(-0.07672206776 -0.04046851837 0.001)
(-0.09194726287 0.009203232455 0.001)
(-0.09172236361 0.04272084693 0.001)
(-0.08550197114 0.05095880233 0.001)
(-0.07240468969 0.05311336089 0.001)
(-0.03923315039 0.08521412736 0.001)
(0.04364269675 0.09279700732 0.001)
(-0.09699148108 -0.1079771806 0.001)
(-0.08153926625 -0.03341036699 0.001)
(-0.09556518667 -0.02930282528 0.001)
(-0.1016810247 -0.0280860808 0.001)
(-0.09591491778 -0.03176103441 0.001)
(-0.09676176621 -0.03411277724 0.001)
(-0.06755849404 -0.06135131908 0.001)
(-0.05743437347 -0.08268077536 0.001)
(-0.06007203178 -0.0821329857 0.001)
(-0.06141396319 -0.08549723992 0.001)
(-0.06054591762 -0.09568904701 0.001)
(-0.04147497736 -0.09128410549 0.001)
(0.05336221403 0.09154590582 0.001)
(0.001205420252 0.06710939055 0.001)
(0.003386464607 0.06752122931 0.001)
(0.07323226466 -0.06748800766 0.001)
(0.07570329719 -0.06724288891 0.001)
(0.07658038383 -0.06487657063 0.001)
(0.07815738458 -0.06657245964 0.001)
(0.07945919192 -0.06386918412 0.001)
(0.08152207225 -0.06685226653 0.001)
(0.07770910647 -0.0699110624 0.001)
(0.08347112863 -0.06248278227 0.001)
(0.08607406458 -0.06721088579 0.001)
(0.08853836416 -0.06225808859 0.001)
(0.08542291379 -0.05891512456 0.001)
(0.08968520929 -0.05691496989 0.001)
(0.08750529689 -0.05407466016 0.001)
(0.09003207665 -0.05238206738 0.001)
(0.08851299718 -0.0495988281 0.001)
(0.09221545673 -0.04924871779 0.001)
(0.09430759638 -0.04326573519 0.001)
(0.0847177874 -0.05108629518 0.001)
(0.08055428819 -0.06064889858 0.001)
(0.08297339944 -0.05481925315 0.001)
(0.09513221816 -0.05436870443 0.001)
(0.09216427424 -0.06689585512 0.001)
(0.08839792618 -0.07332283393 0.001)
(0.09538427607 -0.04019289318 0.001)
(0.09769426624 -0.04326855615 0.001)
(0.08961577201 -0.0468643045 0.001)
(0.08204335992 -0.07160985329 0.001)
(0.08697878295 -0.04751907087 0.001)
(0.09753701371 -0.07341210709 0.001)
(0.09240738435 -0.04572640507 0.001)
(0.08804304315 -0.04380481172 0.001)
(0.07492433583 -0.06302391673 0.001)
(0.04712677439 0.07967346202 0.001)
(0.001674829618 0.06016415819 0.001)
(0.02791389161 0.09654175 0.001)
(0.08906559107 0.04691310428 0.001)
(0.09013918016 0.04910608598 0.001)
(-0.08351524383 -0.02074664952 0.001)
(-0.0414521707 0.08426589861 0.001)
(-0.07363888447 0.003762849195 0.001)
(0.04733978093 0.03804841222 0.001)
(-0.016611215 0.06893817869 0.001)
(-0.009458680683 0.0511901814 0.001)
(-0.03498077304 -0.06704227213 0.001)
(0.09595756047 0.04219504267 0.001)
(0.06418401991 0.07690196747 0.001)
(0.06539108724 0.07463831233 0.001)
(0.06770900982 0.07477213727 0.001)
(0.0613808299 0.0806456446 0.001)
(-0.05211621016 0.05062860595 0.001)
(0.05600392737 -0.07621380125 0.001)
(-0.03753874007 -0.09810000709 0.001)
(-0.06415485979 0.00583732282 0.001)
(-0.02484574033 0.06649306653 0.001)
(-0.03371344506 -0.09969597468 0.001)
(-0.03086721005 -0.103715078 0.001)
(0.04362825206 0.03859010805 0.001)
(-0.08621083888 0.01350447917 0.001)
(-0.06215336741 -0.06792640787 0.001)
(-0.05951541957 -0.002396904601 0.001)
(-0.02605750645 -0.09642299615 0.001)
(0.005376971072 0.07180967476 0.001)
(-0.05887837025 0.01592999892 0.001)
(-0.07525147322 0.06811136178 0.001)
(-0.09142361337 0.04754533118 0.001)
(0.07128733657 -0.07209869351 0.001)
(0.07401332247 -0.07283720062 0.001)
(-0.06027212632 -0.07972603018 0.001)
(-0.0647767338 -0.07802448112 0.001)
(-0.02209509439 0.07209626838 0.001)
(-0.009642860613 -0.05366216965 0.001)
(-0.006493811195 0.07034922557 0.001)
(0.01465541195 -0.05196829328 0.001)
(-0.07086767948 0.07754176284 0.001)
(-0.07081037276 0.08145273385 0.001)
(0.02986574084 0.05327015408 0.001)
(-0.03122196418 -0.05068966299 0.001)
(0.02385081478 -0.1074615218 0.001)
(-0.04318673145 -0.0448349794 0.001)
(-0.01988374348 -0.09807754061 0.001)
(0.06067869383 0.08941836797 0.001)
(0.03036273993 -0.09054122523 0.001)
(0.008042079272 0.05138326431 0.001)
(-0.09839978039 0.02998687929 0.001)
(0.07827601739 -0.06142382439 0.001)
(0.07849926041 -0.05917315127 0.001)
(0.08068752728 -0.05803359554 0.001)
(-0.09836802443 0.01768729974 0.001)
(-0.1009793367 0.01738932283 0.001)
(-0.1047870685 0.01676092711 0.001)
(0.09326414208 -0.03846846385 0.001)
(0.09447087681 -0.03621549192 0.001)
(-0.06263899957 0.08310724461 0.001)
(0.09371504456 0.06878133258 0.001)
(-0.02210768069 0.1770449779 0.001)
(0.02147723645 0.08343811064 0.001)
(-0.1354606223 -0.05504547603 0.001)
(0.02334067485 0.09908192442 0.001)
(-0.09921871107 -0.02366181011 0.001)
(-0.07987334921 0.05716323249 0.001)
(-0.08306332066 -0.02943161708 0.001)
(-0.08442697966 -0.05637367308 0.001)
(-0.0003394589156 -0.1006123779 0.001)
(0.0103191236 0.09423174838 0.001)
(0.05375048802 -0.005690518274 0.001)
(-0.0696707008 -0.07394699253 0.001)
(0.09572508027 -0.01940734838 0.001)
(0.03954574501 -0.03979269474 0.001)
(-0.1070277736 0.009487954701 0.001)
(0.02231951689 0.0903638829 0.001)
(-0.05691239661 0.02201914701 0.001)
(-0.04371567461 0.08331731861 0.001)
(-0.0823525054 -0.01630643163 0.001)
(-0.06082066701 0.09193953631 0.001)
(0.05527526483 0.01117659138 0.001)
(0.01928720356 0.09679486784 0.001)
(-0.05153076585 -0.01700040057 0.001)
(0.009013082385 -0.1419860304 0.001)
(0.003387505953 0.07367041449 0.001)
(0.03414073293 0.04729121016 0.001)
(-0.04603690133 0.0824010578 0.001)
(-0.04599530653 -0.08962730052 0.001)
(-0.04803141191 -0.09127779881 0.001)
(-0.0509731002 -0.09036659472 0.001)
(-0.09411911603 0.04532362485 0.001)
(-0.09173502782 0.0310371001 0.001)
(-0.01112005065 0.05291213046 0.001)
(0.05693816116 -0.07411474449 0.001)
(0.03187783949 -0.09254961899 0.001)
(0.03421098822 -0.09227275153 0.001)
(0.03878364426 -0.09224838228 0.001)
(0.04034756238 -0.09489585175 0.001)
(0.03733064264 -0.09466577974 0.001)
(0.04361721914 -0.09416829434 0.001)
(0.03750489661 -0.09011895235 0.001)
(0.04630242739 -0.0957445208 0.001)
(0.03513113869 -0.09019788287 0.001)
(-0.02026954991 -0.05225682674 0.001)
(0.04362492809 -0.09177161607 0.001)
(-0.06066273474 -0.0003456133486 0.001)
(0.009234135866 0.07173628381 0.001)
(0.1812860284 0.04218253811 0.001)
(-0.02715845187 0.09697210591 0.001)
(0.06865135694 -0.05147279819 0.001)
(0.04229541635 -0.03355905342 0.001)
(-0.03303886189 -0.05225247658 0.001)
(-0.08987632575 -0.1489251713 0.001)
(-0.007421420403 0.0578756277 0.001)
(0.08639964249 -0.04308816676 0.001)
(0.201966927 0.1293651866 0.001)
(-0.01475216548 -0.1061458439 0.001)
(-0.01027793634 -0.1104494923 0.001)
(0.03754567974 0.0445058626 0.001)
(-0.01634503 0.09914536494 0.001)
(0.09654075256 -0.04761729416 0.001)
(0.1008668105 -0.05190975316 0.001)
(-0.04862340018 0.03593513865 0.001)
(-0.06226790906 -0.04232458742 0.001)
(-0.1080183576 -0.0001628266789 0.001)
(0.09157517478 -0.03235017848 0.001)
(-0.06590336683 0.05868193598 0.001)
(-0.06292537063 0.04762965161 0.001)
(-0.04140918947 -0.0349817987 0.001)
(0.02921642088 -0.0996979406 0.001)
(0.03644055875 -0.09219834105 0.001)
(0.06607315507 -0.07990553896 0.001)
(0.03280845856 -0.04289711155 0.001)
(-0.07753263647 -0.07213357318 0.001)
(-0.0525884371 0.03438378634 0.001)
(-0.07511013497 0.0004358288995 0.001)
(-0.01214949262 0.1008228243 0.001)
(-0.1080327762 0.02626875562 0.001)
(-0.1012067444 -0.01355574921 0.001)
(-0.06345600004 -0.05804601119 0.001)
(-0.01755045043 0.07387588315 0.001)
(-0.02337376055 -0.1009980593 0.001)
(0.09982780971 -0.01084055218 0.001)
(-0.02063805861 -0.1031684714 0.001)
(-0.09200519525 0.06460128612 0.001)
(-0.05128239586 -0.02978876129 0.001)
(-0.08398422426 0.01345246651 0.001)
(0.02439003283 -0.04589882946 0.001)
(-0.002671871703 0.05841199743 0.001)
(-0.1526880927 0.07531616581 0.001)
(0.03331897616 -0.09431034953 0.001)
(-0.08390676866 -0.01212198584 0.001)
(-0.08582826028 -0.05462391557 0.001)
(-0.002551925778 -0.1012310796 0.001)
(-0.1014113428 0.02121349034 0.001)
(-0.004001093738 0.07041841504 0.001)
(0.1095835576 0.003098974514 0.001)
(-0.0508793381 0.08039970367 0.001)
(0.09281973359 -0.03440736202 0.001)
(0.09331886517 -0.06037078105 0.001)
(-0.03932806591 0.09752846688 0.001)
(-0.03557172266 -0.078052965 0.001)
(-0.06326782186 -0.04723479541 0.001)
(-0.06312458158 -0.0002185713758 0.001)
(-0.0528292973 -0.01131602322 0.001)
(-0.06032130391 0.04816791433 0.001)
(0.05106855947 0.01756884102 0.001)
(-0.03486560676 -0.05381835942 0.001)
(0.09215658603 0.043377476 0.001)
(-0.07816452576 0.06010080652 0.001)
(-0.08163078364 -0.02363816865 0.001)
(-0.03807096286 0.04779705282 0.001)
(-0.07704298301 0.02292617308 0.001)
(0.04962277191 -0.09324073256 0.001)
(0.07474826182 -0.06935974748 0.001)
(0.05790082441 -0.07193215318 0.001)
(-0.08114147234 -0.02835113025 0.001)
(0.04682356325 0.08687008345 0.001)
(0.006248138215 -0.1034167196 0.001)
(0.101573972 -0.04576546234 0.001)
(-0.03673967518 -0.04243590071 0.001)
(-0.07429771951 -0.06155603672 0.001)
(-0.06811213642 0.03426368331 0.001)
(0.04992953375 0.07172725713 0.001)
(-0.1008998444 0.00621983981 0.001)
(-0.066940675 0.002222545505 0.001)
(0.00426608783 0.06952366094 0.001)
(-0.003500422252 0.1445077441 0.001)
(-0.09986047846 6.247252205e-05 0.001)
(-0.1040720757 -0.00150052579 0.001)
(-0.1026515484 -0.007163359203 0.001)
(-0.1061309964 -0.009207080904 0.001)
(-0.04856077711 -0.09555262313 0.001)
(0.0320412689 -0.1029879743 0.001)
(-0.0730535098 0.07184687828 0.001)
(0.07666672679 -0.05822159093 0.001)
(-0.04464328787 -0.03033329463 0.001)
(-0.0297321054 -0.04240170114 0.001)
(-0.04846955638 0.08138754564 0.001)
(-0.03056587494 -0.06353135433 0.001)
(0.007197997864 -0.100726738 0.001)
(0.01270088316 -0.105680523 0.001)
(0.05553787152 0.007154147262 0.001)
(-0.01979549192 0.05960410831 0.001)
(0.05721569118 0.1214213812 0.001)
(-0.0993602111 0.0132809416 0.001)
(0.04019418317 0.05613951593 0.001)
(-0.1047115296 -0.01363251903 0.001)
(-0.09213208614 0.02874666755 0.001)
(-0.0592264585 -0.02519993236 0.001)
(0.01196042352 -0.05251272058 0.001)
(-0.0009200769686 0.06265175252 0.001)
(-0.08162465193 0.05881952219 0.001)
(0.004730368363 0.09865818233 0.001)
(-0.06564138169 -5.316904443e-05 0.001)
(0.03302100749 0.05564750017 0.001)
(-0.06502358733 0.008760049284 0.001)
(-0.03495964535 -0.1085383442 0.001)
(-0.05923456745 0.04567459067 0.001)
(-0.07212449216 0.05539785364 0.001)
(-0.01549033438 -0.1690666414 0.001)
(-0.05737705276 -0.03838655967 0.001)
(-0.0869729998 0.06577521561 0.001)
(-0.03678855696 -0.05540129908 0.001)
(0.05059832288 -0.08721832184 0.001)
(0.05294376932 -0.09053960395 0.001)
(-0.08619342409 0.0180668007 0.001)
(-0.03332225947 0.09665532754 0.001)
(0.04020309437 0.04202160214 0.001)
(-0.09839779167 0.03332355188 0.001)
(0.08615267114 0.05488869668 0.001)
(0.09830340951 -0.01913137377 0.001)
(0.1113345878 0.2337470991 0.001)
(0.09523161495 0.3147116231 0.001)
(-0.03810846961 0.09476333371 0.001)
(-0.005879726405 0.05620247184 0.001)
(0.008415177625 0.09989766523 0.001)
(-0.07969345318 -0.06673066178 0.001)
(0.009851243165 0.07650897696 0.001)
(-0.09546803696 0.03930105353 0.001)
(-0.07437965753 -0.001706468531 0.001)
(0.08441192838 0.1048846067 0.001)
(-0.03654892806 -0.09540760265 0.001)
(-0.02674653518 -0.1010604051 0.001)
(0.009333225414 -0.1001447758 0.001)
(-0.00507659115 0.05825008455 0.001)
(-0.05095595527 -0.06012169627 0.001)
(-0.04301462448 0.09303498613 0.001)
(0.04365633558 -0.03135048663 0.001)
(-0.08793903768 0.05261299545 0.001)
(-0.0345462201 -0.07203287485 0.001)
(0.09310016509 0.03679361509 0.001)
(0.09220045708 0.03473832527 0.001)
(-0.08063836018 -0.03744309379 0.001)
(-0.144187449 -0.07198431152 0.001)
(-0.1018357071 -0.01616936841 0.001)
(-0.003258492484 -0.1048162413 0.001)
(0.08383359668 0.05891144713 0.001)
(0.08595860083 0.06158064049 0.001)
(0.04135621649 0.09399660065 0.001)
(0.06907625588 -0.09503258356 0.001)
(-0.0450232696 0.09167475781 0.001)
(-0.04598460715 0.09458518712 0.001)
(-0.05047257082 0.09817313579 0.001)
(-0.05151798289 -0.004996747935 0.001)
(0.1640035162 0.1648573738 0.001)
(-0.06187874606 0.07958185121 0.001)
(0.1075693713 0.02548500636 0.001)
(0.1072470016 0.03208101608 0.001)
(0.05886285534 -0.06975462163 0.001)
(-0.05945598751 -0.04801339184 0.001)
(-0.06800102269 -0.05924847786 0.001)
(-0.03715552087 0.04448467701 0.001)
(-0.03876808874 0.04581478007 0.001)
(0.1002963785 -0.01512522562 0.001)
(0.07304429051 0.06697504676 0.001)
(-0.06928344007 0.03671886947 0.001)
(-0.05112887345 0.03628182183 0.001)
(0.06358135103 -0.0792572089 0.001)
(-0.03862409322 -0.05691032838 0.001)
(-0.08857694057 -0.04672544252 0.001)
(0.009522729399 -0.0529632296 0.001)
(0.008078306392 0.05764342367 0.001)
(0.0948137425 0.03078388782 0.001)
(-0.05415590273 -0.1001197357 0.001)
(0.09113790973 -0.1003890829 0.001)
(0.04752949757 0.0755607543 0.001)
(-0.030827619 -0.09261978899 0.001)
(-0.03256219247 0.0544962497 0.001)
(0.01463717179 0.08107519242 0.001)
(-0.05837413247 -0.06133741292 0.001)
(-0.05635688412 -0.06258554194 0.001)
(0.01304066057 0.05522426768 0.001)
(-0.05614869282 0.003641204388 0.001)
(-0.02433625748 -0.05524444927 0.001)
(0.05274117408 -0.007969196045 0.001)
(-0.1386544825 -0.03822993744 0.001)
(-0.06297759418 -0.08176833456 0.001)
(-0.08959243192 0.01245956945 0.001)
(-0.0444165113 0.04738911055 0.001)
(0.08229884094 0.06134787357 0.001)
(-0.0506811511 -0.038225762 0.001)
(-0.04193436497 -0.140730277 0.001)
(-0.04237722417 0.1382956877 0.001)
(0.08113027359 0.07897546929 0.001)
(0.07793671128 0.06295681832 0.001)
(-0.07046204406 -0.01549302772 0.001)
(-0.1019617551 0.03505842036 0.001)
(-0.1007309792 0.03992049608 0.001)
(0.08763532859 0.05772638862 0.001)
(-0.06201273141 0.0416381408 0.001)
(-0.04787170696 -0.06190011662 0.001)
(-0.08448613412 -0.05875807922 0.001)
(-0.05573537594 0.07855397951 0.001)
(-0.07173800206 0.0360084704 0.001)
(-0.07390588656 0.05680563346 0.001)
(0.03260454722 0.04870878651 0.001)
(-0.08243131066 0.02364094195 0.001)
(-0.0827579932 -0.05997257512 0.001)
(0.05223048795 -0.01418353149 0.001)
(0.05053095275 0.0669712675 0.001)
(-0.08048581107 0.01099730961 0.001)
(-0.07852673558 -0.0115512135 0.001)
(0.09859342295 -0.02767404985 0.001)
(0.1048387966 -0.02564353676 0.001)
(0.1115273709 -0.03000132028 0.001)
(0.002298076105 0.0579680553 0.001)
(-0.0526970516 0.07684071795 0.001)
(-0.0729596302 -0.01179859631 0.001)
(-0.03575532756 0.0491161866 0.001)
(0.1079178133 -0.02027194299 0.001)
(-0.0700856678 -0.01767350415 0.001)
(-0.06779297259 -0.01872633804 0.001)
(-0.07013262077 0.07486571048 0.001)
(-0.06714488688 -0.06621383357 0.001)
(-0.07177462233 -0.03707259883 0.001)
(0.09905956806 -0.03938549458 0.001)
(0.1026620513 -0.03619520723 0.001)
(-0.05711444156 0.01374726693 0.001)
(-0.02230227293 0.07009813038 0.001)
(-0.0650992013 0.03794642174 0.001)
(-0.03810622148 -0.07449511033 0.001)
(-0.06313204996 0.07751122152 0.001)
(-0.06532946535 -0.0224745132 0.001)
(-0.0602254607 -0.0333838506 0.001)
(-0.08529928153 0.02267692055 0.001)
(0.158384511 0.2119831018 0.001)
(-0.06042474873 -0.0525240307 0.001)
(0.059869662 -0.06754770111 0.001)
(-0.04089627146 -0.0562643101 0.001)
(-0.08781060564 -0.0005583184792 0.001)
(-0.02024878997 0.09989475101 0.001)
(-0.02028648948 0.1052809706 0.001)
(0.02042262686 0.09856264397 0.001)
(0.077978385 -0.07393217345 0.001)
(-0.02562081685 -0.05878257858 0.001)
(-0.08775652011 -0.05305284822 0.001)
(-0.05833404255 0.007517258645 0.001)
(-0.05452743672 -0.02508884701 0.001)
(0.03576563379 0.05795858349 0.001)
(0.0297616808 -0.04514729705 0.001)
(-0.04923318891 0.0899635102 0.001)
(-0.02708820154 -0.09841331411 0.001)
(-0.06514275926 -0.0373889825 0.001)
(-0.02857424987 0.1094067942 0.001)
(-0.01334163038 -0.05202012867 0.001)
(0.08821832789 -0.08215796224 0.001)
(0.08676166333 -0.09147022665 0.001)
(-0.09398368391 0.02789143375 0.001)
(0.02349009758 0.0847349819 0.001)
(0.05357120626 0.002679637844 0.001)
(0.05073170416 -0.01185232812 0.001)
(0.04154595436 -0.04025417619 0.001)
(-0.0575171534 0.01762748452 0.001)
(-0.03493502706 -0.08283581968 0.001)
(-0.02028535891 0.05726947482 0.001)
(-0.08179131324 0.01325223126 0.001)
(-0.08346999996 -0.009865338893 0.001)
(-0.08290081569 -0.007400906004 0.001)
(-0.09925029517 -0.02611241201 0.001)
(0.01216638885 0.09277466724 0.001)
(-0.05946187189 -0.315684362 0.001)
(0.08725616955 -0.04552588127 0.001)
(0.08438212466 -0.04753500219 0.001)
(0.0833603396 -0.04951008425 0.001)
(0.08260338368 -0.05195310213 0.001)
(0.08089253083 -0.04976897087 0.001)
(0.08109515847 -0.05363374444 0.001)
(0.07874047094 -0.05395522579 0.001)
(0.08041028328 -0.05583896601 0.001)
(0.08498535278 -0.05317144784 0.001)
(0.08581042751 -0.04933364844 0.001)
(-0.06768840058 0.3074652536 0.001)
(0.04052219233 0.09668296309 0.001)
(0.03750844452 0.09710024055 0.001)
(-0.05006047034 -0.06467075222 0.001)
(0.02228668449 0.0925791718 0.001)
(0.007508284424 0.07119687009 0.001)
(-0.1020682588 0.02981690125 0.001)
(-0.09189599732 -0.04108981269 0.001)
(-0.02332357486 0.06456169045 0.001)
(0.06532543286 0.07953318296 0.001)
(0.01445940914 0.09343919268 0.001)
(-0.04294237341 -0.05776503949 0.001)
(0.05310990076 0.06363581004 0.001)
(0.100079419 0.02229298583 0.001)
(-0.06025386537 0.08647757915 0.001)
(-0.07550935405 0.02840071116 0.001)
(0.04983006479 0.05637342475 0.001)
(0.03255306026 -0.0961896926 0.001)
(0.03497778687 -0.09602043765 0.001)
(0.03813500181 -0.0979890517 0.001)
(0.03676910526 -0.1021738648 0.001)
(0.1087558614 -0.05121832669 0.001)
(-0.06069319423 0.01459998049 0.001)
(0.03626798417 0.04776220565 0.001)
(-0.05725570656 0.07515921657 0.001)
(0.1016041623 0.001063100346 0.001)
(-0.007821887413 -0.0532125039 0.001)
(-0.1198186022 -0.04137946397 0.001)
(-0.04776861265 0.1044607607 0.001)
(0.001283411513 0.07299352737 0.001)
(0.1246620614 -0.1535737229 0.001)
(0.2617005842 -0.009665676652 0.001)
(0.2170081591 -0.01745859026 0.001)
(0.08057792044 0.06375111532 0.001)
(-0.09411624678 0.04207769738 0.001)
(0.00590364515 0.1088395471 0.001)
(0.05622354851 0.08443207749 0.001)
(-0.07527590082 0.007766247111 0.001)
(0.02570694383 -0.09985146278 0.001)
(0.1573085086 -0.06104366844 0.001)
(0.1910547763 -0.07336598911 0.001)
(-0.06407071069 -0.06742107616 0.001)
(-0.03227389803 -0.08611352037 0.001)
(-0.08436637403 -0.003134758093 0.001)
(0.05358447605 0.2538507246 0.001)
(0.1086940003 -0.197172793 0.001)
(-0.09100819051 0.005568065565 0.001)
(0.01073667143 0.09636918573 0.001)
(-0.0407337222 0.04288773003 0.001)
(-0.01134235836 0.07184908595 0.001)
(0.04592413882 0.05823616782 0.001)
(-0.07598559011 0.05855046241 0.001)
(0.04908399311 0.1371332761 0.001)
(0.07332826348 -0.07724978498 0.001)
(0.09486680037 0.07795822925 0.001)
(0.03105697619 0.05165253638 0.001)
(0.01010514281 0.05915144505 0.001)
(-0.1547974051 -0.0265640151 0.001)
(-0.05848920093 0.04953468585 0.001)
(0.001666100289 -0.1120425517 0.001)
(0.04245771484 0.0421151929 0.001)
(-0.07824872203 0.01084458162 0.001)
(0.06086067591 -0.0653507976 0.001)
(-0.07235374395 -0.09019963274 0.001)
(-0.1712101441 -0.0762516758 0.001)
(-0.08434990645 -0.01471740689 0.001)
(-0.0335838445 -0.06558710674 0.001)
(-0.1189140388 -0.1028896671 0.001)
(-0.1409569806 -0.1282013896 0.001)
(-0.03552802477 0.05151456242 0.001)
(-0.05407546759 -0.08919054767 0.001)
(-0.05152880878 -4.830908405e-05 0.001)
(0.0731540756 0.1004197342 0.001)
(0.06487834601 0.09938757894 0.001)
(-0.08520416887 0.07745461041 0.001)
(0.1002409812 -0.02577518706 0.001)
(-0.06114183958 0.1430247106 0.001)
(-0.0450578427 -0.05693860334 0.001)
(0.05953482564 -0.08490364397 0.001)
(0.0561760154 -0.08769007188 0.001)
(-0.01383150542 0.07142459138 0.001)
(-0.07498794665 -0.06518569745 0.001)
(-0.01026046437 -0.1015226291 0.001)
(-0.1012425981 -0.02164793971 0.001)
(-0.02845790772 0.05395201949 0.001)
(-0.005692713807 -0.05598015123 0.001)
(0.04294758979 -0.03727696335 0.001)
(0.05393854466 -0.00163568373 0.001)
(0.09511735901 -0.03417363317 0.001)
(0.00857420195 0.09787994831 0.001)
(-0.07891462827 0.07525604598 0.001)
(-0.09449441086 -0.03538181562 0.001)
(0.09571232152 0.03330627525 0.001)
(-0.04776426338 0.03410594659 0.001)
(-0.0486886646 0.04815475925 0.001)
(0.0826230312 -0.05931160782 0.001)
(0.04485671401 -0.02946619382 0.001)
(-0.06380696472 -0.05998288066 0.001)
(-0.1200574456 0.05998143344 0.001)
(0.05001645803 0.01975052733 0.001)
(-0.05215923733 -0.01336234449 0.001)
(-0.1078829495 0.1483597123 0.001)
(0.09293672613 0.05167928074 0.001)
(0.0924745721 0.05617956471 0.001)
(-0.1336308239 0.3312601885 0.001)
(-0.007515707145 0.07197326409 0.001)
(-0.0444787269 -0.0405139404 0.001)
(-0.07084506649 0.03028619943 0.001)
(0.03588398433 -0.1267752995 0.001)
(0.2692858068 0.05858482215 0.001)
(-0.07473713035 -0.03572446154 0.001)
(0.008516384437 -0.05490514392 0.001)
(-0.02261413281 0.1560092967 0.001)
(0.01630438322 0.09208887807 0.001)
(-0.1251563214 -0.01557551294 0.001)
(-0.08253091233 -0.03574147651 0.001)
(-0.08283751796 -0.0274529039 0.001)
(-0.003450288599 0.0994272087 0.001)
(0.09217017141 0.04707363568 0.001)
(-0.004112847052 0.105029087 0.001)
(-0.001489974981 0.1082380641 0.001)
(0.04332716607 0.08779979469 0.001)
(0.1104234129 -0.03666598234 0.001)
(0.1165278705 -0.04464114233 0.001)
(-0.04564169913 -0.09245306192 0.001)
(0.1121739626 -0.06398800901 0.001)
(-0.09026649902 0.05531994831 0.001)
(-0.0539284641 0.08827052669 0.001)
(-0.05315826563 -0.03119820167 0.001)
(0.09906460723 0.01644807865 0.001)
(-0.09882962474 0.047575066 0.001)
(-0.02097005588 -0.1001634656 0.001)
(-0.06222703195 0.05823048795 0.001)
(-0.09531496863 0.05011464918 0.001)
(0.02700348901 0.09996458241 0.001)
(-0.04332543584 -0.03190621926 0.001)
(0.0741190974 0.06936160657 0.001)
(-0.05208638658 0.0486147281 0.001)
(-0.07330091035 0.07494692852 0.001)
(-0.05864400323 -0.06542183665 0.001)
(-0.06057892913 -0.04154800922 0.001)
(-0.08156880835 -0.02119419435 0.001)
(-0.01371070271 0.1031241031 0.001)
(0.04857130292 0.08151091706 0.001)
(0.1550830356 -0.03715062473 0.001)
(0.00255527652 0.06574383601 0.001)
(-0.08201538085 -0.01140464902 0.001)
(-0.04258261347 0.09561938714 0.001)
(0.1156840177 -0.01747684335 0.001)
(0.1112004962 0.02113706987 0.001)
(-0.09259630779 0.07788019544 0.001)
(-0.01849184502 0.05568889075 0.001)
(-0.178163598 0.09249801807 0.001)
(0.05366439534 0.05893663794 0.001)
(0.06189392437 -0.06314460001 0.001)
(-0.06426112041 0.05775707806 0.001)
(-0.1047131345 0.003054565628 0.001)
(0.08554157444 -0.05581385029 0.001)
(0.03169565979 0.1085529127 0.001)
(-0.04706168182 -0.05623735399 0.001)
(0.04898388087 -0.01595933784 0.001)
(0.07146530467 0.073256909 0.001)
(0.07354176421 0.0748758789 0.001)
(-0.05774854535 0.05376572521 0.001)
(-0.02340273425 -0.1079170115 0.001)
(-0.1047443657 0.04899748385 0.001)
(1.853045913 -0.2528936574 0.001)
(-0.05019172334 -0.08767403037 0.001)
(0.01412321587 0.1082079988 0.001)
(-0.05590250039 0.05133930277 0.001)
(0.005253737513 0.113888524 0.001)
(-0.001612693429 0.1147626606 0.001)
(0.0519199886 0.01269557631 0.001)
(0.08294312157 -0.05712206623 0.001)
(0.07690513988 -0.06281987106 0.001)
(0.08884647844 0.05128003887 0.001)
(-0.07922138721 0.08416800746 0.001)
(0.03572797231 -0.04041406751 0.001)
(0.01865310127 -0.09944658516 0.001)
(0.0186549066 -0.101689302 0.001)
(-0.05885640116 -0.1229414033 0.001)
(1.859254314 0.2609140303 0.001)
(-0.0283565512 -0.04575785865 0.001)
(0.0689569608 -0.1034292586 0.001)
(0.01776270937 0.1508131058 0.001)
(-0.06125250028 0.009957496357 0.001)
(-0.1095082501 0.01985555961 0.001)
(-0.004576290282 0.05482182543 0.001)
(0.0199021032 -0.1127620546 0.001)
(-0.04030689937 -0.1632754987 0.001)
(0.07921489085 0.0854962446 0.001)
(-0.08341244442 0.06065392303 0.001)
(-0.05946365094 0.07653568191 0.001)
(-0.0725981452 -0.06049019192 0.001)
(-0.1076248206 0.03789134374 0.001)
(0.04533349487 0.0378849094 0.001)
(-0.02962833552 -0.06192998992 0.001)
(-0.05873863216 0.02072602753 0.001)
(-0.1016774501 0.04442983684 0.001)
(0.006103227043 -0.05517321686 0.001)
(-0.09883626436 0.1037976246 0.001)
(-0.03569342733 0.05333106988 0.001)
(0.07661035084 0.06519097207 0.001)
(0.04818097972 0.08581277472 0.001)
(0.03525579053 -0.0938935319 0.001)
(-0.06906696949 0.09223187672 0.001)
(-0.07103978172 0.08702039735 0.001)
(0.07838079118 0.1252841665 0.001)
(-0.07891204764 0.02303473511 0.001)
(1.678445611 0.0846063138 0.001)
(-0.01800259399 -0.05267757129 0.001)
(-0.101595279 -0.06918233132 0.001)
(-0.1283446292 0.1195212046 0.001)
(0.03044290487 0.04789480599 0.001)
(-0.04282709934 -0.1063729065 0.001)
(-0.02422719616 0.1052328839 0.001)
(-0.08762562134 0.05755379542 0.001)
(-0.0957911327 -0.06341636178 0.001)
(-0.04868547143 -0.05766931726 0.001)
(0.001839444754 0.1060166582 0.001)
(-0.01582877292 0.07065140704 0.001)
(-0.03511456383 -0.04362790872 0.001)
(0.05718648613 -0.1211855598 0.001)
(-0.05308680255 -0.006509399655 0.001)
(-0.06971629828 -0.01369485497 0.001)
(0.09878334584 -0.01700365255 0.001)
(0.01831915404 0.09285018648 0.001)
(-0.03497664258 0.04377951742 0.001)
(0.00525410042 0.067829178 0.001)
(0.02401061846 -0.0477798223 0.001)
(0.06365403881 0.09342861651 0.001)
(-0.06724849157 -0.1802510864 0.001)
(0.06958688006 -0.0798342373 0.001)
(0.0233629487 0.08671893348 0.001)
(-0.07081115912 -0.001942672994 0.001)
(-0.07956903681 -0.08127563165 0.001)
(-0.03767991024 -0.07782971211 0.001)
(0.01324284928 -0.1115703714 0.001)
(1.102597212 0.2867968887 0.001)
(-0.008007409419 0.2415751487 0.001)
(0.1224170437 0.06185927732 0.001)
(-0.05432233265 -0.03716324019 0.001)
(-0.07628563861 0.01079599207 0.001)
(-0.1123210592 0.04265286811 0.001)
(0.01078039607 0.1007011542 0.001)
(0.06271358085 -0.06107255357 0.001)
(-0.05838747821 0.09896544492 0.001)
(-0.07488552775 0.1670246194 0.001)
(0.1610361984 0.01792227778 0.001)
(0.1879381333 0.001171333931 0.001)
(-0.04008337383 0.04709707583 0.001)
(0.2203608463 0.0786079636 0.001)
(0.01186535282 -0.163725929 0.001)
(-0.05574182531 -0.07097640638 0.001)
(0.01939477457 -0.0523182979 0.001)
(-0.01072942817 0.06973071233 0.001)
(0.1222327747 -0.008902582259 0.001)
(-0.09936758284 -0.01718058721 0.001)
(0.01197240493 0.07788347207 0.001)
(-0.09507900721 -0.04161471844 0.001)
(-0.09511024695 -0.04543852524 0.001)
(-0.0532383101 0.02368463647 0.001)
(-0.0557820308 0.02402823919 0.001)
(0.0005347976096 -0.0555623398 0.001)
(-0.1319143985 0.01695796415 0.001)
(0.01793336618 0.0800009135 0.001)
(-0.07524595284 0.1162199806 0.001)
(-0.06524229806 0.05475134712 0.001)
(-0.1124766076 0.009202300551 0.001)
(1.300144767 0.0801718619 0.001)
(-0.1051998211 0.01286864093 0.001)
(0.04558741806 -0.1187281779 0.001)
(0.1207756934 -0.0253078004 0.001)
(0.05681242379 -0.09191047551 0.001)
(0.02114214354 -0.04942997034 0.001)
(-0.007323636653 -0.1076149992 0.001)
(0.01539060372 -0.1026738493 0.001)
(1.500383682 0.2871674058 0.001)
(-0.0553064504 0.005493990797 0.001)
(0.04331729762 -0.09765888972 0.001)
(0.01098819139 0.07225474101 0.001)
(0.03647244874 0.09493437639 0.001)
(-7.052918148e-06 0.06088516258 0.001)
(0.2083169301 -0.102419612 0.001)
(-0.0792434102 -0.09168548956 0.001)
(-0.03610688822 0.1107234667 0.001)
(0.03826192119 -0.1393391045 0.001)
(-0.06500221635 -0.08480960254 0.001)
(0.1596371328 -0.1396296588 0.001)
(0.07776588413 0.06771068166 0.001)
(0.01093701283 0.1234174781 0.001)
(-0.04994366669 -0.02517585648 0.001)
(-0.01303021275 -0.1166928239 0.001)
(0.1076422885 -0.009519365873 0.001)
(-0.07963303877 0.05900389848 0.001)
(-0.04944820067 -0.06639868424 0.001)
(-0.09007819807 -0.1246740114 0.001)
(0.08692732307 -0.05160782452 0.001)
(-0.06226648315 -0.03444648586 0.001)
(-0.000589563646 0.07236095747 0.001)
(0.3725336483 -0.03973343783 0.001)
(0.02492075661 -0.1347675905 0.001)
(-0.09991592013 -0.0352225241 0.001)
(-0.06732679076 0.03802019178 0.001)
(-0.03172249431 -0.09089963443 0.001)
(0.07902875398 -0.057353389 0.001)
(-0.07493935019 -0.01154193298 0.001)
(-0.02745884079 -0.1340251207 0.001)
(-0.06146607774 -0.0469207296 0.001)
(0.1040167447 0.08328785545 0.001)
(0.120962423 0.08681635962 0.001)
(-0.05305981062 0.1282576632 0.001)
(-0.06702505959 0.08295607013 0.001)
(-0.08583465946 -0.0001499888141 0.001)
(0.0478392112 0.07195555932 0.001)
(-0.004072056119 -0.0554785797 0.001)
(0.01371941459 0.05325098296 0.001)
(0.05089992968 -0.008183023683 0.001)
(-0.02533421685 0.06884862424 0.001)
(-0.001973543982 -0.05799599252 0.001)
(-0.04148558812 -0.04356020693 0.001)
(0.08979872428 -0.04451282723 0.001)
(-0.02575331725 0.1144229152 0.001)
(-0.004048591882 -0.1168791398 0.001)
(-0.05904778485 -0.05687629832 0.001)
(0.03077354813 -0.04357067003 0.001)
(0.3183458484 -0.1674458547 0.001)
(0.06989502236 -0.07667381226 0.001)
(0.04807618279 -0.01814491682 0.001)
(0.02038417173 0.09536565688 0.001)
(0.1237878711 0.008667666481 0.001)
(-0.08038620588 -0.0108720575 0.001)
(0.0414114209 0.05781107612 0.001)
(0.04377087362 0.04046781945 0.001)
(-0.01308213345 0.1184900031 0.001)
(-0.04408926334 -0.1001464413 0.001)
(-0.09575519219 0.05562257884 0.001)
(0.1148611724 0.05498275593 0.001)
(0.006685575217 0.09914763419 0.001)
(-0.1116092385 0.002900630141 0.001)
(-0.03146223115 0.05314523604 0.001)
(-0.06118375356 -0.02481942245 0.001)
(-0.1050250399 -0.02744004509 0.001)
(-0.0593629557 0.009043531071 0.001)
(0.0567220765 0.08980103196 0.001)
(0.1221961439 0.02340258679 0.001)
(-0.08497507218 -0.006414660758 0.001)
(0.2968404936 0.18222503 0.001)
(-0.02858901459 -0.1077439191 0.001)
(-0.04024230085 -0.1008231012 0.001)
(0.02034475373 0.09366175168 0.001)
(0.05476464963 0.009190251792 0.001)
(-0.0682230194 -0.02113351237 0.001)
(-0.1391662252 0.2724917298 0.001)
(0.111177879 -0.09043733419 0.001)
(0.08703783633 0.0528201221 0.001)
(-0.04332697789 -0.09269748552 0.001)
(-0.05506666156 -0.06462405001 0.001)
(-0.1130185925 -0.07445153918 0.001)
(-0.1271718896 -0.08224586744 0.001)
(-0.1114439178 -0.04537840699 0.001)
(0.2334333907 -0.2857364477 0.001)
(-0.04906247669 -0.03940023727 0.001)
(-0.05120725693 -0.06799432201 0.001)
(0.0300805212 -0.1076270976 0.001)
(-0.07657328158 0.006665526352 0.001)
(0.08869821487 -0.04223307514 0.001)
(0.004012690093 -0.05545415079 0.001)
(-0.06978029964 -0.0001007906375 0.001)
(-0.01888431279 -0.1063688668 0.001)
(-0.09166371929 0.002349830922 0.001)
(0.3921259504 -0.2302559884 0.001)
(-0.1020000625 -0.009570279924 0.001)
(0.04666781944 0.07737611758 0.001)
(-0.06839928987 -0.03623281154 0.001)
(-0.01676765526 0.05427251896 0.001)
(-0.09941602555 -0.03986564993 0.001)
(-0.07619861153 0.02648304937 0.001)
(-0.1137743176 0.01670300155 0.001)
(-0.0109698184 -0.05222496702 0.001)
(-0.1439140328 0.04042746985 0.001)
(-0.0243107573 -0.05708254262 0.001)
(0.09878461795 0.04997435526 0.001)
(0.06864116622 -0.04975286093 0.001)
(-0.06126667548 0.07774879558 0.001)
(0.004353648421 0.05754723525 0.001)
(0.436461581 0.2825278577 0.001)
(-0.1107760818 0.04821359225 0.001)
(0.0391458703 0.04364384123 0.001)
(0.04664527835 0.09391096885 0.001)
(-0.03586102648 0.09827399225 0.001)
(-0.1197624212 -0.1512460251 0.001)
(0.03762071235 0.04620661596 0.001)
(-0.0554133737 -0.135123617 0.001)
(0.09632311901 -0.03784790878 0.001)
(0.04931643044 -0.02009751636 0.001)
(-0.05629385701 -0.06859012958 0.001)
(0.2567487099 0.3079682123 0.001)
(0.008765275195 0.07005915942 0.001)
(0.009351799334 0.1105778597 0.001)
(0.02281016817 0.112095683 0.001)
(0.04830050636 -0.02227761575 0.001)
(-0.05567423417 0.01205292691 0.001)
(0.03316737844 0.2137657169 0.001)
(-0.05686445938 0.02595422077 0.001)
(0.03111469417 0.05505268397 0.001)
(-0.1321416487 0.09261273868 0.001)
(0.04907559929 0.02173081136 0.001)
(-0.09441036212 -0.07507300618 0.001)
)


// ************************************************************************* //
