/*--------------------------------*- C++ -*----------------------------------*\
| =========                 |                                                 |
| \\      /  F ield         | OpenFOAM: The Open Source CFD Toolbox           |
|  \\    /   O peration     | Version:  2412                                  |
|   \\  /    A nd           | Website:  www.openfoam.com                      |
|    \\/     M anipulation  |                                                 |
\*---------------------------------------------------------------------------*/
FoamFile
{
    version     2.0;
    format      ascii;
    arch        "LSB;label=32;scalar=64";
    class       vectorField;
    location    "constant/polyMesh";
    object      points;
}
// * * * * * * * * * * * * * * * * * * * * * * * * * * * * * * * * * * * * * //


4502
(
(-0.1 0.05 0)
(0 0.05 0)
(0 0 0)
(0.2 0 0)
(0.2 0.1 0)
(-0.1 0.1 0)
(-0.1 0.05 0.001)
(0 0.05 0.001)
(0 0 0.001)
(0.2 0 0.001)
(0.2 0.1 0.001)
(-0.1 0.1 0.001)
(-0.09625052403 0.05 0)
(-0.09270532154 0.05 0)
(-0.08902537883 0.05 0)
(-0.08522907371 0.05 0)
(-0.08163730105 0.05 0)
(-0.07803010024 0.05 0)
(-0.07422935887 0.05 0)
(-0.07056445438 0.05 0)
(-0.06701333156 0.05 0)
(-0.063250482 0.05 0)
(-0.05951535432 0.05 0)
(-0.05597401315 0.05 0)
(-0.05227919793 0.05 0)
(-0.04848924063 0.05 0)
(-0.0449111542 0.05 0)
(-0.04128839548 0.05 0)
(-0.03748507241 0.05 0)
(-0.03383533193 0.05 0)
(-0.03027622449 0.05 0)
(-0.02650189562 0.05 0)
(-0.0227812847 0.05 0)
(-0.01924173338 0.05 0)
(-0.01553214404 0.05 0)
(-0.01198761937 0.05 0)
(-0.008842522302 0.05 0)
(-0.006125658128 0.05 0)
(-0.003778718932 0.05 0)
(-0.001751336432 0.05 0)
(0 0.04833333333 0)
(0 0.04666666667 0)
(0 0.045 0)
(0 0.04333333333 0)
(0 0.04166666667 0)
(0 0.04 0)
(0 0.03833333333 0)
(0 0.03666666667 0)
(0 0.035 0)
(0 0.03333333333 0)
(0 0.03166666667 0)
(0 0.03 0)
(0 0.02833333333 0)
(0 0.02666666667 0)
(0 0.025 0)
(0 0.02333333333 0)
(0 0.02166666667 0)
(0 0.02 0)
(0 0.01833333333 0)
(0 0.01666666667 0)
(0 0.015 0)
(0 0.01333333333 0)
(0 0.01166666667 0)
(0 0.01 0)
(0 0.008333333333 0)
(0 0.006666666667 0)
(0 0.005 0)
(0 0.003333333333 0)
(0 0.001666666667 0)
(0.001661308996 0 0)
(0.003322617992 0 0)
(0.004983926988 0 0)
(0.006645235984 0 0)
(0.008306544979 0 0)
(0.009967853975 0 0)
(0.01162916297 0 0)
(0.01329047197 0 0)
(0.01495178096 0 0)
(0.0169150534 0 0)
(0.01966556113 0 0)
(0.02291707173 0 0)
(0.02642097817 0 0)
(0.03019206393 0 0)
(0.03383049041 0 0)
(0.03817654327 0 0)
(0.04212243029 0 0)
(0.0460878563 0 0)
(0.05070754242 0 0)
(0.05433089451 0 0)
(0.05890579772 0 0)
(0.06294901268 0 0)
(0.066828886 0 0)
(0.0714891159 0 0)
(0.075123709 0 0)
(0.07963335287 0 0)
(0.08377040961 0 0)
(0.08757702681 0 0)
(0.09226445438 0 0)
(0.09592247989 0 0)
(0.1003534417 0 0)
(0.1045864452 0 0)
(0.1083320612 0 0)
(0.1130333299 0 0)
(0.11672698 0 0)
(0.1210658205 0 0)
(0.1253970223 0 0)
(0.1290938721 0 0)
(0.1337956402 0 0)
(0.137537101 0 0)
(0.1417775337 0 0)
(0.1462019365 0 0)
(0.1498622406 0 0)
(0.1545511814 0 0)
(0.1583527028 0 0)
(0.1624969763 0 0)
(0.1670011126 0 0)
(0.1706370738 0 0)
(0.1752998645 0 0)
(0.1791737306 0 0)
(0.1832240457 0 0)
(0.1877944678 0 0)
(0.1914182715 0 0)
(0.1960415531 0 0)
(0.2 0.003862568771 0)
(0.2 0.009254263917 0)
(0.2 0.01678044085 0)
(0.2 0.02728596503 0)
(0.2 0.04186456896 0)
(0.2 0.05813543104 0)
(0.2 0.07271403497 0)
(0.2 0.08321955915 0)
(0.2 0.09074573608 0)
(0.2 0.09613743123 0)
(0.196030606 0.1 0)
(0.190588846 0.1 0)
(0.1859228149 0.1 0)
(0.1822903705 0.1 0)
(0.1775397634 0.1 0)
(0.172146082 0.1 0)
(0.1682441921 0.1 0)
(0.164202837 0.1 0)
(0.1587226136 0.1 0)
(0.1541396664 0.1 0)
(0.1504997507 0.1 0)
(0.1456630202 0.1 0)
(0.1403270773 0.1 0)
(0.1364851461 0.1 0)
(0.1323705123 0.1 0)
(0.1268614479 0.1 0)
(0.1223601197 0.1 0)
(0.1187052741 0.1 0)
(0.1137808814 0.1 0)
(0.1085123688 0.1 0)
(0.1047228704 0.1 0)
(0.1005336442 0.1 0)
(0.09500535886 0.1 0)
(0.09058417316 0.1 0)
(0.08690691423 0.1 0)
(0.08189327281 0.1 0)
(0.07670187579 0.1 0)
(0.07295728532 0.1 0)
(0.06869211988 0.1 0)
(0.06315421526 0.1 0)
(0.0588117249 0.1 0)
(0.05510454495 0.1 0)
(0.05 0.1 0)
(0.04489545505 0.1 0)
(0.0411882751 0.1 0)
(0.03684578474 0.1 0)
(0.03130788012 0.1 0)
(0.02704271468 0.1 0)
(0.02329812421 0.1 0)
(0.01810672719 0.1 0)
(0.01309308577 0.1 0)
(0.009415826843 0.1 0)
(0.004994641135 0.1 0)
(-0.000533644185 0.1 0)
(-0.004722870416 0.1 0)
(-0.00851236882 0.1 0)
(-0.01378088141 0.1 0)
(-0.01870527415 0.1 0)
(-0.0223601197 0.1 0)
(-0.02686144787 0.1 0)
(-0.03237051227 0.1 0)
(-0.03648514614 0.1 0)
(-0.04032707731 0.1 0)
(-0.04566302015 0.1 0)
(-0.05049975073 0.1 0)
(-0.05413966638 0.1 0)
(-0.05872261355 0.1 0)
(-0.06420283702 0.1 0)
(-0.06824419215 0.1 0)
(-0.07214608198 0.1 0)
(-0.07753976339 0.1 0)
(-0.08229037054 0.1 0)
(-0.08592281491 0.1 0)
(-0.09058884597 0.1 0)
(-0.09603060598 0.1 0)
(-0.1 0.09635259548 0)
(-0.1 0.09134168006 0)
(-0.1 0.08445753086 0)
(-0.1 0.075 0)
(-0.1 0.06554246914 0)
(-0.1 0.05865831994 0)
(-0.1 0.05364740452 0)
(-0.09625052403 0.05 0.001)
(-0.09270532154 0.05 0.001)
(-0.08902537883 0.05 0.001)
(-0.08522907371 0.05 0.001)
(-0.08163730105 0.05 0.001)
(-0.07803010024 0.05 0.001)
(-0.07422935887 0.05 0.001)
(-0.07056445438 0.05 0.001)
(-0.06701333156 0.05 0.001)
(-0.063250482 0.05 0.001)
(-0.05951535432 0.05 0.001)
(-0.05597401315 0.05 0.001)
(-0.05227919793 0.05 0.001)
(-0.04848924063 0.05 0.001)
(-0.0449111542 0.05 0.001)
(-0.04128839548 0.05 0.001)
(-0.03748507241 0.05 0.001)
(-0.03383533193 0.05 0.001)
(-0.03027622449 0.05 0.001)
(-0.02650189562 0.05 0.001)
(-0.0227812847 0.05 0.001)
(-0.01924173338 0.05 0.001)
(-0.01553214404 0.05 0.001)
(-0.01198761937 0.05 0.001)
(-0.008842522302 0.05 0.001)
(-0.006125658128 0.05 0.001)
(-0.003778718932 0.05 0.001)
(-0.001751336432 0.05 0.001)
(0 0.04833333333 0.001)
(0 0.04666666667 0.001)
(0 0.045 0.001)
(0 0.04333333333 0.001)
(0 0.04166666667 0.001)
(0 0.04 0.001)
(0 0.03833333333 0.001)
(0 0.03666666667 0.001)
(0 0.035 0.001)
(0 0.03333333333 0.001)
(0 0.03166666667 0.001)
(0 0.03 0.001)
(0 0.02833333333 0.001)
(0 0.02666666667 0.001)
(0 0.025 0.001)
(0 0.02333333333 0.001)
(0 0.02166666667 0.001)
(0 0.02 0.001)
(0 0.01833333333 0.001)
(0 0.01666666667 0.001)
(0 0.015 0.001)
(0 0.01333333333 0.001)
(0 0.01166666667 0.001)
(0 0.01 0.001)
(0 0.008333333333 0.001)
(0 0.006666666667 0.001)
(0 0.005 0.001)
(0 0.003333333333 0.001)
(0 0.001666666667 0.001)
(0.001661308996 0 0.001)
(0.003322617992 0 0.001)
(0.004983926988 0 0.001)
(0.006645235984 0 0.001)
(0.008306544979 0 0.001)
(0.009967853975 0 0.001)
(0.01162916297 0 0.001)
(0.01329047197 0 0.001)
(0.01495178096 0 0.001)
(0.0169150534 0 0.001)
(0.01966556113 0 0.001)
(0.02291707173 0 0.001)
(0.02642097817 0 0.001)
(0.03019206393 0 0.001)
(0.03383049041 0 0.001)
(0.03817654327 0 0.001)
(0.04212243029 0 0.001)
(0.0460878563 0 0.001)
(0.05070754242 0 0.001)
(0.05433089451 0 0.001)
(0.05890579772 0 0.001)
(0.06294901268 0 0.001)
(0.066828886 0 0.001)
(0.0714891159 0 0.001)
(0.075123709 0 0.001)
(0.07963335287 0 0.001)
(0.08377040961 0 0.001)
(0.08757702681 0 0.001)
(0.09226445438 0 0.001)
(0.09592247989 0 0.001)
(0.1003534417 0 0.001)
(0.1045864452 0 0.001)
(0.1083320612 0 0.001)
(0.1130333299 0 0.001)
(0.11672698 0 0.001)
(0.1210658205 0 0.001)
(0.1253970223 0 0.001)
(0.1290938721 0 0.001)
(0.1337956402 0 0.001)
(0.137537101 0 0.001)
(0.1417775337 0 0.001)
(0.1462019365 0 0.001)
(0.1498622406 0 0.001)
(0.1545511814 0 0.001)
(0.1583527028 0 0.001)
(0.1624969763 0 0.001)
(0.1670011126 0 0.001)
(0.1706370738 0 0.001)
(0.1752998645 0 0.001)
(0.1791737306 0 0.001)
(0.1832240457 0 0.001)
(0.1877944678 0 0.001)
(0.1914182715 0 0.001)
(0.1960415531 0 0.001)
(0.2 0.003862568771 0.001)
(0.2 0.009254263917 0.001)
(0.2 0.01678044085 0.001)
(0.2 0.02728596503 0.001)
(0.2 0.04186456896 0.001)
(0.2 0.05813543104 0.001)
(0.2 0.07271403497 0.001)
(0.2 0.08321955915 0.001)
(0.2 0.09074573608 0.001)
(0.2 0.09613743123 0.001)
(0.196030606 0.1 0.001)
(0.190588846 0.1 0.001)
(0.1859228149 0.1 0.001)
(0.1822903705 0.1 0.001)
(0.1775397634 0.1 0.001)
(0.172146082 0.1 0.001)
(0.1682441921 0.1 0.001)
(0.164202837 0.1 0.001)
(0.1587226136 0.1 0.001)
(0.1541396664 0.1 0.001)
(0.1504997507 0.1 0.001)
(0.1456630202 0.1 0.001)
(0.1403270773 0.1 0.001)
(0.1364851461 0.1 0.001)
(0.1323705123 0.1 0.001)
(0.1268614479 0.1 0.001)
(0.1223601197 0.1 0.001)
(0.1187052741 0.1 0.001)
(0.1137808814 0.1 0.001)
(0.1085123688 0.1 0.001)
(0.1047228704 0.1 0.001)
(0.1005336442 0.1 0.001)
(0.09500535886 0.1 0.001)
(0.09058417316 0.1 0.001)
(0.08690691423 0.1 0.001)
(0.08189327281 0.1 0.001)
(0.07670187579 0.1 0.001)
(0.07295728532 0.1 0.001)
(0.06869211988 0.1 0.001)
(0.06315421526 0.1 0.001)
(0.0588117249 0.1 0.001)
(0.05510454495 0.1 0.001)
(0.05 0.1 0.001)
(0.04489545505 0.1 0.001)
(0.0411882751 0.1 0.001)
(0.03684578474 0.1 0.001)
(0.03130788012 0.1 0.001)
(0.02704271468 0.1 0.001)
(0.02329812421 0.1 0.001)
(0.01810672719 0.1 0.001)
(0.01309308577 0.1 0.001)
(0.009415826843 0.1 0.001)
(0.004994641135 0.1 0.001)
(-0.000533644185 0.1 0.001)
(-0.004722870416 0.1 0.001)
(-0.00851236882 0.1 0.001)
(-0.01378088141 0.1 0.001)
(-0.01870527415 0.1 0.001)
(-0.0223601197 0.1 0.001)
(-0.02686144787 0.1 0.001)
(-0.03237051227 0.1 0.001)
(-0.03648514614 0.1 0.001)
(-0.04032707731 0.1 0.001)
(-0.04566302015 0.1 0.001)
(-0.05049975073 0.1 0.001)
(-0.05413966638 0.1 0.001)
(-0.05872261355 0.1 0.001)
(-0.06420283702 0.1 0.001)
(-0.06824419215 0.1 0.001)
(-0.07214608198 0.1 0.001)
(-0.07753976339 0.1 0.001)
(-0.08229037054 0.1 0.001)
(-0.08592281491 0.1 0.001)
(-0.09058884597 0.1 0.001)
(-0.09603060598 0.1 0.001)
(-0.1 0.09635259548 0.001)
(-0.1 0.09134168006 0.001)
(-0.1 0.08445753086 0.001)
(-0.1 0.075 0.001)
(-0.1 0.06554246914 0.001)
(-0.1 0.05865831994 0.001)
(-0.1 0.05364740452 0.001)
(0.001469155484 0.04915306704 0)
(0.001380584318 0.03917682469 0)
(0.04867844384 0.003184015512 0)
(0.001216515943 0.03091985181 0)
(0.04278875831 0.09686181152 0)
(0.07343576362 0.003219982511 0)
(0.08906582698 0.09650535209 0)
(0.1105999956 0.00330516879 0)
(0.1205958142 0.09704226355 0)
(0.1356663706 0.003240200091 0)
(0.06098297008 0.09651439051 0)
(0.1383133444 0.09663910606 0)
(0.08997318231 0.003245851015 0)
(0.152206711 0.003231065252 0)
(0.001413583917 0.05098344812 0)
(0.002999979263 0.05001122102 0)
(-0.004772055076 0.05209915819 0)
(0.002934897688 0.05193029574 0)
(0.004606867244 0.05090406132 0)
(0.001227335616 0.02105049166 0)
(0.03247891889 0.003167561769 0)
(0.02920275993 0.09684155435 0)
(0.004595281476 0.05276090857 0)
(0.006238889494 0.05181938774 0)
(0.00631138596 0.05372395502 0)
(0.007972309528 0.05279424873 0)
(0.0080132126 0.05481454123 0)
(0.00981305427 0.05380653489 0)
(0.01579384677 0.001755360766 0)
(0.009816378891 0.05590276811 0)
(0.01167306499 0.0548441583 0)
(0.01162522659 0.05274848418 0)
(0.01355501746 0.0537546539 0)
(0.01351037821 0.05157707716 0)
(0.01550909059 0.05263279851 0)
(0.01544962968 0.05023941471 0)
(0.01754579265 0.05145205906 0)
(0.01746019879 0.04893007621 0)
(0.01971047491 0.05032903183 0)
(0.007990056822 0.0569072564 0)
(0.0196162191 0.04777602845 0)
(0.02189878986 0.04910765788 0)
(0.021804741 0.04647618528 0)
(0.02404592288 0.04770989872 0)
(0.02426726311 0.05033747314 0)
(0.02644087459 0.04895892265 0)
(0.01548547356 0.05483845042 0)
(0.1063391463 0.09626350902 0)
(0.02633493872 0.04634117564 0)
(0.02875061184 0.04760321789 0)
(0.02873498737 0.05038235346 0)
(0.03117708897 0.04899697611 0)
(0.152268452 0.09671113713 0)
(0.03115268686 0.0461535846 0)
(0.03365324512 0.04755988817 0)
(0.03366664887 0.05046017282 0)
(0.03620516837 0.04899620588 0)
(0.03620891307 0.05195811065 0)
(0.03880587312 0.05045920158 0)
(0.03876849788 0.04745217526 0)
(0.04142022053 0.04892303006 0)
(0.1658892155 0.09605663397 0)
(0.04144296999 0.05196486264 0)
(0.04409580162 0.05042154717 0)
(0.0440595034 0.04733686189 0)
(0.04677002451 0.04884455889 0)
(0.04672294622 0.04572796103 0)
(0.04946099512 0.04725119989 0)
(0.04950389914 0.05038961817 0)
(0.05224870327 0.0488059228 0)
(0.05219829043 0.04559794504 0)
(0.05502226395 0.04715566515 0)
(0.05506541976 0.05041858367 0)
(0.05788996268 0.04874441634 0)
(0.07489871549 0.09678733483 0)
(0.05792005108 0.05203980537 0)
(0.06079167649 0.05034486965 0)
(-0.006617619618 0.09671819811 0)
(0.001443054487 0.0141027375 0)
(0.06075136347 0.04704644261 0)
(0.0636857064 0.04864849479 0)
(0.06394247125 0.05234903003 0)
(0.06664523244 0.05028614983 0)
(0.06652744701 0.0468545323 0)
(0.06957703239 0.04854465448 0)
(0.06963021064 0.05197363899 0)
(0.07259705397 0.05022319746 0)
(0.07249529593 0.0467387153 0)
(0.07558335062 0.04845670134 0)
(0.07563021606 0.05193319012 0)
(0.078633935 0.05016039059 0)
(-0.02101150904 0.05306534136 0)
(0.07858637068 0.04666129115 0)
(0.08164784801 0.04836980861 0)
(0.08169263893 0.05188392384 0)
(0.08472165034 0.05008582788 0)
(0.08472738508 0.0535514524 0)
(0.08776622396 0.05173592984 0)
(0.08775337305 0.04825398028 0)
(0.0908582612 0.04998224211 0)
(0.09081104482 0.04642876505 0)
(0.0939261757 0.04817288066 0)
(0.09397892752 0.05174264561 0)
(0.09705510019 0.04991741649 0)
(-0.05412660554 0.05313334763 0)
(0.09710606355 0.05350029522 0)
(0.1001940455 0.05166243094 0)
(0.1001478111 0.04806371029 0)
(0.1033186193 0.04979937651 0)
(0.1033664666 0.05345130017 0)
(0.1065147619 0.05158552213 0)
(0.1064655516 0.04789653557 0)
(0.1097065091 0.04971554161 0)
(-0.06868869647 0.05248186551 0)
(0.1096496455 0.04592658688 0)
(0.1130520463 0.04794001125 0)
(0.1130001671 0.05163959019 0)
(0.01139431456 0.09690359975 0)
(-0.03542082491 0.05334473116 0)
(0.1129430934 0.04393869179 0)
(0.1164697831 0.04604934139 0)
(-0.02063522492 0.09662851971 0)
(-0.0525448715 0.09726886076 0)
(0.06094841165 0.004036563976 0)
(-0.03842731744 0.09650074492 0)
(0.1645615954 0.003252402256 0)
(-0.06988612211 0.09661079222 0)
(0.1163230003 0.04193988956 0)
(0.11994636 0.04390330457 0)
(0.1128559765 0.04001521932 0)
(0.01955876966 0.04519067133 0)
(0.1161695703 0.03796925662 0)
(0.009058277056 0.001316406771 0)
(0.001537593697 0.02566569601 0)
(0.1127330571 0.03613326408 0)
(0.1160121503 0.03406781714 0)
(0.009839138035 0.05809068567 0)
(0.007906716381 0.05914521574 0)
(0.009838859568 0.06036276233 0)
(0.007816410048 0.06150888039 0)
(0.009845914819 0.06273268679 0)
(0.00775529291 0.06393319423 0)
(0.009854480669 0.06520309834 0)
(0.00767054789 0.06643211691 0)
(0.009851494009 0.06774434218 0)
(0.0120866732 0.06646344205 0)
(0.01210197914 0.06910028097 0)
(0.01448854929 0.06767683557 0)
(0.00759554559 0.06902154593 0)
(0.005354234419 0.06764401575 0)
(0.005193900697 0.07022116096 0)
(0.0028505155 0.06871471155 0)
(0.01445561924 0.07049326434 0)
(0.01694524093 0.06899195842 0)
(0.002735345708 0.07153869863 0)
(0.0003116374664 0.06989224351 0)
(0.001363304497 0.009089454828 0)
(0.112604616 0.03227441067 0)
(0.01689925621 0.07195218726 0)
(0.01944339798 0.070468253 0)
(0.1232314214 0.003476248294 0)
(0.0002519116106 0.07311227783 0)
(-0.002232051768 0.07154507832 0)
(0.01346254775 0.04923331576 0)
(0.0030538235 0.07477711894 0)
(0.01942984016 0.07348506689 0)
(0.02204164633 0.07197905872 0)
(0.001375369837 0.04415131793 0)
(0.016808844 0.07496610586 0)
(0.003183260157 0.05387282135 0)
(0.1158252519 0.03011766647 0)
(0.119320084 0.03200863678 0)
(0.1123727253 0.02833709979 0)
(0.1092218257 0.03046525508 0)
(0.1090729782 0.02666228565 0)
(0.1058802582 0.02868246287 0)
(-0.002529355074 0.07470101297 0)
(-0.005035145236 0.07296295327 0)
(-0.004858952902 0.06977629233 0)
(-0.007669866062 0.07128285314 0)
(-0.007826967281 0.07445709076 0)
(-0.01054667036 0.07273369822 0)
(0.02202019277 0.06893369683 0)
(0.02466479138 0.07043841561 0)
(0.02473879928 0.07350928201 0)
(0.02739801891 0.07200585793 0)
(0.179915067 0.09637003221 0)
(0.1057668641 0.02484027217 0)
(0.1025394027 0.02690637009 0)
(-0.01069329544 0.07603086515 0)
(-0.01349855957 0.07421289896 0)
(0.1772258163 0.003993129237 0)
(0.1191295666 0.02798152198 0)
(0.1226985861 0.02991897846 0)
(0.02750217834 0.0751532774 0)
(0.03028898651 0.07357224399 0)
(-0.07983370064 0.05311724695 0)
(-0.07991506697 0.09637003221 0)
(0.1866215657 0.05233279654 0)
(0.1024287415 0.02306763554 0)
(0.09920351007 0.02513570162 0)
(0.03034969243 0.0768432252 0)
(0.03325230254 0.07514388556 0)
(0.03310212597 0.07205777517 0)
(0.03621115732 0.07352693187 0)
(0.1225394435 0.0259134004 0)
(0.126170484 0.02780823396 0)
(-0.007504201331 0.06813971829 0)
(0.03623438609 0.07677604427 0)
(0.03917606033 0.07502205363 0)
(0.03947214262 0.07142248148 0)
(0.04226389343 0.07329138558 0)
(0.04228956443 0.07660027021 0)
(0.04522917653 0.07482916977 0)
(0.04544598685 0.07130678077 0)
(0.04834597709 0.07309939018 0)
(0.048512471 0.07639967041 0)
(0.05145451506 0.07447248855 0)
(0.02457887676 0.06737894837 0)
(-0.01365580775 0.07757171409 0)
(-0.01650002276 0.07575310192 0)
(0.02124976276 0.002432249224 0)
(-0.01632583753 0.07235144739 0)
(-0.01937511866 0.0739037428 0)
(-0.01954467477 0.07734378874 0)
(-0.02246999023 0.07547267815 0)
(-0.02262980231 0.07895081385 0)
(-0.02560138266 0.07706310724 0)
(-0.02541749349 0.07354192306 0)
(-0.02858322025 0.07513173691 0)
(0.05126099256 0.0711495383 0)
(0.05438311579 0.07265915128 0)
(0.05449599323 0.07625050118 0)
(0.05754440198 0.07431458536 0)
(0.02742609185 0.07852621398 0)
(0.1259785219 0.023706605 0)
(0.1297442126 0.02557899473 0)
(0.1299102835 0.02995379934 0)
(0.1337917864 0.0275518133 0)
(0.1339524466 0.03239321716 0)
(0.1383162691 0.02953404233 0)
(0.1383770999 0.03501882105 0)
(0.1432169196 0.03183823819 0)
(0.1432870052 0.0378549742 0)
(0.05737794093 0.07070870522 0)
(0.06059692372 0.07234925146 0)
(0.06077565269 0.07598961202 0)
(0.06385249746 0.07400328345 0)
(0.06403326712 0.07767025552 0)
(0.06712008842 0.07566253917 0)
(0.06693310147 0.07201552202 0)
(0.07018891946 0.07365982733 0)
(0.07039353406 0.07731626233 0)
(0.07345705464 0.07530673091 0)
(0.07325069784 0.07165837813 0)
(0.07651395388 0.07330094036 0)
(0.07672485974 0.07694973333 0)
(0.07977978878 0.07493934928 0)
(-0.02567062205 0.08064152895 0)
(-0.02838864426 0.07157967656 0)
(-0.03157177877 0.07318721313 0)
(0.07999402704 0.07858843196 0)
(0.08304561076 0.07657684813 0)
(0.08285463165 0.07290894755 0)
(0.08610918244 0.07454784226 0)
(0.1089027546 0.02256539055 0)
(0.08631711768 0.07820910838 0)
(0.08936582809 0.07619351649 0)
(0.08914809944 0.07253788974 0)
(0.09241385806 0.07416970673 0)
(0.09263587774 0.07782628906 0)
(0.0956846951 0.07580457459 0)
(0.09591000961 0.07945875355 0)
(0.09896038097 0.07743638534 0)
(0.09873527756 0.07377898759 0)
(0.1020182107 0.07541023133 0)
(0.09906890124 0.02135911418 0)
(0.09589238833 0.02336851719 0)
(0.09568982639 0.02752901191 0)
(0.09256326395 0.02523164906 0)
(0.09258294421 0.02162031247 0)
(0.08943672499 0.02358634769 0)
(0.08944593777 0.02708658454 0)
(0.08631914844 0.02553241847 0)
(0.08621078399 0.02190370641 0)
(0.08313732225 0.02390875578 0)
(0.08312568414 0.02734063099 0)
(0.07998720755 0.02577916402 0)
(0.0800655972 0.02228733575 0)
(0.07683185945 0.0241598614 0)
(0.07679800486 0.02757039058 0)
(0.07367332185 0.02599856267 0)
(0.0736904736 0.02248745939 0)
(0.07049769489 0.02435054328 0)
(0.07062273448 0.02789655249 0)
(0.06744789964 0.02621807624 0)
(0.0673098859 0.02270211596 0)
(0.06429346185 0.02457503149 0)
(0.06442702912 0.02809862241 0)
(0.06129866062 0.02644802967 0)
(0.06115842809 0.0229261858 0)
(0.05817570735 0.02479634666 0)
(0.05803550605 0.02128089051 0)
(0.05507246632 0.02317866213 0)
(0.05518538566 0.0266946321 0)
(0.05214285708 0.02503881701 0)
(0.05194574407 0.02154232807 0)
(0.04908994074 0.02344685211 0)
(0.04924468927 0.02684745585 0)
(0.04624072047 0.02526619344 0)
(0.04567527263 0.02155813718 0)
(0.04324838667 0.02372011825 0)
(0.04325699927 0.0268559628 0)
(0.04044120847 0.0253894014 0)
(0.04017318917 0.02261620559 0)
(0.03757777956 0.02419879579 0)
(0.03777069759 0.02712333231 0)
(0.03503621504 0.02575713979 0)
(0.03481279809 0.02284049866 0)
(0.03234535398 0.02439783128 0)
(0.03252584511 0.02734804057 0)
(0.02988735774 0.02600973933 0)
(0.02973415917 0.02312185509 0)
(0.0273629092 0.02470251025 0)
(0.02716328178 0.02189323091 0)
(0.02489477641 0.02346491179 0)
(0.02506391447 0.0261089534 0)
(0.02271569128 0.02484605777 0)
(0.02251573091 0.02232405614 0)
(0.02041702884 0.02365477691 0)
(0.02021570126 0.02121154841 0)
(0.02068852942 0.02597077452 0)
(0.01824996798 0.02241060747 0)
(0.01806260839 0.02008728984 0)
(0.02003020259 0.018801543 0)
(0.01784769153 0.01781616146 0)
(0.0159418047 0.01907194108 0)
(0.01573836887 0.01683378536 0)
(0.01393230463 0.0180671278 0)
(0.01372982749 0.01592254558 0)
(0.01980060065 0.01645209005 0)
(0.01197882462 0.01713649603 0)
(0.01222911881 0.01931783023 0)
(0.01182531955 0.01499660612 0)
(0.01352545818 0.01380526033 0)
(0.01165738862 0.01291084317 0)
(0.1377670568 0.02477843875 0)
(0.002230498475 0.09627158226 0)
(0.101789936 0.0717493679 0)
(0.1050859555 0.0733845057 0)
(0.1053263045 0.07704390299 0)
(0.1084054813 0.07501876532 0)
(0.1086473715 0.07870672895 0)
(0.1117408992 0.07666561439 0)
(0.1115056405 0.07293564327 0)
(0.1148889362 0.07460836511 0)
(0.114653272 0.07082305059 0)
(0.1180952923 0.07251353089 0)
(0.1183182033 0.07635968398 0)
(0.121591077 0.0742423524 0)
(0.1213531095 0.07031998685 0)
(0.1249651628 0.07214531831 0)
(0.1247390719 0.06802955333 0)
(0.1284859095 0.06995507843 0)
(0.1282187767 0.06564634734 0)
(0.1320654044 0.06754833136 0)
(0.1323337067 0.07200876344 0)
(0.1361079088 0.06958463055 0)
(0.1363596179 0.07414573382 0)
(0.1403307229 0.07160785453 0)
(0.1217865235 0.07815692757 0)
(0.1396859337 0.06595290919 0)
(0.1446629298 0.06890025722 0)
(-0.01080396275 0.07938849064 0)
(0.01332892466 0.01174379616 0)
(0.0114625759 0.01092109966 0)
(-0.01041507084 0.05253830368 0)
(0.1405048146 0.07632551205 0)
(0.04016034937 0.00335244289 0)
(0.1223568201 0.02183116319 0)
(0.1484451624 0.03468659322 0)
(0.1484382437 0.04084461127 0)
(0.1302688198 0.0959584985 0)
(0.005952813526 0.05999383301 0)
(0.006190814809 0.04983885197 0)
(-0.06146272529 0.09626556756 0)
(0.08172960449 0.003407789452 0)
(-0.03143979988 0.06971866275 0)
(-0.03458010118 0.07124928286 0)
(-0.03476618683 0.07481974411 0)
(-0.03778458257 0.07285463163 0)
(-0.0379814554 0.07646215638 0)
(-0.04101888787 0.07448024623 0)
(-0.04081269011 0.07086238572 0)
(-0.044059937 0.07248536173 0)
(-0.04426801215 0.07612002015 0)
(-0.04731314125 0.07412573467 0)
(-0.04752039047 0.07776193738 0)
(-0.05056379655 0.07576496629 0)
(-0.05034438909 0.07210826293 0)
(-0.05360437401 0.07374149052 0)
(-0.05380691111 0.07743872201 0)
(-0.05689451889 0.07546670224 0)
(-0.05668103139 0.07170719336 0)
(-0.06004609104 0.07338564837 0)
(-0.06026860076 0.07726865205 0)
(-0.06355174764 0.075169856 0)
(-0.05979548993 0.06961873806 0)
(0.01008476153 0.01620933568 0)
(0.1020473477 0.003889972873 0)
(0.1440386481 0.003450661071 0)
(0.03015092444 0.02891152008 0)
(-0.06385908631 0.07925466366 0)
(-0.06741568948 0.07690190924 0)
(-0.02820677262 0.06825218977 0)
(-0.004748664447 0.06660438756 0)
(0.1257551805 0.01963380856 0)
(-0.04345678758 0.05304766983 0)
(0.009814641198 0.01188262454 0)
(0.009752265839 0.01004564179 0)
(0.1855463719 0.003321034407 0)
(0.02199318675 0.06591140396 0)
(0.02452667153 0.0643723272 0)
(0.01122008379 0.009041491363 0)
(0.009598163027 0.008352027593 0)
(0.1027471027 0.03080513447 0)
(0.06144098255 0.02995191205 0)
(0.02952027346 0.02028160676 0)
(0.02109469011 0.09698324132 0)
(-0.04447307275 0.07976004061 0)
(0.1022556346 0.01927902673 0)
(0.09891684232 0.01759286791 0)
(-0.04384728015 0.0688597694 0)
(0.0769387244 0.08060409199 0)
(0.09285855479 0.08148007195 0)
(0.09614225153 0.08311290719 0)
(0.001404672099 0.00583331484 0)
(0.09850811999 0.07012023893 0)
(0.005823420699 0.001287923637 0)
(0.01237043417 0.001511217976 0)
(0.0802130181 0.08224623298 0)
(-0.0613067505 0.0531110582 0)
(0.06038757617 0.06874550082 0)
(0.05720459499 0.06712881329 0)
(0.09404234308 0.05519130428 0)
(0.07631844373 0.06966494008 0)
(0.07306185637 0.06803059368 0)
(0.06445876492 0.03145570027 0)
(0.08769537385 0.04470047115 0)
(0.09076218467 0.04285940684 0)
(0.03038254655 0.08025800371 0)
(-0.04773170177 0.08140820861 0)
(0.04414597612 0.05351391956 0)
(0.06093513966 0.07967042128 0)
(0.06423108473 0.0813779283 0)
(0.05285708249 0.09604848756 0)
(0.03266882367 0.03026761497 0)
(0.03030464118 0.03180620053 0)
(0.03277776153 0.03315666288 0)
(0.03033632028 0.0347054625 0)
(0.02773961898 0.03312596116 0)
(0.1185177049 0.0801947085 0)
(0.05520224269 0.05370668356 0)
(-0.08833768577 0.09650766709 0)
(0.05495654879 0.04391415135 0)
(0.05212263821 0.04234023786 0)
(0.1386910263 0.04066701898 0)
(0.04395411879 0.0443003869 0)
(0.0610504781 0.0193935084 0)
(0.05788243317 0.01772922544 0)
(0.04142220335 0.05508757935 0)
(0.04418668464 0.05666618627 0)
(0.1112303238 0.06915036563 0)
(0.08172366975 0.05539595203 0)
(0.08493113562 0.05687967947 0)
(0.03375799049 0.05343138988 0)
(-0.01960755482 0.08109662423 0)
(0.001308042887 0.03589468794 0)
(-0.05643600083 0.0679785819 0)
(0.03361826919 0.0446730379 0)
(0.04142435708 0.05827872882 0)
(0.001330605344 0.0175556253 0)
(-0.007341405179 0.06502906974 0)
(-0.004666471651 0.06358912541 0)
(-0.03444601376 0.06774195663 0)
(0.1144062884 0.06701118054 0)
(0.02173823642 0.04390171395 0)
(0.01951330155 0.04265682116 0)
(0.136440646 0.07858518531 0)
(0.140663195 0.08105646399 0)
(0.1445890351 0.07859802707 0)
(0.01968318529 0.05303971447 0)
(0.01222445861 0.06156559274 0)
(0.1017437461 0.06791582136 0)
(0.1922776311 0.02200382154 0)
(-0.06051943749 0.08115892145 0)
(0.148106924 0.02842866348 0)
(0.1537815174 0.0312840153 0)
(0.1221720296 0.01778163792 0)
(-0.02989949888 0.09634166828 0)
(-0.08705393365 0.05320257871 0)
(0.1534317245 0.02476323224 0)
(0.1595208104 0.02744283193 0)
(0.1598240562 0.03462128996 0)
(-0.02838906005 0.05315221052 0)
(0.007445241357 0.07187234346 0)
(0.008193897825 0.009255794366 0)
(0.1244061937 0.0637560779 0)
(0.1279104571 0.06133463439 0)
(0.08763454565 0.04111778685 0)
(0.008099285046 0.007596509647 0)
(-0.09366190981 0.06879792957 0)
(0.1219852689 0.08205701678 0)
(0.06017132089 0.06518985553 0)
(0.02738599943 0.08203303136 0)
(0.1445590536 0.06328891145 0)
(0.1496338385 0.0660886686 0)
(-0.04467088606 0.08341601081 0)
(-0.06775019059 0.08130519343 0)
(-0.07155048551 0.07871114784 0)
(-0.07140298613 0.07393332594 0)
(0.1064665821 0.04411364382 0)
(0.02168131538 0.04135451932 0)
(0.01945676173 0.04014198103 0)
(0.01733954498 0.04142740707 0)
(0.0172926767 0.03899277504 0)
(0.01520969776 0.04023882657 0)
(0.01521295262 0.03783039458 0)
(0.01320041787 0.03905421504 0)
(0.0131389687 0.03680328476 0)
(0.01124242466 0.03797498654 0)
(0.01121852849 0.03576858563 0)
(0.01125605274 0.04018617642 0)
(0.01308766937 0.0345154256 0)
(0.0111596329 0.03356642054 0)
(0.01723693929 0.03647036417 0)
(0.01296783182 0.03237787111 0)
(0.01105769985 0.03140158464 0)
(0.01289067369 0.03023849064 0)
(0.01098068673 0.02923777666 0)
(0.009247388314 0.03239786323 0)
(0.009269148808 0.03689980593 0)
(0.1875927313 0.09532685942 0)
(0.1922429949 0.07696394012 0)
(0.03048418497 0.08384338986 0)
(0.02196744201 0.06293419845 0)
(0.02445803223 0.06142319547 0)
(0.02706298056 0.0628290493 0)
(0.1187234291 0.0841109067 0)
(0.1065569604 0.05526339873 0)
(0.01480995324 0.03098624361 0)
(0.05490505179 0.04064423268 0)
(0.05202885244 0.03904628182 0)
(0.04420087815 0.05988592728 0)
(0.01091714765 0.007302945507 0)
(0.01264156208 0.007943363861 0)
(0.09071248442 0.03926749945 0)
(0.06107347043 0.08340780438 0)
(0.0644085672 0.08511891505 0)
(-0.059524575 0.06587636286 0)
(0.06095001371 0.01581201019 0)
(0.05772340052 0.01411067532 0)
(0.1255383392 0.01560389875 0)
(0.07715114655 0.08426531211 0)
(0.08043403364 0.08591143216 0)
(0.1657882918 0.03059762962 0)
(0.119929071 0.04831956286 0)
(-0.04794452916 0.08507089929 0)
(0.01280782122 0.02807949063 0)
(0.01090096482 0.02707543648 0)
(0.009115752397 0.02822154956 0)
(0.009046899283 0.02612789758 0)
(0.1653368836 0.02334494975 0)
(0.09308046665 0.08513906087 0)
(0.09642955614 0.08667858328 0)
(0.144844781 0.08339497475 0)
(0.1488715086 0.08087859183 0)
(0.1020761633 0.01556471944 0)
(0.09875953418 0.01383506764 0)
(-0.07196414388 0.0834463792 0)
(-0.07592035578 0.08079565843 0)
(0.07610697483 0.06604969284 0)
(0.07281678565 0.0644287422 0)
(0.1221936452 0.08598815659 0)
(-0.007183827971 0.06199749508 0)
(-0.009930129422 0.06336477048 0)
(-0.004530025727 0.06071711877 0)
(0.1365099203 0.08335507702 0)
(0.09822609899 0.06660597207 0)
(-0.01918852489 0.07062184331 0)
(-0.05616178618 0.06428271132 0)
(0.0216290235 0.03880647213 0)
(0.02389445773 0.04003920251 0)
(0.01524505643 0.01260850835 0)
(0.006702690893 0.008490541365 0)
(0.006773143815 0.01015671943 0)
(0.006627550869 0.006826057186 0)
(-0.0349384404 0.07843152231 0)
(0.04139413026 0.06150427608 0)
(0.03857414219 0.05970412135 0)
(0.09386082384 0.04102400264 0)
(0.007286213549 0.02721790067 0)
(0.007223118334 0.02521842282 0)
(0.02695858295 0.05987522013 0)
(-0.002157178304 0.06222629774 0)
(0.149242721 0.06014053661 0)
(0.1552461253 0.06299764198 0)
(0.02697084523 0.01916320601 0)
(0.02927753034 0.0174984174 0)
(0.02678902881 0.01631106761 0)
(0.029098144 0.01466739394 0)
(0.02642795674 0.01340423597 0)
(0.03175169914 0.01589557816 0)
(0.09947161312 0.08474211004 0)
(0.03289253386 0.03605581201 0)
(0.03536753921 0.03448022211 0)
(0.03154497409 0.01288709107 0)
(0.03438634445 0.01425582374 0)
(0.1236704096 0.04612798655 0)
(-0.002046686104 0.05946052578 0)
(0.0311107939 0.04342107421 0)
(-0.04487108135 0.08708562963 0)
(-0.0416128505 0.08541967438 0)
(0.01272935061 0.02591033924 0)
(0.01943726308 0.07657049067 0)
(0.01669661719 0.07809014702 0)
(0.02727879827 0.08566460066 0)
(0.05702949115 0.06359204407 0)
(0.08756564554 0.0375218479 0)
(0.0845089935 0.03938363264 0)
(0.1291359518 0.0174095798 0)
(0.1289590583 0.01336531072 0)
(0.1326043448 0.01519601308 0)
(0.04701293293 0.05824294656 0)
(0.04703203958 0.06152370794 0)
(0.0599868864 0.06168702408 0)
(0.03552478581 0.03739079189 0)
(0.03803482224 0.03581635739 0)
(0.1439263679 0.05750883424 0)
(0.01520481322 0.04255830615 0)
(0.1220026309 0.01376548212 0)
(0.1186532403 0.01594034775 0)
(0.1184616298 0.01201472708 0)
(0.1152330097 0.01415260558 0)
(0.02971651737 0.06133905148 0)
(0.05501085801 0.03728678055 0)
(0.05774804289 0.03894594037 0)
(0.002884276218 0.04813985002 0)
(0.1227978441 0.03392801025 0)
(0.09381299654 0.03740310559 0)
(0.09698883049 0.03918014888 0)
(0.01218891996 0.006223927337 0)
(0.01393116625 0.00677610204 0)
(0.1110958227 0.06551922445 0)
(0.1141113142 0.06321639058 0)
(0.02421307104 0.083899051 0)
(0.09976650599 0.08832148373 0)
(0.1028083974 0.08641068449 0)
(-0.06793063767 0.08617214304 0)
(0.103388063 0.05713610749 0)
(0.01417903222 0.0764032404 0)
(0.0139460442 0.07958688967 0)
(0.01124177381 0.07792017821 0)
(0.0110497665 0.08106237894 0)
(0.01386669072 0.08283208982 0)
(0.01092218481 0.0843722655 0)
(0.008090502942 0.08250820411 0)
(0.007929053015 0.08589283754 0)
(0.005068930395 0.08400059968 0)
(0.01379806825 0.08624775212 0)
(-0.06297131755 0.06752776483 0)
(-0.06269787076 0.06368331589 0)
(-0.0662287949 0.06537769943 0)
(-0.0003406631403 0.05163201548 0)
(0.0219096953 0.0600672083 0)
(0.01952262262 0.06150365464 0)
(0.008914009717 0.02410276091 0)
(0.007128961958 0.0232199412 0)
(0.05197114635 0.0357397261 0)
(0.04909201294 0.03762763058 0)
(0.007995737583 0.005967612707 0)
(0.1548470004 0.05624321998 0)
(0.1615740894 0.05930511003 0)
(0.1618936123 0.06637206365 0)
(0.06311460309 0.06325808316 0)
(0.03412359211 0.01104446374 0)
(0.03706890822 0.01246967444 0)
(0.03846145903 0.06297528568 0)
(0.1240067848 0.05934789207 0)
(0.1276479504 0.05691763221 0)
(0.1255229514 0.08384535485 0)
(0.03822285281 0.03871821485 0)
(0.04074242934 0.03717363696 0)
(-0.00975865908 0.06032955775 0)
(-0.01254702735 0.06163243239 0)
(0.02992183438 0.06448951242 0)
(0.1189168814 0.08807162866 0)
(0.1154991012 0.08615047447 0)
(0.1718281276 0.02625691569 0)
(0.1707400346 0.01914402641 0)
(0.1936840006 0.003284048204 0)
(0.07584786603 0.0624734092 0)
(0.07917002835 0.06410879296 0)
(0.07261373295 0.06085433506 0)
(0.03048028129 0.08753042894 0)
(0.03366464024 0.08565624077 0)
(0.03372401094 0.08938983203 0)
(0.03699199426 0.08746061163 0)
(0.1490305586 0.08568062993 0)
(0.1534191434 0.08329040037 0)
(-0.01271773532 0.06474446517 0)
(-0.0154268557 0.06297801613 0)
(-0.01517341124 0.05975506904 0)
(-0.01813846987 0.06131394389 0)
(0.1663812407 0.03816832462 0)
(0.01467407298 0.02692925188 0)
(-0.07632451212 0.0856590082 0)
(-0.08034887822 0.08290098259 0)
(-0.07975376882 0.07780365436 0)
(-0.004155418681 0.0580610395 0)
(0.05006806951 0.05993906459 0)
(0.1450079888 0.08812029863 0)
(0.077429551 0.08780385375 0)
(0.08073128249 0.08942702371 0)
(0.08373048109 0.08752988356 0)
(0.07409583499 0.08626375 0)
(0.004847052283 0.08747494498 0)
(0.001952616657 0.08552233011 0)
(0.1648744713 0.01658190019 0)
(-0.04816364326 0.08873585431 0)
(-0.05123000119 0.0867213525 0)
(0.06114928788 0.08709334355 0)
(0.05755201655 0.08550378101 0)
(0.06461715508 0.08924212541 0)
(0.005223539016 0.007721965854 0)
(0.005149941545 0.006057158367 0)
(0.09323468027 0.08844258921 0)
(-0.04478073348 0.09069646404 0)
(0.003050627016 0.06611508226 0)
(0.06090690776 0.0119637358 0)
(0.06409081066 0.01384577221 0)
(0.0576701624 0.01024354114 0)
(0.05452058502 0.0123863724 0)
(-0.00183802479 0.05707588859 0)
(0.0001647785333 0.05829634271 0)
(0.04060134087 0.03413245108 0)
(0.002266653154 0.08207657796 0)
(-0.0008779059839 0.08354436869 0)
(-0.001203617868 0.08703542835 0)
(-0.004025549262 0.08514229468 0)
(-0.004400140029 0.08852310743 0)
(-0.007286482682 0.0864956882 0)
(0.1687330706 0.06288360052 0)
(0.1679522042 0.07171117784 0)
(0.1760069866 0.06701349899 0)
(-0.08494843169 0.08006947883 0)
(-0.09485013711 0.08778297238 0)
(0.0844169959 0.03577918737 0)
(0.08135826358 0.03764251831 0)
(0.05003562821 0.06312298253 0)
(0.04864875941 0.03420429451 0)
(0.005477869658 0.02429873836 0)
(0.00538193429 0.02232628044 0)
(0.007008231965 0.021269959 0)
(0.005284994918 0.02039549648 0)
(0.1156834208 0.09017285028 0)
(0.1123372768 0.08811045346 0)
(0.1481225631 0.02245859223 0)
(0.152597111 0.01879400367 0)
(0.1473698467 0.01644887319 0)
(0.006864115555 0.0193465821 0)
(0.005170273412 0.01850369485 0)
(-0.09463377492 0.05320703452 0)
(-0.004109529209 0.0816201426 0)
(0.06292250984 0.05976977328 0)
(-0.06595009663 0.06140749996 0)
(-0.06957064095 0.06317078644 0)
(0.007809707584 0.08939059701 0)
(0.007359047707 0.02925957693 0)
(0.005613416002 0.02831215863 0)
(0.005664379394 0.03024694622 0)
(0.06400171809 0.01014250695 0)
(0.06722987096 0.01190157481 0)
(0.0543117841 0.008803517001 0)
(0.05121324045 0.01061387014 0)
(0.1318233476 0.05888765062 0)
(0.13161818 0.05435103095 0)
(0.1019473717 0.01181250243 0)
(0.09859905076 0.01007784219 0)
(0.09543989419 0.01209320735 0)
(0.1052399907 0.01348311945 0)
(0.1257181008 0.08787674663 0)
(0.0551937585 0.03382181583 0)
(0.06699066215 0.008182204226 0)
(0.07026974992 0.009465124309 0)
(0.07048968048 0.01356390459 0)
(0.07360619763 0.01169010345 0)
(0.04135696354 0.06474231682 0)
(0.02391722608 0.08761943312 0)
(0.1094451854 0.03815767375 0)
(0.001326275175 0.002409051116 0)
(0.03729149535 0.01573849682 0)
(0.03998643018 0.01390657806 0)
(0.1699488519 0.01281764707 0)
(0.1753838446 0.01473171116 0)
(0.03097804854 0.009692073372 0)
(0.05145898304 0.01429901095 0)
(0.04839909653 0.01265262106 0)
(0.0370168813 0.09127071447 0)
(0.04029825537 0.08933975219 0)
(0.04028884391 0.08552035249 0)
(0.04360251135 0.08740751438 0)
(0.1150098343 0.0102787544 0)
(0.1533328155 0.07827819999 0)
(0.1579625584 0.08053123169 0)
(0.1580734636 0.08595975334 0)
(0.1626737187 0.08321589646 0)
(0.1153582766 0.01803529827 0)
(0.1322388413 0.01112517019 0)
(0.1359823675 0.01293739209 0)
(0.01949616737 0.05871888411 0)
(0.02186730271 0.05724580643 0)
(0.02941919546 0.05837903704 0)
(0.026864588 0.05693911177 0)
(0.02376095366 0.03756562532 0)
(0.02613903626 0.03869007349 0)
(0.02154020787 0.03624622626 0)
(0.1517964093 0.01379483793 0)
(0.0697775856 0.06640270201 0)
(0.08131799435 0.03334172303 0)
(0.0782062216 0.03579321016 0)
(0.07832666545 0.03948122657 0)
(0.07515985044 0.03772718773 0)
(0.01717600129 0.0601101365 0)
(-0.05310607942 0.0663615153 0)
(-0.05284173132 0.06268074152 0)
(-0.05582435755 0.060720465 0)
(0.07516742458 0.03361910304 0)
(0.07215330705 0.03609696176 0)
(0.0721312281 0.03957275793 0)
(0.06914248395 0.03802816431 0)
(0.09522792096 0.068513758 0)
(0.09499346977 0.06487780121 0)
(0.09810162152 0.06283101835 0)
(0.09197483477 0.06686940868 0)
(0.09174242974 0.06324592472 0)
(0.08873092997 0.06524468566 0)
(-0.04060431758 0.06724038595 0)
(-0.04361902965 0.06524118902 0)
(-0.04039587556 0.06361343391 0)
(-0.04340190804 0.06162678439 0)
(-0.04019908179 0.06002760954 0)
(-0.03724188791 0.06210168939 0)
(0.174607207 0.07562436306 0)
(0.08980959652 0.0834989182 0)
(0.04340541744 0.08357647495 0)
(0.04688777843 0.08545399846 0)
(-0.00769167567 0.09023649894 0)
(-0.01053445332 0.08816248999 0)
(-0.01096263656 0.09168281799 0)
(-0.01398197495 0.0894215423 0)
(-0.01348368746 0.08621545948 0)
(-0.01685550293 0.08731884671 0)
(0.09693850883 0.03552684176 0)
(0.1001424143 0.03731039976 0)
(0.09385782974 0.03394147252 0)
(0.01501546551 0.01053806904 0)
(0.01697869877 0.01137191085 0)
(0.01670635368 0.009293969305 0)
(0.01880840178 0.01009436217 0)
(0.01837816396 0.00803549954 0)
(0.02071605938 0.008834032702 0)
(0.0209852037 0.01103482429 0)
(0.02299250874 0.009772458142 0)
(0.02274121002 0.007340808823 0)
(0.02519556396 0.008320466779 0)
(0.01660834598 0.0630746485 0)
(0.09754920627 0.09597602641 0)
(0.03211663139 0.05988732444 0)
(0.04695074435 0.08937536703 0)
(0.1067487506 0.0590752869 0)
(0.05797331959 0.08955943999 0)
(0.07567272728 0.05895907786 0)
(0.1051180068 0.00982040106 0)
(0.1287459452 0.009330893391 0)
(0.003811617898 0.02332567588 0)
(0.0738095855 0.01533049107 0)
(0.07694252821 0.01338794385 0)
(0.07668273405 0.009678060744 0)
(0.08005053148 0.01126400501 0)
(0.08024797696 0.01507038247 0)
(0.08338340474 0.01312051573 0)
(0.03981043527 0.01003291792 0)
(0.1030470488 0.09011362915 0)
(0.09538812529 0.008459072109 0)
(0.09227290377 0.01065863491 0)
(0.09238845985 0.01433570291 0)
(0.01350040395 0.005016641789 0)
(0.01182709617 0.004552232398 0)
(0.06754212864 0.0830350491 0)
(0.006733330747 0.01744812856 0)
(0.005060574522 0.01661837105 0)
(0.006618211016 0.01556728606 0)
(0.00495558442 0.0147534053 0)
(0.08394480134 0.09122813357 0)
(0.00643646904 0.01368828441 0)
(0.004786698857 0.01295731867 0)
(0.01689782201 0.08452395462 0)
(0.01700149684 0.08803966788 0)
(0.100146507 0.04093189979 0)
(0.05032167639 0.08732811498 0)
(0.05024247183 0.08345888559 0)
(0.04705819244 0.06483854275 0)
(0.05661725407 0.06014586621 0)
(0.1100522832 0.05728147915 0)
(0.1681720028 0.05496699037 0)
(-0.0808539551 0.08759995431 0)
(0.01539426812 0.005470140207 0)
(0.0615745474 0.03342085576 0)
(0.1121661444 0.09264375109 0)
(0.07456894041 0.09036936495 0)
(0.0877658965 0.03348995774 0)
(0.1119406224 0.01629202749 0)
(0.0145504232 0.0247203486 0)
(0.01259795355 0.02371025468 0)
(0.02618746354 0.04133670484 0)
(0.06616441773 0.06128967828 0)
(0.06596617341 0.05780577761 0)
(0.04978855959 0.05663199699 0)
(-0.05255448533 0.0591174866 0)
(-0.01738242936 0.09076773796 0)
(-0.02013383748 0.08863912819 0)
(0.01360348598 0.08985453265 0)
(0.1291480093 0.08567481608 0)
(0.1288287612 0.08174910567 0)
(0.0248969062 0.005616426397 0)
(0.02200309735 0.01744477363 0)
(0.0121198799 0.0717086257 0)
(-0.062062954 0.05946036278 0)
(0.147666109 0.01089094258 0)
(0.04330101195 0.03566157296 0)
(0.1119648094 0.08038613228 0)
(0.1088763175 0.08241510483 0)
(0.04343508333 0.03853971431 0)
(0.1235421702 0.04171016217 0)
(0.1276729872 0.04381556129 0)
(0.1278284625 0.03895293374 0)
(-0.05142524178 0.09032747147 0)
(-0.05455808516 0.08836588969 0)
(-0.05428046406 0.08470013839 0)
(-0.01842461883 0.06442286152 0)
(-0.02121022713 0.06256807204 0)
(-0.02064177733 0.05898427166 0)
(-0.02402524975 0.0605747693 0)
(0.1182184548 0.008173324282 0)
(0.01913590788 0.07985857853 0)
(0.04876586452 0.01630259047 0)
(0.008630480135 0.02009665379 0)
(-0.001504218619 0.09056347395 0)
(0.04666260442 0.04260017434 0)
(0.08326104066 0.009468707789 0)
(0.1236266034 0.05502231372 0)
(0.120144727 0.05763939861 0)
(0.0480329565 0.009088588415 0)
(0.03620176664 0.05497532223 0)
(0.196125668 0.09348713096 0)
(0.06918959166 0.04145010857 0)
(0.06610526602 0.03978196435 0)
(0.0815881637 0.0448315908 0)
(0.0432248806 0.03282588106 0)
(0.07247786641 0.05730443974 0)
(0.07053238546 0.01724176439 0)
(-0.0381703238 0.08009063952 0)
(-0.03511170828 0.08208626171 0)
(0.1593346213 0.04303953749 0)
(0.02394562923 0.03489663395 0)
(0.02145217995 0.03362845199 0)
(0.02361600907 0.03216856728 0)
(0.0213465424 0.03106276862 0)
(0.01924200828 0.03242564034 0)
(0.01861936984 0.02969836667 0)
(0.03065000192 0.03778334231 0)
(0.1085304279 0.01126010971 0)
(-0.04684500257 0.06683887202 0)
(0.08690526286 0.08903718844 0)
(0.1628603851 0.08842010369 0)
(0.1677330209 0.08596213611 0)
(0.1585690783 0.09168698794 0)
(-0.04956504355 0.06114461605 0)
(-0.0492257795 0.05784325498 0)
(-0.05764634136 0.0864218068 0)
(-0.05815064432 0.08985204208 0)
(-0.06117381534 0.08799355082 0)
(0.1080231079 0.06778210328 0)
(0.1364035023 0.01709568417 0)
(0.1025288637 0.08270833854 0)
(0.02775567159 0.00661145981 0)
(-0.03191132341 0.08040291555 0)
(-0.0320409431 0.08410173436 0)
(-0.03530493647 0.0857930368 0)
(-0.03226545057 0.0879642476 0)
(-0.02882916081 0.08611720204 0)
(-0.0355602901 0.08957456523 0)
(-0.02900528291 0.08990313554 0)
(-0.02162702063 0.06560070291 0)
(-0.0945464047 0.08164802757 0)
(0.07109981598 0.08830150321 0)
(0.07047744159 0.09245551023 0)
(0.01726929871 0.01340777752 0)
(0.01649947279 0.0257863979 0)
(0.1174799009 0.06468831114 0)
(0.103588068 0.06085529278 0)
(0.004023512482 0.02925280353 0)
(0.004081801739 0.03115720051 0)
(0.005700871228 0.03213320655 0)
(0.004084800556 0.03311940931 0)
(0.005719607051 0.03403622951 0)
(-0.07693376039 0.09017766141 0)
(0.02919973997 0.05569376432 0)
(0.01436589616 0.02247857149 0)
(0.003977187195 0.02741463249 0)
(0.02180904079 0.01498153439 0)
(0.0267531508 0.05418210354 0)
(0.1033465221 0.0387890015 0)
(0.08052765266 0.09327430973 0)
(0.1493016117 0.09033162491 0)
(0.1451549324 0.09273732294 0)
(0.1403532362 0.09001107971 0)
(-0.0692113155 0.05930319081 0)
(-0.07302205482 0.06089652593 0)
(-0.07332671085 0.06513886 0)
(-0.07705369892 0.06266377446 0)
(-0.07731232145 0.06733923931 0)
(-0.08117347695 0.06462071672 0)
(-0.08212556098 0.06894802476 0)
(0.03982014901 0.08181700074 0)
(-0.07341431107 0.05664062739 0)
(-0.02404252725 0.05719496192 0)
(-0.0270366783 0.05878858174 0)
(-0.02725271564 0.06205005756 0)
(-0.0304022307 0.06011429744 0)
(0.09718588808 0.05693746712 0)
(0.03851760503 0.06624543191 0)
(0.03560378552 0.06456430348 0)
(0.004128924737 0.0349068668 0)
(0.005753227868 0.03591390099 0)
(0.003972605323 0.03683020065 0)
(0.00575263876 0.03781479824 0)
(0.004185434116 0.03891247032 0)
(0.005805699948 0.03973698043 0)
(0.004203258318 0.04077466173 0)
(0.005825097932 0.04166406759 0)
(0.007481339957 0.0406423802 0)
(0.007556257108 0.04253221374 0)
(0.005812930048 0.04358168282 0)
(0.00752332193 0.04456814922 0)
(0.009315655503 0.04349830046 0)
(0.009270639511 0.04560964806 0)
(0.01109127563 0.04457549795 0)
(0.00580251688 0.04552987039 0)
(-0.09387028442 0.06237039496 0)
(0.08854179843 0.06169264176 0)
(0.08554416675 0.06370667734 0)
(0.085725492 0.06725119518 0)
(0.03414800008 0.008032205045 0)
(0.03350010611 0.04183322179 0)
(0.03605003739 0.04315507909 0)
(0.08199801639 0.05876983142 0)
(-0.01597004076 0.06919405896 0)
(0.1292479058 0.08965326647 0)
(0.1258376386 0.09152058692 0)
(0.01104493142 0.04665407574 0)
(0.01293071315 0.04565348096 0)
(0.009221754094 0.04765022095 0)
(0.0401601178 0.01710417706 0)
(0.04302313919 0.01568795928 0)
(-0.001834803109 0.05212041137 0)
(-0.0008041584936 0.05359000953 0)
(-0.003065865834 0.05350942193 0)
(-0.005345573961 0.05434885931 0)
(0.1060406314 0.08808558706 0)
(0.003804513538 0.007114337722 0)
(0.003751774742 0.005475579566 0)
(0.005086671286 0.004435679212 0)
(0.003818755877 0.008618492934 0)
(0.08337616418 0.0168182766 0)
(0.1400631952 0.01483737774 0)
(0.1397146847 0.01030636619 0)
(0.08645299825 0.01489305402 0)
(0.04540725806 0.01085798076 0)
(0.04499426378 0.007564525387 0)
(0.02187749748 0.07843297867 0)
(0.003612004346 0.01578036684 0)
(-0.03695984908 0.05838446403 0)
(-0.08062362807 0.0595138243 0)
(-0.08512083046 0.06171085322 0)
(0.06897517787 0.03478268268 0)
(0.05792205144 0.05527713485 0)
(-0.0308933827 0.06315874177 0)
(0.1917389338 0.01418581201 0)
(0.00359794305 0.003623368781 0)
(0.004208302354 0.04440668835 0)
(0.004684345785 0.09095797377 0)
(0.1854495679 0.01800877668 0)
(0.1848994416 0.02591292415 0)
(0.04043625311 0.03127811923 0)
(-0.01380643024 0.08094736308 0)
(0.1645388762 0.01018921609 0)
(0.007395404896 0.03495884856 0)
(0.007595393033 0.09281238075 0)
(-0.02581027316 0.08815477104 0)
(-0.02577111188 0.09194055431 0)
(0.02339142078 0.02971415176 0)
(-0.09433187649 0.09299274715 0)
(0.1599478272 0.01361770152 0)
(0.1593149348 0.008203592537 0)
(-0.06643537922 0.06918245461 0)
(0.03384182542 0.0930572005 0)
(0.0537433386 0.06581063832 0)
(0.003655211505 0.01953844172 0)
(0.1360212724 0.05692727702 0)
(0.1358031352 0.05126898121 0)
(0.03725191829 0.01864032792 0)
(0.1160271046 0.09364904783 0)
(0.1150077191 0.006648561774 0)
(-0.04307957403 0.05829832985 0)
(0.06483142027 0.03498604666 0)
(0.09148416015 0.05968888963 0)
(0.06516199392 0.09633026323 0)
(0.008180189329 0.01458094711 0)
(0.05289955725 0.05833451641 0)
(0.04126835167 0.06817846758 0)
(0.03572905927 0.06763728665 0)
(0.1276495124 0.04844702227 0)
(0.1318481418 0.007303809366 0)
(0.1289071804 0.005512772298 0)
(0.1335620769 0.08712168066 0)
(0.1327319233 0.09208382622 0)
(0.09659062486 0.03161576844 0)
(0.106045438 0.09204219661 0)
(0.1402316523 0.02014075809 0)
(-0.05733528143 0.09569114974 0)
(0.002577804089 0.02834442204 0)
(0.06110159396 0.0370158328 0)
(0.0171443224 0.09161952967 0)
(0.1030909686 0.09383001955 0)
(0.1085541883 0.006914847257 0)
(0.06319150452 0.05606411282 0)
(0.10655208 0.06273434482 0)
(0.185899821 0.0106560505 0)
(0.0499783808 0.06650495268 0)
(0.01438220687 0.0650505187 0)
(0.09850001919 0.006505374633 0)
(0.05245832263 0.003050552947 0)
(0.09390226441 0.003028103097 0)
(0.1033113437 0.03540735329 0)
(-0.07570621723 0.09607609319 0)
(-0.0207061522 0.09221983561 0)
(0.05741659802 0.006618691404 0)
(0.01885301794 0.002844249187 0)
(0.01985038515 0.004621114994 0)
(0.01924259285 0.05576191867 0)
(0.01665458052 0.02803395195 0)
(0.08380129112 0.09412860032 0)
(0.05838570621 0.0318619436 0)
(0.1324814902 0.04640254624 0)
(0.1361866515 0.06136508972 0)
(0.1103605731 0.09674507083 0)
(0.1833320058 0.07298188724 0)
(-0.06580475082 0.09637799373 0)
(-0.06775674242 0.09307834698 0)
(-0.06361215746 0.09325368118 0)
(-0.09033606558 0.09039732274 0)
(0.02332008527 0.01258405153 0)
(0.1916793881 0.08541046298 0)
(0.1852119079 0.08220391504 0)
(-0.002621076849 0.09657596893 0)
(0.09308322346 0.09571614407 0)
(0.0904324174 0.0933559686 0)
(0.04325068402 0.01876253168 0)
(0.06967052097 0.00314839958 0)
(0.06575938345 0.004054451546 0)
(-0.01053234529 0.08245177602 0)
(0.117707195 0.004437080744 0)
(0.09603829726 0.09295156693 0)
(0.1681191694 0.07955828854 0)
(0.1734926096 0.0829828848 0)
(0.1728816725 0.08864359725 0)
(0.1746958526 0.008926716887 0)
(0.169515272 0.007526109543 0)
(0.1860298134 0.08895921178 0)
(0.1795654502 0.08683434615 0)
(-0.04292422879 0.09645832578 0)
(-0.04115320205 0.09293043028 0)
(-0.04719321874 0.09563997977 0)
(0.1250666864 0.006949165039 0)
(-0.03443654126 0.09641250691 0)
(-0.007787624301 0.0810190914 0)
(-0.0112048354 0.09580602835 0)
(-0.01512222509 0.09595845939 0)
(0.0327356788 0.06607268334 0)
(0.02585067085 0.03087789667 0)
(-0.00461181071 0.09280604478 0)
(0.1576663661 0.07497458534 0)
(0.106486092 0.003402556935 0)
(0.08613275128 0.003513087103 0)
(0.08798345757 0.00635118627 0)
(0.03692456771 0.09525350382 0)
(0.03614162371 0.003034808066 0)
(0.03752301714 0.006487924942 0)
(-0.01974251283 0.08493873355 0)
(0.1750777112 0.09622160113 0)
(0.01297326655 0.003179478035 0)
(0.01137100416 0.002923794535 0)
(0.01035514363 0.004125586533 0)
(0.003578724716 0.02545368028 0)
(0.1611874325 0.09620112509 0)
(0.1101065062 0.0617099744 0)
(0.113354884 0.05900209012 0)
(0.05077500831 0.0919308493 0)
(0.04688656205 0.09317686306 0)
(0.07757650625 0.003399686303 0)
(0.1199656849 0.05297501474 0)
(0.1782736517 0.02086638572 0)
(0.0271995085 0.003170038687 0)
(0.002588425786 0.03372637766 0)
(-0.07730894198 0.07230710456 0)
(-0.07244704247 0.08807684362 0)
(-0.007538839958 0.05271503703 0)
(-0.007575505991 0.05536411559 0)
(0.02774190215 0.009638712624 0)
(0.04447292458 0.003829271424 0)
(0.03372585012 0.05630499695 0)
(0.1565209266 0.00364097853 0)
(0.1543906271 0.007126401293 0)
(-0.05580335167 0.05676508842 0)
(0.01117663234 0.04861173514 0)
(0.009439638783 0.04967040591 0)
(0.004128385488 0.0464714242 0)
(0.005819711745 0.04752128082 0)
(0.01480221531 0.06136274425 0)
(0.01511577625 0.05890719966 0)
(0.1429777892 0.09662242613 0)
(0.0001897528486 0.05567302263 0)
(0.002197225644 0.05717211656 0)
(0.002185231723 0.05953579027 0)
(0.01474277246 0.003481926189 0)
(0.01477577243 0.09697859445 0)
(0.02436102896 0.05557766813 0)
(0.02063847165 0.0895181376 0)
(-0.07285851815 0.0930995281 0)
(0.1492726609 0.07133351277 0)
(0.1587677564 0.01999212147 0)
(0.148133235 0.00338257413 0)
(0.06937125305 0.05925940099 0)
(0.06900698802 0.05532740273 0)
(-0.002175945581 0.06509054677 0)
(9.90528398e-05 0.06353911307 0)
(0.03254217436 0.0628572144 0)
(0.02983415846 0.06756121818 0)
(0.03515859869 0.06079041124 0)
(-0.002184765634 0.06816559516 0)
(-0.006942950435 0.05861651292 0)
(0.01679683973 0.003756405855 0)
(-0.08411505308 0.09641728016 0)
(0.1726988287 0.003932465071 0)
(0.1802708816 0.008501077011 0)
(0.05094722863 0.006652631715 0)
(-0.0300107623 0.05642206327 0)
(0.05701877248 0.09641246863 0)
(0.1896119604 0.00328233727 0)
(0.06636809174 0.06482490863 0)
(0.07976168322 0.007086942149 0)
(0.116128083 0.05542555285 0)
(0.1120702317 0.0202966404 0)
(0.1154468101 0.02212522241 0)
(0.1087133855 0.01858668593 0)
(0.02853430273 0.03997728204 0)
(-0.065583877 0.0575941616 0)
(0.06618813709 0.04321481368 0)
(0.0634034581 0.04191711494 0)
(0.05177921373 0.01799521144 0)
(0.1408556998 0.08539734404 0)
(0.06296530582 0.09305478777 0)
(0.0172402555 0.05757536091 0)
(0.06686385235 0.09270905308 0)
(0.1032217397 0.06445843099 0)
(0.01292791928 0.04346713884 0)
(0.1915833123 0.007922199815 0)
(0.02466499544 0.09587493426 0)
(0.02772356515 0.0931208593 0)
(0.1397625499 0.003409405323 0)
(-0.02516284121 0.09615303839 0)
(-0.06415001091 0.08324085665 0)
(0.1237196271 0.09711712055 0)
(0.003686021771 0.01764632927 0)
(-0.01347493325 0.05267770186 0)
(-0.01182007408 0.05535023627 0)
(-0.01516765519 0.05634480298 0)
(0.003848433948 0.02142591852 0)
(0.009374232377 0.03911397585 0)
(0.004101876698 0.05850792231 0)
(0.004155880026 0.0560764381 0)
(0.009186521588 0.03028274756 0)
(0.07234716081 0.0431974984 0)
(0.03099164608 0.006399221215 0)
(0.0203561499 0.08553010779 0)
(0.007222754811 0.0963351179 0)
(0.02421997075 0.002622984544 0)
(0.1364806313 0.0896042308 0)
(0.05367172358 0.08525444579 0)
(0.05298863494 0.08135162521 0)
(0.003242295729 0.01396166886 0)
(0.003257571514 0.01223917248 0)
(0.004531260986 0.01131381723 0)
(0.0029013406 0.01081695156 0)
(0.006323125679 0.01172578259 0)
(-0.05041054157 0.05293435053 0)
(0.03681106946 0.08374031923 0)
(0.01248987175 0.02151125859 0)
(0.01071264554 0.0228495566 0)
(0.05613338685 0.003132612744 0)
(0.09206030377 0.006756132289 0)
(0.1378134142 0.006460903736 0)
(0.01931402051 0.03501992874 0)
(0.01717654179 0.03394055064 0)
(-0.03949665283 0.05327711073 0)
(0.004211626663 0.04254655047 0)
(0.002725687961 0.04165737948 0)
(0.1323464186 0.07619746377 0)
(0.01736663523 0.04387491665 0)
(0.01739984208 0.04637021782 0)
(0.02767409204 0.02742457034 0)
(0.06086555785 0.008365163176 0)
(0.01516524177 0.04489288807 0)
(0.01494482995 0.04754711334 0)
(0.0785643576 0.09676275531 0)
(0.07669954326 0.09355361702 0)
(0.01032397836 0.01862051491 0)
(0.005526088242 0.02631925554 0)
(0.07145140015 0.09644037582 0)
(0.02182216386 0.05454593462 0)
(-0.02577220177 0.08435716261 0)
(0.134182561 0.09616684178 0)
(0.1537439724 0.08843025365 0)
(0.02786983647 0.0365675513 0)
(0.02466370333 0.0208274115 0)
(0.1121992972 0.08414906681 0)
(0.0335095114 0.08201458461 0)
(0.01949565528 0.06743070775 0)
(0.1189501066 0.02392377158 0)
(0.1827727243 0.06351012407 0)
(0.008084585645 0.01270948611 0)
(-0.06528032702 0.08968919829 0)
(-0.06529631733 0.05362668542 0)
(0.02440320503 0.05852136837 0)
(0.001727236374 0.01161886293 0)
(0.08249950422 0.06570576822 0)
(0.07846121703 0.04308511613 0)
(0.03448839168 0.01722221452 0)
(0.005285639041 0.08062848605 0)
(0.002571711455 0.07871343602 0)
(0.005482320428 0.07736643412 0)
(-0.0004324026885 0.08008475603 0)
(-0.003250474098 0.07815691134 0)
(2.334184595e-05 0.07656937576 0)
(0.006264569377 0.074580444 0)
(0.008850277555 0.07438785466 0)
(0.008176632684 0.07936002466 0)
(0.0694623106 0.06283645506 0)
(0.09319855329 0.03084755416 0)
(0.09942854339 0.02918650392 0)
(-0.02436225389 0.05358190947 0)
(0.1285818223 0.0740527819 0)
(0.05366394164 0.06204285503 0)
(-0.03323125742 0.05815648848 0)
(0.04623698427 0.0284776534 0)
(0.04913301831 0.03039471887 0)
(0.04623315305 0.03182008157 0)
(-0.04692355653 0.0529726063 0)
(0.1096658442 0.04204810167 0)
(0.04671510571 0.06812177049 0)
(-0.05771171353 0.05321258579 0)
(-0.05965927895 0.05628986158 0)
(0.0581690845 0.03539219482 0)
(0.05514343595 0.03038538516 0)
(0.05827164639 0.02835637487 0)
(0.01944397418 0.06445195434 0)
(0.1094345099 0.03430951285 0)
(0.1680411615 0.09156816341 0)
(0.06732791734 0.01563247896 0)
(0.1206934081 0.06215763044 0)
(0.07370325197 0.03003551101 0)
(0.05427274064 0.06932484334 0)
(0.1061967231 0.03266508337 0)
(-0.03173035864 0.05311376641 0)
(0.05471032551 0.01603736172 0)
(0.08266955963 0.06927941123 0)
(-0.0835567995 0.07420586092 0)
(0.0521176587 0.02862654026 0)
(0.1876199397 0.04039194986 0)
(0.1770639675 0.04245207398 0)
(0.01950366659 0.01415028529 0)
(-0.0816169445 0.09235462732 0)
(0.05490229751 0.019649107 0)
(0.09560806568 0.0158763029 0)
(0.09250441149 0.01799354653 0)
(0.09576225888 0.0196351102 0)
(0.08936361579 0.01997269723 0)
(0.09219621428 0.07051057897 0)
(0.07175889575 0.006111042679 0)
(0.0797681298 0.02954792698 0)
(0.0636451686 0.07037775274 0)
(0.016946166 0.06603972546 0)
(-0.01724245777 0.05306330898 0)
(-0.01835885514 0.05635474734 0)
(0.1253394934 0.01152928482 0)
(0.1219214328 0.009575104796 0)
(0.06999902918 0.07002724155 0)
(0.07707869468 0.01705865857 0)
(-0.07203949804 0.05307125929 0)
(0.09472039778 0.06129417103 0)
(0.1055556944 0.02093065236 0)
(-0.05922117649 0.06218628589 0)
(0.0795758369 0.07129526681 0)
(0.0674739076 0.02957841502 0)
(0.05527013222 0.09273750119 0)
(0.07532691826 0.04134019089 0)
(0.1319259695 0.003239588304 0)
(0.05185656591 0.03239823258 0)
(0.06732045055 0.07933985608 0)
(0.07943085677 0.06767247011 0)
(-0.01323902298 0.07098699359 0)
(0.1836398075 0.09685285256 0)
(0.01081697059 0.02496270758 0)
(0.08349515978 0.08388526966 0)
(0.08619908192 0.02952469885 0)
(0.08999363361 0.0303305004 0)
(-0.04708581327 0.07048148377 0)
(-0.03740141233 0.06565779909 0)
(-0.03431759145 0.06438578221 0)
(0.08820697311 0.05827417182 0)
(0.06412791839 0.01749258638 0)
(0.09546101433 0.0721496408 0)
(-0.02526950205 0.07014074944 0)
(-0.02484984492 0.06696812214 0)
(0.04892442688 0.01992835257 0)
(0.001386950373 0.007495309139 0)
(0.001638806663 0.003981917931 0)
(0.1478342793 0.09663119074 0)
(0.006551584225 0.005170678175 0)
(0.007879295572 0.004351607915 0)
(0.08958718661 0.07984447748 0)
(0.04643406182 0.08170210083 0)
(0.08326684637 0.08022747531 0)
(0.1018347184 0.008068574312 0)
(-0.05337950071 0.07006132431 0)
(0.006514167246 0.003607816471 0)
(0.008086946629 0.002729100826 0)
(0.01942589241 0.03764975482 0)
(0.07366652195 0.07896174202 0)
(0.09918729729 0.08109094202 0)
(0.005317362853 0.009346489015 0)
(0.1188228806 0.01993957352 0)
(0.1156302789 0.0261902804 0)
(0.004000954744 0.001682608201 0)
(0.01402042881 0.001654663828 0)
(0.09087557982 0.0533713472 0)
(0.1196771056 0.03983961734 0)
(0.01510804195 0.03547326257 0)
(0.08895380937 0.06885456886 0)
(0.07867179706 0.05365673211 0)
(0.0351534608 0.02868250569 0)
(-0.04983225561 0.06477001451 0)
(-0.05076311308 0.07940845042 0)
(-0.05098399843 0.08305617928 0)
(0.06672672428 0.06839864575 0)
(0.07546671889 0.0449132522 0)
(0.075227144 0.006327562409 0)
(0.08653972253 0.0818652156 0)
(0.1334088324 0.02305456991 0)
(0.1049710207 0.06984452037 0)
(0.0969930393 0.04277397304 0)
(0.07388664495 0.08261404726 0)
(0.07060260035 0.08097710208 0)
(-0.03176454738 0.07675220887 0)
(0.1001339511 0.05938785725 0)
(0.1032754198 0.04614346454 0)
(0.08591798302 0.0708811716 0)
(0.09387386432 0.04460171937 0)
(0.0286412484 0.04495799032 0)
(-0.03760485292 0.06926774031 0)
(0.08447786427 0.0324479356 0)
(-0.04122144498 0.07811117876 0)
(-0.0414170486 0.08175310738 0)
(0.01309887093 0.00976314081 0)
(0.08675240655 0.08549301372 0)
(0.03326225616 0.03899646255 0)
(0.08459996221 0.04298032044 0)
(0.0492277346 0.07977236979 0)
(0.07253939235 0.05369241109 0)
(0.1002397635 0.05525606437 0)
(0.08466772853 0.04653699986 0)
(-0.00795158987 0.07775255809 0)
(0.08994476371 0.08696346385 0)
(0.0995672914 0.09229562272 0)
(0.09996832005 0.03347411875 0)
(0.05965131913 0.0578556636 0)
(0.1223433123 0.08987628928 0)
(0.0001122365689 0.06088461531 0)
(0.002032081733 0.0621330173 0)
(0.09065298646 0.03566600931 0)
(0.03211024625 0.02157414204 0)
(-0.01620880752 0.08328791835 0)
(0.007358554531 0.03117813432 0)
(0.01315795219 0.04128581471 0)
(0.04137829084 0.04587808137 0)
(0.04118037581 0.04297672084 0)
(-0.04158149117 0.08902006967 0)
(0.0469145139 0.05506940552 0)
(0.05777316145 0.07781677169 0)
(0.05799567435 0.08144351454 0)
(-0.05513092818 0.09224967449 0)
(0.08639174288 0.01133579858 0)
(0.06334927345 0.06677205439 0)
(0.007499749628 0.04654550351 0)
(0.0492266375 0.04093121682 0)
(0.002570327174 0.03200293936 0)
(-0.02234201009 0.0721125963 0)
(0.1419717185 0.006640329175 0)
(0.002464211115 0.02217548939 0)
(0.002217822728 0.02388120137 0)
(0.04939901865 0.04407478917 0)
(0.0457083939 0.07816723045 0)
(0.1082035883 0.0713526506 0)
(-0.03656951389 0.0933229341 0)
(-0.03236606752 0.09237881656 0)
(0.0378931898 0.03288434272 0)
(0.07565523138 0.05541376786 0)
(-0.05009884011 0.06843691214 0)
(0.05773653444 0.04221754131 0)
(0.08147387758 0.04123406748 0)
(0.1428221721 0.02541542411 0)
(0.02399029704 0.04514225067 0)
(0.1565020623 0.09626846257 0)
(-0.09037987739 0.07647765524 0)
(0.02199509277 0.051688514 0)
(0.1022678532 0.07906061525 0)
(0.1296947008 0.0344691847 0)
(-0.03836416678 0.08376471077 0)
(-0.07326452502 0.06958343977 0)
(0.001410077961 0.04746548618 0)
(0.001399278432 0.04582909332 0)
(0.07816487912 0.03252912133 0)
(0.05784979953 0.04547103509 0)
(0.001380902676 0.01583282897 0)
(0.05232800302 0.05196153395 0)
(0.1150681543 0.07832316703 0)
(0.07874167891 0.05712744076 0)
(0.03880867954 0.05351835024 0)
(-0.08493953855 0.05707596029 0)
(-0.08942728815 0.0597664192 0)
(-0.0893084029 0.06444526278 0)
(0.1097584311 0.05343914537 0)
(-0.05711045567 0.07918371981 0)
(-0.02873368088 0.07873179887 0)
(0.03133589253 0.05183333079 0)
(0.03613938022 0.04609435012 0)
(0.1178598513 0.06863376655 0)
(0.1462323834 0.006859432871 0)
(-0.01661522707 0.07917494701 0)
(0.1917692778 0.09147755681 0)
(0.00880705705 0.0221040045 0)
(0.001341736824 0.03751191877 0)
(0.09701716318 0.04634432264 0)
(0.009415280492 0.04125036811 0)
(0.01119402264 0.04237721608 0)
(0.03335387584 0.07851486785 0)
(0.04420039619 0.06315116688 0)
(0.1194314121 0.03587293677 0)
(-0.01009513491 0.06644453723 0)
(0.07006664269 0.03135215697 0)
(0.001319304302 0.01935502023 0)
(0.01075780199 0.001405567995 0)
(0.0118081046 0.05918651347 0)
(0.005808029142 0.06248920142 0)
(0.03877035107 0.05666502499 0)
(0.06938744415 0.04500005379 0)
(0.04368354894 0.09108549863 0)
(-0.04659251074 0.06322275986 0)
(0.008156943333 0.0109626748 0)
(0.04683302651 0.05194456056 0)
(0.1294519448 0.02142373573 0)
(0.0005748073715 0.06656571772 0)
(0.02451818014 0.01809919467 0)
(0.01000672275 0.01397047857 0)
(0.01550668211 0.01470623866 0)
(0.02718034276 0.06591674808 0)
(0.06354970599 0.04523823202 0)
(0.06419500012 0.02105057967 0)
(-0.01231079732 0.05849602976 0)
(0.1252472068 0.07996974539 0)
(0.001692441438 0.08904303195 0)
(0.02090894827 0.02841042968 0)
(0.02393460265 0.04260328668 0)
(0.1250724113 0.07604034957 0)
(-0.028826322 0.08239205706 0)
(0.1605796847 0.003531354889 0)
(-0.08533114884 0.0892317321 0)
(0.01682622986 0.03167540081 0)
(0.1055717361 0.08071418275 0)
(0.005600219095 0.06510344747 0)
(0.03065979159 0.09110512849 0)
(-0.04632194619 0.05972071358 0)
(0.0222258107 0.004885399002 0)
(0.1487734956 0.05375972606 0)
(0.1425828988 0.05072141763 0)
(0.1542307442 0.04932442531 0)
(0.1608450105 0.05154459606 0)
(0.1678937832 0.04681954565 0)
(0.03941205515 0.07832810573 0)
(0.009369500575 0.03462896836 0)
(-0.03856813302 0.08744554483 0)
(0.07086504149 0.08461228538 0)
(0.01469190463 0.02899824611 0)
(-0.01030444502 0.06959204549 0)
(0.01776346166 0.005843329191 0)
(0.1153287494 0.08221907597 0)
(0.01067016401 0.005693811304 0)
(0.0120262661 0.06402554526 0)
(0.00711858819 0.03686715291 0)
(0.007422520621 0.03874841081 0)
(0.03872041216 0.04452044612 0)
(0.1057954478 0.08436316232 0)
(0.0135373104 0.05590352861 0)
(0.1320092874 0.08358702271 0)
(0.1703772033 0.09616709698 0)
(0.00460110101 0.04903672117 0)
(0.007331030362 0.0330661059 0)
(-0.07642325023 0.05905715585 0)
(0.02225609344 0.01987081185 0)
(0.01346990468 0.09366914065 0)
(0.06067660842 0.05381181097 0)
(0.009820972656 0.07030906146 0)
(0.01075241828 0.08781554582 0)
(0.07055296005 0.02081446256 0)
(0.1262509665 0.03184019017 0)
(0.1001398212 0.04448069173 0)
(0.1923037629 0.06648108656 0)
(0.009662585022 0.05176636026 0)
(0.04606692373 0.03704316853 0)
(-0.04800596819 0.09216533108 0)
(0.001753907355 0.09239504085 0)
(0.1965890926 0.006558416344 0)
(0.1235264855 0.05065037919 0)
(-0.03998124898 0.05681027083 0)
(0.02422506423 0.01532997757 0)
(-0.07592492119 0.05306669347 0)
(0.01441152652 0.07335095932 0)
(0.06770039802 0.08670665538 0)
(0.1090542909 0.08614736991 0)
(0.01750574678 0.05376422386 0)
(0.0406470744 0.09356606486 0)
(0.01165487556 0.0569807844 0)
(0.02200615549 0.07500133703 0)
(0.01653307819 0.0812656542 0)
(-0.0540273378 0.08108808409 0)
(0.1189959164 0.0916835123 0)
(0.08030169422 0.01870594668 0)
(0.01056359704 0.02072833415 0)
(0.06059296312 0.04374276835 0)
(0.07374929796 0.01894671612 0)
(0.04416439902 0.06632246155 0)
(0.01459173656 0.008614647226 0)
(0.1741476795 0.03419169497 0)
(0.03526753933 0.03157373242 0)
(0.07897554401 0.06061681131 0)
(-0.09102223418 0.05330218488 0)
(0.01416607394 0.02025243599 0)
(0.02723387552 0.08933369419 0)
(0.005286904715 0.002821162307 0)
(0.1319695512 0.06337160646 0)
(-0.009683913385 0.05713521246 0)
(0.1432010096 0.04401111268 0)
(0.009429211423 0.006690992468 0)
(0.06734101121 0.01915566466 0)
(-0.02269289595 0.08274119033 0)
(0.002431767139 0.001348665801 0)
(-0.06978258662 0.06714149835 0)
(0.1222937966 0.09368558029 0)
(0.05426064611 0.08871902204 0)
(0.1379613968 0.04608789678 0)
(0.007999013575 0.01641884521 0)
(0.1210885892 0.06626422103 0)
(0.03611545915 0.05787899447 0)
(0.1033349057 0.04243258264 0)
(0.04166131352 0.006557399743 0)
(0.1815317242 0.003783717608 0)
(0.0272849291 0.0689755505 0)
(-0.05949619505 0.09323851338 0)
(-0.08333881445 0.0532833624 0)
(0.02545342635 0.0108755628 0)
(0.1053783229 0.01713176048 0)
(0.1167596158 0.05050587222 0)
(0.03361674569 0.09692713571 0)
(0.06587410154 0.05484456921 0)
(0.1121944154 0.02444669996 0)
(0.01757237299 0.01560930052 0)
(0.04962463528 0.05350286611 0)
(0.006226126253 0.05560775522 0)
(0.00750634681 0.04853723821 0)
(0.00837857525 0.01828852866 0)
(0.1367711383 0.09321918031 0)
(0.03848945169 0.04163346311 0)
(-0.09308963148 0.05706866802 0)
(0.1337671175 0.037837916 0)
(0.1118689625 0.008860359262 0)
(0.01617341849 0.02128129639 0)
(0.08237048112 0.06224364322 0)
(-0.08733595113 0.06979139697 0)
(0.001232047887 0.05328164756 0)
(0.1118978379 0.01255727254 0)
(0.1539478162 0.03799418382 0)
(-0.06324739078 0.07133664671 0)
(0.1483443792 0.04721137765 0)
(0.1445951649 0.07379441172 0)
(0.1771304687 0.09229885521 0)
(0.02451130678 0.05281841874 0)
(0.1932203184 0.09644641834 0)
(0.1538868002 0.09295537688 0)
(0.03652350782 0.08019848707 0)
(-0.01287914191 0.06783357248 0)
(0.1684064721 0.003542961539 0)
(0.03193399374 0.01876742921 0)
(0.09751534642 0.003031603934 0)
(0.1141887824 0.003346582712 0)
(0.05919822306 0.09310751106 0)
(0.08714257443 0.0931081126 0)
(0.02470489473 0.08022460669 0)
(-0.08928613408 0.08432569825 0)
(0.1048047687 0.006386722544 0)
(0.01058088298 0.09128304131 0)
(0.0300533863 0.07055211485 0)
(0.106592796 0.04018195871 0)
(-0.005285398951 0.07609094452 0)
(0.02423956747 0.09142572571 0)
(0.01200652752 0.07458233235 0)
(-0.02280149443 0.08647218632 0)
(0.085328627 0.06028895961 0)
(0.01634844566 0.02354913477 0)
(0.07695293618 0.02060766298 0)
(0.1328241008 0.01918309187 0)
(0.02624519394 0.04379416149 0)
(0.03581376799 0.0402491501 0)
(0.02473838943 0.0767298536 0)
(-0.04571933773 0.05606436724 0)
(0.01141910031 0.05075541498 0)
(0.1274819246 0.05261932197 0)
(0.1763120345 0.05857546031 0)
(0.04095600689 0.04008566532 0)
(0.03779222272 0.02996860588 0)
(0.1626723274 0.07764728615 0)
(0.1065852981 0.03632078167 0)
(0.04611768573 0.01809931729 0)
(0.1554029734 0.0695090956 0)
(0.05257949748 0.05524477741 0)
(0.04652227722 0.09692041244 0)
(0.08320184578 0.02050354012 0)
(-0.01562924533 0.06608591155 0)
(0.1124587697 0.05535757154 0)
(0.1209774429 0.00609427264 0)
(-0.05178556701 0.05579639194 0)
(0.03658580136 0.009542676306 0)
(0.08400978605 0.00622253414 0)
(0.01863080912 0.02709943858 0)
(-0.00821096826 0.09351939672 0)
(0.1315192559 0.04142077975 0)
(0.001295393967 0.04249333761 0)
(-0.05733304828 0.08282762159 0)
(0.002751490514 0.04337587897 0)
(0.1501170658 0.006882561536 0)
(0.01847237564 0.02474518836 0)
(0.08630239119 0.01857901597 0)
(0.02873949318 0.01204900802 0)
(0.05568032192 0.0571826153 0)
(-0.09697878529 0.05584806016 0)
(0.001328807583 0.04084280189 0)
(0.06068343346 0.04045233883 0)
(0.01499604467 0.03316145906 0)
(0.00978271466 0.002690422434 0)
(0.1085631371 0.01490264727 0)
(0.04370611899 0.04139303871 0)
(0.02302372593 0.02723681687 0)
(-0.05133269629 0.09391307823 0)
(0.1090252117 0.09019986702 0)
(0.08783077864 0.055039598 0)
(0.1556568433 0.01126716619 0)
(0.04636489682 0.03968915722 0)
(0.0214904847 0.08177459804 0)
(0.006141164143 0.05771157927 0)
(0.01615700094 0.007373238303 0)
(0.02039662929 0.006678810027 0)
(-0.003625277352 0.05576228466 0)
(-0.0146418533 0.09271843059 0)
(0.1230704115 0.03763859655 0)
(0.1030482712 0.09704095502 0)
(-0.07518730764 0.07671017823 0)
(-0.06278183555 0.05601642592 0)
(0.1169853862 0.06035489562 0)
(0.007475890481 0.001199144994 0)
(-0.01886181361 0.06748666988 0)
(0.1437536868 0.01312287093 0)
(0.00275450459 0.03994957857 0)
(0.04038474142 0.02832842375 0)
(0.08937867304 0.01659666319 0)
(0.08935077457 0.01297282254 0)
(0.04575902904 0.01435787385 0)
(0.1168389117 0.09680052198 0)
(0.02657991662 0.05148417603 0)
(-0.02202311937 0.06882178066 0)
(0.007798264047 0.05076212711 0)
(-0.02663642786 0.05574025958 0)
(0.02866347966 0.04237507923 0)
(0.009232777784 0.005078614811 0)
(0.03104160019 0.04074027287 0)
(-0.02307812205 0.09016329329 0)
(0.01906001846 0.01217225109 0)
(-0.0608292667 0.08476278867 0)
(0.1286790482 0.0780073134 0)
(0.04329550195 0.0299310203 0)
(0.1782647875 0.02821106369 0)
(0.001270154464 0.02750245622 0)
(0.05425346405 0.005651601162 0)
(0.1352030899 0.06556451346 0)
(0.03298498717 0.06908552122 0)
(0.02905631547 0.0530823748 0)
(-0.09330972597 0.09721262123 0)
(0.09103151574 0.05662644923 0)
(0.02795086035 0.03018841412 0)
(0.04277732178 0.01234427384 0)
(0.03967889205 0.09713627604 0)
(0.04284494029 0.08003186382 0)
(0.1911097432 0.03198255689 0)
(0.003809948103 0.06362562202 0)
(0.180857361 0.01407619883 0)
(-0.08461087328 0.08467269889 0)
(0.002715567277 0.03817460994 0)
(0.002754414503 0.04515017824 0)
(0.02602977418 0.03488899707 0)
(0.1087073559 0.09374772607 0)
(-0.02443189036 0.0638201257 0)
(0.03457422548 0.02010908932 0)
(0.0254924474 0.02859180053 0)
(0.01271193092 0.04753994419 0)
(0.002550451708 0.02685226325 0)
(0.1407140881 0.09384582303 0)
(0.004697379892 0.09375441911 0)
(-0.03115497408 0.06640272723 0)
(-0.06696693341 0.07286488817 0)
(-0.08682108498 0.09319452895 0)
(0.1265418413 0.003054260525 0)
(0.002095137054 0.01289438529 0)
(0.1348897042 0.008888183058 0)
(-0.02124866245 0.05597087147 0)
(-0.005667453139 0.07921802636 0)
(0.0475587899 0.006124986357 0)
(-0.05858577328 0.05918267068 0)
(0.00251528652 0.04661120639 0)
(0.002047662229 0.05528992005 0)
(0.002600968808 0.03014064732 0)
(0.1792418361 0.08012547926 0)
(0.001277573884 0.02920678512 0)
(0.09426954653 0.05829286961 0)
(0.1362959877 0.02090995329 0)
(-0.03417321009 0.06102787919 0)
(0.002398735817 0.03675590898 0)
(-0.01773133138 0.09428633194 0)
(0.1490451395 0.07611004872 0)
(0.1872781929 0.006413737397 0)
(-0.03863407478 0.09048269912 0)
(0.1500577944 0.09379639716 0)
(-0.09664188277 0.09668163325 0)
(0.1011744222 0.06259507334 0)
(0.003939213865 0.06092630835 0)
(0.1628893203 0.006368373538 0)
(-0.02872569343 0.09318752714 0)
(-0.06887636698 0.05564785799 0)
(-0.03515582678 0.05618804307 0)
(0.03622315299 0.0705418034 0)
(-0.006854933168 0.08370432899 0)
(0.06820109607 0.08981044442 0)
(-0.02779826339 0.0651086607 0)
(0.1261541712 0.03551938024 0)
(-0.005528945284 0.0564305624 0)
(0.09000488273 0.0903101599 0)
(0.1823596033 0.09271474383 0)
(0.1556654669 0.01540023098 0)
(0.04549494574 0.03431099973 0)
(0.07364208565 0.0939015454 0)
(-0.06932250081 0.08982460824 0)
(0.002548989275 0.008154220393 0)
(0.001244314214 0.03263597258 0)
(0.01532121644 0.05676445995 0)
(0.1405403839 0.0607287012 0)
(0.03731132168 0.0214163228 0)
(0.004894386774 0.05440837565 0)
(0.07334160439 0.008690061061 0)
(0.001239760593 0.03428077371 0)
(0.1753856598 0.05089045647 0)
(0.1311271184 0.05047204259 0)
(0.1434396546 0.01689846004 0)
(0.1635408189 0.09275418748 0)
(0.1136470865 0.09580930497 0)
(0.09720003835 0.05990387061 0)
(0.03150812396 0.05467695557 0)
(0.0638664045 0.007021824206 0)
(0.09671437373 0.08987826397 0)
(0.008254382882 0.07661787774 0)
(-0.04488570815 0.09366895502 0)
(-0.02326423855 0.09370365543 0)
(0.0610313736 0.09037818261 0)
(-0.07787650362 0.09366257559 0)
(0.04285798147 0.009400251995 0)
(0.1324690136 0.08024686132 0)
(0.1840037128 0.00663567813 0)
(0.197003061 0.002982868701 0)
(0.1289217326 0.09282534172 0)
(0.002508005878 0.006587803339 0)
(0.0890663824 0.009579615169 0)
(0.02117248914 0.01305229509 0)
(0.03414370821 0.005236058179 0)
(0.07798143784 0.09080654623 0)
(0.1958544165 0.01099370187 0)
(0.1534973576 0.0435596721 0)
(0.01340637538 0.05789078567 0)
(-0.009990425418 0.08522259967 0)
(-0.0697484072 0.0706651365 0)
(0.04254343639 0.07059260258 0)
(0.01005265001 0.09420065607 0)
(0.04013616033 0.01996343689 0)
(-0.05433864783 0.09522311554 0)
(0.001083870262 0.001084876717 0)
(0.05193932083 0.07773647128 0)
(0.03831605736 0.06886106977 0)
(0.1966997936 0.09671682384 0)
(0.06376628728 0.03853420246 0)
(0.1006998336 0.09562358811 0)
(0.002599149354 0.002609122366 0)
(0.08614248191 0.00859156839 0)
(0.1401463771 0.05477598064 0)
(0.06656412708 0.03722261209 0)
(0.04249673856 0.02132408592 0)
(-0.001828714724 0.05512212547 0)
(0.09305338664 0.09176088483 0)
(0.01400869857 0.06301580989 0)
(0.002501877854 0.005051127689 0)
(0.06867864153 0.005828053252 0)
(-0.06405085669 0.08672906683 0)
(-0.08134357834 0.05600229447 0)
(0.09568232343 0.005532996986 0)
(0.06710757448 0.03240049727 0)
(0.05510781736 0.07933610844 0)
(0.1959148668 0.0888680892 0)
(0.001201349725 0.0104141321 0)
(0.1053445917 0.06643772108 0)
(0.004127113329 0.01002821826 0)
(0.009067375655 0.003795066504 0)
(0.02549991825 0.03304885478 0)
(-0.09737986656 0.05262866177 0)
(-0.09104323447 0.09420711601 0)
(0.01348483668 0.05994839611 0)
(0.1614962279 0.07215245058 0)
(0.01763890869 0.09507182126 0)
(0.04940062456 0.0954328477 0)
(0.0100485798 0.07257204353 0)
(0.1821842598 0.03385704392 0)
(-0.06123341082 0.09093340207 0)
(0.002507713128 0.01674703925 0)
(0.02971146034 0.004169361373 0)
(0.07226004194 0.03329581384 0)
(0.08531161349 0.09684753804 0)
(0.1005887271 0.06504169298 0)
(0.04890215067 0.06977910768 0)
(0.1443971778 0.02027242153 0)
(0.1120439296 0.005815103959 0)
(0.06838975911 0.09556156161 0)
(0.001092079586 0.0226516487 0)
(0.08187067512 0.09619662232 0)
(0.03166935654 0.05725633028 0)
(-0.01751475893 0.05874266913 0)
(-0.009590241018 0.05464234379 0)
(0.118746401 0.09469844902 0)
(0.02090349263 0.09341556497 0)
(0.004938576128 0.0725979532 0)
(0.1349451661 0.04295983845 0)
(0.0009509959999 0.02416666667 0)
(0.03100893755 0.09421037567 0)
(0.1519254109 0.009992381906 0)
(0.01713033498 0.05562688697 0)
(0.01631867004 0.02983375786 0)
(0.1265223753 0.0949105305 0)
(0.01756293312 0.001602681927 0)
(0.05166646099 0.06849221365 0)
(0.1376811837 0.08668367464 0)
(-0.0374927016 0.05551235659 0)
(0.006698271267 0.002289577537 0)
(0.0765461114 0.03050525933 0)
(0.001008742311 0.01265942653 0)
(0.005622074806 0.01056236883 0)
(0.002408906246 0.01507416917 0)
(0.1345111354 0.005851444881 0)
(0.002655726777 0.03536812762 0)
(-0.03278661034 0.05560105522 0)
(-0.00114331066 0.0934742641 0)
(0.04413029268 0.06890387036 0)
(0.002525381628 0.02036874111 0)
(-0.08501284448 0.06590325089 0)
(0.1778663179 0.01154727345 0)
(0.08283649463 0.03027578043 0)
(-0.04944671148 0.09736438375 0)
(0.0256309705 0.03672886354 0)
(0.02936681709 0.008085366755 0)
(0.1659823072 0.006175812594 0)
(0.002542254947 0.0185728811 0)
(0.002072529993 0.06444273174 0)
(-0.0779487535 0.05604384615 0)
(0.04406758187 0.09416833464 0)
(0.0555265807 0.08306994039 0)
(0.1082938438 0.06480814363 0)
(-0.01739644911 0.09738904683 0)
(0.1202536114 0.002805173421 0)
(0.01831592612 0.004266274807 0)
(0.01877135725 0.08264528244 0)
(0.06717460603 0.05277843078 0)
(0.09114643176 0.03297893201 0)
(-0.08908305017 0.05599602097 0)
(-0.003312281246 0.05151860443 0)
(0.1441642696 0.009409553653 0)
(0.09216492629 0.02806851579 0)
(0.1291172158 0.002951655282 0)
(-0.05541621614 0.09763662521 0)
(-0.07319001577 0.09724119099 0)
(-0.09678774024 0.05989758244 0)
(0.05185532231 0.06437035714 0)
(0.03397126015 0.05855105439 0)
(0.01024681339 0.07592756107 0)
(-0.04859263843 0.05498482351 0)
(0.1532700292 0.0739120079 0)
(-0.01319253703 0.08344320667 0)
(-0.04243508185 0.05558317266 0)
(0.002571884852 0.009511190012 0)
(0.1727016434 0.0929798628 0)
(0.001469155484 0.04915306704 0.001)
(0.001380584318 0.03917682469 0.001)
(0.04867844384 0.003184015512 0.001)
(0.001216515943 0.03091985181 0.001)
(0.04278875831 0.09686181152 0.001)
(0.07343576362 0.003219982511 0.001)
(0.08906582698 0.09650535209 0.001)
(0.1105999956 0.00330516879 0.001)
(0.1205958142 0.09704226355 0.001)
(0.1356663706 0.003240200091 0.001)
(0.06098297008 0.09651439051 0.001)
(0.1383133444 0.09663910606 0.001)
(0.08997318231 0.003245851015 0.001)
(0.152206711 0.003231065252 0.001)
(0.001413583917 0.05098344812 0.001)
(0.002999979263 0.05001122102 0.001)
(-0.004772055076 0.05209915819 0.001)
(0.002934897688 0.05193029574 0.001)
(0.004606867244 0.05090406132 0.001)
(0.001227335616 0.02105049166 0.001)
(0.03247891889 0.003167561769 0.001)
(0.02920275993 0.09684155435 0.001)
(0.004595281476 0.05276090857 0.001)
(0.006238889494 0.05181938774 0.001)
(0.00631138596 0.05372395502 0.001)
(0.007972309528 0.05279424873 0.001)
(0.0080132126 0.05481454123 0.001)
(0.00981305427 0.05380653489 0.001)
(0.01579384677 0.001755360766 0.001)
(0.009816378891 0.05590276811 0.001)
(0.01167306499 0.0548441583 0.001)
(0.01162522659 0.05274848418 0.001)
(0.01355501746 0.0537546539 0.001)
(0.01351037821 0.05157707716 0.001)
(0.01550909059 0.05263279851 0.001)
(0.01544962968 0.05023941471 0.001)
(0.01754579265 0.05145205906 0.001)
(0.01746019879 0.04893007621 0.001)
(0.01971047491 0.05032903183 0.001)
(0.007990056822 0.0569072564 0.001)
(0.0196162191 0.04777602845 0.001)
(0.02189878986 0.04910765788 0.001)
(0.021804741 0.04647618528 0.001)
(0.02404592288 0.04770989872 0.001)
(0.02426726311 0.05033747314 0.001)
(0.02644087459 0.04895892265 0.001)
(0.01548547356 0.05483845042 0.001)
(0.1063391463 0.09626350902 0.001)
(0.02633493872 0.04634117564 0.001)
(0.02875061184 0.04760321789 0.001)
(0.02873498737 0.05038235346 0.001)
(0.03117708897 0.04899697611 0.001)
(0.152268452 0.09671113713 0.001)
(0.03115268686 0.0461535846 0.001)
(0.03365324512 0.04755988817 0.001)
(0.03366664887 0.05046017282 0.001)
(0.03620516837 0.04899620588 0.001)
(0.03620891307 0.05195811065 0.001)
(0.03880587312 0.05045920158 0.001)
(0.03876849788 0.04745217526 0.001)
(0.04142022053 0.04892303006 0.001)
(0.1658892155 0.09605663397 0.001)
(0.04144296999 0.05196486264 0.001)
(0.04409580162 0.05042154717 0.001)
(0.0440595034 0.04733686189 0.001)
(0.04677002451 0.04884455889 0.001)
(0.04672294622 0.04572796103 0.001)
(0.04946099512 0.04725119989 0.001)
(0.04950389914 0.05038961817 0.001)
(0.05224870327 0.0488059228 0.001)
(0.05219829043 0.04559794504 0.001)
(0.05502226395 0.04715566515 0.001)
(0.05506541976 0.05041858367 0.001)
(0.05788996268 0.04874441634 0.001)
(0.07489871549 0.09678733483 0.001)
(0.05792005108 0.05203980537 0.001)
(0.06079167649 0.05034486965 0.001)
(-0.006617619618 0.09671819811 0.001)
(0.001443054487 0.0141027375 0.001)
(0.06075136347 0.04704644261 0.001)
(0.0636857064 0.04864849479 0.001)
(0.06394247125 0.05234903003 0.001)
(0.06664523244 0.05028614983 0.001)
(0.06652744701 0.0468545323 0.001)
(0.06957703239 0.04854465448 0.001)
(0.06963021064 0.05197363899 0.001)
(0.07259705397 0.05022319746 0.001)
(0.07249529593 0.0467387153 0.001)
(0.07558335062 0.04845670134 0.001)
(0.07563021606 0.05193319012 0.001)
(0.078633935 0.05016039059 0.001)
(-0.02101150904 0.05306534136 0.001)
(0.07858637068 0.04666129115 0.001)
(0.08164784801 0.04836980861 0.001)
(0.08169263893 0.05188392384 0.001)
(0.08472165034 0.05008582788 0.001)
(0.08472738508 0.0535514524 0.001)
(0.08776622396 0.05173592984 0.001)
(0.08775337305 0.04825398028 0.001)
(0.0908582612 0.04998224211 0.001)
(0.09081104482 0.04642876505 0.001)
(0.0939261757 0.04817288066 0.001)
(0.09397892752 0.05174264561 0.001)
(0.09705510019 0.04991741649 0.001)
(-0.05412660554 0.05313334763 0.001)
(0.09710606355 0.05350029522 0.001)
(0.1001940455 0.05166243094 0.001)
(0.1001478111 0.04806371029 0.001)
(0.1033186193 0.04979937651 0.001)
(0.1033664666 0.05345130017 0.001)
(0.1065147619 0.05158552213 0.001)
(0.1064655516 0.04789653557 0.001)
(0.1097065091 0.04971554161 0.001)
(-0.06868869647 0.05248186551 0.001)
(0.1096496455 0.04592658688 0.001)
(0.1130520463 0.04794001125 0.001)
(0.1130001671 0.05163959019 0.001)
(0.01139431456 0.09690359975 0.001)
(-0.03542082491 0.05334473116 0.001)
(0.1129430934 0.04393869179 0.001)
(0.1164697831 0.04604934139 0.001)
(-0.02063522492 0.09662851971 0.001)
(-0.0525448715 0.09726886076 0.001)
(0.06094841165 0.004036563976 0.001)
(-0.03842731744 0.09650074492 0.001)
(0.1645615954 0.003252402256 0.001)
(-0.06988612211 0.09661079222 0.001)
(0.1163230003 0.04193988956 0.001)
(0.11994636 0.04390330457 0.001)
(0.1128559765 0.04001521932 0.001)
(0.01955876966 0.04519067133 0.001)
(0.1161695703 0.03796925662 0.001)
(0.009058277056 0.001316406771 0.001)
(0.001537593697 0.02566569601 0.001)
(0.1127330571 0.03613326408 0.001)
(0.1160121503 0.03406781714 0.001)
(0.009839138035 0.05809068567 0.001)
(0.007906716381 0.05914521574 0.001)
(0.009838859568 0.06036276233 0.001)
(0.007816410048 0.06150888039 0.001)
(0.009845914819 0.06273268679 0.001)
(0.00775529291 0.06393319423 0.001)
(0.009854480669 0.06520309834 0.001)
(0.00767054789 0.06643211691 0.001)
(0.009851494009 0.06774434218 0.001)
(0.0120866732 0.06646344205 0.001)
(0.01210197914 0.06910028097 0.001)
(0.01448854929 0.06767683557 0.001)
(0.00759554559 0.06902154593 0.001)
(0.005354234419 0.06764401575 0.001)
(0.005193900697 0.07022116096 0.001)
(0.0028505155 0.06871471155 0.001)
(0.01445561924 0.07049326434 0.001)
(0.01694524093 0.06899195842 0.001)
(0.002735345708 0.07153869863 0.001)
(0.0003116374664 0.06989224351 0.001)
(0.001363304497 0.009089454828 0.001)
(0.112604616 0.03227441067 0.001)
(0.01689925621 0.07195218726 0.001)
(0.01944339798 0.070468253 0.001)
(0.1232314214 0.003476248294 0.001)
(0.0002519116106 0.07311227783 0.001)
(-0.002232051768 0.07154507832 0.001)
(0.01346254775 0.04923331576 0.001)
(0.0030538235 0.07477711894 0.001)
(0.01942984016 0.07348506689 0.001)
(0.02204164633 0.07197905872 0.001)
(0.001375369837 0.04415131793 0.001)
(0.016808844 0.07496610586 0.001)
(0.003183260157 0.05387282135 0.001)
(0.1158252519 0.03011766647 0.001)
(0.119320084 0.03200863678 0.001)
(0.1123727253 0.02833709979 0.001)
(0.1092218257 0.03046525508 0.001)
(0.1090729782 0.02666228565 0.001)
(0.1058802582 0.02868246287 0.001)
(-0.002529355074 0.07470101297 0.001)
(-0.005035145236 0.07296295327 0.001)
(-0.004858952902 0.06977629233 0.001)
(-0.007669866062 0.07128285314 0.001)
(-0.007826967281 0.07445709076 0.001)
(-0.01054667036 0.07273369822 0.001)
(0.02202019277 0.06893369683 0.001)
(0.02466479138 0.07043841561 0.001)
(0.02473879928 0.07350928201 0.001)
(0.02739801891 0.07200585793 0.001)
(0.179915067 0.09637003221 0.001)
(0.1057668641 0.02484027217 0.001)
(0.1025394027 0.02690637009 0.001)
(-0.01069329544 0.07603086515 0.001)
(-0.01349855957 0.07421289896 0.001)
(0.1772258163 0.003993129237 0.001)
(0.1191295666 0.02798152198 0.001)
(0.1226985861 0.02991897846 0.001)
(0.02750217834 0.0751532774 0.001)
(0.03028898651 0.07357224399 0.001)
(-0.07983370064 0.05311724695 0.001)
(-0.07991506697 0.09637003221 0.001)
(0.1866215657 0.05233279654 0.001)
(0.1024287415 0.02306763554 0.001)
(0.09920351007 0.02513570162 0.001)
(0.03034969243 0.0768432252 0.001)
(0.03325230254 0.07514388556 0.001)
(0.03310212597 0.07205777517 0.001)
(0.03621115732 0.07352693187 0.001)
(0.1225394435 0.0259134004 0.001)
(0.126170484 0.02780823396 0.001)
(-0.007504201331 0.06813971829 0.001)
(0.03623438609 0.07677604427 0.001)
(0.03917606033 0.07502205363 0.001)
(0.03947214262 0.07142248148 0.001)
(0.04226389343 0.07329138558 0.001)
(0.04228956443 0.07660027021 0.001)
(0.04522917653 0.07482916977 0.001)
(0.04544598685 0.07130678077 0.001)
(0.04834597709 0.07309939018 0.001)
(0.048512471 0.07639967041 0.001)
(0.05145451506 0.07447248855 0.001)
(0.02457887676 0.06737894837 0.001)
(-0.01365580775 0.07757171409 0.001)
(-0.01650002276 0.07575310192 0.001)
(0.02124976276 0.002432249224 0.001)
(-0.01632583753 0.07235144739 0.001)
(-0.01937511866 0.0739037428 0.001)
(-0.01954467477 0.07734378874 0.001)
(-0.02246999023 0.07547267815 0.001)
(-0.02262980231 0.07895081385 0.001)
(-0.02560138266 0.07706310724 0.001)
(-0.02541749349 0.07354192306 0.001)
(-0.02858322025 0.07513173691 0.001)
(0.05126099256 0.0711495383 0.001)
(0.05438311579 0.07265915128 0.001)
(0.05449599323 0.07625050118 0.001)
(0.05754440198 0.07431458536 0.001)
(0.02742609185 0.07852621398 0.001)
(0.1259785219 0.023706605 0.001)
(0.1297442126 0.02557899473 0.001)
(0.1299102835 0.02995379934 0.001)
(0.1337917864 0.0275518133 0.001)
(0.1339524466 0.03239321716 0.001)
(0.1383162691 0.02953404233 0.001)
(0.1383770999 0.03501882105 0.001)
(0.1432169196 0.03183823819 0.001)
(0.1432870052 0.0378549742 0.001)
(0.05737794093 0.07070870522 0.001)
(0.06059692372 0.07234925146 0.001)
(0.06077565269 0.07598961202 0.001)
(0.06385249746 0.07400328345 0.001)
(0.06403326712 0.07767025552 0.001)
(0.06712008842 0.07566253917 0.001)
(0.06693310147 0.07201552202 0.001)
(0.07018891946 0.07365982733 0.001)
(0.07039353406 0.07731626233 0.001)
(0.07345705464 0.07530673091 0.001)
(0.07325069784 0.07165837813 0.001)
(0.07651395388 0.07330094036 0.001)
(0.07672485974 0.07694973333 0.001)
(0.07977978878 0.07493934928 0.001)
(-0.02567062205 0.08064152895 0.001)
(-0.02838864426 0.07157967656 0.001)
(-0.03157177877 0.07318721313 0.001)
(0.07999402704 0.07858843196 0.001)
(0.08304561076 0.07657684813 0.001)
(0.08285463165 0.07290894755 0.001)
(0.08610918244 0.07454784226 0.001)
(0.1089027546 0.02256539055 0.001)
(0.08631711768 0.07820910838 0.001)
(0.08936582809 0.07619351649 0.001)
(0.08914809944 0.07253788974 0.001)
(0.09241385806 0.07416970673 0.001)
(0.09263587774 0.07782628906 0.001)
(0.0956846951 0.07580457459 0.001)
(0.09591000961 0.07945875355 0.001)
(0.09896038097 0.07743638534 0.001)
(0.09873527756 0.07377898759 0.001)
(0.1020182107 0.07541023133 0.001)
(0.09906890124 0.02135911418 0.001)
(0.09589238833 0.02336851719 0.001)
(0.09568982639 0.02752901191 0.001)
(0.09256326395 0.02523164906 0.001)
(0.09258294421 0.02162031247 0.001)
(0.08943672499 0.02358634769 0.001)
(0.08944593777 0.02708658454 0.001)
(0.08631914844 0.02553241847 0.001)
(0.08621078399 0.02190370641 0.001)
(0.08313732225 0.02390875578 0.001)
(0.08312568414 0.02734063099 0.001)
(0.07998720755 0.02577916402 0.001)
(0.0800655972 0.02228733575 0.001)
(0.07683185945 0.0241598614 0.001)
(0.07679800486 0.02757039058 0.001)
(0.07367332185 0.02599856267 0.001)
(0.0736904736 0.02248745939 0.001)
(0.07049769489 0.02435054328 0.001)
(0.07062273448 0.02789655249 0.001)
(0.06744789964 0.02621807624 0.001)
(0.0673098859 0.02270211596 0.001)
(0.06429346185 0.02457503149 0.001)
(0.06442702912 0.02809862241 0.001)
(0.06129866062 0.02644802967 0.001)
(0.06115842809 0.0229261858 0.001)
(0.05817570735 0.02479634666 0.001)
(0.05803550605 0.02128089051 0.001)
(0.05507246632 0.02317866213 0.001)
(0.05518538566 0.0266946321 0.001)
(0.05214285708 0.02503881701 0.001)
(0.05194574407 0.02154232807 0.001)
(0.04908994074 0.02344685211 0.001)
(0.04924468927 0.02684745585 0.001)
(0.04624072047 0.02526619344 0.001)
(0.04567527263 0.02155813718 0.001)
(0.04324838667 0.02372011825 0.001)
(0.04325699927 0.0268559628 0.001)
(0.04044120847 0.0253894014 0.001)
(0.04017318917 0.02261620559 0.001)
(0.03757777956 0.02419879579 0.001)
(0.03777069759 0.02712333231 0.001)
(0.03503621504 0.02575713979 0.001)
(0.03481279809 0.02284049866 0.001)
(0.03234535398 0.02439783128 0.001)
(0.03252584511 0.02734804057 0.001)
(0.02988735774 0.02600973933 0.001)
(0.02973415917 0.02312185509 0.001)
(0.0273629092 0.02470251025 0.001)
(0.02716328178 0.02189323091 0.001)
(0.02489477641 0.02346491179 0.001)
(0.02506391447 0.0261089534 0.001)
(0.02271569128 0.02484605777 0.001)
(0.02251573091 0.02232405614 0.001)
(0.02041702884 0.02365477691 0.001)
(0.02021570126 0.02121154841 0.001)
(0.02068852942 0.02597077452 0.001)
(0.01824996798 0.02241060747 0.001)
(0.01806260839 0.02008728984 0.001)
(0.02003020259 0.018801543 0.001)
(0.01784769153 0.01781616146 0.001)
(0.0159418047 0.01907194108 0.001)
(0.01573836887 0.01683378536 0.001)
(0.01393230463 0.0180671278 0.001)
(0.01372982749 0.01592254558 0.001)
(0.01980060065 0.01645209005 0.001)
(0.01197882462 0.01713649603 0.001)
(0.01222911881 0.01931783023 0.001)
(0.01182531955 0.01499660612 0.001)
(0.01352545818 0.01380526033 0.001)
(0.01165738862 0.01291084317 0.001)
(0.1377670568 0.02477843875 0.001)
(0.002230498475 0.09627158226 0.001)
(0.101789936 0.0717493679 0.001)
(0.1050859555 0.0733845057 0.001)
(0.1053263045 0.07704390299 0.001)
(0.1084054813 0.07501876532 0.001)
(0.1086473715 0.07870672895 0.001)
(0.1117408992 0.07666561439 0.001)
(0.1115056405 0.07293564327 0.001)
(0.1148889362 0.07460836511 0.001)
(0.114653272 0.07082305059 0.001)
(0.1180952923 0.07251353089 0.001)
(0.1183182033 0.07635968398 0.001)
(0.121591077 0.0742423524 0.001)
(0.1213531095 0.07031998685 0.001)
(0.1249651628 0.07214531831 0.001)
(0.1247390719 0.06802955333 0.001)
(0.1284859095 0.06995507843 0.001)
(0.1282187767 0.06564634734 0.001)
(0.1320654044 0.06754833136 0.001)
(0.1323337067 0.07200876344 0.001)
(0.1361079088 0.06958463055 0.001)
(0.1363596179 0.07414573382 0.001)
(0.1403307229 0.07160785453 0.001)
(0.1217865235 0.07815692757 0.001)
(0.1396859337 0.06595290919 0.001)
(0.1446629298 0.06890025722 0.001)
(-0.01080396275 0.07938849064 0.001)
(0.01332892466 0.01174379616 0.001)
(0.0114625759 0.01092109966 0.001)
(-0.01041507084 0.05253830368 0.001)
(0.1405048146 0.07632551205 0.001)
(0.04016034937 0.00335244289 0.001)
(0.1223568201 0.02183116319 0.001)
(0.1484451624 0.03468659322 0.001)
(0.1484382437 0.04084461127 0.001)
(0.1302688198 0.0959584985 0.001)
(0.005952813526 0.05999383301 0.001)
(0.006190814809 0.04983885197 0.001)
(-0.06146272529 0.09626556756 0.001)
(0.08172960449 0.003407789452 0.001)
(-0.03143979988 0.06971866275 0.001)
(-0.03458010118 0.07124928286 0.001)
(-0.03476618683 0.07481974411 0.001)
(-0.03778458257 0.07285463163 0.001)
(-0.0379814554 0.07646215638 0.001)
(-0.04101888787 0.07448024623 0.001)
(-0.04081269011 0.07086238572 0.001)
(-0.044059937 0.07248536173 0.001)
(-0.04426801215 0.07612002015 0.001)
(-0.04731314125 0.07412573467 0.001)
(-0.04752039047 0.07776193738 0.001)
(-0.05056379655 0.07576496629 0.001)
(-0.05034438909 0.07210826293 0.001)
(-0.05360437401 0.07374149052 0.001)
(-0.05380691111 0.07743872201 0.001)
(-0.05689451889 0.07546670224 0.001)
(-0.05668103139 0.07170719336 0.001)
(-0.06004609104 0.07338564837 0.001)
(-0.06026860076 0.07726865205 0.001)
(-0.06355174764 0.075169856 0.001)
(-0.05979548993 0.06961873806 0.001)
(0.01008476153 0.01620933568 0.001)
(0.1020473477 0.003889972873 0.001)
(0.1440386481 0.003450661071 0.001)
(0.03015092444 0.02891152008 0.001)
(-0.06385908631 0.07925466366 0.001)
(-0.06741568948 0.07690190924 0.001)
(-0.02820677262 0.06825218977 0.001)
(-0.004748664447 0.06660438756 0.001)
(0.1257551805 0.01963380856 0.001)
(-0.04345678758 0.05304766983 0.001)
(0.009814641198 0.01188262454 0.001)
(0.009752265839 0.01004564179 0.001)
(0.1855463719 0.003321034407 0.001)
(0.02199318675 0.06591140396 0.001)
(0.02452667153 0.0643723272 0.001)
(0.01122008379 0.009041491363 0.001)
(0.009598163027 0.008352027593 0.001)
(0.1027471027 0.03080513447 0.001)
(0.06144098255 0.02995191205 0.001)
(0.02952027346 0.02028160676 0.001)
(0.02109469011 0.09698324132 0.001)
(-0.04447307275 0.07976004061 0.001)
(0.1022556346 0.01927902673 0.001)
(0.09891684232 0.01759286791 0.001)
(-0.04384728015 0.0688597694 0.001)
(0.0769387244 0.08060409199 0.001)
(0.09285855479 0.08148007195 0.001)
(0.09614225153 0.08311290719 0.001)
(0.001404672099 0.00583331484 0.001)
(0.09850811999 0.07012023893 0.001)
(0.005823420699 0.001287923637 0.001)
(0.01237043417 0.001511217976 0.001)
(0.0802130181 0.08224623298 0.001)
(-0.0613067505 0.0531110582 0.001)
(0.06038757617 0.06874550082 0.001)
(0.05720459499 0.06712881329 0.001)
(0.09404234308 0.05519130428 0.001)
(0.07631844373 0.06966494008 0.001)
(0.07306185637 0.06803059368 0.001)
(0.06445876492 0.03145570027 0.001)
(0.08769537385 0.04470047115 0.001)
(0.09076218467 0.04285940684 0.001)
(0.03038254655 0.08025800371 0.001)
(-0.04773170177 0.08140820861 0.001)
(0.04414597612 0.05351391956 0.001)
(0.06093513966 0.07967042128 0.001)
(0.06423108473 0.0813779283 0.001)
(0.05285708249 0.09604848756 0.001)
(0.03266882367 0.03026761497 0.001)
(0.03030464118 0.03180620053 0.001)
(0.03277776153 0.03315666288 0.001)
(0.03033632028 0.0347054625 0.001)
(0.02773961898 0.03312596116 0.001)
(0.1185177049 0.0801947085 0.001)
(0.05520224269 0.05370668356 0.001)
(-0.08833768577 0.09650766709 0.001)
(0.05495654879 0.04391415135 0.001)
(0.05212263821 0.04234023786 0.001)
(0.1386910263 0.04066701898 0.001)
(0.04395411879 0.0443003869 0.001)
(0.0610504781 0.0193935084 0.001)
(0.05788243317 0.01772922544 0.001)
(0.04142220335 0.05508757935 0.001)
(0.04418668464 0.05666618627 0.001)
(0.1112303238 0.06915036563 0.001)
(0.08172366975 0.05539595203 0.001)
(0.08493113562 0.05687967947 0.001)
(0.03375799049 0.05343138988 0.001)
(-0.01960755482 0.08109662423 0.001)
(0.001308042887 0.03589468794 0.001)
(-0.05643600083 0.0679785819 0.001)
(0.03361826919 0.0446730379 0.001)
(0.04142435708 0.05827872882 0.001)
(0.001330605344 0.0175556253 0.001)
(-0.007341405179 0.06502906974 0.001)
(-0.004666471651 0.06358912541 0.001)
(-0.03444601376 0.06774195663 0.001)
(0.1144062884 0.06701118054 0.001)
(0.02173823642 0.04390171395 0.001)
(0.01951330155 0.04265682116 0.001)
(0.136440646 0.07858518531 0.001)
(0.140663195 0.08105646399 0.001)
(0.1445890351 0.07859802707 0.001)
(0.01968318529 0.05303971447 0.001)
(0.01222445861 0.06156559274 0.001)
(0.1017437461 0.06791582136 0.001)
(0.1922776311 0.02200382154 0.001)
(-0.06051943749 0.08115892145 0.001)
(0.148106924 0.02842866348 0.001)
(0.1537815174 0.0312840153 0.001)
(0.1221720296 0.01778163792 0.001)
(-0.02989949888 0.09634166828 0.001)
(-0.08705393365 0.05320257871 0.001)
(0.1534317245 0.02476323224 0.001)
(0.1595208104 0.02744283193 0.001)
(0.1598240562 0.03462128996 0.001)
(-0.02838906005 0.05315221052 0.001)
(0.007445241357 0.07187234346 0.001)
(0.008193897825 0.009255794366 0.001)
(0.1244061937 0.0637560779 0.001)
(0.1279104571 0.06133463439 0.001)
(0.08763454565 0.04111778685 0.001)
(0.008099285046 0.007596509647 0.001)
(-0.09366190981 0.06879792957 0.001)
(0.1219852689 0.08205701678 0.001)
(0.06017132089 0.06518985553 0.001)
(0.02738599943 0.08203303136 0.001)
(0.1445590536 0.06328891145 0.001)
(0.1496338385 0.0660886686 0.001)
(-0.04467088606 0.08341601081 0.001)
(-0.06775019059 0.08130519343 0.001)
(-0.07155048551 0.07871114784 0.001)
(-0.07140298613 0.07393332594 0.001)
(0.1064665821 0.04411364382 0.001)
(0.02168131538 0.04135451932 0.001)
(0.01945676173 0.04014198103 0.001)
(0.01733954498 0.04142740707 0.001)
(0.0172926767 0.03899277504 0.001)
(0.01520969776 0.04023882657 0.001)
(0.01521295262 0.03783039458 0.001)
(0.01320041787 0.03905421504 0.001)
(0.0131389687 0.03680328476 0.001)
(0.01124242466 0.03797498654 0.001)
(0.01121852849 0.03576858563 0.001)
(0.01125605274 0.04018617642 0.001)
(0.01308766937 0.0345154256 0.001)
(0.0111596329 0.03356642054 0.001)
(0.01723693929 0.03647036417 0.001)
(0.01296783182 0.03237787111 0.001)
(0.01105769985 0.03140158464 0.001)
(0.01289067369 0.03023849064 0.001)
(0.01098068673 0.02923777666 0.001)
(0.009247388314 0.03239786323 0.001)
(0.009269148808 0.03689980593 0.001)
(0.1875927313 0.09532685942 0.001)
(0.1922429949 0.07696394012 0.001)
(0.03048418497 0.08384338986 0.001)
(0.02196744201 0.06293419845 0.001)
(0.02445803223 0.06142319547 0.001)
(0.02706298056 0.0628290493 0.001)
(0.1187234291 0.0841109067 0.001)
(0.1065569604 0.05526339873 0.001)
(0.01480995324 0.03098624361 0.001)
(0.05490505179 0.04064423268 0.001)
(0.05202885244 0.03904628182 0.001)
(0.04420087815 0.05988592728 0.001)
(0.01091714765 0.007302945507 0.001)
(0.01264156208 0.007943363861 0.001)
(0.09071248442 0.03926749945 0.001)
(0.06107347043 0.08340780438 0.001)
(0.0644085672 0.08511891505 0.001)
(-0.059524575 0.06587636286 0.001)
(0.06095001371 0.01581201019 0.001)
(0.05772340052 0.01411067532 0.001)
(0.1255383392 0.01560389875 0.001)
(0.07715114655 0.08426531211 0.001)
(0.08043403364 0.08591143216 0.001)
(0.1657882918 0.03059762962 0.001)
(0.119929071 0.04831956286 0.001)
(-0.04794452916 0.08507089929 0.001)
(0.01280782122 0.02807949063 0.001)
(0.01090096482 0.02707543648 0.001)
(0.009115752397 0.02822154956 0.001)
(0.009046899283 0.02612789758 0.001)
(0.1653368836 0.02334494975 0.001)
(0.09308046665 0.08513906087 0.001)
(0.09642955614 0.08667858328 0.001)
(0.144844781 0.08339497475 0.001)
(0.1488715086 0.08087859183 0.001)
(0.1020761633 0.01556471944 0.001)
(0.09875953418 0.01383506764 0.001)
(-0.07196414388 0.0834463792 0.001)
(-0.07592035578 0.08079565843 0.001)
(0.07610697483 0.06604969284 0.001)
(0.07281678565 0.0644287422 0.001)
(0.1221936452 0.08598815659 0.001)
(-0.007183827971 0.06199749508 0.001)
(-0.009930129422 0.06336477048 0.001)
(-0.004530025727 0.06071711877 0.001)
(0.1365099203 0.08335507702 0.001)
(0.09822609899 0.06660597207 0.001)
(-0.01918852489 0.07062184331 0.001)
(-0.05616178618 0.06428271132 0.001)
(0.0216290235 0.03880647213 0.001)
(0.02389445773 0.04003920251 0.001)
(0.01524505643 0.01260850835 0.001)
(0.006702690893 0.008490541365 0.001)
(0.006773143815 0.01015671943 0.001)
(0.006627550869 0.006826057186 0.001)
(-0.0349384404 0.07843152231 0.001)
(0.04139413026 0.06150427608 0.001)
(0.03857414219 0.05970412135 0.001)
(0.09386082384 0.04102400264 0.001)
(0.007286213549 0.02721790067 0.001)
(0.007223118334 0.02521842282 0.001)
(0.02695858295 0.05987522013 0.001)
(-0.002157178304 0.06222629774 0.001)
(0.149242721 0.06014053661 0.001)
(0.1552461253 0.06299764198 0.001)
(0.02697084523 0.01916320601 0.001)
(0.02927753034 0.0174984174 0.001)
(0.02678902881 0.01631106761 0.001)
(0.029098144 0.01466739394 0.001)
(0.02642795674 0.01340423597 0.001)
(0.03175169914 0.01589557816 0.001)
(0.09947161312 0.08474211004 0.001)
(0.03289253386 0.03605581201 0.001)
(0.03536753921 0.03448022211 0.001)
(0.03154497409 0.01288709107 0.001)
(0.03438634445 0.01425582374 0.001)
(0.1236704096 0.04612798655 0.001)
(-0.002046686104 0.05946052578 0.001)
(0.0311107939 0.04342107421 0.001)
(-0.04487108135 0.08708562963 0.001)
(-0.0416128505 0.08541967438 0.001)
(0.01272935061 0.02591033924 0.001)
(0.01943726308 0.07657049067 0.001)
(0.01669661719 0.07809014702 0.001)
(0.02727879827 0.08566460066 0.001)
(0.05702949115 0.06359204407 0.001)
(0.08756564554 0.0375218479 0.001)
(0.0845089935 0.03938363264 0.001)
(0.1291359518 0.0174095798 0.001)
(0.1289590583 0.01336531072 0.001)
(0.1326043448 0.01519601308 0.001)
(0.04701293293 0.05824294656 0.001)
(0.04703203958 0.06152370794 0.001)
(0.0599868864 0.06168702408 0.001)
(0.03552478581 0.03739079189 0.001)
(0.03803482224 0.03581635739 0.001)
(0.1439263679 0.05750883424 0.001)
(0.01520481322 0.04255830615 0.001)
(0.1220026309 0.01376548212 0.001)
(0.1186532403 0.01594034775 0.001)
(0.1184616298 0.01201472708 0.001)
(0.1152330097 0.01415260558 0.001)
(0.02971651737 0.06133905148 0.001)
(0.05501085801 0.03728678055 0.001)
(0.05774804289 0.03894594037 0.001)
(0.002884276218 0.04813985002 0.001)
(0.1227978441 0.03392801025 0.001)
(0.09381299654 0.03740310559 0.001)
(0.09698883049 0.03918014888 0.001)
(0.01218891996 0.006223927337 0.001)
(0.01393116625 0.00677610204 0.001)
(0.1110958227 0.06551922445 0.001)
(0.1141113142 0.06321639058 0.001)
(0.02421307104 0.083899051 0.001)
(0.09976650599 0.08832148373 0.001)
(0.1028083974 0.08641068449 0.001)
(-0.06793063767 0.08617214304 0.001)
(0.103388063 0.05713610749 0.001)
(0.01417903222 0.0764032404 0.001)
(0.0139460442 0.07958688967 0.001)
(0.01124177381 0.07792017821 0.001)
(0.0110497665 0.08106237894 0.001)
(0.01386669072 0.08283208982 0.001)
(0.01092218481 0.0843722655 0.001)
(0.008090502942 0.08250820411 0.001)
(0.007929053015 0.08589283754 0.001)
(0.005068930395 0.08400059968 0.001)
(0.01379806825 0.08624775212 0.001)
(-0.06297131755 0.06752776483 0.001)
(-0.06269787076 0.06368331589 0.001)
(-0.0662287949 0.06537769943 0.001)
(-0.0003406631403 0.05163201548 0.001)
(0.0219096953 0.0600672083 0.001)
(0.01952262262 0.06150365464 0.001)
(0.008914009717 0.02410276091 0.001)
(0.007128961958 0.0232199412 0.001)
(0.05197114635 0.0357397261 0.001)
(0.04909201294 0.03762763058 0.001)
(0.007995737583 0.005967612707 0.001)
(0.1548470004 0.05624321998 0.001)
(0.1615740894 0.05930511003 0.001)
(0.1618936123 0.06637206365 0.001)
(0.06311460309 0.06325808316 0.001)
(0.03412359211 0.01104446374 0.001)
(0.03706890822 0.01246967444 0.001)
(0.03846145903 0.06297528568 0.001)
(0.1240067848 0.05934789207 0.001)
(0.1276479504 0.05691763221 0.001)
(0.1255229514 0.08384535485 0.001)
(0.03822285281 0.03871821485 0.001)
(0.04074242934 0.03717363696 0.001)
(-0.00975865908 0.06032955775 0.001)
(-0.01254702735 0.06163243239 0.001)
(0.02992183438 0.06448951242 0.001)
(0.1189168814 0.08807162866 0.001)
(0.1154991012 0.08615047447 0.001)
(0.1718281276 0.02625691569 0.001)
(0.1707400346 0.01914402641 0.001)
(0.1936840006 0.003284048204 0.001)
(0.07584786603 0.0624734092 0.001)
(0.07917002835 0.06410879296 0.001)
(0.07261373295 0.06085433506 0.001)
(0.03048028129 0.08753042894 0.001)
(0.03366464024 0.08565624077 0.001)
(0.03372401094 0.08938983203 0.001)
(0.03699199426 0.08746061163 0.001)
(0.1490305586 0.08568062993 0.001)
(0.1534191434 0.08329040037 0.001)
(-0.01271773532 0.06474446517 0.001)
(-0.0154268557 0.06297801613 0.001)
(-0.01517341124 0.05975506904 0.001)
(-0.01813846987 0.06131394389 0.001)
(0.1663812407 0.03816832462 0.001)
(0.01467407298 0.02692925188 0.001)
(-0.07632451212 0.0856590082 0.001)
(-0.08034887822 0.08290098259 0.001)
(-0.07975376882 0.07780365436 0.001)
(-0.004155418681 0.0580610395 0.001)
(0.05006806951 0.05993906459 0.001)
(0.1450079888 0.08812029863 0.001)
(0.077429551 0.08780385375 0.001)
(0.08073128249 0.08942702371 0.001)
(0.08373048109 0.08752988356 0.001)
(0.07409583499 0.08626375 0.001)
(0.004847052283 0.08747494498 0.001)
(0.001952616657 0.08552233011 0.001)
(0.1648744713 0.01658190019 0.001)
(-0.04816364326 0.08873585431 0.001)
(-0.05123000119 0.0867213525 0.001)
(0.06114928788 0.08709334355 0.001)
(0.05755201655 0.08550378101 0.001)
(0.06461715508 0.08924212541 0.001)
(0.005223539016 0.007721965854 0.001)
(0.005149941545 0.006057158367 0.001)
(0.09323468027 0.08844258921 0.001)
(-0.04478073348 0.09069646404 0.001)
(0.003050627016 0.06611508226 0.001)
(0.06090690776 0.0119637358 0.001)
(0.06409081066 0.01384577221 0.001)
(0.0576701624 0.01024354114 0.001)
(0.05452058502 0.0123863724 0.001)
(-0.00183802479 0.05707588859 0.001)
(0.0001647785333 0.05829634271 0.001)
(0.04060134087 0.03413245108 0.001)
(0.002266653154 0.08207657796 0.001)
(-0.0008779059839 0.08354436869 0.001)
(-0.001203617868 0.08703542835 0.001)
(-0.004025549262 0.08514229468 0.001)
(-0.004400140029 0.08852310743 0.001)
(-0.007286482682 0.0864956882 0.001)
(0.1687330706 0.06288360052 0.001)
(0.1679522042 0.07171117784 0.001)
(0.1760069866 0.06701349899 0.001)
(-0.08494843169 0.08006947883 0.001)
(-0.09485013711 0.08778297238 0.001)
(0.0844169959 0.03577918737 0.001)
(0.08135826358 0.03764251831 0.001)
(0.05003562821 0.06312298253 0.001)
(0.04864875941 0.03420429451 0.001)
(0.005477869658 0.02429873836 0.001)
(0.00538193429 0.02232628044 0.001)
(0.007008231965 0.021269959 0.001)
(0.005284994918 0.02039549648 0.001)
(0.1156834208 0.09017285028 0.001)
(0.1123372768 0.08811045346 0.001)
(0.1481225631 0.02245859223 0.001)
(0.152597111 0.01879400367 0.001)
(0.1473698467 0.01644887319 0.001)
(0.006864115555 0.0193465821 0.001)
(0.005170273412 0.01850369485 0.001)
(-0.09463377492 0.05320703452 0.001)
(-0.004109529209 0.0816201426 0.001)
(0.06292250984 0.05976977328 0.001)
(-0.06595009663 0.06140749996 0.001)
(-0.06957064095 0.06317078644 0.001)
(0.007809707584 0.08939059701 0.001)
(0.007359047707 0.02925957693 0.001)
(0.005613416002 0.02831215863 0.001)
(0.005664379394 0.03024694622 0.001)
(0.06400171809 0.01014250695 0.001)
(0.06722987096 0.01190157481 0.001)
(0.0543117841 0.008803517001 0.001)
(0.05121324045 0.01061387014 0.001)
(0.1318233476 0.05888765062 0.001)
(0.13161818 0.05435103095 0.001)
(0.1019473717 0.01181250243 0.001)
(0.09859905076 0.01007784219 0.001)
(0.09543989419 0.01209320735 0.001)
(0.1052399907 0.01348311945 0.001)
(0.1257181008 0.08787674663 0.001)
(0.0551937585 0.03382181583 0.001)
(0.06699066215 0.008182204226 0.001)
(0.07026974992 0.009465124309 0.001)
(0.07048968048 0.01356390459 0.001)
(0.07360619763 0.01169010345 0.001)
(0.04135696354 0.06474231682 0.001)
(0.02391722608 0.08761943312 0.001)
(0.1094451854 0.03815767375 0.001)
(0.001326275175 0.002409051116 0.001)
(0.03729149535 0.01573849682 0.001)
(0.03998643018 0.01390657806 0.001)
(0.1699488519 0.01281764707 0.001)
(0.1753838446 0.01473171116 0.001)
(0.03097804854 0.009692073372 0.001)
(0.05145898304 0.01429901095 0.001)
(0.04839909653 0.01265262106 0.001)
(0.0370168813 0.09127071447 0.001)
(0.04029825537 0.08933975219 0.001)
(0.04028884391 0.08552035249 0.001)
(0.04360251135 0.08740751438 0.001)
(0.1150098343 0.0102787544 0.001)
(0.1533328155 0.07827819999 0.001)
(0.1579625584 0.08053123169 0.001)
(0.1580734636 0.08595975334 0.001)
(0.1626737187 0.08321589646 0.001)
(0.1153582766 0.01803529827 0.001)
(0.1322388413 0.01112517019 0.001)
(0.1359823675 0.01293739209 0.001)
(0.01949616737 0.05871888411 0.001)
(0.02186730271 0.05724580643 0.001)
(0.02941919546 0.05837903704 0.001)
(0.026864588 0.05693911177 0.001)
(0.02376095366 0.03756562532 0.001)
(0.02613903626 0.03869007349 0.001)
(0.02154020787 0.03624622626 0.001)
(0.1517964093 0.01379483793 0.001)
(0.0697775856 0.06640270201 0.001)
(0.08131799435 0.03334172303 0.001)
(0.0782062216 0.03579321016 0.001)
(0.07832666545 0.03948122657 0.001)
(0.07515985044 0.03772718773 0.001)
(0.01717600129 0.0601101365 0.001)
(-0.05310607942 0.0663615153 0.001)
(-0.05284173132 0.06268074152 0.001)
(-0.05582435755 0.060720465 0.001)
(0.07516742458 0.03361910304 0.001)
(0.07215330705 0.03609696176 0.001)
(0.0721312281 0.03957275793 0.001)
(0.06914248395 0.03802816431 0.001)
(0.09522792096 0.068513758 0.001)
(0.09499346977 0.06487780121 0.001)
(0.09810162152 0.06283101835 0.001)
(0.09197483477 0.06686940868 0.001)
(0.09174242974 0.06324592472 0.001)
(0.08873092997 0.06524468566 0.001)
(-0.04060431758 0.06724038595 0.001)
(-0.04361902965 0.06524118902 0.001)
(-0.04039587556 0.06361343391 0.001)
(-0.04340190804 0.06162678439 0.001)
(-0.04019908179 0.06002760954 0.001)
(-0.03724188791 0.06210168939 0.001)
(0.174607207 0.07562436306 0.001)
(0.08980959652 0.0834989182 0.001)
(0.04340541744 0.08357647495 0.001)
(0.04688777843 0.08545399846 0.001)
(-0.00769167567 0.09023649894 0.001)
(-0.01053445332 0.08816248999 0.001)
(-0.01096263656 0.09168281799 0.001)
(-0.01398197495 0.0894215423 0.001)
(-0.01348368746 0.08621545948 0.001)
(-0.01685550293 0.08731884671 0.001)
(0.09693850883 0.03552684176 0.001)
(0.1001424143 0.03731039976 0.001)
(0.09385782974 0.03394147252 0.001)
(0.01501546551 0.01053806904 0.001)
(0.01697869877 0.01137191085 0.001)
(0.01670635368 0.009293969305 0.001)
(0.01880840178 0.01009436217 0.001)
(0.01837816396 0.00803549954 0.001)
(0.02071605938 0.008834032702 0.001)
(0.0209852037 0.01103482429 0.001)
(0.02299250874 0.009772458142 0.001)
(0.02274121002 0.007340808823 0.001)
(0.02519556396 0.008320466779 0.001)
(0.01660834598 0.0630746485 0.001)
(0.09754920627 0.09597602641 0.001)
(0.03211663139 0.05988732444 0.001)
(0.04695074435 0.08937536703 0.001)
(0.1067487506 0.0590752869 0.001)
(0.05797331959 0.08955943999 0.001)
(0.07567272728 0.05895907786 0.001)
(0.1051180068 0.00982040106 0.001)
(0.1287459452 0.009330893391 0.001)
(0.003811617898 0.02332567588 0.001)
(0.0738095855 0.01533049107 0.001)
(0.07694252821 0.01338794385 0.001)
(0.07668273405 0.009678060744 0.001)
(0.08005053148 0.01126400501 0.001)
(0.08024797696 0.01507038247 0.001)
(0.08338340474 0.01312051573 0.001)
(0.03981043527 0.01003291792 0.001)
(0.1030470488 0.09011362915 0.001)
(0.09538812529 0.008459072109 0.001)
(0.09227290377 0.01065863491 0.001)
(0.09238845985 0.01433570291 0.001)
(0.01350040395 0.005016641789 0.001)
(0.01182709617 0.004552232398 0.001)
(0.06754212864 0.0830350491 0.001)
(0.006733330747 0.01744812856 0.001)
(0.005060574522 0.01661837105 0.001)
(0.006618211016 0.01556728606 0.001)
(0.00495558442 0.0147534053 0.001)
(0.08394480134 0.09122813357 0.001)
(0.00643646904 0.01368828441 0.001)
(0.004786698857 0.01295731867 0.001)
(0.01689782201 0.08452395462 0.001)
(0.01700149684 0.08803966788 0.001)
(0.100146507 0.04093189979 0.001)
(0.05032167639 0.08732811498 0.001)
(0.05024247183 0.08345888559 0.001)
(0.04705819244 0.06483854275 0.001)
(0.05661725407 0.06014586621 0.001)
(0.1100522832 0.05728147915 0.001)
(0.1681720028 0.05496699037 0.001)
(-0.0808539551 0.08759995431 0.001)
(0.01539426812 0.005470140207 0.001)
(0.0615745474 0.03342085576 0.001)
(0.1121661444 0.09264375109 0.001)
(0.07456894041 0.09036936495 0.001)
(0.0877658965 0.03348995774 0.001)
(0.1119406224 0.01629202749 0.001)
(0.0145504232 0.0247203486 0.001)
(0.01259795355 0.02371025468 0.001)
(0.02618746354 0.04133670484 0.001)
(0.06616441773 0.06128967828 0.001)
(0.06596617341 0.05780577761 0.001)
(0.04978855959 0.05663199699 0.001)
(-0.05255448533 0.0591174866 0.001)
(-0.01738242936 0.09076773796 0.001)
(-0.02013383748 0.08863912819 0.001)
(0.01360348598 0.08985453265 0.001)
(0.1291480093 0.08567481608 0.001)
(0.1288287612 0.08174910567 0.001)
(0.0248969062 0.005616426397 0.001)
(0.02200309735 0.01744477363 0.001)
(0.0121198799 0.0717086257 0.001)
(-0.062062954 0.05946036278 0.001)
(0.147666109 0.01089094258 0.001)
(0.04330101195 0.03566157296 0.001)
(0.1119648094 0.08038613228 0.001)
(0.1088763175 0.08241510483 0.001)
(0.04343508333 0.03853971431 0.001)
(0.1235421702 0.04171016217 0.001)
(0.1276729872 0.04381556129 0.001)
(0.1278284625 0.03895293374 0.001)
(-0.05142524178 0.09032747147 0.001)
(-0.05455808516 0.08836588969 0.001)
(-0.05428046406 0.08470013839 0.001)
(-0.01842461883 0.06442286152 0.001)
(-0.02121022713 0.06256807204 0.001)
(-0.02064177733 0.05898427166 0.001)
(-0.02402524975 0.0605747693 0.001)
(0.1182184548 0.008173324282 0.001)
(0.01913590788 0.07985857853 0.001)
(0.04876586452 0.01630259047 0.001)
(0.008630480135 0.02009665379 0.001)
(-0.001504218619 0.09056347395 0.001)
(0.04666260442 0.04260017434 0.001)
(0.08326104066 0.009468707789 0.001)
(0.1236266034 0.05502231372 0.001)
(0.120144727 0.05763939861 0.001)
(0.0480329565 0.009088588415 0.001)
(0.03620176664 0.05497532223 0.001)
(0.196125668 0.09348713096 0.001)
(0.06918959166 0.04145010857 0.001)
(0.06610526602 0.03978196435 0.001)
(0.0815881637 0.0448315908 0.001)
(0.0432248806 0.03282588106 0.001)
(0.07247786641 0.05730443974 0.001)
(0.07053238546 0.01724176439 0.001)
(-0.0381703238 0.08009063952 0.001)
(-0.03511170828 0.08208626171 0.001)
(0.1593346213 0.04303953749 0.001)
(0.02394562923 0.03489663395 0.001)
(0.02145217995 0.03362845199 0.001)
(0.02361600907 0.03216856728 0.001)
(0.0213465424 0.03106276862 0.001)
(0.01924200828 0.03242564034 0.001)
(0.01861936984 0.02969836667 0.001)
(0.03065000192 0.03778334231 0.001)
(0.1085304279 0.01126010971 0.001)
(-0.04684500257 0.06683887202 0.001)
(0.08690526286 0.08903718844 0.001)
(0.1628603851 0.08842010369 0.001)
(0.1677330209 0.08596213611 0.001)
(0.1585690783 0.09168698794 0.001)
(-0.04956504355 0.06114461605 0.001)
(-0.0492257795 0.05784325498 0.001)
(-0.05764634136 0.0864218068 0.001)
(-0.05815064432 0.08985204208 0.001)
(-0.06117381534 0.08799355082 0.001)
(0.1080231079 0.06778210328 0.001)
(0.1364035023 0.01709568417 0.001)
(0.1025288637 0.08270833854 0.001)
(0.02775567159 0.00661145981 0.001)
(-0.03191132341 0.08040291555 0.001)
(-0.0320409431 0.08410173436 0.001)
(-0.03530493647 0.0857930368 0.001)
(-0.03226545057 0.0879642476 0.001)
(-0.02882916081 0.08611720204 0.001)
(-0.0355602901 0.08957456523 0.001)
(-0.02900528291 0.08990313554 0.001)
(-0.02162702063 0.06560070291 0.001)
(-0.0945464047 0.08164802757 0.001)
(0.07109981598 0.08830150321 0.001)
(0.07047744159 0.09245551023 0.001)
(0.01726929871 0.01340777752 0.001)
(0.01649947279 0.0257863979 0.001)
(0.1174799009 0.06468831114 0.001)
(0.103588068 0.06085529278 0.001)
(0.004023512482 0.02925280353 0.001)
(0.004081801739 0.03115720051 0.001)
(0.005700871228 0.03213320655 0.001)
(0.004084800556 0.03311940931 0.001)
(0.005719607051 0.03403622951 0.001)
(-0.07693376039 0.09017766141 0.001)
(0.02919973997 0.05569376432 0.001)
(0.01436589616 0.02247857149 0.001)
(0.003977187195 0.02741463249 0.001)
(0.02180904079 0.01498153439 0.001)
(0.0267531508 0.05418210354 0.001)
(0.1033465221 0.0387890015 0.001)
(0.08052765266 0.09327430973 0.001)
(0.1493016117 0.09033162491 0.001)
(0.1451549324 0.09273732294 0.001)
(0.1403532362 0.09001107971 0.001)
(-0.0692113155 0.05930319081 0.001)
(-0.07302205482 0.06089652593 0.001)
(-0.07332671085 0.06513886 0.001)
(-0.07705369892 0.06266377446 0.001)
(-0.07731232145 0.06733923931 0.001)
(-0.08117347695 0.06462071672 0.001)
(-0.08212556098 0.06894802476 0.001)
(0.03982014901 0.08181700074 0.001)
(-0.07341431107 0.05664062739 0.001)
(-0.02404252725 0.05719496192 0.001)
(-0.0270366783 0.05878858174 0.001)
(-0.02725271564 0.06205005756 0.001)
(-0.0304022307 0.06011429744 0.001)
(0.09718588808 0.05693746712 0.001)
(0.03851760503 0.06624543191 0.001)
(0.03560378552 0.06456430348 0.001)
(0.004128924737 0.0349068668 0.001)
(0.005753227868 0.03591390099 0.001)
(0.003972605323 0.03683020065 0.001)
(0.00575263876 0.03781479824 0.001)
(0.004185434116 0.03891247032 0.001)
(0.005805699948 0.03973698043 0.001)
(0.004203258318 0.04077466173 0.001)
(0.005825097932 0.04166406759 0.001)
(0.007481339957 0.0406423802 0.001)
(0.007556257108 0.04253221374 0.001)
(0.005812930048 0.04358168282 0.001)
(0.00752332193 0.04456814922 0.001)
(0.009315655503 0.04349830046 0.001)
(0.009270639511 0.04560964806 0.001)
(0.01109127563 0.04457549795 0.001)
(0.00580251688 0.04552987039 0.001)
(-0.09387028442 0.06237039496 0.001)
(0.08854179843 0.06169264176 0.001)
(0.08554416675 0.06370667734 0.001)
(0.085725492 0.06725119518 0.001)
(0.03414800008 0.008032205045 0.001)
(0.03350010611 0.04183322179 0.001)
(0.03605003739 0.04315507909 0.001)
(0.08199801639 0.05876983142 0.001)
(-0.01597004076 0.06919405896 0.001)
(0.1292479058 0.08965326647 0.001)
(0.1258376386 0.09152058692 0.001)
(0.01104493142 0.04665407574 0.001)
(0.01293071315 0.04565348096 0.001)
(0.009221754094 0.04765022095 0.001)
(0.0401601178 0.01710417706 0.001)
(0.04302313919 0.01568795928 0.001)
(-0.001834803109 0.05212041137 0.001)
(-0.0008041584936 0.05359000953 0.001)
(-0.003065865834 0.05350942193 0.001)
(-0.005345573961 0.05434885931 0.001)
(0.1060406314 0.08808558706 0.001)
(0.003804513538 0.007114337722 0.001)
(0.003751774742 0.005475579566 0.001)
(0.005086671286 0.004435679212 0.001)
(0.003818755877 0.008618492934 0.001)
(0.08337616418 0.0168182766 0.001)
(0.1400631952 0.01483737774 0.001)
(0.1397146847 0.01030636619 0.001)
(0.08645299825 0.01489305402 0.001)
(0.04540725806 0.01085798076 0.001)
(0.04499426378 0.007564525387 0.001)
(0.02187749748 0.07843297867 0.001)
(0.003612004346 0.01578036684 0.001)
(-0.03695984908 0.05838446403 0.001)
(-0.08062362807 0.0595138243 0.001)
(-0.08512083046 0.06171085322 0.001)
(0.06897517787 0.03478268268 0.001)
(0.05792205144 0.05527713485 0.001)
(-0.0308933827 0.06315874177 0.001)
(0.1917389338 0.01418581201 0.001)
(0.00359794305 0.003623368781 0.001)
(0.004208302354 0.04440668835 0.001)
(0.004684345785 0.09095797377 0.001)
(0.1854495679 0.01800877668 0.001)
(0.1848994416 0.02591292415 0.001)
(0.04043625311 0.03127811923 0.001)
(-0.01380643024 0.08094736308 0.001)
(0.1645388762 0.01018921609 0.001)
(0.007395404896 0.03495884856 0.001)
(0.007595393033 0.09281238075 0.001)
(-0.02581027316 0.08815477104 0.001)
(-0.02577111188 0.09194055431 0.001)
(0.02339142078 0.02971415176 0.001)
(-0.09433187649 0.09299274715 0.001)
(0.1599478272 0.01361770152 0.001)
(0.1593149348 0.008203592537 0.001)
(-0.06643537922 0.06918245461 0.001)
(0.03384182542 0.0930572005 0.001)
(0.0537433386 0.06581063832 0.001)
(0.003655211505 0.01953844172 0.001)
(0.1360212724 0.05692727702 0.001)
(0.1358031352 0.05126898121 0.001)
(0.03725191829 0.01864032792 0.001)
(0.1160271046 0.09364904783 0.001)
(0.1150077191 0.006648561774 0.001)
(-0.04307957403 0.05829832985 0.001)
(0.06483142027 0.03498604666 0.001)
(0.09148416015 0.05968888963 0.001)
(0.06516199392 0.09633026323 0.001)
(0.008180189329 0.01458094711 0.001)
(0.05289955725 0.05833451641 0.001)
(0.04126835167 0.06817846758 0.001)
(0.03572905927 0.06763728665 0.001)
(0.1276495124 0.04844702227 0.001)
(0.1318481418 0.007303809366 0.001)
(0.1289071804 0.005512772298 0.001)
(0.1335620769 0.08712168066 0.001)
(0.1327319233 0.09208382622 0.001)
(0.09659062486 0.03161576844 0.001)
(0.106045438 0.09204219661 0.001)
(0.1402316523 0.02014075809 0.001)
(-0.05733528143 0.09569114974 0.001)
(0.002577804089 0.02834442204 0.001)
(0.06110159396 0.0370158328 0.001)
(0.0171443224 0.09161952967 0.001)
(0.1030909686 0.09383001955 0.001)
(0.1085541883 0.006914847257 0.001)
(0.06319150452 0.05606411282 0.001)
(0.10655208 0.06273434482 0.001)
(0.185899821 0.0106560505 0.001)
(0.0499783808 0.06650495268 0.001)
(0.01438220687 0.0650505187 0.001)
(0.09850001919 0.006505374633 0.001)
(0.05245832263 0.003050552947 0.001)
(0.09390226441 0.003028103097 0.001)
(0.1033113437 0.03540735329 0.001)
(-0.07570621723 0.09607609319 0.001)
(-0.0207061522 0.09221983561 0.001)
(0.05741659802 0.006618691404 0.001)
(0.01885301794 0.002844249187 0.001)
(0.01985038515 0.004621114994 0.001)
(0.01924259285 0.05576191867 0.001)
(0.01665458052 0.02803395195 0.001)
(0.08380129112 0.09412860032 0.001)
(0.05838570621 0.0318619436 0.001)
(0.1324814902 0.04640254624 0.001)
(0.1361866515 0.06136508972 0.001)
(0.1103605731 0.09674507083 0.001)
(0.1833320058 0.07298188724 0.001)
(-0.06580475082 0.09637799373 0.001)
(-0.06775674242 0.09307834698 0.001)
(-0.06361215746 0.09325368118 0.001)
(-0.09033606558 0.09039732274 0.001)
(0.02332008527 0.01258405153 0.001)
(0.1916793881 0.08541046298 0.001)
(0.1852119079 0.08220391504 0.001)
(-0.002621076849 0.09657596893 0.001)
(0.09308322346 0.09571614407 0.001)
(0.0904324174 0.0933559686 0.001)
(0.04325068402 0.01876253168 0.001)
(0.06967052097 0.00314839958 0.001)
(0.06575938345 0.004054451546 0.001)
(-0.01053234529 0.08245177602 0.001)
(0.117707195 0.004437080744 0.001)
(0.09603829726 0.09295156693 0.001)
(0.1681191694 0.07955828854 0.001)
(0.1734926096 0.0829828848 0.001)
(0.1728816725 0.08864359725 0.001)
(0.1746958526 0.008926716887 0.001)
(0.169515272 0.007526109543 0.001)
(0.1860298134 0.08895921178 0.001)
(0.1795654502 0.08683434615 0.001)
(-0.04292422879 0.09645832578 0.001)
(-0.04115320205 0.09293043028 0.001)
(-0.04719321874 0.09563997977 0.001)
(0.1250666864 0.006949165039 0.001)
(-0.03443654126 0.09641250691 0.001)
(-0.007787624301 0.0810190914 0.001)
(-0.0112048354 0.09580602835 0.001)
(-0.01512222509 0.09595845939 0.001)
(0.0327356788 0.06607268334 0.001)
(0.02585067085 0.03087789667 0.001)
(-0.00461181071 0.09280604478 0.001)
(0.1576663661 0.07497458534 0.001)
(0.106486092 0.003402556935 0.001)
(0.08613275128 0.003513087103 0.001)
(0.08798345757 0.00635118627 0.001)
(0.03692456771 0.09525350382 0.001)
(0.03614162371 0.003034808066 0.001)
(0.03752301714 0.006487924942 0.001)
(-0.01974251283 0.08493873355 0.001)
(0.1750777112 0.09622160113 0.001)
(0.01297326655 0.003179478035 0.001)
(0.01137100416 0.002923794535 0.001)
(0.01035514363 0.004125586533 0.001)
(0.003578724716 0.02545368028 0.001)
(0.1611874325 0.09620112509 0.001)
(0.1101065062 0.0617099744 0.001)
(0.113354884 0.05900209012 0.001)
(0.05077500831 0.0919308493 0.001)
(0.04688656205 0.09317686306 0.001)
(0.07757650625 0.003399686303 0.001)
(0.1199656849 0.05297501474 0.001)
(0.1782736517 0.02086638572 0.001)
(0.0271995085 0.003170038687 0.001)
(0.002588425786 0.03372637766 0.001)
(-0.07730894198 0.07230710456 0.001)
(-0.07244704247 0.08807684362 0.001)
(-0.007538839958 0.05271503703 0.001)
(-0.007575505991 0.05536411559 0.001)
(0.02774190215 0.009638712624 0.001)
(0.04447292458 0.003829271424 0.001)
(0.03372585012 0.05630499695 0.001)
(0.1565209266 0.00364097853 0.001)
(0.1543906271 0.007126401293 0.001)
(-0.05580335167 0.05676508842 0.001)
(0.01117663234 0.04861173514 0.001)
(0.009439638783 0.04967040591 0.001)
(0.004128385488 0.0464714242 0.001)
(0.005819711745 0.04752128082 0.001)
(0.01480221531 0.06136274425 0.001)
(0.01511577625 0.05890719966 0.001)
(0.1429777892 0.09662242613 0.001)
(0.0001897528486 0.05567302263 0.001)
(0.002197225644 0.05717211656 0.001)
(0.002185231723 0.05953579027 0.001)
(0.01474277246 0.003481926189 0.001)
(0.01477577243 0.09697859445 0.001)
(0.02436102896 0.05557766813 0.001)
(0.02063847165 0.0895181376 0.001)
(-0.07285851815 0.0930995281 0.001)
(0.1492726609 0.07133351277 0.001)
(0.1587677564 0.01999212147 0.001)
(0.148133235 0.00338257413 0.001)
(0.06937125305 0.05925940099 0.001)
(0.06900698802 0.05532740273 0.001)
(-0.002175945581 0.06509054677 0.001)
(9.90528398e-05 0.06353911307 0.001)
(0.03254217436 0.0628572144 0.001)
(0.02983415846 0.06756121818 0.001)
(0.03515859869 0.06079041124 0.001)
(-0.002184765634 0.06816559516 0.001)
(-0.006942950435 0.05861651292 0.001)
(0.01679683973 0.003756405855 0.001)
(-0.08411505308 0.09641728016 0.001)
(0.1726988287 0.003932465071 0.001)
(0.1802708816 0.008501077011 0.001)
(0.05094722863 0.006652631715 0.001)
(-0.0300107623 0.05642206327 0.001)
(0.05701877248 0.09641246863 0.001)
(0.1896119604 0.00328233727 0.001)
(0.06636809174 0.06482490863 0.001)
(0.07976168322 0.007086942149 0.001)
(0.116128083 0.05542555285 0.001)
(0.1120702317 0.0202966404 0.001)
(0.1154468101 0.02212522241 0.001)
(0.1087133855 0.01858668593 0.001)
(0.02853430273 0.03997728204 0.001)
(-0.065583877 0.0575941616 0.001)
(0.06618813709 0.04321481368 0.001)
(0.0634034581 0.04191711494 0.001)
(0.05177921373 0.01799521144 0.001)
(0.1408556998 0.08539734404 0.001)
(0.06296530582 0.09305478777 0.001)
(0.0172402555 0.05757536091 0.001)
(0.06686385235 0.09270905308 0.001)
(0.1032217397 0.06445843099 0.001)
(0.01292791928 0.04346713884 0.001)
(0.1915833123 0.007922199815 0.001)
(0.02466499544 0.09587493426 0.001)
(0.02772356515 0.0931208593 0.001)
(0.1397625499 0.003409405323 0.001)
(-0.02516284121 0.09615303839 0.001)
(-0.06415001091 0.08324085665 0.001)
(0.1237196271 0.09711712055 0.001)
(0.003686021771 0.01764632927 0.001)
(-0.01347493325 0.05267770186 0.001)
(-0.01182007408 0.05535023627 0.001)
(-0.01516765519 0.05634480298 0.001)
(0.003848433948 0.02142591852 0.001)
(0.009374232377 0.03911397585 0.001)
(0.004101876698 0.05850792231 0.001)
(0.004155880026 0.0560764381 0.001)
(0.009186521588 0.03028274756 0.001)
(0.07234716081 0.0431974984 0.001)
(0.03099164608 0.006399221215 0.001)
(0.0203561499 0.08553010779 0.001)
(0.007222754811 0.0963351179 0.001)
(0.02421997075 0.002622984544 0.001)
(0.1364806313 0.0896042308 0.001)
(0.05367172358 0.08525444579 0.001)
(0.05298863494 0.08135162521 0.001)
(0.003242295729 0.01396166886 0.001)
(0.003257571514 0.01223917248 0.001)
(0.004531260986 0.01131381723 0.001)
(0.0029013406 0.01081695156 0.001)
(0.006323125679 0.01172578259 0.001)
(-0.05041054157 0.05293435053 0.001)
(0.03681106946 0.08374031923 0.001)
(0.01248987175 0.02151125859 0.001)
(0.01071264554 0.0228495566 0.001)
(0.05613338685 0.003132612744 0.001)
(0.09206030377 0.006756132289 0.001)
(0.1378134142 0.006460903736 0.001)
(0.01931402051 0.03501992874 0.001)
(0.01717654179 0.03394055064 0.001)
(-0.03949665283 0.05327711073 0.001)
(0.004211626663 0.04254655047 0.001)
(0.002725687961 0.04165737948 0.001)
(0.1323464186 0.07619746377 0.001)
(0.01736663523 0.04387491665 0.001)
(0.01739984208 0.04637021782 0.001)
(0.02767409204 0.02742457034 0.001)
(0.06086555785 0.008365163176 0.001)
(0.01516524177 0.04489288807 0.001)
(0.01494482995 0.04754711334 0.001)
(0.0785643576 0.09676275531 0.001)
(0.07669954326 0.09355361702 0.001)
(0.01032397836 0.01862051491 0.001)
(0.005526088242 0.02631925554 0.001)
(0.07145140015 0.09644037582 0.001)
(0.02182216386 0.05454593462 0.001)
(-0.02577220177 0.08435716261 0.001)
(0.134182561 0.09616684178 0.001)
(0.1537439724 0.08843025365 0.001)
(0.02786983647 0.0365675513 0.001)
(0.02466370333 0.0208274115 0.001)
(0.1121992972 0.08414906681 0.001)
(0.0335095114 0.08201458461 0.001)
(0.01949565528 0.06743070775 0.001)
(0.1189501066 0.02392377158 0.001)
(0.1827727243 0.06351012407 0.001)
(0.008084585645 0.01270948611 0.001)
(-0.06528032702 0.08968919829 0.001)
(-0.06529631733 0.05362668542 0.001)
(0.02440320503 0.05852136837 0.001)
(0.001727236374 0.01161886293 0.001)
(0.08249950422 0.06570576822 0.001)
(0.07846121703 0.04308511613 0.001)
(0.03448839168 0.01722221452 0.001)
(0.005285639041 0.08062848605 0.001)
(0.002571711455 0.07871343602 0.001)
(0.005482320428 0.07736643412 0.001)
(-0.0004324026885 0.08008475603 0.001)
(-0.003250474098 0.07815691134 0.001)
(2.334184595e-05 0.07656937576 0.001)
(0.006264569377 0.074580444 0.001)
(0.008850277555 0.07438785466 0.001)
(0.008176632684 0.07936002466 0.001)
(0.0694623106 0.06283645506 0.001)
(0.09319855329 0.03084755416 0.001)
(0.09942854339 0.02918650392 0.001)
(-0.02436225389 0.05358190947 0.001)
(0.1285818223 0.0740527819 0.001)
(0.05366394164 0.06204285503 0.001)
(-0.03323125742 0.05815648848 0.001)
(0.04623698427 0.0284776534 0.001)
(0.04913301831 0.03039471887 0.001)
(0.04623315305 0.03182008157 0.001)
(-0.04692355653 0.0529726063 0.001)
(0.1096658442 0.04204810167 0.001)
(0.04671510571 0.06812177049 0.001)
(-0.05771171353 0.05321258579 0.001)
(-0.05965927895 0.05628986158 0.001)
(0.0581690845 0.03539219482 0.001)
(0.05514343595 0.03038538516 0.001)
(0.05827164639 0.02835637487 0.001)
(0.01944397418 0.06445195434 0.001)
(0.1094345099 0.03430951285 0.001)
(0.1680411615 0.09156816341 0.001)
(0.06732791734 0.01563247896 0.001)
(0.1206934081 0.06215763044 0.001)
(0.07370325197 0.03003551101 0.001)
(0.05427274064 0.06932484334 0.001)
(0.1061967231 0.03266508337 0.001)
(-0.03173035864 0.05311376641 0.001)
(0.05471032551 0.01603736172 0.001)
(0.08266955963 0.06927941123 0.001)
(-0.0835567995 0.07420586092 0.001)
(0.0521176587 0.02862654026 0.001)
(0.1876199397 0.04039194986 0.001)
(0.1770639675 0.04245207398 0.001)
(0.01950366659 0.01415028529 0.001)
(-0.0816169445 0.09235462732 0.001)
(0.05490229751 0.019649107 0.001)
(0.09560806568 0.0158763029 0.001)
(0.09250441149 0.01799354653 0.001)
(0.09576225888 0.0196351102 0.001)
(0.08936361579 0.01997269723 0.001)
(0.09219621428 0.07051057897 0.001)
(0.07175889575 0.006111042679 0.001)
(0.0797681298 0.02954792698 0.001)
(0.0636451686 0.07037775274 0.001)
(0.016946166 0.06603972546 0.001)
(-0.01724245777 0.05306330898 0.001)
(-0.01835885514 0.05635474734 0.001)
(0.1253394934 0.01152928482 0.001)
(0.1219214328 0.009575104796 0.001)
(0.06999902918 0.07002724155 0.001)
(0.07707869468 0.01705865857 0.001)
(-0.07203949804 0.05307125929 0.001)
(0.09472039778 0.06129417103 0.001)
(0.1055556944 0.02093065236 0.001)
(-0.05922117649 0.06218628589 0.001)
(0.0795758369 0.07129526681 0.001)
(0.0674739076 0.02957841502 0.001)
(0.05527013222 0.09273750119 0.001)
(0.07532691826 0.04134019089 0.001)
(0.1319259695 0.003239588304 0.001)
(0.05185656591 0.03239823258 0.001)
(0.06732045055 0.07933985608 0.001)
(0.07943085677 0.06767247011 0.001)
(-0.01323902298 0.07098699359 0.001)
(0.1836398075 0.09685285256 0.001)
(0.01081697059 0.02496270758 0.001)
(0.08349515978 0.08388526966 0.001)
(0.08619908192 0.02952469885 0.001)
(0.08999363361 0.0303305004 0.001)
(-0.04708581327 0.07048148377 0.001)
(-0.03740141233 0.06565779909 0.001)
(-0.03431759145 0.06438578221 0.001)
(0.08820697311 0.05827417182 0.001)
(0.06412791839 0.01749258638 0.001)
(0.09546101433 0.0721496408 0.001)
(-0.02526950205 0.07014074944 0.001)
(-0.02484984492 0.06696812214 0.001)
(0.04892442688 0.01992835257 0.001)
(0.001386950373 0.007495309139 0.001)
(0.001638806663 0.003981917931 0.001)
(0.1478342793 0.09663119074 0.001)
(0.006551584225 0.005170678175 0.001)
(0.007879295572 0.004351607915 0.001)
(0.08958718661 0.07984447748 0.001)
(0.04643406182 0.08170210083 0.001)
(0.08326684637 0.08022747531 0.001)
(0.1018347184 0.008068574312 0.001)
(-0.05337950071 0.07006132431 0.001)
(0.006514167246 0.003607816471 0.001)
(0.008086946629 0.002729100826 0.001)
(0.01942589241 0.03764975482 0.001)
(0.07366652195 0.07896174202 0.001)
(0.09918729729 0.08109094202 0.001)
(0.005317362853 0.009346489015 0.001)
(0.1188228806 0.01993957352 0.001)
(0.1156302789 0.0261902804 0.001)
(0.004000954744 0.001682608201 0.001)
(0.01402042881 0.001654663828 0.001)
(0.09087557982 0.0533713472 0.001)
(0.1196771056 0.03983961734 0.001)
(0.01510804195 0.03547326257 0.001)
(0.08895380937 0.06885456886 0.001)
(0.07867179706 0.05365673211 0.001)
(0.0351534608 0.02868250569 0.001)
(-0.04983225561 0.06477001451 0.001)
(-0.05076311308 0.07940845042 0.001)
(-0.05098399843 0.08305617928 0.001)
(0.06672672428 0.06839864575 0.001)
(0.07546671889 0.0449132522 0.001)
(0.075227144 0.006327562409 0.001)
(0.08653972253 0.0818652156 0.001)
(0.1334088324 0.02305456991 0.001)
(0.1049710207 0.06984452037 0.001)
(0.0969930393 0.04277397304 0.001)
(0.07388664495 0.08261404726 0.001)
(0.07060260035 0.08097710208 0.001)
(-0.03176454738 0.07675220887 0.001)
(0.1001339511 0.05938785725 0.001)
(0.1032754198 0.04614346454 0.001)
(0.08591798302 0.0708811716 0.001)
(0.09387386432 0.04460171937 0.001)
(0.0286412484 0.04495799032 0.001)
(-0.03760485292 0.06926774031 0.001)
(0.08447786427 0.0324479356 0.001)
(-0.04122144498 0.07811117876 0.001)
(-0.0414170486 0.08175310738 0.001)
(0.01309887093 0.00976314081 0.001)
(0.08675240655 0.08549301372 0.001)
(0.03326225616 0.03899646255 0.001)
(0.08459996221 0.04298032044 0.001)
(0.0492277346 0.07977236979 0.001)
(0.07253939235 0.05369241109 0.001)
(0.1002397635 0.05525606437 0.001)
(0.08466772853 0.04653699986 0.001)
(-0.00795158987 0.07775255809 0.001)
(0.08994476371 0.08696346385 0.001)
(0.0995672914 0.09229562272 0.001)
(0.09996832005 0.03347411875 0.001)
(0.05965131913 0.0578556636 0.001)
(0.1223433123 0.08987628928 0.001)
(0.0001122365689 0.06088461531 0.001)
(0.002032081733 0.0621330173 0.001)
(0.09065298646 0.03566600931 0.001)
(0.03211024625 0.02157414204 0.001)
(-0.01620880752 0.08328791835 0.001)
(0.007358554531 0.03117813432 0.001)
(0.01315795219 0.04128581471 0.001)
(0.04137829084 0.04587808137 0.001)
(0.04118037581 0.04297672084 0.001)
(-0.04158149117 0.08902006967 0.001)
(0.0469145139 0.05506940552 0.001)
(0.05777316145 0.07781677169 0.001)
(0.05799567435 0.08144351454 0.001)
(-0.05513092818 0.09224967449 0.001)
(0.08639174288 0.01133579858 0.001)
(0.06334927345 0.06677205439 0.001)
(0.007499749628 0.04654550351 0.001)
(0.0492266375 0.04093121682 0.001)
(0.002570327174 0.03200293936 0.001)
(-0.02234201009 0.0721125963 0.001)
(0.1419717185 0.006640329175 0.001)
(0.002464211115 0.02217548939 0.001)
(0.002217822728 0.02388120137 0.001)
(0.04939901865 0.04407478917 0.001)
(0.0457083939 0.07816723045 0.001)
(0.1082035883 0.0713526506 0.001)
(-0.03656951389 0.0933229341 0.001)
(-0.03236606752 0.09237881656 0.001)
(0.0378931898 0.03288434272 0.001)
(0.07565523138 0.05541376786 0.001)
(-0.05009884011 0.06843691214 0.001)
(0.05773653444 0.04221754131 0.001)
(0.08147387758 0.04123406748 0.001)
(0.1428221721 0.02541542411 0.001)
(0.02399029704 0.04514225067 0.001)
(0.1565020623 0.09626846257 0.001)
(-0.09037987739 0.07647765524 0.001)
(0.02199509277 0.051688514 0.001)
(0.1022678532 0.07906061525 0.001)
(0.1296947008 0.0344691847 0.001)
(-0.03836416678 0.08376471077 0.001)
(-0.07326452502 0.06958343977 0.001)
(0.001410077961 0.04746548618 0.001)
(0.001399278432 0.04582909332 0.001)
(0.07816487912 0.03252912133 0.001)
(0.05784979953 0.04547103509 0.001)
(0.001380902676 0.01583282897 0.001)
(0.05232800302 0.05196153395 0.001)
(0.1150681543 0.07832316703 0.001)
(0.07874167891 0.05712744076 0.001)
(0.03880867954 0.05351835024 0.001)
(-0.08493953855 0.05707596029 0.001)
(-0.08942728815 0.0597664192 0.001)
(-0.0893084029 0.06444526278 0.001)
(0.1097584311 0.05343914537 0.001)
(-0.05711045567 0.07918371981 0.001)
(-0.02873368088 0.07873179887 0.001)
(0.03133589253 0.05183333079 0.001)
(0.03613938022 0.04609435012 0.001)
(0.1178598513 0.06863376655 0.001)
(0.1462323834 0.006859432871 0.001)
(-0.01661522707 0.07917494701 0.001)
(0.1917692778 0.09147755681 0.001)
(0.00880705705 0.0221040045 0.001)
(0.001341736824 0.03751191877 0.001)
(0.09701716318 0.04634432264 0.001)
(0.009415280492 0.04125036811 0.001)
(0.01119402264 0.04237721608 0.001)
(0.03335387584 0.07851486785 0.001)
(0.04420039619 0.06315116688 0.001)
(0.1194314121 0.03587293677 0.001)
(-0.01009513491 0.06644453723 0.001)
(0.07006664269 0.03135215697 0.001)
(0.001319304302 0.01935502023 0.001)
(0.01075780199 0.001405567995 0.001)
(0.0118081046 0.05918651347 0.001)
(0.005808029142 0.06248920142 0.001)
(0.03877035107 0.05666502499 0.001)
(0.06938744415 0.04500005379 0.001)
(0.04368354894 0.09108549863 0.001)
(-0.04659251074 0.06322275986 0.001)
(0.008156943333 0.0109626748 0.001)
(0.04683302651 0.05194456056 0.001)
(0.1294519448 0.02142373573 0.001)
(0.0005748073715 0.06656571772 0.001)
(0.02451818014 0.01809919467 0.001)
(0.01000672275 0.01397047857 0.001)
(0.01550668211 0.01470623866 0.001)
(0.02718034276 0.06591674808 0.001)
(0.06354970599 0.04523823202 0.001)
(0.06419500012 0.02105057967 0.001)
(-0.01231079732 0.05849602976 0.001)
(0.1252472068 0.07996974539 0.001)
(0.001692441438 0.08904303195 0.001)
(0.02090894827 0.02841042968 0.001)
(0.02393460265 0.04260328668 0.001)
(0.1250724113 0.07604034957 0.001)
(-0.028826322 0.08239205706 0.001)
(0.1605796847 0.003531354889 0.001)
(-0.08533114884 0.0892317321 0.001)
(0.01682622986 0.03167540081 0.001)
(0.1055717361 0.08071418275 0.001)
(0.005600219095 0.06510344747 0.001)
(0.03065979159 0.09110512849 0.001)
(-0.04632194619 0.05972071358 0.001)
(0.0222258107 0.004885399002 0.001)
(0.1487734956 0.05375972606 0.001)
(0.1425828988 0.05072141763 0.001)
(0.1542307442 0.04932442531 0.001)
(0.1608450105 0.05154459606 0.001)
(0.1678937832 0.04681954565 0.001)
(0.03941205515 0.07832810573 0.001)
(0.009369500575 0.03462896836 0.001)
(-0.03856813302 0.08744554483 0.001)
(0.07086504149 0.08461228538 0.001)
(0.01469190463 0.02899824611 0.001)
(-0.01030444502 0.06959204549 0.001)
(0.01776346166 0.005843329191 0.001)
(0.1153287494 0.08221907597 0.001)
(0.01067016401 0.005693811304 0.001)
(0.0120262661 0.06402554526 0.001)
(0.00711858819 0.03686715291 0.001)
(0.007422520621 0.03874841081 0.001)
(0.03872041216 0.04452044612 0.001)
(0.1057954478 0.08436316232 0.001)
(0.0135373104 0.05590352861 0.001)
(0.1320092874 0.08358702271 0.001)
(0.1703772033 0.09616709698 0.001)
(0.00460110101 0.04903672117 0.001)
(0.007331030362 0.0330661059 0.001)
(-0.07642325023 0.05905715585 0.001)
(0.02225609344 0.01987081185 0.001)
(0.01346990468 0.09366914065 0.001)
(0.06067660842 0.05381181097 0.001)
(0.009820972656 0.07030906146 0.001)
(0.01075241828 0.08781554582 0.001)
(0.07055296005 0.02081446256 0.001)
(0.1262509665 0.03184019017 0.001)
(0.1001398212 0.04448069173 0.001)
(0.1923037629 0.06648108656 0.001)
(0.009662585022 0.05176636026 0.001)
(0.04606692373 0.03704316853 0.001)
(-0.04800596819 0.09216533108 0.001)
(0.001753907355 0.09239504085 0.001)
(0.1965890926 0.006558416344 0.001)
(0.1235264855 0.05065037919 0.001)
(-0.03998124898 0.05681027083 0.001)
(0.02422506423 0.01532997757 0.001)
(-0.07592492119 0.05306669347 0.001)
(0.01441152652 0.07335095932 0.001)
(0.06770039802 0.08670665538 0.001)
(0.1090542909 0.08614736991 0.001)
(0.01750574678 0.05376422386 0.001)
(0.0406470744 0.09356606486 0.001)
(0.01165487556 0.0569807844 0.001)
(0.02200615549 0.07500133703 0.001)
(0.01653307819 0.0812656542 0.001)
(-0.0540273378 0.08108808409 0.001)
(0.1189959164 0.0916835123 0.001)
(0.08030169422 0.01870594668 0.001)
(0.01056359704 0.02072833415 0.001)
(0.06059296312 0.04374276835 0.001)
(0.07374929796 0.01894671612 0.001)
(0.04416439902 0.06632246155 0.001)
(0.01459173656 0.008614647226 0.001)
(0.1741476795 0.03419169497 0.001)
(0.03526753933 0.03157373242 0.001)
(0.07897554401 0.06061681131 0.001)
(-0.09102223418 0.05330218488 0.001)
(0.01416607394 0.02025243599 0.001)
(0.02723387552 0.08933369419 0.001)
(0.005286904715 0.002821162307 0.001)
(0.1319695512 0.06337160646 0.001)
(-0.009683913385 0.05713521246 0.001)
(0.1432010096 0.04401111268 0.001)
(0.009429211423 0.006690992468 0.001)
(0.06734101121 0.01915566466 0.001)
(-0.02269289595 0.08274119033 0.001)
(0.002431767139 0.001348665801 0.001)
(-0.06978258662 0.06714149835 0.001)
(0.1222937966 0.09368558029 0.001)
(0.05426064611 0.08871902204 0.001)
(0.1379613968 0.04608789678 0.001)
(0.007999013575 0.01641884521 0.001)
(0.1210885892 0.06626422103 0.001)
(0.03611545915 0.05787899447 0.001)
(0.1033349057 0.04243258264 0.001)
(0.04166131352 0.006557399743 0.001)
(0.1815317242 0.003783717608 0.001)
(0.0272849291 0.0689755505 0.001)
(-0.05949619505 0.09323851338 0.001)
(-0.08333881445 0.0532833624 0.001)
(0.02545342635 0.0108755628 0.001)
(0.1053783229 0.01713176048 0.001)
(0.1167596158 0.05050587222 0.001)
(0.03361674569 0.09692713571 0.001)
(0.06587410154 0.05484456921 0.001)
(0.1121944154 0.02444669996 0.001)
(0.01757237299 0.01560930052 0.001)
(0.04962463528 0.05350286611 0.001)
(0.006226126253 0.05560775522 0.001)
(0.00750634681 0.04853723821 0.001)
(0.00837857525 0.01828852866 0.001)
(0.1367711383 0.09321918031 0.001)
(0.03848945169 0.04163346311 0.001)
(-0.09308963148 0.05706866802 0.001)
(0.1337671175 0.037837916 0.001)
(0.1118689625 0.008860359262 0.001)
(0.01617341849 0.02128129639 0.001)
(0.08237048112 0.06224364322 0.001)
(-0.08733595113 0.06979139697 0.001)
(0.001232047887 0.05328164756 0.001)
(0.1118978379 0.01255727254 0.001)
(0.1539478162 0.03799418382 0.001)
(-0.06324739078 0.07133664671 0.001)
(0.1483443792 0.04721137765 0.001)
(0.1445951649 0.07379441172 0.001)
(0.1771304687 0.09229885521 0.001)
(0.02451130678 0.05281841874 0.001)
(0.1932203184 0.09644641834 0.001)
(0.1538868002 0.09295537688 0.001)
(0.03652350782 0.08019848707 0.001)
(-0.01287914191 0.06783357248 0.001)
(0.1684064721 0.003542961539 0.001)
(0.03193399374 0.01876742921 0.001)
(0.09751534642 0.003031603934 0.001)
(0.1141887824 0.003346582712 0.001)
(0.05919822306 0.09310751106 0.001)
(0.08714257443 0.0931081126 0.001)
(0.02470489473 0.08022460669 0.001)
(-0.08928613408 0.08432569825 0.001)
(0.1048047687 0.006386722544 0.001)
(0.01058088298 0.09128304131 0.001)
(0.0300533863 0.07055211485 0.001)
(0.106592796 0.04018195871 0.001)
(-0.005285398951 0.07609094452 0.001)
(0.02423956747 0.09142572571 0.001)
(0.01200652752 0.07458233235 0.001)
(-0.02280149443 0.08647218632 0.001)
(0.085328627 0.06028895961 0.001)
(0.01634844566 0.02354913477 0.001)
(0.07695293618 0.02060766298 0.001)
(0.1328241008 0.01918309187 0.001)
(0.02624519394 0.04379416149 0.001)
(0.03581376799 0.0402491501 0.001)
(0.02473838943 0.0767298536 0.001)
(-0.04571933773 0.05606436724 0.001)
(0.01141910031 0.05075541498 0.001)
(0.1274819246 0.05261932197 0.001)
(0.1763120345 0.05857546031 0.001)
(0.04095600689 0.04008566532 0.001)
(0.03779222272 0.02996860588 0.001)
(0.1626723274 0.07764728615 0.001)
(0.1065852981 0.03632078167 0.001)
(0.04611768573 0.01809931729 0.001)
(0.1554029734 0.0695090956 0.001)
(0.05257949748 0.05524477741 0.001)
(0.04652227722 0.09692041244 0.001)
(0.08320184578 0.02050354012 0.001)
(-0.01562924533 0.06608591155 0.001)
(0.1124587697 0.05535757154 0.001)
(0.1209774429 0.00609427264 0.001)
(-0.05178556701 0.05579639194 0.001)
(0.03658580136 0.009542676306 0.001)
(0.08400978605 0.00622253414 0.001)
(0.01863080912 0.02709943858 0.001)
(-0.00821096826 0.09351939672 0.001)
(0.1315192559 0.04142077975 0.001)
(0.001295393967 0.04249333761 0.001)
(-0.05733304828 0.08282762159 0.001)
(0.002751490514 0.04337587897 0.001)
(0.1501170658 0.006882561536 0.001)
(0.01847237564 0.02474518836 0.001)
(0.08630239119 0.01857901597 0.001)
(0.02873949318 0.01204900802 0.001)
(0.05568032192 0.0571826153 0.001)
(-0.09697878529 0.05584806016 0.001)
(0.001328807583 0.04084280189 0.001)
(0.06068343346 0.04045233883 0.001)
(0.01499604467 0.03316145906 0.001)
(0.00978271466 0.002690422434 0.001)
(0.1085631371 0.01490264727 0.001)
(0.04370611899 0.04139303871 0.001)
(0.02302372593 0.02723681687 0.001)
(-0.05133269629 0.09391307823 0.001)
(0.1090252117 0.09019986702 0.001)
(0.08783077864 0.055039598 0.001)
(0.1556568433 0.01126716619 0.001)
(0.04636489682 0.03968915722 0.001)
(0.0214904847 0.08177459804 0.001)
(0.006141164143 0.05771157927 0.001)
(0.01615700094 0.007373238303 0.001)
(0.02039662929 0.006678810027 0.001)
(-0.003625277352 0.05576228466 0.001)
(-0.0146418533 0.09271843059 0.001)
(0.1230704115 0.03763859655 0.001)
(0.1030482712 0.09704095502 0.001)
(-0.07518730764 0.07671017823 0.001)
(-0.06278183555 0.05601642592 0.001)
(0.1169853862 0.06035489562 0.001)
(0.007475890481 0.001199144994 0.001)
(-0.01886181361 0.06748666988 0.001)
(0.1437536868 0.01312287093 0.001)
(0.00275450459 0.03994957857 0.001)
(0.04038474142 0.02832842375 0.001)
(0.08937867304 0.01659666319 0.001)
(0.08935077457 0.01297282254 0.001)
(0.04575902904 0.01435787385 0.001)
(0.1168389117 0.09680052198 0.001)
(0.02657991662 0.05148417603 0.001)
(-0.02202311937 0.06882178066 0.001)
(0.007798264047 0.05076212711 0.001)
(-0.02663642786 0.05574025958 0.001)
(0.02866347966 0.04237507923 0.001)
(0.009232777784 0.005078614811 0.001)
(0.03104160019 0.04074027287 0.001)
(-0.02307812205 0.09016329329 0.001)
(0.01906001846 0.01217225109 0.001)
(-0.0608292667 0.08476278867 0.001)
(0.1286790482 0.0780073134 0.001)
(0.04329550195 0.0299310203 0.001)
(0.1782647875 0.02821106369 0.001)
(0.001270154464 0.02750245622 0.001)
(0.05425346405 0.005651601162 0.001)
(0.1352030899 0.06556451346 0.001)
(0.03298498717 0.06908552122 0.001)
(0.02905631547 0.0530823748 0.001)
(-0.09330972597 0.09721262123 0.001)
(0.09103151574 0.05662644923 0.001)
(0.02795086035 0.03018841412 0.001)
(0.04277732178 0.01234427384 0.001)
(0.03967889205 0.09713627604 0.001)
(0.04284494029 0.08003186382 0.001)
(0.1911097432 0.03198255689 0.001)
(0.003809948103 0.06362562202 0.001)
(0.180857361 0.01407619883 0.001)
(-0.08461087328 0.08467269889 0.001)
(0.002715567277 0.03817460994 0.001)
(0.002754414503 0.04515017824 0.001)
(0.02602977418 0.03488899707 0.001)
(0.1087073559 0.09374772607 0.001)
(-0.02443189036 0.0638201257 0.001)
(0.03457422548 0.02010908932 0.001)
(0.0254924474 0.02859180053 0.001)
(0.01271193092 0.04753994419 0.001)
(0.002550451708 0.02685226325 0.001)
(0.1407140881 0.09384582303 0.001)
(0.004697379892 0.09375441911 0.001)
(-0.03115497408 0.06640272723 0.001)
(-0.06696693341 0.07286488817 0.001)
(-0.08682108498 0.09319452895 0.001)
(0.1265418413 0.003054260525 0.001)
(0.002095137054 0.01289438529 0.001)
(0.1348897042 0.008888183058 0.001)
(-0.02124866245 0.05597087147 0.001)
(-0.005667453139 0.07921802636 0.001)
(0.0475587899 0.006124986357 0.001)
(-0.05858577328 0.05918267068 0.001)
(0.00251528652 0.04661120639 0.001)
(0.002047662229 0.05528992005 0.001)
(0.002600968808 0.03014064732 0.001)
(0.1792418361 0.08012547926 0.001)
(0.001277573884 0.02920678512 0.001)
(0.09426954653 0.05829286961 0.001)
(0.1362959877 0.02090995329 0.001)
(-0.03417321009 0.06102787919 0.001)
(0.002398735817 0.03675590898 0.001)
(-0.01773133138 0.09428633194 0.001)
(0.1490451395 0.07611004872 0.001)
(0.1872781929 0.006413737397 0.001)
(-0.03863407478 0.09048269912 0.001)
(0.1500577944 0.09379639716 0.001)
(-0.09664188277 0.09668163325 0.001)
(0.1011744222 0.06259507334 0.001)
(0.003939213865 0.06092630835 0.001)
(0.1628893203 0.006368373538 0.001)
(-0.02872569343 0.09318752714 0.001)
(-0.06887636698 0.05564785799 0.001)
(-0.03515582678 0.05618804307 0.001)
(0.03622315299 0.0705418034 0.001)
(-0.006854933168 0.08370432899 0.001)
(0.06820109607 0.08981044442 0.001)
(-0.02779826339 0.0651086607 0.001)
(0.1261541712 0.03551938024 0.001)
(-0.005528945284 0.0564305624 0.001)
(0.09000488273 0.0903101599 0.001)
(0.1823596033 0.09271474383 0.001)
(0.1556654669 0.01540023098 0.001)
(0.04549494574 0.03431099973 0.001)
(0.07364208565 0.0939015454 0.001)
(-0.06932250081 0.08982460824 0.001)
(0.002548989275 0.008154220393 0.001)
(0.001244314214 0.03263597258 0.001)
(0.01532121644 0.05676445995 0.001)
(0.1405403839 0.0607287012 0.001)
(0.03731132168 0.0214163228 0.001)
(0.004894386774 0.05440837565 0.001)
(0.07334160439 0.008690061061 0.001)
(0.001239760593 0.03428077371 0.001)
(0.1753856598 0.05089045647 0.001)
(0.1311271184 0.05047204259 0.001)
(0.1434396546 0.01689846004 0.001)
(0.1635408189 0.09275418748 0.001)
(0.1136470865 0.09580930497 0.001)
(0.09720003835 0.05990387061 0.001)
(0.03150812396 0.05467695557 0.001)
(0.0638664045 0.007021824206 0.001)
(0.09671437373 0.08987826397 0.001)
(0.008254382882 0.07661787774 0.001)
(-0.04488570815 0.09366895502 0.001)
(-0.02326423855 0.09370365543 0.001)
(0.0610313736 0.09037818261 0.001)
(-0.07787650362 0.09366257559 0.001)
(0.04285798147 0.009400251995 0.001)
(0.1324690136 0.08024686132 0.001)
(0.1840037128 0.00663567813 0.001)
(0.197003061 0.002982868701 0.001)
(0.1289217326 0.09282534172 0.001)
(0.002508005878 0.006587803339 0.001)
(0.0890663824 0.009579615169 0.001)
(0.02117248914 0.01305229509 0.001)
(0.03414370821 0.005236058179 0.001)
(0.07798143784 0.09080654623 0.001)
(0.1958544165 0.01099370187 0.001)
(0.1534973576 0.0435596721 0.001)
(0.01340637538 0.05789078567 0.001)
(-0.009990425418 0.08522259967 0.001)
(-0.0697484072 0.0706651365 0.001)
(0.04254343639 0.07059260258 0.001)
(0.01005265001 0.09420065607 0.001)
(0.04013616033 0.01996343689 0.001)
(-0.05433864783 0.09522311554 0.001)
(0.001083870262 0.001084876717 0.001)
(0.05193932083 0.07773647128 0.001)
(0.03831605736 0.06886106977 0.001)
(0.1966997936 0.09671682384 0.001)
(0.06376628728 0.03853420246 0.001)
(0.1006998336 0.09562358811 0.001)
(0.002599149354 0.002609122366 0.001)
(0.08614248191 0.00859156839 0.001)
(0.1401463771 0.05477598064 0.001)
(0.06656412708 0.03722261209 0.001)
(0.04249673856 0.02132408592 0.001)
(-0.001828714724 0.05512212547 0.001)
(0.09305338664 0.09176088483 0.001)
(0.01400869857 0.06301580989 0.001)
(0.002501877854 0.005051127689 0.001)
(0.06867864153 0.005828053252 0.001)
(-0.06405085669 0.08672906683 0.001)
(-0.08134357834 0.05600229447 0.001)
(0.09568232343 0.005532996986 0.001)
(0.06710757448 0.03240049727 0.001)
(0.05510781736 0.07933610844 0.001)
(0.1959148668 0.0888680892 0.001)
(0.001201349725 0.0104141321 0.001)
(0.1053445917 0.06643772108 0.001)
(0.004127113329 0.01002821826 0.001)
(0.009067375655 0.003795066504 0.001)
(0.02549991825 0.03304885478 0.001)
(-0.09737986656 0.05262866177 0.001)
(-0.09104323447 0.09420711601 0.001)
(0.01348483668 0.05994839611 0.001)
(0.1614962279 0.07215245058 0.001)
(0.01763890869 0.09507182126 0.001)
(0.04940062456 0.0954328477 0.001)
(0.0100485798 0.07257204353 0.001)
(0.1821842598 0.03385704392 0.001)
(-0.06123341082 0.09093340207 0.001)
(0.002507713128 0.01674703925 0.001)
(0.02971146034 0.004169361373 0.001)
(0.07226004194 0.03329581384 0.001)
(0.08531161349 0.09684753804 0.001)
(0.1005887271 0.06504169298 0.001)
(0.04890215067 0.06977910768 0.001)
(0.1443971778 0.02027242153 0.001)
(0.1120439296 0.005815103959 0.001)
(0.06838975911 0.09556156161 0.001)
(0.001092079586 0.0226516487 0.001)
(0.08187067512 0.09619662232 0.001)
(0.03166935654 0.05725633028 0.001)
(-0.01751475893 0.05874266913 0.001)
(-0.009590241018 0.05464234379 0.001)
(0.118746401 0.09469844902 0.001)
(0.02090349263 0.09341556497 0.001)
(0.004938576128 0.0725979532 0.001)
(0.1349451661 0.04295983845 0.001)
(0.0009509959999 0.02416666667 0.001)
(0.03100893755 0.09421037567 0.001)
(0.1519254109 0.009992381906 0.001)
(0.01713033498 0.05562688697 0.001)
(0.01631867004 0.02983375786 0.001)
(0.1265223753 0.0949105305 0.001)
(0.01756293312 0.001602681927 0.001)
(0.05166646099 0.06849221365 0.001)
(0.1376811837 0.08668367464 0.001)
(-0.0374927016 0.05551235659 0.001)
(0.006698271267 0.002289577537 0.001)
(0.0765461114 0.03050525933 0.001)
(0.001008742311 0.01265942653 0.001)
(0.005622074806 0.01056236883 0.001)
(0.002408906246 0.01507416917 0.001)
(0.1345111354 0.005851444881 0.001)
(0.002655726777 0.03536812762 0.001)
(-0.03278661034 0.05560105522 0.001)
(-0.00114331066 0.0934742641 0.001)
(0.04413029268 0.06890387036 0.001)
(0.002525381628 0.02036874111 0.001)
(-0.08501284448 0.06590325089 0.001)
(0.1778663179 0.01154727345 0.001)
(0.08283649463 0.03027578043 0.001)
(-0.04944671148 0.09736438375 0.001)
(0.0256309705 0.03672886354 0.001)
(0.02936681709 0.008085366755 0.001)
(0.1659823072 0.006175812594 0.001)
(0.002542254947 0.0185728811 0.001)
(0.002072529993 0.06444273174 0.001)
(-0.0779487535 0.05604384615 0.001)
(0.04406758187 0.09416833464 0.001)
(0.0555265807 0.08306994039 0.001)
(0.1082938438 0.06480814363 0.001)
(-0.01739644911 0.09738904683 0.001)
(0.1202536114 0.002805173421 0.001)
(0.01831592612 0.004266274807 0.001)
(0.01877135725 0.08264528244 0.001)
(0.06717460603 0.05277843078 0.001)
(0.09114643176 0.03297893201 0.001)
(-0.08908305017 0.05599602097 0.001)
(-0.003312281246 0.05151860443 0.001)
(0.1441642696 0.009409553653 0.001)
(0.09216492629 0.02806851579 0.001)
(0.1291172158 0.002951655282 0.001)
(-0.05541621614 0.09763662521 0.001)
(-0.07319001577 0.09724119099 0.001)
(-0.09678774024 0.05989758244 0.001)
(0.05185532231 0.06437035714 0.001)
(0.03397126015 0.05855105439 0.001)
(0.01024681339 0.07592756107 0.001)
(-0.04859263843 0.05498482351 0.001)
(0.1532700292 0.0739120079 0.001)
(-0.01319253703 0.08344320667 0.001)
(-0.04243508185 0.05558317266 0.001)
(0.002571884852 0.009511190012 0.001)
(0.1727016434 0.0929798628 0.001)
)


// ************************************************************************* //
