/*--------------------------------*- C++ -*----------------------------------*\
| =========                 |                                                 |
| \\      /  F ield         | OpenFOAM: The Open Source CFD Toolbox           |
|  \\    /   O peration     | Version:  2412                                  |
|   \\  /    A nd           | Website:  www.openfoam.com                      |
|    \\/     M anipulation  |                                                 |
\*---------------------------------------------------------------------------*/
FoamFile
{
    version     2.0;
    format      ascii;
    arch        "LSB;label=32;scalar=64";
    class       vectorField;
    location    "constant/polyMesh";
    object      points;
}
// * * * * * * * * * * * * * * * * * * * * * * * * * * * * * * * * * * * * * //


6978
(
(0.1 0 0)
(-0.4 -0.8 0)
(4 -0.8 0)
(-0.4 0.8 0)
(4 0.8 0)
(-0.4 -0.8 0.001)
(4 -0.8 0.001)
(-0.4 0.8 0.001)
(4 0.8 0.001)
(0.1 0 0.001)
(0.09979028262 0.006472981837 0)
(0.09916201012 0.01291881374 0)
(0.09811781769 0.01931045965 0)
(0.09666208503 0.02562111078 0)
(0.094800918 0.03182429806 0)
(0.09254212296 0.03789400318 0)
(0.08989517411 0.04380476769 0)
(0.08687117365 0.04953179977 0)
(0.0834828053 0.05505107827 0)
(0.07974428106 0.06033945342 0)
(0.07567128158 0.06537474393 0)
(0.07128089045 0.07013583004 0)
(0.0665915225 0.07460274211 0)
(0.06162284656 0.07875674436 0)
(0.05639570299 0.08258041345 0)
(0.05093201623 0.08605771158 0)
(0.0452547029 0.08917405377 0)
(0.03938757562 0.09191636898 0)
(0.03335524317 0.094273155 0)
(0.02718300722 0.09623452664 0)
(0.0208967563 0.09779225724 0)
(0.01452285712 0.09893981312 0)
(0.008088044036 0.09967238105 0)
(0.00161930688 0.09998688837 0)
(-0.004856222211 0.09988201593 0)
(-0.01131138262 0.0993582036 0)
(-0.01771909916 0.09841764844 0)
(-0.02405249564 0.09706429546 0)
(-0.03028500759 0.09530382109 0)
(-0.0363904937 0.09314360938 0)
(-0.04234334543 0.090592721 0)
(-0.04811859445 0.08766185526 0)
(-0.05369201736 0.08436330524 0)
(-0.0590402373 0.0807109062 0)
(-0.06414082196 0.07671997757 0)
(-0.06897237773 0.07240725869 0)
(-0.07351463937 0.0677908386 0)
(-0.07774855507 0.06289008018 0)
(-0.08165636631 0.0577255389 0)
(-0.08522168237 0.05231887666 0)
(-0.08842954907 0.04669277086 0)
(-0.09126651152 0.04087081936 0)
(-0.0937206705 0.03487744143 0)
(-0.09578173242 0.0287377754 0)
(-0.09744105246 0.02247757315 0)
(-0.09869167087 0.01612309214 0)
(-0.09952834212 0.009700985285 0)
(-0.0999475569 0.003238189125 0)
(-0.0999475569 -0.003238189125 0)
(-0.09952834212 -0.009700985285 0)
(-0.09869167087 -0.01612309214 0)
(-0.09744105246 -0.02247757315 0)
(-0.09578173242 -0.0287377754 0)
(-0.0937206705 -0.03487744143 0)
(-0.09126651152 -0.04087081936 0)
(-0.08842954907 -0.04669277086 0)
(-0.08522168237 -0.05231887666 0)
(-0.08165636631 -0.0577255389 0)
(-0.07774855507 -0.06289008018 0)
(-0.07351463937 -0.0677908386 0)
(-0.06897237773 -0.07240725869 0)
(-0.06414082196 -0.07671997757 0)
(-0.0590402373 -0.0807109062 0)
(-0.05369201736 -0.08436330524 0)
(-0.04811859445 -0.08766185526 0)
(-0.04234334543 -0.090592721 0)
(-0.0363904937 -0.09314360938 0)
(-0.03028500759 -0.09530382109 0)
(-0.02405249564 -0.09706429546 0)
(-0.01771909916 -0.09841764844 0)
(-0.01131138262 -0.0993582036 0)
(-0.004856222211 -0.09988201593 0)
(0.00161930688 -0.09998688837 0)
(0.008088044036 -0.09967238105 0)
(0.01452285712 -0.09893981312 0)
(0.0208967563 -0.09779225724 0)
(0.02718300722 -0.09623452664 0)
(0.03335524317 -0.094273155 0)
(0.03938757562 -0.09191636898 0)
(0.0452547029 -0.08917405377 0)
(0.05093201623 -0.08605771158 0)
(0.05639570299 -0.08258041345 0)
(0.06162284656 -0.07875674436 0)
(0.0665915225 -0.07460274211 0)
(0.07128089045 -0.07013583004 0)
(0.07567128158 -0.06537474393 0)
(0.07974428106 -0.06033945342 0)
(0.0834828053 -0.05505107827 0)
(0.08687117365 -0.04953179977 0)
(0.08989517411 -0.04380476769 0)
(0.09254212296 -0.03789400318 0)
(0.094800918 -0.03182429806 0)
(0.09666208503 -0.02562111078 0)
(0.09811781769 -0.01931045965 0)
(0.09916201012 -0.01291881374 0)
(0.09979028262 -0.006472981837 0)
(-0.1133655955 -0.8 0)
(0.1563340059 -0.8 0)
(0.4494452714 -0.8 0)
(0.8107869324 -0.8 0)
(1.209438566 -0.8 0)
(1.608090199 -0.8 0)
(2.006741833 -0.8 0)
(2.405393466 -0.8 0)
(2.8040451 -0.8 0)
(3.202696733 -0.8 0)
(3.601348367 -0.8 0)
(-0.4 0.5558722673 0)
(-0.4 0.3787734045 0)
(-0.4 0.245555871 0)
(-0.4 0.1383245389 0)
(-0.4 0.04469994729 0)
(-0.4 -0.04470199462 0)
(-0.4 -0.1383255619 0)
(-0.4 -0.2455578479 0)
(-0.4 -0.3787756794 0)
(-0.4 -0.5558750767 0)
(4 -0.4 0)
(4 5.551115123e-16 0)
(4 0.4 0)
(3.601348271 0.8 0)
(3.202696542 0.8 0)
(2.804044813 0.8 0)
(2.405393084 0.8 0)
(2.006741355 0.8 0)
(1.608089626 0.8 0)
(1.209437897 0.8 0)
(0.8107861682 0.8 0)
(0.449444581 0.8 0)
(0.1563341505 0.8 0)
(-0.1133663993 0.8 0)
(-0.1133655955 -0.8 0.001)
(0.1563340059 -0.8 0.001)
(0.4494452714 -0.8 0.001)
(0.8107869324 -0.8 0.001)
(1.209438566 -0.8 0.001)
(1.608090199 -0.8 0.001)
(2.006741833 -0.8 0.001)
(2.405393466 -0.8 0.001)
(2.8040451 -0.8 0.001)
(3.202696733 -0.8 0.001)
(3.601348367 -0.8 0.001)
(-0.4 0.5558722673 0.001)
(-0.4 0.3787734045 0.001)
(-0.4 0.245555871 0.001)
(-0.4 0.1383245389 0.001)
(-0.4 0.04469994729 0.001)
(-0.4 -0.04470199462 0.001)
(-0.4 -0.1383255619 0.001)
(-0.4 -0.2455578479 0.001)
(-0.4 -0.3787756794 0.001)
(-0.4 -0.5558750767 0.001)
(4 -0.4 0.001)
(4 5.551115123e-16 0.001)
(4 0.4 0.001)
(3.601348271 0.8 0.001)
(3.202696542 0.8 0.001)
(2.804044813 0.8 0.001)
(2.405393084 0.8 0.001)
(2.006741355 0.8 0.001)
(1.608089626 0.8 0.001)
(1.209437897 0.8 0.001)
(0.8107861682 0.8 0.001)
(0.449444581 0.8 0.001)
(0.1563341505 0.8 0.001)
(-0.1133663993 0.8 0.001)
(0.09979028262 0.006472981837 0.001)
(0.09916201012 0.01291881374 0.001)
(0.09811781769 0.01931045965 0.001)
(0.09666208503 0.02562111078 0.001)
(0.094800918 0.03182429806 0.001)
(0.09254212296 0.03789400318 0.001)
(0.08989517411 0.04380476769 0.001)
(0.08687117365 0.04953179977 0.001)
(0.0834828053 0.05505107827 0.001)
(0.07974428106 0.06033945342 0.001)
(0.07567128158 0.06537474393 0.001)
(0.07128089045 0.07013583004 0.001)
(0.0665915225 0.07460274211 0.001)
(0.06162284656 0.07875674436 0.001)
(0.05639570299 0.08258041345 0.001)
(0.05093201623 0.08605771158 0.001)
(0.0452547029 0.08917405377 0.001)
(0.03938757562 0.09191636898 0.001)
(0.03335524317 0.094273155 0.001)
(0.02718300722 0.09623452664 0.001)
(0.0208967563 0.09779225724 0.001)
(0.01452285712 0.09893981312 0.001)
(0.008088044036 0.09967238105 0.001)
(0.00161930688 0.09998688837 0.001)
(-0.004856222211 0.09988201593 0.001)
(-0.01131138262 0.0993582036 0.001)
(-0.01771909916 0.09841764844 0.001)
(-0.02405249564 0.09706429546 0.001)
(-0.03028500759 0.09530382109 0.001)
(-0.0363904937 0.09314360938 0.001)
(-0.04234334543 0.090592721 0.001)
(-0.04811859445 0.08766185526 0.001)
(-0.05369201736 0.08436330524 0.001)
(-0.0590402373 0.0807109062 0.001)
(-0.06414082196 0.07671997757 0.001)
(-0.06897237773 0.07240725869 0.001)
(-0.07351463937 0.0677908386 0.001)
(-0.07774855507 0.06289008018 0.001)
(-0.08165636631 0.0577255389 0.001)
(-0.08522168237 0.05231887666 0.001)
(-0.08842954907 0.04669277086 0.001)
(-0.09126651152 0.04087081936 0.001)
(-0.0937206705 0.03487744143 0.001)
(-0.09578173242 0.0287377754 0.001)
(-0.09744105246 0.02247757315 0.001)
(-0.09869167087 0.01612309214 0.001)
(-0.09952834212 0.009700985285 0.001)
(-0.0999475569 0.003238189125 0.001)
(-0.0999475569 -0.003238189125 0.001)
(-0.09952834212 -0.009700985285 0.001)
(-0.09869167087 -0.01612309214 0.001)
(-0.09744105246 -0.02247757315 0.001)
(-0.09578173242 -0.0287377754 0.001)
(-0.0937206705 -0.03487744143 0.001)
(-0.09126651152 -0.04087081936 0.001)
(-0.08842954907 -0.04669277086 0.001)
(-0.08522168237 -0.05231887666 0.001)
(-0.08165636631 -0.0577255389 0.001)
(-0.07774855507 -0.06289008018 0.001)
(-0.07351463937 -0.0677908386 0.001)
(-0.06897237773 -0.07240725869 0.001)
(-0.06414082196 -0.07671997757 0.001)
(-0.0590402373 -0.0807109062 0.001)
(-0.05369201736 -0.08436330524 0.001)
(-0.04811859445 -0.08766185526 0.001)
(-0.04234334543 -0.090592721 0.001)
(-0.0363904937 -0.09314360938 0.001)
(-0.03028500759 -0.09530382109 0.001)
(-0.02405249564 -0.09706429546 0.001)
(-0.01771909916 -0.09841764844 0.001)
(-0.01131138262 -0.0993582036 0.001)
(-0.004856222211 -0.09988201593 0.001)
(0.00161930688 -0.09998688837 0.001)
(0.008088044036 -0.09967238105 0.001)
(0.01452285712 -0.09893981312 0.001)
(0.0208967563 -0.09779225724 0.001)
(0.02718300722 -0.09623452664 0.001)
(0.03335524317 -0.094273155 0.001)
(0.03938757562 -0.09191636898 0.001)
(0.0452547029 -0.08917405377 0.001)
(0.05093201623 -0.08605771158 0.001)
(0.05639570299 -0.08258041345 0.001)
(0.06162284656 -0.07875674436 0.001)
(0.0665915225 -0.07460274211 0.001)
(0.07128089045 -0.07013583004 0.001)
(0.07567128158 -0.06537474393 0.001)
(0.07974428106 -0.06033945342 0.001)
(0.0834828053 -0.05505107827 0.001)
(0.08687117365 -0.04953179977 0.001)
(0.08989517411 -0.04380476769 0.001)
(0.09254212296 -0.03789400318 0.001)
(0.094800918 -0.03182429806 0.001)
(0.09666208503 -0.02562111078 0.001)
(0.09811781769 -0.01931045965 0.001)
(0.09916201012 -0.01291881374 0.001)
(0.09979028262 -0.006472981837 0.001)
(-0.09963452958 0.03374839764 0)
(-0.1043615204 0.01454530576 0)
(-0.1048793648 -0.006837564098 0)
(-0.1020328866 -0.02704468759 0)
(-0.2981141365 -0.2937696823 0)
(-0.08454116717 -0.06330342928 0)
(-0.09531564635 -0.04498749417 0)
(-0.2981160653 0.2937667888 0)
(-0.0840744379 0.06383539907 0)
(0.6716556477 0.5390387197 0)
(0.7191732328 -0.5022235786 0)
(-0.3202295775 -0.08928329662 0)
(-0.3333997387 0.1025242268 0)
(2.980847793 -0.4734648663 0)
(2.204968369 -0.468809038 0)
(1.37659428 -0.4283787193 0)
(2.639025703 0.4307892953 0)
(1.803563963 0.4492957307 0)
(0.01959239764 -0.5731752196 0)
(0.01788395693 0.6011604353 0)
(3.662712863 0.1844159313 0)
(-0.3180406941 0.00482830727 0)
(-0.268807466 0.0472245068 0)
(0.3182741802 -0.5352673491 0)
(0.3337601875 0.5269604995 0)
(-0.2990497845 0.2024370194 0)
(-0.2272706083 0.2669239575 0)
(-0.04644727895 0.09493648449 0)
(-0.06520814716 0.08292678835 0)
(-0.2149349372 0.1764194717 0)
(-0.214053591 0.3347681425 0)
(-0.1475360881 0.2956826545 0)
(-0.02186878723 0.1028501661 0)
(-0.03524016678 0.09947587155 0)
(-0.1602996059 0.2315788198 0)
(-0.1349897812 0.3656071913 0)
(-0.06660411266 0.3383636531 0)
(0.005095392406 0.1058273309 0)
(-0.009510978271 0.1053994814 0)
(-0.08526137453 0.2620158106 0)
(-0.2136391885 0.4192940475 0)
(-0.2990493139 -0.2024385318 0)
(-0.227266146 -0.2669259757 0)
(-0.04739784477 -0.09439618721 0)
(-0.06490043838 -0.08282518394 0)
(-0.2178055878 -0.1755388966 0)
(-0.214049808 -0.3347719053 0)
(-0.1511119657 -0.3045420732 0)
(-0.02251459807 -0.103320737 0)
(-0.03446747188 -0.09972575678 0)
(-0.1543747092 -0.2265512577 0)
(-0.1361845283 -0.352347263 0)
(-0.07564902002 -0.337616262 0)
(0.005489337414 -0.1052769524 0)
(-0.008322999116 -0.1045334099 0)
(-0.08745420039 -0.2628284226 0)
(-0.1918887412 -0.4444319607 0)
(-0.06485933451 0.413814139 0)
(-0.01530293426 0.3632989577 0)
(-0.0168783104 0.2825843118 0)
(0.0314146828 0.1000544626 0)
(-0.06907890785 -0.3986372951 0)
(0.002921661013 -0.3721961765 0)
(-0.008283612725 -0.2905338606 0)
(0.03207843129 -0.1008739584 0)
(0.9235535636 0.4968324099 0)
(0.8467194295 0.2393975285 0)
(1.113670516 0.2273680106 0)
(0.9270781686 -0.03267724929 0)
(0.6276076847 -0.01496743499 0)
(0.5104374777 0.2684809723 0)
(0.9920121282 -0.5026008084 0)
(0.7506749068 -0.2487719009 0)
(0.5244103492 -0.2278630253 0)
(0.4301296242 -0.04724772445 0)
(1.269295673 -0.06261795105 0)
(1.604645553 -0.1367292811 0)
(1.467211305 0.2333849955 0)
(3.662104255 -0.1991551006 0)
(3.34400653 -0.01050025789 0)
(3.354453816 0.4301781112 0)
(2.975482955 0.1838896401 0)
(2.211143092 0.4498524947 0)
(2.390296813 0.1806406936 0)
(2.064228377 0.1251832452 0)
(2.600782216 -0.4814963036 0)
(-0.1484513848 0.5960250776 0)
(-0.1591101413 -0.6035403315 0)
(3.369276211 -0.4244713554 0)
(1.798280585 -0.4746894774 0)
(2.789735007 -0.1732260953 0)
(0.01540801175 0.4483801949 0)
(0.09126374847 0.3940836247 0)
(0.07663653151 0.3270606054 0)
(0.1387930668 0.3346405564 0)
(0.1320216053 0.2728817748 0)
(0.07280466581 0.07643039785 0)
(0.05647843994 0.08878980443 0)
(0.1875434888 0.2863320621 0)
(0.1815305982 0.2309552317 0)
(0.1009719001 0.03010918818 0)
(0.1046546601 0.01082438315 0)
(0.09368961075 0.0495565776 0)
(0.08648479629 0.0612092653 0)
(0.1305985493 0.2163426315 0)
(0.2333636929 0.243860351 0)
(0.2316280664 0.1976419943 0)
(0.2792593194 0.2047526908 0)
(0.2775616378 0.1548003852 0)
(0.2172083975 0.1352075231 0)
(0.3051665559 0.2804760533 0)
(0.07019223421 0.2482767939 0)
(0.3288205628 0.1628542942 0)
(0.3319422748 0.1024534792 0)
(0.3893508227 0.124976244 0)
(0.1749389812 0.1759019186 0)
(0.2590467546 0.09004019274 0)
(0.2990019147 0.05459947445 0)
(0.1038430553 -0.01656554789 0)
(0.2456318534 0.04400592405 0)
(0.2162737851 0.3659241896 0)
(0.3659586229 0.05845589116 0)
(0.3361210775 0.004985934319 0)
(0.07737838737 -0.07140525755 0)
(0.08995682487 -0.05522585209 0)
(0.06268554844 -0.08492125082 0)
(0.0966842833 -0.04369111748 0)
(0.1011036193 -0.03033452235 0)
(0.04988320855 -0.09275712459 0)
(0.4415066639 0.05881152004 0)
(0.2852148901 0.004729184995 0)
(0.24439807 0.002287805165 0)
(0.3072361651 -0.0401706362 0)
(0.2715787794 -0.03588849849 0)
(0.2740372544 -0.07561242456 0)
(0.2320118198 -0.02886821087 0)
(0.3234975486 -0.09334402934 0)
(0.2726704903 -0.1211651857 0)
(0.2363224228 -0.1081376148 0)
(0.2499159025 -0.1598950173 0)
(0.2074141562 -0.1366618147 0)
(0.2034939 -0.1037779217 0)
(0.2908828661 -0.177075258 0)
(0.2432368614 -0.2066827821 0)
(0.3095312672 -0.2429542417 0)
(0.2385445481 -0.2661083641 0)
(0.1842656565 -0.2410878659 0)
(0.1775297908 -0.2956937664 0)
(0.1320179921 -0.2764890468 0)
(0.1293486443 -0.2145034618 0)
(0.1192796792 -0.3286957433 0)
(0.06741101452 -0.3046412926 0)
(0.08011312347 -0.2425650917 0)
(0.3112716016 -0.3267298861 0)
(0.1812791458 -0.3905889492 0)
(0.09830909899 -0.434651441 0)
(0.2359635735 -0.07208567325 0)
(0.194409455 -0.187488942 0)
(0.3741223624 -0.1932445364 0)
(0.007948518443 -0.4430385676 0)
(0.1830472931 -0.5477098478 0)
(0.3621699927 -0.05086645633 0)
(0.3233326999 0.3822509592 0)
(0.3836724433 -0.1104754489 0)
(0.4168137912 -0.2887160743 0)
(0.4787604583 0.4262271784 0)
(0.4874164607 0.1486398296 0)
(0.3919652831 -0.4259575659 0)
(0.2811405499 -0.4163215964 0)
(0.2182661646 -0.1640752925 0)
(1.249729176 0.4523633383 0)
(0.189664929 -0.1577502937 0)
(0.1807236699 -0.1295773668 0)
(0.1663466171 -0.1518116137 0)
(0.1684705538 -0.1735197752 0)
(0.1504599193 -0.17038638 0)
(0.1480564053 -0.1470644012 0)
(0.150269362 -0.1863965225 0)
(0.1325483762 -0.1831035667 0)
(0.1316055726 -0.1616853071 0)
(0.176636905 -0.2027958063 0)
(0.1876708416 0.6261960679 0)
(3.001022579 0.5308242056 0)
(0.4097994385 0.2080050275 0)
(0.3948357269 0.2992922912 0)
(0.1121692647 0.4958596175 0)
(-0.06985043173 0.5128908991 0)
(-0.07850737485 -0.4925646749 0)
(0.5480791159 -0.3861987694 0)
(0.2500982211 0.126307119 0)
(0.2251336736 0.1039151459 0)
(0.1950226583 0.1206304266 0)
(0.2346958432 0.06410179613 0)
(0.2226480819 0.468418882 0)
(0.06221229191 -0.3653497329 0)
(0.02255279946 -0.3222810688 0)
(0.03154143324 -0.2719291395 0)
(0.001271582472 -0.2417535869 0)
(0.03323028782 -0.2370850901 0)
(-0.03034492926 -0.2655554876 0)
(-0.03226280199 -0.2228778127 0)
(-0.05555079531 -0.292376419 0)
(-0.06360574476 -0.2348464828 0)
(1.980744537 -0.1988281446 0)
(-0.3013628994 0.4187660386 0)
(-0.2977360684 -0.4229589098 0)
(0.6600124139 0.1214617897 0)
(-0.3381722303 0.1525051071 0)
(-0.2817922601 0.1383646326 0)
(-0.2829908086 0.08680317067 0)
(-0.2359317033 0.07498643533 0)
(-0.2339967573 0.03934831141 0)
(-0.2434187491 0.1023721641 0)
(-0.2124434525 0.09896336927 0)
(-0.3381722805 -0.1525068776 0)
(-0.2772311065 -0.1362547501 0)
(-0.2662188038 -0.08065246968 0)
(-0.2384736497 -0.1219943744 0)
(-0.3071055242 -0.03644823059 0)
(-0.2505763052 -0.02979655901 0)
(-0.251076726 0.5203224969 0)
(-0.2720769584 -0.5409487634 0)
(0.478082365 -0.1320662239 0)
(-0.2508638061 -0.2213833341 0)
(-0.1981695538 -0.2138233284 0)
(-0.1796516647 -0.1735151557 0)
(-0.2084000526 -0.1473071228 0)
(-0.1734910746 -0.1381478545 0)
(-0.2363520695 -0.1477587927 0)
(-0.1970584599 -0.1126334386 0)
(-0.2562603768 -0.1766748611 0)
(-0.2487433884 0.2194119532 0)
(-0.1976061723 0.2158106418 0)
(-0.1655300612 0.1822637325 0)
(-0.1318262526 0.1976552442 0)
(-0.1652292668 -0.2002866616 0)
(-0.1504737113 -0.1780019894 0)
(-0.160189884 -0.1596659743 0)
(-0.1401375974 -0.1599181323 0)
(-0.1319297685 -0.1768204032 0)
(-0.1253255958 -0.1611699696 0)
(-0.1516024768 -0.1454240586 0)
(-0.1378913542 -0.1925933161 0)
(-0.1189884128 -0.1869511495 0)
(-0.1256967275 -0.2222258188 0)
(-0.1173850974 -0.1742629017 0)
(-0.1075410835 -0.185277748 0)
(-0.1037691096 -0.1728174807 0)
(-0.1069643938 -0.1966440673 0)
(-0.09319021468 -0.1947823106 0)
(-0.09643640008 -0.2092417249 0)
(-0.08461512165 -0.2024774496 0)
(-0.08033391784 -0.1868031382 0)
(-0.09423869433 -0.1783987923 0)
(-0.08143900437 -0.2191301959 0)
(-0.06619218598 -0.2131842643 0)
(-0.06678826668 -0.1960157614 0)
(-0.05499321866 -0.2078229557 0)
(-0.0550083199 -0.1931605164 0)
(-0.04983257808 -0.2194067149 0)
(-0.03975148774 -0.2127137327 0)
(-0.02280044674 -0.2122486558 0)
(-0.04372206901 -0.1996246995 0)
(-0.1027477491 -0.229766739 0)
(-0.1255199173 -0.2519959874 0)
(-0.07556070725 -0.194022704 0)
(-0.07245445051 -0.1860260719 0)
(-0.07681088591 -0.1808379518 0)
(-0.07002200865 -0.179799536 0)
(-0.07424608671 -0.1748954171 0)
(-0.0677720953 -0.1738730634 0)
(-0.07187786303 -0.168808294 0)
(-0.06544259788 -0.1677926396 0)
(-0.06955818934 -0.162729835 0)
(-0.06311520272 -0.1617021558 0)
(-0.06723038172 -0.1566374655 0)
(-0.06078605018 -0.1556076344 0)
(-0.0649010587 -0.1505419713 0)
(-0.0584564065 -0.1495115622 0)
(-0.05434152846 -0.1545776028 0)
(-0.06257133161 -0.1444456403 0)
(-0.0690161103 -0.1454763254 0)
(-0.05201174018 -0.1484811468 0)
(-0.04789683853 -0.1535471321 0)
(-0.06668625468 -0.1393797049 0)
(-0.07313099979 -0.1404103117 0)
(-0.04556699907 -0.147450547 0)
(-0.04145210706 -0.1525165565 0)
(-0.07080115049 -0.1343137059 0)
(-0.07724589124 -0.1353443025 0)
(-0.03912226096 -0.1464199547 0)
(-0.03500736915 -0.1514859648 0)
(-0.07491604208 -0.1292476971 0)
(-0.08136078196 -0.1302782917 0)
(-0.0326775216 -0.1453893602 0)
(-0.02856263007 -0.1504553701 0)
(-0.07903093285 -0.1241816863 0)
(-0.08547567259 -0.1252122806 0)
(-0.08314582346 -0.1191156752 0)
(-0.08959056316 -0.1201462694 0)
(-0.08726071404 -0.114049664 0)
(-0.09370545374 -0.1150802581 0)
(-0.09137560462 -0.1089836528 0)
(-0.09782034431 -0.1100142469 0)
(-0.1001501934 -0.1161108523 0)
(-0.104265084 -0.1110448411 0)
(-0.1019352349 -0.1049482357 0)
(-0.1083799746 -0.1059788299 0)
(-0.1060501255 -0.09988222451 0)
(-0.1124948652 -0.1009128187 0)
(-0.110165016 -0.09481621329 0)
(-0.1166097557 -0.09584680746 0)
(-0.1142799066 -0.08975020208 0)
(-0.1207246463 -0.09078079624 0)
(-0.1183947972 -0.08468419087 0)
(-0.1248395369 -0.08571478503 0)
(-0.1225096877 -0.07961817965 0)
(-0.1289544274 -0.08064877382 0)
(-0.1266245783 -0.07455216844 0)
(-0.133069318 -0.0755827626 0)
(-0.1307394689 -0.06948615723 0)
(-0.1371842086 -0.07051675139 0)
(-0.127169386 -0.09181139041 0)
(-0.0878055217 -0.1313088859 0)
(-0.02623278131 -0.1443587665 0)
(-0.02211789045 -0.1494247753 0)
(-0.0244477383 -0.1555213805 0)
(-0.01800299884 -0.1544907849 0)
(-0.01567315028 -0.14839418 0)
(-0.01155825927 -0.1534601893 0)
(-0.009228410729 -0.1473635837 0)
(-0.005113519775 -0.1524295936 0)
(-0.002783672051 -0.1463329876 0)
(0.001331219495 -0.1513989978 0)
(0.003661067245 -0.1453023919 0)
(0.007775958956 -0.1503684022 0)
(0.005446111234 -0.1564650081 0)
(0.01189085069 -0.1554344124 0)
(0.01422069841 -0.1493378065 0)
(0.01833559015 -0.1544038168 0)
(0.02066543786 -0.1483072109 0)
(0.0247803296 -0.1533732211 0)
(0.02711017732 -0.1472766152 0)
(0.03122506906 -0.1523426255 0)
(0.03355491678 -0.1462460196 0)
(0.03766980852 -0.1513120298 0)
(0.03999965623 -0.1452154239 0)
(0.04411454797 -0.1502814342 0)
(0.04644439569 -0.1441848283 0)
(0.05055928743 -0.1492508385 0)
(0.05288913515 -0.1431542326 0)
(0.05700402689 -0.1482202429 0)
(0.0593338746 -0.142123637 0)
(0.009561002972 -0.1615310183 0)
(0.02889522134 -0.1584392314 0)
(0.04822943971 -0.1553474445 0)
(-0.01388810714 -0.159556795 0)
(-0.06435641076 -0.1332831117 0)
(0.05521898286 -0.1370576267 0)
(0.06166372232 -0.1360270311 0)
(0.06577861406 -0.1410930413 0)
(0.06810846178 -0.1349964354 0)
(0.07222335352 -0.1400624457 0)
(0.07455320123 -0.1339658398 0)
(0.07866809297 -0.13903185 0)
(0.08099794069 -0.1329352441 0)
(0.07633824525 -0.145128456 0)
(0.07688304895 -0.1278692339 0)
(0.08332778841 -0.1268386382 0)
(0.08744268015 -0.1319046485 0)
(0.08977252786 -0.1258080426 0)
(0.08565763613 -0.1207420323 0)
(0.09210237558 -0.1197114367 0)
(0.09621726732 -0.1247774469 0)
(0.09854711504 -0.118680841 0)
(0.0944322233 -0.1136148307 0)
(0.1008769628 -0.1125842351 0)
(0.1049918545 -0.1176502454 0)
(0.1073217022 -0.1115536395 0)
(0.1032068105 -0.1064876292 0)
(0.1096515499 -0.1054570335 0)
(0.1055366582 -0.1003910233 0)
(0.1119813976 -0.09936042763 0)
(0.1160962894 -0.1044264379 0)
(0.1184261371 -0.09832983198 0)
(0.1225410288 -0.1033958422 0)
(0.1248708766 -0.09729923634 0)
(0.1207559848 -0.09223322607 0)
(0.1272007243 -0.09120263042 0)
(0.1230858325 -0.08613662016 0)
(0.129530572 -0.08510602451 0)
(0.1254156803 -0.08004001424 0)
(0.1318604197 -0.0790094186 0)
(0.127745528 -0.07394340833 0)
(0.1341902674 -0.07291281268 0)
(0.1300753757 -0.06784680242 0)
(0.1365201152 -0.06681620677 0)
(0.1324052234 -0.0617501965 0)
(0.138722303 -0.06067081503 0)
(0.1347137945 -0.05564545962 0)
(0.141027328 -0.05456472299 0)
(0.137035959 -0.04954591752 0)
(0.1434794179 -0.04851483251 0)
(0.1393848999 -0.04345660815 0)
(0.1458328215 -0.0424272286 0)
(0.1417218557 -0.03736271866 0)
(0.1497083101 -0.04721456189 0)
(0.1429648546 -0.06578561112 0)
(0.1359753115 -0.08407542886 0)
(-0.1148247143 -0.107009424 0)
(0.02299528558 -0.1422106049 0)
(-0.03679241246 -0.1403233513 0)
(0.1189709408 -0.08107060989 0)
(0.05754883058 -0.1309610208 0)
(-0.04378195473 -0.1586131623 0)
(-0.07670108377 -0.118085081 0)
(-0.1201798386 -0.07352157428 0)
(0.1289857683 -0.1023652466 0)
(0.1266559206 -0.1084618525 0)
(-0.1037202763 -0.09378561913 0)
(-0.006898563486 -0.1412669775 0)
(0.125960484 -0.06278079215 0)
(0.1352777706 -0.03839356436 0)
(0.1376089121 -0.03229745286 0)
(0.1440538672 -0.03126693962 0)
(0.139939336 -0.02620106716 0)
(0.1463841715 -0.02517050822 0)
(0.1422693559 -0.02010452704 0)
(0.1486369838 -0.01904446282 0)
(0.1445863931 -0.01400302551 0)
(0.1539003966 -0.0238939485 0)
(0.1508857099 -0.0129168559 0)
(0.1469005854 -0.007900436825 0)
(0.1532132503 -0.006819368243 0)
(0.1492274394 -0.001802686827 0)
(0.1556716799 -0.0007719005002 0)
(0.1515782184 0.004285920072 0)
(0.1601597356 -0.006841392433 0)
(0.1621999605 8.329028662e-05 0)
(0.1451370507 0.003253959477 0)
(0.1474709823 0.009349004729 0)
(0.1662633318 -0.004819551994 0)
(0.1686017662 0.001249859255 0)
(0.1410275187 0.008317921482 0)
(0.1433582597 0.01441418602 0)
(0.1498031481 0.01544472477 0)
(0.1456886427 0.02051058739 0)
(0.1521334714 0.02154114894 0)
(0.1480186589 0.02660712892 0)
(0.1544634264 0.02763771384 0)
(0.1503485526 0.03270371727 0)
(0.1439038161 0.03167312048 0)
(0.146233672 0.03776972328 0)
(0.1397889344 0.03673912692 0)
(0.1421187838 0.0428357322 0)
(0.1485635235 0.04386632774 0)
(0.1444486324 0.04893233776 0)
(0.150893372 0.04996293335 0)
(0.1467784804 0.05502894357 0)
(0.1403337409 0.05399834791 0)
(0.1426635887 0.06009495381 0)
(0.1362188493 0.05906435816 0)
(0.138548697 0.06516096407 0)
(0.1532232199 0.0560595392 0)
(0.1573381116 0.05099352893 0)
(0.1596679594 0.05709013482 0)
(0.1637828511 0.05202412456 0)
(0.1381523705 -0.01503771665 0)
(0.1057854963 -0.003815761505 0)
(-0.07525553861 -0.07400410793 0)
(0.1369138818 0.01338345221 0)
(0.1727095024 -0.003793488792 0)
(0.1750395886 0.002302361714 0)
(0.1704757597 -0.009019448481 0)
(-0.07598655465 -0.1637471443 0)
(0.13310066 -0.1074312569 0)
(0.1661126989 0.05812073047 0)
(0.1619978071 0.06318674073 0)
(0.1702275906 0.0530547202 0)
(0.1345840944 0.007286823268 0)
(0.1307708123 -0.1135278628 0)
(0.1791533275 -0.002759997418 0)
(0.1814830228 0.003337091117 0)
(0.1311644973 -0.03332817259 0)
(0.1684425466 0.06421733638 0)
(0.1643276548 0.06928334665 0)
(0.1707723943 0.07031394229 0)
(0.1666575026 0.07537995256 0)
(0.173102242 0.07641054821 0)
(0.1689873503 0.08147655847 0)
(0.1625426108 0.08044596283 0)
(0.1648724585 0.08654256874 0)
(0.1584277191 0.08551197309 0)
(0.1607575668 0.09160857901 0)
(0.1372155518 -0.1124972671 0)
(0.1395453995 -0.1064006612 0)
(0.1855981201 -0.001730875742 0)
(0.1879293199 0.004357084667 0)
(0.1709247366 0.00736824608 0)
(0.08278298471 -0.1440978603 0)
(0.08045313699 -0.1501944662 0)
(0.08689787645 -0.1491638706 0)
(0.08456802873 -0.1552604765 0)
(0.09101276819 -0.1542298808 0)
(0.08868292047 -0.1603264868 0)
(0.07812328928 -0.1562910721 0)
(0.09512765993 -0.1592958911 0)
(0.09279781221 -0.165392497 0)
(0.09745750764 -0.1531992852 0)
(-0.08493086492 -0.1079530586 0)
(0.1832677024 -0.007824370969 0)
(0.1288347037 -0.03942479918 0)
(0.1678977429 0.04695811429 0)
(0.1743424823 0.04798870993 0)
(0.1768213051 0.07149580578 0)
(0.1720126346 0.04189210402 0)
(0.1784573741 0.04292269967 0)
(0.1761275264 0.03682609375 0)
(0.1825722658 0.0378566894 0)
(0.1849021135 0.04395329531 0)
(0.1890170053 0.03888728504 0)
(0.1866871575 0.03279067913 0)
(0.04232950395 -0.139118818 0)
(-0.1065949331 -0.1171414465 0)
(-0.1119500575 -0.0836535967 0)
(0.1356740449 0.04180513633 0)
(0.1333441973 0.03570853038 0)
(0.1292293061 0.04077454043 0)
(0.09909191874 -0.1014216189 0)
(0.1014217665 -0.09532501301 0)
(0.094977027 -0.09635560865 0)
(0.09730687471 -0.09025900274 0)
(-0.1353991671 -0.08167936798 0)
(-0.07957574035 -0.1414409079 0)
(0.1268994583 0.03467793454 0)
(0.1227845667 0.03974394478 0)
(0.193131897 0.03382127478 0)
(-0.06133893261 -0.1727927686 0)
(0.130469514 0.01235271454 0)
(0.09086213526 -0.09128959839 0)
(0.08853228754 -0.0973862043 0)
(0.1348857041 -0.118593873 0)
(0.1284409646 -0.1196244687 0)
(0.192043128 -0.0007022927735 0)
(0.1943416439 0.00535879319 0)
(0.1436602912 -0.1114666715 0)
(0.145990139 -0.1053700656 0)
(0.128139636 0.00625612019 0)
(0.1015723994 -0.1582652955 0)
(0.1039022471 -0.1521686896 0)
(0.1754170731 0.08251289281 0)
(0.1672023062 0.09263917465 0)
(0.1630874145 0.09770518492 0)
(0.1984820866 0.0003257984565 0)
(0.1961382609 -0.005879705264 0)
(0.1247202038 -0.03435893866 0)
(0.1223903173 -0.04045552976 0)
(0.1838074025 0.009428822373 0)
(0.09319198298 -0.08519299247 0)
(0.1325343065 -0.1246822436 0)
(0.1261075252 -0.125719702 0)
(0.1389412086 -0.1236966227 0)
(0.0844173958 -0.09232019403 0)
(0.08208754808 -0.09841679994 0)
(0.1501050307 -0.1104360758 0)
(0.1524348784 -0.1043394699 0)
(0.1560978714 0.07941536718 0)
(0.1519829796 0.08448137745 0)
(0.1302002685 -0.1307772482 0)
(0.1237763805 -0.1318158123 0)
(0.1913567817 0.04498009664 0)
(0.1872274927 0.05008687523 0)
(0.1908011165 0.02772222792 0)
(0.1972466333 0.02875485769 0)
(0.1843544038 0.02669226865 0)
(0.1585783228 0.02257170178 0)
(-0.0890457555 -0.1028870474 0)
(-0.0826010158 -0.1018564532 0)
(-0.08671590638 -0.09679044202 0)
(0.09963672243 -0.08416239683 0)
(0.09568241113 -0.07915775316 0)
(0.1019933336 -0.07807601868 0)
(0.1270500038 -0.02826231449 0)
(0.003116263516 -0.162561614 0)
(0.007231155254 -0.1676276242 0)
(0.0007864157975 -0.1686582199 0)
(0.004901307536 -0.1737242302 0)
(0.01113514798 -0.1726130384 0)
(-0.00154343192 -0.1747548258 0)
(0.002571459818 -0.1798208361 0)
(-0.003873279638 -0.1808514317 0)
(0.0002416121005 -0.185917442 0)
(-0.006203127356 -0.1869480376 0)
(-0.01031801909 -0.1818820274 0)
(-0.002123826225 -0.1920004468 0)
(0.09978735536 -0.1471026793 0)
(0.1062320948 -0.1460720836 0)
(0.1483199867 -0.09927345966 0)
(0.1547647261 -0.09824286402 0)
(0.1588796179 -0.1033088743 0)
(0.1612499262 -0.09717893271 0)
(0.1571013173 -0.09214070216 0)
(0.1637003222 -0.09086973841 0)
(0.165385857 -0.1022277754 0)
(0.1629945096 -0.1083748846 0)
(-0.1024800426 -0.1222074577 0)
(-0.1089247822 -0.1232380519 0)
(-0.1048098917 -0.1283040631 0)
(-0.1112546314 -0.1293346572 0)
(-0.1071397408 -0.1344006684 0)
(-0.1153695219 -0.124268646 0)
(-0.1176993711 -0.1303652514 0)
(-0.1218142616 -0.1252992402 0)
(-0.1241441108 -0.1313958456 0)
(-0.1282590013 -0.1263298343 0)
(-0.1200292202 -0.1364618568 0)
(-0.1259291522 -0.120233229 0)
(-0.1323738919 -0.1212638231 0)
(-0.1300440428 -0.1151672178 0)
(-0.1364887825 -0.1161978119 0)
(-0.1388186316 -0.1222944173 0)
(-0.1429335222 -0.1172284061 0)
(-0.140603673 -0.1111318007 0)
(-0.1470484127 -0.1121623949 0)
(-0.1447185636 -0.1060657895 0)
(-0.1511633033 -0.1070963837 0)
(-0.1488334542 -0.1009997783 0)
(-0.1552781939 -0.1020303724 0)
(-0.1529483448 -0.09593376706 0)
(-0.1593930845 -0.09696436122 0)
(-0.1570632353 -0.09086775585 0)
(-0.1632402244 -0.09200067231 0)
(-0.1611335008 -0.08581879835 0)
(-0.166875723 -0.08748424132 0)
(-0.1575452877 -0.1080187586 0)
(-0.1658378242 -0.09799495539 0)
(-0.1493642343 -0.1182476063 0)
(-0.1547259487 -0.08477399276 0)
(-0.1588395997 -0.07970845526 0)
(0.1251144144 0.04584055068 0)
(0.1186696749 0.04480995503 0)
(0.1209995227 0.05090656095 0)
(0.1321039575 0.06413036842 0)
(0.1344338053 0.07022697433 0)
(0.1279890658 0.06919637868 0)
(0.1303189135 0.0752929846 0)
(0.1238741741 0.07426238895 0)
(0.1262040218 0.08035899486 0)
(0.1145547832 0.0498759653 0)
(0.1326487612 0.08138959051 0)
(0.1285338695 0.08645560078 0)
(0.1215443264 0.06816578304 0)
(0.1174294346 0.0732317933 0)
(0.1150995869 0.06713518739 0)
(0.1111823784 0.0723617668 0)
(0.1133474901 0.0783245651 0)
(0.1068698034 0.07726720793 0)
(0.1092051423 0.08336827409 0)
(0.1079606092 0.06633089794 0)
(-0.04968189246 -0.1423845409 0)
(0.1204547189 0.03364733886 0)
(0.169464328 -0.1073476833 0)
(0.1720065675 -0.100901737 0)
(-0.1264739599 -0.1374924509 0)
(0.1206053307 -0.02929293549 0)
(0.1229351815 -0.02319633076 0)
(-0.01264786681 -0.1879786333 0)
(-0.01676275855 -0.182912623 0)
(-0.01909260627 -0.1890092289 0)
(-0.02320749801 -0.1839432187 0)
(-0.02087765029 -0.1778466127 0)
(-0.02732238975 -0.1788772084 0)
(0.1278910561 -0.13688174 0)
(0.1240247911 0.01132211255 0)
(0.09804348282 -0.07307307964 0)
(0.1043328458 -0.07198310613 0)
(-0.08027116668 -0.09575984785 0)
(-0.07615627611 -0.1008258591 0)
(-0.08438605726 -0.09069383664 0)
(0.1080171388 -0.1572346998 0)
(0.1056872911 -0.1633313057 0)
(0.1936866944 0.05109101663 0)
(0.1980228948 0.04617153684 0)
(0.1894741394 0.05638644688 0)
(0.1220053496 0.005106883408 0)
(0.1258615723 0.0001397247769 0)
(-0.02553734573 -0.1900398246 0)
(0.07797265635 -0.09335078968 0)
(0.07564280863 -0.09944739559 0)
(-0.122371248 -0.1424823037 0)
(0.1122249355 0.04377935939 0)
(-0.1524008513 -0.07867557147 0)
(-0.1565165339 -0.07360925761 0)
(-0.1628623679 -0.07477954318 0)
(-0.1465036051 -0.0949031729 0)
(-0.1382738239 -0.1050351953 0)
(0.1949147452 0.02255486763 0)
(0.2017274774 0.02376717557 0)
(0.1496531319 0.07838477153 0)
(0.1214497559 -0.1379136499 0)
(0.1173354373 -0.1328478587 0)
(0.1696827869 0.03579549811 0)
(0.1245696107 0.02858132859 0)
(0.1181366549 0.02756030431 0)
(0.1021172031 -0.1410060734 0)
(0.111436594 -0.1166196497 0)
(0.07975770037 -0.1045134059 0)
(0.07331296091 -0.1055440015 0)
(0.06930328857 -0.1005182013 0)
(0.06688575802 -0.1065812988 0)
(-0.02499254203 -0.1727806025 0)
(-0.03143728148 -0.1738111981 0)
(-0.0337671292 -0.179907804 0)
(-0.03788202094 -0.1748417938 0)
(-0.04021186866 -0.1809383997 0)
(0.07098603595 -0.1116417244 0)
(0.06454178362 -0.1126725062 0)
(0.06042697307 -0.1076065269 0)
(0.05809363428 -0.1137017987 0)
(0.05397932439 -0.1086360108 0)
(0.0516489918 -0.1147324314 0)
(0.04753411622 -0.1096664273 0)
(0.04520416448 -0.1157629935 0)
(-0.0443267604 -0.1758723894 0)
(0.169532154 0.09873578057 0)
(0.1654172622 0.1038017908 0)
(0.1966277364 0.05732026649 0)
(0.1921001345 0.06282748402 0)
(0.1005772528 -0.06705440363 0)
(0.1066982914 -0.06590010409 0)
(0.1029470206 -0.06097305334 0)
(0.1090407254 -0.05980830809 0)
(0.08030250406 -0.08725418376 0)
(0.1255651848 -0.1429798655 0)
(0.09415539472 -0.06763863921 0)
(0.11200009 -0.1622502883 0)
(0.1098021829 -0.168397316 0)
(0.1142766877 -0.1561333327 0)
(0.1765355796 -0.1069819544 0)
(0.1802901472 -0.09957333167 0)
(0.1081100437 0.04884536965 0)
(-0.01499190343 -0.1939865102 0)
(0.1049279314 -0.05474309948 0)
(0.1113145147 -0.05369027918 0)
(0.1197358669 -0.001012791293 0)
(0.1235504161 -0.005964024184 0)
(0.1342569822 -0.1358255363 0)
(-0.07377947303 -0.09502287657 0)
(-0.06970371076 -0.09984420205 0)
(-0.1288180174 -0.1435002048 0)
(-0.1329210676 -0.1385082365 0)
(0.1173159248 -0.006827565562 0)
(0.1072076006 -0.04872901243 0)
(0.1165091234 -0.02434368093 0)
(0.114237791 -0.03028283081 0)
(0.041089284 -0.1106969875 0)
(0.03875942082 -0.1167935875 0)
(0.01868061369 -0.1037596159 0)
(0.04287430999 -0.1218595968 0)
(0.0364295694 -0.122890192 0)
(0.03231467747 -0.1178241817 0)
(0.02998482883 -0.1239207872 0)
(0.02589188184 -0.118992006 0)
(0.02354374677 -0.1249742544 0)
(0.01945140925 -0.120049285 0)
(0.01710032802 -0.1260131091 0)
(0.0130080347 -0.1210884162 0)
(0.01065603617 -0.1270465039 0)
(0.006563597333 -0.1221209009 0)
(0.004211421661 -0.1280778809 0)
(9.655074706e-05 -0.1230120009 0)
(0.2012007442 0.06446679376 0)
(0.1945587657 0.07139505907 0)
(0.2056096592 0.05673657619 0)
(0.105780196 0.04274876374 0)
(-0.08075728203 -0.1756769096 0)
(-0.04665660812 -0.1819689953 0)
(-0.06556472693 -0.1845842881 0)
(-0.1500729247 -0.0725782314 0)
(-0.1541881357 -0.06751209774 0)
(-0.1348543595 -0.06442014601 0)
(-0.1284096198 -0.06338955185 0)
(-0.1325245103 -0.05832354064 0)
(-0.1260797707 -0.05729294647 0)
(-0.1301946612 -0.05222693526 0)
(-0.1366394009 -0.05325752942 0)
(-0.1343095518 -0.04716092404 0)
(-0.1407542915 -0.04819151821 0)
(-0.1278648121 -0.04613032988 0)
(-0.1319797027 -0.04106431867 0)
(-0.125534963 -0.0400337245 0)
(-0.1296498536 -0.03496771329 0)
(-0.1360945933 -0.03599830745 0)
(-0.1337647441 -0.02990170208 0)
(-0.1402094838 -0.03093229624 0)
(-0.1378796347 -0.02483569086 0)
(-0.1443243744 -0.02586628503 0)
(-0.1419945253 -0.01976967965 0)
(-0.148439265 -0.02080027381 0)
(-0.1461094159 -0.01470366844 0)
(-0.1525541555 -0.0157342626 0)
(-0.1502243064 -0.009637657222 0)
(-0.1548840047 -0.02183086798 0)
(-0.1589988952 -0.01676485676 0)
(-0.1613287444 -0.02286146214 0)
(-0.1654436349 -0.01779545093 0)
(-0.1677734841 -0.0238920563 0)
(-0.1437795667 -0.008607063058 0)
(-0.1478944573 -0.003541051845 0)
(-0.1414497176 -0.002510457681 0)
(-0.1455646082 0.002555553533 0)
(-0.1520093479 0.001524959369 0)
(-0.1496794988 0.007621564746 0)
(-0.1432347591 0.00865215891 0)
(-0.1473496496 0.01371817012 0)
(-0.1409049099 0.01474876429 0)
(-0.1450198005 0.0198147755 0)
(-0.1514645402 0.01878418134 0)
(-0.1491346911 0.02488078671 0)
(-0.1426899514 0.02591138088 0)
(-0.146804842 0.03097739209 0)
(-0.1403601023 0.03200798625 0)
(-0.1444749929 0.03707399747 0)
(-0.1380302532 0.03810459163 0)
(-0.1421451437 0.04317060285 0)
(-0.135700404 0.04420119701 0)
(-0.1398152946 0.04926720822 0)
(-0.1333705549 0.05029780239 0)
(-0.1374854455 0.0553638136 0)
(-0.1485898834 0.04214000868 0)
(-0.1555794308 0.02385019255 0)
(-0.1636585935 -0.02895806752 0)
(-0.1339153626 0.03303858042 0)
(-0.131434895 -0.0238050967 0)
(-0.1561242385 0.006590970583 0)
(-0.1292556643 0.04523179117 0)
(-0.1269258152 0.05132839655 0)
(-0.09480102356 0.04631762927 0)
(-0.1439301852 0.05433321944 0)
(-0.1416003361 0.06042982481 0)
(-0.1480450758 0.05939923065 0)
(-0.1457152266 0.06549583603 0)
(-0.1521599663 0.06446524186 0)
(-0.1498301172 0.07056184724 0)
(-0.1562748569 0.06953125308 0)
(-0.1539450078 0.07562785845 0)
(-0.158604706 0.0634346477 0)
(-0.1627195966 0.06850065891 0)
(-0.1650494457 0.06240405354 0)
(-0.1351555964 0.06146041898 0)
(-0.1433853775 0.0715924414 0)
(-0.1367900194 0.009682753073 0)
(-0.1691607014 0.06746867567 0)
(-0.1714899448 0.06137183878 0)
(-0.1668338814 0.07356643861 0)
(-0.1673785881 0.05630717806 0)
(-0.1738068916 0.05527030275 0)
(-0.169706169 0.05020970589 0)
(-0.1778842874 0.060319046 0)
(-0.1732797583 0.07252166527 0)
(-0.1709493654 0.07863024097 0)
(-0.1214200724 -0.04509973572 0)
(-0.1228109247 0.04626238534 0)
(-0.1204810755 0.05235899071 0)
(-0.1232051139 -0.03393711913 0)
(-0.116366185 0.0472929795 0)
(-0.1140363358 0.05338958488 0)
(-0.1181512264 0.05845559609 0)
(-0.1117064867 0.05948619025 0)
(-0.1158213773 0.06455220147 0)
(-0.1094306839 0.0656034497 0)
(-0.1135005359 0.07065224919 0)
(-0.1069073225 0.07159742673 0)
(-0.111139936 0.07673232357 0)
(-0.1044860499 0.07765351814 0)
(-0.1087897245 0.08281942145 0)
(-0.1023449181 0.08384970245 0)
(-0.1065019808 0.08893862298 0)
(-0.1000535394 0.08996667034 0)
(-0.1041715147 0.09503480389 0)
(-0.1106167686 0.09400456344 0)
(-0.09783669648 0.09610737364 0)
(-0.1018603972 0.1011386882 0)
(-0.09552880366 0.1022125418 0)
(-0.09953732935 0.1072379338 0)
(-0.09309371987 0.108268968 0)
(-0.09719107133 0.1133282827 0)
(-0.09074359682 0.1143578342 0)
(-0.1036328878 0.1122965725 0)
(-0.09485510841 0.1194225555 0)
(-0.08840934975 0.1204527609 0)
(-0.09252350733 0.1255184923 0)
(-0.08607847564 0.1265489751 0)
(-0.08223461054 0.1215865376 0)
(-0.07969942149 0.1276046714 0)
(-0.08375935461 0.1326496804 0)
(-0.07731640294 0.1336809578 0)
(-0.07346382576 0.1288392179 0)
(-0.07091817422 0.1348166696 0)
(-0.07498574208 0.1397918102 0)
(-0.06854086709 0.1408247789 0)
(-0.06443730962 0.1358301751 0)
(-0.06209008403 0.1418529207 0)
(-0.07264531293 0.1458717309 0)
(-0.08844649621 0.1022468675 0)
(-0.07518046362 0.07406295764 0)
(-0.09896812486 0.1244878515 0)
(-0.1176042962 0.07571321034 0)
(-0.0790908469 0.1448422701 0)
(-0.07675874992 0.1509352709 0)
(-0.08320386425 0.1499052775 0)
(-0.08092623754 0.1559587108 0)
(-0.0744289008 0.1570318763 0)
(-0.0873272088 0.1549636929 0)
(-0.08505130328 0.1610163608 0)
(-0.09144520423 0.1600270446 0)
(-0.09376438094 0.1539390825 0)
(-0.08903975083 0.1661831139 0)
(-0.08246406332 0.167078234 0)
(-0.1186960341 0.04119637412 0)
(-0.09788020954 0.1590043274 0)
(-0.1002082715 0.1529091676 0)
(-0.1043231853 0.1579751592 0)
(-0.1066480975 0.1518825628 0)
(-0.1019933401 0.1640717613 0)
(-0.1106673159 0.1569130411 0)
(-0.09370019547 0.09187935917 0)
(-0.09663796338 0.1305843377 0)
(-0.1030826307 0.1295537159 0)
(-0.09909150903 0.07899602786 0)
(-0.137334827 -0.007576468895 0)
(-0.1466542235 -0.0319628904 0)
(-0.1344601703 0.01577935845 0)
(-0.1303452797 0.01071334724 0)
(-0.1280154306 0.01680995261 0)
(-0.1631137858 -0.01169884555 0)
(-0.1695585255 -0.01272943971 0)
(-0.1672286764 -0.006632834335 0)
(-0.1736734161 -0.007663428498 0)
(-0.1760032652 -0.01376003388 0)
(-0.171343567 -0.001566823121 0)
(-0.1777883067 -0.002597417285 0)
(-0.1754584575 0.003499188092 0)
(-0.1819031972 0.002468593929 0)
(-0.1761342123 0.04917273113 0)
(-0.1795733481 0.008565199306 0)
(-0.1859572145 0.007511342114 0)
(-0.1882769181 0.001410859565 0)
(-0.1836780931 0.01362733335 0)
(-0.1720352187 0.04411279501 0)
(-0.1784798252 0.04308214993 0)
(-0.1825552849 0.04820068912 0)
(-0.1849205981 0.04206130597 0)
(-0.1743675619 0.03801714274 0)
(-0.1898834075 0.01271648625 0)
(-0.1890160284 0.04721454872 0)
(-0.1913732122 0.04102245491 0)
(-0.1772418081 0.01466115849 0)
(-0.1872570092 0.03595781985 0)
(-0.193612558 0.03489157618 0)
(-0.1679232601 0.03904790424 0)
(-0.1702535978 0.03295148561 0)
(-0.1957068869 0.0459923761 0)
(-0.1930993634 0.05267437508 0)
(-0.177399077 0.07758652715 0)
(-0.1750650928 0.08369569249 0)
(-0.168619664 0.08472837998 0)
(-0.1727149725 0.08967203779 0)
(-0.1996974964 0.05050240158 0)
(-0.1992747927 0.05858941565 0)
(-0.2033563397 0.04415140816 0)
(-0.12390054 0.0117439414 0)
(-0.1215706909 0.01784054678 0)
(-0.1262303891 0.005647336023 0)
(-0.1197856494 0.006677930186 0)
(-0.1221154985 0.0005813248093 0)
(-0.1054717327 0.06103437033 0)
(-0.1430841406 -0.05428812358 0)
(-0.1471990312 -0.04922211237 0)
(-0.1632637906 0.05124120245 0)
(-0.1813564168 0.019727062 0)
(-0.09609324783 0.1478432645 0)
(-0.1815345331 0.08281859575 0)
(-0.183934682 0.076283961 0)
(-0.1100514798 0.04870135277 0)
(-0.1877245557 0.08083103873 0)
(-0.1872917155 0.08856952507 0)
(-0.1911032016 0.07486671402 0)
(-0.2075580323 0.05245266145 0)
(-0.1495288803 -0.05531871775 0)
(-0.1536437709 -0.05025270653 0)
(0.1455382402 0.0834507818 0)
(0.1566426751 0.09667458927 0)
(0.1477752576 -0.1165331481 0)
(0.134978609 0.08748619642 0)
(0.1308637172 0.09255220669 0)
(0.1449934365 0.06619155971 0)
(-0.15597362 -0.05634931191 0)
(-0.1600885106 -0.0512833007 0)
(-0.1701033332 -0.02998866168 0)
(-0.1624183597 -0.05737990608 0)
(-0.1665332503 -0.05231389486 0)
(-0.1688630994 -0.05841050024 0)
(-0.17297799 -0.05334448903 0)
(-0.1706481408 -0.04724788365 0)
(-0.1770928805 -0.04827847781 0)
(-0.1577586615 -0.04518669532 0)
(0.1098950878 0.03768275347 0)
(-0.1219648801 -0.06235895769 0)
(0.115650797 0.08439961311 0)
(0.1115314818 0.0894620304 0)
(-0.09083079695 -0.0917244308 0)
(-0.08852991442 -0.08565135367 0)
(-0.09495051529 -0.08666234096 0)
(-0.09265043739 -0.0805899174 0)
(-0.09906714922 -0.0815977458 0)
(-0.09673759066 -0.07550137643 0)
(-0.1031777075 -0.07652821564 0)
(-0.1008471363 -0.07043102377 0)
(-0.1072909852 -0.07146089436 0)
(-0.1049608672 -0.06536407064 0)
(-0.09851608274 -0.06433344008 0)
(-0.10263069 -0.05926719878 0)
(-0.1090754651 -0.06029782163 0)
(-0.1067455671 -0.05420117663 0)
(-0.1579092799 0.01775358717 0)
(0.1567932997 0.03373430999 0)
(0.1737158088 0.09364349214 0)
(0.1761266655 0.1002930142 0)
(0.1814387002 0.09431804929 0)
(0.1737975598 0.03073023082 0)
(0.1327993214 0.01844933585 0)
(0.1578829154 0.068252751 0)
(0.1265052026 -0.04552153756 0)
(0.1191211081 -0.1440107144 0)
(0.1232361998 -0.1490768011 0)
(0.1297626845 -0.1479798562 0)
(-0.01854780257 -0.1717500068 0)
(0.08922772417 -0.1430672647 0)
(-0.1742182237 -0.02492265047 0)
(-0.1765480729 -0.03101925584 0)
(-0.1806629634 -0.02595324463 0)
(-0.1829928126 -0.03204985001 0)
(-0.1871077031 -0.02698383879 0)
(-0.119635031 -0.05626235231 0)
(-0.1256855814 0.02290655799 0)
(-0.1192408417 0.02393715215 0)
(-0.1233557323 0.02900316337 0)
(-0.1482869593 -0.08374120108 0)
(-0.1895728681 0.02985435546 0)
(-0.1959249915 0.0287881154 0)
(-0.122266117 0.0635216073 0)
(-0.07204008126 -0.1059000265 0)
(-0.06559512419 -0.1048707917 0)
(-0.06326523884 -0.09877441286 0)
(-0.05915139289 -0.1038338916 0)
(-0.06148141612 -0.1099294082 0)
(-0.05503687351 -0.1088975816 0)
(-0.05736678449 -0.1149938001 0)
(-0.05092208796 -0.113962936 0)
(-0.05325195458 -0.120059432 0)
(-0.046807225 -0.1190287746 0)
(-0.04913707872 -0.1251253512 0)
(-0.04269234148 -0.1240947417 0)
(-0.04036249277 -0.1179981337 0)
(-0.03624760344 -0.1230641372 0)
(-0.03391775459 -0.1169675301 0)
(-0.02980286427 -0.1220335397 0)
(-0.04859224603 -0.1078662857 0)
(-0.02747301524 -0.1159369338 0)
(-0.02335812472 -0.1210029446 0)
(-0.02568797385 -0.12709955 0)
(-0.01924323522 -0.1260689552 0)
(-0.01691338777 -0.1199723461 0)
(-0.0638115345 -0.1160243298 0)
(0.1060859225 -0.08313350581 0)
(-0.1054124677 0.1234571059 0)
(-0.1095272654 0.1285230817 0)
(-0.1118571238 0.1224264798 0)
(-0.1159720004 0.1274924857 0)
(-0.1071974275 0.1346196914 0)
(-0.1503749249 0.05330262527 0)
(-0.1620241705 0.02281959839 0)
(-0.1659884426 -0.03505467289 0)
(-0.1169109926 0.03003375753 0)
(-0.1127961021 0.02496774632 0)
(0.1542199349 -0.1155021638 0)
(0.1518668251 -0.121618206 0)
(0.1583142355 -0.1205649775 0)
(0.1561155363 -0.1267730449 0)
(0.1091067462 -0.1227162556 0)
(-0.1159163594 -0.1415151749 0)
(-0.118704134 -0.1485901162 0)
(-0.1118764365 -0.1467527042 0)
(-0.1141292882 -0.1526904846 0)
(-0.1076973814 -0.1516863612 0)
(-0.1100165364 -0.1577609076 0)
(-0.1035696579 -0.1567259016 0)
(-0.1012419476 -0.1506337081 0)
(-0.09712527466 -0.1556960428 0)
(-0.09479548495 -0.1495995599 0)
(-0.0906801785 -0.1546647133 0)
(-0.09301008703 -0.1607614412 0)
(-0.09890995964 -0.1445326909 0)
(-0.1595437029 -0.03402407873 0)
(-0.005658323659 -0.1696888155 0)
(0.1130778007 -0.06484458045 0)
(0.08928831868 -0.08034793057 0)
(-0.1596943214 0.02891620376 0)
(0.06220909433 -0.1187680262 0)
(-0.1477436378 -0.06648141116 0)
(-0.02910743377 -0.1677145922 0)
(-0.03609697692 -0.1860044099 0)
(-0.08553333873 0.1438080714 0)
(0.1299351283 -0.004910488844 0)
(-0.1690137178 0.004529782256 0)
(-0.176698419 0.03192092257 0)
(-0.1643540196 0.01672299301 0)
(0.1478680879 0.08954738771 0)
(-0.1684689102 0.02178900422 0)
(-0.1006950011 -0.1333700743 0)
(-0.184777854 -0.02088723342 0)
(0.1276083614 -0.01100827211 0)
(0.02765559062 -0.130021205 0)
(0.05110409113 -0.1319916164 0)
(-0.09246528926 -0.1435022397 0)
(0.008320762648 -0.1331091801 0)
(-0.002237014661 -0.1290853574 0)
(-0.04502219256 -0.1301913394 0)
(-0.05146693239 -0.1312219324 0)
(-0.02157308298 -0.1321655605 0)
(-0.01512834482 -0.1311349627 0)
(0.1766723301 0.05408531585 0)
(0.1172682412 -0.1663322785 0)
(0.1154757923 -0.1742738421 0)
(0.106815564 -0.1758982655 0)
(0.11162261 -0.1834813545 0)
(0.1010836966 -0.1822051411 0)
(-0.1156707588 0.001611918973 0)
(-0.118000608 -0.004484686404 0)
(-0.1244453477 -0.005515280568 0)
(-0.1203304571 -0.01058129178 0)
(-0.1267751968 -0.01161188594 0)
(-0.1226603062 -0.01667789716 0)
(-0.1162155665 -0.015647303 0)
(-0.1185454156 -0.02174390837 0)
(0.1670711534 -0.1134593013 0)
(0.0434191336 -0.1046003823 0)
(0.149420195 -0.1278090396 0)
(0.153768334 -0.1331217827 0)
(0.02803109371 -0.113143531 0)
(-0.03802958459 -0.1119206579 0)
(0.117100777 0.009628888122 0)
(0.1852287252 0.06128047774 0)
(-0.08196953853 -0.08455646337 0)
(-0.090060393 -0.07467247957 0)
(-0.09617840293 -0.05828399862 0)
(0.1990156157 0.01744386001 0)
(0.2066338412 0.01774034929 0)
(0.2100735145 0.0263469073 0)
(0.1470008612 -0.1341283535 0)
(0.1995766365 0.03485187042 0)
(-0.1352513114 -0.1446023738 0)
(0.002420826889 -0.1168805536 0)
(-0.004022983613 -0.1179169559 0)
(-0.1121377711 -0.02069913809 0)
(-0.1144738028 -0.02679338078 0)
(0.07385776461 -0.08828477941 0)
(-0.1393642944 -0.1395482917 0)
(0.01478786706 -0.1154125238 0)
(0.1744619468 -0.09401045561 0)
(0.1831166433 -0.09108186755 0)
(0.1771469889 -0.08678232915 0)
(0.1830749441 -0.08401318554 0)
(0.1787097326 -0.08011984657 0)
(0.1856277513 -0.07829282793 0)
(0.1807295911 -0.07357520497 0)
(0.1741748501 -0.07548571589 0)
(0.1761596576 -0.06884592099 0)
(0.1824795772 -0.06721783846 0)
(0.1779036697 -0.06255618391 0)
(0.1842221819 -0.0609186919 0)
(0.1796451872 -0.05626489319 0)
(0.1716535546 -0.06438223687 0)
(0.1594523803 -0.08600773886 0)
(0.188801399 -0.06556844839 0)
(0.1529854658 -0.08707233629 0)
(0.1553151536 -0.08097533778 0)
(0.1897909397 -0.0847786247 0)
(0.1488652853 -0.08201353406 0)
(0.1511956579 -0.07591613038 0)
(0.1576404848 -0.07488540178 0)
(0.1465359891 -0.08810940764 0)
(0.1535483692 -0.06996763874 0)
(0.1597884211 -0.0687439063 0)
(0.1552728627 -0.06391545273 0)
(0.1658559928 -0.08426895528 0)
(0.0563182251 -0.1025983957 0)
(0.1054216089 -0.1926254117 0)
(0.09377441253 -0.1962082385 0)
(0.08866379103 -0.1868600364 0)
(0.08288082238 -0.194564717 0)
(0.07608475608 -0.1870438136 0)
(0.07255319598 -0.1958988628 0)
(0.06829410981 -0.1879409639 0)
(0.07065114698 -0.1811767648 0)
(0.06465047651 -0.1817475281 0)
(0.06136399036 -0.1871565477 0)
(0.05843662303 -0.181488652 0)
(0.05483504793 -0.1866999208 0)
(0.05193434965 -0.1810760486 0)
(0.04832570414 -0.1862327261 0)
(0.06215711542 -0.1758313038 0)
(0.04544371397 -0.1803799424 0)
(0.04182062054 -0.1857182651 0)
(0.03897683696 -0.1799314558 0)
(0.03531941714 -0.1852366676 0)
(0.05697629851 -0.193405512 0)
(0.04447101375 -0.1912585831 0)
(0.03248756671 -0.1793363577 0)
(0.02883752966 -0.1844463426 0)
(0.03165599396 -0.1905660848 0)
(0.02514525395 -0.1900730985 0)
(0.08635307275 -0.1664230927 0)
(0.04249760712 -0.1737820358 0)
(0.006306448665 -0.1847416646 0)
(0.02805707921 -0.1960402796 0)
(0.02133120524 -0.1955126856 0)
(0.02431024898 -0.2014019373 0)
(0.03252568945 -0.2024107774 0)
(0.01753441049 -0.2011465656 0)
(0.02233150841 -0.1839007125 0)
(0.02090506547 -0.208568248 0)
(0.01135488096 -0.206985709 0)
(0.01466837526 -0.1949200574 0)
(0.09046796449 -0.1714891029 0)
(0.08402322503 -0.1725196986 0)
(0.0799083333 -0.1674536883 0)
(0.07724650391 -0.205884536 0)
(0.06478088408 -0.2056917193 0)
(0.103996069 -0.2083748609 0)
(0.2169077054 0.01712274887 0)
(0.2092122373 0.007716293168 0)
(0.2029996734 -0.004644473876 0)
(0.2003244639 -0.01108858833 0)
(0.1859627273 -0.05462678768 0)
(0.1813851903 -0.0499745225 0)
(0.1877028427 -0.04833621815 0)
(0.1831252215 -0.04368409118 0)
(0.1923211403 -0.05314506507 0)
(0.1768075668 -0.0453224012 0)
(0.1785475809 -0.03903199371 0)
(0.1848652328 -0.03739368506 0)
(0.1722299272 -0.04067030376 0)
(0.1802875897 -0.03274159136 0)
(0.1866057672 -0.03110276579 0)
(0.1911829718 -0.03575528904 0)
(0.170489919 -0.04696070533 0)
(0.1929240835 -0.02941145838 0)
(0.1820282109 -0.02645058647 0)
(0.175710048 -0.02808939771 0)
(0.1976255401 -0.03435062924 0)
(0.1652573925 -0.04198829674 0)
(0.1993823569 -0.02775299108 0)
(0.1643167381 -0.04867195659 0)
(0.2081503857 -0.01048488524 0)
(0.1522061619 -0.04112704916 0)
(0.1774500739 -0.02179897852 0)
(0.1711323117 -0.02343739547 0)
(0.183856632 -0.02004391737 0)
(0.2034864325 -0.03311635622 0)
(0.2027123583 -0.03990484627 0)
(0.1693923118 -0.02972778904 0)
(0.1947243825 -0.02305715181 0)
(0.1933106533 -0.01210761892 0)
(0.1650516019 -0.02484255365 0)
(0.1628967954 -0.03074253931 0)
(0.2067854208 -0.02508128055 0)
(-0.1860836267 0.06990153546 0)
(0.2038028927 0.07348218532 0)
(0.1958559747 0.0824946991 0)
(-0.1308203697 -0.1496602601 0)
(-0.1646835638 -0.06342400327 0)
(-0.1708540086 -0.06484479241 0)
(-0.1794227297 -0.05437508319 0)
(-0.1834360657 -0.04922658384 0)
(-0.1856537187 -0.05534584925 0)
(-0.1816931386 -0.06061064296 0)
(-0.1235993031 -0.1141366236 0)
(-0.1277141937 -0.1090706124 0)
(0.1432083924 0.07735417589 0)
(-0.1811908454 -0.04319871858 0)
(-0.1874998545 -0.044119065 0)
(0.1198300309 0.01627768065 0)
(0.1673529194 0.02969901602 0)
(0.1714678309 0.02463288193 0)
(0.1085619425 -0.1399754777 0)
(0.1044470508 -0.1349094675 0)
(-0.1350049779 -0.001479863518 0)
(0.1219956265 -0.1206548356 0)
(0.1293799214 -0.02216573532 0)
(-0.1370341273 -0.1334536745 0)
(-0.1434785619 -0.1344861769 0)
(-0.1448691821 -0.04312550699 0)
(0.09800231134 -0.1359400631 0)
(0.1338890016 0.05296775224 0)
(-0.1607839367 -0.005602240172 0)
(0.1192144786 0.06206917712 0)
(0.1200605209 -0.04655215528 0)
(0.1159456565 -0.04148615543 0)
(0.1241754212 -0.05161816882 0)
(0.1447501511 -0.07694785984 0)
(-0.1918974829 0.02375546434 0)
(-0.1983627595 0.02273263878 0)
(-0.2025752329 0.02837657948 0)
(-0.2054587722 0.02117304522 0)
(0.1188203079 -0.01813032743 0)
(0.1104398915 0.05494197557 0)
(0.1040550438 0.05368739799 0)
(0.05343393884 -0.1258950105 0)
(0.04054446052 -0.1279562021 0)
(-0.04199691268 -0.1697757835 0)
(-0.04844123866 -0.1708065372 0)
(-0.02801782238 -0.1331961539 0)
(-0.01745819145 -0.1372315673 0)
(-0.08656541967 -0.1597306984 0)
(-0.08423556422 -0.1536340752 0)
(-0.08891990335 -0.1658178936 0)
(0.1688298424 -0.05320865517 0)
(0.1924983725 0.01647102321 0)
(0.1627930885 -0.0550924542 0)
(0.1937242519 -0.07502502932 0)
(0.2003902534 -0.08366389455 0)
(0.2046983095 -0.07058075007 0)
(-0.1108182595 0.03090199441 0)
(0.1135617078 0.01553859075 0)
(0.07618761232 -0.0821881735 0)
(0.01631412897 -0.2175300872 0)
(0.004737604276 -0.2169229695 0)
(-0.2086497544 0.06295652673 0)
(0.1102416731 -0.02537523437 0)
(-0.1130937493 0.00750206306 0)
(0.001259105364 -0.2054565483 0)
(0.1636102516 -0.07332213198 0)
(0.1665117162 -0.01900548838 0)
(0.210865087 -0.03769828418 0)
(0.2082528405 -0.04818800362 0)
(-0.09523607371 -0.1667686965 0)
(-0.1960101295 0.08125206214 0)
(0.2212696135 0.02956712186 0)
(-0.001830756182 -0.1118884869 0)
(0.1603734603 -0.1318148481 0)
(-0.1904970825 0.05924261559 0)
(-0.05702456568 -0.09790100415 0)
(-0.06105280719 -0.09292089742 0)
(0.1842066853 0.1024067231 0)
(0.1766760139 0.1090140057 0)
(0.07777474029 -0.1733908854 0)
(0.07349630296 -0.1684577158 0)
(-0.1069310852 0.02602005411 0)
(-0.1101633723 0.002378339886 0)
(-0.1934395227 0.06655892357 0)
(0.1866813461 0.07932318554 0)
(-0.008755232959 -0.2127739558 0)
(0.179155688 -0.01504800701 0)
(-0.1101600908 -0.01482999431 0)
(0.1910184759 0.09426244313 0)
(-0.01147450899 -0.2046104641 0)
(0.1845352918 -0.1068650896 0)
(-0.1058191932 -0.1625650338 0)
(0.2213963448 -0.04188794671 0)
(0.2179958966 -0.06013598525 0)
(0.1602370055 -0.020423621 0)
(0.2146847944 -0.07944201358 0)
(0.09676459353 -0.1704019062 0)
(0.1618806966 -0.01416466971 0)
(0.09778004321 -0.0562548518 0)
(-0.1158513018 -0.1586905678 0)
(0.1938425704 -0.0466729111 0)
(0.1588949322 -0.05039179158 0)
(-0.008115359001 -0.1130647644 0)
(-0.1049481469 -0.01995176659 0)
(0.1614445905 -0.0620590083 0)
(-0.09158863418 -0.06370254867 0)
(0.08173853541 -0.1773072856 0)
(0.06990583069 -0.08344425055 0)
(0.1127405795 -0.001078478637 0)
(0.1864129989 0.07155216991 0)
(-0.09138746117 -0.1720527385 0)
(-0.1088608232 0.01974774144 0)
(0.1784658746 -0.1163945268 0)
(0.0284622162 -0.2173092698 0)
(0.03796022306 -0.2096854432 0)
(0.04188025103 -0.2012464316 0)
(0.05161568223 -0.207589895 0)
(0.04395007038 -0.2214652664 0)
(0.1723067693 -0.08234690947 0)
(-0.05402271855 -0.09167677553 0)
(0.2103472754 0.03823465416 0)
(0.2270677746 0.04362551105 0)
(-0.2142703068 0.04076640917 0)
(-0.2210051066 0.05746061919 0)
(-0.2243546726 0.02480545214 0)
(-0.2454478408 0.02306957801 0)
(-0.2303818136 0.004544807311 0)
(-0.1912225937 -0.02191782758 0)
(-0.1935524428 -0.02801443296 0)
(-0.1888927446 -0.0158212222 0)
(-0.1953374843 -0.01685181637 0)
(-0.1930076352 -0.01075521099 0)
(-0.1994523749 -0.01178580515 0)
(-0.201782224 -0.01788241053 0)
(-0.1971409508 -0.005573980016 0)
(-0.2040911411 -0.006815241131 0)
(-0.2015501808 0.0002208574324 0)
(-0.1865628955 -0.009724616825 0)
(-0.2086646424 -0.002228963617 0)
(-0.2119639759 -0.009513033133 0)
(-0.2076215454 0.006707411438 0)
(-0.1982753523 0.0075091281 0)
(-0.251001452 -0.001571104094 0)
(-0.2340596582 -0.01623762014 0)
(-0.2304189969 -0.04098006894 0)
(0.20097309 0.006373034535 0)
(0.09478019252 -0.1764142814 0)
(0.02538126235 -0.1023942734 0)
(-0.07985592559 -0.06894557974 0)
(-0.08171382151 -0.07535163789 0)
(-0.07977088262 0.06914770157 0)
(-0.08158500351 0.07547679916 0)
(-0.0767148214 0.08036253328 0)
(-0.08323230854 0.08195753006 0)
(-0.07844955743 0.0866769095 0)
(-0.08785788211 0.07735014631 0)
(-0.08467630974 0.08802414864 0)
(-0.08036899714 0.09291185091 0)
(-0.0739227748 0.09125177759 0)
(-0.07576900662 0.09755460561 0)
(-0.06924352445 0.09581057801 0)
(-0.07116043199 0.1021794564 0)
(-0.06484565954 0.1005181977 0)
(-0.06660887981 0.1068301145 0)
(-0.06029205843 0.1051691679 0)
(-0.06201776999 0.1114676539 0)
(-0.05570590835 0.10980851 0)
(-0.05742685059 0.1161052899 0)
(-0.05111436518 0.1144459302 0)
(-0.05287546976 0.1205834579 0)
(-0.04652851292 0.1190564521 0)
(-0.04888439083 0.1261747152 0)
(-0.0420369928 0.1238480058 0)
(-0.04364770844 0.1300159473 0)
(-0.03735359412 0.1283780607 0)
(-0.03905767276 0.1346563941 0)
(-0.03563746864 0.1220854831 0)
(-0.03102333929 0.1266974416 0)
(-0.02930771576 0.1204054576 0)
(-0.02471174032 0.1250388812 0)
(-0.0264303895 0.1313344428 0)
(-0.04512319891 0.1363540505 0)
(-0.04073369241 0.1409565593 0)
(-0.04647242261 0.1428915398 0)
(-0.04249293543 0.1472451103 0)
(-0.02299270073 0.118742858 0)
(-0.01839897014 0.123378936 0)
(-0.04480358035 0.1127823547 0)
(-0.06833105031 0.113127298 0)
(-0.05914598778 0.1224014285 0)
(-0.01667994682 0.117082932 0)
(-0.01208680454 0.1217197056 0)
(-0.01380592591 0.1280158255 0)
(-0.007493741866 0.1263565733 0)
(-0.009212876507 0.1326527089 0)
(-0.005774604765 0.1200604348 0)
(-0.001181553601 0.1246973161 0)
(0.0005375829583 0.1184011782 0)
(0.005130630869 0.1230380634 0)
(0.01830459293 0.1037589204 0)
(0.003411493768 0.1293342019 0)
(-0.03445543131 0.139291577 0)
(-0.03390134875 0.1157692642 0)
(0.006860201318 0.1167816154 0)
(0.01144455439 0.1213854256 0)
(-0.0628137726 0.09405548646 0)
(-0.07738746787 0.1037338341 0)
(-0.05799029415 0.1367926565 0)
(0.01322144178 0.1153089822 0)
(0.01776520477 0.1197583785 0)
(0.01603785352 0.1260232689 0)
(-0.05405562023 0.1035805344 0)
(0.01950456097 0.1135391577 0)
(0.02407395608 0.1180860647 0)
(0.0262277109 0.111995144 0)
(0.03045406267 0.1164438416 0)
(0.02867380955 0.1227086155 0)
(0.03273066273 0.1103041253 0)
(0.03680936213 0.1147821328 0)
(0.0446960539 0.09562629264 0)
(0.03870487062 0.1086533053 0)
(0.04307240307 0.1131238761 0)
(0.04131568005 0.1193922955 0)
(0.04481451965 0.1069464814 0)
(0.04934264111 0.1114568607 0)
(0.05108595721 0.1052780063 0)
(0.05564104343 0.1097947771 0)
(0.05391557938 0.1160708966 0)
(0.05735788358 0.1034981667 0)
(0.06194422126 0.1081149547 0)
(0.06366185732 0.1018153878 0)
(0.06825353624 0.1064483526 0)
(0.1050860051 0.08843083592 0)
(0.1074151452 0.0945268671 0)
(0.1010559937 0.09356579067 0)
(0.1033141594 0.09960417251 0)
(0.1097469519 0.1006250641 0)
(0.1056323866 0.1056913396 0)
(0.09669866975 0.0980258189 0)
(0.09777395285 0.08703912414 0)
(0.06653417097 0.1127438377 0)
(0.06997219516 0.1001509891 0)
(0.07456493476 0.1047870172 0)
(0.07628390024 0.09849042071 0)
(0.07169086493 0.09385356945 0)
(0.07800293567 0.09219400499 0)
(0.08087690841 0.1031271981 0)
(0.07915776468 0.1094233186 0)
(0.07343680836 0.08765950919 0)
(0.07975346064 0.08601726942 0)
(0.08432035155 0.09055465267 0)
(0.08604036062 0.08426183081 0)
(0.06709770371 0.08921637203 0)
(0.08162779678 0.07994323114 0)
(0.08778550961 0.07800326171 0)
(0.08326757756 0.07301187359 0)
(0.08981910821 0.07169580497 0)
(0.09393674201 0.07624918613 0)
(0.09582100626 0.06998965562 0)
(-0.003994146803 0.1139975595 0)
(0.05245280421 0.09863391763 0)
(-0.02127425534 0.1127300408 0)
(-0.05601158826 0.1430122459 0)
(-0.05981737226 0.1479582625 0)
(-0.05384945752 0.1491688947 0)
(-0.0575249991 0.1540663312 0)
(-0.05120229109 0.155143084 0)
(-0.05514850975 0.1601444445 0)
(-0.04869601628 0.1611719687 0)
(-0.06156513746 0.1591030752 0)
(-0.05922282964 0.1651948027 0)
(-0.06559758566 0.1641374391 0)
(-0.06300541225 0.17014824 0)
(-0.08711424066 0.09436884316 0)
(-0.01439683415 0.1104537269 0)
(-0.06035735908 0.1295627968 0)
(-0.05370155264 0.131418508 0)
(0.04127303434 0.1024010427 0)
(0.09073822921 0.08874835564 0)
(0.08984228619 0.09564227063 0)
(0.06844141701 0.08194771912 0)
(-0.08614335919 0.07028579041 0)
(-0.09059389186 0.0648746142 0)
(-0.09254575584 0.07112703632 0)
(-0.09686798884 0.0661882389 0)
(-0.09478117893 0.05985157546 0)
(0.02485148531 0.1019466405 0)
(-0.09160782923 0.05253186498 0)
(-0.09772289857 0.05223001212 0)
(-0.1007408092 0.04536548466 0)
(0.1569311388 -0.05726967808 0)
(0.15112558 -0.05867486981 0)
(-0.09738950027 0.03999118994 0)
(-0.1030965404 0.03853914253 0)
(0.007019455723 -0.2007436246 0)
(-0.07027450866 -0.07860027497 0)
(-0.07074996085 -0.08432517248 0)
(0.1049800914 -0.01030085154 0)
(0.109228562 -0.01459807271 0)
(0.1065940836 0.004021076569 0)
(0.1125332581 0.005233205138 0)
(0.01202701022 -0.1046140768 0)
(0.0102109748 -0.110297201 0)
(0.01163427401 0.1047903868 0)
(0.07030412818 -0.2217105127 0)
(-0.2004313885 0.01522180602 0)
(0.03684855822 -0.1057096997 0)
(0.03924831188 -0.09854301253 0)
(0.0464379354 -0.09860202906 0)
(0.08155298082 0.06646399814 0)
(0.1006731902 0.07527239314 0)
(-0.218434383 -0.02723849118 0)
(-0.2120827334 -0.04180795318 0)
(-0.1881219813 -0.06152686073 0)
(-0.1840824279 -0.06656829394 0)
(-0.1906119177 -0.06767547074 0)
(-0.1861111851 -0.07344290346 0)
(-0.1940158361 -0.07420736652 0)
(-0.1889989216 -0.08040707591 0)
(-0.2214723579 -0.05820969086 0)
(-0.1982501217 -0.08263482739 0)
(-0.1950331497 -0.06246625301 0)
(-0.1814263877 -0.07929304288 0)
(-0.1837115387 -0.08625144263 0)
(-0.2032072052 -0.07391451369 0)
(-0.2100494003 -0.08417776895 0)
(-0.1769459964 -0.08466026962 0)
(-0.1787270238 -0.0914568919 0)
(-0.1748199077 -0.0779965116 0)
(-0.1847016914 -0.09333803826 0)
(-0.180470969 -0.09945135162 0)
(-0.2006234863 -0.09465925546 0)
(-0.1789618569 -0.0727825366 0)
(-0.2077614142 -0.03187684506 0)
(-0.199268007 -0.04316187911 0)
(-0.205085686 -0.05251226901 0)
(-0.1961996248 -0.05071056454 0)
(-0.1727411026 -0.07156971286 0)
(0.193013569 -0.1171019339 0)
(0.1018951928 0.06839261307 0)
(0.09722143954 0.06395460561 0)
(-0.09949159222 0.07268507397 0)
(-0.0879892311 0.05852297821 0)
(-0.07025162437 0.0786257462 0)
(-0.1865265956 0.05342518556 0)
(0.07204655023 -0.1747251868 0)
(0.06676465417 -0.170572548 0)
(0.06931178692 -0.1635901237 0)
(0.06288759034 -0.1644788092 0)
(0.06522492911 -0.1583858951 0)
(0.05878486198 -0.1593934543 0)
(0.05644141637 -0.1653963179 0)
(0.1513685719 -0.1400805299 0)
(0.1035801512 0.03670331379 0)
(0.09937560318 0.04134882095 0)
(-0.1990850874 0.09164077218 0)
(-0.1874580576 0.09996680019 0)
(0.1075615581 -0.03162220357 0)
(0.1429555264 -0.1288500111 0)
(0.07235870707 -0.07691598471 0)
(-0.08927772786 -0.05759056806 0)
(-0.07184030309 0.08482193104 0)
(-0.1773366534 -0.0661014385 0)
(0.12707827 -0.1548101384 0)
(0.1344362411 -0.1537953124 0)
(0.1360354921 -0.1468818614 0)
(0.1233720898 -0.1616683679 0)
(-0.1726139494 -0.09734338787 0)
(-0.1742365276 -0.1053548083 0)
(-0.1836055817 -0.1085268865 0)
(-0.1756164135 -0.1139609286 0)
(-0.1681814574 -0.1107344423 0)
(-0.1683121826 -0.1185791756 0)
(-0.1761973768 -0.1243002971 0)
(-0.160996081 -0.1143102893 0)
(-0.162002231 -0.1224305605 0)
(0.1076028744 0.03151680359 0)
(0.1058002676 0.02481418876 0)
(-0.09786365438 -0.1727211454 0)
(-0.07683154524 -0.08027602494 0)
(-0.1796304444 0.07132347174 0)
(0.199357107 -0.05131109985 0)
(0.1969504152 -0.05746210215 0)
(0.05082727596 0.09234372412 0)
(0.02331412229 -0.1084760964 0)
(0.06750054992 -0.08972241454 0)
(0.06117818782 -0.0917031997 0)
(0.01830653602 -0.1896709416 0)
(0.015994446 -0.1836921949 0)
(0.01970975961 -0.1780076104 0)
(0.1884453879 0.02160012742 0)
(0.1820123671 0.02059741717 0)
(0.1679005674 -0.09590127187 0)
(0.1830345966 0.05514841268 0)
(-0.08911945155 0.08285018403 0)
(0.1893035726 -0.007026431418 0)
(-0.0821112421 0.09921699323 0)
(0.1884664414 -0.02464126991 0)
(0.1453999208 -0.1226651561 0)
(-0.07289490196 0.1084679395 0)
(-0.07975925474 0.1104952196 0)
(-0.07433829216 0.1151776777 0)
(-0.07005121975 0.1194237956 0)
(-0.05858162361 0.09887612692 0)
(-0.05686248644 0.09257998831 0)
(-0.1412990657 -0.06545075298 0)
(-0.1131903046 -0.05523176896 0)
(-0.1108604434 -0.04913515379 0)
(-0.1046602925 -0.04830322794 0)
(-0.1085713582 -0.04307165912 0)
(-0.1020858533 -0.04200795323 0)
(-0.1062898618 -0.03684281997 0)
(-0.1126671308 -0.03796153446 0)
(-0.1002512749 -0.03438185937 0)
(-0.110564098 -0.03194960267 0)
(-0.143628782 -0.0715474091 0)
(-0.1155201533 -0.06132837404 0)
(-0.06373850847 0.1177643579 0)
(-0.06519739049 0.1239738184 0)
(-0.1096206858 -0.07755737914 0)
(-0.1137352828 -0.07249112948 0)
(0.1414233484 0.08851679207 0)
(0.1437531961 0.09461339798 0)
(0.1373084567 0.09358280234 0)
(0.1396383044 0.09967940825 0)
(0.1120745334 0.1067198293 0)
(0.1079599199 0.1117860656 0)
(0.1161896489 0.1016540009 0)
(0.1185191563 0.1077503303 0)
(0.1244189778 0.09152161104 0)
(0.1267488255 0.09761821696 0)
(0.1460830439 0.1007100039 0)
(0.1419681521 0.1057760142 0)
(0.1355234127 0.1047454185 0)
(0.1378532604 0.1108420244 0)
(0.1007263298 -0.04964395264 0)
(0.1034715545 -0.04349408752 0)
(0.09980670238 -0.03710116626 0)
(0.09384841581 -0.04955405315 0)
(0.09221097433 -0.06104299118 0)
(0.08822578346 -0.06503618491 0)
(0.08754654378 -0.07044694075 0)
(0.1063733793 -0.03789121139 0)
(0.08230570854 -0.06634603131 0)
(-0.1055068657 -0.08262425983 0)
(-0.1013919685 -0.08769026567 0)
(-0.09316064607 -0.09782103618 0)
(-0.121269454 -0.1080400182 0)
(-0.1253843445 -0.102974007 0)
(-0.1171545634 -0.1131060294 0)
(-0.1151718182 0.01885156372 0)
(-0.1173051843 -0.0501657489 0)
(-0.1149857354 -0.04407282705 0)
(-0.1318290842 -0.1040046012 0)
(-0.1294992351 -0.09790799578 0)
(-0.1359439748 -0.09893858995 0)
(-0.1336141257 -0.09284198457 0)
(-0.1400588654 -0.09387257873 0)
(-0.1377290163 -0.08777597336 0)
(-0.1230544954 -0.09687740162 0)
(-0.049406535 0.1081602891 0)
(-0.04317602282 0.1065814431 0)
(-0.04787919283 0.1018701549 0)
(-0.13951403 -0.07661336736 0)
(-0.1724331823 -0.03608526706 0)
(0.1473232842 0.07228816562 0)
(-0.1251407738 0.04016577996 0)
(-0.1208824777 -0.02783775728 0)
(0.0147655021 -0.1320785844 0)
(0.01243565439 -0.1381751903 0)
(-0.02102813056 -0.1149072619 0)
(-0.02509320925 -0.1097709091 0)
(0.05234066216 -0.1604013628 0)
(0.04995469283 -0.1661426735 0)
(0.0531196689 -0.1706388908 0)
(0.04588901529 -0.1613808038 0)
(0.04356974428 -0.1675406563 0)
(0.03945308975 -0.1624641049 0)
(0.03723681312 -0.1685705809 0)
(0.033028454 -0.163503373 0)
(0.03128735687 -0.1694038342 0)
(0.02666961236 -0.1645025236 0)
(0.02460470721 -0.1715603001 0)
(0.02019953751 -0.1657155235 0)
(0.02248100556 -0.1594891232 0)
(0.04178264367 -0.1563657422 0)
(-0.1341589334 -0.1101012065 0)
(-0.1321303211 0.02187596383 0)
(0.1650230833 0.02360230878 0)
(0.1691372514 0.01853568648 0)
(-0.05558181913 -0.1261559415 0)
(-0.03555217322 -0.1687451879 0)
(-0.03322232551 -0.1626485819 0)
(-0.09549049519 -0.1039176416 0)
(-0.02266269431 -0.1666839966 0)
(-0.03274497601 0.1329980637 0)
(-0.02814883155 0.1376315422 0)
(-0.0298674363 0.1439270937 0)
(-0.02355609378 0.1422676127 0)
(-0.02531794225 0.148401328 0)
(-0.01897035689 0.146877254 0)
(-0.02067993878 0.1538309933 0)
(-0.03183507453 0.1495270823 0)
(-0.01724531957 0.1406036452 0)
(-0.01265250724 0.1452397452 0)
(-0.01093242607 0.1389472308 0)
(-0.006339260337 0.1435845895 0)
(-0.008058102356 0.1498818705 0)
(-0.004619946283 0.1372891339 0)
(-2.684950493e-05 0.1419262121 0)
(0.001692325391 0.1356302194 0)
(0.006285387296 0.1402671616 0)
(0.004547018581 0.1464901392 0)
(0.008004533186 0.1339710567 0)
(0.01259758445 0.1386079575 0)
(0.01431705549 0.1323130892 0)
(0.0189098274 0.136948927 0)
(0.01748152062 0.143814559 0)
(0.02062930609 0.1306540876 0)
(0.02522203271 0.1352897531 0)
(0.02694343627 0.1289955318 0)
(0.03153454501 0.1336306296 0)
(0.02994371359 0.1397990575 0)
(0.03325599973 0.1273364167 0)
(0.03784684736 0.1319714213 0)
(0.03957118398 0.1256775586 0)
(0.0441595515 0.1303122417 0)
(0.04243937424 0.1366078479 0)
(0.04588395509 0.1240183837 0)
(0.05047192043 0.1286530141 0)
(0.0521898332 0.1223563179 0)
(0.05678308465 0.1269932966 0)
(0.05471193698 0.1331181225 0)
(0.05850315328 0.1206988668 0)
(0.06309528842 0.1253342666 0)
(0.06481456738 0.1190385258 0)
(0.06940734778 0.1236748696 0)
(0.06788692609 0.129774037 0)
(0.07112660267 0.1173790676 0)
(0.07571948661 0.1220155585 0)
(0.0774386255 0.1157194353 0)
(0.0820316366 0.1203562327 0)
(0.08031249336 0.1266523566 0)
(0.1019124792 0.1107760384 0)
(0.1042131876 0.1167397096 0)
(0.1103507881 0.1178636681 0)
(0.1062460665 0.1229265112 0)
(0.09923641375 0.121297128 0)
(0.1019892227 0.1279072283 0)
(0.08546991301 0.1077639684 0)
(0.08651242535 0.124424256 0)
(0.085335445 0.1310742297 0)
(0.08829652917 0.1185002092 0)
(0.09569185888 0.1273141882 0)
(0.0837429016 0.1140273275 0)
(0.08993119371 0.1123291019 0)
(0.09162139203 0.1062908212 0)
(0.09416155547 0.1166742039 0)
(-0.01552531665 0.1343109497 0)
(-0.02183734306 0.1359705445 0)
(-0.1291050459 -0.01770849132 0)
(0.01751662599 -0.1718153634 0)
(0.02641878337 -0.1786523227 0)
(-0.1121223588 -0.1635146657 0)
(-0.1187889864 -0.1648836953 0)
(-0.1235799068 -0.1540840923 0)
(0.07403345971 0.1282788356 0)
(0.07228115993 0.1346077224 0)
(0.13101435 0.02961192428 0)
(0.1374590868 0.03064252094 0)
(0.1140299996 0.03261635248 0)
(0.1157950235 0.02145412703 0)
(0.136763653 0.07632358024 0)
(0.02235224765 0.1243668347 0)
(0.1126767567 -0.1450414583 0)
(0.02121080311 -0.1310515003 0)
(-0.1030248502 -0.1394666797 0)
(0.1392438882 0.01947999751 0)
(-0.09836515198 -0.1272734689 0)
(-0.1655928858 0.04514430895 0)
(-0.1614790997 0.04007871981 0)
(-0.1591491396 0.04617528279 0)
(-0.141843621 -0.08271007137 0)
(-0.09658012208 -0.1384361093 0)
(-0.06792629847 -0.1109591102 0)
(-0.1007527208 0.1356502981 0)
(-0.0943079676 0.1366808871 0)
(-0.1048675702 0.1407162936 0)
(-0.1113114269 0.1396802179 0)
(-0.0004538244059 -0.1402363817 0)
(0.062897676 -0.1016697625 0)
(-0.1513139218 -0.04415610116 0)
(-0.09553997813 0.1651090474 0)
(-0.09309673618 0.1712957739 0)
(-0.09964149854 0.170185795 0)
(-0.1060872737 0.1691344177 0)
(-0.09751520936 0.1764475124 0)
(-0.09048526115 0.1776351283 0)
(-0.09432058074 0.1822534921 0)
(-0.08766756561 0.1844231976 0)
(-0.09323523676 0.1910475022 0)
(-0.1027725948 0.1822719618 0)
(-0.08328371688 0.1785105244 0)
(-0.08038700131 0.1850915664 0)
(-0.07633328139 0.1795586033 0)
(-0.07343580399 0.1855838526 0)
(-0.06914717223 0.1691283777 0)
(-0.06967275175 0.1801622093 0)
(-0.1047263561 0.1940588577 0)
(-0.09780336072 0.2047489194 0)
(-0.08260258034 0.2004968147 0)
(-0.08720519044 0.2171553227 0)
(-0.06905363416 0.2109747294 0)
(-0.06677162586 0.1859824553 0)
(-0.06331282059 0.1807526653 0)
(-0.06023767411 0.186383031 0)
(-0.05687972317 0.1712862754 0)
(-0.1064893939 0.2225684961 0)
(-0.06383977449 0.1918261412 0)
(-0.05819194912 0.1916187007 0)
(-0.05680326241 0.1810299769 0)
(-0.1158029238 0.187228422 0)
(-0.07947835792 0.1732985533 0)
(-0.07483906521 0.2305449528 0)
(-0.05667390967 0.2246479379 0)
(-0.05371884652 0.209598653 0)
(-0.04100486924 0.2144127227 0)
(-0.04098211077 0.2028477334 0)
(-0.02737079081 0.2116328549 0)
(-0.02837297036 0.1984363412 0)
(-0.02801195952 0.2251077756 0)
(-0.01662452405 0.2179375294 0)
(-0.0135854253 0.2335869604 0)
(-0.002433981612 0.2209881362 0)
(-0.001760458413 0.2082122135 0)
(0.009522204062 0.2131694633 0)
(0.00803254601 0.2002794362 0)
(0.01339048605 0.2275705858 0)
(0.02379987853 0.2165923663 0)
(0.03021607661 0.2330963828 0)
(0.0397818539 0.2167499806 0)
(0.03546472282 0.2048009408 0)
(0.05234664556 0.2076704419 0)
(0.04519089137 0.1968855656 0)
(-0.02552961764 0.2418346965 0)
(0.02316433229 0.2047072218 0)
(-0.01487440912 0.20234856 0)
(0.01540595015 0.2465779952 0)
(0.0565623291 0.2212945864 0)
(0.06438824054 0.2071036817 0)
(0.03995838348 0.2529068865 0)
(-0.05936725879 0.1994583841 0)
(0.05752500768 0.2004683648 0)
(0.07229257353 0.1993227376 0)
(0.06436690501 0.1891750125 0)
(0.07820901741 0.2084572996 0)
(0.0807490223 0.1973431747 0)
(0.09124611244 0.2045601809 0)
(0.099712957 0.1930524209 0)
(0.08689458489 0.1828887214 0)
(0.07531510894 0.1857161172 0)
(0.08895943395 0.2265606485 0)
(-0.00832269346 0.2540954464 0)
(-0.0484513675 0.2005540552 0)
(-0.04827973776 0.1904724095 0)
(-0.07038961238 0.1975849965 0)
(0.1096811493 0.2075687053 0)
(0.1112542828 0.1882834399 0)
(0.1030837391 0.1793817043 0)
(0.1167732948 0.1773851277 0)
(0.1085044557 0.1290234063 0)
(0.1043809881 0.1340955847 0)
(0.110833374 0.1351383536 0)
(0.1067191705 0.1402074904 0)
(0.1131637952 0.1412375649 0)
(0.1172786679 0.1361714678 0)
(0.1196086494 0.1422686817 0)
(0.1090489991 0.1463040095 0)
(0.1026042756 0.1452734862 0)
(0.1049341228 0.1513700897 0)
(0.09848938702 0.1503395109 0)
(0.1113788659 0.1524007022 0)
(0.1008192341 0.156436114 0)
(0.09437449517 0.1554055207 0)
(0.09204464754 0.1493089152 0)
(0.08792975582 0.1543749255 0)
(0.09025960352 0.1604715314 0)
(0.08381486408 0.1594409358 0)
(0.08148501636 0.1533443299 0)
(0.07737012463 0.1584103402 0)
(0.07969997234 0.1645069461 0)
(0.07325523289 0.1634763504 0)
(0.07092538517 0.1573797445 0)
(0.06681049343 0.1624457548 0)
(0.06448064571 0.1563491489 0)
(0.06036575397 0.1614151591 0)
(0.05803590626 0.1553185532 0)
(0.05392101452 0.1603845635 0)
(0.05625086224 0.1664811694 0)
(0.04980612278 0.1654505738 0)
(0.04747627506 0.1593539678 0)
(0.04336138332 0.1644199781 0)
(0.04569123104 0.170516584 0)
(0.03924649158 0.1694859884 0)
(0.03691664387 0.1633893825 0)
(0.03280175213 0.1684553927 0)
(0.03513159984 0.1745519986 0)
(0.02868686039 0.173521403 0)
(0.02635701267 0.1674247971 0)
(0.02224212093 0.1724908074 0)
(0.01991227321 0.1663942014 0)
(0.01579738148 0.1714602117 0)
(0.01812722919 0.1775568176 0)
(0.01168248974 0.176526222 0)
(0.009352642019 0.1704296161 0)
(0.00523775028 0.1754956263 0)
(0.002907902562 0.1693990204 0)
(-0.001206989176 0.1744650307 0)
(0.001122858541 0.1805616366 0)
(-0.005321880915 0.179531041 0)
(-0.007651728633 0.173434435 0)
(-0.01176662037 0.1785004453 0)
(-0.01409646809 0.1724038394 0)
(-0.01821135983 0.1774698497 0)
(-0.02054120755 0.1713732437 0)
(-0.02465609928 0.176439254 0)
(-0.026985947 0.1703426481 0)
(-0.03110083874 0.1754086584 0)
(0.03101670811 0.1796180089 0)
(0.02402716495 0.1613281912 0)
(0.06914034115 0.1685423607 0)
(0.06215079799 0.150252543 0)
(0.01401233745 0.1826228279 0)
(0.0175824255 0.1602975955 0)
(0.05570605854 0.1492219473 0)
(-0.01588151211 0.1835664556 0)
(-0.002992033197 0.1856276469 0)
(0.03746144756 0.1806486046 0)
(-0.009981576351 0.1673378291 0)
(-0.03343068646 0.1693120525 0)
(-0.0375455782 0.1743780627 0)
(-0.03521573048 0.1804746686 0)
(0.03334655582 0.1857146148 0)
(0.1259360203 0.1844983941 0)
(0.1313302237 0.1716180299 0)
(-0.04166046994 0.179444073 0)
(-0.02931579472 0.1642460422 0)
(0.02045707691 0.1836534235 0)
(0.01628551166 0.1890738367 0)
(0.02277747904 0.1898090966 0)
(0.007022794301 0.1643330101 0)
(0.0005780548445 0.1633024145 0)
(0.003452706259 0.1866582425 0)
(-0.0006621854794 0.1917242528 0)
(-0.007106924936 0.1906936571 0)
(-0.03576052896 0.1632154508 0)
(-0.04399031765 0.1733474671 0)
(0.0216935739 0.1552549939 0)
(0.0281414328 0.1562660823 0)
(0.01525257778 0.1542009896 0)
(0.05990654292 0.1442254601 0)
(0.06627003215 0.1452601726 0)
(-0.03921359767 0.1854959574 0)
(-0.03286637867 0.186563821 0)
(0.1077108611 0.169210134 0)
(0.004812963736 0.1579548275 0)
(0.05378242032 0.1433695407 0)
(0.04932902066 0.1482320516 0)
(0.02555880122 0.1506265746 0)
(0.0326230136 0.1505663754 0)
(0.03970153942 0.1866723058 0)
(0.04389122771 0.1816670494 0)
(0.1418450922 0.1817872454 0)
(0.141858943 0.1645445187 0)
(0.1320923624 0.1577083932 0)
(0.1467328073 0.1543861047 0)
(0.1356896422 0.1467091299 0)
(0.1237235188 0.1372025701 0)
(0.1213936867 0.1311060347 0)
(0.127838428 0.1321366391 0)
(0.1255085852 0.1260400552 0)
(0.1319533238 0.1270706472 0)
(0.1342831714 0.1331672525 0)
(0.1383980638 0.1281012452 0)
(0.1442979998 0.1118726201 0)
(0.1407279116 0.1341978515 0)
(0.1448428035 0.1291318418 0)
(0.1471726512 0.1352284479 0)
(0.151287543 0.1301624377 0)
(0.1563355856 0.1381228153 0)
(0.1296234768 0.1209740444 0)
(0.1231787374 0.1199434492 0)
(0.1272936292 0.1148774389 0)
(0.1489576953 0.1240658319 0)
(0.1554024347 0.1250964275 0)
(0.153072587 0.1189998216 0)
(0.1595173265 0.1200304173 0)
(0.1631341432 0.1264252182 0)
(0.1571874788 0.1139338114 0)
(0.1636462901 0.114975837 0)
(0.1236499351 0.1634309183 0)
(0.1401831081 0.1169386303 0)
(0.1258892286 0.1431659235 0)
(0.1219111371 0.148343062 0)
(0.1432926401 0.1393756479 0)
(0.03557168837 0.1917261653 0)
(0.06383995669 0.1391951201 0)
(-0.001649998242 0.15749349 0)
(0.1583515289 0.1597743508 0)
(0.04616263302 0.1874773185 0)
(0.05033619964 0.1826580228 0)
(-0.03684671504 0.1914572851 0)
(-0.04797445713 0.1779627281 0)
(0.05255829364 0.1881849586 0)
(0.05662696924 0.1832889294 0)
(0.05443524763 0.1775599131 0)
(0.06090859747 0.1783897333 0)
(0.005712571181 0.1933472483 0)
(-0.004722764859 0.1964506255 0)
(0.1294824727 0.1495360221 0)
(0.01912406737 0.1961929591 0)
(-0.03165528266 0.1586354414 0)
(-0.0384577535 0.156764503 0)
(-0.02508814152 0.1593476079 0)
(-0.01112488765 0.1958891686 0)
(0.1243727918 0.1554230977 0)
(0.04721083943 0.1414696301 0)
(0.04281657963 0.147160756 0)
(0.1545645106 0.1753776314 0)
(0.1805342709 0.1561932857 0)
(0.1630752311 0.197001753 0)
(0.02593191613 0.1969432576 0)
(0.01528364323 0.2022032425 0)
(0.1664825081 0.146645764 0)
(0.1802399343 0.1357716186 0)
(-0.08631232108 0.1724588437 0)
(-0.07579205682 0.1679392031 0)
(0.03464770303 0.1571884609 0)
(0.1299767594 0.1380776832 0)
(0.1337383686 0.1159080346 0)
(-0.01642631581 0.1663072335 0)
(-0.01235671857 0.1615244684 0)
(0.03048195157 0.1623420511 0)
(-0.05278370617 0.166227546 0)
(0.04104168675 0.1583059863 0)
(0.0755850806 0.1695729563 0)
(0.08202982006 0.170603552 0)
(0.07147777322 0.1745915385 0)
(-0.03987542295 0.1682814592 0)
(0.0855999081 0.1482783196 0)
(0.07915516865 0.147247724 0)
(0.08972918126 0.1432239907 0)
(0.08348507787 0.1423408777 0)
(0.07695369587 0.1401161548 0)
(0.02934849459 0.1909590641 0)
(0.03196001899 0.1972485134 0)
(-0.1190955649 -0.03900191097 0)
(-0.116814698 -0.03291355088 0)
(0.09234644201 0.08257936073 0)
(0.04864634903 0.1346946877 0)
(-0.1459578614 -0.07764430863 0)
(0.1028246183 0.08209323755 0)
(0.06859626119 0.1512954119 0)
(-0.1645045576 0.07966267907 0)
(-0.1621747981 0.08575963035 0)
(-0.1662668558 0.09068254685 0)
(-0.1598411374 0.09183255363 0)
(-0.1647724429 0.09752578369 0)
(-0.155729417 0.08678644452 0)
(-0.153399461 0.0928824199 0)
(-0.1183018487 0.1213958801 0)
(-0.1224167358 0.1264618899 0)
(-0.1247465853 0.1203652847 0)
(-0.1288614753 0.1254312957 0)
(-0.1311913244 0.1193346903 0)
(-0.1353062148 0.1244007015 0)
(-0.1376360817 0.1183042069 0)
(-0.1417509575 0.1233701258 0)
(-0.1394211059 0.1294667158 0)
(-0.1335211734 0.1132380849 0)
(-0.1265316261 0.131527901 0)
(-0.1440808248 0.1172736343 0)
(-0.1481956982 0.1223395383 0)
(-0.1206316947 0.1152992735 0)
(-0.1505255433 0.1162429078 0)
(-0.1546404346 0.1213089232 0)
(-0.1523363876 0.1274153896 0)
(-0.149285081 0.0878196207 0)
(-0.1469552814 0.0939165456 0)
(-0.1428405019 0.08885123379 0)
(-0.1569949075 0.1151832792 0)
(-0.1611854371 0.1204944176 0)
(-0.1405106619 0.09494789818 0)
(-0.136395809 0.08988212418 0)
(-0.1340659677 0.09597877892 0)
(-0.1299510847 0.09091281547 0)
(-0.1322809351 0.08481621806 0)
(-0.1276212382 0.09700943704 0)
(-0.1636316301 0.1140947062 0)
(-0.1692636583 0.1194066152 0)
(-0.1649223124 0.1281271809 0)
(-0.1758460818 0.1276116589 0)
(-0.146410429 0.1111767275 0)
(-0.1593058637 0.1090739908 0)
(-0.1258361982 0.08584682974 0)
(-0.128166048 0.07975022861 0)
(-0.1381805628 0.101044789 0)
(-0.1510661297 0.09898126934 0)
(-0.1709652888 0.1124864878 0)
(-0.1346107878 0.07871963515 0)
(-0.130495898 0.0736536292 0)
(-0.1451703696 0.08275474498 0)
(-0.1528563639 0.1101331415 0)
(-0.1487358901 0.1050764369 0)
(-0.1422947763 0.1061106102 0)
(-0.1217209551 0.08078055844 0)
(-0.1193914009 0.08687738772 0)
(-0.1369406377 0.07262303451 0)
(-0.1328257472 0.06755702409 0)
(-0.1263810075 0.06858761838 0)
(-0.14105552 0.07768899347 0)
(-0.1475002585 0.07665839156 0)
(0.09151279233 0.06557376364 0)
(0.09294459045 0.05955603726 0)
(0.1155513859 -0.1216856219 0)
(-0.1310407058 0.05639440776 0)
(0.03409982239 -0.1289874329 0)
(0.03176999134 -0.1350841446 0)
(0.1555530676 0.06215614509 0)
(0.06111673693 -0.1532936243 0)
(0.06756365808 -0.1522556575 0)
(0.09816178263 0.1045591172 0)
(0.1526784112 0.038800319 0)
(0.1591231541 0.03983091333 0)
(0.1614530031 0.04592751874 0)
(0.1537680236 0.07331876127 0)
(-0.1329763658 0.1304973074 0)
(-0.1369464191 0.1355079683 0)
(-0.1306223771 0.1365846874 0)
(-0.1345884071 0.1415938107 0)
(-0.1282838109 0.1426779613 0)
(-0.1323972486 0.1477434173 0)
(-0.1390264889 0.1459198544 0)
(-0.1259280097 0.148809093 0)
(-0.1302676309 0.1540170557 0)
(-0.1235248785 0.155118978 0)
(-0.1287070002 0.1614887202 0)
(-0.1372289542 0.1591629066 0)
(-0.119483039 0.1498506361 0)
(-0.1211129485 0.1620468644 0)
(-0.125101009 0.1704211789 0)
(-0.1366887287 0.1705860955 0)
(-0.1469295224 0.1637959849 0)
(-0.117012539 0.1694165165 0)
(-0.1283928684 0.1813625425 0)
(-0.1218651614 0.1437215222 0)
(-0.1241941861 0.1376219623 0)
(-0.160239129 0.0116569818 0)
(0.1179756365 0.09049215111 0)
(0.1220904308 0.08542606169 0)
(0.03459979848 -0.111832153 0)
(-0.01020215698 0.1156402277 0)
(-0.00635236752 -0.1240164628 0)
(-0.01871924578 0.1605012707 0)
(-0.1355497856 -0.01873908549 0)
(-0.02762291482 0.1141900496 0)
(-0.03261040543 0.1098332977 0)
(0.1108916082 -0.1338788022 0)
(-0.1136420073 0.1335881787 0)
(0.1539162996 0.01037937955 0)
(0.04762001532 0.1177364384 0)
(0.1354305078 -0.101334651 0)
(0.1380038929 0.04790174213 0)
(0.1331935649 0.0986488126 0)
(0.1290786732 0.1037148229 0)
(-0.008555460555 -0.1929388595 0)
(-0.003960352834 -0.1983119712 0)
(0.1190638446 0.1250094544 0)
(0.1167442527 0.1189097545 0)
(0.05857528816 0.1725163552 0)
(0.176822963 -0.008854966615 0)
(0.04877424341 -0.1380882224 0)
(0.131315616 -0.09626864069 0)
(0.1377603555 -0.09523804504 0)
(0.1203043948 0.09658787214 0)
(-0.02232625157 0.1825358599 0)
(-0.01999640385 0.1886324658 0)
(0.07792377674 0.1756142295 0)
(0.08440527165 0.1766440349 0)
(0.08849211107 0.1715625667 0)
(0.08001526457 0.181628025 0)
(0.1413215382 -0.1175694912 0)
(0.1126430603 0.1239680441 0)
(0.1137664417 -0.1105230438 0)
(-0.003328475941 -0.1635922096 0)
(-0.1894375523 -0.03308044417 0)
(-0.1958968095 -0.03431557901 0)
(-0.1918890009 -0.039657378 0)
(-0.1107098237 -0.1120754353 0)
(-0.1452610334 -0.1233231125 0)
(-0.1514867642 -0.1244201819 0)
(-0.07031425249 0.1519662769 0)
(-0.1308900873 -0.006545874731 0)
(-0.08081597435 -0.1130190698 0)
(-0.1332199365 -0.01264248011 0)
(-0.1245959661 0.05742500193 0)
(-0.1287108567 0.06249101307 0)
(0.1602127631 0.07434935691 0)
(-0.1458701468 0.1284377705 0)
(-0.1497746065 0.1339078278 0)
(-0.1572113053 0.1323650821 0)
(-0.1542695087 0.1397352973 0)
(-0.1632096921 0.1386298664 0)
(-0.1599519733 0.148987659 0)
(-0.171548986 0.1481384783 0)
(-0.146043431 0.1416695268 0)
(-0.1441734271 -0.08880669319 0)
(-0.04447686209 -0.1129353821 0)
(-0.04215233058 -0.1070761936 0)
(-0.0462697876 -0.1012714188 0)
(-0.04112289577 -0.09686254805 0)
(0.1484128916 0.1068066098 0)
(-0.1082812453 0.1629828854 0)
(0.1072817606 0.1573554788 0)
(0.1028970348 0.1621813705 0)
(0.1132780417 0.1585851691 0)
(0.0992178666 -0.1643524679 0)
(0.1030710719 -0.169594362 0)
(-0.1270764339 0.1142686791 0)
(-0.1229615433 0.1092026679 0)
(-0.1165168036 0.1102332621 0)
(-0.1188466525 0.1041366566 0)
(-0.1124019129 0.1051672508 0)
(-0.1294061781 0.1081720336 0)
(0.07400839754 -0.1512250619 0)
(-0.1516150054 0.08172348831 0)
(0.02690181637 0.1846840192 0)
(-0.1731283266 0.00959568577 0)
(-0.07025629968 -0.1170547645 0)
(-0.0661414399 -0.1221205832 0)
(0.001667662238 0.1978208587 0)
(0.01238929753 0.1947975935 0)
(0.1037523576 -0.0892286912 0)
(0.110197221 -0.0881981429 0)
(0.07166526031 -0.09449613703 0)
(-0.1385750608 0.02084536966 0)
(-0.1550345689 0.04110939381 0)
(0.009724353537 0.1276775176 0)
(-0.1237499219 -0.05119634142 0)
(0.1067768682 -0.12881285 0)
(-0.1572138538 -0.02792747335 0)
(-0.1530989632 -0.03299348457 0)
(0.05937034256 0.09740529583 0)
(-0.1580597556 0.08069289417 0)
(0.1562479803 0.01647528498 0)
(0.1603629159 0.01140925795 0)
(0.1626929482 0.01750565168 0)
(0.1668081691 0.01243869535 0)
(0.1732523427 0.01346832441 0)
(0.07579274055 -0.1624118917 0)
(0.1002730414 0.1391743424 0)
(-0.0673150779 -0.094278088 0)
(0.1202111811 -0.1094924482 0)
(0.1286844903 0.02351532296 0)
(-0.1074962498 0.0551887006 0)
(0.008366137826 -0.1785418163 0)
(-0.1242947292 -0.06845556306 0)
(-0.01391174606 0.1514748607 0)
(0.06022545595 0.1144103098 0)
(-0.002900716516 0.1309933589 0)
(0.02391215617 0.1412698444 0)
(-0.03157600887 -0.1108816824 0)
(-0.0295909247 -0.1049147591 0)
(-0.04254300988 -0.1870269168 0)
(-0.03820128224 -0.1919071552 0)
(-0.04965529588 -0.1890437415 0)
(-0.05310134757 -0.182999591 0)
(0.1471191329 -0.05343380784 0)
(0.1213007885 -0.07497400398 0)
(0.1148560491 -0.07600459962 0)
(0.07284593914 0.1110835048 0)
(-0.1853146646 -0.03820355283 0)
(0.08266377837 -0.08128729222 0)
(0.03610749723 0.1380889242 0)
(0.0343518333 0.1439008158 0)
(0.1506754262 -0.03019467684 0)
(-0.007443367623 -0.1585261994 0)
(0.08511283243 -0.1380012544 0)
(-0.1160650583 -0.07858767502 0)
(0.09666233493 0.1614435678 0)
(0.09862213602 0.167235529 0)
(0.1236306362 -0.06887739806 0)
(0.1404771146 -0.008939160363 0)
(0.1428053731 -0.002841947148 0)
(-0.009773215388 -0.1646228053 0)
(0.0698935058 -0.1461590516 0)
(0.1713261557 0.08756974114 0)
(0.1334945582 -0.02723164814 0)
(-0.1532495817 0.02994679793 0)
(-0.15061692 -0.08983776381 0)
(0.131905355 -0.141877248 0)
(0.1481840376 -0.03628019907 0)
(0.01069326245 0.1449085321 0)
(0.009097272257 0.1516311063 0)
(0.1777619374 0.08860376003 0)
(0.08798748384 -0.1146454264 0)
(0.09031733156 -0.1085488205 0)
(0.08154274439 -0.115676022 0)
(-0.1210258832 0.03509976875 0)
(0.0616404838 0.1325681432 0)
(0.1773677667 0.008404255478 0)
(-0.1751912699 -0.05961449105 0)
(0.06399357004 -0.1299304252 0)
(0.1322648739 0.001186156114 0)
(-0.1235063508 0.09194344586 0)
(0.08275256875 0.0969127206 0)
(-0.1649336888 -0.08113020438 0)
(0.1565497722 -0.1094054932 0)
(0.1144162567 0.1128127485 0)
(-0.1142241258 -0.009808422076 0)
(-0.111028466 -0.004032227036 0)
(-0.1425393329 -0.03702890162 0)
(0.1543128273 0.09057798336 0)
(-0.09931620984 -0.1616465971 0)
(-0.005865089526 0.1623019422 0)
(0.07850765025 0.1329479369 0)
(-0.1078351669 -0.08871960792 0)
(-0.08662295406 0.1092896274 0)
(-0.08452002854 0.1155288032 0)
(0.06560785676 0.09560150535 0)
(-0.1384244424 -0.04209491283 0)
(-0.1392704869 0.06652642997 0)
(0.1725266871 0.05912634829 0)
(0.1336454637 -0.09017203478 0)
(0.1807727315 0.04903088478 0)
(-0.1537943893 0.01268757596 0)
(-0.1312842766 -0.08674537919 0)
(0.1514381759 0.06722215536 0)
(-0.1536426925 -0.1131761106 0)
(-0.0009986281825 -0.1574956037 0)
(-0.1013003125 0.1183921383 0)
(0.0516024504 0.1542947409 0)
(0.09616170406 0.1442444241 0)
(0.09384659909 0.1381597552 0)
(-0.07848590785 -0.1069238238 0)
(-0.1249913575 -0.02277404312 0)
(-0.127321407 -0.02887057193 0)
(0.09676207102 -0.1075182248 0)
(-0.1544898155 0.05836863649 0)
(-0.1609343351 0.05733795822 0)
(-0.0385774528 -0.129160742 0)
(-0.1613884036 -0.1027797021 0)
(-0.1053700275 -0.145594903 0)
(-0.1683182917 -0.04115127827 0)
(-0.1462600343 0.04823661406 0)
(0.1747351812 0.06526320848 0)
(-0.1566690461 -0.01066825139 0)
(0.1154208463 -0.05875301817 0)
(-0.129800472 0.0279725692 0)
(-0.1362452117 0.02694197504 0)
(0.1329431192 -0.04448833452 0)
(-0.1423887145 -0.09996918411 0)
(0.09334261591 -0.1481332749 0)
(0.08718903045 0.1014677766 0)
(0.1256592181 0.06309977277 0)
(0.1491083282 0.06112554945 0)
(0.1792328564 0.07774701988 0)
(0.03534119562 -0.1574065347 0)
(-0.1568194633 0.05227195419 0)
(0.04157384608 0.1755805692 0)
(0.1197660581 0.07933390284 0)
(0.1644885161 0.006310302911 0)
(0.1143113899 -0.09326387696 0)
(0.1163431639 0.038713284 0)
(-0.02033284659 -0.1605873906 0)
(0.02457196865 0.1785874133 0)
(0.1351291863 0.02454593519 0)
(-0.08965001983 0.148872811 0)
(0.1615278627 -0.07967262458 0)
(-0.09019507607 0.1316156398 0)
(-0.1603896093 0.07459696372 0)
(0.03501334968 0.1210568101 0)
(0.08223806418 -0.161361118 0)
(0.1550082626 0.04489692352 0)
(-0.1783331143 -0.01985663925 0)
(0.1802422559 0.03176023083 0)
(0.1415738798 0.02557654841 0)
(0.1506520966 -0.09317436986 0)
(-0.1082899214 0.1001022994 0)
(0.0704383095 -0.1288998295 0)
(0.07276815721 -0.1228032236 0)
(-0.1507691141 -0.02689687919 0)
(-0.1648988273 -0.0005362289579 0)
(-0.1130396728 -0.1181720406 0)
(0.1026620017 -0.1237468493 0)
(0.01346753376 0.1653636058 0)
(-0.1791791589 0.08876470377 0)
(-0.1760428429 0.09452965781 0)
(-0.1783608383 0.1067012168 0)
(-0.1885802976 0.1128955589 0)
(-0.1721466197 0.100563773 0)
(0.1252672858 -0.01710058721 0)
(0.08614763706 0.1655256115 0)
(-0.1305893347 -0.1324234117 0)
(-0.09603530286 -0.1211768635 0)
(-0.154339197 -0.004571646008 0)
(0.07921289667 -0.121772628 0)
(0.07509849206 -0.1167068038 0)
(0.1297741098 0.0580337625 0)
(-0.1387256539 0.0837854916 0)
(0.05467417917 -0.1543168488 0)
(-0.09960538576 -0.09885163034 0)
(-0.09197842999 0.1427772305 0)
(-0.1391198685 0.003586147696 0)
(0.1589725228 0.1027711952 0)
(0.08674724352 -0.08622358812 0)
(-0.1396646762 -0.01367307427 0)
(0.04802107876 0.1766131899 0)
(0.1243259731 -0.1145584203 0)
(0.09567246362 -0.142036669 0)
(-0.1661390021 0.02788558707 0)
(-0.08141844816 0.1387420602 0)
(-0.007988171377 -0.1757854214 0)
(0.0938874196 -0.1308740528 0)
(0.09251718693 0.166483925 0)
(0.1390935007 0.08242018616 0)
(0.07167080025 -0.1573599503 0)
(0.12263408 0.102684346 0)
(-0.1194844125 -0.1192026348 0)
(-0.02677758604 -0.1616179863 0)
(-0.1315855135 0.0391351858 0)
(0.1183624156 -0.03532259087 0)
(-0.1725836866 0.0268549718 0)
(0.09264717928 -0.1024522146 0)
(0.08620243982 -0.1034828102 0)
(-0.09842288074 0.1417468465 0)
(0.004175755661 -0.1907202986 0)
(-0.1854700648 0.02479263618 0)
(-0.1976673334 -0.02294842174 0)
(-0.200528462 -0.02974133877 0)
(-0.02011823133 0.1296749713 0)
(-0.06621285989 0.1469117382 0)
(-0.08835043115 -0.1485682674 0)
(0.1609081832 0.02866832548 0)
(0.1471074678 -0.07102288101 0)
(-0.1135848188 -0.1354291471 0)
(0.1138605432 0.09555799763 0)
(-0.1718883746 -0.01882604509 0)
(-0.003536571046 0.1683734453 0)
(-0.161873552 -0.04012068411 0)
(0.1606379892 -0.1144676063 0)
(0.1196646656 -0.1267510161 0)
(0.07504039753 0.1523157798 0)
(-0.03213271294 -0.1281301451 0)
(-0.1326751288 0.00461674186 0)
(-0.1285602382 -0.0004492693541 0)
(0.05000026001 -0.1037202278 0)
(0.007567597998 0.1815922322 0)
(-0.107743635 0.1173610033 0)
(-0.01443291083 -0.1768160171 0)
(0.113221267 -0.1277821241 0)
(-0.1808111407 0.03698829559 0)
(0.1078667985 -0.09429452916 0)
(-0.01621795485 -0.1656534009 0)
(0.1150061014 -0.1389446602 0)
(-0.143065472 0.1348811728 0)
(-0.141148294 -0.1283902239 0)
(0.1003321532 -0.1298434549 0)
(-0.09727659815 -0.09275588718 0)
(-0.1642034012 -0.04621728948 0)
(0.1263413185 0.01740031487 0)
(-0.1274706229 0.03406917458 0)
(0.09794692568 0.1331167986 0)
(-0.1801181558 -0.008694022662 0)
(0.1208508009 0.1138462902 0)
(0.1249641434 0.1087807762 0)
(-0.1141871949 0.1163299592 0)
(0.1542742111 -0.03511138144 0)
(0.1586541509 -0.03991561798 0)
(0.09155757189 -0.1369706588 0)
(0.1580354888 0.005291211282 0)
(-0.1638089589 0.03398211827 0)
(0.06344840273 -0.1471908758 0)
(-0.1347037772 -0.1273601167 0)
(-0.1576445702 0.0980431172 0)
(0.08387259211 -0.1095794161 0)
(0.1282867824 -0.05668282988 0)
(-0.08786543586 0.1377122615 0)
(-0.1174381831 0.01274295086 0)
(-0.1114054572 -0.06639454318 0)
(-0.02965223746 -0.1849738143 0)
(0.1007061379 0.04756617633 0)
(0.1125270893 -0.08210154488 0)
(-0.03194449478 -0.1910381101 0)
(-0.03415669884 -0.1970433232 0)
(-0.1489840726 -0.03805949578 0)
(0.1655678948 0.04086150849 0)
(0.1386993299 0.002220681603 0)
(-0.1005773432 -0.05345762877 0)
(-0.02876774034 0.181504022 0)
(0.1222261881 0.0224648464 0)
(0.01120592789 0.1589635225 0)
(0.1103161085 -0.1511262937 0)
(-0.07258618349 -0.1231511526 0)
(0.1360682163 0.1220046404 0)
(0.1149528482 0.1300694602 0)
(0.1107603656 -0.07094592988 0)
(0.03906201564 0.1523350189 0)
(-0.1094695899 -0.1404972738 0)
(-0.1189396048 -0.1019434128 0)
(0.1408785447 0.07125756998 0)
(0.07742842096 -0.110610229 0)
(-0.07797558317 -0.09025631098 0)
(0.1166411755 -0.0871672473 0)
(-0.1527046691 0.0472059798 0)
(0.009903337013 0.1880153302 0)
(-0.1454139506 -0.0603847439 0)
(0.1178812004 -0.1155890032 0)
(-0.1389692379 -0.05935413942 0)
(-0.009436772654 0.1845970512 0)
(0.1315591537 0.0468711464 0)
(0.1084259343 -0.07704078417 0)
(-0.1100732679 0.1112643155 0)
(0.1358242215 -0.02113497174 0)
(0.002465701381 0.1121932945 0)
(-0.002494507347 0.1068305112 0)
(-0.06791581121 0.1580364408 0)
(-0.06386927053 0.1529964592 0)
(0.1418752472 -0.1003040553 0)
(0.1306100465 -0.05058370799 0)
(-0.05969669151 -0.1210900435 0)
(0.1154891754 0.1473308864 0)
(-0.0743709409 -0.1119903126 0)
(-0.02643735084 0.1876004209 0)
(-0.02413512735 0.1936435437 0)
(0.01362754279 -0.1666233166 0)
(-0.1877555557 0.01871426828 0)
(-0.1178500569 -0.06742502362 0)
(-0.1124699295 0.04224857354 0)
(-0.1129396759 0.08790424318 0)
(0.1218483298 -0.05771582807 0)
(-0.1831396737 0.03088974182 0)
(-0.11706041 0.09297338947 0)
(-0.0214248188 -0.1950910467 0)
(0.1274442621 0.05193715661 0)
(0.1632380397 0.03476492857 0)
(0.1424200509 -0.08304483322 0)
(-0.1584540876 0.0004943652056 0)
(0.1501979356 0.09564399363 0)
(-0.1475559472 -0.1294316881 0)
(-0.1541870744 -0.1304978679 0)
(-0.1148376851 0.0359757782 0)
(-0.04023303339 0.1174448486 0)
(0.01601301327 -0.1605235982 0)
(0.1400903776 -0.08914119982 0)
(-0.05077094413 -0.1769031974 0)
(-0.1747602105 -0.0421795811 0)
(-0.1605407097 -0.06850481447 0)
(-0.03089247772 -0.1565519759 0)
(0.1726960118 -0.01766604759 0)
(-0.1152643314 0.08180452412 0)
(-0.02783476638 -0.1961122396 0)
(-0.02966984622 -0.2034844404 0)
(-0.09013538431 -0.1374055191 0)
(-0.102537086 0.1468134058 0)
(0.09185353149 0.1323585803 0)
(0.06502548314 0.1735427883 0)
(0.06735529713 0.1797049769 0)
(-0.1625689781 0.005560376419 0)
(-0.04646470226 0.1846568846 0)
(-0.1824480049 -0.01479062804 0)
(-0.09192041228 -0.1262428747 0)
(-0.03619724985 0.1455263427 0)
(-0.1942478689 0.01766662757 0)
(-0.01766655613 0.1947290718 0)
(-0.02178144787 0.199795082 0)
(0.05212997177 0.1715229642 0)
(0.05987877302 -0.1248644511 0)
(-0.1059659528 0.1062011767 0)
(-0.02287105526 0.1652766378 0)
(-0.00184754178 0.1478360121 0)
(-0.05294488435 -0.1029103797 0)
(0.06269536793 0.1675062551 0)
(0.1383052012 -0.07797876171 0)
(-0.09398398795 -0.06972168468 0)
(0.1406396762 -0.07191068886 0)
(0.1340413532 -0.009973187018 0)
(-0.1707984305 0.0156922732 0)
(-0.1583034691 -0.06244591729 0)
(-0.1509197235 0.03604339985 0)
(-0.1790281356 0.02582430053 0)
(-0.09425026353 -0.1323394845 0)
(0.07271042919 0.1462171283 0)
(0.1317122523 -0.01607007834 0)
(-0.1089807522 0.145781799 0)
(0.04522133802 0.1532804202 0)
(0.1363700162 -0.003876128375 0)
(-0.174912898 0.02075812837 0)
(-0.1573644471 0.03501279954 0)
(-0.1177535999 0.1386482014 0)
(-0.1240507455 0.07468390961 0)
(-0.01353550955 0.189684645 0)
(-0.1554288123 -0.03909008994 0)
(-0.1842212099 -0.003632534815 0)
(0.1168846309 0.05597257121 0)
(0.0947881039 0.1722426139 0)
(0.1178236054 0.1534312979 0)
(0.1233293704 0.05700316686 0)
(0.1442056754 -0.09420675622 0)
(-0.1200850259 0.1325567699 0)
(0.1167555798 -0.1500936848 0)
(0.1203860657 -0.155446372 0)
(-0.178873298 -0.03712270423 0)
(0.1195206656 -0.06381326843 0)
(0.117191051 -0.0699099634 0)
(-0.1518586156 -0.06141536662 0)
(0.1314085812 0.1098114193 0)
(0.1177392403 -0.05265203514 0)
(-0.190677786 -0.004658605612 0)
(-0.01210306311 -0.1707194112 0)
(0.1525277833 0.1017405995 0)
(0.06865449682 -0.1177376839 0)
(-0.030540067 0.1924797216 0)
(-0.1199373466 0.06961846605 0)
(-0.1666838422 0.01062637751 0)
(-0.038548269 0.1111806357 0)
(0.1136453958 -0.04771271211 0)
(0.06632373349 -0.1238339399 0)
(0.1126540328 0.06107629918 0)
(-0.1147320278 0.09907070184 0)
(0.121353712 -0.0119001622 0)
(0.05576391323 -0.119798453 0)
(-0.05791167163 -0.1322525253 0)
(0.1061032567 0.0594962798 0)
(-0.08190562751 -0.1475375329 0)
(-0.07779071504 -0.1526034984 0)
(-0.04611173517 -0.1647097987 0)
(-0.05255654388 -0.1657403689 0)
(-0.1211763452 0.09803994888 0)
(-0.0836906333 -0.1363749016 0)
(-0.1252913482 0.1031060354 0)
(-0.1317359481 0.1020753855 0)
(0.04931906138 -0.1208290057 0)
(0.0294400448 -0.1411801328 0)
(-0.1947049047 0.0007441030622 0)
(0.04698920226 -0.1269256073 0)
(-0.08602051765 -0.1424715614 0)
(0.154857631 0.1078372055 0)
(0.04465935225 -0.1330222123 0)
(0.1425129557 0.1230352359 0)
(0.03821464916 -0.1340530373 0)
(0.01010580668 -0.1442717962 0)
(0.03588479371 -0.140149596 0)
(0.1466278475 0.1179692259 0)
(0.1507427393 0.1129032157 0)
(0.005990914957 -0.139205786 0)
(0.02532519011 -0.1361143543 0)
(0.0188804969 -0.1371452391 0)
(-0.0045684061 -0.1351723036 0)
(0.0165505633 -0.143241308 0)
(0.001877309016 -0.1341478149 0)
(-0.03733721652 -0.1575825699 0)
(-0.06847130041 -0.1282171153 0)
(-0.06202655556 -0.1271865534 0)
(-0.03966705297 -0.1636791807 0)
(-0.043237153 -0.1413539452 0)
(-0.07546084999 -0.1465069196 0)
(-0.06024151387 -0.1383491084 0)
(-0.05022667167 -0.1596437364 0)
(0.173969957 -0.03437988089 0)
(0.1676930689 -0.03568419544 0)
(-0.05612661128 -0.1434150883 0)
(-0.008683014005 -0.1301080691 0)
(-0.05379677767 -0.1373185221 0)
(-0.07134575118 -0.1515725614 0)
(-0.0473520444 -0.1362879371 0)
(0.1894132266 -0.04204161038 0)
(-0.0344625625 -0.1342267484 0)
(-0.01046435651 -0.1189807707 0)
(-0.04090730295 -0.1352573439 0)
(-0.01454853999 -0.1141543827 0)
(-0.03034767162 -0.1392927573 0)
(-0.02390293206 -0.1382621631 0)
(-0.0197880407 -0.1433281712 0)
(-0.01334329955 -0.1422975748 0)
(-0.01101330324 -0.1362019092 0)
(-0.01279745097 -0.1250469278 0)
(0.1750811042 -0.05160549977 0)
(-0.05667126584 -0.1606733857 0)
(0.1957605208 -0.04040746773 0)
(0.03813928241 -0.1908622403 0)
(0.03555605587 -0.1961720078 0)
(-0.04512921825 0.1562311217 0)
(-0.04237317891 0.1621525651 0)
(-0.04635894444 0.1672496506 0)
(-0.05038738004 0.172020987 0)
(-0.08245050769 -0.1647966936 0)
(-0.0571568103 -0.1777957711 0)
(0.1907236337 -0.05954195669 0)
(-0.07367212682 -0.1576650663 0)
(-0.08011681468 -0.158696196 0)
(-0.1358503936 0.1071412392 0)
(-0.1399656131 0.1122074172 0)
(-0.1446238837 0.1000129249 0)
(0.1796841067 0.01450387331 0)
(0.1613047158 0.1088697061 0)
(0.1681779454 0.1095928847 0)
(0.1712325333 0.1165460124 0)
(0.1804936145 0.1200014547 0)
(0.1713675747 0.1257397006 0)
(0.173409503 -0.05787211806 0)
(-0.05900140894 -0.1667565402 0)
(-0.05487764642 -0.1717991972 0)
(0.1779096685 0.02566421267 0)
(0.2108239833 -0.00236954004 0)
(0.2188476943 -0.0097361995 0)
(0.2221703506 0.001501767996 0)
(-0.0186975489 -0.1088152834 0)
(0.1755775695 0.01956599341 0)
(-0.05340018712 0.18729336 0)
(0.1569306747 -0.02920090591 0)
(-0.01670044592 -0.2001367754 0)
(0.1871338024 -0.07163900899 0)
(0.1208594009 -0.1934253418 0)
(0.1118903884 -0.2357067086 0)
(-0.09532821572 0.08462862694 0)
(-0.1754905653 0.06637011714 0)
(-0.1552058119 0.1040504165 0)
(-0.1616260539 0.1029945432 0)
(-0.1154105768 0.1447588859 0)
(-0.1130452977 0.1508419645 0)
(0.08797486342 -0.219521536 0)
(-0.1371338256 -0.1514658471 0)
(0.08772742684 -0.1786512873 0)
(0.169833885 -0.07066920379 0)
(0.186109868 0.0155175117 0)
(0.1857573892 -0.01375535925 0)
(0.1906263743 -0.01826830943 0)
(0.1368472047 0.1402743486 0)
(0.1901987122 0.01041142826 0)
(-0.01551001037 0.1041935877 0)
(0.1118011753 0.02639169488 0)
(0.1097879502 0.02013103484 0)
(-0.1107072852 0.01347557422 0)
(-0.05139747102 0.1380784145 0)
(-0.1801579806 0.05421513112 0)
(0.05082083482 -0.1991114792 0)
(0.08772991372 0.137352626 0)
(-0.03781310012 -0.2038910877 0)
(-0.03587230839 -0.1060442902 0)
(-0.08733182699 -0.1775398502 0)
(-0.08913425633 -0.1850658559 0)
(-0.008667820356 0.1560157279 0)
(-0.001548277845 -0.1056554403 0)
(-0.07830675103 -0.1697863903 0)
(0.2116655707 0.08441912163 0)
(-0.07565587217 0.1220054426 0)
(0.13656371 -0.1297659576 0)
(-0.1170461608 0.1561024476 0)
(-0.05902430702 0.2480856867 0)
(-0.05804622877 0.2867692633 0)
(0.01952057077 0.1498794994 0)
(-0.1980355667 0.0395173862 0)
(-0.2048102891 0.03569298944 0)
(0.10386471 0.01803780195 0)
(0.06217715997 0.08517564326 0)
(-0.06068525904 0.08728738431 0)
(-0.08492854281 -0.1708366689 0)
(-0.02267358508 -0.2023990788 0)
(-0.1655911614 0.1080007678 0)
(0.03004221106 -0.1070716186 0)
(0.05028224975 -0.1922098495 0)
(-0.1580591754 0.1259421987 0)
(0.1975630715 -0.01717230679 0)
(0.05437983619 -0.2398731007 0)
(-0.04179728612 0.1005777025 0)
(-0.1448946162 0.1848544292 0)
(0.231740976 0.01751704123 0)
(-0.2774987863 -0.01601641663 0)
(-0.0862525607 -0.07984073117 0)
(-0.1033784547 0.1744986757 0)
(-0.1994989698 0.1057442989 0)
(-0.1990573987 0.1203453225 0)
(0.178871334 0.06021625439 0)
(-0.1081991412 -0.02601502132 0)
(-0.0861540908 -0.06968923954 0)
(0.009073377237 0.1107935926 0)
(0.01125566688 -0.1888030068 0)
(0.2043229078 -0.01722226541 0)
(0.1965056663 0.01133533445 0)
(0.009807256147 -0.2295589656 0)
(0.00225866618 -0.1970035718 0)
(-0.09358250768 -0.05187602804 0)
(0.06377929932 -0.1950960017 0)
(0.04932085858 -0.1755216683 0)
(0.2433752215 -0.04783759206 0)
(-0.02625802432 0.1076405161 0)
(-0.02834952567 0.1011658207 0)
(-0.206686982 -0.02439077591 0)
(-0.1499230695 -0.1355182222 0)
(-0.1559057481 -0.1378143979 0)
(-0.1620594862 -0.131378094 0)
(0.1815950997 0.06701892954 0)
(0.1404549653 -0.134874458 0)
(0.1443435626 -0.1402350933 0)
(0.09944065015 0.0580819588 0)
(-0.1452123382 -0.1401253988 0)
(-0.1032561756 0.0667373142 0)
(-0.1061400992 0.007086920931 0)
(0.1718620017 0.1048323865 0)
(0.07009064785 0.1402823759 0)
(0.07733035094 0.07130946142 0)
(-0.1921000387 0.006716242519 0)
(0.1928399197 -0.09738528639 0)
(-0.1620470421 0.1625324057 0)
(-0.1832020742 0.1629981409 0)
(-0.2002328911 0.1420537233 0)
(-0.2360990642 0.1402836767 0)
(-0.07171972036 0.1629835182 0)
(-0.07839704702 0.1620013172 0)
(-0.07032275536 0.1904660481 0)
(0.1954937921 0.03993679715 0)
(-0.06356011102 -0.1786972813 0)
(-0.06728289717 0.129714062 0)
(0.1650001196 -0.1196410983 0)
(0.00183665526 0.1523530592 0)
(-0.1676817728 -0.1037579043 0)
(0.1706601381 -0.0888484281 0)
(-0.1248587352 -0.1476633954 0)
(-0.06705970538 0.08928151678 0)
(0.1672903238 -0.05961139154 0)
(-0.05950614598 -0.08684926449 0)
(0.07350662439 0.1806001156 0)
(-0.1724843517 -0.09020382537 0)
(0.1551813425 -0.01725869213 0)
(-0.1667785422 -0.06978160132 0)
(0.1109628522 -0.007858686022 0)
(-0.07702288115 0.1916309349 0)
(-0.1107767161 0.1752273399 0)
(0.204209609 0.09680195431 0)
(-0.1557369656 -0.1195917877 0)
(-0.1317751455 -0.1565366501 0)
(-0.05931025485 -0.183640699 0)
(-0.06120766891 -0.1906139389 0)
(-0.07257551464 0.174470551 0)
(0.05949214839 -0.1706122299 0)
(-0.1366309433 0.1518220555 0)
(-0.1442343941 0.1522670433 0)
(-0.01510634751 -0.1039385253 0)
(-0.0372941371 0.1053848674 0)
(0.1122751943 -0.03605915505 0)
(-0.1624761606 -0.1443486268 0)
(-0.1814982553 0.0652160054 0)
(0.03580424847 -0.1743972337 0)
(-0.1838384242 0.05910866345 0)
(0.2047105673 0.001423307886 0)
(-0.05262665193 0.09715903235 0)
(-0.1838474702 -0.1181323438 0)
(-0.1884651048 -0.1314399619 0)
(0.1814380142 0.0829921896 0)
(0.01926844834 0.2729162171 0)
(0.05893813393 -0.09731047257 0)
(0.07541739645 0.08169311425 0)
(-0.1416932884 -0.1456502446 0)
(-0.1600961943 0.2034457813 0)
(0.1948599873 0.1060637766 0)
(0.1096607963 -0.04300925818 0)
(0.05800465842 0.1384764694 0)
(0.09522182634 0.092604272 0)
(0.0653807002 -0.09583190089 0)
(0.05604700992 -0.08867330245 0)
(0.1634343089 -0.1264633494 0)
(-0.0925252865 0.09736299706 0)
(-0.03765848583 0.1508491006 0)
(0.112980257 -0.01927082832 0)
(-0.1043868946 -0.01307252725 0)
(-0.04388759353 -0.1936383847 0)
(-0.1016073483 0.0569673007 0)
(0.1379207302 -0.1407146289 0)
(0.04686447386 0.1017771481 0)
(0.03869995219 0.1976339382 0)
(-0.04757872 0.1497924383 0)
(-0.1703887468 0.09459475983 0)
(-0.03521609848 0.1975089401 0)
(-0.04274336668 0.1903383602 0)
(0.05265904039 -0.09818236376 0)
(-0.06636478879 0.1750435693 0)
(0.09577824797 0.1108398875 0)
(-0.102928086 0.0211857526 0)
(-0.1143196221 0.162546793 0)
(0.1082861478 0.1636083641 0)
(0.1149762233 0.1670814828 0)
(0.1414001847 -0.161229043 0)
(-0.2454715674 -0.05695677818 0)
(-0.2320723145 -0.0785141185 0)
(0.1583953469 0.1309751218 0)
(0.166556095 0.1342827948 0)
(0.1538000415 0.1478012037 0)
(0.1657795736 0.1207434371 0)
(-0.08418305304 0.1905380032 0)
(0.171506473 -0.1242740781 0)
(0.1445287434 -0.05939629027 0)
(0.2036915282 0.02978586016 0)
(-0.08287363382 -0.1811847411 0)
(-0.2786563802 0.01795184224 0)
(0.1565487582 -0.01163178536 0)
(0.02130605673 -0.1142042194 0)
(0.1260406984 -0.1711050398 0)
(-0.1895436714 -0.1000654418 0)
(0.2182164049 -0.02844824768 0)
(0.008432188746 -0.1160729619 0)
(0.06567306437 -0.2667123486 0)
(-0.1920338039 -0.05614386692 0)
(0.149502499 0.141325054 0)
(0.2024680901 0.01212177429 0)
(0.01753132749 0.2091116651 0)
(0.0912344251 0.1772629861 0)
(0.09562807489 0.1838503022 0)
(0.01968548213 0.3131509518 0)
(0.1490913129 -0.06479379061 0)
(-0.1468581629 -0.15440363 0)
(0.01672110747 -0.1094606222 0)
(0.0855165967 -0.07588410221 0)
(-0.09652799132 -0.03942511351 0)
(0.2062053616 0.167901435 0)
(-0.1936323564 -0.04521921045 0)
(-0.00281509837 -0.2276697369 0)
(0.2018186158 0.04144302158 0)
(0.2056524804 0.04802024933 0)
(0.1856990748 0.08699905445 0)
(0.2162958054 0.0526939981 0)
(0.214420999 0.06671179881 0)
(0.08962669799 0.05485444966 0)
(-0.2114926369 0.0274305383 0)
(-0.2060062075 -0.01283199227 0)
(-0.1513543516 0.1478253999 0)
(-0.2049028524 -0.06333450888 0)
(0.1678849352 -0.07762759017 0)
(0.04047245072 0.1419613496 0)
(-0.0193425578 0.2074062507 0)
(-0.1290839095 0.2232291111 0)
(-0.1152715263 0.2534357827 0)
(-0.054852624 0.1260710338 0)
(-0.05055820256 -0.1985026038 0)
(-0.08305499123 0.1048594035 0)
(-0.02814830883 0.1539848051 0)
(-0.008827006431 0.2014500359 0)
(-0.0106438229 0.2097237876 0)
(-0.215198634 0.01384349797 0)
(0.04197374559 0.1922830392 0)
(-0.2185540178 -0.1003380797 0)
(0.09219732609 -0.07440538685 0)
(0.07906921853 -0.07683238262 0)
(-0.1017328699 -0.1674024777 0)
(-0.1897425707 -0.05012752333 0)
(0.2135501786 -0.01827463362 0)
(-0.1911673626 -0.08826456185 0)
(-0.2077578747 0.01413175742 0)
(0.2337016895 -0.009910775931 0)
(-0.1051788681 -0.001232010813 0)
(-0.2181514256 0.1188314224 0)
(-0.0602924738 0.1756603202 0)
(0.02841905454 0.1454250785 0)
(-0.1142886994 0.2049148417 0)
(-0.1064971318 0.04370985592 0)
(0.1106543088 0.010511206 0)
(0.115238757 -0.01288977551 0)
(0.06127360646 0.09152319024 0)
(0.01543722908 0.1095608781 0)
(0.09260060608 0.1223372872 0)
(-0.1708233044 -0.08279749912 0)
(-0.06552831008 -0.08863109527 0)
(-0.04111905246 0.1965007738 0)
(0.199919893 0.0518679291 0)
(-0.1013135717 0.02734618521 0)
(0.09825413908 0.03557592483 0)
(-0.1689336471 -0.07647985789 0)
(0.06271222156 0.1843130753 0)
(0.06911519244 0.1855122378 0)
(0.1654132435 -0.06701826887 0)
(0.09750691207 0.08060563654 0)
(0.2040656629 -0.05912130177 0)
(0.1966634983 -0.06636880109 0)
(0.2005556279 -0.02205719913 0)
(0.1958421245 0.1431408578 0)
(0.1725212878 -0.1125669151 0)
(-0.2148467388 -0.07079091691 0)
(-0.09360235943 0.07723246597 0)
(-0.1078459193 -0.1688499089 0)
(-0.1088972047 0.03697392679 0)
(-0.1989334357 0.07308550297 0)
(-0.2108746257 0.07705493262 0)
(0.0377223255 0.09768259103 0)
(-0.1784826067 0.117857123 0)
(-0.1878794752 0.1280412007 0)
(-0.01014829394 -0.1989755377 0)
(0.1393377833 0.1996492521 0)
(0.1120223389 0.2310082704 0)
(0.1315131893 0.1435298514 0)
(-0.2120130964 -0.01780262236 0)
(0.003862382304 -0.1110119327 0)
(-0.1870713823 0.06400554869 0)
(0.2237549005 -0.0189411306 0)
(0.008632818541 -0.1952778572 0)
(-0.06831516406 -0.1902525529 0)
(-0.05421340378 0.1762801673 0)
(0.01396817262 -0.1779575139 0)
(0.1533270837 -0.05201681052 0)
(-0.1399340436 0.1399144666 0)
(0.1218530745 0.1704415659 0)
(0.1558032326 -0.04567255828 0)
(-0.195516551 0.01243195995 0)
(-0.05565657742 -0.1878916974 0)
(0.05890794033 0.1890204192 0)
(0.02234879675 0.1076973249 0)
(0.05574346066 -0.1758614656 0)
(0.04773313072 0.2360400144 0)
(0.05367622235 0.2828216281 0)
(-0.105139564 0.03208479905 0)
(-0.1020188963 -0.1786328088 0)
(-0.1684124702 -0.1269671963 0)
(-0.04241401348 -0.2408080259 0)
(0.09491991443 -0.2745531184 0)
(0.05759459979 -0.2001789214 0)
(0.08220063598 0.1369083543 0)
(-0.1054674525 -0.03124679818 0)
(-0.03489742152 0.2593645772 0)
(-0.00811972471 0.1104643013 0)
(-0.1986510233 -0.05703349247 0)
(-0.01170987159 -0.1088973868 0)
(-0.04855086437 0.1324083271 0)
(0.08551545539 -0.06031049698 0)
(-0.03992380247 -0.1021223535 0)
(-0.03311972472 0.2047977496 0)
(0.01609186108 -0.2453163997 0)
(-0.2778500941 -0.05152562512 0)
(-0.1038763769 0.05055185971 0)
(0.1387206855 -0.1723176432 0)
(-0.2170495638 -0.0004832480116 0)
(0.09876157036 0.05244721812 0)
(0.08141798078 0.1884015773 0)
(0.1626064926 -0.03643146302 0)
(0.0767710263 -0.1796656041 0)
(0.0290294498 0.1059205353 0)
(0.01440904077 0.1488869373 0)
(0.1050282105 -0.02683354725 0)
(0.1022346137 -0.02182762468 0)
(0.1057260548 0.07213401687 0)
(0.1174606349 -0.1603661279 0)
(0.1653159153 -0.009778840349 0)
(-0.03213494292 -0.2104715117 0)
(-0.01664200856 -0.2240292104 0)
(0.08846125174 -0.2058925417 0)
(-0.0515944404 -0.09769209614 0)
(0.2530452101 0.02191868831 0)
(-0.1254166052 -0.1680117138 0)
(-0.1708762145 0.1063293351 0)
(-0.01489330475 0.1567206833 0)
(0.1214399105 -0.1812903453 0)
(0.02973244217 0.2032924121 0)
(0.04876872247 0.1926039698 0)
(0.05024742613 0.1990037421 0)
(-0.07935040531 0.1169908393 0)
(2.388562252 -0.1279517614 0)
(-0.2438952893 0.05776959626 0)
(0.1021342147 0.1726445354 0)
(0.04362191533 0.2037907682 0)
(-0.01986158228 0.1075736075 0)
(0.1408224024 -0.1523034814 0)
(0.1369909452 -0.197478811 0)
(0.2150527129 -0.1155590574 0)
(0.2332736416 -0.1342489971 0)
(0.1626817127 0.4133219583 0)
(-0.2573238776 0.07187048921 0)
(0.07111279213 0.2228696952 0)
(-0.05154940583 0.09134013313 0)
(0.09551352098 0.2868828625 0)
(0.1554631397 -0.1469756393 0)
(0.09231363874 0.1009848723 0)
(0.06716153533 0.1350856901 0)
(0.0528844716 0.1380072701 0)
(0.09498406256 0.0444297697 0)
(0.3045620764 -0.6665165407 0)
(-0.001245538463 -0.2608533942 0)
(-0.05164843715 0.1821055926 0)
(-0.1333509971 -0.1635803201 0)
(-0.01777897252 -0.2405067507 0)
(-0.1683462107 -0.09354287795 0)
(0.2223382481 -0.0960321223 0)
(-0.1821979305 0.09399835581 0)
(0.1005030237 -0.1749027912 0)
(0.123361557 0.1992684846 0)
(-0.1895218239 -0.1538048424 0)
(0.0009123688501 0.2373705048 0)
(0.03514583763 0.1041693437 0)
(3.707206626 -0.5068475137 0)
(3.707311241 0.5069518016 0)
(-0.1989917276 0.03345332934 0)
(-0.1114389203 0.1678494226 0)
(0.1984910969 0.2007605587 0)
(0.6096296766 -0.1197059967 0)
(-0.2522631042 -0.1037802878 0)
(-0.07204396966 -0.2043981135 0)
(0.271959559 0.03432835537 0)
(0.03024084569 -0.1746678963 0)
(0.2077844378 0.1112279828 0)
(0.05700612021 -0.2192660988 0)
(-0.07172576956 -0.08982982436 0)
(0.18750771 0.06615708544 0)
(0.1534698662 -0.1577204354 0)
(0.1282253531 0.1603475557 0)
(-0.17841535 -0.2664350879 0)
(0.1492635453 0.2421851924 0)
(-0.1819667342 0.2664124757 0)
(0.1074262348 -0.02078474816 0)
(0.3871771962 0.004827832949 0)
(-0.0282098274 -0.09986972244 0)
(0.2351523241 0.03225543915 0)
(0.1025246041 0.06331091652 0)
(-0.3136491813 0.05067200017 0)
(-0.04065212114 0.09556341383 0)
(-0.1667807036 0.1030848301 0)
(-0.1863192749 0.1883421071 0)
(0.09489262394 0.05489924829 0)
(-0.1412567959 -0.1685236737 0)
(0.1683505484 -0.1353986582 0)
(0.1795583562 -0.1431395001 0)
(-0.2795693865 -0.1031884821 0)
(0.09300467811 -0.1822513241 0)
(0.09587886635 -0.1881330748 0)
(-0.07045333016 0.124415359 0)
(-0.1006530097 0.06246876455 0)
(-0.00393978299 0.1527127803 0)
(-0.1975541922 -0.06831962257 0)
(-0.09884792315 -0.1864669305 0)
(-0.01680379894 -0.2066873657 0)
(0.08890560752 0.1907156639 0)
(-0.2765977157 0.6611560156 0)
(-0.2811217683 -0.6651770354 0)
(0.04126224048 -0.1952180278 0)
(-0.04181927692 0.2337183995 0)
(-0.09943848593 -0.04826596679 0)
(0.2620671849 0.05741514855 0)
(0.1527611414 0.2172268122 0)
(0.1483995913 -0.2455804119 0)
(-0.06097026176 -0.2005283077 0)
(0.07776878548 0.07625721364 0)
(0.0439372628 -0.09399527829 0)
(0.004454941326 0.2045852288 0)
(0.08255017947 -0.0717137613 0)
(0.1543185174 -0.2146404799 0)
(0.160922806 -0.04493198644 0)
(0.06648636781 -0.07952552666 0)
(0.3289691421 -0.1390608917 0)
(0.09921347356 0.1151279547 0)
(0.22868351 0.08318250444 0)
(-0.2246372563 0.0874154156 0)
(-0.148528566 -0.1641583495 0)
(0.08233042881 -0.1843496882 0)
(0.1085478751 0.01497124957 0)
(0.1009823889 0.02329448395 0)
(-0.1097668277 -0.1775079185 0)
(-0.1570116292 -0.1257575511 0)
(-0.1715486093 0.1363265667 0)
(0.06725398866 -0.1768106663 0)
(0.1380912659 0.1532262904 0)
(0.1431436768 0.1463585965 0)
(0.1414357185 -0.1454398932 0)
(0.01212460208 -0.1996491243 0)
(-0.221324648 -0.01162422682 0)
(-0.1194172113 0.1767311999 0)
(-0.2026784295 -0.03638679299 0)
(0.1094820112 0.1755811811 0)
(0.1171126402 0.003483171887 0)
(0.1598598119 -0.0255730603 0)
(0.1681577067 -0.01387881062 0)
(0.0555167669 0.09380437428 0)
(0.08681959748 0.06753919119 0)
(0.2506428819 -0.02038440531 0)
(0.1592784453 -0.1398671786 0)
(0.2379531272 -0.3390885124 0)
(0.1999850794 -0.04529686571 0)
(-0.3507362754 -0.03365607613 0)
(-0.07603754719 -0.08548714123 0)
(-0.1629599787 -0.1079049019 0)
(-0.2145505591 -0.1269119617 0)
(0.2509852849 -0.08980901613 0)
(-0.1052450712 -0.3002844045 0)
(-0.1012848519 0.3003123926 0)
(0.291078561 0.1151758241 0)
(0.4845189294 0.5957189047 0)
(-0.2011757054 0.06573369018 0)
(0.02883268863 -0.2078751351 0)
(0.2531360445 0.311768723 0)
(0.1324336161 0.1644899515 0)
(-0.0803923119 -0.2413150624 0)
(-0.1090821643 -0.009853164721 0)
(-0.03216704971 0.1046805705 0)
(0.1862517919 0.1116232773 0)
(0.6818564985 0.3485730997 0)
(0.07228116495 0.191578035 0)
(-0.1517913362 0.1732872347 0)
(-0.1185809971 -0.1544827257 0)
(-0.120828165 -0.1585692872 0)
(0.04743721149 -0.1705568294 0)
(0.09082911962 0.1273007185 0)
(-0.2561238869 0.1753833507 0)
(-0.03403559708 0.1540883198 0)
(0.1023338672 0.186325154 0)
(-0.1822159742 0.1391256488 0)
(-0.005686317583 -0.1088597185 0)
(0.09737371155 0.1770764284 0)
(0.7412449096 -0.07946787827 0)
(0.063569334 0.1957606152 0)
(0.5207094844 -0.003324448007 0)
(-0.09381331008 0.237144073 0)
(0.04247780331 0.360563415 0)
(0.03095293426 0.2105070654 0)
(-0.001937180269 0.2015756463 0)
(0.05526278738 0.1941736783 0)
(0.01108691829 -0.1830750601 0)
(-0.1471444744 0.4713256419 0)
(0.1039300789 0.1669759866 0)
(-0.04611177603 -0.2069936324 0)
(-0.02742922079 0.3168334275 0)
(0.02304820154 0.1463087542 0)
(-0.1233118757 -0.2037880229 0)
(-0.1404192613 -0.2106935755 0)
(-0.1110314292 -0.2123332746 0)
(0.1036439753 -0.03429488545 0)
(0.1017614657 0.2556158164 0)
(0.1188201194 0.1595903931 0)
(-0.05996033252 -0.2562883167 0)
(0.1815884431 0.073167505 0)
(-0.1529034567 0.1550816986 0)
(0.03803642087 0.1474410256 0)
(-0.04642060492 0.2063583184 0)
(-0.1730661216 -0.1538964907 0)
(0.02143292233 -0.2281203781 0)
(-0.08456684355 -0.1926302917 0)
(-0.08970155273 0.08836248912 0)
(0.2429152908 0.1639592767 0)
(1.074040657 -0.2458116079 0)
(-0.05124090249 0.1446718045 0)
(1.766998672 0.1048897471 0)
(0.1915807379 -0.06965032195 0)
(-0.05217777538 0.1939540847 0)
(-0.04655425996 0.1943639367 0)
(-0.1468315728 0.2540677687 0)
(0.2080886132 -0.09223962744 0)
(0.1908266734 -0.1380785779 0)
(0.1003186655 0.2175146188 0)
(-0.02821826217 -0.333665769 0)
(0.3435763207 0.2310760714 0)
(0.09772803002 -0.06261122494 0)
(-0.005925849429 -0.2039487732 0)
(3.089348951 -0.1804250338 0)
(0.1709129817 -0.1172671839 0)
(0.1589755512 -0.03378240362 0)
(0.06308345946 0.2352153454 0)
(1.534772597 0.5042312757 0)
(0.1738840262 -0.01274334812 0)
(0.05520739549 -0.09402011457 0)
(0.2104774598 -0.2183165696 0)
(2.662364169 0.1096258853 0)
(-0.1138651565 -0.1692918768 0)
(-0.02599749831 0.2044136557 0)
(0.5060408703 -0.5880234005 0)
(-0.0816918665 -0.08000621434 0)
(0.04574331797 -0.1958088742 0)
(-0.03939436343 -0.1970910797 0)
(-0.04237513856 0.1520875212 0)
(0.1908772714 0.07619127841 0)
(-0.1795446822 0.09912598554 0)
(0.01120448157 0.2063127358 0)
(-0.09963452958 0.03374839764 0.001)
(-0.1043615204 0.01454530576 0.001)
(-0.1048793648 -0.006837564098 0.001)
(-0.1020328866 -0.02704468759 0.001)
(-0.2981141365 -0.2937696823 0.001)
(-0.08454116717 -0.06330342928 0.001)
(-0.09531564635 -0.04498749417 0.001)
(-0.2981160653 0.2937667888 0.001)
(-0.0840744379 0.06383539907 0.001)
(0.6716556477 0.5390387197 0.001)
(0.7191732328 -0.5022235786 0.001)
(-0.3202295775 -0.08928329662 0.001)
(-0.3333997387 0.1025242268 0.001)
(2.980847793 -0.4734648663 0.001)
(2.204968369 -0.468809038 0.001)
(1.37659428 -0.4283787193 0.001)
(2.639025703 0.4307892953 0.001)
(1.803563963 0.4492957307 0.001)
(0.01959239764 -0.5731752196 0.001)
(0.01788395693 0.6011604353 0.001)
(3.662712863 0.1844159313 0.001)
(-0.3180406941 0.00482830727 0.001)
(-0.268807466 0.0472245068 0.001)
(0.3182741802 -0.5352673491 0.001)
(0.3337601875 0.5269604995 0.001)
(-0.2990497845 0.2024370194 0.001)
(-0.2272706083 0.2669239575 0.001)
(-0.04644727895 0.09493648449 0.001)
(-0.06520814716 0.08292678835 0.001)
(-0.2149349372 0.1764194717 0.001)
(-0.214053591 0.3347681425 0.001)
(-0.1475360881 0.2956826545 0.001)
(-0.02186878723 0.1028501661 0.001)
(-0.03524016678 0.09947587155 0.001)
(-0.1602996059 0.2315788198 0.001)
(-0.1349897812 0.3656071913 0.001)
(-0.06660411266 0.3383636531 0.001)
(0.005095392406 0.1058273309 0.001)
(-0.009510978271 0.1053994814 0.001)
(-0.08526137453 0.2620158106 0.001)
(-0.2136391885 0.4192940475 0.001)
(-0.2990493139 -0.2024385318 0.001)
(-0.227266146 -0.2669259757 0.001)
(-0.04739784477 -0.09439618721 0.001)
(-0.06490043838 -0.08282518394 0.001)
(-0.2178055878 -0.1755388966 0.001)
(-0.214049808 -0.3347719053 0.001)
(-0.1511119657 -0.3045420732 0.001)
(-0.02251459807 -0.103320737 0.001)
(-0.03446747188 -0.09972575678 0.001)
(-0.1543747092 -0.2265512577 0.001)
(-0.1361845283 -0.352347263 0.001)
(-0.07564902002 -0.337616262 0.001)
(0.005489337414 -0.1052769524 0.001)
(-0.008322999116 -0.1045334099 0.001)
(-0.08745420039 -0.2628284226 0.001)
(-0.1918887412 -0.4444319607 0.001)
(-0.06485933451 0.413814139 0.001)
(-0.01530293426 0.3632989577 0.001)
(-0.0168783104 0.2825843118 0.001)
(0.0314146828 0.1000544626 0.001)
(-0.06907890785 -0.3986372951 0.001)
(0.002921661013 -0.3721961765 0.001)
(-0.008283612725 -0.2905338606 0.001)
(0.03207843129 -0.1008739584 0.001)
(0.9235535636 0.4968324099 0.001)
(0.8467194295 0.2393975285 0.001)
(1.113670516 0.2273680106 0.001)
(0.9270781686 -0.03267724929 0.001)
(0.6276076847 -0.01496743499 0.001)
(0.5104374777 0.2684809723 0.001)
(0.9920121282 -0.5026008084 0.001)
(0.7506749068 -0.2487719009 0.001)
(0.5244103492 -0.2278630253 0.001)
(0.4301296242 -0.04724772445 0.001)
(1.269295673 -0.06261795105 0.001)
(1.604645553 -0.1367292811 0.001)
(1.467211305 0.2333849955 0.001)
(3.662104255 -0.1991551006 0.001)
(3.34400653 -0.01050025789 0.001)
(3.354453816 0.4301781112 0.001)
(2.975482955 0.1838896401 0.001)
(2.211143092 0.4498524947 0.001)
(2.390296813 0.1806406936 0.001)
(2.064228377 0.1251832452 0.001)
(2.600782216 -0.4814963036 0.001)
(-0.1484513848 0.5960250776 0.001)
(-0.1591101413 -0.6035403315 0.001)
(3.369276211 -0.4244713554 0.001)
(1.798280585 -0.4746894774 0.001)
(2.789735007 -0.1732260953 0.001)
(0.01540801175 0.4483801949 0.001)
(0.09126374847 0.3940836247 0.001)
(0.07663653151 0.3270606054 0.001)
(0.1387930668 0.3346405564 0.001)
(0.1320216053 0.2728817748 0.001)
(0.07280466581 0.07643039785 0.001)
(0.05647843994 0.08878980443 0.001)
(0.1875434888 0.2863320621 0.001)
(0.1815305982 0.2309552317 0.001)
(0.1009719001 0.03010918818 0.001)
(0.1046546601 0.01082438315 0.001)
(0.09368961075 0.0495565776 0.001)
(0.08648479629 0.0612092653 0.001)
(0.1305985493 0.2163426315 0.001)
(0.2333636929 0.243860351 0.001)
(0.2316280664 0.1976419943 0.001)
(0.2792593194 0.2047526908 0.001)
(0.2775616378 0.1548003852 0.001)
(0.2172083975 0.1352075231 0.001)
(0.3051665559 0.2804760533 0.001)
(0.07019223421 0.2482767939 0.001)
(0.3288205628 0.1628542942 0.001)
(0.3319422748 0.1024534792 0.001)
(0.3893508227 0.124976244 0.001)
(0.1749389812 0.1759019186 0.001)
(0.2590467546 0.09004019274 0.001)
(0.2990019147 0.05459947445 0.001)
(0.1038430553 -0.01656554789 0.001)
(0.2456318534 0.04400592405 0.001)
(0.2162737851 0.3659241896 0.001)
(0.3659586229 0.05845589116 0.001)
(0.3361210775 0.004985934319 0.001)
(0.07737838737 -0.07140525755 0.001)
(0.08995682487 -0.05522585209 0.001)
(0.06268554844 -0.08492125082 0.001)
(0.0966842833 -0.04369111748 0.001)
(0.1011036193 -0.03033452235 0.001)
(0.04988320855 -0.09275712459 0.001)
(0.4415066639 0.05881152004 0.001)
(0.2852148901 0.004729184995 0.001)
(0.24439807 0.002287805165 0.001)
(0.3072361651 -0.0401706362 0.001)
(0.2715787794 -0.03588849849 0.001)
(0.2740372544 -0.07561242456 0.001)
(0.2320118198 -0.02886821087 0.001)
(0.3234975486 -0.09334402934 0.001)
(0.2726704903 -0.1211651857 0.001)
(0.2363224228 -0.1081376148 0.001)
(0.2499159025 -0.1598950173 0.001)
(0.2074141562 -0.1366618147 0.001)
(0.2034939 -0.1037779217 0.001)
(0.2908828661 -0.177075258 0.001)
(0.2432368614 -0.2066827821 0.001)
(0.3095312672 -0.2429542417 0.001)
(0.2385445481 -0.2661083641 0.001)
(0.1842656565 -0.2410878659 0.001)
(0.1775297908 -0.2956937664 0.001)
(0.1320179921 -0.2764890468 0.001)
(0.1293486443 -0.2145034618 0.001)
(0.1192796792 -0.3286957433 0.001)
(0.06741101452 -0.3046412926 0.001)
(0.08011312347 -0.2425650917 0.001)
(0.3112716016 -0.3267298861 0.001)
(0.1812791458 -0.3905889492 0.001)
(0.09830909899 -0.434651441 0.001)
(0.2359635735 -0.07208567325 0.001)
(0.194409455 -0.187488942 0.001)
(0.3741223624 -0.1932445364 0.001)
(0.007948518443 -0.4430385676 0.001)
(0.1830472931 -0.5477098478 0.001)
(0.3621699927 -0.05086645633 0.001)
(0.3233326999 0.3822509592 0.001)
(0.3836724433 -0.1104754489 0.001)
(0.4168137912 -0.2887160743 0.001)
(0.4787604583 0.4262271784 0.001)
(0.4874164607 0.1486398296 0.001)
(0.3919652831 -0.4259575659 0.001)
(0.2811405499 -0.4163215964 0.001)
(0.2182661646 -0.1640752925 0.001)
(1.249729176 0.4523633383 0.001)
(0.189664929 -0.1577502937 0.001)
(0.1807236699 -0.1295773668 0.001)
(0.1663466171 -0.1518116137 0.001)
(0.1684705538 -0.1735197752 0.001)
(0.1504599193 -0.17038638 0.001)
(0.1480564053 -0.1470644012 0.001)
(0.150269362 -0.1863965225 0.001)
(0.1325483762 -0.1831035667 0.001)
(0.1316055726 -0.1616853071 0.001)
(0.176636905 -0.2027958063 0.001)
(0.1876708416 0.6261960679 0.001)
(3.001022579 0.5308242056 0.001)
(0.4097994385 0.2080050275 0.001)
(0.3948357269 0.2992922912 0.001)
(0.1121692647 0.4958596175 0.001)
(-0.06985043173 0.5128908991 0.001)
(-0.07850737485 -0.4925646749 0.001)
(0.5480791159 -0.3861987694 0.001)
(0.2500982211 0.126307119 0.001)
(0.2251336736 0.1039151459 0.001)
(0.1950226583 0.1206304266 0.001)
(0.2346958432 0.06410179613 0.001)
(0.2226480819 0.468418882 0.001)
(0.06221229191 -0.3653497329 0.001)
(0.02255279946 -0.3222810688 0.001)
(0.03154143324 -0.2719291395 0.001)
(0.001271582472 -0.2417535869 0.001)
(0.03323028782 -0.2370850901 0.001)
(-0.03034492926 -0.2655554876 0.001)
(-0.03226280199 -0.2228778127 0.001)
(-0.05555079531 -0.292376419 0.001)
(-0.06360574476 -0.2348464828 0.001)
(1.980744537 -0.1988281446 0.001)
(-0.3013628994 0.4187660386 0.001)
(-0.2977360684 -0.4229589098 0.001)
(0.6600124139 0.1214617897 0.001)
(-0.3381722303 0.1525051071 0.001)
(-0.2817922601 0.1383646326 0.001)
(-0.2829908086 0.08680317067 0.001)
(-0.2359317033 0.07498643533 0.001)
(-0.2339967573 0.03934831141 0.001)
(-0.2434187491 0.1023721641 0.001)
(-0.2124434525 0.09896336927 0.001)
(-0.3381722805 -0.1525068776 0.001)
(-0.2772311065 -0.1362547501 0.001)
(-0.2662188038 -0.08065246968 0.001)
(-0.2384736497 -0.1219943744 0.001)
(-0.3071055242 -0.03644823059 0.001)
(-0.2505763052 -0.02979655901 0.001)
(-0.251076726 0.5203224969 0.001)
(-0.2720769584 -0.5409487634 0.001)
(0.478082365 -0.1320662239 0.001)
(-0.2508638061 -0.2213833341 0.001)
(-0.1981695538 -0.2138233284 0.001)
(-0.1796516647 -0.1735151557 0.001)
(-0.2084000526 -0.1473071228 0.001)
(-0.1734910746 -0.1381478545 0.001)
(-0.2363520695 -0.1477587927 0.001)
(-0.1970584599 -0.1126334386 0.001)
(-0.2562603768 -0.1766748611 0.001)
(-0.2487433884 0.2194119532 0.001)
(-0.1976061723 0.2158106418 0.001)
(-0.1655300612 0.1822637325 0.001)
(-0.1318262526 0.1976552442 0.001)
(-0.1652292668 -0.2002866616 0.001)
(-0.1504737113 -0.1780019894 0.001)
(-0.160189884 -0.1596659743 0.001)
(-0.1401375974 -0.1599181323 0.001)
(-0.1319297685 -0.1768204032 0.001)
(-0.1253255958 -0.1611699696 0.001)
(-0.1516024768 -0.1454240586 0.001)
(-0.1378913542 -0.1925933161 0.001)
(-0.1189884128 -0.1869511495 0.001)
(-0.1256967275 -0.2222258188 0.001)
(-0.1173850974 -0.1742629017 0.001)
(-0.1075410835 -0.185277748 0.001)
(-0.1037691096 -0.1728174807 0.001)
(-0.1069643938 -0.1966440673 0.001)
(-0.09319021468 -0.1947823106 0.001)
(-0.09643640008 -0.2092417249 0.001)
(-0.08461512165 -0.2024774496 0.001)
(-0.08033391784 -0.1868031382 0.001)
(-0.09423869433 -0.1783987923 0.001)
(-0.08143900437 -0.2191301959 0.001)
(-0.06619218598 -0.2131842643 0.001)
(-0.06678826668 -0.1960157614 0.001)
(-0.05499321866 -0.2078229557 0.001)
(-0.0550083199 -0.1931605164 0.001)
(-0.04983257808 -0.2194067149 0.001)
(-0.03975148774 -0.2127137327 0.001)
(-0.02280044674 -0.2122486558 0.001)
(-0.04372206901 -0.1996246995 0.001)
(-0.1027477491 -0.229766739 0.001)
(-0.1255199173 -0.2519959874 0.001)
(-0.07556070725 -0.194022704 0.001)
(-0.07245445051 -0.1860260719 0.001)
(-0.07681088591 -0.1808379518 0.001)
(-0.07002200865 -0.179799536 0.001)
(-0.07424608671 -0.1748954171 0.001)
(-0.0677720953 -0.1738730634 0.001)
(-0.07187786303 -0.168808294 0.001)
(-0.06544259788 -0.1677926396 0.001)
(-0.06955818934 -0.162729835 0.001)
(-0.06311520272 -0.1617021558 0.001)
(-0.06723038172 -0.1566374655 0.001)
(-0.06078605018 -0.1556076344 0.001)
(-0.0649010587 -0.1505419713 0.001)
(-0.0584564065 -0.1495115622 0.001)
(-0.05434152846 -0.1545776028 0.001)
(-0.06257133161 -0.1444456403 0.001)
(-0.0690161103 -0.1454763254 0.001)
(-0.05201174018 -0.1484811468 0.001)
(-0.04789683853 -0.1535471321 0.001)
(-0.06668625468 -0.1393797049 0.001)
(-0.07313099979 -0.1404103117 0.001)
(-0.04556699907 -0.147450547 0.001)
(-0.04145210706 -0.1525165565 0.001)
(-0.07080115049 -0.1343137059 0.001)
(-0.07724589124 -0.1353443025 0.001)
(-0.03912226096 -0.1464199547 0.001)
(-0.03500736915 -0.1514859648 0.001)
(-0.07491604208 -0.1292476971 0.001)
(-0.08136078196 -0.1302782917 0.001)
(-0.0326775216 -0.1453893602 0.001)
(-0.02856263007 -0.1504553701 0.001)
(-0.07903093285 -0.1241816863 0.001)
(-0.08547567259 -0.1252122806 0.001)
(-0.08314582346 -0.1191156752 0.001)
(-0.08959056316 -0.1201462694 0.001)
(-0.08726071404 -0.114049664 0.001)
(-0.09370545374 -0.1150802581 0.001)
(-0.09137560462 -0.1089836528 0.001)
(-0.09782034431 -0.1100142469 0.001)
(-0.1001501934 -0.1161108523 0.001)
(-0.104265084 -0.1110448411 0.001)
(-0.1019352349 -0.1049482357 0.001)
(-0.1083799746 -0.1059788299 0.001)
(-0.1060501255 -0.09988222451 0.001)
(-0.1124948652 -0.1009128187 0.001)
(-0.110165016 -0.09481621329 0.001)
(-0.1166097557 -0.09584680746 0.001)
(-0.1142799066 -0.08975020208 0.001)
(-0.1207246463 -0.09078079624 0.001)
(-0.1183947972 -0.08468419087 0.001)
(-0.1248395369 -0.08571478503 0.001)
(-0.1225096877 -0.07961817965 0.001)
(-0.1289544274 -0.08064877382 0.001)
(-0.1266245783 -0.07455216844 0.001)
(-0.133069318 -0.0755827626 0.001)
(-0.1307394689 -0.06948615723 0.001)
(-0.1371842086 -0.07051675139 0.001)
(-0.127169386 -0.09181139041 0.001)
(-0.0878055217 -0.1313088859 0.001)
(-0.02623278131 -0.1443587665 0.001)
(-0.02211789045 -0.1494247753 0.001)
(-0.0244477383 -0.1555213805 0.001)
(-0.01800299884 -0.1544907849 0.001)
(-0.01567315028 -0.14839418 0.001)
(-0.01155825927 -0.1534601893 0.001)
(-0.009228410729 -0.1473635837 0.001)
(-0.005113519775 -0.1524295936 0.001)
(-0.002783672051 -0.1463329876 0.001)
(0.001331219495 -0.1513989978 0.001)
(0.003661067245 -0.1453023919 0.001)
(0.007775958956 -0.1503684022 0.001)
(0.005446111234 -0.1564650081 0.001)
(0.01189085069 -0.1554344124 0.001)
(0.01422069841 -0.1493378065 0.001)
(0.01833559015 -0.1544038168 0.001)
(0.02066543786 -0.1483072109 0.001)
(0.0247803296 -0.1533732211 0.001)
(0.02711017732 -0.1472766152 0.001)
(0.03122506906 -0.1523426255 0.001)
(0.03355491678 -0.1462460196 0.001)
(0.03766980852 -0.1513120298 0.001)
(0.03999965623 -0.1452154239 0.001)
(0.04411454797 -0.1502814342 0.001)
(0.04644439569 -0.1441848283 0.001)
(0.05055928743 -0.1492508385 0.001)
(0.05288913515 -0.1431542326 0.001)
(0.05700402689 -0.1482202429 0.001)
(0.0593338746 -0.142123637 0.001)
(0.009561002972 -0.1615310183 0.001)
(0.02889522134 -0.1584392314 0.001)
(0.04822943971 -0.1553474445 0.001)
(-0.01388810714 -0.159556795 0.001)
(-0.06435641076 -0.1332831117 0.001)
(0.05521898286 -0.1370576267 0.001)
(0.06166372232 -0.1360270311 0.001)
(0.06577861406 -0.1410930413 0.001)
(0.06810846178 -0.1349964354 0.001)
(0.07222335352 -0.1400624457 0.001)
(0.07455320123 -0.1339658398 0.001)
(0.07866809297 -0.13903185 0.001)
(0.08099794069 -0.1329352441 0.001)
(0.07633824525 -0.145128456 0.001)
(0.07688304895 -0.1278692339 0.001)
(0.08332778841 -0.1268386382 0.001)
(0.08744268015 -0.1319046485 0.001)
(0.08977252786 -0.1258080426 0.001)
(0.08565763613 -0.1207420323 0.001)
(0.09210237558 -0.1197114367 0.001)
(0.09621726732 -0.1247774469 0.001)
(0.09854711504 -0.118680841 0.001)
(0.0944322233 -0.1136148307 0.001)
(0.1008769628 -0.1125842351 0.001)
(0.1049918545 -0.1176502454 0.001)
(0.1073217022 -0.1115536395 0.001)
(0.1032068105 -0.1064876292 0.001)
(0.1096515499 -0.1054570335 0.001)
(0.1055366582 -0.1003910233 0.001)
(0.1119813976 -0.09936042763 0.001)
(0.1160962894 -0.1044264379 0.001)
(0.1184261371 -0.09832983198 0.001)
(0.1225410288 -0.1033958422 0.001)
(0.1248708766 -0.09729923634 0.001)
(0.1207559848 -0.09223322607 0.001)
(0.1272007243 -0.09120263042 0.001)
(0.1230858325 -0.08613662016 0.001)
(0.129530572 -0.08510602451 0.001)
(0.1254156803 -0.08004001424 0.001)
(0.1318604197 -0.0790094186 0.001)
(0.127745528 -0.07394340833 0.001)
(0.1341902674 -0.07291281268 0.001)
(0.1300753757 -0.06784680242 0.001)
(0.1365201152 -0.06681620677 0.001)
(0.1324052234 -0.0617501965 0.001)
(0.138722303 -0.06067081503 0.001)
(0.1347137945 -0.05564545962 0.001)
(0.141027328 -0.05456472299 0.001)
(0.137035959 -0.04954591752 0.001)
(0.1434794179 -0.04851483251 0.001)
(0.1393848999 -0.04345660815 0.001)
(0.1458328215 -0.0424272286 0.001)
(0.1417218557 -0.03736271866 0.001)
(0.1497083101 -0.04721456189 0.001)
(0.1429648546 -0.06578561112 0.001)
(0.1359753115 -0.08407542886 0.001)
(-0.1148247143 -0.107009424 0.001)
(0.02299528558 -0.1422106049 0.001)
(-0.03679241246 -0.1403233513 0.001)
(0.1189709408 -0.08107060989 0.001)
(0.05754883058 -0.1309610208 0.001)
(-0.04378195473 -0.1586131623 0.001)
(-0.07670108377 -0.118085081 0.001)
(-0.1201798386 -0.07352157428 0.001)
(0.1289857683 -0.1023652466 0.001)
(0.1266559206 -0.1084618525 0.001)
(-0.1037202763 -0.09378561913 0.001)
(-0.006898563486 -0.1412669775 0.001)
(0.125960484 -0.06278079215 0.001)
(0.1352777706 -0.03839356436 0.001)
(0.1376089121 -0.03229745286 0.001)
(0.1440538672 -0.03126693962 0.001)
(0.139939336 -0.02620106716 0.001)
(0.1463841715 -0.02517050822 0.001)
(0.1422693559 -0.02010452704 0.001)
(0.1486369838 -0.01904446282 0.001)
(0.1445863931 -0.01400302551 0.001)
(0.1539003966 -0.0238939485 0.001)
(0.1508857099 -0.0129168559 0.001)
(0.1469005854 -0.007900436825 0.001)
(0.1532132503 -0.006819368243 0.001)
(0.1492274394 -0.001802686827 0.001)
(0.1556716799 -0.0007719005002 0.001)
(0.1515782184 0.004285920072 0.001)
(0.1601597356 -0.006841392433 0.001)
(0.1621999605 8.329028662e-05 0.001)
(0.1451370507 0.003253959477 0.001)
(0.1474709823 0.009349004729 0.001)
(0.1662633318 -0.004819551994 0.001)
(0.1686017662 0.001249859255 0.001)
(0.1410275187 0.008317921482 0.001)
(0.1433582597 0.01441418602 0.001)
(0.1498031481 0.01544472477 0.001)
(0.1456886427 0.02051058739 0.001)
(0.1521334714 0.02154114894 0.001)
(0.1480186589 0.02660712892 0.001)
(0.1544634264 0.02763771384 0.001)
(0.1503485526 0.03270371727 0.001)
(0.1439038161 0.03167312048 0.001)
(0.146233672 0.03776972328 0.001)
(0.1397889344 0.03673912692 0.001)
(0.1421187838 0.0428357322 0.001)
(0.1485635235 0.04386632774 0.001)
(0.1444486324 0.04893233776 0.001)
(0.150893372 0.04996293335 0.001)
(0.1467784804 0.05502894357 0.001)
(0.1403337409 0.05399834791 0.001)
(0.1426635887 0.06009495381 0.001)
(0.1362188493 0.05906435816 0.001)
(0.138548697 0.06516096407 0.001)
(0.1532232199 0.0560595392 0.001)
(0.1573381116 0.05099352893 0.001)
(0.1596679594 0.05709013482 0.001)
(0.1637828511 0.05202412456 0.001)
(0.1381523705 -0.01503771665 0.001)
(0.1057854963 -0.003815761505 0.001)
(-0.07525553861 -0.07400410793 0.001)
(0.1369138818 0.01338345221 0.001)
(0.1727095024 -0.003793488792 0.001)
(0.1750395886 0.002302361714 0.001)
(0.1704757597 -0.009019448481 0.001)
(-0.07598655465 -0.1637471443 0.001)
(0.13310066 -0.1074312569 0.001)
(0.1661126989 0.05812073047 0.001)
(0.1619978071 0.06318674073 0.001)
(0.1702275906 0.0530547202 0.001)
(0.1345840944 0.007286823268 0.001)
(0.1307708123 -0.1135278628 0.001)
(0.1791533275 -0.002759997418 0.001)
(0.1814830228 0.003337091117 0.001)
(0.1311644973 -0.03332817259 0.001)
(0.1684425466 0.06421733638 0.001)
(0.1643276548 0.06928334665 0.001)
(0.1707723943 0.07031394229 0.001)
(0.1666575026 0.07537995256 0.001)
(0.173102242 0.07641054821 0.001)
(0.1689873503 0.08147655847 0.001)
(0.1625426108 0.08044596283 0.001)
(0.1648724585 0.08654256874 0.001)
(0.1584277191 0.08551197309 0.001)
(0.1607575668 0.09160857901 0.001)
(0.1372155518 -0.1124972671 0.001)
(0.1395453995 -0.1064006612 0.001)
(0.1855981201 -0.001730875742 0.001)
(0.1879293199 0.004357084667 0.001)
(0.1709247366 0.00736824608 0.001)
(0.08278298471 -0.1440978603 0.001)
(0.08045313699 -0.1501944662 0.001)
(0.08689787645 -0.1491638706 0.001)
(0.08456802873 -0.1552604765 0.001)
(0.09101276819 -0.1542298808 0.001)
(0.08868292047 -0.1603264868 0.001)
(0.07812328928 -0.1562910721 0.001)
(0.09512765993 -0.1592958911 0.001)
(0.09279781221 -0.165392497 0.001)
(0.09745750764 -0.1531992852 0.001)
(-0.08493086492 -0.1079530586 0.001)
(0.1832677024 -0.007824370969 0.001)
(0.1288347037 -0.03942479918 0.001)
(0.1678977429 0.04695811429 0.001)
(0.1743424823 0.04798870993 0.001)
(0.1768213051 0.07149580578 0.001)
(0.1720126346 0.04189210402 0.001)
(0.1784573741 0.04292269967 0.001)
(0.1761275264 0.03682609375 0.001)
(0.1825722658 0.0378566894 0.001)
(0.1849021135 0.04395329531 0.001)
(0.1890170053 0.03888728504 0.001)
(0.1866871575 0.03279067913 0.001)
(0.04232950395 -0.139118818 0.001)
(-0.1065949331 -0.1171414465 0.001)
(-0.1119500575 -0.0836535967 0.001)
(0.1356740449 0.04180513633 0.001)
(0.1333441973 0.03570853038 0.001)
(0.1292293061 0.04077454043 0.001)
(0.09909191874 -0.1014216189 0.001)
(0.1014217665 -0.09532501301 0.001)
(0.094977027 -0.09635560865 0.001)
(0.09730687471 -0.09025900274 0.001)
(-0.1353991671 -0.08167936798 0.001)
(-0.07957574035 -0.1414409079 0.001)
(0.1268994583 0.03467793454 0.001)
(0.1227845667 0.03974394478 0.001)
(0.193131897 0.03382127478 0.001)
(-0.06133893261 -0.1727927686 0.001)
(0.130469514 0.01235271454 0.001)
(0.09086213526 -0.09128959839 0.001)
(0.08853228754 -0.0973862043 0.001)
(0.1348857041 -0.118593873 0.001)
(0.1284409646 -0.1196244687 0.001)
(0.192043128 -0.0007022927735 0.001)
(0.1943416439 0.00535879319 0.001)
(0.1436602912 -0.1114666715 0.001)
(0.145990139 -0.1053700656 0.001)
(0.128139636 0.00625612019 0.001)
(0.1015723994 -0.1582652955 0.001)
(0.1039022471 -0.1521686896 0.001)
(0.1754170731 0.08251289281 0.001)
(0.1672023062 0.09263917465 0.001)
(0.1630874145 0.09770518492 0.001)
(0.1984820866 0.0003257984565 0.001)
(0.1961382609 -0.005879705264 0.001)
(0.1247202038 -0.03435893866 0.001)
(0.1223903173 -0.04045552976 0.001)
(0.1838074025 0.009428822373 0.001)
(0.09319198298 -0.08519299247 0.001)
(0.1325343065 -0.1246822436 0.001)
(0.1261075252 -0.125719702 0.001)
(0.1389412086 -0.1236966227 0.001)
(0.0844173958 -0.09232019403 0.001)
(0.08208754808 -0.09841679994 0.001)
(0.1501050307 -0.1104360758 0.001)
(0.1524348784 -0.1043394699 0.001)
(0.1560978714 0.07941536718 0.001)
(0.1519829796 0.08448137745 0.001)
(0.1302002685 -0.1307772482 0.001)
(0.1237763805 -0.1318158123 0.001)
(0.1913567817 0.04498009664 0.001)
(0.1872274927 0.05008687523 0.001)
(0.1908011165 0.02772222792 0.001)
(0.1972466333 0.02875485769 0.001)
(0.1843544038 0.02669226865 0.001)
(0.1585783228 0.02257170178 0.001)
(-0.0890457555 -0.1028870474 0.001)
(-0.0826010158 -0.1018564532 0.001)
(-0.08671590638 -0.09679044202 0.001)
(0.09963672243 -0.08416239683 0.001)
(0.09568241113 -0.07915775316 0.001)
(0.1019933336 -0.07807601868 0.001)
(0.1270500038 -0.02826231449 0.001)
(0.003116263516 -0.162561614 0.001)
(0.007231155254 -0.1676276242 0.001)
(0.0007864157975 -0.1686582199 0.001)
(0.004901307536 -0.1737242302 0.001)
(0.01113514798 -0.1726130384 0.001)
(-0.00154343192 -0.1747548258 0.001)
(0.002571459818 -0.1798208361 0.001)
(-0.003873279638 -0.1808514317 0.001)
(0.0002416121005 -0.185917442 0.001)
(-0.006203127356 -0.1869480376 0.001)
(-0.01031801909 -0.1818820274 0.001)
(-0.002123826225 -0.1920004468 0.001)
(0.09978735536 -0.1471026793 0.001)
(0.1062320948 -0.1460720836 0.001)
(0.1483199867 -0.09927345966 0.001)
(0.1547647261 -0.09824286402 0.001)
(0.1588796179 -0.1033088743 0.001)
(0.1612499262 -0.09717893271 0.001)
(0.1571013173 -0.09214070216 0.001)
(0.1637003222 -0.09086973841 0.001)
(0.165385857 -0.1022277754 0.001)
(0.1629945096 -0.1083748846 0.001)
(-0.1024800426 -0.1222074577 0.001)
(-0.1089247822 -0.1232380519 0.001)
(-0.1048098917 -0.1283040631 0.001)
(-0.1112546314 -0.1293346572 0.001)
(-0.1071397408 -0.1344006684 0.001)
(-0.1153695219 -0.124268646 0.001)
(-0.1176993711 -0.1303652514 0.001)
(-0.1218142616 -0.1252992402 0.001)
(-0.1241441108 -0.1313958456 0.001)
(-0.1282590013 -0.1263298343 0.001)
(-0.1200292202 -0.1364618568 0.001)
(-0.1259291522 -0.120233229 0.001)
(-0.1323738919 -0.1212638231 0.001)
(-0.1300440428 -0.1151672178 0.001)
(-0.1364887825 -0.1161978119 0.001)
(-0.1388186316 -0.1222944173 0.001)
(-0.1429335222 -0.1172284061 0.001)
(-0.140603673 -0.1111318007 0.001)
(-0.1470484127 -0.1121623949 0.001)
(-0.1447185636 -0.1060657895 0.001)
(-0.1511633033 -0.1070963837 0.001)
(-0.1488334542 -0.1009997783 0.001)
(-0.1552781939 -0.1020303724 0.001)
(-0.1529483448 -0.09593376706 0.001)
(-0.1593930845 -0.09696436122 0.001)
(-0.1570632353 -0.09086775585 0.001)
(-0.1632402244 -0.09200067231 0.001)
(-0.1611335008 -0.08581879835 0.001)
(-0.166875723 -0.08748424132 0.001)
(-0.1575452877 -0.1080187586 0.001)
(-0.1658378242 -0.09799495539 0.001)
(-0.1493642343 -0.1182476063 0.001)
(-0.1547259487 -0.08477399276 0.001)
(-0.1588395997 -0.07970845526 0.001)
(0.1251144144 0.04584055068 0.001)
(0.1186696749 0.04480995503 0.001)
(0.1209995227 0.05090656095 0.001)
(0.1321039575 0.06413036842 0.001)
(0.1344338053 0.07022697433 0.001)
(0.1279890658 0.06919637868 0.001)
(0.1303189135 0.0752929846 0.001)
(0.1238741741 0.07426238895 0.001)
(0.1262040218 0.08035899486 0.001)
(0.1145547832 0.0498759653 0.001)
(0.1326487612 0.08138959051 0.001)
(0.1285338695 0.08645560078 0.001)
(0.1215443264 0.06816578304 0.001)
(0.1174294346 0.0732317933 0.001)
(0.1150995869 0.06713518739 0.001)
(0.1111823784 0.0723617668 0.001)
(0.1133474901 0.0783245651 0.001)
(0.1068698034 0.07726720793 0.001)
(0.1092051423 0.08336827409 0.001)
(0.1079606092 0.06633089794 0.001)
(-0.04968189246 -0.1423845409 0.001)
(0.1204547189 0.03364733886 0.001)
(0.169464328 -0.1073476833 0.001)
(0.1720065675 -0.100901737 0.001)
(-0.1264739599 -0.1374924509 0.001)
(0.1206053307 -0.02929293549 0.001)
(0.1229351815 -0.02319633076 0.001)
(-0.01264786681 -0.1879786333 0.001)
(-0.01676275855 -0.182912623 0.001)
(-0.01909260627 -0.1890092289 0.001)
(-0.02320749801 -0.1839432187 0.001)
(-0.02087765029 -0.1778466127 0.001)
(-0.02732238975 -0.1788772084 0.001)
(0.1278910561 -0.13688174 0.001)
(0.1240247911 0.01132211255 0.001)
(0.09804348282 -0.07307307964 0.001)
(0.1043328458 -0.07198310613 0.001)
(-0.08027116668 -0.09575984785 0.001)
(-0.07615627611 -0.1008258591 0.001)
(-0.08438605726 -0.09069383664 0.001)
(0.1080171388 -0.1572346998 0.001)
(0.1056872911 -0.1633313057 0.001)
(0.1936866944 0.05109101663 0.001)
(0.1980228948 0.04617153684 0.001)
(0.1894741394 0.05638644688 0.001)
(0.1220053496 0.005106883408 0.001)
(0.1258615723 0.0001397247769 0.001)
(-0.02553734573 -0.1900398246 0.001)
(0.07797265635 -0.09335078968 0.001)
(0.07564280863 -0.09944739559 0.001)
(-0.122371248 -0.1424823037 0.001)
(0.1122249355 0.04377935939 0.001)
(-0.1524008513 -0.07867557147 0.001)
(-0.1565165339 -0.07360925761 0.001)
(-0.1628623679 -0.07477954318 0.001)
(-0.1465036051 -0.0949031729 0.001)
(-0.1382738239 -0.1050351953 0.001)
(0.1949147452 0.02255486763 0.001)
(0.2017274774 0.02376717557 0.001)
(0.1496531319 0.07838477153 0.001)
(0.1214497559 -0.1379136499 0.001)
(0.1173354373 -0.1328478587 0.001)
(0.1696827869 0.03579549811 0.001)
(0.1245696107 0.02858132859 0.001)
(0.1181366549 0.02756030431 0.001)
(0.1021172031 -0.1410060734 0.001)
(0.111436594 -0.1166196497 0.001)
(0.07975770037 -0.1045134059 0.001)
(0.07331296091 -0.1055440015 0.001)
(0.06930328857 -0.1005182013 0.001)
(0.06688575802 -0.1065812988 0.001)
(-0.02499254203 -0.1727806025 0.001)
(-0.03143728148 -0.1738111981 0.001)
(-0.0337671292 -0.179907804 0.001)
(-0.03788202094 -0.1748417938 0.001)
(-0.04021186866 -0.1809383997 0.001)
(0.07098603595 -0.1116417244 0.001)
(0.06454178362 -0.1126725062 0.001)
(0.06042697307 -0.1076065269 0.001)
(0.05809363428 -0.1137017987 0.001)
(0.05397932439 -0.1086360108 0.001)
(0.0516489918 -0.1147324314 0.001)
(0.04753411622 -0.1096664273 0.001)
(0.04520416448 -0.1157629935 0.001)
(-0.0443267604 -0.1758723894 0.001)
(0.169532154 0.09873578057 0.001)
(0.1654172622 0.1038017908 0.001)
(0.1966277364 0.05732026649 0.001)
(0.1921001345 0.06282748402 0.001)
(0.1005772528 -0.06705440363 0.001)
(0.1066982914 -0.06590010409 0.001)
(0.1029470206 -0.06097305334 0.001)
(0.1090407254 -0.05980830809 0.001)
(0.08030250406 -0.08725418376 0.001)
(0.1255651848 -0.1429798655 0.001)
(0.09415539472 -0.06763863921 0.001)
(0.11200009 -0.1622502883 0.001)
(0.1098021829 -0.168397316 0.001)
(0.1142766877 -0.1561333327 0.001)
(0.1765355796 -0.1069819544 0.001)
(0.1802901472 -0.09957333167 0.001)
(0.1081100437 0.04884536965 0.001)
(-0.01499190343 -0.1939865102 0.001)
(0.1049279314 -0.05474309948 0.001)
(0.1113145147 -0.05369027918 0.001)
(0.1197358669 -0.001012791293 0.001)
(0.1235504161 -0.005964024184 0.001)
(0.1342569822 -0.1358255363 0.001)
(-0.07377947303 -0.09502287657 0.001)
(-0.06970371076 -0.09984420205 0.001)
(-0.1288180174 -0.1435002048 0.001)
(-0.1329210676 -0.1385082365 0.001)
(0.1173159248 -0.006827565562 0.001)
(0.1072076006 -0.04872901243 0.001)
(0.1165091234 -0.02434368093 0.001)
(0.114237791 -0.03028283081 0.001)
(0.041089284 -0.1106969875 0.001)
(0.03875942082 -0.1167935875 0.001)
(0.01868061369 -0.1037596159 0.001)
(0.04287430999 -0.1218595968 0.001)
(0.0364295694 -0.122890192 0.001)
(0.03231467747 -0.1178241817 0.001)
(0.02998482883 -0.1239207872 0.001)
(0.02589188184 -0.118992006 0.001)
(0.02354374677 -0.1249742544 0.001)
(0.01945140925 -0.120049285 0.001)
(0.01710032802 -0.1260131091 0.001)
(0.0130080347 -0.1210884162 0.001)
(0.01065603617 -0.1270465039 0.001)
(0.006563597333 -0.1221209009 0.001)
(0.004211421661 -0.1280778809 0.001)
(9.655074706e-05 -0.1230120009 0.001)
(0.2012007442 0.06446679376 0.001)
(0.1945587657 0.07139505907 0.001)
(0.2056096592 0.05673657619 0.001)
(0.105780196 0.04274876374 0.001)
(-0.08075728203 -0.1756769096 0.001)
(-0.04665660812 -0.1819689953 0.001)
(-0.06556472693 -0.1845842881 0.001)
(-0.1500729247 -0.0725782314 0.001)
(-0.1541881357 -0.06751209774 0.001)
(-0.1348543595 -0.06442014601 0.001)
(-0.1284096198 -0.06338955185 0.001)
(-0.1325245103 -0.05832354064 0.001)
(-0.1260797707 -0.05729294647 0.001)
(-0.1301946612 -0.05222693526 0.001)
(-0.1366394009 -0.05325752942 0.001)
(-0.1343095518 -0.04716092404 0.001)
(-0.1407542915 -0.04819151821 0.001)
(-0.1278648121 -0.04613032988 0.001)
(-0.1319797027 -0.04106431867 0.001)
(-0.125534963 -0.0400337245 0.001)
(-0.1296498536 -0.03496771329 0.001)
(-0.1360945933 -0.03599830745 0.001)
(-0.1337647441 -0.02990170208 0.001)
(-0.1402094838 -0.03093229624 0.001)
(-0.1378796347 -0.02483569086 0.001)
(-0.1443243744 -0.02586628503 0.001)
(-0.1419945253 -0.01976967965 0.001)
(-0.148439265 -0.02080027381 0.001)
(-0.1461094159 -0.01470366844 0.001)
(-0.1525541555 -0.0157342626 0.001)
(-0.1502243064 -0.009637657222 0.001)
(-0.1548840047 -0.02183086798 0.001)
(-0.1589988952 -0.01676485676 0.001)
(-0.1613287444 -0.02286146214 0.001)
(-0.1654436349 -0.01779545093 0.001)
(-0.1677734841 -0.0238920563 0.001)
(-0.1437795667 -0.008607063058 0.001)
(-0.1478944573 -0.003541051845 0.001)
(-0.1414497176 -0.002510457681 0.001)
(-0.1455646082 0.002555553533 0.001)
(-0.1520093479 0.001524959369 0.001)
(-0.1496794988 0.007621564746 0.001)
(-0.1432347591 0.00865215891 0.001)
(-0.1473496496 0.01371817012 0.001)
(-0.1409049099 0.01474876429 0.001)
(-0.1450198005 0.0198147755 0.001)
(-0.1514645402 0.01878418134 0.001)
(-0.1491346911 0.02488078671 0.001)
(-0.1426899514 0.02591138088 0.001)
(-0.146804842 0.03097739209 0.001)
(-0.1403601023 0.03200798625 0.001)
(-0.1444749929 0.03707399747 0.001)
(-0.1380302532 0.03810459163 0.001)
(-0.1421451437 0.04317060285 0.001)
(-0.135700404 0.04420119701 0.001)
(-0.1398152946 0.04926720822 0.001)
(-0.1333705549 0.05029780239 0.001)
(-0.1374854455 0.0553638136 0.001)
(-0.1485898834 0.04214000868 0.001)
(-0.1555794308 0.02385019255 0.001)
(-0.1636585935 -0.02895806752 0.001)
(-0.1339153626 0.03303858042 0.001)
(-0.131434895 -0.0238050967 0.001)
(-0.1561242385 0.006590970583 0.001)
(-0.1292556643 0.04523179117 0.001)
(-0.1269258152 0.05132839655 0.001)
(-0.09480102356 0.04631762927 0.001)
(-0.1439301852 0.05433321944 0.001)
(-0.1416003361 0.06042982481 0.001)
(-0.1480450758 0.05939923065 0.001)
(-0.1457152266 0.06549583603 0.001)
(-0.1521599663 0.06446524186 0.001)
(-0.1498301172 0.07056184724 0.001)
(-0.1562748569 0.06953125308 0.001)
(-0.1539450078 0.07562785845 0.001)
(-0.158604706 0.0634346477 0.001)
(-0.1627195966 0.06850065891 0.001)
(-0.1650494457 0.06240405354 0.001)
(-0.1351555964 0.06146041898 0.001)
(-0.1433853775 0.0715924414 0.001)
(-0.1367900194 0.009682753073 0.001)
(-0.1691607014 0.06746867567 0.001)
(-0.1714899448 0.06137183878 0.001)
(-0.1668338814 0.07356643861 0.001)
(-0.1673785881 0.05630717806 0.001)
(-0.1738068916 0.05527030275 0.001)
(-0.169706169 0.05020970589 0.001)
(-0.1778842874 0.060319046 0.001)
(-0.1732797583 0.07252166527 0.001)
(-0.1709493654 0.07863024097 0.001)
(-0.1214200724 -0.04509973572 0.001)
(-0.1228109247 0.04626238534 0.001)
(-0.1204810755 0.05235899071 0.001)
(-0.1232051139 -0.03393711913 0.001)
(-0.116366185 0.0472929795 0.001)
(-0.1140363358 0.05338958488 0.001)
(-0.1181512264 0.05845559609 0.001)
(-0.1117064867 0.05948619025 0.001)
(-0.1158213773 0.06455220147 0.001)
(-0.1094306839 0.0656034497 0.001)
(-0.1135005359 0.07065224919 0.001)
(-0.1069073225 0.07159742673 0.001)
(-0.111139936 0.07673232357 0.001)
(-0.1044860499 0.07765351814 0.001)
(-0.1087897245 0.08281942145 0.001)
(-0.1023449181 0.08384970245 0.001)
(-0.1065019808 0.08893862298 0.001)
(-0.1000535394 0.08996667034 0.001)
(-0.1041715147 0.09503480389 0.001)
(-0.1106167686 0.09400456344 0.001)
(-0.09783669648 0.09610737364 0.001)
(-0.1018603972 0.1011386882 0.001)
(-0.09552880366 0.1022125418 0.001)
(-0.09953732935 0.1072379338 0.001)
(-0.09309371987 0.108268968 0.001)
(-0.09719107133 0.1133282827 0.001)
(-0.09074359682 0.1143578342 0.001)
(-0.1036328878 0.1122965725 0.001)
(-0.09485510841 0.1194225555 0.001)
(-0.08840934975 0.1204527609 0.001)
(-0.09252350733 0.1255184923 0.001)
(-0.08607847564 0.1265489751 0.001)
(-0.08223461054 0.1215865376 0.001)
(-0.07969942149 0.1276046714 0.001)
(-0.08375935461 0.1326496804 0.001)
(-0.07731640294 0.1336809578 0.001)
(-0.07346382576 0.1288392179 0.001)
(-0.07091817422 0.1348166696 0.001)
(-0.07498574208 0.1397918102 0.001)
(-0.06854086709 0.1408247789 0.001)
(-0.06443730962 0.1358301751 0.001)
(-0.06209008403 0.1418529207 0.001)
(-0.07264531293 0.1458717309 0.001)
(-0.08844649621 0.1022468675 0.001)
(-0.07518046362 0.07406295764 0.001)
(-0.09896812486 0.1244878515 0.001)
(-0.1176042962 0.07571321034 0.001)
(-0.0790908469 0.1448422701 0.001)
(-0.07675874992 0.1509352709 0.001)
(-0.08320386425 0.1499052775 0.001)
(-0.08092623754 0.1559587108 0.001)
(-0.0744289008 0.1570318763 0.001)
(-0.0873272088 0.1549636929 0.001)
(-0.08505130328 0.1610163608 0.001)
(-0.09144520423 0.1600270446 0.001)
(-0.09376438094 0.1539390825 0.001)
(-0.08903975083 0.1661831139 0.001)
(-0.08246406332 0.167078234 0.001)
(-0.1186960341 0.04119637412 0.001)
(-0.09788020954 0.1590043274 0.001)
(-0.1002082715 0.1529091676 0.001)
(-0.1043231853 0.1579751592 0.001)
(-0.1066480975 0.1518825628 0.001)
(-0.1019933401 0.1640717613 0.001)
(-0.1106673159 0.1569130411 0.001)
(-0.09370019547 0.09187935917 0.001)
(-0.09663796338 0.1305843377 0.001)
(-0.1030826307 0.1295537159 0.001)
(-0.09909150903 0.07899602786 0.001)
(-0.137334827 -0.007576468895 0.001)
(-0.1466542235 -0.0319628904 0.001)
(-0.1344601703 0.01577935845 0.001)
(-0.1303452797 0.01071334724 0.001)
(-0.1280154306 0.01680995261 0.001)
(-0.1631137858 -0.01169884555 0.001)
(-0.1695585255 -0.01272943971 0.001)
(-0.1672286764 -0.006632834335 0.001)
(-0.1736734161 -0.007663428498 0.001)
(-0.1760032652 -0.01376003388 0.001)
(-0.171343567 -0.001566823121 0.001)
(-0.1777883067 -0.002597417285 0.001)
(-0.1754584575 0.003499188092 0.001)
(-0.1819031972 0.002468593929 0.001)
(-0.1761342123 0.04917273113 0.001)
(-0.1795733481 0.008565199306 0.001)
(-0.1859572145 0.007511342114 0.001)
(-0.1882769181 0.001410859565 0.001)
(-0.1836780931 0.01362733335 0.001)
(-0.1720352187 0.04411279501 0.001)
(-0.1784798252 0.04308214993 0.001)
(-0.1825552849 0.04820068912 0.001)
(-0.1849205981 0.04206130597 0.001)
(-0.1743675619 0.03801714274 0.001)
(-0.1898834075 0.01271648625 0.001)
(-0.1890160284 0.04721454872 0.001)
(-0.1913732122 0.04102245491 0.001)
(-0.1772418081 0.01466115849 0.001)
(-0.1872570092 0.03595781985 0.001)
(-0.193612558 0.03489157618 0.001)
(-0.1679232601 0.03904790424 0.001)
(-0.1702535978 0.03295148561 0.001)
(-0.1957068869 0.0459923761 0.001)
(-0.1930993634 0.05267437508 0.001)
(-0.177399077 0.07758652715 0.001)
(-0.1750650928 0.08369569249 0.001)
(-0.168619664 0.08472837998 0.001)
(-0.1727149725 0.08967203779 0.001)
(-0.1996974964 0.05050240158 0.001)
(-0.1992747927 0.05858941565 0.001)
(-0.2033563397 0.04415140816 0.001)
(-0.12390054 0.0117439414 0.001)
(-0.1215706909 0.01784054678 0.001)
(-0.1262303891 0.005647336023 0.001)
(-0.1197856494 0.006677930186 0.001)
(-0.1221154985 0.0005813248093 0.001)
(-0.1054717327 0.06103437033 0.001)
(-0.1430841406 -0.05428812358 0.001)
(-0.1471990312 -0.04922211237 0.001)
(-0.1632637906 0.05124120245 0.001)
(-0.1813564168 0.019727062 0.001)
(-0.09609324783 0.1478432645 0.001)
(-0.1815345331 0.08281859575 0.001)
(-0.183934682 0.076283961 0.001)
(-0.1100514798 0.04870135277 0.001)
(-0.1877245557 0.08083103873 0.001)
(-0.1872917155 0.08856952507 0.001)
(-0.1911032016 0.07486671402 0.001)
(-0.2075580323 0.05245266145 0.001)
(-0.1495288803 -0.05531871775 0.001)
(-0.1536437709 -0.05025270653 0.001)
(0.1455382402 0.0834507818 0.001)
(0.1566426751 0.09667458927 0.001)
(0.1477752576 -0.1165331481 0.001)
(0.134978609 0.08748619642 0.001)
(0.1308637172 0.09255220669 0.001)
(0.1449934365 0.06619155971 0.001)
(-0.15597362 -0.05634931191 0.001)
(-0.1600885106 -0.0512833007 0.001)
(-0.1701033332 -0.02998866168 0.001)
(-0.1624183597 -0.05737990608 0.001)
(-0.1665332503 -0.05231389486 0.001)
(-0.1688630994 -0.05841050024 0.001)
(-0.17297799 -0.05334448903 0.001)
(-0.1706481408 -0.04724788365 0.001)
(-0.1770928805 -0.04827847781 0.001)
(-0.1577586615 -0.04518669532 0.001)
(0.1098950878 0.03768275347 0.001)
(-0.1219648801 -0.06235895769 0.001)
(0.115650797 0.08439961311 0.001)
(0.1115314818 0.0894620304 0.001)
(-0.09083079695 -0.0917244308 0.001)
(-0.08852991442 -0.08565135367 0.001)
(-0.09495051529 -0.08666234096 0.001)
(-0.09265043739 -0.0805899174 0.001)
(-0.09906714922 -0.0815977458 0.001)
(-0.09673759066 -0.07550137643 0.001)
(-0.1031777075 -0.07652821564 0.001)
(-0.1008471363 -0.07043102377 0.001)
(-0.1072909852 -0.07146089436 0.001)
(-0.1049608672 -0.06536407064 0.001)
(-0.09851608274 -0.06433344008 0.001)
(-0.10263069 -0.05926719878 0.001)
(-0.1090754651 -0.06029782163 0.001)
(-0.1067455671 -0.05420117663 0.001)
(-0.1579092799 0.01775358717 0.001)
(0.1567932997 0.03373430999 0.001)
(0.1737158088 0.09364349214 0.001)
(0.1761266655 0.1002930142 0.001)
(0.1814387002 0.09431804929 0.001)
(0.1737975598 0.03073023082 0.001)
(0.1327993214 0.01844933585 0.001)
(0.1578829154 0.068252751 0.001)
(0.1265052026 -0.04552153756 0.001)
(0.1191211081 -0.1440107144 0.001)
(0.1232361998 -0.1490768011 0.001)
(0.1297626845 -0.1479798562 0.001)
(-0.01854780257 -0.1717500068 0.001)
(0.08922772417 -0.1430672647 0.001)
(-0.1742182237 -0.02492265047 0.001)
(-0.1765480729 -0.03101925584 0.001)
(-0.1806629634 -0.02595324463 0.001)
(-0.1829928126 -0.03204985001 0.001)
(-0.1871077031 -0.02698383879 0.001)
(-0.119635031 -0.05626235231 0.001)
(-0.1256855814 0.02290655799 0.001)
(-0.1192408417 0.02393715215 0.001)
(-0.1233557323 0.02900316337 0.001)
(-0.1482869593 -0.08374120108 0.001)
(-0.1895728681 0.02985435546 0.001)
(-0.1959249915 0.0287881154 0.001)
(-0.122266117 0.0635216073 0.001)
(-0.07204008126 -0.1059000265 0.001)
(-0.06559512419 -0.1048707917 0.001)
(-0.06326523884 -0.09877441286 0.001)
(-0.05915139289 -0.1038338916 0.001)
(-0.06148141612 -0.1099294082 0.001)
(-0.05503687351 -0.1088975816 0.001)
(-0.05736678449 -0.1149938001 0.001)
(-0.05092208796 -0.113962936 0.001)
(-0.05325195458 -0.120059432 0.001)
(-0.046807225 -0.1190287746 0.001)
(-0.04913707872 -0.1251253512 0.001)
(-0.04269234148 -0.1240947417 0.001)
(-0.04036249277 -0.1179981337 0.001)
(-0.03624760344 -0.1230641372 0.001)
(-0.03391775459 -0.1169675301 0.001)
(-0.02980286427 -0.1220335397 0.001)
(-0.04859224603 -0.1078662857 0.001)
(-0.02747301524 -0.1159369338 0.001)
(-0.02335812472 -0.1210029446 0.001)
(-0.02568797385 -0.12709955 0.001)
(-0.01924323522 -0.1260689552 0.001)
(-0.01691338777 -0.1199723461 0.001)
(-0.0638115345 -0.1160243298 0.001)
(0.1060859225 -0.08313350581 0.001)
(-0.1054124677 0.1234571059 0.001)
(-0.1095272654 0.1285230817 0.001)
(-0.1118571238 0.1224264798 0.001)
(-0.1159720004 0.1274924857 0.001)
(-0.1071974275 0.1346196914 0.001)
(-0.1503749249 0.05330262527 0.001)
(-0.1620241705 0.02281959839 0.001)
(-0.1659884426 -0.03505467289 0.001)
(-0.1169109926 0.03003375753 0.001)
(-0.1127961021 0.02496774632 0.001)
(0.1542199349 -0.1155021638 0.001)
(0.1518668251 -0.121618206 0.001)
(0.1583142355 -0.1205649775 0.001)
(0.1561155363 -0.1267730449 0.001)
(0.1091067462 -0.1227162556 0.001)
(-0.1159163594 -0.1415151749 0.001)
(-0.118704134 -0.1485901162 0.001)
(-0.1118764365 -0.1467527042 0.001)
(-0.1141292882 -0.1526904846 0.001)
(-0.1076973814 -0.1516863612 0.001)
(-0.1100165364 -0.1577609076 0.001)
(-0.1035696579 -0.1567259016 0.001)
(-0.1012419476 -0.1506337081 0.001)
(-0.09712527466 -0.1556960428 0.001)
(-0.09479548495 -0.1495995599 0.001)
(-0.0906801785 -0.1546647133 0.001)
(-0.09301008703 -0.1607614412 0.001)
(-0.09890995964 -0.1445326909 0.001)
(-0.1595437029 -0.03402407873 0.001)
(-0.005658323659 -0.1696888155 0.001)
(0.1130778007 -0.06484458045 0.001)
(0.08928831868 -0.08034793057 0.001)
(-0.1596943214 0.02891620376 0.001)
(0.06220909433 -0.1187680262 0.001)
(-0.1477436378 -0.06648141116 0.001)
(-0.02910743377 -0.1677145922 0.001)
(-0.03609697692 -0.1860044099 0.001)
(-0.08553333873 0.1438080714 0.001)
(0.1299351283 -0.004910488844 0.001)
(-0.1690137178 0.004529782256 0.001)
(-0.176698419 0.03192092257 0.001)
(-0.1643540196 0.01672299301 0.001)
(0.1478680879 0.08954738771 0.001)
(-0.1684689102 0.02178900422 0.001)
(-0.1006950011 -0.1333700743 0.001)
(-0.184777854 -0.02088723342 0.001)
(0.1276083614 -0.01100827211 0.001)
(0.02765559062 -0.130021205 0.001)
(0.05110409113 -0.1319916164 0.001)
(-0.09246528926 -0.1435022397 0.001)
(0.008320762648 -0.1331091801 0.001)
(-0.002237014661 -0.1290853574 0.001)
(-0.04502219256 -0.1301913394 0.001)
(-0.05146693239 -0.1312219324 0.001)
(-0.02157308298 -0.1321655605 0.001)
(-0.01512834482 -0.1311349627 0.001)
(0.1766723301 0.05408531585 0.001)
(0.1172682412 -0.1663322785 0.001)
(0.1154757923 -0.1742738421 0.001)
(0.106815564 -0.1758982655 0.001)
(0.11162261 -0.1834813545 0.001)
(0.1010836966 -0.1822051411 0.001)
(-0.1156707588 0.001611918973 0.001)
(-0.118000608 -0.004484686404 0.001)
(-0.1244453477 -0.005515280568 0.001)
(-0.1203304571 -0.01058129178 0.001)
(-0.1267751968 -0.01161188594 0.001)
(-0.1226603062 -0.01667789716 0.001)
(-0.1162155665 -0.015647303 0.001)
(-0.1185454156 -0.02174390837 0.001)
(0.1670711534 -0.1134593013 0.001)
(0.0434191336 -0.1046003823 0.001)
(0.149420195 -0.1278090396 0.001)
(0.153768334 -0.1331217827 0.001)
(0.02803109371 -0.113143531 0.001)
(-0.03802958459 -0.1119206579 0.001)
(0.117100777 0.009628888122 0.001)
(0.1852287252 0.06128047774 0.001)
(-0.08196953853 -0.08455646337 0.001)
(-0.090060393 -0.07467247957 0.001)
(-0.09617840293 -0.05828399862 0.001)
(0.1990156157 0.01744386001 0.001)
(0.2066338412 0.01774034929 0.001)
(0.2100735145 0.0263469073 0.001)
(0.1470008612 -0.1341283535 0.001)
(0.1995766365 0.03485187042 0.001)
(-0.1352513114 -0.1446023738 0.001)
(0.002420826889 -0.1168805536 0.001)
(-0.004022983613 -0.1179169559 0.001)
(-0.1121377711 -0.02069913809 0.001)
(-0.1144738028 -0.02679338078 0.001)
(0.07385776461 -0.08828477941 0.001)
(-0.1393642944 -0.1395482917 0.001)
(0.01478786706 -0.1154125238 0.001)
(0.1744619468 -0.09401045561 0.001)
(0.1831166433 -0.09108186755 0.001)
(0.1771469889 -0.08678232915 0.001)
(0.1830749441 -0.08401318554 0.001)
(0.1787097326 -0.08011984657 0.001)
(0.1856277513 -0.07829282793 0.001)
(0.1807295911 -0.07357520497 0.001)
(0.1741748501 -0.07548571589 0.001)
(0.1761596576 -0.06884592099 0.001)
(0.1824795772 -0.06721783846 0.001)
(0.1779036697 -0.06255618391 0.001)
(0.1842221819 -0.0609186919 0.001)
(0.1796451872 -0.05626489319 0.001)
(0.1716535546 -0.06438223687 0.001)
(0.1594523803 -0.08600773886 0.001)
(0.188801399 -0.06556844839 0.001)
(0.1529854658 -0.08707233629 0.001)
(0.1553151536 -0.08097533778 0.001)
(0.1897909397 -0.0847786247 0.001)
(0.1488652853 -0.08201353406 0.001)
(0.1511956579 -0.07591613038 0.001)
(0.1576404848 -0.07488540178 0.001)
(0.1465359891 -0.08810940764 0.001)
(0.1535483692 -0.06996763874 0.001)
(0.1597884211 -0.0687439063 0.001)
(0.1552728627 -0.06391545273 0.001)
(0.1658559928 -0.08426895528 0.001)
(0.0563182251 -0.1025983957 0.001)
(0.1054216089 -0.1926254117 0.001)
(0.09377441253 -0.1962082385 0.001)
(0.08866379103 -0.1868600364 0.001)
(0.08288082238 -0.194564717 0.001)
(0.07608475608 -0.1870438136 0.001)
(0.07255319598 -0.1958988628 0.001)
(0.06829410981 -0.1879409639 0.001)
(0.07065114698 -0.1811767648 0.001)
(0.06465047651 -0.1817475281 0.001)
(0.06136399036 -0.1871565477 0.001)
(0.05843662303 -0.181488652 0.001)
(0.05483504793 -0.1866999208 0.001)
(0.05193434965 -0.1810760486 0.001)
(0.04832570414 -0.1862327261 0.001)
(0.06215711542 -0.1758313038 0.001)
(0.04544371397 -0.1803799424 0.001)
(0.04182062054 -0.1857182651 0.001)
(0.03897683696 -0.1799314558 0.001)
(0.03531941714 -0.1852366676 0.001)
(0.05697629851 -0.193405512 0.001)
(0.04447101375 -0.1912585831 0.001)
(0.03248756671 -0.1793363577 0.001)
(0.02883752966 -0.1844463426 0.001)
(0.03165599396 -0.1905660848 0.001)
(0.02514525395 -0.1900730985 0.001)
(0.08635307275 -0.1664230927 0.001)
(0.04249760712 -0.1737820358 0.001)
(0.006306448665 -0.1847416646 0.001)
(0.02805707921 -0.1960402796 0.001)
(0.02133120524 -0.1955126856 0.001)
(0.02431024898 -0.2014019373 0.001)
(0.03252568945 -0.2024107774 0.001)
(0.01753441049 -0.2011465656 0.001)
(0.02233150841 -0.1839007125 0.001)
(0.02090506547 -0.208568248 0.001)
(0.01135488096 -0.206985709 0.001)
(0.01466837526 -0.1949200574 0.001)
(0.09046796449 -0.1714891029 0.001)
(0.08402322503 -0.1725196986 0.001)
(0.0799083333 -0.1674536883 0.001)
(0.07724650391 -0.205884536 0.001)
(0.06478088408 -0.2056917193 0.001)
(0.103996069 -0.2083748609 0.001)
(0.2169077054 0.01712274887 0.001)
(0.2092122373 0.007716293168 0.001)
(0.2029996734 -0.004644473876 0.001)
(0.2003244639 -0.01108858833 0.001)
(0.1859627273 -0.05462678768 0.001)
(0.1813851903 -0.0499745225 0.001)
(0.1877028427 -0.04833621815 0.001)
(0.1831252215 -0.04368409118 0.001)
(0.1923211403 -0.05314506507 0.001)
(0.1768075668 -0.0453224012 0.001)
(0.1785475809 -0.03903199371 0.001)
(0.1848652328 -0.03739368506 0.001)
(0.1722299272 -0.04067030376 0.001)
(0.1802875897 -0.03274159136 0.001)
(0.1866057672 -0.03110276579 0.001)
(0.1911829718 -0.03575528904 0.001)
(0.170489919 -0.04696070533 0.001)
(0.1929240835 -0.02941145838 0.001)
(0.1820282109 -0.02645058647 0.001)
(0.175710048 -0.02808939771 0.001)
(0.1976255401 -0.03435062924 0.001)
(0.1652573925 -0.04198829674 0.001)
(0.1993823569 -0.02775299108 0.001)
(0.1643167381 -0.04867195659 0.001)
(0.2081503857 -0.01048488524 0.001)
(0.1522061619 -0.04112704916 0.001)
(0.1774500739 -0.02179897852 0.001)
(0.1711323117 -0.02343739547 0.001)
(0.183856632 -0.02004391737 0.001)
(0.2034864325 -0.03311635622 0.001)
(0.2027123583 -0.03990484627 0.001)
(0.1693923118 -0.02972778904 0.001)
(0.1947243825 -0.02305715181 0.001)
(0.1933106533 -0.01210761892 0.001)
(0.1650516019 -0.02484255365 0.001)
(0.1628967954 -0.03074253931 0.001)
(0.2067854208 -0.02508128055 0.001)
(-0.1860836267 0.06990153546 0.001)
(0.2038028927 0.07348218532 0.001)
(0.1958559747 0.0824946991 0.001)
(-0.1308203697 -0.1496602601 0.001)
(-0.1646835638 -0.06342400327 0.001)
(-0.1708540086 -0.06484479241 0.001)
(-0.1794227297 -0.05437508319 0.001)
(-0.1834360657 -0.04922658384 0.001)
(-0.1856537187 -0.05534584925 0.001)
(-0.1816931386 -0.06061064296 0.001)
(-0.1235993031 -0.1141366236 0.001)
(-0.1277141937 -0.1090706124 0.001)
(0.1432083924 0.07735417589 0.001)
(-0.1811908454 -0.04319871858 0.001)
(-0.1874998545 -0.044119065 0.001)
(0.1198300309 0.01627768065 0.001)
(0.1673529194 0.02969901602 0.001)
(0.1714678309 0.02463288193 0.001)
(0.1085619425 -0.1399754777 0.001)
(0.1044470508 -0.1349094675 0.001)
(-0.1350049779 -0.001479863518 0.001)
(0.1219956265 -0.1206548356 0.001)
(0.1293799214 -0.02216573532 0.001)
(-0.1370341273 -0.1334536745 0.001)
(-0.1434785619 -0.1344861769 0.001)
(-0.1448691821 -0.04312550699 0.001)
(0.09800231134 -0.1359400631 0.001)
(0.1338890016 0.05296775224 0.001)
(-0.1607839367 -0.005602240172 0.001)
(0.1192144786 0.06206917712 0.001)
(0.1200605209 -0.04655215528 0.001)
(0.1159456565 -0.04148615543 0.001)
(0.1241754212 -0.05161816882 0.001)
(0.1447501511 -0.07694785984 0.001)
(-0.1918974829 0.02375546434 0.001)
(-0.1983627595 0.02273263878 0.001)
(-0.2025752329 0.02837657948 0.001)
(-0.2054587722 0.02117304522 0.001)
(0.1188203079 -0.01813032743 0.001)
(0.1104398915 0.05494197557 0.001)
(0.1040550438 0.05368739799 0.001)
(0.05343393884 -0.1258950105 0.001)
(0.04054446052 -0.1279562021 0.001)
(-0.04199691268 -0.1697757835 0.001)
(-0.04844123866 -0.1708065372 0.001)
(-0.02801782238 -0.1331961539 0.001)
(-0.01745819145 -0.1372315673 0.001)
(-0.08656541967 -0.1597306984 0.001)
(-0.08423556422 -0.1536340752 0.001)
(-0.08891990335 -0.1658178936 0.001)
(0.1688298424 -0.05320865517 0.001)
(0.1924983725 0.01647102321 0.001)
(0.1627930885 -0.0550924542 0.001)
(0.1937242519 -0.07502502932 0.001)
(0.2003902534 -0.08366389455 0.001)
(0.2046983095 -0.07058075007 0.001)
(-0.1108182595 0.03090199441 0.001)
(0.1135617078 0.01553859075 0.001)
(0.07618761232 -0.0821881735 0.001)
(0.01631412897 -0.2175300872 0.001)
(0.004737604276 -0.2169229695 0.001)
(-0.2086497544 0.06295652673 0.001)
(0.1102416731 -0.02537523437 0.001)
(-0.1130937493 0.00750206306 0.001)
(0.001259105364 -0.2054565483 0.001)
(0.1636102516 -0.07332213198 0.001)
(0.1665117162 -0.01900548838 0.001)
(0.210865087 -0.03769828418 0.001)
(0.2082528405 -0.04818800362 0.001)
(-0.09523607371 -0.1667686965 0.001)
(-0.1960101295 0.08125206214 0.001)
(0.2212696135 0.02956712186 0.001)
(-0.001830756182 -0.1118884869 0.001)
(0.1603734603 -0.1318148481 0.001)
(-0.1904970825 0.05924261559 0.001)
(-0.05702456568 -0.09790100415 0.001)
(-0.06105280719 -0.09292089742 0.001)
(0.1842066853 0.1024067231 0.001)
(0.1766760139 0.1090140057 0.001)
(0.07777474029 -0.1733908854 0.001)
(0.07349630296 -0.1684577158 0.001)
(-0.1069310852 0.02602005411 0.001)
(-0.1101633723 0.002378339886 0.001)
(-0.1934395227 0.06655892357 0.001)
(0.1866813461 0.07932318554 0.001)
(-0.008755232959 -0.2127739558 0.001)
(0.179155688 -0.01504800701 0.001)
(-0.1101600908 -0.01482999431 0.001)
(0.1910184759 0.09426244313 0.001)
(-0.01147450899 -0.2046104641 0.001)
(0.1845352918 -0.1068650896 0.001)
(-0.1058191932 -0.1625650338 0.001)
(0.2213963448 -0.04188794671 0.001)
(0.2179958966 -0.06013598525 0.001)
(0.1602370055 -0.020423621 0.001)
(0.2146847944 -0.07944201358 0.001)
(0.09676459353 -0.1704019062 0.001)
(0.1618806966 -0.01416466971 0.001)
(0.09778004321 -0.0562548518 0.001)
(-0.1158513018 -0.1586905678 0.001)
(0.1938425704 -0.0466729111 0.001)
(0.1588949322 -0.05039179158 0.001)
(-0.008115359001 -0.1130647644 0.001)
(-0.1049481469 -0.01995176659 0.001)
(0.1614445905 -0.0620590083 0.001)
(-0.09158863418 -0.06370254867 0.001)
(0.08173853541 -0.1773072856 0.001)
(0.06990583069 -0.08344425055 0.001)
(0.1127405795 -0.001078478637 0.001)
(0.1864129989 0.07155216991 0.001)
(-0.09138746117 -0.1720527385 0.001)
(-0.1088608232 0.01974774144 0.001)
(0.1784658746 -0.1163945268 0.001)
(0.0284622162 -0.2173092698 0.001)
(0.03796022306 -0.2096854432 0.001)
(0.04188025103 -0.2012464316 0.001)
(0.05161568223 -0.207589895 0.001)
(0.04395007038 -0.2214652664 0.001)
(0.1723067693 -0.08234690947 0.001)
(-0.05402271855 -0.09167677553 0.001)
(0.2103472754 0.03823465416 0.001)
(0.2270677746 0.04362551105 0.001)
(-0.2142703068 0.04076640917 0.001)
(-0.2210051066 0.05746061919 0.001)
(-0.2243546726 0.02480545214 0.001)
(-0.2454478408 0.02306957801 0.001)
(-0.2303818136 0.004544807311 0.001)
(-0.1912225937 -0.02191782758 0.001)
(-0.1935524428 -0.02801443296 0.001)
(-0.1888927446 -0.0158212222 0.001)
(-0.1953374843 -0.01685181637 0.001)
(-0.1930076352 -0.01075521099 0.001)
(-0.1994523749 -0.01178580515 0.001)
(-0.201782224 -0.01788241053 0.001)
(-0.1971409508 -0.005573980016 0.001)
(-0.2040911411 -0.006815241131 0.001)
(-0.2015501808 0.0002208574324 0.001)
(-0.1865628955 -0.009724616825 0.001)
(-0.2086646424 -0.002228963617 0.001)
(-0.2119639759 -0.009513033133 0.001)
(-0.2076215454 0.006707411438 0.001)
(-0.1982753523 0.0075091281 0.001)
(-0.251001452 -0.001571104094 0.001)
(-0.2340596582 -0.01623762014 0.001)
(-0.2304189969 -0.04098006894 0.001)
(0.20097309 0.006373034535 0.001)
(0.09478019252 -0.1764142814 0.001)
(0.02538126235 -0.1023942734 0.001)
(-0.07985592559 -0.06894557974 0.001)
(-0.08171382151 -0.07535163789 0.001)
(-0.07977088262 0.06914770157 0.001)
(-0.08158500351 0.07547679916 0.001)
(-0.0767148214 0.08036253328 0.001)
(-0.08323230854 0.08195753006 0.001)
(-0.07844955743 0.0866769095 0.001)
(-0.08785788211 0.07735014631 0.001)
(-0.08467630974 0.08802414864 0.001)
(-0.08036899714 0.09291185091 0.001)
(-0.0739227748 0.09125177759 0.001)
(-0.07576900662 0.09755460561 0.001)
(-0.06924352445 0.09581057801 0.001)
(-0.07116043199 0.1021794564 0.001)
(-0.06484565954 0.1005181977 0.001)
(-0.06660887981 0.1068301145 0.001)
(-0.06029205843 0.1051691679 0.001)
(-0.06201776999 0.1114676539 0.001)
(-0.05570590835 0.10980851 0.001)
(-0.05742685059 0.1161052899 0.001)
(-0.05111436518 0.1144459302 0.001)
(-0.05287546976 0.1205834579 0.001)
(-0.04652851292 0.1190564521 0.001)
(-0.04888439083 0.1261747152 0.001)
(-0.0420369928 0.1238480058 0.001)
(-0.04364770844 0.1300159473 0.001)
(-0.03735359412 0.1283780607 0.001)
(-0.03905767276 0.1346563941 0.001)
(-0.03563746864 0.1220854831 0.001)
(-0.03102333929 0.1266974416 0.001)
(-0.02930771576 0.1204054576 0.001)
(-0.02471174032 0.1250388812 0.001)
(-0.0264303895 0.1313344428 0.001)
(-0.04512319891 0.1363540505 0.001)
(-0.04073369241 0.1409565593 0.001)
(-0.04647242261 0.1428915398 0.001)
(-0.04249293543 0.1472451103 0.001)
(-0.02299270073 0.118742858 0.001)
(-0.01839897014 0.123378936 0.001)
(-0.04480358035 0.1127823547 0.001)
(-0.06833105031 0.113127298 0.001)
(-0.05914598778 0.1224014285 0.001)
(-0.01667994682 0.117082932 0.001)
(-0.01208680454 0.1217197056 0.001)
(-0.01380592591 0.1280158255 0.001)
(-0.007493741866 0.1263565733 0.001)
(-0.009212876507 0.1326527089 0.001)
(-0.005774604765 0.1200604348 0.001)
(-0.001181553601 0.1246973161 0.001)
(0.0005375829583 0.1184011782 0.001)
(0.005130630869 0.1230380634 0.001)
(0.01830459293 0.1037589204 0.001)
(0.003411493768 0.1293342019 0.001)
(-0.03445543131 0.139291577 0.001)
(-0.03390134875 0.1157692642 0.001)
(0.006860201318 0.1167816154 0.001)
(0.01144455439 0.1213854256 0.001)
(-0.0628137726 0.09405548646 0.001)
(-0.07738746787 0.1037338341 0.001)
(-0.05799029415 0.1367926565 0.001)
(0.01322144178 0.1153089822 0.001)
(0.01776520477 0.1197583785 0.001)
(0.01603785352 0.1260232689 0.001)
(-0.05405562023 0.1035805344 0.001)
(0.01950456097 0.1135391577 0.001)
(0.02407395608 0.1180860647 0.001)
(0.0262277109 0.111995144 0.001)
(0.03045406267 0.1164438416 0.001)
(0.02867380955 0.1227086155 0.001)
(0.03273066273 0.1103041253 0.001)
(0.03680936213 0.1147821328 0.001)
(0.0446960539 0.09562629264 0.001)
(0.03870487062 0.1086533053 0.001)
(0.04307240307 0.1131238761 0.001)
(0.04131568005 0.1193922955 0.001)
(0.04481451965 0.1069464814 0.001)
(0.04934264111 0.1114568607 0.001)
(0.05108595721 0.1052780063 0.001)
(0.05564104343 0.1097947771 0.001)
(0.05391557938 0.1160708966 0.001)
(0.05735788358 0.1034981667 0.001)
(0.06194422126 0.1081149547 0.001)
(0.06366185732 0.1018153878 0.001)
(0.06825353624 0.1064483526 0.001)
(0.1050860051 0.08843083592 0.001)
(0.1074151452 0.0945268671 0.001)
(0.1010559937 0.09356579067 0.001)
(0.1033141594 0.09960417251 0.001)
(0.1097469519 0.1006250641 0.001)
(0.1056323866 0.1056913396 0.001)
(0.09669866975 0.0980258189 0.001)
(0.09777395285 0.08703912414 0.001)
(0.06653417097 0.1127438377 0.001)
(0.06997219516 0.1001509891 0.001)
(0.07456493476 0.1047870172 0.001)
(0.07628390024 0.09849042071 0.001)
(0.07169086493 0.09385356945 0.001)
(0.07800293567 0.09219400499 0.001)
(0.08087690841 0.1031271981 0.001)
(0.07915776468 0.1094233186 0.001)
(0.07343680836 0.08765950919 0.001)
(0.07975346064 0.08601726942 0.001)
(0.08432035155 0.09055465267 0.001)
(0.08604036062 0.08426183081 0.001)
(0.06709770371 0.08921637203 0.001)
(0.08162779678 0.07994323114 0.001)
(0.08778550961 0.07800326171 0.001)
(0.08326757756 0.07301187359 0.001)
(0.08981910821 0.07169580497 0.001)
(0.09393674201 0.07624918613 0.001)
(0.09582100626 0.06998965562 0.001)
(-0.003994146803 0.1139975595 0.001)
(0.05245280421 0.09863391763 0.001)
(-0.02127425534 0.1127300408 0.001)
(-0.05601158826 0.1430122459 0.001)
(-0.05981737226 0.1479582625 0.001)
(-0.05384945752 0.1491688947 0.001)
(-0.0575249991 0.1540663312 0.001)
(-0.05120229109 0.155143084 0.001)
(-0.05514850975 0.1601444445 0.001)
(-0.04869601628 0.1611719687 0.001)
(-0.06156513746 0.1591030752 0.001)
(-0.05922282964 0.1651948027 0.001)
(-0.06559758566 0.1641374391 0.001)
(-0.06300541225 0.17014824 0.001)
(-0.08711424066 0.09436884316 0.001)
(-0.01439683415 0.1104537269 0.001)
(-0.06035735908 0.1295627968 0.001)
(-0.05370155264 0.131418508 0.001)
(0.04127303434 0.1024010427 0.001)
(0.09073822921 0.08874835564 0.001)
(0.08984228619 0.09564227063 0.001)
(0.06844141701 0.08194771912 0.001)
(-0.08614335919 0.07028579041 0.001)
(-0.09059389186 0.0648746142 0.001)
(-0.09254575584 0.07112703632 0.001)
(-0.09686798884 0.0661882389 0.001)
(-0.09478117893 0.05985157546 0.001)
(0.02485148531 0.1019466405 0.001)
(-0.09160782923 0.05253186498 0.001)
(-0.09772289857 0.05223001212 0.001)
(-0.1007408092 0.04536548466 0.001)
(0.1569311388 -0.05726967808 0.001)
(0.15112558 -0.05867486981 0.001)
(-0.09738950027 0.03999118994 0.001)
(-0.1030965404 0.03853914253 0.001)
(0.007019455723 -0.2007436246 0.001)
(-0.07027450866 -0.07860027497 0.001)
(-0.07074996085 -0.08432517248 0.001)
(0.1049800914 -0.01030085154 0.001)
(0.109228562 -0.01459807271 0.001)
(0.1065940836 0.004021076569 0.001)
(0.1125332581 0.005233205138 0.001)
(0.01202701022 -0.1046140768 0.001)
(0.0102109748 -0.110297201 0.001)
(0.01163427401 0.1047903868 0.001)
(0.07030412818 -0.2217105127 0.001)
(-0.2004313885 0.01522180602 0.001)
(0.03684855822 -0.1057096997 0.001)
(0.03924831188 -0.09854301253 0.001)
(0.0464379354 -0.09860202906 0.001)
(0.08155298082 0.06646399814 0.001)
(0.1006731902 0.07527239314 0.001)
(-0.218434383 -0.02723849118 0.001)
(-0.2120827334 -0.04180795318 0.001)
(-0.1881219813 -0.06152686073 0.001)
(-0.1840824279 -0.06656829394 0.001)
(-0.1906119177 -0.06767547074 0.001)
(-0.1861111851 -0.07344290346 0.001)
(-0.1940158361 -0.07420736652 0.001)
(-0.1889989216 -0.08040707591 0.001)
(-0.2214723579 -0.05820969086 0.001)
(-0.1982501217 -0.08263482739 0.001)
(-0.1950331497 -0.06246625301 0.001)
(-0.1814263877 -0.07929304288 0.001)
(-0.1837115387 -0.08625144263 0.001)
(-0.2032072052 -0.07391451369 0.001)
(-0.2100494003 -0.08417776895 0.001)
(-0.1769459964 -0.08466026962 0.001)
(-0.1787270238 -0.0914568919 0.001)
(-0.1748199077 -0.0779965116 0.001)
(-0.1847016914 -0.09333803826 0.001)
(-0.180470969 -0.09945135162 0.001)
(-0.2006234863 -0.09465925546 0.001)
(-0.1789618569 -0.0727825366 0.001)
(-0.2077614142 -0.03187684506 0.001)
(-0.199268007 -0.04316187911 0.001)
(-0.205085686 -0.05251226901 0.001)
(-0.1961996248 -0.05071056454 0.001)
(-0.1727411026 -0.07156971286 0.001)
(0.193013569 -0.1171019339 0.001)
(0.1018951928 0.06839261307 0.001)
(0.09722143954 0.06395460561 0.001)
(-0.09949159222 0.07268507397 0.001)
(-0.0879892311 0.05852297821 0.001)
(-0.07025162437 0.0786257462 0.001)
(-0.1865265956 0.05342518556 0.001)
(0.07204655023 -0.1747251868 0.001)
(0.06676465417 -0.170572548 0.001)
(0.06931178692 -0.1635901237 0.001)
(0.06288759034 -0.1644788092 0.001)
(0.06522492911 -0.1583858951 0.001)
(0.05878486198 -0.1593934543 0.001)
(0.05644141637 -0.1653963179 0.001)
(0.1513685719 -0.1400805299 0.001)
(0.1035801512 0.03670331379 0.001)
(0.09937560318 0.04134882095 0.001)
(-0.1990850874 0.09164077218 0.001)
(-0.1874580576 0.09996680019 0.001)
(0.1075615581 -0.03162220357 0.001)
(0.1429555264 -0.1288500111 0.001)
(0.07235870707 -0.07691598471 0.001)
(-0.08927772786 -0.05759056806 0.001)
(-0.07184030309 0.08482193104 0.001)
(-0.1773366534 -0.0661014385 0.001)
(0.12707827 -0.1548101384 0.001)
(0.1344362411 -0.1537953124 0.001)
(0.1360354921 -0.1468818614 0.001)
(0.1233720898 -0.1616683679 0.001)
(-0.1726139494 -0.09734338787 0.001)
(-0.1742365276 -0.1053548083 0.001)
(-0.1836055817 -0.1085268865 0.001)
(-0.1756164135 -0.1139609286 0.001)
(-0.1681814574 -0.1107344423 0.001)
(-0.1683121826 -0.1185791756 0.001)
(-0.1761973768 -0.1243002971 0.001)
(-0.160996081 -0.1143102893 0.001)
(-0.162002231 -0.1224305605 0.001)
(0.1076028744 0.03151680359 0.001)
(0.1058002676 0.02481418876 0.001)
(-0.09786365438 -0.1727211454 0.001)
(-0.07683154524 -0.08027602494 0.001)
(-0.1796304444 0.07132347174 0.001)
(0.199357107 -0.05131109985 0.001)
(0.1969504152 -0.05746210215 0.001)
(0.05082727596 0.09234372412 0.001)
(0.02331412229 -0.1084760964 0.001)
(0.06750054992 -0.08972241454 0.001)
(0.06117818782 -0.0917031997 0.001)
(0.01830653602 -0.1896709416 0.001)
(0.015994446 -0.1836921949 0.001)
(0.01970975961 -0.1780076104 0.001)
(0.1884453879 0.02160012742 0.001)
(0.1820123671 0.02059741717 0.001)
(0.1679005674 -0.09590127187 0.001)
(0.1830345966 0.05514841268 0.001)
(-0.08911945155 0.08285018403 0.001)
(0.1893035726 -0.007026431418 0.001)
(-0.0821112421 0.09921699323 0.001)
(0.1884664414 -0.02464126991 0.001)
(0.1453999208 -0.1226651561 0.001)
(-0.07289490196 0.1084679395 0.001)
(-0.07975925474 0.1104952196 0.001)
(-0.07433829216 0.1151776777 0.001)
(-0.07005121975 0.1194237956 0.001)
(-0.05858162361 0.09887612692 0.001)
(-0.05686248644 0.09257998831 0.001)
(-0.1412990657 -0.06545075298 0.001)
(-0.1131903046 -0.05523176896 0.001)
(-0.1108604434 -0.04913515379 0.001)
(-0.1046602925 -0.04830322794 0.001)
(-0.1085713582 -0.04307165912 0.001)
(-0.1020858533 -0.04200795323 0.001)
(-0.1062898618 -0.03684281997 0.001)
(-0.1126671308 -0.03796153446 0.001)
(-0.1002512749 -0.03438185937 0.001)
(-0.110564098 -0.03194960267 0.001)
(-0.143628782 -0.0715474091 0.001)
(-0.1155201533 -0.06132837404 0.001)
(-0.06373850847 0.1177643579 0.001)
(-0.06519739049 0.1239738184 0.001)
(-0.1096206858 -0.07755737914 0.001)
(-0.1137352828 -0.07249112948 0.001)
(0.1414233484 0.08851679207 0.001)
(0.1437531961 0.09461339798 0.001)
(0.1373084567 0.09358280234 0.001)
(0.1396383044 0.09967940825 0.001)
(0.1120745334 0.1067198293 0.001)
(0.1079599199 0.1117860656 0.001)
(0.1161896489 0.1016540009 0.001)
(0.1185191563 0.1077503303 0.001)
(0.1244189778 0.09152161104 0.001)
(0.1267488255 0.09761821696 0.001)
(0.1460830439 0.1007100039 0.001)
(0.1419681521 0.1057760142 0.001)
(0.1355234127 0.1047454185 0.001)
(0.1378532604 0.1108420244 0.001)
(0.1007263298 -0.04964395264 0.001)
(0.1034715545 -0.04349408752 0.001)
(0.09980670238 -0.03710116626 0.001)
(0.09384841581 -0.04955405315 0.001)
(0.09221097433 -0.06104299118 0.001)
(0.08822578346 -0.06503618491 0.001)
(0.08754654378 -0.07044694075 0.001)
(0.1063733793 -0.03789121139 0.001)
(0.08230570854 -0.06634603131 0.001)
(-0.1055068657 -0.08262425983 0.001)
(-0.1013919685 -0.08769026567 0.001)
(-0.09316064607 -0.09782103618 0.001)
(-0.121269454 -0.1080400182 0.001)
(-0.1253843445 -0.102974007 0.001)
(-0.1171545634 -0.1131060294 0.001)
(-0.1151718182 0.01885156372 0.001)
(-0.1173051843 -0.0501657489 0.001)
(-0.1149857354 -0.04407282705 0.001)
(-0.1318290842 -0.1040046012 0.001)
(-0.1294992351 -0.09790799578 0.001)
(-0.1359439748 -0.09893858995 0.001)
(-0.1336141257 -0.09284198457 0.001)
(-0.1400588654 -0.09387257873 0.001)
(-0.1377290163 -0.08777597336 0.001)
(-0.1230544954 -0.09687740162 0.001)
(-0.049406535 0.1081602891 0.001)
(-0.04317602282 0.1065814431 0.001)
(-0.04787919283 0.1018701549 0.001)
(-0.13951403 -0.07661336736 0.001)
(-0.1724331823 -0.03608526706 0.001)
(0.1473232842 0.07228816562 0.001)
(-0.1251407738 0.04016577996 0.001)
(-0.1208824777 -0.02783775728 0.001)
(0.0147655021 -0.1320785844 0.001)
(0.01243565439 -0.1381751903 0.001)
(-0.02102813056 -0.1149072619 0.001)
(-0.02509320925 -0.1097709091 0.001)
(0.05234066216 -0.1604013628 0.001)
(0.04995469283 -0.1661426735 0.001)
(0.0531196689 -0.1706388908 0.001)
(0.04588901529 -0.1613808038 0.001)
(0.04356974428 -0.1675406563 0.001)
(0.03945308975 -0.1624641049 0.001)
(0.03723681312 -0.1685705809 0.001)
(0.033028454 -0.163503373 0.001)
(0.03128735687 -0.1694038342 0.001)
(0.02666961236 -0.1645025236 0.001)
(0.02460470721 -0.1715603001 0.001)
(0.02019953751 -0.1657155235 0.001)
(0.02248100556 -0.1594891232 0.001)
(0.04178264367 -0.1563657422 0.001)
(-0.1341589334 -0.1101012065 0.001)
(-0.1321303211 0.02187596383 0.001)
(0.1650230833 0.02360230878 0.001)
(0.1691372514 0.01853568648 0.001)
(-0.05558181913 -0.1261559415 0.001)
(-0.03555217322 -0.1687451879 0.001)
(-0.03322232551 -0.1626485819 0.001)
(-0.09549049519 -0.1039176416 0.001)
(-0.02266269431 -0.1666839966 0.001)
(-0.03274497601 0.1329980637 0.001)
(-0.02814883155 0.1376315422 0.001)
(-0.0298674363 0.1439270937 0.001)
(-0.02355609378 0.1422676127 0.001)
(-0.02531794225 0.148401328 0.001)
(-0.01897035689 0.146877254 0.001)
(-0.02067993878 0.1538309933 0.001)
(-0.03183507453 0.1495270823 0.001)
(-0.01724531957 0.1406036452 0.001)
(-0.01265250724 0.1452397452 0.001)
(-0.01093242607 0.1389472308 0.001)
(-0.006339260337 0.1435845895 0.001)
(-0.008058102356 0.1498818705 0.001)
(-0.004619946283 0.1372891339 0.001)
(-2.684950493e-05 0.1419262121 0.001)
(0.001692325391 0.1356302194 0.001)
(0.006285387296 0.1402671616 0.001)
(0.004547018581 0.1464901392 0.001)
(0.008004533186 0.1339710567 0.001)
(0.01259758445 0.1386079575 0.001)
(0.01431705549 0.1323130892 0.001)
(0.0189098274 0.136948927 0.001)
(0.01748152062 0.143814559 0.001)
(0.02062930609 0.1306540876 0.001)
(0.02522203271 0.1352897531 0.001)
(0.02694343627 0.1289955318 0.001)
(0.03153454501 0.1336306296 0.001)
(0.02994371359 0.1397990575 0.001)
(0.03325599973 0.1273364167 0.001)
(0.03784684736 0.1319714213 0.001)
(0.03957118398 0.1256775586 0.001)
(0.0441595515 0.1303122417 0.001)
(0.04243937424 0.1366078479 0.001)
(0.04588395509 0.1240183837 0.001)
(0.05047192043 0.1286530141 0.001)
(0.0521898332 0.1223563179 0.001)
(0.05678308465 0.1269932966 0.001)
(0.05471193698 0.1331181225 0.001)
(0.05850315328 0.1206988668 0.001)
(0.06309528842 0.1253342666 0.001)
(0.06481456738 0.1190385258 0.001)
(0.06940734778 0.1236748696 0.001)
(0.06788692609 0.129774037 0.001)
(0.07112660267 0.1173790676 0.001)
(0.07571948661 0.1220155585 0.001)
(0.0774386255 0.1157194353 0.001)
(0.0820316366 0.1203562327 0.001)
(0.08031249336 0.1266523566 0.001)
(0.1019124792 0.1107760384 0.001)
(0.1042131876 0.1167397096 0.001)
(0.1103507881 0.1178636681 0.001)
(0.1062460665 0.1229265112 0.001)
(0.09923641375 0.121297128 0.001)
(0.1019892227 0.1279072283 0.001)
(0.08546991301 0.1077639684 0.001)
(0.08651242535 0.124424256 0.001)
(0.085335445 0.1310742297 0.001)
(0.08829652917 0.1185002092 0.001)
(0.09569185888 0.1273141882 0.001)
(0.0837429016 0.1140273275 0.001)
(0.08993119371 0.1123291019 0.001)
(0.09162139203 0.1062908212 0.001)
(0.09416155547 0.1166742039 0.001)
(-0.01552531665 0.1343109497 0.001)
(-0.02183734306 0.1359705445 0.001)
(-0.1291050459 -0.01770849132 0.001)
(0.01751662599 -0.1718153634 0.001)
(0.02641878337 -0.1786523227 0.001)
(-0.1121223588 -0.1635146657 0.001)
(-0.1187889864 -0.1648836953 0.001)
(-0.1235799068 -0.1540840923 0.001)
(0.07403345971 0.1282788356 0.001)
(0.07228115993 0.1346077224 0.001)
(0.13101435 0.02961192428 0.001)
(0.1374590868 0.03064252094 0.001)
(0.1140299996 0.03261635248 0.001)
(0.1157950235 0.02145412703 0.001)
(0.136763653 0.07632358024 0.001)
(0.02235224765 0.1243668347 0.001)
(0.1126767567 -0.1450414583 0.001)
(0.02121080311 -0.1310515003 0.001)
(-0.1030248502 -0.1394666797 0.001)
(0.1392438882 0.01947999751 0.001)
(-0.09836515198 -0.1272734689 0.001)
(-0.1655928858 0.04514430895 0.001)
(-0.1614790997 0.04007871981 0.001)
(-0.1591491396 0.04617528279 0.001)
(-0.141843621 -0.08271007137 0.001)
(-0.09658012208 -0.1384361093 0.001)
(-0.06792629847 -0.1109591102 0.001)
(-0.1007527208 0.1356502981 0.001)
(-0.0943079676 0.1366808871 0.001)
(-0.1048675702 0.1407162936 0.001)
(-0.1113114269 0.1396802179 0.001)
(-0.0004538244059 -0.1402363817 0.001)
(0.062897676 -0.1016697625 0.001)
(-0.1513139218 -0.04415610116 0.001)
(-0.09553997813 0.1651090474 0.001)
(-0.09309673618 0.1712957739 0.001)
(-0.09964149854 0.170185795 0.001)
(-0.1060872737 0.1691344177 0.001)
(-0.09751520936 0.1764475124 0.001)
(-0.09048526115 0.1776351283 0.001)
(-0.09432058074 0.1822534921 0.001)
(-0.08766756561 0.1844231976 0.001)
(-0.09323523676 0.1910475022 0.001)
(-0.1027725948 0.1822719618 0.001)
(-0.08328371688 0.1785105244 0.001)
(-0.08038700131 0.1850915664 0.001)
(-0.07633328139 0.1795586033 0.001)
(-0.07343580399 0.1855838526 0.001)
(-0.06914717223 0.1691283777 0.001)
(-0.06967275175 0.1801622093 0.001)
(-0.1047263561 0.1940588577 0.001)
(-0.09780336072 0.2047489194 0.001)
(-0.08260258034 0.2004968147 0.001)
(-0.08720519044 0.2171553227 0.001)
(-0.06905363416 0.2109747294 0.001)
(-0.06677162586 0.1859824553 0.001)
(-0.06331282059 0.1807526653 0.001)
(-0.06023767411 0.186383031 0.001)
(-0.05687972317 0.1712862754 0.001)
(-0.1064893939 0.2225684961 0.001)
(-0.06383977449 0.1918261412 0.001)
(-0.05819194912 0.1916187007 0.001)
(-0.05680326241 0.1810299769 0.001)
(-0.1158029238 0.187228422 0.001)
(-0.07947835792 0.1732985533 0.001)
(-0.07483906521 0.2305449528 0.001)
(-0.05667390967 0.2246479379 0.001)
(-0.05371884652 0.209598653 0.001)
(-0.04100486924 0.2144127227 0.001)
(-0.04098211077 0.2028477334 0.001)
(-0.02737079081 0.2116328549 0.001)
(-0.02837297036 0.1984363412 0.001)
(-0.02801195952 0.2251077756 0.001)
(-0.01662452405 0.2179375294 0.001)
(-0.0135854253 0.2335869604 0.001)
(-0.002433981612 0.2209881362 0.001)
(-0.001760458413 0.2082122135 0.001)
(0.009522204062 0.2131694633 0.001)
(0.00803254601 0.2002794362 0.001)
(0.01339048605 0.2275705858 0.001)
(0.02379987853 0.2165923663 0.001)
(0.03021607661 0.2330963828 0.001)
(0.0397818539 0.2167499806 0.001)
(0.03546472282 0.2048009408 0.001)
(0.05234664556 0.2076704419 0.001)
(0.04519089137 0.1968855656 0.001)
(-0.02552961764 0.2418346965 0.001)
(0.02316433229 0.2047072218 0.001)
(-0.01487440912 0.20234856 0.001)
(0.01540595015 0.2465779952 0.001)
(0.0565623291 0.2212945864 0.001)
(0.06438824054 0.2071036817 0.001)
(0.03995838348 0.2529068865 0.001)
(-0.05936725879 0.1994583841 0.001)
(0.05752500768 0.2004683648 0.001)
(0.07229257353 0.1993227376 0.001)
(0.06436690501 0.1891750125 0.001)
(0.07820901741 0.2084572996 0.001)
(0.0807490223 0.1973431747 0.001)
(0.09124611244 0.2045601809 0.001)
(0.099712957 0.1930524209 0.001)
(0.08689458489 0.1828887214 0.001)
(0.07531510894 0.1857161172 0.001)
(0.08895943395 0.2265606485 0.001)
(-0.00832269346 0.2540954464 0.001)
(-0.0484513675 0.2005540552 0.001)
(-0.04827973776 0.1904724095 0.001)
(-0.07038961238 0.1975849965 0.001)
(0.1096811493 0.2075687053 0.001)
(0.1112542828 0.1882834399 0.001)
(0.1030837391 0.1793817043 0.001)
(0.1167732948 0.1773851277 0.001)
(0.1085044557 0.1290234063 0.001)
(0.1043809881 0.1340955847 0.001)
(0.110833374 0.1351383536 0.001)
(0.1067191705 0.1402074904 0.001)
(0.1131637952 0.1412375649 0.001)
(0.1172786679 0.1361714678 0.001)
(0.1196086494 0.1422686817 0.001)
(0.1090489991 0.1463040095 0.001)
(0.1026042756 0.1452734862 0.001)
(0.1049341228 0.1513700897 0.001)
(0.09848938702 0.1503395109 0.001)
(0.1113788659 0.1524007022 0.001)
(0.1008192341 0.156436114 0.001)
(0.09437449517 0.1554055207 0.001)
(0.09204464754 0.1493089152 0.001)
(0.08792975582 0.1543749255 0.001)
(0.09025960352 0.1604715314 0.001)
(0.08381486408 0.1594409358 0.001)
(0.08148501636 0.1533443299 0.001)
(0.07737012463 0.1584103402 0.001)
(0.07969997234 0.1645069461 0.001)
(0.07325523289 0.1634763504 0.001)
(0.07092538517 0.1573797445 0.001)
(0.06681049343 0.1624457548 0.001)
(0.06448064571 0.1563491489 0.001)
(0.06036575397 0.1614151591 0.001)
(0.05803590626 0.1553185532 0.001)
(0.05392101452 0.1603845635 0.001)
(0.05625086224 0.1664811694 0.001)
(0.04980612278 0.1654505738 0.001)
(0.04747627506 0.1593539678 0.001)
(0.04336138332 0.1644199781 0.001)
(0.04569123104 0.170516584 0.001)
(0.03924649158 0.1694859884 0.001)
(0.03691664387 0.1633893825 0.001)
(0.03280175213 0.1684553927 0.001)
(0.03513159984 0.1745519986 0.001)
(0.02868686039 0.173521403 0.001)
(0.02635701267 0.1674247971 0.001)
(0.02224212093 0.1724908074 0.001)
(0.01991227321 0.1663942014 0.001)
(0.01579738148 0.1714602117 0.001)
(0.01812722919 0.1775568176 0.001)
(0.01168248974 0.176526222 0.001)
(0.009352642019 0.1704296161 0.001)
(0.00523775028 0.1754956263 0.001)
(0.002907902562 0.1693990204 0.001)
(-0.001206989176 0.1744650307 0.001)
(0.001122858541 0.1805616366 0.001)
(-0.005321880915 0.179531041 0.001)
(-0.007651728633 0.173434435 0.001)
(-0.01176662037 0.1785004453 0.001)
(-0.01409646809 0.1724038394 0.001)
(-0.01821135983 0.1774698497 0.001)
(-0.02054120755 0.1713732437 0.001)
(-0.02465609928 0.176439254 0.001)
(-0.026985947 0.1703426481 0.001)
(-0.03110083874 0.1754086584 0.001)
(0.03101670811 0.1796180089 0.001)
(0.02402716495 0.1613281912 0.001)
(0.06914034115 0.1685423607 0.001)
(0.06215079799 0.150252543 0.001)
(0.01401233745 0.1826228279 0.001)
(0.0175824255 0.1602975955 0.001)
(0.05570605854 0.1492219473 0.001)
(-0.01588151211 0.1835664556 0.001)
(-0.002992033197 0.1856276469 0.001)
(0.03746144756 0.1806486046 0.001)
(-0.009981576351 0.1673378291 0.001)
(-0.03343068646 0.1693120525 0.001)
(-0.0375455782 0.1743780627 0.001)
(-0.03521573048 0.1804746686 0.001)
(0.03334655582 0.1857146148 0.001)
(0.1259360203 0.1844983941 0.001)
(0.1313302237 0.1716180299 0.001)
(-0.04166046994 0.179444073 0.001)
(-0.02931579472 0.1642460422 0.001)
(0.02045707691 0.1836534235 0.001)
(0.01628551166 0.1890738367 0.001)
(0.02277747904 0.1898090966 0.001)
(0.007022794301 0.1643330101 0.001)
(0.0005780548445 0.1633024145 0.001)
(0.003452706259 0.1866582425 0.001)
(-0.0006621854794 0.1917242528 0.001)
(-0.007106924936 0.1906936571 0.001)
(-0.03576052896 0.1632154508 0.001)
(-0.04399031765 0.1733474671 0.001)
(0.0216935739 0.1552549939 0.001)
(0.0281414328 0.1562660823 0.001)
(0.01525257778 0.1542009896 0.001)
(0.05990654292 0.1442254601 0.001)
(0.06627003215 0.1452601726 0.001)
(-0.03921359767 0.1854959574 0.001)
(-0.03286637867 0.186563821 0.001)
(0.1077108611 0.169210134 0.001)
(0.004812963736 0.1579548275 0.001)
(0.05378242032 0.1433695407 0.001)
(0.04932902066 0.1482320516 0.001)
(0.02555880122 0.1506265746 0.001)
(0.0326230136 0.1505663754 0.001)
(0.03970153942 0.1866723058 0.001)
(0.04389122771 0.1816670494 0.001)
(0.1418450922 0.1817872454 0.001)
(0.141858943 0.1645445187 0.001)
(0.1320923624 0.1577083932 0.001)
(0.1467328073 0.1543861047 0.001)
(0.1356896422 0.1467091299 0.001)
(0.1237235188 0.1372025701 0.001)
(0.1213936867 0.1311060347 0.001)
(0.127838428 0.1321366391 0.001)
(0.1255085852 0.1260400552 0.001)
(0.1319533238 0.1270706472 0.001)
(0.1342831714 0.1331672525 0.001)
(0.1383980638 0.1281012452 0.001)
(0.1442979998 0.1118726201 0.001)
(0.1407279116 0.1341978515 0.001)
(0.1448428035 0.1291318418 0.001)
(0.1471726512 0.1352284479 0.001)
(0.151287543 0.1301624377 0.001)
(0.1563355856 0.1381228153 0.001)
(0.1296234768 0.1209740444 0.001)
(0.1231787374 0.1199434492 0.001)
(0.1272936292 0.1148774389 0.001)
(0.1489576953 0.1240658319 0.001)
(0.1554024347 0.1250964275 0.001)
(0.153072587 0.1189998216 0.001)
(0.1595173265 0.1200304173 0.001)
(0.1631341432 0.1264252182 0.001)
(0.1571874788 0.1139338114 0.001)
(0.1636462901 0.114975837 0.001)
(0.1236499351 0.1634309183 0.001)
(0.1401831081 0.1169386303 0.001)
(0.1258892286 0.1431659235 0.001)
(0.1219111371 0.148343062 0.001)
(0.1432926401 0.1393756479 0.001)
(0.03557168837 0.1917261653 0.001)
(0.06383995669 0.1391951201 0.001)
(-0.001649998242 0.15749349 0.001)
(0.1583515289 0.1597743508 0.001)
(0.04616263302 0.1874773185 0.001)
(0.05033619964 0.1826580228 0.001)
(-0.03684671504 0.1914572851 0.001)
(-0.04797445713 0.1779627281 0.001)
(0.05255829364 0.1881849586 0.001)
(0.05662696924 0.1832889294 0.001)
(0.05443524763 0.1775599131 0.001)
(0.06090859747 0.1783897333 0.001)
(0.005712571181 0.1933472483 0.001)
(-0.004722764859 0.1964506255 0.001)
(0.1294824727 0.1495360221 0.001)
(0.01912406737 0.1961929591 0.001)
(-0.03165528266 0.1586354414 0.001)
(-0.0384577535 0.156764503 0.001)
(-0.02508814152 0.1593476079 0.001)
(-0.01112488765 0.1958891686 0.001)
(0.1243727918 0.1554230977 0.001)
(0.04721083943 0.1414696301 0.001)
(0.04281657963 0.147160756 0.001)
(0.1545645106 0.1753776314 0.001)
(0.1805342709 0.1561932857 0.001)
(0.1630752311 0.197001753 0.001)
(0.02593191613 0.1969432576 0.001)
(0.01528364323 0.2022032425 0.001)
(0.1664825081 0.146645764 0.001)
(0.1802399343 0.1357716186 0.001)
(-0.08631232108 0.1724588437 0.001)
(-0.07579205682 0.1679392031 0.001)
(0.03464770303 0.1571884609 0.001)
(0.1299767594 0.1380776832 0.001)
(0.1337383686 0.1159080346 0.001)
(-0.01642631581 0.1663072335 0.001)
(-0.01235671857 0.1615244684 0.001)
(0.03048195157 0.1623420511 0.001)
(-0.05278370617 0.166227546 0.001)
(0.04104168675 0.1583059863 0.001)
(0.0755850806 0.1695729563 0.001)
(0.08202982006 0.170603552 0.001)
(0.07147777322 0.1745915385 0.001)
(-0.03987542295 0.1682814592 0.001)
(0.0855999081 0.1482783196 0.001)
(0.07915516865 0.147247724 0.001)
(0.08972918126 0.1432239907 0.001)
(0.08348507787 0.1423408777 0.001)
(0.07695369587 0.1401161548 0.001)
(0.02934849459 0.1909590641 0.001)
(0.03196001899 0.1972485134 0.001)
(-0.1190955649 -0.03900191097 0.001)
(-0.116814698 -0.03291355088 0.001)
(0.09234644201 0.08257936073 0.001)
(0.04864634903 0.1346946877 0.001)
(-0.1459578614 -0.07764430863 0.001)
(0.1028246183 0.08209323755 0.001)
(0.06859626119 0.1512954119 0.001)
(-0.1645045576 0.07966267907 0.001)
(-0.1621747981 0.08575963035 0.001)
(-0.1662668558 0.09068254685 0.001)
(-0.1598411374 0.09183255363 0.001)
(-0.1647724429 0.09752578369 0.001)
(-0.155729417 0.08678644452 0.001)
(-0.153399461 0.0928824199 0.001)
(-0.1183018487 0.1213958801 0.001)
(-0.1224167358 0.1264618899 0.001)
(-0.1247465853 0.1203652847 0.001)
(-0.1288614753 0.1254312957 0.001)
(-0.1311913244 0.1193346903 0.001)
(-0.1353062148 0.1244007015 0.001)
(-0.1376360817 0.1183042069 0.001)
(-0.1417509575 0.1233701258 0.001)
(-0.1394211059 0.1294667158 0.001)
(-0.1335211734 0.1132380849 0.001)
(-0.1265316261 0.131527901 0.001)
(-0.1440808248 0.1172736343 0.001)
(-0.1481956982 0.1223395383 0.001)
(-0.1206316947 0.1152992735 0.001)
(-0.1505255433 0.1162429078 0.001)
(-0.1546404346 0.1213089232 0.001)
(-0.1523363876 0.1274153896 0.001)
(-0.149285081 0.0878196207 0.001)
(-0.1469552814 0.0939165456 0.001)
(-0.1428405019 0.08885123379 0.001)
(-0.1569949075 0.1151832792 0.001)
(-0.1611854371 0.1204944176 0.001)
(-0.1405106619 0.09494789818 0.001)
(-0.136395809 0.08988212418 0.001)
(-0.1340659677 0.09597877892 0.001)
(-0.1299510847 0.09091281547 0.001)
(-0.1322809351 0.08481621806 0.001)
(-0.1276212382 0.09700943704 0.001)
(-0.1636316301 0.1140947062 0.001)
(-0.1692636583 0.1194066152 0.001)
(-0.1649223124 0.1281271809 0.001)
(-0.1758460818 0.1276116589 0.001)
(-0.146410429 0.1111767275 0.001)
(-0.1593058637 0.1090739908 0.001)
(-0.1258361982 0.08584682974 0.001)
(-0.128166048 0.07975022861 0.001)
(-0.1381805628 0.101044789 0.001)
(-0.1510661297 0.09898126934 0.001)
(-0.1709652888 0.1124864878 0.001)
(-0.1346107878 0.07871963515 0.001)
(-0.130495898 0.0736536292 0.001)
(-0.1451703696 0.08275474498 0.001)
(-0.1528563639 0.1101331415 0.001)
(-0.1487358901 0.1050764369 0.001)
(-0.1422947763 0.1061106102 0.001)
(-0.1217209551 0.08078055844 0.001)
(-0.1193914009 0.08687738772 0.001)
(-0.1369406377 0.07262303451 0.001)
(-0.1328257472 0.06755702409 0.001)
(-0.1263810075 0.06858761838 0.001)
(-0.14105552 0.07768899347 0.001)
(-0.1475002585 0.07665839156 0.001)
(0.09151279233 0.06557376364 0.001)
(0.09294459045 0.05955603726 0.001)
(0.1155513859 -0.1216856219 0.001)
(-0.1310407058 0.05639440776 0.001)
(0.03409982239 -0.1289874329 0.001)
(0.03176999134 -0.1350841446 0.001)
(0.1555530676 0.06215614509 0.001)
(0.06111673693 -0.1532936243 0.001)
(0.06756365808 -0.1522556575 0.001)
(0.09816178263 0.1045591172 0.001)
(0.1526784112 0.038800319 0.001)
(0.1591231541 0.03983091333 0.001)
(0.1614530031 0.04592751874 0.001)
(0.1537680236 0.07331876127 0.001)
(-0.1329763658 0.1304973074 0.001)
(-0.1369464191 0.1355079683 0.001)
(-0.1306223771 0.1365846874 0.001)
(-0.1345884071 0.1415938107 0.001)
(-0.1282838109 0.1426779613 0.001)
(-0.1323972486 0.1477434173 0.001)
(-0.1390264889 0.1459198544 0.001)
(-0.1259280097 0.148809093 0.001)
(-0.1302676309 0.1540170557 0.001)
(-0.1235248785 0.155118978 0.001)
(-0.1287070002 0.1614887202 0.001)
(-0.1372289542 0.1591629066 0.001)
(-0.119483039 0.1498506361 0.001)
(-0.1211129485 0.1620468644 0.001)
(-0.125101009 0.1704211789 0.001)
(-0.1366887287 0.1705860955 0.001)
(-0.1469295224 0.1637959849 0.001)
(-0.117012539 0.1694165165 0.001)
(-0.1283928684 0.1813625425 0.001)
(-0.1218651614 0.1437215222 0.001)
(-0.1241941861 0.1376219623 0.001)
(-0.160239129 0.0116569818 0.001)
(0.1179756365 0.09049215111 0.001)
(0.1220904308 0.08542606169 0.001)
(0.03459979848 -0.111832153 0.001)
(-0.01020215698 0.1156402277 0.001)
(-0.00635236752 -0.1240164628 0.001)
(-0.01871924578 0.1605012707 0.001)
(-0.1355497856 -0.01873908549 0.001)
(-0.02762291482 0.1141900496 0.001)
(-0.03261040543 0.1098332977 0.001)
(0.1108916082 -0.1338788022 0.001)
(-0.1136420073 0.1335881787 0.001)
(0.1539162996 0.01037937955 0.001)
(0.04762001532 0.1177364384 0.001)
(0.1354305078 -0.101334651 0.001)
(0.1380038929 0.04790174213 0.001)
(0.1331935649 0.0986488126 0.001)
(0.1290786732 0.1037148229 0.001)
(-0.008555460555 -0.1929388595 0.001)
(-0.003960352834 -0.1983119712 0.001)
(0.1190638446 0.1250094544 0.001)
(0.1167442527 0.1189097545 0.001)
(0.05857528816 0.1725163552 0.001)
(0.176822963 -0.008854966615 0.001)
(0.04877424341 -0.1380882224 0.001)
(0.131315616 -0.09626864069 0.001)
(0.1377603555 -0.09523804504 0.001)
(0.1203043948 0.09658787214 0.001)
(-0.02232625157 0.1825358599 0.001)
(-0.01999640385 0.1886324658 0.001)
(0.07792377674 0.1756142295 0.001)
(0.08440527165 0.1766440349 0.001)
(0.08849211107 0.1715625667 0.001)
(0.08001526457 0.181628025 0.001)
(0.1413215382 -0.1175694912 0.001)
(0.1126430603 0.1239680441 0.001)
(0.1137664417 -0.1105230438 0.001)
(-0.003328475941 -0.1635922096 0.001)
(-0.1894375523 -0.03308044417 0.001)
(-0.1958968095 -0.03431557901 0.001)
(-0.1918890009 -0.039657378 0.001)
(-0.1107098237 -0.1120754353 0.001)
(-0.1452610334 -0.1233231125 0.001)
(-0.1514867642 -0.1244201819 0.001)
(-0.07031425249 0.1519662769 0.001)
(-0.1308900873 -0.006545874731 0.001)
(-0.08081597435 -0.1130190698 0.001)
(-0.1332199365 -0.01264248011 0.001)
(-0.1245959661 0.05742500193 0.001)
(-0.1287108567 0.06249101307 0.001)
(0.1602127631 0.07434935691 0.001)
(-0.1458701468 0.1284377705 0.001)
(-0.1497746065 0.1339078278 0.001)
(-0.1572113053 0.1323650821 0.001)
(-0.1542695087 0.1397352973 0.001)
(-0.1632096921 0.1386298664 0.001)
(-0.1599519733 0.148987659 0.001)
(-0.171548986 0.1481384783 0.001)
(-0.146043431 0.1416695268 0.001)
(-0.1441734271 -0.08880669319 0.001)
(-0.04447686209 -0.1129353821 0.001)
(-0.04215233058 -0.1070761936 0.001)
(-0.0462697876 -0.1012714188 0.001)
(-0.04112289577 -0.09686254805 0.001)
(0.1484128916 0.1068066098 0.001)
(-0.1082812453 0.1629828854 0.001)
(0.1072817606 0.1573554788 0.001)
(0.1028970348 0.1621813705 0.001)
(0.1132780417 0.1585851691 0.001)
(0.0992178666 -0.1643524679 0.001)
(0.1030710719 -0.169594362 0.001)
(-0.1270764339 0.1142686791 0.001)
(-0.1229615433 0.1092026679 0.001)
(-0.1165168036 0.1102332621 0.001)
(-0.1188466525 0.1041366566 0.001)
(-0.1124019129 0.1051672508 0.001)
(-0.1294061781 0.1081720336 0.001)
(0.07400839754 -0.1512250619 0.001)
(-0.1516150054 0.08172348831 0.001)
(0.02690181637 0.1846840192 0.001)
(-0.1731283266 0.00959568577 0.001)
(-0.07025629968 -0.1170547645 0.001)
(-0.0661414399 -0.1221205832 0.001)
(0.001667662238 0.1978208587 0.001)
(0.01238929753 0.1947975935 0.001)
(0.1037523576 -0.0892286912 0.001)
(0.110197221 -0.0881981429 0.001)
(0.07166526031 -0.09449613703 0.001)
(-0.1385750608 0.02084536966 0.001)
(-0.1550345689 0.04110939381 0.001)
(0.009724353537 0.1276775176 0.001)
(-0.1237499219 -0.05119634142 0.001)
(0.1067768682 -0.12881285 0.001)
(-0.1572138538 -0.02792747335 0.001)
(-0.1530989632 -0.03299348457 0.001)
(0.05937034256 0.09740529583 0.001)
(-0.1580597556 0.08069289417 0.001)
(0.1562479803 0.01647528498 0.001)
(0.1603629159 0.01140925795 0.001)
(0.1626929482 0.01750565168 0.001)
(0.1668081691 0.01243869535 0.001)
(0.1732523427 0.01346832441 0.001)
(0.07579274055 -0.1624118917 0.001)
(0.1002730414 0.1391743424 0.001)
(-0.0673150779 -0.094278088 0.001)
(0.1202111811 -0.1094924482 0.001)
(0.1286844903 0.02351532296 0.001)
(-0.1074962498 0.0551887006 0.001)
(0.008366137826 -0.1785418163 0.001)
(-0.1242947292 -0.06845556306 0.001)
(-0.01391174606 0.1514748607 0.001)
(0.06022545595 0.1144103098 0.001)
(-0.002900716516 0.1309933589 0.001)
(0.02391215617 0.1412698444 0.001)
(-0.03157600887 -0.1108816824 0.001)
(-0.0295909247 -0.1049147591 0.001)
(-0.04254300988 -0.1870269168 0.001)
(-0.03820128224 -0.1919071552 0.001)
(-0.04965529588 -0.1890437415 0.001)
(-0.05310134757 -0.182999591 0.001)
(0.1471191329 -0.05343380784 0.001)
(0.1213007885 -0.07497400398 0.001)
(0.1148560491 -0.07600459962 0.001)
(0.07284593914 0.1110835048 0.001)
(-0.1853146646 -0.03820355283 0.001)
(0.08266377837 -0.08128729222 0.001)
(0.03610749723 0.1380889242 0.001)
(0.0343518333 0.1439008158 0.001)
(0.1506754262 -0.03019467684 0.001)
(-0.007443367623 -0.1585261994 0.001)
(0.08511283243 -0.1380012544 0.001)
(-0.1160650583 -0.07858767502 0.001)
(0.09666233493 0.1614435678 0.001)
(0.09862213602 0.167235529 0.001)
(0.1236306362 -0.06887739806 0.001)
(0.1404771146 -0.008939160363 0.001)
(0.1428053731 -0.002841947148 0.001)
(-0.009773215388 -0.1646228053 0.001)
(0.0698935058 -0.1461590516 0.001)
(0.1713261557 0.08756974114 0.001)
(0.1334945582 -0.02723164814 0.001)
(-0.1532495817 0.02994679793 0.001)
(-0.15061692 -0.08983776381 0.001)
(0.131905355 -0.141877248 0.001)
(0.1481840376 -0.03628019907 0.001)
(0.01069326245 0.1449085321 0.001)
(0.009097272257 0.1516311063 0.001)
(0.1777619374 0.08860376003 0.001)
(0.08798748384 -0.1146454264 0.001)
(0.09031733156 -0.1085488205 0.001)
(0.08154274439 -0.115676022 0.001)
(-0.1210258832 0.03509976875 0.001)
(0.0616404838 0.1325681432 0.001)
(0.1773677667 0.008404255478 0.001)
(-0.1751912699 -0.05961449105 0.001)
(0.06399357004 -0.1299304252 0.001)
(0.1322648739 0.001186156114 0.001)
(-0.1235063508 0.09194344586 0.001)
(0.08275256875 0.0969127206 0.001)
(-0.1649336888 -0.08113020438 0.001)
(0.1565497722 -0.1094054932 0.001)
(0.1144162567 0.1128127485 0.001)
(-0.1142241258 -0.009808422076 0.001)
(-0.111028466 -0.004032227036 0.001)
(-0.1425393329 -0.03702890162 0.001)
(0.1543128273 0.09057798336 0.001)
(-0.09931620984 -0.1616465971 0.001)
(-0.005865089526 0.1623019422 0.001)
(0.07850765025 0.1329479369 0.001)
(-0.1078351669 -0.08871960792 0.001)
(-0.08662295406 0.1092896274 0.001)
(-0.08452002854 0.1155288032 0.001)
(0.06560785676 0.09560150535 0.001)
(-0.1384244424 -0.04209491283 0.001)
(-0.1392704869 0.06652642997 0.001)
(0.1725266871 0.05912634829 0.001)
(0.1336454637 -0.09017203478 0.001)
(0.1807727315 0.04903088478 0.001)
(-0.1537943893 0.01268757596 0.001)
(-0.1312842766 -0.08674537919 0.001)
(0.1514381759 0.06722215536 0.001)
(-0.1536426925 -0.1131761106 0.001)
(-0.0009986281825 -0.1574956037 0.001)
(-0.1013003125 0.1183921383 0.001)
(0.0516024504 0.1542947409 0.001)
(0.09616170406 0.1442444241 0.001)
(0.09384659909 0.1381597552 0.001)
(-0.07848590785 -0.1069238238 0.001)
(-0.1249913575 -0.02277404312 0.001)
(-0.127321407 -0.02887057193 0.001)
(0.09676207102 -0.1075182248 0.001)
(-0.1544898155 0.05836863649 0.001)
(-0.1609343351 0.05733795822 0.001)
(-0.0385774528 -0.129160742 0.001)
(-0.1613884036 -0.1027797021 0.001)
(-0.1053700275 -0.145594903 0.001)
(-0.1683182917 -0.04115127827 0.001)
(-0.1462600343 0.04823661406 0.001)
(0.1747351812 0.06526320848 0.001)
(-0.1566690461 -0.01066825139 0.001)
(0.1154208463 -0.05875301817 0.001)
(-0.129800472 0.0279725692 0.001)
(-0.1362452117 0.02694197504 0.001)
(0.1329431192 -0.04448833452 0.001)
(-0.1423887145 -0.09996918411 0.001)
(0.09334261591 -0.1481332749 0.001)
(0.08718903045 0.1014677766 0.001)
(0.1256592181 0.06309977277 0.001)
(0.1491083282 0.06112554945 0.001)
(0.1792328564 0.07774701988 0.001)
(0.03534119562 -0.1574065347 0.001)
(-0.1568194633 0.05227195419 0.001)
(0.04157384608 0.1755805692 0.001)
(0.1197660581 0.07933390284 0.001)
(0.1644885161 0.006310302911 0.001)
(0.1143113899 -0.09326387696 0.001)
(0.1163431639 0.038713284 0.001)
(-0.02033284659 -0.1605873906 0.001)
(0.02457196865 0.1785874133 0.001)
(0.1351291863 0.02454593519 0.001)
(-0.08965001983 0.148872811 0.001)
(0.1615278627 -0.07967262458 0.001)
(-0.09019507607 0.1316156398 0.001)
(-0.1603896093 0.07459696372 0.001)
(0.03501334968 0.1210568101 0.001)
(0.08223806418 -0.161361118 0.001)
(0.1550082626 0.04489692352 0.001)
(-0.1783331143 -0.01985663925 0.001)
(0.1802422559 0.03176023083 0.001)
(0.1415738798 0.02557654841 0.001)
(0.1506520966 -0.09317436986 0.001)
(-0.1082899214 0.1001022994 0.001)
(0.0704383095 -0.1288998295 0.001)
(0.07276815721 -0.1228032236 0.001)
(-0.1507691141 -0.02689687919 0.001)
(-0.1648988273 -0.0005362289579 0.001)
(-0.1130396728 -0.1181720406 0.001)
(0.1026620017 -0.1237468493 0.001)
(0.01346753376 0.1653636058 0.001)
(-0.1791791589 0.08876470377 0.001)
(-0.1760428429 0.09452965781 0.001)
(-0.1783608383 0.1067012168 0.001)
(-0.1885802976 0.1128955589 0.001)
(-0.1721466197 0.100563773 0.001)
(0.1252672858 -0.01710058721 0.001)
(0.08614763706 0.1655256115 0.001)
(-0.1305893347 -0.1324234117 0.001)
(-0.09603530286 -0.1211768635 0.001)
(-0.154339197 -0.004571646008 0.001)
(0.07921289667 -0.121772628 0.001)
(0.07509849206 -0.1167068038 0.001)
(0.1297741098 0.0580337625 0.001)
(-0.1387256539 0.0837854916 0.001)
(0.05467417917 -0.1543168488 0.001)
(-0.09960538576 -0.09885163034 0.001)
(-0.09197842999 0.1427772305 0.001)
(-0.1391198685 0.003586147696 0.001)
(0.1589725228 0.1027711952 0.001)
(0.08674724352 -0.08622358812 0.001)
(-0.1396646762 -0.01367307427 0.001)
(0.04802107876 0.1766131899 0.001)
(0.1243259731 -0.1145584203 0.001)
(0.09567246362 -0.142036669 0.001)
(-0.1661390021 0.02788558707 0.001)
(-0.08141844816 0.1387420602 0.001)
(-0.007988171377 -0.1757854214 0.001)
(0.0938874196 -0.1308740528 0.001)
(0.09251718693 0.166483925 0.001)
(0.1390935007 0.08242018616 0.001)
(0.07167080025 -0.1573599503 0.001)
(0.12263408 0.102684346 0.001)
(-0.1194844125 -0.1192026348 0.001)
(-0.02677758604 -0.1616179863 0.001)
(-0.1315855135 0.0391351858 0.001)
(0.1183624156 -0.03532259087 0.001)
(-0.1725836866 0.0268549718 0.001)
(0.09264717928 -0.1024522146 0.001)
(0.08620243982 -0.1034828102 0.001)
(-0.09842288074 0.1417468465 0.001)
(0.004175755661 -0.1907202986 0.001)
(-0.1854700648 0.02479263618 0.001)
(-0.1976673334 -0.02294842174 0.001)
(-0.200528462 -0.02974133877 0.001)
(-0.02011823133 0.1296749713 0.001)
(-0.06621285989 0.1469117382 0.001)
(-0.08835043115 -0.1485682674 0.001)
(0.1609081832 0.02866832548 0.001)
(0.1471074678 -0.07102288101 0.001)
(-0.1135848188 -0.1354291471 0.001)
(0.1138605432 0.09555799763 0.001)
(-0.1718883746 -0.01882604509 0.001)
(-0.003536571046 0.1683734453 0.001)
(-0.161873552 -0.04012068411 0.001)
(0.1606379892 -0.1144676063 0.001)
(0.1196646656 -0.1267510161 0.001)
(0.07504039753 0.1523157798 0.001)
(-0.03213271294 -0.1281301451 0.001)
(-0.1326751288 0.00461674186 0.001)
(-0.1285602382 -0.0004492693541 0.001)
(0.05000026001 -0.1037202278 0.001)
(0.007567597998 0.1815922322 0.001)
(-0.107743635 0.1173610033 0.001)
(-0.01443291083 -0.1768160171 0.001)
(0.113221267 -0.1277821241 0.001)
(-0.1808111407 0.03698829559 0.001)
(0.1078667985 -0.09429452916 0.001)
(-0.01621795485 -0.1656534009 0.001)
(0.1150061014 -0.1389446602 0.001)
(-0.143065472 0.1348811728 0.001)
(-0.141148294 -0.1283902239 0.001)
(0.1003321532 -0.1298434549 0.001)
(-0.09727659815 -0.09275588718 0.001)
(-0.1642034012 -0.04621728948 0.001)
(0.1263413185 0.01740031487 0.001)
(-0.1274706229 0.03406917458 0.001)
(0.09794692568 0.1331167986 0.001)
(-0.1801181558 -0.008694022662 0.001)
(0.1208508009 0.1138462902 0.001)
(0.1249641434 0.1087807762 0.001)
(-0.1141871949 0.1163299592 0.001)
(0.1542742111 -0.03511138144 0.001)
(0.1586541509 -0.03991561798 0.001)
(0.09155757189 -0.1369706588 0.001)
(0.1580354888 0.005291211282 0.001)
(-0.1638089589 0.03398211827 0.001)
(0.06344840273 -0.1471908758 0.001)
(-0.1347037772 -0.1273601167 0.001)
(-0.1576445702 0.0980431172 0.001)
(0.08387259211 -0.1095794161 0.001)
(0.1282867824 -0.05668282988 0.001)
(-0.08786543586 0.1377122615 0.001)
(-0.1174381831 0.01274295086 0.001)
(-0.1114054572 -0.06639454318 0.001)
(-0.02965223746 -0.1849738143 0.001)
(0.1007061379 0.04756617633 0.001)
(0.1125270893 -0.08210154488 0.001)
(-0.03194449478 -0.1910381101 0.001)
(-0.03415669884 -0.1970433232 0.001)
(-0.1489840726 -0.03805949578 0.001)
(0.1655678948 0.04086150849 0.001)
(0.1386993299 0.002220681603 0.001)
(-0.1005773432 -0.05345762877 0.001)
(-0.02876774034 0.181504022 0.001)
(0.1222261881 0.0224648464 0.001)
(0.01120592789 0.1589635225 0.001)
(0.1103161085 -0.1511262937 0.001)
(-0.07258618349 -0.1231511526 0.001)
(0.1360682163 0.1220046404 0.001)
(0.1149528482 0.1300694602 0.001)
(0.1107603656 -0.07094592988 0.001)
(0.03906201564 0.1523350189 0.001)
(-0.1094695899 -0.1404972738 0.001)
(-0.1189396048 -0.1019434128 0.001)
(0.1408785447 0.07125756998 0.001)
(0.07742842096 -0.110610229 0.001)
(-0.07797558317 -0.09025631098 0.001)
(0.1166411755 -0.0871672473 0.001)
(-0.1527046691 0.0472059798 0.001)
(0.009903337013 0.1880153302 0.001)
(-0.1454139506 -0.0603847439 0.001)
(0.1178812004 -0.1155890032 0.001)
(-0.1389692379 -0.05935413942 0.001)
(-0.009436772654 0.1845970512 0.001)
(0.1315591537 0.0468711464 0.001)
(0.1084259343 -0.07704078417 0.001)
(-0.1100732679 0.1112643155 0.001)
(0.1358242215 -0.02113497174 0.001)
(0.002465701381 0.1121932945 0.001)
(-0.002494507347 0.1068305112 0.001)
(-0.06791581121 0.1580364408 0.001)
(-0.06386927053 0.1529964592 0.001)
(0.1418752472 -0.1003040553 0.001)
(0.1306100465 -0.05058370799 0.001)
(-0.05969669151 -0.1210900435 0.001)
(0.1154891754 0.1473308864 0.001)
(-0.0743709409 -0.1119903126 0.001)
(-0.02643735084 0.1876004209 0.001)
(-0.02413512735 0.1936435437 0.001)
(0.01362754279 -0.1666233166 0.001)
(-0.1877555557 0.01871426828 0.001)
(-0.1178500569 -0.06742502362 0.001)
(-0.1124699295 0.04224857354 0.001)
(-0.1129396759 0.08790424318 0.001)
(0.1218483298 -0.05771582807 0.001)
(-0.1831396737 0.03088974182 0.001)
(-0.11706041 0.09297338947 0.001)
(-0.0214248188 -0.1950910467 0.001)
(0.1274442621 0.05193715661 0.001)
(0.1632380397 0.03476492857 0.001)
(0.1424200509 -0.08304483322 0.001)
(-0.1584540876 0.0004943652056 0.001)
(0.1501979356 0.09564399363 0.001)
(-0.1475559472 -0.1294316881 0.001)
(-0.1541870744 -0.1304978679 0.001)
(-0.1148376851 0.0359757782 0.001)
(-0.04023303339 0.1174448486 0.001)
(0.01601301327 -0.1605235982 0.001)
(0.1400903776 -0.08914119982 0.001)
(-0.05077094413 -0.1769031974 0.001)
(-0.1747602105 -0.0421795811 0.001)
(-0.1605407097 -0.06850481447 0.001)
(-0.03089247772 -0.1565519759 0.001)
(0.1726960118 -0.01766604759 0.001)
(-0.1152643314 0.08180452412 0.001)
(-0.02783476638 -0.1961122396 0.001)
(-0.02966984622 -0.2034844404 0.001)
(-0.09013538431 -0.1374055191 0.001)
(-0.102537086 0.1468134058 0.001)
(0.09185353149 0.1323585803 0.001)
(0.06502548314 0.1735427883 0.001)
(0.06735529713 0.1797049769 0.001)
(-0.1625689781 0.005560376419 0.001)
(-0.04646470226 0.1846568846 0.001)
(-0.1824480049 -0.01479062804 0.001)
(-0.09192041228 -0.1262428747 0.001)
(-0.03619724985 0.1455263427 0.001)
(-0.1942478689 0.01766662757 0.001)
(-0.01766655613 0.1947290718 0.001)
(-0.02178144787 0.199795082 0.001)
(0.05212997177 0.1715229642 0.001)
(0.05987877302 -0.1248644511 0.001)
(-0.1059659528 0.1062011767 0.001)
(-0.02287105526 0.1652766378 0.001)
(-0.00184754178 0.1478360121 0.001)
(-0.05294488435 -0.1029103797 0.001)
(0.06269536793 0.1675062551 0.001)
(0.1383052012 -0.07797876171 0.001)
(-0.09398398795 -0.06972168468 0.001)
(0.1406396762 -0.07191068886 0.001)
(0.1340413532 -0.009973187018 0.001)
(-0.1707984305 0.0156922732 0.001)
(-0.1583034691 -0.06244591729 0.001)
(-0.1509197235 0.03604339985 0.001)
(-0.1790281356 0.02582430053 0.001)
(-0.09425026353 -0.1323394845 0.001)
(0.07271042919 0.1462171283 0.001)
(0.1317122523 -0.01607007834 0.001)
(-0.1089807522 0.145781799 0.001)
(0.04522133802 0.1532804202 0.001)
(0.1363700162 -0.003876128375 0.001)
(-0.174912898 0.02075812837 0.001)
(-0.1573644471 0.03501279954 0.001)
(-0.1177535999 0.1386482014 0.001)
(-0.1240507455 0.07468390961 0.001)
(-0.01353550955 0.189684645 0.001)
(-0.1554288123 -0.03909008994 0.001)
(-0.1842212099 -0.003632534815 0.001)
(0.1168846309 0.05597257121 0.001)
(0.0947881039 0.1722426139 0.001)
(0.1178236054 0.1534312979 0.001)
(0.1233293704 0.05700316686 0.001)
(0.1442056754 -0.09420675622 0.001)
(-0.1200850259 0.1325567699 0.001)
(0.1167555798 -0.1500936848 0.001)
(0.1203860657 -0.155446372 0.001)
(-0.178873298 -0.03712270423 0.001)
(0.1195206656 -0.06381326843 0.001)
(0.117191051 -0.0699099634 0.001)
(-0.1518586156 -0.06141536662 0.001)
(0.1314085812 0.1098114193 0.001)
(0.1177392403 -0.05265203514 0.001)
(-0.190677786 -0.004658605612 0.001)
(-0.01210306311 -0.1707194112 0.001)
(0.1525277833 0.1017405995 0.001)
(0.06865449682 -0.1177376839 0.001)
(-0.030540067 0.1924797216 0.001)
(-0.1199373466 0.06961846605 0.001)
(-0.1666838422 0.01062637751 0.001)
(-0.038548269 0.1111806357 0.001)
(0.1136453958 -0.04771271211 0.001)
(0.06632373349 -0.1238339399 0.001)
(0.1126540328 0.06107629918 0.001)
(-0.1147320278 0.09907070184 0.001)
(0.121353712 -0.0119001622 0.001)
(0.05576391323 -0.119798453 0.001)
(-0.05791167163 -0.1322525253 0.001)
(0.1061032567 0.0594962798 0.001)
(-0.08190562751 -0.1475375329 0.001)
(-0.07779071504 -0.1526034984 0.001)
(-0.04611173517 -0.1647097987 0.001)
(-0.05255654388 -0.1657403689 0.001)
(-0.1211763452 0.09803994888 0.001)
(-0.0836906333 -0.1363749016 0.001)
(-0.1252913482 0.1031060354 0.001)
(-0.1317359481 0.1020753855 0.001)
(0.04931906138 -0.1208290057 0.001)
(0.0294400448 -0.1411801328 0.001)
(-0.1947049047 0.0007441030622 0.001)
(0.04698920226 -0.1269256073 0.001)
(-0.08602051765 -0.1424715614 0.001)
(0.154857631 0.1078372055 0.001)
(0.04465935225 -0.1330222123 0.001)
(0.1425129557 0.1230352359 0.001)
(0.03821464916 -0.1340530373 0.001)
(0.01010580668 -0.1442717962 0.001)
(0.03588479371 -0.140149596 0.001)
(0.1466278475 0.1179692259 0.001)
(0.1507427393 0.1129032157 0.001)
(0.005990914957 -0.139205786 0.001)
(0.02532519011 -0.1361143543 0.001)
(0.0188804969 -0.1371452391 0.001)
(-0.0045684061 -0.1351723036 0.001)
(0.0165505633 -0.143241308 0.001)
(0.001877309016 -0.1341478149 0.001)
(-0.03733721652 -0.1575825699 0.001)
(-0.06847130041 -0.1282171153 0.001)
(-0.06202655556 -0.1271865534 0.001)
(-0.03966705297 -0.1636791807 0.001)
(-0.043237153 -0.1413539452 0.001)
(-0.07546084999 -0.1465069196 0.001)
(-0.06024151387 -0.1383491084 0.001)
(-0.05022667167 -0.1596437364 0.001)
(0.173969957 -0.03437988089 0.001)
(0.1676930689 -0.03568419544 0.001)
(-0.05612661128 -0.1434150883 0.001)
(-0.008683014005 -0.1301080691 0.001)
(-0.05379677767 -0.1373185221 0.001)
(-0.07134575118 -0.1515725614 0.001)
(-0.0473520444 -0.1362879371 0.001)
(0.1894132266 -0.04204161038 0.001)
(-0.0344625625 -0.1342267484 0.001)
(-0.01046435651 -0.1189807707 0.001)
(-0.04090730295 -0.1352573439 0.001)
(-0.01454853999 -0.1141543827 0.001)
(-0.03034767162 -0.1392927573 0.001)
(-0.02390293206 -0.1382621631 0.001)
(-0.0197880407 -0.1433281712 0.001)
(-0.01334329955 -0.1422975748 0.001)
(-0.01101330324 -0.1362019092 0.001)
(-0.01279745097 -0.1250469278 0.001)
(0.1750811042 -0.05160549977 0.001)
(-0.05667126584 -0.1606733857 0.001)
(0.1957605208 -0.04040746773 0.001)
(0.03813928241 -0.1908622403 0.001)
(0.03555605587 -0.1961720078 0.001)
(-0.04512921825 0.1562311217 0.001)
(-0.04237317891 0.1621525651 0.001)
(-0.04635894444 0.1672496506 0.001)
(-0.05038738004 0.172020987 0.001)
(-0.08245050769 -0.1647966936 0.001)
(-0.0571568103 -0.1777957711 0.001)
(0.1907236337 -0.05954195669 0.001)
(-0.07367212682 -0.1576650663 0.001)
(-0.08011681468 -0.158696196 0.001)
(-0.1358503936 0.1071412392 0.001)
(-0.1399656131 0.1122074172 0.001)
(-0.1446238837 0.1000129249 0.001)
(0.1796841067 0.01450387331 0.001)
(0.1613047158 0.1088697061 0.001)
(0.1681779454 0.1095928847 0.001)
(0.1712325333 0.1165460124 0.001)
(0.1804936145 0.1200014547 0.001)
(0.1713675747 0.1257397006 0.001)
(0.173409503 -0.05787211806 0.001)
(-0.05900140894 -0.1667565402 0.001)
(-0.05487764642 -0.1717991972 0.001)
(0.1779096685 0.02566421267 0.001)
(0.2108239833 -0.00236954004 0.001)
(0.2188476943 -0.0097361995 0.001)
(0.2221703506 0.001501767996 0.001)
(-0.0186975489 -0.1088152834 0.001)
(0.1755775695 0.01956599341 0.001)
(-0.05340018712 0.18729336 0.001)
(0.1569306747 -0.02920090591 0.001)
(-0.01670044592 -0.2001367754 0.001)
(0.1871338024 -0.07163900899 0.001)
(0.1208594009 -0.1934253418 0.001)
(0.1118903884 -0.2357067086 0.001)
(-0.09532821572 0.08462862694 0.001)
(-0.1754905653 0.06637011714 0.001)
(-0.1552058119 0.1040504165 0.001)
(-0.1616260539 0.1029945432 0.001)
(-0.1154105768 0.1447588859 0.001)
(-0.1130452977 0.1508419645 0.001)
(0.08797486342 -0.219521536 0.001)
(-0.1371338256 -0.1514658471 0.001)
(0.08772742684 -0.1786512873 0.001)
(0.169833885 -0.07066920379 0.001)
(0.186109868 0.0155175117 0.001)
(0.1857573892 -0.01375535925 0.001)
(0.1906263743 -0.01826830943 0.001)
(0.1368472047 0.1402743486 0.001)
(0.1901987122 0.01041142826 0.001)
(-0.01551001037 0.1041935877 0.001)
(0.1118011753 0.02639169488 0.001)
(0.1097879502 0.02013103484 0.001)
(-0.1107072852 0.01347557422 0.001)
(-0.05139747102 0.1380784145 0.001)
(-0.1801579806 0.05421513112 0.001)
(0.05082083482 -0.1991114792 0.001)
(0.08772991372 0.137352626 0.001)
(-0.03781310012 -0.2038910877 0.001)
(-0.03587230839 -0.1060442902 0.001)
(-0.08733182699 -0.1775398502 0.001)
(-0.08913425633 -0.1850658559 0.001)
(-0.008667820356 0.1560157279 0.001)
(-0.001548277845 -0.1056554403 0.001)
(-0.07830675103 -0.1697863903 0.001)
(0.2116655707 0.08441912163 0.001)
(-0.07565587217 0.1220054426 0.001)
(0.13656371 -0.1297659576 0.001)
(-0.1170461608 0.1561024476 0.001)
(-0.05902430702 0.2480856867 0.001)
(-0.05804622877 0.2867692633 0.001)
(0.01952057077 0.1498794994 0.001)
(-0.1980355667 0.0395173862 0.001)
(-0.2048102891 0.03569298944 0.001)
(0.10386471 0.01803780195 0.001)
(0.06217715997 0.08517564326 0.001)
(-0.06068525904 0.08728738431 0.001)
(-0.08492854281 -0.1708366689 0.001)
(-0.02267358508 -0.2023990788 0.001)
(-0.1655911614 0.1080007678 0.001)
(0.03004221106 -0.1070716186 0.001)
(0.05028224975 -0.1922098495 0.001)
(-0.1580591754 0.1259421987 0.001)
(0.1975630715 -0.01717230679 0.001)
(0.05437983619 -0.2398731007 0.001)
(-0.04179728612 0.1005777025 0.001)
(-0.1448946162 0.1848544292 0.001)
(0.231740976 0.01751704123 0.001)
(-0.2774987863 -0.01601641663 0.001)
(-0.0862525607 -0.07984073117 0.001)
(-0.1033784547 0.1744986757 0.001)
(-0.1994989698 0.1057442989 0.001)
(-0.1990573987 0.1203453225 0.001)
(0.178871334 0.06021625439 0.001)
(-0.1081991412 -0.02601502132 0.001)
(-0.0861540908 -0.06968923954 0.001)
(0.009073377237 0.1107935926 0.001)
(0.01125566688 -0.1888030068 0.001)
(0.2043229078 -0.01722226541 0.001)
(0.1965056663 0.01133533445 0.001)
(0.009807256147 -0.2295589656 0.001)
(0.00225866618 -0.1970035718 0.001)
(-0.09358250768 -0.05187602804 0.001)
(0.06377929932 -0.1950960017 0.001)
(0.04932085858 -0.1755216683 0.001)
(0.2433752215 -0.04783759206 0.001)
(-0.02625802432 0.1076405161 0.001)
(-0.02834952567 0.1011658207 0.001)
(-0.206686982 -0.02439077591 0.001)
(-0.1499230695 -0.1355182222 0.001)
(-0.1559057481 -0.1378143979 0.001)
(-0.1620594862 -0.131378094 0.001)
(0.1815950997 0.06701892954 0.001)
(0.1404549653 -0.134874458 0.001)
(0.1443435626 -0.1402350933 0.001)
(0.09944065015 0.0580819588 0.001)
(-0.1452123382 -0.1401253988 0.001)
(-0.1032561756 0.0667373142 0.001)
(-0.1061400992 0.007086920931 0.001)
(0.1718620017 0.1048323865 0.001)
(0.07009064785 0.1402823759 0.001)
(0.07733035094 0.07130946142 0.001)
(-0.1921000387 0.006716242519 0.001)
(0.1928399197 -0.09738528639 0.001)
(-0.1620470421 0.1625324057 0.001)
(-0.1832020742 0.1629981409 0.001)
(-0.2002328911 0.1420537233 0.001)
(-0.2360990642 0.1402836767 0.001)
(-0.07171972036 0.1629835182 0.001)
(-0.07839704702 0.1620013172 0.001)
(-0.07032275536 0.1904660481 0.001)
(0.1954937921 0.03993679715 0.001)
(-0.06356011102 -0.1786972813 0.001)
(-0.06728289717 0.129714062 0.001)
(0.1650001196 -0.1196410983 0.001)
(0.00183665526 0.1523530592 0.001)
(-0.1676817728 -0.1037579043 0.001)
(0.1706601381 -0.0888484281 0.001)
(-0.1248587352 -0.1476633954 0.001)
(-0.06705970538 0.08928151678 0.001)
(0.1672903238 -0.05961139154 0.001)
(-0.05950614598 -0.08684926449 0.001)
(0.07350662439 0.1806001156 0.001)
(-0.1724843517 -0.09020382537 0.001)
(0.1551813425 -0.01725869213 0.001)
(-0.1667785422 -0.06978160132 0.001)
(0.1109628522 -0.007858686022 0.001)
(-0.07702288115 0.1916309349 0.001)
(-0.1107767161 0.1752273399 0.001)
(0.204209609 0.09680195431 0.001)
(-0.1557369656 -0.1195917877 0.001)
(-0.1317751455 -0.1565366501 0.001)
(-0.05931025485 -0.183640699 0.001)
(-0.06120766891 -0.1906139389 0.001)
(-0.07257551464 0.174470551 0.001)
(0.05949214839 -0.1706122299 0.001)
(-0.1366309433 0.1518220555 0.001)
(-0.1442343941 0.1522670433 0.001)
(-0.01510634751 -0.1039385253 0.001)
(-0.0372941371 0.1053848674 0.001)
(0.1122751943 -0.03605915505 0.001)
(-0.1624761606 -0.1443486268 0.001)
(-0.1814982553 0.0652160054 0.001)
(0.03580424847 -0.1743972337 0.001)
(-0.1838384242 0.05910866345 0.001)
(0.2047105673 0.001423307886 0.001)
(-0.05262665193 0.09715903235 0.001)
(-0.1838474702 -0.1181323438 0.001)
(-0.1884651048 -0.1314399619 0.001)
(0.1814380142 0.0829921896 0.001)
(0.01926844834 0.2729162171 0.001)
(0.05893813393 -0.09731047257 0.001)
(0.07541739645 0.08169311425 0.001)
(-0.1416932884 -0.1456502446 0.001)
(-0.1600961943 0.2034457813 0.001)
(0.1948599873 0.1060637766 0.001)
(0.1096607963 -0.04300925818 0.001)
(0.05800465842 0.1384764694 0.001)
(0.09522182634 0.092604272 0.001)
(0.0653807002 -0.09583190089 0.001)
(0.05604700992 -0.08867330245 0.001)
(0.1634343089 -0.1264633494 0.001)
(-0.0925252865 0.09736299706 0.001)
(-0.03765848583 0.1508491006 0.001)
(0.112980257 -0.01927082832 0.001)
(-0.1043868946 -0.01307252725 0.001)
(-0.04388759353 -0.1936383847 0.001)
(-0.1016073483 0.0569673007 0.001)
(0.1379207302 -0.1407146289 0.001)
(0.04686447386 0.1017771481 0.001)
(0.03869995219 0.1976339382 0.001)
(-0.04757872 0.1497924383 0.001)
(-0.1703887468 0.09459475983 0.001)
(-0.03521609848 0.1975089401 0.001)
(-0.04274336668 0.1903383602 0.001)
(0.05265904039 -0.09818236376 0.001)
(-0.06636478879 0.1750435693 0.001)
(0.09577824797 0.1108398875 0.001)
(-0.102928086 0.0211857526 0.001)
(-0.1143196221 0.162546793 0.001)
(0.1082861478 0.1636083641 0.001)
(0.1149762233 0.1670814828 0.001)
(0.1414001847 -0.161229043 0.001)
(-0.2454715674 -0.05695677818 0.001)
(-0.2320723145 -0.0785141185 0.001)
(0.1583953469 0.1309751218 0.001)
(0.166556095 0.1342827948 0.001)
(0.1538000415 0.1478012037 0.001)
(0.1657795736 0.1207434371 0.001)
(-0.08418305304 0.1905380032 0.001)
(0.171506473 -0.1242740781 0.001)
(0.1445287434 -0.05939629027 0.001)
(0.2036915282 0.02978586016 0.001)
(-0.08287363382 -0.1811847411 0.001)
(-0.2786563802 0.01795184224 0.001)
(0.1565487582 -0.01163178536 0.001)
(0.02130605673 -0.1142042194 0.001)
(0.1260406984 -0.1711050398 0.001)
(-0.1895436714 -0.1000654418 0.001)
(0.2182164049 -0.02844824768 0.001)
(0.008432188746 -0.1160729619 0.001)
(0.06567306437 -0.2667123486 0.001)
(-0.1920338039 -0.05614386692 0.001)
(0.149502499 0.141325054 0.001)
(0.2024680901 0.01212177429 0.001)
(0.01753132749 0.2091116651 0.001)
(0.0912344251 0.1772629861 0.001)
(0.09562807489 0.1838503022 0.001)
(0.01968548213 0.3131509518 0.001)
(0.1490913129 -0.06479379061 0.001)
(-0.1468581629 -0.15440363 0.001)
(0.01672110747 -0.1094606222 0.001)
(0.0855165967 -0.07588410221 0.001)
(-0.09652799132 -0.03942511351 0.001)
(0.2062053616 0.167901435 0.001)
(-0.1936323564 -0.04521921045 0.001)
(-0.00281509837 -0.2276697369 0.001)
(0.2018186158 0.04144302158 0.001)
(0.2056524804 0.04802024933 0.001)
(0.1856990748 0.08699905445 0.001)
(0.2162958054 0.0526939981 0.001)
(0.214420999 0.06671179881 0.001)
(0.08962669799 0.05485444966 0.001)
(-0.2114926369 0.0274305383 0.001)
(-0.2060062075 -0.01283199227 0.001)
(-0.1513543516 0.1478253999 0.001)
(-0.2049028524 -0.06333450888 0.001)
(0.1678849352 -0.07762759017 0.001)
(0.04047245072 0.1419613496 0.001)
(-0.0193425578 0.2074062507 0.001)
(-0.1290839095 0.2232291111 0.001)
(-0.1152715263 0.2534357827 0.001)
(-0.054852624 0.1260710338 0.001)
(-0.05055820256 -0.1985026038 0.001)
(-0.08305499123 0.1048594035 0.001)
(-0.02814830883 0.1539848051 0.001)
(-0.008827006431 0.2014500359 0.001)
(-0.0106438229 0.2097237876 0.001)
(-0.215198634 0.01384349797 0.001)
(0.04197374559 0.1922830392 0.001)
(-0.2185540178 -0.1003380797 0.001)
(0.09219732609 -0.07440538685 0.001)
(0.07906921853 -0.07683238262 0.001)
(-0.1017328699 -0.1674024777 0.001)
(-0.1897425707 -0.05012752333 0.001)
(0.2135501786 -0.01827463362 0.001)
(-0.1911673626 -0.08826456185 0.001)
(-0.2077578747 0.01413175742 0.001)
(0.2337016895 -0.009910775931 0.001)
(-0.1051788681 -0.001232010813 0.001)
(-0.2181514256 0.1188314224 0.001)
(-0.0602924738 0.1756603202 0.001)
(0.02841905454 0.1454250785 0.001)
(-0.1142886994 0.2049148417 0.001)
(-0.1064971318 0.04370985592 0.001)
(0.1106543088 0.010511206 0.001)
(0.115238757 -0.01288977551 0.001)
(0.06127360646 0.09152319024 0.001)
(0.01543722908 0.1095608781 0.001)
(0.09260060608 0.1223372872 0.001)
(-0.1708233044 -0.08279749912 0.001)
(-0.06552831008 -0.08863109527 0.001)
(-0.04111905246 0.1965007738 0.001)
(0.199919893 0.0518679291 0.001)
(-0.1013135717 0.02734618521 0.001)
(0.09825413908 0.03557592483 0.001)
(-0.1689336471 -0.07647985789 0.001)
(0.06271222156 0.1843130753 0.001)
(0.06911519244 0.1855122378 0.001)
(0.1654132435 -0.06701826887 0.001)
(0.09750691207 0.08060563654 0.001)
(0.2040656629 -0.05912130177 0.001)
(0.1966634983 -0.06636880109 0.001)
(0.2005556279 -0.02205719913 0.001)
(0.1958421245 0.1431408578 0.001)
(0.1725212878 -0.1125669151 0.001)
(-0.2148467388 -0.07079091691 0.001)
(-0.09360235943 0.07723246597 0.001)
(-0.1078459193 -0.1688499089 0.001)
(-0.1088972047 0.03697392679 0.001)
(-0.1989334357 0.07308550297 0.001)
(-0.2108746257 0.07705493262 0.001)
(0.0377223255 0.09768259103 0.001)
(-0.1784826067 0.117857123 0.001)
(-0.1878794752 0.1280412007 0.001)
(-0.01014829394 -0.1989755377 0.001)
(0.1393377833 0.1996492521 0.001)
(0.1120223389 0.2310082704 0.001)
(0.1315131893 0.1435298514 0.001)
(-0.2120130964 -0.01780262236 0.001)
(0.003862382304 -0.1110119327 0.001)
(-0.1870713823 0.06400554869 0.001)
(0.2237549005 -0.0189411306 0.001)
(0.008632818541 -0.1952778572 0.001)
(-0.06831516406 -0.1902525529 0.001)
(-0.05421340378 0.1762801673 0.001)
(0.01396817262 -0.1779575139 0.001)
(0.1533270837 -0.05201681052 0.001)
(-0.1399340436 0.1399144666 0.001)
(0.1218530745 0.1704415659 0.001)
(0.1558032326 -0.04567255828 0.001)
(-0.195516551 0.01243195995 0.001)
(-0.05565657742 -0.1878916974 0.001)
(0.05890794033 0.1890204192 0.001)
(0.02234879675 0.1076973249 0.001)
(0.05574346066 -0.1758614656 0.001)
(0.04773313072 0.2360400144 0.001)
(0.05367622235 0.2828216281 0.001)
(-0.105139564 0.03208479905 0.001)
(-0.1020188963 -0.1786328088 0.001)
(-0.1684124702 -0.1269671963 0.001)
(-0.04241401348 -0.2408080259 0.001)
(0.09491991443 -0.2745531184 0.001)
(0.05759459979 -0.2001789214 0.001)
(0.08220063598 0.1369083543 0.001)
(-0.1054674525 -0.03124679818 0.001)
(-0.03489742152 0.2593645772 0.001)
(-0.00811972471 0.1104643013 0.001)
(-0.1986510233 -0.05703349247 0.001)
(-0.01170987159 -0.1088973868 0.001)
(-0.04855086437 0.1324083271 0.001)
(0.08551545539 -0.06031049698 0.001)
(-0.03992380247 -0.1021223535 0.001)
(-0.03311972472 0.2047977496 0.001)
(0.01609186108 -0.2453163997 0.001)
(-0.2778500941 -0.05152562512 0.001)
(-0.1038763769 0.05055185971 0.001)
(0.1387206855 -0.1723176432 0.001)
(-0.2170495638 -0.0004832480116 0.001)
(0.09876157036 0.05244721812 0.001)
(0.08141798078 0.1884015773 0.001)
(0.1626064926 -0.03643146302 0.001)
(0.0767710263 -0.1796656041 0.001)
(0.0290294498 0.1059205353 0.001)
(0.01440904077 0.1488869373 0.001)
(0.1050282105 -0.02683354725 0.001)
(0.1022346137 -0.02182762468 0.001)
(0.1057260548 0.07213401687 0.001)
(0.1174606349 -0.1603661279 0.001)
(0.1653159153 -0.009778840349 0.001)
(-0.03213494292 -0.2104715117 0.001)
(-0.01664200856 -0.2240292104 0.001)
(0.08846125174 -0.2058925417 0.001)
(-0.0515944404 -0.09769209614 0.001)
(0.2530452101 0.02191868831 0.001)
(-0.1254166052 -0.1680117138 0.001)
(-0.1708762145 0.1063293351 0.001)
(-0.01489330475 0.1567206833 0.001)
(0.1214399105 -0.1812903453 0.001)
(0.02973244217 0.2032924121 0.001)
(0.04876872247 0.1926039698 0.001)
(0.05024742613 0.1990037421 0.001)
(-0.07935040531 0.1169908393 0.001)
(2.388562252 -0.1279517614 0.001)
(-0.2438952893 0.05776959626 0.001)
(0.1021342147 0.1726445354 0.001)
(0.04362191533 0.2037907682 0.001)
(-0.01986158228 0.1075736075 0.001)
(0.1408224024 -0.1523034814 0.001)
(0.1369909452 -0.197478811 0.001)
(0.2150527129 -0.1155590574 0.001)
(0.2332736416 -0.1342489971 0.001)
(0.1626817127 0.4133219583 0.001)
(-0.2573238776 0.07187048921 0.001)
(0.07111279213 0.2228696952 0.001)
(-0.05154940583 0.09134013313 0.001)
(0.09551352098 0.2868828625 0.001)
(0.1554631397 -0.1469756393 0.001)
(0.09231363874 0.1009848723 0.001)
(0.06716153533 0.1350856901 0.001)
(0.0528844716 0.1380072701 0.001)
(0.09498406256 0.0444297697 0.001)
(0.3045620764 -0.6665165407 0.001)
(-0.001245538463 -0.2608533942 0.001)
(-0.05164843715 0.1821055926 0.001)
(-0.1333509971 -0.1635803201 0.001)
(-0.01777897252 -0.2405067507 0.001)
(-0.1683462107 -0.09354287795 0.001)
(0.2223382481 -0.0960321223 0.001)
(-0.1821979305 0.09399835581 0.001)
(0.1005030237 -0.1749027912 0.001)
(0.123361557 0.1992684846 0.001)
(-0.1895218239 -0.1538048424 0.001)
(0.0009123688501 0.2373705048 0.001)
(0.03514583763 0.1041693437 0.001)
(3.707206626 -0.5068475137 0.001)
(3.707311241 0.5069518016 0.001)
(-0.1989917276 0.03345332934 0.001)
(-0.1114389203 0.1678494226 0.001)
(0.1984910969 0.2007605587 0.001)
(0.6096296766 -0.1197059967 0.001)
(-0.2522631042 -0.1037802878 0.001)
(-0.07204396966 -0.2043981135 0.001)
(0.271959559 0.03432835537 0.001)
(0.03024084569 -0.1746678963 0.001)
(0.2077844378 0.1112279828 0.001)
(0.05700612021 -0.2192660988 0.001)
(-0.07172576956 -0.08982982436 0.001)
(0.18750771 0.06615708544 0.001)
(0.1534698662 -0.1577204354 0.001)
(0.1282253531 0.1603475557 0.001)
(-0.17841535 -0.2664350879 0.001)
(0.1492635453 0.2421851924 0.001)
(-0.1819667342 0.2664124757 0.001)
(0.1074262348 -0.02078474816 0.001)
(0.3871771962 0.004827832949 0.001)
(-0.0282098274 -0.09986972244 0.001)
(0.2351523241 0.03225543915 0.001)
(0.1025246041 0.06331091652 0.001)
(-0.3136491813 0.05067200017 0.001)
(-0.04065212114 0.09556341383 0.001)
(-0.1667807036 0.1030848301 0.001)
(-0.1863192749 0.1883421071 0.001)
(0.09489262394 0.05489924829 0.001)
(-0.1412567959 -0.1685236737 0.001)
(0.1683505484 -0.1353986582 0.001)
(0.1795583562 -0.1431395001 0.001)
(-0.2795693865 -0.1031884821 0.001)
(0.09300467811 -0.1822513241 0.001)
(0.09587886635 -0.1881330748 0.001)
(-0.07045333016 0.124415359 0.001)
(-0.1006530097 0.06246876455 0.001)
(-0.00393978299 0.1527127803 0.001)
(-0.1975541922 -0.06831962257 0.001)
(-0.09884792315 -0.1864669305 0.001)
(-0.01680379894 -0.2066873657 0.001)
(0.08890560752 0.1907156639 0.001)
(-0.2765977157 0.6611560156 0.001)
(-0.2811217683 -0.6651770354 0.001)
(0.04126224048 -0.1952180278 0.001)
(-0.04181927692 0.2337183995 0.001)
(-0.09943848593 -0.04826596679 0.001)
(0.2620671849 0.05741514855 0.001)
(0.1527611414 0.2172268122 0.001)
(0.1483995913 -0.2455804119 0.001)
(-0.06097026176 -0.2005283077 0.001)
(0.07776878548 0.07625721364 0.001)
(0.0439372628 -0.09399527829 0.001)
(0.004454941326 0.2045852288 0.001)
(0.08255017947 -0.0717137613 0.001)
(0.1543185174 -0.2146404799 0.001)
(0.160922806 -0.04493198644 0.001)
(0.06648636781 -0.07952552666 0.001)
(0.3289691421 -0.1390608917 0.001)
(0.09921347356 0.1151279547 0.001)
(0.22868351 0.08318250444 0.001)
(-0.2246372563 0.0874154156 0.001)
(-0.148528566 -0.1641583495 0.001)
(0.08233042881 -0.1843496882 0.001)
(0.1085478751 0.01497124957 0.001)
(0.1009823889 0.02329448395 0.001)
(-0.1097668277 -0.1775079185 0.001)
(-0.1570116292 -0.1257575511 0.001)
(-0.1715486093 0.1363265667 0.001)
(0.06725398866 -0.1768106663 0.001)
(0.1380912659 0.1532262904 0.001)
(0.1431436768 0.1463585965 0.001)
(0.1414357185 -0.1454398932 0.001)
(0.01212460208 -0.1996491243 0.001)
(-0.221324648 -0.01162422682 0.001)
(-0.1194172113 0.1767311999 0.001)
(-0.2026784295 -0.03638679299 0.001)
(0.1094820112 0.1755811811 0.001)
(0.1171126402 0.003483171887 0.001)
(0.1598598119 -0.0255730603 0.001)
(0.1681577067 -0.01387881062 0.001)
(0.0555167669 0.09380437428 0.001)
(0.08681959748 0.06753919119 0.001)
(0.2506428819 -0.02038440531 0.001)
(0.1592784453 -0.1398671786 0.001)
(0.2379531272 -0.3390885124 0.001)
(0.1999850794 -0.04529686571 0.001)
(-0.3507362754 -0.03365607613 0.001)
(-0.07603754719 -0.08548714123 0.001)
(-0.1629599787 -0.1079049019 0.001)
(-0.2145505591 -0.1269119617 0.001)
(0.2509852849 -0.08980901613 0.001)
(-0.1052450712 -0.3002844045 0.001)
(-0.1012848519 0.3003123926 0.001)
(0.291078561 0.1151758241 0.001)
(0.4845189294 0.5957189047 0.001)
(-0.2011757054 0.06573369018 0.001)
(0.02883268863 -0.2078751351 0.001)
(0.2531360445 0.311768723 0.001)
(0.1324336161 0.1644899515 0.001)
(-0.0803923119 -0.2413150624 0.001)
(-0.1090821643 -0.009853164721 0.001)
(-0.03216704971 0.1046805705 0.001)
(0.1862517919 0.1116232773 0.001)
(0.6818564985 0.3485730997 0.001)
(0.07228116495 0.191578035 0.001)
(-0.1517913362 0.1732872347 0.001)
(-0.1185809971 -0.1544827257 0.001)
(-0.120828165 -0.1585692872 0.001)
(0.04743721149 -0.1705568294 0.001)
(0.09082911962 0.1273007185 0.001)
(-0.2561238869 0.1753833507 0.001)
(-0.03403559708 0.1540883198 0.001)
(0.1023338672 0.186325154 0.001)
(-0.1822159742 0.1391256488 0.001)
(-0.005686317583 -0.1088597185 0.001)
(0.09737371155 0.1770764284 0.001)
(0.7412449096 -0.07946787827 0.001)
(0.063569334 0.1957606152 0.001)
(0.5207094844 -0.003324448007 0.001)
(-0.09381331008 0.237144073 0.001)
(0.04247780331 0.360563415 0.001)
(0.03095293426 0.2105070654 0.001)
(-0.001937180269 0.2015756463 0.001)
(0.05526278738 0.1941736783 0.001)
(0.01108691829 -0.1830750601 0.001)
(-0.1471444744 0.4713256419 0.001)
(0.1039300789 0.1669759866 0.001)
(-0.04611177603 -0.2069936324 0.001)
(-0.02742922079 0.3168334275 0.001)
(0.02304820154 0.1463087542 0.001)
(-0.1233118757 -0.2037880229 0.001)
(-0.1404192613 -0.2106935755 0.001)
(-0.1110314292 -0.2123332746 0.001)
(0.1036439753 -0.03429488545 0.001)
(0.1017614657 0.2556158164 0.001)
(0.1188201194 0.1595903931 0.001)
(-0.05996033252 -0.2562883167 0.001)
(0.1815884431 0.073167505 0.001)
(-0.1529034567 0.1550816986 0.001)
(0.03803642087 0.1474410256 0.001)
(-0.04642060492 0.2063583184 0.001)
(-0.1730661216 -0.1538964907 0.001)
(0.02143292233 -0.2281203781 0.001)
(-0.08456684355 -0.1926302917 0.001)
(-0.08970155273 0.08836248912 0.001)
(0.2429152908 0.1639592767 0.001)
(1.074040657 -0.2458116079 0.001)
(-0.05124090249 0.1446718045 0.001)
(1.766998672 0.1048897471 0.001)
(0.1915807379 -0.06965032195 0.001)
(-0.05217777538 0.1939540847 0.001)
(-0.04655425996 0.1943639367 0.001)
(-0.1468315728 0.2540677687 0.001)
(0.2080886132 -0.09223962744 0.001)
(0.1908266734 -0.1380785779 0.001)
(0.1003186655 0.2175146188 0.001)
(-0.02821826217 -0.333665769 0.001)
(0.3435763207 0.2310760714 0.001)
(0.09772803002 -0.06261122494 0.001)
(-0.005925849429 -0.2039487732 0.001)
(3.089348951 -0.1804250338 0.001)
(0.1709129817 -0.1172671839 0.001)
(0.1589755512 -0.03378240362 0.001)
(0.06308345946 0.2352153454 0.001)
(1.534772597 0.5042312757 0.001)
(0.1738840262 -0.01274334812 0.001)
(0.05520739549 -0.09402011457 0.001)
(0.2104774598 -0.2183165696 0.001)
(2.662364169 0.1096258853 0.001)
(-0.1138651565 -0.1692918768 0.001)
(-0.02599749831 0.2044136557 0.001)
(0.5060408703 -0.5880234005 0.001)
(-0.0816918665 -0.08000621434 0.001)
(0.04574331797 -0.1958088742 0.001)
(-0.03939436343 -0.1970910797 0.001)
(-0.04237513856 0.1520875212 0.001)
(0.1908772714 0.07619127841 0.001)
(-0.1795446822 0.09912598554 0.001)
(0.01120448157 0.2063127358 0.001)
)


// ************************************************************************* //
