/*--------------------------------*- C++ -*----------------------------------*\
| =========                 |                                                 |
| \\      /  F ield         | OpenFOAM: The Open Source CFD Toolbox           |
|  \\    /   O peration     | Version:  2412                                  |
|   \\  /    A nd           | Website:  www.openfoam.com                      |
|    \\/     M anipulation  |                                                 |
\*---------------------------------------------------------------------------*/
FoamFile
{
    version     2.0;
    format      ascii;
    arch        "LSB;label=32;scalar=64";
    class       faceList;
    location    "constant/polyMesh";
    object      faces;
}
// * * * * * * * * * * * * * * * * * * * * * * * * * * * * * * * * * * * * * //


9036
(
4(320 660 1864 1524)
4(320 1524 1903 699)
4(660 699 1903 1864)
4(881 1286 2490 2085)
4(901 2105 2490 1286)
4(901 881 2085 2105)
4(364 1393 2597 1568)
4(613 364 1568 1817)
4(613 1817 2597 1393)
4(616 1820 1830 626)
4(547 626 1830 1751)
4(616 547 1751 1820)
4(101 930 2134 294)
4(100 293 2134 930)
4(488 486 1690 1692)
4(488 1692 1715 511)
4(486 511 1715 1690)
4(665 1366 2570 1869)
4(667 665 1869 1871)
4(667 1871 2570 1366)
4(866 2070 2162 958)
4(866 863 2067 2070)
4(863 958 2162 2067)
4(881 884 2088 2085)
4(884 1286 2490 2088)
4(908 2112 2126 922)
4(908 894 2098 2112)
4(894 922 2126 2098)
4(765 840 2044 1969)
4(766 1970 2044 840)
4(766 765 1969 1970)
4(1060 2264 2436 1232)
4(1060 1058 2262 2264)
4(1058 1232 2436 2262)
4(558 559 1763 1762)
4(559 560 1764 1763)
4(558 1762 1764 560)
4(759 739 1943 1963)
4(739 764 1968 1943)
4(759 1963 1968 764)
4(1002 834 2038 2206)
4(1002 2206 2358 1154)
4(834 1154 2358 2038)
4(1220 2424 2536 1332)
4(1220 828 2032 2424)
4(828 1332 2536 2032)
4(512 742 1946 1716)
4(512 1716 1951 747)
4(742 747 1951 1946)
4(422 1248 2452 1626)
4(423 422 1626 1627)
4(423 1627 2452 1248)
4(672 945 2149 1876)
4(319 672 1876 1523)
4(319 1523 2149 945)
4(573 1263 2467 1777)
4(1258 573 1777 2462)
4(1258 2462 2467 1263)
4(513 1717 2389 1185)
4(513 519 1723 1717)
4(519 1185 2389 1723)
4(1147 1219 2423 2351)
4(1219 1291 2495 2423)
4(1147 2351 2495 1291)
4(1123 2327 2580 1376)
4(1110 1376 2580 2314)
4(1123 1110 2314 2327)
4(419 1623 1901 697)
4(419 393 1597 1623)
4(393 697 1901 1597)
4(792 784 1988 1996)
4(792 1996 2157 953)
4(784 953 2157 1988)
4(746 846 2050 1950)
4(846 1075 2279 2050)
4(746 1950 2279 1075)
4(452 1656 2255 1051)
4(453 1051 2255 1657)
4(452 453 1657 1656)
4(520 1021 2225 1724)
4(520 1724 2276 1072)
4(1021 1072 2276 2225)
4(931 1230 2434 2135)
4(600 1804 2434 1230)
4(600 931 2135 1804)
4(596 528 1732 1800)
4(528 1320 2524 1732)
4(596 1800 2524 1320)
4(320 1155 2359 1524)
4(660 1864 2359 1155)
4(1219 2423 2430 1226)
4(1147 1226 2430 2351)
4(1130 556 1760 2334)
4(556 1160 2364 1760)
4(1130 2334 2364 1160)
4(836 1220 2424 2040)
4(836 2040 2536 1332)
4(998 2202 2448 1244)
4(998 993 2197 2202)
4(993 1244 2448 2197)
4(713 1917 1959 755)
4(710 755 1959 1914)
4(713 710 1914 1917)
4(474 366 1570 1678)
4(366 1162 2366 1570)
4(474 1678 2366 1162)
4(792 1316 2520 1996)
4(784 1988 2520 1316)
4(1034 2238 2483 1279)
4(1034 403 1607 2238)
4(403 1279 2483 1607)
4(1134 1136 2340 2338)
4(1136 1138 2342 2340)
4(1134 2338 2342 1138)
4(909 973 2177 2113)
4(908 2112 2177 973)
4(908 909 2113 2112)
4(734 1187 2391 1938)
4(733 734 1938 1937)
4(733 1937 2391 1187)
4(765 761 1965 1969)
4(761 840 2044 1965)
4(665 513 1717 1869)
4(665 1869 2389 1185)
4(869 2073 2162 958)
4(869 866 2070 2073)
4(651 1855 2529 1325)
4(651 308 1512 1855)
4(308 1325 2529 1512)
4(635 1104 2308 1839)
4(401 635 1839 1605)
4(401 1605 2308 1104)
4(837 2041 2266 1062)
4(984 1062 2266 2188)
4(837 984 2188 2041)
4(759 762 1966 1963)
4(739 1943 1966 762)
4(512 110 303 1716)
4(110 742 1946 303)
4(589 1328 2532 1793)
4(1328 1422 2626 2532)
4(589 1793 2626 1422)
4(402 475 1679 1606)
4(475 476 1680 1679)
4(402 1606 1680 476)
4(966 594 1798 2170)
4(966 2170 2615 1411)
4(594 1411 2615 1798)
4(1208 1204 2408 2412)
4(1204 1255 2459 2408)
4(1208 2412 2459 1255)
4(642 945 2149 1846)
4(672 642 1846 1876)
4(698 1902 2580 1376)
4(698 1123 2327 1902)
4(522 1107 2311 1726)
4(621 1825 2311 1107)
4(621 522 1726 1825)
4(1092 1143 2347 2296)
4(1143 1237 2441 2347)
4(1092 2296 2441 1237)
4(874 2078 2466 1262)
4(874 878 2082 2078)
4(878 1262 2466 2082)
4(81 274 2144 940)
4(82 940 2144 275)
4(1204 2408 2425 1221)
4(1204 1200 2404 2408)
4(1200 1221 2425 2404)
4(1002 1163 2367 2206)
4(834 2038 2367 1163)
4(723 747 1951 1927)
4(723 1927 2271 1067)
4(747 1067 2271 1951)
4(565 633 1837 1769)
4(562 1766 1837 633)
4(562 565 1769 1766)
4(637 317 1521 1841)
4(317 936 2140 1521)
4(637 1841 2140 936)
4(101 851 2055 294)
4(851 930 2134 2055)
4(318 1230 2434 1522)
4(931 318 1522 2135)
4(652 651 1855 1856)
4(652 1856 2529 1325)
4(916 1329 2533 2120)
4(571 916 2120 1775)
4(571 1775 2533 1329)
4(558 507 1711 1762)
4(507 559 1763 1711)
4(1309 477 1681 2513)
4(477 1365 2569 1681)
4(1309 2513 2569 1365)
4(637 1051 2255 1841)
4(317 1521 2255 1051)
4(782 1986 2043 839)
4(778 839 2043 1982)
4(782 778 1982 1986)
4(402 1606 2662 1458)
4(402 554 1758 1606)
4(554 1458 2662 1758)
4(618 615 1819 1822)
4(615 1391 2595 1819)
4(618 1822 2595 1391)
4(909 314 1518 2113)
4(314 973 2177 1518)
4(561 560 1764 1765)
4(560 603 1807 1764)
4(561 1765 1807 603)
4(484 486 1690 1688)
4(484 1688 1692 488)
4(1109 1287 2491 2313)
4(442 1646 2491 1287)
4(442 1109 2313 1646)
4(770 1974 2044 840)
4(770 766 1970 1974)
4(785 792 1996 1989)
4(787 1991 1996 792)
4(787 785 1989 1991)
4(510 638 1842 1714)
4(510 1714 2331 1127)
4(638 1127 2331 1842)
4(616 1820 2534 1330)
4(626 1330 2534 1830)
4(501 1705 1711 507)
4(503 507 1711 1707)
4(501 503 1707 1705)
4(736 764 1968 1940)
4(739 736 1940 1943)
4(1020 2224 2501 1297)
4(1018 1297 2501 2222)
4(1020 1018 2222 2224)
4(1204 2408 2414 1210)
4(1208 1210 2414 2412)
4(1036 874 2078 2240)
4(1036 2240 2466 1262)
4(1093 1107 2311 2297)
4(522 1093 2297 1726)
4(859 862 2066 2063)
4(859 2063 2109 905)
4(862 905 2109 2066)
4(332 704 1908 1536)
4(342 1546 1908 704)
4(342 332 1536 1546)
4(856 858 2062 2060)
4(856 2060 2111 907)
4(858 907 2111 2062)
4(389 1593 2288 1084)
4(392 1084 2288 1596)
4(389 392 1596 1593)
4(690 689 1893 1894)
4(689 1467 2671 1893)
4(690 1894 2671 1467)
4(1002 1050 2254 2206)
4(835 1002 2206 2039)
4(835 2039 2254 1050)
4(1002 983 2187 2206)
4(983 1050 2254 2187)
4(920 924 2128 2124)
4(920 2124 2129 925)
4(924 925 2129 2128)
4(1133 2337 2565 1361)
4(1133 1134 2338 2337)
4(1134 1361 2565 2338)
4(716 1920 1959 755)
4(716 713 1917 1920)
4(903 2107 2310 1106)
4(903 491 1695 2107)
4(491 1106 2310 1695)
4(664 1868 1899 695)
4(664 152 198 1868)
4(152 695 1899 198)
4(626 1830 2429 1225)
4(547 1225 2429 1751)
4(1326 2530 2531 1327)
4(624 1327 2531 1828)
4(1326 624 1828 2530)
4(792 1996 2612 1408)
4(953 1408 2612 2157)
4(377 402 1606 1581)
4(379 1583 1606 402)
4(379 377 1581 1583)
4(593 1020 2224 1797)
4(593 1797 2501 1297)
4(1353 1486 2690 2557)
4(681 1353 2557 1885)
4(681 1885 2690 1486)
4(371 925 2129 1575)
4(925 947 2151 2129)
4(371 1575 2151 947)
4(1194 602 1806 2398)
4(602 1201 2405 1806)
4(1194 2398 2405 1201)
4(747 1951 2518 1314)
4(723 1314 2518 1927)
4(618 1175 2379 1822)
4(615 1819 2379 1175)
4(1025 1012 2216 2229)
4(1025 2229 2703 1499)
4(1012 1499 2703 2216)
4(552 1756 2591 1387)
4(552 601 1805 1756)
4(601 1387 2591 1805)
4(520 1724 2478 1274)
4(520 1073 2277 1724)
4(1073 1274 2478 2277)
4(475 1679 2711 1507)
4(477 1507 2711 1681)
4(475 477 1681 1679)
4(377 1581 1678 474)
4(377 366 1570 1581)
4(854 856 2060 2058)
4(854 2058 2150 946)
4(856 946 2150 2060)
4(1238 1145 2349 2442)
4(1145 1374 2578 2349)
4(1238 2442 2578 1374)
4(932 2136 2275 1071)
4(108 1071 2275 301)
4(932 108 301 2136)
4(388 404 1608 1592)
4(390 388 1592 1594)
4(390 1594 1608 404)
4(537 1429 2633 1741)
4(843 537 1741 2047)
4(843 2047 2633 1429)
4(1188 1193 2397 2392)
4(1187 1188 2392 2391)
4(1187 2391 2397 1193)
4(738 1187 2391 1942)
4(734 738 1942 1938)
4(785 1989 1995 791)
4(782 791 1995 1986)
4(785 782 1986 1989)
4(905 497 1701 2109)
4(905 2109 2110 906)
4(497 906 2110 1701)
4(668 1366 2570 1872)
4(665 668 1872 1869)
4(402 474 1678 1606)
4(474 475 1679 1678)
4(817 1245 2449 2021)
4(1245 1343 2547 2449)
4(817 2021 2547 1343)
4(666 1870 1871 667)
4(666 665 1869 1870)
4(495 1699 1761 557)
4(501 557 1761 1705)
4(495 501 1705 1699)
4(855 1430 2634 2059)
4(1322 2526 2634 1430)
4(1322 855 2059 2526)
4(690 749 1953 1894)
4(689 1893 1953 749)
4(887 2091 2095 891)
4(889 891 2095 2093)
4(887 889 2093 2091)
4(332 333 1537 1536)
4(331 332 1536 1535)
4(331 1535 1537 333)
4(488 1692 2707 1503)
4(511 1503 2707 1715)
4(1097 2301 2434 1230)
4(1097 935 2139 2301)
4(935 1230 2434 2139)
4(330 331 1535 1534)
4(328 330 1534 1532)
4(328 1532 1535 331)
4(529 1733 2173 969)
4(968 969 2173 2172)
4(529 968 2172 1733)
4(559 1416 2620 1763)
4(560 1764 2620 1416)
4(511 1715 1801 597)
4(511 539 1743 1715)
4(539 597 1801 1743)
4(897 908 2112 2101)
4(897 2101 2126 922)
4(855 611 1815 2059)
4(611 1430 2634 1815)
4(1127 520 1724 2331)
4(520 1485 2689 1724)
4(1127 2331 2689 1485)
4(607 1811 2054 850)
4(607 848 2052 1811)
4(848 850 2054 2052)
4(782 1986 2388 1184)
4(839 1184 2388 2043)
4(545 1749 1755 551)
4(545 549 1753 1749)
4(549 551 1755 1753)
4(476 1680 2711 1507)
4(853 611 1815 2057)
4(611 854 2058 1815)
4(853 2057 2058 854)
4(557 1761 1762 558)
4(557 507 1711 1761)
4(925 2129 2604 1400)
4(371 1400 2604 1575)
4(484 485 1689 1688)
4(485 486 1690 1689)
4(498 867 2071 1702)
4(867 1377 2581 2071)
4(498 1702 2581 1377)
4(1025 1042 2246 2229)
4(1012 2216 2246 1042)
4(419 696 1900 1623)
4(424 419 1623 1628)
4(424 1628 1900 696)
4(422 419 1623 1626)
4(419 1248 2452 1623)
4(432 1403 2607 1636)
4(1135 432 1636 2339)
4(1135 2339 2607 1403)
4(1364 2568 2576 1372)
4(996 1372 2576 2200)
4(1364 996 2200 2568)
4(395 1599 2288 1084)
4(395 389 1593 1599)
4(778 1982 1993 789)
4(778 776 1980 1982)
4(776 789 1993 1980)
4(861 2065 2507 1303)
4(861 860 2064 2065)
4(860 1303 2507 2064)
4(394 1084 2288 1598)
4(392 394 1598 1596)
4(517 621 1825 1721)
4(621 1383 2587 1825)
4(517 1721 2587 1383)
4(327 328 1532 1531)
4(326 327 1531 1530)
4(326 1530 1532 328)
4(884 885 2089 2088)
4(885 890 2094 2089)
4(884 2088 2094 890)
4(483 484 1688 1687)
4(480 1684 1688 484)
4(480 483 1687 1684)
4(498 1086 2290 1702)
4(867 2071 2290 1086)
4(102 851 2055 295)
4(325 684 1888 1529)
4(431 325 1529 1635)
4(431 1635 1888 684)
4(581 1785 2672 1468)
4(581 582 1786 1785)
4(582 1468 2672 1786)
4(604 609 1813 1808)
4(606 1810 1813 609)
4(606 604 1808 1810)
4(650 691 1895 1854)
4(597 1801 1895 691)
4(597 650 1854 1801)
4(457 1034 2238 1661)
4(1034 1171 2375 2238)
4(457 1661 2375 1171)
4(551 552 1756 1755)
4(551 1755 2591 1387)
4(748 753 1957 1952)
4(721 748 1952 1925)
4(721 1925 1957 753)
4(597 1239 2443 1801)
4(511 1715 2443 1239)
4(384 542 1746 1588)
4(388 1592 1746 542)
4(388 384 1588 1592)
4(1038 1025 2229 2242)
4(1025 1040 2244 2229)
4(1038 2242 2244 1040)
4(692 1896 2443 1239)
4(692 955 2159 1896)
4(955 1239 2443 2159)
4(1109 1172 2376 2313)
4(1172 1287 2491 2376)
4(755 1959 2136 932)
4(710 932 2136 1914)
4(696 1900 1901 697)
4(714 749 1953 1918)
4(746 1950 1953 749)
4(746 714 1918 1950)
4(1074 1393 2597 2278)
4(364 1074 2278 1568)
4(687 450 1654 1891)
4(450 1033 2237 1654)
4(687 1891 2237 1033)
4(773 1977 1994 790)
4(770 790 1994 1974)
4(773 770 1974 1977)
4(1146 1364 2568 2350)
4(1146 2350 2576 1372)
4(512 1161 2365 1716)
4(754 512 1716 1958)
4(754 1958 2365 1161)
4(952 1034 2238 2156)
4(457 952 2156 1661)
4(1068 563 1767 2272)
4(563 1443 2647 1767)
4(1068 2272 2647 1443)
4(668 1305 2509 1872)
4(1271 668 1872 2475)
4(1271 2475 2509 1305)
4(854 855 2059 2058)
4(855 856 2060 2059)
4(404 543 1747 1608)
4(404 1608 2687 1483)
4(543 1483 2687 1747)
4(888 1077 2281 2092)
4(923 888 2092 2127)
4(923 2127 2281 1077)
4(330 327 1531 1534)
4(330 1534 1879 675)
4(327 675 1879 1531)
4(559 562 1766 1763)
4(562 1416 2620 1766)
4(685 1104 2308 1889)
4(635 685 1889 1839)
4(1211 1204 2408 2415)
4(1211 2415 2425 1221)
4(934 466 1670 2138)
4(466 935 2139 1670)
4(934 2138 2139 935)
4(524 513 1717 1728)
4(524 1728 1869 665)
4(862 865 2069 2066)
4(865 904 2108 2069)
4(862 2066 2108 904)
4(751 1270 2474 1955)
4(671 751 1955 1875)
4(671 1875 2474 1270)
4(334 1538 2134 930)
4(334 100 293 1538)
4(308 1512 2454 1250)
4(651 1250 2454 1855)
4(589 921 2125 1793)
4(921 1328 2532 2125)
4(1203 2407 2408 1204)
4(1203 1200 2404 2407)
4(604 1303 2507 1808)
4(609 1813 2507 1303)
4(785 1316 2520 1989)
4(883 884 2088 2087)
4(881 883 2087 2085)
4(800 1206 2410 2004)
4(1206 1296 2500 2410)
4(800 2004 2500 1296)
4(890 903 2107 2094)
4(890 2094 2310 1106)
4(863 865 2069 2067)
4(862 863 2067 2066)
4(1091 1060 2264 2295)
4(1091 2295 2436 1232)
4(613 1166 2370 1817)
4(364 1568 2370 1166)
4(1134 1135 2339 2338)
4(1135 1136 2340 2339)
4(919 2123 2128 924)
4(919 589 1793 2123)
4(589 924 2128 1793)
4(1038 1042 2246 2242)
4(1200 1224 2428 2404)
4(1221 2425 2428 1224)
4(335 343 1547 1539)
4(343 367 1571 1547)
4(335 1539 1571 367)
4(961 2165 2490 1286)
4(961 901 2105 2165)
4(981 1063 2267 2185)
4(979 2183 2267 1063)
4(979 981 2185 2183)
4(415 1084 2288 1619)
4(394 415 1619 1598)
4(333 1537 1539 335)
4(332 335 1539 1536)
4(427 1631 2450 1246)
4(427 423 1627 1631)
4(423 1246 2450 1627)
4(887 2091 2481 1277)
4(891 1277 2481 2095)
4(404 542 1746 1608)
4(542 543 1747 1746)
4(330 332 1536 1534)
4(846 1132 2336 2050)
4(847 2051 2336 1132)
4(847 846 2050 2051)
4(563 1767 2273 1069)
4(1068 1069 2273 2272)
4(544 404 1608 1748)
4(544 1748 2687 1483)
4(791 1316 2520 1995)
4(325 310 1514 1529)
4(310 684 1888 1514)
4(856 857 2061 2060)
4(857 858 2062 2061)
4(630 1834 2418 1214)
4(1212 1214 2418 2416)
4(630 1212 2416 1834)
4(1192 752 1956 2396)
4(752 1269 2473 1956)
4(1192 2396 2473 1269)
4(578 1782 2635 1431)
4(578 580 1784 1782)
4(580 1431 2635 1784)
4(920 919 2123 2124)
4(633 1837 2281 1077)
4(565 1077 2281 1769)
4(486 1690 1743 539)
4(487 539 1743 1691)
4(486 487 1691 1690)
4(591 966 2170 1795)
4(966 1227 2431 2170)
4(591 1795 2431 1227)
4(604 603 1807 1808)
4(604 1808 2691 1487)
4(603 1487 2691 1807)
4(879 2083 2105 901)
4(879 881 2085 2083)
4(530 638 1842 1734)
4(510 530 1734 1714)
4(585 1435 2639 1789)
4(1070 585 1789 2274)
4(1070 2274 2639 1435)
4(1187 1192 2396 2391)
4(1186 2390 2396 1192)
4(1186 1187 2391 2390)
4(557 1327 2531 1761)
4(495 1699 2531 1327)
4(621 1825 2503 1299)
4(517 1299 2503 1721)
4(492 961 2165 1696)
4(492 1696 2490 1286)
4(755 1959 2275 1071)
4(899 908 2112 2103)
4(897 899 2103 2101)
4(345 1549 1573 369)
4(345 347 1551 1549)
4(347 369 1573 1551)
4(606 1810 2634 1430)
4(609 1430 2634 1813)
4(537 533 1737 1741)
4(533 1429 2633 1737)
4(642 316 1520 1846)
4(316 945 2149 1520)
4(817 1252 2456 2021)
4(1245 2449 2456 1252)
4(619 414 1618 1823)
4(414 1240 2444 1618)
4(619 1823 2444 1240)
4(307 1486 2690 1511)
4(1353 307 1511 2557)
4(747 1161 2365 1951)
4(330 1534 1908 704)
4(675 704 1908 1879)
4(1204 2408 2648 1444)
4(1211 1444 2648 2415)
4(723 725 1929 1927)
4(724 723 1927 1928)
4(724 1928 1929 725)
4(687 1098 2302 1891)
4(450 1654 2302 1098)
4(637 452 1656 1841)
4(716 754 1958 1920)
4(718 716 1920 1922)
4(718 1922 1958 754)
4(607 1811 2055 851)
4(850 851 2055 2054)
4(792 793 1997 1996)
4(787 1991 1997 793)
4(877 878 2082 2081)
4(874 877 2081 2078)
4(842 1165 2369 2046)
4(745 842 2046 1949)
4(745 1949 2369 1165)
4(1238 2442 2448 1244)
4(1238 998 2202 2442)
4(681 682 1886 1885)
4(682 1353 2557 1886)
4(891 2095 2096 892)
4(889 892 2096 2093)
4(484 1688 2569 1365)
4(484 1290 2494 1688)
4(1290 1365 2569 2494)
4(752 1270 2474 1956)
4(751 752 1956 1955)
4(440 428 1632 1644)
4(440 1644 2528 1324)
4(428 1324 2528 1632)
4(1077 2281 2664 1460)
4(888 1460 2664 2092)
4(892 902 2106 2096)
4(891 2095 2106 902)
4(341 1162 2366 1545)
4(366 341 1545 1570)
4(940 1300 2504 2144)
4(81 274 2504 1300)
4(628 616 1820 1832)
4(628 1832 2534 1330)
4(971 595 1799 2175)
4(971 2175 2299 1095)
4(595 1095 2299 1799)
4(339 373 1577 1543)
4(341 339 1543 1545)
4(341 1545 1577 373)
4(994 2198 2206 1002)
4(994 983 2187 2198)
4(316 1520 2318 1114)
4(642 1114 2318 1846)
4(428 427 1631 1632)
4(428 1632 2450 1246)
4(323 310 1514 1527)
4(310 324 1528 1514)
4(323 1527 1528 324)
4(580 581 1785 1784)
4(580 1784 2672 1468)
4(413 1617 1623 419)
4(413 393 1597 1617)
4(1171 2375 2483 1279)
4(513 1717 2707 1503)
4(513 488 1692 1717)
4(927 947 2151 2131)
4(925 927 2131 2129)
4(453 465 1669 1657)
4(465 1051 2255 1669)
4(786 1288 2492 1990)
4(783 1987 2492 1288)
4(783 786 1990 1987)
4(326 325 1529 1530)
4(325 327 1531 1529)
4(861 862 2066 2065)
4(859 861 2065 2063)
4(304 1098 2302 1508)
4(687 304 1508 1891)
4(1220 1253 2457 2424)
4(828 2032 2457 1253)
4(1219 1235 2439 2423)
4(1218 1219 2423 2422)
4(1218 2422 2439 1235)
4(345 531 1735 1549)
4(343 1547 1735 531)
4(343 345 1549 1547)
4(1136 2340 2345 1141)
4(1136 1140 2344 2340)
4(1140 1141 2345 2344)
4(806 1207 2411 2010)
4(1207 1307 2511 2411)
4(806 2010 2511 1307)
4(1147 1364 2568 2351)
4(1146 1147 2351 2350)
4(477 479 1683 1681)
4(477 1681 1684 480)
4(479 480 1684 1683)
4(1237 1145 2349 2441)
4(1237 2441 2442 1238)
4(528 1732 2609 1405)
4(596 1405 2609 1800)
4(960 1477 2681 2164)
4(1472 2676 2681 1477)
4(1472 960 2164 2676)
4(558 1762 1765 561)
4(551 1369 2573 1755)
4(545 1749 2573 1369)
4(966 1243 2447 2170)
4(594 1798 2447 1243)
4(664 1868 2710 1506)
4(695 1506 2710 1899)
4(902 1124 2328 2106)
4(493 902 2106 1697)
4(493 1697 2328 1124)
4(1223 1342 2546 2427)
4(812 1223 2427 2016)
4(812 2016 2546 1342)
4(736 1447 2651 1940)
4(764 1968 2651 1447)
4(883 885 2089 2087)
4(82 491 1695 275)
4(491 940 2144 1695)
4(971 1428 2632 2175)
4(595 1799 2632 1428)
4(329 900 2104 1533)
4(900 1036 2240 2104)
4(329 1533 2240 1036)
4(887 903 2107 2091)
4(885 2089 2107 903)
4(885 887 2091 2089)
4(895 2099 2126 922)
4(895 897 2101 2099)
4(689 610 1814 1893)
4(610 1467 2671 1814)
4(1047 2251 2278 1074)
4(469 1074 2278 1673)
4(1047 469 1673 2251)
4(1115 2319 2667 1463)
4(645 1463 2667 1849)
4(1115 645 1849 2319)
4(1200 1196 2400 2404)
4(1196 1224 2428 2400)
4(587 1791 2617 1413)
4(587 1095 2299 1791)
4(1095 1413 2617 2299)
4(549 1753 2687 1483)
4(545 1483 2687 1749)
4(805 1477 2681 2009)
4(960 805 2009 2164)
4(102 607 1811 295)
4(603 1807 2479 1275)
4(560 1275 2479 1764)
4(1278 2482 2690 1486)
4(1278 649 1853 2482)
4(649 1486 2690 1853)
4(1047 2251 2465 1261)
4(1074 1261 2465 2278)
4(957 2161 2162 958)
4(957 869 2073 2161)
4(720 1924 2365 1161)
4(720 718 1922 1924)
4(718 1161 2365 1922)
4(982 837 2041 2186)
4(982 2186 2266 1062)
4(561 1765 1808 604)
4(70 947 2151 263)
4(69 262 2151 947)
4(557 1761 2530 1326)
4(558 1326 2530 1762)
4(324 325 1529 1528)
4(324 1528 1530 326)
4(903 2107 2481 1277)
4(725 1929 2271 1067)
4(335 938 2142 1539)
4(333 1537 2142 938)
4(842 727 1931 2046)
4(727 1165 2369 1931)
4(633 1406 2610 1837)
4(562 1766 2610 1406)
4(318 1097 2301 1522)
4(613 458 1662 1817)
4(458 1166 2370 1662)
4(894 2098 2177 973)
4(905 1367 2571 2109)
4(497 1701 2571 1367)
4(994 2198 2358 1154)
4(674 503 1707 1878)
4(503 1405 2609 1707)
4(674 1878 2609 1405)
4(113 310 1514 159)
4(113 159 1527 323)
4(1424 2628 2667 1463)
4(1424 1115 2319 2628)
4(1145 1146 2350 2349)
4(1146 1374 2578 2350)
4(507 1711 1878 674)
4(702 464 1668 1906)
4(464 1152 2356 1668)
4(702 1906 2356 1152)
4(506 1710 2638 1434)
4(506 508 1712 1710)
4(508 1434 2638 1712)
4(1371 1146 2350 2575)
4(1371 2575 2576 1372)
4(904 1452 2656 2108)
4(496 904 2108 1700)
4(496 1700 2656 1452)
4(848 2052 2132 928)
4(607 928 2132 1811)
4(858 905 2109 2062)
4(858 2062 2110 906)
4(1080 2284 2286 1082)
4(449 1082 2286 1653)
4(1080 449 1653 2284)
4(702 1906 2258 1054)
4(702 636 1840 1906)
4(636 1054 2258 1840)
4(586 927 2131 1790)
4(927 941 2145 2131)
4(586 1790 2145 941)
4(569 1773 2533 1329)
4(569 570 1774 1773)
4(570 1329 2533 1774)
4(573 1423 2627 1777)
4(1263 2467 2627 1423)
4(1161 1314 2518 2365)
4(720 1924 2518 1314)
4(500 501 1705 1704)
4(495 500 1704 1699)
4(577 578 1782 1781)
4(577 1781 2635 1431)
4(640 1133 2337 1844)
4(640 1844 2565 1361)
4(878 2082 2360 1156)
4(878 879 2083 2082)
4(879 1156 2360 2083)
4(833 2037 2435 1231)
4(833 982 2186 2037)
4(982 1231 2435 2186)
4(602 1368 2572 1806)
4(1368 1387 2591 2572)
4(602 1806 2591 1387)
4(865 866 2070 2069)
4(866 867 2071 2070)
4(865 2069 2071 867)
4(487 1691 1698 494)
4(490 494 1698 1694)
4(487 490 1694 1691)
4(669 1873 2624 1420)
4(669 667 1871 1873)
4(667 1420 2624 1871)
4(519 1723 2707 1503)
4(937 2141 2146 942)
4(585 942 2146 1789)
4(937 585 1789 2141)
4(483 485 1689 1687)
4(61 254 2173 969)
4(61 529 1733 254)
4(865 1452 2656 2069)
4(650 1392 2596 1854)
4(691 1895 2596 1392)
4(487 1234 2438 1691)
4(539 1743 2438 1234)
4(675 1259 2463 1879)
4(704 1908 2463 1259)
4(742 1067 2271 1946)
4(789 839 2043 1993)
4(858 859 2063 2062)
4(790 1994 2326 1122)
4(790 840 2044 1994)
4(840 1122 2326 2044)
4(992 1000 2204 2196)
4(992 2196 2207 1003)
4(1000 1003 2207 2204)
4(322 935 2139 1526)
4(322 1526 2301 1097)
4(722 1926 2675 1471)
4(722 720 1924 1926)
4(720 1471 2675 1924)
4(983 978 2182 2187)
4(978 1050 2254 2182)
4(1287 1470 2674 2491)
4(442 1646 2674 1470)
4(1321 595 1799 2525)
4(1321 2525 2541 1337)
4(595 1337 2541 1799)
4(384 1268 2472 1588)
4(542 1746 2472 1268)
4(646 1076 2280 1850)
4(324 646 1850 1528)
4(324 1528 2280 1076)
4(631 1835 2555 1351)
4(631 841 2045 1835)
4(841 1351 2555 2045)
4(920 2124 2604 1400)
4(576 1780 2522 1318)
4(576 577 1781 1780)
4(577 1318 2522 1781)
4(662 1275 2479 1866)
4(1069 2273 2479 1275)
4(1069 662 1866 2273)
4(404 1608 2697 1493)
4(404 1319 2523 1608)
4(1319 1493 2697 2523)
4(969 2173 2632 1428)
4(968 1428 2632 2172)
4(1301 619 1823 2505)
4(1301 2505 2597 1393)
4(619 1393 2597 1823)
4(1092 2296 2649 1445)
4(1089 1445 2649 2293)
4(1092 1089 2293 2296)
4(615 623 1827 1819)
4(623 1391 2595 1827)
4(791 1995 2388 1184)
4(349 1463 2667 1553)
4(1276 349 1553 2480)
4(1276 2480 2667 1463)
4(152 198 2668 1464)
4(664 1464 2668 1868)
4(730 1934 1960 756)
4(525 756 1960 1729)
4(730 525 1729 1934)
4(751 1955 2475 1271)
4(671 1271 2475 1875)
4(972 587 1791 2176)
4(972 2176 2215 1011)
4(587 1011 2215 1791)
4(870 871 2075 2074)
4(868 2072 2075 871)
4(868 870 2074 2072)
4(900 2104 2589 1385)
4(329 1385 2589 1533)
4(567 1771 2533 1329)
4(567 569 1773 1771)
4(1151 1149 2353 2355)
4(1151 2355 2461 1257)
4(1149 1257 2461 2353)
4(1309 2513 2711 1507)
4(478 1507 2711 1682)
4(1309 478 1682 2513)
4(1102 2306 2326 1122)
4(1102 790 1994 2306)
4(389 388 1592 1593)
4(389 1593 1594 390)
4(961 1156 2360 2165)
4(901 2105 2360 1156)
4(374 1463 2667 1578)
4(351 374 1578 1555)
4(351 1555 2667 1463)
4(962 1351 2555 2166)
4(1351 1375 2579 2555)
4(962 2166 2579 1375)
4(635 1839 2602 1398)
4(401 1398 2602 1605)
4(1080 2284 2487 1283)
4(1082 1283 2487 2286)
4(572 1776 2626 1422)
4(573 1422 2626 1777)
4(572 573 1777 1776)
4(38 838 2042 231)
4(838 1256 2460 2042)
4(38 231 2460 1256)
4(369 531 1735 1573)
4(1136 1295 2499 2340)
4(1138 2342 2499 1295)
4(1203 1225 2429 2407)
4(1202 1203 2407 2406)
4(1202 2406 2429 1225)
4(1020 1021 2225 2224)
4(1020 2224 2654 1450)
4(1021 1450 2654 2225)
4(832 841 2045 2036)
4(837 832 2036 2041)
4(837 2041 2045 841)
4(336 333 1537 1540)
4(333 337 1541 1537)
4(336 1540 1541 337)
4(574 1778 2627 1423)
4(574 575 1779 1778)
4(575 1423 2627 1779)
4(805 818 2022 2009)
4(818 1477 2681 2022)
4(1209 1245 2449 2413)
4(1213 1209 2413 2417)
4(1213 2417 2449 1245)
4(599 653 1857 1803)
4(473 599 1803 1677)
4(473 1677 1857 653)
4(838 2042 2515 1311)
4(38 1311 2515 231)
4(494 1234 2438 1698)
4(752 727 1931 1956)
4(752 1956 2046 842)
4(1139 2343 2485 1281)
4(1139 1138 2342 2343)
4(1138 1281 2485 2342)
4(899 909 2113 2103)
4(476 1680 1898 694)
4(476 478 1682 1680)
4(478 694 1898 1682)
4(878 2082 2538 1334)
4(1156 1334 2538 2360)
4(845 2049 2132 928)
4(845 848 2052 2049)
4(1092 1294 2498 2296)
4(1143 2347 2498 1294)
4(501 502 1706 1705)
4(502 503 1707 1706)
4(773 1977 2601 1397)
4(790 1397 2601 1994)
4(930 1282 2486 2134)
4(334 1538 2486 1282)
4(562 564 1768 1766)
4(564 565 1769 1768)
4(754 1958 1959 755)
4(586 947 2151 1790)
4(670 1874 2624 1420)
4(670 669 1873 1874)
4(575 576 1780 1779)
4(575 1779 2522 1318)
4(464 1668 2563 1359)
4(702 1359 2563 1906)
4(321 1436 2640 1525)
4(1099 2303 2640 1436)
4(1099 321 1525 2303)
4(646 648 1852 1850)
4(648 1076 2280 1852)
4(456 1660 2621 1417)
4(456 468 1672 1660)
4(468 1417 2621 1672)
4(1313 1361 2565 2517)
4(1139 2343 2565 1361)
4(1139 1313 2517 2343)
4(934 1489 2693 2138)
4(466 1670 2693 1489)
4(675 677 1881 1879)
4(677 1259 2463 1881)
4(422 1626 1631 427)
4(335 342 1546 1539)
4(342 343 1547 1546)
4(475 479 1683 1679)
4(773 1085 2289 1977)
4(776 773 1977 1980)
4(776 1980 2289 1085)
4(414 1618 2505 1301)
4(1141 1295 2499 2345)
4(772 1976 2133 929)
4(839 929 2133 2043)
4(772 839 2043 1976)
4(1228 2432 2446 1242)
4(1049 1242 2446 2253)
4(1228 1049 2253 2432)
4(918 2122 2471 1267)
4(918 590 1794 2122)
4(590 1267 2471 1794)
4(836 1222 2426 2040)
4(1220 2424 2426 1222)
4(305 702 1906 1509)
4(305 1509 2258 1054)
4(387 1591 1592 388)
4(387 384 1588 1591)
4(1157 1489 2693 2361)
4(934 1157 2361 2138)
4(1021 2225 2331 1127)
4(570 1774 2626 1422)
4(570 572 1776 1774)
4(685 411 1615 1889)
4(411 1104 2308 1615)
4(919 921 2125 2123)
4(503 505 1709 1707)
4(505 1405 2609 1709)
4(672 1876 2300 1096)
4(319 1096 2300 1523)
4(803 2007 2013 809)
4(803 801 2005 2007)
4(801 809 2013 2005)
4(1215 1219 2423 2419)
4(1219 1497 2701 2423)
4(1215 2419 2701 1497)
4(862 1367 2571 2066)
4(315 146 192 1519)
4(146 686 1890 192)
4(315 1519 1890 686)
4(573 574 1778 1777)
4(1143 2347 2349 1145)
4(1144 1145 2349 2348)
4(1143 1144 2348 2347)
4(930 946 2150 2134)
4(946 1282 2486 2150)
4(1110 625 1829 2314)
4(625 1376 2580 1829)
4(321 1076 2280 1525)
4(1076 1436 2640 2280)
4(853 2057 2068 864)
4(853 849 2053 2057)
4(849 864 2068 2053)
4(987 2191 2198 994)
4(987 983 2187 2191)
4(343 1547 2497 1293)
4(531 1293 2497 1735)
4(815 2019 2022 818)
4(815 813 2017 2019)
4(813 818 2022 2017)
4(413 1617 1626 422)
4(1141 1142 2346 2345)
4(1142 1143 2347 2346)
4(1141 2345 2347 1143)
4(1223 1245 2449 2427)
4(1209 1223 2427 2413)
4(630 1834 2422 1218)
4(1214 1218 2422 2418)
4(994 999 2203 2198)
4(995 2199 2203 999)
4(995 994 2198 2199)
4(155 320 1524 201)
4(155 201 1903 699)
4(343 344 1548 1547)
4(344 345 1549 1548)
4(1281 1312 2516 2485)
4(1139 2343 2516 1312)
4(703 456 1660 1907)
4(703 1907 2621 1417)
4(327 431 1635 1531)
4(431 675 1879 1635)
4(800 1207 2411 2004)
4(1206 2410 2411 1207)
4(379 1583 2662 1458)
4(877 879 2083 2081)
4(925 926 2130 2129)
4(926 927 2131 2130)
4(611 1815 2068 864)
4(1045 1098 2302 2249)
4(304 1045 2249 1508)
4(746 1132 2336 1950)
4(736 732 1936 1940)
4(732 1055 2259 1936)
4(736 1940 2259 1055)
4(824 821 2025 2028)
4(824 2028 2042 838)
4(821 838 2042 2025)
4(480 1365 2569 1684)
4(470 1489 2693 1674)
4(1157 470 1674 2361)
4(505 506 1710 1709)
4(505 1709 2638 1434)
4(907 1282 2486 2111)
4(856 2060 2486 1282)
4(22 215 2133 929)
4(22 772 1976 215)
4(597 1801 2694 1490)
4(691 1490 2694 1895)
4(0 9 2560 1356)
4(0 745 1949 9)
4(745 1356 2560 1949)
4(1013 1015 2219 2217)
4(1013 2217 2540 1336)
4(1015 1336 2540 2219)
4(1219 1113 2317 2423)
4(1113 1235 2439 2317)
4(116 162 1517 313)
4(117 313 1517 163)
4(114 310 1514 160)
4(154 309 1513 200)
4(153 199 1513 309)
4(128 307 1511 174)
4(127 173 1511 307)
4(130 176 1512 308)
4(131 308 1512 177)
4(1085 2289 2601 1397)
4(823 1252 2456 2027)
4(1252 1306 2510 2456)
4(823 2027 2510 1306)
4(378 377 1581 1582)
4(378 1582 1583 379)
4(339 1455 2659 1543)
4(373 1577 2659 1455)
4(150 196 1515 311)
4(151 311 1515 197)
4(432 1636 2451 1247)
4(1246 1247 2451 2450)
4(432 1246 2450 1636)
4(70 371 1575 263)
4(586 69 262 1790)
4(30 809 2013 223)
4(809 1174 2378 2013)
4(30 223 2378 1174)
4(331 1535 1540 336)
4(566 567 1771 1770)
4(566 1770 2655 1451)
4(567 1451 2655 1771)
4(675 676 1880 1879)
4(676 677 1881 1880)
4(842 2046 2700 1496)
4(745 1496 2700 1949)
4(871 872 2076 2075)
4(872 900 2104 2076)
4(871 2075 2104 900)
4(328 396 1600 1532)
4(326 1530 1600 396)
4(485 487 1691 1689)
4(961 875 2079 2165)
4(875 1156 2360 2079)
4(1131 1373 2577 2335)
4(1029 2233 2577 1373)
4(1029 1131 2335 2233)
4(1133 1135 2339 2337)
4(114 684 1888 160)
4(962 631 1835 2166)
4(754 1071 2275 1958)
4(512 1716 2275 1071)
4(771 1975 1977 773)
4(771 770 1974 1975)
4(1025 1022 2226 2229)
4(1022 1087 2291 2226)
4(1025 2229 2291 1087)
4(376 1580 1581 377)
4(376 366 1570 1580)
4(345 346 1550 1549)
4(346 347 1551 1550)
4(1067 1165 2369 2271)
4(725 1929 2369 1165)
4(396 1600 2333 1129)
4(328 1129 2333 1532)
4(810 813 2017 2014)
4(811 810 2014 2015)
4(811 2015 2017 813)
4(1197 2401 2599 1395)
4(1197 670 1874 2401)
4(670 1395 2599 1874)
4(892 1124 2328 2096)
4(610 606 1810 1814)
4(610 1814 2634 1430)
4(692 597 1801 1896)
4(692 1896 2694 1490)
4(725 727 1931 1929)
4(726 725 1929 1930)
4(726 1930 1931 727)
4(1274 1485 2689 2478)
4(661 861 2065 1865)
4(661 1865 2507 1303)
4(902 2106 2504 1300)
4(493 1300 2504 1697)
4(539 650 1854 1743)
4(316 701 1905 1520)
4(121 316 1520 167)
4(121 167 1905 701)
4(758 759 1963 1962)
4(758 1962 1968 764)
4(424 1248 2452 1628)
4(999 2203 2358 1154)
4(668 954 2158 1872)
4(954 1305 2509 2158)
4(870 872 2076 2074)
4(1010 1012 2216 2214)
4(1010 2214 2246 1042)
4(777 1981 1982 778)
4(777 776 1980 1981)
4(793 1997 2612 1408)
4(823 1253 2457 2027)
4(1252 2456 2457 1253)
4(789 929 2133 1993)
4(480 482 1686 1684)
4(482 483 1687 1686)
4(550 547 1751 1754)
4(550 1754 1820 616)
4(847 2051 2384 1180)
4(1132 1180 2384 2336)
4(818 2022 2708 1504)
4(805 1504 2708 2009)
4(911 913 2117 2115)
4(911 2115 2121 917)
4(913 917 2121 2117)
4(337 339 1543 1541)
4(338 337 1541 1542)
4(338 1542 1543 339)
4(656 663 1867 1860)
4(663 1117 2321 1867)
4(656 1860 2321 1117)
4(147 193 1508 304)
4(148 304 1508 194)
4(119 305 1509 165)
4(119 165 1911 707)
4(305 707 1911 1509)
4(475 1679 1877 673)
4(474 673 1877 1678)
4(1151 1229 2433 2355)
4(1149 2353 2433 1229)
4(666 1870 1873 669)
4(334 907 2111 1538)
4(907 1181 2385 2111)
4(334 1538 2385 1181)
4(806 1223 2427 2010)
4(1207 2411 2427 1223)
4(1271 1440 2644 2475)
4(751 1955 2644 1440)
4(809 2013 2618 1414)
4(30 1414 2618 223)
4(992 997 2201 2196)
4(997 1000 2204 2201)
4(723 722 1926 1927)
4(723 1927 2675 1471)
4(892 895 2099 2096)
4(895 1124 2328 2099)
4(549 552 1756 1753)
4(793 796 2000 1997)
4(795 793 1997 1999)
4(795 1999 2000 796)
4(304 686 1890 1508)
4(147 193 1890 686)
4(1107 1360 2564 2311)
4(1108 1107 2311 2312)
4(1108 2312 2564 1360)
4(756 1055 2259 1960)
4(730 1934 2259 1055)
4(796 798 2002 2000)
4(797 796 2000 2001)
4(797 2001 2002 798)
4(686 1890 1891 687)
4(836 2040 2435 1231)
4(836 833 2037 2040)
4(673 1877 2678 1474)
4(673 373 1577 1877)
4(373 1474 2678 1577)
4(467 1301 2505 1671)
4(467 1671 2597 1393)
4(307 1278 2482 1511)
4(841 2045 2588 1384)
4(631 1384 2588 1835)
4(525 11 204 1729)
4(11 756 1960 204)
4(804 803 2007 2008)
4(803 807 2011 2007)
4(804 2008 2011 807)
4(661 1492 2696 1865)
4(861 2065 2696 1492)
4(1193 1197 2401 2397)
4(1193 2397 2599 1395)
4(765 939 2143 1969)
4(761 1965 2143 939)
4(374 1424 2628 1578)
4(109 1071 2275 302)
4(554 476 1680 1758)
4(554 1758 1898 694)
4(21 214 2133 929)
4(809 1459 2663 2013)
4(803 2007 2663 1459)
4(468 649 1853 1672)
4(468 1672 2482 1278)
4(154 699 1903 200)
4(309 1513 1903 699)
4(906 2110 2594 1390)
4(497 1390 2594 1701)
4(549 1753 2329 1125)
4(549 543 1747 1753)
4(543 1125 2329 1747)
4(776 1462 2666 1980)
4(789 1993 2666 1462)
4(626 1203 2407 1830)
4(626 1830 2566 1362)
4(1203 1362 2566 2407)
4(1414 1459 2663 2618)
4(688 610 1814 1892)
4(688 1892 1893 689)
4(305 701 1905 1509)
4(701 702 1906 1905)
4(639 1480 2684 1843)
4(638 639 1843 1842)
4(638 1842 2684 1480)
4(894 1066 2270 2098)
4(922 2126 2270 1066)
4(643 374 1578 1847)
4(374 706 1910 1578)
4(643 1847 1910 706)
4(741 749 1953 1945)
4(714 741 1945 1918)
4(832 1351 2555 2036)
4(353 374 1578 1557)
4(351 353 1557 1555)
4(818 1415 2619 2022)
4(815 2019 2619 1415)
4(815 819 2023 2019)
4(816 2020 2023 819)
4(816 815 2019 2020)
4(342 1546 2371 1167)
4(704 1167 2371 1908)
4(677 678 1882 1881)
4(677 1881 1883 679)
4(678 679 1883 1882)
4(950 1316 2520 2154)
4(791 950 2154 1995)
4(774 773 1977 1978)
4(774 1978 1980 776)
4(153 199 1899 695)
4(309 695 1899 1513)
4(1001 2205 2575 1371)
4(1370 1371 2575 2574)
4(1001 1370 2574 2205)
4(627 1472 2676 1831)
4(1459 2663 2676 1472)
4(1459 627 1831 2663)
4(390 1594 2697 1493)
4(1030 2234 2288 1084)
4(1030 395 1599 2234)
4(798 801 2005 2002)
4(799 798 2002 2003)
4(799 2003 2005 801)
4(1022 2226 2703 1499)
4(861 863 2067 2065)
4(1038 1037 2241 2242)
4(1037 1042 2246 2241)
4(643 1424 2628 1847)
4(722 1926 1928 724)
4(892 893 2097 2096)
4(893 895 2099 2097)
4(913 918 2122 2117)
4(913 2117 2471 1267)
4(829 832 2036 2033)
4(830 829 2033 2034)
4(830 2034 2036 832)
4(546 758 1962 1750)
4(14 207 1962 758)
4(14 546 1750 207)
4(872 2076 2240 1036)
4(872 874 2078 2076)
4(602 1198 2402 1806)
4(1198 1368 2572 2402)
4(599 654 1858 1803)
4(653 1857 1858 654)
4(130 176 1907 703)
4(308 703 1907 1512)
4(601 1310 2514 1805)
4(949 601 1805 2153)
4(949 2153 2514 1310)
4(916 2120 2655 1451)
4(916 568 1772 2120)
4(568 1451 2655 1772)
4(321 323 1527 1525)
4(323 1076 2280 1527)
4(768 1972 1974 770)
4(768 766 1970 1972)
4(546 759 1963 1750)
4(120 305 1509 166)
4(553 1757 2329 1125)
4(553 549 1753 1757)
4(1391 1402 2606 2595)
4(618 1822 2606 1402)
4(494 1698 1699 495)
4(490 495 1699 1694)
4(1131 1000 2204 2335)
4(1000 1373 2577 2204)
4(1067 1356 2560 2271)
4(1165 2369 2560 1356)
4(760 939 2143 1964)
4(765 760 1964 1969)
4(455 473 1677 1659)
4(473 1030 2234 1677)
4(455 1659 2234 1030)
4(833 2037 2041 837)
4(833 832 2036 2037)
4(641 1361 2565 1845)
4(1313 641 1845 2517)
4(783 782 1986 1987)
4(783 1987 1989 785)
4(415 451 1655 1619)
4(451 1084 2288 1655)
4(819 821 2025 2023)
4(820 819 2023 2024)
4(820 2024 2025 821)
4(981 2185 2568 1364)
4(1363 1364 2568 2567)
4(981 1363 2567 2185)
4(934 315 1519 2138)
4(315 1157 2361 1519)
4(980 2184 2187 983)
4(980 978 2182 2184)
4(621 1108 2312 1825)
4(1108 1383 2587 2312)
4(1196 2400 2488 1284)
4(1196 1191 2395 2400)
4(1191 1284 2488 2395)
4(583 1491 2695 1787)
4(582 583 1787 1786)
4(582 1786 2695 1491)
4(824 826 2030 2028)
4(825 824 2028 2029)
4(825 2029 2030 826)
4(749 1953 2336 1132)
4(690 1132 2336 1894)
4(112 323 1527 158)
4(321 112 158 1525)
4(120 701 1905 166)
4(822 821 2025 2026)
4(822 2026 2028 824)
4(786 1205 2409 1990)
4(1205 1288 2492 2409)
4(440 693 1897 1644)
4(440 1644 2544 1340)
4(693 1340 2544 1897)
4(1073 2277 2650 1446)
4(1073 1072 2276 2277)
4(1072 1446 2650 2276)
4(944 1228 2432 2148)
4(944 2148 2446 1242)
4(826 829 2033 2030)
4(827 2031 2033 829)
4(827 826 2030 2031)
4(951 2155 2300 1096)
4(951 672 1876 2155)
4(779 778 1982 1983)
4(779 1983 1986 782)
4(902 940 2144 2106)
4(891 2095 2144 940)
4(355 358 1562 1559)
4(358 706 1910 1562)
4(355 1559 1910 706)
4(700 1904 2047 843)
4(700 537 1741 1904)
4(587 1491 2695 1791)
4(1013 587 1791 2217)
4(1013 2217 2695 1491)
4(491 1695 2481 1277)
4(658 663 1867 1862)
4(656 658 1862 1860)
4(802 2006 2007 803)
4(802 801 2005 2006)
4(844 2048 2132 928)
4(844 845 2049 2048)
4(810 1472 2676 2014)
4(810 2014 2681 1477)
4(999 2203 2577 1373)
4(999 1029 2233 2203)
4(742 0 9 1946)
4(742 1946 2560 1356)
4(367 1571 2497 1293)
4(911 912 2116 2115)
4(912 913 2117 2116)
4(786 1990 1991 787)
4(786 785 1989 1990)
4(916 567 1771 2120)
4(510 1714 2689 1485)
4(1194 1198 2402 2398)
4(851 2055 2056 852)
4(850 852 2056 2054)
4(367 938 2142 1571)
4(909 910 2114 2113)
4(910 911 2115 2114)
4(909 2113 2115 911)
4(800 1307 2511 2004)
4(818 1103 2307 2022)
4(1103 1415 2619 2307)
4(918 919 2123 2122)
4(918 2122 2124 920)
4(937 941 2145 2141)
4(927 937 2141 2131)
4(429 428 1632 1633)
4(429 1633 1644 440)
4(814 2018 2019 815)
4(814 813 2017 2018)
4(509 1485 2689 1713)
4(508 509 1713 1712)
4(508 1712 2689 1485)
4(411 1615 2309 1105)
4(685 1105 2309 1889)
4(387 1591 1593 389)
4(717 716 1920 1921)
4(717 1921 1922 718)
4(689 757 1961 1893)
4(689 1893 2694 1490)
4(757 1490 2694 1961)
4(60 253 2173 969)
4(326 646 1850 1530)
4(838 1350 2554 2042)
4(824 2028 2554 1350)
4(1033 2237 2521 1317)
4(450 1317 2521 1654)
4(913 914 2118 2117)
4(914 918 2122 2118)
4(104 297 2048 844)
4(105 844 2048 298)
4(632 1375 2579 1836)
4(1350 2554 2579 1375)
4(1350 632 1836 2554)
4(591 1243 2447 1795)
4(809 2013 2550 1346)
4(801 1346 2550 2005)
4(1117 2321 2491 1287)
4(663 1287 2491 1867)
4(933 315 1519 2137)
4(933 2137 2138 934)
4(380 1584 2612 1408)
4(1378 1408 2612 2582)
4(380 1378 2582 1584)
4(715 1919 1920 716)
4(715 713 1917 1919)
4(551 1368 2572 1755)
4(1368 1369 2573 2572)
4(838 2042 2553 1349)
4(821 1349 2553 2025)
4(909 1481 2685 2113)
4(314 1518 2685 1481)
4(379 382 1586 1583)
4(381 379 1583 1585)
4(381 1585 1586 382)
4(760 546 1750 1964)
4(546 939 2143 1750)
4(986 1003 2207 2190)
4(420 1624 2207 1003)
4(420 986 2190 1624)
4(806 1342 2546 2010)
4(867 2071 2072 868)
4(866 868 2072 2070)
4(1295 1409 2613 2499)
4(1138 2342 2613 1409)
4(950 784 1988 2154)
4(807 810 2014 2011)
4(808 2012 2014 810)
4(808 807 2011 2012)
4(1413 1491 2695 2617)
4(1258 1422 2626 2462)
4(523 513 1717 1727)
4(523 1727 1728 524)
4(942 943 2147 2146)
4(941 942 2146 2145)
4(941 2145 2147 943)
4(1271 1366 2570 2475)
4(145 315 1519 191)
4(145 191 2137 933)
4(1117 2321 2381 1177)
4(1117 1170 2374 2321)
4(1170 1177 2381 2374)
4(494 1698 2531 1327)
4(868 1377 2581 2072)
4(593 1021 2225 1797)
4(750 1440 2644 1954)
4(1271 750 1954 2475)
4(906 907 2111 2110)
4(103 928 2132 296)
4(607 103 296 1811)
4(813 1477 2681 2017)
4(104 297 2132 928)
4(118 164 1911 707)
4(611 1815 2671 1467)
4(864 1467 2671 2068)
4(898 899 2103 2102)
4(897 898 2102 2101)
4(917 1481 2685 2121)
4(911 2115 2685 1481)
4(972 1095 2299 2176)
4(1328 570 1774 2532)
4(1400 2604 2608 1404)
4(1400 1027 2231 2604)
4(1027 1404 2608 2231)
4(848 849 2053 2052)
4(849 850 2054 2053)
4(1136 1137 2341 2340)
4(1137 1140 2344 2341)
4(1140 1142 2346 2344)
4(1188 1197 2401 2392)
4(906 1181 2385 2110)
4(115 684 1888 161)
4(316 1359 2563 1520)
4(701 1905 2563 1359)
4(895 2099 2706 1502)
4(922 1502 2706 2126)
4(1113 2317 2430 1226)
4(1291 2495 2568 1364)
4(1065 1364 2568 2269)
4(1291 1065 2269 2495)
4(895 896 2100 2099)
4(896 897 2101 2100)
4(333 1537 2535 1331)
4(938 1331 2535 2142)
4(1201 2405 2545 1341)
4(602 1341 2545 1806)
4(743 756 1960 1947)
4(12 205 1960 756)
4(12 743 1947 205)
4(472 473 1677 1676)
4(455 472 1676 1659)
4(531 1735 2311 1107)
4(369 1107 2311 1573)
4(1093 531 1735 2297)
4(918 1404 2608 2122)
4(590 1794 2608 1404)
4(1140 2344 2549 1345)
4(1251 1345 2549 2455)
4(1140 1251 2455 2344)
4(574 576 1780 1778)
4(369 1360 2564 1573)
4(904 2108 2445 1241)
4(496 1241 2445 1700)
4(578 581 1785 1782)
4(569 572 1776 1773)
4(576 578 1782 1780)
4(473 598 1802 1677)
4(598 599 1803 1802)
4(129 175 1907 703)
4(738 1188 2392 1942)
4(641 1020 2224 1845)
4(641 1845 2654 1450)
4(807 1472 2676 2011)
4(812 1245 2449 2016)
4(779 1983 2492 1288)
4(779 783 1987 1983)
4(462 1098 2302 1666)
4(1045 462 1666 2249)
4(572 574 1778 1776)
4(337 1541 2535 1331)
4(137 936 2140 183)
4(317 137 183 1521)
4(855 857 2061 2059)
4(464 1668 2309 1105)
4(459 1105 2309 1663)
4(464 459 1663 1668)
4(500 502 1706 1704)
4(1105 1152 2356 2309)
4(924 926 2130 2128)
4(950 2154 2388 1184)
4(986 992 2196 2190)
4(1311 1350 2554 2515)
4(917 2121 2605 1401)
4(917 74 267 2121)
4(74 1401 2605 267)
4(761 1122 2326 1965)
4(140 186 2135 931)
4(140 318 1522 186)
4(107 300 2136 932)
4(13 206 1962 758)
4(466 1230 2434 1670)
4(668 1872 2389 1185)
4(1401 1481 2685 2605)
4(1212 2416 2417 1213)
4(1212 1209 2413 2416)
4(566 569 1773 1770)
4(639 640 1844 1843)
4(640 1480 2684 1844)
4(1215 1291 2495 2419)
4(1063 2267 2268 1064)
4(981 1064 2268 2185)
4(340 339 1543 1544)
4(340 1544 1545 341)
4(647 1851 1887 683)
4(396 683 1887 1600)
4(647 396 1600 1851)
4(524 1728 1870 666)
4(481 708 1912 1685)
4(708 709 1913 1912)
4(481 1685 1913 709)
4(734 1938 1940 736)
4(734 732 1936 1938)
4(617 433 1637 1821)
4(433 1033 2237 1637)
4(617 1821 2237 1033)
4(603 662 1866 1807)
4(603 1807 2539 1335)
4(662 1335 2539 1866)
4(1258 589 1793 2462)
4(565 566 1770 1769)
4(565 1769 2655 1451)
4(1238 1473 2677 2442)
4(1059 1238 2442 2263)
4(1059 2263 2677 1473)
4(705 649 1853 1909)
4(649 1128 2332 1853)
4(705 1909 2332 1128)
4(737 736 1940 1941)
4(737 1941 1943 739)
4(627 960 2164 1831)
4(885 886 2090 2089)
4(886 887 2091 2090)
4(122 316 1520 168)
4(1111 2315 2683 1479)
4(1111 628 1832 2315)
4(628 1479 2683 1832)
4(123 169 2149 945)
4(123 319 1523 169)
4(1344 1378 2582 2548)
4(956 2160 2582 1378)
4(956 1344 2548 2160)
4(756 1960 2651 1447)
4(743 1447 2651 1947)
4(707 1911 2258 1054)
4(941 1101 2305 2145)
4(586 1790 2305 1101)
4(410 1614 1821 617)
4(410 433 1637 1614)
4(1134 2338 2343 1139)
4(835 1163 2367 2039)
4(306 139 185 1510)
4(139 931 2135 185)
4(306 1510 2135 931)
4(559 564 1768 1763)
4(857 859 2063 2061)
4(942 944 2148 2146)
4(943 2147 2148 944)
4(936 1169 2373 2140)
4(637 1841 2373 1169)
4(1062 977 2181 2266)
4(977 1063 2267 2181)
4(1062 2266 2267 1063)
4(686 1890 2361 1157)
4(687 1157 2361 1891)
4(138 306 1510 184)
4(138 184 2140 936)
4(306 936 2140 1510)
4(373 1162 2366 1577)
4(904 1367 2571 2108)
4(759 1963 1964 760)
4(459 426 1630 1663)
4(459 1663 2298 1094)
4(426 1094 2298 1630)
4(322 933 2137 1526)
4(933 935 2139 2137)
4(705 1486 2690 1909)
4(481 844 2048 1685)
4(105 481 1685 298)
4(122 945 2149 168)
4(530 639 1843 1734)
4(144 933 2137 190)
4(322 144 190 1526)
4(111 157 1525 321)
4(156 320 1524 202)
4(1260 673 1877 2464)
4(1260 2464 2678 1474)
4(349 351 1555 1553)
4(1213 1216 2420 2417)
4(1214 1213 2417 2418)
4(1214 2418 2420 1216)
4(1112 1111 2315 2316)
4(1112 2316 2683 1479)
4(148 1045 2249 194)
4(331 1535 2333 1129)
4(336 1129 2333 1540)
4(1144 1146 2350 2348)
4(588 1073 2277 1792)
4(588 1792 2650 1446)
4(852 930 2134 2056)
4(763 760 1964 1967)
4(763 1967 1969 765)
4(684 1159 2363 1888)
4(431 1635 2363 1159)
4(710 708 1912 1914)
4(708 932 2136 1912)
4(473 1677 2642 1438)
4(653 1438 2642 1857)
4(438 467 1671 1642)
4(443 1647 1671 467)
4(443 438 1642 1647)
4(1256 2460 2553 1349)
4(1014 2218 2501 1297)
4(1014 584 1788 2218)
4(584 1297 2501 1788)
4(617 1079 2283 1821)
4(410 1614 2283 1079)
4(361 1047 2251 1565)
4(361 1565 2465 1261)
4(817 1306 2510 2021)
4(605 604 1808 1809)
4(605 1809 1810 606)
4(481 106 299 1685)
4(106 708 1912 299)
4(383 382 1586 1587)
4(382 384 1588 1586)
4(383 1587 1588 384)
4(136 317 1521 182)
4(136 182 2155 951)
4(317 951 2155 1521)
4(342 344 1548 1546)
4(485 1130 2334 1689)
4(489 485 1689 1693)
4(489 1693 2334 1130)
4(479 482 1686 1683)
4(363 1047 2251 1567)
4(361 363 1567 1565)
4(556 1760 2379 1175)
4(1130 1175 2379 2334)
4(1085 1462 2666 2289)
4(1181 2385 2594 1390)
4(1278 129 175 2482)
4(129 1417 2621 175)
4(1278 2482 2621 1417)
4(969 970 2174 2173)
4(60 253 2174 970)
4(871 2075 2252 1048)
4(900 1048 2252 2104)
4(141 318 1522 187)
4(1174 2378 2550 1346)
4(971 969 2173 2175)
4(339 1543 2508 1304)
4(337 1304 2508 1541)
4(15 939 2143 208)
4(546 15 208 1750)
4(926 937 2141 2130)
4(709 1913 1914 710)
4(481 1685 1915 711)
4(709 711 1915 1913)
4(658 705 1909 1862)
4(663 1867 1909 705)
4(958 2162 2696 1492)
4(863 1492 2696 2067)
4(483 1130 2334 1687)
4(376 1580 1582 378)
4(135 181 2155 951)
4(679 1883 2047 843)
4(679 700 1904 1883)
4(1213 1252 2456 2417)
4(1216 2420 2456 1252)
4(920 2124 2608 1404)
4(1423 1435 2639 2627)
4(585 1423 2627 1789)
4(396 1600 2669 1465)
4(1129 1465 2669 2333)
4(852 946 2150 2056)
4(1275 1416 2620 2479)
4(563 1275 2479 1767)
4(563 1767 2620 1416)
4(1391 367 1571 2595)
4(367 1402 2606 1571)
4(420 1624 2257 1053)
4(1003 1053 2257 2207)
4(23 950 2154 216)
4(772 1976 2154 950)
4(772 23 216 1976)
4(16 761 1965 209)
4(16 209 2143 939)
4(812 1343 2547 2016)
4(943 1101 2305 2147)
4(143 189 1526 322)
4(929 1078 2282 2133)
4(21 214 2282 1078)
4(308 1512 2537 1333)
4(1250 1333 2537 2454)
4(24 950 2154 217)
4(749 1953 1961 757)
4(741 757 1961 1945)
4(347 1551 2382 1178)
4(347 349 1553 1551)
4(349 1178 2382 1553)
4(711 844 2048 1915)
4(509 510 1714 1713)
4(529 967 2171 1733)
4(967 968 2172 2171)
4(124 319 1523 170)
4(789 1078 2282 1993)
4(503 504 1708 1707)
4(504 505 1709 1708)
4(25 218 2157 953)
4(26 953 2157 219)
4(784 25 218 1988)
4(1241 2445 2571 1367)
4(1241 497 1701 2445)
4(711 845 2049 1915)
4(27 220 2160 956)
4(28 956 2160 221)
4(1010 1011 2215 2214)
4(1011 1012 2216 2215)
4(336 1540 1542 338)
4(1010 972 2176 2214)
4(970 972 2176 2174)
4(970 2174 2214 1010)
4(431 676 1880 1635)
4(852 2056 2057 853)
4(850 853 2057 2054)
4(970 971 2175 2174)
4(971 972 2176 2175)
4(32 225 2164 960)
4(33 960 2164 226)
4(1056 309 1513 2260)
4(309 1495 2699 1513)
4(1056 2260 2699 1495)
4(453 1657 1663 459)
4(453 426 1630 1657)
4(1008 629 1833 2212)
4(629 1009 2213 1833)
4(1008 2212 2213 1009)
4(963 2167 2171 967)
4(963 964 2168 2167)
4(964 967 2171 2168)
4(964 579 1783 2168)
4(579 965 2169 1783)
4(964 2168 2169 965)
4(380 27 220 1584)
4(380 1584 2160 956)
4(1094 1105 2309 2298)
4(975 312 1516 2179)
4(312 976 2180 1516)
4(975 2179 2180 976)
4(974 2178 2188 984)
4(974 975 2179 2178)
4(975 984 2188 2179)
4(986 985 2189 2190)
4(985 990 2194 2189)
4(986 2190 2194 990)
4(584 1491 2695 1788)
4(583 584 1788 1787)
4(149 1045 2249 195)
4(463 459 1663 1667)
4(463 1667 1668 464)
4(847 848 2052 2051)
4(845 847 2051 2049)
4(40 233 2166 962)
4(41 962 2166 234)
4(62 255 2167 963)
4(63 963 2167 256)
4(10 203 1729 525)
4(109 302 1716 512)
4(44 237 2178 974)
4(45 974 2178 238)
4(1371 1374 2578 2575)
4(529 963 2167 1733)
4(1192 2396 2397 1193)
4(1048 2252 2581 1377)
4(1048 498 1702 2252)
4(871 2075 2581 1377)
4(831 974 2178 2035)
4(831 2035 2188 984)
4(1041 1091 2295 2245)
4(1091 1233 2437 2295)
4(1041 2245 2437 1233)
4(92 1048 2252 285)
4(91 284 2252 1048)
4(772 1976 2388 1184)
4(344 346 1550 1548)
4(400 1604 2283 1079)
4(372 1079 2283 1576)
4(400 372 1576 1604)
4(1204 2408 2562 1358)
4(1210 1358 2562 2414)
4(729 1933 1934 730)
4(729 525 1729 1933)
4(627 32 225 1831)
4(1015 2219 2226 1022)
4(1015 1017 2221 2219)
4(1017 1022 2226 2221)
4(1005 1004 2208 2209)
4(1004 1043 2247 2208)
4(1005 2209 2247 1043)
4(1007 1008 2212 2211)
4(1007 2211 2247 1043)
4(1008 1043 2247 2212)
4(743 758 1962 1947)
4(743 1947 1968 764)
4(1009 1037 2241 2213)
4(1009 2213 2242 1038)
4(1013 1014 2218 2217)
4(1014 1015 2219 2218)
4(1007 629 1833 2211)
4(552 1310 2514 1756)
4(128 174 2482 1278)
4(59 1007 2211 252)
4(58 251 2211 1007)
4(51 1028 2232 244)
4(50 243 2232 1028)
4(72 1027 2231 265)
4(71 264 2231 1027)
4(71 371 1575 264)
4(50 834 2038 243)
4(49 242 2038 834)
4(51 244 2193 989)
4(52 989 2193 245)
4(68 261 1790 586)
4(72 265 1794 590)
4(73 590 1794 266)
4(47 240 2039 835)
4(48 835 2039 241)
4(46 239 2236 1032)
4(47 1032 2236 240)
4(54 420 1624 247)
4(53 246 1624 420)
4(45 238 1516 312)
4(46 312 1516 239)
4(65 258 1574 370)
4(66 370 1574 259)
4(55 985 2189 248)
4(54 247 2189 985)
4(76 314 1518 269)
4(75 268 1518 314)
4(64 257 2235 1031)
4(65 1031 2235 258)
4(56 1026 2230 249)
4(55 248 2230 1026)
4(77 973 2177 270)
4(76 269 2177 973)
4(44 831 2035 237)
4(43 236 2035 831)
4(57 988 2192 250)
4(56 249 2192 988)
4(63 256 1783 579)
4(64 579 1783 257)
4(77 270 2098 894)
4(78 894 2098 271)
4(58 1004 2208 251)
4(57 250 2208 1004)
4(41 234 1835 631)
4(42 631 1835 235)
4(79 272 1697 493)
4(80 493 1697 273)
4(40 632 1836 233)
4(39 232 1836 632)
4(83 491 1695 276)
4(62 529 1733 255)
4(36 229 1595 391)
4(37 391 1595 230)
4(86 492 1696 279)
4(85 278 1696 492)
4(87 961 2165 280)
4(86 279 2165 961)
4(33 226 2009 805)
4(34 805 2009 227)
4(88 875 2079 281)
4(87 280 2079 875)
4(89 959 2163 282)
4(88 281 2163 959)
4(31 224 1831 627)
4(89 282 1533 329)
4(90 329 1533 283)
4(28 221 1998 794)
4(29 794 1998 222)
4(60 629 1833 253)
4(59 252 1833 629)
4(92 285 1702 498)
4(93 498 1702 286)
4(26 219 1584 380)
4(94 287 1700 496)
4(95 496 1700 288)
4(24 217 1988 784)
4(96 289 1701 497)
4(97 497 1701 290)
4(99 292 1538 334)
4(19 212 1609 405)
4(20 405 1609 213)
4(17 761 1965 210)
4(107 708 1912 300)
4(13 743 1947 206)
4(963 579 1783 2167)
4(988 2192 2209 1005)
4(988 1004 2208 2192)
4(974 312 1516 2178)
4(420 985 2189 1624)
4(1028 989 2193 2232)
4(989 1029 2233 2193)
4(1028 2232 2233 1029)
4(636 1840 2356 1152)
4(887 888 2092 2091)
4(888 889 2093 2092)
4(676 678 1882 1880)
4(149 1116 2320 195)
4(149 195 2598 1394)
4(1116 1394 2598 2320)
4(990 2194 2230 1026)
4(985 1026 2230 2189)
4(794 956 2160 1998)
4(380 953 2157 1584)
4(629 1833 2241 1037)
4(60 1037 2241 253)
4(632 1836 2166 962)
4(1004 1007 2211 2208)
4(329 959 2163 1533)
4(579 1031 2235 1783)
4(965 2169 2235 1031)
4(988 2192 2250 1046)
4(1005 1046 2250 2209)
4(875 2079 2163 959)
4(312 1032 2236 1516)
4(976 2180 2236 1032)
4(787 795 1999 1991)
4(788 787 1991 1992)
4(788 1992 1999 795)
4(1247 1403 2607 2451)
4(1026 1046 2250 2230)
4(990 2194 2250 1046)
4(1030 2234 2642 1438)
4(796 2000 2582 1378)
4(793 1378 2582 1997)
4(306 1169 2373 1510)
4(719 718 1922 1923)
4(719 1923 1924 720)
4(363 400 1604 1567)
4(400 1047 2251 1604)
4(1015 2219 2703 1499)
4(1079 2283 2284 1080)
4(617 1080 2284 1821)
4(988 1026 2230 2192)
4(370 1031 2235 1574)
4(835 1032 2236 2039)
4(590 1027 2231 1794)
4(371 1575 2231 1027)
4(834 2038 2232 1028)
4(357 358 1562 1561)
4(355 357 1561 1559)
4(679 1151 2355 1883)
4(677 1881 2355 1151)
4(440 1412 2616 1644)
4(693 1897 2616 1412)
4(730 731 1935 1934)
4(729 1933 1935 731)
4(1055 2259 2651 1447)
4(942 1070 2274 2146)
4(944 2148 2274 1070)
4(20 213 2282 1078)
4(843 1229 2433 2047)
4(679 1883 2433 1229)
4(400 1604 2284 1080)
4(1011 2215 2217 1013)
4(74 267 2657 1453)
4(917 1453 2657 2121)
4(67 1101 2305 260)
4(1101 1120 2324 2305)
4(67 260 2324 1120)
4(976 1050 2254 2180)
4(978 976 2180 2182)
4(525 728 1932 1729)
4(10 203 1932 728)
4(433 470 1674 1637)
4(470 1033 2237 1674)
4(53 246 2257 1053)
4(52 1053 2257 245)
4(989 2193 2257 1053)
4(1349 1415 2619 2553)
4(391 1595 2619 1415)
4(391 1349 2553 1595)
4(852 854 2058 2056)
4(393 1493 2697 1597)
4(697 1901 2697 1493)
4(1031 1049 2253 2235)
4(965 2169 2253 1049)
4(370 1049 2253 1574)
4(385 1117 2321 1589)
4(385 1589 2491 1287)
4(1203 2407 2562 1358)
4(673 1162 2366 1877)
4(1032 1050 2254 2236)
4(347 1551 1552 348)
4(346 348 1552 1550)
4(507 1711 2660 1456)
4(674 1456 2660 1878)
4(438 1301 2505 1642)
4(150 1116 2320 196)
4(879 880 2084 2083)
4(880 881 2085 2084)
4(85 278 2265 1061)
4(492 1061 2265 1696)
4(1006 990 2194 2210)
4(1006 2210 2250 1046)
4(757 1338 2542 1961)
4(692 1896 2542 1338)
4(692 757 1961 1896)
4(728 1932 1933 729)
4(369 1573 2382 1178)
4(1022 1023 2227 2226)
4(1023 1087 2291 2227)
4(79 272 2270 1066)
4(493 1066 2270 1697)
4(78 1066 2270 271)
4(135 1096 2300 181)
4(134 180 2300 1096)
4(382 1586 2662 1458)
4(467 469 1673 1671)
4(443 1647 1673 469)
4(1009 1052 2256 2213)
4(1008 2212 2256 1052)
4(409 410 1614 1613)
4(398 1602 1614 410)
4(398 409 1613 1602)
4(398 1079 2283 1602)
4(372 398 1602 1576)
4(1100 1155 2359 2304)
4(320 1100 2304 1524)
4(1430 2634 2671 1467)
4(472 598 1802 1676)
4(1344 796 2000 2548)
4(781 1298 2502 1985)
4(775 1979 2502 1298)
4(775 781 1985 1979)
4(1009 2213 2243 1039)
4(1038 1039 2243 2242)
4(732 730 1934 1936)
4(84 277 2265 1061)
4(975 1062 2266 2179)
4(965 966 2170 2169)
4(964 2168 2170 966)
4(141 187 2301 1097)
4(142 1097 2301 188)
4(696 1111 2315 1900)
4(424 1628 2315 1111)
4(1192 1270 2474 2396)
4(1045 2249 2598 1394)
4(453 1657 1667 463)
4(753 1957 2643 1439)
4(748 1439 2643 1952)
4(1043 1044 2248 2247)
4(1005 2209 2248 1044)
4(1244 1473 2677 2448)
4(559 1763 2660 1456)
4(710 712 1916 1914)
4(709 1913 1916 712)
4(528 1732 2638 1434)
4(1405 1434 2638 2609)
4(362 1566 2308 1104)
4(362 401 1605 1566)
4(990 991 2195 2194)
4(986 2190 2195 991)
4(1089 1041 2245 2293)
4(1089 2293 2641 1437)
4(1041 1437 2641 2245)
4(952 683 1887 2156)
4(683 1034 2238 1887)
4(1351 829 2033 2555)
4(829 1375 2579 2033)
4(640 644 1848 1844)
4(644 1133 2337 1848)
4(94 287 2290 1086)
4(496 1086 2290 1700)
4(703 1333 2537 1907)
4(456 1660 2537 1333)
4(1344 2548 2550 1346)
4(1344 794 1998 2548)
4(794 1346 2550 1998)
4(93 1086 2290 286)
4(1040 2244 2291 1087)
4(19 212 2306 1102)
4(405 1102 2306 1609)
4(788 1296 2500 1992)
4(1206 788 1992 2410)
4(35 228 2307 1103)
4(36 1103 2307 229)
4(68 1101 2305 261)
4(118 1179 2383 164)
4(117 163 2383 1179)
4(410 417 1621 1614)
4(417 433 1637 1621)
4(1196 2400 2653 1449)
4(1284 1449 2653 2488)
4(311 1116 2320 1515)
4(618 556 1760 1822)
4(370 1242 2446 1574)
4(1008 1057 2261 2212)
4(1043 2247 2261 1057)
4(363 372 1576 1567)
4(317 1389 2593 1521)
4(951 2155 2593 1389)
4(348 349 1553 1552)
4(616 1111 2315 1820)
4(696 616 1820 1900)
4(1046 2250 2287 1083)
4(1005 1083 2287 2209)
4(991 2195 2210 1006)
4(731 1935 1936 732)
4(1089 1091 2295 2293)
4(1197 1201 2405 2401)
4(670 1874 2405 1201)
4(126 172 2557 1353)
4(127 1353 2557 173)
4(1219 1217 2421 2423)
4(1217 1497 2701 2421)
4(132 1325 2529 178)
4(131 177 2529 1325)
4(977 976 2180 2181)
4(977 2181 2182 978)
4(536 635 1839 1740)
4(534 536 1740 1738)
4(534 1738 1839 635)
4(681 705 1909 1885)
4(658 681 1885 1862)
4(433 434 1638 1637)
4(434 470 1674 1638)
4(867 1452 2656 2071)
4(711 846 2050 1915)
4(845 2049 2050 846)
4(353 706 1910 1557)
4(465 642 1846 1669)
4(465 1669 1876 672)
4(358 1442 2646 1562)
4(706 1910 2646 1442)
4(991 992 2196 2195)
4(83 1106 2310 276)
4(1060 2264 2296 1092)
4(1091 1092 2296 2295)
4(760 762 1966 1964)
4(1124 2328 2706 1502)
4(1051 1389 2593 2255)
4(899 910 2114 2103)
4(17 1122 2326 210)
4(826 1375 2579 2030)
4(118 1425 2629 164)
4(1179 2383 2629 1425)
4(595 1799 2672 1468)
4(1321 1468 2672 2525)
4(647 1851 2156 952)
4(1216 1220 2424 2420)
4(1217 1216 2420 2421)
4(1217 2421 2424 1220)
4(447 1651 1653 449)
4(447 444 1648 1651)
4(444 449 1653 1648)
4(798 2002 2548 1344)
4(368 362 1566 1572)
4(368 1572 2308 1104)
4(729 1933 1939 735)
4(731 735 1939 1935)
4(488 1692 1727 523)
4(436 451 1655 1640)
4(415 436 1640 1619)
4(0 1505 2709 9)
4(745 1949 2709 1505)
4(581 583 1787 1785)
4(975 2179 2181 977)
4(465 463 1667 1669)
4(463 642 1846 1667)
4(378 1582 1585 381)
4(694 1898 2514 1310)
4(478 1310 2514 1682)
4(808 2012 2015 811)
4(739 1943 2688 1484)
4(762 1484 2688 1966)
4(425 408 1612 1629)
4(425 1629 1630 426)
4(408 426 1630 1612)
4(466 448 1652 1670)
4(466 1670 1804 600)
4(448 600 1804 1652)
4(409 417 1621 1613)
4(405 1609 2282 1078)
4(630 1834 2566 1362)
4(1330 1362 2566 2534)
4(630 1330 2534 1834)
4(654 655 1859 1858)
4(654 1858 1860 656)
4(655 656 1860 1859)
4(1142 1144 2348 2346)
4(1094 411 1615 2298)
4(540 1744 2564 1360)
4(540 1108 2312 1744)
4(762 1966 1967 763)
4(434 417 1621 1638)
4(434 1638 1652 448)
4(417 448 1652 1621)
4(617 1821 2521 1317)
4(802 2006 2008 804)
4(819 2023 2619 1415)
4(712 1916 1917 713)
4(336 460 1664 1540)
4(460 1129 2333 1664)
4(1039 1052 2256 2243)
4(452 426 1630 1656)
4(425 452 1656 1629)
4(452 461 1665 1656)
4(425 1629 1665 461)
4(989 1131 2335 2193)
4(451 455 1659 1655)
4(451 1655 2234 1030)
4(910 912 2116 2114)
4(1061 1106 2310 2265)
4(84 277 2310 1106)
4(393 390 1594 1597)
4(943 1120 2324 2147)
4(1052 1057 2261 2256)
4(66 1120 2324 259)
4(370 1574 2324 1120)
4(1289 1327 2531 2493)
4(624 1289 2493 1828)
4(397 368 1572 1601)
4(368 411 1615 1572)
4(397 1601 1615 411)
4(807 2011 2663 1459)
4(654 1117 2321 1858)
4(654 1858 2381 1177)
4(434 1638 1670 466)
4(635 636 1840 1839)
4(636 685 1889 1840)
4(751 727 1931 1955)
4(899 915 2119 2103)
4(910 2114 2119 915)
4(847 849 2053 2051)
4(467 1074 2278 1671)
4(1037 1339 2543 2241)
4(1042 2246 2543 1339)
4(408 409 1613 1612)
4(398 408 1612 1602)
4(399 1151 2355 1603)
4(399 1603 2461 1257)
4(826 1350 2554 2030)
4(685 1152 2356 1889)
4(392 390 1594 1596)
4(392 1596 1597 393)
4(944 1478 2682 2148)
4(1228 2432 2682 1478)
4(1272 2476 2591 1387)
4(1386 1387 2591 2590)
4(1272 1386 2590 2476)
4(890 1457 2661 2094)
4(884 2088 2661 1457)
4(709 1075 2279 1913)
4(711 1915 2279 1075)
4(609 1322 2526 1813)
4(437 1641 1642 438)
4(437 416 1620 1641)
4(416 438 1642 1620)
4(1001 999 2203 2205)
4(1001 2205 2577 1373)
4(1044 2248 2261 1057)
4(409 1613 1629 425)
4(1061 890 2094 2265)
4(151 197 2668 1464)
4(115 1292 2496 161)
4(684 1888 2496 1292)
4(1006 2210 2287 1083)
4(651 647 1851 1855)
4(651 1855 2156 952)
4(1103 1504 2708 2307)
4(35 228 2708 1504)
4(309 1513 2631 1427)
4(1056 1427 2631 2260)
4(133 1099 2303 179)
4(132 178 2303 1099)
4(125 171 2304 1100)
4(126 1100 2304 172)
4(398 397 1601 1602)
4(397 408 1612 1601)
4(798 2002 2550 1346)
4(487 489 1693 1691)
4(489 490 1694 1693)
4(126 172 2680 1476)
4(1353 1476 2680 2557)
4(535 1739 1741 537)
4(535 533 1737 1739)
4(446 649 1853 1650)
4(468 446 1650 1672)
4(461 1665 1841 637)
4(386 384 1588 1590)
4(386 1590 1591 387)
4(795 1999 2001 797)
4(372 397 1601 1576)
4(116 162 2637 1433)
4(313 1433 2637 1517)
4(797 2001 2003 799)
4(952 2156 2454 1250)
4(457 1250 2454 1661)
4(499 500 1704 1703)
4(495 499 1703 1699)
4(1349 819 2023 2553)
4(358 359 1563 1562)
4(358 1562 1568 364)
4(359 364 1568 1563)
4(724 1928 1930 726)
4(663 1470 2674 1867)
4(365 341 1545 1569)
4(365 1569 1570 366)
4(427 1631 1633 429)
4(912 914 2118 2116)
4(445 1649 1829 625)
4(445 462 1666 1649)
4(462 625 1829 1666)
4(881 882 2086 2085)
4(882 883 2087 2086)
4(914 919 2123 2118)
4(544 547 1751 1748)
4(544 1748 1754 550)
4(132 1494 2698 178)
4(1325 2529 2698 1494)
4(1044 1083 2287 2248)
4(965 2169 2431 1227)
4(1049 1227 2431 2253)
4(564 566 1770 1768)
4(729 1249 2453 1933)
4(728 1932 2453 1249)
4(439 438 1642 1643)
4(439 1643 1647 443)
4(29 222 2378 1174)
4(521 556 1760 1725)
4(555 1759 1760 556)
4(555 521 1725 1759)
4(816 2020 2024 820)
4(360 401 1605 1564)
4(362 360 1564 1566)
4(18 211 2306 1102)
4(372 368 1572 1576)
4(814 2018 2020 816)
4(656 657 1861 1860)
4(657 658 1862 1861)
4(527 1731 1744 540)
4(518 540 1744 1722)
4(527 518 1722 1731)
4(435 1639 1661 457)
4(435 456 1660 1639)
4(456 457 1661 1660)
4(763 1967 1970 766)
4(1193 1270 2474 2397)
4(1060 1238 2442 2264)
4(1059 1060 2264 2263)
4(521 1160 2364 1725)
4(820 2024 2026 822)
4(338 1542 1544 340)
4(391 1103 2307 1595)
4(401 1605 2377 1173)
4(360 1173 2377 1564)
4(48 1163 2367 241)
4(49 242 2367 1163)
4(831 2035 2588 1384)
4(831 841 2045 2035)
4(822 2026 2029 825)
4(537 1741 2352 1148)
4(700 1148 2352 1904)
4(634 440 1644 1838)
4(634 1838 2544 1340)
4(510 516 1720 1714)
4(516 530 1734 1720)
4(424 1628 2607 1403)
4(1348 1403 2607 2552)
4(424 1348 2552 1628)
4(381 1585 1587 383)
4(872 873 2077 2076)
4(873 874 2078 2077)
4(99 292 2385 1181)
4(1114 1359 2563 2318)
4(382 1268 2472 1586)
4(363 368 1572 1567)
4(659 681 1885 1863)
4(658 659 1863 1862)
4(536 636 1840 1740)
4(542 1125 2329 1746)
4(447 1651 1654 450)
4(449 450 1654 1653)
4(662 957 2161 1866)
4(662 1866 2162 958)
4(678 700 1904 1882)
4(451 454 1658 1655)
4(454 455 1659 1658)
4(683 1887 2669 1465)
4(1003 2207 2335 1131)
4(18 211 2326 1122)
4(311 1515 2668 1464)
4(506 509 1713 1710)
4(1135 1137 2341 2339)
4(563 1153 2357 1767)
4(1153 1443 2647 2357)
4(313 1517 2383 1179)
4(37 230 2460 1256)
4(707 1425 2629 1911)
4(96 289 2445 1241)
4(95 1241 2445 288)
4(463 1667 2318 1114)
4(464 1114 2318 1668)
4(811 2015 2018 814)
4(1118 1484 2688 2322)
4(1168 1118 2322 2372)
4(1168 2372 2688 1484)
4(599 1803 2260 1056)
4(598 1056 2260 1802)
4(1195 2399 2400 1196)
4(1195 1191 2395 2399)
4(1289 494 1698 2493)
4(1 1354 2558 5)
4(133 179 2558 1354)
4(3 7 2559 1355)
4(125 1355 2559 171)
4(827 2031 2034 830)
4(417 1621 2285 1081)
4(409 1081 2285 1613)
4(687 1466 2670 1891)
4(1157 2361 2670 1466)
4(699 1495 2699 1903)
4(363 362 1566 1567)
4(1034 1475 2679 2238)
4(403 1607 2679 1475)
4(868 869 2073 2072)
4(869 870 2074 2073)
4(825 2029 2031 827)
4(599 655 1859 1803)
4(799 2003 2006 802)
4(437 1641 1643 439)
4(448 1652 2285 1081)
4(439 1643 1648 444)
4(443 444 1648 1647)
4(648 1852 1855 651)
4(648 647 1851 1852)
4(712 1075 2279 1916)
4(425 1081 2285 1629)
4(461 1081 2285 1665)
4(1142 2346 2549 1345)
4(1048 1385 2589 2252)
4(91 284 2589 1385)
4(1126 382 1586 2330)
4(1126 2330 2662 1458)
4(408 1094 2298 1612)
4(544 1482 2686 1748)
4(547 1751 2686 1482)
4(111 1354 2558 157)
4(156 202 2559 1355)
4(383 1587 1590 386)
4(1039 2243 2244 1040)
4(483 1687 1719 515)
4(482 515 1719 1686)
4(443 1647 2286 1082)
4(469 1082 2286 1673)
4(995 2199 2205 1001)
4(445 444 1648 1649)
4(445 1649 1651 447)
4(400 1604 2487 1283)
4(39 1311 2515 232)
4(435 1639 2375 1171)
4(548 1199 2403 1752)
4(1199 1202 2406 2403)
4(548 1752 2406 1202)
4(357 359 1563 1561)
4(1001 1372 2576 2205)
4(995 2199 2576 1372)
4(987 2191 2199 995)
4(4 1379 2583 8)
4(142 188 2583 1379)
4(143 1379 2583 189)
4(2 1380 2584 6)
4(124 170 2584 1380)
4(134 1380 2584 180)
4(407 442 1646 1611)
4(421 407 1611 1625)
4(421 1625 1646 442)
4(1199 1196 2400 2403)
4(1199 2403 2404 1200)
4(874 876 2080 2078)
4(876 877 2081 2080)
4(954 2158 2389 1185)
4(1222 2426 2435 1231)
4(60 253 2543 1339)
4(970 1339 2543 2174)
4(721 720 1924 1925)
4(721 1925 1926 722)
4(536 1054 2258 1740)
4(940 2144 2481 1277)
4(444 1082 2286 1648)
4(588 1273 2477 1792)
4(1073 2277 2477 1273)
4(469 1673 2487 1283)
4(1047 1283 2487 2251)
4(80 1300 2504 273)
4(445 1649 2314 1110)
4(446 1128 2332 1650)
4(660 1495 2699 1864)
4(31 1414 2618 224)
4(75 1401 2605 268)
4(1081 1150 2354 2285)
4(448 1652 2354 1150)
4(97 1390 2594 290)
4(1195 2399 2470 1266)
4(1199 1266 2470 2403)
4(1195 1199 2403 2399)
4(541 540 1744 1745)
4(541 1745 2564 1360)
4(397 1094 2298 1601)
4(447 1651 2302 1098)
4(439 1110 2314 1643)
4(437 1641 2314 1110)
4(655 1859 2260 1056)
4(461 1150 2354 1665)
4(90 1385 2589 283)
4(436 454 1658 1640)
4(633 1837 2664 1460)
4(34 1504 2708 227)
4(439 1643 1649 445)
4(42 1384 2588 235)
4(361 362 1566 1565)
4(43 236 2588 1384)
4(889 893 2097 2093)
4(977 979 2183 2181)
4(534 535 1739 1738)
4(535 536 1740 1739)
4(780 1984 2492 1288)
4(780 779 1983 1984)
4(641 1480 2684 1845)
4(1361 2565 2684 1480)
4(830 2034 2037 833)
4(915 916 2120 2119)
4(571 915 2119 1775)
4(1126 1268 2472 2330)
4(590 1794 2657 1453)
4(73 1453 2657 266)
4(527 1731 1745 541)
4(834 2038 2665 1461)
4(1028 1461 2665 2232)
4(455 471 1675 1659)
4(471 472 1676 1675)
4(964 2168 2615 1411)
4(447 462 1666 1651)
4(509 1713 2586 1382)
4(506 1382 2586 1710)
4(653 1857 2381 1177)
4(980 2184 2191 987)
4(116 1292 2496 162)
4(561 1765 1809 605)
4(655 657 1861 1859)
4(436 416 1620 1640)
4(436 1640 1641 437)
4(537 538 1742 1741)
4(535 1739 1742 538)
4(552 1756 1898 694)
4(552 553 1757 1756)
4(553 694 1898 1757)
4(804 2008 2012 808)
4(1080 1317 2521 2284)
4(449 1653 2521 1317)
4(1436 1494 2698 2640)
4(1099 2303 2698 1494)
4(340 1544 1569 365)
4(441 1645 1838 634)
4(441 440 1644 1645)
4(659 682 1886 1863)
4(1033 1466 2670 2237)
4(1053 2257 2335 1131)
4(514 522 1726 1718)
4(514 1718 1825 621)
4(471 454 1658 1675)
4(454 698 1902 1658)
4(471 1675 1902 698)
4(646 396 1600 1850)
4(646 1850 1851 647)
4(849 1180 2384 2053)
4(864 2068 2384 1180)
4(967 1264 2468 2171)
4(968 2172 2468 1264)
4(771 1975 1978 774)
4(518 1382 2586 1722)
4(540 1744 2586 1382)
4(594 1798 2635 1431)
4(1243 1431 2635 2447)
4(375 366 1570 1579)
4(375 1579 1580 376)
4(1144 1147 2351 2348)
4(1395 2599 2624 1420)
4(659 657 1861 1863)
4(657 660 1864 1861)
4(659 1863 1864 660)
4(534 1738 2602 1398)
4(648 1852 1856 652)
4(1148 1179 2383 2352)
4(538 1148 2352 1742)
4(538 1742 2383 1179)
4(606 1810 1892 688)
4(407 1109 2313 1611)
4(349 350 1554 1553)
4(350 351 1555 1554)
4(938 2142 2595 1391)
4(1164 2368 2699 1495)
4(1164 1056 2260 2368)
4(418 1171 2375 1622)
4(418 1622 2483 1279)
4(672 1876 2593 1389)
4(394 1598 1617 413)
4(394 393 1597 1598)
4(1178 2382 2480 1276)
4(361 360 1564 1565)
4(1303 2507 2691 1487)
4(359 360 1564 1563)
4(359 1563 1565 361)
4(1144 2348 2430 1226)
4(1142 1226 2430 2346)
4(1202 1200 2404 2406)
4(768 1972 1975 771)
4(671 1395 2599 1875)
4(671 1875 2624 1420)
4(1234 2438 2493 1289)
4(777 1981 1983 779)
4(1216 1253 2457 2420)
4(781 1224 2428 1985)
4(1224 1298 2502 2428)
4(395 1599 2642 1438)
4(639 644 1848 1843)
4(416 414 1618 1620)
4(416 1620 2505 1301)
4(1198 1195 2399 2402)
4(1198 2402 2470 1266)
4(695 1899 2631 1427)
4(954 744 1948 2158)
4(744 1305 2509 1948)
4(415 416 1620 1619)
4(550 1754 1900 696)
4(1227 1228 2432 2431)
4(591 1795 2432 1228)
4(385 1170 2374 1589)
4(430 613 1817 1634)
4(430 1634 1823 619)
4(613 619 1823 1817)
4(460 1475 2679 1664)
4(1465 2669 2679 1475)
4(1465 460 1664 2669)
4(358 1562 2370 1166)
4(479 1683 1877 673)
4(943 2147 2446 1242)
4(1085 405 1609 2289)
4(405 1462 2666 1609)
4(883 886 2090 2087)
4(1214 2418 2421 1217)
4(357 360 1564 1561)
4(488 1290 2494 1692)
4(1148 313 1517 2352)
4(536 1121 2325 1740)
4(1054 2258 2325 1121)
4(1197 1190 2394 2401)
4(1190 1201 2405 2394)
4(1015 1016 2220 2219)
4(1016 1017 2221 2220)
4(600 1804 2354 1150)
4(351 352 1556 1555)
4(352 353 1557 1556)
4(1247 424 1628 2451)
4(534 533 1737 1738)
4(415 414 1618 1619)
4(1294 2498 2649 1445)
4(715 1919 1921 717)
4(524 612 1816 1728)
4(523 1727 1816 612)
4(492 1457 2661 1696)
4(1061 2265 2661 1457)
4(348 350 1554 1552)
4(650 1234 2438 1854)
4(650 1854 2493 1289)
4(593 1072 2276 1797)
4(916 1432 2636 2120)
4(568 1772 2636 1432)
4(526 1115 2319 1730)
4(1115 1340 2544 2319)
4(526 1730 2544 1340)
4(774 1978 1981 777)
4(786 1990 1992 788)
4(893 896 2100 2097)
4(399 1259 2463 1603)
4(1151 2355 2463 1259)
4(662 1866 2673 1469)
4(1069 1469 2673 2273)
4(548 1266 2470 1752)
4(355 356 1560 1559)
4(356 357 1561 1560)
4(350 352 1556 1554)
4(967 1411 2615 2171)
4(1264 2468 2615 1411)
4(1113 1479 2683 2317)
4(1235 2439 2683 1479)
4(1265 1475 2679 2469)
4(460 1265 2469 1664)
4(394 414 1618 1598)
4(532 533 1737 1736)
4(532 1736 1738 534)
4(354 355 1559 1558)
4(353 354 1558 1557)
4(353 1557 1559 355)
4(584 1013 2217 1788)
4(1020 2224 2517 1313)
4(633 1837 2357 1153)
4(1035 1153 2357 2239)
4(633 1035 2239 1837)
4(889 923 2127 2093)
4(893 2097 2127 923)
4(555 1759 1822 618)
4(698 311 1515 1902)
4(698 1902 2630 1426)
4(311 1426 2630 1515)
4(365 1569 1579 375)
4(1154 2358 2665 1461)
4(535 1121 2325 1739)
4(1189 1441 2645 2393)
4(1285 1189 2393 2489)
4(1285 2489 2645 1441)
4(689 691 1895 1893)
4(688 1892 1895 691)
4(376 1580 2313 1109)
4(378 1109 2313 1582)
4(375 1579 1611 407)
4(376 407 1611 1580)
4(678 1882 1884 680)
4(676 680 1884 1880)
4(434 1638 2693 1489)
4(1018 1014 2218 2222)
4(615 622 1826 1819)
4(622 623 1827 1826)
4(356 354 1558 1560)
4(356 1560 1616 412)
4(354 412 1616 1558)
4(472 1676 1868 664)
4(471 664 1868 1675)
4(407 418 1622 1611)
4(375 1579 1622 418)
4(1347 630 1834 2551)
4(1347 2551 2566 1362)
4(350 406 1610 1554)
4(352 1556 1610 406)
4(381 1585 1589 385)
4(383 385 1589 1587)
4(311 1515 2580 1376)
4(794 1998 2378 1174)
4(898 915 2119 2102)
4(842 1269 2473 2046)
4(1065 981 2185 2269)
4(437 1641 2327 1123)
4(859 860 2064 2063)
4(692 1439 2643 1896)
4(955 2159 2643 1439)
4(954 519 1723 2158)
4(519 955 2159 1723)
4(954 2158 2159 955)
4(502 504 1708 1706)
4(387 1591 1599 395)
4(707 1911 2325 1121)
4(435 446 1650 1639)
4(446 456 1660 1650)
4(435 421 1625 1639)
4(421 446 1650 1625)
4(712 746 1950 1916)
4(608 606 1810 1812)
4(608 1812 1892 688)
4(352 354 1558 1556)
4(98 291 2385 1181)
4(499 514 1718 1703)
4(500 1704 1718 514)
4(418 421 1625 1622)
4(418 1622 1639 435)
4(734 1938 1941 737)
4(605 1809 1812 608)
4(1029 2233 2665 1461)
4(999 1461 2665 2203)
4(1086 2290 2656 1452)
4(1125 1126 2330 2329)
4(553 1757 2330 1126)
4(917 2121 2471 1267)
4(522 521 1725 1726)
4(522 1726 1759 555)
4(490 499 1703 1694)
4(461 1665 2373 1169)
4(344 399 1603 1548)
4(346 1550 1603 399)
4(527 1731 1849 645)
4(541 645 1849 1745)
4(1090 1295 2499 2294)
4(1295 1445 2649 2499)
4(1090 2294 2649 1445)
4(412 533 1737 1616)
4(532 412 1616 1736)
4(1010 2214 2543 1339)
4(896 898 2102 2100)
4(454 1123 2327 1658)
4(523 1290 2494 1727)
4(1292 2496 2637 1433)
4(1044 1059 2263 2248)
4(1059 1083 2287 2263)
4(1338 2542 2643 1439)
4(1338 753 1957 2542)
4(329 1533 2466 1262)
4(948 601 1805 2152)
4(948 2152 2153 949)
4(726 1930 1955 751)
4(423 1247 2451 1627)
4(1159 2363 2496 1292)
4(436 1640 2327 1123)
4(338 460 1664 1542)
4(412 1429 2633 1616)
4(515 614 1818 1719)
4(614 615 1819 1818)
4(515 1719 1819 615)
4(613 1454 2658 1817)
4(458 1662 2658 1454)
4(1212 2416 2551 1347)
4(1155 2359 2680 1476)
4(1100 1476 2680 2304)
4(1436 652 1856 2640)
4(652 1494 2698 1856)
4(490 1694 2364 1160)
4(489 1160 2364 1693)
4(931 2135 2556 1352)
4(600 1352 2556 1804)
4(514 1718 1725 521)
4(499 521 1725 1703)
4(1070 1478 2682 2274)
4(717 1921 1923 719)
4(959 2163 2466 1262)
4(1118 740 1944 2322)
4(740 1484 2688 1944)
4(645 1276 2480 1849)
4(705 1470 2674 1909)
4(413 414 1618 1617)
4(1120 1242 2446 2324)
4(421 1625 2332 1128)
4(442 1128 2332 1646)
4(623 938 2142 1827)
4(1251 1112 2316 2455)
4(1112 1345 2549 2316)
4(870 873 2077 2074)
4(1249 1269 2473 2453)
4(842 1249 2453 2046)
4(1267 2471 2657 1453)
4(538 1121 2325 1742)
4(356 1560 1736 532)
4(1060 1237 2441 2264)
4(515 1130 2334 1719)
4(509 516 1720 1713)
4(1133 432 1636 2337)
4(544 1319 2523 1748)
4(634 643 1847 1838)
4(441 1645 1847 643)
4(502 1706 2503 1299)
4(500 1299 2503 1704)
4(1088 2292 2641 1437)
4(1088 1089 2293 2292)
4(1017 1023 2227 2221)
4(1011 1336 2540 2215)
4(1012 2216 2540 1336)
4(554 1758 2702 1498)
4(694 1498 2702 1898)
4(555 1093 2297 1759)
4(1264 2468 2541 1337)
4(1264 1321 2525 2468)
4(1304 1455 2659 2508)
4(739 740 1944 1943)
4(737 1941 1944 740)
4(514 1718 2503 1299)
4(1218 1217 2421 2422)
4(682 1155 2359 1886)
4(682 1886 2680 1476)
4(568 1077 2281 1772)
4(1077 1451 2655 2281)
4(1209 1207 2411 2413)
4(391 1595 2460 1256)
4(405 1609 2601 1397)
4(735 1249 2453 1939)
4(781 1221 2425 1985)
4(877 880 2084 2081)
4(482 614 1818 1686)
4(98 291 2594 1390)
4(660 1864 2368 1164)
4(657 1164 2368 1861)
4(430 1454 2658 1634)
4(614 622 1826 1818)
4(350 1554 2353 1149)
4(348 1149 2353 1552)
4(841 1488 2692 2045)
4(837 2041 2692 1488)
4(831 1488 2692 2035)
4(1078 1462 2666 2282)
4(340 1544 1607 403)
4(365 403 1607 1569)
4(364 1261 2465 1568)
4(1173 1398 2602 2377)
4(583 1297 2501 1787)
4(886 888 2092 2090)
4(527 1115 2319 1731)
4(526 527 1731 1730)
4(1303 2507 2526 1322)
4(860 1322 2526 2064)
4(457 1661 2537 1333)
4(1229 2433 2705 1501)
4(843 1501 2705 2047)
4(659 1863 2359 1155)
4(1096 1380 2584 2300)
4(1324 1412 2616 2528)
4(306 1510 2556 1352)
4(499 1703 2364 1160)
4(880 882 2086 2084)
4(937 1263 2467 2141)
4(585 1789 2467 1263)
4(1150 2354 2373 1169)
4(429 1633 1645 441)
4(595 1413 2617 1799)
4(1087 2291 2292 1088)
4(1023 1088 2292 2227)
4(465 1389 2593 1669)
4(387 1254 2458 1591)
4(386 1590 2458 1254)
4(357 1173 2377 1561)
4(1097 2301 2583 1379)
4(462 1666 2598 1394)
4(1249 1496 2700 2453)
4(728 1932 2700 1496)
4(478 949 2153 1682)
4(1298 1418 2622 2502)
4(775 1979 2622 1418)
4(741 1338 2542 1945)
4(359 1563 2465 1261)
4(630 1834 2439 1235)
4(1189 738 1942 2393)
4(738 1441 2645 1942)
4(493 1502 2706 1697)
4(1066 2270 2706 1502)
4(321 1354 2558 1525)
4(700 1176 2380 1904)
4(1148 2352 2380 1176)
4(1208 1207 2411 2412)
4(1208 2412 2413 1209)
4(320 1524 2559 1355)
4(683 1475 2679 1887)
4(1284 2488 2489 1285)
4(1284 1189 2393 2488)
4(632 1311 2515 1836)
4(625 1829 2598 1394)
4(1125 1268 2472 2329)
4(612 1816 2152 948)
4(524 948 2152 1728)
4(655 1859 2368 1164)
4(781 780 1984 1985)
4(780 1211 2415 1984)
4(781 1985 2415 1211)
4(1115 634 1838 2319)
4(719 1923 1925 721)
4(676 1880 2363 1159)
4(978 979 2183 2182)
4(732 733 1937 1936)
4(731 1935 1937 733)
4(1239 519 1723 2443)
4(1239 2443 2707 1503)
4(561 1326 2530 1765)
4(883 1035 2239 2087)
4(886 2090 2239 1035)
4(1286 1457 2661 2490)
4(959 1334 2538 2163)
4(875 2079 2538 1334)
4(1188 1190 2394 2392)
4(1262 1334 2538 2466)
4(712 714 1918 1916)
4(1357 588 1792 2561)
4(1357 2561 2650 1446)
4(1102 2306 2601 1397)
4(979 2183 2184 980)
4(625 1116 2320 1829)
4(1116 1376 2580 2320)
4(322 1379 2583 1526)
4(1141 2345 2498 1294)
4(1226 1345 2549 2430)
4(1113 2317 2549 1345)
4(319 1523 2584 1380)
4(1014 1016 2220 2218)
4(623 1331 2535 1827)
4(996 995 2199 2200)
4(763 1168 2372 1967)
4(762 1966 2372 1168)
4(1210 1209 2413 2414)
4(1210 2414 2416 1212)
4(992 993 2197 2196)
4(993 997 2201 2197)
4(748 955 2159 1952)
4(458 1421 2625 1662)
4(1166 2370 2625 1421)
4(1044 2248 2262 1058)
4(1057 1058 2262 2261)
4(518 509 1713 1722)
4(1127 1450 2654 2331)
4(523 1727 1824 620)
4(612 620 1824 1816)
4(356 1173 2377 1560)
4(10 1505 2709 203)
4(991 993 2197 2195)
4(413 1240 2444 1617)
4(378 1582 2376 1172)
4(381 1172 2376 1585)
4(504 506 1710 1708)
4(982 2186 2267 1063)
4(354 1183 2387 1558)
4(412 1616 2387 1183)
4(678 1176 2380 1882)
4(670 1341 2545 1874)
4(669 1873 2545 1341)
4(728 1505 2709 1932)
4(1019 2223 2517 1313)
4(1019 1020 2224 2223)
4(344 1548 2371 1167)
4(713 714 1918 1917)
4(870 2074 2161 957)
4(767 766 1970 1971)
4(767 1971 1972 768)
4(1167 2371 2463 1259)
4(873 876 2080 2077)
4(1058 1059 2263 2262)
4(882 1035 2239 2086)
4(1039 2243 2245 1041)
4(1040 1041 2245 2244)
4(601 1805 2476 1272)
4(948 1272 2476 2152)
4(1414 627 1831 2618)
4(763 1967 1971 767)
4(1298 769 1973 2502)
4(769 1418 2622 1973)
4(386 1170 2374 1590)
4(383 1587 2374 1170)
4(1345 1479 2683 2549)
4(1188 2392 2393 1189)
4(550 1319 2523 1754)
4(314 1401 2605 1518)
4(873 2077 2161 957)
4(620 1290 2494 1824)
4(735 1939 2390 1186)
4(731 1186 2390 1935)
4(528 1182 2386 1732)
4(1182 1320 2524 2386)
4(795 1296 2500 1999)
4(395 1254 2458 1599)
4(532 1173 2377 1736)
4(517 502 1706 1721)
4(1274 508 1712 2478)
4(515 1719 2379 1175)
4(984 2188 2692 1488)
4(949 2153 2513 1309)
4(1063 1231 2435 2267)
4(714 1918 1919 715)
4(406 1610 2353 1149)
4(991 2195 2448 1244)
4(1006 1244 2448 2210)
4(1312 1024 2228 2516)
4(1312 2516 2623 1419)
4(1024 1419 2623 2228)
4(1119 2323 2489 1285)
4(1119 1284 2488 2323)
4(1039 1233 2437 2243)
4(1052 2256 2437 1233)
4(1128 1470 2674 2332)
4(583 1787 1797 593)
4(583 592 1796 1787)
4(592 593 1797 1796)
4(924 1258 2462 2128)
4(926 2130 2462 1258)
4(422 1626 1634 430)
4(427 430 1634 1631)
4(430 1634 2444 1240)
4(680 1176 2380 1884)
4(612 1816 2153 949)
4(877 2081 2272 1068)
4(876 1068 2272 2080)
4(375 1579 2483 1279)
4(680 1884 2363 1159)
4(997 1370 2574 2201)
4(1000 2204 2574 1370)
4(735 1939 2473 1269)
4(735 1192 2396 1939)
4(472 1676 2710 1506)
4(608 624 1828 1812)
4(605 1809 1828 624)
4(504 1708 1721 517)
4(385 1172 2376 1589)
4(1057 2261 2436 1232)
4(1052 1232 2436 2256)
4(804 806 2010 2008)
4(802 2006 2010 806)
4(811 812 2016 2015)
4(808 2012 2016 812)
4(1455 2659 2678 1474)
4(622 1474 2678 1826)
4(1455 622 1826 2659)
4(1119 769 1973 2323)
4(1119 2323 2502 1298)
4(666 948 2152 1870)
4(568 923 2127 1772)
4(386 1177 2381 1590)
4(1111 2315 2552 1348)
4(1112 1348 2552 2316)
4(767 1118 2322 1971)
4(767 1971 2372 1168)
4(1099 1354 2558 2303)
4(1100 2304 2559 1355)
4(346 1257 2461 1550)
4(348 1552 2461 1257)
4(880 2084 2272 1068)
4(926 1263 2467 2130)
4(1251 1403 2607 2455)
4(1348 1251 2455 2552)
4(1281 1024 2228 2485)
4(721 1925 1948 744)
4(722 744 1948 1926)
4(666 1870 2476 1272)
4(669 1272 2476 1873)
4(1253 2457 2512 1308)
4(823 1308 2512 2027)
4(690 1894 2384 1180)
4(690 864 2068 1894)
4(479 1683 2464 1260)
4(797 2001 2004 800)
4(799 800 2004 2003)
4(406 1610 2433 1229)
4(550 1754 1901 697)
4(1323 1405 2609 2527)
4(596 1323 2527 1800)
4(1312 1019 2223 2516)
4(1312 2516 2517 1313)
4(767 769 1973 1971)
4(769 1118 2322 1973)
4(578 1782 1792 588)
4(576 588 1792 1780)
4(828 2032 2512 1308)
4(634 1424 2628 1838)
4(591 1795 2682 1478)
4(910 1236 2440 2114)
4(912 2116 2440 1236)
4(781 1985 2600 1396)
4(775 1396 2600 1979)
4(857 860 2064 2061)
4(574 1778 2386 1182)
4(572 1182 2386 1776)
4(1205 788 1992 2409)
4(1205 2409 2410 1206)
4(569 1773 1800 596)
4(566 596 1800 1770)
4(623 1827 2508 1304)
4(622 1304 2508 1826)
4(1087 2291 2641 1437)
4(399 1167 2371 1603)
4(555 1759 2606 1402)
4(1064 2268 2426 1222)
4(1064 1215 2419 2268)
4(1215 1222 2426 2419)
4(1064 1231 2435 2268)
4(968 2172 2541 1337)
4(352 1183 2387 1556)
4(1265 403 1607 2469)
4(661 958 2162 1865)
4(820 2024 2027 823)
4(822 823 2027 2026)
4(594 1264 2468 1798)
4(1118 1285 2489 2322)
4(740 1944 2489 1285)
4(471 1426 2630 1675)
4(664 1868 2630 1426)
4(1232 1233 2437 2436)
4(914 921 2125 2118)
4(482 1686 2464 1260)
4(1137 1251 2455 2341)
4(338 1542 2469 1265)
4(340 1265 2469 1544)
4(1064 2268 2269 1065)
4(1450 1480 2684 2654)
4(1206 2410 2412 1208)
4(1177 2381 2458 1254)
4(530 693 1897 1734)
4(639 1843 1897 693)
4(825 2029 2032 828)
4(827 828 2032 2031)
4(470 1466 2670 1674)
4(915 1236 2440 2119)
4(780 1984 2600 1396)
4(816 817 2021 2020)
4(814 2018 2021 817)
4(1090 1409 2613 2294)
4(406 1183 2387 1610)
4(313 1517 2380 1176)
4(1289 2493 2596 1392)
4(1289 608 1812 2493)
4(608 1392 2596 1812)
4(1088 1090 2294 2292)
4(1089 2293 2294 1090)
4(830 2034 2040 836)
4(1133 2337 2362 1158)
4(644 1158 2362 1848)
4(1153 1406 2610 2357)
4(1169 1352 2556 2373)
4(1150 2354 2556 1352)
4(1093 1293 2497 2297)
4(1247 1248 2452 2451)
4(1166 1442 2646 2370)
4(997 1371 2575 2201)
4(532 1398 2602 1736)
4(594 1321 2525 1798)
4(724 1928 1954 750)
4(726 750 1954 1930)
4(540 1383 2587 1744)
4(1370 1373 2577 2574)
4(648 1436 2640 1852)
4(1210 1347 2551 2414)
4(1347 1358 2562 2551)
4(581 592 1796 1785)
4(518 526 1730 1722)
4(516 518 1722 1720)
4(516 1720 1730 526)
4(612 1309 2513 1816)
4(620 1824 2513 1309)
4(987 2191 2200 996)
4(1065 1215 2419 2269)
4(1211 2415 2492 1288)
4(1190 1189 2393 2394)
4(1190 2394 2395 1191)
4(1189 1191 2395 2393)
4(680 1884 2496 1292)
4(432 1636 2362 1158)
4(614 1474 2678 1818)
4(365 1569 2483 1279)
4(1019 2223 2623 1419)
4(774 775 1979 1978)
4(771 1975 1979 775)
4(1295 1294 2498 2499)
4(744 748 1952 1948)
4(1190 1194 2398 2394)
4(1017 1024 2228 2221)
4(1023 2227 2228 1024)
4(1194 2398 2399 1195)
4(1194 1191 2395 2398)
4(422 1240 2444 1626)
4(876 1069 2273 2080)
4(882 1153 2357 2086)
4(777 1981 1984 780)
4(1280 1409 2613 2484)
4(1090 1280 2484 2294)
4(1273 2477 2519 1315)
4(588 1315 2519 1792)
4(1205 1444 2648 2409)
4(1288 2492 2648 1444)
4(614 1818 2464 1260)
4(697 1319 2523 1901)
4(1016 2220 2222 1018)
4(541 1276 2480 1745)
4(898 916 2120 2102)
4(1323 674 1878 2527)
4(1018 1019 2223 2222)
4(1016 2220 2223 1019)
4(441 458 1662 1645)
4(429 1633 1662 458)
4(1118 1119 2323 2322)
4(748 954 2158 1952)
4(1254 2458 2642 1438)
4(1270 2474 2599 1395)
4(717 1921 1957 753)
4(719 753 1957 1923)
4(1363 996 2200 2567)
4(737 738 1942 1941)
4(1093 1402 2606 2297)
4(1293 2497 2606 1402)
4(912 1302 2506 2116)
4(914 2118 2506 1302)
4(997 2201 2202 998)
4(1337 2541 2632 1428)
4(980 981 2185 2184)
4(643 1847 2646 1442)
4(1255 2459 2648 1444)
4(715 741 1945 1919)
4(1126 1498 2702 2330)
4(553 1757 2702 1498)
4(768 769 1973 1972)
4(591 1318 2522 1795)
4(1243 2447 2522 1318)
4(592 1072 2276 1796)
4(1121 2325 2629 1425)
4(538 1425 2629 1742)
4(530 1734 2603 1399)
4(516 1399 2603 1720)
4(605 1326 2530 1809)
4(545 1749 2592 1388)
4(1369 1388 2592 2573)
4(744 1948 2611 1407)
4(722 1407 2611 1926)
4(1206 1255 2459 2410)
4(1205 2409 2459 1255)
4(1413 582 1786 2617)
4(1305 1407 2611 2509)
4(750 1954 2611 1407)
4(750 1305 2509 1954)
4(820 1306 2510 2024)
4(816 2020 2510 1306)
4(1328 1329 2533 2532)
4(1266 1368 2572 2470)
4(541 1178 2382 1745)
4(693 1399 2603 1897)
4(1340 2544 2603 1399)
4(1178 1360 2564 2382)
4(1224 2428 2653 1449)
4(598 1427 2631 1802)
4(1126 554 1758 2330)
4(1281 1409 2613 2485)
4(1280 1281 2485 2484)
4(548 1752 2429 1225)
4(1371 998 2202 2575)
4(998 1374 2578 2202)
4(825 1308 2512 2029)
4(822 2026 2512 1308)
4(575 1435 2639 1779)
4(1273 1274 2478 2477)
4(1035 2239 2664 1460)
4(811 2015 2547 1343)
4(814 1343 2547 2018)
4(566 1770 2527 1323)
4(564 1323 2527 1768)
4(1158 1246 2450 2362)
4(1158 2362 2528 1324)
4(644 1324 2528 1848)
4(957 2161 2673 1469)
4(797 1296 2500 2001)
4(1088 1280 2484 2292)
4(1176 2380 2637 1433)
4(680 1433 2637 1884)
4(598 1802 2710 1506)
4(1235 1330 2534 2439)
4(1023 1280 2484 2227)
4(661 1865 2691 1487)
4(1274 1434 2638 2478)
4(628 1235 2439 1832)
4(564 1768 2660 1456)
4(571 1302 2506 1775)
4(1236 2440 2506 1302)
4(1236 571 1775 2440)
4(1137 1403 2607 2341)
4(799 2003 2511 1307)
4(802 1307 2511 2006)
4(1450 638 1842 2654)
4(830 1332 2536 2034)
4(827 2031 2536 1332)
4(804 2008 2546 1342)
4(808 1342 2546 2012)
4(923 2127 2585 1381)
4(568 1381 2585 1772)
4(1413 1468 2672 2617)
4(563 1406 2610 1767)
4(733 1186 2390 1937)
4(1017 2221 2623 1419)
4(1016 1419 2623 2220)
4(688 1392 2596 1892)
4(1383 1500 2704 2587)
4(517 1721 2704 1500)
4(1006 2210 2677 1473)
4(1083 1473 2677 2287)
4(857 2061 2526 1322)
4(893 2097 2585 1381)
4(1335 1487 2691 2539)
4(574 1315 2519 1778)
4(576 1780 2519 1315)
4(1496 1505 2709 2700)
4(569 1320 2524 1773)
4(572 1776 2524 1320)
4(1304 1331 2535 2508)
4(1328 571 1775 2532)
4(578 1357 2561 1782)
4(581 1785 2561 1357)
4(1427 2631 2710 1506)
4(1271 2475 2652 1448)
4(671 1448 2652 1875)
4(620 1365 2569 1824)
4(526 1399 2603 1730)
4(441 1645 2625 1421)
4(643 1421 2625 1847)
4(406 1501 2705 1610)
4(1183 2387 2705 1501)
4(653 1857 2458 1254)
4(980 2184 2567 1363)
4(987 1363 2567 2191)
4(724 1407 2611 1928)
4(1426 1464 2668 2630)
4(958 1335 2539 2162)
4(896 2100 2585 1381)
4(1182 2386 2519 1315)
4(1182 1273 2477 2386)
4(1280 1024 2228 2484)
4(1386 602 1806 2590)
4(1321 2525 2635 1431)
4(1302 2506 2532 1328)
4(591 1435 2639 1795)
4(1318 2522 2639 1435)
4(1183 1429 2633 2387)
4(715 1919 2614 1410)
4(717 1410 2614 1921)
4(1336 1499 2703 2540)
4(580 1321 2525 1784)
4(661 1335 2539 1865)
4(1341 2545 2590 1386)
4(1158 428 1632 2362)
4(876 1469 2673 2080)
4(1358 2562 2566 1362)
4(1225 2429 2592 1388)
4(547 1388 2592 1751)
4(669 1386 2590 1873)
4(777 1396 2600 1981)
4(774 1978 2600 1396)
4(639 1412 2616 1843)
4(644 1848 2616 1412)
4(528 1273 2477 1732)
4(768 1972 2622 1418)
4(771 1418 2622 1975)
4(427 1631 2658 1454)
4(429 1454 2658 1633)
4(1220 2424 2701 1497)
4(1222 1497 2701 2426)
4(528 1274 2478 1732)
4(1266 1369 2573 2470)
4(1314 2518 2675 1471)
4(1366 2570 2652 1448)
4(1243 577 1781 2447)
4(545 1749 2686 1482)
4(1388 1482 2686 2592)
4(1382 2586 2704 1500)
4(506 1500 2704 1710)
4(1040 2244 2641 1437)
4(1119 2323 2653 1449)
4(1298 1449 2653 2502)
4(882 1443 2647 2086)
4(921 2125 2506 1302)
4(1420 1448 2652 2624)
4(740 1944 2645 1441)
4(741 1945 2614 1410)
4(1338 2542 2614 1410)
4(1383 1382 2586 2587)
4(726 1930 2644 1440)
4(592 1796 2561 1357)
4(898 2102 2636 1432)
4(896 1432 2636 2100)
4(886 2090 2664 1460)
4(737 1941 2645 1441)
4(1323 2527 2660 1456)
4(1406 2610 2620 1416)
4(548 1369 2573 1752)
4(504 1708 2704 1500)
4(753 1410 2614 1957)
4(1429 2633 2705 1501)
4(880 1443 2647 2084)
4(873 2077 2673 1469)
4(1435 1478 2682 2639)
4(592 1446 2650 1796)
4(548 1388 2592 1752)
4(1421 2625 2646 1442)
4(1482 1483 2687 2686)
4(1381 1432 2636 2585)
4(667 1871 2652 1448)
3(320 699 660)
3(1524 1864 1903)
3(901 1286 881)
3(2105 2085 2490)
3(613 1393 364)
3(1817 1568 2597)
3(616 626 547)
3(1820 1751 1830)
3(100 930 101)
3(293 294 2134)
3(488 511 486)
3(1692 1690 1715)
3(667 1366 665)
3(1871 1869 2570)
3(866 958 863)
3(2070 2067 2162)
3(881 1286 884)
3(2085 2088 2490)
3(908 922 894)
3(2112 2098 2126)
3(766 840 765)
3(1970 1969 2044)
3(1060 1232 1058)
3(2264 2262 2436)
3(558 560 559)
3(1762 1763 1764)
3(759 764 739)
3(1963 1943 1968)
3(1002 1154 834)
3(2206 2038 2358)
3(1220 1332 828)
3(2424 2032 2536)
3(512 747 742)
3(1716 1946 1951)
3(423 1248 422)
3(1627 1626 2452)
3(319 945 672)
3(1523 1876 2149)
3(1258 1263 573)
3(2462 1777 2467)
3(513 1185 519)
3(1717 1723 2389)
3(1147 1291 1219)
3(2351 2423 2495)
3(1123 1376 1110)
3(2327 2314 2580)
3(419 697 393)
3(1623 1597 1901)
3(792 953 784)
3(1996 1988 2157)
3(746 1075 846)
3(1950 2050 2279)
3(452 1051 453)
3(1656 1657 2255)
3(520 1072 1021)
3(1724 2225 2276)
3(600 1230 931)
3(1804 2135 2434)
3(596 1320 528)
3(1800 1732 2524)
3(660 1155 320)
3(1864 1524 2359)
3(1219 1226 1147)
3(2423 2351 2430)
3(1130 1160 556)
3(2334 1760 2364)
3(836 1332 1220)
3(2040 2424 2536)
3(998 1244 993)
3(2202 2197 2448)
3(713 755 710)
3(1917 1914 1959)
3(474 1162 366)
3(1678 1570 2366)
3(784 1316 792)
3(1988 1996 2520)
3(1034 1279 403)
3(2238 1607 2483)
3(1134 1138 1136)
3(2338 2340 2342)
3(908 973 909)
3(2112 2113 2177)
3(733 1187 734)
3(1937 1938 2391)
3(765 840 761)
3(1969 1965 2044)
3(665 1185 513)
3(1869 1717 2389)
3(869 958 866)
3(2073 2070 2162)
3(651 1325 308)
3(1855 1512 2529)
3(401 1104 635)
3(1605 1839 2308)
3(837 1062 984)
3(2041 2188 2266)
3(739 762 759)
3(1943 1963 1966)
3(512 742 110)
3(1716 303 1946)
3(589 1422 1328)
3(1793 2532 2626)
3(402 476 475)
3(1606 1679 1680)
3(966 1411 594)
3(2170 1798 2615)
3(1208 1255 1204)
3(2412 2408 2459)
3(672 945 642)
3(1876 1846 2149)
3(698 1376 1123)
3(1902 2327 2580)
3(621 1107 522)
3(1825 1726 2311)
3(1092 1237 1143)
3(2296 2347 2441)
3(874 1262 878)
3(2078 2082 2466)
3(81 940 82)
3(274 275 2144)
3(1204 1221 1200)
3(2408 2404 2425)
3(834 1163 1002)
3(2038 2206 2367)
3(723 1067 747)
3(1927 1951 2271)
3(562 633 565)
3(1766 1769 1837)
3(637 936 317)
3(1841 1521 2140)
3(101 930 851)
3(294 2055 2134)
3(931 1230 318)
3(2135 1522 2434)
3(652 1325 651)
3(1856 1855 2529)
3(571 1329 916)
3(1775 2120 2533)
3(558 559 507)
3(1762 1711 1763)
3(1309 1365 477)
3(2513 1681 2569)
3(317 1051 637)
3(1521 1841 2255)
3(782 839 778)
3(1986 1982 2043)
3(402 1458 554)
3(1606 1758 2662)
3(618 1391 615)
3(1822 1819 2595)
3(909 973 314)
3(2113 1518 2177)
3(561 603 560)
3(1765 1764 1807)
3(484 488 486)
3(1688 1690 1692)
3(442 1287 1109)
3(1646 2313 2491)
3(770 840 766)
3(1974 1970 2044)
3(787 792 785)
3(1991 1989 1996)
3(510 1127 638)
3(1714 1842 2331)
3(616 1330 626)
3(1820 1830 2534)
3(501 507 503)
3(1705 1707 1711)
3(739 764 736)
3(1943 1940 1968)
3(1020 1297 1018)
3(2224 2222 2501)
3(1204 1210 1208)
3(2408 2412 2414)
3(1036 1262 874)
3(2240 2078 2466)
3(522 1107 1093)
3(1726 2297 2311)
3(859 905 862)
3(2063 2066 2109)
3(342 704 332)
3(1546 1536 1908)
3(856 907 858)
3(2060 2062 2111)
3(389 1084 392)
3(1593 1596 2288)
3(690 1467 689)
3(1894 1893 2671)
3(835 1050 1002)
3(2039 2206 2254)
3(1002 1050 983)
3(2206 2187 2254)
3(920 925 924)
3(2124 2128 2129)
3(1133 1361 1134)
3(2337 2338 2565)
3(716 755 713)
3(1920 1917 1959)
3(903 1106 491)
3(2107 1695 2310)
3(664 695 152)
3(1868 198 1899)
3(626 1225 547)
3(1830 1751 2429)
3(1326 1327 624)
3(2530 1828 2531)
3(792 1408 953)
3(1996 2157 2612)
3(379 402 377)
3(1583 1581 1606)
3(593 1297 1020)
3(1797 2224 2501)
3(681 1486 1353)
3(1885 2557 2690)
3(371 947 925)
3(1575 2129 2151)
3(1194 1201 602)
3(2398 1806 2405)
3(747 1314 723)
3(1951 1927 2518)
3(615 1175 618)
3(1819 1822 2379)
3(1025 1499 1012)
3(2229 2216 2703)
3(552 1387 601)
3(1756 1805 2591)
3(520 1274 1073)
3(1724 2277 2478)
3(475 1507 477)
3(1679 1681 2711)
3(377 474 366)
3(1581 1570 1678)
3(854 946 856)
3(2058 2060 2150)
3(1238 1374 1145)
3(2442 2349 2578)
3(932 1071 108)
3(2136 301 2275)
3(390 404 388)
3(1594 1592 1608)
3(843 1429 537)
3(2047 1741 2633)
3(1187 1193 1188)
3(2391 2392 2397)
3(734 1187 738)
3(1938 1942 2391)
3(785 791 782)
3(1989 1986 1995)
3(905 906 497)
3(2109 1701 2110)
3(665 1366 668)
3(1869 1872 2570)
3(402 475 474)
3(1606 1678 1679)
3(817 1343 1245)
3(2021 2449 2547)
3(666 667 665)
3(1870 1869 1871)
3(495 557 501)
3(1699 1705 1761)
3(1322 1430 855)
3(2526 2059 2634)
3(689 749 690)
3(1893 1894 1953)
3(887 891 889)
3(2091 2093 2095)
3(331 333 332)
3(1535 1536 1537)
3(488 1503 511)
3(1692 1715 2707)
3(1097 1230 935)
3(2301 2139 2434)
3(328 331 330)
3(1532 1534 1535)
3(529 969 968)
3(1733 2172 2173)
3(560 1416 559)
3(1764 1763 2620)
3(511 597 539)
3(1715 1743 1801)
3(897 922 908)
3(2101 2112 2126)
3(855 1430 611)
3(2059 1815 2634)
3(1127 1485 520)
3(2331 1724 2689)
3(607 850 848)
3(1811 2052 2054)
3(782 1184 839)
3(1986 2043 2388)
3(545 551 549)
3(1749 1753 1755)
3(476 1507 475)
3(1680 1679 2711)
3(853 854 611)
3(2057 1815 2058)
3(557 558 507)
3(1761 1711 1762)
3(925 1400 371)
3(2129 1575 2604)
3(484 486 485)
3(1688 1689 1690)
3(498 1377 867)
3(1702 2071 2581)
3(1012 1042 1025)
3(2216 2229 2246)
3(424 696 419)
3(1628 1623 1900)
3(422 1248 419)
3(1626 1623 2452)
3(1135 1403 432)
3(2339 1636 2607)
3(1364 1372 996)
3(2568 2200 2576)
3(395 1084 389)
3(1599 1593 2288)
3(778 789 776)
3(1982 1980 1993)
3(861 1303 860)
3(2065 2064 2507)
3(392 1084 394)
3(1596 1598 2288)
3(517 1383 621)
3(1721 1825 2587)
3(326 328 327)
3(1530 1531 1532)
3(884 890 885)
3(2088 2089 2094)
3(480 484 483)
3(1684 1687 1688)
3(867 1086 498)
3(2071 1702 2290)
3(101 851 102)
3(294 295 2055)
3(431 684 325)
3(1635 1529 1888)
3(581 1468 582)
3(1785 1786 2672)
3(606 609 604)
3(1810 1808 1813)
3(597 691 650)
3(1801 1854 1895)
3(457 1171 1034)
3(1661 2238 2375)
3(551 1387 552)
3(1755 1756 2591)
3(721 753 748)
3(1925 1952 1957)
3(511 1239 597)
3(1715 1801 2443)
3(388 542 384)
3(1592 1588 1746)
3(1038 1040 1025)
3(2242 2229 2244)
3(692 1239 955)
3(1896 2159 2443)
3(1109 1287 1172)
3(2313 2376 2491)
3(755 932 710)
3(1959 1914 2136)
3(696 697 419)
3(1900 1623 1901)
3(746 749 714)
3(1950 1918 1953)
3(364 1393 1074)
3(1568 2278 2597)
3(687 1033 450)
3(1891 1654 2237)
3(773 790 770)
3(1977 1974 1994)
3(1146 1372 1364)
3(2350 2568 2576)
3(754 1161 512)
3(1958 1716 2365)
3(457 1034 952)
3(1661 2156 2238)
3(1068 1443 563)
3(2272 1767 2647)
3(1271 1305 668)
3(2475 1872 2509)
3(854 856 855)
3(2058 2059 2060)
3(404 1483 543)
3(1608 1747 2687)
3(923 1077 888)
3(2127 2092 2281)
3(330 675 327)
3(1534 1531 1879)
3(559 1416 562)
3(1763 1766 2620)
3(635 1104 685)
3(1839 1889 2308)
3(1211 1221 1204)
3(2415 2408 2425)
3(934 935 466)
3(2138 1670 2139)
3(524 665 513)
3(1728 1717 1869)
3(862 904 865)
3(2066 2069 2108)
3(671 1270 751)
3(1875 1955 2474)
3(334 930 100)
3(1538 293 2134)
3(308 1250 651)
3(1512 1855 2454)
3(589 1328 921)
3(1793 2125 2532)
3(1203 1204 1200)
3(2407 2404 2408)
3(609 1303 604)
3(1813 1808 2507)
3(792 1316 785)
3(1996 1989 2520)
3(881 884 883)
3(2085 2087 2088)
3(800 1296 1206)
3(2004 2410 2500)
3(890 1106 903)
3(2094 2107 2310)
3(862 865 863)
3(2066 2067 2069)
3(1091 1232 1060)
3(2295 2264 2436)
3(364 1166 613)
3(1568 1817 2370)
3(1134 1136 1135)
3(2338 2339 2340)
3(919 924 589)
3(2123 1793 2128)
3(1025 1042 1038)
3(2229 2242 2246)
3(1221 1224 1200)
3(2425 2404 2428)
3(335 367 343)
3(1539 1547 1571)
3(961 1286 901)
3(2165 2105 2490)
3(979 1063 981)
3(2183 2185 2267)
3(394 1084 415)
3(1598 1619 2288)
3(333 335 332)
3(1537 1536 1539)
3(427 1246 423)
3(1631 1627 2450)
3(887 1277 891)
3(2091 2095 2481)
3(404 543 542)
3(1608 1746 1747)
3(331 332 330)
3(1535 1534 1536)
3(847 1132 846)
3(2051 2050 2336)
3(563 1069 1068)
3(1767 2272 2273)
3(544 1483 404)
3(1748 1608 2687)
3(785 1316 791)
3(1989 1995 2520)
3(325 684 310)
3(1529 1514 1888)
3(856 858 857)
3(2060 2061 2062)
3(630 1214 1212)
3(1834 2416 2418)
3(1192 1269 752)
3(2396 1956 2473)
3(578 1431 580)
3(1782 1784 2635)
3(920 924 919)
3(2124 2123 2128)
3(633 1077 565)
3(1837 1769 2281)
3(328 330 327)
3(1532 1531 1534)
3(486 539 487)
3(1690 1691 1743)
3(591 1227 966)
3(1795 2170 2431)
3(604 1487 603)
3(1808 1807 2691)
3(879 901 881)
3(2083 2085 2105)
3(510 638 530)
3(1714 1734 1842)
3(1070 1435 585)
3(2274 1789 2639)
3(1186 1192 1187)
3(2390 2391 2396)
3(495 1327 557)
3(1699 1761 2531)
3(621 1299 517)
3(1825 1721 2503)
3(492 1286 961)
3(1696 2165 2490)
3(755 1071 932)
3(1959 2136 2275)
3(897 908 899)
3(2101 2103 2112)
3(345 369 347)
3(1549 1551 1573)
3(606 1430 609)
3(1810 1813 2634)
3(537 1429 533)
3(1741 1737 2633)
3(642 945 316)
3(1846 1520 2149)
3(1245 1252 817)
3(2449 2021 2456)
3(619 1240 414)
3(1823 1618 2444)
3(1353 1486 307)
3(2557 1511 2690)
3(512 1161 747)
3(1716 1951 2365)
3(330 704 675)
3(1534 1879 1908)
3(1204 1444 1211)
3(2408 2415 2648)
3(724 725 723)
3(1928 1927 1929)
3(450 1098 687)
3(1654 1891 2302)
3(637 1051 452)
3(1841 1656 2255)
3(718 754 716)
3(1922 1920 1958)
3(607 851 850)
3(1811 2054 2055)
3(787 793 792)
3(1991 1996 1997)
3(874 878 877)
3(2078 2081 2082)
3(745 1165 842)
3(1949 2046 2369)
3(1238 1244 998)
3(2442 2202 2448)
3(681 1353 682)
3(1885 1886 2557)
3(891 892 889)
3(2095 2093 2096)
3(484 1365 1290)
3(1688 2494 2569)
3(751 1270 752)
3(1955 1956 2474)
3(440 1324 428)
3(1644 1632 2528)
3(1077 1460 888)
3(2281 2092 2664)
3(891 902 892)
3(2095 2096 2106)
3(366 1162 341)
3(1570 1545 2366)
3(332 704 330)
3(1536 1534 1908)
3(81 1300 940)
3(274 2144 2504)
3(628 1330 616)
3(1832 1820 2534)
3(971 1095 595)
3(2175 1799 2299)
3(341 373 339)
3(1545 1543 1577)
3(994 1002 983)
3(2198 2187 2206)
3(316 1114 642)
3(1520 1846 2318)
3(428 1246 427)
3(1632 1631 2450)
3(323 324 310)
3(1527 1514 1528)
3(580 1468 581)
3(1784 1785 2672)
3(413 419 393)
3(1617 1597 1623)
3(1171 1279 1034)
3(2375 2238 2483)
3(513 1503 488)
3(1717 1692 2707)
3(925 947 927)
3(2129 2131 2151)
3(453 1051 465)
3(1657 1669 2255)
3(783 1288 786)
3(1987 1990 2492)
3(326 327 325)
3(1530 1529 1531)
3(859 862 861)
3(2063 2065 2066)
3(687 1098 304)
3(1891 1508 2302)
3(828 1253 1220)
3(2032 2424 2457)
3(1218 1235 1219)
3(2422 2423 2439)
3(343 531 345)
3(1547 1549 1735)
3(1136 1141 1140)
3(2340 2344 2345)
3(806 1307 1207)
3(2010 2411 2511)
3(1146 1364 1147)
3(2350 2351 2568)
3(402 474 377)
3(1606 1581 1678)
3(477 480 479)
3(1681 1683 1684)
3(1237 1238 1145)
3(2441 2349 2442)
3(528 1405 596)
3(1732 1800 2609)
3(1472 1477 960)
3(2676 2164 2681)
3(558 561 560)
3(1762 1764 1765)
3(545 1369 551)
3(1749 1755 2573)
3(594 1243 966)
3(1798 2170 2447)
3(664 1506 695)
3(1868 1899 2710)
3(493 1124 902)
3(1697 2106 2328)
3(812 1342 1223)
3(2016 2427 2546)
3(764 1447 736)
3(1968 1940 2651)
3(884 885 883)
3(2088 2087 2089)
3(82 940 491)
3(275 1695 2144)
3(595 1428 971)
3(1799 2175 2632)
3(329 1036 900)
3(1533 2104 2240)
3(885 903 887)
3(2089 2091 2107)
3(895 922 897)
3(2099 2101 2126)
3(689 1467 610)
3(1893 1814 2671)
3(1047 1074 469)
3(2251 1673 2278)
3(1115 1463 645)
3(2319 1849 2667)
3(1200 1224 1196)
3(2404 2400 2428)
3(587 1413 1095)
3(1791 2299 2617)
3(549 1483 545)
3(1753 1749 2687)
3(960 1477 805)
3(2164 2009 2681)
3(102 851 607)
3(295 1811 2055)
3(603 1275 560)
3(1807 1764 2479)
3(1278 1486 649)
3(2482 1853 2690)
3(1047 1261 1074)
3(2251 2278 2465)
3(957 958 869)
3(2161 2073 2162)
3(720 1161 718)
3(1924 1922 2365)
3(982 1062 837)
3(2186 2041 2266)
3(561 604 603)
3(1765 1807 1808)
3(69 947 70)
3(262 263 2151)
3(557 1326 558)
3(1761 1762 2530)
3(324 326 325)
3(1528 1529 1530)
3(903 1277 887)
3(2107 2091 2481)
3(725 1067 723)
3(1929 1927 2271)
3(333 938 335)
3(1537 1539 2142)
3(842 1165 727)
3(2046 1931 2369)
3(562 1406 633)
3(1766 1837 2610)
3(318 1230 1097)
3(1522 2301 2434)
3(613 1166 458)
3(1817 1662 2370)
3(894 973 908)
3(2098 2112 2177)
3(497 1367 905)
3(1701 2109 2571)
3(511 539 486)
3(1715 1690 1743)
3(994 1154 1002)
3(2198 2206 2358)
3(674 1405 503)
3(1878 1707 2609)
3(113 323 310)
3(159 1514 1527)
3(1424 1463 1115)
3(2628 2319 2667)
3(1145 1374 1146)
3(2349 2350 2578)
3(501 557 507)
3(1705 1711 1761)
3(507 674 503)
3(1711 1707 1878)
3(702 1152 464)
3(1906 1668 2356)
3(506 1434 508)
3(1710 1712 2638)
3(1371 1372 1146)
3(2575 2350 2576)
3(496 1452 904)
3(1700 2108 2656)
3(848 928 607)
3(2052 1811 2132)
3(858 906 905)
3(2062 2109 2110)
3(1080 1082 449)
3(2284 1653 2286)
3(702 1054 636)
3(1906 1840 2258)
3(586 941 927)
3(1790 2131 2145)
3(569 1329 570)
3(1773 1774 2533)
3(1263 1423 573)
3(2467 1777 2627)
3(720 1314 1161)
3(1924 2365 2518)
3(495 501 500)
3(1699 1704 1705)
3(577 1431 578)
3(1781 1782 2635)
3(640 1361 1133)
3(1844 2337 2565)
3(878 1156 879)
3(2082 2083 2360)
3(833 1231 982)
3(2037 2186 2435)
3(602 1387 1368)
3(1806 2572 2591)
3(865 867 866)
3(2069 2070 2071)
3(487 494 490)
3(1691 1694 1698)
3(669 1420 667)
3(1873 1871 2624)
3(519 1503 513)
3(1723 1717 2707)
3(937 942 585)
3(2141 1789 2146)
3(484 485 483)
3(1688 1687 1689)
3(61 969 529)
3(254 1733 2173)
3(557 1327 1326)
3(1761 2530 2531)
3(904 1452 865)
3(2108 2069 2656)
3(691 1392 650)
3(1895 1854 2596)
3(539 1234 487)
3(1743 1691 2438)
3(704 1259 675)
3(1908 1879 2463)
3(747 1067 742)
3(1951 1946 2271)
3(778 839 789)
3(1982 1993 2043)
3(858 905 859)
3(2062 2063 2109)
3(790 1122 840)
3(1994 2044 2326)
3(992 1003 1000)
3(2196 2204 2207)
3(322 1097 935)
3(1526 2139 2301)
3(722 1471 720)
3(1926 1924 2675)
3(983 1050 978)
3(2187 2182 2254)
3(442 1470 1287)
3(1646 2491 2674)
3(1321 1337 595)
3(2525 1799 2541)
3(542 1268 384)
3(1746 1588 2472)
3(324 1076 646)
3(1528 1850 2280)
3(631 1351 841)
3(1835 2045 2555)
3(920 1400 925)
3(2124 2129 2604)
3(576 1318 577)
3(1780 1781 2522)
3(1069 1275 662)
3(2273 1866 2479)
3(404 1493 1319)
3(1608 2523 2697)
3(969 1428 968)
3(2173 2172 2632)
3(1301 1393 619)
3(2505 1823 2597)
3(1092 1445 1089)
3(2296 2293 2649)
3(615 1391 623)
3(1819 1827 2595)
3(791 1184 782)
3(1995 1986 2388)
3(1276 1463 349)
3(2480 1553 2667)
3(152 1464 664)
3(198 1868 2668)
3(730 756 525)
3(1934 1729 1960)
3(751 1271 671)
3(1955 1875 2475)
3(972 1011 587)
3(2176 1791 2215)
3(868 871 870)
3(2072 2074 2075)
3(900 1385 329)
3(2104 1533 2589)
3(567 1329 569)
3(1771 1773 2533)
3(1151 1257 1149)
3(2355 2353 2461)
3(1309 1507 478)
3(2513 1682 2711)
3(1102 1122 790)
3(2306 1994 2326)
3(404 542 388)
3(1608 1592 1746)
3(389 390 388)
3(1593 1592 1594)
3(901 1156 961)
3(2105 2165 2360)
3(351 1463 374)
3(1555 1578 2667)
3(962 1375 1351)
3(2166 2555 2579)
3(635 1398 401)
3(1839 1605 2602)
3(324 325 310)
3(1528 1514 1529)
3(1080 1283 1082)
3(2284 2286 2487)
3(572 1422 573)
3(1776 1777 2626)
3(38 1256 838)
3(231 2042 2460)
3(345 531 369)
3(1549 1573 1735)
3(1138 1295 1136)
3(2342 2340 2499)
3(1202 1225 1203)
3(2406 2407 2429)
3(1020 1450 1021)
3(2224 2225 2654)
3(837 841 832)
3(2041 2036 2045)
3(336 337 333)
3(1540 1537 1541)
3(574 1423 575)
3(1778 1779 2627)
3(805 1477 818)
3(2009 2022 2681)
3(477 1507 1309)
3(1681 2513 2711)
3(1213 1245 1209)
3(2417 2413 2449)
3(473 653 599)
3(1677 1803 1857)
3(838 1311 38)
3(2042 231 2515)
3(487 1234 494)
3(1691 1698 2438)
3(752 842 727)
3(1956 1931 2046)
3(1139 1281 1138)
3(2343 2342 2485)
3(908 909 899)
3(2112 2103 2113)
3(476 694 478)
3(1680 1682 1898)
3(878 1334 1156)
3(2082 2360 2538)
3(845 928 848)
3(2049 2052 2132)
3(1143 1294 1092)
3(2347 2296 2498)
3(501 503 502)
3(1705 1706 1707)
3(773 1397 790)
3(1977 1994 2601)
3(334 1282 930)
3(1538 2134 2486)
3(562 565 564)
3(1766 1768 1769)
3(754 755 716)
3(1958 1920 1959)
3(927 947 586)
3(2131 1790 2151)
3(670 1420 669)
3(1874 1873 2624)
3(575 1318 576)
3(1779 1780 2522)
3(464 1359 702)
3(1668 1906 2563)
3(1099 1436 321)
3(2303 1525 2640)
3(646 1076 648)
3(1850 1852 2280)
3(456 1417 468)
3(1660 1672 2621)
3(1139 1361 1313)
3(2343 2517 2565)
3(466 1489 934)
3(1670 2138 2693)
3(675 1259 677)
3(1879 1881 2463)
3(422 427 423)
3(1626 1627 1631)
3(335 343 342)
3(1539 1546 1547)
3(477 479 475)
3(1681 1679 1683)
3(776 1085 773)
3(1980 1977 2289)
3(414 1301 619)
3(1618 1823 2505)
3(1136 1295 1141)
3(2340 2345 2499)
3(772 929 839)
3(1976 2043 2133)
3(1228 1242 1049)
3(2432 2253 2446)
3(918 1267 590)
3(2122 1794 2471)
3(1220 1222 836)
3(2424 2040 2426)
3(305 1054 702)
3(1509 1906 2258)
3(387 388 384)
3(1591 1588 1592)
3(934 1489 1157)
3(2138 2361 2693)
3(1021 1127 520)
3(2225 1724 2331)
3(570 1422 572)
3(1774 1776 2626)
3(685 1104 411)
3(1889 1615 2308)
3(589 921 919)
3(1793 2123 2125)
3(503 1405 505)
3(1707 1709 2609)
3(672 1096 319)
3(1876 1523 2300)
3(803 809 801)
3(2007 2005 2013)
3(1215 1497 1219)
3(2419 2423 2701)
3(905 1367 862)
3(2109 2066 2571)
3(315 686 146)
3(1519 192 1890)
3(573 1423 574)
3(1777 1778 2627)
3(1143 1145 1144)
3(2347 2348 2349)
3(930 1282 946)
3(2134 2150 2486)
3(1110 1376 625)
3(2314 1829 2580)
3(321 1436 1076)
3(1525 2280 2640)
3(853 864 849)
3(2057 2053 2068)
3(987 994 983)
3(2191 2187 2198)
3(343 1293 531)
3(1547 1735 2497)
3(815 818 813)
3(2019 2017 2022)
3(413 422 419)
3(1617 1623 1626)
3(1141 1143 1142)
3(2345 2346 2347)
3(1209 1245 1223)
3(2413 2427 2449)
3(630 1218 1214)
3(1834 2418 2422)
3(995 999 994)
3(2199 2198 2203)
3(155 699 320)
3(201 1524 1903)
3(343 345 344)
3(1547 1548 1549)
3(1139 1312 1281)
3(2343 2485 2516)
3(703 1417 456)
3(1907 1660 2621)
3(327 675 431)
3(1531 1635 1879)
3(1206 1207 800)
3(2410 2004 2411)
3(379 1458 402)
3(1583 1606 2662)
3(878 879 877)
3(2082 2081 2083)
3(925 927 926)
3(2129 2130 2131)
3(611 864 853)
3(1815 2057 2068)
3(790 840 770)
3(1994 1974 2044)
3(304 1098 1045)
3(1508 2249 2302)
3(846 1132 746)
3(2050 1950 2336)
3(736 1055 732)
3(1940 1936 2259)
3(824 838 821)
3(2028 2025 2042)
3(477 1365 480)
3(1681 1684 2569)
3(1157 1489 470)
3(2361 1674 2693)
3(505 1434 506)
3(1709 1710 2638)
3(856 1282 907)
3(2060 2111 2486)
3(22 929 772)
3(215 1976 2133)
3(597 1490 691)
3(1801 1895 2694)
3(0 1356 745)
3(9 1949 2560)
3(1013 1336 1015)
3(2217 2219 2540)
3(890 903 885)
3(2094 2089 2107)
3(1219 1235 1113)
3(2423 2317 2439)
3(116 313 117)
3(162 163 1517)
3(113 310 114)
3(159 160 1514)
3(153 309 154)
3(199 200 1513)
3(127 307 128)
3(173 174 1511)
3(130 308 131)
3(176 177 1512)
3(1085 1397 773)
3(2289 1977 2601)
3(823 1306 1252)
3(2027 2456 2510)
3(378 379 377)
3(1582 1581 1583)
3(373 1455 339)
3(1577 1543 2659)
3(150 311 151)
3(196 197 1515)
3(432 1247 1246)
3(1636 2450 2451)
3(70 947 371)
3(263 1575 2151)
3(586 947 69)
3(1790 262 2151)
3(30 1174 809)
3(223 2013 2378)
3(331 336 333)
3(1535 1537 1540)
3(566 1451 567)
3(1770 1771 2655)
3(675 677 676)
3(1879 1880 1881)
3(842 1496 745)
3(2046 1949 2700)
3(871 900 872)
3(2075 2076 2104)
3(326 396 328)
3(1530 1532 1600)
3(486 487 485)
3(1690 1689 1691)
3(961 1156 875)
3(2165 2079 2360)
3(1029 1373 1131)
3(2233 2335 2577)
3(1134 1135 1133)
3(2338 2337 2339)
3(310 684 114)
3(1514 160 1888)
3(962 1351 631)
3(2166 1835 2555)
3(512 1071 754)
3(1716 1958 2275)
3(771 773 770)
3(1975 1974 1977)
3(1025 1087 1022)
3(2229 2226 2291)
3(376 377 366)
3(1580 1570 1581)
3(345 347 346)
3(1549 1550 1551)
3(725 1165 1067)
3(1929 2271 2369)
3(396 1129 328)
3(1600 1532 2333)
3(811 813 810)
3(2015 2014 2017)
3(1197 1395 670)
3(2401 1874 2599)
3(902 1124 892)
3(2106 2096 2328)
3(610 1430 606)
3(1814 1810 2634)
3(692 1490 597)
3(1896 1801 2694)
3(726 727 725)
3(1930 1929 1931)
3(520 1485 1274)
3(1724 2478 2689)
3(661 1303 861)
3(1865 2065 2507)
3(902 1300 493)
3(2106 1697 2504)
3(597 650 539)
3(1801 1743 1854)
3(121 701 316)
3(167 1520 1905)
3(758 764 759)
3(1962 1963 1968)
3(419 1248 424)
3(1623 1628 2452)
3(999 1154 994)
3(2203 2198 2358)
3(668 1305 954)
3(1872 2158 2509)
3(871 872 870)
3(2075 2074 2076)
3(1010 1042 1012)
3(2214 2216 2246)
3(777 778 776)
3(1981 1980 1982)
3(793 1408 792)
3(1997 1996 2612)
3(1252 1253 823)
3(2456 2027 2457)
3(839 929 789)
3(2043 1993 2133)
3(480 1365 484)
3(1684 1688 2569)
3(480 483 482)
3(1684 1686 1687)
3(550 616 547)
3(1754 1751 1820)
3(847 1180 1132)
3(2051 2336 2384)
3(818 1504 805)
3(2022 2009 2708)
3(911 917 913)
3(2115 2117 2121)
3(338 339 337)
3(1542 1541 1543)
3(656 1117 663)
3(1860 1867 2321)
3(147 304 148)
3(193 194 1508)
3(119 707 305)
3(165 1509 1911)
3(597 1239 692)
3(1801 1896 2443)
3(475 673 474)
3(1679 1678 1877)
3(1149 1229 1151)
3(2353 2355 2433)
3(666 669 667)
3(1870 1871 1873)
3(334 1181 907)
3(1538 2111 2385)
3(1207 1223 806)
3(2411 2010 2427)
3(751 1440 1271)
3(1955 2475 2644)
3(809 1414 30)
3(2013 223 2618)
3(992 1000 997)
3(2196 2201 2204)
3(723 1471 722)
3(1927 1926 2675)
3(892 1124 895)
3(2096 2099 2328)
3(551 552 549)
3(1755 1753 1756)
3(795 796 793)
3(1999 1997 2000)
3(147 686 304)
3(193 1508 1890)
3(1108 1360 1107)
3(2312 2311 2564)
3(730 1055 756)
3(1934 1960 2259)
3(797 798 796)
3(2001 2000 2002)
3(686 687 304)
3(1890 1508 1891)
3(836 1231 833)
3(2040 2037 2435)
3(673 1474 373)
3(1877 1577 2678)
3(467 1393 1301)
3(1671 2505 2597)
3(307 1486 1278)
3(1511 2482 2690)
3(841 1384 631)
3(2045 1835 2588)
3(525 756 11)
3(1729 204 1960)
3(804 807 803)
3(2008 2007 2011)
3(861 1492 661)
3(2065 1865 2696)
3(1193 1395 1197)
3(2397 2401 2599)
3(761 939 765)
3(1965 1969 2143)
3(374 1463 1424)
3(1578 2628 2667)
3(108 1071 109)
3(301 302 2275)
3(554 694 476)
3(1758 1680 1898)
3(21 929 22)
3(214 215 2133)
3(803 1459 809)
3(2007 2013 2663)
3(468 1278 649)
3(1672 1853 2482)
3(309 699 154)
3(1513 200 1903)
3(906 1390 497)
3(2110 1701 2594)
3(549 1125 543)
3(1753 1747 2329)
3(789 1462 776)
3(1993 1980 2666)
3(626 1362 1203)
3(1830 2407 2566)
3(809 1459 1414)
3(2013 2618 2663)
3(865 866 863)
3(2069 2067 2070)
3(688 689 610)
3(1892 1814 1893)
3(305 702 701)
3(1509 1905 1906)
3(638 1480 639)
3(1842 1843 2684)
3(922 1066 894)
3(2126 2098 2270)
3(643 706 374)
3(1847 1578 1910)
3(714 749 741)
3(1918 1945 1953)
3(841 1351 832)
3(2045 2036 2555)
3(351 374 353)
3(1555 1557 1578)
3(815 1415 818)
3(2019 2022 2619)
3(816 819 815)
3(2020 2019 2023)
3(342 1167 704)
3(1546 1908 2371)
3(677 679 678)
3(1881 1882 1883)
3(791 1316 950)
3(1995 2154 2520)
3(774 776 773)
3(1978 1977 1980)
3(153 695 309)
3(199 1513 1899)
3(1001 1371 1370)
3(2205 2574 2575)
3(1459 1472 627)
3(2663 1831 2676)
3(390 1493 404)
3(1594 1608 2697)
3(1030 1084 395)
3(2234 1599 2288)
3(799 801 798)
3(2003 2002 2005)
3(1022 1499 1025)
3(2226 2229 2703)
3(862 863 861)
3(2066 2065 2067)
3(1038 1042 1037)
3(2242 2241 2246)
3(374 1424 643)
3(1578 1847 2628)
3(722 724 723)
3(1926 1927 1928)
3(892 895 893)
3(2096 2097 2099)
3(913 1267 918)
3(2117 2122 2471)
3(830 832 829)
3(2034 2033 2036)
3(14 758 546)
3(207 1750 1962)
3(872 1036 874)
3(2076 2078 2240)
3(602 1368 1198)
3(1806 2402 2572)
3(478 1507 476)
3(1682 1680 2711)
3(653 654 599)
3(1857 1803 1858)
3(130 703 308)
3(176 1512 1907)
3(949 1310 601)
3(2153 1805 2514)
3(916 1451 568)
3(2120 1772 2655)
3(879 1156 901)
3(2083 2105 2360)
3(321 1076 323)
3(1525 1527 2280)
3(768 770 766)
3(1972 1970 1974)
3(758 759 546)
3(1962 1750 1963)
3(119 305 120)
3(165 166 1509)
3(553 1125 549)
3(1757 1753 2329)
3(618 1402 1391)
3(1822 2595 2606)
3(494 495 490)
3(1698 1694 1699)
3(1131 1373 1000)
3(2335 2204 2577)
3(1165 1356 1067)
3(2369 2271 2560)
3(765 939 760)
3(1969 1964 2143)
3(455 1030 473)
3(1659 1677 2234)
3(833 837 832)
3(2037 2036 2041)
3(1313 1361 641)
3(2517 1845 2565)
3(783 785 782)
3(1987 1986 1989)
3(415 1084 451)
3(1619 1655 2288)
3(820 821 819)
3(2024 2023 2025)
3(981 1364 1363)
3(2185 2567 2568)
3(934 1157 315)
3(2138 1519 2361)
3(980 983 978)
3(2184 2182 2187)
3(621 1383 1108)
3(1825 2312 2587)
3(1196 1284 1191)
3(2400 2395 2488)
3(582 1491 583)
3(1786 1787 2695)
3(825 826 824)
3(2029 2028 2030)
3(749 1132 690)
3(1953 1894 2336)
3(321 323 112)
3(1525 158 1527)
3(305 701 120)
3(1509 166 1905)
3(822 824 821)
3(2026 2025 2028)
3(786 1288 1205)
3(1990 2409 2492)
3(440 1340 693)
3(1644 1897 2544)
3(1073 1446 1072)
3(2277 2276 2650)
3(944 1242 1228)
3(2148 2432 2446)
3(827 829 826)
3(2031 2030 2033)
3(951 1096 672)
3(2155 1876 2300)
3(779 782 778)
3(1983 1982 1986)
3(891 940 902)
3(2095 2106 2144)
3(355 706 358)
3(1559 1562 1910)
3(700 843 537)
3(1904 1741 2047)
3(1203 1225 626)
3(2407 1830 2429)
3(1013 1491 587)
3(2217 1791 2695)
3(491 1277 903)
3(1695 2107 2481)
3(656 663 658)
3(1860 1862 1867)
3(802 803 801)
3(2006 2005 2007)
3(844 928 845)
3(2048 2049 2132)
3(727 1165 725)
3(1931 1929 2369)
3(810 1477 1472)
3(2014 2676 2681)
3(999 1373 1029)
3(2203 2233 2577)
3(742 1356 0)
3(1946 9 2560)
3(367 1293 343)
3(1571 1547 2497)
3(911 913 912)
3(2115 2116 2117)
3(786 787 785)
3(1990 1989 1991)
3(916 1329 567)
3(2120 1771 2533)
3(510 1485 1127)
3(1714 2331 2689)
3(602 1198 1194)
3(1806 2398 2402)
3(851 852 850)
3(2055 2054 2056)
3(335 938 367)
3(1539 1571 2142)
3(909 911 910)
3(2113 2114 2115)
3(1207 1307 800)
3(2411 2004 2511)
3(818 1415 1103)
3(2022 2307 2619)
3(918 920 919)
3(2122 2123 2124)
3(927 941 937)
3(2131 2141 2145)
3(429 440 428)
3(1633 1632 1644)
3(814 815 813)
3(2018 2017 2019)
3(508 1485 509)
3(1712 1713 2689)
3(411 1105 685)
3(1615 1889 2309)
3(112 323 113)
3(158 159 1527)
3(387 389 388)
3(1591 1592 1593)
3(717 718 716)
3(1921 1920 1922)
3(689 1490 757)
3(1893 1961 2694)
3(60 969 61)
3(253 254 2173)
3(324 646 326)
3(1528 1530 1850)
3(824 1350 838)
3(2028 2042 2554)
3(1033 1317 450)
3(2237 1654 2521)
3(913 918 914)
3(2117 2118 2122)
3(104 844 105)
3(297 298 2048)
3(1350 1375 632)
3(2554 1836 2579)
3(966 1243 591)
3(2170 1795 2447)
3(809 1346 801)
3(2013 2005 2550)
3(1117 1287 663)
3(2321 1867 2491)
3(933 934 315)
3(2137 1519 2138)
3(380 1408 1378)
3(1584 2582 2612)
3(715 716 713)
3(1919 1917 1920)
3(551 1369 1368)
3(1755 2572 2573)
3(838 1349 821)
3(2042 2025 2553)
3(314 1481 909)
3(1518 2113 2685)
3(381 382 379)
3(1585 1583 1586)
3(1143 1237 1145)
3(2347 2349 2441)
3(760 939 546)
3(1964 1750 2143)
3(420 1003 986)
3(1624 2190 2207)
3(1223 1342 806)
3(2427 2010 2546)
3(867 868 866)
3(2071 2070 2072)
3(1138 1409 1295)
3(2342 2499 2613)
3(950 1316 784)
3(2154 1988 2520)
3(808 810 807)
3(2012 2011 2014)
3(587 1491 1413)
3(1791 2617 2695)
3(573 1422 1258)
3(1777 2462 2626)
3(854 855 611)
3(2058 1815 2059)
3(523 524 513)
3(1727 1717 1728)
3(941 943 942)
3(2145 2146 2147)
3(668 1366 1271)
3(1872 2475 2570)
3(145 933 315)
3(191 1519 2137)
3(907 1282 334)
3(2111 1538 2486)
3(1117 1177 1170)
3(2321 2374 2381)
3(494 1327 495)
3(1698 1699 2531)
3(867 1377 868)
3(2071 2072 2581)
3(1020 1021 593)
3(2224 1797 2225)
3(1271 1440 750)
3(2475 1954 2644)
3(858 907 906)
3(2062 2110 2111)
3(607 928 103)
3(1811 296 2132)
3(818 1477 813)
3(2022 2017 2681)
3(104 928 844)
3(297 2048 2132)
3(118 707 119)
3(164 165 1911)
3(611 1467 864)
3(1815 2068 2671)
3(897 899 898)
3(2101 2102 2103)
3(911 1481 917)
3(2115 2121 2685)
3(587 1095 972)
3(1791 2176 2299)
3(1328 1422 570)
3(2532 1774 2626)
3(1400 1404 1027)
3(2604 2231 2608)
3(848 850 849)
3(2052 2053 2054)
3(1136 1140 1137)
3(2340 2341 2344)
3(1141 1142 1140)
3(2345 2344 2346)
3(1193 1197 1188)
3(2397 2392 2401)
3(907 1181 906)
3(2111 2110 2385)
3(114 684 115)
3(160 161 1888)
3(701 1359 316)
3(1905 1520 2563)
3(895 1502 922)
3(2099 2126 2706)
3(1113 1226 1219)
3(2317 2423 2430)
3(1291 1364 1065)
3(2495 2269 2568)
3(895 897 896)
3(2099 2100 2101)
3(333 1331 938)
3(1537 2142 2535)
3(1201 1341 602)
3(2405 1806 2545)
3(12 756 743)
3(205 1947 1960)
3(455 473 472)
3(1659 1676 1677)
3(531 1107 369)
3(1735 1573 2311)
3(1093 1107 531)
3(2297 1735 2311)
3(335 342 332)
3(1539 1536 1546)
3(590 1404 918)
3(1794 2122 2608)
3(1140 1345 1251)
3(2344 2455 2549)
3(575 576 574)
3(1779 1778 1780)
3(1107 1360 369)
3(2311 1573 2564)
3(904 1241 496)
3(2108 1700 2445)
3(580 581 578)
3(1784 1782 1785)
3(570 572 569)
3(1774 1773 1776)
3(577 578 576)
3(1781 1780 1782)
3(473 599 598)
3(1677 1802 1803)
3(129 703 130)
3(175 176 1907)
3(1187 1188 738)
3(2391 1942 2392)
3(641 1450 1020)
3(1845 2224 2654)
3(810 1472 807)
3(2014 2011 2676)
3(1223 1245 812)
3(2427 2016 2449)
3(103 928 104)
3(296 297 2132)
3(779 1288 783)
3(1983 1987 2492)
3(1045 1098 462)
3(2249 1666 2302)
3(573 574 572)
3(1777 1776 1778)
3(152 695 153)
3(198 199 1899)
3(940 1300 902)
3(2144 2106 2504)
3(337 1331 333)
3(1541 1537 2535)
3(317 936 137)
3(1521 183 2140)
3(402 554 476)
3(1606 1680 1758)
3(856 857 855)
3(2060 2059 2061)
3(464 1105 459)
3(1668 1663 2309)
3(501 502 500)
3(1705 1704 1706)
3(464 1152 1105)
3(1668 2309 2356)
3(925 926 924)
3(2129 2128 2130)
3(950 1184 791)
3(2154 1995 2388)
3(986 1003 992)
3(2190 2196 2207)
3(145 315 146)
3(191 192 1519)
3(838 1350 1311)
3(2042 2515 2554)
3(917 1401 74)
3(2121 267 2605)
3(840 1122 761)
3(2044 1965 2326)
3(140 931 318)
3(186 1522 2135)
3(107 932 108)
3(300 301 2136)
3(146 686 147)
3(192 193 1890)
3(13 758 14)
3(206 207 1962)
3(935 1230 466)
3(2139 1670 2434)
3(668 1185 665)
3(1872 1869 2389)
3(917 1481 1401)
3(2121 2605 2685)
3(1212 1213 1209)
3(2416 2413 2417)
3(567 569 566)
3(1771 1770 1773)
3(639 1480 640)
3(1843 1844 2684)
3(1219 1291 1215)
3(2423 2419 2495)
3(1063 1064 981)
3(2267 2185 2268)
3(340 341 339)
3(1544 1543 1545)
3(647 683 396)
3(1851 1600 1887)
3(524 666 665)
3(1728 1869 1870)
3(481 709 708)
3(1685 1912 1913)
3(327 431 325)
3(1531 1529 1635)
3(734 736 732)
3(1938 1936 1940)
3(617 1033 433)
3(1821 1637 2237)
3(603 1335 662)
3(1807 1866 2539)
3(1258 1422 589)
3(2462 1793 2626)
3(565 1451 566)
3(1769 1770 2655)
3(1059 1473 1238)
3(2263 2442 2677)
3(705 1128 649)
3(1909 1853 2332)
3(737 739 736)
3(1941 1940 1943)
3(627 1472 960)
3(1831 2164 2676)
3(885 887 886)
3(2089 2090 2091)
3(121 316 122)
3(167 168 1520)
3(1111 1479 628)
3(2315 1832 2683)
3(123 945 319)
3(169 1523 2149)
3(956 1378 1344)
3(2160 2548 2582)
3(756 1447 743)
3(1960 1947 2651)
3(120 701 121)
3(166 167 1905)
3(707 1054 305)
3(1911 1509 2258)
3(586 1101 941)
3(1790 2145 2305)
3(410 617 433)
3(1614 1637 1821)
3(1134 1139 1138)
3(2338 2342 2343)
3(1002 1163 835)
3(2206 2039 2367)
3(662 1275 603)
3(1866 1807 2479)
3(306 931 139)
3(1510 185 2135)
3(562 564 559)
3(1766 1763 1768)
3(858 859 857)
3(2062 2061 2063)
3(943 944 942)
3(2147 2146 2148)
3(637 1169 936)
3(1841 2140 2373)
3(1062 1063 977)
3(2266 2181 2267)
3(686 1157 687)
3(1890 1891 2361)
3(138 936 306)
3(184 1510 2140)
3(341 1162 373)
3(1545 1577 2366)
3(862 1367 904)
3(2066 2108 2571)
3(759 760 546)
3(1963 1750 1964)
3(459 1094 426)
3(1663 1630 2298)
3(322 935 933)
3(1526 2137 2139)
3(649 1486 705)
3(1853 1909 2690)
3(105 844 481)
3(298 1685 2048)
3(316 945 122)
3(1520 168 2149)
3(638 639 530)
3(1842 1734 1843)
3(322 933 144)
3(1526 190 2137)
3(111 321 112)
3(157 158 1525)
3(155 320 156)
3(201 202 1524)
3(1260 1474 673)
3(2464 1877 2678)
3(349 1463 351)
3(1553 1555 2667)
3(1214 1216 1213)
3(2418 2417 2420)
3(1112 1479 1111)
3(2316 2315 2683)
3(900 1036 872)
3(2104 2076 2240)
3(304 1045 148)
3(1508 194 2249)
3(331 1129 336)
3(1535 1540 2333)
3(1145 1146 1144)
3(2349 2348 2350)
3(144 933 145)
3(190 191 2137)
3(588 1446 1073)
3(1792 2277 2650)
3(851 930 852)
3(2055 2056 2134)
3(763 765 760)
3(1967 1964 1969)
3(154 699 155)
3(200 201 1903)
3(431 1159 684)
3(1635 1888 2363)
3(710 932 708)
3(1914 1912 2136)
3(473 1438 653)
3(1677 1857 2642)
3(443 467 438)
3(1647 1642 1671)
3(754 1071 755)
3(1958 1959 2275)
3(1256 1349 838)
3(2460 2042 2553)
3(138 306 139)
3(184 185 1510)
3(1014 1297 584)
3(2218 1788 2501)
3(410 1079 617)
3(1614 1821 2283)
3(361 1261 1047)
3(1565 2251 2465)
3(1252 1306 817)
3(2456 2021 2510)
3(605 606 604)
3(1809 1808 1810)
3(481 708 106)
3(1685 299 1912)
3(383 384 382)
3(1587 1586 1588)
3(933 935 934)
3(2137 2138 2139)
3(139 931 140)
3(185 186 2135)
3(137 936 138)
3(183 184 2140)
3(136 951 317)
3(182 1521 2155)
3(941 942 937)
3(2145 2141 2146)
3(343 344 342)
3(1547 1546 1548)
3(1147 1364 1291)
3(2351 2495 2568)
3(489 1130 485)
3(1693 1689 2334)
3(480 482 479)
3(1684 1683 1686)
3(361 1047 363)
3(1565 1567 2251)
3(556 1175 1130)
3(1760 2334 2379)
3(776 1462 1085)
3(1980 2289 2666)
3(1181 1390 906)
3(2385 2110 2594)
3(136 317 137)
3(182 183 1521)
3(315 1157 686)
3(1519 1890 2361)
3(1278 1417 129)
3(2482 175 2621)
3(60 970 969)
3(253 2173 2174)
3(871 1048 900)
3(2075 2104 2252)
3(140 318 141)
3(186 187 1522)
3(1174 1346 809)
3(2378 2013 2550)
3(971 1428 969)
3(2175 2173 2632)
3(339 1304 337)
3(1543 1541 2508)
3(546 939 15)
3(1750 208 2143)
3(927 937 926)
3(2131 2130 2141)
3(709 710 708)
3(1913 1912 1914)
3(481 711 709)
3(1685 1913 1915)
3(663 705 658)
3(1867 1862 1909)
3(958 1492 863)
3(2162 2067 2696)
3(485 1130 483)
3(1689 1687 2334)
3(376 378 377)
3(1580 1581 1582)
3(135 951 136)
3(181 182 2155)
3(679 843 700)
3(1883 1904 2047)
3(1216 1252 1213)
3(2420 2417 2456)
3(920 1404 1400)
3(2124 2604 2608)
3(585 1435 1423)
3(1789 2627 2639)
3(396 1465 1129)
3(1600 2333 2669)
3(930 946 852)
3(2134 2056 2150)
3(563 1416 1275)
3(1767 2479 2620)
3(122 945 123)
3(168 169 2149)
3(1391 1402 367)
3(2595 1571 2606)
3(420 1053 1003)
3(1624 2207 2257)
3(772 950 23)
3(1976 216 2154)
3(16 939 761)
3(209 1965 2143)
3(1245 1343 812)
3(2449 2016 2547)
3(941 1101 943)
3(2145 2147 2305)
3(143 322 144)
3(189 190 1526)
3(21 1078 929)
3(214 2133 2282)
3(308 1333 1250)
3(1512 2454 2537)
3(23 950 24)
3(216 217 2154)
3(749 757 741)
3(1953 1945 1961)
3(347 1178 349)
3(1551 1553 2382)
3(481 844 711)
3(1685 1915 2048)
3(509 1485 510)
3(1713 1714 2689)
3(529 968 967)
3(1733 2171 2172)
3(123 319 124)
3(169 170 1523)
3(929 1078 789)
3(2133 1993 2282)
3(503 505 504)
3(1707 1708 1709)
3(25 953 26)
3(218 219 2157)
3(784 953 25)
3(1988 218 2157)
3(1241 1367 497)
3(2445 1701 2571)
3(844 845 711)
3(2048 1915 2049)
3(27 956 28)
3(220 221 2160)
3(746 1132 749)
3(1950 1953 2336)
3(1010 1012 1011)
3(2214 2215 2216)
3(336 338 337)
3(1540 1541 1542)
3(1010 1011 972)
3(2214 2176 2215)
3(970 1010 972)
3(2174 2176 2214)
3(675 676 431)
3(1879 1635 1880)
3(852 853 850)
3(2056 2054 2057)
3(970 972 971)
3(2174 2175 2176)
3(32 960 33)
3(225 226 2164)
3(1056 1495 309)
3(2260 1513 2699)
3(453 459 426)
3(1657 1630 1663)
3(1008 1009 629)
3(2212 1833 2213)
3(963 967 964)
3(2167 2168 2171)
3(964 965 579)
3(2168 1783 2169)
3(970 971 969)
3(2174 2173 2175)
3(380 956 27)
3(1584 220 2160)
3(459 1105 1094)
3(1663 2298 2309)
3(975 976 312)
3(2179 1516 2180)
3(974 984 975)
3(2178 2179 2188)
3(986 990 985)
3(2190 2189 2194)
3(621 1108 1107)
3(1825 2311 2312)
3(583 1491 584)
3(1787 1788 2695)
3(148 1045 149)
3(194 195 2249)
3(463 464 459)
3(1667 1663 1668)
3(845 848 847)
3(2049 2051 2052)
3(40 962 41)
3(233 234 2166)
3(62 963 63)
3(255 256 2167)
3(10 525 11)
3(203 204 1729)
3(109 512 110)
3(302 303 1716)
3(44 974 45)
3(237 238 2178)
3(1146 1374 1371)
3(2350 2575 2578)
3(529 967 963)
3(1733 2167 2171)
3(1192 1193 1187)
3(2396 2391 2397)
3(1048 1377 498)
3(2252 1702 2581)
3(871 1377 1048)
3(2075 2252 2581)
3(831 984 974)
3(2035 2178 2188)
3(1041 1233 1091)
3(2245 2295 2437)
3(91 1048 92)
3(284 285 2252)
3(772 1184 950)
3(1976 2154 2388)
3(345 346 344)
3(1549 1548 1550)
3(400 1079 372)
3(1604 1576 2283)
3(1204 1358 1210)
3(2408 2414 2562)
3(729 730 525)
3(1933 1729 1934)
3(627 960 32)
3(1831 225 2164)
3(1015 1022 1017)
3(2219 2221 2226)
3(1005 1043 1004)
3(2209 2208 2247)
3(1007 1043 1008)
3(2211 2212 2247)
3(743 764 758)
3(1947 1962 1968)
3(1009 1038 1037)
3(2213 2241 2242)
3(1013 1015 1014)
3(2217 2218 2219)
3(1007 1008 629)
3(2211 1833 2212)
3(601 1310 552)
3(1805 1756 2514)
3(128 1278 129)
3(174 175 2482)
3(58 1007 59)
3(251 252 2211)
3(50 1028 51)
3(243 244 2232)
3(71 1027 72)
3(264 265 2231)
3(70 371 71)
3(263 264 1575)
3(49 834 50)
3(242 243 2038)
3(51 989 52)
3(244 245 2193)
3(68 586 69)
3(261 262 1790)
3(72 590 73)
3(265 266 1794)
3(47 835 48)
3(240 241 2039)
3(46 1032 47)
3(239 240 2236)
3(53 420 54)
3(246 247 1624)
3(45 312 46)
3(238 239 1516)
3(65 370 66)
3(258 259 1574)
3(54 985 55)
3(247 248 2189)
3(75 314 76)
3(268 269 1518)
3(64 1031 65)
3(257 258 2235)
3(55 1026 56)
3(248 249 2230)
3(76 973 77)
3(269 270 2177)
3(43 831 44)
3(236 237 2035)
3(56 988 57)
3(249 250 2192)
3(63 579 64)
3(256 257 1783)
3(77 894 78)
3(270 271 2098)
3(57 1004 58)
3(250 251 2208)
3(41 631 42)
3(234 235 1835)
3(79 493 80)
3(272 273 1697)
3(39 632 40)
3(232 233 1836)
3(82 491 83)
3(275 276 1695)
3(61 529 62)
3(254 255 1733)
3(36 391 37)
3(229 230 1595)
3(85 492 86)
3(278 279 1696)
3(86 961 87)
3(279 280 2165)
3(33 805 34)
3(226 227 2009)
3(87 875 88)
3(280 281 2079)
3(88 959 89)
3(281 282 2163)
3(31 627 32)
3(224 225 1831)
3(89 329 90)
3(282 283 1533)
3(28 794 29)
3(221 222 1998)
3(59 629 60)
3(252 253 1833)
3(92 498 93)
3(285 286 1702)
3(26 380 27)
3(219 220 1584)
3(94 496 95)
3(287 288 1700)
3(24 784 25)
3(217 218 1988)
3(96 497 97)
3(289 290 1701)
3(22 772 23)
3(215 216 1976)
3(99 334 100)
3(292 293 1538)
3(19 405 20)
3(212 213 1609)
3(11 756 12)
3(204 205 1960)
3(102 607 103)
3(295 296 1811)
3(16 761 17)
3(209 210 1965)
3(15 939 16)
3(208 209 2143)
3(105 481 106)
3(298 299 1685)
3(14 546 15)
3(207 208 1750)
3(106 708 107)
3(299 300 1912)
3(12 743 13)
3(205 206 1947)
3(963 964 579)
3(2167 1783 2168)
3(988 1005 1004)
3(2192 2208 2209)
3(974 975 312)
3(2178 1516 2179)
3(420 986 985)
3(1624 2189 2190)
3(1028 1029 989)
3(2232 2193 2233)
3(636 1152 702)
3(1840 1906 2356)
3(887 889 888)
3(2091 2092 2093)
3(677 678 676)
3(1881 1880 1882)
3(149 1394 1116)
3(195 2320 2598)
3(990 1026 985)
3(2194 2189 2230)
3(33 960 805)
3(226 2009 2164)
3(28 956 794)
3(221 1998 2160)
3(26 953 380)
3(219 1584 2157)
3(24 950 784)
3(217 1988 2154)
3(708 932 107)
3(1912 300 2136)
3(629 1037 60)
3(1833 253 2241)
3(743 758 13)
3(1947 206 1962)
3(1009 1037 629)
3(2213 1833 2241)
3(632 962 40)
3(1836 233 2166)
3(41 962 631)
3(234 1835 2166)
3(529 963 62)
3(1733 255 2167)
3(63 963 579)
3(256 1783 2167)
3(1004 1043 1007)
3(2208 2211 2247)
3(89 959 329)
3(282 1533 2163)
3(831 974 44)
3(2035 237 2178)
3(45 974 312)
3(238 1516 2178)
3(965 1031 579)
3(2169 1783 2235)
3(988 1046 1005)
3(2192 2209 2250)
3(875 959 88)
3(2079 281 2163)
3(976 1032 312)
3(2180 1516 2236)
3(788 795 787)
3(1992 1991 1999)
3(87 961 875)
3(280 2079 2165)
3(432 1403 1247)
3(1636 2451 2607)
3(492 961 86)
3(1696 279 2165)
3(990 1046 1026)
3(2194 2230 2250)
3(1030 1438 473)
3(2234 1677 2642)
3(796 1378 793)
3(2000 1997 2582)
3(59 1007 629)
3(252 1833 2211)
3(936 1169 306)
3(2140 1510 2373)
3(719 720 718)
3(1923 1922 1924)
3(363 1047 400)
3(1567 1604 2251)
3(1004 1007 58)
3(2208 251 2211)
3(1015 1499 1022)
3(2219 2226 2703)
3(988 1004 57)
3(2192 250 2208)
3(1079 1080 617)
3(2283 1821 2284)
3(77 973 894)
3(270 2098 2177)
3(579 1031 64)
3(1783 257 2235)
3(56 1026 988)
3(249 2192 2230)
3(314 973 76)
3(1518 269 2177)
3(985 1026 55)
3(2189 248 2230)
3(65 1031 370)
3(258 1574 2235)
3(420 985 54)
3(1624 247 2189)
3(312 1032 46)
3(1516 239 2236)
3(47 1032 835)
3(240 2039 2236)
3(72 1027 590)
3(265 1794 2231)
3(51 1028 989)
3(244 2193 2232)
3(371 1027 71)
3(1575 264 2231)
3(834 1028 50)
3(2038 243 2232)
3(355 358 357)
3(1559 1561 1562)
3(677 1151 679)
3(1881 1883 2355)
3(1026 1046 988)
3(2230 2192 2250)
3(693 1412 440)
3(1897 1644 2616)
3(729 731 730)
3(1933 1934 1935)
3(1055 1447 756)
3(2259 1960 2651)
3(944 1070 942)
3(2148 2146 2274)
3(20 1078 21)
3(213 214 2282)
3(679 1229 843)
3(1883 2047 2433)
3(400 1080 1079)
3(1604 2283 2284)
3(1011 1013 587)
3(2215 1791 2217)
3(74 1453 917)
3(267 2121 2657)
3(67 1120 1101)
3(260 2305 2324)
3(978 1050 976)
3(2182 2180 2254)
3(972 1095 971)
3(2176 2175 2299)
3(10 728 525)
3(203 1729 1932)
3(433 1033 470)
3(1637 1674 2237)
3(53 1053 420)
3(246 1624 2257)
3(989 1053 52)
3(2193 245 2257)
3(92 1048 498)
3(285 1702 2252)
3(391 1415 1349)
3(1595 2553 2619)
3(328 1129 331)
3(1532 1535 2333)
3(852 946 854)
3(2056 2058 2150)
3(697 1493 393)
3(1901 1597 2697)
3(965 1049 1031)
3(2169 2235 2253)
3(1031 1049 370)
3(2235 1574 2253)
3(543 1483 549)
3(1747 1753 2687)
3(385 1287 1117)
3(1589 2321 2491)
3(1203 1358 1204)
3(2407 2408 2562)
3(373 1162 673)
3(1577 1877 2366)
3(52 1053 53)
3(245 246 2257)
3(976 1050 1032)
3(2180 2236 2254)
3(1032 1050 835)
3(2236 2039 2254)
3(347 348 346)
3(1551 1550 1552)
3(507 1456 674)
3(1711 1878 2660)
3(467 1301 438)
3(1671 1642 2505)
3(149 1116 150)
3(195 196 2320)
3(879 881 880)
3(2083 2084 2085)
3(85 1061 492)
3(278 1696 2265)
3(1006 1046 990)
3(2210 2194 2250)
3(692 1338 757)
3(1896 1961 2542)
3(323 1076 324)
3(1527 1528 2280)
3(728 729 525)
3(1932 1729 1933)
3(369 1178 347)
3(1573 1551 2382)
3(1022 1087 1023)
3(2226 2227 2291)
3(79 1066 493)
3(272 1697 2270)
3(894 1066 78)
3(2098 271 2270)
3(134 1096 135)
3(180 181 2300)
3(382 1458 379)
3(1586 1583 2662)
3(813 1477 810)
3(2017 2014 2681)
3(443 469 467)
3(1647 1671 1673)
3(1008 1052 1009)
3(2212 2213 2256)
3(398 410 409)
3(1602 1613 1614)
3(372 1079 398)
3(1576 1602 2283)
3(320 1155 1100)
3(1524 2304 2359)
3(1430 1467 611)
3(2634 1815 2671)
3(473 598 472)
3(1677 1676 1802)
3(1344 1378 796)
3(2548 2000 2582)
3(775 1298 781)
3(1979 1985 2502)
3(1009 1039 1038)
3(2213 2242 2243)
3(732 1055 730)
3(1936 1934 2259)
3(84 1061 85)
3(277 278 2265)
3(984 1062 975)
3(2188 2179 2266)
3(964 966 965)
3(2168 2169 2170)
3(141 1097 142)
3(187 188 2301)
3(424 1111 696)
3(1628 1900 2315)
3(752 1270 1192)
3(1956 2396 2474)
3(1045 1394 149)
3(2249 195 2598)
3(453 463 459)
3(1657 1663 1667)
3(110 742 0)
3(303 9 1946)
3(753 1439 748)
3(1957 1952 2643)
3(1005 1044 1043)
3(2209 2247 2248)
3(1238 1473 1244)
3(2442 2448 2677)
3(559 1456 507)
3(1763 1711 2660)
3(709 712 710)
3(1913 1914 1916)
3(528 1434 1405)
3(1732 2609 2638)
3(362 1104 401)
3(1566 1605 2308)
3(953 1408 380)
3(2157 1584 2612)
3(986 991 990)
3(2190 2194 2195)
3(1089 1437 1041)
3(2293 2245 2641)
3(952 1034 683)
3(2156 1887 2238)
3(1351 1375 829)
3(2555 2033 2579)
3(640 1133 644)
3(1844 1848 2337)
3(94 1086 496)
3(287 1700 2290)
3(456 1333 703)
3(1660 1907 2537)
3(78 1066 79)
3(271 272 2270)
3(1344 1346 794)
3(2548 1998 2550)
3(498 1086 93)
3(1702 286 2290)
3(1040 1087 1025)
3(2244 2229 2291)
3(736 1447 1055)
3(1940 2259 2651)
3(19 1102 405)
3(212 1609 2306)
3(1206 1296 788)
3(2410 1992 2500)
3(35 1103 36)
3(228 229 2307)
3(67 1101 68)
3(260 261 2305)
3(117 1179 118)
3(163 164 2383)
3(410 433 417)
3(1614 1621 1637)
3(1196 1449 1284)
3(2400 2488 2653)
3(150 1116 311)
3(196 1515 2320)
3(942 1070 585)
3(2146 1789 2274)
3(618 1175 556)
3(1822 1760 2379)
3(832 1351 829)
3(2036 2033 2555)
3(1049 1242 370)
3(2253 1574 2446)
3(1043 1057 1008)
3(2247 2212 2261)
3(363 400 372)
3(1567 1576 1604)
3(951 1389 317)
3(2155 1521 2593)
3(347 349 348)
3(1551 1552 1553)
3(696 1111 616)
3(1900 1820 2315)
3(1046 1083 1005)
3(2250 2209 2287)
3(991 1006 990)
3(2195 2194 2210)
3(731 732 730)
3(1935 1934 1936)
3(1041 1091 1089)
3(2245 2293 2295)
3(670 1201 1197)
3(1874 2401 2405)
3(126 1353 127)
3(172 173 2557)
3(852 854 853)
3(2056 2057 2058)
3(1219 1497 1217)
3(2423 2421 2701)
3(718 1161 754)
3(1922 1958 2365)
3(131 1325 132)
3(177 178 2529)
3(977 978 976)
3(2181 2180 2182)
3(534 635 536)
3(1738 1740 1839)
3(658 705 681)
3(1862 1885 1909)
3(433 470 434)
3(1637 1638 1674)
3(865 1452 867)
3(2069 2071 2656)
3(845 846 711)
3(2049 1915 2050)
3(374 706 353)
3(1578 1557 1910)
3(868 1377 871)
3(2072 2075 2581)
3(616 1111 628)
3(1820 1832 2315)
3(632 1375 962)
3(1836 2166 2579)
3(465 672 642)
3(1669 1846 1876)
3(706 1442 358)
3(1910 1562 2646)
3(986 992 991)
3(2190 2195 2196)
3(491 1106 83)
3(1695 276 2310)
3(1060 1092 1091)
3(2264 2295 2296)
3(759 762 760)
3(1963 1964 1966)
3(1124 1502 895)
3(2328 2099 2706)
3(317 1389 1051)
3(1521 2255 2593)
3(909 910 899)
3(2113 2103 2114)
3(109 1071 512)
3(302 1716 2275)
3(761 1122 17)
3(1965 210 2326)
3(829 1375 826)
3(2033 2030 2579)
3(1179 1425 118)
3(2383 164 2629)
3(595 1468 1321)
3(1799 2525 2672)
3(647 952 683)
3(1851 1887 2156)
3(1217 1220 1216)
3(2421 2420 2424)
3(447 449 444)
3(1651 1648 1653)
3(798 1344 796)
3(2002 2000 2548)
3(368 1104 362)
3(1572 1566 2308)
3(567 1451 916)
3(1771 2120 2655)
3(729 735 731)
3(1933 1935 1939)
3(488 523 513)
3(1692 1717 1727)
3(415 451 436)
3(1619 1640 1655)
3(787 795 793)
3(1991 1997 1999)
3(745 1505 0)
3(1949 9 2709)
3(582 583 581)
3(1786 1785 1787)
3(975 977 976)
3(2179 2180 2181)
3(465 642 463)
3(1669 1667 1846)
3(378 381 379)
3(1582 1583 1585)
3(694 1310 478)
3(1898 1682 2514)
3(808 811 810)
3(2012 2014 2015)
3(739 1484 762)
3(1943 1966 2688)
3(425 426 408)
3(1629 1612 1630)
3(466 600 448)
3(1670 1652 1804)
3(410 417 409)
3(1614 1613 1621)
3(405 1078 20)
3(1609 213 2282)
3(630 1362 1330)
3(1834 2534 2566)
3(654 656 655)
3(1858 1859 1860)
3(1143 1144 1142)
3(2347 2346 2348)
3(1094 1105 411)
3(2298 1615 2309)
3(540 1360 1108)
3(1744 2312 2564)
3(762 763 760)
3(1966 1964 1967)
3(839 1184 772)
3(2043 1976 2388)
3(434 448 417)
3(1638 1621 1652)
3(617 1317 1033)
3(1821 2237 2521)
3(802 804 803)
3(2006 2007 2008)
3(819 1415 815)
3(2023 2019 2619)
3(712 713 710)
3(1916 1914 1917)
3(336 1129 460)
3(1540 1664 2333)
3(1009 1052 1039)
3(2213 2243 2256)
3(452 453 426)
3(1656 1630 1657)
3(425 461 452)
3(1629 1656 1665)
3(1029 1131 989)
3(2233 2193 2335)
3(433 434 417)
3(1637 1621 1638)
3(451 1030 455)
3(1655 1659 2234)
3(911 912 910)
3(2115 2114 2116)
3(84 1106 1061)
3(277 2265 2310)
3(453 465 463)
3(1657 1667 1669)
3(393 1493 390)
3(1597 1594 2697)
3(1101 1120 943)
3(2305 2147 2324)
3(1008 1057 1052)
3(2212 2256 2261)
3(370 1120 66)
3(1574 259 2324)
3(520 1073 1072)
3(1724 2276 2277)
3(624 1327 1289)
3(1828 2493 2531)
3(397 411 368)
3(1601 1572 1615)
3(807 1459 803)
3(2011 2007 2663)
3(654 1177 1117)
3(1858 2321 2381)
3(434 466 448)
3(1638 1652 1670)
3(635 685 636)
3(1839 1840 1889)
3(135 1096 951)
3(181 2155 2300)
3(751 752 727)
3(1955 1931 1956)
3(910 915 899)
3(2114 2103 2119)
3(807 1472 1459)
3(2011 2663 2676)
3(848 849 847)
3(2052 2051 2053)
3(469 1074 467)
3(1673 1671 2278)
3(1042 1339 1037)
3(2246 2241 2543)
3(318 1097 141)
3(1522 187 2301)
3(398 1079 410)
3(1602 1614 2283)
3(398 409 408)
3(1602 1612 1613)
3(399 1257 1151)
3(1603 2355 2461)
3(826 1375 1350)
3(2030 2554 2579)
3(1105 1152 685)
3(2309 1889 2356)
3(93 1086 94)
3(286 287 2290)
3(392 393 390)
3(1596 1594 1597)
3(1228 1478 944)
3(2432 2148 2682)
3(1272 1387 1386)
3(2476 2590 2591)
3(884 1457 890)
3(2088 2094 2661)
3(711 1075 709)
3(1915 1913 2279)
3(609 1430 1322)
3(1813 2526 2634)
3(904 1367 1241)
3(2108 2445 2571)
3(437 438 416)
3(1641 1620 1642)
3(1001 1373 999)
3(2205 2203 2577)
3(1044 1057 1043)
3(2248 2247 2261)
3(409 425 408)
3(1613 1612 1629)
3(1061 1106 890)
3(2265 2094 2310)
3(151 1464 152)
3(197 198 2668)
3(684 1292 115)
3(1888 161 2496)
3(1006 1083 1046)
3(2210 2250 2287)
3(651 952 647)
3(1855 1851 2156)
3(35 1504 1103)
3(228 2307 2708)
3(309 1427 1056)
3(1513 2260 2631)
3(425 452 426)
3(1629 1630 1656)
3(132 1099 133)
3(178 179 2303)
3(125 1100 126)
3(171 172 2304)
3(398 408 397)
3(1602 1601 1612)
3(798 1346 1344)
3(2002 2548 2550)
3(801 1346 798)
3(2005 2002 2550)
3(826 1350 824)
3(2030 2028 2554)
3(487 490 489)
3(1691 1693 1694)
3(126 1476 1353)
3(172 2557 2680)
3(129 1417 703)
3(175 1907 2621)
3(535 537 533)
3(1739 1737 1741)
3(468 649 446)
3(1672 1650 1853)
3(461 637 452)
3(1665 1656 1841)
3(386 387 384)
3(1590 1588 1591)
3(795 797 796)
3(1999 2000 2001)
3(372 398 397)
3(1576 1601 1602)
3(116 1433 313)
3(162 1517 2637)
3(797 799 798)
3(2001 2002 2003)
3(952 1250 457)
3(2156 1661 2454)
3(495 500 499)
3(1699 1703 1704)
3(1349 1415 819)
3(2553 2023 2619)
3(358 364 359)
3(1562 1563 1568)
3(724 726 725)
3(1928 1929 1930)
3(1287 1470 663)
3(2491 1867 2674)
3(365 366 341)
3(1569 1545 1570)
3(821 1349 819)
3(2025 2023 2553)
3(427 429 428)
3(1631 1632 1633)
3(913 914 912)
3(2117 2116 2118)
3(445 625 462)
3(1649 1666 1829)
3(881 883 882)
3(2085 2086 2087)
3(918 919 914)
3(2122 2118 2123)
3(544 550 547)
3(1748 1751 1754)
3(1325 1494 132)
3(2529 178 2698)
3(1005 1083 1044)
3(2209 2248 2287)
3(965 1227 1049)
3(2169 2253 2431)
3(565 566 564)
3(1769 1768 1770)
3(728 1249 729)
3(1932 1933 2453)
3(439 443 438)
3(1643 1642 1647)
3(909 1481 911)
3(2113 2115 2685)
3(29 1174 30)
3(222 223 2378)
3(555 556 521)
3(1759 1725 1760)
3(816 820 819)
3(2020 2023 2024)
3(362 401 360)
3(1566 1564 1605)
3(705 1486 681)
3(1909 1885 2690)
3(18 1102 19)
3(211 212 2306)
3(372 397 368)
3(1576 1572 1601)
3(814 816 815)
3(2018 2019 2020)
3(656 658 657)
3(1860 1861 1862)
3(527 540 518)
3(1731 1722 1744)
3(435 457 456)
3(1639 1660 1661)
3(763 766 765)
3(1967 1969 1970)
3(975 1062 977)
3(2179 2181 2266)
3(68 1101 586)
3(261 1790 2305)
3(1192 1270 1193)
3(2396 2397 2474)
3(1059 1238 1060)
3(2263 2264 2442)
3(83 1106 84)
3(276 277 2310)
3(556 1160 521)
3(1760 1725 2364)
3(820 822 821)
3(2024 2025 2026)
3(338 340 339)
3(1542 1543 1544)
3(36 1103 391)
3(229 1595 2307)
3(401 1173 360)
3(1605 1564 2377)
3(835 1163 48)
3(2039 241 2367)
3(49 1163 834)
3(242 2038 2367)
3(831 1384 841)
3(2035 2045 2588)
3(822 825 824)
3(2026 2028 2029)
3(537 1148 700)
3(1741 1904 2352)
3(634 1340 440)
3(1838 1644 2544)
3(510 530 516)
3(1714 1720 1734)
3(424 1403 1348)
3(1628 2552 2607)
3(381 383 382)
3(1585 1586 1587)
3(872 874 873)
3(2076 2077 2078)
3(99 1181 334)
3(292 1538 2385)
3(316 1359 1114)
3(1520 2318 2563)
3(1378 1408 793)
3(2582 1997 2612)
3(384 1268 382)
3(1588 1586 2472)
3(363 372 368)
3(1567 1572 1576)
3(658 681 659)
3(1862 1863 1885)
3(635 636 536)
3(1839 1740 1840)
3(703 1333 308)
3(1907 1512 2537)
3(543 1125 542)
3(1747 1746 2329)
3(307 1278 128)
3(1511 174 2482)
3(447 450 449)
3(1651 1653 1654)
3(662 958 957)
3(1866 2161 2162)
3(679 700 678)
3(1883 1882 1904)
3(451 455 454)
3(1655 1658 1659)
3(683 1465 396)
3(1887 1600 2669)
3(1003 1131 1000)
3(2207 2204 2335)
3(18 1122 1102)
3(211 2306 2326)
3(966 1227 965)
3(2170 2169 2431)
3(311 1464 151)
3(1515 197 2668)
3(508 509 506)
3(1712 1710 1713)
3(1136 1137 1135)
3(2340 2339 2341)
3(563 1443 1153)
3(1767 2357 2647)
3(313 1179 117)
3(1517 163 2383)
3(37 1256 38)
3(230 231 2460)
3(118 1425 707)
3(164 1911 2629)
3(96 1241 497)
3(289 1701 2445)
3(1161 1314 747)
3(2365 1951 2518)
3(496 1241 95)
3(1700 288 2445)
3(463 1114 464)
3(1667 1668 2318)
3(451 1084 1030)
3(1655 2234 2288)
3(811 814 813)
3(2015 2017 2018)
3(1168 1484 1118)
3(2372 2322 2688)
3(599 1056 598)
3(1803 1802 2260)
3(1195 1196 1191)
3(2399 2395 2400)
3(1289 1327 494)
3(2493 1698 2531)
3(946 1282 856)
3(2150 2060 2486)
3(133 1354 1)
3(179 5 2558)
3(3 1355 125)
3(7 171 2559)
3(827 830 829)
3(2031 2033 2034)
3(417 1081 409)
3(1621 1613 2285)
3(1157 1466 687)
3(2361 1891 2670)
3(309 1495 699)
3(1513 1903 2699)
3(363 368 362)
3(1567 1566 1572)
3(403 1475 1034)
3(1607 2238 2679)
3(642 1114 463)
3(1846 1667 2318)
3(868 870 869)
3(2072 2073 2074)
3(825 827 826)
3(2029 2030 2031)
3(371 1400 1027)
3(1575 2231 2604)
3(654 655 599)
3(1858 1803 1859)
3(799 802 801)
3(2003 2005 2006)
3(437 439 438)
3(1641 1642 1643)
3(1103 1504 818)
3(2307 2022 2708)
3(448 1081 417)
3(1652 1621 2285)
3(439 444 443)
3(1643 1647 1648)
3(648 651 647)
3(1852 1851 1855)
3(709 1075 712)
3(1913 1916 2279)
3(409 1081 425)
3(1613 1629 2285)
3(425 1081 461)
3(1629 1665 2285)
3(846 1075 711)
3(2050 1915 2279)
3(1142 1345 1140)
3(2346 2344 2549)
3(91 1385 1048)
3(284 2252 2589)
3(1126 1458 382)
3(2330 1586 2662)
3(426 1094 408)
3(1630 1612 2298)
3(547 1482 544)
3(1751 1748 2686)
3(1 1354 111)
3(5 157 2558)
3(156 1355 3)
3(202 7 2559)
3(383 386 384)
3(1587 1588 1590)
3(1039 1040 1038)
3(2243 2242 2244)
3(483 515 482)
3(1687 1686 1719)
3(443 1082 469)
3(1647 1673 2286)
3(995 1001 999)
3(2199 2203 2205)
3(445 447 444)
3(1649 1648 1651)
3(400 1283 1080)
3(1604 2284 2487)
3(38 1311 39)
3(231 232 2515)
3(435 1171 457)
3(1639 1661 2375)
3(548 1202 1199)
3(1752 2403 2406)
3(358 359 357)
3(1562 1561 1563)
3(918 1404 920)
3(2122 2124 2608)
3(995 1372 1001)
3(2199 2205 2576)
3(987 995 994)
3(2191 2198 2199)
3(142 1379 4)
3(188 8 2583)
3(4 1379 143)
3(8 189 2583)
3(124 1380 2)
3(170 6 2584)
3(2 1380 134)
3(6 180 2584)
3(421 442 407)
3(1625 1611 1646)
3(1199 1200 1196)
3(2403 2400 2404)
3(874 877 876)
3(2078 2080 2081)
3(954 1185 668)
3(2158 1872 2389)
3(1222 1231 836)
3(2426 2040 2435)
3(60 1339 970)
3(253 2174 2543)
3(721 722 720)
3(1925 1924 1926)
3(636 1054 536)
3(1840 1740 2258)
3(940 1277 491)
3(2144 1695 2481)
3(449 1082 444)
3(1653 1648 2286)
3(1073 1273 588)
3(2277 1792 2477)
3(469 1283 1047)
3(1673 2251 2487)
3(493 1300 80)
3(1697 273 2504)
3(445 1110 625)
3(1649 1829 2314)
3(649 1128 446)
3(1853 1650 2332)
3(699 1495 660)
3(1903 1864 2699)
3(1037 1339 60)
3(2241 253 2543)
3(66 1120 67)
3(259 260 2324)
3(30 1414 31)
3(223 224 2618)
3(466 1230 600)
3(1670 1804 2434)
3(74 1401 75)
3(267 268 2605)
3(448 1150 1081)
3(1652 2285 2354)
3(497 1390 97)
3(1701 290 2594)
3(654 1117 656)
3(1858 1860 2321)
3(1195 1266 1199)
3(2399 2403 2470)
3(541 1360 540)
3(1745 1744 2564)
3(408 1094 397)
3(1612 1601 2298)
3(411 1104 368)
3(1615 1572 2308)
3(447 1098 450)
3(1651 1654 2302)
3(833 982 837)
3(2037 2041 2186)
3(397 1094 411)
3(1601 1615 2298)
3(437 1110 439)
3(1641 1643 2314)
3(1048 1385 900)
3(2252 2104 2589)
3(17 1122 18)
3(210 211 2326)
3(655 1056 599)
3(1859 1803 2260)
3(1081 1150 461)
3(2285 1665 2354)
3(329 1385 90)
3(1533 283 2589)
3(451 454 436)
3(1655 1640 1658)
3(633 1460 1077)
3(1837 2281 2664)
3(805 1504 34)
3(2009 227 2708)
3(439 445 444)
3(1643 1648 1649)
3(631 1384 42)
3(1835 235 2588)
3(361 363 362)
3(1565 1566 1567)
3(43 1384 831)
3(236 2035 2588)
3(892 893 889)
3(2096 2093 2097)
3(977 1063 979)
3(2181 2183 2267)
3(534 536 535)
3(1738 1739 1740)
3(850 853 849)
3(2054 2053 2057)
3(780 1288 779)
3(1984 1983 2492)
3(1361 1480 641)
3(2565 1845 2684)
3(830 833 832)
3(2034 2036 2037)
3(845 847 846)
3(2049 2050 2051)
3(571 916 915)
3(1775 2119 2120)
3(1275 1416 560)
3(2479 1764 2620)
3(382 1268 1126)
3(1586 2330 2472)
3(590 1453 73)
3(1794 266 2657)
3(527 541 540)
3(1731 1744 1745)
3(834 1461 1028)
3(2038 2232 2665)
3(455 472 471)
3(1659 1675 1676)
3(964 1411 966)
3(2168 2170 2615)
3(445 462 447)
3(1649 1651 1666)
3(509 1382 506)
3(1713 1710 2586)
3(653 1177 654)
3(1857 1858 2381)
3(308 1325 131)
3(1512 177 2529)
3(980 987 983)
3(2184 2187 2191)
3(115 1292 116)
3(161 162 2496)
3(127 1353 307)
3(173 1511 2557)
3(1212 1214 1213)
3(2416 2417 2418)
3(561 605 604)
3(1765 1808 1809)
3(389 392 390)
3(1593 1594 1596)
3(656 657 655)
3(1860 1859 1861)
3(436 437 416)
3(1640 1620 1641)
3(535 538 537)
3(1739 1741 1742)
3(380 1378 956)
3(1584 2160 2582)
3(552 694 553)
3(1756 1757 1898)
3(804 808 807)
3(2008 2011 2012)
3(449 1317 1080)
3(1653 2284 2521)
3(1099 1494 1436)
3(2303 2640 2698)
3(340 365 341)
3(1544 1545 1569)
3(441 634 440)
3(1645 1644 1838)
3(681 682 659)
3(1885 1863 1886)
3(687 1466 1033)
3(1891 2237 2670)
3(1053 1131 1003)
3(2257 2207 2335)
3(514 621 522)
3(1718 1726 1825)
3(444 1082 443)
3(1648 1647 2286)
3(471 698 454)
3(1675 1658 1902)
3(646 647 396)
3(1850 1600 1851)
3(864 1180 849)
3(2068 2053 2384)
3(968 1264 967)
3(2172 2171 2468)
3(771 774 773)
3(1975 1977 1978)
3(540 1382 518)
3(1744 1722 2586)
3(594 1431 1243)
3(1798 2447 2635)
3(375 376 366)
3(1579 1570 1580)
3(1146 1147 1144)
3(2350 2348 2351)
3(1395 1420 670)
3(2599 1874 2624)
3(659 660 657)
3(1863 1861 1864)
3(534 1398 635)
3(1738 1839 2602)
3(648 652 651)
3(1852 1855 1856)
3(538 1179 1148)
3(1742 2352 2383)
3(606 688 610)
3(1810 1814 1892)
3(442 1109 407)
3(1646 1611 2313)
3(349 351 350)
3(1553 1554 1555)
3(938 1391 367)
3(2142 1571 2595)
3(1164 1495 1056)
3(2368 2260 2699)
3(418 1279 1171)
3(1622 2375 2483)
3(672 1389 951)
3(1876 2155 2593)
3(658 659 657)
3(1862 1861 1863)
3(394 413 393)
3(1598 1597 1617)
3(1178 1276 349)
3(2382 1553 2480)
3(361 362 360)
3(1565 1564 1566)
3(1303 1487 604)
3(2507 1808 2691)
3(989 1131 1053)
3(2193 2257 2335)
3(359 361 360)
3(1563 1564 1565)
3(1144 1226 1142)
3(2348 2346 2430)
3(462 1098 447)
3(1666 1651 2302)
3(1001 1372 1371)
3(2205 2575 2576)
3(1202 1203 1200)
3(2406 2404 2407)
3(768 771 770)
3(1972 1974 1975)
3(671 1420 1395)
3(1875 2599 2624)
3(1234 1289 494)
3(2438 1698 2493)
3(777 779 778)
3(1981 1982 1983)
3(689 757 749)
3(1893 1953 1961)
3(1220 1253 1216)
3(2424 2420 2457)
3(781 1298 1224)
3(1985 2428 2502)
3(395 1438 1030)
3(1599 2234 2642)
3(640 644 639)
3(1844 1843 1848)
3(416 1301 414)
3(1620 1618 2505)
3(1198 1266 1195)
3(2402 2399 2470)
3(563 1275 1069)
3(1767 2273 2479)
3(695 1427 309)
3(1899 1513 2631)
3(954 1305 744)
3(2158 1948 2509)
3(415 436 416)
3(1619 1620 1640)
3(550 696 616)
3(1754 1820 1900)
3(591 1228 1227)
3(1795 2431 2432)
3(1117 1170 385)
3(2321 1589 2374)
3(430 619 613)
3(1634 1817 1823)
3(1465 1475 460)
3(2669 1664 2679)
3(358 1166 364)
3(1562 1568 2370)
3(479 673 475)
3(1683 1679 1877)
3(943 1242 944)
3(2147 2148 2446)
3(1085 1462 405)
3(2289 1609 2666)
3(885 886 883)
3(2089 2087 2090)
3(487 489 485)
3(1691 1689 1693)
3(1214 1217 1216)
3(2418 2420 2421)
3(359 360 357)
3(1563 1561 1564)
3(484 1290 488)
3(1688 1692 2494)
3(1148 1179 313)
3(2352 1517 2383)
3(1054 1121 536)
3(2258 1740 2325)
3(455 471 454)
3(1659 1658 1675)
3(1197 1201 1190)
3(2401 2394 2405)
3(1015 1017 1016)
3(2219 2220 2221)
3(600 1150 448)
3(1804 1652 2354)
3(351 353 352)
3(1555 1556 1557)
3(1247 1403 424)
3(2451 1628 2607)
3(326 646 396)
3(1530 1600 1850)
3(534 535 533)
3(1738 1737 1739)
3(415 416 414)
3(1619 1618 1620)
3(1294 1445 1092)
3(2498 2296 2649)
3(715 717 716)
3(1919 1920 1921)
3(523 612 524)
3(1727 1728 1816)
3(1061 1457 492)
3(2265 1696 2661)
3(349 350 348)
3(1553 1552 1554)
3(650 1289 1234)
3(1854 2438 2493)
3(1021 1072 593)
3(2225 1797 2276)
3(568 1432 916)
3(1772 2120 2636)
3(526 1340 1115)
3(1730 2319 2544)
3(774 777 776)
3(1978 1980 1981)
3(552 1310 694)
3(1756 1898 2514)
3(786 788 787)
3(1990 1991 1992)
3(895 896 893)
3(2099 2097 2100)
3(48 1163 49)
3(241 242 2367)
3(1151 1259 399)
3(2355 1603 2463)
3(662 1469 1069)
3(1866 2273 2673)
3(1199 1266 548)
3(2403 1752 2470)
3(1368 1387 551)
3(2572 1755 2591)
3(779 783 782)
3(1983 1986 1987)
3(355 357 356)
3(1559 1560 1561)
3(351 352 350)
3(1555 1554 1556)
3(1264 1411 967)
3(2468 2171 2615)
3(1235 1479 1113)
3(2439 2317 2683)
3(460 1475 1265)
3(1664 2469 2679)
3(394 415 414)
3(1598 1618 1619)
3(532 534 533)
3(1736 1737 1738)
3(353 355 354)
3(1557 1558 1559)
3(584 1491 1013)
3(1788 2217 2695)
3(1020 1313 641)
3(2224 1845 2517)
3(633 1153 1035)
3(1837 2239 2357)
3(893 923 889)
3(2097 2093 2127)
3(439 1110 445)
3(1643 1649 2314)
3(555 618 556)
3(1759 1760 1822)
3(698 1426 311)
3(1902 1515 2630)
3(685 1152 636)
3(1889 1840 2356)
3(365 375 366)
3(1569 1570 1579)
3(1154 1461 834)
3(2358 2038 2665)
3(536 1121 535)
3(1740 1739 2325)
3(1285 1441 1189)
3(2489 2393 2645)
3(688 691 689)
3(1892 1893 1895)
3(376 1109 378)
3(1580 1582 2313)
3(375 407 376)
3(1579 1580 1611)
3(678 680 676)
3(1882 1880 1884)
3(434 1489 466)
3(1638 1670 2693)
3(1018 1297 1014)
3(2222 2218 2501)
3(615 623 622)
3(1819 1826 1827)
3(356 412 354)
3(1560 1558 1616)
3(472 664 471)
3(1676 1675 1868)
3(375 418 407)
3(1579 1611 1622)
3(1347 1362 630)
3(2551 1834 2566)
3(646 648 647)
3(1850 1851 1852)
3(352 406 350)
3(1556 1554 1610)
3(381 385 383)
3(1585 1587 1589)
3(311 1376 698)
3(1515 1902 2580)
3(794 1174 29)
3(1998 222 2378)
3(1013 1014 584)
3(2217 1788 2218)
3(899 915 898)
3(2103 2102 2119)
3(752 1269 842)
3(1956 2046 2473)
3(1065 1364 981)
3(2269 2185 2568)
3(437 1123 1110)
3(1641 2314 2327)
3(859 861 860)
3(2063 2064 2065)
3(955 1439 692)
3(2159 1896 2643)
3(954 955 519)
3(2158 1723 2159)
3(355 356 354)
3(1559 1558 1560)
3(503 504 502)
3(1707 1706 1708)
3(387 395 389)
3(1591 1593 1599)
3(707 1121 1054)
3(1911 2258 2325)
3(435 456 446)
3(1639 1650 1660)
3(435 446 421)
3(1639 1625 1650)
3(712 1075 746)
3(1916 1950 2279)
3(608 688 606)
3(1812 1810 1892)
3(353 354 352)
3(1557 1556 1558)
3(98 1181 99)
3(291 292 2385)
3(500 514 499)
3(1704 1703 1718)
3(418 435 421)
3(1622 1625 1639)
3(456 468 446)
3(1660 1650 1672)
3(783 786 785)
3(1987 1989 1990)
3(734 737 736)
3(1938 1940 1941)
3(605 608 606)
3(1809 1810 1812)
3(1029 1461 999)
3(2233 2203 2665)
3(353 706 355)
3(1557 1559 1910)
3(1086 1452 496)
3(2290 1700 2656)
3(553 1126 1125)
3(1757 2329 2330)
3(917 1267 913)
3(2121 2117 2471)
3(522 555 521)
3(1726 1725 1759)
3(495 499 490)
3(1699 1694 1703)
3(461 1169 637)
3(1665 1841 2373)
3(346 399 344)
3(1550 1548 1603)
3(527 645 541)
3(1731 1745 1849)
3(1090 1445 1295)
3(2294 2499 2649)
3(532 533 412)
3(1736 1616 1737)
3(1010 1339 1042)
3(2214 2246 2543)
3(897 898 896)
3(2101 2100 2102)
3(698 1123 454)
3(1902 1658 2327)
3(488 1290 523)
3(1692 1727 2494)
3(1292 1433 116)
3(2496 162 2637)
3(673 1162 474)
3(1877 1678 2366)
3(1044 1083 1059)
3(2248 2263 2287)
3(1338 1439 753)
3(2542 1957 2643)
3(329 1262 1036)
3(1533 2240 2466)
3(948 949 601)
3(2152 1805 2153)
3(726 751 727)
3(1930 1931 1955)
3(1246 1247 423)
3(2450 1627 2451)
3(1159 1292 684)
3(2363 1888 2496)
3(436 1123 437)
3(1640 1641 2327)
3(418 421 407)
3(1622 1611 1625)
3(336 460 338)
3(1540 1542 1664)
3(533 1429 412)
3(1737 1616 2633)
3(515 615 614)
3(1719 1818 1819)
3(458 1454 613)
3(1662 1817 2658)
3(1212 1347 630)
3(2416 1834 2551)
3(691 1490 689)
3(1895 1893 2694)
3(1155 1476 1100)
3(2359 2304 2680)
3(1436 1494 652)
3(2640 1856 2698)
3(490 1160 489)
3(1694 1693 2364)
3(931 1352 600)
3(2135 1804 2556)
3(514 521 499)
3(1718 1703 1725)
3(944 1478 1070)
3(2148 2274 2682)
3(717 719 718)
3(1921 1922 1923)
3(959 1262 329)
3(2163 1533 2466)
3(1118 1484 740)
3(2322 1944 2688)
3(95 1241 96)
3(288 289 2445)
3(645 1463 1276)
3(1849 2480 2667)
3(552 553 549)
3(1756 1753 1757)
3(538 1148 537)
3(1742 1741 2352)
3(663 1470 705)
3(1867 1909 2674)
3(394 414 413)
3(1598 1617 1618)
3(370 1242 1120)
3(1574 2324 2446)
3(1114 1359 464)
3(2318 1668 2563)
3(421 1128 442)
3(1625 1646 2332)
3(623 1391 938)
3(1827 2142 2595)
3(1251 1345 1112)
3(2455 2316 2549)
3(872 873 870)
3(2076 2074 2077)
3(842 1269 1249)
3(2046 2453 2473)
3(1267 1453 590)
3(2471 1794 2657)
3(535 1121 538)
3(1739 1742 2325)
3(356 532 412)
3(1560 1616 1736)
3(1060 1238 1237)
3(2264 2441 2442)
3(891 1277 940)
3(2095 2144 2481)
3(483 1130 515)
3(1687 1719 2334)
3(510 516 509)
3(1714 1713 1720)
3(1103 1415 391)
3(2307 1595 2619)
3(1133 1135 432)
3(2337 1636 2339)
3(404 1319 544)
3(1608 1748 2523)
3(514 522 521)
3(1718 1725 1726)
3(441 643 634)
3(1645 1838 1847)
3(502 1299 500)
3(1706 1704 2503)
3(1088 1437 1089)
3(2292 2293 2641)
3(1022 1023 1017)
3(2226 2221 2227)
3(1012 1336 1011)
3(2216 2215 2540)
3(1074 1393 467)
3(2278 1671 2597)
3(554 1498 694)
3(1758 1898 2702)
3(522 1093 555)
3(1726 1759 2297)
3(1264 1337 1321)
3(2468 2525 2541)
3(339 1455 1304)
3(1543 2508 2659)
3(737 740 739)
3(1941 1943 1944)
3(514 1299 621)
3(1718 1825 2503)
3(1218 1219 1217)
3(2422 2421 2423)
3(454 1123 436)
3(1658 1640 2327)
3(682 1476 1155)
3(1886 2359 2680)
3(568 1451 1077)
3(1772 2281 2655)
3(1209 1223 1207)
3(2413 2411 2427)
3(391 1256 37)
3(1595 230 2460)
3(405 1397 1085)
3(1609 2289 2601)
3(1082 1283 469)
3(2286 1673 2487)
3(729 1249 735)
3(1933 1939 2453)
3(1227 1228 1049)
3(2431 2253 2432)
3(956 1344 794)
3(2160 1998 2548)
3(781 1224 1221)
3(1985 2425 2428)
3(879 880 877)
3(2083 2081 2084)
3(407 1109 376)
3(1611 1580 2313)
3(515 614 482)
3(1719 1686 1818)
3(98 1390 1181)
3(291 2385 2594)
3(660 1164 657)
3(1864 1861 2368)
3(613 1454 430)
3(1817 1634 2658)
3(615 622 614)
3(1819 1818 1826)
3(350 1149 348)
3(1554 1552 2353)
3(837 1488 841)
3(2041 2045 2692)
3(841 1488 831)
3(2045 2035 2692)
3(405 1462 1078)
3(1609 2282 2666)
3(340 403 365)
3(1544 1569 1607)
3(1074 1261 364)
3(2278 1568 2465)
3(867 1452 1086)
3(2071 2290 2656)
3(1027 1404 590)
3(2231 1794 2608)
3(1060 1237 1092)
3(2264 2296 2441)
3(401 1398 1173)
3(1605 2377 2602)
3(584 1297 583)
3(1788 1787 2501)
3(967 1411 964)
3(2171 2168 2615)
3(887 888 886)
3(2091 2090 2092)
3(526 1115 527)
3(1730 1731 2319)
3(1303 1322 860)
3(2507 2064 2526)
3(702 1359 701)
3(1906 1905 2563)
3(392 394 393)
3(1596 1597 1598)
3(457 1333 456)
3(1661 1660 2537)
3(660 1495 1164)
3(1864 2368 2699)
3(1229 1501 843)
3(2433 2047 2705)
3(659 1155 660)
3(1863 1864 2359)
3(868 869 866)
3(2072 2070 2073)
3(889 923 888)
3(2093 2092 2127)
3(134 1380 1096)
3(180 2300 2584)
3(440 1412 1324)
3(1644 2528 2616)
3(306 1352 931)
3(1510 2135 2556)
3(418 1171 435)
3(1622 1639 2375)
3(499 1160 490)
3(1703 1694 2364)
3(1120 1242 943)
3(2324 2147 2446)
3(881 882 880)
3(2085 2084 2086)
3(585 1263 937)
3(1789 2141 2467)
3(682 1155 659)
3(1886 1863 2359)
3(1150 1169 461)
3(2354 1665 2373)
3(429 441 440)
3(1633 1644 1645)
3(1095 1413 595)
3(2299 1799 2617)
3(1087 1088 1023)
3(2291 2227 2292)
3(1080 1317 617)
3(2284 1821 2521)
3(80 1300 81)
3(273 274 2504)
3(438 1301 416)
3(1642 1620 2505)
3(1051 1389 465)
3(2255 1669 2593)
3(386 1254 387)
3(1590 1591 2458)
3(360 1173 357)
3(1564 1561 2377)
3(1097 1379 142)
3(2301 188 2583)
3(1011 1336 1013)
3(2215 2217 2540)
3(462 1394 1045)
3(1666 2249 2598)
3(728 1496 1249)
3(1932 2453 2700)
3(478 1310 949)
3(1682 2153 2514)
3(1047 1283 400)
3(2251 1604 2487)
3(446 1128 421)
3(1650 1625 2332)
3(775 1418 1298)
3(1979 2502 2622)
3(757 1338 741)
3(1961 1945 2542)
3(359 1261 361)
3(1563 1565 2465)
3(630 1235 1218)
3(1834 2422 2439)
3(1189 1441 738)
3(2393 1942 2645)
3(1066 1502 493)
3(2270 1697 2706)
3(111 1354 321)
3(157 1525 2558)
3(1148 1176 700)
3(2352 1904 2380)
3(1208 1209 1207)
3(2412 2411 2413)
3(320 1355 156)
3(1524 202 2559)
3(1034 1475 683)
3(2238 1887 2679)
3(1284 1285 1189)
3(2488 2393 2489)
3(39 1311 632)
3(232 1836 2515)
3(625 1394 462)
3(1829 1666 2598)
3(1126 1268 1125)
3(2330 2329 2472)
3(612 948 524)
3(1816 1728 2152)
3(655 1164 1056)
3(1859 2260 2368)
3(527 1115 645)
3(1731 1849 2319)
3(465 1389 672)
3(1669 1876 2593)
3(781 1211 780)
3(1985 1984 2415)
3(519 1185 954)
3(1723 2158 2389)
3(1115 1340 634)
3(2319 1838 2544)
3(719 721 720)
3(1923 1924 1925)
3(1151 1229 679)
3(2355 1883 2433)
3(676 1159 431)
3(1880 1635 2363)
3(970 1339 1010)
3(2174 2214 2543)
3(977 979 978)
3(2181 2182 2183)
3(731 733 732)
3(1935 1936 1937)
3(1239 1503 519)
3(2443 1723 2707)
3(558 1326 561)
3(1762 1765 2530)
3(886 1035 883)
3(2090 2087 2239)
3(492 1457 1286)
3(1696 2490 2661)
3(875 1334 959)
3(2079 2163 2538)
3(1188 1197 1190)
3(2392 2394 2401)
3(657 1164 655)
3(1861 1859 2368)
3(959 1334 1262)
3(2163 2466 2538)
3(1262 1334 878)
3(2466 2082 2538)
3(712 746 714)
3(1916 1918 1950)
3(1357 1446 588)
3(2561 1792 2650)
3(1147 1226 1144)
3(2351 2348 2430)
3(1102 1397 405)
3(2306 1609 2601)
3(979 980 978)
3(2183 2182 2184)
3(625 1376 1116)
3(1829 2320 2580)
3(143 1379 322)
3(189 1526 2583)
3(1141 1294 1143)
3(2345 2347 2498)
3(1116 1394 625)
3(2320 1829 2598)
3(1113 1345 1226)
3(2317 2430 2549)
3(319 1380 124)
3(1523 170 2584)
3(650 1234 539)
3(1854 1743 2438)
3(1213 1252 1245)
3(2417 2449 2456)
3(692 1439 1338)
3(1896 2542 2643)
3(1015 1016 1014)
3(2219 2218 2220)
3(521 1160 499)
3(1725 1703 2364)
3(938 1331 623)
3(2142 1827 2535)
3(996 1372 995)
3(2200 2199 2576)
3(762 1168 763)
3(1966 1967 2372)
3(1210 1212 1209)
3(2414 2413 2416)
3(1330 1362 626)
3(2534 1830 2566)
3(992 997 993)
3(2196 2197 2201)
3(748 1439 955)
3(1952 2159 2643)
3(1166 1421 458)
3(2370 1662 2625)
3(1044 1058 1057)
3(2248 2261 2262)
3(518 1382 509)
3(1722 1713 2586)
3(1021 1450 1127)
3(2225 2331 2654)
3(523 620 612)
3(1727 1816 1824)
3(651 1250 952)
3(1855 2156 2454)
3(42 1384 43)
3(235 236 2588)
3(357 1173 356)
3(1561 1560 2377)
3(90 1385 91)
3(283 284 2589)
3(97 1390 98)
3(290 291 2594)
3(0 1505 10)
3(9 203 2709)
3(992 993 991)
3(2196 2195 2197)
3(414 1240 413)
3(1618 1617 2444)
3(378 1172 381)
3(1582 1585 2376)
3(505 506 504)
3(1709 1708 1710)
3(982 1063 1062)
3(2186 2266 2267)
3(412 1183 354)
3(1616 1558 2387)
3(700 1176 678)
3(1904 1882 2380)
3(669 1341 670)
3(1873 1874 2545)
3(10 1505 728)
3(203 1932 2709)
3(1078 1462 789)
3(2282 1993 2666)
3(1019 1313 1020)
3(2223 2224 2517)
3(344 1167 342)
3(1548 1546 2371)
3(712 714 713)
3(1916 1917 1918)
3(870 957 869)
3(2074 2073 2161)
3(767 768 766)
3(1971 1970 1972)
3(1167 1259 704)
3(2371 1908 2463)
3(1195 1199 1196)
3(2399 2400 2403)
3(1226 1345 1142)
3(2430 2346 2549)
3(874 876 873)
3(2078 2077 2080)
3(1044 1059 1058)
3(2248 2262 2263)
3(883 1035 882)
3(2087 2086 2239)
3(1039 1041 1040)
3(2243 2244 2245)
3(601 1272 948)
3(1805 2152 2476)
3(1067 1356 742)
3(2271 1946 2560)
3(1414 1459 627)
3(2618 1831 2663)
3(763 767 766)
3(1967 1970 1971)
3(1298 1418 769)
3(2502 1973 2622)
3(383 1170 386)
3(1587 1590 2374)
3(1113 1479 1345)
3(2317 2549 2683)
3(1188 1189 738)
3(2392 1942 2393)
3(544 1319 550)
3(1748 1754 2523)
3(849 1180 847)
3(2053 2051 2384)
3(75 1401 314)
3(268 1518 2605)
3(873 957 870)
3(2077 2074 2161)
3(523 1290 620)
3(1727 1824 2494)
3(735 1186 731)
3(1939 1935 2390)
3(528 1320 1182)
3(1732 2386 2524)
3(890 1457 1061)
3(2094 2265 2661)
3(1116 1376 311)
3(2320 1515 2580)
3(788 1296 795)
3(1992 1999 2500)
3(387 1254 395)
3(1591 1599 2458)
3(356 1173 532)
3(1560 1736 2377)
3(517 1299 502)
3(1721 1706 2503)
3(1274 1485 508)
3(2478 1712 2689)
3(515 1175 615)
3(1719 1819 2379)
3(31 1414 627)
3(224 1831 2618)
3(984 1488 837)
3(2188 2041 2692)
3(949 1309 478)
3(2153 1682 2513)
3(1134 1361 1139)
3(2338 2343 2565)
3(982 1231 1063)
3(2186 2267 2435)
3(714 715 713)
3(1918 1917 1919)
3(406 1149 350)
3(1610 1554 2353)
3(450 1317 449)
3(1654 1653 2521)
3(991 1244 1006)
3(2195 2210 2448)
3(743 1447 764)
3(1947 1968 2651)
3(1312 1419 1024)
3(2516 2228 2623)
3(1119 1285 1284)
3(2323 2488 2489)
3(1109 1172 378)
3(2313 1582 2376)
3(1052 1233 1039)
3(2256 2243 2437)
3(733 734 732)
3(1937 1936 1938)
3(493 1502 1124)
3(1697 2328 2706)
3(831 1488 984)
3(2035 2188 2692)
3(705 1470 1128)
3(1909 2332 2674)
3(583 593 592)
3(1787 1796 1797)
3(926 1258 924)
3(2130 2128 2462)
3(73 1453 74)
3(266 267 2657)
3(422 430 427)
3(1626 1631 1634)
3(1028 1461 1029)
3(2232 2233 2665)
3(430 1240 619)
3(1634 1823 2444)
3(678 1176 680)
3(1882 1884 2380)
3(612 949 948)
3(1816 2152 2153)
3(877 1068 876)
3(2081 2080 2272)
3(375 1279 418)
3(1579 1622 2483)
3(680 1159 676)
3(1884 1880 2363)
3(1096 1380 319)
3(2300 1523 2584)
3(1000 1370 997)
3(2204 2201 2574)
3(735 1269 1192)
3(1939 2396 2473)
3(472 1506 664)
3(1676 1868 2710)
3(605 624 608)
3(1809 1812 1828)
3(504 517 502)
3(1708 1706 1721)
3(322 1379 1097)
3(1526 2301 2583)
3(364 1261 359)
3(1568 1563 2465)
3(381 1172 385)
3(1585 1589 2376)
3(1057 1232 1052)
3(2261 2256 2436)
3(1199 1202 1200)
3(2403 2404 2406)
3(757 1490 692)
3(1961 1896 2694)
3(802 806 804)
3(2006 2008 2010)
3(808 812 811)
3(2012 2015 2016)
3(1455 1474 622)
3(2659 1826 2678)
3(1119 1298 769)
3(2323 1973 2502)
3(524 948 666)
3(1728 1870 2152)
3(34 1504 35)
3(227 228 2708)
3(568 1077 923)
3(1772 2127 2281)
3(1170 1177 386)
3(2374 1590 2381)
3(1111 1348 1112)
3(2315 2316 2552)
3(767 1168 1118)
3(1971 2322 2372)
3(321 1354 1099)
3(1525 2303 2558)
3(1100 1355 320)
3(2304 1524 2559)
3(348 1257 346)
3(1552 1550 2461)
3(880 1068 877)
3(2084 2081 2272)
3(937 1263 926)
3(2141 2130 2467)
3(1156 1334 875)
3(2360 2079 2538)
3(385 1170 383)
3(1589 1587 2374)
3(1348 1403 1251)
3(2552 2455 2607)
3(1281 1312 1024)
3(2485 2228 2516)
3(721 744 722)
3(1925 1926 1948)
3(666 1272 669)
3(1870 1873 2476)
3(1253 1308 823)
3(2457 2027 2512)
3(690 1180 864)
3(1894 2068 2384)
3(479 1260 673)
3(1683 1877 2464)
3(797 800 799)
3(2001 2003 2004)
3(406 1229 1149)
3(1610 2353 2433)
3(550 697 696)
3(1754 1900 1901)
3(1311 1350 632)
3(2515 1836 2554)
3(596 1405 1323)
3(1800 2527 2609)
3(1216 1253 1252)
3(2420 2456 2457)
3(1312 1313 1019)
3(2516 2223 2517)
3(767 1118 769)
3(1971 1973 2322)
3(578 588 576)
3(1782 1780 1792)
3(468 1417 1278)
3(1672 2482 2621)
3(828 1308 1253)
3(2032 2457 2512)
3(643 1424 634)
3(1847 1838 2628)
3(591 1478 1228)
3(1795 2432 2682)
3(912 1236 910)
3(2116 2114 2440)
3(781 1396 775)
3(1985 1979 2600)
3(859 860 857)
3(2063 2061 2064)
3(1099 1354 133)
3(2303 179 2558)
3(574 1182 572)
3(1778 1776 2386)
3(125 1355 1100)
3(171 2304 2559)
3(1205 1206 788)
3(2409 1992 2410)
3(569 596 566)
3(1773 1770 1800)
3(1249 1269 735)
3(2453 1939 2473)
3(623 1304 622)
3(1827 1826 2508)
3(1087 1437 1088)
3(2291 2292 2641)
3(735 1192 1186)
3(1939 2390 2396)
3(601 1387 1272)
3(1805 2476 2591)
3(399 1259 1167)
3(1603 2371 2463)
3(555 1402 618)
3(1759 1822 2606)
3(1064 1222 1215)
3(2268 2419 2426)
3(1063 1231 1064)
3(2267 2268 2435)
3(968 1337 1264)
3(2172 2468 2541)
3(354 1183 352)
3(1558 1556 2387)
3(1265 1475 403)
3(2469 1607 2679)
3(661 1492 958)
3(1865 2162 2696)
3(1064 1231 1222)
3(2268 2426 2435)
3(820 823 822)
3(2024 2026 2027)
3(594 1411 1264)
3(1798 2468 2615)
3(740 1285 1118)
3(1944 2322 2489)
3(664 1426 471)
3(1868 1675 2630)
3(1091 1233 1232)
3(2295 2436 2437)
3(919 921 914)
3(2123 2118 2125)
3(1100 1476 126)
3(2304 172 2680)
3(399 1167 344)
3(1603 1548 2371)
3(482 1260 479)
3(1686 1683 2464)
3(1140 1251 1137)
3(2344 2341 2455)
3(338 1265 340)
3(1542 1544 2469)
3(1064 1065 981)
3(2268 2185 2269)
3(641 1480 1450)
3(1845 2654 2684)
3(1206 1208 1207)
3(2410 2411 2412)
3(1177 1254 386)
3(2381 1590 2458)
3(639 693 530)
3(1843 1734 1897)
3(825 828 827)
3(2029 2031 2032)
3(1033 1466 470)
3(2237 1674 2670)
3(910 1236 915)
3(2114 2119 2440)
3(780 1396 781)
3(1984 1985 2600)
3(814 817 816)
3(2018 2020 2021)
3(1295 1409 1090)
3(2499 2294 2613)
3(352 1183 406)
3(1556 1610 2387)
3(313 1176 1148)
3(1517 2352 2380)
3(1289 1392 608)
3(2493 1812 2596)
3(1089 1090 1088)
3(2293 2292 2294)
3(830 836 833)
3(2034 2037 2040)
3(1133 1158 644)
3(2337 1848 2362)
3(1132 1180 690)
3(2336 1894 2384)
3(633 1406 1153)
3(1837 2357 2610)
3(1150 1352 1169)
3(2354 2373 2556)
3(500 1299 514)
3(1704 1718 2503)
3(531 1293 1093)
3(1735 2297 2497)
3(424 1248 1247)
3(1628 2451 2452)
3(358 1442 1166)
3(1562 2370 2646)
3(132 1494 1099)
3(178 2303 2698)
3(670 1341 1201)
3(1874 2405 2545)
3(1370 1371 997)
3(2574 2201 2575)
3(1173 1398 532)
3(2377 1736 2602)
3(1128 1470 442)
3(2332 1646 2674)
3(790 1397 1102)
3(1994 2306 2601)
3(1264 1321 594)
3(2468 1798 2525)
3(583 1297 593)
3(1787 1797 2501)
3(955 1239 519)
3(2159 1723 2443)
3(922 1502 1066)
3(2126 2270 2706)
3(1172 1287 385)
3(2376 1589 2491)
3(532 1398 534)
3(1736 1738 2602)
3(1214 1218 1217)
3(2418 2421 2422)
3(724 750 726)
3(1928 1930 1954)
3(1108 1383 540)
3(2312 1744 2587)
3(1000 1373 1370)
3(2204 2574 2577)
3(1076 1436 648)
3(2280 1852 2640)
3(1210 1358 1347)
3(2414 2551 2562)
3(470 1489 434)
3(1674 1638 2693)
3(346 1257 399)
3(1550 1603 2461)
3(583 592 581)
3(1787 1785 1796)
3(516 526 518)
3(1720 1722 1730)
3(745 1356 1165)
3(1949 2369 2560)
3(460 1265 338)
3(1664 1542 2469)
3(794 1346 1174)
3(1998 2378 2550)
3(1125 1268 542)
3(2329 1746 2472)
3(620 1309 612)
3(1824 1816 2513)
3(612 1309 949)
3(1816 2153 2513)
3(987 996 995)
3(2191 2199 2200)
3(1064 1215 1065)
3(2268 2269 2419)
3(1211 1288 780)
3(2415 1984 2492)
3(526 527 518)
3(1730 1722 1731)
3(1190 1191 1189)
3(2394 2393 2395)
3(680 1292 1159)
3(1884 2363 2496)
3(432 1158 1133)
3(1636 2337 2362)
3(373 1474 1455)
3(1577 2659 2678)
3(622 1474 614)
3(1826 1818 2678)
3(365 1279 375)
3(1569 1579 2483)
3(1019 1419 1312)
3(2223 2516 2623)
3(771 775 774)
3(1975 1978 1979)
3(999 1461 1154)
3(2203 2358 2665)
3(1295 1445 1294)
3(2499 2498 2649)
3(721 748 744)
3(1925 1948 1952)
3(1190 1201 1194)
3(2394 2398 2405)
3(1023 1024 1017)
3(2227 2221 2228)
3(1194 1195 1191)
3(2398 2395 2399)
3(413 1240 422)
3(1617 1626 2444)
3(1068 1069 876)
3(2272 2080 2273)
3(1035 1153 882)
3(2239 2086 2357)
3(777 780 779)
3(1981 1983 1984)
3(511 1503 1239)
3(1715 2443 2707)
3(609 1322 1303)
3(1813 2507 2526)
3(1090 1409 1280)
3(2294 2484 2613)
3(1130 1175 515)
3(2334 1719 2379)
3(786 1205 788)
3(1990 1992 2409)
3(1273 1315 588)
3(2477 1792 2519)
3(1288 1444 1205)
3(2492 2409 2648)
3(614 1260 482)
3(1818 1686 2464)
3(550 1319 697)
3(1754 1901 2523)
3(1016 1018 1014)
3(2220 2218 2222)
3(645 1276 541)
3(1849 1745 2480)
3(915 916 898)
3(2119 2102 2120)
3(1323 1405 674)
3(2527 1878 2609)
3(391 1349 1256)
3(1595 2460 2553)
3(1016 1019 1018)
3(2220 2222 2223)
3(1169 1352 306)
3(2373 1510 2556)
3(429 458 441)
3(1633 1645 1662)
3(516 518 509)
3(1720 1713 1722)
3(1118 1285 1119)
3(2322 2323 2489)
3(748 955 954)
3(1952 2158 2159)
3(1254 1438 395)
3(2458 1599 2642)
3(740 1484 739)
3(1944 1943 2688)
3(340 1265 403)
3(1544 1607 2469)
3(1208 1210 1209)
3(2412 2413 2414)
3(1270 1395 1193)
3(2474 2397 2599)
3(717 753 719)
3(1921 1923 1957)
3(1363 1364 996)
3(2567 2200 2568)
3(734 738 737)
3(1938 1941 1942)
3(1293 1402 1093)
3(2497 2297 2606)
3(914 1302 912)
3(2118 2116 2506)
3(1149 1257 348)
3(2353 1552 2461)
3(997 998 993)
3(2201 2197 2202)
3(1188 1190 1189)
3(2392 2393 2394)
3(1337 1428 595)
3(2541 1799 2632)
3(979 981 980)
3(2183 2184 2185)
3(643 1442 706)
3(1847 1910 2646)
3(1255 1444 1204)
3(2459 2408 2648)
3(748 954 744)
3(1952 1948 2158)
3(619 1393 613)
3(1823 1817 2597)
3(714 741 715)
3(1918 1919 1945)
3(1059 1060 1058)
3(2263 2262 2264)
3(1019 1020 1018)
3(2223 2222 2224)
3(553 1498 1126)
3(1757 2330 2702)
3(767 769 768)
3(1971 1972 1973)
3(600 1352 1150)
3(1804 2354 2556)
3(677 1259 1151)
3(1881 2355 2463)
3(1243 1318 591)
3(2447 1795 2522)
3(593 1072 592)
3(1797 1796 2276)
3(781 1221 1211)
3(1985 2415 2425)
3(1121 1425 538)
3(2325 1742 2629)
3(1093 1402 555)
3(2297 1759 2606)
3(530 1399 516)
3(1734 1720 2603)
3(1250 1333 457)
3(2454 1661 2537)
3(1194 1198 1195)
3(2398 2399 2402)
3(561 1326 605)
3(1765 1809 2530)
3(545 1388 1369)
3(1749 2573 2592)
3(1190 1194 1191)
3(2394 2395 2398)
3(744 1407 722)
3(1948 1926 2611)
3(1205 1255 1206)
3(2409 2410 2459)
3(1413 1491 582)
3(2617 1786 2695)
3(1191 1284 1189)
3(2395 2393 2488)
3(750 1407 1305)
3(1954 2509 2611)
3(816 1306 820)
3(2020 2024 2510)
3(403 1279 365)
3(1607 1569 2483)
3(570 1329 1328)
3(1774 2532 2533)
3(1198 1368 1266)
3(2402 2470 2572)
3(1118 1119 769)
3(2322 1973 2323)
3(650 1392 1289)
3(1854 2493 2596)
3(541 1276 1178)
3(1745 2382 2480)
3(471 1426 698)
3(1675 1902 2630)
3(1340 1399 693)
3(2544 1897 2603)
3(369 1360 1178)
3(1573 2382 2564)
3(1215 1291 1065)
3(2419 2269 2495)
3(1224 1449 1196)
3(2428 2400 2653)
3(1056 1427 598)
3(2260 1802 2631)
3(634 1424 1115)
3(1838 2319 2628)
3(1126 1498 554)
3(2330 1758 2702)
3(648 1436 652)
3(1852 1856 2640)
3(1280 1409 1281)
3(2484 2485 2613)
3(1401 1481 314)
3(2605 1518 2685)
3(1077 1451 565)
3(2281 1769 2655)
3(548 1225 1202)
3(1752 2406 2429)
3(1371 1374 998)
3(2575 2202 2578)
3(864 1467 690)
3(2068 1894 2671)
3(1206 1255 1208)
3(2410 2412 2459)
3(822 1308 825)
3(2026 2029 2512)
3(1423 1435 575)
3(2627 1779 2639)
3(1073 1274 1273)
3(2277 2477 2478)
3(1035 1460 633)
3(2239 1837 2664)
3(811 1343 814)
3(2015 2018 2547)
3(566 1323 564)
3(1770 1768 2527)
3(432 1246 1158)
3(1636 2362 2450)
3(1158 1324 644)
3(2362 1848 2528)
3(957 1469 662)
3(2161 1866 2673)
3(795 1296 797)
3(1999 2001 2500)
3(707 1425 1121)
3(1911 2325 2629)
3(1090 1280 1088)
3(2294 2292 2484)
3(1176 1433 680)
3(2380 1884 2637)
3(598 1506 472)
3(1802 1676 2710)
3(424 1348 1111)
3(1628 2315 2552)
3(624 1289 608)
3(1828 1812 2493)
3(630 1330 1235)
3(1834 2439 2534)
3(1088 1280 1023)
3(2292 2227 2484)
3(661 1487 1303)
3(1865 2507 2691)
3(924 1258 589)
3(2128 1793 2462)
3(508 1434 1274)
3(1712 2478 2638)
3(1210 1347 1212)
3(2414 2416 2551)
3(628 1479 1235)
3(1832 2439 2683)
3(1305 1407 744)
3(2509 1948 2611)
3(470 1466 1157)
3(1674 2361 2670)
3(564 1456 559)
3(1768 1763 2660)
3(997 1371 998)
3(2201 2202 2575)
3(1236 1302 571)
3(2440 1775 2506)
3(538 1425 1179)
3(1742 2383 2629)
3(1251 1403 1137)
3(2455 2341 2607)
3(917 1453 1267)
3(2121 2471 2657)
3(799 1307 802)
3(2003 2006 2511)
3(763 1168 767)
3(1967 1971 2372)
3(1450 1480 638)
3(2654 1842 2684)
3(1249 1496 842)
3(2453 2046 2700)
3(827 1332 830)
3(2031 2034 2536)
3(313 1433 1176)
3(1517 2380 2637)
3(693 1399 530)
3(1897 1734 2603)
3(948 1272 666)
3(2152 1870 2476)
3(422 1240 430)
3(1626 1634 2444)
3(804 1342 808)
3(2008 2012 2546)
3(923 1381 568)
3(2127 1772 2585)
3(582 1468 1413)
3(1786 2617 2672)
3(1153 1406 563)
3(2357 1767 2610)
3(731 1186 733)
3(1935 1937 2390)
3(1017 1419 1016)
3(2221 2220 2623)
3(608 1392 688)
3(1812 1892 2596)
3(1178 1360 541)
3(2382 1745 2564)
3(517 1500 1383)
3(1721 2587 2704)
3(1006 1473 1083)
3(2210 2287 2677)
3(1281 1409 1138)
3(2485 2342 2613)
3(683 1475 1465)
3(1887 2669 2679)
3(857 1322 855)
3(2061 2059 2526)
3(893 1381 923)
3(2097 2127 2585)
3(554 1458 1126)
3(1758 2330 2662)
3(1247 1248 423)
3(2451 1627 2452)
3(1039 1233 1041)
3(2243 2245 2437)
3(1129 1465 460)
3(2333 1664 2669)
3(603 1487 1335)
3(1807 2539 2691)
3(640 1480 1361)
3(1844 2565 2684)
3(605 1326 624)
3(1809 1828 2530)
3(576 1315 574)
3(1780 1778 2519)
3(728 1505 1496)
3(1932 2700 2709)
3(1496 1505 745)
3(2700 1949 2709)
3(572 1320 569)
3(1776 1773 2524)
3(623 1331 1304)
3(1827 2508 2535)
3(1328 1329 571)
3(2532 1775 2533)
3(1089 1445 1090)
3(2293 2294 2649)
3(581 1357 578)
3(1785 1782 2561)
3(1186 1187 733)
3(2390 1937 2391)
3(367 1402 1293)
3(1571 2497 2606)
3(1427 1506 598)
3(2631 1802 2710)
3(1271 1448 671)
3(2475 1875 2652)
3(1304 1455 622)
3(2508 1826 2659)
3(1290 1365 620)
3(2494 1824 2569)
3(1141 1295 1294)
3(2345 2498 2499)
3(1058 1232 1057)
3(2262 2261 2436)
3(516 1399 526)
3(1720 1730 2603)
3(441 1421 643)
3(1645 1847 2625)
3(610 1467 1430)
3(1814 2634 2671)
3(1232 1233 1052)
3(2436 2256 2437)
3(1024 1419 1017)
3(2228 2221 2623)
3(926 1263 1258)
3(2130 2462 2467)
3(993 1244 991)
3(2197 2195 2448)
3(1183 1501 406)
3(2387 1610 2705)
3(653 1254 1177)
3(1857 2381 2458)
3(980 1363 987)
3(2184 2191 2567)
3(722 1407 724)
3(1926 1928 2611)
3(812 1343 811)
3(2016 2015 2547)
3(1127 1450 638)
3(2331 1842 2654)
3(578 1357 588)
3(1782 1792 2561)
3(664 1464 1426)
3(1868 2630 2668)
3(662 1335 958)
3(1866 2162 2539)
3(896 1381 893)
3(2100 2097 2585)
3(1182 1315 1273)
3(2386 2477 2519)
3(1280 1281 1024)
3(2484 2228 2485)
3(1386 1387 602)
3(2590 1806 2591)
3(569 1320 596)
3(1773 1800 2524)
3(762 1484 1168)
3(1966 2372 2688)
3(1321 1431 594)
3(2525 1798 2635)
3(574 1315 1182)
3(1778 2386 2519)
3(653 1438 1254)
3(1857 2458 2642)
3(1302 1328 571)
3(2506 1775 2532)
3(1318 1435 591)
3(2522 1795 2639)
3(412 1429 1183)
3(1616 2387 2633)
3(715 1410 717)
3(1919 1921 2614)
3(1012 1499 1336)
3(2216 2540 2703)
3(580 1431 1321)
3(1784 2525 2635)
3(680 1433 1292)
3(1884 2496 2637)
3(958 1335 661)
3(2162 1865 2539)
3(1341 1386 602)
3(2545 1806 2590)
3(1158 1246 428)
3(2362 1632 2450)
3(1069 1469 876)
3(2273 2080 2673)
3(694 1498 553)
3(1898 1757 2702)
3(968 1428 1337)
3(2172 2541 2632)
3(1244 1473 1006)
3(2448 2210 2677)
3(806 1342 804)
3(2010 2008 2546)
3(1358 1362 1347)
3(2562 2551 2566)
3(1023 1280 1024)
3(2227 2228 2484)
3(1112 1348 1251)
3(2316 2455 2552)
3(1225 1388 547)
3(2429 1751 2592)
3(1272 1386 669)
3(2476 1873 2590)
3(774 1396 777)
3(1978 1981 2600)
3(644 1412 639)
3(1848 1843 2616)
3(1182 1273 528)
3(2386 1732 2477)
3(688 1392 691)
3(1892 1895 2596)
3(406 1501 1229)
3(1610 2433 2705)
3(768 1418 771)
3(1972 1975 2622)
3(427 1454 429)
3(1631 1633 2658)
3(1286 1457 884)
3(2490 2088 2661)
3(1220 1497 1222)
3(2424 2426 2701)
3(912 1302 1236)
3(2116 2440 2506)
3(1273 1274 528)
3(2477 1732 2478)
3(1016 1419 1019)
3(2220 2223 2623)
3(1368 1369 1266)
3(2572 2470 2573)
3(1314 1471 723)
3(2518 1927 2675)
3(1366 1448 1271)
3(2570 2475 2652)
3(430 1454 427)
3(1634 1631 2658)
3(1243 1431 577)
3(2447 1781 2635)
3(545 1482 1388)
3(1749 2592 2686)
3(863 1492 861)
3(2067 2065 2696)
3(1382 1500 506)
3(2586 1710 2704)
3(1040 1437 1087)
3(2244 2291 2641)
3(820 1306 823)
3(2024 2027 2510)
3(428 1324 1158)
3(1632 2362 2528)
3(1119 1449 1298)
3(2323 2502 2653)
3(817 1306 816)
3(2021 2020 2510)
3(1413 1468 595)
3(2617 1799 2672)
3(1426 1464 311)
3(2630 1515 2668)
3(596 1323 566)
3(1800 1770 2527)
3(1153 1443 882)
3(2357 2086 2647)
3(921 1302 914)
3(2125 2118 2506)
3(671 1395 1270)
3(1875 2474 2599)
3(797 1296 800)
3(2001 2004 2500)
3(671 1448 1420)
3(1875 2624 2652)
3(1284 1449 1119)
3(2488 2323 2653)
3(800 1307 799)
3(2004 2003 2511)
3(1370 1373 1001)
3(2574 2205 2577)
3(740 1441 1285)
3(1944 2489 2645)
3(915 1236 571)
3(2119 1775 2440)
3(860 1322 857)
3(2064 2061 2526)
3(825 1308 828)
3(2029 2032 2512)
3(823 1308 822)
3(2027 2026 2512)
3(830 1332 836)
3(2034 2040 2536)
3(769 1418 768)
3(1973 1972 2622)
3(981 1363 980)
3(2185 2184 2567)
3(588 1315 576)
3(1792 1780 2519)
3(1182 1320 572)
3(2386 1776 2524)
3(741 1410 715)
3(1945 1919 2614)
3(1338 1410 741)
3(2542 1945 2614)
3(802 1307 806)
3(2006 2010 2511)
3(1383 1500 1382)
3(2587 2586 2704)
3(726 1440 751)
3(1930 1955 2644)
3(577 1318 1243)
3(1781 2447 2522)
3(592 1357 581)
3(1796 1785 2561)
3(814 1343 817)
3(2018 2021 2547)
3(808 1342 812)
3(2012 2016 2546)
3(828 1332 827)
3(2032 2031 2536)
3(639 1412 693)
3(1843 1897 2616)
3(1321 1468 580)
3(2525 1784 2672)
3(540 1383 1382)
3(1744 2586 2587)
3(898 1432 896)
3(2102 2100 2636)
3(886 1460 1035)
3(2090 2239 2664)
3(526 1399 1340)
3(1730 2544 2603)
3(458 1421 441)
3(1662 1645 2625)
3(1304 1331 337)
3(2508 1541 2535)
3(737 1441 740)
3(1941 1944 2645)
3(921 1328 1302)
3(2125 2506 2532)
3(1323 1456 564)
3(2527 1768 2660)
3(652 1494 1325)
3(1856 2529 2698)
3(1406 1416 563)
3(2610 1767 2620)
3(1266 1369 548)
3(2470 1752 2573)
3(504 1500 517)
3(1708 1721 2704)
3(429 1454 458)
3(1633 1662 2658)
3(1041 1437 1040)
3(2245 2244 2641)
3(1274 1434 528)
3(2478 1732 2638)
3(777 1396 780)
3(1981 1984 2600)
3(1217 1497 1220)
3(2421 2424 2701)
3(724 1407 750)
3(1928 1954 2611)
3(717 1410 753)
3(1921 1957 2614)
3(987 1363 996)
3(2191 2200 2567)
3(1324 1412 644)
3(2528 1848 2616)
3(916 1432 898)
3(2120 2102 2636)
3(614 1474 1260)
3(1818 2464 2678)
3(1405 1434 505)
3(2609 1709 2638)
3(888 1460 886)
3(2092 2090 2664)
3(695 1506 1427)
3(1899 2631 2710)
3(775 1396 774)
3(1979 1978 2600)
3(1429 1501 1183)
3(2633 2387 2705)
3(1205 1444 1255)
3(2409 2459 2648)
3(669 1386 1341)
3(1873 2545 2590)
3(882 1443 880)
3(2086 2084 2647)
3(1139 1313 1312)
3(2343 2516 2517)
3(1345 1479 1112)
3(2549 2316 2683)
3(880 1443 1068)
3(2084 2272 2647)
3(750 1440 726)
3(1954 1930 2644)
3(873 1469 957)
3(2077 2161 2673)
3(771 1418 775)
3(1975 1979 2622)
3(1070 1478 1435)
3(2274 2639 2682)
3(1235 1330 628)
3(2439 1832 2534)
3(753 1410 1338)
3(1957 2542 2614)
3(1298 1449 1224)
3(2502 2428 2653)
3(1435 1478 591)
3(2639 1795 2682)
3(1072 1446 592)
3(2276 1796 2650)
3(1222 1497 1215)
3(2426 2419 2701)
3(1369 1388 548)
3(2573 1752 2592)
3(1083 1473 1059)
3(2287 2263 2677)
3(1353 1476 682)
3(2557 1886 2680)
3(876 1469 873)
3(2080 2077 2673)
3(738 1441 737)
3(1942 1941 2645)
3(506 1500 504)
3(1710 1708 2704)
3(1211 1444 1288)
3(2415 2492 2648)
3(1319 1493 697)
3(2523 1901 2697)
3(1421 1442 643)
3(2625 1847 2646)
3(1336 1499 1015)
3(2540 2219 2703)
3(1166 1442 1421)
3(2370 2625 2646)
3(545 1483 1482)
3(1749 2686 2687)
3(592 1446 1357)
3(1796 2561 2650)
3(1482 1483 544)
3(2686 1748 2687)
3(720 1471 1314)
3(1924 2518 2675)
3(548 1388 1225)
3(1752 2429 2592)
3(896 1432 1381)
3(2100 2585 2636)
3(1203 1362 1358)
3(2407 2562 2566)
3(562 1416 1406)
3(1766 2610 2620)
3(1335 1487 661)
3(2539 1865 2691)
3(674 1456 1323)
3(1878 2527 2660)
3(1388 1482 547)
3(2592 1751 2686)
3(843 1501 1429)
3(2047 2633 2705)
3(575 1435 1318)
3(1779 2522 2639)
3(667 1448 1366)
3(1871 2570 2652)
3(1420 1448 667)
3(2624 1871 2652)
3(1381 1432 568)
3(2585 1772 2636)
3(489 1160 1130)
3(1693 2334 2364)
3(585 1423 1263)
3(1789 2467 2627)
3(620 1365 1309)
3(1824 2513 2569)
3(719 753 721)
3(1923 1925 1957)
3(750 1305 1271)
3(1954 2475 2509)
3(998 1374 1238)
3(2202 2442 2578)
3(1091 1092 1089)
3(2295 2293 2296)
3(1137 1403 1135)
3(2341 2339 2607)
4(116 117 163 162)
4(113 114 160 159)
4(153 154 200 199)
4(127 128 174 173)
4(130 131 177 176)
4(150 151 197 196)
4(147 148 194 193)
4(119 120 166 165)
4(112 113 159 158)
4(118 119 165 164)
4(114 115 161 160)
4(129 130 176 175)
4(152 153 199 198)
4(145 146 192 191)
4(146 147 193 192)
4(121 122 168 167)
4(120 121 167 166)
4(111 112 158 157)
4(155 156 202 201)
4(144 145 191 190)
4(154 155 201 200)
4(122 123 169 168)
4(143 144 190 189)
4(123 124 170 169)
4(148 149 195 194)
4(128 129 175 174)
4(149 150 196 195)
4(117 118 164 163)
4(126 127 173 172)
4(131 132 178 177)
4(151 152 198 197)
4(132 133 179 178)
4(125 126 172 171)
4(133 1 5 179)
4(3 125 171 7)
4(1 111 157 5)
4(156 3 7 202)
4(4 143 189 8)
4(124 2 6 170)
4(115 116 162 161)
4(138 139 185 184)
4(139 140 186 185)
4(137 138 184 183)
4(136 137 183 182)
4(140 141 187 186)
4(135 136 182 181)
4(134 135 181 180)
4(141 142 188 187)
4(142 4 8 188)
4(2 134 180 6)
4(100 101 294 293)
4(81 82 275 274)
4(101 102 295 294)
4(69 70 263 262)
4(108 109 302 301)
4(21 22 215 214)
4(60 61 254 253)
4(104 105 298 297)
4(103 104 297 296)
4(107 108 301 300)
4(13 14 207 206)
4(23 24 217 216)
4(25 26 219 218)
4(27 28 221 220)
4(32 33 226 225)
4(40 41 234 233)
4(62 63 256 255)
4(10 11 204 203)
4(109 110 303 302)
4(44 45 238 237)
4(91 92 285 284)
4(58 59 252 251)
4(50 51 244 243)
4(71 72 265 264)
4(70 71 264 263)
4(49 50 243 242)
4(51 52 245 244)
4(68 69 262 261)
4(72 73 266 265)
4(47 48 241 240)
4(46 47 240 239)
4(53 54 247 246)
4(45 46 239 238)
4(65 66 259 258)
4(54 55 248 247)
4(75 76 269 268)
4(64 65 258 257)
4(55 56 249 248)
4(76 77 270 269)
4(43 44 237 236)
4(56 57 250 249)
4(63 64 257 256)
4(77 78 271 270)
4(57 58 251 250)
4(41 42 235 234)
4(79 80 273 272)
4(39 40 233 232)
4(82 83 276 275)
4(61 62 255 254)
4(36 37 230 229)
4(85 86 279 278)
4(86 87 280 279)
4(33 34 227 226)
4(87 88 281 280)
4(88 89 282 281)
4(31 32 225 224)
4(89 90 283 282)
4(28 29 222 221)
4(59 60 253 252)
4(92 93 286 285)
4(26 27 220 219)
4(94 95 288 287)
4(24 25 218 217)
4(96 97 290 289)
4(22 23 216 215)
4(99 100 293 292)
4(19 20 213 212)
4(11 12 205 204)
4(102 103 296 295)
4(16 17 210 209)
4(15 16 209 208)
4(105 106 299 298)
4(14 15 208 207)
4(106 107 300 299)
4(12 13 206 205)
4(20 21 214 213)
4(52 53 246 245)
4(84 85 278 277)
4(110 0 9 303)
4(78 79 272 271)
4(35 36 229 228)
4(67 68 261 260)
4(93 94 287 286)
4(29 30 223 222)
4(18 19 212 211)
4(83 84 277 276)
4(37 38 231 230)
4(38 39 232 231)
4(66 67 260 259)
4(30 31 224 223)
4(74 75 268 267)
4(17 18 211 210)
4(48 49 242 241)
4(98 99 292 291)
4(95 96 289 288)
4(80 81 274 273)
4(42 43 236 235)
4(90 91 284 283)
4(97 98 291 290)
4(0 10 203 9)
4(73 74 267 266)
4(34 35 228 227)
)


// ************************************************************************* //
