/*--------------------------------*- C++ -*----------------------------------*\
| =========                 |                                                 |
| \\      /  F ield         | OpenFOAM: The Open Source CFD Toolbox           |
|  \\    /   O peration     | Version:  2412                                  |
|   \\  /    A nd           | Website:  www.openfoam.com                      |
|    \\/     M anipulation  |                                                 |
\*---------------------------------------------------------------------------*/
FoamFile
{
    version     2.0;
    format      ascii;
    arch        "LSB;label=32;scalar=64";
    class       faceList;
    location    "constant/polyMesh";
    object      faces;
}
// * * * * * * * * * * * * * * * * * * * * * * * * * * * * * * * * * * * * * //


22063
(
4(2077 2820 5854 5111)
4(2820 3183 6217 5854)
4(2077 5111 6217 3183)
4(453 2652 5686 3487)
4(2652 3372 6406 5686)
4(453 3487 6406 3372)
4(129 2269 5303 333)
4(424 3458 5303 2269)
4(424 129 333 3458)
4(27 2129 5163 231)
4(426 3460 5163 2129)
4(426 27 231 3460)
4(2057 2525 5559 5091)
4(2525 3338 6372 5559)
4(2057 5091 6372 3338)
4(420 3454 5108 2074)
4(420 2072 5106 3454)
4(2072 2074 5108 5106)
4(2122 470 3504 5156)
4(470 2123 5157 3504)
4(2122 5156 5157 2123)
4(453 3422 6456 3487)
4(2652 5686 6456 3422)
4(459 2334 5368 3493)
4(2334 3377 6411 5368)
4(459 3493 6411 3377)
4(53 2127 5161 257)
4(449 3483 5161 2127)
4(449 53 257 3483)
4(2574 3077 6111 5608)
4(2060 2574 5608 5094)
4(2060 5094 6111 3077)
4(2097 2700 5734 5131)
4(2063 5097 5734 2700)
4(2063 2097 5131 5097)
4(434 2067 5101 3468)
4(2067 2704 5738 5101)
4(434 3468 5738 2704)
4(2219 2661 5695 5253)
4(483 2219 5253 3517)
4(483 3517 5695 2661)
4(459 3418 6452 3493)
4(2334 5368 6452 3418)
4(2572 2056 5090 5606)
4(2056 2620 5654 5090)
4(2572 5606 5654 2620)
4(2070 2456 5490 5104)
4(424 2070 5104 3458)
4(424 3458 5490 2456)
4(492 2087 5121 3526)
4(492 3526 5122 2088)
4(2087 2088 5122 5121)
4(2256 5290 5694 2660)
4(2256 447 3481 5290)
4(447 2660 5694 3481)
4(2076 2445 5479 5110)
4(450 2076 5110 3484)
4(450 3484 5479 2445)
4(488 2069 5103 3522)
4(2069 2644 5678 5103)
4(488 3522 5678 2644)
4(2332 2815 5849 5366)
4(449 2332 5366 3483)
4(449 3483 5849 2815)
4(2071 5105 5614 2580)
4(2071 446 3480 5105)
4(446 2580 5614 3480)
4(2074 3410 6444 5108)
4(420 3454 6444 3410)
4(2122 3413 6447 5156)
4(470 3504 6447 3413)
4(115 319 5132 2098)
4(446 2098 5132 3480)
4(115 446 3480 319)
4(134 338 5286 2252)
4(419 2252 5286 3453)
4(134 419 3453 338)
4(2058 5092 5539 2505)
4(2058 2504 5538 5092)
4(2504 2505 5539 5538)
4(2975 6009 6429 3395)
4(2975 419 3453 6009)
4(419 3395 6429 3453)
4(494 2085 5119 3528)
4(494 3528 5120 2086)
4(2085 2086 5120 5119)
4(2070 2457 5491 5104)
4(2456 5490 5491 2457)
4(485 2083 5117 3519)
4(485 3519 5447 2413)
4(2083 2413 5447 5117)
4(143 2096 5130 347)
4(488 3522 5130 2096)
4(488 143 347 3522)
4(1918 3077 6111 4952)
4(2574 1918 4952 5608)
4(2505 2506 5540 5539)
4(2058 5092 5540 2506)
4(2820 5854 6421 3387)
4(2077 3387 6421 5111)
4(2097 3426 6460 5131)
4(2700 5734 6460 3426)
4(2595 3183 6217 5629)
4(2820 2595 5629 5854)
4(434 3408 6442 3468)
4(2067 5101 6442 3408)
4(130 2269 5303 334)
4(424 3458 6418 3384)
4(2269 3384 6418 5303)
4(2087 5121 6446 3412)
4(492 3412 6446 3526)
4(482 2354 5388 3516)
4(482 3516 5511 2477)
4(2354 2477 5511 5388)
4(2264 491 3525 5298)
4(491 2265 5299 3525)
4(2264 5298 5299 2265)
4(28 2129 5163 232)
4(45 249 5540 2506)
4(46 2506 5540 250)
4(2661 5695 6441 3407)
4(2219 3407 6441 5253)
4(2129 3392 6426 5163)
4(426 3460 6426 3392)
4(58 2128 5162 262)
4(57 261 5162 2128)
4(54 2127 5161 258)
4(2093 2701 5735 5127)
4(2095 2093 5127 5129)
4(2095 5129 5735 2701)
4(2057 3402 6436 5091)
4(2525 5559 6436 3402)
4(2525 3385 6419 5559)
4(3338 6372 6419 3385)
4(160 2286 5320 364)
4(159 363 5320 2286)
4(2056 5090 6440 3406)
4(2572 3406 6440 5606)
4(2443 2126 5160 5477)
4(2443 5477 6445 3411)
4(2126 3411 6445 5160)
4(2126 5160 6424 3390)
4(2443 3390 6424 5477)
4(449 3483 6427 3393)
4(2127 3393 6427 5161)
4(133 337 5286 2252)
4(437 2264 5298 3471)
4(2263 437 3471 5297)
4(2263 5297 5298 2264)
4(442 3476 5388 2354)
4(442 2353 5387 3476)
4(2353 2354 5388 5387)
4(2574 5608 6416 3382)
4(2060 3382 6416 5094)
4(2076 3404 6438 5110)
4(2445 5479 6438 3404)
4(2256 5290 6437 3403)
4(2660 3403 6437 5694)
4(114 318 5132 2098)
4(2085 5119 6448 3414)
4(494 3414 6448 3528)
4(431 2228 5262 3465)
4(2078 431 3465 5112)
4(2078 5112 5262 2228)
4(144 2096 5130 348)
4(2123 5157 5158 2124)
4(470 2124 5158 3504)
4(2128 5162 6471 3437)
4(58 3437 6471 262)
4(488 3400 6434 3522)
4(2069 5103 6434 3400)
4(2336 5370 6429 3395)
4(2336 2975 6009 5370)
4(441 2081 5115 3475)
4(441 3475 5117 2083)
4(2081 2083 5117 5115)
4(2332 3397 6431 5366)
4(2815 5849 6431 3397)
4(2071 5105 6432 3398)
4(2580 3398 6432 5614)
4(2093 3434 6468 5127)
4(2701 5735 6468 3434)
4(419 3453 6430 3396)
4(2975 3396 6430 6009)
4(452 3486 5300 2266)
4(452 2251 5285 3486)
4(2251 2266 5300 5285)
4(464 3498 6263 3229)
4(464 2287 5321 3498)
4(2287 3229 6263 5321)
4(462 2084 5118 3496)
4(462 3496 5119 2085)
4(2084 2085 5119 5118)
4(2083 5117 6451 3417)
4(485 3417 6451 3519)
4(3377 3395 6429 6411)
4(136 3377 6411 340)
4(136 340 6429 3395)
4(2286 5320 6472 3438)
4(160 3438 6472 364)
4(2069 3386 6420 5103)
4(2644 5678 6420 3386)
4(2332 5366 6427 3393)
4(446 3480 6428 3394)
4(2071 3394 6428 5105)
4(2098 5132 6428 3394)
4(2505 45 249 5539)
4(46 472 3506 250)
4(472 2506 5540 3506)
4(2705 3424 6458 5739)
4(3318 2705 5739 6352)
4(3318 6352 6458 3424)
4(465 3234 6268 3499)
4(2089 5123 6268 3234)
4(2089 465 3499 5123)
4(2120 3234 6268 5154)
4(465 2120 5154 3499)
4(467 2079 5113 3501)
4(2079 2087 5121 5113)
4(467 3501 5121 2087)
4(2252 5286 6430 3396)
4(2092 455 3489 5126)
4(2092 5126 5127 2093)
4(455 2093 5127 3489)
4(2079 5113 5124 2090)
4(467 2090 5124 3501)
4(2256 3388 6422 5290)
4(447 3481 6422 3388)
4(2076 5110 6421 3387)
4(450 3387 6421 3484)
4(2091 5125 5126 2092)
4(2091 455 3489 5125)
4(2266 2267 5301 5300)
4(452 3486 5301 2267)
4(2070 5104 6418 3384)
4(2084 5118 5131 2097)
4(462 2097 5131 3496)
4(2668 2075 5109 5702)
4(2668 5702 6456 3422)
4(2075 3422 6456 5109)
4(2095 5129 6385 3351)
4(1969 3351 6385 5003)
4(2095 1969 5003 5129)
4(2088 3374 6408 5122)
4(492 3526 6408 3374)
4(3379 6413 6414 3380)
4(3379 1512 4546 6413)
4(1512 3380 6414 4546)
4(2056 3389 6423 5090)
4(2620 5654 6423 3389)
4(2125 3427 6461 5159)
4(3379 2125 5159 6413)
4(3379 6413 6461 3427)
4(2081 5115 5156 2122)
4(441 2122 5156 3475)
4(2336 3377 6411 5370)
4(2334 2336 5370 5368)
4(2074 2075 5109 5108)
4(2074 5108 5702 2668)
4(2354 5388 6454 3420)
4(482 3420 6454 3516)
4(2264 3421 6455 5298)
4(491 3525 6455 3421)
4(2652 2651 5685 5686)
4(2651 3372 6406 5685)
4(2524 1495 4529 5558)
4(1495 3385 6419 4529)
4(2524 5558 6419 3385)
4(2228 5262 5263 2229)
4(431 2229 5263 3465)
4(2094 5128 6195 3161)
4(2094 1606 4640 5128)
4(1606 3161 6195 4640)
4(2641 3084 6118 5675)
4(2641 5675 6452 3418)
4(3084 3418 6452 6118)
4(2096 3400 6434 5130)
4(1495 4529 6478 3444)
4(2524 3444 6478 5558)
4(2086 3375 6409 5120)
4(494 3528 6409 3375)
4(2219 5253 6425 3391)
4(483 3391 6425 3517)
4(2094 5128 6385 3351)
4(2094 2095 5129 5128)
4(2553 2556 5590 5587)
4(478 2553 5587 3512)
4(478 3512 5590 2556)
4(2125 2126 5160 5159)
4(2126 3427 6461 5160)
4(2067 3391 6425 5101)
4(2704 5738 6425 3391)
4(2273 5307 6482 3448)
4(2273 2274 5308 5307)
4(2274 3448 6482 5308)
4(3368 2273 5307 6402)
4(3368 6402 6482 3448)
4(1650 2090 5124 4684)
4(2059 5093 5124 2090)
4(2059 1650 4684 5093)
4(2705 484 3518 5739)
4(484 3424 6458 3518)
4(1650 2079 5113 4684)
4(2552 2556 5590 5586)
4(2553 2552 5586 5587)
4(435 2552 5586 3469)
4(435 3469 5588 2554)
4(2552 2554 5588 5586)
4(437 3421 6455 3471)
4(442 3476 6454 3420)
4(1723 4757 6397 3363)
4(1721 3363 6397 4755)
4(1723 1721 4755 4757)
4(2072 5106 6423 3389)
4(420 3389 6423 3454)
4(2058 3381 6415 5092)
4(2504 5538 6415 3381)
4(2092 2094 5128 5126)
4(2092 5126 6195 3161)
4(2705 5739 6442 3408)
4(3318 3408 6442 6352)
4(442 3407 6441 3476)
4(2353 5387 6441 3407)
4(96 300 6399 3365)
4(97 3365 6399 301)
4(2700 3388 6422 5734)
4(2063 5097 6422 3388)
4(76 3353 6387 280)
4(75 279 6387 3353)
4(1606 4640 6385 3351)
4(3362 6396 6398 3364)
4(2986 3364 6398 6020)
4(3362 2986 6020 6396)
4(2124 2125 5159 5158)
4(2123 5157 5159 2125)
4(471 2320 5354 3505)
4(471 3505 6440 3406)
4(2320 3406 6440 5354)
4(2070 3383 6417 5104)
4(2457 5491 6417 3383)
4(2125 5159 6414 3380)
4(431 3465 6453 3419)
4(2078 3419 6453 5112)
4(435 2556 5590 3469)
4(480 3514 6391 3357)
4(2161 3357 6391 5195)
4(480 2161 5195 3514)
4(79 3354 6388 283)
4(78 282 6388 3354)
4(482 3516 6437 3403)
4(2477 3403 6437 5511)
4(491 3404 6438 3525)
4(2265 5299 6438 3404)
4(1724 3361 6395 4758)
4(2154 1724 4758 5188)
4(2154 5188 6395 3361)
4(107 311 5165 2131)
4(108 2131 5165 312)
4(448 3482 5136 2102)
4(448 2100 5134 3482)
4(2100 2102 5136 5134)
4(104 308 5166 2132)
4(105 2132 5166 309)
4(100 304 5172 2138)
4(101 2138 5172 305)
4(91 2133 5167 295)
4(90 294 5167 2133)
4(91 2151 5185 295)
4(2133 5167 5185 2151)
4(92 2151 5185 296)
4(457 3491 5140 2106)
4(457 2104 5138 3491)
4(2104 2106 5140 5138)
4(479 2108 5142 3513)
4(479 3513 6123 3089)
4(2108 3089 6123 5142)
4(93 297 5246 2212)
4(94 2212 5246 298)
4(427 3461 5144 2110)
4(427 2109 5143 3461)
4(2109 2110 5144 5143)
4(1534 2546 5580 4568)
4(1534 4568 5581 2547)
4(2546 2547 5581 5580)
4(65 269 5174 2140)
4(66 2140 5174 270)
4(495 2119 5153 3529)
4(2119 2128 5162 5153)
4(495 3529 5162 2128)
4(463 2118 5152 3497)
4(2117 463 3497 5151)
4(2117 5151 5152 2118)
4(82 286 5182 2148)
4(83 2148 5182 287)
4(95 2214 5248 299)
4(430 3464 5248 2214)
4(430 95 299 3464)
4(2554 2545 5579 5588)
4(2554 5588 5861 2827)
4(2545 2827 5861 5579)
4(2130 82 286 5164)
4(2130 5164 5182 2148)
4(2115 490 3524 5149)
4(490 2159 5193 3524)
4(2115 5149 5193 2159)
4(437 3471 6443 3409)
4(2263 3409 6443 5297)
4(453 2668 5702 3487)
4(1717 4751 5190 2156)
4(1717 2150 5184 4751)
4(2150 2156 5190 5184)
4(103 2135 5169 307)
4(102 306 5169 2135)
4(1736 2213 5247 4770)
4(1738 4772 5247 2213)
4(1738 1736 4770 4772)
4(1269 2549 5583 4303)
4(1267 4301 5583 2549)
4(1267 1269 4303 4301)
4(1662 2136 5170 4696)
4(2136 3119 6153 5170)
4(1662 4696 6153 3119)
4(1273 2555 5589 4307)
4(1271 4305 5589 2555)
4(1271 1273 4307 4305)
4(61 2137 5171 265)
4(60 264 5171 2137)
4(81 285 5164 2130)
4(2143 2876 5910 5177)
4(1951 2143 5177 4985)
4(1951 4985 5910 2876)
4(1697 4731 5180 2146)
4(1694 2146 5180 4728)
4(1697 1694 4728 4731)
4(1726 2145 5179 4760)
4(1729 4763 5179 2145)
4(1729 1726 4760 4763)
4(2593 489 3523 5627)
4(489 3397 6431 3523)
4(2593 5627 6431 3397)
4(485 3519 6432 3398)
4(2413 3398 6432 5447)
4(3203 480 3514 6237)
4(3203 6237 6391 3357)
4(1716 3360 6394 4750)
4(1719 4753 6394 3360)
4(1719 1716 4750 4753)
4(76 2111 5145 280)
4(2111 3353 6387 5145)
4(1717 4751 5191 2157)
4(2156 2157 5191 5190)
4(2097 3132 6166 5131)
4(2084 5118 6166 3132)
4(2063 3132 6166 5097)
4(1536 4570 5178 2144)
4(1536 2143 5177 4570)
4(2143 2144 5178 5177)
4(1536 4570 5181 2147)
4(2144 2147 5181 5178)
4(79 2107 5141 283)
4(2107 3354 6388 5141)
4(2150 5184 6384 3350)
4(1717 3350 6384 4751)
4(80 2107 5141 284)
4(77 2111 5145 281)
4(1950 4984 5176 2142)
4(1952 2142 5176 4986)
4(1950 1952 4986 4984)
4(62 266 5155 2121)
4(63 2121 5155 267)
4(3369 3370 6404 6403)
4(3352 3369 6403 6386)
4(3352 6386 6404 3370)
4(489 3523 6477 3443)
4(2593 3443 6477 5627)
4(2059 5093 5132 2098)
4(2090 2098 5132 5124)
4(1716 4750 5191 2157)
4(1714 2157 5191 4748)
4(1716 1714 4748 4750)
4(2093 2094 5128 5127)
4(2157 3360 6394 5191)
4(2038 2267 5301 5072)
4(2266 2038 5072 5300)
4(1277 2147 5181 4311)
4(1275 4309 5181 2147)
4(1275 1277 4311 4309)
4(2149 5183 5184 2150)
4(2149 416 3450 5183)
4(416 2150 5184 3450)
4(436 2116 5150 3470)
4(2116 2139 5173 5150)
4(436 3470 5173 2139)
4(421 2103 5137 3455)
4(2103 2134 5168 5137)
4(421 3455 5168 2134)
4(2113 2142 5176 5147)
4(444 2113 5147 3478)
4(444 3478 5176 2142)
4(463 2121 5155 3497)
4(2118 5152 5155 2121)
4(427 3461 5145 2111)
4(2110 2111 5145 5144)
4(457 3491 5141 2107)
4(2106 2107 5141 5140)
4(2114 486 3520 5148)
4(2114 5148 5175 2141)
4(486 2141 5175 3520)
4(464 3498 6463 3429)
4(3229 3429 6463 6263)
4(478 3370 6404 3512)
4(2553 5587 6404 3370)
4(441 3475 6451 3417)
4(1724 3360 6394 4758)
4(3360 3361 6395 6394)
4(2641 3431 6465 5675)
4(3084 6118 6465 3431)
4(471 3439 6473 3505)
4(2320 5354 6473 3439)
4(2145 1723 4757 5179)
4(2145 5179 6397 3363)
4(1714 1717 4751 4748)
4(2149 5183 6384 3350)
4(77 427 3461 281)
4(80 457 3491 284)
4(2113 1950 4984 5147)
4(463 62 266 3497)
4(3355 3356 6390 6389)
4(2142 3355 6389 5176)
4(2142 5176 6390 3356)
4(2121 3356 6390 5155)
4(3355 2121 5155 6389)
4(3357 2139 5173 6391)
4(2139 3366 6400 5173)
4(3357 6391 6400 3366)
4(2214 96 300 5248)
4(2214 5248 6399 3365)
4(457 2130 5164 3491)
4(2104 5138 5164 2130)
4(461 2099 5133 3495)
4(2099 2136 5170 5133)
4(461 3495 5170 2136)
4(1534 2555 5589 4568)
4(2546 5580 5589 2555)
4(1535 4569 5589 2555)
4(1535 2548 5582 4569)
4(2548 2555 5589 5582)
4(495 2137 5171 3529)
4(2119 5153 5171 2137)
4(463 3497 5171 2137)
4(2117 2137 5171 5151)
4(448 3482 5169 2135)
4(2102 2135 5169 5136)
4(2211 430 3464 5245)
4(430 2213 5247 3464)
4(2211 5245 5247 2213)
4(2547 2549 5583 5581)
4(1534 4568 5583 2549)
4(461 2131 5165 3495)
4(2099 5133 5165 2131)
4(461 107 311 3495)
4(448 2132 5166 3482)
4(2100 5134 5166 2132)
4(448 104 308 3482)
4(436 2138 5172 3470)
4(2116 5150 5172 2138)
4(436 100 304 3470)
4(421 3455 5167 2133)
4(421 90 294 3455)
4(2103 5137 5167 2133)
4(479 2212 5246 3513)
4(2108 5142 5246 2212)
4(444 3478 5174 2140)
4(444 65 269 3478)
4(2113 5147 5174 2140)
4(479 93 297 3513)
4(490 3524 5172 2138)
4(2115 2138 5172 5149)
4(101 490 3524 305)
4(430 2212 5246 3464)
4(94 430 3464 298)
4(2211 2212 5246 5245)
4(2151 479 3513 5185)
4(2151 5185 6123 3089)
4(92 479 3513 296)
4(486 3520 5174 2140)
4(2114 2140 5174 5148)
4(66 486 3520 270)
4(2132 5166 5186 2152)
4(105 2152 5186 309)
4(2547 2554 5588 5581)
4(2550 2547 5581 5584)
4(2550 5584 5588 2554)
4(2148 416 3450 5182)
4(2148 5182 5183 2149)
4(2547 2545 5579 5581)
4(435 3469 5861 2827)
4(83 416 3450 287)
4(2136 1947 4981 5170)
4(1947 2152 5186 4981)
4(2136 5170 5186 2152)
4(2549 5583 5584 2550)
4(2213 5247 5248 2214)
4(478 3512 6387 3353)
4(478 75 279 3512)
4(490 2135 5169 3524)
4(2135 2159 5193 5169)
4(103 448 3482 307)
4(490 102 306 3524)
4(1736 2211 5245 4770)
4(1949 4983 5247 2213)
4(1949 1738 4772 4983)
4(1269 1534 4568 4303)
4(457 81 285 3491)
4(1533 4567 5583 2549)
4(1533 1267 4301 4567)
4(1662 1947 4981 4696)
4(2099 3119 6153 5133)
4(1273 1535 4569 4307)
4(1534 1271 4305 4568)
4(61 463 3497 265)
4(495 60 264 3529)
4(1536 2876 5910 4570)
4(2114 2143 5177 5148)
4(1951 2114 5148 4985)
4(2116 5150 5180 2146)
4(2116 1697 4731 5150)
4(1694 1695 4729 4728)
4(1695 2146 5180 4729)
4(1726 1723 4757 4760)
4(2103 5137 5179 2145)
4(2103 1729 4763 5137)
4(2161 2139 5173 5195)
4(1947 2132 5166 4981)
4(2552 2550 5584 5586)
4(2082 5116 5156 2122)
4(2082 2081 5115 5116)
4(452 3416 6450 3486)
4(2251 5285 6450 3416)
4(427 3461 6388 3354)
4(427 78 282 3461)
4(2139 2146 5180 5173)
4(2146 3366 6400 5180)
4(2144 3362 6396 5178)
4(2144 5178 6398 3364)
4(2109 5143 6388 3354)
4(1724 3363 6397 4758)
4(1721 1724 4758 4755)
4(2038 2268 5302 5072)
4(2267 5301 5302 2268)
4(1277 1536 4570 4311)
4(1535 1275 4309 4569)
4(1535 4569 5181 2147)
4(1724 1719 4753 4758)
4(2082 5116 5157 2123)
4(459 2641 5675 3493)
4(1952 3355 6389 4986)
4(63 3356 6390 267)
4(480 3365 6399 3514)
4(97 480 3514 301)
4(2124 2126 5160 5158)
4(2548 5582 6398 3364)
4(1535 3364 6398 4569)
4(2158 3359 6393 5192)
4(458 3492 6393 3359)
4(458 2158 5192 3492)
4(2110 2112 5146 5144)
4(2111 5145 5146 2112)
4(2156 2158 5192 5190)
4(2157 5191 5192 2158)
4(2986 2548 5582 6020)
4(2134 5168 5179 2145)
4(2141 2143 5177 5175)
4(2156 3359 6393 5190)
4(73 277 5590 2556)
4(74 2556 5590 278)
4(421 3455 5187 2153)
4(2134 2153 5187 5168)
4(416 2155 5189 3450)
4(2150 5184 5189 2155)
4(464 3415 6449 3498)
4(2287 5321 6449 3415)
4(462 3496 6448 3414)
4(436 3470 5195 2161)
4(2106 2160 5194 5140)
4(2107 5141 5194 2160)
4(486 2162 5196 3520)
4(2141 5175 5196 2162)
4(3353 3370 6404 6387)
4(2058 5092 6436 3402)
4(2506 3402 6436 5540)
4(444 3478 6390 3356)
4(2118 5152 6389 3355)
4(2154 3363 6397 5188)
4(3203 3365 6399 6237)
4(435 73 277 3469)
4(74 478 3512 278)
4(2229 5263 5398 2364)
4(2229 2061 5095 5263)
4(2061 2364 5398 5095)
4(2228 5262 5398 2364)
4(2061 5095 5399 2365)
4(2229 2365 5399 5263)
4(2110 2163 5197 5144)
4(2112 5146 5197 2163)
4(3369 2553 5587 6403)
4(461 3495 5186 2152)
4(2105 5139 5164 2130)
4(2105 2104 5138 5139)
4(2117 2119 5153 5151)
4(2548 2546 5580 5582)
4(2159 2254 5288 5193)
4(1698 2159 5193 4732)
4(1698 4732 5288 2254)
4(99 2161 5195 303)
4(98 302 5195 2161)
4(2160 2638 5672 5194)
4(1998 2160 5194 5032)
4(1998 5032 5672 2638)
4(67 271 5196 2162)
4(68 2162 5196 272)
4(2163 5197 6038 3004)
4(2163 1999 5033 5197)
4(1999 3004 6038 5033)
4(106 310 5186 2152)
4(106 461 3495 310)
4(2105 5139 5182 2148)
4(1949 4983 5248 2214)
4(1533 4567 5584 2550)
4(2141 2144 5178 5175)
4(89 2153 5187 293)
4(88 292 5187 2153)
4(89 421 3455 293)
4(84 288 5189 2155)
4(85 2155 5189 289)
4(416 84 288 3450)
4(2102 2159 5193 5136)
4(2102 2254 5288 5136)
4(1698 2115 5149 4732)
4(2268 3279 6313 5302)
4(1938 4972 6313 3279)
4(1938 2268 5302 4972)
4(2038 3279 6313 5072)
4(99 436 3470 303)
4(480 98 302 3514)
4(2106 2638 5672 5140)
4(1998 2109 5143 5032)
4(2109 2160 5194 5143)
4(486 67 271 3520)
4(68 443 3477 272)
4(443 2162 5196 3477)
4(1420 4454 6038 3004)
4(1420 2163 5197 4454)
4(2110 1999 5033 5144)
4(470 3378 6412 3504)
4(2124 5158 6412 3378)
4(2153 5187 5188 2154)
4(2134 2154 5188 5168)
4(2155 2156 5190 5189)
4(2268 2269 5303 5302)
4(2267 5301 5303 2269)
4(2105 5139 5183 2149)
4(2550 2551 5585 5584)
4(1533 4567 5585 2551)
4(2551 5585 5586 2552)
4(2105 5139 5296 2262)
4(2149 2262 5296 5183)
4(2551 5585 5587 2553)
4(1660 2262 5296 4694)
4(1531 4565 5296 2262)
4(1531 1660 4694 4565)
4(1660 2105 5139 4694)
4(1590 1531 4565 4624)
4(1590 4624 5296 2262)
4(2171 487 3521 5205)
4(2171 5205 5688 2654)
4(487 2654 5688 3521)
4(2170 487 3521 5204)
4(2170 5204 5205 2171)
4(2164 2821 5855 5198)
4(466 2164 5198 3500)
4(466 3500 5855 2821)
4(2170 2807 5841 5204)
4(487 3521 5841 2807)
4(1665 3018 6052 4699)
4(1924 4958 6052 3018)
4(1924 1665 4699 4958)
4(3213 2047 5081 6247)
4(3213 6247 6308 3274)
4(2047 3274 6308 5081)
4(439 2172 5206 3473)
4(439 3473 5318 2284)
4(2172 2284 5318 5206)
4(2172 2807 5841 5206)
4(2170 2172 5206 5204)
4(439 2807 5841 3473)
4(2647 2047 5081 5681)
4(2647 5681 6247 3213)
4(2284 5318 5679 2645)
4(2166 2645 5679 5200)
4(2284 2166 5200 5318)
4(439 3473 5679 2645)
4(2165 2821 5855 5199)
4(2164 2165 5199 5198)
4(2166 473 3507 5200)
4(473 2645 5679 3507)
4(473 3507 5201 2167)
4(2166 2167 5201 5200)
4(2647 3055 6089 5681)
4(2047 5081 6089 3055)
4(2165 2646 5680 5199)
4(2646 2821 5855 5680)
4(2785 3288 6322 5819)
4(2175 2785 5819 5209)
4(2175 5209 6322 3288)
4(199 2168 5202 403)
4(198 402 5202 2168)
4(2567 5601 6266 3232)
4(476 3232 6266 3510)
4(2567 476 3510 5601)
4(1670 4704 5657 2623)
4(1671 2623 5657 4705)
4(1670 1671 4705 4704)
4(196 2737 5771 400)
4(195 399 5771 2737)
4(423 2173 5207 3457)
4(423 3457 5260 2226)
4(2173 2226 5260 5207)
4(2173 5207 5601 2567)
4(423 2567 5601 3457)
4(2173 5207 6266 3232)
4(2226 2621 5655 5260)
4(423 3457 5655 2621)
4(2227 2621 5655 5261)
4(2226 2227 5261 5260)
4(2670 3199 6233 5704)
4(454 3488 6233 3199)
4(454 2670 5704 3488)
4(2227 2670 5704 5261)
4(2621 5655 5704 2670)
4(2328 5362 6325 3291)
4(1960 3291 6325 4994)
4(2328 1960 4994 5362)
4(473 3507 5202 2168)
4(2167 2168 5202 5201)
4(2227 3199 6233 5261)
4(2328 454 3488 5362)
4(2328 5362 6233 3199)
4(454 3488 6325 3291)
4(199 473 3507 403)
4(186 390 5220 2186)
4(187 2186 5220 391)
4(418 2176 5210 3452)
4(418 3452 5212 2178)
4(2176 2178 5212 5210)
4(185 2181 5215 389)
4(184 388 5215 2181)
4(2086 3018 6052 5120)
4(2828 5862 6052 3018)
4(2828 2086 5120 5862)
4(2179 3217 6251 5213)
4(3217 3262 6296 6251)
4(2179 5213 6296 3262)
4(2164 5198 6052 3018)
4(466 3018 6052 3500)
4(182 2182 5216 386)
4(181 385 5216 2182)
4(2169 3299 6333 5203)
4(2168 5202 6333 3299)
4(2168 2169 5203 5202)
4(1665 2164 5198 4699)
4(2086 1924 4958 5120)
4(2171 3213 6247 5205)
4(2171 5205 6308 3274)
4(2654 3213 6247 5688)
4(2179 456 3490 5213)
4(456 3217 6251 3490)
4(456 3490 5214 2180)
4(2179 2180 5214 5213)
4(2169 2785 5819 5203)
4(2785 3299 6333 5819)
4(2165 2647 5681 5199)
4(2646 5680 5681 2647)
4(418 3452 5220 2186)
4(418 186 390 3452)
4(2169 3288 6322 5203)
4(179 2185 5219 383)
4(178 382 5219 2185)
4(1959 4993 5657 2623)
4(1959 1670 4704 4993)
4(2622 1959 4993 5656)
4(2622 5656 5657 2623)
4(2176 5210 5220 2186)
4(2622 2737 5771 5656)
4(1959 4993 5771 2737)
4(934 3968 5234 2200)
4(897 2200 5234 3931)
4(934 897 3931 3968)
4(2183 5217 6190 3156)
4(2183 425 3459 5217)
4(425 3156 6190 3459)
4(429 3463 5771 2737)
4(429 2174 5208 3463)
4(2174 2737 5771 5208)
4(196 429 3463 400)
4(2165 3055 6089 5199)
4(2174 5208 5819 2785)
4(429 2785 5819 3463)
4(2622 195 399 5656)
4(2175 2174 5208 5209)
4(2623 3232 6266 5657)
4(476 2623 5657 3510)
4(3156 3300 6334 6190)
4(2183 5217 6334 3300)
4(198 402 6333 3299)
4(425 3459 5218 2184)
4(2183 2184 5218 5217)
4(418 2181 5215 3452)
4(185 418 3452 389)
4(1671 3232 6266 4705)
4(2178 2181 5215 5212)
4(3217 2181 5215 6251)
4(2181 3262 6296 5215)
4(456 2182 5216 3490)
4(182 456 3490 386)
4(3290 6324 6329 3295)
4(1968 3295 6329 5002)
4(3290 1968 5002 6324)
4(2200 2201 5235 5234)
4(934 3968 5235 2201)
4(2186 3291 6325 5220)
4(1960 2186 5220 4994)
4(2197 5231 5410 2376)
4(2210 2376 5410 5244)
4(2197 2210 5244 5231)
4(1974 5008 6329 3295)
4(1974 3290 6324 5008)
4(2188 3134 6168 5222)
4(3134 3308 6342 6168)
4(2188 5222 6342 3308)
4(984 3046 6080 4018)
4(980 4014 6080 3046)
4(980 984 4018 4014)
4(2195 3228 6262 5229)
4(1930 4964 6262 3228)
4(1930 2195 5229 4964)
4(1975 2201 5235 5009)
4(2200 1975 5009 5234)
4(469 2188 5222 3503)
4(469 3503 5281 2247)
4(2188 2247 5281 5222)
4(984 4018 5440 2406)
4(986 2406 5440 4020)
4(984 986 4020 4018)
4(2247 5281 5703 2669)
4(2189 2669 5703 5223)
4(2247 2189 5223 5281)
4(469 3134 6168 3503)
4(2406 3046 6080 5440)
4(2348 3312 6346 5382)
4(2349 5383 6346 3312)
4(2349 2348 5382 5383)
4(425 2185 5219 3459)
4(179 425 3459 383)
4(896 2200 5234 3930)
4(897 896 3930 3931)
4(2190 1430 4464 5224)
4(1430 2192 5226 4464)
4(2190 5224 5226 2192)
4(2180 2182 5216 5214)
4(896 2187 5221 3930)
4(2187 2200 5234 5221)
4(469 3503 5703 2669)
4(1309 4343 5227 2193)
4(1415 2193 5227 4449)
4(1309 1415 4449 4343)
4(2187 5221 5292 2258)
4(896 2258 5292 3930)
4(2190 2194 5228 5224)
4(1430 4464 5228 2194)
4(3121 3216 6250 6155)
4(1966 5000 6250 3216)
4(1966 3121 6155 5000)
4(2195 1187 4221 5229)
4(1187 3228 6262 4221)
4(184 388 6251 3217)
4(1741 2577 5611 4775)
4(2577 3121 6155 5611)
4(1741 4775 6155 3121)
4(2313 1880 4914 5347)
4(1880 2348 5382 4914)
4(2313 5347 5382 2348)
4(1741 2407 5441 4775)
4(2407 2577 5611 5441)
4(2407 5441 6055 3021)
4(1741 3021 6055 4775)
4(2189 432 3466 5223)
4(432 2669 5703 3466)
4(432 3466 5231 2197)
4(2189 2197 5231 5223)
4(432 3466 5410 2376)
4(1700 2194 5228 4734)
4(2190 1700 4734 5224)
4(2577 3216 6250 5611)
4(2206 5240 5541 2507)
4(2206 440 3474 5240)
4(440 2507 5541 3474)
4(187 3291 6325 391)
4(2205 5239 5541 2507)
4(2205 2206 5240 5239)
4(2182 3156 6190 5216)
4(181 385 6190 3156)
4(2210 468 3502 5244)
4(468 2376 5410 3502)
4(468 2205 5239 3502)
4(468 3502 5541 2507)
4(2182 3300 6334 5216)
4(1700 3109 6143 4734)
4(2194 5228 6143 3109)
4(2350 5384 5441 2407)
4(2350 1023 4057 5384)
4(1023 2407 5441 4057)
4(1695 1880 4914 4729)
4(1695 4729 5347 2313)
4(2259 5293 5847 2813)
4(2259 1679 4713 5293)
4(1679 2813 5847 4713)
4(2185 3134 6168 5219)
4(178 382 6168 3134)
4(2049 3346 6380 5083)
4(3343 6377 6380 3346)
4(3343 2049 5083 6377)
4(2205 5239 5244 2210)
4(1747 3109 6143 4781)
4(1700 1747 4781 4734)
4(2258 5292 5847 2813)
4(2258 2259 5293 5292)
4(1430 2193 5227 4464)
4(2192 5226 5227 2193)
4(2245 2514 5548 5279)
4(474 2245 5279 3508)
4(474 3508 5548 2514)
4(1679 4713 5889 2855)
4(2259 2855 5889 5293)
4(1975 5009 6343 3309)
4(1974 3309 6343 5008)
4(1975 1974 5008 5009)
4(2185 3308 6342 5219)
4(2167 2169 5203 5201)
4(2187 5221 5847 2813)
4(2184 2185 5219 5218)
4(1430 1309 4343 4464)
4(2855 3172 6206 5889)
4(1679 4713 6206 3172)
4(1967 5001 6219 3185)
4(1970 3185 6219 5004)
4(1967 1970 5004 5001)
4(1024 2298 5332 4058)
4(2298 2520 5554 5332)
4(1024 4058 5554 2520)
4(1023 2406 5440 4057)
4(986 1023 4057 4020)
4(2350 5384 6055 3021)
4(1967 2204 5238 5001)
4(2204 2734 5768 5238)
4(1967 5001 5768 2734)
4(1421 4455 6089 3055)
4(1422 3055 6089 4456)
4(1421 1422 4456 4455)
4(1747 2422 5456 4781)
4(2422 3109 6143 5456)
4(2245 2244 5278 5279)
4(2244 2514 5548 5278)
4(2209 5243 5955 2921)
4(2209 717 3751 5243)
4(717 2921 5955 3751)
4(1992 2209 5243 5026)
4(1992 5026 5955 2921)
4(2217 3294 6328 5251)
4(3038 6072 6328 3294)
4(3038 2217 5251 6072)
4(1029 980 4014 4063)
4(1029 4063 6080 3046)
4(2350 2406 5440 5384)
4(2697 3325 6359 5731)
4(1916 2697 5731 4950)
4(1916 4950 6359 3325)
4(2297 2363 5397 5331)
4(1972 5006 5397 2363)
4(1972 2297 5331 5006)
4(1024 2297 5331 4058)
4(2297 2298 5332 5331)
4(1024 2363 5397 4058)
4(2193 3172 6206 5227)
4(2855 2193 5227 5889)
4(2220 5254 5640 2606)
4(2220 1170 4204 5254)
4(1170 2606 5640 4204)
4(2520 5554 5990 2956)
4(2298 2956 5990 5332)
4(1150 4184 5990 2956)
4(1150 2520 5554 4184)
4(2204 5238 6219 3185)
4(2196 5230 5640 2606)
4(2196 2220 5254 5230)
4(1431 3182 6216 4465)
4(2818 5852 6216 3182)
4(2818 1431 4465 5852)
4(717 2196 5230 3751)
4(717 3751 5640 2606)
4(2053 5087 6374 3340)
4(2053 1634 4668 5087)
4(1634 3340 6374 4668)
4(2404 2683 5717 5438)
4(2401 5435 5717 2683)
4(2401 2404 5438 5435)
4(1863 3238 6272 4897)
4(1807 4841 6272 3238)
4(1807 1863 4897 4841)
4(3292 3293 6327 6326)
4(1498 3292 6326 4532)
4(1498 4532 6327 3293)
4(3223 6257 6323 3289)
4(2431 3289 6323 5465)
4(3223 2431 5465 6257)
4(2204 1223 4257 5238)
4(1223 2734 5768 4257)
4(2201 5235 6343 3309)
4(865 2279 5313 3899)
4(2203 865 3899 5237)
4(2203 5237 5313 2279)
4(2242 1683 4717 5276)
4(1683 2243 5277 4717)
4(2242 5276 5277 2243)
4(834 3296 6330 3868)
4(523 834 3868 3557)
4(523 3557 6330 3296)
4(2206 3049 6083 5240)
4(440 3474 6083 3049)
4(2276 3032 6066 5310)
4(3032 3184 6218 6066)
4(2276 5310 6218 3184)
4(2196 5230 5243 2209)
4(2198 1223 4257 5232)
4(2198 5232 5238 2204)
4(1880 3312 6346 4914)
4(2973 6007 6083 3049)
4(1757 3049 6083 4791)
4(2973 1757 4791 6007)
4(2404 1341 4375 5438)
4(1341 2683 5717 4375)
4(2180 5214 6334 3300)
4(2180 2838 5872 5214)
4(2838 3300 6334 5872)
4(1757 4791 5278 2244)
4(1548 2244 5278 4582)
4(1757 1548 4582 4791)
4(2275 3032 6066 5309)
4(2276 2275 5309 5310)
4(1170 4204 5463 2429)
4(2220 2429 5463 5254)
4(2275 3003 6037 5309)
4(1252 2275 5309 4286)
4(1252 4286 6037 3003)
4(1005 2412 5446 4039)
4(1007 4041 5446 2412)
4(1007 1005 4039 4041)
4(2077 3311 6345 5111)
4(1932 2077 5111 4966)
4(1932 4966 6345 3311)
4(2497 5531 6060 3026)
4(2496 3026 6060 5530)
4(2497 2496 5530 5531)
4(1811 2497 5531 4845)
4(1811 4845 6060 3026)
4(1929 4963 6262 3228)
4(1929 1930 4964 4963)
4(1001 3067 6101 4035)
4(1003 4037 6101 3067)
4(1003 1001 4035 4037)
4(1170 4204 5464 2430)
4(2429 2430 5464 5463)
4(3327 3328 6362 6361)
4(2048 3327 6361 5082)
4(2048 5082 6362 3328)
4(2956 5990 6250 3216)
4(2956 1966 5000 5990)
4(2279 3016 6050 5313)
4(1973 5007 6050 3016)
4(1973 2279 5313 5007)
4(1698 3282 6316 4732)
4(1696 1698 4732 4730)
4(1696 4730 6316 3282)
4(1025 4059 6013 2979)
4(2682 2979 6013 5716)
4(1025 2682 5716 4059)
4(1340 4374 5433 2399)
4(1340 2397 5431 4374)
4(2397 2399 5433 5431)
4(2272 3003 6037 5306)
4(2275 2272 5306 5309)
4(2242 2244 5278 5276)
4(1683 4717 5278 2244)
4(1187 4221 6260 3226)
4(2195 3226 6260 5229)
4(1310 4344 5665 2631)
4(1310 2215 5249 4344)
4(2215 2631 5665 5249)
4(1139 4173 5665 2631)
4(1139 1310 4344 4173)
4(2329 2249 5283 5363)
4(2329 5363 6004 2970)
4(2249 2970 6004 5283)
4(2198 2920 5954 5232)
4(1223 4257 5954 2920)
4(3295 3309 6343 6329)
4(2215 2780 5814 5249)
4(2309 2215 5249 5343)
4(2309 5343 5814 2780)
4(865 3016 6050 3899)
4(1025 4059 6014 2980)
4(2979 2980 6014 6013)
4(1793 2426 5460 4827)
4(2426 2758 5792 5460)
4(1793 4827 5792 2758)
4(1572 2432 5466 4606)
4(2428 5462 5466 2432)
4(2428 1572 4606 5462)
4(1446 2291 5325 4480)
4(2291 2676 5710 5325)
4(1446 4480 5710 2676)
4(2372 5406 6299 3265)
4(2372 834 3868 5406)
4(834 3265 6299 3868)
4(2245 5279 5570 2536)
4(474 2536 5570 3508)
4(1001 4035 5439 2405)
4(999 2405 5439 4033)
4(1001 999 4033 4035)
4(2375 611 3645 5409)
4(2375 5409 5809 2775)
4(611 2775 5809 3645)
4(3327 1685 4719 6361)
4(1685 3328 6362 4719)
4(2238 611 3645 5272)
4(2238 5272 5409 2375)
4(2238 2508 5542 5272)
4(611 3645 5542 2508)
4(1310 2780 5814 4344)
4(2175 5209 5468 2434)
4(2410 2434 5468 5444)
4(2175 2410 5444 5209)
4(1002 3044 6078 4036)
4(1000 4034 6078 3044)
4(1000 1002 4036 4034)
4(2843 3108 6142 5877)
4(590 3624 6142 3108)
4(590 2843 5877 3624)
4(2236 2508 5542 5270)
4(2238 2236 5270 5272)
4(2405 3067 6101 5439)
4(1431 2426 5460 4465)
4(2426 3182 6216 5460)
4(2390 3179 6213 5424)
4(2387 5421 6213 3179)
4(2387 2390 5424 5421)
4(2217 761 3795 5251)
4(761 3294 6328 3795)
4(2368 5402 5500 2466)
4(976 2466 5500 4010)
4(2368 976 4010 5402)
4(2236 1213 4247 5270)
4(1213 2508 5542 4247)
4(2371 2372 5406 5405)
4(2371 5405 6299 3265)
4(3227 3306 6340 6261)
4(2311 3227 6261 5345)
4(2311 5345 6340 3306)
4(725 2199 5233 3759)
4(725 3759 5658 2624)
4(2199 2624 5658 5233)
4(2246 1973 5007 5280)
4(1973 2253 5287 5007)
4(2246 5280 5287 2253)
4(2372 3296 6330 5406)
4(1664 1421 4455 4698)
4(1664 4698 6089 3055)
4(1682 4716 5280 2246)
4(1682 1973 5007 4716)
4(2330 1837 4871 5364)
4(2330 5364 6072 3038)
4(1837 3038 6072 4871)
4(1757 4791 5279 2245)
4(2253 5287 6050 3016)
4(1339 2392 5426 4373)
4(1339 4373 5439 2405)
4(2392 2405 5439 5426)
4(934 3968 5236 2202)
4(2201 2202 5236 5235)
4(2375 5409 5810 2776)
4(2775 2776 5810 5809)
4(2590 3138 6172 5624)
4(2589 5623 6172 3138)
4(2589 2590 5624 5623)
4(2498 3083 6117 5532)
4(1869 2498 5532 4903)
4(1869 4903 6117 3083)
4(1415 3172 6206 4449)
4(1339 2390 5424 4373)
4(2390 2392 5426 5424)
4(2368 5402 5817 2783)
4(2466 2783 5817 5500)
4(2243 5277 5280 2246)
4(1683 2246 5280 4717)
4(2203 2453 5487 5237)
4(865 3899 5487 2453)
4(2308 5342 5954 2920)
4(1086 2920 5954 4120)
4(2308 1086 4120 5342)
4(2027 3198 6232 5061)
4(950 3984 6232 3198)
4(950 2027 5061 3984)
4(1143 2243 5277 4177)
4(1143 4177 5280 2246)
4(2453 1978 5012 5487)
4(1978 2924 5958 5012)
4(2453 5487 5958 2924)
4(2404 3040 6074 5438)
4(1341 4375 6074 3040)
4(2242 2514 5548 5276)
4(1446 2289 5323 4480)
4(2289 2291 5325 5323)
4(2329 1837 4871 5363)
4(2329 5363 5364 2330)
4(2540 2939 5973 5574)
4(628 3662 5973 2939)
4(628 2540 5574 3662)
4(2695 3083 6117 5729)
4(2498 2695 5729 5532)
4(572 2303 5337 3606)
4(574 3608 5337 2303)
4(574 572 3606 3608)
4(1928 2265 5299 4962)
4(1931 1928 4962 4965)
4(1931 4965 5299 2265)
4(1340 2412 5446 4374)
4(1005 1340 4374 4039)
4(1213 2237 5271 4247)
4(2237 2843 5877 5271)
4(1213 4247 5877 2843)
4(2236 2237 5271 5270)
4(2243 5277 5875 2841)
4(1143 2841 5875 4177)
4(2203 1978 5012 5237)
4(999 1339 4373 4033)
4(1548 1683 4717 4582)
4(3244 6278 6298 3264)
4(2466 3264 6298 5500)
4(3244 2466 5500 6278)
4(1683 1682 4716 4717)
4(866 3900 5258 2224)
4(866 2223 5257 3900)
4(2223 2224 5258 5257)
4(2198 2308 5342 5232)
4(2515 5549 6099 3065)
4(751 3065 6099 3785)
4(2515 751 3785 5549)
4(2497 2939 5973 5531)
4(2540 2497 5531 5574)
4(1151 2489 5523 4185)
4(1151 4185 5524 2490)
4(2489 2490 5524 5523)
4(2489 5523 5723 2689)
4(1151 2689 5723 4185)
4(2206 2973 6007 5240)
4(2412 5446 5717 2683)
4(2412 2401 5435 5446)
4(2952 3040 6074 5986)
4(2404 2952 5986 5438)
4(1339 3179 6213 4373)
4(3150 3206 6240 6184)
4(1161 3150 6184 4195)
4(1161 4195 6240 3206)
4(2982 6016 6033 2999)
4(2982 1755 4789 6016)
4(1755 2999 6033 4789)
4(1793 2425 5459 4827)
4(2425 2426 5460 5459)
4(801 3835 5259 2225)
4(803 2225 5259 3837)
4(801 803 3837 3835)
4(1338 2790 5824 4372)
4(993 4027 5824 2790)
4(993 1338 4372 4027)
4(2245 5279 6083 3049)
4(2536 3049 6083 5570)
4(2216 1437 4471 5250)
4(2216 5250 5553 2519)
4(1437 2519 5553 4471)
4(1904 2249 5283 4938)
4(1904 4938 5363 2329)
4(2413 5447 5887 2853)
4(2413 1925 4959 5447)
4(1925 2853 5887 4959)
4(2590 625 3659 5624)
4(625 3138 6172 3659)
4(3231 6265 6271 3237)
4(3231 959 3993 6265)
4(959 3237 6271 3993)
4(3344 6378 6379 3345)
4(3344 2296 5330 6378)
4(2296 3345 6379 5330)
4(973 4007 5459 2425)
4(973 2424 5458 4007)
4(2424 2425 5459 5458)
4(1980 2739 5773 5014)
4(1980 5014 5774 2740)
4(2739 2740 5774 5773)
4(2237 3108 6142 5271)
4(2239 2526 5560 5273)
4(445 2239 5273 3479)
4(445 3479 5560 2526)
4(1977 5011 5343 2309)
4(1977 2215 5249 5011)
4(1572 2440 5474 4606)
4(2432 5466 5474 2440)
4(2218 5252 5723 2689)
4(2218 2489 5523 5252)
4(725 2923 5957 3759)
4(2199 5233 5957 2923)
4(2240 5274 5875 2841)
4(2240 2243 5277 5274)
4(1431 2758 5792 4465)
4(2425 2568 5602 5459)
4(973 4007 5602 2568)
4(788 2218 5252 3822)
4(788 3822 5723 2689)
4(1156 2612 5646 4190)
4(2221 1156 4190 5255)
4(2221 5255 5646 2612)
4(1980 2741 5775 5014)
4(2739 5773 5775 2741)
4(2612 5646 5758 2724)
4(1156 2724 5758 4190)
4(1687 4721 5774 2740)
4(1687 1980 5014 4721)
4(634 3668 5464 2430)
4(634 1170 4204 3668)
4(2197 2309 5343 5231)
4(2210 5244 5343 2309)
4(1422 2047 5081 4456)
4(3212 1901 4935 6246)
4(3212 6246 6256 3222)
4(1901 3222 6256 4935)
4(1736 1734 4768 4770)
4(1734 2211 5245 4768)
4(2776 3140 6174 5810)
4(2375 5409 6174 3140)
4(2248 1149 4183 5282)
4(1149 3051 6085 4183)
4(2248 5282 6085 3051)
4(2230 5264 5758 2724)
4(2230 2612 5646 5264)
4(1811 2939 5973 4845)
4(2682 1979 5013 5716)
4(1979 2979 6013 5013)
4(2565 5599 6049 3015)
4(2619 3015 6049 5653)
4(2565 2619 5653 5599)
4(972 4006 5458 2424)
4(1021 2424 5458 4055)
4(972 1021 4055 4006)
4(1805 4839 6298 3264)
4(1805 3244 6278 4839)
4(2209 3185 6219 5243)
4(1970 2209 5243 5004)
4(1688 4722 5774 2740)
4(1688 1687 4721 4722)
4(570 2230 5264 3604)
4(570 3604 5758 2724)
4(2330 5364 6328 3294)
4(1393 3205 6239 4427)
4(3082 6116 6239 3205)
4(3082 1393 4427 6116)
4(1988 3040 6074 5022)
4(2952 1988 5022 5986)
4(3240 6274 6285 3251)
4(3240 2540 5574 6274)
4(2540 3251 6285 5574)
4(2254 3282 6316 5288)
4(3302 3305 6339 6336)
4(919 3302 6336 3953)
4(919 3953 6339 3305)
4(1929 2958 5992 4963)
4(2958 3227 6261 5992)
4(1929 4963 6261 3227)
4(632 3666 5464 2430)
4(632 634 3668 3666)
4(2498 3026 6060 5532)
4(2496 2498 5532 5530)
4(2905 2679 5713 5939)
4(2905 5939 6019 2985)
4(2679 2985 6019 5713)
4(2776 1863 4897 5810)
4(1863 3140 6174 4897)
4(2776 3238 6272 5810)
4(1793 4827 5602 2568)
4(1701 2568 5602 4735)
4(1793 1701 4735 4827)
4(1782 2319 5353 4816)
4(1809 4843 5353 2319)
4(1809 1782 4816 4843)
4(899 2207 5241 3933)
4(899 3933 6314 3280)
4(2207 3280 6314 5241)
4(1007 4041 5717 2683)
4(1025 4059 6078 3044)
4(2980 3044 6078 6014)
4(2399 2412 5446 5433)
4(2681 1979 5013 5715)
4(2681 5715 5716 2682)
4(1340 4374 6101 3067)
4(1340 1003 4037 4374)
4(866 3900 5269 2235)
4(2224 2235 5269 5258)
4(2958 5992 6262 3228)
4(866 3900 5259 2225)
4(866 801 3835 3900)
4(2248 2733 5767 5282)
4(1149 4183 5767 2733)
4(3075 2990 6024 6109)
4(3075 6109 6179 3145)
4(2990 3145 6179 6024)
4(2371 5405 5801 2767)
4(1898 2767 5801 4932)
4(2371 1898 4932 5405)
4(2233 2746 5780 5267)
4(2663 2233 5267 5697)
4(2663 5697 5780 2746)
4(2049 2277 5311 5083)
4(2277 3346 6380 5311)
4(799 2235 5269 3833)
4(797 3831 5269 2235)
4(797 799 3833 3831)
4(2972 3180 6214 6006)
4(887 2972 6006 3921)
4(887 3921 6214 3180)
4(2289 5323 5712 2678)
4(1446 2678 5712 4480)
4(2923 2924 5958 5957)
4(1978 2923 5957 5012)
4(2937 5971 6082 3048)
4(1048 3048 6082 4082)
4(2937 1048 4082 5971)
4(1222 3240 6274 4256)
4(1222 4256 6285 3251)
4(3175 3199 6233 6209)
4(2227 3175 6209 5261)
4(2363 3044 6078 5397)
4(1972 5006 6078 3044)
4(3285 6319 6350 3316)
4(2202 3316 6350 5236)
4(3285 2202 5236 6319)
4(2327 1245 4279 5361)
4(1245 2337 5371 4279)
4(2327 5361 5371 2337)
4(2397 5431 6101 3067)
4(2291 5325 6099 3065)
4(2291 2515 5549 5325)
4(546 3580 5705 2671)
4(544 2671 5705 3578)
4(546 544 3578 3580)
4(1149 4183 5665 2631)
4(1149 1139 4173 4183)
4(1252 3032 6066 4286)
4(1837 4871 6004 2970)
4(2940 3019 6053 5974)
4(2310 2940 5974 5344)
4(2310 5344 6053 3019)
4(570 2231 5265 3604)
4(2230 5264 5265 2231)
4(493 3527 5319 2285)
4(496 2285 5319 3530)
4(493 496 3530 3527)
4(1912 3279 6313 4946)
4(3268 6302 6313 3279)
4(3268 1912 4946 6302)
4(1964 4998 5281 2247)
4(1964 2189 5223 4998)
4(872 2258 5292 3906)
4(896 872 3906 3930)
4(2207 5241 6310 3276)
4(899 3276 6310 3933)
4(2261 2789 5823 5295)
4(1022 2261 5295 4056)
4(1022 4056 5823 2789)
4(1409 2966 6000 4443)
4(1409 4443 6029 2995)
4(2966 2995 6029 6000)
4(1937 4971 5300 2266)
4(1937 2038 5072 4971)
4(1023 2576 5610 4057)
4(2407 5441 5610 2576)
4(1814 2309 5343 4848)
4(1814 4848 5814 2780)
4(1199 3223 6257 4233)
4(1199 4233 6323 3289)
4(2306 3305 6339 5340)
4(3302 2306 5340 6336)
4(1090 2920 5954 4124)
4(1087 4121 5954 2920)
4(1087 1090 4124 4121)
4(1674 4708 6049 3015)
4(1674 2565 5599 4708)
4(507 1187 4221 3541)
4(507 3541 6260 3226)
4(1156 2303 5337 4190)
4(572 1156 4190 3606)
4(2231 5265 5780 2746)
4(570 2746 5780 3604)
4(2571 5605 5934 2900)
4(2571 1829 4863 5605)
4(1829 2900 5934 4863)
4(2223 5257 5259 2225)
4(3135 6169 6224 3190)
4(3135 2649 5683 6169)
4(2649 3190 6224 5683)
4(1681 2311 5345 4715)
4(2208 1681 4715 5242)
4(2208 5242 5345 2311)
4(506 2253 5287 3540)
4(508 3542 5287 2253)
4(508 506 3540 3542)
4(893 2258 5292 3927)
4(872 893 3927 3906)
4(2260 5294 5823 2789)
4(2260 1198 4232 5294)
4(1198 2789 5823 4232)
4(1437 2687 5721 4471)
4(2416 5450 5721 2687)
4(2416 1437 4471 5450)
4(2233 2231 5265 5267)
4(1143 2253 5287 4177)
4(506 1143 4177 3540)
4(2415 5449 5453 2419)
4(1982 2419 5453 5016)
4(2415 1982 5016 5449)
4(2216 2687 5721 5250)
4(1747 3182 6216 4781)
4(2422 5456 6216 3182)
4(2384 2385 5419 5418)
4(2384 5418 5420 2386)
4(2385 2386 5420 5419)
4(2536 440 3474 5570)
4(2285 2286 5320 5319)
4(493 3527 5320 2286)
4(2221 2303 5337 5255)
4(1672 2175 5209 4706)
4(1672 4706 5468 2434)
4(1773 2923 5957 4807)
4(1772 4806 5957 2923)
4(1772 1773 4807 4806)
4(2261 2260 5294 5295)
4(2007 5041 5934 2900)
4(2007 2571 5605 5041)
4(973 972 4006 4007)
4(1519 2306 5340 4553)
4(1849 1519 4553 4883)
4(1849 4883 5340 2306)
4(2197 1977 5011 5231)
4(2333 2355 5389 5367)
4(1579 2333 5367 4613)
4(1579 4613 5389 2355)
4(1884 3001 6035 4918)
4(1883 4917 6035 3001)
4(1883 1884 4918 4917)
4(1927 2265 5299 4961)
4(1928 1927 4961 4962)
4(1927 2263 5297 4961)
4(1927 4961 5298 2264)
4(2681 5715 5985 2951)
4(1026 2951 5985 4060)
4(2681 1026 4060 5715)
4(2519 2568 5602 5553)
4(2216 5250 5602 2568)
4(3245 3265 6299 6279)
4(834 3245 6279 3868)
4(1002 1025 4059 4036)
4(2172 2889 5923 5206)
4(2284 5318 5923 2889)
4(3080 848 3882 6114)
4(3080 6114 6331 3297)
4(848 3297 6331 3882)
4(2699 5733 6015 2981)
4(2699 2347 5381 5733)
4(2347 2981 6015 5381)
4(2203 2316 5350 5237)
4(1774 4808 5350 2316)
4(1774 2203 5237 4808)
4(2693 2741 5775 5727)
4(1980 2693 5727 5014)
4(1956 4990 5887 2853)
4(1956 2413 5447 4990)
4(2279 2316 5350 5313)
4(799 866 3900 3833)
4(2364 2879 5913 5398)
4(1995 2364 5398 5029)
4(1995 5029 5913 2879)
4(903 2288 5322 3937)
4(869 3903 5322 2288)
4(869 903 3937 3903)
4(1151 4185 5705 2671)
4(2490 2671 5705 5524)
4(1750 4784 6102 3068)
4(1748 3068 6102 4782)
4(1750 1748 4782 4784)
4(1905 2331 5365 4939)
4(2331 3249 6283 5365)
4(1905 4939 6283 3249)
4(1992 3185 6219 5026)
4(1199 3258 6292 4233)
4(539 1199 4233 3573)
4(539 3573 6292 3258)
4(2862 2007 5041 5896)
4(2862 5896 5934 2900)
4(3098 3160 6194 6132)
4(1280 4314 6194 3160)
4(1280 3098 6132 4314)
4(1568 2720 5754 4602)
4(1568 4602 5952 2918)
4(2720 2918 5952 5754)
4(2439 5473 5998 2964)
4(2439 2294 5328 5473)
4(2294 2964 5998 5328)
4(1869 3026 6060 4903)
4(2241 445 3479 5275)
4(2241 5275 6141 3107)
4(445 3107 6141 3479)
4(517 899 3933 3551)
4(517 3551 6314 3280)
4(1684 3325 6359 4718)
4(2697 1684 4718 5731)
4(1728 2955 5989 4762)
4(1727 4761 5989 2955)
4(1727 1728 4762 4761)
4(1784 2319 5353 4818)
4(1782 1784 4818 4816)
4(1809 4843 5354 2320)
4(2319 2320 5354 5353)
4(1979 5013 5985 2951)
4(2217 5251 6242 3208)
4(2028 3208 6242 5062)
4(2217 2028 5062 5251)
4(2382 2383 5417 5416)
4(2379 5413 5417 2383)
4(2379 2382 5416 5413)
4(197 401 6333 3299)
4(1390 2588 5622 4424)
4(1390 4424 5625 2591)
4(2588 2591 5625 5622)
4(1511 4545 5392 2358)
4(1514 2358 5392 4548)
4(1511 1514 4548 4545)
4(1621 1876 4910 4655)
4(1876 3250 6284 4910)
4(1621 4655 6284 3250)
4(2239 2234 5268 5273)
4(2234 2526 5560 5268)
4(2531 5565 6015 2981)
4(2531 2699 5733 5565)
4(2383 2385 5419 5417)
4(2384 2383 5417 5418)
4(2225 5259 5721 2687)
4(2225 2416 5450 5259)
4(670 2949 5983 3704)
4(659 3693 5983 2949)
4(659 670 3704 3693)
4(1148 4182 5348 2314)
4(1147 2314 5348 4181)
4(1148 1147 4181 4182)
4(3230 6264 6273 3239)
4(3230 2377 5411 6264)
4(2377 3239 6273 5411)
4(3178 3241 6275 6212)
4(2881 5915 6275 3241)
4(2881 3178 6212 5915)
4(1699 4733 5727 2693)
4(1819 2693 5727 4853)
4(1699 1819 4853 4733)
4(2587 3079 6113 5621)
4(2014 2587 5621 5048)
4(2014 5048 6113 3079)
4(2027 2633 5667 5061)
4(2633 3198 6232 5667)
4(2042 5076 6249 3215)
4(2042 1845 4879 5076)
4(1845 3215 6249 4879)
4(1021 2421 5455 4055)
4(2421 2424 5458 5455)
4(2902 3001 6035 5936)
4(1884 2902 5936 4918)
4(2438 5472 5998 2964)
4(2438 2439 5473 5472)
4(466 2828 5862 3500)
4(1647 2263 5297 4681)
4(1927 1647 4681 4961)
4(1933 1920 4954 4967)
4(1920 2219 5253 4954)
4(1933 4967 5253 2219)
4(1774 4808 5547 2513)
4(2316 2513 5547 5350)
4(2364 1539 4573 5398)
4(1539 2879 5913 4573)
4(2631 3051 6085 5665)
4(2468 1640 4674 5502)
4(1640 2469 5503 4674)
4(2468 5502 5503 2469)
4(2429 5463 5466 2432)
4(2429 2428 5462 5463)
4(725 2924 5958 3759)
4(1689 2234 5268 4723)
4(1689 4723 5273 2239)
4(2842 2961 5995 5876)
4(2961 3066 6100 5995)
4(2842 5876 6100 3066)
4(1908 2358 5392 4942)
4(2358 2360 5394 5392)
4(1908 4942 5394 2360)
4(2674 5708 6140 3106)
4(2476 3106 6140 5510)
4(2674 2476 5510 5708)
4(1589 2427 5461 4623)
4(1352 4386 5461 2427)
4(1352 1589 4623 4386)
4(1981 5015 5355 2321)
4(1981 2059 5093 5015)
4(2059 2321 5355 5093)
4(1026 4060 5453 2419)
4(1026 2415 5449 4060)
4(1904 2486 5520 4938)
4(2249 5283 5520 2486)
4(1863 3130 6164 4897)
4(3130 3140 6174 6164)
4(2940 2235 5269 5974)
4(2235 3019 6053 5269)
4(2967 2978 6012 6001)
4(2629 5663 6012 2978)
4(2629 2967 6001 5663)
4(1652 2082 5116 4686)
4(1652 4686 5471 2437)
4(2082 2437 5471 5116)
4(1936 4970 5300 2266)
4(1936 1937 4971 4970)
4(1474 2586 5620 4508)
4(1475 1474 4508 4509)
4(1475 4509 5620 2586)
4(1222 3224 6258 4256)
4(2473 5507 6258 3224)
4(2473 1222 4256 5507)
4(3104 3163 6197 6138)
4(1827 3104 6138 4861)
4(1827 4861 6197 3163)
4(2745 1883 4917 5779)
4(2745 5779 6035 3001)
4(1883 4917 6081 3047)
4(2745 3047 6081 5779)
4(2862 2901 5935 5896)
4(2007 5041 5935 2901)
4(1990 2355 5389 5024)
4(2333 1990 5024 5367)
4(3083 1113 4147 6117)
4(1113 3142 6176 4147)
4(3083 6117 6176 3142)
4(2301 1471 4505 5335)
4(2301 5335 5543 2509)
4(1471 2509 5543 4505)
4(2439 3098 6132 5473)
4(2294 5328 6132 3098)
4(1452 4486 6058 3024)
4(920 3024 6058 3954)
4(1452 920 3954 4486)
4(2382 2385 5419 5416)
4(788 2693 5727 3822)
4(2218 5252 5727 2693)
4(2991 3158 6192 6025)
4(827 3861 6192 3158)
4(827 2991 6025 3861)
4(2180 1961 4995 5214)
4(1961 2838 5872 4995)
4(2261 2982 6016 5295)
4(2261 5295 6033 2999)
4(2239 5273 5275 2241)
4(2272 1642 4676 5306)
4(1642 3003 6037 4676)
4(1112 4146 5852 2818)
4(1165 2818 5852 4199)
4(1112 1165 4199 4146)
4(2310 1158 4192 5344)
4(1158 2940 5974 4192)
4(1288 2894 5928 4322)
4(2723 1288 4322 5757)
4(2723 5757 5928 2894)
4(1744 2438 5472 4778)
4(1917 4951 5472 2438)
4(1917 1744 4778 4951)
4(2541 5575 5576 2542)
4(2541 1305 4339 5575)
4(1305 2542 5576 4339)
4(2419 2951 5985 5453)
4(1563 2311 5345 4597)
4(1681 1563 4597 4715)
4(1853 2226 5260 4887)
4(2173 1853 4887 5207)
4(761 3795 6242 3208)
4(2519 973 4007 5553)
4(1290 2417 5451 4324)
4(1320 4354 5451 2417)
4(1320 1290 4324 4354)
4(2436 5470 5486 2452)
4(1985 2452 5486 5019)
4(2436 1985 5019 5470)
4(2222 3011 6045 5256)
4(2303 5337 6045 3011)
4(2303 2222 5256 5337)
4(2378 5412 5417 2383)
4(2378 2379 5413 5412)
4(793 2575 5609 3827)
4(774 3808 5609 2575)
4(774 793 3827 3808)
4(1353 4387 5361 2327)
4(1353 1245 4279 4387)
4(2222 2972 6006 5256)
4(2972 3011 6045 6006)
4(3235 3270 6304 6269)
4(951 3235 6269 3985)
4(951 3985 6304 3270)
4(2528 2673 5707 5562)
4(1439 2528 5562 4473)
4(1439 4473 5707 2673)
4(2863 2901 5935 5897)
4(2862 2863 5897 5896)
4(139 343 5676 2642)
4(140 2642 5676 344)
4(549 546 3580 3583)
4(549 3583 5705 2671)
4(1526 2270 5304 4560)
4(1958 1526 4560 4992)
4(1958 4992 5304 2270)
4(1579 2335 5369 4613)
4(2333 5367 5369 2335)
4(1753 2332 5366 4787)
4(1940 1753 4787 4974)
4(1940 4974 5366 2332)
4(156 360 5853 2819)
4(157 2819 5853 361)
4(1834 4868 5967 2933)
4(1834 1832 4866 4868)
4(1832 2933 5967 4866)
4(1743 2586 5620 4777)
4(1474 1743 4777 4508)
4(2299 5333 6225 3191)
4(2299 1888 4922 5333)
4(1888 3191 6225 4922)
4(1995 2228 5262 5029)
4(1079 4113 5714 2680)
4(1318 2680 5714 4352)
4(1079 1318 4352 4113)
4(2278 2732 5766 5312)
4(1361 2278 5312 4395)
4(1361 4395 5766 2732)
4(1392 2531 5565 4426)
4(1391 4425 5565 2531)
4(1391 1392 4426 4425)
4(1847 2901 5935 4881)
4(2863 1847 4881 5897)
4(2278 2733 5767 5312)
4(2248 2278 5312 5282)
4(2467 1640 4674 5501)
4(2467 5501 5502 2468)
4(2706 2342 5376 5740)
4(2342 3090 6124 5376)
4(2706 5740 6124 3090)
4(2233 5267 5839 2805)
4(2663 2805 5839 5697)
4(2563 3124 6158 5597)
4(2562 2563 5597 5596)
4(2562 5596 6158 3124)
4(1449 2362 5396 4483)
4(2362 2814 5848 5396)
4(1449 4483 5848 2814)
4(1471 4505 5336 2302)
4(2301 2302 5336 5335)
4(1701 2216 5250 4735)
4(2563 2991 6025 5597)
4(2991 3124 6158 6025)
4(2740 5774 6142 3108)
4(2740 590 3624 5774)
4(1246 2883 5917 4280)
4(2850 1246 4280 5884)
4(2850 5884 5917 2883)
4(2192 5226 5889 2855)
4(961 2527 5561 3995)
4(900 3934 5561 2527)
4(900 961 3995 3934)
4(1403 2323 5357 4437)
4(1129 4163 5357 2323)
4(1129 1403 4437 4163)
4(1457 2452 5486 4491)
4(1453 1457 4491 4487)
4(1453 4487 5486 2452)
4(2238 2374 5408 5272)
4(1690 4724 5408 2374)
4(1690 2238 5272 4724)
4(1132 4166 5442 2408)
4(1236 2408 5442 4270)
4(1132 1236 4270 4166)
4(1494 4528 5291 2257)
4(1494 2255 5289 4528)
4(2255 2257 5291 5289)
4(2431 2432 5466 5465)
4(2432 3289 6323 5466)
4(1803 4837 5489 2455)
4(1805 2455 5489 4839)
4(1803 1805 4839 4837)
4(2676 5710 6099 3065)
4(2367 5401 6276 3242)
4(2367 3235 6269 5401)
4(3235 3242 6276 6269)
4(2429 2431 5465 5463)
4(2430 5464 5465 2431)
4(574 3608 6045 3011)
4(1081 2927 5961 4115)
4(1084 1081 4115 4118)
4(1084 4118 5961 2927)
4(1145 2529 5563 4179)
4(1691 1145 4179 4725)
4(1691 4725 5563 2529)
4(2028 3245 6279 5062)
4(3208 6242 6279 3245)
4(544 1151 4185 3578)
4(788 2741 5775 3822)
4(2664 1569 4603 5698)
4(2664 5698 5839 2805)
4(1569 2805 5839 4603)
4(2178 3262 6296 5212)
4(880 850 3884 3914)
4(850 2869 5903 3884)
4(880 3914 5903 2869)
4(1071 2756 5790 4105)
4(2756 2897 5931 5790)
4(1071 4105 5931 2897)
4(1390 2587 5621 4424)
4(2587 2588 5622 5621)
4(2904 5938 5967 2933)
4(2904 1834 4868 5938)
4(2369 5403 5801 2767)
4(2369 2371 5405 5403)
4(3236 3281 6315 6270)
4(2686 5720 6315 3281)
4(2686 3236 6270 5720)
4(2641 139 343 5675)
4(2641 5675 5676 2642)
4(141 2644 5678 345)
4(422 141 345 3456)
4(422 3456 5678 2644)
4(1829 3165 6199 4863)
4(602 1829 4863 3636)
4(602 3636 6199 3165)
4(1051 2527 5561 4085)
4(961 1051 4085 3995)
4(988 2576 5610 4022)
4(1023 988 4022 4057)
4(1024 998 4032 4058)
4(998 2363 5397 4032)
4(2363 1000 4034 5397)
4(1004 2682 5716 4038)
4(1025 1004 4038 4059)
4(1455 4489 5925 2891)
4(1456 2891 5925 4490)
4(1455 1456 4490 4489)
4(1982 1711 4745 5016)
4(1711 2419 5453 4745)
4(1725 2297 5331 4759)
4(1972 1725 4759 5006)
4(2564 2640 5674 5598)
4(2044 2564 5598 5078)
4(2044 5078 5674 2640)
4(2509 2639 5673 5543)
4(2301 5335 5673 2639)
4(3086 3105 6139 6120)
4(2302 3086 6120 5336)
4(2302 5336 6139 3105)
4(2790 2387 5421 5824)
4(2790 5824 6213 3179)
4(2463 5497 6077 3043)
4(2569 3043 6077 5603)
4(2463 2569 5603 5497)
4(3120 3168 6202 6154)
4(2626 3120 6154 5660)
4(2626 5660 6202 3168)
4(1689 500 3534 4723)
4(500 2234 5268 3534)
4(1222 599 3633 4256)
4(599 3224 6258 3633)
4(2318 721 3755 5352)
4(721 2810 5844 3755)
4(2318 5352 5844 2810)
4(1162 2288 5322 4196)
4(903 1162 4196 3937)
4(2384 2790 5824 5418)
4(1338 2384 5418 4372)
4(1403 2324 5358 4437)
4(2323 5357 5358 2324)
4(2855 5889 6095 3061)
4(2259 3061 6095 5293)
4(2581 156 360 5615)
4(2581 5615 5853 2819)
4(2561 2886 5920 5595)
4(835 3869 5920 2886)
4(835 2561 5595 3869)
4(1457 2436 5470 4491)
4(2824 5858 5951 2917)
4(1463 2917 5951 4497)
4(2824 1463 4497 5858)
4(2452 5486 5908 2874)
4(1985 2874 5908 5019)
4(2588 2589 5623 5622)
4(2588 5622 6172 3138)
4(3059 3162 6196 6093)
4(2826 3059 6093 5860)
4(2826 5860 6196 3162)
4(1251 1132 4166 4285)
4(1251 4285 5442 2408)
4(1293 1148 4182 4327)
4(1293 4327 5348 2314)
4(1297 2434 5468 4331)
4(2410 1297 4331 5444)
4(1542 2531 5565 4576)
4(1392 1542 4576 4426)
4(1521 2306 5340 4555)
4(1519 1521 4555 4553)
4(2024 2021 5055 5058)
4(2021 2280 5314 5055)
4(2024 5058 5314 2280)
4(2929 3054 6088 5963)
4(2346 5380 6088 3054)
4(2346 2929 5963 5380)
4(2798 2805 5839 5832)
4(2762 5796 5839 2805)
4(2762 2798 5832 5796)
4(1508 3112 6146 4542)
4(1505 1508 4542 4539)
4(1505 4539 6146 3112)
4(2428 2710 5744 5462)
4(1572 4606 5744 2710)
4(1815 1803 4837 4849)
4(1815 4849 5489 2455)
4(1090 1223 4257 4124)
4(1659 4693 5361 2327)
4(1659 1353 4387 4693)
4(2967 1449 4483 6001)
4(1449 2978 6012 4483)
4(1520 2948 5982 4554)
4(1644 1520 4554 4678)
4(1644 4678 5982 2948)
4(2282 2732 5766 5316)
4(2278 2282 5316 5312)
4(2288 5322 5712 2678)
4(2288 2289 5323 5322)
4(1157 4191 5908 2874)
4(1157 2452 5486 4191)
4(2584 2817 5851 5618)
4(1190 4224 5851 2817)
4(1190 2584 5618 4224)
4(1982 2427 5461 5016)
4(1589 1982 5016 4623)
4(2223 5257 5721 2687)
4(1153 4187 5617 2583)
4(1256 2583 5617 4290)
4(1153 1256 4290 4187)
4(1399 4433 5403 2369)
4(1399 1400 4434 4433)
4(1400 2369 5403 4434)
4(2300 2436 5470 5334)
4(1707 4741 5470 2436)
4(1707 2300 5334 4741)
4(2435 5469 5777 2743)
4(2435 2597 5631 5469)
4(2597 2743 5777 5631)
4(970 1079 4113 4004)
4(970 4004 5714 2680)
4(1287 2417 5451 4321)
4(1290 1287 4321 4324)
4(1510 4544 5392 2358)
4(1510 1511 4545 4544)
4(1640 2736 5770 4674)
4(2469 5503 5770 2736)
4(2177 5211 5575 2541)
4(2177 1677 4711 5211)
4(1677 2541 5575 4711)
4(1865 4899 5382 2348)
4(1865 2313 5347 4899)
4(1689 2240 5274 4723)
4(1689 4723 5875 2841)
4(2720 5754 6016 2982)
4(2720 1755 4789 5754)
4(2257 5291 6002 2968)
4(2477 2968 6002 5511)
4(2257 2477 5511 5291)
4(3046 2349 5383 6080)
4(3046 6080 6346 3312)
4(1045 2695 5729 4079)
4(1125 4159 5729 2695)
4(1125 1045 4079 4159)
4(1065 1191 4225 4099)
4(1065 4099 5943 2909)
4(1191 2909 5943 4225)
4(3076 3100 6134 6110)
4(1326 3076 6110 4360)
4(1326 4360 6134 3100)
4(1461 4495 5547 2513)
4(1461 1774 4808 4495)
4(1982 3057 6091 5016)
4(2427 5461 6091 3057)
4(944 2307 5341 3978)
4(1032 4066 5341 2307)
4(1032 944 3978 4066)
4(2569 2893 5927 5603)
4(1160 4194 5927 2893)
4(1160 2569 5603 4194)
4(1747 2818 5852 4781)
4(1935 2228 5262 4969)
4(1995 1935 4969 5029)
4(2439 3160 6194 5473)
4(934 3968 5949 2915)
4(2202 2915 5949 5236)
4(1176 2492 5526 4210)
4(1174 1176 4210 4208)
4(1174 4208 5526 2492)
4(1980 1699 4733 5014)
4(2019 5053 5623 2589)
4(2022 2589 5623 5056)
4(2019 2022 5056 5053)
4(811 2678 5712 3845)
4(809 3843 5712 2678)
4(809 811 3845 3843)
4(1484 4518 5326 2292)
4(1276 2292 5326 4310)
4(1484 1276 4310 4518)
4(1469 2944 5978 4503)
4(2799 5833 5978 2944)
4(2799 1469 4503 5833)
4(1773 2199 5233 4807)
4(2719 5753 6019 2985)
4(2720 2985 6019 5754)
4(2719 2720 5754 5753)
4(142 2644 5678 346)
4(2325 1403 4437 5359)
4(2325 5359 5749 2715)
4(1403 2715 5749 4437)
4(2633 3189 6223 5667)
4(1479 2633 5667 4513)
4(1479 4513 6223 3189)
4(2980 1972 5006 6014)
4(520 3554 5658 2624)
4(518 2624 5658 3552)
4(520 518 3552 3554)
4(785 2686 5720 3819)
4(1440 785 3819 4474)
4(1440 4474 5720 2686)
4(2164 1664 4698 5198)
4(1664 2165 5199 4698)
4(2539 3144 6178 5573)
4(1946 2539 5573 4980)
4(1946 4980 6178 3144)
4(2546 2545 5579 5580)
4(793 1158 4192 3827)
4(1158 2575 5609 4192)
4(2335 5369 5980 2946)
4(1579 2946 5980 4613)
4(1702 4736 5721 2687)
4(1702 2223 5257 4736)
4(2688 2756 5790 5722)
4(2755 2688 5722 5789)
4(2755 5789 5790 2756)
4(856 3890 6001 2967)
4(856 1449 4483 3890)
4(1663 1947 4981 4697)
4(1662 1663 4697 4696)
4(2368 2367 5401 5402)
4(2368 5402 6276 3242)
4(69 2543 5577 273)
4(443 69 273 3477)
4(443 3477 5577 2543)
4(2695 1113 4147 5729)
4(1761 4795 5653 2619)
4(1764 2619 5653 4798)
4(1761 1764 4798 4795)
4(2334 2335 5369 5368)
4(2335 2336 5370 5369)
4(1540 2916 5950 4574)
4(1859 1540 4574 4893)
4(1859 4893 5950 2916)
4(3050 6084 6133 3099)
4(2476 3099 6133 5510)
4(3050 2476 5510 6084)
4(803 2416 5450 3837)
4(861 2598 5632 3895)
4(861 3895 5633 2599)
4(2598 2599 5633 5632)
4(2199 1807 4841 5233)
4(2199 5233 6272 3238)
4(1947 2100 5134 4981)
4(2680 2719 5753 5714)
4(2680 5714 6019 2985)
4(497 499 3533 3531)
4(497 3531 6221 3187)
4(499 3187 6221 3533)
4(1021 1077 4111 4055)
4(1077 2421 5455 4111)
4(1071 1069 4103 4105)
4(1069 2756 5790 4103)
4(1832 4866 5945 2911)
4(1105 2911 5945 4139)
4(1832 1105 4139 4866)
4(1409 1175 4209 4443)
4(1175 2966 6000 4209)
4(1501 4535 6005 2971)
4(1995 2971 6005 5029)
4(1501 1995 5029 4535)
4(2358 5392 5393 2359)
4(1514 2359 5393 4548)
4(1900 1901 4935 4934)
4(1900 4934 6246 3212)
4(875 2679 5713 3909)
4(875 3909 5939 2905)
4(1521 4555 5338 2304)
4(1521 1523 4557 4555)
4(1523 2304 5338 4557)
4(2061 1539 4573 5095)
4(1978 1772 4806 5012)
4(1030 958 3992 4064)
4(958 2315 5349 3992)
4(1030 4064 5349 2315)
4(996 1024 4058 4030)
4(996 4030 5554 2520)
4(969 3086 6120 4003)
4(2635 5669 6120 3086)
4(2635 969 4003 5669)
4(1361 2733 5767 4395)
4(1744 2417 5451 4778)
4(2417 2438 5472 5451)
4(1799 2783 5817 4833)
4(1796 1799 4833 4830)
4(1796 4830 5817 2783)
4(2824 5858 6043 3009)
4(2917 3009 6043 5951)
4(813 2446 5480 3847)
4(813 3847 5673 2639)
4(2446 2639 5673 5480)
4(906 2362 5396 3940)
4(1449 906 3940 4483)
4(1142 1313 4347 4176)
4(1313 2877 5911 4347)
4(1142 4176 5911 2877)
4(1682 1686 4720 4716)
4(1686 1973 5007 4720)
4(1938 1911 4945 4972)
4(1911 2070 5104 4945)
4(1938 4972 5104 2070)
4(3042 1934 4968 6076)
4(3042 6076 6244 3210)
4(1934 3210 6244 4968)
4(2575 2463 5497 5609)
4(2575 5609 6077 3043)
4(460 496 3530 3494)
4(163 460 3494 367)
4(163 367 3530 496)
4(765 3008 6042 3799)
4(763 3797 6042 3008)
4(763 765 3799 3797)
4(1549 1112 4146 4583)
4(1549 4583 5852 2818)
4(1147 1692 4726 4181)
4(1692 2314 5348 4726)
4(1520 1517 4551 4554)
4(1517 2948 5982 4551)
4(1570 4604 5474 2440)
4(1902 2440 5474 4936)
4(1570 1902 4936 4604)
4(48 2521 5555 252)
4(47 251 5555 2521)
4(1990 5024 5391 2357)
4(1413 2357 5391 4447)
4(1990 1413 4447 5024)
4(1819 2218 5252 4853)
4(1826 2936 5970 4860)
4(2237 1826 4860 5271)
4(2237 5271 5970 2936)
4(1864 4898 6104 3070)
4(1864 2726 5760 4898)
4(2726 3070 6104 5760)
4(2798 2233 5267 5832)
4(1354 2883 5917 4388)
4(1246 1354 4388 4280)
4(1286 2894 5928 4320)
4(1288 1286 4320 4322)
4(1494 4528 6002 2968)
4(2774 2794 5828 5808)
4(2002 2774 5808 5036)
4(2002 5036 5828 2794)
4(813 2965 5999 3847)
4(2446 5480 5999 2965)
4(1228 2512 5546 4262)
4(2512 2564 5598 5546)
4(1228 4262 5598 2564)
4(2769 5803 5997 2963)
4(2769 2675 5709 5803)
4(2675 2963 5997 5709)
4(733 774 3808 3767)
4(733 3767 5609 2575)
4(2832 5866 5905 2871)
4(1048 2871 5905 4082)
4(2832 1048 4082 5866)
4(1233 1129 4163 4267)
4(1233 4267 5357 2323)
4(1984 5018 5851 2817)
4(1984 2312 5346 5018)
4(2312 2817 5851 5346)
4(2614 2769 5803 5648)
4(2614 5648 5997 2963)
4(2699 5733 6271 3237)
4(2699 3231 6265 5733)
4(514 2924 5958 3548)
4(516 3550 5958 2924)
4(516 514 3548 3550)
4(1245 1212 4246 4279)
4(1212 2337 5371 4246)
4(2509 813 3847 5543)
4(1676 3199 6233 4710)
4(3175 1676 4710 6209)
4(2387 2386 5420 5421)
4(2387 5421 5422 2388)
4(2386 2388 5422 5420)
4(2527 2673 5707 5561)
4(2528 2527 5561 5562)
4(996 998 4032 4030)
4(1228 2632 5666 4262)
4(2512 5546 5666 2632)
4(1458 1455 4489 4492)
4(1458 4492 5925 2891)
4(1799 2366 5400 4833)
4(1799 4833 5401 2367)
4(2366 2367 5401 5400)
4(2514 5548 6141 3107)
4(2514 2241 5275 5548)
4(2307 2629 5663 5341)
4(2307 5341 6012 2978)
4(2350 2349 5383 5384)
4(2349 2406 5440 5383)
4(1568 2985 6019 4602)
4(2083 1925 4959 5117)
4(2996 607 3641 6030)
4(2996 6030 6243 3209)
4(607 3209 6243 3641)
4(1085 2601 5635 4119)
4(1088 4122 5635 2601)
4(1088 1085 4119 4122)
4(1571 2486 5520 4605)
4(1904 1571 4605 4938)
4(3110 3192 6226 6144)
4(1168 3110 6144 4202)
4(1168 4202 6226 3192)
4(1572 1570 4604 4606)
4(1624 1623 4657 4658)
4(1624 4658 4659 1625)
4(1623 1625 4659 4657)
4(2839 1778 4812 5873)
4(1778 2976 6010 4812)
4(2839 5873 6010 2976)
4(2234 5268 5772 2738)
4(2234 498 3532 5268)
4(498 2738 5772 3532)
4(704 2351 5385 3738)
4(704 3738 5566 2532)
4(2351 2532 5566 5385)
4(1429 1306 4340 4463)
4(1306 2491 5525 4340)
4(1429 4463 5525 2491)
4(2292 2293 5327 5326)
4(1484 4518 5327 2293)
4(1908 1510 4544 4942)
4(1562 4596 5533 2499)
4(1562 1907 4941 4596)
4(1907 2499 5533 4941)
4(2493 2592 5626 5527)
4(1752 4786 5626 2592)
4(1752 2493 5527 4786)
4(2192 5226 6095 3061)
4(2528 2674 5708 5562)
4(2528 5562 6140 3106)
4(2570 2893 5927 5604)
4(2569 2570 5604 5603)
4(2609 5643 5644 2610)
4(2608 2610 5644 5642)
4(2609 2608 5642 5643)
4(523 525 3559 3557)
4(525 834 3868 3559)
4(655 2433 5467 3689)
4(655 3689 5600 2566)
4(2433 2566 5600 5467)
4(1471 2949 5983 4505)
4(670 1471 4505 3704)
4(2249 1128 4162 5283)
4(1128 2970 6004 4162)
4(2441 3258 6292 5475)
4(1199 2441 5475 4233)
4(2655 5689 5802 2768)
4(2655 2656 5690 5689)
4(2656 2768 5802 5690)
4(15 219 5694 2660)
4(15 482 3516 219)
4(482 2660 5694 3516)
4(1171 520 3554 4205)
4(1171 4205 5658 2624)
4(629 2299 5333 3663)
4(629 3663 6225 3191)
4(1006 2681 5715 4040)
4(1006 4040 5716 2682)
4(2538 1288 4322 5572)
4(2538 5572 5757 2723)
4(2464 5498 5905 2871)
4(2464 2832 5866 5498)
4(771 3805 5372 2338)
4(771 1473 4507 3805)
4(1473 2338 5372 4507)
4(3027 3056 6090 6061)
4(2658 3027 6061 5692)
4(2658 5692 6090 3056)
4(44 248 5539 2505)
4(1158 4192 5497 2463)
4(2310 2463 5497 5344)
4(1989 1750 4784 5023)
4(1989 5023 6102 3068)
4(1963 4997 5281 2247)
4(1963 1964 4998 4997)
4(1965 1963 4997 4999)
4(1963 2188 5222 4997)
4(1965 4999 5222 2188)
4(2300 1985 5019 5334)
4(2977 6011 6064 3030)
4(2977 2008 5042 6011)
4(2008 3030 6064 5042)
4(3101 3176 6210 6135)
4(2035 3101 6135 5069)
4(2035 5069 6210 3176)
4(2714 2560 5594 5748)
4(2714 5748 5969 2935)
4(2560 2935 5969 5594)
4(2637 3153 6187 5671)
4(2636 2637 5671 5670)
4(2636 5670 6187 3153)
4(2521 2525 5559 5555)
4(472 2521 5555 3506)
4(472 3506 5559 2525)
4(669 2826 5860 3703)
4(764 3798 5860 2826)
4(764 669 3703 3798)
4(1192 4226 5764 2730)
4(1064 2730 5764 4098)
4(1192 1064 4098 4226)
4(1247 2653 5687 4281)
4(1498 1247 4281 4532)
4(1498 4532 5687 2653)
4(2883 1504 4538 5917)
4(2883 5917 5918 2884)
4(1504 2884 5918 4538)
4(2064 1749 4783 5098)
4(1749 2250 5284 4783)
4(2064 5098 5284 2250)
4(2584 1984 5018 5618)
4(2222 3180 6214 5256)
4(850 859 3893 3884)
4(859 874 3908 3893)
4(850 3884 3908 874)
4(956 1145 4179 3990)
4(1144 956 3990 4178)
4(1144 4178 4179 1145)
4(1147 1691 4725 4181)
4(1691 1692 4726 4725)
4(3000 1327 4361 6034)
4(3000 6034 6136 3102)
4(1327 3102 6136 4361)
4(1568 2905 5939 4602)
4(1748 2601 5635 4782)
4(2601 3068 6102 5635)
4(127 331 5490 2456)
4(128 2456 5490 332)
4(1311 1461 4495 4345)
4(1311 4345 5547 2513)
4(1399 4433 5801 2767)
4(1465 1467 4501 4499)
4(1465 4499 6119 3085)
4(1467 3085 6119 4501)
4(2172 1667 4701 5206)
4(1667 2889 5923 4701)
4(1863 1862 4896 4897)
4(1862 3130 6164 4896)
4(2440 5474 5475 2441)
4(1902 2441 5475 4936)
4(2215 1976 5010 5249)
4(1976 2631 5665 5010)
4(2374 5408 5409 2375)
4(2282 2283 5317 5316)
4(2283 2732 5766 5317)
4(2474 2473 5507 5508)
4(2474 5508 6258 3224)
4(514 2453 5487 3548)
4(1469 4503 5600 2566)
4(726 2566 5600 3760)
4(1469 726 3760 4503)
4(893 2259 5293 3927)
4(1058 4092 5641 2607)
4(1056 2607 5641 4090)
4(1058 1056 4090 4092)
4(1983 2484 5518 5017)
4(1103 4137 5518 2484)
4(1103 1983 5017 4137)
4(1208 4242 5411 2377)
4(1208 1293 4327 4242)
4(1293 2377 5411 4327)
4(1912 1938 4972 4946)
4(845 3137 6171 3879)
4(608 845 3879 3642)
4(608 3642 6171 3137)
4(1292 2493 5527 4326)
4(1291 4325 5527 2493)
4(1291 1292 4326 4325)
4(1622 4656 5534 2500)
4(1622 1778 4812 4656)
4(1778 2500 5534 4812)
4(2771 2976 6010 5805)
4(1626 4660 6010 2976)
4(1626 2771 5805 4660)
4(2057 1641 4675 5091)
4(2057 5091 5092 2058)
4(1641 2058 5092 4675)
4(2562 3075 6109 5596)
4(2280 2562 5596 5314)
4(2280 5314 6109 3075)
4(524 522 3556 3558)
4(524 3558 5809 2775)
4(522 2775 5809 3556)
4(902 3936 5663 2629)
4(902 864 3898 3936)
4(864 2629 5663 3898)
4(2260 3042 6076 5294)
4(1198 4232 6076 3042)
4(1487 4521 6021 2987)
4(1342 2987 6021 4376)
4(1487 1342 4376 4521)
4(1762 2282 5316 4796)
4(2278 1762 4796 5312)
4(1814 4848 5244 2210)
4(1814 2205 5239 4848)
4(2027 3189 6223 5061)
4(2207 2208 5242 5241)
4(2208 3280 6314 5242)
4(2688 2897 5931 5722)
4(621 623 3657 3655)
4(622 3656 3657 623)
4(622 621 3655 3656)
4(995 993 4027 4029)
4(995 4029 5824 2790)
4(1669 4703 5923 2889)
4(1669 2284 5318 4703)
4(2455 5489 6303 3269)
4(1805 3269 6303 4839)
4(2338 2342 5376 5372)
4(2338 5372 5740 2706)
4(721 3755 5838 2804)
4(2318 2804 5838 5352)
4(1268 1270 4304 4302)
4(1269 1268 4302 4303)
4(1269 4303 4304 1270)
4(1318 2719 5753 4352)
4(2177 5211 5576 2542)
4(508 3542 6050 3016)
4(869 3903 5712 2678)
4(1045 1113 4147 4079)
4(1925 1506 4540 4959)
4(1506 2853 5887 4540)
4(1749 1750 4784 4783)
4(1749 4783 4970 1936)
4(1750 1936 4970 4784)
4(1812 1813 4847 4846)
4(1812 4846 4848 1814)
4(1813 1814 4848 4847)
4(2561 2191 5225 5595)
4(2191 2886 5920 5225)
4(2344 2847 5881 5378)
4(2343 5377 5881 2847)
4(2343 2344 5378 5377)
4(438 3472 5840 2806)
4(49 2806 5840 253)
4(438 49 253 3472)
4(2521 438 3472 5555)
4(2521 5555 5556 2522)
4(438 2522 5556 3472)
4(717 665 3699 3751)
4(665 2921 5955 3699)
4(1327 1058 4092 4361)
4(1327 4361 5641 2607)
4(1356 4390 4391 1357)
4(1098 1357 4391 4132)
4(1356 1098 4132 4390)
4(1347 1238 4272 4381)
4(1347 4381 4525 1491)
4(1238 1491 4525 4272)
4(1338 2378 5412 4372)
4(1338 4372 5417 2383)
4(1390 3079 6113 4424)
4(1435 1570 4604 4469)
4(1434 4468 4604 1570)
4(1434 1435 4469 4468)
4(3022 6056 6087 3053)
4(3022 1577 4611 6056)
4(1577 3053 6087 4611)
4(1799 2368 5402 4833)
4(1951 4985 5147 2113)
4(1951 1950 4984 4985)
4(2347 5381 6271 3237)
4(547 632 3666 3581)
4(545 3579 3666 632)
4(545 547 3581 3579)
4(551 553 3587 3585)
4(552 551 3585 3586)
4(552 3586 3587 553)
4(634 635 3669 3668)
4(635 654 3688 3669)
4(634 3668 3688 654)
4(1170 654 3688 4204)
4(654 2606 5640 3688)
4(1983 5017 5283 2249)
4(1983 1128 4162 5017)
4(1391 4425 6015 2981)
4(2282 1566 4600 5316)
4(1566 2283 5317 4600)
4(1631 4665 5037 2003)
4(1631 1779 4813 4665)
4(1779 2003 5037 4813)
4(1687 1699 4733 4721)
4(2513 5547 6023 2989)
4(2316 2989 6023 5350)
4(909 1038 4072 3943)
4(843 909 3943 3877)
4(843 3877 4072 1038)
4(910 844 3878 3944)
4(910 3944 3958 924)
4(844 924 3958 3878)
4(925 924 3958 3959)
4(924 926 3960 3958)
4(925 3959 3960 926)
4(926 928 3962 3960)
4(927 3961 3962 928)
4(927 926 3960 3961)
4(1008 2681 5715 4042)
4(1006 1008 4042 4040)
4(1140 4174 4175 1141)
4(1140 1073 4107 4174)
4(1073 1141 4175 4107)
4(1177 4211 5811 2777)
4(1177 2578 5612 4211)
4(2578 2777 5811 5612)
4(1211 4245 5884 2850)
4(1211 1246 4280 4245)
4(1354 4388 4537 1503)
4(1354 1502 4536 4388)
4(1502 1503 4537 4536)
4(1407 4441 4596 1562)
4(1407 1525 4559 4441)
4(1525 1562 4596 4559)
4(1496 1413 4447 4530)
4(1496 4530 4679 1645)
4(1413 1645 4679 4447)
4(1433 2322 5356 4467)
4(1433 4467 5519 2485)
4(2322 2485 5519 5356)
4(1496 2904 5938 4530)
4(1496 4530 5967 2933)
4(1523 1656 4690 4557)
4(1523 4557 4930 1896)
4(1656 1896 4930 4690)
4(1567 1762 4796 4601)
4(1761 1567 4601 4795)
4(1761 4795 4796 1762)
4(1826 2703 5737 4860)
4(2703 2936 5970 5737)
4(1833 4867 4868 1834)
4(1833 1832 4866 4867)
4(2817 5851 5888 2854)
4(2817 1842 4876 5851)
4(1842 2854 5888 4876)
4(2994 3164 6198 6028)
4(1962 4996 6198 3164)
4(1962 2994 6028 4996)
4(2355 5389 5391 2357)
4(116 320 5614 2580)
4(117 2580 5614 321)
4(433 2442 5476 3467)
4(2442 2443 5477 5476)
4(433 3467 5477 2443)
4(1113 1610 4644 4147)
4(1610 3142 6176 4644)
4(1150 4184 6250 3216)
4(2530 5564 5993 2959)
4(1215 2959 5993 4249)
4(2530 1215 4249 5564)
4(1249 1501 4535 4283)
4(1249 4283 6005 2971)
4(1508 4542 4543 1509)
4(1508 1507 4541 4542)
4(1507 1509 4543 4541)
4(1511 1513 4547 4545)
4(1513 1514 4548 4547)
4(2570 5604 5901 2867)
4(2570 1810 4844 5604)
4(1810 2867 5901 4844)
4(2870 5904 6075 3041)
4(2488 3041 6075 5522)
4(2870 2488 5522 5904)
4(120 441 3475 324)
4(119 323 3475 441)
4(122 470 3504 326)
4(121 325 3504 470)
4(124 433 3467 328)
4(123 327 3467 433)
4(126 2914 5948 330)
4(125 329 5948 2914)
4(496 3530 3531 497)
4(460 497 3531 3494)
4(904 2519 5553 3938)
4(1437 904 3938 4471)
4(944 2629 5663 3978)
4(976 2465 5499 4010)
4(2465 2466 5500 5499)
4(1081 1080 4114 4115)
4(1080 2927 5961 4114)
4(1725 1727 4761 4759)
4(1727 2297 5331 4761)
4(1728 1729 4763 4762)
4(1729 1730 4764 4763)
4(1728 4762 4764 1730)
4(1917 4951 5998 2964)
4(2091 1958 4992 5125)
4(1958 2129 5163 4992)
4(2091 5125 5163 2129)
4(2321 2327 5361 5355)
4(1981 5015 5361 2327)
4(2803 3214 6248 5837)
4(3186 6220 6248 3214)
4(3186 2803 5837 6220)
4(811 869 3903 3845)
4(1236 1708 4742 4270)
4(1708 2408 5442 4742)
4(1522 1520 4554 4556)
4(1522 4556 4678 1644)
4(2304 2306 5340 5338)
4(2526 5560 5772 2738)
4(2393 2391 5425 5427)
4(2393 5427 5430 2396)
4(2391 2396 5430 5425)
4(3150 2590 5624 6184)
4(2590 3206 6240 5624)
4(70 2543 5577 274)
4(174 432 3466 378)
4(174 378 5410 2376)
4(176 380 3503 469)
4(177 469 3503 381)
4(807 1446 4480 3841)
4(807 3841 5710 2676)
4(842 3876 3985 951)
4(842 853 3887 3876)
4(853 951 3985 3887)
4(876 3910 6114 3080)
4(876 848 3882 3910)
4(991 4025 5412 2378)
4(989 2378 5412 4023)
4(991 989 4023 4025)
4(2529 1029 4063 5563)
4(2529 5563 6181 3147)
4(1029 3147 6181 4063)
4(1085 1084 4118 4119)
4(1084 2601 5635 4118)
4(1131 1153 4187 4165)
4(1131 4165 5617 2583)
4(1288 4322 5922 2888)
4(2538 2888 5922 5572)
4(3169 3205 6239 6203)
4(1393 3169 6203 4427)
4(1419 1418 4452 4453)
4(1419 4453 4683 1649)
4(1418 1649 4683 4452)
4(1649 2079 5113 4683)
4(1650 1649 4683 4684)
4(1865 1867 4901 4899)
4(1739 1865 4899 4773)
4(1739 4773 4901 1867)
4(1784 4818 5088 2054)
4(1784 1785 4819 4818)
4(1785 2054 5088 4819)
4(2005 2901 5935 5039)
4(2801 5835 5935 2901)
4(2801 2005 5039 5835)
4(40 2572 5606 244)
4(40 244 5654 2620)
4(176 380 5703 2669)
4(512 2453 5487 3546)
4(514 512 3546 3548)
4(571 3605 5811 2777)
4(571 1177 4211 3605)
4(2778 5812 5919 2885)
4(2778 715 3749 5812)
4(715 2885 5919 3749)
4(846 835 3869 3880)
4(846 3880 5920 2886)
4(845 2637 5671 3879)
4(2637 3137 6171 5671)
4(1051 2673 5707 4085)
4(1330 4364 5512 2478)
4(1062 2478 5512 4096)
4(1330 1062 4096 4364)
4(1098 2322 5356 4132)
4(1433 1098 4132 4467)
4(1219 4253 5625 2591)
4(1219 1390 4424 4253)
4(1270 4304 5770 2736)
4(1268 2736 5770 4302)
4(1272 4306 5501 2467)
4(1272 1640 4674 4306)
4(1435 4469 5519 2485)
4(1435 1433 4467 4469)
4(1435 2486 5520 4469)
4(1571 1435 4469 4605)
4(2664 3053 6087 5698)
4(1569 4603 6087 3053)
4(1697 2115 5149 4731)
4(1698 1697 4731 4732)
4(2062 2255 5289 5096)
4(1708 2062 5096 4742)
4(1708 4742 5289 2255)
4(1971 2710 5744 5005)
4(2428 1971 5005 5462)
4(1983 2485 5519 5017)
4(2484 5518 5519 2485)
4(2698 2945 5979 5732)
4(2666 5700 5979 2945)
4(2666 2698 5732 5700)
4(41 2572 5606 245)
4(567 3601 5777 2743)
4(567 2435 5469 3601)
4(655 635 3669 3689)
4(635 2433 5467 3669)
4(1446 809 3843 4480)
4(812 856 3890 3846)
4(812 3846 6001 2967)
4(889 3923 5718 2684)
4(889 2461 5495 3923)
4(2461 2684 5718 5495)
4(1095 4129 5356 2322)
4(1095 1097 4131 4129)
4(1097 2322 5356 4131)
4(1100 1103 4137 4134)
4(1100 4134 5518 2484)
4(1384 2764 5798 4418)
4(1775 1384 4418 4809)
4(1775 4809 5798 2764)
4(1447 4481 6256 3222)
4(1447 3212 6246 4481)
4(1556 1687 4721 4590)
4(1555 1556 4590 4589)
4(1555 4589 4721 1687)
4(1567 2282 5316 4601)
4(1764 1963 4997 4798)
4(1764 4798 4999 1965)
4(2485 5519 5520 2486)
4(1983 2486 5520 5017)
4(2344 2347 5381 5378)
4(2347 2847 5881 5381)
4(124 2442 5476 328)
4(162 493 3527 366)
4(161 365 3527 493)
4(209 2828 5862 413)
4(466 209 413 3500)
4(700 768 3802 3734)
4(768 2892 5926 3802)
4(700 3734 5926 2892)
4(802 2343 5377 3836)
4(802 3836 5746 2712)
4(2343 2712 5746 5377)
4(1008 4042 4060 1026)
4(1008 1010 4044 4042)
4(1010 1026 4060 4044)
4(1076 2849 5883 4110)
4(1234 1076 4110 4268)
4(1234 4268 5883 2849)
4(1130 1352 4386 4164)
4(1130 4164 5461 2427)
4(1179 2675 5709 4213)
4(1186 4220 5709 2675)
4(1186 1179 4213 4220)
4(1476 1332 4366 4510)
4(1332 1808 4842 4366)
4(1476 4510 4842 1808)
4(1336 1335 4369 4370)
4(1335 1573 4607 4369)
4(1336 4370 4607 1573)
4(1352 1531 4565 4386)
4(1531 1589 4623 4565)
4(1407 4441 5533 2499)
4(1448 2655 5689 4482)
4(1448 4482 5802 2768)
4(1481 1899 4933 4515)
4(1481 4515 5514 2480)
4(1899 2480 5514 4933)
4(1567 1566 4600 4601)
4(2472 5506 5528 2494)
4(1613 2494 5528 4647)
4(2472 1613 4647 5506)
4(2003 2771 5805 5037)
4(1631 4665 5805 2771)
4(1791 2597 5631 4825)
4(2435 1791 4825 5469)
4(1806 4840 5789 2755)
4(1806 2688 5722 4840)
4(1838 2767 5801 4872)
4(1898 1838 4872 4932)
4(1848 3056 6090 4882)
4(3027 1848 4882 6061)
4(1915 1987 5021 4949)
4(1987 1988 5022 5021)
4(1915 4949 5022 1988)
4(2848 2943 5977 5882)
4(2000 5034 5977 2943)
4(2000 2848 5882 5034)
4(2102 2101 5135 5136)
4(2101 2254 5288 5135)
4(2732 5766 5848 2814)
4(2283 2814 5848 5317)
4(2356 5390 5788 2754)
4(2357 2754 5788 5391)
4(2356 2357 5391 5390)
4(3076 2611 5645 6110)
4(2611 3100 6134 5645)
4(538 2741 5775 3572)
4(788 538 3572 3822)
4(542 2689 5723 3576)
4(1151 542 3576 4185)
4(556 2872 5906 3590)
4(554 3588 5906 2872)
4(554 556 3590 3588)
4(558 2684 5718 3592)
4(556 3590 5718 2684)
4(556 558 3592 3590)
4(2492 5526 5801 2767)
4(2492 1399 4433 5526)
4(1812 1545 4579 4846)
4(1545 1813 4847 4579)
4(1632 1779 4813 4666)
4(1631 1632 4666 4665)
4(3201 3207 6241 6235)
4(1899 4933 6241 3207)
4(1899 3201 6235 4933)
4(459 138 342 3493)
4(138 2641 5675 342)
4(481 149 353 3515)
4(149 2573 5607 353)
4(481 3515 5607 2573)
4(612 3646 5706 2672)
4(628 2672 5706 3662)
4(612 628 3662 3646)
4(651 659 3693 3685)
4(651 3685 5983 2949)
4(668 670 3704 3702)
4(659 668 3702 3693)
4(671 2810 5844 3705)
4(721 671 3705 3755)
4(674 3708 3710 676)
4(674 675 3709 3708)
4(675 676 3710 3709)
4(813 676 3710 3847)
4(676 2965 5999 3710)
4(753 677 3711 3787)
4(677 2627 5661 3711)
4(753 3787 5661 2627)
4(680 681 3715 3714)
4(681 682 3716 3715)
4(680 3714 3716 682)
4(682 2537 5571 3716)
4(789 3823 5571 2537)
4(789 682 3716 3823)
4(720 683 3717 3754)
4(683 2511 5545 3717)
4(720 3754 5545 2511)
4(691 692 3726 3725)
4(690 3724 3726 692)
4(690 691 3725 3724)
4(692 2786 5820 3726)
4(1404 692 3726 4438)
4(1404 4438 5820 2786)
4(696 2628 5662 3730)
4(708 696 3730 3742)
4(708 3742 5662 2628)
4(700 702 3736 3734)
4(702 768 3802 3736)
4(752 770 3804 3786)
4(770 2728 5762 3804)
4(752 3786 5762 2728)
4(3201 767 3801 6235)
4(767 3207 6241 3801)
4(786 771 3805 3820)
4(786 3820 5372 2338)
4(789 2449 5483 3823)
4(2449 2450 5484 5483)
4(789 3823 5484 2450)
4(789 2451 5485 3823)
4(2449 5483 5485 2451)
4(909 2931 5965 3943)
4(1038 4072 5965 2931)
4(1463 915 3949 4497)
4(915 2917 5951 3949)
4(997 998 4032 4031)
4(996 997 4031 4030)
4(1046 2860 5894 4080)
4(1016 1046 4080 4050)
4(1016 4050 5894 2860)
4(1395 1125 4159 4429)
4(1395 4429 5729 2695)
4(1126 2632 5666 4160)
4(1228 1126 4160 4262)
4(1131 1152 4186 4165)
4(1152 1153 4187 4186)
4(1413 1231 4265 4447)
4(1231 2357 5391 4265)
4(1247 1492 4526 4281)
4(1492 2653 5687 4526)
4(1710 1330 4364 4744)
4(1710 4744 5512 2478)
4(1439 2674 5708 4473)
4(2302 2949 5983 5336)
4(1487 1915 4949 4521)
4(1909 1487 4521 4943)
4(1909 4943 4949 1915)
4(1552 3140 6174 4586)
4(3130 1552 4586 6164)
4(1767 2012 5046 4801)
4(1575 4609 5046 2012)
4(1575 1767 4801 4609)
4(1618 2793 5827 4652)
4(1592 4626 5827 2793)
4(1592 1618 4652 4626)
4(1617 4651 5077 2043)
4(1617 1616 4650 4651)
4(1616 2043 5077 4650)
4(1621 1619 4653 4655)
4(1619 1876 4910 4653)
4(1620 1622 4656 4654)
4(1620 4654 5534 2500)
4(1627 1625 4659 4661)
4(1627 4661 4924 1890)
4(1625 1890 4924 4659)
4(1647 1918 4952 4681)
4(1918 2263 5297 4952)
4(1672 2174 5208 4706)
4(1733 1734 4768 4767)
4(1734 1735 4769 4768)
4(1733 4767 4769 1735)
4(1737 3021 6055 4771)
4(1741 1737 4771 4775)
4(1948 2151 5185 4982)
4(1948 4982 6123 3089)
4(1997 5031 6122 3088)
4(1997 2638 5672 5031)
4(2638 3088 6122 5672)
4(2041 3155 6189 5075)
4(3078 2041 5075 6112)
4(3078 6112 6189 3155)
4(2359 2360 5394 5393)
4(2384 5418 5421 2387)
4(2576 2577 5611 5610)
4(2959 3063 6097 5993)
4(2530 5564 6097 3063)
4(2852 2534 5568 5886)
4(2852 5886 6026 2992)
4(2534 2992 6026 5568)
4(2867 2893 5927 5901)
4(2610 3181 6215 5644)
4(2609 5643 6215 3181)
4(2939 2954 5988 5973)
4(2672 2939 5973 5706)
4(2672 5706 5988 2954)
4(2718 2937 5971 5752)
4(2718 5752 6082 3048)
4(153 2445 5479 357)
4(491 153 357 3525)
4(491 3525 5479 2445)
4(205 409 5688 2654)
4(205 451 3485 409)
4(451 2654 5688 3485)
4(612 618 3652 3646)
4(613 612 3646 3647)
4(613 3647 3652 618)
4(766 2816 5850 3800)
4(779 3813 5850 2816)
4(779 766 3800 3813)
4(988 4022 4024 990)
4(988 989 4023 4022)
4(989 990 4024 4023)
4(1338 991 4025 4372)
4(1046 4080 5930 2896)
4(1046 1343 4377 4080)
4(1343 2896 5930 4377)
4(1070 1072 4106 4104)
4(1072 2733 5767 4106)
4(1070 4104 5767 2733)
4(1217 4251 4253 1219)
4(1218 1219 4253 4252)
4(1217 1218 4252 4251)
4(1997 2583 5617 5031)
4(1256 1997 5031 4290)
4(1389 4423 4629 1595)
4(1389 1477 4511 4423)
4(1477 1595 4629 4511)
4(2464 1452 4486 5498)
4(2464 5498 6058 3024)
4(1453 4487 4489 1455)
4(1453 1454 4488 4487)
4(1454 1455 4489 4488)
4(1781 4815 5498 2464)
4(1781 1454 4488 4815)
4(1454 2464 5498 4488)
4(1456 1809 4843 4490)
4(1809 2891 5925 4843)
4(1657 1658 4692 4691)
4(1492 1657 4691 4526)
4(1492 4526 4692 1658)
4(1544 1678 4712 4578)
4(1678 2813 5847 4712)
4(1544 4578 5847 2813)
4(1588 1810 4844 4622)
4(1588 4622 5604 2570)
4(2051 1641 4675 5085)
4(2051 5085 5091 2057)
4(1675 2328 5362 4709)
4(1676 1675 4709 4710)
4(1676 4710 5362 2328)
4(1781 2871 5905 4815)
4(1783 1781 4815 4817)
4(1783 4817 5905 2871)
4(1867 4901 5382 2348)
4(2809 5843 5844 2810)
4(1986 2810 5844 5020)
4(2809 1986 5020 5843)
4(2272 2274 5308 5306)
4(2273 2272 5306 5307)
4(2295 2292 5326 5329)
4(2295 5329 5501 2467)
4(2292 2467 5501 5326)
4(3090 6124 6125 3091)
4(2342 3091 6125 5376)
4(2958 3306 6340 5992)
4(450 155 359 3484)
4(155 2581 5615 359)
4(450 3484 5615 2581)
4(204 408 5688 2654)
4(621 625 3659 3655)
4(623 3657 3659 625)
4(632 3666 6149 3115)
4(2430 3115 6149 5464)
4(703 2787 5821 3737)
4(705 703 3737 3739)
4(705 3739 5821 2787)
4(785 839 3873 3819)
4(839 2686 5720 3873)
4(859 840 3874 3893)
4(859 3893 3894 860)
4(840 860 3894 3874)
4(917 3951 4191 1157)
4(917 920 3954 3951)
4(920 1157 4191 3954)
4(1019 2462 5496 4053)
4(955 3989 5496 2462)
4(955 1019 4053 3989)
4(956 2529 5563 3990)
4(1452 1453 4487 4486)
4(1157 4191 4487 1453)
4(1157 1452 4486 4191)
4(1584 2675 5709 4618)
4(1179 1584 4618 4213)
4(1224 1463 4497 4258)
4(1463 1758 4792 4497)
4(1224 4258 4792 1758)
4(1345 1485 4519 4379)
4(1345 4379 4520 1486)
4(1485 1486 4520 4519)
4(1459 1707 4741 4493)
4(1459 4493 5470 2436)
4(1481 1844 4878 4515)
4(1844 1899 4933 4878)
4(1991 1481 4515 5025)
4(1991 5025 5514 2480)
4(1489 4523 5304 2270)
4(1642 2270 5304 4676)
4(1489 1642 4676 4523)
4(1494 2408 5442 4528)
4(2255 5289 5442 2408)
4(1573 2609 5643 4607)
4(1573 4607 5668 2634)
4(2609 2634 5668 5643)
4(1599 4633 5645 2611)
4(1599 1843 4877 4633)
4(1843 2611 5645 4877)
4(1658 2650 5684 4692)
4(1658 4692 5685 2651)
4(2650 2651 5685 5684)
4(2535 2692 5726 5569)
4(1746 4780 5726 2692)
4(1746 2535 5569 4780)
4(1758 4792 5048 2014)
4(1759 2014 5048 4793)
4(1758 1759 4793 4792)
4(2016 5050 5858 2824)
4(2016 1759 4793 5050)
4(1759 2824 5858 4793)
4(2696 5730 5842 2808)
4(2696 1817 4851 5730)
4(1817 2808 5842 4851)
4(3013 6047 6057 3023)
4(1860 3023 6057 4894)
4(3013 1860 4894 6047)
4(2085 1924 4958 5119)
4(2583 5617 6122 3088)
4(2109 1999 5033 5143)
4(2014 2015 5049 5048)
4(2015 2587 5621 5049)
4(2460 2014 5048 5494)
4(2460 5494 6113 3079)
4(2018 2019 5053 5052)
4(2018 5052 5623 2589)
4(2022 2590 5624 5056)
4(3335 2300 5334 6369)
4(3335 6369 6373 3339)
4(2300 3339 6373 5334)
4(2664 3022 6056 5698)
4(2932 2824 5858 5966)
4(2932 5966 6043 3009)
4(668 3702 5843 2809)
4(667 2809 5843 3701)
4(668 667 3701 3702)
4(669 2418 5452 3703)
4(2418 2826 5860 5452)
4(797 3831 5974 2940)
4(851 881 3915 3885)
4(881 2458 5492 3915)
4(851 3885 5492 2458)
4(883 2458 5492 3917)
4(2458 2459 5493 5492)
4(883 3917 5493 2459)
4(990 2576 5610 4024)
4(1393 1110 4144 4427)
4(1110 3033 6067 4144)
4(1393 4427 6067 3033)
4(1321 1488 4522 4355)
4(1488 3073 6107 4522)
4(1321 4355 6107 3073)
4(1692 1696 4730 4726)
4(1696 2314 5348 4730)
4(2120 1954 4988 5154)
4(1954 3234 6268 4988)
4(169 474 3508 373)
4(168 372 3508 474)
4(475 2456 5490 3509)
4(475 3509 5491 2457)
4(684 3718 5571 2537)
4(684 2317 5351 3718)
4(2317 2537 5571 5351)
4(765 2352 5386 3799)
4(2352 3008 6042 5386)
4(850 840 3874 3884)
4(860 894 3928 3894)
4(859 3893 3928 894)
4(904 945 3979 3938)
4(945 2519 5553 3979)
4(1070 1071 4105 4104)
4(1071 1072 4106 4105)
4(2632 5666 5845 2811)
4(1126 2811 5845 4160)
4(1224 4258 6057 3023)
4(1224 3013 6047 4258)
4(2106 1661 4695 5140)
4(1661 2638 5672 4695)
4(2415 3057 6091 5449)
4(2731 2814 5848 5765)
4(2362 2731 5765 5396)
4(2494 2495 5529 5528)
4(2472 5506 5529 2495)
4(164 460 3494 368)
4(497 2285 5319 3531)
4(2921 5955 6044 3010)
4(715 3010 6044 3749)
4(2921 715 3749 5955)
4(766 1444 4478 3800)
4(1444 2816 5850 4478)
4(868 2352 5386 3902)
4(778 868 3902 3812)
4(778 3812 5386 2352)
4(905 1363 4397 3939)
4(905 3939 5550 2516)
4(1363 2516 5550 4397)
4(978 4012 5700 2666)
4(978 1593 4627 4012)
4(1593 2666 5700 4627)
4(2860 5894 5930 2896)
4(1074 3075 6109 4108)
4(2562 1074 4108 5596)
4(1165 1431 4465 4199)
4(1320 1321 4355 4354)
4(1292 4326 4355 1321)
4(1292 1320 4354 4326)
4(1540 1303 4337 4574)
4(1303 2916 5950 4337)
4(1344 2487 5521 4378)
4(1636 1344 4378 4670)
4(1636 4670 5521 2487)
4(2493 1497 4531 5527)
4(1497 2592 5626 4531)
4(1551 2374 5408 4585)
4(1552 1551 4585 4586)
4(1552 4586 5408 2374)
4(1753 1955 4989 4787)
4(1955 2332 5366 4989)
4(1800 4834 5812 2778)
4(1800 1802 4836 4834)
4(1802 2778 5812 4836)
4(1804 1816 4850 4838)
4(1804 4838 5026 1992)
4(1816 1992 5026 4850)
4(2911 2933 5967 5945)
4(2240 2242 5276 5274)
4(3122 3139 6173 6156)
4(2585 3122 6156 5619)
4(2585 5619 6173 3139)
4(539 541 3575 3573)
4(541 1199 4233 3575)
4(552 567 3601 3586)
4(552 3586 5777 2743)
4(553 555 3589 3587)
4(554 553 3587 3588)
4(554 3588 3589 555)
4(558 889 3923 3592)
4(623 624 3658 3657)
4(622 3656 3658 624)
4(633 2742 5776 3667)
4(1169 633 3667 4203)
4(1169 4203 5776 2742)
4(1444 764 3798 4478)
4(1444 4478 5860 2826)
4(845 3153 6187 3879)
4(1345 2352 5386 4379)
4(868 1345 4379 3902)
4(944 902 3936 3978)
4(1065 1064 4098 4099)
4(1064 1191 4225 4098)
4(2345 1225 4259 5379)
4(1225 3002 6036 4259)
4(2345 5379 6036 3002)
4(1261 4295 5443 2409)
4(1261 1263 4297 4295)
4(1263 2409 5443 4297)
4(1665 1664 4698 4699)
4(2184 1674 4708 5218)
4(2184 5218 6049 3015)
4(1955 1752 4786 4989)
4(1955 4989 5626 2592)
4(2571 3165 6199 5605)
4(1992 5026 6044 3010)
4(2005 2007 5041 5039)
4(171 440 3474 375)
4(170 374 3474 440)
4(173 468 3502 377)
4(172 376 3502 468)
4(173 2376 5410 377)
4(175 432 3466 379)
4(618 3652 5706 2672)
4(671 668 3702 3705)
4(668 2810 5844 3702)
4(673 3707 3755 721)
4(673 671 3705 3707)
4(674 3708 3847 813)
4(679 677 3711 3713)
4(679 3713 3787 753)
4(678 3712 5484 2450)
4(680 2450 5484 3714)
4(678 680 3714 3712)
4(682 684 3718 3716)
4(686 2317 5351 3720)
4(684 686 3720 3718)
4(706 3740 5385 2351)
4(706 871 3905 3740)
4(871 2351 5385 3905)
4(782 2912 5946 3816)
4(844 3878 5946 2912)
4(844 782 3816 3878)
4(802 800 3834 3836)
4(800 2343 5377 3834)
4(874 3908 5568 2534)
4(859 2534 5568 3893)
4(906 964 3998 3940)
4(964 2362 5396 3998)
4(928 1114 4148 3962)
4(928 3962 5690 2656)
4(1114 2656 5690 4148)
4(930 948 3982 3964)
4(931 930 3964 3965)
4(931 3965 3982 948)
4(1034 4068 5769 2735)
4(1117 2735 5769 4151)
4(1034 1117 4151 4068)
4(2775 1171 4205 5809)
4(1171 2776 5810 4205)
4(1249 4283 4443 1409)
4(1249 1175 4209 4283)
4(1250 1399 4433 4284)
4(1176 1250 4284 4210)
4(1176 4210 4433 1399)
4(1177 2848 5882 4211)
4(2578 5612 5882 2848)
4(1332 1442 4476 4366)
4(1196 1332 4366 4230)
4(1196 4230 4476 1442)
4(1261 1420 4454 4295)
4(1259 1261 4295 4293)
4(1259 4293 4454 1420)
4(1292 1322 4356 4326)
4(1322 2493 5527 4356)
4(1298 4332 5929 2895)
4(1300 2895 5929 4334)
4(1298 1300 4334 4332)
4(1320 1488 4522 4354)
4(1467 1466 4500 4501)
4(1466 1675 4709 4500)
4(1467 4501 4709 1675)
4(2929 1576 4610 5963)
4(1576 3054 6088 4610)
4(1618 1617 4651 4652)
4(1618 4652 4653 1619)
4(1617 1619 4653 4651)
4(1618 2002 5036 4652)
4(2002 2793 5827 5036)
4(1620 1619 4653 4654)
4(1620 4654 4655 1621)
4(1622 1621 4655 4656)
4(1622 4656 4657 1623)
4(1621 1623 4657 4655)
4(1626 1625 4659 4660)
4(1626 4660 4661 1627)
4(1745 2049 5083 4779)
4(1914 1745 4779 4948)
4(1914 4948 5083 2049)
4(1751 4785 5335 2301)
4(1751 1871 4905 4785)
4(1871 2301 5335 4905)
4(2029 3082 6116 5063)
4(2029 5063 6239 3205)
4(2299 3135 6169 5333)
4(2299 5333 6224 3190)
4(2388 5422 6337 3303)
4(3287 3303 6337 6321)
4(2388 3287 6321 5422)
4(2447 2446 5480 5481)
4(2447 5481 5999 2965)
4(2449 2447 5481 5483)
4(2447 2450 5484 5481)
4(2892 3177 6211 5926)
4(3177 3255 6289 6211)
4(2892 5926 6289 3255)
4(111 492 3526 315)
4(110 314 3526 492)
4(851 852 3886 3885)
4(852 881 3915 3886)
4(1344 1485 4519 4378)
4(1345 1344 4378 4379)
4(1526 1489 4523 4560)
4(1745 2277 5311 4779)
4(1922 3042 6076 4956)
4(2260 1922 4956 5294)
4(2274 5308 5309 2275)
4(710 2414 5448 3744)
4(2414 2788 5822 5448)
4(710 3744 5822 2788)
4(1473 4507 5822 2788)
4(760 2788 5822 3794)
4(1473 760 3794 4507)
4(815 816 3850 3849)
4(815 3849 3851 817)
4(816 817 3851 3850)
4(830 831 3865 3864)
4(829 830 3864 3863)
4(829 3863 3865 831)
4(879 1437 4471 3913)
4(879 3913 5450 2416)
4(1048 982 4016 4082)
4(982 3048 6082 4016)
4(983 985 4019 4017)
4(984 983 4017 4018)
4(984 4018 4019 985)
4(986 985 4019 4020)
4(986 4020 4021 987)
4(985 987 4021 4019)
4(994 993 4027 4028)
4(994 4028 4029 995)
4(1022 2982 6016 4056)
4(1131 1028 4062 4165)
4(1028 1152 4186 4062)
4(2871 5905 5971 2937)
4(1162 2025 5059 4196)
4(1162 4196 5060 2026)
4(2025 2026 5060 5059)
4(1240 4274 5829 2795)
4(1240 1308 4342 4274)
4(1308 2795 5829 4342)
4(1420 4454 5443 2409)
4(2283 5317 5341 2307)
4(1566 2307 5341 4600)
4(1924 2084 5118 4958)
4(1666 1924 4958 4700)
4(1666 4700 5118 2084)
4(1728 1731 4765 4762)
4(1731 2955 5989 4765)
4(1768 2723 5757 4802)
4(1768 4802 5928 2894)
4(1838 2492 5526 4872)
4(2619 1965 4999 5653)
4(1965 3015 6049 4999)
4(2663 2664 5698 5697)
4(3087 3173 6207 6121)
4(3127 6161 6207 3173)
4(3127 3087 6121 6161)
4(667 3701 3797 763)
4(667 669 3703 3701)
4(669 763 3797 3703)
4(861 817 3851 3895)
4(817 2598 5632 3851)
4(861 3895 6075 3041)
4(861 2870 5904 3895)
4(957 3991 5563 2529)
4(957 1029 4063 3991)
4(980 979 4013 4014)
4(980 4014 4017 983)
4(979 983 4017 4013)
4(987 989 4023 4021)
4(988 987 4021 4022)
4(1002 1001 4035 4036)
4(1002 4036 4037 1003)
4(1003 1005 4039 4037)
4(1004 1003 4037 4038)
4(1004 4038 4039 1005)
4(1006 1005 4039 4040)
4(1006 4040 4041 1007)
4(1210 2377 5411 4244)
4(1254 1210 4244 4288)
4(1254 4288 5411 2377)
4(1262 2830 5864 4296)
4(1637 1262 4296 4671)
4(1637 4671 5864 2830)
4(1541 1669 4703 4575)
4(1541 4575 5923 2889)
4(1563 4597 4599 1565)
4(1563 1564 4598 4597)
4(1564 1565 4599 4598)
4(1659 2071 5105 4693)
4(1956 1659 4693 4990)
4(1956 4990 5105 2071)
4(2239 2240 5274 5273)
4(2216 1702 4736 5250)
4(1768 4802 4975 1941)
4(1768 1940 4974 4802)
4(1940 1941 4975 4974)
4(2617 2784 5818 5651)
4(2691 2617 5651 5725)
4(2691 5725 5818 2784)
4(117 321 3519 485)
4(118 485 3519 322)
4(162 496 3530 366)
4(675 673 3707 3709)
4(675 3709 5488 2454)
4(673 2454 5488 3707)
4(678 2965 5999 3712)
4(676 678 3712 3710)
4(691 689 3723 3725)
4(689 762 3796 3723)
4(691 3725 3796 762)
4(775 2560 5594 3809)
4(857 3891 5594 2560)
4(857 775 3809 3891)
4(946 3980 5924 2890)
4(946 1480 4514 3980)
4(1480 2890 5924 4514)
4(1532 1997 5031 4566)
4(1256 1532 4566 4290)
4(1354 1504 4538 4388)
4(1569 2762 5796 4603)
4(2298 1727 4761 5332)
4(2298 5332 5989 2955)
4(1760 1761 4795 4794)
4(1760 4794 5653 2619)
4(1906 1849 4883 4940)
4(1849 2045 5079 4883)
4(1906 4940 5079 2045)
4(1922 1934 4968 4956)
4(2250 1936 4970 5284)
4(1936 2251 5285 4970)
4(2250 5284 5285 2251)
4(2729 2831 5865 5763)
4(2033 5067 5865 2831)
4(2033 2729 5763 5067)
4(2224 3019 6053 5258)
4(2386 5420 5423 2389)
4(2385 2389 5423 5419)
4(2512 2640 5674 5546)
4(2617 2615 5649 5651)
4(2615 2784 5818 5649)
4(2851 5885 5917 2883)
4(2851 2850 5884 5885)
4(428 3462 5539 2505)
4(428 44 248 3462)
4(112 316 3501 467)
4(113 467 3501 317)
4(839 3873 3884 850)
4(839 840 3874 3873)
4(894 956 3990 3928)
4(894 3928 4178 1144)
4(939 2465 5499 3973)
4(976 939 3973 4010)
4(979 4013 6125 3091)
4(979 3090 6124 4013)
4(1145 1146 4180 4179)
4(1144 4178 4180 1146)
4(1209 4243 4245 1211)
4(1209 1210 4244 4243)
4(1210 1211 4245 4244)
4(1316 1996 5030 4350)
4(1468 1316 4350 4502)
4(1468 4502 5030 1996)
4(1652 2081 5115 4686)
4(2848 1770 4804 5882)
4(1770 2943 5977 4804)
4(2196 1971 5005 5230)
4(1971 2220 5254 5005)
4(1994 2778 5812 5028)
4(1994 5028 5919 2885)
4(2220 2428 5462 5254)
4(126 330 3509 475)
4(127 475 3509 331)
4(132 452 3486 336)
4(131 335 3486 452)
4(502 500 3534 3536)
4(502 3536 4723 1689)
4(2684 2872 5906 5718)
4(660 661 3695 3694)
4(661 711 3745 3695)
4(660 3694 3745 711)
4(804 3838 5746 2712)
4(804 802 3836 3838)
4(824 826 3860 3858)
4(825 824 3858 3859)
4(825 3859 3860 826)
4(964 3998 4099 1065)
4(964 1064 4098 3998)
4(2324 5358 5359 2325)
4(2566 2944 5978 5600)
4(1522 1523 4557 4556)
4(1521 1522 4556 4555)
4(1551 1690 4724 4585)
4(1688 4722 6142 3108)
4(1997 1998 5032 5031)
4(2516 2517 5551 5550)
4(2517 2518 5552 5551)
4(2516 5550 5552 2518)
4(775 748 3782 3809)
4(748 2560 5594 3782)
4(2717 5751 5891 2857)
4(2717 1114 4148 5751)
4(1114 2857 5891 4148)
4(2842 1135 4169 5876)
4(1135 2961 5995 4169)
4(1209 4243 5884 2850)
4(1255 4289 4451 1417)
4(1255 1254 4288 4289)
4(1254 1417 4451 4288)
4(1286 1287 4321 4320)
4(1287 1289 4323 4321)
4(1286 4320 4323 1289)
4(1484 2294 5328 4518)
4(1484 4518 6132 3098)
4(1657 2650 5684 4691)
4(1807 4841 4896 1862)
4(1806 1862 4896 4840)
4(1807 1806 4840 4841)
4(1920 1922 4956 4954)
4(1921 1920 4954 4955)
4(1921 4955 4956 1922)
4(2088 5122 5133 2099)
4(2088 2080 5114 5122)
4(2080 2099 5133 5114)
4(2119 2120 5154 5153)
4(2120 2128 5162 5154)
4(2283 5317 6012 2978)
4(528 1213 4247 3562)
4(530 528 3562 3564)
4(530 3564 4247 1213)
4(529 531 3565 3563)
4(529 3563 3795 761)
4(531 761 3795 3565)
4(621 3017 6051 3655)
4(625 3659 6051 3017)
4(728 2692 5726 3762)
4(2535 728 3762 5569)
4(965 2600 5634 3999)
4(967 965 3999 4001)
4(967 4001 5634 2600)
4(969 3105 6139 4003)
4(1054 1056 4090 4088)
4(1055 1054 4088 4089)
4(1055 4089 4090 1056)
4(1142 1141 4175 4176)
4(1142 4176 4345 1311)
4(1141 1311 4345 4175)
4(1142 1312 4346 4176)
4(1312 1313 4347 4346)
4(1520 1521 4555 4554)
4(1519 1520 4554 4553)
4(1760 1567 4601 4794)
4(2028 3265 6299 5062)
4(2293 5327 5329 2295)
4(2295 5329 5502 2468)
4(48 438 3472 252)
4(142 488 3522 346)
4(512 865 3899 3546)
4(523 522 3556 3557)
4(523 3557 3558 524)
4(539 540 3574 3573)
4(540 541 3575 3574)
4(542 543 3577 3576)
4(541 542 3576 3575)
4(541 3575 3577 543)
4(543 544 3578 3577)
4(544 545 3579 3578)
4(543 3577 3579 545)
4(547 633 3667 3581)
4(632 3666 3667 633)
4(601 3635 3636 602)
4(601 598 3632 3635)
4(598 602 3636 3632)
4(1076 1198 4232 4110)
4(1198 2849 5883 4232)
4(1104 1105 4139 4138)
4(1104 4138 4140 1106)
4(1105 1106 4140 4139)
4(1211 4245 4279 1245)
4(1211 1212 4246 4245)
4(1271 4305 4306 1272)
4(1270 1272 4306 4304)
4(1271 1270 4304 4305)
4(1640 1270 4304 4674)
4(1284 1288 4322 4318)
4(1284 4318 5922 2888)
4(1299 2410 5444 4333)
4(1424 1299 4333 4458)
4(1424 4458 5444 2410)
4(1546 1314 4348 4580)
4(1546 4580 4581 1547)
4(1314 1547 4581 4348)
4(1362 2613 5647 4396)
4(1362 4396 5648 2614)
4(2613 2614 5648 5647)
4(1362 2696 5730 4396)
4(1362 4396 5842 2808)
4(1455 1457 4491 4489)
4(1456 1781 4815 4490)
4(1781 1782 4816 4815)
4(1456 4490 4816 1782)
4(1518 1517 4551 4552)
4(1518 4552 4553 1519)
4(1517 1519 4553 4551)
4(1787 1789 4823 4821)
4(1787 4821 5880 2846)
4(1789 2846 5880 4823)
4(1821 2489 5523 4855)
4(2218 1821 4855 5252)
4(2113 2114 5148 5147)
4(2017 2019 5053 5051)
4(2018 2017 5051 5052)
4(87 458 3492 291)
4(86 290 3492 458)
4(125 2442 5476 329)
4(135 419 3453 339)
4(137 341 3493 459)
4(140 422 3456 344)
4(422 2642 5676 3456)
4(148 352 3515 481)
4(150 354 3471 437)
4(151 437 3471 355)
4(522 520 3554 3556)
4(522 3556 4205 1171)
4(528 2508 5542 3562)
4(568 3602 5811 2777)
4(568 571 3605 3602)
4(926 1114 4148 3960)
4(930 3964 5690 2656)
4(930 928 3962 3964)
4(962 1052 4086 3996)
4(1050 962 3996 4084)
4(1050 4084 4086 1052)
4(1118 2596 5630 4152)
4(1036 1118 4152 4070)
4(1036 4070 5630 2596)
4(1164 2665 5699 4198)
4(2657 1164 4198 5691)
4(2657 5691 5699 2665)
4(1212 1255 4289 4246)
4(1255 2337 5371 4289)
4(1246 4280 4387 1353)
4(1246 1245 4279 4280)
4(1250 1400 4434 4284)
4(1265 1266 4300 4299)
4(1266 1267 4301 4300)
4(1265 4299 4301 1267)
4(1267 1268 4302 4301)
4(1274 2467 5501 4308)
4(2292 1274 4308 5326)
4(2888 3144 6178 5922)
4(1538 2888 5922 4572)
4(1538 4572 6178 3144)
4(1578 4612 5389 2355)
4(1578 1579 4613 4612)
4(1589 1711 4745 4623)
4(3101 1603 4637 6135)
4(1603 3176 6210 4637)
4(1686 2316 5350 4720)
4(2279 1686 4720 5313)
4(1715 4749 5013 1979)
4(1715 1718 4752 4749)
4(1718 1979 5013 4752)
4(1715 4749 5985 2951)
4(1718 1716 4750 4752)
4(1718 4752 4753 1719)
4(1722 1972 5006 4756)
4(1722 4756 6014 2980)
4(1725 1723 4757 4759)
4(1725 4759 4760 1726)
4(1728 1726 4760 4762)
4(1729 1948 4982 4763)
4(1730 4764 4982 1948)
4(1737 1739 4773 4771)
4(1739 3021 6055 4773)
4(1740 1738 4772 4774)
4(1740 4774 4983 1949)
4(1791 2010 5044 4825)
4(2010 2597 5631 5044)
4(2179 1961 4995 5213)
4(1977 1976 5010 5011)
4(2312 5346 6034 3000)
4(1984 3000 6034 5018)
4(2001 2578 5612 5035)
4(2000 5034 5612 2578)
4(2000 2001 5035 5034)
4(2394 2393 5427 5428)
4(2394 5428 5429 2395)
4(2393 2395 5429 5427)
4(3072 6106 6162 3128)
4(3072 2448 5482 6106)
4(2448 3128 6162 5482)
4(2522 2523 5557 5556)
4(2523 2524 5558 5557)
4(2522 5556 5558 2524)
4(2605 3022 6056 5639)
4(2604 5638 6056 3022)
4(2604 2605 5639 5638)
4(2929 3050 6084 5963)
4(2929 5963 6133 3099)
4(72 435 3469 276)
4(72 276 5861 2827)
4(154 2445 5479 358)
4(154 358 3484 450)
4(2544 5578 5579 2545)
4(477 2545 5579 3511)
4(2544 477 3511 5578)
4(725 516 3550 3759)
4(939 955 3989 3973)
4(955 2465 5499 3989)
4(1052 4086 5940 2906)
4(962 2906 5940 3996)
4(1272 1273 4307 4306)
4(1537 1283 4317 4571)
4(1537 4571 4572 1538)
4(1283 1538 4572 4317)
4(1595 3079 6113 4629)
4(1389 4423 6113 3079)
4(1885 1510 4544 4919)
4(1885 4919 4942 1908)
4(1537 4571 5910 2876)
4(1537 1951 4985 4571)
4(1547 1682 4716 4581)
4(1548 1547 4581 4582)
4(1548 4582 4716 1682)
4(1700 1549 4583 4734)
4(1549 1747 4781 4583)
4(1647 1564 4598 4681)
4(1564 1918 4952 4598)
4(1584 2657 5691 4618)
4(2657 2721 5755 5691)
4(1584 4618 5755 2721)
4(1981 1650 4684 5015)
4(2321 1659 4693 5355)
4(1867 4901 5384 2350)
4(1867 2349 5383 4901)
4(1922 4956 4967 1933)
4(1934 1933 4967 4968)
4(1934 4968 5101 2067)
4(1933 2067 5101 4967)
4(1981 5015 5371 2337)
4(3169 2036 5070 6203)
4(2036 3205 6239 5070)
4(2255 5289 5290 2256)
4(2062 2256 5290 5096)
4(2240 2241 5275 5274)
4(2241 2242 5276 5275)
4(2495 2496 5530 5529)
4(2495 5529 5531 2497)
4(2544 5578 6020 2986)
4(2544 2548 5582 5578)
4(157 361 3498 464)
4(158 464 3498 362)
4(206 2646 5680 410)
4(451 206 410 3485)
4(451 3485 5680 2646)
4(2914 475 3509 5948)
4(2914 5948 6062 3028)
4(475 3028 6062 3509)
4(509 508 3542 3543)
4(509 3543 3544 510)
4(508 510 3544 3542)
4(557 3591 5636 2602)
4(657 2602 5636 3691)
4(557 657 3691 3591)
4(560 559 3593 3594)
4(560 3594 3595 561)
4(559 561 3595 3593)
4(594 2856 5890 3628)
4(591 594 3628 3625)
4(591 3625 5890 2856)
4(610 3644 3647 613)
4(610 612 3646 3644)
4(734 888 3922 3768)
4(734 3768 4477 1443)
4(888 1443 4477 3922)
4(949 3983 4073 1039)
4(948 1039 4073 3982)
4(949 948 3982 3983)
4(1566 1032 4066 4600)
4(1040 1039 4073 4074)
4(1039 2702 5736 4073)
4(1040 4074 5736 2702)
4(1051 1049 4083 4085)
4(1051 4085 4169 1135)
4(1049 1135 4169 4083)
4(1062 1060 4094 4096)
4(1060 2478 5512 4094)
4(1120 2655 5689 4154)
4(1448 1120 4154 4482)
4(1121 4155 4421 1387)
4(1121 1324 4358 4155)
4(1324 1387 4421 4358)
4(1197 1195 4229 4231)
4(1195 1200 4234 4229)
4(1197 4231 4234 1200)
4(1200 1202 4236 4234)
4(1201 1200 4234 4235)
4(1201 4235 4236 1202)
4(1597 2761 5795 4631)
4(1220 1597 4631 4254)
4(1220 4254 5795 2761)
4(1465 1304 4338 4499)
4(1465 4499 4500 1466)
4(1304 1466 4500 4338)
4(1370 4404 4405 1371)
4(1369 1371 4405 4403)
4(1370 1369 4403 4404)
4(1376 4410 5831 2797)
4(1376 1379 4413 4410)
4(1379 2797 5831 4413)
4(1377 1386 4420 4411)
4(1378 1377 4411 4412)
4(1378 4412 4420 1386)
4(1771 1387 4421 4805)
4(1387 1824 4858 4421)
4(1771 4805 4858 1824)
4(1397 4431 5800 2766)
4(1397 1396 4430 4431)
4(1396 2766 5800 4430)
4(1396 1775 4809 4430)
4(1775 1776 4810 4809)
4(1396 4430 4810 1776)
4(1397 1582 4616 4431)
4(1580 1397 4431 4614)
4(1580 4614 4616 1582)
4(1879 4913 5073 2039)
4(1582 2039 5073 4616)
4(1879 1582 4616 4913)
4(1608 4642 4908 1874)
4(1609 1874 4908 4643)
4(1608 1609 4643 4642)
4(1881 4915 5795 2761)
4(1609 2761 5795 4643)
4(1881 1609 4643 4915)
4(1642 2271 5305 4676)
4(2270 5304 5305 2271)
4(2232 2878 5912 5266)
4(1706 4740 5912 2878)
4(1706 2232 5266 4740)
4(1743 4777 5618 2584)
4(1743 1984 5018 4777)
4(1758 4792 5494 2460)
4(2845 2974 6008 5879)
4(1766 2845 5879 4800)
4(1766 4800 6008 2974)
4(1777 2800 5834 4811)
4(2781 1777 4811 5815)
4(2781 5815 5834 2800)
4(2707 2766 5800 5741)
4(1892 4926 5800 2766)
4(1892 2707 5741 4926)
4(2765 5799 5836 2802)
4(2765 2004 5038 5799)
4(2004 2802 5836 5038)
4(2023 2021 5055 5057)
4(2023 5057 5058 2024)
4(2221 2222 5256 5255)
4(713 661 3695 3747)
4(713 3747 3761 727)
4(661 727 3761 3695)
4(755 2722 5756 3789)
4(757 755 3789 3791)
4(757 3791 5756 2722)
4(851 832 3866 3885)
4(832 852 3886 3866)
4(1042 4076 5786 2752)
4(1042 1040 4074 4076)
4(1040 2752 5786 4074)
4(1072 1149 4183 4106)
4(1441 1461 4495 4475)
4(1311 1441 4475 4345)
4(1419 4453 5015 1981)
4(1419 1650 4684 4453)
4(1456 1454 4488 4490)
4(1845 1611 4645 4879)
4(1611 2470 5504 4645)
4(1845 4879 5504 2470)
4(1784 2056 5090 4818)
4(2056 2319 5353 5090)
4(2227 1889 4923 5261)
4(1889 3175 6209 4923)
4(2588 2018 5052 5622)
4(2054 2055 5089 5088)
4(2055 2072 5106 5089)
4(2054 5088 5106 2072)
4(2290 2291 5325 5324)
4(2289 2290 5324 5323)
4(3120 2610 5644 6154)
4(2610 3168 6202 5644)
4(568 3006 6040 3602)
4(564 568 3602 3598)
4(564 3598 6040 3006)
4(641 2613 5647 3675)
4(1362 641 3675 4396)
4(642 2685 5719 3676)
4(780 642 3676 3814)
4(780 3814 5719 2685)
4(833 1112 4146 3867)
4(833 3867 4583 1549)
4(841 2831 5865 3875)
4(2729 841 3875 5763)
4(917 3951 5908 2874)
4(961 1049 4083 3995)
4(1088 1238 4272 4122)
4(1107 1088 4122 4141)
4(1107 4141 4272 1238)
4(1090 1091 4125 4124)
4(1091 1092 4126 4125)
4(1090 4124 4126 1092)
4(1092 1093 4127 4126)
4(1093 1094 4128 4127)
4(1092 4126 4128 1094)
4(1830 1192 4226 4864)
4(1830 4864 5764 2730)
4(1215 3066 6100 4249)
4(2961 1215 4249 5995)
4(1226 1218 4252 4260)
4(1218 2954 5988 4252)
4(1226 4260 5988 2954)
4(1323 1410 4444 4357)
4(1322 1323 4357 4356)
4(1322 4356 4444 1410)
4(1459 4493 4673 1639)
4(1459 1460 4494 4493)
4(1460 1639 4673 4494)
4(1987 1487 4521 5021)
4(1987 5021 6021 2987)
4(1515 4549 4552 1518)
4(1515 1517 4551 4549)
4(1600 4634 5645 2611)
4(1600 1599 4633 4634)
4(1759 2015 5049 4793)
4(2174 1959 4993 5208)
4(2015 2016 5050 5049)
4(2015 5049 5051 2017)
4(2016 2017 5051 5050)
4(145 349 3465 431)
4(146 431 3465 350)
4(150 2573 5607 354)
4(152 356 3525 491)
4(499 3533 3534 500)
4(498 500 3534 3532)
4(499 498 3532 3533)
4(648 3682 3686 652)
4(648 649 3683 3682)
4(649 652 3686 3683)
4(881 1159 4193 3915)
4(1159 2458 5492 4193)
4(1326 1054 4088 4360)
4(1054 2822 5856 4088)
4(1326 4360 5856 2822)
4(1238 4272 5635 2601)
4(1140 4174 4176 1142)
4(1166 2657 5691 4200)
4(1584 1166 4200 4618)
4(1217 4251 5625 2591)
4(1388 4422 5726 2692)
4(1388 1746 4780 4422)
4(1639 1707 4741 4673)
4(2845 1587 4621 5879)
4(1587 2974 6008 4621)
4(1711 1713 4747 4745)
4(1713 2419 5453 4747)
4(1964 1977 5011 4998)
4(1977 2189 5223 5011)
4(2101 5135 6273 3239)
4(2101 3230 6264 5135)
4(2366 3221 6255 5400)
4(3221 3270 6304 6255)
4(2366 5400 6304 3270)
4(439 202 406 3473)
4(202 2807 5841 406)
4(534 532 3566 3568)
4(534 3568 3624 590)
4(532 590 3624 3566)
4(535 537 3571 3569)
4(535 3569 3748 714)
4(537 714 3748 3571)
4(538 536 3570 3572)
4(536 2741 5775 3570)
4(542 540 3574 3576)
4(540 2689 5723 3574)
4(2451 5485 5571 2537)
4(2751 2840 5874 5785)
4(925 2751 5785 3959)
4(925 3959 5874 2840)
4(2836 2919 5953 5870)
4(931 3965 5953 2919)
4(931 2836 5870 3965)
4(998 1000 4034 4032)
4(2822 1052 4086 5856)
4(2822 5856 5940 2906)
4(1102 1103 4137 4136)
4(1100 1102 4136 4134)
4(1105 1102 4136 4139)
4(1102 2911 5945 4136)
4(1103 4137 4162 1128)
4(1103 1104 4138 4137)
4(1104 1128 4162 4138)
4(1134 1173 4207 4168)
4(1106 1134 4168 4140)
4(1106 4140 4207 1173)
4(1174 1317 4351 4208)
4(1173 1174 4208 4207)
4(1173 4207 4351 1317)
4(1214 2411 5445 4248)
4(1237 1214 4248 4271)
4(1237 4271 5445 2411)
4(1752 1291 4325 4786)
4(1372 4406 5796 2762)
4(1372 1375 4409 4406)
4(1375 2762 5796 4409)
4(1386 1601 4635 4420)
4(1386 4420 4636 1602)
4(1601 1602 4636 4635)
4(1400 4434 4516 1482)
4(1402 1482 4516 4436)
4(1400 1402 4436 4434)
4(1524 1406 4440 4558)
4(1524 4558 4573 1539)
4(1406 1539 4573 4440)
4(1528 4562 4578 1544)
4(1528 1529 4563 4562)
4(1529 1544 4578 4563)
4(1578 4612 5390 2356)
4(2355 2356 5390 5389)
4(1935 1643 4677 4969)
4(1643 2066 5100 4677)
4(1935 4969 5100 2066)
4(1822 1820 4854 4856)
4(1822 4856 4889 1855)
4(1820 1855 4889 4854)
4(1821 1868 4902 4855)
4(1868 2489 5523 4902)
4(1856 1855 4889 4890)
4(1856 4890 4891 1857)
4(1855 1857 4891 4889)
4(1904 1905 4939 4938)
4(1903 1904 4938 4937)
4(1903 4937 4939 1905)
4(1913 2860 5894 4947)
4(1913 4947 5930 2896)
4(1998 1999 5033 5032)
4(2618 5652 6126 3092)
4(2618 2600 5634 5652)
4(2600 3092 6126 5634)
4(446 116 320 3480)
4(727 3761 5725 2691)
4(727 2617 5651 3761)
4(746 3780 5591 2557)
4(746 1189 4223 3780)
4(1189 2557 5591 4223)
4(1164 784 3818 4198)
4(784 2665 5699 3818)
4(1031 4065 4066 1032)
4(1031 944 3978 4065)
4(1055 1057 4091 4089)
4(1057 1108 4142 4091)
4(1055 4089 4142 1108)
4(1176 1249 4283 4210)
4(1249 1250 4284 4283)
4(1242 1248 4282 4276)
4(1247 4281 4282 1248)
4(1247 1242 4276 4281)
4(1291 1290 4324 4325)
4(1290 1292 4326 4324)
4(1439 1298 4332 4473)
4(1439 4473 5929 2895)
4(1312 2513 5547 4346)
4(1312 4346 6023 2989)
4(1410 4444 4445 1411)
4(1323 1411 4445 4357)
4(2478 5512 6034 3000)
4(2478 1327 4361 5512)
4(1634 2052 5086 4668)
4(1411 1634 4668 4445)
4(1411 4445 5086 2052)
4(2033 2750 5784 5067)
4(1443 4477 5784 2750)
4(1443 2033 5067 4477)
4(1460 1458 4492 4494)
4(1458 1646 4680 4492)
4(1460 4494 4680 1646)
4(1554 1559 4593 4588)
4(1559 1701 4735 4593)
4(1554 4588 4735 1701)
4(1911 1912 4946 4945)
4(1910 1911 4945 4944)
4(1910 4944 4946 1912)
4(1953 2117 5151 4987)
4(1953 4987 5152 2118)
4(2421 2423 5457 5455)
4(2423 2424 5458 5457)
4(2799 2717 5751 5833)
4(2799 5833 5891 2857)
4(39 420 3454 243)
4(38 242 3454 420)
4(192 423 3457 396)
4(191 395 3457 423)
4(194 476 3510 398)
4(193 397 3510 476)
4(197 429 3463 401)
4(524 611 3645 3558)
4(526 3560 3645 611)
4(526 524 3558 3560)
4(620 621 3655 3654)
4(620 3654 3656 622)
4(808 806 3840 3842)
4(808 3842 4828 1794)
4(806 1794 4828 3840)
4(885 916 3950 3919)
4(916 917 3951 3950)
4(885 3919 3951 917)
4(947 3981 5517 2483)
4(947 1124 4158 3981)
4(1124 2483 5517 4158)
4(955 954 3988 3989)
4(954 1018 4052 3988)
4(955 3989 4052 1018)
4(1080 2898 5932 4114)
4(1080 4114 5960 2926)
4(2898 2926 5960 5932)
4(1130 4164 4385 1351)
4(1130 1131 4165 4164)
4(1131 1351 4385 4165)
4(1236 4270 4382 1348)
4(1236 1237 4271 4270)
4(1237 1348 4382 4271)
4(1321 1322 4356 4355)
4(1464 1830 4864 4498)
4(1464 4498 5972 2938)
4(1830 2938 5972 4864)
4(1508 1885 4919 4542)
4(1885 3112 6146 4919)
4(1512 1509 4543 4546)
4(1509 2437 5471 4543)
4(1512 4546 5471 2437)
4(1600 2009 5043 4634)
4(2008 1600 4634 5042)
4(2008 5042 5043 2009)
4(1743 4777 5619 2585)
4(2584 2585 5619 5618)
4(1811 2954 5988 4845)
4(2304 1896 4930 5338)
4(1896 2305 5339 4930)
4(2304 5338 5339 2305)
4(2037 1989 5023 5071)
4(1989 2926 5960 5023)
4(2037 5071 5960 2926)
4(2772 5806 5965 2931)
4(2772 2003 5037 5806)
4(2003 2931 5965 5037)
4(2073 2074 5108 5107)
4(2072 2073 5107 5106)
4(23 227 3518 484)
4(24 484 3518 228)
4(50 254 5840 2806)
4(50 489 3523 254)
4(489 2806 5840 3523)
4(476 3510 5656 2622)
4(194 2622 5656 398)
4(207 2646 5680 411)
4(1160 2616 5650 4194)
4(712 3746 5650 2616)
4(712 1160 4194 3746)
4(912 939 3973 3946)
4(912 3946 4010 976)
4(1224 915 3949 4258)
4(994 996 4030 4028)
4(994 4028 5554 2520)
4(1010 1012 4046 4044)
4(1010 4044 5449 2415)
4(1012 2415 5449 4046)
4(1014 4048 4061 1027)
4(1014 1016 4050 4048)
4(1016 1027 4061 4050)
4(1019 1082 4116 4053)
4(1082 2462 5496 4116)
4(1031 4065 4171 1137)
4(1032 1137 4171 4066)
4(1083 1081 4115 4117)
4(1083 4117 4118 1084)
4(1180 2758 5792 4214)
4(1167 4201 5792 2758)
4(1167 1180 4214 4201)
4(1585 1186 4220 4619)
4(1585 4619 5709 2675)
4(1353 1354 4388 4387)
4(1346 2417 5451 4380)
4(1287 1346 4380 4321)
4(1873 1348 4382 4907)
4(1348 2960 5994 4382)
4(1873 4907 5994 2960)
4(1463 1759 4793 4497)
4(2207 1681 4715 5241)
4(1708 1873 4907 4742)
4(1873 2062 5096 4907)
4(1731 1730 4764 4765)
4(1731 4765 4766 1732)
4(1730 1732 4766 4764)
4(1732 1734 4768 4766)
4(1733 1732 4766 4767)
4(1735 1737 4771 4769)
4(1735 4769 4775 1741)
4(1991 5025 5845 2811)
4(1991 2632 5666 5025)
4(18 442 3476 222)
4(17 221 3476 442)
4(204 487 3521 408)
4(203 407 3521 487)
4(730 734 3768 3764)
4(731 730 3764 3765)
4(731 3765 3768 734)
4(736 3770 4422 1388)
4(750 1388 4422 3784)
4(736 750 3784 3770)
4(779 816 3850 3813)
4(815 779 3813 3849)
4(812 855 3889 3846)
4(855 856 3890 3889)
4(821 820 3854 3855)
4(821 3855 3856 822)
4(820 822 3856 3854)
4(823 822 3856 3857)
4(823 3857 3858 824)
4(822 824 3858 3856)
4(946 1035 4069 3980)
4(947 946 3980 3981)
4(947 3981 4069 1035)
4(956 957 3991 3990)
4(957 980 4014 3991)
4(985 4019 4362 1328)
4(983 1328 4362 4017)
4(986 988 4022 4020)
4(989 4023 4371 1337)
4(987 1337 4371 4021)
4(1004 1006 4040 4038)
4(1074 2990 6024 4108)
4(1087 4121 4122 1088)
4(1087 1085 4119 4121)
4(1109 1304 4338 4143)
4(1109 4143 4499 1465)
4(1235 1240 4274 4269)
4(1235 4269 5829 2795)
4(1313 1314 4348 4347)
4(1314 1545 4579 4348)
4(1313 4347 4579 1545)
4(2378 1337 4371 5412)
4(1337 2379 5413 4371)
4(1489 1414 4448 4523)
4(1414 1642 4676 4448)
4(1532 1998 5032 4566)
4(1605 1678 4712 4639)
4(1544 1605 4639 4578)
4(1595 2460 5494 4629)
4(1672 1959 4993 4706)
4(1865 1740 4774 4899)
4(1865 4899 4900 1866)
4(1740 1866 4900 4774)
4(1800 1798 4832 4834)
4(1800 4834 4835 1801)
4(1798 1801 4835 4832)
4(2021 2020 5054 5055)
4(2020 2280 5314 5054)
4(2290 2515 5549 5324)
4(2390 2388 5422 5424)
4(2390 5424 5425 2391)
4(2388 2391 5425 5422)
4(2522 2525 5559 5556)
4(2731 2732 5766 5765)
4(3093 3113 6147 6127)
4(2880 3093 6127 5914)
4(2880 5914 6147 3113)
4(13 217 5734 2700)
4(13 447 3481 217)
4(447 2700 5734 3481)
4(616 617 3651 3650)
4(617 630 3664 3651)
4(616 3650 3664 630)
4(670 3704 3705 671)
4(674 673 3707 3708)
4(675 677 3711 3709)
4(676 3710 3711 677)
4(675 3709 5661 2627)
4(2454 2627 5661 5488)
4(678 677 3711 3712)
4(678 3712 3713 679)
4(2450 2965 5999 5484)
4(686 685 3719 3720)
4(686 3720 3721 687)
4(685 687 3721 3719)
4(690 3724 5724 2690)
4(690 1404 4438 3724)
4(1404 2690 5724 4438)
4(692 3726 3727 693)
4(691 693 3727 3725)
4(712 723 3757 3746)
4(712 3746 3758 724)
4(723 724 3758 3757)
4(727 730 3764 3761)
4(728 727 3761 3762)
4(728 3762 3764 730)
4(743 3139 6173 3777)
4(3122 743 3777 6156)
4(809 808 3842 3843)
4(809 3843 3844 810)
4(808 810 3844 3842)
4(932 897 3931 3966)
4(932 3966 3967 933)
4(897 933 3967 3931)
4(912 938 3972 3946)
4(938 939 3973 3972)
4(1086 1087 4121 4120)
4(1162 1607 4641 4196)
4(1607 2025 5059 4641)
4(2026 2288 5322 5060)
4(1214 2420 5454 4248)
4(2411 5445 5454 2420)
4(1221 1335 4369 4255)
4(1221 4255 4370 1336)
4(1748 1238 4272 4782)
4(1297 1295 4329 4331)
4(1295 2434 5468 4329)
4(1304 4338 5575 2541)
4(1304 1305 4339 4338)
4(1370 1372 4406 4404)
4(1370 4404 5796 2762)
4(1613 1394 4428 4647)
4(1394 2494 5528 4428)
4(1426 2842 5876 4460)
4(1850 1426 4460 4884)
4(1850 4884 5876 2842)
4(1462 1772 4806 4496)
4(1461 4495 4806 1772)
4(1461 1462 4496 4495)
4(1574 2634 5668 4608)
4(1871 1574 4608 4905)
4(1871 4905 5668 2634)
4(1608 1897 4931 4642)
4(1897 2608 5642 4931)
4(1608 4642 5642 2608)
4(1692 4726 4728 1694)
4(1693 1694 4728 4727)
4(1692 1693 4727 4726)
4(1795 1780 4814 4829)
4(1795 4829 4830 1796)
4(1780 1796 4830 4814)
4(2698 1794 4828 5732)
4(1794 2945 5979 4828)
4(1802 4836 4837 1803)
4(1802 1801 4835 4836)
4(1801 1803 4837 4835)
4(2198 1815 4849 5232)
4(1815 2308 5342 4849)
4(1853 1854 4888 4887)
4(1853 4887 4923 1889)
4(1854 1889 4923 4888)
4(2075 3293 6327 5109)
4(3292 2075 5109 6326)
4(2448 2447 5481 5482)
4(2448 5482 5483 2449)
4(545 3579 6149 3115)
4(568 566 3600 3602)
4(568 3602 3603 569)
4(566 569 3603 3600)
4(566 570 3604 3600)
4(566 3600 5758 2724)
4(2777 3006 6040 5811)
4(573 3607 3608 574)
4(573 572 3606 3607)
4(575 3609 5759 2725)
4(664 2725 5759 3698)
4(575 664 3698 3609)
4(576 578 3612 3610)
4(577 576 3610 3611)
4(577 3611 3612 578)
4(579 580 3614 3613)
4(578 579 3613 3612)
4(578 3612 3614 580)
4(2778 3010 6044 5812)
4(724 732 3766 3758)
4(732 733 3767 3766)
4(724 3758 3767 733)
4(841 740 3774 3875)
4(740 2831 5865 3774)
4(748 3782 5591 2557)
4(748 746 3780 3782)
4(769 2727 5761 3803)
4(787 769 3803 3821)
4(787 3821 5761 2727)
4(790 1447 4481 3824)
4(777 3811 4481 1447)
4(777 790 3824 3811)
4(838 787 3821 3872)
4(787 870 3904 3821)
4(838 3872 3904 870)
4(790 842 3876 3824)
4(790 3824 5742 2708)
4(842 2708 5742 3876)
4(876 877 3911 3910)
4(853 876 3910 3887)
4(853 3887 3911 877)
4(963 964 3998 3997)
4(906 963 3997 3940)
4(920 921 3955 3954)
4(921 3024 6058 3955)
4(963 2516 5550 3997)
4(963 3997 5764 2730)
4(2516 2730 5764 5550)
4(1593 1034 4068 4627)
4(1593 4627 5769 2735)
4(1089 1088 4122 4123)
4(1089 4123 4141 1107)
4(1118 1366 4400 4152)
4(1366 2596 5630 4400)
4(1591 2791 5825 4625)
4(1127 4161 5825 2791)
4(1127 1591 4625 4161)
4(1232 1129 4163 4266)
4(1232 4266 4267 1233)
4(1153 1155 4189 4187)
4(1155 1256 4290 4189)
4(1190 4224 5888 2854)
4(1256 1257 4291 4290)
4(1257 1532 4566 4291)
4(1320 1744 4778 4354)
4(1488 4522 4778 1744)
4(1474 1330 4364 4508)
4(1474 4508 4744 1710)
4(1442 4476 4510 1476)
4(1356 4390 4584 1550)
4(1357 1550 4584 4391)
4(1357 1433 4467 4391)
4(1357 4391 4468 1434)
4(1433 1434 4468 4467)
4(1481 1476 4510 4515)
4(1476 1844 4878 4510)
4(1491 1749 4783 4525)
4(1491 4525 5098 2064)
4(1926 1499 4533 4960)
4(1926 4960 6002 2968)
4(1499 2968 6002 4533)
4(1652 4686 4959 1925)
4(1652 1506 4540 4686)
4(2605 1577 4611 5639)
4(1612 1845 4879 4646)
4(1845 1886 4920 4879)
4(1612 4646 4920 1886)
4(2471 1613 4647 5505)
4(2471 5505 5506 2472)
4(1632 1780 4814 4666)
4(1779 4813 4814 1780)
4(1780 4814 5400 2366)
4(1632 2366 5400 4666)
4(1710 4744 6034 3000)
4(2585 2586 5620 5619)
4(2725 5759 5882 2848)
4(2725 1770 4804 5759)
4(1816 1815 4849 4850)
4(1816 4850 5232 2198)
4(2922 3020 6054 5956)
4(1818 4852 6054 3020)
4(1818 2922 5956 4852)
4(1824 2000 5034 4858)
4(1824 4858 5977 2943)
4(1829 2747 5781 4863)
4(2747 2900 5934 5781)
4(1905 4939 5363 2329)
4(2089 1942 4976 5123)
4(1942 2127 5161 4976)
4(2089 5123 5161 2127)
4(1970 5004 5230 2196)
4(1970 1971 5005 5004)
4(2928 5962 5975 2941)
4(1994 2941 5975 5028)
4(2928 1994 5028 5962)
4(2996 2042 5076 6030)
4(2996 6030 6249 3215)
4(3035 6069 6126 3092)
4(3035 2618 5652 6069)
4(2861 2863 5897 5895)
4(2862 2861 5895 5896)
4(2866 5900 5901 2867)
4(2866 2865 5899 5900)
4(2865 2867 5901 5899)
4(32 2701 5735 236)
4(31 235 5735 2701)
4(171 2507 5541 375)
4(533 532 3566 3567)
4(533 3567 3568 534)
4(538 540 3574 3572)
4(539 538 3572 3573)
4(542 544 3578 3576)
4(548 3582 3584 550)
4(548 549 3583 3582)
4(549 550 3584 3583)
4(567 554 3588 3601)
4(567 3601 5906 2872)
4(556 557 3591 3590)
4(557 558 3592 3591)
4(558 559 3593 3592)
4(558 3592 3594 560)
4(561 562 3596 3595)
4(560 3594 3596 562)
4(2435 5469 5880 2846)
4(567 2846 5880 3601)
4(588 589 3623 3622)
4(589 591 3625 3623)
4(588 3622 3625 591)
4(594 593 3627 3628)
4(594 3628 3629 595)
4(593 595 3629 3627)
4(594 1182 4216 3628)
4(1182 2856 5890 4216)
4(596 3630 3633 599)
4(596 595 3629 3630)
4(595 599 3633 3629)
4(602 603 3637 3636)
4(601 3635 3637 603)
4(608 604 3638 3642)
4(604 845 3879 3638)
4(617 3651 4217 1183)
4(617 615 3649 3651)
4(615 1183 4217 3649)
4(630 3664 3670 636)
4(630 631 3665 3664)
4(631 636 3670 3665)
4(636 2649 5683 3670)
4(630 3664 5683 2649)
4(631 638 3672 3665)
4(637 631 3665 3671)
4(637 3671 3672 638)
4(638 640 3674 3672)
4(639 638 3672 3673)
4(639 3673 3674 640)
4(640 642 3676 3674)
4(641 3675 3676 642)
4(641 640 3674 3675)
4(645 644 3678 3679)
4(645 3679 3680 646)
4(644 646 3680 3678)
4(2902 657 3691 5936)
4(657 3001 6035 3691)
4(711 2858 5892 3745)
4(723 711 3745 3757)
4(723 3757 5892 2858)
4(781 726 3760 3815)
4(781 3815 3816 782)
4(726 782 3816 3760)
4(729 777 3811 3763)
4(777 2749 5783 3811)
4(729 3763 5783 2749)
4(736 3770 5726 2692)
4(1469 2912 5946 4503)
4(782 1469 4503 3816)
4(801 800 3834 3835)
4(801 3835 3836 802)
4(811 3845 3898 864)
4(811 812 3846 3845)
4(812 864 3898 3846)
4(909 844 3878 3943)
4(909 3943 3944 910)
4(857 3891 5748 2714)
4(889 2899 5933 3923)
4(2461 5495 5933 2899)
4(898 1568 4602 3932)
4(898 3932 5952 2918)
4(910 3944 3959 925)
4(928 929 3963 3962)
4(927 3961 3963 929)
4(929 2919 5953 3963)
4(952 3986 5953 2919)
4(952 929 3963 3986)
4(2655 930 3964 5689)
4(949 3983 4074 1040)
4(952 2794 5828 3986)
4(2774 952 3986 5808)
4(953 3987 5965 2931)
4(953 2772 5806 3987)
4(1038 4072 5962 2928)
4(2875 2928 5962 5909)
4(1038 2875 5909 4072)
4(1044 1122 4156 4078)
4(1122 1123 4157 4156)
4(1044 4078 4157 1123)
4(1070 1361 4395 4104)
4(1068 1070 4104 4102)
4(1068 4102 4395 1361)
4(1070 1069 4103 4104)
4(1072 1139 4173 4106)
4(1077 4111 4268 1234)
4(1077 1076 4110 4111)
4(2829 2942 5976 5863)
4(1091 4125 5976 2942)
4(1091 2829 5863 4125)
4(1099 1101 4135 4133)
4(1100 1099 4133 4134)
4(1100 4134 4135 1101)
4(1101 1231 4265 4135)
4(1231 1244 4278 4265)
4(1101 4135 4278 1244)
4(1104 1102 4136 4138)
4(1114 4148 5981 2947)
4(2717 2947 5981 5751)
4(1121 4155 4805 1771)
4(1174 4208 4209 1175)
4(1174 1134 4168 4208)
4(1134 1175 4209 4168)
4(1185 1194 4228 4219)
4(1194 1195 4229 4228)
4(1185 4219 4229 1195)
4(1464 1192 4226 4498)
4(1196 1195 4229 4230)
4(1196 4230 4231 1197)
4(1244 1413 4447 4278)
4(1244 4278 4530 1496)
4(1409 1501 4535 4443)
4(1262 1264 4298 4296)
4(1263 1262 4296 4297)
4(1263 4297 4298 1264)
4(1273 1275 4309 4307)
4(1996 5030 5513 2479)
4(1316 2479 5513 4350)
4(1335 2608 5642 4369)
4(1573 4607 5642 2608)
4(1347 1579 4613 4381)
4(1578 1347 4381 4612)
4(1369 2812 5846 4403)
4(1598 1369 4403 4632)
4(1598 4632 5846 2812)
4(1371 1372 4406 4405)
4(1372 1373 4407 4406)
4(1372 4406 4408 1374)
4(1373 1374 4408 4407)
4(1377 2763 5797 4411)
4(1601 1377 4411 4635)
4(1601 4635 5797 2763)
4(1380 1382 4416 4414)
4(1381 1380 4414 4415)
4(1381 4415 4416 1382)
4(1482 2369 5403 4516)
4(1787 1451 4485 4821)
4(1451 1789 4823 4485)
4(1773 1462 4496 4807)
4(1773 4807 4840 1806)
4(1462 1806 4840 4496)
4(1470 1864 4898 4504)
4(1848 1470 4504 4882)
4(1848 4882 4898 1864)
4(1496 4530 4957 1923)
4(1645 1923 4957 4679)
4(1501 4535 4969 1935)
4(1501 1643 4677 4535)
4(1551 1553 4587 4585)
4(1553 1690 4724 4587)
4(1581 1580 4614 4615)
4(1580 2636 5670 4614)
4(1581 4615 5670 2636)
4(1582 2766 5800 4616)
4(2707 1582 4616 5741)
4(1591 2792 5826 4625)
4(2791 5825 5826 2792)
4(1678 4712 5008 1974)
4(1605 1974 5008 4639)
4(1874 1897 4931 4908)
4(1627 1629 4663 4661)
4(1628 4662 4663 1629)
4(1628 1627 4661 4662)
4(1627 4661 5807 2773)
4(1890 2773 5807 4924)
4(1667 2170 5204 4701)
4(1668 1667 4701 4702)
4(1668 4702 5204 2170)
4(1672 1670 4704 4706)
4(1704 4738 5646 2612)
4(1704 2221 5255 4738)
4(1846 1705 4739 4880)
4(1705 1847 4881 4739)
4(1846 4880 4881 1847)
4(1775 2800 5834 4809)
4(1777 1775 4809 4811)
4(2501 5535 5873 2839)
4(2501 1778 4812 5535)
4(2597 1786 4820 5631)
4(1786 2743 5777 4820)
4(1789 4823 4825 1791)
4(1789 1790 4824 4823)
4(1790 1791 4825 4824)
4(1791 1792 4826 4825)
4(1792 2010 5044 4826)
4(1797 4831 4834 1800)
4(1797 1798 4832 4831)
4(1821 1820 4854 4855)
4(1821 4855 4856 1822)
4(1822 4856 4890 1856)
4(1834 1858 4892 4868)
4(1833 4867 4892 1858)
4(2312 1842 4876 5346)
4(1847 2801 5835 4881)
4(2039 3171 6205 5073)
4(1879 4913 6205 3171)
4(2636 1879 4913 5670)
4(1879 2637 5671 4913)
4(1883 1882 4916 4917)
4(1882 1884 4918 4916)
4(3125 3127 6161 6159)
4(1882 4916 6161 3127)
4(1882 3125 6159 4916)
4(1907 2207 5241 4941)
4(1907 4941 6310 3276)
4(1945 1946 4980 4979)
4(1944 4978 4980 1946)
4(1944 1945 4979 4978)
4(2479 2703 5737 5513)
4(1996 5030 5737 2703)
4(2007 2006 5040 5041)
4(2006 2571 5605 5040)
4(2010 3037 6071 5044)
4(2597 5631 6071 3037)
4(2011 5045 5978 2944)
4(2011 2799 5833 5045)
4(2022 2021 5055 5056)
4(2022 5056 5057 2023)
4(2750 5784 5865 2831)
4(2797 2878 5912 5831)
4(2232 2797 5831 5266)
4(2322 2484 5518 5356)
4(2356 5390 5976 2942)
4(2754 2942 5976 5788)
4(2501 2751 5785 5535)
4(2501 5535 5808 2774)
4(2751 2774 5808 5785)
4(2501 2840 5874 5535)
4(2543 2544 5578 5577)
4(2543 5577 6020 2986)
4(2581 5615 5854 2820)
4(2819 2820 5854 5853)
4(2768 5802 5981 2947)
4(2656 2947 5981 5690)
4(2836 2792 5826 5870)
4(2792 2919 5953 5826)
4(2825 3113 6147 5859)
4(3093 2825 5859 6127)
4(2851 5885 5918 2884)
4(175 379 5703 2669)
4(526 3560 5542 2508)
4(600 606 3640 3634)
4(606 867 3901 3640)
4(600 3634 3901 867)
4(620 3654 5682 2648)
4(620 1436 4470 3654)
4(1436 2648 5682 4470)
4(636 3670 3788 754)
4(656 754 3788 3690)
4(636 656 3690 3670)
4(643 645 3679 3677)
4(643 3677 3681 647)
4(645 647 3681 3679)
4(644 780 3814 3678)
4(644 3678 5782 2748)
4(780 2748 5782 3814)
4(660 653 3687 3694)
4(653 661 3695 3687)
4(716 710 3744 3750)
4(716 3750 3756 722)
4(710 722 3756 3744)
4(722 752 3786 3756)
4(729 722 3756 3763)
4(729 3763 3786 752)
4(744 3778 5893 2859)
4(744 742 3776 3778)
4(742 2859 5893 3776)
4(756 2677 5711 3790)
4(1438 756 3790 4472)
4(1438 4472 5711 2677)
4(790 838 3872 3824)
4(838 842 3876 3872)
4(807 3841 3843 809)
4(807 808 3842 3841)
4(855 3889 5747 2713)
4(855 810 3844 3889)
4(810 2713 5747 3844)
4(855 1363 4397 3889)
4(905 855 3889 3939)
4(1020 2789 5823 4054)
4(1198 1020 4054 4232)
4(1036 1037 4071 4070)
4(1037 1118 4152 4071)
4(1059 4093 4094 1060)
4(1059 1058 4092 4093)
4(1058 1060 4094 4092)
4(1122 2752 5786 4156)
4(1445 4479 5786 2752)
4(1445 1122 4156 4479)
4(1123 1184 4218 4157)
4(1184 1185 4219 4218)
4(1123 4157 4219 1185)
4(2811 5845 5921 2887)
4(2811 1123 4157 5845)
4(1123 2887 5921 4157)
4(2473 3240 6274 5507)
4(1240 1252 4286 4274)
4(1240 4274 4287 1253)
4(1252 1253 4287 4286)
4(1414 1415 4449 4448)
4(1309 1414 4448 4343)
4(1394 1611 4645 4428)
4(1333 1394 4428 4367)
4(1333 4367 4645 1611)
4(1643 4677 6029 2995)
4(1643 1409 4443 4677)
4(1489 1490 4524 4523)
4(1415 1489 4523 4449)
4(1415 4449 4524 1490)
4(1423 4457 4698 1664)
4(1423 1421 4455 4457)
4(1472 1474 4508 4506)
4(1472 4506 4509 1475)
4(1612 1611 4645 4646)
4(1764 1765 4799 4798)
4(1765 1963 4997 4799)
4(1878 1777 4811 4912)
4(1878 4912 5815 2781)
4(1994 1800 4834 5028)
4(1817 4851 5755 2721)
4(2696 2721 5755 5730)
4(2864 1864 4898 5898)
4(2864 5898 6104 3070)
4(1897 2610 5644 4931)
4(1944 4978 5757 2723)
4(1944 2538 5572 4978)
4(2370 2371 5405 5404)
4(2369 2370 5404 5403)
4(2400 2398 5432 5434)
4(2400 5434 5437 2403)
4(2398 2403 5437 5432)
4(2494 2496 5530 5528)
4(2930 3029 6063 5964)
4(2517 5551 6063 3029)
4(2517 2930 5964 5551)
4(2544 5578 5580 2546)
4(2563 3158 6192 5597)
4(12 216 5734 2700)
4(504 506 3540 3538)
4(505 504 3538 3539)
4(505 3539 3540 506)
4(518 725 3759 3552)
4(564 566 3600 3598)
4(582 2825 5859 3616)
4(580 582 3616 3614)
4(580 3614 5859 2825)
4(606 605 3639 3640)
4(606 3640 3643 609)
4(605 609 3643 3639)
4(606 610 3644 3640)
4(610 2626 5660 3644)
4(606 3640 5660 2626)
4(721 2454 5488 3755)
4(694 693 3727 3728)
4(694 3728 3729 695)
4(693 695 3729 3727)
4(695 697 3731 3729)
4(696 695 3729 3730)
4(696 3730 3731 697)
4(701 703 3737 3735)
4(702 701 3735 3736)
4(702 3736 3737 703)
4(706 705 3739 3740)
4(706 3740 3741 707)
4(705 707 3741 3739)
4(707 710 3744 3741)
4(709 707 3741 3743)
4(709 3743 3744 710)
4(707 3741 5448 2414)
4(707 718 3752 3741)
4(718 2414 5448 3752)
4(752 760 3794 3786)
4(760 770 3804 3794)
4(754 755 3789 3788)
4(755 756 3790 3789)
4(754 3788 3790 756)
4(758 3792 3806 772)
4(759 772 3806 3793)
4(758 759 3793 3792)
4(2677 758 3792 5711)
4(758 2868 5902 3792)
4(2677 5711 5902 2868)
4(1447 4481 5742 2708)
4(837 878 3912 3871)
4(878 879 3913 3912)
4(837 3871 3913 879)
4(884 882 3916 3918)
4(882 885 3919 3916)
4(884 3918 3919 885)
4(885 915 3949 3919)
4(915 916 3950 3949)
4(892 3926 5664 2630)
4(892 1181 4215 3926)
4(1181 2630 5664 4215)
4(963 905 3939 3997)
4(937 947 3981 3971)
4(937 3971 5517 2483)
4(1138 4172 4600 1566)
4(1138 1032 4066 4172)
4(1098 1095 4129 4132)
4(1117 4151 4502 1468)
4(1117 1316 4350 4151)
4(2616 5650 5927 2893)
4(1181 2977 6011 4215)
4(1181 4215 6064 3030)
4(1313 1812 4846 4347)
4(1812 2877 5911 4846)
4(1363 2517 5551 4397)
4(1570 4604 4605 1571)
4(1473 2340 5374 4507)
4(2339 1473 4507 5373)
4(2339 5373 5374 2340)
4(2060 1539 4573 5094)
4(2060 5094 5095 2061)
4(1675 1960 4994 4709)
4(1751 4785 5673 2639)
4(1767 2013 5047 4801)
4(2012 5046 5047 2013)
4(1779 4813 4829 1795)
4(2054 2056 5090 5088)
4(1796 1797 4831 4830)
4(1795 4829 4831 1797)
4(1803 1804 4838 4837)
4(1802 4836 4838 1804)
4(1804 1815 4849 4838)
4(1812 4846 5814 2780)
4(2013 2446 5480 5047)
4(2013 5047 5481 2447)
4(2410 5444 6322 3288)
4(3271 3278 6312 6305)
4(2389 3271 6305 5423)
4(2389 5423 6312 3278)
4(14 447 3481 218)
4(501 500 3534 3535)
4(501 3535 3536 502)
4(503 2594 5628 3537)
4(501 503 3537 3535)
4(501 3535 5628 2594)
4(512 510 3544 3546)
4(510 865 3899 3544)
4(517 519 3553 3551)
4(519 899 3933 3553)
4(547 548 3582 3581)
4(547 3581 5776 2742)
4(548 2742 5776 3582)
4(548 3582 4820 1786)
4(550 1786 4820 3584)
4(553 3587 4202 1168)
4(551 1168 4202 3585)
4(552 554 3588 3586)
4(565 3599 3621 587)
4(565 563 3597 3599)
4(563 587 3621 3597)
4(565 2746 5780 3599)
4(570 565 3599 3604)
4(592 598 3632 3626)
4(597 592 3626 3631)
4(597 3631 3632 598)
4(634 633 3667 3668)
4(633 635 3669 3667)
4(654 3688 3689 655)
4(635 1169 4203 3669)
4(1169 2433 5467 4203)
4(643 644 3678 3677)
4(662 655 3689 3696)
4(655 663 3697 3689)
4(662 3696 3697 663)
4(665 3699 3700 666)
4(665 663 3697 3699)
4(663 666 3700 3697)
4(704 706 3740 3738)
4(706 709 3743 3740)
4(709 871 3905 3743)
4(709 716 3750 3743)
4(709 3743 5959 2925)
4(716 2925 5959 3750)
4(711 713 3747 3745)
4(713 2858 5892 3747)
4(769 777 3811 3803)
4(729 769 3803 3763)
4(730 888 3922 3764)
4(731 735 3769 3765)
4(735 736 3770 3769)
4(731 3765 3770 736)
4(2809 763 3797 5843)
4(2809 5843 6042 3008)
4(769 2728 5762 3803)
4(2727 5761 5762 2728)
4(770 771 3805 3804)
4(771 785 3819 3805)
4(770 3804 3819 785)
4(772 3806 3869 835)
4(772 783 3817 3806)
4(783 835 3869 3817)
4(785 786 3820 3819)
4(786 839 3873 3820)
4(2475 792 3826 5509)
4(2475 5509 5944 2910)
4(792 2910 5944 3826)
4(854 3888 5509 2475)
4(854 794 3828 3888)
4(794 2475 5509 3828)
4(836 835 3869 3870)
4(836 3870 3880 846)
4(843 844 3878 3877)
4(924 3958 5946 2912)
4(846 872 3906 3880)
4(847 846 3880 3881)
4(847 3881 3906 872)
4(2475 2476 5510 5509)
4(854 3888 5510 2476)
4(875 913 3947 3909)
4(913 914 3948 3947)
4(875 3909 3948 914)
4(925 927 3961 3959)
4(927 2751 5785 3961)
4(929 931 3965 3963)
4(935 937 3971 3969)
4(937 1227 4261 3971)
4(935 3969 4261 1227)
4(1035 4069 5924 2890)
4(2667 950 3984 5701)
4(2667 5701 6232 3198)
4(1065 1066 4100 4099)
4(964 3998 4100 1066)
4(975 982 4016 4009)
4(975 4009 4082 1048)
4(1038 4072 5975 2941)
4(1051 4085 4170 1136)
4(1135 1136 4170 4169)
4(1056 4090 4360 1326)
4(2744 5778 5779 2745)
4(2744 1168 4202 5778)
4(1168 2745 5779 4202)
4(1175 1176 4210 4209)
4(1188 4222 5637 2603)
4(1188 2602 5636 4222)
4(2602 2603 5637 5636)
4(1219 4253 4260 1226)
4(1226 1477 4511 4260)
4(1389 1226 4260 4423)
4(1241 2953 5987 4275)
4(1232 1241 4275 4266)
4(1232 4266 5987 2953)
4(1233 1633 4667 4267)
4(1242 1233 4267 4276)
4(1242 4276 4667 1633)
4(1242 3007 6041 4276)
4(1248 4282 6041 3007)
4(1493 1248 4282 4527)
4(1248 1635 4669 4282)
4(1493 4527 4669 1635)
4(1274 1272 4306 4308)
4(1294 2842 5876 4328)
4(1426 1294 4328 4460)
4(1300 4334 4610 1576)
4(1300 1302 4336 4334)
4(1302 1576 4610 4336)
4(1303 1392 4426 4337)
4(1391 1303 4337 4425)
4(1836 1317 4351 4870)
4(1317 1838 4872 4351)
4(1836 4870 4872 1838)
4(2614 2696 5730 5648)
4(1645 4679 5024 1990)
4(1451 2768 5802 4485)
4(1790 1451 4485 4824)
4(1790 4824 5802 2768)
4(2799 2912 5946 5833)
4(1490 4524 4560 1526)
4(1527 1526 4560 4561)
4(1526 1939 4973 4560)
4(1527 4561 4973 1939)
4(1544 1679 4713 4578)
4(1528 4562 4713 1679)
4(1556 1699 4733 4590)
4(2004 1581 4615 5038)
4(1581 2005 5039 4615)
4(2004 5038 5039 2005)
4(1588 1586 4620 4622)
4(1586 1810 4844 4620)
4(1618 1620 4654 4652)
4(1620 2002 5036 4654)
4(1622 1624 4658 4656)
4(1624 1778 4812 4658)
4(1629 4663 5807 2773)
4(1900 1629 4663 4934)
4(1629 1901 4935 4663)
4(1633 2323 5357 4667)
4(2323 2326 5360 5357)
4(1633 4667 5360 2326)
4(1648 1647 4681 4682)
4(1648 4682 4961 1927)
4(1657 1969 5003 4691)
4(1969 2650 5684 5003)
4(1658 4692 5686 2652)
4(1678 4712 5221 2187)
4(1975 2187 5221 5009)
4(1678 1975 5009 4712)
4(1789 4823 5469 2435)
4(1810 2866 5900 4844)
4(1825 4859 5868 2834)
4(1825 2796 5830 4859)
4(2796 2834 5868 5830)
4(2354 1926 4960 5388)
4(1926 2477 5511 4960)
4(2002 2500 5534 5036)
4(2500 2774 5808 5534)
4(2010 3036 6070 5044)
4(3036 3037 6071 6070)
4(2015 2018 5052 5049)
4(2018 2587 5621 5052)
4(2065 2333 5367 5099)
4(2333 2334 5368 5367)
4(2065 5099 5368 2334)
4(2839 2840 5874 5873)
4(2614 2997 6031 5648)
4(2769 5803 6031 2997)
4(39 2620 5654 243)
4(420 3454 5654 2620)
4(511 513 3547 3545)
4(511 3545 4051 1017)
4(513 1017 4051 3547)
4(730 3764 5725 2691)
4(728 731 3765 3762)
4(731 2692 5726 3765)
4(756 758 3792 3790)
4(864 869 3903 3898)
4(958 960 3994 3992)
4(914 958 3992 3948)
4(914 3948 3994 960)
4(945 972 4006 3979)
4(945 3979 4007 973)
4(1234 1235 4269 4268)
4(1077 4111 4269 1235)
4(1118 1364 4398 4152)
4(1364 1366 4400 4398)
4(1119 1367 4401 4153)
4(1365 1119 4153 4399)
4(1365 4399 4401 1367)
4(1305 3082 6116 4339)
4(2542 5576 6116 3082)
4(1306 1427 4461 4340)
4(1307 1306 4340 4341)
4(1307 4341 4461 1427)
4(1367 1369 4403 4401)
4(1368 1367 4401 4402)
4(1368 4402 4403 1369)
4(1492 1493 4527 4526)
4(1493 1657 4691 4527)
4(1523 1655 4689 4557)
4(1655 1656 4690 4689)
4(1542 1861 4895 4576)
4(1861 2531 5565 4895)
4(1603 1604 4638 4637)
4(1604 2029 5063 4638)
4(1603 4637 5063 2029)
4(2271 5305 5306 2272)
4(1648 1928 4962 4682)
4(1928 1929 4963 4962)
4(1648 4682 4963 1929)
4(1919 1653 4687 4953)
4(1653 2353 5387 4687)
4(1919 4953 5387 2353)
4(1677 1960 4994 4711)
4(1675 1677 4711 4709)
4(1852 1854 4888 4886)
4(1853 1852 4886 4887)
4(555 557 3591 3589)
4(556 555 3589 3590)
4(587 2746 5780 3621)
4(617 3651 5869 2835)
4(1183 2835 5869 4217)
4(754 2649 5683 3788)
4(755 3789 4851 1817)
4(755 656 3690 3789)
4(656 1817 4851 3690)
4(669 658 3692 3703)
4(658 2418 5452 3692)
4(685 683 3717 3719)
4(685 3719 3754 720)
4(686 3720 3801 767)
4(686 688 3722 3720)
4(688 767 3801 3722)
4(697 3731 3753 719)
4(695 719 3753 3729)
4(696 698 3732 3730)
4(698 2628 5662 3732)
4(703 3737 4263 1229)
4(701 1229 4263 3735)
4(722 760 3794 3756)
4(749 748 3782 3783)
4(749 3783 3809 775)
4(2557 2560 5594 5591)
4(1817 2722 5756 4851)
4(760 771 3805 3794)
4(768 2532 5566 3802)
4(768 3802 5567 2533)
4(2532 2533 5567 5566)
4(770 1440 4474 3804)
4(1440 2728 5762 4474)
4(776 775 3809 3810)
4(775 805 3839 3809)
4(776 3810 3839 805)
4(1112 784 3818 4146)
4(1112 4146 4198 1164)
4(908 3942 5700 2666)
4(908 978 4012 3942)
4(960 2420 5454 3994)
4(977 4011 5454 2420)
4(977 960 3994 4011)
4(1039 1120 4154 4073)
4(1120 1121 4155 4154)
4(1039 4073 4155 1121)
4(1326 2607 5641 4360)
4(1351 1352 4386 4385)
4(1214 1236 4270 4248)
4(1132 1214 4248 4166)
4(1360 4394 4619 1585)
4(1360 1186 4220 4394)
4(1201 4235 5867 2833)
4(1201 1325 4359 4235)
4(1325 2833 5867 4359)
4(1202 1204 4238 4236)
4(1203 1202 4236 4237)
4(1203 4237 4238 1204)
4(1202 4236 5793 2759)
4(1594 2759 5793 4628)
4(1202 1594 4628 4236)
4(1204 1220 4254 4238)
4(1205 1204 4238 4239)
4(1205 4239 4254 1220)
4(1205 2779 5813 4239)
4(2779 2984 6018 5813)
4(1205 4239 6018 2984)
4(1220 1334 4368 4254)
4(1221 1220 4254 4255)
4(1221 4255 4368 1334)
4(1348 1708 4742 4382)
4(1277 1279 4313 4311)
4(1279 1536 4570 4313)
4(1281 4315 4571 1537)
4(1281 1283 4317 4315)
4(1318 1405 4439 4352)
4(1405 1432 4466 4439)
4(1318 4352 4466 1432)
4(1472 1330 4364 4506)
4(1334 1608 4642 4368)
4(1335 1334 4368 4369)
4(1335 4369 4642 1608)
4(1360 4394 4620 1586)
4(1585 1586 4620 4619)
4(1374 1377 4411 4408)
4(1376 1374 4408 4410)
4(1376 4410 4411 1377)
4(1379 1381 4415 4413)
4(1379 4413 5912 2878)
4(1381 2878 5912 4415)
4(1380 1384 4418 4414)
4(1382 4416 4418 1384)
4(1384 1396 4430 4418)
4(1385 1384 4418 4419)
4(1385 4419 4430 1396)
4(1442 4476 4515 1481)
4(1452 1454 4488 4486)
4(1472 4506 6175 3141)
4(1475 3141 6175 4509)
4(2340 5374 5822 2788)
4(1478 1479 4513 4512)
4(1477 1478 4512 4511)
4(1477 4511 4513 1479)
4(1479 1557 4591 4513)
4(1557 1558 4592 4591)
4(1479 4513 4592 1558)
4(1705 4739 5836 2802)
4(1561 2802 5836 4595)
4(1705 1561 4595 4739)
4(1702 1766 4800 4736)
4(1766 2223 5257 4800)
4(1746 2782 5816 4780)
4(2535 5569 5816 2782)
4(1767 1751 4785 4801)
4(1767 4801 5673 2639)
4(1767 2446 5480 4801)
4(1777 1877 4911 4811)
4(1776 1777 4811 4810)
4(1776 4810 4911 1877)
4(1946 4980 4987 1953)
4(1945 1953 4987 4979)
4(2338 2339 5373 5372)
4(2339 2342 5376 5373)
4(2344 2346 5380 5378)
4(2346 2347 5381 5380)
4(3310 3314 6348 6344)
4(2395 5429 6348 3314)
4(2395 3310 6344 5429)
4(2480 5514 5666 2632)
4(2480 2512 5546 5514)
4(2634 2635 5669 5668)
4(2634 5668 6120 3086)
4(471 42 246 3505)
4(42 2502 5536 246)
4(471 3505 5536 2502)
4(477 2827 5861 3511)
4(613 3647 3653 619)
4(618 619 3653 3652)
4(846 893 3927 3880)
4(1754 900 3934 4788)
4(1754 4788 5561 2527)
4(982 981 4015 4016)
4(982 4016 4081 1047)
4(981 1047 4081 4015)
4(1027 1130 4164 4061)
4(1027 4061 5461 2427)
4(1185 4219 5921 2887)
4(1185 1196 4230 4219)
4(1196 2887 5921 4230)
4(1359 1186 4220 4393)
4(1359 4393 4394 1360)
4(1219 1389 4423 4253)
4(1389 1390 4424 4423)
4(1282 1280 4314 4316)
4(1282 4316 6194 3160)
4(1296 1298 4332 4330)
4(1296 4330 4473 1439)
4(1336 1574 4608 4370)
4(1574 1575 4609 4608)
4(1336 4370 4609 1575)
4(1421 1350 4384 4455)
4(1350 1422 4456 4384)
4(1392 1541 4575 4426)
4(1541 1542 4576 4575)
4(1710 1743 4777 4744)
4(1554 4588 5792 2758)
4(1554 1793 4827 4588)
4(1842 1843 4877 4876)
4(1599 1842 4876 4633)
4(1671 1850 4884 4705)
4(1850 1851 4885 4884)
4(1671 4705 4885 1851)
4(1756 4790 5927 2893)
4(1756 2616 5650 4790)
4(2480 5514 5515 2481)
4(1899 2481 5515 4933)
4(1930 1932 4966 4964)
4(1932 2195 5229 4966)
4(1952 3144 6178 4986)
4(2539 1952 4986 5573)
4(1986 2318 5352 5020)
4(1991 5025 5921 2887)
4(2079 2080 5114 5113)
4(2080 2087 5121 5114)
4(14 218 5694 2660)
4(210 2828 5862 414)
4(596 3630 3634 600)
4(599 600 3634 3633)
4(620 619 3653 3654)
4(619 621 3655 3653)
4(733 773 3807 3767)
4(773 774 3808 3807)
4(741 3775 3776 742)
4(741 740 3774 3775)
4(740 742 3776 3774)
4(766 764 3798 3800)
4(890 773 3807 3924)
4(890 3924 5878 2844)
4(773 2844 5878 3807)
4(799 3833 3835 801)
4(799 800 3834 3833)
4(869 3903 3936 902)
4(919 876 3910 3953)
4(919 3953 6114 3080)
4(945 971 4005 3979)
4(971 972 4006 4005)
4(960 3994 4064 1030)
4(975 981 4015 4009)
4(1047 1075 4109 4081)
4(982 4016 4109 1075)
4(1126 1127 4161 4160)
4(1043 4077 4161 1127)
4(1043 1126 4160 4077)
4(1468 2735 5769 4502)
4(1164 1166 4200 4198)
4(1165 1164 4198 4199)
4(1165 4199 4200 1166)
4(1167 4201 4213 1179)
4(1167 1166 4200 4201)
4(1166 1179 4213 4200)
4(1344 1206 4240 4378)
4(1206 2487 5521 4240)
4(1296 1295 4329 4330)
4(1296 4330 4331 1297)
4(1392 4426 4574 1540)
4(1349 1350 4384 4383)
4(1349 4383 4455 1421)
4(1423 4457 4699 1665)
4(1425 1670 4704 4459)
4(1425 4459 4706 1672)
4(1528 1527 4561 4562)
4(1527 1529 4563 4561)
4(1542 1614 4648 4576)
4(1614 1861 4895 4648)
4(1559 1766 4800 4593)
4(1702 1559 4593 4736)
4(3060 3081 6115 6094)
4(1598 4632 6115 3081)
4(1598 3060 6094 4632)
4(2183 1674 4708 5217)
4(2713 5747 5964 2930)
4(2713 1794 4828 5747)
4(1794 2930 5964 4828)
4(2782 5816 5892 2858)
4(1823 2858 5892 4857)
4(2782 1823 4857 5816)
4(2191 2190 5224 5225)
4(2191 5225 5226 2192)
4(2512 2481 5515 5546)
4(2481 2640 5674 5515)
4(2930 2698 5732 5964)
4(2698 3029 6063 5732)
4(43 428 3462 247)
4(428 2502 5536 3462)
4(43 247 5536 2502)
4(208 412 5855 2821)
4(208 466 3500 412)
4(2523 438 3472 5557)
4(2523 5557 5840 2806)
4(624 626 3660 3658)
4(626 627 3661 3660)
4(624 3658 3661 627)
4(650 651 3685 3684)
4(627 650 3684 3661)
4(627 3661 3685 651)
4(650 1161 4195 3684)
4(650 3684 5452 2418)
4(1161 2418 5452 4195)
4(651 658 3692 3685)
4(658 659 3693 3692)
4(772 3806 3870 836)
4(778 814 3848 3812)
4(814 868 3902 3848)
4(823 862 3896 3857)
4(823 3857 5516 2482)
4(862 2482 5516 3896)
4(839 880 3914 3873)
4(880 2686 5720 3914)
4(875 863 3897 3909)
4(863 913 3947 3897)
4(868 1206 4240 3902)
4(868 3902 4378 1344)
4(902 903 3937 3936)
4(903 942 3976 3937)
4(903 3937 3977 943)
4(942 943 3977 3976)
4(940 945 3979 3974)
4(904 940 3974 3938)
4(1021 1076 4110 4055)
4(1053 1054 4088 4087)
4(1053 4087 4089 1055)
4(1059 4093 4095 1061)
4(1060 1061 4095 4094)
4(1109 4143 4144 1110)
4(1109 1063 4097 4143)
4(1063 1110 4144 4097)
4(1066 2731 5765 4100)
4(2362 1066 4100 5396)
4(1068 1067 4101 4102)
4(1068 4102 4103 1069)
4(1067 1069 4103 4101)
4(1069 1111 4145 4103)
4(1111 2756 5790 4145)
4(1071 1073 4107 4105)
4(1072 4106 4107 1073)
4(1087 1089 4123 4121)
4(1089 1090 4124 4123)
4(1093 2942 5976 4127)
4(1096 1093 4127 4130)
4(1096 4130 5976 2942)
4(1138 1567 4601 4172)
4(1138 4172 4794 1760)
4(1207 1148 4182 4241)
4(1148 1208 4242 4182)
4(1207 4241 4242 1208)
4(1152 1154 4188 4186)
4(1153 4187 4188 1154)
4(1180 1554 4588 4214)
4(1192 1358 4392 4226)
4(1191 1192 4226 4225)
4(1191 4225 4392 1358)
4(1309 1253 4287 4343)
4(1253 1414 4448 4287)
4(1427 4461 4463 1429)
4(1345 4379 4743 1709)
4(1486 1709 4743 4520)
4(1358 1464 4498 4392)
4(1464 1551 4585 4498)
4(1358 4392 4585 1551)
4(1411 1495 4529 4445)
4(1410 4444 4529 1495)
4(2293 2294 5328 5327)
4(1680 1549 4583 4714)
4(1680 4714 4734 1700)
4(2470 1613 4647 5504)
4(2470 5504 5505 2471)
4(1690 4724 5270 2236)
4(1826 2236 5270 4860)
4(1690 1826 4860 4724)
4(1762 2248 5282 4796)
4(1763 1762 4796 4797)
4(1763 4797 5282 2248)
4(1769 2570 5604 4803)
4(2569 1769 4803 5603)
4(1862 4896 5789 2755)
4(1894 1870 4904 4928)
4(1894 4928 4929 1895)
4(1870 1895 4929 4904)
4(1887 4921 4922 1888)
4(1887 1886 4920 4921)
4(1886 1888 4922 4920)
4(2771 5805 5806 2772)
4(2712 5746 5881 2847)
4(2829 2356 5390 5863)
4(2696 5730 5997 2963)
4(16 482 3516 220)
4(192 2567 5601 396)
4(536 534 3568 3570)
4(536 3570 5773 2739)
4(534 2739 5773 3568)
4(2739 590 3624 5773)
4(652 1756 4790 3686)
4(648 3682 4790 1756)
4(652 660 3694 3686)
4(660 2616 5650 3694)
4(652 3686 5650 2616)
4(666 2885 5919 3700)
4(715 666 3700 3749)
4(674 2509 5543 3708)
4(672 674 3708 3706)
4(672 3706 5543 2509)
4(683 681 3715 3717)
4(681 2511 5545 3715)
4(694 2786 5820 3728)
4(692 694 3728 3726)
4(744 1189 4223 3778)
4(746 744 3778 3780)
4(750 2854 5888 3784)
4(1842 750 3784 4876)
4(783 759 3793 3817)
4(783 3817 3818 784)
4(759 784 3818 3793)
4(776 3810 3841 807)
4(806 807 3841 3840)
4(776 806 3840 3810)
4(796 794 3828 3830)
4(796 3830 3888 854)
4(810 811 3845 3844)
4(883 851 3885 3917)
4(858 2666 5700 3892)
4(858 3892 5979 2945)
4(874 3908 5886 2852)
4(907 965 3999 3941)
4(908 907 3941 3942)
4(908 3942 3999 965)
4(3267 6301 6338 3304)
4(938 3304 6338 3972)
4(3267 938 3972 6301)
4(2794 5828 5953 2919)
4(971 2789 5823 4005)
4(1020 971 4005 4054)
4(1053 1052 4086 4087)
4(1052 1054 4088 4086)
4(1099 1231 4265 4133)
4(1133 1105 4139 4167)
4(1133 4167 4866 1832)
4(1128 2823 5857 4162)
4(2823 2970 6004 5857)
4(1311 1312 4346 4345)
4(1145 1147 4181 4179)
4(1146 4180 4181 1147)
4(1349 1237 4271 4383)
4(1237 1350 4384 4271)
4(1308 1309 4343 4342)
4(1308 4342 4464 1430)
4(1322 1497 4531 4356)
4(1611 4645 4647 1613)
4(1671 1426 4460 4705)
4(1434 4468 5744 2710)
4(1434 1572 4606 4468)
4(1575 4609 5813 2779)
4(2012 2779 5813 5046)
4(1588 1742 4776 4622)
4(1587 1588 4622 4621)
4(1587 4621 4776 1742)
4(1769 1588 4622 4803)
4(1960 4994 5210 2176)
4(1677 2176 5210 4711)
4(1753 1752 4786 4787)
4(1858 4892 4991 1957)
4(1834 1957 4991 4868)
4(1935 2078 5112 4969)
4(2782 2008 5042 5816)
4(2782 5816 6011 2977)
4(453 36 240 3487)
4(36 2668 5702 240)
4(454 189 393 3488)
4(189 2670 5704 393)
4(481 3515 5608 2574)
4(2573 2574 5608 5607)
4(739 741 3775 3773)
4(741 1190 4224 3775)
4(739 3773 4224 1190)
4(763 764 3798 3797)
4(764 765 3799 3798)
4(776 3810 5710 2676)
4(792 794 3828 3826)
4(793 792 3826 3827)
4(793 3827 3828 794)
4(863 804 3838 3897)
4(863 3897 5746 2712)
4(829 3343 6377 3863)
4(829 3863 6380 3346)
4(831 3865 3866 832)
4(830 832 3866 3864)
4(968 3009 6043 4002)
4(832 968 4002 3866)
4(832 3866 6043 3009)
4(881 882 3916 3915)
4(881 3915 3918 884)
4(937 946 3980 3971)
4(1030 2420 5454 4064)
4(1049 962 3996 4083)
4(1049 4083 4084 1050)
4(965 1036 4070 3999)
4(1036 2600 5634 4070)
4(978 1034 4068 4012)
4(1033 1116 4150 4067)
4(1115 1033 4067 4149)
4(1115 4149 4150 1116)
4(1079 1251 4285 4113)
4(1251 1318 4352 4285)
4(1125 1394 4428 4159)
4(1333 1125 4159 4367)
4(1294 1135 4169 4328)
4(1136 1295 4329 4170)
4(1136 4170 4330 1296)
4(1154 1913 4947 4188)
4(1154 4188 5082 2048)
4(1913 2048 5082 4947)
4(1317 4351 5526 2492)
4(1180 4214 4393 1359)
4(1180 1186 4220 4214)
4(1412 1234 4268 4446)
4(1412 4446 5883 2849)
4(1281 4315 4316 1282)
4(1281 1280 4314 4315)
4(1281 4315 5910 2876)
4(1299 1297 4331 4333)
4(1555 1315 4349 4589)
4(1315 1556 4590 4349)
4(1485 4519 4670 1636)
4(1363 2713 5747 4397)
4(1363 4397 5964 2930)
4(1402 1406 4440 4436)
4(1406 1407 4441 4440)
4(1402 4436 4441 1407)
4(1428 1604 4638 4462)
4(1603 1428 4462 4637)
4(1772 1774 4808 4806)
4(1486 4520 4719 1685)
4(1485 1685 4719 4519)
4(1593 2698 5732 4627)
4(2029 5063 6198 3164)
4(1604 3164 6198 4638)
4(1859 2166 5200 4893)
4(1669 4703 5200 2166)
4(1669 1859 4893 4703)
4(1773 1807 4841 4807)
4(2024 3075 6109 5058)
4(2024 5058 6179 3145)
4(2495 5529 5574 2540)
4(2613 2997 6031 5647)
4(172 376 5541 2507)
4(183 456 3490 387)
4(499 3533 3535 501)
4(511 3545 3546 512)
4(511 510 3544 3545)
4(652 653 3687 3686)
4(712 711 3745 3746)
4(804 837 3871 3838)
4(803 804 3838 3837)
4(803 3837 3871 837)
4(873 897 3931 3907)
4(873 3907 3966 932)
4(902 942 3976 3936)
4(935 936 3970 3969)
4(936 937 3971 3970)
4(1162 943 3977 4196)
4(943 1607 4641 3977)
4(1014 4048 6091 3057)
4(1027 3057 6091 4061)
4(1015 1046 4080 4049)
4(1016 1015 4049 4050)
4(1019 1081 4115 4053)
4(1081 1082 4116 4115)
4(1061 2882 5916 4095)
4(1059 4093 5916 2882)
4(1140 4174 5911 2877)
4(1225 2344 5378 4259)
4(2343 1225 4259 5377)
4(1312 1314 4348 4346)
4(1709 2352 5386 4743)
4(1540 1541 4575 4574)
4(1565 2311 5345 4599)
4(1583 2714 5748 4617)
4(1583 4617 5969 2935)
4(1734 4768 5142 2108)
4(1732 2108 5142 4766)
4(1745 1744 4778 4779)
4(1745 4779 4951 1917)
4(2867 1756 4790 5901)
4(1859 2167 5201 4893)
4(2592 2593 5627 5626)
4(1955 4989 5627 2593)
4(2280 2281 5315 5314)
4(2281 2562 5596 5315)
4(2359 2361 5395 5393)
4(2360 5394 5395 2361)
4(2421 2422 5456 5455)
4(2422 2423 5457 5456)
4(2969 2997 6031 6003)
4(2866 2969 6003 5900)
4(2866 5900 6031 2997)
4(21 225 3468 434)
4(22 434 3468 226)
4(169 2536 5570 373)
4(629 3135 6169 3663)
4(746 747 3781 3780)
4(745 3779 3781 747)
4(745 746 3780 3779)
4(747 3781 3782 748)
4(778 779 3813 3812)
4(779 814 3848 3813)
4(814 1206 4240 3848)
4(923 950 3984 3957)
4(923 3957 5701 2667)
4(1035 1045 4079 4069)
4(947 3981 4079 1045)
4(961 962 3996 3995)
4(2932 968 4002 5966)
4(968 3157 6191 4002)
4(2932 5966 6191 3157)
4(991 993 4027 4025)
4(992 4026 4027 993)
4(992 991 4025 4026)
4(997 999 4033 4031)
4(998 4032 4033 999)
4(1124 1045 4079 4158)
4(1124 4158 4159 1125)
4(1061 4095 4096 1062)
4(1109 2882 5916 4143)
4(1061 1109 4143 4095)
4(1062 1329 4363 4096)
4(1063 1062 4096 4097)
4(1063 4097 4363 1329)
4(1208 1210 4244 4242)
4(1209 1208 4242 4243)
4(1349 4383 4457 1423)
4(2494 1395 4429 5528)
4(1395 2496 5530 4429)
4(1547 1686 4720 4581)
4(1565 1647 4681 4599)
4(1565 4599 4682 1648)
4(1680 2191 5225 4714)
4(1680 4714 5595 2561)
4(2353 1926 4960 5387)
4(1930 1928 4962 4964)
4(1930 4964 4965 1931)
4(2983 6017 6289 3255)
4(3202 3255 6289 6236)
4(2983 3202 6236 6017)
4(19 223 3517 483)
4(20 483 3517 224)
4(464 2819 5853 3498)
4(507 3541 3543 509)
4(507 508 3542 3541)
4(641 643 3677 3675)
4(643 2613 5647 3677)
4(2454 5488 5838 2804)
4(833 784 3818 3867)
4(824 827 3861 3858)
4(826 3860 3861 827)
4(975 974 4008 4009)
4(974 981 4015 4008)
4(977 1214 4248 4011)
4(1132 977 4011 4166)
4(1035 1113 4147 4069)
4(1077 1355 4389 4111)
4(1355 2421 5455 4389)
4(1079 1132 4166 4113)
4(1394 4428 4429 1395)
4(1348 4382 4383 1349)
4(1240 1239 4273 4274)
4(1239 1252 4286 4273)
4(1367 2812 5846 4401)
4(1466 1677 4711 4500)
4(1518 4552 4883 1849)
4(1615 4649 4701 1667)
4(1615 1543 4577 4649)
4(1543 1667 4701 4577)
4(2176 5210 5211 2177)
4(1852 2530 5564 4886)
4(1854 4888 5564 2530)
4(2016 5050 5966 2932)
4(2294 5328 5330 2296)
4(2293 2296 5330 5327)
4(2324 2326 5360 5358)
4(2665 2722 5756 5699)
4(2657 5691 5756 2722)
4(2663 2662 5696 5697)
4(2662 2664 5698 5696)
4(26 230 3460 426)
4(30 455 3489 234)
4(29 233 3489 455)
4(32 236 3451 417)
4(33 417 3451 237)
4(35 239 3487 453)
4(41 245 3505 471)
4(471 2572 5606 3505)
4(47 472 3506 251)
4(188 392 3488 454)
4(200 473 3507 404)
4(607 608 3642 3641)
4(608 614 3648 3642)
4(607 3641 3648 614)
4(615 616 3650 3649)
4(614 615 3649 3648)
4(614 3648 3650 616)
4(631 2835 5869 3665)
4(638 3672 5869 2835)
4(638 1827 4861 3672)
4(640 3674 4861 1827)
4(640 2685 5719 3674)
4(742 743 3777 3776)
4(741 3775 3777 743)
4(744 745 3779 3778)
4(743 744 3778 3777)
4(743 3777 3779 745)
4(1189 4223 5893 2859)
4(747 3781 3783 749)
4(749 3783 3810 776)
4(750 1599 4633 3784)
4(1388 4422 4633 1599)
4(786 3820 5740 2706)
4(810 812 3846 3844)
4(837 849 3883 3871)
4(849 878 3912 3883)
4(878 898 3932 3912)
4(879 3913 3932 898)
4(901 892 3926 3935)
4(901 3935 5664 2630)
4(965 3999 4000 966)
4(907 966 4000 3941)
4(939 954 3988 3973)
4(948 1120 4154 3982)
4(949 3983 4075 1041)
4(1040 1041 4075 4074)
4(1020 1021 4055 4054)
4(972 1020 4054 4006)
4(1019 1080 4114 4053)
4(1329 4363 4364 1330)
4(1075 1129 4163 4109)
4(1075 4109 4266 1232)
4(1121 4155 5736 2702)
4(1771 2702 5736 4805)
4(2558 1189 4223 5592)
4(1189 2559 5593 4223)
4(2558 5592 5593 2559)
4(2658 1194 4228 5692)
4(1194 3027 6061 4228)
4(1195 2658 5692 4229)
4(1200 4234 5692 2658)
4(2344 5378 5379 2345)
4(1235 4269 4273 1239)
4(1234 1239 4273 4268)
4(1285 1286 4320 4319)
4(1284 1285 4319 4318)
4(1284 4318 4320 1286)
4(1333 4367 4646 1612)
4(1530 1531 4565 4564)
4(1352 1530 4564 4386)
4(1371 4405 4632 1598)
4(1373 1371 4405 4407)
4(1371 2659 5693 4405)
4(1373 4407 5693 2659)
4(1374 2763 5797 4408)
4(1380 2764 5798 4414)
4(1560 1383 4417 4594)
4(1383 1561 4595 4417)
4(1560 4594 4595 1561)
4(1511 1512 4546 4545)
4(1512 1513 4547 4546)
4(1602 4636 5834 2800)
4(1602 2781 5815 4636)
4(1609 1875 4909 4643)
4(1874 4908 4909 1875)
4(1694 1696 4730 4728)
4(1703 2612 5646 4737)
4(2230 1703 4737 5264)
4(1704 4738 4880 1846)
4(1704 1705 4739 4738)
4(1780 1799 4833 4814)
4(1797 4831 5028 1994)
4(2289 2026 5060 5323)
4(2026 2290 5324 5060)
4(2232 5266 5832 2798)
4(2232 2233 5267 5266)
4(2425 2423 5457 5459)
4(2423 2426 5460 5457)
4(52 256 3483 449)
4(437 2573 5607 3471)
4(191 395 5655 2621)
4(193 397 5601 2567)
4(200 2645 5679 404)
4(201 405 3473 439)
4(207 411 5855 2821)
4(566 565 3599 3600)
4(573 575 3609 3607)
4(573 3607 5759 2725)
4(580 3614 3615 581)
4(579 581 3615 3613)
4(584 887 3921 3618)
4(887 2861 5895 3921)
4(584 3618 5895 2861)
4(598 2747 5781 3632)
4(1829 598 3632 4863)
4(637 3671 5842 2808)
4(637 639 3673 3671)
4(639 2808 5842 3673)
4(639 641 3675 3673)
4(639 3673 4396 1362)
4(664 1470 4504 3698)
4(1470 1596 4630 4504)
4(664 3698 4630 1596)
4(666 781 3815 3700)
4(781 2885 5919 3815)
4(739 740 3774 3773)
4(747 751 3785 3781)
4(745 3779 3785 751)
4(765 3799 3812 778)
4(765 766 3800 3799)
4(766 778 3812 3800)
4(774 3808 3826 792)
4(774 791 3825 3808)
4(791 792 3826 3825)
4(793 795 3829 3827)
4(795 1158 4192 3829)
4(795 794 3828 3829)
4(795 3829 3830 796)
4(797 796 3830 3831)
4(797 3831 3832 798)
4(796 798 3832 3830)
4(800 1225 4259 3834)
4(808 3842 5747 2713)
4(841 3875 5907 2873)
4(2729 2873 5907 5763)
4(847 873 3907 3881)
4(873 2908 5942 3907)
4(847 3881 5942 2908)
4(856 905 3939 3890)
4(905 906 3940 3939)
4(856 3890 3940 906)
4(858 908 3942 3892)
4(879 904 3938 3913)
4(2899 5933 5947 2913)
4(889 2913 5947 3923)
4(908 967 4001 3942)
4(967 978 4012 4001)
4(940 971 4005 3974)
4(2635 3094 6128 5669)
4(969 4003 6128 3094)
4(978 1033 4067 4012)
4(1033 1034 4068 4067)
4(1011 1013 4047 4045)
4(1012 1011 4045 4046)
4(1012 4046 4047 1013)
4(1013 1015 4049 4047)
4(1014 1013 4047 4048)
4(1014 4048 4049 1015)
4(1013 4047 6021 2987)
4(1013 2694 5728 4047)
4(2694 2987 6021 5728)
4(1033 2618 5652 4067)
4(1116 4150 5652 2618)
4(1034 1115 4149 4068)
4(1115 1117 4151 4149)
4(1119 4153 5750 2716)
4(1119 1037 4071 4153)
4(1037 2716 5750 4071)
4(1122 1042 4076 4156)
4(1117 1315 4349 4151)
4(1315 1316 4350 4349)
4(1431 1167 4201 4465)
4(1359 1554 4588 4393)
4(1251 1494 4528 4285)
4(1405 1251 4285 4439)
4(1405 4439 4528 1494)
4(1300 1299 4333 4334)
4(1300 4334 4335 1301)
4(1299 1301 4335 4333)
4(1302 1301 4335 4336)
4(1302 4336 4337 1303)
4(1301 1303 4337 4335)
4(1316 1555 4589 4350)
4(1555 2479 5513 4589)
4(3125 1366 4400 6159)
4(1366 3127 6161 4400)
4(1422 1831 4865 4456)
4(1422 4456 5080 2046)
4(1831 2046 5080 4865)
4(1604 4638 4995 1961)
4(1428 1961 4995 4462)
4(1432 1500 4534 4466)
4(1500 1755 4789 4534)
4(1432 4466 4789 1755)
4(1468 4502 6079 3045)
4(1468 2962 5996 4502)
4(2962 3045 6079 5996)
4(1529 1605 4639 4563)
4(1542 1543 4577 4576)
4(1543 1614 4648 4577)
4(1550 1971 5005 4584)
4(1970 1550 4584 5004)
4(1559 2845 5879 4593)
4(1711 1590 4624 4745)
4(1711 4745 4746 1712)
4(1590 1712 4746 4624)
4(2594 2595 5629 5628)
4(1651 2594 5628 4685)
4(1651 4685 5629 2595)
4(1654 4688 4954 1920)
4(1654 1919 4953 4688)
4(1919 1920 4954 4953)
4(1710 1984 5018 4744)
4(1713 1715 4749 4747)
4(1713 4747 5985 2951)
4(1719 1721 4755 4753)
4(1720 1719 4753 4754)
4(1720 4754 4755 1721)
4(1722 1725 4759 4756)
4(1742 1769 4803 4776)
4(1769 2310 5344 4803)
4(1742 4776 5344 2310)
4(1877 4911 4912 1878)
4(1824 1825 4859 4858)
4(1825 2000 5034 4859)
4(1964 1976 5010 4998)
4(2033 2034 5068 5067)
4(2034 2729 5763 5068)
4(2401 2400 5434 5435)
4(2401 5435 5436 2402)
4(2400 2402 5436 5434)
4(2517 5551 6079 3045)
4(3029 3045 6079 6063)
4(2859 2873 5907 5893)
4(2559 2859 5893 5593)
4(2559 5593 5907 2873)
4(2578 2579 5613 5612)
4(2579 2777 5811 5613)
4(9 494 3528 213)
4(8 212 3528 494)
4(10 214 3496 462)
4(11 462 3496 215)
4(509 1187 4221 3543)
4(557 559 3593 3591)
4(561 1188 4222 3595)
4(561 3595 5659 2625)
4(1188 2625 5659 4222)
4(576 579 3613 3610)
4(585 584 3618 3619)
4(585 3619 3620 586)
4(584 586 3620 3618)
4(586 589 3623 3620)
4(588 586 3620 3622)
4(589 592 3626 3623)
4(591 3625 3626 592)
4(604 607 3641 3638)
4(603 604 3638 3637)
4(603 3637 3641 607)
4(663 2566 5600 3697)
4(726 663 3697 3760)
4(665 3699 3749 715)
4(738 739 3773 3772)
4(737 738 3772 3771)
4(737 3771 3773 739)
4(781 843 3877 3815)
4(781 3815 5975 2941)
4(843 2941 5975 3877)
4(823 825 3859 3857)
4(825 862 3896 3859)
4(935 933 3967 3969)
4(933 936 3970 3967)
4(936 946 3980 3970)
4(963 1064 4098 3997)
4(1000 999 4033 4034)
4(1000 4034 4035 1001)
4(1008 4042 4043 1009)
4(1008 1007 4041 4042)
4(1007 1009 4043 4041)
4(1057 1058 4092 4091)
4(1057 4091 4093 1059)
4(1139 1073 4107 4173)
4(1139 4173 4174 1140)
4(1110 1304 4338 4144)
4(1178 1137 4171 4212)
4(1137 1306 4340 4171)
4(1178 4212 4340 1306)
4(1155 1258 4292 4189)
4(1257 1155 4189 4291)
4(1257 4291 4292 1258)
4(1210 1212 4246 4244)
4(1218 2672 5706 4252)
4(1264 1266 4300 4298)
4(1265 1264 4298 4299)
4(1273 4307 4308 1274)
4(1274 1276 4310 4308)
4(1275 1274 4308 4309)
4(1275 4309 4310 1276)
4(1324 4358 5830 2796)
4(1324 1450 4484 4358)
4(1450 2796 5830 4484)
4(1385 4419 5799 2765)
4(1385 1398 4432 4419)
4(1398 2765 5799 4432)
4(1470 2726 5760 4504)
4(1510 1509 4543 4544)
4(1509 1511 4545 4543)
4(1541 1543 4577 4575)
4(1553 2703 5737 4587)
4(1826 1553 4587 4860)
4(1555 4589 4722 1688)
4(1596 1841 4875 4630)
4(1770 1596 4630 4804)
4(1770 4804 4875 1841)
4(1961 1962 4996 4995)
4(1604 4638 4996 1962)
4(1703 1704 4738 4737)
4(1846 2221 5255 4880)
4(1705 2801 5835 4739)
4(1714 1712 4746 4748)
4(1712 1717 4751 4746)
4(2565 1760 4794 5599)
4(1843 4877 5346 2312)
4(1851 4885 4886 1852)
4(1850 1852 4886 4884)
4(2397 2395 5429 5431)
4(2397 5431 5432 2398)
4(2395 2398 5432 5429)
4(2479 2936 5970 5513)
4(417 2701 5735 3451)
4(55 259 3499 465)
4(56 465 3499 260)
4(529 528 3562 3563)
4(529 3563 3564 530)
4(531 530 3564 3565)
4(530 532 3566 3564)
4(531 3565 3566 532)
4(530 3564 5877 2843)
4(569 571 3605 3603)
4(625 3659 6184 3150)
4(644 642 3676 3678)
4(648 646 3680 3682)
4(646 649 3683 3680)
4(649 653 3687 3683)
4(649 1216 4250 3683)
4(649 3683 5649 2615)
4(1216 2615 5649 4250)
4(653 2615 5649 3687)
4(653 3687 5651 2617)
4(660 712 3746 3694)
4(713 3747 3762 728)
4(732 723 3757 3766)
4(723 1823 4857 3757)
4(732 3766 4857 1823)
4(888 3922 5725 2691)
4(734 735 3769 3768)
4(734 3768 5784 2750)
4(749 3783 5710 2676)
4(754 1438 4472 3788)
4(1438 2649 5683 4472)
4(805 3839 3891 857)
4(836 847 3881 3870)
4(836 3870 4227 1193)
4(847 1193 4227 3881)
4(2030 888 3922 5064)
4(888 2031 5065 3922)
4(2030 5064 5065 2031)
4(909 953 3987 3943)
4(916 1224 4258 3950)
4(916 3950 6057 3023)
4(920 918 3952 3954)
4(918 921 3955 3952)
4(966 1036 4070 4000)
4(971 1022 4056 4005)
4(1020 1076 4110 4054)
4(1041 1043 4077 4075)
4(1041 4075 5825 2791)
4(1043 2791 5825 4077)
4(1044 1042 4076 4078)
4(1215 1053 4087 4249)
4(1053 2959 5993 4087)
4(1122 1184 4218 4156)
4(1184 1194 4228 4218)
4(1400 4434 4435 1401)
4(1250 1401 4435 4284)
4(1266 1268 4302 4300)
4(1285 1287 4321 4319)
4(1298 1297 4331 4332)
4(1298 4332 4333 1299)
4(1576 2895 5929 4610)
4(1466 4500 5575 2541)
4(1360 4394 4621 1587)
4(1586 1587 4621 4620)
4(1600 1746 4780 4634)
4(1388 1600 4634 4422)
4(2498 1395 4429 5532)
4(1401 1406 4440 4435)
4(1402 1401 4435 4436)
4(1407 4441 4558 1524)
4(1443 2030 5064 4477)
4(1443 4477 5066 2032)
4(2030 2032 5066 5064)
4(1451 1448 4482 4485)
4(2882 1465 4499 5916)
4(2882 5916 6119 3085)
4(1488 4522 4948 1914)
4(1488 1745 4779 4522)
4(1490 4524 4561 1527)
4(1653 1499 4533 4687)
4(1653 4687 4960 1926)
4(1507 4541 5471 2437)
4(1507 1652 4686 4541)
4(1525 1524 4558 4559)
4(1525 4559 6111 3077)
4(1524 3077 6111 4558)
4(1558 4592 5667 2633)
4(1558 1894 4928 4592)
4(1894 2633 5667 4928)
4(1681 1907 4941 4715)
4(1562 1681 4715 4596)
4(2009 5043 5645 2611)
4(1643 4677 6098 3064)
4(2995 3064 6098 6029)
4(1654 4688 4955 1921)
4(1746 2008 5042 4780)
4(1749 1748 4782 4783)
4(1839 2028 5062 4873)
4(1839 4873 5251 2217)
4(1921 4955 5294 2260)
4(2955 1966 5000 5989)
4(2955 5989 5990 2956)
4(2879 2971 6005 5913)
4(2938 2962 5996 5972)
4(1996 5030 5996 2962)
4(1996 2938 5972 5030)
4(2031 2691 5725 5065)
4(2031 5065 5818 2784)
4(3104 2039 5073 6138)
4(2039 3163 6197 5073)
4(2535 5569 5892 2858)
4(2744 5778 6035 3001)
4(513 3547 3548 514)
4(513 512 3546 3547)
4(515 514 3548 3549)
4(515 3549 3550 516)
4(517 516 3550 3551)
4(517 3551 3552 518)
4(516 518 3552 3550)
4(519 518 3552 3553)
4(519 3553 3554 520)
4(521 3555 3556 522)
4(521 520 3554 3555)
4(525 3559 3560 526)
4(525 524 3558 3559)
4(527 526 3560 3561)
4(527 3561 3562 528)
4(526 528 3562 3560)
4(562 564 3598 3596)
4(562 3596 6040 3006)
4(569 2724 5758 3603)
4(1156 569 3603 4190)
4(574 575 3609 3608)
4(575 576 3610 3609)
4(575 3609 3611 577)
4(664 577 3611 3698)
4(577 1470 4504 3611)
4(578 3612 3617 583)
4(580 583 3617 3614)
4(581 887 3921 3615)
4(584 581 3615 3618)
4(589 3623 4206 1172)
4(586 1172 4206 3620)
4(589 2747 5781 3623)
4(592 3626 5781 2747)
4(724 1160 4194 3758)
4(742 3776 3875 841)
4(756 3790 3791 757)
4(887 2863 5897 3921)
4(890 892 3926 3924)
4(891 890 3924 3925)
4(891 3925 3926 892)
4(900 3934 3935 901)
4(900 892 3926 3934)
4(893 3061 6095 3927)
4(1033 967 4001 4067)
4(967 2618 5652 4001)
4(1031 4065 4212 1178)
4(1137 4171 4172 1138)
4(1047 1129 4163 4081)
4(1136 2673 5707 4170)
4(1066 1067 4101 4100)
4(1066 4100 4102 1068)
4(1073 4107 5931 2897)
4(1235 1355 4389 4269)
4(1179 1180 4214 4213)
4(1172 2861 5895 4206)
4(1172 4206 5896 2862)
4(1212 4246 4288 1254)
4(1308 1253 4287 4342)
4(1350 1831 4865 4384)
4(1467 1872 4906 4501)
4(1872 3085 6119 4906)
4(1482 3117 6151 4516)
4(2370 1482 4516 5404)
4(2370 5404 6151 3117)
4(1563 1525 4559 4597)
4(1525 1564 4598 4559)
4(1939 4973 4992 1958)
4(1530 1660 4694 4564)
4(1546 1548 4582 4580)
4(1546 4580 4791 1757)
4(1550 2710 5744 4584)
4(2066 5100 6098 3064)
4(1657 1968 5002 4691)
4(1968 1969 5003 5002)
4(1673 1674 4708 4707)
4(1673 4707 5217 2183)
4(1941 2723 5757 4975)
4(1774 1978 5012 4808)
4(1802 3010 6044 4836)
4(1816 4850 5238 2204)
4(1889 2226 5260 4923)
4(2285 2287 5321 5319)
4(2286 5320 5321 2287)
4(2558 3060 6094 5592)
4(2558 5592 6103 3069)
4(3060 3069 6103 6094)
4(553 2744 5778 3587)
4(555 3589 5778 2744)
4(559 3593 5636 2602)
4(559 1188 4222 3593)
4(563 561 3595 3597)
4(563 3597 5659 2625)
4(578 2726 5760 3612)
4(577 3611 5760 2726)
4(582 3616 4365 1331)
4(582 585 3619 3616)
4(585 1331 4365 3619)
4(585 588 3622 3619)
4(585 3619 5616 2582)
4(588 2582 5616 3622)
4(2602 5636 5936 2902)
4(666 726 3760 3700)
4(740 738 3772 3774)
4(738 2831 5865 3772)
4(782 843 3877 3816)
4(795 3829 3831 797)
4(911 876 3910 3945)
4(911 3945 3953 919)
4(878 1568 4602 3912)
4(891 900 3934 3925)
4(891 3925 4788 1754)
4(942 3976 3978 944)
4(970 4004 4011 977)
4(970 960 3994 4004)
4(977 1079 4113 4011)
4(2957 1017 4051 5991)
4(2957 5991 5992 2958)
4(1017 2958 5992 4051)
4(1155 1154 4188 4189)
4(1154 2837 5871 4188)
4(1155 4189 5871 2837)
4(1241 1498 4532 4275)
4(1498 2953 5987 4532)
4(1492 1248 4282 4526)
4(1284 1282 4316 4318)
4(1282 1285 4319 4316)
4(1289 4323 4324 1290)
4(1359 1559 4593 4393)
4(1464 1553 4587 4498)
4(1467 4501 4710 1676)
4(1596 4630 4882 1848)
4(1478 1557 4591 4512)
4(1505 4539 4541 1507)
4(1506 1507 4541 4540)
4(1505 1506 4540 4539)
4(1558 4592 4903 1869)
4(1557 1869 4903 4591)
4(1615 4649 4702 1668)
4(1686 2989 6023 4720)
4(1715 1714 4748 4749)
4(1715 4749 4750 1716)
4(1720 1722 4756 4754)
4(1720 4754 6014 2980)
4(1727 1726 4760 4761)
4(1735 4769 4770 1736)
4(1779 2875 5909 4813)
4(2003 5037 5909 2875)
4(1788 1787 4821 4822)
4(1787 1993 5027 4821)
4(1788 4822 5027 1993)
4(2875 1795 4829 5909)
4(1795 2928 5962 4829)
4(1864 3056 6090 4898)
4(1888 1891 4925 4922)
4(1887 4921 4925 1891)
4(1891 2040 5074 4925)
4(2040 2041 5075 5074)
4(1891 4925 5075 2041)
4(1937 2037 5071 4971)
4(2037 2038 5072 5071)
4(1948 2103 5137 4982)
4(1948 4982 5167 2133)
4(2372 2370 5404 5406)
4(2372 5406 5407 2373)
4(2370 2373 5407 5404)
4(70 274 3511 477)
4(71 477 3511 275)
4(166 2526 5560 370)
4(165 369 5560 2526)
4(513 3547 3549 515)
4(515 3549 3551 517)
4(591 593 3627 3625)
4(596 2711 5745 3630)
4(1182 596 3630 4216)
4(1182 4216 5745 2711)
4(600 605 3639 3634)
4(642 643 3677 3676)
4(645 3679 3682 648)
4(713 3747 5569 2535)
4(804 849 3883 3838)
4(815 3849 3895 861)
4(910 953 3987 3944)
4(910 3944 5874 2840)
4(941 923 3957 3975)
4(941 3975 4008 974)
4(923 974 4008 3957)
4(924 2857 5891 3958)
4(926 3960 5891 2857)
4(948 3982 5689 2655)
4(942 3976 4065 1031)
4(2752 2753 5787 5786)
4(1445 4479 5787 2753)
4(1701 4735 4736 1702)
4(1596 2770 5804 4630)
4(1841 4875 5804 2770)
4(1614 4648 4927 1893)
4(1614 1615 4649 4648)
4(1615 1893 4927 4649)
4(1764 1763 4797 4798)
4(1763 1765 4799 4797)
4(2764 2800 5834 5798)
4(1792 1790 4824 4826)
4(1790 2947 5981 4824)
4(1792 4826 5981 2947)
4(2065 1990 5024 5099)
4(2115 2116 5150 5149)
4(2392 2391 5425 5426)
4(2392 5426 5427 2393)
4(2576 3114 6148 5610)
4(2577 5611 6148 3114)
4(64 268 3478 444)
4(2504 428 3462 5538)
4(503 3537 4442 1408)
4(503 505 3539 3537)
4(505 1408 4442 3539)
4(1408 2594 5628 4442)
4(609 610 3644 3643)
4(2626 5660 5682 2648)
4(610 2648 5682 3644)
4(613 3647 3654 620)
4(617 631 3665 3651)
4(772 2868 5902 3806)
4(768 3177 6211 3802)
4(783 3817 3867 833)
4(783 2561 5595 3817)
4(798 799 3833 3832)
4(2859 841 3875 5893)
4(917 3951 3952 918)
4(916 918 3952 3950)
4(1545 4579 4580 1546)
4(1502 1353 4387 4536)
4(1502 4536 4693 1659)
4(1360 4394 5879 2845)
4(1432 4466 4533 1499)
4(1405 1499 4533 4439)
4(1493 1968 5002 4527)
4(1500 4534 4687 1653)
4(1500 1499 4533 4534)
4(1653 1654 4688 4687)
4(1500 4534 4688 1654)
4(1558 4592 4904 1870)
4(1869 1870 4904 4903)
4(3166 1595 4629 6200)
4(3166 6200 6223 3189)
4(1595 3189 6223 4629)
4(1680 2190 5224 4714)
4(1784 1783 4817 4818)
4(1783 1785 4819 4817)
4(1919 2219 5253 4953)
4(1921 4955 5295 2261)
4(2752 2702 5736 5786)
4(2702 2753 5787 5736)
4(2503 428 3462 5537)
4(2503 5537 5538 2504)
4(608 615 3649 3642)
4(636 3670 3671 637)
4(736 737 3771 3770)
4(737 750 3784 3771)
4(803 802 3836 3837)
4(858 907 3941 3892)
4(913 958 3992 3947)
4(1082 4116 4117 1083)
4(1294 1295 4329 4328)
4(1136 1294 4328 4170)
4(1239 4273 4446 1412)
4(1278 1276 4310 4312)
4(1278 4312 4518 1484)
4(1283 4317 4318 1284)
4(1283 1282 4316 4317)
4(1294 1425 4459 4328)
4(1295 4329 4459 1425)
4(1308 2194 5228 4342)
4(2194 2795 5829 5228)
4(1428 2838 5872 4462)
4(1490 4524 4562 1528)
4(1782 4816 4817 1783)
4(1953 1954 4988 4987)
4(1954 2117 5151 4988)
4(2088 5122 5165 2131)
4(2317 3174 6208 5351)
4(2537 5571 6208 3174)
4(2471 5505 5507 2473)
4(2472 2473 5507 5506)
4(71 275 5861 2827)
4(504 1143 4177 3538)
4(507 506 3540 3541)
4(800 798 3832 3834)
4(798 1225 4259 3832)
4(1227 4261 5517 2483)
4(940 1022 4056 3974)
4(2959 1108 4142 5993)
4(1108 3063 6097 4142)
4(1110 1305 4339 4144)
4(1115 4149 5956 2922)
4(1116 2922 5956 4150)
4(1115 1315 4349 4149)
4(1258 1260 4294 4292)
4(1259 1258 4292 4293)
4(1259 4293 4294 1260)
4(1260 2050 5084 4294)
4(1260 4294 5864 2830)
4(2050 2830 5864 5084)
4(1329 1472 4506 4363)
4(1329 4363 4862 1828)
4(1472 1828 4862 4506)
4(1441 1462 4496 4475)
4(1504 4538 4539 1505)
4(1504 1503 4537 4538)
4(1503 1505 4539 4537)
4(1639 1641 4675 4673)
4(1639 4673 5085 2051)
4(1766 2224 5258 4800)
4(1786 4820 6071 3037)
4(1808 3072 6106 4842)
4(1808 4842 6162 3128)
4(51 489 3523 255)
4(497 498 3532 3531)
4(656 637 3671 3690)
4(656 3690 5842 2808)
4(849 863 3897 3883)
4(849 3883 3909 875)
4(898 904 3938 3932)
4(1985 884 3918 5019)
4(884 2874 5908 3918)
4(901 961 3995 3935)
4(914 3948 4004 970)
4(1012 1014 4048 4046)
4(1012 4046 6091 3057)
4(1015 4049 6021 2987)
4(1027 1028 4062 4061)
4(1028 1130 4164 4062)
4(1060 1327 4361 4094)
4(1061 4095 4097 1063)
4(1301 4335 4458 1424)
4(1321 1323 4357 4355)
4(2694 1341 4375 5728)
4(2694 5728 6074 3040)
4(1617 4651 6017 2983)
4(2043 2983 6017 5077)
4(1722 1721 4755 4756)
4(1722 4756 4757 1723)
4(3020 3035 6069 6054)
4(1855 4889 6069 3035)
4(1855 3020 6054 4889)
4(2033 2032 5066 5067)
4(2032 2034 5068 5066)
4(59 263 3529 495)
4(190 394 5655 2621)
4(190 394 5704 2670)
4(646 1216 4250 3680)
4(680 679 3713 3714)
4(679 681 3715 3713)
4(680 789 3823 3714)
4(682 3716 3717 683)
4(698 697 3731 3732)
4(698 3732 3733 699)
4(697 699 3733 3731)
4(1229 2787 5821 4263)
4(831 3865 3885 851)
4(857 907 3941 3891)
4(858 857 3891 3892)
4(940 898 3932 3974)
4(940 3974 5952 2918)
4(921 3955 3975 941)
4(921 923 3957 3955)
4(932 3966 3969 935)
4(958 959 3993 3992)
4(959 2315 5349 3993)
4(1050 4084 4087 1053)
4(1056 1057 4091 4090)
4(1089 1091 4125 4123)
4(1095 1096 4130 4129)
4(1096 1097 4131 4130)
4(1160 3043 6077 4194)
4(1553 2938 5972 4587)
4(2703 5737 5972 2938)
4(1586 4620 6003 2969)
4(1585 2969 6003 4619)
4(1839 1898 4932 4873)
4(1898 2028 5062 4932)
4(1856 1883 4917 4890)
4(1856 4890 6081 3047)
4(2001 2834 5868 5035)
4(2834 2899 5933 5868)
4(2001 5035 5933 2899)
4(2459 2053 5087 5493)
4(2459 5493 6374 3340)
4(2579 5613 5947 2913)
4(2579 2899 5933 5613)
4(2648 3120 6154 5682)
4(51 2815 5849 255)
4(489 3523 5849 2815)
4(203 2807 5841 407)
4(2543 477 3511 5577)
4(503 3537 3538 504)
4(503 502 3536 3537)
4(502 504 3538 3536)
4(535 536 3570 3569)
4(536 537 3571 3570)
4(817 3851 3852 818)
4(816 818 3852 3850)
4(890 1181 4215 3924)
4(901 962 3996 3935)
4(912 911 3945 3946)
4(911 938 3972 3945)
4(938 954 3988 3972)
4(997 1339 4373 4031)
4(1152 1913 4947 4186)
4(1165 4199 4201 1167)
4(1181 2844 5878 4215)
4(2844 2977 6011 5878)
4(1277 1276 4310 4311)
4(1277 4311 4312 1278)
4(1406 4440 5913 2879)
4(1401 2879 5913 4435)
4(1402 4436 5533 2499)
4(1416 1753 4787 4450)
4(1753 1768 4802 4787)
4(1416 4450 4802 1768)
4(1670 1426 4460 4704)
4(1673 1429 4463 4707)
4(1429 1674 4708 4463)
4(1522 1655 4689 4556)
4(1688 2479 5513 4722)
4(3326 1685 4719 6360)
4(3326 6360 6361 3327)
4(1819 1820 4854 4853)
4(1819 4853 4855 1821)
4(2518 1830 4864 5552)
4(2518 5552 5764 2730)
4(1941 1942 4976 4975)
4(1942 1943 4977 4976)
4(1941 4975 4977 1943)
4(2011 5045 6070 3036)
4(2944 3036 6070 5978)
4(2946 2975 6009 5980)
4(2335 5369 6009 2975)
4(2345 2346 5380 5379)
4(2392 2394 5428 5426)
4(2394 2405 5439 5428)
4(2679 2680 5714 5713)
4(460 498 3532 3494)
4(572 569 3603 3606)
4(571 573 3607 3605)
4(573 1177 4211 3607)
4(583 2726 5760 3617)
4(1172 2747 5781 4206)
4(860 3894 5740 2706)
4(840 2706 5740 3874)
4(872 873 3907 3906)
4(1019 1018 4052 4053)
4(1018 1080 4114 4052)
4(1050 4084 4249 1215)
4(1106 1133 4167 4140)
4(1133 1134 4168 4167)
4(1177 2725 5759 4211)
4(1233 1241 4275 4267)
4(1265 4299 4567 1533)
4(1351 1530 4564 4385)
4(1482 4516 5533 2499)
4(1923 2904 5938 4957)
4(1607 2035 5069 4641)
4(1607 4641 5070 2036)
4(2035 2036 5070 5069)
4(1656 1910 4944 4690)
4(1896 4930 4944 1910)
4(2224 5258 6008 2974)
4(2500 5534 5535 2501)
4(2011 5045 5751 2717)
4(2011 1792 4826 5045)
4(1792 2717 5751 4826)
4(2793 5827 5828 2794)
4(2988 2036 5070 6022)
4(2988 6022 6203 3169)
4(2475 3106 6140 5509)
4(2674 3099 6133 5708)
4(2625 2604 5638 5659)
4(2625 5659 5696 2662)
4(2604 2662 5696 5638)
4(443 3477 6020 2986)
4(521 3555 3557 523)
4(525 3559 3561 527)
4(562 3596 3597 563)
4(571 572 3606 3605)
4(1331 2825 5859 4365)
4(836 2868 5902 3870)
4(877 3911 3945 911)
4(913 959 3993 3947)
4(2462 2465 5499 5496)
4(2557 5591 5592 2558)
4(1355 4389 5829 2795)
4(1416 4450 4786 1752)
4(1416 1291 4325 4450)
4(2108 2211 5245 5142)
4(1761 4795 4797 1763)
4(2019 5053 5054 2020)
4(2017 2020 5054 5051)
4(2399 2401 5435 5433)
4(2969 2769 5803 6003)
4(37 2668 5702 241)
4(2502 5536 5537 2503)
4(600 2711 5745 3634)
4(605 599 3633 3639)
4(605 3639 4256 1222)
4(646 3680 5782 2748)
4(664 1770 4804 3698)
4(2685 3152 6186 5719)
4(780 3814 6186 3152)
4(827 830 3864 3861)
4(829 827 3861 3863)
4(941 3975 4009 975)
4(1319 974 4008 4353)
4(974 2667 5701 4008)
4(1319 4353 5701 2667)
4(1002 1004 4038 4036)
4(1015 1342 4376 4049)
4(1046 4080 4376 1342)
4(1118 1119 4153 4152)
4(1119 1364 4398 4153)
4(1367 4401 5750 2716)
4(1302 4336 4425 1391)
4(1342 1483 4517 4376)
4(1343 4377 4517 1483)
4(1343 1342 4376 4377)
4(2438 1346 4380 5472)
4(1346 2439 5473 4380)
4(1500 4534 6033 2999)
4(1654 2999 6033 4688)
4(1591 2793 5827 4625)
4(2792 5826 5827 2793)
4(1765 1964 4998 4799)
4(1783 4817 5971 2937)
4(1953 2539 5573 4987)
4(2001 2579 5613 5035)
4(128 332 3458 424)
4(180 425 3459 384)
4(460 2738 5772 3494)
4(555 657 3691 3589)
4(560 889 3923 3594)
4(602 604 3638 3636)
4(672 671 3705 3706)
4(672 3706 3707 673)
4(684 683 3717 3718)
4(684 3718 3719 685)
4(767 2317 5351 3801)
4(688 687 3721 3722)
4(688 3722 3723 689)
4(687 689 3723 3721)
4(694 708 3742 3728)
4(708 2786 5820 3742)
4(805 806 3840 3839)
4(790 787 3821 3824)
4(842 3876 3882 848)
4(838 848 3882 3872)
4(853 848 3882 3887)
4(907 3941 5748 2714)
4(877 3911 3946 912)
4(901 2906 5940 3935)
4(966 1037 4071 4000)
4(1037 4071 4617 1583)
4(966 1583 4617 4000)
4(975 4009 5866 2832)
4(1083 1085 4119 4117)
4(1085 1086 4120 4119)
4(1083 4117 4120 1086)
4(1092 2734 5768 4126)
4(1223 1092 4126 4257)
4(1120 1324 4358 4154)
4(1204 4238 5793 2759)
4(1289 4323 4325 1291)
4(1425 4459 4460 1426)
4(1387 4421 5830 2796)
4(1324 1448 4482 4358)
4(1448 1450 4484 4482)
4(1368 1370 4404 4402)
4(1370 1569 4603 4404)
4(1368 4402 4603 1569)
4(1374 1375 4409 4408)
4(1375 1376 4410 4409)
4(1375 4409 5831 2797)
4(1376 1378 4412 4410)
4(1378 1379 4413 4412)
4(1379 1380 4414 4413)
4(1381 4415 4417 1383)
4(1382 1383 4417 4416)
4(1382 4416 5799 2765)
4(1382 1385 4419 4416)
4(1383 2765 5799 4417)
4(1383 4417 5836 2802)
4(1385 1397 4431 4419)
4(1397 1398 4432 4431)
4(1387 1825 4859 4421)
4(1398 1580 4614 4432)
4(1398 4432 4615 1581)
4(1450 1451 4485 4484)
4(1450 4484 4821 1787)
4(1491 1748 4782 4525)
4(1508 4542 4544 1510)
4(1537 1950 4984 4571)
4(1560 4594 5912 2878)
4(1560 1706 4740 4594)
4(1703 1561 4595 4737)
4(1561 1704 4738 4595)
4(1580 1879 4913 4614)
4(2759 5793 5898 2864)
4(1594 2864 5898 4628)
4(1597 2759 5793 4631)
4(1597 4631 5794 2760)
4(2759 2760 5794 5793)
4(1597 2880 5914 4631)
4(2761 5795 5914 2880)
4(2801 5835 5836 2802)
4(1706 2231 5265 4740)
4(2231 2232 5266 5265)
4(1796 1798 4832 4830)
4(1798 4832 5817 2783)
4(1801 1805 4839 4835)
4(1850 4884 6100 3066)
4(1937 1989 5023 4971)
4(2005 2006 5040 5039)
4(2981 2346 5380 6015)
4(2981 6015 6088 3054)
4(2444 2914 5948 5478)
4(2444 5478 6062 3028)
4(3060 2559 5593 6094)
4(2559 3081 6115 5593)
4(2880 2760 5794 5914)
4(2760 3093 6127 5794)
4(535 3569 6068 3034)
4(714 3034 6068 3748)
4(563 564 3598 3597)
4(564 3598 3599 565)
4(574 576 3610 3608)
4(581 582 3616 3615)
4(583 3617 5859 2825)
4(581 2972 6006 3615)
4(586 2861 5895 3620)
4(587 3621 5697 2663)
4(587 2662 5696 3621)
4(886 603 3637 3920)
4(603 2996 6030 3637)
4(886 3920 6030 2996)
4(662 665 3699 3696)
4(662 3696 3751 717)
4(777 3811 3821 787)
4(816 3850 5850 2816)
4(951 2708 5742 3985)
4(2863 5897 6214 3180)
4(931 949 3983 3965)
4(949 2836 5870 3983)
4(2596 2600 5634 5630)
4(1041 1042 4076 4075)
4(1042 1043 4077 4076)
4(1044 4078 5845 2811)
4(1093 1091 4125 4127)
4(1095 1093 4127 4129)
4(1094 4128 4132 1098)
4(1094 1095 4129 4128)
4(1094 4128 4390 1356)
4(1107 4141 4381 1347)
4(1364 4398 4399 1365)
4(1184 4218 4479 1445)
4(1188 4222 5638 2604)
4(2603 2604 5638 5637)
4(1197 1332 4366 4231)
4(1197 1201 4235 4231)
4(1197 4231 5867 2833)
4(1200 1594 4628 4234)
4(1201 1203 4237 4235)
4(1203 1325 4359 4237)
4(1204 1597 4631 4238)
4(1205 1221 4255 4239)
4(1221 2779 5813 4255)
4(1334 4368 5795 2761)
4(1592 1230 4264 4626)
4(1592 4626 4650 1616)
4(1230 1616 4650 4264)
4(1258 2050 5084 4292)
4(1334 1609 4643 4368)
4(1573 1574 4608 4607)
4(1357 4391 5744 2710)
4(1365 4399 4402 1368)
4(2716 2812 5846 5750)
4(2674 5708 5929 2895)
4(1914 3073 6107 4948)
4(1518 4552 4940 1906)
4(1699 4733 4852 1818)
4(1556 1818 4852 4590)
4(1571 1902 4936 4605)
4(1903 1571 4605 4937)
4(1574 1751 4785 4608)
4(1575 4609 4785 1751)
4(2605 3087 6121 5639)
4(1577 4611 6121 3087)
4(2039 5073 5741 2707)
4(1585 4619 5803 2769)
4(1776 4810 5800 2766)
4(1776 1892 4926 4810)
4(1804 4838 6044 3010)
4(2001 1825 4859 5035)
4(1888 2040 5074 4922)
4(2885 2941 5975 5919)
4(2834 2461 5495 5868)
4(2791 5825 5870 2836)
4(2907 3118 6152 5941)
4(3097 6131 6152 3118)
4(3097 2907 5941 6131)
4(166 370 3479 445)
4(167 445 3479 371)
4(535 534 3568 3569)
4(537 3571 3572 538)
4(540 3574 3822 788)
4(545 3579 3580 546)
4(546 548 3582 3580)
4(547 546 3580 3581)
4(1786 2742 5776 4820)
4(550 3584 3585 551)
4(549 551 3585 3583)
4(550 3584 3586 552)
4(550 2743 5777 3584)
4(657 3691 5778 2744)
4(587 3621 5659 2625)
4(579 3011 6045 3613)
4(2972 579 3613 6006)
4(582 3616 3618 584)
4(1331 4365 5616 2582)
4(593 592 3626 3627)
4(593 3627 3631 597)
4(597 3631 3635 601)
4(613 2648 5682 3647)
4(654 3688 3696 662)
4(662 2606 5640 3696)
4(732 773 3807 3766)
4(735 737 3771 3769)
4(735 738 3772 3769)
4(737 2854 5888 3771)
4(773 791 3825 3807)
4(1447 2749 5783 4481)
4(1011 2694 5728 4045)
4(2875 5909 5965 2931)
4(1065 1067 4101 4099)
4(1097 4131 4133 1099)
4(1096 1099 4133 4130)
4(1127 4161 4262 1228)
4(1594 4628 5692 2658)
4(1230 1228 4262 4264)
4(1230 4264 5598 2564)
4(1231 2754 5788 4265)
4(1241 4275 4276 1242)
4(1347 4381 5980 2946)
4(1491 2946 5980 4525)
4(1358 4392 4586 1552)
4(1598 2659 5693 4632)
4(1373 2763 5797 4407)
4(2797 2798 5832 5831)
4(1375 4409 5832 2798)
4(1378 1380 4414 4412)
4(1378 2764 5798 4412)
4(1386 2764 5798 4420)
4(1381 4415 4594 1560)
4(1398 4432 5038 2004)
4(1404 4438 6253 3219)
4(3196 3219 6253 6230)
4(1404 3196 6230 4438)
4(1405 2968 6002 4439)
4(1450 4484 4822 1788)
4(1788 2796 5830 4822)
4(1457 1458 4492 4491)
4(1458 1459 4493 4492)
4(1457 4491 4493 1459)
4(1483 1487 4521 4517)
4(1483 4517 4943 1909)
4(1517 1516 4550 4551)
4(1516 2948 5982 4550)
4(1560 4594 4737 1703)
4(1703 1706 4740 4737)
4(1578 4612 5863 2829)
4(1581 2006 5040 4615)
4(2006 5040 5670 2636)
4(1629 1630 4664 4663)
4(1628 4662 4664 1630)
4(1630 4664 4934 1900)
4(1631 1630 4664 4665)
4(1630 1632 4666 4664)
4(2071 5105 5355 2321)
4(1706 4740 5264 2230)
4(1841 2943 5977 4875)
4(1993 5027 5880 2846)
4(1788 4822 5868 2834)
4(1788 2461 5495 4822)
4(1819 1818 4852 4853)
4(1818 1820 4854 4852)
4(1830 2962 5996 4864)
4(1856 4890 4916 1882)
4(1857 1882 4916 4891)
4(1881 4915 5914 2880)
4(1962 4996 5213 2179)
4(2684 1993 5027 5718)
4(1993 2872 5906 5027)
4(2004 2801 5835 5038)
4(2010 2011 5045 5044)
4(2433 2944 5978 5467)
4(2442 2444 5478 5476)
4(2443 5477 5478 2444)
4(2603 5637 5936 2902)
4(2760 5794 5898 2864)
4(2442 5476 5948 2914)
4(474 3508 6141 3107)
4(560 3594 5947 2913)
4(562 2913 5947 3596)
4(588 2856 5890 3622)
4(2582 5616 5890 2856)
4(601 3635 3920 886)
4(616 629 3663 3650)
4(614 3648 3663 629)
4(648 3682 5899 2865)
4(1756 2865 5899 4790)
4(700 701 3735 3734)
4(702 2532 5566 3736)
4(704 705 3739 3738)
4(871 3905 5959 2925)
4(716 3750 3763 729)
4(752 769 3803 3786)
4(870 3904 5761 2727)
4(953 3987 5874 2840)
4(2857 5891 5946 2912)
4(927 952 3986 3961)
4(952 2751 5785 3986)
4(929 3963 3964 930)
4(1041 2836 5870 4075)
4(2772 5806 5873 2839)
4(953 2839 5873 3987)
4(2679 970 4004 5713)
4(1043 4077 4078 1044)
4(1067 4101 5943 2909)
4(1104 4138 5857 2823)
4(1106 2823 5857 4140)
4(1315 4349 5956 2922)
4(1116 3020 6054 4150)
4(1133 4167 4867 1833)
4(1134 2966 6000 4168)
4(1760 2491 5525 4794)
4(1138 4172 5525 2491)
4(1317 1835 4869 4351)
4(1173 4207 4869 1835)
4(1442 2887 5921 4476)
4(1332 4366 5867 2833)
4(1203 4237 4239 1205)
4(1591 4625 4626 1592)
4(1591 1230 4264 4625)
4(1835 4869 4870 1836)
4(1808 4842 5867 2833)
4(1336 4370 5813 2779)
4(1351 3088 6122 4385)
4(1530 4564 6122 3088)
4(1356 4390 5001 1967)
4(1550 1967 5001 4584)
4(1386 4420 5834 2800)
4(1442 4476 5025 1991)
4(1504 4538 6146 3112)
4(1515 1513 4547 4549)
4(1515 4549 4550 1516)
4(1513 1516 4550 4547)
4(1515 4549 6046 3012)
4(1518 3012 6046 4552)
4(1524 4558 5094 2060)
4(1540 1669 4703 4574)
4(2374 3140 6174 5408)
4(1902 4936 4937 1903)
4(1584 2963 5997 4618)
4(1592 4626 4651 1617)
4(1848 2770 5804 4882)
4(1875 4909 4915 1881)
4(1616 2044 5078 4650)
4(2043 5077 5078 2044)
4(1624 4658 4660 1626)
4(1624 2976 6010 4658)
4(1626 4660 4662 1628)
4(1901 4935 5807 2773)
4(1645 4679 5099 2065)
4(1771 2753 5787 4805)
4(1877 1892 4926 4911)
4(2833 3072 6106 5867)
4(1833 2995 6029 4867)
4(2966 1833 4867 6000)
4(1835 4869 4871 1837)
4(1836 1837 4871 4870)
4(1836 4870 6072 3038)
4(1839 3038 6072 4873)
4(1836 1839 4873 4870)
4(1886 4920 5076 2042)
4(1858 4892 5103 2069)
4(1957 2069 5103 4991)
4(2066 2078 5112 5100)
4(2694 1987 5021 5728)
4(2012 2998 6032 5046)
4(2984 2012 5046 6018)
4(2984 6018 6032 2998)
4(2019 5053 5055 2021)
4(2250 5284 5286 2252)
4(2251 2252 5286 5285)
4(2471 5505 5508 2474)
4(2518 5552 6079 3045)
4(2772 2976 6010 5806)
4(3123 6157 6163 3129)
4(2784 3129 6163 5818)
4(3123 2784 5818 6157)
4(2792 5826 5828 2794)
4(509 3543 3545 511)
4(549 3110 6144 3583)
4(551 3585 6144 3110)
4(650 658 3692 3684)
4(659 3693 3701 667)
4(658 667 3701 3692)
4(716 3750 5783 2749)
4(805 3839 3892 858)
4(819 821 3855 3853)
4(821 1163 4197 3855)
4(819 3853 4197 1163)
4(873 896 3930 3907)
4(1018 4052 4112 1078)
4(954 1078 4112 3988)
4(1226 1478 4512 4260)
4(1262 1260 4294 4296)
4(1307 1428 4462 4341)
4(1307 4341 4637 1603)
4(1612 4646 4921 1887)
4(1785 2055 5089 4819)
4(1824 4858 6027 2993)
4(2943 2993 6027 5977)
4(2023 3162 6196 5057)
4(3059 2023 5057 6093)
4(3183 3311 6345 6217)
4(2312 5346 6136 3102)
4(3236 2360 5394 6270)
4(2360 3281 6315 5394)
4(2605 3173 6207 5639)
4(527 3561 3563 529)
4(594 3628 3630 596)
4(609 612 3646 3643)
4(609 628 3662 3643)
4(623 626 3660 3657)
4(626 650 3684 3660)
4(651 3105 6139 3685)
4(627 3661 6139 3105)
4(1827 4861 5869 2835)
4(647 2613 5647 3681)
4(647 2865 5899 3681)
4(647 3681 5900 2866)
4(661 2617 5651 3695)
4(670 3704 3706 672)
4(1471 672 3706 4505)
4(681 2510 5544 3715)
4(2510 2511 5545 5544)
4(688 3722 3724 690)
4(689 690 3724 3723)
4(688 2690 5724 3722)
4(767 3801 5724 2690)
4(694 3728 3730 696)
4(699 700 3734 3733)
4(698 3732 3734 700)
4(699 701 3735 3733)
4(702 3736 3738 704)
4(703 704 3738 3737)
4(718 705 3739 3752)
4(718 3752 5821 2787)
4(722 2788 5822 3756)
4(757 758 3792 3791)
4(757 759 3793 3791)
4(791 3825 3924 890)
4(815 3849 6075 3041)
4(1193 2868 5902 4227)
4(852 882 3916 3886)
4(957 979 4013 3991)
4(992 4026 4028 994)
4(995 996 4030 4029)
4(1150 994 4028 4184)
4(1009 1010 4044 4043)
4(1010 1011 4045 4044)
4(1016 1028 4062 4050)
4(1028 4062 5894 2860)
4(1035 1610 4644 4069)
4(1232 1243 4277 4266)
4(1075 4109 4277 1243)
4(1305 4339 4427 1393)
4(1124 4158 4367 1333)
4(1124 3025 6059 4158)
4(2483 5517 6059 3025)
4(1127 4161 4264 1230)
4(1351 4385 5617 2583)
4(1478 4512 5988 2954)
4(1616 4650 5598 2564)
4(1241 1247 4281 4275)
4(1268 1638 4672 4302)
4(1638 2736 5770 4672)
4(1359 4393 5879 2845)
4(3094 3181 6215 6128)
4(1436 3094 6128 4470)
4(1436 4470 6215 3181)
4(1562 4596 4597 1563)
4(1660 4694 4695 1661)
4(1530 1661 4695 4564)
4(1557 3026 6060 4591)
4(1810 4844 6003 2969)
4(1589 1590 4624 4623)
4(1612 4646 6059 3025)
4(1887 3025 6059 4921)
4(2104 1661 4695 5138)
4(1668 4702 5205 2171)
4(1709 1916 4950 4743)
4(1916 1986 5020 4950)
4(1709 4743 5020 1986)
4(1712 1713 4747 4746)
4(1713 1714 4748 4747)
4(1718 4752 4754 1720)
4(1731 4765 4767 1733)
4(1737 1738 4772 4771)
4(1738 1739 4773 4772)
4(1739 1740 4774 4773)
4(1851 4885 4887 1853)
4(2530 5564 6100 3066)
4(1852 3066 6100 4886)
4(1867 4901 6055 3021)
4(1871 2302 5336 4905)
4(2040 5074 5333 2299)
4(1939 4973 5125 2091)
4(2013 2998 6032 5047)
4(2013 5047 5482 2448)
4(2184 3308 6342 5218)
4(2340 2341 5375 5374)
4(2339 5373 5375 2341)
4(2340 2803 5837 5374)
4(2341 5375 5837 2803)
4(2414 2340 5374 5448)
4(2414 2803 5837 5448)
4(2399 2400 5434 5433)
4(2402 2404 5438 5436)
4(2609 2635 5669 5643)
4(2918 5952 6016 2982)
4(618 1217 4251 3652)
4(619 3653 4251 1217)
4(618 1218 4252 3652)
4(622 1436 4470 3656)
4(624 3658 4003 969)
4(627 969 4003 3661)
4(738 2750 5784 3772)
4(2665 757 3791 5699)
4(860 3894 6124 3090)
4(932 2908 5942 3966)
4(895 957 3991 3929)
4(956 895 3929 3990)
4(933 3967 3968 934)
4(936 1480 4514 3970)
4(968 3158 6192 4002)
4(3157 6191 6192 3158)
4(981 4015 4353 1319)
4(1337 4371 5984 2950)
4(987 2950 5984 4021)
4(990 4024 4025 991)
4(990 4024 4026 992)
4(1047 1403 4437 4081)
4(1152 2860 5894 4186)
4(2822 3076 6110 5856)
4(1337 2380 5414 4371)
4(2379 5413 5414 2380)
4(2046 2047 5081 5080)
4(1478 1811 4845 4512)
4(1557 4591 4845 1811)
4(1529 1606 4640 4563)
4(1605 4639 4640 1606)
4(1693 1695 4729 4727)
4(2721 2722 5756 5755)
4(1866 2313 5347 4900)
4(2394 5428 5431 2397)
4(2398 2399 5433 5432)
4(18 2661 5695 222)
4(442 3476 5695 2661)
4(501 1651 4685 3535)
4(499 3533 4685 1651)
4(519 3553 3555 521)
4(867 3901 5660 2626)
4(626 1161 4195 3660)
4(645 2865 5899 3679)
4(698 3732 5926 2892)
4(718 2803 5837 3752)
4(759 2665 5699 3793)
4(833 2561 5595 3867)
4(791 3825 3925 891)
4(894 3928 3929 895)
4(860 895 3929 3894)
4(884 1159 4193 3918)
4(882 915 3949 3916)
4(921 3955 3956 922)
4(918 922 3956 3952)
4(941 3024 6058 3975)
4(923 922 3956 3957)
4(922 950 3984 3956)
4(950 1860 4894 3984)
4(1860 2027 5061 4894)
4(981 4015 5749 2715)
4(1319 2715 5749 4353)
4(2048 2837 5871 5082)
4(1258 4292 5871 2837)
4(1159 1985 5019 4193)
4(1159 4193 5334 2300)
4(1264 4298 4671 1637)
4(1460 1641 4675 4494)
4(1462 2688 5722 4496)
4(1685 2697 5731 4719)
4(1486 4520 5731 2697)
4(1486 1916 4950 4520)
4(1532 1999 5033 4566)
4(2659 5693 6115 3081)
4(1691 1693 4727 4725)
4(1908 4942 6270 3236)
4(1916 2318 5352 4950)
4(1986 5020 6042 3008)
4(21 225 5738 2704)
4(505 3539 3541 507)
4(1418 1662 4696 4452)
4(1418 4452 6153 3119)
4(2052 5086 5087 2053)
4(1649 2080 5114 4683)
4(1932 4966 5110 2076)
4(1932 1931 4965 4966)
4(1931 2076 5110 4965)
4(2017 3052 6086 5051)
4(2020 5054 6086 3052)
4(3243 2455 5489 6277)
4(3243 6277 6303 3269)
4(2662 5696 6056 3022)
4(1823 2844 5878 4857)
4(732 3766 5878 2844)
4(830 968 4002 3864)
4(831 3865 3917 883)
4(852 3886 6043 3009)
4(1141 4175 5931 2897)
4(1141 1441 4475 4175)
4(1146 4180 4182 1148)
4(1266 4300 5968 2934)
4(1264 2934 5968 4298)
4(1323 1634 4668 4357)
4(1658 2653 5687 4692)
4(1925 2081 5115 4959)
4(2020 2281 5315 5054)
4(2034 3074 6108 5068)
4(2729 5763 6108 3074)
4(2846 5880 5906 2872)
4(830 3864 6192 3158)
4(833 3867 4714 1680)
4(874 2869 5903 3908)
4(1067 1111 4145 4101)
4(1137 2491 5525 4171)
4(1146 4180 4241 1207)
4(1255 4289 4452 1418)
4(1417 1418 4452 4451)
4(1257 4291 4293 1259)
4(2050 5084 5871 2837)
4(1323 4357 6107 3073)
4(1410 1497 4531 4444)
4(1666 1665 4699 4700)
4(1857 3035 6069 4891)
4(1857 4891 6126 3092)
4(2100 2101 5135 5134)
4(2281 2563 5597 5315)
4(532 3566 5877 2843)
4(1057 2903 5937 4091)
4(1108 4142 5937 2903)
4(1296 4330 5707 2673)
4(1364 4398 4611 1577)
4(1365 1577 4611 4399)
4(1445 4479 6096 3062)
4(2753 3062 6096 5787)
4(2814 2978 6012 5848)
4(1676 1872 4906 4710)
4(2491 5525 5599 2565)
4(2518 2962 5996 5552)
4(2864 3056 6090 5898)
4(2709 1900 4934 5743)
4(2709 5743 6246 3212)
4(1900 4934 6255 3221)
4(2709 3221 6255 5743)
4(2177 2178 5212 5211)
4(2584 3122 6156 5618)
4(2603 2605 5639 5637)
4(3014 3071 6105 6048)
4(2763 3014 6048 5797)
4(2763 5797 6105 3071)
4(510 3544 6050 3016)
4(1074 818 3852 4108)
4(818 2990 6024 3852)
4(824 2991 6025 3858)
4(826 3860 3863 829)
4(2754 1096 4130 5788)
4(1097 4131 4134 1100)
4(1101 1102 4136 4135)
4(1107 4141 4612 1578)
4(1206 2488 5522 4240)
4(2487 5521 5522 2488)
4(1893 3159 6193 4927)
4(1614 4648 6193 3159)
4(1663 2100 5134 4697)
4(2742 5776 6071 3037)
4(1822 1868 4902 4856)
4(1840 2852 5886 4874)
4(1840 4874 6026 2992)
4(1846 2222 5256 4880)
4(1868 2490 5524 4902)
4(2076 2077 5111 5110)
4(1940 1942 4976 4974)
4(1943 4977 5123 2089)
4(2557 5591 5969 2935)
4(2558 2935 5969 5592)
4(531 3565 3567 533)
4(533 3567 3569 535)
4(576 3610 6045 3011)
4(647 2997 6031 3681)
4(814 3848 3849 815)
4(2420 5454 5915 2881)
4(1030 2881 5915 4064)
4(1178 3058 6092 4212)
4(1031 4065 6092 3058)
4(1049 2961 5995 4083)
4(1068 2731 5765 4102)
4(1140 1310 4344 4174)
4(1207 4241 4243 1209)
4(1633 3007 6041 4667)
4(1503 1506 4540 4537)
4(1754 4788 5562 2528)
4(1839 1838 4872 4873)
4(1851 4885 5207 2173)
4(485 2580 5614 3519)
4(818 819 3853 3852)
4(817 3851 3853 819)
4(820 3854 4108 1074)
4(820 818 3852 3854)
4(819 820 3854 3853)
4(821 3855 3857 823)
4(826 828 3862 3860)
4(825 3859 3862 828)
4(995 997 4031 4029)
4(1190 3122 6156 4224)
4(1260 1261 4295 4294)
4(1289 4323 4450 1416)
4(1419 4453 5371 2337)
4(2025 5059 6022 2988)
4(1607 2988 6022 4641)
4(1660 2104 5138 4694)
4(1731 4765 5000 1966)
4(1733 1966 5000 4767)
4(1917 2277 5311 4951)
4(1993 2461 5495 5027)
4(2073 2075 5109 5107)
4(2936 3108 6142 5970)
4(2379 2381 5415 5413)
4(2381 2382 5416 5415)
4(2402 2952 5986 5436)
4(2910 3106 6140 5944)
4(164 2738 5772 368)
4(821 2482 5516 3855)
4(1163 4197 5516 2482)
4(895 979 4013 3929)
4(1044 1126 4160 4078)
4(1840 1209 4243 4874)
4(1840 4874 5884 2850)
4(1243 4277 5987 2953)
4(1289 2894 5928 4323)
4(2380 5414 5984 2950)
4(1343 4377 4718 1684)
4(1483 1684 4718 4517)
4(1662 1417 4451 4696)
4(1417 1663 4697 4451)
4(1693 1880 4914 4727)
4(1771 2993 6027 4805)
4(2753 5787 6027 2993)
4(1941 1944 4978 4975)
4(2191 5225 6095 3061)
4(2256 2257 5291 5290)
4(2373 3296 6330 5407)
4(19 223 5695 2661)
4(630 3664 6169 3135)
4(747 3065 6099 3781)
4(805 3839 5979 2945)
4(922 1860 4894 3956)
4(1583 2716 5750 4617)
4(1178 4212 4341 1307)
4(1207 4241 4874 1840)
4(1229 3278 6312 4263)
4(3271 1229 4263 6305)
4(1261 1262 4296 4295)
4(1285 1346 4380 4319)
4(1514 4548 4549 1515)
4(1514 3012 6046 4548)
4(2359 5393 6046 3012)
4(1742 2974 6008 4776)
4(1843 4877 6136 3102)
4(2448 2998 6032 5482)
4(2274 5308 5310 2276)
4(837 3871 5450 2416)
4(1191 3005 6039 4225)
4(2909 5943 6039 3005)
4(1269 1271 4305 4303)
4(1427 1428 4462 4461)
4(1556 4590 5956 2922)
4(1427 4461 4707 1673)
4(1696 1697 4731 4730)
4(1840 4874 5885 2851)
4(2009 3030 6064 5043)
4(2988 3141 6175 6022)
4(2025 5059 6175 3141)
4(2296 2964 5998 5330)
4(3110 2490 5524 6144)
4(2490 3192 6226 5524)
4(2735 3045 6079 5769)
4(3029 2735 5769 6063)
4(170 374 5570 2536)
4(1216 4250 5782 2748)
4(820 3854 6158 3124)
4(1074 3124 6158 4108)
4(943 2035 5069 3977)
4(1097 4131 5518 2484)
4(1358 3005 6039 4392)
4(1350 4384 5445 2411)
4(2308 5342 5489 2455)
4(1870 3083 6117 4904)
4(1870 4904 6176 3142)
4(1873 2063 5097 4907)
4(2062 5096 5097 2063)
4(2034 3014 6048 5068)
4(3014 3074 6108 6048)
4(2594 3183 6217 5628)
4(1116 4150 6069 3035)
4(1227 3103 6137 4261)
4(1227 4261 6152 3118)
4(3103 3118 6152 6137)
4(1250 4284 6005 2971)
4(1263 4297 4299 1265)
4(1638 1266 4300 4672)
4(1638 4672 5968 2934)
4(1333 4367 6059 3025)
4(2499 3117 6151 5533)
4(2755 2757 5791 5789)
4(1862 4896 5791 2757)
4(1946 2538 5572 4980)
4(2035 3058 6092 5069)
4(3058 3101 6135 6092)
4(3151 6185 6188 3154)
4(3151 2711 5745 6185)
4(2711 3154 6188 5745)
4(165 369 5772 2738)
4(1030 4064 6212 3178)
4(2315 3178 6212 5349)
4(1283 4317 5922 2888)
4(2064 2946 5980 5098)
4(1823 2977 6011 4857)
4(2949 3105 6139 5983)
4(724 3043 6077 3758)
4(2315 5349 6265 3231)
4(1111 2755 5789 4145)
4(2849 5883 6076 3042)
4(1217 4251 6051 3017)
4(2591 3017 6051 5625)
4(1831 4865 5445 2411)
4(1538 1950 4984 4572)
4(1835 4869 6004 2970)
4(2770 5804 6061 3027)
4(1945 1954 4988 4979)
4(2040 3155 6189 5074)
4(509 2957 5991 3543)
4(1187 4221 5991 2957)
4(893 3927 5920 2886)
4(1022 4056 5952 2918)
4(1255 4289 4453 1419)
4(1939 3161 6195 4973)
4(1527 4561 6195 3161)
4(1576 3099 6133 4610)
4(2895 5929 6133 3099)
4(1737 1736 4770 4771)
4(1769 2463 5497 4803)
4(2271 5305 5307 2273)
4(2380 2381 5415 5414)
4(2381 5415 6280 3246)
4(2381 3214 6248 5415)
4(3214 3246 6280 6248)
4(619 3653 6051 3017)
4(1278 1279 4313 4312)
4(1279 1280 4314 4313)
4(1279 4313 4315 1281)
4(1279 2876 5910 4313)
4(1432 2719 5753 4466)
4(1502 4536 4990 1956)
4(1538 1952 4986 4572)
4(1921 2999 6033 4955)
4(2118 2539 5573 5152)
4(1954 2119 5153 4988)
4(2394 5428 6101 3067)
4(2677 5711 6112 3078)
4(2868 3078 6112 5902)
4(2816 3145 6179 5850)
4(2990 2816 5850 6024)
4(798 3002 6036 3832)
4(1610 4644 5924 2890)
4(1429 2565 5599 4463)
4(1871 3086 6120 4905)
4(1875 3116 6150 4909)
4(1875 4909 6165 3131)
4(3116 3131 6165 6150)
4(2325 5359 6238 3204)
4(2715 3204 6238 5749)
4(2345 2929 5963 5379)
4(2345 5379 6084 3050)
4(3002 3050 6084 6036)
4(735 2750 5784 3769)
4(2886 3061 6095 5920)
4(1355 2422 5456 4389)
4(1356 4390 5768 2734)
4(1364 4398 6121 3087)
4(1425 4459 5468 2434)
4(1532 3004 6038 4566)
4(1583 3069 6103 4617)
4(2716 5750 6103 3069)
4(1854 4888 6097 3063)
4(2016 3052 6086 5050)
4(2913 3006 6040 5947)
4(2579 5613 6040 3006)
4(2635 3181 6215 5669)
4(626 3150 6184 3660)
4(1193 4227 5942 2908)
4(933 3967 5949 2915)
4(2719 1755 4789 5753)
4(1765 1976 5010 4799)
4(2749 2925 5959 5783)
4(1011 4045 4375 1341)
4(1011 1009 4043 4045)
4(1009 1341 4375 4043)
4(1107 4141 5863 2829)
4(1423 4457 4700 1666)
4(2835 3104 6138 5869)
4(1841 4875 6096 3062)
4(2770 3062 6096 5804)
4(2721 5755 5997 2963)
4(2822 5856 6065 3031)
4(2906 3031 6065 5940)
4(739 2854 5888 3773)
4(1816 3185 6219 4850)
4(622 3094 6128 3656)
4(733 3767 6077 3043)
4(822 2991 6025 3856)
4(1111 2757 5791 4145)
4(1172 4206 5934 2900)
4(1325 4359 6032 2998)
4(1325 2984 6018 4359)
4(1368 4402 6087 3053)
4(1646 4680 5925 2891)
4(1628 4662 4665 1631)
4(2851 2852 5886 5885)
4(2993 6027 6096 3062)
4(2993 1841 4875 6027)
4(1943 1944 4978 4977)
4(1943 1945 4979 4977)
4(2066 2096 5130 5100)
4(2078 5112 5130 2096)
4(2389 3287 6321 5423)
4(2386 5420 6321 3287)
4(201 2645 5679 405)
4(3202 3220 6254 6236)
4(708 3742 6254 3220)
4(708 3202 6236 3742)
4(966 2714 5748 4000)
4(992 1150 4184 4026)
4(1150 3114 6148 4184)
4(992 4026 6148 3114)
4(3039 6073 6096 3062)
4(3039 1445 4479 6073)
4(1861 2699 5733 4895)
4(583 3070 6104 3617)
4(2917 852 3886 5951)
4(943 3058 6092 3977)
4(1084 4118 6102 3068)
4(2927 3068 6102 5961)
4(1278 1280 4314 4312)
4(1937 1750 4784 4971)
4(3264 3269 6303 6298)
4(1813 2973 6007 4847)
4(2206 1813 4847 5240)
4(23 227 5739 2705)
4(806 3840 5979 2945)
4(864 3898 6001 2967)
4(854 3888 6084 3050)
4(983 4017 6125 3091)
4(985 2950 5984 4019)
4(2460 5494 6200 3166)
4(1709 4743 6042 3008)
4(3025 6059 6137 3103)
4(1887 3103 6137 4921)
4(2167 3211 6245 5201)
4(2169 5203 6245 3211)
4(786 840 3874 3820)
4(1361 2731 5765 4395)
4(1094 2734 5768 4128)
4(1203 4237 6018 2984)
4(1414 3003 6037 4448)
4(1934 4968 5102 2068)
4(2067 2068 5102 5101)
4(2411 5445 5915 2881)
4(2483 5517 6137 3103)
4(914 2679 5713 3948)
4(932 2907 5941 3966)
4(2907 2908 5942 5941)
4(2708 5742 5743 2709)
4(951 2709 5743 3985)
4(1059 2903 5937 4093)
4(1089 2829 5863 4123)
4(1182 3131 6165 4216)
4(2856 5890 6165 3131)
4(1194 4228 6073 3039)
4(1184 3039 6073 4218)
4(1635 4669 6041 3007)
4(1365 3053 6087 4399)
4(1593 3029 6063 4627)
4(1765 4799 6085 3051)
4(1763 3051 6085 4797)
4(1797 4831 5962 2928)
4(1820 4854 6054 3020)
4(2042 5076 6243 3209)
4(20 2704 5738 224)
4(483 3517 5738 2704)
4(2285 5319 6221 3187)
4(867 2711 5745 3901)
4(1827 2685 5719 4861)
4(745 3139 6173 3779)
4(749 3065 6099 3783)
4(1101 2911 5945 4135)
4(1173 2823 5857 4207)
4(1310 4344 5911 2877)
4(1169 4203 6071 3037)
4(3036 1169 4203 6070)
4(1254 4288 6264 3230)
4(1594 3056 6090 4628)
4(2652 2653 5687 5686)
4(1822 3047 6081 4856)
4(1868 4902 6081 3047)
4(2823 1835 4869 5857)
4(1874 4908 6188 3154)
4(1874 3151 6185 4908)
4(3204 6238 6295 3261)
4(3204 1895 4929 6238)
4(1895 3261 6295 4929)
4(1907 3117 6151 4941)
4(3071 2032 5066 6105)
4(3071 6105 6130 3096)
4(2032 3096 6130 5066)
4(2034 3071 6105 5068)
4(2770 3039 6073 5804)
4(177 381 6168 3134)
4(2457 3028 6062 5491)
4(791 2910 5944 3825)
4(796 3002 6036 3830)
4(3027 6061 6073 3039)
4(2780 2877 5911 5814)
4(1828 3141 6175 4862)
4(2988 1828 4862 6022)
4(1886 3191 6225 4920)
4(3254 3257 6291 6288)
4(1890 3254 6288 4924)
4(1890 4924 6291 3257)
4(2932 3052 6086 5966)
4(2064 2975 6009 5098)
4(2418 3059 6093 5452)
4(2748 3133 6167 5782)
4(2748 5782 6170 3136)
4(3133 3136 6170 6167)
4(2630 2906 5940 5664)
4(1018 2898 5932 4052)
4(2630 5664 6064 3030)
4(1552 3005 6039 4586)
4(1427 2838 5872 4461)
4(1545 2973 6007 4579)
4(1785 2718 5752 4819)
4(2055 5089 5752 2718)
4(1905 4939 5364 2330)
4(2041 5075 6131 3097)
4(3078 3097 6131 6112)
4(22 2705 5739 226)
4(434 3468 5739 2705)
4(780 3133 6167 3814)
4(935 2907 5941 3969)
4(1244 2911 5945 4278)
4(2907 1227 4261 5941)
4(2607 3102 6136 5641)
4(1373 4407 6048 3014)
4(2659 3014 6048 5693)
4(1619 4653 6017 2983)
4(1628 2771 5805 4662)
4(2685 5719 6197 3163)
4(2037 3268 6302 5071)
4(2037 5071 6313 3279)
4(2325 5359 6295 3261)
4(3253 6287 6297 3263)
4(3253 2586 5620 6287)
4(2586 3263 6297 5620)
4(1785 2937 5971 4819)
4(1898 4932 6299 3265)
4(3104 3171 6205 6138)
4(2677 5711 6189 3155)
4(3195 597 3631 6229)
4(3195 6229 6306 3272)
4(597 3272 6306 3631)
4(1259 4293 6038 3004)
4(2974 3019 6053 6008)
4(2339 5373 6160 3126)
4(2341 3126 6160 5375)
4(2402 3317 6351 5436)
4(3317 3324 6358 6351)
4(2402 5436 6358 3324)
4(167 3107 6141 371)
4(533 3567 6068 3034)
4(543 3577 6149 3115)
4(624 3658 6128 3094)
4(1637 2934 5968 4671)
4(2596 5630 6159 3125)
4(2884 5918 6146 3112)
4(1099 4133 5788 2754)
4(1144 2992 6026 4178)
4(2534 1144 4178 5568)
4(1401 4435 6005 2971)
4(1976 3051 6085 5010)
4(2055 2073 5107 5089)
4(2538 3144 6178 5572)
4(1047 2715 5749 4081)
4(679 2510 5544 3713)
4(3178 1893 4927 6212)
4(1893 3241 6275 4927)
4(2449 5483 6162 3128)
4(2451 3128 6162 5485)
4(2832 5866 6058 3024)
4(1253 4287 6037 3003)
4(1314 4348 6023 2989)
4(1547 4581 6023 2989)
4(1957 4991 5938 2904)
4(2882 2903 5937 5916)
4(1564 4598 6111 3077)
4(1732 4766 6123 3089)
4(1730 3089 6123 4764)
4(2281 5315 6086 3052)
4(2308 5342 6277 3243)
4(1884 4918 6161 3127)
4(2024 3162 6196 5058)
4(2431 3115 6149 5465)
4(2935 5969 6103 3069)
4(168 372 6141 3107)
4(753 2510 5544 3787)
4(1543 4577 5923 2889)
4(2205 1813 4847 5239)
4(1878 3123 6157 4912)
4(1878 4912 6163 3129)
4(2671 3110 6144 5705)
4(891 2910 5944 3925)
4(1063 3033 6067 4097)
4(1206 3041 6075 4240)
4(1331 3113 6147 4365)
4(1881 3116 6150 4915)
4(741 3122 6156 3775)
4(3059 1161 4195 6093)
4(3059 6093 6240 3206)
4(1831 4865 5915 2881)
4(819 2598 5632 3853)
4(1688 2936 5970 4722)
4(2314 5348 6316 3282)
4(2465 3264 6298 5499)
4(2712 5746 6129 3095)
4(2847 3095 6129 5881)
4(3031 3076 6110 6065)
4(537 3571 3573 539)
4(583 3617 6127 3093)
4(854 3002 6036 3888)
4(1441 4475 5931 2897)
4(1441 2688 5722 4475)
4(1528 4562 6206 3172)
4(1854 3146 6180 4888)
4(1889 4923 6180 3146)
4(2030 3111 6145 5064)
4(3096 6130 6145 3111)
4(3096 2030 5064 6130)
4(541 3223 6257 3575)
4(2373 5407 6151 3117)
4(3195 2474 5508 6229)
4(3195 6229 6258 3224)
4(3152 6186 6197 3163)
4(511 3545 5991 2957)
4(3225 3278 6312 6259)
4(699 3225 6259 3733)
4(699 3733 6312 3278)
4(795 2940 5974 3829)
4(1754 2910 5944 4788)
4(1601 3096 6130 4635)
4(1602 4636 6130 3096)
4(1844 3148 6182 4878)
4(3148 3174 6208 6182)
4(1844 4878 6208 3174)
4(2009 5043 6110 3076)
4(1673 2838 5872 4707)
4(2697 5731 6360 3326)
4(1758 4792 6047 3013)
4(2460 3013 6047 5494)
4(2812 5846 6103 3069)
4(2849 5883 6244 3210)
4(52 256 5849 2815)
4(623 3657 6184 3150)
4(2812 3060 6094 5846)
4(2330 2331 5365 5364)
4(3034 3249 6283 6068)
4(2331 3034 6068 5365)
4(922 3023 6057 3956)
4(1178 3101 6135 4212)
4(1649 4683 6153 3119)
4(1601 3071 6105 4635)
4(1939 4973 5126 2092)
4(3120 3181 6215 6154)
4(451 3485 5681 2647)
4(1656 1911 4945 4690)
4(502 2841 5875 3536)
4(504 3538 5875 2841)
4(2599 2870 5904 5633)
4(1009 4043 5717 2683)
4(3133 6167 6186 3152)
4(1207 4241 6026 2992)
4(1216 4250 6170 3136)
4(2873 3081 6115 5907)
4(2873 5907 6108 3074)
4(422 2643 5677 3456)
4(2642 5676 5677 2643)
4(616 3135 6169 3650)
4(822 3856 6158 3124)
4(863 3897 6129 3095)
4(942 3058 6092 3976)
4(1328 2950 5984 4362)
4(1078 2898 5932 4112)
4(1661 4695 6122 3088)
4(1163 2598 5632 4197)
4(1182 3151 6185 4216)
4(3131 6165 6185 3151)
4(2031 3111 6145 5065)
4(2382 5416 6280 3246)
4(2533 3257 6291 5567)
4(3254 2533 5567 6288)
4(2994 2542 5576 6028)
4(2542 3164 6198 5576)
4(976 4010 6276 3242)
4(1257 4291 6038 3004)
4(1325 4359 6106 3072)
4(2998 3072 6106 6032)
4(1366 4400 6121 3087)
4(3015 3308 6342 6049)
4(1349 2960 5994 4383)
4(1843 3100 6134 4877)
4(1847 3180 6214 4881)
4(1846 4880 6214 3180)
4(3082 6116 6198 3164)
4(2045 5079 6331 3297)
4(2045 3080 6114 5079)
4(2367 3270 6304 5401)
4(2902 3173 6207 5936)
4(2603 5637 6207 3173)
4(2760 5794 6104 3070)
4(1651 3187 6221 4685)
4(816 2990 6024 3850)
4(1329 3033 6067 4363)
4(2615 3129 6163 5649)
4(3074 3081 6115 6108)
4(593 3627 6229 3195)
4(604 3638 6199 3165)
4(2317 5351 6235 3201)
4(2745 5779 6226 3192)
4(2433 5467 6070 3036)
4(1183 3104 6138 4217)
4(1444 4478 6196 3162)
4(3005 6039 6164 3130)
4(1742 3019 6053 4776)
4(1801 3244 6278 4835)
4(3100 6134 6136 3102)
4(1878 3136 6170 4912)
4(1877 4911 6170 3136)
4(2481 5515 6241 3207)
4(2006 5040 6187 3153)
4(615 3649 6171 3137)
4(1602 4636 6145 3111)
4(1876 4910 6017 2983)
4(1876 3177 6211 4910)
4(3177 3250 6284 6211)
4(1876 3255 6289 4910)
4(521 3555 6330 3296)
4(2926 5960 5961 2927)
4(1989 2927 5961 5023)
4(451 3213 6247 3485)
4(2628 5662 5926 2892)
4(718 3214 6248 3752)
4(913 3947 6129 3095)
4(3276 6310 6317 3283)
4(899 3283 6317 3933)
4(1328 4362 6125 3091)
4(1307 4341 6135 3101)
4(2607 5641 6134 3100)
4(1436 3120 6154 4470)
4(1476 3148 6182 4510)
4(1666 4700 6166 3132)
4(1718 2979 6013 4752)
4(2979 1720 4754 6013)
4(1891 3103 6137 4925)
4(2068 3210 6244 5102)
4(1987 5021 6074 3040)
4(3174 6208 6235 3201)
4(2342 5376 6160 3126)
4(2950 3149 6183 5984)
4(2380 5414 6183 3149)
4(2925 5959 6294 3260)
4(3222 3260 6294 6256)
4(2925 3222 6256 5959)
4(505 3539 6260 3226)
4(941 3975 5866 2832)
4(1075 3048 6082 4109)
4(1055 4089 5993 2959)
4(1857 3125 6159 4891)
4(1895 3218 6252 4929)
4(1894 4928 6252 3218)
4(878 2905 5939 3912)
4(885 3919 5908 2874)
4(918 3952 6057 3023)
4(1017 3277 6311 4051)
4(3277 3306 6340 6311)
4(1017 4051 6340 3306)
4(2795 3109 6143 5829)
4(1355 4389 6143 3109)
4(2027 3166 6200 5061)
4(3047 6081 6226 3192)
4(2781 3111 6145 5815)
4(2781 5815 6157 3123)
4(3111 3123 6157 6145)
4(3007 3285 6319 6041)
4(3007 6041 6350 3316)
4(1828 3033 6067 4862)
4(1416 4450 5928 2894)
4(2749 5783 6256 3222)
4(1859 3211 6245 4893)
4(2009 3031 6065 5043)
4(3030 6064 6065 3031)
4(2041 5075 6152 3118)
4(2847 5881 6271 3237)
4(2903 3143 6177 5937)
4(1108 4142 6177 3143)
4(3078 1193 4227 6112)
4(1193 3097 6131 4227)
4(2582 3116 6150 5616)
4(1331 4365 6150 3116)
4(1146 2992 6026 4180)
4(1891 3118 6152 4925)
4(814 3041 6075 3848)
4(2690 5724 6253 3219)
4(2596 3092 6126 5630)
4(1858 2995 6029 4892)
4(2916 3211 6245 5950)
4(894 2534 5568 3928)
4(1391 4425 6088 3054)
4(1897 4931 6188 3154)
4(959 3993 6129 3095)
4(1495 3337 6371 4529)
4(3337 3338 6372 6371)
4(1495 4529 6372 3338)
4(867 3901 6202 3168)
4(886 3920 6306 3272)
4(886 3247 6281 3920)
4(3247 3272 6306 6281)
4(1301 2916 5950 4335)
4(1302 3054 6088 4336)
4(1444 3145 6179 4478)
4(2659 3074 6108 5693)
4(1634 4668 6107 3073)
4(2373 5407 6317 3283)
4(2373 3276 6310 5407)
4(1645 3084 6118 4679)
4(1923 4957 6118 3084)
4(1895 4929 6176 3142)
4(3204 3218 6252 6238)
4(2031 3123 6157 5065)
4(529 3563 6242 3208)
4(1868 4902 6226 3192)
4(3159 6193 6212 3178)
4(2381 3186 6220 5415)
4(595 3224 6258 3629)
4(1111 4145 5943 2909)
4(1503 2853 5887 4537)
4(1754 4788 6140 3106)
4(2757 3130 6164 5791)
4(2630 5664 6065 3031)
4(2080 5114 6153 3119)
4(3248 3258 6292 6282)
4(2441 3248 6282 5475)
4(1663 2101 5135 4697)
4(2591 5625 6172 3138)
4(1243 4277 6082 3048)
4(1243 2718 5752 4277)
4(2036 5070 6210 3176)
4(2757 3005 6039 5791)
4(1133 4167 6000 2966)
4(1423 4457 5994 2960)
4(1666 2960 5994 4700)
4(1735 4769 6155 3121)
4(751 3139 6173 3785)
4(2637 5671 6205 3171)
4(714 3249 6283 3748)
4(3033 3169 6203 6067)
4(895 3090 6124 3929)
4(1529 3161 6195 4563)
4(1884 3173 6207 4918)
4(2515 5549 6297 3263)
4(2515 3253 6287 5549)
4(849 3883 5939 2905)
4(870 3904 6286 3252)
4(2727 3252 6286 5761)
4(2908 3097 6131 5942)
4(1881 4915 6147 3113)
4(3070 6104 6127 3093)
4(1216 3129 6163 4250)
4(1808 3148 6182 4842)
4(2359 5393 6201 3167)
4(3012 3167 6201 6046)
4(693 3298 6332 3727)
4(3298 3307 6341 6332)
4(693 3727 6341 3307)
4(1424 2916 5950 4458)
4(2065 3084 6118 5099)
4(2470 3215 6249 5504)
4(1875 4909 6185 3151)
4(3153 3165 6199 6187)
4(2571 3153 6187 5605)
4(2582 3131 6165 5616)
4(936 2915 5949 3970)
4(1480 4514 5949 2915)
4(1632 3221 6255 4666)
4(2495 5529 6274 3240)
4(628 3251 6285 3662)
4(882 2917 5951 3916)
4(1243 4277 6267 3233)
4(2953 3233 6267 5987)
4(1438 3190 6224 4472)
4(2653 3292 6326 5687)
4(1733 4767 6155 3121)
4(2903 5937 6119 3085)
4(1477 4511 6223 3189)
4(3143 1872 4906 6177)
4(3143 6177 6180 3146)
4(1872 3146 6180 4906)
4(3091 6125 6160 3126)
4(1892 4926 6167 3133)
4(1877 3133 6167 4911)
4(1050 4084 5995 2961)
4(2029 3176 6210 5063)
4(845 3165 6199 3879)
4(1906 3012 6046 4940)
4(1546 4580 6007 2973)
4(1831 4865 6275 3241)
4(1239 3032 6066 4273)
4(2851 3188 6222 5885)
4(2852 5886 6222 3188)
4(180 3156 6190 384)
4(183 387 6251 3217)
4(1475 3193 6227 4509)
4(3141 6175 6227 3193)
4(1086 4120 6277 3243)
4(2341 3186 6220 5375)
4(3149 2341 5375 6183)
4(3149 6183 6220 3186)
4(3017 6051 6172 3138)
4(3052 6086 6191 3157)
4(2423 5457 6216 3182)
4(3137 6171 6205 3171)
4(3085 6119 6177 3143)
4(2470 3247 6281 5504)
4(3215 6249 6281 3247)
4(2960 3132 6166 5994)
4(1873 4907 6166 3132)
4(2757 2909 5943 5791)
4(1673 3300 6334 4707)
4(1346 3160 6194 4380)
4(1490 3172 6206 4524)
4(1858 4892 6098 3064)
4(2069 3064 6098 5103)
4(1896 3266 6300 4930)
4(2305 5339 6300 3266)
4(2361 5395 6201 3167)
4(2957 5991 6262 3228)
4(1083 4117 6277 3243)
4(997 4031 6213 3179)
4(995 3179 6213 4029)
4(3193 3253 6287 6227)
4(2290 3193 6227 5324)
4(2290 5324 6287 3253)
4(2472 3240 6274 5506)
4(867 3154 6188 3901)
4(2624 3238 6272 5658)
4(1171 4205 6272 3238)
4(3092 3125 6159 6126)
4(1892 3152 6186 4926)
4(2707 5741 6186 3152)
4(3013 6047 6200 3166)
4(2708 5742 6246 3212)
4(2533 3177 6211 5567)
4(3113 6147 6150 3116)
4(1630 4664 6255 3221)
4(614 3209 6243 3648)
4(1183 4217 6171 3137)
4(871 3260 6294 3905)
4(3256 871 3905 6290)
4(3256 6290 6294 3260)
4(3063 6097 6177 3143)
4(1183 4217 6205 3171)
4(1625 3254 6288 4659)
4(3129 3136 6170 6163)
4(1906 3167 6201 4940)
4(3202 2043 5077 6236)
4(2043 3220 6254 5077)
4(2315 3159 6193 5349)
4(2471 3247 6281 5505)
4(3196 2640 5674 6230)
4(2640 3219 6253 5674)
4(2707 5741 6197 3163)
4(2884 3188 6222 5918)
4(1412 3210 6244 4446)
4(3184 1412 4446 6218)
4(3184 6218 6244 3210)
4(1438 4472 6189 3155)
4(2045 5079 6336 3302)
4(1849 3302 6336 4883)
4(2208 3277 6311 5242)
4(3277 3280 6314 6311)
4(2324 5358 6204 3170)
4(2325 3170 6204 5359)
4(3126 6160 6183 3149)
4(2380 3186 6220 5414)
4(2385 3271 6305 5419)
4(2451 5485 6208 3174)
4(2451 3148 6182 5485)
4(3128 6162 6182 3148)
4(990 3114 6148 4024)
4(1440 4474 6315 3281)
4(1493 3295 6329 4527)
4(1648 4682 6261 3227)
4(2201 3316 6350 5235)
4(1691 4725 6181 3147)
4(1860 4894 6200 3166)
4(2023 3206 6240 5057)
4(2022 5056 6240 3206)
4(1885 4919 6231 3197)
4(1908 3197 6231 4942)
4(880 3914 6231 3197)
4(2869 3197 6231 5903)
4(2563 3157 6191 5597)
4(2869 3188 6222 5903)
4(2869 5903 6234 3200)
4(3188 3200 6234 6222)
4(2786 5820 6254 3220)
4(2786 3196 6230 5820)
4(3063 6097 6180 3146)
4(1328 4362 6160 3126)
4(2628 3202 6236 5662)
4(537 3571 6292 3258)
4(1502 2853 5887 4536)
4(2025 3193 6227 5059)
4(2026 5060 6227 3193)
4(2040 5074 6224 3190)
4(874 3188 6222 3908)
4(1412 3032 6066 4446)
4(1278 3098 6132 4312)
4(1285 4319 6194 3160)
4(1861 4895 6193 3159)
4(609 3251 6285 3643)
4(853 3235 6269 3887)
4(1885 4919 6234 3200)
4(3197 3200 6234 6231)
4(1244 4278 5967 2933)
4(912 3946 6276 3242)
4(1328 3149 6183 4362)
4(1408 3183 6217 4442)
4(2042 3191 6225 5076)
4(519 3553 6317 3283)
4(521 3283 6317 3555)
4(3248 714 3748 6282)
4(714 3258 6292 3748)
4(1475 3253 6287 4509)
4(1945 3234 6268 4979)
4(3191 6225 6243 3209)
4(3268 2898 5932 6302)
4(3268 6302 6335 3301)
4(2898 3301 6335 5932)
4(595 3629 6229 3195)
4(605 3639 6285 3251)
4(2890 3170 6204 5924)
4(1610 4644 6204 3170)
4(2287 5321 6221 3187)
4(2890 3194 6228 5924)
4(3170 6204 6228 3194)
4(1319 4353 6252 3218)
4(2667 3218 6252 5701)
4(1319 3204 6238 4353)
4(1480 3194 6228 4514)
4(2953 5987 6327 3293)
4(1605 3290 6324 4639)
4(1633 3285 6319 4667)
4(2474 5508 6306 3272)
4(513 3277 6311 3547)
4(2351 5385 6290 3256)
4(1078 4112 6301 3267)
4(954 3267 6301 3988)
4(1903 4937 6283 3249)
4(2324 5358 6228 3194)
4(3154 6188 6202 3168)
4(761 3275 6309 3795)
4(3275 3294 6328 6309)
4(2304 3305 6339 5338)
4(2396 3310 6344 5430)
4(2393 5427 6344 3310)
4(2441 5475 6323 3289)
4(3080 3302 6336 6114)
4(1897 3168 6202 4931)
4(1693 3147 6181 4727)
4(1880 4914 6181 3147)
4(2926 3268 6302 5960)
4(527 3561 6242 3208)
4(601 3635 6306 3272)
4(3114 6148 6250 3216)
4(2044 5078 6230 3196)
4(525 3245 6279 3559)
4(1828 4862 6203 3169)
4(2281 3157 6191 5315)
4(1565 3227 6261 4599)
4(3197 6231 6270 3236)
4(2178 2994 6028 5212)
4(2994 3262 6296 6028)
4(1623 4657 6284 3250)
4(1872 4906 6209 3175)
4(1408 4442 6260 3226)
4(1902 4936 6282 3248)
4(1903 3248 6282 4937)
4(2177 2994 6028 5211)
4(543 3577 6257 3223)
4(3115 3223 6257 6149)
4(1424 3211 6245 4458)
4(2709 3270 6304 5743)
4(1901 3260 6294 4935)
4(886 3920 6249 3215)
4(2628 3255 6289 5662)
4(3196 6230 6254 3220)
4(3095 3237 6271 6129)
4(701 3278 6312 3735)
4(1440 3273 6307 4474)
4(2728 5762 6307 3273)
4(3225 2389 5423 6259)
4(2532 3257 6291 5566)
4(2718 5752 6267 3233)
4(1480 4514 6320 3286)
4(2915 3286 6320 5949)
4(1894 3198 6232 4928)
4(2326 5360 6228 3194)
4(3273 6307 6315 3281)
4(2787 3214 6248 5821)
4(3145 3162 6196 6179)
4(3112 6146 6234 3200)
4(531 3275 6309 3565)
4(3211 6245 6322 3288)
4(1424 3288 6322 4458)
4(2783 5817 6278 3244)
4(880 3914 6270 3236)
4(3194 6228 6320 3286)
4(629 3663 6243 3209)
4(515 3549 6314 3280)
4(3284 2045 5079 6318)
4(3284 6318 6331 3297)
4(2254 5288 6273 3239)
4(2044 5078 6254 3220)
4(1844 4878 6235 3201)
4(697 3225 6259 3731)
4(1082 3243 6277 4116)
4(1082 4116 6303 3269)
4(188 3291 6325 392)
4(1893 4927 6293 3259)
4(1615 3259 6293 4649)
4(3034 3275 6309 6068)
4(533 3567 6309 3275)
4(2690 3207 6241 5724)
4(3155 6189 6224 3190)
4(751 3785 6297 3263)
4(838 3297 6331 3872)
4(877 3235 6269 3911)
4(2055 3233 6267 5089)
4(2073 5107 6267 3233)
4(3142 6176 6295 3261)
4(1610 3261 6295 4644)
4(2202 3286 6320 5236)
4(1684 3322 6356 4718)
4(3322 3325 6359 6356)
4(2046 5080 6275 3241)
4(2884 3200 6234 5918)
4(877 3242 6276 3911)
4(2068 3184 6218 5102)
4(719 3225 6259 3753)
4(2208 5242 6340 3306)
4(2391 5425 6337 3303)
4(1663 3230 6264 4697)
4(1851 3232 6266 4885)
4(2331 3275 6309 5365)
4(3117 6151 6310 3276)
4(2195 5229 6345 3311)
4(2305 3267 6301 5339)
4(2305 5339 6338 3304)
4(3170 3261 6295 6204)
4(1798 4832 6278 3244)
4(2440 5474 6323 3289)
4(2585 3263 6297 5619)
4(2481 3219 6253 5515)
4(719 3753 6341 3307)
4(695 3307 6341 3729)
4(719 3303 6337 3753)
4(3287 719 3753 6321)
4(762 3314 6348 3796)
4(3310 762 3796 6344)
4(3283 3296 6330 6317)
4(3225 3287 6321 6259)
4(2787 3246 6280 5821)
4(3176 6210 6239 3205)
4(2326 5360 6320 3286)
4(691 3298 6332 3725)
4(1293 3239 6273 4327)
4(1910 3266 6300 4944)
4(1417 4451 6264 3230)
4(3198 3218 6252 6232)
4(527 3561 6279 3245)
4(2382 3271 6305 5416)
4(2727 5761 6307 3273)
4(2462 5496 6303 3269)
4(1651 4685 6263 3229)
4(2595 3229 6263 5629)
4(3266 6300 6301 3267)
4(3266 1078 4112 6300)
4(3139 6173 6297 3263)
4(3248 3249 6283 6282)
4(3247 2474 5508 6281)
4(2046 3274 6308 5080)
4(3146 3175 6209 6180)
4(2773 3260 6294 5807)
4(1623 3254 6288 4657)
4(429 3463 6333 3299)
4(685 3719 6347 3313)
4(720 3313 6347 3754)
4(2361 5395 6286 3252)
4(3167 3252 6286 6201)
4(3303 6337 6341 3307)
4(1912 4946 6335 3301)
4(1229 3246 6280 4263)
4(3241 6275 6293 3259)
4(870 3904 6318 3284)
4(3252 3284 6318 6286)
4(1906 4940 6318 3284)
4(2462 3264 6298 5496)
4(870 3904 6331 3297)
4(1668 3259 6293 4702)
4(3259 3274 6308 6293)
4(2046 3259 6293 5080)
4(2331 3294 6328 5365)
4(2773 3256 6290 5807)
4(3207 6241 6253 3219)
4(2351 3257 6291 5385)
4(3233 6267 6327 3293)
4(911 3304 6338 3945)
4(1962 4996 6296 3262)
4(1668 3274 6308 4702)
4(2398 5432 6348 3314)
4(1078 3301 6335 4112)
4(1293 4327 6316 3282)
4(1890 3256 6290 4924)
4(2318 5352 6359 3325)
4(2326 3285 6319 5360)
4(515 3277 6311 3549)
4(1861 3231 6265 4895)
4(3256 6290 6291 3257)
4(689 3319 6353 3723)
4(762 3796 6353 3319)
4(1943 4977 6268 3234)
4(3298 2396 5430 6332)
4(2396 3307 6341 5430)
4(2533 3250 6284 5567)
4(3187 3229 6263 6221)
4(3184 3318 6352 6218)
4(2276 5310 6352 3318)
4(3159 6193 6265 3231)
4(3246 3271 6305 6280)
4(2400 3317 6351 5434)
4(3250 3254 6288 6284)
4(3266 6300 6335 3301)
4(1910 3301 6335 4944)
4(1740 4774 6237 3203)
4(1949 3203 6237 4983)
4(2652 3292 6326 5686)
4(2454 5488 6355 3321)
4(2804 3321 6355 5838)
4(3317 720 3754 6351)
4(720 3324 6358 3754)
4(1029 3312 6346 4063)
4(3147 6181 6346 3312)
4(1866 4900 6237 3203)
4(2361 3281 6315 5395)
4(1684 3326 6360 4718)
4(1343 4377 6360 3326)
4(1606 3290 6324 4640)
4(2361 3273 6307 5395)
4(1635 3295 6329 4669)
4(2469 5503 6368 3334)
4(2736 3334 6368 5770)
4(3167 6201 6318 3284)
4(3226 3311 6345 6260)
4(1408 4442 6345 3311)
4(1913 3327 6361 4947)
4(762 3298 6332 3796)
4(1965 4999 6342 3308)
4(1483 3322 6356 4517)
4(3252 6286 6307 3273)
4(919 3304 6338 3953)
4(3239 3282 6316 6273)
4(3285 3286 6320 6319)
4(2073 3293 6327 5107)
4(3298 3310 6344 6332)
4(828 2277 5311 3862)
4(828 3862 6378 3344)
4(2277 3344 6378 5311)
4(828 3346 6380 3862)
4(828 3862 6379 3345)
4(1485 3328 6362 4519)
4(2837 5871 6363 3329)
4(2048 3329 6363 5082)
4(687 3721 6353 3319)
4(687 3313 6347 3721)
4(3313 3319 6353 6347)
4(2305 3305 6339 5339)
4(2396 5430 6337 3303)
4(1159 4193 6369 3335)
4(3334 3336 6370 6368)
4(2469 5503 6370 3336)
4(2068 3318 6352 5102)
4(2459 3335 6369 5493)
4(2053 5087 6369 3335)
4(3315 753 3787 6349)
4(3315 6349 6354 3320)
4(753 3320 6354 3787)
4(3320 6354 6355 3321)
4(3320 2627 5661 6354)
4(2627 3321 6355 5661)
4(3322 2804 5838 6356)
4(2804 3325 6359 5838)
4(1411 3337 6371 4445)
4(831 3343 6377 3865)
4(2510 5544 6349 3315)
4(2964 5998 6378 3344)
4(1917 3344 6378 4951)
4(2458 3335 6369 5492)
4(2403 3317 6351 5437)
4(1988 5022 6357 3323)
4(2952 3323 6357 5986)
4(3313 2403 5437 6347)
4(2403 3319 6353 5437)
4(826 3346 6380 3860)
4(2296 5330 6376 3342)
4(2293 3342 6376 5327)
4(2599 5633 6370 3336)
4(2598 3336 6370 5632)
4(2053 5087 6373 3339)
4(1915 3315 6349 4949)
4(1915 4949 6354 3320)
4(1988 3315 6349 5022)
4(1909 3320 6354 4943)
4(1909 4943 6355 3321)
4(1639 4673 6375 3341)
4(2051 3341 6375 5085)
4(3315 6349 6357 3323)
4(2403 5437 6348 3314)
4(1635 4669 6350 3316)
4(2051 3338 6372 5085)
4(3337 2051 5085 6371)
4(3334 2599 5633 6368)
4(862 3896 6379 3345)
4(825 3345 6379 3859)
4(3314 6348 6353 3319)
4(3309 3316 6350 6343)
4(3313 6347 6351 3317)
4(3309 1635 4669 6343)
4(1909 3322 6356 4943)
4(3323 3324 6358 6357)
4(2511 3323 6357 5545)
4(2511 5545 6358 3324)
4(2952 5986 6358 3324)
4(3073 3340 6374 6107)
4(3321 6355 6356 3322)
4(3342 3345 6379 6376)
4(2510 3323 6357 5544)
4(3342 862 3896 6376)
4(3304 6338 6339 3305)
4(2830 3330 6364 5864)
4(3330 3331 6365 6364)
4(2830 5864 6365 3331)
4(2896 5930 6360 3326)
4(2896 5930 6361 3327)
4(2050 5084 6363 3329)
4(2050 3330 6364 5084)
4(3343 6377 6383 3349)
4(883 3349 6383 3917)
4(3343 883 3917 6377)
4(2487 3331 6365 5521)
4(3330 2487 5521 6364)
4(1636 3328 6362 4670)
4(3329 3330 6364 6363)
4(2488 3331 6365 5522)
4(1637 4671 6365 3331)
4(3328 3329 6363 6362)
4(1636 4670 6364 3330)
4(3329 1636 4670 6363)
4(3331 6365 6366 3332)
4(2488 3332 6366 5522)
4(1637 4671 6366 3332)
4(3342 6376 6382 3348)
4(2295 3348 6382 5329)
4(3342 2295 5329 6376)
4(2934 5968 6366 3332)
4(2870 3332 6366 5904)
4(3339 3341 6375 6373)
4(2052 3339 6373 5086)
4(2052 5086 6375 3341)
4(2934 5968 6367 3333)
4(3332 3333 6367 6366)
4(1638 4672 6367 3333)
4(1638 4672 6368 3334)
4(3333 3334 6368 6367)
4(2870 5904 6367 3333)
4(2599 3333 6367 5633)
4(3339 1707 4741 6373)
4(1707 3341 6375 4741)
4(3336 6370 6381 3347)
4(3336 1163 4197 6370)
4(1163 3347 6381 4197)
4(2049 5083 6383 3349)
4(2469 5503 6381 3347)
4(2052 3337 6371 5086)
4(2459 3349 6383 5493)
4(862 3896 6382 3348)
4(2468 3348 6382 5502)
4(2468 5502 6381 3347)
4(3347 3348 6382 6381)
4(3337 3341 6375 6371)
4(2482 3347 6381 5516)
4(2482 3348 6382 5516)
4(1914 3340 6374 4948)
4(3340 3349 6383 6374)
4(1914 4948 6383 3349)
4(1712 3350 6384 4746)
4(2262 5296 6384 3350)
4(1590 4624 6384 3350)
4(3290 6324 6385 3351)
4(1968 3351 6385 5002)
4(2163 5197 6386 3352)
4(1420 3352 6386 4454)
4(2112 5146 6386 3352)
4(2409 3352 6386 5443)
4(2160 5194 6388 3354)
4(2539 3355 6389 5573)
4(64 3356 6390 268)
4(2153 3358 6392 5187)
4(88 292 6392 3358)
4(87 3358 6392 291)
4(458 3492 6392 3358)
4(2155 5189 6393 3359)
4(85 3359 6393 289)
4(86 290 6393 3359)
4(2154 3358 6392 5188)
4(2112 3353 6387 5146)
4(3360 2158 5192 6394)
4(2158 3361 6395 5192)
4(1866 4900 6391 3357)
4(2131 3374 6408 5165)
4(443 3477 6396 3362)
4(458 3492 6395 3361)
4(3358 3361 6395 6392)
4(1949 4983 6399 3365)
4(1695 3366 6400 4729)
4(2313 3366 6400 5347)
4(1533 4567 6401 3367)
4(2551 3367 6401 5585)
4(1265 4299 6401 3367)
4(1263 3367 6401 4297)
4(2409 5443 6401 3367)
4(2141 3362 6396 5175)
4(2162 3362 6396 5196)
4(1866 4900 6400 3366)
4(2147 3364 6398 5181)
4(481 3515 6416 3382)
4(2134 5168 6397 3363)
4(24 228 6402 3368)
4(25 3368 6402 229)
4(2409 3369 6403 5443)
4(467 3501 6446 3412)
4(2112 5146 6404 3370)
4(2891 3371 6405 5925)
4(1646 4680 6405 3371)
4(1809 4843 6405 3371)
4(2320 3371 6405 5354)
4(34 238 6406 3372)
4(35 3372 6406 239)
4(3392 2271 5305 6426)
4(3392 6426 6479 3445)
4(2271 3445 6479 5305)
4(108 312 6408 3374)
4(109 3374 6408 313)
4(2828 3375 6409 5862)
4(210 414 6409 3375)
4(211 3375 6409 415)
4(3367 3369 6403 6401)
4(2592 3376 6410 5626)
4(2593 5627 6410 3376)
4(137 3377 6411 341)
4(495 3529 6471 3437)
4(2123 5157 6414 3380)
4(123 327 6412 3378)
4(433 3378 6412 3467)
4(122 3378 6412 326)
4(3372 3401 6435 6406)
4(34 238 6435 3401)
4(1522 4556 6407 3373)
4(1644 3373 6407 4678)
4(484 3518 6402 3368)
4(465 3499 6457 3423)
4(2089 3423 6457 5123)
4(2082 5116 6414 3380)
4(2551 5585 6403 3369)
4(1513 4547 6413 3379)
4(1957 3386 6420 4991)
4(2437 3380 6414 5471)
4(1655 4689 6407 3373)
4(465 3425 6459 3499)
4(2120 5154 6459 3425)
4(3368 6402 6439 3405)
4(25 3405 6439 229)
4(1641 3381 6415 4675)
4(1460 4494 6415 3381)
4(1646 3381 6415 4680)
4(1911 3383 6417 4945)
4(1656 4690 6417 3383)
4(1655 3383 6417 4689)
4(2061 5095 6416 3382)
4(2365 3382 6416 5399)
4(2668 3410 6444 5702)
4(1938 4972 6418 3384)
4(2524 5558 6410 3376)
4(2523 3376 6410 5557)
4(2522 3385 6419 5556)
4(422 3386 6420 3456)
4(2643 5677 6420 3386)
4(2062 3388 6422 5096)
4(2581 5615 6421 3387)
4(3028 3373 6407 6062)
4(2444 5478 6407 3373)
4(467 3432 6466 3501)
4(2090 5124 6466 3432)
4(1958 3392 6426 4992)
4(2270 5304 6426 3392)
4(455 3434 6468 3489)
4(1940 4974 6427 3393)
4(1942 3393 6427 4976)
4(2321 3394 6428 5355)
4(426 3460 6479 3445)
4(2651 3401 6435 5685)
4(135 339 6429 3395)
4(2250 5284 6430 3396)
4(2064 3396 6430 5098)
4(462 3426 6460 3496)
4(441 3413 6447 3475)
4(1955 3397 6431 4989)
4(1956 4990 6432 3398)
4(455 3489 6462 3428)
4(2091 3428 6462 5125)
4(2701 3399 6433 5735)
4(2095 5129 6433 3399)
4(2066 3400 6434 5100)
4(3064 6098 6434 3400)
4(33 3401 6435 237)
4(417 3451 6435 3401)
4(2273 5307 6439 3405)
4(1497 3376 6410 4531)
4(2257 5291 6437 3403)
4(1931 3404 6438 4965)
4(433 3467 6445 3411)
4(2054 3389 6423 5088)
4(26 230 6439 3405)
4(426 3405 6439 3460)
4(2319 5353 6440 3406)
4(2268 3384 6418 5302)
4(1919 3407 6441 4953)
4(2059 5093 6428 3394)
4(2068 5102 6442 3408)
4(2573 5607 6443 3409)
4(37 3410 6444 241)
4(38 242 6444 3410)
4(111 3412 6446 315)
4(112 316 6446 3412)
4(120 3413 6447 324)
4(121 325 6447 3413)
4(9 3414 6448 213)
4(10 214 6448 3414)
4(158 3415 6449 362)
4(132 3416 6450 336)
4(119 323 6451 3417)
4(118 3417 6451 322)
4(2065 5099 6452 3418)
4(145 349 6453 3419)
4(17 221 6454 3420)
4(16 3420 6454 220)
4(151 3421 6455 355)
4(152 356 6455 3421)
4(3292 6326 6456 3422)
4(2276 3424 6458 5310)
4(2274 5308 6458 3424)
4(12 216 6460 3426)
4(11 3426 6460 215)
4(2819 5853 6463 3429)
4(2642 3431 6465 5676)
4(147 3446 6480 351)
4(2365 147 351 5399)
4(2365 5399 6480 3446)
4(113 3432 6466 317)
4(1923 4957 6483 3449)
4(1923 2643 5677 4957)
4(2643 3449 6483 5677)
4(31 235 6468 3434)
4(30 3434 6468 234)
4(493 3527 6472 3438)
4(1 5 6471 3437)
4(59 3437 6471 263)
4(2 6 6469 3435)
4(110 3435 6469 314)
4(109 313 6469 3435)
4(0 3436 6470 4)
4(211 415 6470 3436)
4(8 3436 6470 212)
4(3 3438 6472 7)
4(161 3438 6472 365)
4(2904 5938 6483 3449)
4(1933 4967 6425 3391)
4(148 3446 6480 352)
4(3371 3441 6475 6405)
4(1646 4680 6475 3441)
4(1410 4444 6478 3444)
4(2806 5840 6477 3443)
4(2502 3439 6473 5536)
4(1516 4550 6413 3379)
4(417 3399 6433 3451)
4(452 3486 6464 3430)
4(2267 3430 6464 5301)
4(1918 4952 6443 3409)
4(2574 3409 6443 5608)
4(55 259 6457 3423)
4(56 3425 6459 260)
4(1969 3399 6433 5003)
4(2650 5684 6433 3399)
4(3373 6407 6476 3442)
4(1644 3442 6476 4678)
4(3371 2503 5537 6405)
4(2503 3441 6475 5537)
4(131 335 6464 3430)
4(2096 5130 6453 3419)
4(144 3419 6453 348)
4(29 233 6462 3428)
4(3376 3443 6477 6410)
4(3390 3427 6461 6424)
4(3373 3440 6474 6407)
4(1655 4689 6474 3440)
4(3376 3444 6478 6410)
4(2948 3390 6424 5982)
4(1644 4678 6424 3390)
4(3028 3440 6474 6062)
4(2444 5478 6476 3442)
4(3399 3447 6481 6433)
4(2650 5684 6481 3447)
4(3371 6405 6473 3439)
4(2252 3416 6450 5286)
4(133 337 6450 3416)
4(1497 3444 6478 4531)
4(1516 4550 6461 3427)
4(472 3402 6436 3506)
4(147 351 6467 3433)
4(2365 3433 6467 5399)
4(159 363 6449 3415)
4(2286 3415 6449 5320)
4(2595 5629 6463 3429)
4(2820 3429 6463 5854)
4(28 3428 6462 232)
4(2129 5163 6462 3428)
4(54 3423 6457 258)
4(2127 5161 6457 3423)
4(57 261 6459 3425)
4(2128 3425 6459 5162)
4(146 350 6467 3433)
4(2523 3443 6477 5557)
4(3378 6412 6445 3411)
4(431 3433 6467 3465)
4(2229 5263 6467 3433)
4(2948 3427 6461 5982)
4(2098 3432 6466 5132)
4(114 318 6466 3432)
4(1923 3431 6465 4957)
4(2643 5677 6465 3431)
4(130 3430 6464 334)
4(2269 5303 6464 3430)
4(2503 5537 6473 3439)
4(417 3447 6481 3451)
4(2124 3411 6445 5158)
4(3386 3449 6483 6420)
4(3382 6416 6480 3446)
4(3374 6408 6469 3435)
4(3381 6415 6475 3441)
4(3375 6409 6470 3436)
4(3383 6417 6474 3440)
4(3424 3448 6482 6458)
4(494 3436 6470 3528)
4(492 3435 6469 3526)
4(3405 6439 6479 3445)
4(3401 3447 6481 6435)
4(2651 5685 6481 3447)
4(2273 3445 6479 5307)
4(2457 3440 6474 5491)
4(2504 3441 6475 5538)
4(2443 5477 6476 3442)
4(481 3446 6480 3515)
4(1957 4991 6483 3449)
4(484 3518 6482 3448)
4(3390 3442 6476 6424)
3(2077 3183 2820)
3(5111 5854 6217)
3(453 3372 2652)
3(3487 5686 6406)
3(424 2269 129)
3(3458 333 5303)
3(426 2129 27)
3(3460 231 5163)
3(2057 3338 2525)
3(5091 5559 6372)
3(420 2074 2072)
3(3454 5106 5108)
3(2122 2123 470)
3(5156 3504 5157)
3(2652 3422 453)
3(5686 3487 6456)
3(459 3377 2334)
3(3493 5368 6411)
3(449 2127 53)
3(3483 257 5161)
3(2060 3077 2574)
3(5094 5608 6111)
3(2063 2700 2097)
3(5097 5131 5734)
3(434 2704 2067)
3(3468 5101 5738)
3(483 2661 2219)
3(3517 5253 5695)
3(2334 3418 459)
3(5368 3493 6452)
3(2572 2620 2056)
3(5606 5090 5654)
3(424 2456 2070)
3(3458 5104 5490)
3(492 2088 2087)
3(3526 5121 5122)
3(2256 2660 447)
3(5290 3481 5694)
3(450 2445 2076)
3(3484 5110 5479)
3(488 2644 2069)
3(3522 5103 5678)
3(449 2815 2332)
3(3483 5366 5849)
3(2071 2580 446)
3(5105 3480 5614)
3(420 3410 2074)
3(3454 5108 6444)
3(470 3413 2122)
3(3504 5156 6447)
3(115 2098 446)
3(319 3480 5132)
3(134 2252 419)
3(338 3453 5286)
3(2058 2505 2504)
3(5092 5538 5539)
3(2975 3395 419)
3(6009 3453 6429)
3(494 2086 2085)
3(3528 5119 5120)
3(2456 2457 2070)
3(5490 5104 5491)
3(485 2413 2083)
3(3519 5117 5447)
3(488 2096 143)
3(3522 347 5130)
3(2574 3077 1918)
3(5608 4952 6111)
3(2058 2506 2505)
3(5092 5539 5540)
3(2820 3387 2077)
3(5854 5111 6421)
3(2700 3426 2097)
3(5734 5131 6460)
3(2820 3183 2595)
3(5854 5629 6217)
3(2067 3408 434)
3(5101 3468 6442)
3(129 2269 130)
3(333 334 5303)
3(424 3384 2269)
3(3458 5303 6418)
3(2087 3412 492)
3(5121 3526 6446)
3(482 2477 2354)
3(3516 5388 5511)
3(2264 2265 491)
3(5298 3525 5299)
3(27 2129 28)
3(231 232 5163)
3(45 2506 46)
3(249 250 5540)
3(2661 3407 2219)
3(5695 5253 6441)
3(426 3392 2129)
3(3460 5163 6426)
3(57 2128 58)
3(261 262 5162)
3(53 2127 54)
3(257 258 5161)
3(2095 2701 2093)
3(5129 5127 5735)
3(2525 3402 2057)
3(5559 5091 6436)
3(3338 3385 2525)
3(6372 5559 6419)
3(159 2286 160)
3(363 364 5320)
3(2056 3406 2572)
3(5090 5606 6440)
3(2443 3411 2126)
3(5477 5160 6445)
3(2126 3390 2443)
3(5160 5477 6424)
3(449 3393 2127)
3(3483 5161 6427)
3(133 2252 134)
3(337 338 5286)
3(2263 2264 437)
3(5297 3471 5298)
3(442 2354 2353)
3(3476 5387 5388)
3(2574 3382 2060)
3(5608 5094 6416)
3(2445 3404 2076)
3(5479 5110 6438)
3(2256 3403 2660)
3(5290 5694 6437)
3(114 2098 115)
3(318 319 5132)
3(2085 3414 494)
3(5119 3528 6448)
3(2078 2228 431)
3(5112 3465 5262)
3(143 2096 144)
3(347 348 5130)
3(2123 2124 470)
3(5157 3504 5158)
3(2128 3437 58)
3(5162 262 6471)
3(2069 3400 488)
3(5103 3522 6434)
3(2336 3395 2975)
3(5370 6009 6429)
3(441 2083 2081)
3(3475 5115 5117)
3(2815 3397 2332)
3(5849 5366 6431)
3(2071 3398 2580)
3(5105 5614 6432)
3(2701 3434 2093)
3(5735 5127 6468)
3(419 3396 2975)
3(3453 6009 6430)
3(452 2266 2251)
3(3486 5285 5300)
3(464 3229 2287)
3(3498 5321 6263)
3(462 2085 2084)
3(3496 5118 5119)
3(2083 3417 485)
3(5117 3519 6451)
3(136 3395 3377)
3(340 6411 6429)
3(2286 3438 160)
3(5320 364 6472)
3(2644 3386 2069)
3(5678 5103 6420)
3(2332 3393 449)
3(5366 3483 6427)
3(446 3394 2071)
3(3480 5105 6428)
3(2098 3394 446)
3(5132 3480 6428)
3(2505 2506 45)
3(5539 249 5540)
3(46 2506 472)
3(250 3506 5540)
3(3318 3424 2705)
3(6352 5739 6458)
3(2089 3234 465)
3(5123 3499 6268)
3(465 3234 2120)
3(3499 5154 6268)
3(467 2087 2079)
3(3501 5113 5121)
3(2252 3396 419)
3(5286 3453 6430)
3(2092 2093 455)
3(5126 3489 5127)
3(2079 2090 467)
3(5113 3501 5124)
3(447 3388 2256)
3(3481 5290 6422)
3(2076 3387 450)
3(5110 3484 6421)
3(2091 2092 455)
3(5125 3489 5126)
3(452 2267 2266)
3(3486 5300 5301)
3(2070 3384 424)
3(5104 3458 6418)
3(2084 2097 462)
3(5118 3496 5131)
3(2668 3422 2075)
3(5702 5109 6456)
3(2095 3351 1969)
3(5129 5003 6385)
3(492 3374 2088)
3(3526 5122 6408)
3(3379 3380 1512)
3(6413 4546 6414)
3(2620 3389 2056)
3(5654 5090 6423)
3(3379 3427 2125)
3(6413 5159 6461)
3(2081 2122 441)
3(5115 3475 5156)
3(2334 3377 2336)
3(5368 5370 6411)
3(2074 2668 2075)
3(5108 5109 5702)
3(2354 3420 482)
3(5388 3516 6454)
3(491 3421 2264)
3(3525 5298 6455)
3(2652 3372 2651)
3(5686 5685 6406)
3(2524 3385 1495)
3(5558 4529 6419)
3(2228 2229 431)
3(5262 3465 5263)
3(2094 3161 1606)
3(5128 4640 6195)
3(2641 3418 3084)
3(5675 6118 6452)
3(488 3400 2096)
3(3522 5130 6434)
3(1495 3444 2524)
3(4529 5558 6478)
3(494 3375 2086)
3(3528 5120 6409)
3(2219 3391 483)
3(5253 3517 6425)
3(2094 3351 2095)
3(5128 5129 6385)
3(478 2556 2553)
3(3512 5587 5590)
3(2125 3427 2126)
3(5159 5160 6461)
3(2704 3391 2067)
3(5738 5101 6425)
3(2273 3448 2274)
3(5307 5308 6482)
3(3368 3448 2273)
3(6402 5307 6482)
3(3377 3395 2336)
3(6411 5370 6429)
3(2059 2090 1650)
3(5093 4684 5124)
3(2705 3424 484)
3(5739 3518 6458)
3(1650 2090 2079)
3(4684 5113 5124)
3(2553 2556 2552)
3(5587 5586 5590)
3(435 2554 2552)
3(3469 5586 5588)
3(2264 3421 437)
3(5298 3471 6455)
3(442 3420 2354)
3(3476 5388 6454)
3(1723 3363 1721)
3(4757 4755 6397)
3(2072 3389 420)
3(5106 3454 6423)
3(2504 3381 2058)
3(5538 5092 6415)
3(2092 3161 2094)
3(5126 5128 6195)
3(2705 3408 3318)
3(5739 6352 6442)
3(2353 3407 442)
3(5387 3476 6441)
3(96 3365 97)
3(300 301 6399)
3(2063 3388 2700)
3(5097 5734 6422)
3(75 3353 76)
3(279 280 6387)
3(1606 3351 2094)
3(4640 5128 6385)
3(3362 3364 2986)
3(6396 6020 6398)
3(2123 2125 2124)
3(5157 5158 5159)
3(471 3406 2320)
3(3505 5354 6440)
3(2457 3383 2070)
3(5491 5104 6417)
3(2125 3380 3379)
3(5159 6413 6414)
3(431 3419 2078)
3(3465 5112 6453)
3(2552 2556 435)
3(5586 3469 5590)
3(480 3357 2161)
3(3514 5195 6391)
3(78 3354 79)
3(282 283 6388)
3(482 3403 2477)
3(3516 5511 6437)
3(2265 3404 491)
3(5299 3525 6438)
3(2154 3361 1724)
3(5188 4758 6395)
3(107 2131 108)
3(311 312 5165)
3(448 2102 2100)
3(3482 5134 5136)
3(104 2132 105)
3(308 309 5166)
3(100 2138 101)
3(304 305 5172)
3(90 2133 91)
3(294 295 5167)
3(2133 2151 91)
3(5167 295 5185)
3(91 2151 92)
3(295 296 5185)
3(457 2106 2104)
3(3491 5138 5140)
3(479 3089 2108)
3(3513 5142 6123)
3(93 2212 94)
3(297 298 5246)
3(427 2110 2109)
3(3461 5143 5144)
3(1534 2547 2546)
3(4568 5580 5581)
3(65 2140 66)
3(269 270 5174)
3(495 2128 2119)
3(3529 5153 5162)
3(2117 2118 463)
3(5151 3497 5152)
3(82 2148 83)
3(286 287 5182)
3(430 2214 95)
3(3464 299 5248)
3(2554 2827 2545)
3(5588 5579 5861)
3(2130 2148 82)
3(5164 286 5182)
3(2115 2159 490)
3(5149 3524 5193)
3(437 3409 2263)
3(3471 5297 6443)
3(453 3422 2668)
3(3487 5702 6456)
3(1717 2156 2150)
3(4751 5184 5190)
3(102 2135 103)
3(306 307 5169)
3(1738 2213 1736)
3(4772 4770 5247)
3(1267 2549 1269)
3(4301 4303 5583)
3(1662 3119 2136)
3(4696 5170 6153)
3(1271 2555 1273)
3(4305 4307 5589)
3(60 2137 61)
3(264 265 5171)
3(81 2130 82)
3(285 286 5164)
3(1951 2876 2143)
3(4985 5177 5910)
3(1697 2146 1694)
3(4731 4728 5180)
3(1729 2145 1726)
3(4763 4760 5179)
3(2593 3397 489)
3(5627 3523 6431)
3(485 3398 2413)
3(3519 5447 6432)
3(3203 3357 480)
3(6237 3514 6391)
3(1719 3360 1716)
3(4753 4750 6394)
3(76 3353 2111)
3(280 5145 6387)
3(1717 2157 2156)
3(4751 5190 5191)
3(2084 3132 2097)
3(5118 5131 6166)
3(2097 3132 2063)
3(5131 5097 6166)
3(1536 2144 2143)
3(4570 5177 5178)
3(1536 2147 2144)
3(4570 5178 5181)
3(79 3354 2107)
3(283 5141 6388)
3(2150 3350 1717)
3(5184 4751 6384)
3(79 2107 80)
3(283 284 5141)
3(76 2111 77)
3(280 281 5145)
3(1950 2142 1952)
3(4984 4986 5176)
3(62 2121 63)
3(266 267 5155)
3(3352 3370 3369)
3(6386 6403 6404)
3(489 3443 2593)
3(3523 5627 6477)
3(2059 2098 2090)
3(5093 5124 5132)
3(1716 2157 1714)
3(4750 4748 5191)
3(2092 2094 2093)
3(5126 5127 5128)
3(1716 3360 2157)
3(4750 5191 6394)
3(2266 2267 2038)
3(5300 5072 5301)
3(1275 2147 1277)
3(4309 4311 5181)
3(2149 2150 416)
3(5183 3450 5184)
3(436 2139 2116)
3(3470 5150 5173)
3(421 2134 2103)
3(3455 5137 5168)
3(444 2142 2113)
3(3478 5147 5176)
3(2118 2121 463)
3(5152 3497 5155)
3(427 2111 2110)
3(3461 5144 5145)
3(457 2107 2106)
3(3491 5140 5141)
3(2114 2141 486)
3(5148 3520 5175)
3(464 3429 3229)
3(3498 6263 6463)
3(2553 3370 478)
3(5587 3512 6404)
3(441 3417 2083)
3(3475 5117 6451)
3(1724 3361 3360)
3(4758 6394 6395)
3(3084 3431 2641)
3(6118 5675 6465)
3(2320 3439 471)
3(5354 3505 6473)
3(2145 3363 1723)
3(5179 4757 6397)
3(1714 2157 1717)
3(4748 4751 5191)
3(2149 3350 2150)
3(5183 5184 6384)
3(77 2111 427)
3(281 3461 5145)
3(80 2107 457)
3(284 3491 5141)
3(2113 2142 1950)
3(5147 4984 5176)
3(463 2121 62)
3(3497 266 5155)
3(2142 3356 3355)
3(5176 6389 6390)
3(3355 3356 2121)
3(6389 5155 6390)
3(3357 3366 2139)
3(6391 5173 6400)
3(2214 3365 96)
3(5248 300 6399)
3(95 2214 96)
3(299 300 5248)
3(2104 2130 457)
3(5138 3491 5164)
3(461 2136 2099)
3(3495 5133 5170)
3(2546 2555 1534)
3(5580 4568 5589)
3(1535 2555 2548)
3(4569 5582 5589)
3(2119 2137 495)
3(5153 3529 5171)
3(463 2137 2117)
3(3497 5151 5171)
3(448 2135 2102)
3(3482 5136 5169)
3(2211 2213 430)
3(5245 3464 5247)
3(1534 2549 2547)
3(4568 5581 5583)
3(2099 2131 461)
3(5133 3495 5165)
3(461 2131 107)
3(3495 311 5165)
3(2100 2132 448)
3(5134 3482 5166)
3(448 2132 104)
3(3482 308 5166)
3(2116 2138 436)
3(5150 3470 5172)
3(436 2138 100)
3(3470 304 5172)
3(421 2133 90)
3(3455 294 5167)
3(2103 2133 421)
3(5137 3455 5167)
3(2108 2212 479)
3(5142 3513 5246)
3(444 2140 65)
3(3478 269 5174)
3(2113 2140 444)
3(5147 3478 5174)
3(479 2212 93)
3(3513 297 5246)
3(490 2138 2115)
3(3524 5149 5172)
3(101 2138 490)
3(305 3524 5172)
3(94 2212 430)
3(298 3464 5246)
3(430 2212 2211)
3(3464 5245 5246)
3(2151 3089 479)
3(5185 3513 6123)
3(92 2151 479)
3(296 3513 5185)
3(486 2140 2114)
3(3520 5148 5174)
3(66 2140 486)
3(270 3520 5174)
3(2132 2152 105)
3(5166 309 5186)
3(2550 2554 2547)
3(5584 5581 5588)
3(2148 2149 416)
3(5182 3450 5183)
3(2547 2554 2545)
3(5581 5579 5588)
3(435 2827 2554)
3(3469 5588 5861)
3(83 2148 416)
3(287 3450 5182)
3(2136 2152 1947)
3(5170 4981 5186)
3(2549 2550 2547)
3(5583 5581 5584)
3(2213 2214 430)
3(5247 3464 5248)
3(478 3353 75)
3(3512 279 6387)
3(490 2159 2135)
3(3524 5169 5193)
3(103 2135 448)
3(307 3482 5169)
3(490 2135 102)
3(3524 306 5169)
3(1736 2213 2211)
3(4770 5245 5247)
3(1949 2213 1738)
3(4983 4772 5247)
3(1269 2549 1534)
3(4303 4568 5583)
3(457 2130 81)
3(3491 285 5164)
3(1533 2549 1267)
3(4567 4301 5583)
3(1662 2136 1947)
3(4696 4981 5170)
3(2136 3119 2099)
3(5170 5133 6153)
3(1273 2555 1535)
3(4307 4569 5589)
3(1534 2555 1271)
3(4568 4305 5589)
3(61 2137 463)
3(265 3497 5171)
3(495 2137 60)
3(3529 264 5171)
3(2143 2876 1536)
3(5177 4570 5910)
3(1951 2143 2114)
3(4985 5148 5177)
3(2116 2146 1697)
3(5150 4731 5180)
3(1694 2146 1695)
3(4728 4729 5180)
3(1726 2145 1723)
3(4760 4757 5179)
3(2103 2145 1729)
3(5137 4763 5179)
3(2161 3357 2139)
3(5195 5173 6391)
3(1947 2152 2132)
3(4981 5166 5186)
3(2552 2554 2550)
3(5586 5584 5588)
3(2082 2122 2081)
3(5116 5115 5156)
3(2251 3416 452)
3(5285 3486 6450)
3(427 3354 78)
3(3461 282 6388)
3(2139 3366 2146)
3(5173 5180 6400)
3(2144 3364 3362)
3(5178 6396 6398)
3(2109 3354 427)
3(5143 3461 6388)
3(1721 3363 1724)
3(4755 4758 6397)
3(2267 2268 2038)
3(5301 5072 5302)
3(1277 2147 1536)
3(4311 4570 5181)
3(1535 2147 1275)
3(4569 4309 5181)
3(1724 3360 1719)
3(4758 4753 6394)
3(2082 2123 2122)
3(5116 5156 5157)
3(459 3418 2641)
3(3493 5675 6452)
3(2142 3355 1952)
3(5176 4986 6389)
3(2121 3356 63)
3(5155 267 6390)
3(97 3365 480)
3(301 3514 6399)
3(2125 2126 2124)
3(5159 5158 5160)
3(2548 3364 1535)
3(5582 4569 6398)
3(458 3359 2158)
3(3492 5192 6393)
3(2094 2095 2093)
3(5128 5127 5129)
3(2111 2112 2110)
3(5145 5144 5146)
3(2157 2158 2156)
3(5191 5190 5192)
3(2986 3364 2548)
3(6020 5582 6398)
3(2139 2146 2116)
3(5173 5150 5180)
3(2134 2145 2103)
3(5168 5137 5179)
3(2114 2143 2141)
3(5148 5175 5177)
3(2158 3359 2156)
3(5192 5190 6393)
3(73 2556 74)
3(277 278 5590)
3(421 2153 2134)
3(3455 5168 5187)
3(2150 2155 416)
3(5184 3450 5189)
3(2287 3415 464)
3(5321 3498 6449)
3(462 3414 2085)
3(3496 5119 6448)
3(436 2161 2139)
3(3470 5173 5195)
3(2107 2160 2106)
3(5141 5140 5194)
3(2141 2162 486)
3(5175 3520 5196)
3(478 3370 3353)
3(3512 6387 6404)
3(2058 3402 2506)
3(5092 5540 6436)
3(444 3356 2142)
3(3478 5176 6390)
3(2118 3355 2121)
3(5152 5155 6389)
3(1724 3363 2154)
3(4758 5188 6397)
3(480 3365 3203)
3(3514 6237 6399)
3(435 2556 73)
3(3469 277 5590)
3(74 2556 478)
3(278 3512 5590)
3(2229 2364 2061)
3(5263 5095 5398)
3(2228 2364 2229)
3(5262 5263 5398)
3(2061 2365 2229)
3(5095 5263 5399)
3(2112 2163 2110)
3(5146 5144 5197)
3(3369 3370 2553)
3(6403 5587 6404)
3(461 2152 2136)
3(3495 5170 5186)
3(2105 2130 2104)
3(5139 5138 5164)
3(2117 2137 2119)
3(5151 5153 5171)
3(2548 2555 2546)
3(5582 5580 5589)
3(1698 2254 2159)
3(4732 5193 5288)
3(98 2161 99)
3(302 303 5195)
3(1998 2638 2160)
3(5032 5194 5672)
3(67 2162 68)
3(271 272 5196)
3(2163 3004 1999)
3(5197 5033 6038)
3(106 2152 461)
3(310 3495 5186)
3(105 2152 106)
3(309 310 5186)
3(2105 2148 2130)
3(5139 5164 5182)
3(1949 2214 2213)
3(4983 5247 5248)
3(1533 2550 2549)
3(4567 5583 5584)
3(2143 2144 2141)
3(5177 5175 5178)
3(88 2153 89)
3(292 293 5187)
3(89 2153 421)
3(293 3455 5187)
3(84 2155 85)
3(288 289 5189)
3(416 2155 84)
3(3450 288 5189)
3(2135 2159 2102)
3(5169 5136 5193)
3(2159 2254 2102)
3(5193 5136 5288)
3(1698 2159 2115)
3(4732 5149 5193)
3(1938 3279 2268)
3(4972 5302 6313)
3(2268 3279 2038)
3(5302 5072 6313)
3(99 2161 436)
3(303 3470 5195)
3(480 2161 98)
3(3514 302 5195)
3(2160 2638 2106)
3(5194 5140 5672)
3(1998 2160 2109)
3(5032 5143 5194)
3(486 2162 67)
3(3520 271 5196)
3(68 2162 443)
3(272 3477 5196)
3(1420 3004 2163)
3(4454 5197 6038)
3(2110 2163 1999)
3(5144 5033 5197)
3(2124 3378 470)
3(5158 3504 6412)
3(2153 2154 2134)
3(5187 5168 5188)
3(2150 2156 2155)
3(5184 5189 5190)
3(2267 2269 2268)
3(5301 5302 5303)
3(2105 2149 2148)
3(5139 5182 5183)
3(1533 2551 2550)
3(4567 5584 5585)
3(2551 2552 2550)
3(5585 5584 5586)
3(2105 2262 2149)
3(5139 5183 5296)
3(2551 2553 2552)
3(5585 5586 5587)
3(1531 2262 1660)
3(4565 4694 5296)
3(1660 2262 2105)
3(4694 5139 5296)
3(1590 2262 1531)
3(4624 4565 5296)
3(2171 2654 487)
3(5205 3521 5688)
3(2170 2171 487)
3(5204 3521 5205)
3(466 2821 2164)
3(3500 5198 5855)
3(487 2807 2170)
3(3521 5204 5841)
3(1924 3018 1665)
3(4958 4699 6052)
3(3213 3274 2047)
3(6247 5081 6308)
3(439 2284 2172)
3(3473 5206 5318)
3(2170 2807 2172)
3(5204 5206 5841)
3(2172 2807 439)
3(5206 3473 5841)
3(2647 3213 2047)
3(5681 5081 6247)
3(2284 2645 2166)
3(5318 5200 5679)
3(439 2645 2284)
3(3473 5318 5679)
3(2164 2821 2165)
3(5198 5199 5855)
3(2166 2645 473)
3(5200 3507 5679)
3(473 2167 2166)
3(3507 5200 5201)
3(2047 3055 2647)
3(5081 5681 6089)
3(2165 2821 2646)
3(5199 5680 5855)
3(2175 3288 2785)
3(5209 5819 6322)
3(198 2168 199)
3(402 403 5202)
3(2567 3232 476)
3(5601 3510 6266)
3(1670 2623 1671)
3(4704 4705 5657)
3(195 2737 196)
3(399 400 5771)
3(423 2226 2173)
3(3457 5207 5260)
3(2173 2567 423)
3(5207 3457 5601)
3(2173 3232 2567)
3(5207 5601 6266)
3(423 2621 2226)
3(3457 5260 5655)
3(2226 2621 2227)
3(5260 5261 5655)
3(454 3199 2670)
3(3488 5704 6233)
3(2621 2670 2227)
3(5655 5261 5704)
3(2328 3291 1960)
3(5362 4994 6325)
3(473 2168 2167)
3(3507 5201 5202)
3(2670 3199 2227)
3(5704 5261 6233)
3(2328 3199 454)
3(5362 3488 6233)
3(454 3291 2328)
3(3488 5362 6325)
3(199 2168 473)
3(403 3507 5202)
3(186 2186 187)
3(390 391 5220)
3(418 2178 2176)
3(3452 5210 5212)
3(184 2181 185)
3(388 389 5215)
3(2828 3018 2086)
3(5862 5120 6052)
3(2179 3262 3217)
3(5213 6251 6296)
3(2164 3018 466)
3(5198 3500 6052)
3(181 2182 182)
3(385 386 5216)
3(2168 3299 2169)
3(5202 5203 6333)
3(1665 3018 2164)
3(4699 5198 6052)
3(2086 3018 1924)
3(5120 4958 6052)
3(2171 3274 3213)
3(5205 6247 6308)
3(2171 3213 2654)
3(5205 5688 6247)
3(2179 3217 456)
3(5213 3490 6251)
3(456 2180 2179)
3(3490 5213 5214)
3(2169 3299 2785)
3(5203 5819 6333)
3(2646 2647 2165)
3(5680 5199 5681)
3(418 2186 186)
3(3452 390 5220)
3(2785 3288 2169)
3(5819 5203 6322)
3(178 2185 179)
3(382 383 5219)
3(1959 2623 1670)
3(4993 4704 5657)
3(2622 2623 1959)
3(5656 4993 5657)
3(2176 2186 418)
3(5210 3452 5220)
3(1959 2737 2622)
3(4993 5656 5771)
3(934 2200 897)
3(3968 3931 5234)
3(2183 3156 425)
3(5217 3459 6190)
3(429 2737 2174)
3(3463 5208 5771)
3(196 2737 429)
3(400 3463 5771)
3(2647 3055 2165)
3(5681 5199 6089)
3(2174 2785 429)
3(5208 3463 5819)
3(2622 2737 195)
3(5656 399 5771)
3(2175 2785 2174)
3(5209 5208 5819)
3(476 3232 2623)
3(3510 5657 6266)
3(2183 3300 3156)
3(5217 6190 6334)
3(198 3299 2168)
3(402 5202 6333)
3(425 2184 2183)
3(3459 5217 5218)
3(185 2181 418)
3(389 3452 5215)
3(2623 3232 1671)
3(5657 4705 6266)
3(418 2181 2178)
3(3452 5212 5215)
3(3217 3262 2181)
3(6251 5215 6296)
3(182 2182 456)
3(386 3490 5216)
3(3290 3295 1968)
3(6324 5002 6329)
3(934 2201 2200)
3(3968 5234 5235)
3(1960 3291 2186)
3(4994 5220 6325)
3(2197 2376 2210)
3(5231 5244 5410)
3(1974 3295 3290)
3(5008 6324 6329)
3(2188 3308 3134)
3(5222 6168 6342)
3(980 3046 984)
3(4014 4018 6080)
3(1930 3228 2195)
3(4964 5229 6262)
3(2200 2201 1975)
3(5234 5009 5235)
3(469 2247 2188)
3(3503 5222 5281)
3(984 2406 986)
3(4018 4020 5440)
3(2247 2669 2189)
3(5281 5223 5703)
3(2188 3134 469)
3(5222 3503 6168)
3(984 3046 2406)
3(4018 5440 6080)
3(2349 3312 2348)
3(5383 5382 6346)
3(179 2185 425)
3(383 3459 5219)
3(897 2200 896)
3(3931 3930 5234)
3(2190 2192 1430)
3(5224 4464 5226)
3(456 2182 2180)
3(3490 5214 5216)
3(896 2200 2187)
3(3930 5221 5234)
3(469 2669 2247)
3(3503 5281 5703)
3(1309 2193 1415)
3(4343 4449 5227)
3(2187 2258 896)
3(5221 3930 5292)
3(1430 2194 2190)
3(4464 5224 5228)
3(1966 3216 3121)
3(5000 6155 6250)
3(2195 3228 1187)
3(5229 4221 6262)
3(184 3217 2181)
3(388 5215 6251)
3(1741 3121 2577)
3(4775 5611 6155)
3(2313 2348 1880)
3(5347 4914 5382)
3(1741 2577 2407)
3(4775 5441 5611)
3(2407 3021 1741)
3(5441 4775 6055)
3(2189 2669 432)
3(5223 3466 5703)
3(432 2197 2189)
3(3466 5223 5231)
3(432 2376 2197)
3(3466 5231 5410)
3(2190 2194 1700)
3(5224 4734 5228)
3(3121 3216 2577)
3(6155 5611 6250)
3(2206 2507 440)
3(5240 3474 5541)
3(2186 3291 187)
3(5220 391 6325)
3(2205 2507 2206)
3(5239 5240 5541)
3(181 3156 2182)
3(385 5216 6190)
3(2210 2376 468)
3(5244 3502 5410)
3(468 2507 2205)
3(3502 5239 5541)
3(3156 3300 2182)
3(6190 5216 6334)
3(2194 3109 1700)
3(5228 4734 6143)
3(2350 2407 1023)
3(5384 4057 5441)
3(1695 2313 1880)
3(4729 4914 5347)
3(2259 2813 1679)
3(5293 4713 5847)
3(178 3134 2185)
3(382 5219 6168)
3(3343 3346 2049)
3(6377 5083 6380)
3(2205 2210 468)
3(5239 3502 5244)
3(1700 3109 1747)
3(4734 4781 6143)
3(2258 2813 2259)
3(5292 5293 5847)
3(2192 2193 1430)
3(5226 4464 5227)
3(474 2514 2245)
3(3508 5279 5548)
3(1679 2855 2259)
3(4713 5293 5889)
3(1975 3309 1974)
3(5009 5008 6343)
3(3134 3308 2185)
3(6168 5219 6342)
3(2168 2169 2167)
3(5202 5201 5203)
3(2187 2813 2258)
3(5221 5292 5847)
3(425 2185 2184)
3(3459 5218 5219)
3(1430 2193 1309)
3(4464 4343 5227)
3(1679 3172 2855)
3(4713 5889 6206)
3(1967 3185 1970)
3(5001 5004 6219)
3(1024 2520 2298)
3(4058 5332 5554)
3(986 2406 1023)
3(4020 4057 5440)
3(2350 3021 2407)
3(5384 5441 6055)
3(1967 2734 2204)
3(5001 5238 5768)
3(1421 3055 1422)
3(4455 4456 6089)
3(1747 3109 2422)
3(4781 5456 6143)
3(2245 2514 2244)
3(5279 5278 5548)
3(2209 2921 717)
3(5243 3751 5955)
3(1992 2921 2209)
3(5026 5243 5955)
3(3038 3294 2217)
3(6072 5251 6328)
3(1029 3046 980)
3(4063 4014 6080)
3(1023 2406 2350)
3(4057 5384 5440)
3(1916 3325 2697)
3(4950 5731 6359)
3(1972 2363 2297)
3(5006 5331 5397)
3(1024 2298 2297)
3(4058 5331 5332)
3(2297 2363 1024)
3(5331 4058 5397)
3(2855 3172 2193)
3(5889 5227 6206)
3(2220 2606 1170)
3(5254 4204 5640)
3(2520 2956 2298)
3(5554 5332 5990)
3(1150 2956 2520)
3(4184 5554 5990)
3(2204 3185 1967)
3(5238 5001 6219)
3(2196 2606 2220)
3(5230 5254 5640)
3(2818 3182 1431)
3(5852 4465 6216)
3(717 2606 2196)
3(3751 5230 5640)
3(2053 3340 1634)
3(5087 4668 6374)
3(2401 2683 2404)
3(5435 5438 5717)
3(1807 3238 1863)
3(4841 4897 6272)
3(1498 3293 3292)
3(4532 6326 6327)
3(3223 3289 2431)
3(6257 5465 6323)
3(2204 2734 1223)
3(5238 4257 5768)
3(2201 3309 1975)
3(5235 5009 6343)
3(2203 2279 865)
3(5237 3899 5313)
3(2242 2243 1683)
3(5276 4717 5277)
3(523 3296 834)
3(3557 3868 6330)
3(440 3049 2206)
3(3474 5240 6083)
3(2276 3184 3032)
3(5310 6066 6218)
3(2196 2209 717)
3(5230 3751 5243)
3(2198 2204 1223)
3(5232 4257 5238)
3(2348 3312 1880)
3(5382 4914 6346)
3(2973 3049 1757)
3(6007 4791 6083)
3(2404 2683 1341)
3(5438 4375 5717)
3(2180 3300 2838)
3(5214 5872 6334)
3(1757 2244 1548)
3(4791 4582 5278)
3(2276 3032 2275)
3(5310 5309 6066)
3(1170 2429 2220)
3(4204 5254 5463)
3(1252 3003 2275)
3(4286 5309 6037)
3(1007 2412 1005)
3(4041 4039 5446)
3(1932 3311 2077)
3(4966 5111 6345)
3(2497 3026 2496)
3(5531 5530 6060)
3(1811 3026 2497)
3(4845 5531 6060)
3(1929 3228 1930)
3(4963 4964 6262)
3(1003 3067 1001)
3(4037 4035 6101)
3(1170 2430 2429)
3(4204 5463 5464)
3(2048 3328 3327)
3(5082 6361 6362)
3(2956 3216 1966)
3(5990 5000 6250)
3(1973 3016 2279)
3(5007 5313 6050)
3(1696 3282 1698)
3(4730 4732 6316)
3(1025 2979 2682)
3(4059 5716 6013)
3(1340 2399 2397)
3(4374 5431 5433)
3(2275 3003 2272)
3(5309 5306 6037)
3(1683 2244 2242)
3(4717 5276 5278)
3(1187 3226 2195)
3(4221 5229 6260)
3(1310 2631 2215)
3(4344 5249 5665)
3(1139 2631 1310)
3(4173 4344 5665)
3(2329 2970 2249)
3(5363 5283 6004)
3(1223 2920 2198)
3(4257 5232 5954)
3(1974 3309 3295)
3(5008 6329 6343)
3(2309 2780 2215)
3(5343 5249 5814)
3(2279 3016 865)
3(5313 3899 6050)
3(1025 2980 2979)
3(4059 6013 6014)
3(1793 2758 2426)
3(4827 5460 5792)
3(2428 2432 1572)
3(5462 4606 5466)
3(1446 2676 2291)
3(4480 5325 5710)
3(2372 3265 834)
3(5406 3868 6299)
3(2245 2536 474)
3(5279 3508 5570)
3(1001 2405 999)
3(4035 4033 5439)
3(2375 2775 611)
3(5409 3645 5809)
3(3327 3328 1685)
3(6361 4719 6362)
3(2238 2375 611)
3(5272 3645 5409)
3(611 2508 2238)
3(3645 5272 5542)
3(2215 2780 1310)
3(5249 4344 5814)
3(2175 2434 2410)
3(5209 5444 5468)
3(1000 3044 1002)
3(4034 4036 6078)
3(590 3108 2843)
3(3624 5877 6142)
3(2238 2508 2236)
3(5272 5270 5542)
3(1001 3067 2405)
3(4035 5439 6101)
3(1431 3182 2426)
3(4465 5460 6216)
3(2387 3179 2390)
3(5421 5424 6213)
3(2217 3294 761)
3(5251 3795 6328)
3(2368 2466 976)
3(5402 4010 5500)
3(2236 2508 1213)
3(5270 4247 5542)
3(2371 3265 2372)
3(5405 5406 6299)
3(2311 3306 3227)
3(5345 6261 6340)
3(725 2624 2199)
3(3759 5233 5658)
3(2246 2253 1973)
3(5280 5007 5287)
3(834 3296 2372)
3(3868 5406 6330)
3(1664 3055 1421)
3(4698 4455 6089)
3(1682 2246 1973)
3(4716 5007 5280)
3(2330 3038 1837)
3(5364 4871 6072)
3(1757 2245 2244)
3(4791 5278 5279)
3(2253 3016 1973)
3(5287 5007 6050)
3(1339 2405 2392)
3(4373 5426 5439)
3(934 2202 2201)
3(3968 5235 5236)
3(2375 2776 2775)
3(5409 5809 5810)
3(2589 3138 2590)
3(5623 5624 6172)
3(1869 3083 2498)
3(4903 5532 6117)
3(2193 3172 1415)
3(5227 4449 6206)
3(1339 2392 2390)
3(4373 5424 5426)
3(2368 2783 2466)
3(5402 5500 5817)
3(2243 2246 1683)
3(5277 4717 5280)
3(865 2453 2203)
3(3899 5237 5487)
3(2308 2920 1086)
3(5342 4120 5954)
3(950 3198 2027)
3(3984 5061 6232)
3(1143 2246 2243)
3(4177 5277 5280)
3(2453 2924 1978)
3(5487 5012 5958)
3(1341 3040 2404)
3(4375 5438 6074)
3(2244 2514 2242)
3(5278 5276 5548)
3(1446 2291 2289)
3(4480 5323 5325)
3(2329 2330 1837)
3(5363 4871 5364)
3(628 2939 2540)
3(3662 5574 5973)
3(2498 3083 2695)
3(5532 5729 6117)
3(574 2303 572)
3(3608 3606 5337)
3(1931 2265 1928)
3(4965 4962 5299)
3(1005 2412 1340)
3(4039 4374 5446)
3(1213 2843 2237)
3(4247 5271 5877)
3(1213 2237 2236)
3(4247 5270 5271)
3(2243 2841 1143)
3(5277 4177 5875)
3(2203 2453 1978)
3(5237 5012 5487)
3(999 2405 1339)
3(4033 4373 5439)
3(1548 2244 1683)
3(4582 4717 5278)
3(3244 3264 2466)
3(6278 5500 6298)
3(1683 2246 1682)
3(4717 4716 5280)
3(866 2224 2223)
3(3900 5257 5258)
3(2198 2920 2308)
3(5232 5342 5954)
3(2515 3065 751)
3(5549 3785 6099)
3(2540 2939 2497)
3(5574 5531 5973)
3(1151 2490 2489)
3(4185 5523 5524)
3(2489 2689 1151)
3(5523 4185 5723)
3(2206 3049 2973)
3(5240 6007 6083)
3(2412 2683 2401)
3(5446 5435 5717)
3(2404 3040 2952)
3(5438 5986 6074)
3(2390 3179 1339)
3(5424 4373 6213)
3(1161 3206 3150)
3(4195 6184 6240)
3(2982 2999 1755)
3(6016 4789 6033)
3(1793 2426 2425)
3(4827 5459 5460)
3(801 2225 803)
3(3835 3837 5259)
3(993 2790 1338)
3(4027 4372 5824)
3(2182 3300 2180)
3(5216 5214 6334)
3(2245 3049 2536)
3(5279 5570 6083)
3(2216 2519 1437)
3(5250 4471 5553)
3(1904 2329 2249)
3(4938 5283 5363)
3(2413 2853 1925)
3(5447 4959 5887)
3(2590 3138 625)
3(5624 3659 6172)
3(3231 3237 959)
3(6265 3993 6271)
3(3344 3345 2296)
3(6378 5330 6379)
3(973 2425 2424)
3(4007 5458 5459)
3(1980 2740 2739)
3(5014 5773 5774)
3(1757 3049 2245)
3(4791 5279 6083)
3(2843 3108 2237)
3(5877 5271 6142)
3(445 2526 2239)
3(3479 5273 5560)
3(1977 2309 2215)
3(5011 5249 5343)
3(2432 2440 1572)
3(5466 4606 5474)
3(2218 2689 2489)
3(5252 5523 5723)
3(2199 2923 725)
3(5233 3759 5957)
3(2240 2841 2243)
3(5274 5277 5875)
3(2426 2758 1431)
3(5460 4465 5792)
3(973 2568 2425)
3(4007 5459 5602)
3(788 2689 2218)
3(3822 5252 5723)
3(2221 2612 1156)
3(5255 4190 5646)
3(2739 2741 1980)
3(5773 5014 5775)
3(2612 2724 1156)
3(5646 4190 5758)
3(1687 2740 1980)
3(4721 5014 5774)
3(634 2430 1170)
3(3668 4204 5464)
3(2210 2309 2197)
3(5244 5231 5343)
3(1422 3055 2047)
3(4456 5081 6089)
3(3212 3222 1901)
3(6246 4935 6256)
3(1736 2211 1734)
3(4770 4768 5245)
3(2375 3140 2776)
3(5409 5810 6174)
3(2248 3051 1149)
3(5282 4183 6085)
3(2230 2724 2612)
3(5264 5646 5758)
3(2497 2939 1811)
3(5531 4845 5973)
3(2682 2979 1979)
3(5716 5013 6013)
3(2565 3015 2619)
3(5599 5653 6049)
3(972 2424 1021)
3(4006 4055 5458)
3(1805 3264 3244)
3(4839 6278 6298)
3(1970 3185 2209)
3(5004 5243 6219)
3(1688 2740 1687)
3(4722 4721 5774)
3(570 2724 2230)
3(3604 5264 5758)
3(2330 3294 3038)
3(5364 6072 6328)
3(3082 3205 1393)
3(6116 4427 6239)
3(2952 3040 1988)
3(5986 5022 6074)
3(3240 3251 2540)
3(6274 5574 6285)
3(1698 3282 2254)
3(4732 5288 6316)
3(919 3305 3302)
3(3953 6336 6339)
3(1929 3227 2958)
3(4963 5992 6261)
3(632 2430 634)
3(3666 3668 5464)
3(2496 3026 2498)
3(5530 5532 6060)
3(2905 2985 2679)
3(5939 5713 6019)
3(2776 3140 1863)
3(5810 4897 6174)
3(1863 3238 2776)
3(4897 5810 6272)
3(1793 2568 1701)
3(4827 4735 5602)
3(1809 2319 1782)
3(4843 4816 5353)
3(899 3280 2207)
3(3933 5241 6314)
3(1007 2683 2412)
3(4041 5446 5717)
3(1025 3044 2980)
3(4059 6014 6078)
3(1340 2412 2399)
3(4374 5433 5446)
3(2681 2682 1979)
3(5715 5013 5716)
3(1340 3067 1003)
3(4374 4037 6101)
3(866 2235 2224)
3(3900 5258 5269)
3(2958 3228 1929)
3(5992 4963 6262)
3(866 2225 801)
3(3900 3835 5259)
3(1149 2733 2248)
3(4183 5282 5767)
3(3075 3145 2990)
3(6109 6024 6179)
3(2371 2767 1898)
3(5405 4932 5801)
3(2663 2746 2233)
3(5697 5267 5780)
3(2049 3346 2277)
3(5083 5311 6380)
3(797 2235 799)
3(3831 3833 5269)
3(887 3180 2972)
3(3921 6006 6214)
3(2289 2678 1446)
3(5323 4480 5712)
3(1978 2924 2923)
3(5012 5957 5958)
3(2937 3048 1048)
3(5971 4082 6082)
3(1222 3251 3240)
3(4256 6274 6285)
3(2227 3199 3175)
3(5261 6209 6233)
3(1972 3044 2363)
3(5006 5397 6078)
3(3285 3316 2202)
3(6319 5236 6350)
3(2327 2337 1245)
3(5361 4279 5371)
3(2397 3067 1340)
3(5431 4374 6101)
3(2291 3065 2515)
3(5325 5549 6099)
3(546 2671 544)
3(3580 3578 5705)
3(1149 2631 1139)
3(4183 4173 5665)
3(2275 3032 1252)
3(5309 4286 6066)
3(1837 2970 2329)
3(4871 5363 6004)
3(2310 3019 2940)
3(5344 5974 6053)
3(2230 2231 570)
3(5264 3604 5265)
3(493 2285 496)
3(3527 3530 5319)
3(3268 3279 1912)
3(6302 4946 6313)
3(1964 2247 2189)
3(4998 5223 5281)
3(896 2258 872)
3(3930 3906 5292)
3(2207 3276 899)
3(5241 3933 6310)
3(1022 2789 2261)
3(4056 5295 5823)
3(1409 2995 2966)
3(4443 6000 6029)
3(1937 2266 2038)
3(4971 5072 5300)
3(2407 2576 1023)
3(5441 4057 5610)
3(1814 2780 2309)
3(4848 5343 5814)
3(1199 3289 3223)
3(4233 6257 6323)
3(3302 3305 2306)
3(6336 5340 6339)
3(1087 2920 1090)
3(4121 4124 5954)
3(1674 3015 2565)
3(4708 5599 6049)
3(507 3226 1187)
3(3541 4221 6260)
3(572 2303 1156)
3(3606 4190 5337)
3(2425 2568 1793)
3(5459 4827 5602)
3(2231 2746 570)
3(5265 3604 5780)
3(2571 2900 1829)
3(5605 4863 5934)
3(2223 2225 866)
3(5257 3900 5259)
3(3135 3190 2649)
3(6169 5683 6224)
3(2208 2311 1681)
3(5242 4715 5345)
3(508 2253 506)
3(3542 3540 5287)
3(872 2258 893)
3(3906 3927 5292)
3(2260 2789 1198)
3(5294 4232 5823)
3(2416 2687 1437)
3(5450 4471 5721)
3(2233 2746 2231)
3(5267 5265 5780)
3(506 2253 1143)
3(3540 4177 5287)
3(2415 2419 1982)
3(5449 5016 5453)
3(1437 2687 2216)
3(4471 5250 5721)
3(2422 3182 1747)
3(5456 4781 6216)
3(2384 2386 2385)
3(5418 5419 5420)
3(2536 3049 440)
3(5570 3474 6083)
3(493 2286 2285)
3(3527 5319 5320)
3(1156 2303 2221)
3(4190 5255 5337)
3(1672 2434 2175)
3(4706 5209 5468)
3(1772 2923 1773)
3(4806 4807 5957)
3(2261 2789 2260)
3(5295 5294 5823)
3(1143 2253 2246)
3(4177 5280 5287)
3(2007 2900 2571)
3(5041 5605 5934)
3(973 2424 972)
3(4007 4006 5458)
3(1849 2306 1519)
3(4883 4553 5340)
3(2197 2309 1977)
3(5231 5011 5343)
3(1579 2355 2333)
3(4613 5367 5389)
3(1883 3001 1884)
3(4917 4918 6035)
3(1928 2265 1927)
3(4962 4961 5299)
3(1927 2264 2263)
3(4961 5297 5298)
3(2681 2951 1026)
3(5715 4060 5985)
3(2216 2568 2519)
3(5250 5553 5602)
3(834 3265 3245)
3(3868 6279 6299)
3(1002 3044 1025)
3(4036 4059 6078)
3(2284 2889 2172)
3(5318 5206 5923)
3(3080 3297 848)
3(6114 3882 6331)
3(2699 2981 2347)
3(5733 5381 6015)
3(1774 2316 2203)
3(4808 5237 5350)
3(1980 2741 2693)
3(5014 5727 5775)
3(1956 2853 2413)
3(4990 5447 5887)
3(2203 2316 2279)
3(5237 5313 5350)
3(799 2235 866)
3(3833 3900 5269)
3(1995 2879 2364)
3(5029 5398 5913)
3(869 2288 903)
3(3903 3937 5322)
3(1151 2671 2490)
3(4185 5524 5705)
3(1750 3068 1748)
3(4784 4782 6102)
3(1905 3249 2331)
3(4939 5365 6283)
3(2209 3185 1992)
3(5243 5026 6219)
3(539 3258 1199)
3(3573 4233 6292)
3(2862 2900 2007)
3(5896 5041 5934)
3(1280 3160 3098)
3(4314 6132 6194)
3(1568 2918 2720)
3(4602 5754 5952)
3(2439 2964 2294)
3(5473 5328 5998)
3(2498 3026 1869)
3(5532 4903 6060)
3(2241 3107 445)
3(5275 3479 6141)
3(517 3280 899)
3(3551 3933 6314)
3(2697 3325 1684)
3(5731 4718 6359)
3(1727 2955 1728)
3(4761 4762 5989)
3(1782 2319 1784)
3(4816 4818 5353)
3(1809 2320 2319)
3(4843 5353 5354)
3(1979 2951 2681)
3(5013 5715 5985)
3(2217 3208 2028)
3(5251 5062 6242)
3(2379 2383 2382)
3(5413 5416 5417)
3(197 3299 198)
3(401 402 6333)
3(1390 2591 2588)
3(4424 5622 5625)
3(1511 2358 1514)
3(4545 4548 5392)
3(1621 3250 1876)
3(4655 4910 6284)
3(2239 2526 2234)
3(5273 5268 5560)
3(2531 2981 2699)
3(5565 5733 6015)
3(2384 2385 2383)
3(5418 5417 5419)
3(2225 2687 2416)
3(5259 5450 5721)
3(659 2949 670)
3(3693 3704 5983)
3(1148 2314 1147)
3(4182 4181 5348)
3(3230 3239 2377)
3(6264 5411 6273)
3(2881 3241 3178)
3(5915 6212 6275)
3(1699 2693 1819)
3(4733 4853 5727)
3(2014 3079 2587)
3(5048 5621 6113)
3(2027 3198 2633)
3(5061 5667 6232)
3(2042 3215 1845)
3(5076 4879 6249)
3(1021 2424 2421)
3(4055 5455 5458)
3(1884 3001 2902)
3(4918 5936 6035)
3(2438 2964 2439)
3(5472 5473 5998)
3(466 3018 2828)
3(3500 5862 6052)
3(1927 2263 1647)
3(4961 4681 5297)
3(1933 2219 1920)
3(4967 4954 5253)
3(1774 2513 2316)
3(4808 5350 5547)
3(2364 2879 1539)
3(5398 4573 5913)
3(1149 3051 2631)
3(4183 5665 6085)
3(2468 2469 1640)
3(5502 4674 5503)
3(2429 2432 2428)
3(5463 5462 5466)
3(2923 2924 725)
3(5957 3759 5958)
3(1689 2239 2234)
3(4723 5268 5273)
3(2842 3066 2961)
3(5876 5995 6100)
3(1908 2360 2358)
3(4942 5392 5394)
3(2674 3106 2476)
3(5708 5510 6140)
3(1352 2427 1589)
3(4386 4623 5461)
3(1981 2321 2059)
3(5015 5093 5355)
3(1026 2419 2415)
3(4060 5449 5453)
3(2249 2486 1904)
3(5283 4938 5520)
3(1863 3140 3130)
3(4897 6164 6174)
3(2940 3019 2235)
3(5974 5269 6053)
3(2629 2978 2967)
3(5663 6001 6012)
3(1652 2437 2082)
3(4686 5116 5471)
3(1936 2266 1937)
3(4970 4971 5300)
3(1475 2586 1474)
3(4509 4508 5620)
3(2473 3224 1222)
3(5507 4256 6258)
3(1827 3163 3104)
3(4861 6138 6197)
3(2745 3001 1883)
3(5779 4917 6035)
3(1883 3047 2745)
3(4917 5779 6081)
3(2007 2901 2862)
3(5041 5896 5935)
3(2333 2355 1990)
3(5367 5024 5389)
3(3083 3142 1113)
3(6117 4147 6176)
3(2301 2509 1471)
3(5335 4505 5543)
3(2294 3098 2439)
3(5328 5473 6132)
3(1452 3024 920)
3(4486 3954 6058)
3(2383 2385 2382)
3(5417 5416 5419)
3(2218 2693 788)
3(5252 3822 5727)
3(827 3158 2991)
3(3861 6025 6192)
3(2180 2838 1961)
3(5214 4995 5872)
3(2261 2999 2982)
3(5295 6016 6033)
3(2239 2241 445)
3(5273 3479 5275)
3(2272 3003 1642)
3(5306 4676 6037)
3(1112 2818 1165)
3(4146 4199 5852)
3(2310 2940 1158)
3(5344 4192 5974)
3(2723 2894 1288)
3(5757 4322 5928)
3(1917 2438 1744)
3(4951 4778 5472)
3(2541 2542 1305)
3(5575 4339 5576)
3(1026 2951 2419)
3(4060 5453 5985)
3(1681 2311 1563)
3(4715 4597 5345)
3(2173 2226 1853)
3(5207 4887 5260)
3(761 3208 2217)
3(3795 5251 6242)
3(2519 2568 973)
3(5553 4007 5602)
3(1320 2417 1290)
3(4354 4324 5451)
3(2436 2452 1985)
3(5470 5019 5486)
3(2303 3011 2222)
3(5337 5256 6045)
3(2378 2383 2379)
3(5412 5413 5417)
3(774 2575 793)
3(3808 3827 5609)
3(1353 2327 1245)
3(4387 4279 5361)
3(2222 3011 2972)
3(5256 6006 6045)
3(951 3270 3235)
3(3985 6269 6304)
3(1439 2673 2528)
3(4473 5562 5707)
3(2862 2901 2863)
3(5896 5897 5935)
3(139 2642 140)
3(343 344 5676)
3(549 2671 546)
3(3583 3580 5705)
3(1958 2270 1526)
3(4992 4560 5304)
3(2333 2335 1579)
3(5367 4613 5369)
3(1940 2332 1753)
3(4974 4787 5366)
3(156 2819 157)
3(360 361 5853)
3(1834 2933 1832)
3(4868 4866 5967)
3(1474 2586 1743)
3(4508 4777 5620)
3(2299 3191 1888)
3(5333 4922 6225)
3(1995 2364 2228)
3(5029 5262 5398)
3(1079 2680 1318)
3(4113 4352 5714)
3(1361 2732 2278)
3(4395 5312 5766)
3(1391 2531 1392)
3(4425 4426 5565)
3(2863 2901 1847)
3(5897 4881 5935)
3(2248 2733 2278)
3(5282 5312 5767)
3(2467 2468 1640)
3(5501 4674 5502)
3(2706 3090 2342)
3(5740 5376 6124)
3(2233 2805 2663)
3(5267 5697 5839)
3(2562 3124 2563)
3(5596 5597 6158)
3(1449 2814 2362)
3(4483 5396 5848)
3(1471 2302 2301)
3(4505 5335 5336)
3(1701 2568 2216)
3(4735 5250 5602)
3(2563 3124 2991)
3(5597 6025 6158)
3(2740 3108 590)
3(5774 3624 6142)
3(2850 2883 1246)
3(5884 4280 5917)
3(2192 2855 2193)
3(5226 5227 5889)
3(900 2527 961)
3(3934 3995 5561)
3(1129 2323 1403)
3(4163 4437 5357)
3(1453 2452 1457)
3(4487 4491 5486)
3(1690 2374 2238)
3(4724 5272 5408)
3(1132 2408 1236)
3(4166 4270 5442)
3(1494 2257 2255)
3(4528 5289 5291)
3(2431 3289 2432)
3(5465 5466 6323)
3(1803 2455 1805)
3(4837 4839 5489)
3(2676 3065 2291)
3(5710 5325 6099)
3(2367 3242 3235)
3(5401 6269 6276)
3(2430 2431 2429)
3(5464 5463 5465)
3(574 3011 2303)
3(3608 5337 6045)
3(1084 2927 1081)
3(4118 4115 5961)
3(1691 2529 1145)
3(4725 4179 5563)
3(3208 3245 2028)
3(6242 5062 6279)
3(544 2671 1151)
3(3578 4185 5705)
3(2693 2741 788)
3(5727 3822 5775)
3(2664 2805 1569)
3(5698 4603 5839)
3(2181 3262 2178)
3(5215 5212 6296)
3(880 2869 850)
3(3914 3884 5903)
3(1071 2897 2756)
3(4105 5790 5931)
3(1390 2588 2587)
3(4424 5621 5622)
3(2904 2933 1834)
3(5938 4868 5967)
3(2369 2767 2371)
3(5403 5405 5801)
3(2686 3281 3236)
3(5720 6270 6315)
3(2641 2642 139)
3(5675 343 5676)
3(422 2644 141)
3(3456 345 5678)
3(602 3165 1829)
3(3636 4863 6199)
3(961 2527 1051)
3(3995 4085 5561)
3(1023 2576 988)
3(4057 4022 5610)
3(1024 2363 998)
3(4058 4032 5397)
3(2363 3044 1000)
3(5397 4034 6078)
3(1025 2682 1004)
3(4059 4038 5716)
3(1455 2891 1456)
3(4489 4490 5925)
3(1982 2419 1711)
3(5016 4745 5453)
3(1972 2297 1725)
3(5006 4759 5331)
3(2044 2640 2564)
3(5078 5598 5674)
3(2301 2639 2509)
3(5335 5543 5673)
3(2302 3105 3086)
3(5336 6120 6139)
3(2790 3179 2387)
3(5824 5421 6213)
3(2463 3043 2569)
3(5497 5603 6077)
3(2626 3168 3120)
3(5660 6154 6202)
3(1689 2234 500)
3(4723 3534 5268)
3(1222 3224 599)
3(4256 3633 6258)
3(2318 2810 721)
3(5352 3755 5844)
3(903 2288 1162)
3(3937 4196 5322)
3(1338 2790 2384)
3(4372 5418 5824)
3(2323 2324 1403)
3(5357 4437 5358)
3(2855 3061 2259)
3(5889 5293 6095)
3(2581 2819 156)
3(5615 360 5853)
3(835 2886 2561)
3(3869 5595 5920)
3(1457 2452 2436)
3(4491 5470 5486)
3(2824 2917 1463)
3(5858 4497 5951)
3(2452 2874 1985)
3(5486 5019 5908)
3(2588 3138 2589)
3(5622 5623 6172)
3(2826 3162 3059)
3(5860 6093 6196)
3(1251 2408 1132)
3(4285 4166 5442)
3(1293 2314 1148)
3(4327 4182 5348)
3(2410 2434 1297)
3(5444 4331 5468)
3(1392 2531 1542)
3(4426 4576 5565)
3(1519 2306 1521)
3(4553 4555 5340)
3(2024 2280 2021)
3(5058 5055 5314)
3(2346 3054 2929)
3(5380 5963 6088)
3(2762 2805 2798)
3(5796 5832 5839)
3(1505 3112 1508)
3(4539 4542 6146)
3(1572 2710 2428)
3(4606 5462 5744)
3(1815 2455 1803)
3(4849 4837 5489)
3(1090 2920 1223)
3(4124 4257 5954)
3(1659 2327 1353)
3(4693 4387 5361)
3(2967 2978 1449)
3(6001 4483 6012)
3(1644 2948 1520)
3(4678 4554 5982)
3(2278 2732 2282)
3(5312 5316 5766)
3(2288 2678 2289)
3(5322 5323 5712)
3(1157 2874 2452)
3(4191 5486 5908)
3(1190 2817 2584)
3(4224 5618 5851)
3(1589 2427 1982)
3(4623 5016 5461)
3(2223 2687 2225)
3(5257 5259 5721)
3(1153 2583 1256)
3(4187 4290 5617)
3(1399 2369 1400)
3(4433 4434 5403)
3(1707 2436 2300)
3(4741 5334 5470)
3(2435 2743 2597)
3(5469 5631 5777)
3(970 2680 1079)
3(4004 4113 5714)
3(1290 2417 1287)
3(4324 4321 5451)
3(1510 2358 1511)
3(4544 4545 5392)
3(2469 2736 1640)
3(5503 4674 5770)
3(2177 2541 1677)
3(5211 4711 5575)
3(1865 2348 2313)
3(4899 5347 5382)
3(1689 2841 2240)
3(4723 5274 5875)
3(2720 2982 1755)
3(5754 4789 6016)
3(2257 2968 2477)
3(5291 5511 6002)
3(3046 3312 2349)
3(6080 5383 6346)
3(1125 2695 1045)
3(4159 4079 5729)
3(1065 2909 1191)
3(4099 4225 5943)
3(1326 3100 3076)
3(4360 6110 6134)
3(1461 2513 1774)
3(4495 4808 5547)
3(2427 3057 1982)
3(5461 5016 6091)
3(1032 2307 944)
3(4066 3978 5341)
3(1160 2893 2569)
3(4194 5603 5927)
3(1747 3182 2818)
3(4781 5852 6216)
3(1995 2228 1935)
3(5029 4969 5262)
3(3098 3160 2439)
3(6132 5473 6194)
3(934 2915 2202)
3(3968 5236 5949)
3(1174 2492 1176)
3(4208 4210 5526)
3(1980 2693 1699)
3(5014 4733 5727)
3(2019 2589 2022)
3(5053 5056 5623)
3(809 2678 811)
3(3843 3845 5712)
3(1484 2292 1276)
3(4518 4310 5326)
3(2799 2944 1469)
3(5833 4503 5978)
3(1773 2923 2199)
3(4807 5233 5957)
3(2719 2985 2720)
3(5753 5754 6019)
3(141 2644 142)
3(345 346 5678)
3(2325 2715 1403)
3(5359 4437 5749)
3(1479 3189 2633)
3(4513 5667 6223)
3(2980 3044 1972)
3(6014 5006 6078)
3(520 2624 518)
3(3554 3552 5658)
3(1440 2686 785)
3(4474 3819 5720)
3(2164 2165 1664)
3(5198 4698 5199)
3(1927 2265 2264)
3(4961 5298 5299)
3(1946 3144 2539)
3(4980 5573 6178)
3(2546 2547 2545)
3(5580 5579 5581)
3(793 2575 1158)
3(3827 4192 5609)
3(2335 2946 1579)
3(5369 4613 5980)
3(1702 2687 2223)
3(4736 5257 5721)
3(2755 2756 2688)
3(5789 5722 5790)
3(856 2967 1449)
3(3890 4483 6001)
3(1662 1947 1663)
3(4696 4697 4981)
3(2368 3242 2367)
3(5402 5401 6276)
3(443 2543 69)
3(3477 273 5577)
3(2695 3083 1113)
3(5729 4147 6117)
3(1761 2619 1764)
3(4795 4798 5653)
3(2334 2336 2335)
3(5368 5369 5370)
3(1859 2916 1540)
3(4893 4574 5950)
3(3050 3099 2476)
3(6084 5510 6133)
3(2225 2416 803)
3(5259 3837 5450)
3(861 2599 2598)
3(3895 5632 5633)
3(2199 3238 1807)
3(5233 4841 6272)
3(1947 2132 2100)
3(4981 5134 5166)
3(2680 2985 2719)
3(5714 5753 6019)
3(497 3187 499)
3(3531 3533 6221)
3(1021 2421 1077)
3(4055 4111 5455)
3(1071 2756 1069)
3(4105 4103 5790)
3(1832 2911 1105)
3(4866 4139 5945)
3(1409 2966 1175)
3(4443 4209 6000)
3(1501 2971 1995)
3(4535 5029 6005)
3(2358 2359 1514)
3(5392 4548 5393)
3(1900 3212 1901)
3(4934 4935 6246)
3(875 2905 2679)
3(3909 5713 5939)
3(1521 2304 1523)
3(4555 4557 5338)
3(2061 2364 1539)
3(5095 4573 5398)
3(1978 2923 1772)
3(5012 4806 5957)
3(1030 2315 958)
3(4064 3992 5349)
3(996 2520 1024)
3(4030 4058 5554)
3(2635 3086 969)
3(5669 4003 6120)
3(2278 2733 1361)
3(5312 4395 5767)
3(1744 2438 2417)
3(4778 5451 5472)
3(1796 2783 1799)
3(4830 4833 5817)
3(2824 3009 2917)
3(5858 5951 6043)
3(813 2639 2446)
3(3847 5480 5673)
3(1449 2362 906)
3(4483 3940 5396)
3(1142 2877 1313)
3(4176 4347 5911)
3(1682 1973 1686)
3(4716 4720 5007)
3(1938 2070 1911)
3(4972 4945 5104)
3(3042 3210 1934)
3(6076 4968 6244)
3(2575 3043 2463)
3(5609 5497 6077)
3(163 496 460)
3(367 3494 3530)
3(763 3008 765)
3(3797 3799 6042)
3(1549 2818 1112)
3(4583 4146 5852)
3(1147 2314 1692)
3(4181 4726 5348)
3(1520 2948 1517)
3(4554 4551 5982)
3(1570 2440 1902)
3(4604 4936 5474)
3(47 2521 48)
3(251 252 5555)
3(1990 2357 1413)
3(5024 4447 5391)
3(1819 2693 2218)
3(4853 5252 5727)
3(2237 2936 1826)
3(5271 4860 5970)
3(1864 3070 2726)
3(4898 5760 6104)
3(2798 2805 2233)
3(5832 5267 5839)
3(1246 2883 1354)
3(4280 4388 5917)
3(1288 2894 1286)
3(4322 4320 5928)
3(1494 2968 2257)
3(4528 5291 6002)
3(2002 2794 2774)
3(5036 5808 5828)
3(2446 2965 813)
3(5480 3847 5999)
3(1228 2564 2512)
3(4262 5546 5598)
3(2769 2963 2675)
3(5803 5709 5997)
3(733 2575 774)
3(3767 3808 5609)
3(2832 2871 1048)
3(5866 4082 5905)
3(1233 2323 1129)
3(4267 4163 5357)
3(1984 2817 2312)
3(5018 5346 5851)
3(2614 2963 2769)
3(5648 5803 5997)
3(2699 3237 3231)
3(5733 6265 6271)
3(516 2924 514)
3(3550 3548 5958)
3(1245 2337 1212)
3(4279 4246 5371)
3(2509 2639 813)
3(5543 3847 5673)
3(3175 3199 1676)
3(6209 4710 6233)
3(2387 2388 2386)
3(5421 5420 5422)
3(2528 2673 2527)
3(5562 5561 5707)
3(996 1024 998)
3(4030 4032 4058)
3(2512 2632 1228)
3(5546 4262 5666)
3(1458 2891 1455)
3(4492 4489 5925)
3(1799 2367 2366)
3(4833 5400 5401)
3(2514 3107 2241)
3(5548 5275 6141)
3(2307 2978 2629)
3(5341 5663 6012)
3(2350 2406 2349)
3(5384 5383 5440)
3(2720 2985 1568)
3(5754 4602 6019)
3(2083 2413 1925)
3(5117 4959 5447)
3(2996 3209 607)
3(6030 3641 6243)
3(1088 2601 1085)
3(4122 4119 5635)
3(1904 2486 1571)
3(4938 4605 5520)
3(1168 3192 3110)
3(4202 6144 6226)
3(1572 2440 1570)
3(4606 4604 5474)
3(1624 1625 1623)
3(4658 4657 4659)
3(2839 2976 1778)
3(5873 4812 6010)
3(2234 2738 498)
3(5268 3532 5772)
3(704 2532 2351)
3(3738 5385 5566)
3(1429 2491 1306)
3(4463 4340 5525)
3(1484 2293 2292)
3(4518 5326 5327)
3(1908 2358 1510)
3(4942 4544 5392)
3(1562 2499 1907)
3(4596 4941 5533)
3(1752 2592 2493)
3(4786 5527 5626)
3(2192 3061 2855)
3(5226 5889 6095)
3(2528 3106 2674)
3(5562 5708 6140)
3(2569 2893 2570)
3(5603 5604 5927)
3(2609 2610 2608)
3(5643 5642 5644)
3(523 834 525)
3(3557 3559 3868)
3(655 2566 2433)
3(3689 5467 5600)
3(670 2949 1471)
3(3704 4505 5983)
3(2249 2970 1128)
3(5283 4162 6004)
3(1199 3258 2441)
3(4233 5475 6292)
3(2655 2768 2656)
3(5689 5690 5802)
3(15 2660 482)
3(219 3516 5694)
3(1171 2624 520)
3(4205 3554 5658)
3(629 3191 2299)
3(3663 5333 6225)
3(1006 2682 2681)
3(4040 5715 5716)
3(2538 2723 1288)
3(5572 4322 5757)
3(2464 2871 2832)
3(5498 5866 5905)
3(771 2338 1473)
3(3805 4507 5372)
3(2658 3056 3027)
3(5692 6061 6090)
3(44 2505 45)
3(248 249 5539)
3(1158 2463 2310)
3(4192 5344 5497)
3(1989 3068 1750)
3(5023 4784 6102)
3(1963 2247 1964)
3(4997 4998 5281)
3(1965 2188 1963)
3(4999 4997 5222)
3(2300 2436 1985)
3(5334 5019 5470)
3(2977 3030 2008)
3(6011 5042 6064)
3(2035 3176 3101)
3(5069 6135 6210)
3(2714 2935 2560)
3(5748 5594 5969)
3(2636 3153 2637)
3(5670 5671 6187)
3(472 2525 2521)
3(3506 5555 5559)
3(764 2826 669)
3(3798 3703 5860)
3(1192 2730 1064)
3(4226 4098 5764)
3(1498 2653 1247)
3(4532 4281 5687)
3(2883 2884 1504)
3(5917 4538 5918)
3(2064 2250 1749)
3(5098 4783 5284)
3(2584 2817 1984)
3(5618 5018 5851)
3(2972 3180 2222)
3(6006 5256 6214)
3(850 874 859)
3(3884 3893 3908)
3(1144 1145 956)
3(4178 3990 4179)
3(1147 1692 1691)
3(4181 4725 4726)
3(3000 3102 1327)
3(6034 4361 6136)
3(1568 2985 2905)
3(4602 5939 6019)
3(1748 3068 2601)
3(4782 5635 6102)
3(127 2456 128)
3(331 332 5490)
3(1311 2513 1461)
3(4345 4495 5547)
3(1399 2767 2369)
3(4433 5403 5801)
3(1465 3085 1467)
3(4499 4501 6119)
3(2172 2889 1667)
3(5206 4701 5923)
3(1863 3130 1862)
3(4897 4896 6164)
3(2440 2441 1902)
3(5474 4936 5475)
3(2215 2631 1976)
3(5249 5010 5665)
3(2374 2375 2238)
3(5408 5272 5409)
3(2282 2732 2283)
3(5316 5317 5766)
3(2474 3224 2473)
3(5508 5507 6258)
3(514 2924 2453)
3(3548 5487 5958)
3(1469 2566 726)
3(4503 3760 5600)
3(2258 2259 893)
3(5292 3927 5293)
3(1058 2607 1056)
3(4092 4090 5641)
3(1103 2484 1983)
3(4137 5017 5518)
3(1208 2377 1293)
3(4242 4327 5411)
3(1912 3279 1938)
3(4946 4972 6313)
3(608 3137 845)
3(3642 3879 6171)
3(1291 2493 1292)
3(4325 4326 5527)
3(1622 2500 1778)
3(4656 4812 5534)
3(1626 2976 2771)
3(4660 5805 6010)
3(2057 2058 1641)
3(5091 4675 5092)
3(2280 3075 2562)
3(5314 5596 6109)
3(524 2775 522)
3(3558 3556 5809)
3(902 2629 864)
3(3936 3898 5663)
3(1198 3042 2260)
3(4232 5294 6076)
3(1487 2987 1342)
3(4521 4376 6021)
3(2278 2282 1762)
3(5312 4796 5316)
3(1814 2210 2205)
3(4848 5239 5244)
3(2633 3189 2027)
3(5667 5061 6223)
3(2207 3280 2208)
3(5241 5242 6314)
3(2756 2897 2688)
3(5790 5722 5931)
3(622 623 621)
3(3656 3655 3657)
3(995 2790 993)
3(4029 4027 5824)
3(1669 2889 2284)
3(4703 5318 5923)
3(2455 3269 1805)
3(5489 4839 6303)
3(2338 2706 2342)
3(5372 5376 5740)
3(721 2804 2318)
3(3755 5352 5838)
3(1269 1270 1268)
3(4303 4302 4304)
3(2680 2719 1318)
3(5714 4352 5753)
3(2177 2542 2541)
3(5211 5575 5576)
3(508 3016 2253)
3(3542 5287 6050)
3(869 2678 2288)
3(3903 5322 5712)
3(1045 2695 1113)
3(4079 4147 5729)
3(1925 2853 1506)
3(4959 4540 5887)
3(1749 1936 1750)
3(4783 4784 4970)
3(1812 1814 1813)
3(4846 4847 4848)
3(2561 2886 2191)
3(5595 5225 5920)
3(2343 2847 2344)
3(5377 5378 5881)
3(438 2806 49)
3(3472 253 5840)
3(2521 2522 438)
3(5555 3472 5556)
3(717 2921 665)
3(3751 3699 5955)
3(1327 2607 1058)
3(4361 4092 5641)
3(1356 1357 1098)
3(4390 4132 4391)
3(1347 1491 1238)
3(4381 4272 4525)
3(1338 2383 2378)
3(4372 5412 5417)
3(2587 3079 1390)
3(5621 4424 6113)
3(1434 1570 1435)
3(4468 4469 4604)
3(3022 3053 1577)
3(6056 4611 6087)
3(1799 2783 2368)
3(4833 5402 5817)
3(1951 2113 1950)
3(4985 4984 5147)
3(2347 3237 2699)
3(5381 5733 6271)
3(545 632 547)
3(3579 3581 3666)
3(552 553 551)
3(3586 3585 3587)
3(634 654 635)
3(3668 3669 3688)
3(1170 2606 654)
3(4204 3688 5640)
3(1983 2249 1128)
3(5017 4162 5283)
3(1391 2981 2531)
3(4425 5565 6015)
3(2282 2283 1566)
3(5316 4600 5317)
3(1631 2003 1779)
3(4665 4813 5037)
3(1687 1980 1699)
3(4721 4733 5014)
3(2513 2989 2316)
3(5547 5350 6023)
3(843 1038 909)
3(3877 3943 4072)
3(910 924 844)
3(3944 3878 3958)
3(925 926 924)
3(3959 3958 3960)
3(927 928 926)
3(3961 3960 3962)
3(1006 2681 1008)
3(4040 4042 5715)
3(1140 1141 1073)
3(4174 4107 4175)
3(1177 2777 2578)
3(4211 5612 5811)
3(1211 2850 1246)
3(4245 4280 5884)
3(1354 1503 1502)
3(4388 4536 4537)
3(1407 1562 1525)
3(4441 4559 4596)
3(1496 1645 1413)
3(4530 4447 4679)
3(1433 2485 2322)
3(4467 5356 5519)
3(1496 2933 2904)
3(4530 5938 5967)
3(1523 1896 1656)
3(4557 4690 4930)
3(1761 1762 1567)
3(4795 4601 4796)
3(1826 2936 2703)
3(4860 5737 5970)
3(1833 1834 1832)
3(4867 4866 4868)
3(2817 2854 1842)
3(5851 4876 5888)
3(1962 3164 2994)
3(4996 6028 6198)
3(2355 2357 1990)
3(5389 5024 5391)
3(116 2580 117)
3(320 321 5614)
3(433 2443 2442)
3(3467 5476 5477)
3(1113 3142 1610)
3(4147 4644 6176)
3(1150 3216 2956)
3(4184 5990 6250)
3(2530 2959 1215)
3(5564 4249 5993)
3(1249 2971 1501)
3(4283 4535 6005)
3(1508 1509 1507)
3(4542 4541 4543)
3(1511 1514 1513)
3(4545 4547 4548)
3(2570 2867 1810)
3(5604 4844 5901)
3(2870 3041 2488)
3(5904 5522 6075)
3(94 430 95)
3(298 299 3464)
3(119 441 120)
3(323 324 3475)
3(121 470 122)
3(325 326 3504)
3(123 433 124)
3(327 328 3467)
3(125 2914 126)
3(329 330 5948)
3(496 497 460)
3(3530 3494 3531)
3(1437 2519 904)
3(4471 3938 5553)
3(2307 2629 944)
3(5341 3978 5663)
3(976 2466 2465)
3(4010 5499 5500)
3(1081 2927 1080)
3(4115 4114 5961)
3(1725 2297 1727)
3(4759 4761 5331)
3(1728 1730 1729)
3(4762 4763 4764)
3(1917 2964 2438)
3(4951 5472 5998)
3(2091 2129 1958)
3(5125 4992 5163)
3(1981 2327 2321)
3(5015 5355 5361)
3(3186 3214 2803)
3(6220 5837 6248)
3(101 490 102)
3(305 306 3524)
3(811 2678 869)
3(3845 3903 5712)
3(1236 2408 1708)
3(4270 4742 5442)
3(1522 1644 1520)
3(4556 4554 4678)
3(1521 2306 2304)
3(4555 5338 5340)
3(2526 2738 2234)
3(5560 5268 5772)
3(2393 2396 2391)
3(5427 5425 5430)
3(3150 3206 2590)
3(6184 5624 6240)
3(69 2543 70)
3(273 274 5577)
3(174 2376 432)
3(378 3466 5410)
3(176 469 177)
3(380 381 3503)
3(807 2676 1446)
3(3841 4480 5710)
3(842 951 853)
3(3876 3887 3985)
3(876 3080 848)
3(3910 3882 6114)
3(991 2378 989)
3(4025 4023 5412)
3(2529 3147 1029)
3(5563 4063 6181)
3(1085 2601 1084)
3(4119 4118 5635)
3(1131 2583 1153)
3(4165 4187 5617)
3(1288 2888 2538)
3(4322 5572 5922)
3(1393 3205 3169)
3(4427 6203 6239)
3(1419 1649 1418)
3(4453 4452 4683)
3(1650 2079 1649)
3(4684 4683 5113)
3(1739 1867 1865)
3(4773 4899 4901)
3(1784 2054 1785)
3(4818 4819 5088)
3(2801 2901 2005)
3(5835 5039 5935)
3(40 2620 2572)
3(244 5606 5654)
3(176 2669 469)
3(380 3503 5703)
3(514 2453 512)
3(3548 3546 5487)
3(571 2777 1177)
3(3605 4211 5811)
3(2778 2885 715)
3(5812 3749 5919)
3(846 2886 835)
3(3880 3869 5920)
3(845 3137 2637)
3(3879 5671 6171)
3(2527 2673 1051)
3(5561 4085 5707)
3(1330 2478 1062)
3(4364 4096 5512)
3(1433 2322 1098)
3(4467 4132 5356)
3(1219 2591 1390)
3(4253 4424 5625)
3(1270 2736 1268)
3(4304 4302 5770)
3(1272 2467 1640)
3(4306 4674 5501)
3(1435 2485 1433)
3(4469 4467 5519)
3(1571 2486 1435)
3(4605 4469 5520)
3(1569 3053 2664)
3(4603 5698 6087)
3(1698 2115 1697)
3(4732 4731 5149)
3(1708 2255 2062)
3(4742 5096 5289)
3(2428 2710 1971)
3(5462 5005 5744)
3(2484 2485 1983)
3(5518 5017 5519)
3(2431 2432 2429)
3(5465 5463 5466)
3(2666 2945 2698)
3(5700 5732 5979)
3(40 2572 41)
3(244 245 5606)
3(567 2743 2435)
3(3601 5469 5777)
3(655 2433 635)
3(3689 3669 5467)
3(1446 2678 809)
3(4480 3843 5712)
3(812 2967 856)
3(3846 3890 6001)
3(889 2684 2461)
3(3923 5495 5718)
3(1095 2322 1097)
3(4129 4131 5356)
3(1100 2484 1103)
3(4134 4137 5518)
3(1775 2764 1384)
3(4809 4418 5798)
3(1447 3222 3212)
3(4481 6246 6256)
3(1555 1687 1556)
3(4589 4590 4721)
3(1762 2282 1567)
3(4796 4601 5316)
3(1764 1965 1963)
3(4798 4997 4999)
3(2485 2486 1983)
3(5519 5017 5520)
3(2344 2847 2347)
3(5378 5381 5881)
3(433 2442 124)
3(3467 328 5476)
3(161 493 162)
3(365 366 3527)
3(466 2828 209)
3(3500 413 5862)
3(700 2892 768)
3(3734 3802 5926)
3(802 2712 2343)
3(3836 5377 5746)
3(1008 1026 1010)
3(4042 4044 4060)
3(1234 2849 1076)
3(4268 4110 5883)
3(1130 2427 1352)
3(4164 4386 5461)
3(1186 2675 1179)
3(4220 4213 5709)
3(1476 1808 1332)
3(4510 4366 4842)
3(1336 1573 1335)
3(4370 4369 4607)
3(1352 1589 1531)
3(4386 4565 4623)
3(1407 2499 1562)
3(4441 4596 5533)
3(1448 2768 2655)
3(4482 5689 5802)
3(1481 2480 1899)
3(4515 4933 5514)
3(1567 2282 1566)
3(4601 4600 5316)
3(2472 2494 1613)
3(5506 4647 5528)
3(1631 2771 2003)
3(4665 5037 5805)
3(2435 2597 1791)
3(5469 4825 5631)
3(1806 2755 2688)
3(4840 5722 5789)
3(1898 2767 1838)
3(4932 4872 5801)
3(3027 3056 1848)
3(6061 4882 6090)
3(1915 1988 1987)
3(4949 5021 5022)
3(2000 2943 2848)
3(5034 5882 5977)
3(2102 2254 2101)
3(5136 5135 5288)
3(2732 2814 2283)
3(5766 5317 5848)
3(2356 2754 2357)
3(5390 5391 5788)
3(3076 3100 2611)
3(6110 5645 6134)
3(788 2741 538)
3(3822 3572 5775)
3(1151 2689 542)
3(4185 3576 5723)
3(554 2872 556)
3(3588 3590 5906)
3(556 2684 558)
3(3590 3592 5718)
3(2492 2767 1399)
3(5526 4433 5801)
3(1812 1813 1545)
3(4846 4579 4847)
3(1631 1779 1632)
3(4665 4666 4813)
3(1899 3207 3201)
3(4933 6235 6241)
3(459 2641 138)
3(3493 342 5675)
3(481 2573 149)
3(3515 353 5607)
3(612 2672 628)
3(3646 3662 5706)
3(651 2949 659)
3(3685 3693 5983)
3(659 670 668)
3(3693 3702 3704)
3(721 2810 671)
3(3755 3705 5844)
3(674 676 675)
3(3708 3709 3710)
3(813 2965 676)
3(3847 3710 5999)
3(753 2627 677)
3(3787 3711 5661)
3(680 682 681)
3(3714 3715 3716)
3(789 2537 682)
3(3823 3716 5571)
3(720 2511 683)
3(3754 3717 5545)
3(690 692 691)
3(3724 3725 3726)
3(1404 2786 692)
3(4438 3726 5820)
3(708 2628 696)
3(3742 3730 5662)
3(700 768 702)
3(3734 3736 3802)
3(752 2728 770)
3(3786 3804 5762)
3(3201 3207 767)
3(6235 3801 6241)
3(786 2338 771)
3(3820 3805 5372)
3(789 2450 2449)
3(3823 5483 5484)
3(2449 2451 789)
3(5483 3823 5485)
3(1038 2931 909)
3(4072 3943 5965)
3(1463 2917 915)
3(4497 3949 5951)
3(996 998 997)
3(4030 4031 4032)
3(1016 2860 1046)
3(4050 4080 5894)
3(1395 2695 1125)
3(4429 4159 5729)
3(1228 2632 1126)
3(4262 4160 5666)
3(1131 1153 1152)
3(4165 4186 4187)
3(1413 2357 1231)
3(4447 4265 5391)
3(1247 2653 1492)
3(4281 4526 5687)
3(1710 2478 1330)
3(4744 4364 5512)
3(2528 2674 1439)
3(5562 4473 5708)
3(1471 2949 2302)
3(4505 5336 5983)
3(1909 1915 1487)
3(4943 4521 4949)
3(3130 3140 1552)
3(6164 4586 6174)
3(1575 2012 1767)
3(4609 4801 5046)
3(1592 2793 1618)
3(4626 4652 5827)
3(1617 2043 1616)
3(4651 4650 5077)
3(1621 1876 1619)
3(4655 4653 4910)
3(1620 2500 1622)
3(4654 4656 5534)
3(1627 1890 1625)
3(4661 4659 4924)
3(1647 2263 1918)
3(4681 4952 5297)
3(1672 2175 2174)
3(4706 5208 5209)
3(1733 1735 1734)
3(4767 4768 4769)
3(1741 3021 1737)
3(4775 4771 6055)
3(1948 3089 2151)
3(4982 5185 6123)
3(1997 3088 2638)
3(5031 5672 6122)
3(3078 3155 2041)
3(6112 5075 6189)
3(2358 2360 2359)
3(5392 5393 5394)
3(2384 2387 2386)
3(5418 5420 5421)
3(2407 2577 2576)
3(5441 5610 5611)
3(2530 3063 2959)
3(5564 5993 6097)
3(2852 2992 2534)
3(5886 5568 6026)
3(2570 2893 2867)
3(5604 5901 5927)
3(2609 3181 2610)
3(5643 5644 6215)
3(2672 2954 2939)
3(5706 5973 5988)
3(2718 3048 2937)
3(5752 5971 6082)
3(491 2445 153)
3(3525 357 5479)
3(205 2654 451)
3(409 3485 5688)
3(613 618 612)
3(3647 3646 3652)
3(779 2816 766)
3(3813 3800 5850)
3(988 990 989)
3(4022 4023 4024)
3(1338 2378 991)
3(4372 4025 5412)
3(1046 2896 1343)
3(4080 4377 5930)
3(1070 2733 1072)
3(4104 4106 5767)
3(1217 1219 1218)
3(4251 4252 4253)
3(1256 2583 1997)
3(4290 5031 5617)
3(1389 1595 1477)
3(4423 4511 4629)
3(2464 3024 1452)
3(5498 4486 6058)
3(1453 1455 1454)
3(4487 4488 4489)
3(1781 2464 1454)
3(4815 4488 5498)
3(1456 2891 1809)
3(4490 4843 5925)
3(1492 1658 1657)
3(4526 4691 4692)
3(1544 2813 1678)
3(4578 4712 5847)
3(1588 2570 1810)
3(4622 4844 5604)
3(2051 2057 1641)
3(5085 4675 5091)
3(1676 2328 1675)
3(4710 4709 5362)
3(1783 2871 1781)
3(4817 4815 5905)
3(1867 2348 1865)
3(4901 4899 5382)
3(2809 2810 1986)
3(5843 5020 5844)
3(2273 2274 2272)
3(5307 5306 5308)
3(2295 2467 2292)
3(5329 5326 5501)
3(3090 3091 2342)
3(6124 5376 6125)
3(3227 3306 2958)
3(6261 5992 6340)
3(450 2581 155)
3(3484 359 5615)
3(204 2654 205)
3(408 409 5688)
3(623 625 621)
3(3657 3655 3659)
3(632 3115 2430)
3(3666 5464 6149)
3(705 2787 703)
3(3739 3737 5821)
3(785 2686 839)
3(3819 3873 5720)
3(859 860 840)
3(3893 3874 3894)
3(917 1157 920)
3(3951 3954 4191)
3(955 2462 1019)
3(3989 4053 5496)
3(1145 2529 956)
3(4179 3990 5563)
3(1157 1453 1452)
3(4191 4486 4487)
3(1179 2675 1584)
3(4213 4618 5709)
3(1224 1758 1463)
3(4258 4497 4792)
3(1345 1486 1485)
3(4379 4519 4520)
3(1459 2436 1707)
3(4493 4741 5470)
3(1481 1899 1844)
3(4515 4878 4933)
3(1991 2480 1481)
3(5025 4515 5514)
3(1489 2270 1642)
3(4523 4676 5304)
3(2255 2408 1494)
3(5289 4528 5442)
3(1573 2634 2609)
3(4607 5643 5668)
3(1599 2611 1843)
3(4633 4877 5645)
3(1658 2651 2650)
3(4692 5684 5685)
3(1746 2692 2535)
3(4780 5569 5726)
3(1758 2014 1759)
3(4792 4793 5048)
3(2016 2824 1759)
3(5050 4793 5858)
3(2696 2808 1817)
3(5730 4851 5842)
3(3013 3023 1860)
3(6047 4894 6057)
3(2085 2086 1924)
3(5119 4958 5120)
3(2583 3088 1997)
3(5617 5031 6122)
3(2109 2110 1999)
3(5143 5033 5144)
3(2014 2587 2015)
3(5048 5049 5621)
3(2460 3079 2014)
3(5494 5048 6113)
3(2018 2589 2019)
3(5052 5053 5623)
3(2589 2590 2022)
3(5623 5056 5624)
3(3335 3339 2300)
3(6369 5334 6373)
3(2664 3053 3022)
3(5698 6056 6087)
3(2932 3009 2824)
3(5966 5858 6043)
3(668 2809 667)
3(3702 3701 5843)
3(669 2826 2418)
3(3703 5452 5860)
3(797 2940 2235)
3(3831 5269 5974)
3(851 2458 881)
3(3885 3915 5492)
3(883 2459 2458)
3(3917 5492 5493)
3(988 2576 990)
3(4022 4024 5610)
3(1393 3033 1110)
3(4427 4144 6067)
3(1321 3073 1488)
3(4355 4522 6107)
3(1692 2314 1696)
3(4726 4730 5348)
3(2120 3234 1954)
3(5154 4988 6268)
3(168 474 169)
3(372 373 3508)
3(475 2457 2456)
3(3509 5490 5491)
3(684 2537 2317)
3(3718 5351 5571)
3(765 3008 2352)
3(3799 5386 6042)
3(850 859 840)
3(3884 3874 3893)
3(859 894 860)
3(3893 3894 3928)
3(904 2519 945)
3(3938 3979 5553)
3(1070 1072 1071)
3(4104 4105 4106)
3(2632 2811 1126)
3(5666 4160 5845)
3(1224 3023 3013)
3(4258 6047 6057)
3(2106 2638 1661)
3(5140 4695 5672)
3(1982 3057 2415)
3(5016 5449 6091)
3(2362 2814 2731)
3(5396 5765 5848)
3(2472 2495 2494)
3(5506 5528 5529)
3(163 460 164)
3(367 368 3494)
3(496 2285 497)
3(3530 3531 5319)
3(2921 3010 715)
3(5955 3749 6044)
3(766 2816 1444)
3(3800 4478 5850)
3(778 2352 868)
3(3812 3902 5386)
3(905 2516 1363)
3(3939 4397 5550)
3(978 2666 1593)
3(4012 4627 5700)
3(2860 2896 1046)
3(5894 4080 5930)
3(2562 3075 1074)
3(5596 4108 6109)
3(1165 2818 1431)
3(4199 4465 5852)
3(1292 1321 1320)
3(4326 4354 4355)
3(1540 2916 1303)
3(4574 4337 5950)
3(1636 2487 1344)
3(4670 4378 5521)
3(2493 2592 1497)
3(5527 4531 5626)
3(1552 2374 1551)
3(4586 4585 5408)
3(1753 2332 1955)
3(4787 4989 5366)
3(1800 2778 1802)
3(4834 4836 5812)
3(1804 1992 1816)
3(4838 4850 5026)
3(1832 2933 2911)
3(4866 5945 5967)
3(2240 2243 2242)
3(5274 5276 5277)
3(2585 3139 3122)
3(5619 6156 6173)
3(539 1199 541)
3(3573 3575 4233)
3(552 2743 567)
3(3586 3601 5777)
3(554 555 553)
3(3588 3587 3589)
3(558 2684 889)
3(3592 3923 5718)
3(622 624 623)
3(3656 3657 3658)
3(1169 2742 633)
3(4203 3667 5776)
3(1444 2826 764)
3(4478 3798 5860)
3(2637 3153 845)
3(5671 3879 6187)
3(868 2352 1345)
3(3902 4379 5386)
3(944 2629 902)
3(3978 3936 5663)
3(1065 1191 1064)
3(4099 4098 4225)
3(2345 3002 1225)
3(5379 4259 6036)
3(1261 2409 1263)
3(4295 4297 5443)
3(1665 2164 1664)
3(4699 4698 5198)
3(2184 3015 1674)
3(5218 4708 6049)
3(1955 2592 1752)
3(4989 4786 5626)
3(1814 2309 2210)
3(4848 5244 5343)
3(1829 3165 2571)
3(4863 5605 6199)
3(1992 3010 2921)
3(5026 5955 6044)
3(2005 2901 2007)
3(5039 5041 5935)
3(170 440 171)
3(374 375 3474)
3(172 468 173)
3(376 377 3502)
3(468 2376 173)
3(3502 377 5410)
3(174 432 175)
3(378 379 3466)
3(618 2672 612)
3(3652 3646 5706)
3(671 2810 668)
3(3705 3702 5844)
3(673 721 671)
3(3707 3705 3755)
3(674 813 676)
3(3708 3710 3847)
3(679 753 677)
3(3713 3711 3787)
3(678 2450 680)
3(3712 3714 5484)
3(682 2537 684)
3(3716 3718 5571)
3(684 2317 686)
3(3718 3720 5351)
3(706 2351 871)
3(3740 3905 5385)
3(844 2912 782)
3(3878 3816 5946)
3(802 2343 800)
3(3836 3834 5377)
3(874 2534 859)
3(3908 3893 5568)
3(906 2362 964)
3(3940 3998 5396)
3(928 2656 1114)
3(3962 4148 5690)
3(931 948 930)
3(3965 3964 3982)
3(1034 2735 1117)
3(4068 4151 5769)
3(2775 2776 1171)
3(5809 4205 5810)
3(1249 1409 1175)
3(4283 4209 4443)
3(1176 1399 1250)
3(4210 4284 4433)
3(2578 2848 1177)
3(5612 4211 5882)
3(1196 1442 1332)
3(4230 4366 4476)
3(1259 1420 1261)
3(4293 4295 4454)
3(1292 2493 1322)
3(4326 4356 5527)
3(1298 2895 1300)
3(4332 4334 5929)
3(1321 1488 1320)
3(4355 4354 4522)
3(1435 2486 2485)
3(4469 5519 5520)
3(1467 1675 1466)
3(4501 4500 4709)
3(2929 3054 1576)
3(5963 4610 6088)
3(1618 1619 1617)
3(4652 4651 4653)
3(1618 2793 2002)
3(4652 5036 5827)
3(1620 1621 1619)
3(4654 4653 4655)
3(1622 1623 1621)
3(4656 4655 4657)
3(1626 1627 1625)
3(4660 4659 4661)
3(1914 2049 1745)
3(4948 4779 5083)
3(1751 2301 1871)
3(4785 4905 5335)
3(2188 2247 1963)
3(5222 4997 5281)
3(2029 3205 3082)
3(5063 6116 6239)
3(2299 3190 3135)
3(5333 6169 6224)
3(2388 3303 3287)
3(5422 6321 6337)
3(2447 2965 2446)
3(5481 5480 5999)
3(2449 2450 2447)
3(5483 5481 5484)
3(2892 3255 3177)
3(5926 6211 6289)
3(110 492 111)
3(314 315 3526)
3(851 881 852)
3(3885 3886 3915)
3(1345 1485 1344)
3(4379 4378 4519)
3(1526 2270 1489)
3(4560 4523 5304)
3(2049 2277 1745)
3(5083 4779 5311)
3(2260 3042 1922)
3(5294 4956 6076)
3(2274 2275 2272)
3(5308 5306 5309)
3(710 2788 2414)
3(3744 5448 5822)
3(1473 2788 760)
3(4507 3794 5822)
3(815 817 816)
3(3849 3850 3851)
3(829 831 830)
3(3863 3864 3865)
3(879 2416 1437)
3(3913 4471 5450)
3(1048 3048 982)
3(4082 4016 6082)
3(984 985 983)
3(4018 4017 4019)
3(986 987 985)
3(4020 4019 4021)
3(994 995 993)
3(4028 4027 4029)
3(2261 2982 1022)
3(5295 4056 6016)
3(1131 1152 1028)
3(4165 4062 4186)
3(2871 2937 1048)
3(5905 4082 5971)
3(1162 2026 2025)
3(4196 5059 5060)
3(1240 2795 1308)
3(4274 4342 5829)
3(1420 2409 1261)
3(4454 4295 5443)
3(2283 2307 1566)
3(5317 4600 5341)
3(1666 2084 1924)
3(4700 4958 5118)
3(1728 2955 1731)
3(4762 4765 5989)
3(1768 2894 2723)
3(4802 5757 5928)
3(1838 2767 2492)
3(4872 5526 5801)
3(2619 3015 1965)
3(5653 4999 6049)
3(2384 2790 2387)
3(5418 5421 5824)
3(2663 2805 2664)
3(5697 5698 5839)
3(3127 3173 3087)
3(6161 6121 6207)
3(667 763 669)
3(3701 3703 3797)
3(861 2598 817)
3(3895 3851 5632)
3(861 3041 2870)
3(3895 5904 6075)
3(957 2529 1029)
3(3991 4063 5563)
3(980 983 979)
3(4014 4013 4017)
3(988 989 987)
3(4022 4021 4023)
3(1002 1003 1001)
3(4036 4035 4037)
3(1004 1005 1003)
3(4038 4037 4039)
3(1006 1007 1005)
3(4040 4039 4041)
3(1254 2377 1210)
3(4288 4244 5411)
3(1637 2830 1262)
3(4671 4296 5864)
3(1541 2889 1669)
3(4575 4703 5923)
3(1563 1565 1564)
3(4597 4598 4599)
3(1956 2071 1659)
3(4990 4693 5105)
3(1689 2240 2239)
3(4723 5273 5274)
3(2216 2687 1702)
3(5250 4736 5721)
3(1768 1941 1940)
3(4802 4974 4975)
3(2691 2784 2617)
3(5725 5651 5818)
3(117 485 118)
3(321 322 3519)
3(493 496 162)
3(3527 366 3530)
3(675 2454 673)
3(3709 3707 5488)
3(676 2965 678)
3(3710 3712 5999)
3(691 762 689)
3(3725 3723 3796)
3(857 2560 775)
3(3891 3809 5594)
3(946 2890 1480)
3(3980 4514 5924)
3(1256 1997 1532)
3(4290 4566 5031)
3(1354 2883 1504)
3(4388 4538 5917)
3(1569 2805 2762)
3(4603 5796 5839)
3(2298 2955 1727)
3(5332 4761 5989)
3(1760 2619 1761)
3(4794 4795 5653)
3(1906 2045 1849)
3(4940 4883 5079)
3(1922 3042 1934)
3(4956 4968 6076)
3(2250 2251 1936)
3(5284 4970 5285)
3(2033 2831 2729)
3(5067 5763 5865)
3(2235 3019 2224)
3(5269 5258 6053)
3(2386 2389 2385)
3(5420 5419 5423)
3(2564 2640 2512)
3(5598 5546 5674)
3(2617 2784 2615)
3(5651 5649 5818)
3(2851 2883 2850)
3(5885 5884 5917)
3(428 2505 44)
3(3462 248 5539)
3(112 467 113)
3(316 317 3501)
3(839 850 840)
3(3873 3874 3884)
3(894 1144 956)
3(3928 3990 4178)
3(976 2465 939)
3(4010 3973 5499)
3(979 3091 3090)
3(4013 6124 6125)
3(1144 1146 1145)
3(4178 4179 4180)
3(1209 1211 1210)
3(4243 4244 4245)
3(1468 1996 1316)
3(4502 4350 5030)
3(1652 2082 2081)
3(4686 5115 5116)
3(2848 2943 1770)
3(5882 4804 5977)
3(2196 2220 1971)
3(5230 5005 5254)
3(1994 2885 2778)
3(5028 5812 5919)
3(2220 2429 2428)
3(5254 5462 5463)
3(126 475 127)
3(330 331 3509)
3(131 452 132)
3(335 336 3486)
3(502 1689 500)
3(3536 3534 4723)
3(556 2872 2684)
3(3590 5718 5906)
3(660 711 661)
3(3694 3695 3745)
3(804 2712 802)
3(3838 3836 5746)
3(825 826 824)
3(3859 3858 3860)
3(964 1065 1064)
3(3998 4098 4099)
3(2324 2325 1403)
3(5358 4437 5359)
3(1469 2944 2566)
3(4503 5600 5978)
3(1521 1523 1522)
3(4555 4556 4557)
3(1551 2374 1690)
3(4585 4724 5408)
3(1688 3108 2740)
3(4722 5774 6142)
3(1997 2638 1998)
3(5031 5032 5672)
3(2516 2518 2517)
3(5550 5551 5552)
3(775 2560 748)
3(3809 3782 5594)
3(2717 2857 1114)
3(5751 4148 5891)
3(2842 2961 1135)
3(5876 4169 5995)
3(1209 2850 1211)
3(4243 4245 5884)
3(1255 1417 1254)
3(4289 4288 4451)
3(1286 1289 1287)
3(4320 4321 4323)
3(1484 3098 2294)
3(4518 5328 6132)
3(1658 2650 1657)
3(4692 4691 5684)
3(1807 1862 1806)
3(4841 4840 4896)
3(1921 1922 1920)
3(4955 4954 4956)
3(2088 2099 2080)
3(5122 5114 5133)
3(2119 2128 2120)
3(5153 5154 5162)
3(2283 2978 2307)
3(5317 5341 6012)
3(530 1213 528)
3(3564 3562 4247)
3(529 761 531)
3(3563 3565 3795)
3(625 3017 621)
3(3659 3655 6051)
3(2535 2692 728)
3(5569 3762 5726)
3(967 2600 965)
3(4001 3999 5634)
3(3086 3105 969)
3(6120 4003 6139)
3(1055 1056 1054)
3(4089 4088 4090)
3(1142 1311 1141)
3(4176 4175 4345)
3(1142 1313 1312)
3(4176 4346 4347)
3(1519 1521 1520)
3(4553 4554 4555)
3(1760 1761 1567)
3(4794 4601 4795)
3(1781 2871 2464)
3(4815 5498 5905)
3(3245 3265 2028)
3(6279 5062 6299)
3(2293 2295 2292)
3(5327 5326 5329)
3(2295 2468 2467)
3(5329 5501 5502)
3(48 2521 438)
3(252 3472 5555)
3(142 2644 488)
3(346 3522 5678)
3(512 2453 865)
3(3546 3899 5487)
3(523 524 522)
3(3557 3556 3558)
3(539 541 540)
3(3573 3574 3575)
3(541 543 542)
3(3575 3576 3577)
3(543 545 544)
3(3577 3578 3579)
3(632 633 547)
3(3666 3581 3667)
3(601 602 598)
3(3635 3632 3636)
3(1076 2849 1198)
3(4110 4232 5883)
3(1104 1106 1105)
3(4138 4139 4140)
3(1211 1245 1212)
3(4245 4246 4279)
3(1271 1272 1270)
3(4305 4304 4306)
3(1640 2736 1270)
3(4674 4304 5770)
3(1284 2888 1288)
3(4318 4322 5922)
3(1424 2410 1299)
3(4458 4333 5444)
3(1546 1547 1314)
3(4580 4348 4581)
3(1362 2614 2613)
3(4396 5647 5648)
3(1362 2808 2696)
3(4396 5730 5842)
3(1453 1457 1455)
3(4487 4489 4491)
3(1456 1782 1781)
3(4490 4815 4816)
3(1518 1519 1517)
3(4552 4551 4553)
3(1787 2846 1789)
3(4821 4823 5880)
3(2218 2489 1821)
3(5252 4855 5523)
3(1951 2114 2113)
3(4985 5147 5148)
3(2018 2019 2017)
3(5052 5051 5053)
3(77 427 78)
3(281 282 3461)
3(80 457 81)
3(284 285 3491)
3(83 416 84)
3(287 288 3450)
3(86 458 87)
3(290 291 3492)
3(92 479 93)
3(296 297 3513)
3(97 480 98)
3(301 302 3514)
3(99 436 100)
3(303 304 3470)
3(124 2442 125)
3(328 329 5476)
3(134 419 135)
3(338 339 3453)
3(137 459 138)
3(341 342 3493)
3(140 2642 422)
3(344 3456 5676)
3(148 481 149)
3(352 353 3515)
3(150 437 151)
3(354 355 3471)
3(522 1171 520)
3(3556 3554 4205)
3(1213 2508 528)
3(4247 3562 5542)
3(568 2777 571)
3(3602 3605 5811)
3(928 1114 926)
3(3962 3960 4148)
3(930 2656 928)
3(3964 3962 5690)
3(1050 1052 962)
3(4084 3996 4086)
3(1036 2596 1118)
3(4070 4152 5630)
3(2657 2665 1164)
3(5691 4198 5699)
3(1212 2337 1255)
3(4246 4289 5371)
3(1246 1353 1245)
3(4280 4279 4387)
3(1399 1400 1250)
3(4433 4284 4434)
3(1265 1267 1266)
3(4299 4300 4301)
3(1267 1269 1268)
3(4301 4302 4303)
3(2292 2467 1274)
3(5326 4308 5501)
3(1538 3144 2888)
3(4572 5922 6178)
3(1578 2355 1579)
3(4612 4613 5389)
3(1589 1982 1711)
3(4623 4745 5016)
3(3101 3176 1603)
3(6135 4637 6210)
3(2279 2316 1686)
3(5313 4720 5350)
3(1715 1979 1718)
3(4749 4752 5013)
3(1715 2951 1979)
3(4749 5013 5985)
3(1718 1719 1716)
3(4752 4750 4753)
3(1722 2980 1972)
3(4756 5006 6014)
3(1725 1726 1723)
3(4759 4757 4760)
3(1728 1729 1726)
3(4762 4760 4763)
3(1730 1948 1729)
3(4764 4763 4982)
3(1737 3021 1739)
3(4771 4773 6055)
3(1740 1949 1738)
3(4774 4772 4983)
3(1791 2597 2010)
3(4825 5044 5631)
3(2179 2180 1961)
3(5213 4995 5214)
3(1977 2215 1976)
3(5011 5010 5249)
3(2312 3000 1984)
3(5346 5018 6034)
3(2000 2578 2001)
3(5034 5035 5612)
3(2394 2395 2393)
3(5428 5427 5429)
3(3072 3128 2448)
3(6106 5482 6162)
3(2522 2524 2523)
3(5556 5557 5558)
3(2604 3022 2605)
3(5638 5639 6056)
3(2929 3099 3050)
3(5963 6084 6133)
3(72 2827 435)
3(276 3469 5861)
3(103 448 104)
3(307 308 3482)
3(153 2445 154)
3(357 358 5479)
3(154 450 155)
3(358 359 3484)
3(2544 2545 477)
3(5578 3511 5579)
3(725 2924 516)
3(3759 3550 5958)
3(939 2465 955)
3(3973 3989 5499)
3(1052 2906 962)
3(4086 3996 5940)
3(1271 1273 1272)
3(4305 4306 4307)
3(1537 1538 1283)
3(4571 4317 4572)
3(1389 3079 1595)
3(4423 4629 6113)
3(1885 1908 1510)
3(4919 4544 4942)
3(1537 2876 1951)
3(4571 4985 5910)
3(1548 1682 1547)
3(4582 4581 4716)
3(1700 1747 1549)
3(4734 4583 4781)
3(1647 1918 1564)
3(4681 4598 4952)
3(1584 2721 2657)
3(4618 5691 5755)
3(1981 2059 1650)
3(5015 4684 5093)
3(2321 2327 1659)
3(5355 4693 5361)
3(1867 2350 2349)
3(4901 5383 5384)
3(1922 1933 1920)
3(4956 4954 4967)
3(1934 2067 1933)
3(4968 4967 5101)
3(1981 2337 2327)
3(5015 5361 5371)
3(3169 3205 2036)
3(6203 5070 6239)
3(2255 2256 2062)
3(5289 5096 5290)
3(2240 2242 2241)
3(5274 5275 5276)
3(2495 2497 2496)
3(5529 5530 5531)
3(2544 2986 2548)
3(5578 5582 6020)
3(106 461 107)
3(310 311 3495)
3(157 464 158)
3(361 362 3498)
3(451 2646 206)
3(3485 410 5680)
3(2914 3028 475)
3(5948 3509 6062)
3(509 510 508)
3(3543 3542 3544)
3(557 2602 657)
3(3591 3691 5636)
3(560 561 559)
3(3594 3593 3595)
3(591 2856 594)
3(3625 3628 5890)
3(610 613 612)
3(3644 3646 3647)
3(734 1443 888)
3(3768 3922 4477)
3(949 1039 948)
3(3983 3982 4073)
3(1566 2307 1032)
3(4600 4066 5341)
3(1040 2702 1039)
3(4074 4073 5736)
3(1051 1135 1049)
3(4085 4083 4169)
3(1062 2478 1060)
3(4096 4094 5512)
3(1448 2655 1120)
3(4482 4154 5689)
3(1121 1387 1324)
3(4155 4358 4421)
3(1197 1200 1195)
3(4231 4229 4234)
3(1201 1202 1200)
3(4235 4234 4236)
3(1220 2761 1597)
3(4254 4631 5795)
3(1465 1466 1304)
3(4499 4338 4500)
3(1370 1371 1369)
3(4404 4403 4405)
3(1376 2797 1379)
3(4410 4413 5831)
3(1378 1386 1377)
3(4412 4411 4420)
3(1771 1824 1387)
3(4805 4421 4858)
3(1397 2766 1396)
3(4431 4430 5800)
3(1396 1776 1775)
3(4430 4809 4810)
3(1580 1582 1397)
3(4614 4431 4616)
3(1879 2039 1582)
3(4913 4616 5073)
3(1608 1874 1609)
3(4642 4643 4908)
3(1881 2761 1609)
3(4915 4643 5795)
3(2270 2271 1642)
3(5304 4676 5305)
3(1706 2878 2232)
3(4740 5266 5912)
3(1743 2584 1984)
3(4777 5018 5618)
3(1758 2460 2014)
3(4792 5048 5494)
3(1766 2974 2845)
3(4800 5879 6008)
3(2781 2800 1777)
3(5815 4811 5834)
3(1892 2766 2707)
3(4926 5741 5800)
3(2765 2802 2004)
3(5799 5038 5836)
3(2023 2024 2021)
3(5057 5055 5058)
3(2221 2303 2222)
3(5255 5256 5337)
3(713 727 661)
3(3747 3695 3761)
3(757 2722 755)
3(3791 3789 5756)
3(851 852 832)
3(3885 3866 3886)
3(1042 2752 1040)
3(4076 4074 5786)
3(1072 2733 1149)
3(4106 4183 5767)
3(1311 1461 1441)
3(4345 4475 4495)
3(1419 1981 1650)
3(4453 4684 5015)
3(1456 1781 1454)
3(4490 4488 4815)
3(1845 2470 1611)
3(4879 4645 5504)
3(1784 2319 2056)
3(4818 5090 5353)
3(2227 3175 1889)
3(5261 4923 6209)
3(2588 2589 2018)
3(5622 5052 5623)
3(2054 2072 2055)
3(5088 5089 5106)
3(2289 2291 2290)
3(5323 5324 5325)
3(3120 3168 2610)
3(6154 5644 6202)
3(564 3006 568)
3(3598 3602 6040)
3(1362 2613 641)
3(4396 3675 5647)
3(780 2685 642)
3(3814 3676 5719)
3(833 1549 1112)
3(3867 4146 4583)
3(2729 2831 841)
3(5763 3875 5865)
3(917 2874 1157)
3(3951 4191 5908)
3(961 1051 1049)
3(3995 4083 4085)
3(1107 1238 1088)
3(4141 4122 4272)
3(1090 1092 1091)
3(4124 4125 4126)
3(1092 1094 1093)
3(4126 4127 4128)
3(1830 2730 1192)
3(4864 4226 5764)
3(2961 3066 1215)
3(5995 4249 6100)
3(1226 2954 1218)
3(4260 4252 5988)
3(1322 1410 1323)
3(4356 4357 4444)
3(1459 1639 1460)
3(4493 4494 4673)
3(1987 2987 1487)
3(5021 4521 6021)
3(1515 1518 1517)
3(4549 4551 4552)
3(1600 2611 1599)
3(4634 4633 5645)
3(2014 2015 1759)
3(5048 4793 5049)
3(2174 2737 1959)
3(5208 4993 5771)
3(2015 2017 2016)
3(5049 5050 5051)
3(89 421 90)
3(293 294 3455)
3(140 422 141)
3(344 345 3456)
3(142 488 143)
3(346 347 3522)
3(145 431 146)
3(349 350 3465)
3(149 2573 150)
3(353 354 5607)
3(152 491 153)
3(356 357 3525)
3(155 2581 156)
3(359 360 5615)
3(499 500 498)
3(3533 3532 3534)
3(648 652 649)
3(3682 3683 3686)
3(881 2458 1159)
3(3915 4193 5492)
3(1326 2822 1054)
3(4360 4088 5856)
3(1238 2601 1088)
3(4272 4122 5635)
3(1140 1142 1141)
3(4174 4175 4176)
3(1584 2657 1166)
3(4618 4200 5691)
3(1217 2591 1219)
3(4251 4253 5625)
3(1388 2692 1746)
3(4422 4780 5726)
3(1459 1707 1639)
3(4493 4673 4741)
3(2845 2974 1587)
3(5879 4621 6008)
3(1711 2419 1713)
3(4745 4747 5453)
3(1964 2189 1977)
3(4998 5011 5223)
3(2101 3239 3230)
3(5135 6264 6273)
3(2366 3270 3221)
3(5400 6255 6304)
3(439 2807 202)
3(3473 406 5841)
3(534 590 532)
3(3568 3566 3624)
3(535 714 537)
3(3569 3571 3748)
3(538 2741 536)
3(3572 3570 5775)
3(542 2689 540)
3(3576 3574 5723)
3(2451 2537 789)
3(5485 3823 5571)
3(925 2840 2751)
3(3959 5785 5874)
3(931 2919 2836)
3(3965 5870 5953)
3(998 2363 1000)
3(4032 4034 5397)
3(2822 2906 1052)
3(5856 4086 5940)
3(1100 1103 1102)
3(4134 4136 4137)
3(1105 2911 1102)
3(4139 4136 5945)
3(1103 1128 1104)
3(4137 4138 4162)
3(1106 1173 1134)
3(4140 4168 4207)
3(1173 1317 1174)
3(4207 4208 4351)
3(1237 2411 1214)
3(4271 4248 5445)
3(1752 2493 1291)
3(4786 4325 5527)
3(1372 2762 1375)
3(4406 4409 5796)
3(1386 1602 1601)
3(4420 4635 4636)
3(1400 1482 1402)
3(4434 4436 4516)
3(1524 1539 1406)
3(4558 4440 4573)
3(1528 1544 1529)
3(4562 4563 4578)
3(1578 2356 2355)
3(4612 5389 5390)
3(1935 2066 1643)
3(4969 4677 5100)
3(1822 1855 1820)
3(4856 4854 4889)
3(1821 2489 1868)
3(4855 4902 5523)
3(1856 1857 1855)
3(4890 4889 4891)
3(1903 1905 1904)
3(4937 4938 4939)
3(1913 2896 2860)
3(4947 5894 5930)
3(1998 2109 1999)
3(5032 5033 5143)
3(2618 3092 2600)
3(5652 5634 6126)
3(446 2580 116)
3(3480 320 5614)
3(727 2691 2617)
3(3761 5651 5725)
3(746 2557 1189)
3(3780 4223 5591)
3(1164 2665 784)
3(4198 3818 5699)
3(1031 1032 944)
3(4065 3978 4066)
3(1055 1108 1057)
3(4089 4091 4142)
3(1176 1250 1249)
3(4210 4283 4284)
3(1247 1248 1242)
3(4281 4276 4282)
3(1291 1292 1290)
3(4325 4324 4326)
3(1439 2895 1298)
3(4473 4332 5929)
3(1312 2989 2513)
3(4346 5547 6023)
3(1410 1411 1323)
3(4444 4357 4445)
3(2478 3000 1327)
3(5512 4361 6034)
3(1411 2052 1634)
3(4445 4668 5086)
3(1443 2750 2033)
3(4477 5067 5784)
3(1460 1646 1458)
3(4494 4492 4680)
3(1554 1701 1559)
3(4588 4593 4735)
3(1807 1863 1862)
3(4841 4896 4897)
3(1910 1912 1911)
3(4944 4945 4946)
3(1953 2118 2117)
3(4987 5151 5152)
3(2421 2424 2423)
3(5455 5457 5458)
3(2799 2857 2717)
3(5833 5751 5891)
3(38 420 39)
3(242 243 3454)
3(115 446 116)
3(319 320 3480)
3(191 423 192)
3(395 396 3457)
3(193 476 194)
3(397 398 3510)
3(196 429 197)
3(400 401 3463)
3(526 611 524)
3(3560 3558 3645)
3(611 2775 524)
3(3645 3558 5809)
3(620 622 621)
3(3654 3655 3656)
3(808 1794 806)
3(3842 3840 4828)
3(885 917 916)
3(3919 3950 3951)
3(947 2483 1124)
3(3981 4158 5517)
3(955 1018 954)
3(3989 3988 4052)
3(1080 2926 2898)
3(4114 5932 5960)
3(1130 1351 1131)
3(4164 4165 4385)
3(1236 1348 1237)
3(4270 4271 4382)
3(1292 1322 1321)
3(4326 4355 4356)
3(1464 2938 1830)
3(4498 4864 5972)
3(1508 3112 1885)
3(4542 4919 6146)
3(1512 2437 1509)
3(4546 4543 5471)
3(2008 2009 1600)
3(5042 4634 5043)
3(1743 2585 2584)
3(4777 5618 5619)
3(2939 2954 1811)
3(5973 4845 5988)
3(2304 2305 1896)
3(5338 4930 5339)
3(2037 2926 1989)
3(5071 5023 5960)
3(2772 2931 2003)
3(5806 5037 5965)
3(2072 2074 2073)
3(5106 5107 5108)
3(23 484 24)
3(227 228 3518)
3(50 2806 489)
3(254 3523 5840)
3(476 2622 194)
3(3510 398 5656)
3(206 2646 207)
3(410 411 5680)
3(476 2623 2622)
3(3510 5656 5657)
3(712 2616 1160)
3(3746 4194 5650)
3(912 976 939)
3(3946 3973 4010)
3(1224 1463 915)
3(4258 3949 4497)
3(994 2520 996)
3(4028 4030 5554)
3(1010 2415 1012)
3(4044 4046 5449)
3(1014 1027 1016)
3(4048 4050 4061)
3(1019 2462 1082)
3(4053 4116 5496)
3(1031 1137 1032)
3(4065 4066 4171)
3(1083 1084 1081)
3(4117 4115 4118)
3(1167 2758 1180)
3(4201 4214 5792)
3(1585 2675 1186)
3(4619 4220 5709)
3(1246 1354 1353)
3(4280 4387 4388)
3(1287 2417 1346)
3(4321 4380 5451)
3(1873 2960 1348)
3(4907 4382 5994)
3(1758 1759 1463)
3(4792 4497 4793)
3(2207 2208 1681)
3(5241 4715 5242)
3(1708 2062 1873)
3(4742 4907 5096)
3(1731 1732 1730)
3(4765 4764 4766)
3(1733 1734 1732)
3(4767 4766 4768)
3(1735 1741 1737)
3(4769 4771 4775)
3(1991 2811 2632)
3(5025 5666 5845)
3(17 442 18)
3(221 222 3476)
3(203 487 204)
3(407 408 3521)
3(731 734 730)
3(3765 3764 3768)
3(736 1388 750)
3(3770 3784 4422)
3(815 816 779)
3(3849 3813 3850)
3(812 856 855)
3(3846 3889 3890)
3(821 822 820)
3(3855 3854 3856)
3(823 824 822)
3(3857 3856 3858)
3(947 1035 946)
3(3981 3980 4069)
3(956 2529 957)
3(3990 3991 5563)
3(957 1029 980)
3(3991 4014 4063)
3(985 1328 983)
3(4019 4017 4362)
3(986 1023 988)
3(4020 4022 4057)
3(989 1337 987)
3(4023 4021 4371)
3(1005 1340 1003)
3(4039 4037 4374)
3(1004 2682 1006)
3(4038 4040 5716)
3(1074 3075 2990)
3(4108 6024 6109)
3(1087 1088 1085)
3(4121 4119 4122)
3(1109 1465 1304)
3(4143 4338 4499)
3(1235 2795 1240)
3(4269 4274 5829)
3(1313 1545 1314)
3(4347 4348 4579)
3(2378 2379 1337)
3(5412 4371 5413)
3(1489 1642 1414)
3(4523 4448 4676)
3(1997 1998 1532)
3(5031 4566 5032)
3(1544 1678 1605)
3(4578 4639 4712)
3(1595 3079 2460)
3(4629 5494 6113)
3(1672 2174 1959)
3(4706 4993 5208)
3(1865 1866 1740)
3(4899 4774 4900)
3(1800 1801 1798)
3(4834 4832 4835)
3(2021 2280 2020)
3(5055 5054 5314)
3(2291 2515 2290)
3(5325 5324 5549)
3(2390 2391 2388)
3(5424 5422 5425)
3(2521 2525 2522)
3(5555 5556 5559)
3(2731 2814 2732)
3(5765 5766 5848)
3(2880 3113 3093)
3(5914 6127 6147)
3(13 2700 447)
3(217 3481 5734)
3(616 630 617)
3(3650 3651 3664)
3(670 671 668)
3(3704 3702 3705)
3(674 675 673)
3(3708 3707 3709)
3(676 677 675)
3(3710 3709 3711)
3(675 2627 2454)
3(3709 5488 5661)
3(678 679 677)
3(3712 3711 3713)
3(678 2965 2450)
3(3712 5484 5999)
3(686 687 685)
3(3720 3719 3721)
3(690 2690 1404)
3(3724 4438 5724)
3(692 693 691)
3(3726 3725 3727)
3(712 724 723)
3(3746 3757 3758)
3(728 730 727)
3(3762 3761 3764)
3(3122 3139 743)
3(6156 3777 6173)
3(809 810 808)
3(3843 3842 3844)
3(932 933 897)
3(3966 3931 3967)
3(912 939 938)
3(3946 3972 3973)
3(1086 2920 1087)
3(4120 4121 5954)
3(1162 2025 1607)
3(4196 4641 5059)
3(1162 2288 2026)
3(4196 5060 5322)
3(1211 1246 1245)
3(4245 4279 4280)
3(2411 2420 1214)
3(5445 4248 5454)
3(1221 1336 1335)
3(4255 4369 4370)
3(1748 2601 1238)
3(4782 4272 5635)
3(1297 2434 1295)
3(4331 4329 5468)
3(1304 2541 1305)
3(4338 4339 5575)
3(1370 2762 1372)
3(4404 4406 5796)
3(1613 2494 1394)
3(4647 4428 5528)
3(1850 2842 1426)
3(4884 4460 5876)
3(1461 1772 1462)
3(4495 4496 4806)
3(1871 2634 1574)
3(4905 4608 5668)
3(1608 2608 1897)
3(4642 4931 5642)
3(1692 1694 1693)
3(4726 4727 4728)
3(1795 1796 1780)
3(4829 4814 4830)
3(2698 2945 1794)
3(5732 4828 5979)
3(1802 1803 1801)
3(4836 4835 4837)
3(2198 2308 1815)
3(5232 4849 5342)
3(1853 1889 1854)
3(4887 4888 4923)
3(3292 3293 2075)
3(6326 5109 6327)
3(2448 2449 2447)
3(5482 5481 5483)
3(545 3115 632)
3(3579 3666 6149)
3(568 569 566)
3(3602 3600 3603)
3(566 2724 570)
3(3600 3604 5758)
3(568 3006 2777)
3(3602 5811 6040)
3(573 574 572)
3(3607 3606 3608)
3(575 2725 664)
3(3609 3698 5759)
3(577 578 576)
3(3611 3610 3612)
3(578 580 579)
3(3612 3613 3614)
3(668 2810 2809)
3(3702 5843 5844)
3(715 3010 2778)
3(3749 5812 6044)
3(724 733 732)
3(3758 3766 3767)
3(841 2831 740)
3(3875 3774 5865)
3(748 2557 746)
3(3782 3780 5591)
3(787 2727 769)
3(3821 3803 5761)
3(777 1447 790)
3(3811 3824 4481)
3(838 870 787)
3(3872 3821 3904)
3(790 2708 842)
3(3824 3876 5742)
3(853 877 876)
3(3887 3910 3911)
3(906 964 963)
3(3940 3997 3998)
3(920 3024 921)
3(3954 3955 6058)
3(963 2730 2516)
3(3997 5550 5764)
3(1593 2735 1034)
3(4627 4068 5769)
3(1089 1107 1088)
3(4123 4122 4141)
3(1118 2596 1366)
3(4152 4400 5630)
3(1127 2791 1591)
3(4161 4625 5825)
3(1232 1233 1129)
3(4266 4163 4267)
3(1153 1256 1155)
3(4187 4189 4290)
3(1190 2854 2817)
3(4224 5851 5888)
3(1256 1532 1257)
3(4290 4291 4566)
3(1488 1744 1320)
3(4522 4354 4778)
3(1474 1710 1330)
3(4508 4364 4744)
3(1442 1476 1332)
3(4476 4366 4510)
3(1356 1550 1357)
3(4390 4391 4584)
3(1357 1434 1433)
3(4391 4467 4468)
3(1481 1844 1476)
3(4515 4510 4878)
3(1491 2064 1749)
3(4525 4783 5098)
3(1926 2968 1499)
3(4960 4533 6002)
3(1652 1925 1506)
3(4686 4540 4959)
3(2605 3022 1577)
3(5639 4611 6056)
3(1612 1886 1845)
3(4646 4879 4920)
3(2471 2472 1613)
3(5505 4647 5506)
3(1779 1780 1632)
3(4813 4666 4814)
3(1780 2366 1632)
3(4814 4666 5400)
3(1710 3000 2478)
3(4744 5512 6034)
3(1743 2586 2585)
3(4777 5619 5620)
3(2725 2848 1770)
3(5759 4804 5882)
3(1816 2198 1815)
3(4850 4849 5232)
3(1818 3020 2922)
3(4852 5956 6054)
3(1824 2943 2000)
3(4858 5034 5977)
3(1829 2900 2747)
3(4863 5781 5934)
3(1905 2329 1904)
3(4939 4938 5363)
3(2089 2127 1942)
3(5123 4976 5161)
3(1970 2196 1971)
3(5004 5005 5230)
3(1983 2486 2249)
3(5017 5283 5520)
3(2928 2941 1994)
3(5962 5028 5975)
3(2996 3215 2042)
3(6030 5076 6249)
3(3035 3092 2618)
3(6069 5652 6126)
3(2862 2863 2861)
3(5896 5895 5897)
3(2866 2867 2865)
3(5900 5899 5901)
3(31 2701 32)
3(235 236 5735)
3(440 2507 171)
3(3474 375 5541)
3(533 534 532)
3(3567 3566 3568)
3(539 540 538)
3(3573 3572 3574)
3(543 544 542)
3(3577 3576 3578)
3(548 550 549)
3(3582 3583 3584)
3(567 2872 554)
3(3601 3588 5906)
3(556 558 557)
3(3590 3591 3592)
3(558 560 559)
3(3592 3593 3594)
3(560 562 561)
3(3594 3595 3596)
3(2435 2846 567)
3(5469 3601 5880)
3(588 591 589)
3(3622 3623 3625)
3(594 595 593)
3(3628 3627 3629)
3(594 2856 1182)
3(3628 4216 5890)
3(596 599 595)
3(3630 3629 3633)
3(601 603 602)
3(3635 3636 3637)
3(608 845 604)
3(3642 3638 3879)
3(617 1183 615)
3(3651 3649 4217)
3(630 636 631)
3(3664 3665 3670)
3(630 2649 636)
3(3664 3670 5683)
3(637 638 631)
3(3671 3665 3672)
3(639 640 638)
3(3673 3672 3674)
3(641 642 640)
3(3675 3674 3676)
3(645 646 644)
3(3679 3678 3680)
3(2902 3001 657)
3(5936 3691 6035)
3(723 2858 711)
3(3757 3745 5892)
3(781 782 726)
3(3815 3760 3816)
3(729 2749 777)
3(3763 3811 5783)
3(736 2692 1388)
3(3770 4422 5726)
3(782 2912 1469)
3(3816 4503 5946)
3(801 802 800)
3(3835 3834 3836)
3(811 864 812)
3(3845 3846 3898)
3(909 910 844)
3(3943 3878 3944)
3(857 2714 2560)
3(3891 5594 5748)
3(2461 2899 889)
3(5495 3923 5933)
3(898 2918 1568)
3(3932 4602 5952)
3(910 925 924)
3(3944 3958 3959)
3(927 929 928)
3(3961 3962 3963)
3(952 2919 929)
3(3986 3963 5953)
3(2655 2656 930)
3(5689 3964 5690)
3(949 1040 1039)
3(3983 4073 4074)
3(2774 2794 952)
3(5808 3986 5828)
3(953 2931 2772)
3(3987 5806 5965)
3(1038 2928 2875)
3(4072 5909 5962)
3(1044 1123 1122)
3(4078 4156 4157)
3(1068 1361 1070)
3(4102 4104 4395)
3(1070 1071 1069)
3(4104 4103 4105)
3(1072 1149 1139)
3(4106 4173 4183)
3(1077 1234 1076)
3(4111 4110 4268)
3(1091 2942 2829)
3(4125 5863 5976)
3(1100 1101 1099)
3(4134 4133 4135)
3(1101 1244 1231)
3(4135 4265 4278)
3(1104 1105 1102)
3(4138 4136 4139)
3(1103 1983 1128)
3(4137 4162 5017)
3(1114 2947 2717)
3(4148 5751 5981)
3(1121 1771 1387)
3(4155 4421 4805)
3(1174 1175 1134)
3(4208 4168 4209)
3(1176 2492 1399)
3(4210 4433 5526)
3(1185 1195 1194)
3(4219 4228 4229)
3(1464 1830 1192)
3(4498 4226 4864)
3(1196 1197 1195)
3(4230 4229 4231)
3(1244 1496 1413)
3(4278 4447 4530)
3(1249 1501 1409)
3(4283 4443 4535)
3(1263 1264 1262)
3(4297 4296 4298)
3(1273 1535 1275)
3(4307 4309 4569)
3(1996 2479 1316)
3(5030 4350 5513)
3(1573 2608 1335)
3(4607 4369 5642)
3(1578 1579 1347)
3(4612 4381 4613)
3(1598 2812 1369)
3(4632 4403 5846)
3(1370 1372 1371)
3(4404 4405 4406)
3(1372 1374 1373)
3(4406 4407 4408)
3(1601 2763 1377)
3(4635 4411 5797)
3(1381 1382 1380)
3(4415 4414 4416)
3(1400 2369 1482)
3(4434 4516 5403)
3(1787 1789 1451)
3(4821 4485 4823)
3(1773 1806 1462)
3(4807 4496 4840)
3(1848 1864 1470)
3(4882 4504 4898)
3(1496 1923 1645)
3(4530 4679 4957)
3(1501 1935 1643)
3(4535 4677 4969)
3(1551 1690 1553)
3(4585 4587 4724)
3(1581 2636 1580)
3(4615 4614 5670)
3(2707 2766 1582)
3(5741 4616 5800)
3(2791 2792 1591)
3(5825 4625 5826)
3(1678 1974 1605)
3(4712 4639 5008)
3(1608 1897 1874)
3(4642 4908 4931)
3(1628 1629 1627)
3(4662 4661 4663)
3(1627 2773 1890)
3(4661 4924 5807)
3(1668 2170 1667)
3(4702 4701 5204)
3(1672 1959 1670)
3(4706 4704 4993)
3(1704 2612 2221)
3(4738 5255 5646)
3(1846 1847 1705)
3(4880 4739 4881)
3(1777 2800 1775)
3(4811 4809 5834)
3(2501 2839 1778)
3(5535 4812 5873)
3(2597 2743 1786)
3(5631 4820 5777)
3(1789 1791 1790)
3(4823 4824 4825)
3(1791 2010 1792)
3(4825 4826 5044)
3(1797 1800 1798)
3(4831 4832 4834)
3(1821 1822 1820)
3(4855 4854 4856)
3(1822 1856 1855)
3(4856 4889 4890)
3(1833 1858 1834)
3(4867 4868 4892)
3(2312 2817 1842)
3(5346 4876 5851)
3(1847 2901 2801)
3(4881 5835 5935)
3(1879 3171 2039)
3(4913 5073 6205)
3(2636 2637 1879)
3(5670 4913 5671)
3(1883 1884 1882)
3(4917 4916 4918)
3(1882 3127 3125)
3(4916 6159 6161)
3(1907 3276 2207)
3(4941 5241 6310)
3(1944 1946 1945)
3(4978 4979 4980)
3(1996 2703 2479)
3(5030 5513 5737)
3(2007 2571 2006)
3(5041 5040 5605)
3(2597 3037 2010)
3(5631 5044 6071)
3(2011 2944 2799)
3(5045 5833 5978)
3(2022 2023 2021)
3(5056 5055 5057)
3(2750 2831 2033)
3(5784 5067 5865)
3(2232 2878 2797)
3(5266 5831 5912)
3(2322 2485 2484)
3(5356 5518 5519)
3(2356 2942 2754)
3(5390 5788 5976)
3(2501 2774 2751)
3(5535 5785 5808)
3(2751 2840 2501)
3(5785 5535 5874)
3(2543 2986 2544)
3(5577 5578 6020)
3(2581 2820 2819)
3(5615 5853 5854)
3(2768 2947 2656)
3(5802 5690 5981)
3(2836 2919 2792)
3(5870 5826 5953)
3(3093 3113 2825)
3(6127 5859 6147)
3(2851 2884 2883)
3(5885 5917 5918)
3(175 2669 176)
3(379 380 5703)
3(487 2654 204)
3(3521 408 5688)
3(526 2508 611)
3(3560 3645 5542)
3(600 867 606)
3(3634 3640 3901)
3(620 2648 1436)
3(3654 4470 5682)
3(636 754 656)
3(3670 3690 3788)
3(643 647 645)
3(3677 3679 3681)
3(644 2748 780)
3(3678 3814 5782)
3(660 661 653)
3(3694 3687 3695)
3(716 722 710)
3(3750 3744 3756)
3(729 752 722)
3(3763 3756 3786)
3(744 2859 742)
3(3778 3776 5893)
3(1438 2677 756)
3(4472 3790 5711)
3(790 842 838)
3(3824 3872 3876)
3(807 809 808)
3(3841 3842 3843)
3(855 2713 810)
3(3889 3844 5747)
3(905 1363 855)
3(3939 3889 4397)
3(1198 2789 1020)
3(4232 4054 5823)
3(1036 1118 1037)
3(4070 4071 4152)
3(1059 1060 1058)
3(4093 4092 4094)
3(1361 2733 1070)
3(4395 4104 5767)
3(1445 2752 1122)
3(4479 4156 5786)
3(1123 1185 1184)
3(4157 4218 4219)
3(2811 2887 1123)
3(5845 4157 5921)
3(1222 3240 2473)
3(4256 5507 6274)
3(1240 1253 1252)
3(4274 4286 4287)
3(1309 1415 1414)
3(4343 4448 4449)
3(1333 1611 1394)
3(4367 4428 4645)
3(1643 2995 1409)
3(4677 4443 6029)
3(1415 1490 1489)
3(4449 4523 4524)
3(1423 1664 1421)
3(4457 4455 4698)
3(1472 1475 1474)
3(4506 4508 4509)
3(1612 1845 1611)
3(4646 4645 4879)
3(2170 2172 1667)
3(5204 4701 5206)
3(1764 1963 1765)
3(4798 4799 4997)
3(1878 2781 1777)
3(4912 4811 5815)
3(1994 2778 1800)
3(5028 4834 5812)
3(1817 2721 2696)
3(4851 5730 5755)
3(2864 3070 1864)
3(5898 4898 6104)
3(2608 2610 1897)
3(5642 4931 5644)
3(1944 2723 2538)
3(4978 5572 5757)
3(2369 2371 2370)
3(5403 5404 5405)
3(2400 2403 2398)
3(5434 5432 5437)
3(2495 2496 2494)
3(5529 5528 5530)
3(2517 3029 2930)
3(5551 5964 6063)
3(2544 2546 2545)
3(5578 5579 5580)
3(2991 3158 2563)
3(6025 5597 6192)
3(12 2700 13)
3(216 217 5734)
3(68 443 69)
3(272 273 3477)
3(505 506 504)
3(3539 3538 3540)
3(518 2624 725)
3(3552 3759 5658)
3(564 568 566)
3(3598 3600 3602)
3(580 2825 582)
3(3614 3616 5859)
3(606 609 605)
3(3640 3639 3643)
3(606 2626 610)
3(3640 3644 5660)
3(673 2454 721)
3(3707 3755 5488)
3(694 695 693)
3(3728 3727 3729)
3(696 697 695)
3(3730 3729 3731)
3(702 703 701)
3(3736 3735 3737)
3(706 707 705)
3(3740 3739 3741)
3(709 710 707)
3(3743 3741 3744)
3(707 2414 718)
3(3741 3752 5448)
3(752 770 760)
3(3786 3794 3804)
3(754 756 755)
3(3788 3789 3790)
3(758 772 759)
3(3792 3793 3806)
3(2677 2868 758)
3(5711 3792 5902)
3(1447 2708 790)
3(4481 3824 5742)
3(837 879 878)
3(3871 3912 3913)
3(884 885 882)
3(3918 3916 3919)
3(885 916 915)
3(3919 3949 3950)
3(892 2630 1181)
3(3926 4215 5664)
3(963 2516 905)
3(3997 3939 5550)
3(937 2483 947)
3(3971 3981 5517)
3(1138 1566 1032)
3(4172 4066 4600)
3(1098 2322 1095)
3(4132 4129 5356)
3(1117 1468 1316)
3(4151 4350 4502)
3(2616 2893 1160)
3(5650 4194 5927)
3(1181 3030 2977)
3(4215 6011 6064)
3(1313 2877 1812)
3(4347 4846 5911)
3(1744 2417 1320)
3(4778 4354 5451)
3(2516 2517 1363)
3(5550 4397 5551)
3(1570 1571 1435)
3(4604 4469 4605)
3(2339 2340 1473)
3(5373 4507 5374)
3(2060 2061 1539)
3(5094 4573 5095)
3(1675 2328 1960)
3(4709 4994 5362)
3(1751 2639 2301)
3(4785 5335 5673)
3(2012 2013 1767)
3(5046 4801 5047)
3(1779 1795 1780)
3(4813 4814 4829)
3(1784 2056 2054)
3(4818 5088 5090)
3(1795 1797 1796)
3(4829 4830 4831)
3(1802 1804 1803)
3(4836 4837 4838)
3(1804 1816 1815)
3(4838 4849 4850)
3(1812 2780 1814)
3(4846 4848 5814)
3(1970 2209 2196)
3(5004 5230 5243)
3(2013 2447 2446)
3(5047 5480 5481)
3(2410 3288 2175)
3(5444 5209 6322)
3(2389 3278 3271)
3(5423 6305 6312)
3(13 447 14)
3(217 218 3481)
3(501 502 500)
3(3535 3534 3536)
3(501 2594 503)
3(3535 3537 5628)
3(512 865 510)
3(3546 3544 3899)
3(517 899 519)
3(3551 3553 3933)
3(547 2742 548)
3(3581 3582 5776)
3(548 1786 550)
3(3582 3584 4820)
3(553 1168 551)
3(3587 3585 4202)
3(552 567 554)
3(3586 3588 3601)
3(565 587 563)
3(3599 3597 3621)
3(570 2746 565)
3(3604 3599 5780)
3(597 598 592)
3(3631 3626 3632)
3(634 635 633)
3(3668 3667 3669)
3(654 655 635)
3(3688 3669 3689)
3(635 2433 1169)
3(3669 4203 5467)
3(643 645 644)
3(3677 3678 3679)
3(662 663 655)
3(3696 3689 3697)
3(665 666 663)
3(3699 3697 3700)
3(704 2351 706)
3(3738 3740 5385)
3(706 871 709)
3(3740 3743 3905)
3(709 2925 716)
3(3743 3750 5959)
3(711 2858 713)
3(3745 3747 5892)
3(729 777 769)
3(3763 3803 3811)
3(734 888 730)
3(3768 3764 3922)
3(731 736 735)
3(3765 3769 3770)
3(2809 3008 763)
3(5843 3797 6042)
3(2727 2728 769)
3(5761 3803 5762)
3(770 785 771)
3(3804 3805 3819)
3(772 835 783)
3(3806 3817 3869)
3(785 839 786)
3(3819 3820 3873)
3(2475 2910 792)
3(5509 3826 5944)
3(854 2475 794)
3(3888 3828 5509)
3(836 846 835)
3(3870 3869 3880)
3(843 909 844)
3(3877 3878 3943)
3(924 2912 844)
3(3958 3878 5946)
3(847 872 846)
3(3881 3880 3906)
3(854 2476 2475)
3(3888 5509 5510)
3(875 914 913)
3(3909 3947 3948)
3(925 2751 927)
3(3959 3961 5785)
3(929 2919 931)
3(3963 3965 5953)
3(935 1227 937)
3(3969 3971 4261)
3(1035 2890 946)
3(4069 3980 5924)
3(2667 3198 950)
3(5701 3984 6232)
3(964 1066 1065)
3(3998 4099 4100)
3(975 1048 982)
3(4009 4016 4082)
3(1038 2941 2928)
3(4072 5962 5975)
3(1051 1136 1135)
3(4085 4169 4170)
3(1056 1326 1054)
3(4090 4088 4360)
3(2744 2745 1168)
3(5778 4202 5779)
3(1174 1176 1175)
3(4208 4209 4210)
3(1188 2603 2602)
3(4222 5636 5637)
3(1219 1226 1218)
3(4253 4252 4260)
3(1389 1477 1226)
3(4423 4260 4511)
3(1232 2953 1241)
3(4266 4275 5987)
3(1242 1633 1233)
3(4276 4267 4667)
3(1248 3007 1242)
3(4282 4276 6041)
3(1493 1635 1248)
3(4527 4282 4669)
3(1274 2467 1272)
3(4308 4306 5501)
3(1426 2842 1294)
3(4460 4328 5876)
3(1300 1576 1302)
3(4334 4336 4610)
3(1391 1392 1303)
3(4425 4337 4426)
3(1836 1838 1317)
3(4870 4351 4872)
3(1338 2384 2383)
3(4372 5417 5418)
3(1362 2696 2614)
3(4396 5648 5730)
3(1645 1990 1413)
3(4679 4447 5024)
3(1790 2768 1451)
3(4824 4485 5802)
3(1469 2912 2799)
3(4503 5833 5946)
3(1490 1526 1489)
3(4524 4523 4560)
3(1527 1939 1526)
3(4561 4560 4973)
3(1528 1679 1544)
3(4562 4578 4713)
3(1687 1699 1556)
3(4721 4590 4733)
3(2004 2005 1581)
3(5038 4615 5039)
3(1588 1810 1586)
3(4622 4620 4844)
3(1618 2002 1620)
3(4652 4654 5036)
3(1622 1778 1624)
3(4656 4658 4812)
3(1629 2773 1627)
3(4663 4661 5807)
3(1900 1901 1629)
3(4934 4663 4935)
3(1633 2326 2323)
3(4667 5357 5360)
3(1648 1927 1647)
3(4682 4681 4961)
3(1657 2650 1969)
3(4691 5003 5684)
3(1658 2652 2651)
3(4692 5685 5686)
3(2165 3055 1664)
3(5199 4698 6089)
3(1678 2187 1975)
3(4712 5009 5221)
3(1789 2435 1791)
3(4823 4825 5469)
3(1810 2867 2866)
3(4844 5900 5901)
3(1825 2834 2796)
3(4859 5830 5868)
3(2354 2477 1926)
3(5388 4960 5511)
3(2002 2774 2500)
3(5036 5534 5808)
3(2010 3037 3036)
3(5044 6070 6071)
3(2015 2587 2018)
3(5049 5052 5621)
3(2065 2334 2333)
3(5099 5367 5368)
3(2501 2840 2839)
3(5535 5873 5874)
3(2769 2997 2614)
3(5803 5648 6031)
3(420 2620 39)
3(3454 243 5654)
3(154 2445 450)
3(358 3484 5479)
3(511 1017 513)
3(3545 3547 4051)
3(667 2809 763)
3(3701 3797 5843)
3(730 2691 727)
3(3764 3761 5725)
3(728 2692 731)
3(3762 3765 5726)
3(756 2677 758)
3(3790 3792 5711)
3(811 869 864)
3(3845 3898 3903)
3(914 960 958)
3(3948 3992 3994)
3(945 973 972)
3(3979 4006 4007)
3(1077 1235 1234)
3(4111 4268 4269)
3(1118 1366 1364)
3(4152 4398 4400)
3(1365 1367 1119)
3(4399 4153 4401)
3(2542 3082 1305)
3(5576 4339 6116)
3(1307 1427 1306)
3(4341 4340 4461)
3(1368 1369 1367)
3(4402 4401 4403)
3(1492 1657 1493)
3(4526 4527 4691)
3(1523 1656 1655)
3(4557 4689 4690)
3(1542 2531 1861)
3(4576 4895 5565)
3(1603 2029 1604)
3(4637 4638 5063)
3(2271 2272 1642)
3(5305 4676 5306)
3(1648 1929 1928)
3(4682 4962 4963)
3(1919 2353 1653)
3(4953 4687 5387)
3(1675 1960 1677)
3(4709 4711 4994)
3(1678 2813 2187)
3(4712 5221 5847)
3(1853 1854 1852)
3(4887 4886 4888)
3(432 2669 175)
3(3466 379 5703)
3(556 557 555)
3(3590 3589 3591)
3(565 2746 587)
3(3599 3621 5780)
3(617 2835 1183)
3(3651 4217 5869)
3(636 2649 754)
3(3670 3788 5683)
3(755 1817 656)
3(3789 3690 4851)
3(669 2418 658)
3(3703 3692 5452)
3(685 720 683)
3(3719 3717 3754)
3(686 767 688)
3(3720 3722 3801)
3(697 719 695)
3(3731 3729 3753)
3(696 2628 698)
3(3730 3732 5662)
3(703 1229 701)
3(3737 3735 4263)
3(710 2414 707)
3(3744 3741 5448)
3(752 760 722)
3(3786 3756 3794)
3(749 775 748)
3(3783 3782 3809)
3(748 2560 2557)
3(3782 5591 5594)
3(755 2722 1817)
3(3789 4851 5756)
3(770 771 760)
3(3804 3794 3805)
3(768 2533 2532)
3(3802 5566 5567)
3(770 2728 1440)
3(3804 4474 5762)
3(776 805 775)
3(3810 3809 3839)
3(1112 1164 784)
3(4146 3818 4198)
3(807 1446 809)
3(3841 3843 4480)
3(908 2666 978)
3(3942 4012 5700)
3(977 2420 960)
3(4011 3994 5454)
3(1039 1121 1120)
3(4073 4154 4155)
3(1056 2607 1326)
3(4090 4360 5641)
3(1130 1352 1351)
3(4164 4385 4386)
3(1132 1236 1214)
3(4166 4248 4270)
3(1360 1585 1186)
3(4394 4220 4619)
3(1201 2833 1325)
3(4235 4359 5867)
3(1203 1204 1202)
3(4237 4236 4238)
3(1202 2759 1594)
3(4236 4628 5793)
3(1205 1220 1204)
3(4239 4238 4254)
3(1205 2984 2779)
3(4239 5813 6018)
3(1221 1334 1220)
3(4255 4254 4368)
3(1236 1708 1348)
3(4270 4382 4742)
3(1277 1536 1279)
3(4311 4313 4570)
3(1281 1537 1283)
3(4315 4317 4571)
3(1318 1432 1405)
3(4352 4439 4466)
3(1472 1474 1330)
3(4506 4364 4508)
3(1335 1608 1334)
3(4369 4368 4642)
3(1360 1586 1585)
3(4394 4619 4620)
3(1376 1377 1374)
3(4410 4408 4411)
3(1379 2878 1381)
3(4413 4415 5912)
3(1382 1384 1380)
3(4416 4414 4418)
3(1385 1396 1384)
3(4419 4418 4430)
3(1415 1489 1414)
3(4449 4448 4523)
3(1442 1481 1476)
3(4476 4510 4515)
3(1453 1454 1452)
3(4487 4486 4488)
3(1472 3141 1475)
3(4506 4509 6175)
3(2340 2788 1473)
3(5374 4507 5822)
3(1477 1479 1478)
3(4511 4512 4513)
3(1479 1558 1557)
3(4513 4591 4592)
3(1705 2802 1561)
3(4739 4595 5836)
3(1702 2223 1766)
3(4736 4800 5257)
3(2535 2782 1746)
3(5569 4780 5816)
3(1767 2639 1751)
3(4801 4785 5673)
3(2013 2446 1767)
3(5047 4801 5480)
3(1776 1877 1777)
3(4810 4811 4911)
3(1946 1953 1945)
3(4980 4979 4987)
3(2338 2342 2339)
3(5372 5373 5376)
3(2344 2347 2346)
3(5378 5380 5381)
3(2395 3314 3310)
3(5429 6344 6348)
3(2480 2632 2512)
3(5514 5546 5666)
3(2634 3086 2635)
3(5668 5669 6120)
3(471 2502 42)
3(3505 246 5536)
3(74 478 75)
3(278 279 3512)
3(2545 2827 477)
3(5579 3511 5861)
3(613 619 618)
3(3647 3652 3653)
3(785 786 771)
3(3819 3805 3820)
3(872 893 846)
3(3906 3880 3927)
3(1754 2527 900)
3(4788 3934 5561)
3(982 1047 981)
3(4016 4015 4081)
3(1027 2427 1130)
3(4061 4164 5461)
3(1185 2887 1196)
3(4219 4230 5921)
3(1359 1360 1186)
3(4393 4220 4394)
3(1219 1390 1389)
3(4253 4423 4424)
3(1282 3160 1280)
3(4316 4314 6194)
3(1296 1439 1298)
3(4330 4332 4473)
3(1336 1575 1574)
3(4370 4608 4609)
3(1421 1422 1350)
3(4455 4384 4456)
3(1392 1542 1541)
3(4426 4575 4576)
3(1474 1743 1710)
3(4508 4744 4777)
3(1554 2758 1793)
3(4588 4827 5792)
3(1599 1843 1842)
3(4633 4876 4877)
3(1671 1851 1850)
3(4705 4884 4885)
3(1756 2893 2616)
3(4790 5650 5927)
3(2480 2481 1899)
3(5514 4933 5515)
3(1930 2195 1932)
3(4964 4966 5229)
3(2539 3144 1952)
3(5573 4986 6178)
3(1986 2810 2318)
3(5020 5352 5844)
3(1991 2887 2811)
3(5025 5845 5921)
3(2079 2087 2080)
3(5113 5114 5121)
3(14 2660 15)
3(218 219 5694)
3(209 2828 210)
3(413 414 5862)
3(596 600 599)
3(3630 3633 3634)
3(620 621 619)
3(3654 3653 3655)
3(733 774 773)
3(3767 3807 3808)
3(741 742 740)
3(3775 3774 3776)
3(766 1444 764)
3(3800 3798 4478)
3(890 2844 773)
3(3924 3807 5878)
3(799 801 800)
3(3833 3834 3835)
3(869 902 864)
3(3903 3898 3936)
3(919 3080 876)
3(3953 3910 6114)
3(945 972 971)
3(3979 4005 4006)
3(960 1030 958)
3(3994 3992 4064)
3(975 982 981)
3(4009 4015 4016)
3(982 1075 1047)
3(4016 4081 4109)
3(1043 1127 1126)
3(4077 4160 4161)
3(1117 2735 1468)
3(4151 4502 5769)
3(1165 1166 1164)
3(4199 4198 4200)
3(1166 2657 1164)
3(4200 4198 5691)
3(1167 1179 1166)
3(4201 4200 4213)
3(1344 2487 1206)
3(4378 4240 5521)
3(1296 1297 1295)
3(4330 4329 4331)
3(1392 1540 1303)
3(4426 4337 4574)
3(1349 1421 1350)
3(4383 4384 4455)
3(1423 1665 1664)
3(4457 4698 4699)
3(1425 1672 1670)
3(4459 4704 4706)
3(1772 1773 1462)
3(4806 4496 4807)
3(1528 1529 1527)
3(4562 4561 4563)
3(1542 1861 1614)
3(4576 4648 4895)
3(1679 2813 1544)
3(4713 4578 5847)
3(1702 1766 1559)
3(4736 4593 4800)
3(1598 3081 3060)
3(4632 6094 6115)
3(2183 2184 1674)
3(5217 4708 5218)
3(2713 2930 1794)
3(5747 4828 5964)
3(2782 2858 1823)
3(5816 4857 5892)
3(2084 2085 1924)
3(5118 4958 5119)
3(2191 2192 2190)
3(5225 5224 5226)
3(2512 2640 2481)
3(5546 5515 5674)
3(2930 3029 2698)
3(5964 5732 6063)
3(43 2502 428)
3(247 3462 5536)
3(208 2821 466)
3(412 3500 5855)
3(2523 2806 438)
3(5557 3472 5840)
3(624 627 626)
3(3658 3660 3661)
3(627 651 650)
3(3661 3684 3685)
3(650 2418 1161)
3(3684 4195 5452)
3(651 659 658)
3(3685 3692 3693)
3(772 836 835)
3(3806 3869 3870)
3(778 868 814)
3(3812 3848 3902)
3(823 2482 862)
3(3857 3896 5516)
3(839 2686 880)
3(3873 3914 5720)
3(875 913 863)
3(3909 3897 3947)
3(868 1344 1206)
3(3902 4240 4378)
3(869 903 902)
3(3903 3936 3937)
3(903 943 942)
3(3937 3976 3977)
3(904 945 940)
3(3938 3974 3979)
3(1021 1077 1076)
3(4055 4110 4111)
3(1053 1055 1054)
3(4087 4088 4089)
3(1059 1061 1060)
3(4093 4094 4095)
3(1109 1110 1063)
3(4143 4097 4144)
3(2362 2731 1066)
3(5396 4100 5765)
3(1068 1069 1067)
3(4102 4101 4103)
3(1069 2756 1111)
3(4103 4145 5790)
3(1072 1073 1071)
3(4106 4105 4107)
3(1087 1090 1089)
3(4121 4123 4124)
3(1096 2942 1093)
3(4130 4127 5976)
3(1138 1760 1567)
3(4172 4601 4794)
3(1207 1208 1148)
3(4241 4182 4242)
3(1153 1154 1152)
3(4187 4186 4188)
3(1180 2758 1554)
3(4214 4588 5792)
3(1191 1358 1192)
3(4225 4226 4392)
3(1236 1237 1214)
3(4270 4248 4271)
3(1309 1414 1253)
3(4343 4287 4448)
3(1427 1429 1306)
3(4461 4340 4463)
3(1345 1709 1486)
3(4379 4520 4743)
3(1708 1873 1348)
3(4742 4382 4907)
3(1358 1551 1464)
3(4392 4498 4585)
3(1410 1495 1411)
3(4444 4445 4529)
3(1484 2294 2293)
3(4518 5327 5328)
3(1680 1700 1549)
3(4714 4583 4734)
3(2470 2471 1613)
3(5504 4647 5505)
3(1690 2236 1826)
3(4724 4860 5270)
3(1763 2248 1762)
3(4797 4796 5282)
3(2569 2570 1769)
3(5603 4803 5604)
3(1862 2755 1806)
3(4896 4840 5789)
3(1894 1895 1870)
3(4928 4904 4929)
3(1887 1888 1886)
3(4921 4920 4922)
3(2771 2772 2003)
3(5805 5037 5806)
3(2712 2847 2343)
3(5746 5377 5881)
3(2829 2942 2356)
3(5863 5390 5976)
3(2696 2963 2614)
3(5730 5648 5997)
3(15 482 16)
3(219 220 3516)
3(423 2567 192)
3(3457 396 5601)
3(536 2739 534)
3(3570 3568 5773)
3(2739 2740 590)
3(5773 3624 5774)
3(648 1756 652)
3(3682 3686 4790)
3(652 2616 660)
3(3686 3694 5650)
3(715 2885 666)
3(3749 3700 5919)
3(672 2509 674)
3(3706 3708 5543)
3(677 2627 675)
3(3711 3709 5661)
3(683 2511 681)
3(3717 3715 5545)
3(692 2786 694)
3(3726 3728 5820)
3(746 1189 744)
3(3780 3778 4223)
3(1842 2854 750)
3(4876 3784 5888)
3(783 784 759)
3(3817 3793 3818)
3(776 807 806)
3(3810 3840 3841)
3(796 854 794)
3(3830 3828 3888)
3(809 811 810)
3(3843 3844 3845)
3(883 2458 851)
3(3917 3885 5492)
3(858 2945 2666)
3(3892 5700 5979)
3(874 2852 2534)
3(3908 5568 5886)
3(908 965 907)
3(3942 3941 3999)
3(3267 3304 938)
3(6301 3972 6338)
3(2794 2919 952)
3(5828 3986 5953)
3(1020 2789 971)
3(4054 4005 5823)
3(1053 1054 1052)
3(4087 4086 4088)
3(1101 1231 1099)
3(4135 4133 4265)
3(1133 1832 1105)
3(4167 4139 4866)
3(1128 2970 2823)
3(4162 5857 6004)
3(1142 1312 1311)
3(4176 4345 4346)
3(1146 1147 1145)
3(4180 4179 4181)
3(1349 1350 1237)
3(4383 4271 4384)
3(1308 1430 1309)
3(4342 4343 4464)
3(1322 2493 1497)
3(4356 4531 5527)
3(1611 1613 1394)
3(4645 4428 4647)
3(1671 1850 1426)
3(4705 4460 4884)
3(1434 2710 1572)
3(4468 4606 5744)
3(1575 2779 2012)
3(4609 5046 5813)
3(1587 1742 1588)
3(4621 4622 4776)
3(1769 2570 1588)
3(4803 4622 5604)
3(1960 2176 1677)
3(4994 4711 5210)
3(1753 1955 1752)
3(4787 4786 4989)
3(1858 1957 1834)
3(4892 4868 4991)
3(1935 2228 2078)
3(4969 5112 5262)
3(2782 2977 2008)
3(5816 5042 6011)
3(453 2668 36)
3(3487 240 5702)
3(454 2670 189)
3(3488 393 5704)
3(481 2574 2573)
3(3515 5607 5608)
3(739 1190 741)
3(3773 3775 4224)
3(763 765 764)
3(3797 3798 3799)
3(776 2676 807)
3(3810 3841 5710)
3(793 794 792)
3(3827 3826 3828)
3(863 2712 804)
3(3897 3838 5746)
3(829 3346 3343)
3(3863 6377 6380)
3(831 832 830)
3(3865 3864 3866)
3(832 3009 968)
3(3866 4002 6043)
3(881 884 882)
3(3915 3916 3918)
3(937 947 946)
3(3971 3980 3981)
3(960 2420 1030)
3(3994 4064 5454)
3(1049 1050 962)
3(4083 3996 4084)
3(965 2600 1036)
3(3999 4070 5634)
3(978 1593 1034)
3(4012 4068 4627)
3(1115 1116 1033)
3(4149 4067 4150)
3(1079 1318 1251)
3(4113 4285 4352)
3(1333 1394 1125)
3(4367 4159 4428)
3(1294 2842 1135)
3(4328 4169 5876)
3(1136 1296 1295)
3(4170 4329 4330)
3(1138 1567 1566)
3(4172 4600 4601)
3(1154 2048 1913)
3(4188 4947 5082)
3(1317 2492 1174)
3(4351 4208 5526)
3(1180 1359 1186)
3(4214 4220 4393)
3(1633 2323 1233)
3(4667 4267 5357)
3(1412 2849 1234)
3(4446 4268 5883)
3(1281 1282 1280)
3(4315 4314 4316)
3(1281 2876 1537)
3(4315 4571 5910)
3(1299 2410 1297)
3(4333 4331 5444)
3(1555 1556 1315)
3(4589 4349 4590)
3(1485 1636 1344)
3(4519 4378 4670)
3(1363 2930 2713)
3(4397 5747 5964)
3(1402 1407 1406)
3(4436 4440 4441)
3(1603 1604 1428)
3(4637 4462 4638)
3(1461 1774 1772)
3(4495 4806 4808)
3(1465 1467 1466)
3(4499 4500 4501)
3(1486 1685 1485)
3(4520 4519 4719)
3(2666 2698 1593)
3(5700 4627 5732)
3(2029 3164 1604)
3(5063 4638 6198)
3(1669 2166 1859)
3(4703 4893 5200)
3(1764 2619 1965)
3(4798 4999 5653)
3(1773 2199 1807)
3(4807 4841 5233)
3(2024 3145 3075)
3(5058 6109 6179)
3(2495 2540 2497)
3(5529 5531 5574)
3(2614 2997 2613)
3(5648 5647 6031)
3(172 2507 468)
3(376 3502 5541)
3(182 456 183)
3(386 387 3490)
3(499 501 500)
3(3533 3534 3535)
3(511 512 510)
3(3545 3544 3546)
3(652 660 653)
3(3686 3687 3694)
3(712 723 711)
3(3746 3745 3757)
3(799 866 801)
3(3833 3835 3900)
3(803 837 804)
3(3837 3838 3871)
3(873 932 897)
3(3907 3931 3966)
3(903 942 902)
3(3937 3936 3976)
3(935 937 936)
3(3969 3970 3971)
3(1162 1607 943)
3(4196 3977 4641)
3(1014 3057 1027)
3(4048 4061 6091)
3(1016 1046 1015)
3(4050 4049 4080)
3(1019 1082 1081)
3(4053 4115 4116)
3(1059 2882 1061)
3(4093 4095 5916)
3(1140 2877 1142)
3(4174 4176 5911)
3(2343 2344 1225)
3(5377 4259 5378)
3(1313 1314 1312)
3(4347 4346 4348)
3(1345 2352 1709)
3(4379 4743 5386)
3(1392 1541 1540)
3(4426 4574 4575)
3(1915 1987 1487)
3(4949 4521 5021)
3(1563 2311 1565)
3(4597 4599 5345)
3(1583 2935 2714)
3(4617 5748 5969)
3(1734 2108 1732)
3(4768 4766 5142)
3(1745 1917 1744)
3(4779 4778 4951)
3(2867 2893 1756)
3(5901 4790 5927)
3(2166 2167 1859)
3(5200 4893 5201)
3(1955 2593 2592)
3(4989 5626 5627)
3(1960 2186 2176)
3(4994 5210 5220)
3(2280 2562 2281)
3(5314 5315 5596)
3(2360 2361 2359)
3(5394 5393 5395)
3(2421 2423 2422)
3(5455 5456 5457)
3(2866 2997 2969)
3(5900 6003 6031)
3(21 434 22)
3(225 226 3468)
3(474 2536 169)
3(3508 373 5570)
3(2299 3135 629)
3(5333 3663 6169)
3(745 747 746)
3(3779 3780 3781)
3(747 748 746)
3(3781 3780 3782)
3(778 814 779)
3(3812 3813 3848)
3(868 1206 814)
3(3902 3848 4240)
3(923 2667 950)
3(3957 3984 5701)
3(947 1045 1035)
3(3981 4069 4079)
3(961 1049 962)
3(3995 3996 4083)
3(2932 3157 968)
3(5966 4002 6191)
3(989 2378 1337)
3(4023 4371 5412)
3(992 993 991)
3(4026 4025 4027)
3(998 999 997)
3(4032 4031 4033)
3(1008 2681 1026)
3(4042 4060 5715)
3(1124 1125 1045)
3(4158 4079 4159)
3(1061 1062 1060)
3(4095 4094 4096)
3(1061 2882 1109)
3(4095 4143 5916)
3(1063 1329 1062)
3(4097 4096 4363)
3(1209 1210 1208)
3(4243 4242 4244)
3(1349 1423 1421)
3(4383 4455 4457)
3(2494 2496 1395)
3(5528 4429 5530)
3(1682 1686 1547)
3(4716 4581 4720)
3(1565 1648 1647)
3(4599 4681 4682)
3(1680 2561 2191)
3(4714 5225 5595)
3(2353 2354 1926)
3(5387 4960 5388)
3(1930 1931 1928)
3(4964 4962 4965)
3(2983 3255 3202)
3(6017 6236 6289)
3(19 483 20)
3(223 224 3517)
3(157 2819 464)
3(361 3498 5853)
3(507 509 508)
3(3541 3542 3543)
3(641 2613 643)
3(3675 3677 5647)
3(2454 2804 721)
3(5488 3755 5838)
3(833 1112 784)
3(3867 3818 4146)
3(826 827 824)
3(3860 3858 3861)
3(945 2519 973)
3(3979 4007 5553)
3(975 981 974)
3(4009 4008 4015)
3(1132 1214 977)
3(4166 4011 4248)
3(1045 1113 1035)
3(4079 4069 4147)
3(1077 2421 1355)
3(4111 4389 5455)
3(1079 1251 1132)
3(4113 4166 4285)
3(1394 1395 1125)
3(4428 4159 4429)
3(1348 1349 1237)
3(4382 4271 4383)
3(1240 1252 1239)
3(4274 4273 4286)
3(1369 2812 1367)
3(4403 4401 5846)
3(1675 1677 1466)
3(4709 4500 4711)
3(1518 1849 1519)
3(4552 4553 4883)
3(1615 1667 1543)
3(4649 4577 4701)
3(2176 2177 1677)
3(5210 4711 5211)
3(1854 2530 1852)
3(4888 4886 5564)
3(2016 2932 2824)
3(5050 5858 5966)
3(2294 2296 2293)
3(5328 5327 5330)
3(2323 2326 2324)
3(5357 5358 5360)
3(2657 2722 2665)
3(5691 5699 5756)
3(2663 2664 2662)
3(5697 5696 5698)
3(26 426 27)
3(230 231 3460)
3(29 455 30)
3(233 234 3489)
3(32 417 33)
3(236 237 3451)
3(35 453 36)
3(239 240 3487)
3(39 2620 40)
3(243 244 5654)
3(41 471 42)
3(245 246 3505)
3(41 2572 471)
3(245 3505 5606)
3(46 472 47)
3(250 251 3506)
3(49 2806 50)
3(253 254 5840)
3(173 2376 174)
3(377 378 5410)
3(185 418 186)
3(389 390 3452)
3(188 454 189)
3(392 393 3488)
3(194 2622 195)
3(398 399 5656)
3(199 473 200)
3(403 404 3507)
3(500 2234 498)
3(3534 3532 5268)
3(607 614 608)
3(3641 3642 3648)
3(614 616 615)
3(3648 3649 3650)
3(638 2835 631)
3(3672 3665 5869)
3(640 1827 638)
3(3674 3672 4861)
3(642 2685 640)
3(3676 3674 5719)
3(741 743 742)
3(3775 3776 3777)
3(743 745 744)
3(3777 3778 3779)
3(1189 2859 744)
3(4223 3778 5893)
3(747 749 748)
3(3781 3782 3783)
3(749 776 775)
3(3783 3809 3810)
3(1388 1599 750)
3(4422 3784 4633)
3(786 2706 2338)
3(3820 5372 5740)
3(807 808 806)
3(3841 3840 3842)
3(811 812 810)
3(3845 3844 3846)
3(837 878 849)
3(3871 3883 3912)
3(1363 2713 855)
3(4397 3889 5747)
3(879 898 878)
3(3913 3912 3932)
3(901 2630 892)
3(3935 3926 5664)
3(903 1162 943)
3(3937 3977 4196)
3(965 966 907)
3(3999 3941 4000)
3(939 955 954)
3(3973 3988 3989)
3(1039 1120 948)
3(4073 3982 4154)
3(949 1041 1040)
3(3983 4074 4075)
3(972 1021 1020)
3(4006 4054 4055)
3(1019 1081 1080)
3(4053 4114 4115)
3(1329 1330 1062)
3(4363 4096 4364)
3(1075 1232 1129)
3(4109 4163 4266)
3(1121 2702 1771)
3(4155 4805 5736)
3(2558 2559 1189)
3(5592 4223 5593)
3(2658 3027 1194)
3(5692 4228 6061)
3(1200 2658 1195)
3(4234 4229 5692)
3(1210 2377 1208)
3(4244 4242 5411)
3(2344 2345 1225)
3(5378 4259 5379)
3(1235 1239 1234)
3(4269 4268 4273)
3(1284 1286 1285)
3(4318 4319 4320)
3(1333 1612 1611)
3(4367 4645 4646)
3(1352 1531 1530)
3(4386 4564 4565)
3(1371 1598 1369)
3(4405 4403 4632)
3(1373 2659 1371)
3(4407 4405 5693)
3(1377 2763 1374)
3(4411 4408 5797)
3(1386 1601 1377)
3(4420 4411 4635)
3(1384 2764 1380)
3(4418 4414 5798)
3(1560 1561 1383)
3(4594 4417 4595)
3(1396 1775 1384)
3(4430 4418 4809)
3(1511 1513 1512)
3(4545 4546 4547)
3(1602 2800 2781)
3(4636 5815 5834)
3(1874 1875 1609)
3(4908 4643 4909)
3(1692 1696 1694)
3(4726 4728 4730)
3(2230 2612 1703)
3(5264 4737 5646)
3(1704 1846 1705)
3(4738 4739 4880)
3(1796 1799 1780)
3(4830 4814 4833)
3(1797 1994 1800)
3(4831 4834 5028)
3(2289 2290 2026)
3(5323 5060 5324)
3(2232 2798 2233)
3(5266 5267 5832)
3(2425 2426 2423)
3(5459 5457 5460)
3(48 438 49)
3(252 253 3472)
3(52 449 53)
3(256 257 3483)
3(126 2914 475)
3(330 3509 5948)
3(150 2573 437)
3(354 3471 5607)
3(191 2621 423)
3(395 3457 5655)
3(193 2567 476)
3(397 3510 5601)
3(473 2645 200)
3(3507 404 5679)
3(201 439 202)
3(405 406 3473)
3(205 451 206)
3(409 410 3485)
3(207 2821 208)
3(411 412 5855)
3(566 570 565)
3(3600 3599 3604)
3(573 2725 575)
3(3607 3609 5759)
3(580 581 579)
3(3614 3613 3615)
3(584 2861 887)
3(3618 3921 5895)
3(1829 2747 598)
3(4863 3632 5781)
3(637 2808 639)
3(3671 3673 5842)
3(639 1362 641)
3(3673 3675 4396)
3(664 1596 1470)
3(3698 4504 4630)
3(666 2885 781)
3(3700 3815 5919)
3(739 741 740)
3(3773 3774 3775)
3(745 751 747)
3(3779 3781 3785)
3(765 778 766)
3(3799 3800 3812)
3(774 792 791)
3(3808 3825 3826)
3(794 2475 792)
3(3828 3826 5509)
3(793 1158 795)
3(3827 3829 4192)
3(795 796 794)
3(3829 3828 3830)
3(797 798 796)
3(3831 3830 3832)
3(800 2343 1225)
3(3834 4259 5377)
3(808 2713 1794)
3(3842 4828 5747)
3(841 2873 2729)
3(3875 5763 5907)
3(847 2908 873)
3(3881 3907 5942)
3(856 906 905)
3(3890 3939 3940)
3(858 2666 908)
3(3892 3942 5700)
3(879 1437 904)
3(3913 3938 4471)
3(2899 2913 889)
3(5933 3923 5947)
3(908 978 967)
3(3942 4001 4012)
3(945 971 940)
3(3979 3974 4005)
3(969 3094 2635)
3(4003 5669 6128)
3(978 1034 1033)
3(4012 4067 4068)
3(1012 1013 1011)
3(4046 4045 4047)
3(1014 1015 1013)
3(4048 4047 4049)
3(1013 2987 2694)
3(4047 5728 6021)
3(1116 2618 1033)
3(4150 4067 5652)
3(1034 1117 1115)
3(4068 4149 4151)
3(1119 2716 1037)
3(4153 4071 5750)
3(1122 2752 1042)
3(4156 4076 5786)
3(1117 1316 1315)
3(4151 4349 4350)
3(1431 2758 1167)
3(4465 4201 5792)
3(1180 1554 1359)
3(4214 4393 4588)
3(1405 1494 1251)
3(4439 4285 4528)
3(1300 1301 1299)
3(4334 4333 4335)
3(1302 1303 1301)
3(4336 4335 4337)
3(1316 2479 1555)
3(4350 4589 5513)
3(3125 3127 1366)
3(6159 4400 6161)
3(1422 2046 1831)
3(4456 4865 5080)
3(1604 1961 1428)
3(4638 4462 4995)
3(1432 1755 1500)
3(4466 4534 4789)
3(1468 3045 2962)
3(4502 5996 6079)
3(1544 1605 1529)
3(4578 4563 4639)
3(1542 1614 1543)
3(4576 4577 4648)
3(1970 1971 1550)
3(5004 4584 5005)
3(1766 2845 1559)
3(4800 4593 5879)
3(1711 1712 1590)
3(4745 4624 4746)
3(1651 2595 2594)
3(4685 5628 5629)
3(1654 1920 1919)
3(4688 4953 4954)
3(1743 1984 1710)
3(4777 4744 5018)
3(1713 2951 1715)
3(4747 4749 5985)
3(1720 1721 1719)
3(4754 4753 4755)
3(1722 1972 1725)
3(4756 4759 5006)
3(1742 2310 1769)
3(4776 4803 5344)
3(1877 1878 1777)
3(4911 4811 4912)
3(1824 2000 1825)
3(4858 4859 5034)
3(1964 1977 1976)
3(4998 5010 5011)
3(2033 2729 2034)
3(5067 5068 5763)
3(2401 2402 2400)
3(5435 5434 5436)
3(2517 3045 3029)
3(5551 6063 6079)
3(2559 2873 2859)
3(5593 5893 5907)
3(2578 2777 2579)
3(5612 5613 5811)
3(8 494 9)
3(212 213 3528)
3(10 462 11)
3(214 215 3496)
3(507 1187 509)
3(3541 3543 4221)
3(558 559 557)
3(3592 3591 3593)
3(561 2625 1188)
3(3595 4222 5659)
3(578 579 576)
3(3612 3610 3613)
3(585 586 584)
3(3619 3618 3620)
3(588 589 586)
3(3622 3620 3623)
3(591 592 589)
3(3625 3623 3626)
3(603 607 604)
3(3637 3638 3641)
3(2672 2939 628)
3(5706 3662 5973)
3(754 755 656)
3(3788 3690 3789)
3(726 2566 663)
3(3760 3697 5600)
3(665 715 666)
3(3699 3700 3749)
3(737 739 738)
3(3771 3772 3773)
3(765 2352 778)
3(3799 3812 5386)
3(781 2941 843)
3(3815 3877 5975)
3(823 862 825)
3(3857 3859 3896)
3(935 936 933)
3(3969 3967 3970)
3(937 946 936)
3(3971 3970 3980)
3(964 1064 963)
3(3998 3997 4098)
3(968 3009 2932)
3(4002 5966 6043)
3(1000 1001 999)
3(4034 4033 4035)
3(1008 1009 1007)
3(4042 4041 4043)
3(1057 1059 1058)
3(4091 4092 4093)
3(1139 1140 1073)
3(4173 4107 4174)
3(1109 1304 1110)
3(4143 4144 4338)
3(1178 1306 1137)
3(4212 4171 4340)
3(1257 1258 1155)
3(4291 4189 4292)
3(1211 1212 1210)
3(4245 4244 4246)
3(1218 2954 2672)
3(4252 5706 5988)
3(1265 1266 1264)
3(4299 4298 4300)
3(1273 1274 1272)
3(4307 4306 4308)
3(1275 1276 1274)
3(4309 4308 4310)
3(1324 2796 1450)
3(4358 4484 5830)
3(1372 1373 1371)
3(4406 4405 4407)
3(1385 2765 1398)
3(4419 4432 5799)
3(1864 2726 1470)
3(4898 4504 5760)
3(1510 1511 1509)
3(4544 4543 4545)
3(1542 1543 1541)
3(4576 4575 4577)
3(1826 2703 1553)
3(4860 4587 5737)
3(1555 1688 1687)
3(4589 4721 4722)
3(1770 1841 1596)
3(4804 4630 4875)
3(1604 1962 1961)
3(4638 4995 4996)
3(1703 2612 1704)
3(4737 4738 5646)
3(1704 2221 1846)
3(4738 4880 5255)
3(1847 2801 1705)
3(4881 4739 5835)
3(1714 1717 1712)
3(4748 4746 4751)
3(2565 2619 1760)
3(5599 4794 5653)
3(1843 2312 1842)
3(4877 4876 5346)
3(1851 1852 1850)
3(4885 4884 4886)
3(2397 2398 2395)
3(5431 5429 5432)
3(2703 2936 2479)
3(5737 5513 5970)
3(32 2701 417)
3(236 3451 5735)
3(472 2521 47)
3(3506 251 5555)
3(55 465 56)
3(259 260 3499)
3(208 466 209)
3(412 413 3500)
3(529 530 528)
3(3563 3562 3564)
3(531 532 530)
3(3565 3564 3566)
3(530 2843 1213)
3(3564 4247 5877)
3(568 571 569)
3(3602 3603 3605)
3(625 3150 2590)
3(3659 5624 6184)
3(644 780 642)
3(3678 3676 3814)
3(648 649 646)
3(3682 3680 3683)
3(652 653 649)
3(3686 3683 3687)
3(649 2615 1216)
3(3683 4250 5649)
3(653 2617 2615)
3(3687 5649 5651)
3(660 2616 712)
3(3694 3746 5650)
3(711 713 661)
3(3745 3695 3747)
3(713 728 727)
3(3747 3761 3762)
3(732 1823 723)
3(3766 3757 4857)
3(728 731 730)
3(3762 3764 3765)
3(888 2691 730)
3(3922 3764 5725)
3(731 735 734)
3(3765 3768 3769)
3(734 2750 1443)
3(3768 4477 5784)
3(749 2676 776)
3(3783 3810 5710)
3(754 2649 1438)
3(3788 4472 5683)
3(805 857 775)
3(3839 3809 3891)
3(836 1193 847)
3(3870 3881 4227)
3(2030 2031 888)
3(5064 3922 5065)
3(909 2931 953)
3(3943 3987 5965)
3(916 3023 1224)
3(3950 4258 6057)
3(920 921 918)
3(3954 3952 3955)
3(965 1036 966)
3(3999 4000 4070)
3(971 2789 1022)
3(4005 4056 5823)
3(1214 2420 977)
3(4248 4011 5454)
3(1021 1076 1020)
3(4055 4054 4110)
3(1041 2791 1043)
3(4075 4077 5825)
3(1044 1122 1042)
3(4078 4076 4156)
3(1215 2959 1053)
3(4249 4087 5993)
3(1123 1184 1122)
3(4157 4156 4218)
3(1185 1194 1184)
3(4219 4218 4228)
3(1195 2658 1194)
3(4229 4228 5692)
3(1400 1401 1250)
3(4434 4284 4435)
3(1267 1268 1266)
3(4301 4300 4302)
3(1276 2292 1274)
3(4310 4308 5326)
3(1286 1287 1285)
3(4320 4319 4321)
3(1298 1299 1297)
3(4332 4331 4333)
3(1300 2895 1576)
3(4334 4610 5929)
3(1466 2541 1304)
3(4500 4338 5575)
3(1360 1587 1586)
3(4394 4620 4621)
3(1388 1746 1600)
3(4422 4634 4780)
3(2498 2695 1395)
3(5532 4429 5729)
3(1402 1406 1401)
3(4436 4435 4440)
3(1407 1524 1406)
3(4441 4440 4558)
3(1443 2032 2030)
3(4477 5064 5066)
3(1451 2768 1448)
3(4485 4482 5802)
3(2882 3085 1465)
3(5916 4499 6119)
3(1488 1914 1745)
3(4522 4779 4948)
3(1490 1527 1526)
3(4524 4560 4561)
3(1653 1926 1499)
3(4687 4533 4960)
3(1507 2437 1652)
3(4541 4686 5471)
3(1525 3077 1524)
3(4559 4558 6111)
3(1558 2633 1894)
3(4592 4928 5667)
3(1562 1907 1681)
3(4596 4715 4941)
3(2009 2611 1600)
3(5043 4634 5645)
3(1643 3064 2995)
3(4677 6029 6098)
3(1654 1921 1920)
3(4688 4954 4955)
3(1690 2238 2236)
3(4724 5270 5272)
3(1746 2782 2008)
3(4780 5042 5816)
3(1749 1750 1748)
3(4783 4782 4784)
3(1799 2366 1780)
3(4833 4814 5400)
3(1800 1802 1801)
3(4834 4835 4836)
3(1839 2217 2028)
3(4873 5062 5251)
3(1921 2260 1922)
3(4955 4956 5294)
3(2955 2956 1966)
3(5989 5000 5990)
3(1995 2971 2879)
3(5029 5913 6005)
3(1996 2962 2938)
3(5030 5972 5996)
3(2031 2784 2691)
3(5065 5725 5818)
3(3104 3163 2039)
3(6138 5073 6197)
3(2535 2858 2782)
3(5569 5816 5892)
3(2744 3001 2745)
3(5778 5779 6035)
3(66 486 67)
3(270 271 3520)
3(513 514 512)
3(3547 3546 3548)
3(515 516 514)
3(3549 3548 3550)
3(517 518 516)
3(3551 3550 3552)
3(519 520 518)
3(3553 3552 3554)
3(521 522 520)
3(3555 3554 3556)
3(522 2775 1171)
3(3556 4205 5809)
3(525 526 524)
3(3559 3558 3560)
3(527 528 526)
3(3561 3560 3562)
3(562 3006 564)
3(3596 3598 6040)
3(1156 2724 569)
3(4190 3603 5758)
3(573 575 574)
3(3607 3608 3609)
3(575 577 576)
3(3609 3610 3611)
3(664 1470 577)
3(3698 3611 4504)
3(578 583 580)
3(3612 3614 3617)
3(584 887 581)
3(3618 3615 3921)
3(589 1172 586)
3(3623 3620 4206)
3(592 2747 589)
3(3626 3623 5781)
3(712 1160 724)
3(3746 3758 4194)
3(742 841 740)
3(3776 3774 3875)
3(756 757 755)
3(3790 3789 3791)
3(2861 2863 887)
3(5895 3921 5897)
3(891 892 890)
3(3925 3924 3926)
3(900 901 892)
3(3934 3926 3935)
3(2259 3061 893)
3(5293 3927 6095)
3(1033 2618 967)
3(4067 4001 5652)
3(1031 1178 1137)
3(4065 4171 4212)
3(1137 1138 1032)
3(4171 4066 4172)
3(1075 1129 1047)
3(4109 4081 4163)
3(1051 2673 1136)
3(4085 4170 5707)
3(1066 1068 1067)
3(4100 4101 4102)
3(1073 2897 1071)
3(4107 4105 5931)
3(1077 1355 1235)
3(4111 4269 4389)
3(1357 1433 1098)
3(4391 4132 4467)
3(1167 1180 1179)
3(4201 4213 4214)
3(1172 2862 2861)
3(4206 5895 5896)
3(1212 1254 1210)
3(4246 4244 4288)
3(1235 1240 1239)
3(4269 4273 4274)
3(1494 2408 1251)
3(4528 4285 5442)
3(1308 1309 1253)
3(4342 4287 4343)
3(1296 1298 1297)
3(4330 4331 4332)
3(1298 1300 1299)
3(4332 4333 4334)
3(1422 1831 1350)
3(4456 4384 4865)
3(1467 3085 1872)
3(4501 4906 6119)
3(2370 3117 1482)
3(5404 4516 6151)
3(1563 1564 1525)
3(4597 4559 4598)
3(1939 1958 1526)
3(4973 4560 4992)
3(1531 1660 1530)
3(4565 4564 4694)
3(1546 1757 1548)
3(4580 4582 4791)
3(1971 2710 1550)
3(5005 4584 5744)
3(1565 1647 1564)
3(4599 4598 4681)
3(2066 3064 1643)
3(5100 4677 6098)
3(1657 1969 1968)
3(4691 5002 5003)
3(1673 2183 1674)
3(4707 4708 5217)
3(1768 2723 1941)
3(4802 4975 5757)
3(1774 2203 1978)
3(4808 5012 5237)
3(2778 3010 1802)
3(5812 4836 6044)
3(1816 2204 2198)
3(4850 5232 5238)
3(1853 2226 1889)
3(4887 4923 5260)
3(2286 2287 2285)
3(5320 5319 5321)
3(2558 3069 3060)
3(5592 6094 6103)
3(138 2641 139)
3(342 343 5675)
3(555 2744 553)
3(3589 3587 5778)
3(559 2602 557)
3(3593 3591 5636)
3(561 1188 559)
3(3595 3593 4222)
3(563 2625 561)
3(3597 3595 5659)
3(577 2726 578)
3(3611 3612 5760)
3(582 1331 585)
3(3616 3619 4365)
3(585 2582 588)
3(3619 3622 5616)
3(607 608 604)
3(3641 3638 3642)
3(616 617 615)
3(3650 3649 3651)
3(2602 2902 657)
3(5636 3691 5936)
3(666 781 726)
3(3700 3760 3815)
3(740 2831 738)
3(3774 3772 5865)
3(774 793 792)
3(3808 3826 3827)
3(781 843 782)
3(3815 3816 3877)
3(793 795 794)
3(3827 3828 3829)
3(795 797 796)
3(3829 3830 3831)
3(911 919 876)
3(3945 3910 3953)
3(898 1568 878)
3(3932 3912 4602)
3(891 1754 900)
3(3925 3934 4788)
3(942 944 902)
3(3976 3936 3978)
3(970 977 960)
3(4004 3994 4011)
3(970 1079 977)
3(4004 4011 4113)
3(2957 2958 1017)
3(5991 4051 5992)
3(1155 2837 1154)
3(4189 4188 5871)
3(1158 2575 2463)
3(4192 5497 5609)
3(1358 1464 1192)
3(4392 4226 4498)
3(1241 2953 1498)
3(4275 4532 5987)
3(1492 1493 1248)
3(4526 4282 4527)
3(1284 1285 1282)
3(4318 4316 4319)
3(1289 1290 1287)
3(4323 4321 4324)
3(1300 1302 1301)
3(4334 4335 4336)
3(1554 1559 1359)
3(4588 4393 4593)
3(1407 1525 1524)
3(4441 4558 4559)
3(1551 1553 1464)
3(4585 4498 4587)
3(1467 1676 1675)
3(4501 4709 4710)
3(1596 1848 1470)
3(4630 4504 4882)
3(1479 1557 1478)
3(4513 4512 4591)
3(1501 1995 1935)
3(4535 4969 5029)
3(1505 1507 1506)
3(4539 4540 4541)
3(1558 1869 1557)
3(4592 4591 4903)
3(1742 1769 1588)
3(4776 4622 4803)
3(1615 1668 1667)
3(4649 4701 4702)
3(2316 2989 1686)
3(5350 4720 6023)
3(1715 1716 1714)
3(4749 4748 4750)
3(1721 1724 1719)
3(4755 4753 4758)
3(1720 2980 1722)
3(4754 4756 6014)
3(1727 1728 1726)
3(4761 4760 4762)
3(1735 1736 1734)
3(4769 4768 4770)
3(1774 1978 1772)
3(4808 4806 5012)
3(1773 1807 1806)
3(4807 4840 4841)
3(2003 2875 1779)
3(5037 4813 5909)
3(1788 1993 1787)
3(4822 4821 5027)
3(2875 2928 1795)
3(5909 4829 5962)
3(2236 2237 1826)
3(5270 4860 5271)
3(1848 3056 1864)
3(4882 4898 6090)
3(1887 1891 1888)
3(4921 4922 4925)
3(1891 2041 2040)
3(4925 5074 5075)
3(1937 2038 2037)
3(4971 5071 5072)
3(1948 2133 2103)
3(4982 5137 5167)
3(2240 2241 2239)
3(5274 5273 5275)
3(2372 2373 2370)
3(5406 5404 5407)
3(70 477 71)
3(274 275 3511)
3(72 435 73)
3(276 277 3469)
3(165 2526 166)
3(369 370 5560)
3(513 515 514)
3(3547 3548 3549)
3(515 517 516)
3(3549 3550 3551)
3(517 519 518)
3(3551 3552 3553)
3(591 594 593)
3(3625 3627 3628)
3(1182 2711 596)
3(4216 3630 5745)
3(600 606 605)
3(3634 3639 3640)
3(641 643 642)
3(3675 3676 3677)
3(645 648 646)
3(3679 3680 3682)
3(713 2535 728)
3(3747 3762 5569)
3(754 1438 756)
3(3788 3790 4472)
3(837 849 804)
3(3871 3838 3883)
3(815 861 817)
3(3849 3851 3895)
3(1443 2030 888)
3(4477 3922 5064)
3(909 953 910)
3(3943 3944 3987)
3(910 2840 925)
3(3944 3959 5874)
3(941 974 923)
3(3975 3957 4008)
3(926 2857 924)
3(3960 3958 5891)
3(948 2655 930)
3(3982 3964 5689)
3(942 1031 944)
3(3976 3978 4065)
3(1173 1174 1134)
3(4207 4168 4208)
3(1240 1308 1253)
3(4274 4287 4342)
3(1445 2753 2752)
3(4479 5786 5787)
3(1701 1702 1559)
3(4735 4593 4736)
3(1841 2770 1596)
3(4875 4630 5804)
3(1614 1893 1615)
3(4648 4649 4927)
3(2248 2278 1762)
3(5282 4796 5312)
3(1764 1765 1763)
3(4798 4797 4799)
3(1775 2800 2764)
3(4809 5798 5834)
3(1792 2947 1790)
3(4826 4824 5981)
3(2226 2227 1889)
3(5260 4923 5261)
3(2065 2333 1990)
3(5099 5024 5367)
3(2115 2138 2116)
3(5149 5150 5172)
3(2371 2372 2370)
3(5405 5404 5406)
3(2392 2393 2391)
3(5426 5425 5427)
3(2577 3114 2576)
3(5611 5610 6148)
3(64 444 65)
3(268 269 3478)
3(2504 2505 428)
3(5538 3462 5539)
3(2522 2523 438)
3(5556 3472 5557)
3(503 1408 505)
3(3537 3539 4442)
3(503 2594 1408)
3(3537 4442 5628)
3(606 610 609)
3(3640 3643 3644)
3(2626 2648 610)
3(5660 3644 5682)
3(613 620 619)
3(3647 3653 3654)
3(630 631 617)
3(3664 3651 3665)
3(1756 2616 652)
3(4790 3686 5650)
3(745 746 744)
3(3779 3778 3780)
3(758 2868 772)
3(3792 3806 5902)
3(772 783 759)
3(3806 3793 3817)
3(2892 3177 768)
3(5926 3802 6211)
3(783 833 784)
3(3817 3818 3867)
3(835 2561 783)
3(3869 3817 5595)
3(797 799 798)
3(3831 3832 3833)
3(2859 2873 841)
3(5893 3875 5907)
3(917 918 916)
3(3951 3950 3952)
3(1079 1132 977)
3(4113 4011 4166)
3(1247 1492 1248)
3(4281 4282 4526)
3(1318 1405 1251)
3(4352 4285 4439)
3(1545 1546 1314)
3(4579 4348 4580)
3(1502 1659 1353)
3(4536 4387 4693)
3(1360 2845 1587)
3(4394 4621 5879)
3(1432 1499 1405)
3(4466 4439 4533)
3(1677 2541 1466)
3(4711 4500 5575)
3(1657 1968 1493)
3(4691 4527 5002)
3(1500 1653 1499)
3(4534 4533 4687)
3(1500 1654 1653)
3(4534 4687 4688)
3(1558 1870 1869)
3(4592 4903 4904)
3(1587 1588 1586)
3(4621 4620 4622)
3(3166 3189 1595)
3(6200 4629 6223)
3(1654 1919 1653)
3(4688 4687 4953)
3(1653 2353 1926)
3(4687 4960 5387)
3(1680 2191 2190)
3(4714 5224 5225)
3(1784 1785 1783)
3(4818 4817 4819)
3(1920 2219 1919)
3(4954 4953 5253)
3(1921 2261 2260)
3(4955 5294 5295)
3(2477 2968 1926)
3(5511 4960 6002)
3(2187 2200 1975)
3(5221 5009 5234)
3(2752 2753 2702)
3(5786 5736 5787)
3(2503 2504 428)
3(5537 3462 5538)
3(614 615 608)
3(3648 3642 3649)
3(636 637 631)
3(3670 3665 3671)
3(736 750 737)
3(3770 3771 3784)
3(743 744 742)
3(3777 3776 3778)
3(803 804 802)
3(3837 3836 3838)
3(812 855 810)
3(3846 3844 3889)
3(836 847 846)
3(3870 3880 3881)
3(858 908 907)
3(3892 3941 3942)
3(914 958 913)
3(3948 3947 3992)
3(1072 1139 1073)
3(4106 4107 4173)
3(1082 1083 1081)
3(4116 4115 4117)
3(1136 1295 1294)
3(4170 4328 4329)
3(1239 1412 1234)
3(4273 4268 4446)
3(1278 1484 1276)
3(4312 4310 4518)
3(1283 1284 1282)
3(4317 4316 4318)
3(1295 1425 1294)
3(4329 4328 4459)
3(1308 2795 2194)
3(4342 5228 5829)
3(1961 2838 1428)
3(4995 4462 5872)
3(1490 1528 1527)
3(4524 4561 4562)
3(1669 2284 2166)
3(4703 5200 5318)
3(1782 1783 1781)
3(4816 4815 4817)
3(1953 2117 1954)
3(4987 4988 5151)
3(2088 2131 2099)
3(5122 5133 5165)
3(2537 3174 2317)
3(5571 5351 6208)
3(2471 2473 2472)
3(5505 5506 5507)
3(43 428 44)
3(247 248 3462)
3(71 2827 72)
3(275 276 5861)
3(506 1143 504)
3(3540 3538 4177)
3(507 508 506)
3(3541 3540 3542)
3(724 732 723)
3(3758 3757 3766)
3(800 1225 798)
3(3834 3832 4259)
3(856 905 855)
3(3890 3889 3939)
3(906 963 905)
3(3940 3939 3997)
3(908 967 965)
3(3942 3999 4001)
3(917 920 918)
3(3951 3952 3954)
3(1227 2483 937)
3(4261 3971 5517)
3(971 1022 940)
3(4005 3974 4056)
3(978 1033 967)
3(4012 4001 4067)
3(1034 1115 1033)
3(4068 4067 4149)
3(2959 3063 1108)
3(5993 4142 6097)
3(1304 1305 1110)
3(4338 4144 4339)
3(1115 2922 1116)
3(4149 4150 5956)
3(1117 1315 1115)
3(4151 4149 4349)
3(1180 1186 1179)
3(4214 4213 4220)
3(1259 1260 1258)
3(4293 4292 4294)
3(1260 2830 2050)
3(4294 5084 5864)
3(1316 1555 1315)
3(4350 4349 4589)
3(1329 1828 1472)
3(4363 4506 4862)
3(1461 1462 1441)
3(4495 4475 4496)
3(1504 1505 1503)
3(4538 4537 4539)
3(1639 2051 1641)
3(4673 4675 5085)
3(2223 2224 1766)
3(5257 4800 5258)
3(1786 3037 2597)
3(4820 5631 6071)
3(1808 3128 3072)
3(4842 6106 6162)
3(50 489 51)
3(254 255 3523)
3(497 499 498)
3(3531 3532 3533)
3(511 513 512)
3(3545 3546 3547)
3(656 2808 637)
3(3690 3671 5842)
3(739 740 738)
3(3773 3772 3774)
3(801 803 802)
3(3835 3836 3837)
3(849 875 863)
3(3883 3897 3909)
3(879 904 898)
3(3913 3932 3938)
3(1985 2874 884)
3(5019 3918 5908)
3(900 961 901)
3(3934 3935 3995)
3(914 970 960)
3(3948 3994 4004)
3(1012 3057 1014)
3(4046 4048 6091)
3(1015 2987 1013)
3(4049 4047 6021)
3(1076 1198 1020)
3(4110 4054 4232)
3(1027 1130 1028)
3(4061 4062 4164)
3(1060 2478 1327)
3(4094 4361 5512)
3(1061 1063 1062)
3(4095 4096 4097)
3(1157 2452 1453)
3(4191 4487 5486)
3(1301 1424 1299)
3(4335 4333 4458)
3(1322 1323 1321)
3(4356 4355 4357)
3(2694 3040 1341)
3(5728 4375 6074)
3(1394 2494 1395)
3(4428 4429 5528)
3(1546 1548 1547)
3(4580 4581 4582)
3(1617 2983 2043)
3(4651 5077 6017)
3(1722 1723 1721)
3(4756 4755 4757)
3(1855 3035 3020)
3(4889 6054 6069)
3(2033 2034 2032)
3(5067 5066 5068)
3(59 495 60)
3(263 264 3529)
3(61 463 62)
3(265 266 3497)
3(171 2507 172)
3(375 376 5541)
3(190 2621 191)
3(394 395 5655)
3(190 2670 2621)
3(394 5655 5704)
3(192 2567 193)
3(396 397 5601)
3(2646 2821 207)
3(5680 411 5855)
3(649 1216 646)
3(3683 3680 4250)
3(660 712 711)
3(3694 3745 3746)
3(674 2509 813)
3(3708 3847 5543)
3(680 681 679)
3(3714 3713 3715)
3(680 2450 789)
3(3714 3823 5484)
3(682 683 681)
3(3716 3715 3717)
3(698 699 697)
3(3732 3731 3733)
3(703 2787 1229)
3(3737 4263 5821)
3(1823 2858 723)
3(4857 3757 5892)
3(799 800 798)
3(3833 3832 3834)
3(831 851 832)
3(3865 3866 3885)
3(858 907 857)
3(3892 3891 3941)
3(2031 2691 888)
3(5065 3922 5725)
3(940 2918 898)
3(3974 3932 5952)
3(921 941 923)
3(3955 3957 3975)
3(932 935 933)
3(3966 3967 3969)
3(958 2315 959)
3(3992 3993 5349)
3(1064 2730 963)
3(4098 3997 5764)
3(1050 1053 1052)
3(4084 4086 4087)
3(1055 1057 1056)
3(4089 4090 4091)
3(1057 1058 1056)
3(4091 4090 4092)
3(1087 1089 1088)
3(4121 4122 4123)
3(1090 1091 1089)
3(4124 4123 4125)
3(1095 1097 1096)
3(4129 4130 4131)
3(1109 2882 1465)
3(4143 4499 5916)
3(2569 3043 1160)
3(5603 4194 6077)
3(2703 2938 1553)
3(5737 4587 5972)
3(1554 1793 1701)
3(4588 4735 4827)
3(1586 2969 1585)
3(4620 4619 6003)
3(1746 2008 1600)
3(4780 4634 5042)
3(1839 2028 1898)
3(4873 4932 5062)
3(1856 3047 1883)
3(4890 4917 6081)
3(2001 2899 2834)
3(5035 5868 5933)
3(2459 3340 2053)
3(5493 5087 6374)
3(2579 2913 2899)
3(5613 5933 5947)
3(2626 3120 2648)
3(5660 5682 6154)
3(489 2815 51)
3(3523 255 5849)
3(475 2456 127)
3(3509 331 5490)
3(202 2807 203)
3(406 407 5841)
3(2543 2544 477)
3(5577 3511 5578)
3(503 504 502)
3(3537 3536 3538)
3(535 537 536)
3(3569 3570 3571)
3(817 818 816)
3(3851 3850 3852)
3(892 1181 890)
3(3926 3924 4215)
3(961 962 901)
3(3995 3935 3996)
3(912 938 911)
3(3946 3945 3972)
3(939 954 938)
3(3973 3972 3988)
3(999 1339 997)
3(4033 4031 4373)
3(1060 1327 1058)
3(4094 4092 4361)
3(1103 1104 1102)
3(4137 4136 4138)
3(1112 1165 1164)
3(4146 4198 4199)
3(1154 1913 1152)
3(4188 4186 4947)
3(1165 1167 1166)
3(4199 4200 4201)
3(1181 2977 2844)
3(4215 5878 6011)
3(1277 1278 1276)
3(4311 4310 4312)
3(1406 2879 1401)
3(4440 4435 5913)
3(1402 2499 1407)
3(4436 4441 5533)
3(1501 1643 1409)
3(4535 4443 4677)
3(1416 1768 1753)
3(4450 4787 4802)
3(1670 1671 1426)
3(4704 4460 4705)
3(1673 1674 1429)
3(4707 4463 4708)
3(1523 1655 1522)
3(4557 4556 4689)
3(1555 2479 1688)
3(4589 4722 5513)
3(3326 3327 1685)
3(6360 4719 6361)
3(1708 2408 2255)
3(4742 5289 5442)
3(2015 2016 1759)
3(5049 4793 5050)
3(1819 1821 1820)
3(4853 4854 4855)
3(2518 2730 1830)
3(5552 4864 5764)
3(1941 1943 1942)
3(4975 4976 4977)
3(2011 3036 2944)
3(5045 5978 6070)
3(2335 2975 2946)
3(5369 5980 6009)
3(2344 2346 2345)
3(5378 5379 5380)
3(2392 2405 2394)
3(5426 5428 5439)
3(2679 2985 2680)
3(5713 5714 6019)
3(497 498 460)
3(3531 3494 3532)
3(569 2724 566)
3(3603 3600 5758)
3(572 1156 569)
3(3606 3603 4190)
3(571 1177 573)
3(3605 3607 4211)
3(578 2726 583)
3(3612 3617 5760)
3(589 2747 1172)
3(3623 4206 5781)
3(860 2706 840)
3(3894 3874 5740)
3(847 873 872)
3(3881 3906 3907)
3(967 2618 2600)
3(4001 5634 5652)
3(1019 1080 1018)
3(4053 4052 4114)
3(1050 1215 1053)
3(4084 4087 4249)
3(1191 1192 1064)
3(4225 4098 4226)
3(1106 1134 1133)
3(4140 4167 4168)
3(1177 2848 2725)
3(4211 5759 5882)
3(1232 1241 1233)
3(4266 4267 4275)
3(1265 1533 1267)
3(4299 4301 4567)
3(1272 1640 1270)
3(4306 4304 4674)
3(1352 1530 1351)
3(4386 4385 4564)
3(1482 2499 1402)
3(4516 4436 5533)
3(1496 2904 1923)
3(4530 4957 5938)
3(1523 2304 1896)
3(4557 4930 5338)
3(1607 2036 2035)
3(4641 5069 5070)
3(1896 1910 1656)
3(4930 4690 4944)
3(2224 2974 1766)
3(5258 4800 6008)
3(2500 2501 1778)
3(5534 4812 5535)
3(2011 2717 1792)
3(5045 4826 5751)
3(2793 2794 2002)
3(5827 5036 5828)
3(2988 3169 2036)
3(6022 5070 6203)
3(2476 3106 2475)
3(5510 5509 6140)
3(2476 3099 2674)
3(5510 5708 6133)
3(2625 2662 2604)
3(5659 5638 5696)
3(70 2543 477)
3(274 3511 5577)
3(443 2986 2543)
3(3477 5577 6020)
3(521 523 522)
3(3555 3556 3557)
3(525 527 526)
3(3559 3560 3561)
3(562 563 561)
3(3596 3595 3597)
3(571 573 572)
3(3605 3606 3607)
3(582 2825 1331)
3(3616 4365 5859)
3(772 2868 836)
3(3806 3870 5902)
3(877 911 876)
3(3911 3910 3945)
3(958 959 913)
3(3992 3947 3993)
3(955 2465 2462)
3(3989 5496 5499)
3(2557 2558 1189)
3(5591 4223 5592)
3(1355 2795 1235)
3(4389 4269 5829)
3(1416 1752 1291)
3(4450 4325 4786)
3(1521 1522 1520)
3(4555 4554 4556)
3(1734 2211 2108)
3(4768 5142 5245)
3(1761 1763 1762)
3(4795 4796 4797)
3(2019 2020 2017)
3(5053 5051 5054)
3(2399 2412 2401)
3(5433 5435 5446)
3(2424 2425 2423)
3(5458 5457 5459)
3(2969 2997 2769)
3(6003 5803 6031)
3(36 2668 37)
3(240 241 5702)
3(189 2670 190)
3(393 394 5704)
3(2502 2503 428)
3(5536 3462 5537)
3(1177 2725 573)
3(4211 3607 5759)
3(596 2711 600)
3(3630 3634 5745)
3(605 1222 599)
3(3639 3633 4256)
3(646 2748 644)
3(3680 3678 5782)
3(664 2725 1770)
3(3698 4804 5759)
3(780 3152 2685)
3(3814 5719 6186)
3(829 830 827)
3(3863 3861 3864)
3(941 975 974)
3(3975 4008 4009)
3(1319 2667 974)
3(4353 4008 5701)
3(1002 1025 1004)
3(4036 4038 4059)
3(1046 1342 1015)
3(4080 4049 4376)
3(1118 1364 1119)
3(4152 4153 4398)
3(1367 2716 1119)
3(4401 4153 5750)
3(1302 1391 1303)
3(4336 4337 4425)
3(1343 1483 1342)
3(4377 4376 4517)
3(2438 2439 1346)
3(5472 4380 5473)
3(1500 2999 1654)
3(4534 4688 6033)
3(2792 2793 1591)
3(5826 4625 5827)
3(1648 1928 1927)
3(4682 4961 4962)
3(1963 1964 1765)
3(4997 4799 4998)
3(1783 2937 2871)
3(4817 5905 5971)
3(1946 2539 1953)
3(4980 4987 5573)
3(2578 2579 2001)
3(5612 5035 5613)
3(128 424 129)
3(332 333 3458)
3(162 496 163)
3(366 367 3530)
3(179 425 180)
3(383 384 3459)
3(498 2738 460)
3(3532 3494 5772)
3(557 657 555)
3(3591 3589 3691)
3(558 889 560)
3(3592 3594 3923)
3(571 572 569)
3(3605 3603 3606)
3(603 604 602)
3(3637 3636 3638)
3(672 673 671)
3(3706 3705 3707)
3(684 685 683)
3(3718 3717 3719)
3(686 2317 767)
3(3720 3801 5351)
3(688 689 687)
3(3722 3721 3723)
3(694 2786 708)
3(3728 3742 5820)
3(776 806 805)
3(3810 3839 3840)
3(790 838 787)
3(3824 3821 3872)
3(842 848 838)
3(3876 3872 3882)
3(853 876 848)
3(3887 3882 3910)
3(907 2714 857)
3(3941 3891 5748)
3(877 912 911)
3(3911 3945 3946)
3(962 2906 901)
3(3996 3935 5940)
3(1036 1037 966)
3(4070 4000 4071)
3(1037 1583 966)
3(4071 4000 4617)
3(975 2832 1048)
3(4009 4082 5866)
3(993 1338 991)
3(4027 4025 4372)
3(1118 1119 1037)
3(4152 4071 4153)
3(1083 1086 1085)
3(4117 4119 4120)
3(1223 2734 1092)
3(4257 4126 5768)
3(1121 1324 1120)
3(4155 4154 4358)
3(1204 2759 1202)
3(4238 4236 5793)
3(1289 1291 1290)
3(4323 4324 4325)
3(1425 1426 1294)
3(4459 4328 4460)
3(1312 2513 1311)
3(4346 4345 5547)
3(1387 2796 1324)
3(4421 4358 5830)
3(1324 1450 1448)
3(4358 4482 4484)
3(1368 1569 1370)
3(4402 4404 4603)
3(1372 1375 1374)
3(4406 4408 4409)
3(1375 2797 1376)
3(4409 4410 5831)
3(1376 1379 1378)
3(4410 4412 4413)
3(1379 1381 1380)
3(4413 4414 4415)
3(2797 2878 1379)
3(5831 4413 5912)
3(1381 1383 1382)
3(4415 4416 4417)
3(1382 2765 1385)
3(4416 4419 5799)
3(1383 2802 2765)
3(4417 5799 5836)
3(1385 1398 1397)
3(4419 4431 4432)
3(1824 1825 1387)
3(4858 4421 4859)
3(1582 2766 1397)
3(4616 4431 5800)
3(1398 1581 1580)
3(4432 4614 4615)
3(1450 1787 1451)
3(4484 4485 4821)
3(1491 1749 1748)
3(4525 4782 4783)
3(1508 1510 1509)
3(4542 4543 4544)
3(1537 1951 1950)
3(4571 4984 4985)
3(1548 1683 1682)
3(4582 4716 4717)
3(1560 2878 1706)
3(4594 4740 5912)
3(1703 1704 1561)
3(4737 4595 4738)
3(1580 2636 1879)
3(4614 4913 5670)
3(2759 2864 1594)
3(5793 4628 5898)
3(1597 2760 2759)
3(4631 5793 5794)
3(2761 2880 1597)
3(5795 4631 5914)
3(2801 2802 1705)
3(5835 4739 5836)
3(1706 2232 2231)
3(4740 5265 5266)
3(1749 2250 1936)
3(4783 4970 5284)
3(1797 1798 1796)
3(4831 4830 4832)
3(1798 2783 1796)
3(4832 4830 5817)
3(1799 2368 2367)
3(4833 5401 5402)
3(1803 1805 1801)
3(4837 4835 4839)
3(1804 1815 1803)
3(4838 4837 4849)
3(1850 3066 2842)
3(4884 5876 6100)
3(2251 2266 1936)
3(5285 4970 5300)
3(1937 2037 1989)
3(4971 5023 5071)
3(2005 2007 2006)
3(5039 5040 5041)
3(2981 3054 2346)
3(6015 5380 6088)
3(2444 3028 2914)
3(5478 5948 6062)
3(3060 3081 2559)
3(6094 5593 6115)
3(2880 3093 2760)
3(5914 5794 6127)
3(535 3034 714)
3(3569 3748 6068)
3(562 564 563)
3(3596 3597 3598)
3(564 565 563)
3(3598 3597 3599)
3(564 566 565)
3(3598 3599 3600)
3(575 576 574)
3(3609 3608 3610)
3(575 664 577)
3(3609 3611 3698)
3(580 582 581)
3(3614 3615 3616)
3(583 2825 580)
3(3617 3614 5859)
3(887 2972 581)
3(3921 3615 6006)
3(1172 2861 586)
3(4206 3620 5895)
3(587 2663 2662)
3(3621 5696 5697)
3(598 2747 592)
3(3632 3626 5781)
3(886 2996 603)
3(3920 3637 6030)
3(636 656 637)
3(3670 3671 3690)
3(662 717 665)
3(3696 3699 3751)
3(664 1770 1596)
3(3698 4630 4804)
3(665 2921 715)
3(3699 3749 5955)
3(777 787 769)
3(3811 3803 3821)
3(816 2816 779)
3(3850 3813 5850)
3(842 2708 951)
3(3876 3985 5742)
3(2863 3180 887)
3(5897 3921 6214)
3(904 940 898)
3(3938 3932 3974)
3(931 2836 949)
3(3965 3983 5870)
3(1036 2600 2596)
3(4070 5630 5634)
3(1041 1043 1042)
3(4075 4076 4077)
3(1044 2811 1123)
3(4078 4157 5845)
3(1054 2822 1052)
3(4088 4086 5856)
3(1093 2942 1091)
3(4127 4125 5976)
3(1095 1096 1093)
3(4129 4127 4130)
3(1094 1098 1095)
3(4128 4129 4132)
3(1094 1356 1098)
3(4128 4132 4390)
3(1107 1347 1238)
3(4141 4272 4381)
3(1364 1365 1119)
3(4398 4153 4399)
3(1184 1445 1122)
3(4218 4156 4479)
3(1123 2887 1185)
3(4157 4219 5921)
3(1185 1196 1195)
3(4219 4229 4230)
3(1188 2604 2603)
3(4222 5637 5638)
3(1188 2625 2604)
3(4222 5638 5659)
3(1196 1332 1197)
3(4230 4231 4366)
3(1197 2833 1201)
3(4231 4235 5867)
3(1202 1594 1200)
3(4236 4234 4628)
3(1201 1325 1203)
3(4235 4237 4359)
3(1220 1597 1204)
3(4254 4238 4631)
3(1205 2779 1221)
3(4239 4255 5813)
3(1334 2761 1220)
3(4368 4254 5795)
3(1592 1616 1230)
3(4626 4264 4650)
3(1260 2050 1258)
3(4294 4292 5084)
3(1608 1609 1334)
3(4642 4368 4643)
3(1336 1574 1573)
3(4370 4607 4608)
3(1357 2710 1434)
3(4391 4468 5744)
3(1365 1368 1367)
3(4399 4401 4402)
3(1367 2812 2716)
3(4401 5750 5846)
3(1368 1370 1369)
3(4402 4403 4404)
3(1432 1500 1499)
3(4466 4533 4534)
3(1434 1572 1570)
3(4468 4604 4606)
3(2674 2895 1439)
3(5708 4473 5929)
3(1488 3073 1914)
3(4522 4948 6107)
3(1505 1508 1507)
3(4539 4541 4542)
3(1519 1520 1517)
3(4553 4551 4554)
3(1518 1906 1849)
3(4552 4883 4940)
3(1699 1818 1556)
3(4733 4590 4852)
3(1570 1902 1571)
3(4604 4605 4936)
3(1903 1904 1571)
3(4937 4605 4938)
3(1575 1751 1574)
3(4609 4608 4785)
3(1577 3087 2605)
3(4611 5639 6121)
3(2039 2707 1582)
3(5073 4616 5741)
3(1585 2769 2675)
3(4619 5709 5803)
3(1776 1777 1775)
3(4810 4809 4811)
3(1776 2766 1892)
3(4810 4926 5800)
3(1794 2930 2698)
3(4828 5732 5964)
3(1804 3010 1992)
3(4838 5026 6044)
3(2001 2834 1825)
3(5035 4859 5868)
3(1891 2040 1888)
3(4925 4922 5074)
3(1994 2941 2885)
3(5028 5919 5975)
3(2000 2848 2578)
3(5034 5612 5882)
3(2834 2899 2461)
3(5868 5495 5933)
3(2791 2836 2792)
3(5825 5826 5870)
3(3097 3118 2907)
3(6131 5941 6152)
3(166 445 167)
3(370 371 3479)
3(535 536 534)
3(3569 3568 3570)
3(537 538 536)
3(3571 3570 3572)
3(536 2741 2739)
3(3570 5773 5775)
3(540 788 538)
3(3574 3572 3822)
3(541 542 540)
3(3575 3574 3576)
3(540 2689 788)
3(3574 3822 5723)
3(544 1151 542)
3(3578 3576 4185)
3(545 546 544)
3(3579 3578 3580)
3(547 548 546)
3(3581 3580 3582)
3(548 549 546)
3(3582 3580 3583)
3(633 2742 547)
3(3667 3581 5776)
3(548 2742 1786)
3(3582 4820 5776)
3(550 551 549)
3(3584 3583 3585)
3(550 552 551)
3(3584 3585 3586)
3(1786 2743 550)
3(4820 3584 5777)
3(552 554 553)
3(3586 3587 3588)
3(553 2744 1168)
3(3587 4202 5778)
3(554 556 555)
3(3588 3589 3590)
3(657 2744 555)
3(3691 3589 5778)
3(1188 2602 559)
3(4222 3593 5636)
3(587 2625 563)
3(3621 3597 5659)
3(1470 2726 577)
3(4504 3611 5760)
3(2972 3011 579)
3(6006 3613 6045)
3(582 584 581)
3(3616 3615 3618)
3(582 585 584)
3(3616 3618 3619)
3(585 588 586)
3(3619 3620 3622)
3(1331 2582 585)
3(4365 3619 5616)
3(587 2746 2663)
3(3621 5697 5780)
3(593 597 592)
3(3627 3626 3631)
3(597 601 598)
3(3631 3632 3635)
3(602 1829 598)
3(3636 3632 4863)
3(610 2648 613)
3(3644 3647 5682)
3(631 2835 617)
3(3665 3651 5869)
3(632 634 633)
3(3666 3667 3668)
3(635 1169 633)
3(3669 3667 4203)
3(634 1170 654)
3(3668 3688 4204)
3(654 662 655)
3(3688 3689 3696)
3(654 2606 662)
3(3688 3696 5640)
3(663 2566 655)
3(3697 3689 5600)
3(662 665 663)
3(3696 3697 3699)
3(666 726 663)
3(3700 3697 3760)
3(782 1469 726)
3(3816 3760 4503)
3(733 773 732)
3(3767 3766 3807)
3(736 737 735)
3(3770 3769 3771)
3(737 738 735)
3(3771 3769 3772)
3(750 2854 737)
3(3784 3771 5888)
3(1599 1842 750)
3(4633 3784 4876)
3(774 791 773)
3(3808 3807 3825)
3(777 2749 1447)
3(3811 4481 5783)
3(842 853 848)
3(3876 3882 3887)
3(1120 2655 948)
3(4154 3982 5689)
3(972 1020 971)
3(4006 4005 4054)
3(1013 2694 1011)
3(4047 4045 5728)
3(2875 2931 1038)
3(5909 4072 5965)
3(1039 2702 1121)
3(4073 4155 5736)
3(1066 1067 1065)
3(4100 4099 4101)
3(1097 1099 1096)
3(4131 4130 4133)
3(1324 1448 1120)
3(4358 4154 4482)
3(1127 1228 1126)
3(4161 4160 4262)
3(1136 1294 1135)
3(4170 4169 4328)
3(1594 2658 1200)
3(4628 4234 5692)
3(1597 2759 1204)
3(4631 4238 5793)
3(1230 2564 1228)
3(4264 4262 5598)
3(1244 1413 1231)
3(4278 4265 4447)
3(2357 2754 1231)
3(5391 4265 5788)
3(1241 1242 1233)
3(4275 4267 4276)
3(1347 2946 1491)
3(4381 4525 5980)
3(1358 1552 1551)
3(4392 4585 4586)
3(1569 2762 1370)
3(4603 4404 5796)
3(1371 2659 1598)
3(4405 4632 5693)
3(1374 2763 1373)
3(4408 4407 5797)
3(1375 1376 1374)
3(4409 4408 4410)
3(1375 2798 2797)
3(4409 5831 5832)
3(1376 1378 1377)
3(4410 4411 4412)
3(1379 1380 1378)
3(4413 4412 4414)
3(1380 2764 1378)
3(4414 4412 5798)
3(1378 2764 1386)
3(4412 4420 5798)
3(1381 1560 1383)
3(4415 4417 4594)
3(1381 2878 1560)
3(4415 4594 5912)
3(1383 2765 1382)
3(4417 4416 5799)
3(1382 1385 1384)
3(4416 4418 4419)
3(1561 2802 1383)
3(4595 4417 5836)
3(1385 1397 1396)
3(4419 4430 4431)
3(1825 2796 1387)
3(4859 4421 5830)
3(1398 1580 1397)
3(4432 4431 4614)
3(1398 2004 1581)
3(4432 4615 5038)
3(1398 2765 2004)
3(4432 5038 5799)
3(1404 3219 3196)
3(4438 6230 6253)
3(1499 2968 1405)
3(4533 4439 6002)
3(1425 1670 1426)
3(4459 4460 4704)
3(1443 2033 2032)
3(4477 5066 5067)
3(1450 1451 1448)
3(4484 4482 4485)
3(1450 1788 1787)
3(4484 4821 4822)
3(1450 2796 1788)
3(4484 4822 5830)
3(1454 2464 1452)
3(4488 4486 5498)
3(1457 1459 1458)
3(4491 4492 4493)
3(1553 2938 1464)
3(4587 4498 5972)
3(1483 1909 1487)
3(4517 4521 4943)
3(1517 2948 1516)
3(4551 4550 5982)
3(1560 1703 1561)
3(4594 4595 4737)
3(1560 1706 1703)
3(4594 4737 4740)
3(1704 1705 1561)
3(4738 4595 4739)
3(1578 2829 2356)
3(4612 5390 5863)
3(1580 1879 1582)
3(4614 4616 4913)
3(2005 2006 1581)
3(5039 4615 5040)
3(2006 2636 1581)
3(5040 4615 5670)
3(1597 2880 2760)
3(4631 5794 5914)
3(1628 1630 1629)
3(4662 4663 4664)
3(1630 1900 1629)
3(4664 4663 4934)
3(1631 1632 1630)
3(4665 4664 4666)
3(2071 2321 1659)
3(5105 4693 5355)
3(1701 2216 1702)
3(4735 4736 5250)
3(1706 2230 1703)
3(4740 4737 5264)
3(1706 2231 2230)
3(4740 5264 5265)
3(1770 2943 1841)
3(4804 4875 5977)
3(1779 2875 1795)
3(4813 4829 5909)
3(1993 2846 1787)
3(5027 4821 5880)
3(1788 2834 2461)
3(4822 5495 5868)
3(2796 2834 1788)
3(5830 4822 5868)
3(1789 2846 2435)
3(4823 5469 5880)
3(1819 1820 1818)
3(4853 4852 4854)
3(2938 2962 1830)
3(5972 4864 5996)
3(1856 1882 1857)
3(4890 4891 4916)
3(1881 2880 2761)
3(4915 5795 5914)
3(1962 2179 1961)
3(4996 4995 5213)
3(2684 2872 1993)
3(5718 5027 5906)
3(2004 2802 2801)
3(5038 5835 5836)
3(2010 3036 2011)
3(5044 5045 6070)
3(2011 2799 2717)
3(5045 5751 5833)
3(2797 2798 2232)
3(5831 5266 5832)
3(2566 2944 2433)
3(5600 5467 5978)
3(2443 2444 2442)
3(5477 5476 5478)
3(2603 2902 2602)
3(5637 5636 5936)
3(2760 2864 2759)
3(5794 5793 5898)
3(2442 2914 125)
3(5476 329 5948)
3(474 3107 2514)
3(3508 5548 6141)
3(534 2739 590)
3(3568 3624 5773)
3(560 2913 562)
3(3594 3596 5947)
3(587 2662 2625)
3(3621 5659 5696)
3(2582 2856 588)
3(5616 3622 5890)
3(591 593 592)
3(3625 3626 3627)
3(600 605 599)
3(3634 3633 3639)
3(601 886 603)
3(3635 3637 3920)
3(603 2996 607)
3(3637 3641 6030)
3(614 629 616)
3(3648 3650 3663)
3(643 644 642)
3(3677 3676 3678)
3(648 2865 1756)
3(3682 4790 5899)
3(700 702 701)
3(3734 3735 3736)
3(768 2532 702)
3(3802 3736 5566)
3(704 706 705)
3(3738 3739 3740)
3(706 709 707)
3(3740 3741 3743)
3(709 716 710)
3(3743 3744 3750)
3(871 2925 709)
3(3905 3743 5959)
3(716 729 722)
3(3750 3756 3763)
3(729 769 752)
3(3763 3786 3803)
3(769 2728 752)
3(3803 3786 5762)
3(777 790 787)
3(3811 3821 3824)
3(843 844 782)
3(3877 3816 3878)
3(870 2727 787)
3(3904 3821 5761)
3(953 2840 910)
3(3987 3944 5874)
3(2857 2912 924)
3(5891 3958 5946)
3(925 927 926)
3(3959 3960 3961)
3(927 2751 952)
3(3961 3986 5785)
3(929 930 928)
3(3963 3962 3964)
3(929 931 930)
3(3963 3964 3965)
3(931 949 948)
3(3965 3982 3983)
3(949 2836 1041)
3(3983 4075 5870)
3(2772 2839 953)
3(5806 3987 5873)
3(2679 2680 970)
3(5713 4004 5714)
3(1041 1042 1040)
3(4075 4074 4076)
3(1040 2752 2702)
3(4074 5736 5786)
3(1041 2836 2791)
3(4075 5825 5870)
3(1043 1044 1042)
3(4077 4076 4078)
3(1067 2909 1065)
3(4101 4099 5943)
3(1104 2823 1106)
3(4138 4140 5857)
3(1106 1133 1105)
3(4140 4139 4167)
3(1315 2922 1115)
3(4349 4149 5956)
3(2922 3020 1116)
3(5956 4150 6054)
3(1133 1833 1832)
3(4167 4866 4867)
3(1175 2966 1134)
3(4209 4168 6000)
3(1138 2491 1760)
3(4172 4794 5525)
3(1173 1835 1317)
3(4207 4351 4869)
3(1176 1249 1175)
3(4210 4209 4283)
3(1196 2887 1442)
3(4230 4476 5921)
3(1197 1201 1200)
3(4231 4234 4235)
3(1332 2833 1197)
3(4366 4231 5867)
3(1201 1203 1202)
3(4235 4236 4237)
3(1203 1205 1204)
3(4237 4238 4239)
3(1205 1221 1220)
3(4239 4254 4255)
3(1221 1335 1334)
3(4255 4368 4369)
3(1591 1592 1230)
3(4625 4264 4626)
3(1835 1836 1317)
3(4869 4351 4870)
3(1838 2492 1317)
3(4872 4351 5526)
3(1808 2833 1332)
3(4842 4366 5867)
3(1609 2761 1334)
3(4643 4368 5795)
3(1335 2608 1608)
3(4369 4642 5642)
3(1336 2779 1575)
3(4370 4609 5813)
3(1579 2946 1347)
3(4613 4381 5980)
3(1530 3088 1351)
3(4564 4385 6122)
3(1356 1967 1550)
3(4390 4584 5001)
3(1386 2800 1602)
3(4420 4636 5834)
3(2764 2800 1386)
3(5798 4420 5834)
3(1388 1600 1599)
3(4422 4633 4634)
3(1396 2766 1776)
3(4430 4810 5800)
3(1442 1991 1481)
3(4476 4515 5025)
3(1789 1790 1451)
3(4823 4485 4824)
3(1755 2999 1500)
3(4789 4534 6033)
3(1504 3112 1505)
3(4538 4539 6146)
3(1515 1516 1513)
3(4549 4547 4550)
3(1515 3012 1518)
3(4549 4552 6046)
3(1524 2060 1539)
3(4558 4573 5094)
3(1541 1669 1540)
3(4575 4574 4703)
3(1552 3140 2374)
3(4586 5408 6174)
3(1902 1903 1571)
3(4936 4605 4937)
3(1573 2609 2608)
3(4607 5642 5643)
3(2675 2963 1584)
3(5709 4618 5997)
3(1591 2793 1592)
3(4625 4626 5827)
3(1592 1617 1616)
3(4626 4650 4651)
3(1592 1618 1617)
3(4626 4651 4652)
3(1596 2770 1848)
3(4630 4882 5804)
3(1875 1881 1609)
3(4909 4643 4915)
3(1611 2470 1613)
3(4645 4647 5504)
3(2043 2044 1616)
3(5077 4650 5078)
3(1618 1620 1619)
3(4652 4653 4654)
3(1620 1622 1621)
3(4654 4655 4656)
3(2002 2500 1620)
3(5036 4654 5534)
3(1622 1624 1623)
3(4656 4657 4658)
3(1624 1626 1625)
3(4658 4659 4660)
3(1778 2976 1624)
3(4812 4658 6010)
3(1626 1628 1627)
3(4660 4661 4662)
3(1901 2773 1629)
3(4935 4663 5807)
3(1645 2065 1990)
3(4679 5024 5099)
3(2702 2753 1771)
3(5736 4805 5787)
3(1776 1892 1877)
3(4810 4911 4926)
3(1791 1792 1790)
3(4825 4824 4826)
3(1790 2947 2768)
3(4824 5802 5981)
3(2010 2011 1792)
3(5044 4826 5045)
3(1808 3072 2833)
3(4842 5867 6106)
3(2966 2995 1833)
3(6000 4867 6029)
3(1835 1837 1836)
3(4869 4870 4871)
3(1836 3038 1839)
3(4870 4873 6072)
3(1886 2042 1845)
3(4920 4879 5076)
3(1858 2069 1957)
3(4892 4991 5103)
3(1935 2078 2066)
3(4969 5100 5112)
3(2220 2428 1971)
3(5254 5005 5462)
3(2694 2987 1987)
3(5728 5021 6021)
3(2984 2998 2012)
3(6018 5046 6032)
3(2019 2021 2020)
3(5053 5054 5055)
3(2232 2233 2231)
3(5266 5265 5267)
3(2250 2252 2251)
3(5284 5285 5286)
3(2471 2474 2473)
3(5505 5507 5508)
3(2518 3045 2517)
3(5552 5551 6079)
3(2771 2976 2772)
3(5805 5806 6010)
3(3123 3129 2784)
3(6157 5818 6163)
3(2792 2794 2793)
3(5826 5827 5828)
3(166 2526 445)
3(370 3479 5560)
3(503 505 504)
3(3537 3538 3539)
3(509 511 510)
3(3543 3544 3545)
3(551 3110 549)
3(3585 3583 6144)
3(651 658 650)
3(3685 3684 3692)
3(659 667 658)
3(3693 3692 3701)
3(716 2749 729)
3(3750 3763 5783)
3(805 858 857)
3(3839 3891 3892)
3(819 1163 821)
3(3853 3855 4197)
3(873 897 896)
3(3907 3930 3931)
3(1018 1078 954)
3(4052 3988 4112)
3(1061 1109 1063)
3(4095 4097 4143)
3(1068 1070 1069)
3(4102 4103 4104)
3(1477 1478 1226)
3(4511 4260 4512)
3(1262 2830 1260)
3(4296 4294 5864)
3(1307 1603 1428)
3(4341 4462 4637)
3(1329 1472 1330)
3(4363 4364 4506)
3(1612 1887 1886)
3(4646 4920 4921)
3(1907 2207 1681)
3(4941 4715 5241)
3(2054 2055 1785)
3(5088 4819 5089)
3(1824 2993 2943)
3(4858 5977 6027)
3(3059 3162 2023)
3(6093 5057 6196)
3(2077 3311 3183)
3(5111 6217 6345)
3(2312 3102 3000)
3(5346 6034 6136)
3(3236 3281 2360)
3(6270 5394 6315)
3(2544 2548 2546)
3(5578 5580 5582)
3(3087 3173 2605)
3(6121 5639 6207)
3(527 529 528)
3(3561 3562 3563)
3(529 531 530)
3(3563 3564 3565)
3(588 2856 591)
3(3622 3625 5890)
3(594 596 595)
3(3628 3629 3630)
3(610 612 609)
3(3644 3643 3646)
3(612 628 609)
3(3646 3643 3662)
3(624 626 623)
3(3658 3657 3660)
3(627 650 626)
3(3661 3660 3684)
3(627 3105 651)
3(3661 3685 6139)
3(637 639 638)
3(3671 3672 3673)
3(1827 2835 638)
3(4861 3672 5869)
3(639 641 640)
3(3673 3674 3675)
3(639 2808 1362)
3(3673 4396 5842)
3(643 2613 647)
3(3677 3681 5647)
3(647 2866 2865)
3(3681 5899 5900)
3(1817 2808 656)
3(4851 3690 5842)
3(659 668 667)
3(3693 3701 3702)
3(727 2617 661)
3(3761 3695 5651)
3(670 672 671)
3(3704 3705 3706)
3(672 674 673)
3(3706 3707 3708)
3(1471 2509 672)
3(4505 3706 5543)
3(676 678 677)
3(3710 3711 3712)
3(678 680 679)
3(3712 3713 3714)
3(681 2511 2510)
3(3715 5544 5545)
3(682 684 683)
3(3716 3717 3718)
3(684 686 685)
3(3718 3719 3720)
3(686 688 687)
3(3720 3721 3722)
3(688 690 689)
3(3722 3723 3724)
3(767 2690 688)
3(3801 3722 5724)
3(692 694 693)
3(3726 3727 3728)
3(694 696 695)
3(3728 3729 3730)
3(696 698 697)
3(3730 3731 3732)
3(698 700 699)
3(3732 3733 3734)
3(700 701 699)
3(3734 3733 3735)
3(702 704 703)
3(3736 3737 3738)
3(702 2532 704)
3(3736 3738 5566)
3(704 705 703)
3(3738 3737 3739)
3(718 2787 705)
3(3752 3739 5821)
3(760 2788 722)
3(3794 3756 5822)
3(756 758 757)
3(3790 3791 3792)
3(758 759 757)
3(3792 3791 3793)
3(771 1473 760)
3(3805 3794 4507)
3(791 890 773)
3(3825 3807 3924)
3(815 3041 861)
3(3849 3895 6075)
3(836 2868 1193)
3(3870 4227 5902)
3(881 882 852)
3(3915 3886 3916)
3(947 1124 1045)
3(3981 4079 4158)
3(957 980 979)
3(3991 4013 4014)
3(980 984 983)
3(4014 4017 4018)
3(984 986 985)
3(4018 4019 4020)
3(992 994 993)
3(4026 4027 4028)
3(994 996 995)
3(4028 4029 4030)
3(1150 2520 994)
3(4184 4028 5554)
3(1008 1010 1009)
3(4042 4043 4044)
3(1010 1012 1011)
3(4044 4045 4046)
3(1026 2415 1010)
3(4060 4044 5449)
3(1012 1014 1013)
3(4046 4047 4048)
3(2415 3057 1012)
3(5449 4046 6091)
3(1014 1016 1015)
3(4048 4049 4050)
3(1342 2987 1015)
3(4376 4049 6021)
3(1027 1028 1016)
3(4061 4050 4062)
3(1028 2860 1016)
3(4062 4050 5894)
3(1130 1131 1028)
3(4164 4062 4165)
3(1113 1610 1035)
3(4147 4069 4644)
3(1043 2791 1127)
3(4077 4161 5825)
3(1075 1243 1232)
3(4109 4266 4277)
3(1305 1393 1110)
3(4339 4144 4427)
3(1124 1333 1125)
3(4158 4159 4367)
3(2483 3025 1124)
3(5517 4158 6059)
3(1127 1230 1228)
3(4161 4262 4264)
3(1127 1591 1230)
3(4161 4264 4625)
3(1351 2583 1131)
3(4385 4165 5617)
3(1478 2954 1226)
3(4512 4260 5988)
3(1616 2564 1230)
3(4650 4264 5598)
3(1241 1498 1247)
3(4275 4281 4532)
3(1268 2736 1638)
3(4302 4672 5770)
3(1483 1487 1342)
3(4517 4376 4521)
3(1359 2845 1360)
3(4393 4394 5879)
3(2496 2498 1395)
3(5530 4429 5532)
3(1400 1402 1401)
3(4434 4435 4436)
3(1436 3181 3094)
3(4470 6128 6215)
3(1442 2887 1991)
3(4476 5025 5921)
3(1456 1809 1782)
3(4490 4816 4843)
3(1759 2824 1463)
3(4793 4497 5858)
3(2338 2339 1473)
3(5372 4507 5373)
3(1562 1563 1525)
3(4596 4559 4597)
3(1660 1661 1530)
3(4694 4564 4695)
3(1869 3026 1557)
3(4903 4591 6060)
3(1574 2634 1573)
3(4608 4607 5668)
3(1751 1871 1574)
3(4785 4608 4905)
3(1575 1767 1751)
3(4609 4785 4801)
3(1810 2969 1586)
3(4844 4620 6003)
3(1589 1711 1590)
3(4623 4624 4745)
3(1612 3025 1887)
3(4646 4921 6059)
3(2044 2564 1616)
3(5078 4650 5598)
3(2104 2106 1661)
3(5138 4695 5140)
3(1668 2171 2170)
3(4702 5204 5205)
3(1709 1986 1916)
3(4743 4950 5020)
3(1711 1713 1712)
3(4745 4746 4747)
3(1713 1715 1714)
3(4747 4748 4749)
3(2419 2951 1713)
3(5453 4747 5985)
3(1715 1718 1716)
3(4749 4750 4752)
3(1718 1720 1719)
3(4752 4753 4754)
3(1720 1722 1721)
3(4754 4755 4756)
3(1722 1725 1723)
3(4756 4757 4759)
3(1725 1727 1726)
3(4759 4760 4761)
3(2297 2298 1727)
3(5331 4761 5332)
3(1728 1731 1730)
3(4762 4764 4765)
3(1948 2103 1729)
3(4982 4763 5137)
3(1731 1733 1732)
3(4765 4766 4767)
3(1737 1739 1738)
3(4771 4772 4773)
3(1739 1865 1740)
3(4773 4774 4899)
3(2446 2639 1767)
3(5480 4801 5673)
3(1851 1853 1852)
3(4885 4886 4887)
3(2530 3066 1852)
3(5564 4886 6100)
3(1867 3021 2350)
3(4901 5384 6055)
3(2301 2302 1871)
3(5335 4905 5336)
3(2040 2299 1888)
3(5074 4922 5333)
3(1939 2091 1958)
3(4973 4992 5125)
3(1991 2632 2480)
3(5025 5514 5666)
3(2012 2998 2013)
3(5046 5047 6032)
3(2779 2984 2012)
3(5813 5046 6018)
3(2013 2448 2447)
3(5047 5481 5482)
3(2185 3308 2184)
3(5219 5218 6342)
3(2339 2341 2340)
3(5373 5374 5375)
3(2341 2803 2340)
3(5375 5374 5837)
3(2414 2788 2340)
3(5448 5374 5822)
3(2340 2803 2414)
3(5374 5448 5837)
3(2387 2390 2388)
3(5421 5422 5424)
3(2399 2401 2400)
3(5433 5434 5435)
3(2401 2404 2402)
3(5435 5436 5438)
3(2450 2965 2447)
3(5484 5481 5999)
3(2480 2512 2481)
3(5514 5515 5546)
3(2634 2635 2609)
3(5668 5643 5669)
3(2918 2982 2720)
3(5952 5754 6016)
3(42 2502 43)
3(246 247 5536)
3(613 2648 620)
3(3647 3654 5682)
3(619 1217 618)
3(3653 3652 4251)
3(1217 1218 618)
3(4251 3652 4252)
3(620 1436 622)
3(3654 3656 4470)
3(624 969 627)
3(3658 3661 4003)
3(667 669 658)
3(3701 3692 3703)
3(738 2831 2750)
3(3772 5784 5865)
3(2665 2722 757)
3(5699 3791 5756)
3(770 1440 785)
3(3804 3819 4474)
3(849 863 804)
3(3883 3838 3897)
3(860 3090 2706)
3(3894 5740 6124)
3(873 896 872)
3(3907 3906 3930)
3(873 2908 932)
3(3907 3966 5942)
3(956 957 895)
3(3990 3929 3991)
3(933 934 897)
3(3967 3931 3968)
3(946 1480 936)
3(3980 3970 4514)
3(3157 3158 968)
3(6191 4002 6192)
3(981 1319 974)
3(4015 4008 4353)
3(986 988 987)
3(4020 4021 4022)
3(1337 2950 987)
3(4371 4021 5984)
3(990 991 989)
3(4024 4023 4025)
3(990 992 991)
3(4024 4025 4026)
3(998 1000 999)
3(4032 4033 4034)
3(1000 1002 1001)
3(4034 4035 4036)
3(1002 1004 1003)
3(4036 4037 4038)
3(1004 1006 1005)
3(4038 4039 4040)
3(1006 1008 1007)
3(4040 4041 4042)
3(1129 1403 1047)
3(4163 4081 4437)
3(1913 2860 1152)
3(4947 4186 5894)
3(1179 1584 1166)
3(4213 4200 4618)
3(1219 1389 1226)
3(4253 4260 4423)
3(1326 3076 2822)
3(4360 5856 6110)
3(2379 2380 1337)
3(5413 4371 5414)
3(1390 3079 1389)
3(4424 4423 6113)
3(1422 2047 2046)
3(4456 5080 5081)
3(1457 1458 1455)
3(4491 4489 4492)
3(1459 1460 1458)
3(4493 4492 4494)
3(1557 1811 1478)
3(4591 4512 4845)
3(1479 2633 1558)
3(4513 4592 5667)
3(1511 1512 1509)
3(4545 4543 4546)
3(1605 1606 1529)
3(4639 4563 4640)
3(1558 1894 1870)
3(4592 4904 4928)
3(1694 1695 1693)
3(4728 4727 4729)
3(2115 2116 1697)
3(5149 4731 5150)
3(1817 2722 2721)
3(4851 5755 5756)
3(1865 2313 1866)
3(4899 4900 5347)
3(2390 2392 2391)
3(5424 5425 5426)
3(2392 2394 2393)
3(5426 5427 5428)
3(2394 2397 2395)
3(5428 5429 5431)
3(2397 2399 2398)
3(5431 5432 5433)
3(442 2661 18)
3(3476 222 5695)
3(499 1651 501)
3(3533 3535 4685)
3(519 521 520)
3(3553 3554 3555)
3(523 525 524)
3(3557 3558 3559)
3(867 2626 606)
3(3901 3640 5660)
3(1218 2672 618)
3(4252 3652 5706)
3(650 1161 626)
3(3684 3660 4195)
3(647 2865 645)
3(3681 3679 5899)
3(645 2865 648)
3(3679 3682 5899)
3(653 2615 649)
3(3687 3683 5649)
3(658 2418 650)
3(3692 3684 5452)
3(688 2690 690)
3(3722 3724 5724)
3(694 708 696)
3(3728 3730 3742)
3(698 2892 700)
3(3732 3734 5926)
3(707 718 705)
3(3741 3739 3752)
3(722 2788 710)
3(3756 3744 5822)
3(2414 2803 718)
3(5448 3752 5837)
3(784 2665 759)
3(3818 3793 5699)
3(783 2561 833)
3(3817 3867 5595)
3(791 891 890)
3(3825 3924 3925)
3(839 880 850)
3(3873 3884 3914)
3(894 895 860)
3(3928 3894 3929)
3(881 1159 884)
3(3915 3918 4193)
3(885 915 882)
3(3919 3916 3949)
3(1181 2844 890)
3(4215 3924 5878)
3(916 1224 915)
3(3950 3949 4258)
3(921 922 918)
3(3955 3952 3956)
3(921 3024 941)
3(3955 3975 6058)
3(923 950 922)
3(3957 3956 3984)
3(974 2667 923)
3(4008 3957 5701)
3(950 2027 1860)
3(3984 4894 5061)
3(981 2715 1319)
3(4015 4353 5749)
3(1147 1691 1145)
3(4181 4179 4725)
3(1153 1155 1154)
3(4187 4188 4189)
3(1154 2837 2048)
3(4188 5082 5871)
3(1258 2837 1155)
3(4292 4189 5871)
3(1159 2300 1985)
3(4193 5019 5334)
3(1264 1637 1262)
3(4298 4296 4671)
3(1354 1504 1503)
3(4388 4537 4538)
3(1639 1641 1460)
3(4673 4494 4675)
3(1806 2688 1462)
3(4840 4496 5722)
3(1486 2697 1685)
3(4520 4719 5731)
3(1709 1916 1486)
3(4743 4520 4950)
3(1998 1999 1532)
3(5032 4566 5033)
3(1585 2969 2769)
3(4619 5803 6003)
3(2659 3081 1598)
3(5693 4632 6115)
3(1692 1693 1691)
3(4726 4725 4727)
3(1908 3236 2360)
3(4942 5394 6270)
3(1986 2318 1916)
3(5020 4950 5352)
3(1986 3008 2809)
3(5020 5843 6042)
3(2015 2018 2017)
3(5049 5051 5052)
3(2587 2588 2018)
3(5621 5052 5622)
3(2019 2022 2021)
3(5053 5055 5056)
3(21 2704 434)
3(225 3468 5738)
3(501 503 502)
3(3535 3536 3537)
3(505 507 506)
3(3539 3540 3541)
3(763 764 669)
3(3797 3703 3798)
3(921 923 922)
3(3955 3956 3957)
3(1165 1431 1167)
3(4199 4201 4465)
3(1215 3066 2530)
3(4249 5564 6100)
3(1418 3119 1662)
3(4452 4696 6153)
3(1509 2437 1507)
3(4543 4541 5471)
3(2052 2053 1634)
3(5086 4668 5087)
3(2079 2080 1649)
3(5113 4683 5114)
3(1932 2076 1931)
3(4966 4965 5110)
3(2020 3052 2017)
3(5054 5051 6086)
3(3243 3269 2455)
3(6277 5489 6303)
3(2662 3022 2604)
3(5696 5638 6056)
3(732 2844 1823)
3(3766 4857 5878)
3(832 968 830)
3(3866 3864 4002)
3(831 883 851)
3(3865 3885 3917)
3(852 3009 832)
3(3886 3866 6043)
3(1157 1452 920)
3(4191 3954 4486)
3(1141 2897 1073)
3(4175 4107 5931)
3(1311 1441 1141)
3(4345 4175 4475)
3(1146 1148 1147)
3(4180 4181 4182)
3(1256 1257 1155)
3(4290 4189 4291)
3(1266 2934 1264)
3(4300 4298 5968)
3(1305 3082 1393)
3(4339 4427 6116)
3(1411 1634 1323)
3(4445 4357 4668)
3(1559 2845 1359)
3(4593 4393 5879)
3(1457 2436 1459)
3(4491 4493 5470)
3(1492 2653 1658)
3(4526 4692 5687)
3(1508 1885 1510)
3(4542 4544 4919)
3(1652 2081 1925)
3(4686 4959 5115)
3(2280 2281 2020)
3(5314 5054 5315)
3(2288 2289 2026)
3(5322 5060 5323)
3(2729 3074 2034)
3(5763 5068 6108)
3(2846 2872 567)
3(5880 3601 5906)
3(765 766 764)
3(3799 3798 3800)
3(830 3158 827)
3(3864 3861 6192)
3(833 1680 1549)
3(3867 4583 4714)
3(850 2869 874)
3(3884 3908 5903)
3(868 1345 1344)
3(3902 4378 4379)
3(1069 1111 1067)
3(4103 4101 4145)
3(1083 1085 1084)
3(4117 4118 4119)
3(1306 2491 1137)
3(4340 4171 5525)
3(1146 1207 1148)
3(4180 4182 4241)
3(1255 1418 1417)
3(4289 4451 4452)
3(1257 1259 1258)
3(4291 4292 4293)
3(2050 2837 1258)
3(5084 4292 5871)
3(1323 3073 1321)
3(4357 4355 6107)
3(1322 1497 1410)
3(4356 4444 4531)
3(1507 1652 1506)
3(4541 4540 4686)
3(1666 1924 1665)
3(4700 4699 4958)
3(1680 2190 1700)
3(4714 4734 5224)
3(1857 3092 3035)
3(4891 6069 6126)
3(2100 2102 2101)
3(5134 5135 5136)
3(2562 2563 2281)
3(5596 5315 5597)
3(532 2843 530)
3(3566 3564 5877)
3(856 1449 906)
3(3890 3940 4483)
3(1108 2903 1057)
3(4142 4091 5937)
3(1092 1093 1091)
3(4126 4125 4127)
3(1094 1095 1093)
3(4128 4127 4129)
3(1491 1748 1238)
3(4525 4272 4782)
3(1296 2673 1439)
3(4330 4473 5707)
3(1364 1577 1365)
3(4398 4399 4611)
3(1445 3062 2753)
3(4479 5787 6096)
3(1449 2978 2814)
3(4483 5848 6012)
3(1467 1872 1676)
3(4501 4710 4906)
3(1699 1819 1818)
3(4733 4852 4853)
3(2491 2565 1760)
3(5525 4794 5599)
3(2000 2001 1825)
3(5034 4859 5035)
3(1830 2962 2518)
3(4864 5552 5996)
3(1864 3056 2864)
3(4898 5898 6090)
3(2709 3212 1900)
3(5743 4934 6246)
3(1900 3221 2709)
3(4934 5743 6255)
3(2176 2178 2177)
3(5210 5211 5212)
3(2585 3122 2584)
3(5619 5618 6156)
3(2604 2605 2603)
3(5638 5637 5639)
3(2763 3071 3014)
3(5797 6048 6105)
3(2799 2912 2857)
3(5833 5891 5946)
3(510 3016 508)
3(3544 3542 6050)
3(545 547 546)
3(3579 3580 3581)
3(670 1471 672)
3(3704 3706 4505)
3(680 789 682)
3(3714 3716 3823)
3(690 1404 692)
3(3724 3726 4438)
3(778 779 766)
3(3812 3800 3813)
3(1074 2990 818)
3(4108 3852 6024)
3(827 2991 824)
3(3861 3858 6025)
3(826 829 827)
3(3860 3861 3863)
3(2754 2942 1096)
3(5788 4130 5976)
3(1097 1100 1099)
3(4131 4133 4134)
3(1100 1102 1101)
3(4134 4135 4136)
3(1107 1578 1347)
3(4141 4381 4612)
3(1208 1293 1148)
3(4242 4182 4327)
3(2487 2488 1206)
3(5521 4240 5522)
3(1308 2194 1430)
3(4342 4464 5228)
3(1416 1753 1752)
3(4450 4786 4787)
3(1747 2818 1549)
3(4781 4583 5852)
3(1614 3159 1893)
3(4648 4927 6193)
3(1947 2100 1663)
3(4981 4697 5134)
3(1768 1940 1753)
3(4802 4787 4974)
3(2742 3037 1786)
3(5776 4820 6071)
3(1821 1868 1822)
3(4855 4856 4902)
3(1840 2992 2852)
3(4874 5886 6026)
3(2221 2222 1846)
3(5255 4880 5256)
3(1856 1883 1882)
3(4890 4916 4917)
3(2489 2490 1868)
3(5523 4902 5524)
3(1922 1934 1933)
3(4956 4967 4968)
3(1932 2077 2076)
3(4966 5110 5111)
3(1941 1942 1940)
3(4975 4974 4976)
3(1943 2089 1942)
3(4977 4976 5123)
3(2189 2197 1977)
3(5223 5011 5231)
3(2356 2357 2355)
3(5390 5389 5391)
3(2557 2935 2558)
3(5591 5592 5969)
3(528 2508 526)
3(3562 3560 5542)
3(531 533 532)
3(3565 3566 3567)
3(590 2843 532)
3(3624 3566 5877)
3(533 535 534)
3(3567 3568 3569)
3(576 3011 574)
3(3610 3608 6045)
3(2613 2997 647)
3(5647 3681 6031)
3(742 2859 841)
3(3776 3875 5893)
3(814 815 779)
3(3848 3813 3849)
3(810 2713 808)
3(3844 3842 5747)
3(927 952 929)
3(3961 3963 3986)
3(2420 2881 1030)
3(5454 4064 5915)
3(1031 3058 1178)
3(4065 4212 6092)
3(1135 2961 1049)
3(4169 4083 5995)
3(1066 2731 1068)
3(4100 4102 5765)
3(1128 2823 1104)
3(4162 4138 5857)
3(1136 2673 1296)
3(4170 4330 5707)
3(1139 1310 1140)
3(4173 4174 4344)
3(2559 2859 1189)
3(5593 4223 5893)
3(1207 1209 1208)
3(4241 4242 4243)
3(1242 3007 1633)
3(4276 4667 6041)
3(1292 1320 1290)
3(4326 4324 4354)
3(1313 1812 1545)
3(4347 4579 4846)
3(1488 1745 1744)
3(4522 4778 4779)
3(1505 1506 1503)
3(4539 4537 4540)
3(1614 1615 1543)
3(4648 4577 4649)
3(1754 2528 2527)
3(4788 5561 5562)
3(1839 1898 1838)
3(4873 4872 4932)
3(1851 2173 1853)
3(4885 4887 5207)
3(117 2580 485)
3(321 3519 5614)
3(817 819 818)
3(3851 3852 3853)
3(820 1074 818)
3(3854 3852 4108)
3(819 821 820)
3(3853 3854 3855)
3(821 823 822)
3(3855 3856 3857)
3(823 825 824)
3(3857 3858 3859)
3(825 828 826)
3(3859 3860 3862)
3(833 2561 1680)
3(3867 4714 5595)
3(996 997 995)
3(4030 4029 4031)
3(2584 3122 1190)
3(5618 4224 6156)
3(1259 1261 1260)
3(4293 4294 4295)
3(1289 1416 1291)
3(4323 4325 4450)
3(1419 2337 1981)
3(4453 5015 5371)
3(1562 1681 1563)
3(4596 4597 4715)
3(2025 2988 1607)
3(5059 4641 6022)
3(1660 2105 2104)
3(4694 5138 5139)
3(1731 1966 1733)
3(4765 4767 5000)
3(1745 2277 1917)
3(4779 4951 5311)
3(1788 2461 1993)
3(4822 5027 5495)
3(2074 2075 2073)
3(5108 5107 5109)
3(2237 3108 2936)
3(5271 5970 6142)
3(2379 2382 2381)
3(5413 5415 5416)
3(2404 2952 2402)
3(5438 5436 5986)
3(2475 3106 2910)
3(5509 5944 6140)
3(460 2738 164)
3(3494 368 5772)
3(586 2861 584)
3(3620 3618 5895)
3(594 1182 596)
3(3628 3630 4216)
3(731 2692 736)
3(3765 3770 5726)
3(1163 2482 821)
3(4197 3855 5516)
3(891 900 892)
3(3925 3926 3934)
3(957 979 895)
3(3991 3929 4013)
3(1043 1126 1044)
3(4077 4078 4160)
3(1840 2850 1209)
3(4874 4243 5884)
3(1243 2953 1232)
3(4277 4266 5987)
3(1286 2894 1289)
3(4320 4323 5928)
3(2380 2950 1337)
3(5414 4371 5984)
3(1343 1684 1483)
3(4377 4517 4718)
3(2417 2438 1346)
3(5451 4380 5472)
3(1662 1663 1417)
3(4696 4451 4697)
3(1669 1859 1540)
3(4703 4574 4893)
3(1695 1880 1693)
3(4729 4727 4914)
3(2753 2993 1771)
3(5787 4805 6027)
3(1941 2723 1944)
3(4975 4978 5757)
3(2461 2684 1993)
3(5495 5027 5718)
3(2191 3061 2192)
3(5225 5226 6095)
3(2255 2257 2256)
3(5289 5290 5291)
3(2372 3296 2373)
3(5406 5407 6330)
3(2399 2400 2398)
3(5433 5432 5434)
3(19 2661 483)
3(223 3517 5695)
3(630 3135 2649)
3(3664 5683 6169)
3(751 3065 747)
3(3785 3781 6099)
3(805 2945 858)
3(3839 3892 5979)
3(950 1860 922)
3(3984 3956 4894)
3(955 1019 1018)
3(3989 4052 4053)
3(1037 2716 1583)
3(4071 4617 5750)
3(1178 1307 1306)
3(4212 4340 4341)
3(1207 1840 1209)
3(4241 4243 4874)
3(3271 3278 1229)
3(6305 4263 6312)
3(1261 1263 1262)
3(4295 4296 4297)
3(1287 1346 1285)
3(4321 4319 4380)
3(2762 2798 1375)
3(5796 4409 5832)
3(1514 1515 1513)
3(4548 4547 4549)
3(2359 3012 1514)
3(5393 4548 6046)
3(1587 2974 1742)
3(4621 4776 6008)
3(1843 3102 2312)
3(4877 5346 6136)
3(2013 2998 2448)
3(5047 5482 6032)
3(2274 2276 2275)
3(5308 5309 5310)
3(2334 2335 2333)
3(5368 5367 5369)
3(837 2416 879)
3(3871 3913 5450)
3(964 2362 1066)
3(3998 4100 5396)
3(2909 3005 1191)
3(5943 4225 6039)
3(1241 1247 1242)
3(4275 4276 4281)
3(1269 1534 1271)
3(4303 4305 4568)
3(1284 1288 1286)
3(4318 4320 4322)
3(1307 1428 1427)
3(4341 4461 4462)
3(1556 2922 1315)
3(4590 4349 5956)
3(1427 1673 1429)
3(4461 4463 4707)
3(1811 2954 1478)
3(4845 4512 5988)
3(1696 1698 1697)
3(4730 4731 4732)
3(2865 2867 1756)
3(5899 4790 5901)
3(1802 3010 1804)
3(4836 4838 6044)
3(1840 2851 2850)
3(4874 5884 5885)
3(1929 1930 1928)
3(4963 4962 4964)
3(2008 3030 2009)
3(5042 5043 6064)
3(2025 3141 2988)
3(5059 6022 6175)
3(2294 2964 2296)
3(5328 5330 5998)
3(3110 3192 2490)
3(6144 5524 6226)
3(3029 3045 2735)
3(6063 5769 6079)
3(170 2536 440)
3(374 3474 5570)
3(1216 2748 646)
3(4250 3680 5782)
3(820 3124 1074)
3(3854 4108 6158)
3(1607 2035 943)
3(4641 3977 5069)
3(1097 2484 1100)
3(4131 4134 5518)
3(1191 3005 1358)
3(4225 4392 6039)
3(1350 2411 1237)
3(4384 4271 5445)
3(2308 2455 1815)
3(5342 4849 5489)
3(1819 2218 1821)
3(4853 4855 5252)
3(1870 3142 3083)
3(4904 6117 6176)
3(2062 2063 1873)
3(5096 4907 5097)
3(1930 1932 1931)
3(4964 4965 4966)
3(2034 3074 3014)
3(5068 6048 6108)
3(2560 2935 2557)
3(5594 5591 5969)
3(2595 3183 2594)
3(5629 5628 6217)
3(579 3011 576)
3(3613 3610 6045)
3(581 2972 579)
3(3615 3613 6006)
3(1116 3035 2618)
3(4150 5652 6069)
3(1227 3118 3103)
3(4261 6137 6152)
3(1250 2971 1249)
3(4284 4283 6005)
3(1263 1265 1264)
3(4297 4298 4299)
3(1638 2934 1266)
3(4672 4300 5968)
3(1333 3025 1612)
3(4367 4646 6059)
3(1482 3117 2499)
3(4516 5533 6151)
3(1678 1975 1974)
3(4712 5008 5009)
3(1862 2757 2755)
3(4896 5789 5791)
3(1944 2538 1946)
3(4978 4980 5572)
3(2035 3101 3058)
3(5069 6092 6135)
3(2114 2140 2113)
3(5148 5147 5174)
3(2500 2774 2501)
3(5534 5535 5808)
3(3151 3154 2711)
3(6185 5745 6188)
3(165 2738 2526)
3(369 5560 5772)
3(1030 3178 2315)
3(4064 5349 6212)
3(2322 2484 1097)
3(5356 4131 5518)
3(2656 2947 1114)
3(5690 4148 5981)
3(1283 2888 1284)
3(4317 4318 5922)
3(1354 1502 1353)
3(4388 4387 4536)
3(1491 2946 2064)
3(4525 5098 5980)
3(1690 1826 1553)
3(4724 4587 4860)
3(2844 2977 1823)
3(5878 4857 6011)
3(2211 2212 2108)
3(5245 5142 5246)
3(2772 2976 2839)
3(5806 5873 6010)
3(651 3105 2949)
3(3685 5983 6139)
3(1160 3043 724)
3(4194 3758 6077)
3(773 2844 732)
3(3807 3766 5878)
3(2315 3231 959)
3(5349 3993 6265)
3(1111 2756 2755)
3(4145 5789 5790)
3(2849 3042 1198)
3(5883 4232 6076)
3(1217 3017 2591)
3(4251 5625 6051)
3(1831 2411 1350)
3(4865 4384 5445)
3(1537 1950 1538)
3(4571 4572 4984)
3(1782 1784 1783)
3(4816 4817 4818)
3(1835 2970 1837)
3(4869 4871 6004)
3(2770 3027 1848)
3(5804 4882 6061)
3(1953 1954 1945)
3(4987 4979 4988)
3(2041 3155 2040)
3(5075 5074 6189)
3(1187 2957 509)
3(4221 3543 5991)
3(893 2886 846)
3(3927 3880 5920)
3(1022 2918 940)
3(4056 3974 5952)
3(1255 1419 1418)
3(4289 4452 4453)
3(1269 1271 1270)
3(4303 4304 4305)
3(1281 1283 1282)
3(4315 4316 4317)
3(1455 1456 1454)
3(4489 4488 4490)
3(1527 3161 1939)
3(4561 4973 6195)
3(1589 1590 1531)
3(4623 4565 4624)
3(2895 3099 1576)
3(5929 4610 6133)
3(1660 2104 1661)
3(4694 4695 5138)
3(1973 2279 1686)
3(5007 4720 5313)
3(1713 1714 1712)
3(4747 4746 4748)
3(1731 2955 1966)
3(4765 5000 5989)
3(1737 1738 1736)
3(4771 4770 4772)
3(1739 1740 1738)
3(4773 4772 4774)
3(2310 2463 1769)
3(5344 4803 5497)
3(2866 2969 1810)
3(5900 4844 6003)
3(1948 2151 2133)
3(4982 5167 5185)
3(2271 2273 2272)
3(5305 5306 5307)
3(2379 2381 2380)
3(5413 5414 5415)
3(2381 3246 3214)
3(5415 6248 6280)
3(619 3017 1217)
3(3653 4251 6051)
3(1159 1985 884)
3(4193 3918 5019)
3(1268 1638 1266)
3(4302 4300 4672)
3(1273 1275 1274)
3(4307 4308 4309)
3(1275 1277 1276)
3(4309 4310 4311)
3(1277 1279 1278)
3(4311 4312 4313)
3(1279 1281 1280)
3(4313 4314 4315)
3(1536 2876 1279)
3(4570 4313 5910)
3(1318 2719 1432)
3(4352 4466 5753)
3(1419 1650 1649)
3(4453 4683 4684)
3(1502 1956 1659)
3(4536 4693 4990)
3(1950 1952 1538)
3(4984 4572 4986)
3(1654 2999 1921)
3(4688 4955 6033)
3(1867 2349 2348)
3(4901 5382 5383)
3(1953 2539 2118)
3(4987 5152 5573)
3(2117 2119 1954)
3(5151 4988 5153)
3(2394 3067 2397)
3(5428 5431 6101)
3(2558 3060 2559)
3(5592 5593 6094)
3(2677 3078 2868)
3(5711 5902 6112)
3(2990 3145 2816)
3(6024 5850 6179)
3(447 2660 14)
3(3481 218 5694)
3(759 2665 757)
3(3793 3791 5699)
3(1225 3002 798)
3(4259 3832 6036)
3(1610 2890 1035)
3(4644 4069 5924)
3(1261 1262 1260)
3(4295 4294 4296)
3(1674 2565 1429)
3(4708 4463 5599)
3(2302 3086 1871)
3(5336 4905 6120)
3(1875 3131 3116)
3(4909 6150 6165)
3(2325 3204 2715)
3(5359 5749 6238)
3(2346 2929 2345)
3(5380 5379 5963)
3(2345 3050 3002)
3(5379 6036 6084)
3(203 2807 487)
3(407 3521 5841)
3(738 2750 735)
3(3772 3769 5784)
3(893 3061 2886)
3(3927 5920 6095)
3(2421 2422 1355)
3(5455 4389 5456)
3(1356 2734 1967)
3(4390 5001 5768)
3(1550 2710 1357)
3(4584 4391 5744)
3(1364 3087 1577)
3(4398 4611 6121)
3(1425 2434 1672)
3(4459 4706 5468)
3(1999 3004 1532)
3(5033 4566 6038)
3(2716 3069 1583)
3(5750 4617 6103)
3(1696 1697 1694)
3(4730 4728 4731)
3(2463 2569 1769)
3(5497 4803 5603)
3(1854 3063 2530)
3(4888 5564 6097)
3(2017 3052 2016)
3(5051 5050 6086)
3(2024 3075 2280)
3(5058 5314 6109)
3(2579 3006 2913)
3(5613 5947 6040)
3(3094 3181 2635)
3(6128 5669 6215)
3(1161 3150 626)
3(4195 3660 6184)
3(1193 2908 847)
3(4227 3881 5942)
3(933 2915 934)
3(3967 3968 5949)
3(1137 2491 1138)
3(4171 4172 5525)
3(1429 2565 2491)
3(4463 5525 5599)
3(2719 2720 1755)
3(5753 4789 5754)
3(1964 1976 1765)
3(4998 4799 5010)
3(1912 1938 1911)
3(4946 4945 4972)
3(716 2925 2749)
3(3750 5783 5959)
3(1011 1341 1009)
3(4045 4043 4375)
3(1107 2829 1578)
3(4141 4612 5863)
3(1423 1666 1665)
3(4457 4699 4700)
3(1434 1435 1433)
3(4468 4467 4469)
3(2735 3045 1468)
3(5769 4502 6079)
3(1827 3104 2835)
3(4861 5869 6138)
3(1837 3038 1836)
3(4871 4870 6072)
3(1841 3062 2770)
3(4875 5804 6096)
3(2721 2722 2657)
3(5755 5691 5756)
3(2721 2963 2696)
3(5755 5730 5997)
3(2822 3031 2906)
3(5856 5940 6065)
3(737 2854 739)
3(3771 3773 5888)
3(803 2416 837)
3(3837 3871 5450)
3(819 820 818)
3(3853 3852 3854)
3(1992 3185 1816)
3(5026 4850 6219)
3(477 2827 71)
3(3511 275 5861)
3(550 2743 552)
3(3584 3586 5777)
3(1436 3094 622)
3(4470 3656 6128)
3(733 3043 2575)
3(3767 5609 6077)
3(824 2991 822)
3(3858 3856 6025)
3(2751 2774 952)
3(5785 3986 5808)
3(2755 2757 1111)
3(5789 4145 5791)
3(1172 2900 2862)
3(4206 5896 5934)
3(1325 2998 2984)
3(4359 6018 6032)
3(1368 3053 1569)
3(4402 4603 6087)
3(1646 2891 1458)
3(4680 4492 5925)
3(1624 2976 1626)
3(4658 4660 6010)
3(1628 1631 1630)
3(4662 4664 4665)
3(1840 2852 2851)
3(4874 5885 5886)
3(2993 3062 1841)
3(6027 4875 6096)
3(1941 1944 1943)
3(4975 4977 4978)
3(1944 1945 1943)
3(4978 4977 4979)
3(2078 2096 2066)
3(5112 5100 5130)
3(2386 3287 2389)
3(5420 5423 6321)
3(2792 2919 2794)
3(5826 5828 5953)
3(200 2645 201)
3(404 405 5679)
3(708 3220 3202)
3(3742 6236 6254)
3(1583 2714 966)
3(4617 4000 5748)
3(992 3114 1150)
3(4026 4184 6148)
3(3039 3062 1445)
3(6073 4479 6096)
3(1468 2962 1996)
3(4502 5030 5996)
3(1761 1764 1763)
3(4795 4797 4798)
3(2531 2699 1861)
3(5565 4895 5733)
3(2726 3070 583)
3(5760 3617 6104)
3(2917 3009 852)
3(5951 3886 6043)
3(2035 3058 943)
3(5069 3977 6092)
3(1152 2860 1028)
3(4186 4062 5894)
3(1084 3068 2927)
3(4118 5961 6102)
3(1124 3025 1333)
3(4158 4367 6059)
3(2747 2900 1172)
3(5781 4206 5934)
3(1279 1280 1278)
3(4313 4312 4314)
3(1937 1989 1750)
3(4971 4784 5023)
3(1805 3269 3264)
3(4839 6298 6303)
3(2206 2973 1813)
3(5240 4847 6007)
3(2004 2801 2005)
3(5038 5039 5835)
3(2347 2981 2346)
3(5381 5380 6015)
3(23 2705 484)
3(227 3518 5739)
3(201 2645 439)
3(405 3473 5679)
3(806 2945 805)
3(3840 3839 5979)
3(864 2967 812)
3(3898 3846 6001)
3(821 2482 823)
3(3855 3857 5516)
3(854 3050 2476)
3(3888 5510 6084)
3(966 2714 907)
3(4000 3941 5748)
3(983 3091 979)
3(4017 4013 6125)
3(987 2950 985)
3(4021 4019 5984)
3(992 1150 994)
3(4026 4028 4184)
3(2460 3166 1595)
3(5494 4629 6200)
3(1709 3008 1986)
3(4743 5020 6042)
3(1936 1937 1750)
3(4970 4784 4971)
3(3025 3103 1887)
3(6059 4921 6137)
3(2169 3211 2167)
3(5203 5201 6245)
3(2929 3050 2345)
3(5963 5379 6084)
3(1651 2594 501)
3(4685 3535 5628)
3(657 3001 2744)
3(3691 5778 6035)
3(690 691 689)
3(3724 3723 3725)
3(839 840 786)
3(3873 3820 3874)
3(894 956 895)
3(3928 3929 3990)
3(1068 2731 1361)
3(4102 4395 5765)
3(1086 1087 1085)
3(4120 4119 4121)
3(1092 2734 1094)
3(4126 4128 5768)
3(1203 2984 1205)
3(4237 4239 6018)
3(1642 3003 1414)
3(4676 4448 6037)
3(1576 3099 2929)
3(4610 5963 6133)
3(1607 2988 2036)
3(4641 5070 6022)
3(1934 2068 2067)
3(4968 5101 5102)
3(1993 2872 2846)
3(5027 5880 5906)
3(2411 2881 2420)
3(5445 5454 5915)
3(2483 3103 3025)
3(5517 6059 6137)
3(128 2456 424)
3(332 3458 5490)
3(889 2913 560)
3(3923 3594 5947)
3(2913 3006 562)
3(5947 3596 6040)
3(875 2679 914)
3(3909 3948 5713)
3(932 2908 2907)
3(3966 5941 5942)
3(2708 2709 951)
3(5742 3985 5743)
3(1057 2903 1059)
3(4091 4093 5937)
3(1091 2829 1089)
3(4125 4123 5863)
3(1090 1223 1092)
3(4124 4126 4257)
3(3020 3035 1116)
3(6054 4150 6069)
3(2856 3131 1182)
3(5890 4216 6165)
3(1194 3039 1184)
3(4228 4218 6073)
3(1635 3007 1248)
3(4669 4282 6041)
3(2517 2930 1363)
3(5551 4397 5964)
3(1577 3053 1365)
3(4611 4399 6087)
3(1967 1970 1550)
3(5001 4584 5004)
3(2698 3029 1593)
3(5732 4627 6063)
3(1765 3051 1763)
3(4799 4797 6085)
3(1797 2928 1994)
3(4831 5028 5962)
3(1820 3020 1818)
3(4854 4852 6054)
3(2579 2899 2001)
3(5613 5035 5933)
3(2042 3209 2996)
3(5076 6030 6243)
3(2516 2730 2518)
3(5550 5552 5764)
3(2664 3022 2662)
3(5698 5696 6056)
3(483 2704 20)
3(3517 224 5738)
3(2285 3187 497)
3(5319 3531 6221)
3(600 2711 867)
3(3634 3901 5745)
3(640 2685 1827)
3(3674 4861 5719)
3(661 2617 653)
3(3695 3687 5651)
3(735 2750 734)
3(3769 3768 5784)
3(743 3139 745)
3(3777 3779 6173)
3(747 3065 749)
3(3781 3783 6099)
3(749 3065 2676)
3(3783 5710 6099)
3(2885 2941 781)
3(5919 3815 5975)
3(843 2941 1038)
3(3877 4072 5975)
3(1114 2857 926)
3(4148 3960 5891)
3(2839 2840 953)
3(5873 3987 5874)
3(1102 2911 1101)
3(4136 4135 5945)
3(1106 2823 1173)
3(4140 4207 5857)
3(1310 2877 1140)
3(4344 4174 5911)
3(1169 3037 2742)
3(4203 5776 6071)
3(3036 3037 1169)
3(6070 4203 6071)
3(1254 3230 2377)
3(4288 5411 6264)
3(2864 3056 1594)
3(5898 4628 6090)
3(1658 2653 2652)
3(4692 5686 5687)
3(1771 2993 1824)
3(4805 4858 6027)
3(2717 2947 1792)
3(5751 4826 5981)
3(1868 3047 1822)
3(4902 4856 6081)
3(1823 2977 2782)
3(4857 5816 6011)
3(2823 2970 1835)
3(5857 4869 6004)
3(1874 3154 3151)
3(4908 6185 6188)
3(3204 3261 1895)
3(6238 4929 6295)
3(2499 3117 1907)
3(5533 4941 6151)
3(2081 2083 1925)
3(5115 4959 5117)
3(3071 3096 2032)
3(6105 5066 6130)
3(3014 3071 2034)
3(6048 5068 6105)
3(2753 3062 2993)
3(5787 6027 6096)
3(2770 3062 3039)
3(5804 6073 6096)
3(177 3134 178)
3(381 382 6168)
3(475 3028 2457)
3(3509 5491 6062)
3(713 2858 2535)
3(3747 5569 5892)
3(792 2910 791)
3(3826 3825 5944)
3(798 3002 796)
3(3832 3830 6036)
3(1126 2811 1044)
3(4160 4078 5845)
3(3027 3039 1194)
3(6061 4228 6073)
3(1539 2879 1406)
3(4573 4440 5913)
3(2352 3008 1709)
3(5386 4743 6042)
3(1812 2877 2780)
3(4846 5814 5911)
3(2988 3141 1828)
3(6022 4862 6175)
3(1888 3191 1886)
3(4922 4920 6225)
3(1890 3257 3254)
3(4924 6288 6291)
3(1921 2999 2261)
3(4955 5295 6033)
3(2016 3052 2932)
3(5050 5966 6086)
3(2946 2975 2064)
3(5980 5098 6009)
3(2826 3059 2418)
3(5860 5452 6093)
3(2748 3136 3133)
3(5782 6167 6170)
3(2770 3039 3027)
3(5804 6061 6073)
3(518 725 516)
3(3552 3550 3759)
3(724 3043 733)
3(3758 3767 6077)
3(901 2906 2630)
3(3935 5664 5940)
3(1011 2694 1341)
3(4045 4375 5728)
3(1080 2898 1018)
3(4114 4052 5932)
3(2630 3030 1181)
3(5664 4215 6064)
3(1227 3103 2483)
3(4261 5517 6137)
3(1358 3005 1552)
3(4392 4586 6039)
3(2731 2732 1361)
3(5765 4395 5766)
3(1428 2838 1427)
3(4462 4461 5872)
3(1813 2973 1545)
3(4847 4579 6007)
3(2055 2718 1785)
3(5089 4819 5752)
3(1852 3066 1850)
3(4886 4884 6100)
3(1905 2330 2329)
3(4939 5363 5364)
3(1996 2938 2703)
3(5030 5737 5972)
3(2041 3097 3078)
3(5075 6112 6131)
3(434 2705 22)
3(3468 226 5739)
3(647 2997 2866)
3(3681 5900 6031)
3(2748 3133 780)
3(5782 3814 6167)
3(932 2907 935)
3(3966 3969 5941)
3(1101 2911 1244)
3(4135 4278 5945)
3(2907 3118 1227)
3(5941 4261 6152)
3(1327 3102 2607)
3(4361 5641 6136)
3(1373 3014 2659)
3(4407 5693 6048)
3(1515 1517 1516)
3(4549 4550 4551)
3(1557 3026 1811)
3(4591 4845 6060)
3(1619 2983 1617)
3(4653 4651 6017)
3(1626 2771 1628)
3(4660 4662 5805)
3(2685 3163 1827)
3(5719 4861 6197)
3(2037 3279 3268)
3(5071 6302 6313)
3(2325 3261 3204)
3(5359 6238 6295)
3(3253 3263 2586)
3(6287 5620 6297)
3(1584 2963 2721)
3(4618 5755 5997)
3(2718 2937 1785)
3(5752 4819 5971)
3(1898 3265 2371)
3(4932 5405 6299)
3(2039 3171 3104)
3(5073 6138 6205)
3(2677 3155 3078)
3(5711 6112 6189)
3(865 3016 510)
3(3899 3544 6050)
3(3195 3272 597)
3(6229 3631 6306)
3(1259 3004 1420)
3(4293 4454 6038)
3(1405 2968 1494)
3(4439 4528 6002)
3(1432 2719 1755)
3(4466 4789 5753)
3(2224 3019 2974)
3(5258 6008 6053)
3(2339 3126 2341)
3(5373 5375 6160)
3(2402 3324 3317)
3(5436 6351 6358)
3(445 3107 167)
3(3479 371 6141)
3(533 3034 535)
3(3567 3569 6068)
3(543 3115 545)
3(3577 3579 6149)
3(624 3094 969)
3(3658 4003 6128)
3(1010 1011 1009)
3(4044 4043 4045)
3(1264 2934 1637)
3(4298 4671 5968)
3(2596 3125 1366)
3(5630 4400 6159)
3(2884 3112 1504)
3(5918 4538 6146)
3(1984 3000 1710)
3(5018 4744 6034)
3(1795 2928 1797)
3(4829 4831 5962)
3(2629 2967 864)
3(5663 3898 6001)
3(1046 1343 1342)
3(4080 4376 4377)
3(1099 2754 1096)
3(4133 4130 5788)
3(2534 2992 1144)
3(5568 4178 6026)
3(1401 2971 1250)
3(4435 4284 6005)
3(2943 2993 1841)
3(5977 4875 6027)
3(2631 3051 1976)
3(5665 5010 6085)
3(2072 2073 2055)
3(5106 5089 5107)
3(2888 3144 2538)
3(5922 5572 6178)
3(1794 2945 806)
3(4828 3840 5979)
3(1403 2715 1047)
3(4437 4081 5749)
3(1094 2734 1356)
3(4128 4390 5768)
3(1184 3039 1445)
3(4218 4479 6073)
3(1418 1662 1417)
3(4452 4451 4696)
3(2119 2120 1954)
3(5153 4988 5154)
3(681 2510 679)
3(3715 3713 5544)
3(1212 1255 1254)
3(4246 4288 4289)
3(1857 3035 1855)
3(4891 4889 6069)
3(3178 3241 1893)
3(6212 4927 6275)
3(2449 3128 2451)
3(5483 5485 6162)
3(2832 3024 2464)
3(5866 5498 6058)
3(2777 3006 2579)
3(5811 5613 6040)
3(1253 3003 1252)
3(4287 4286 6037)
3(1314 2989 1312)
3(4348 4346 6023)
3(1547 2989 1314)
3(4581 4348 6023)
3(2763 3014 1373)
3(5797 4407 6048)
3(2369 2370 1482)
3(5403 4516 5404)
3(1822 3047 1856)
3(4856 4890 6081)
3(1957 2904 1834)
3(4991 4868 5938)
3(2034 3071 2032)
3(5068 5066 6105)
3(164 2738 165)
3(368 369 5772)
3(1059 2903 2882)
3(4093 5916 5937)
3(1564 3077 1525)
3(4598 4559 6111)
3(1732 3089 1730)
3(4766 4764 6123)
3(2281 3052 2020)
3(5315 5054 6086)
3(2308 3243 2455)
3(5342 5489 6277)
3(1739 3021 1867)
3(4773 4901 6055)
3(1884 3127 1882)
3(4918 4916 6161)
3(2023 3162 2024)
3(5057 5058 6196)
3(2430 3115 2431)
3(5464 5465 6149)
3(2935 3069 2558)
3(5969 5592 6103)
3(168 3107 474)
3(372 3508 6141)
3(679 2510 753)
3(3713 3787 5544)
3(1365 3053 1368)
3(4399 4402 6087)
3(1543 2889 1541)
3(4577 4575 5923)
3(2205 2206 1813)
3(5239 4847 5240)
3(1878 3129 3123)
3(4912 6157 6163)
3(2949 3105 2302)
3(5983 5336 6139)
3(549 3110 2671)
3(3583 5705 6144)
3(969 3105 627)
3(4003 3661 6139)
3(791 2910 891)
3(3825 3925 5944)
3(1110 3033 1063)
3(4144 4097 6067)
3(2488 3041 1206)
3(5522 4240 6075)
3(2825 3113 1331)
3(5859 4365 6147)
3(1583 3069 2935)
3(4617 5969 6103)
3(1875 3116 1881)
3(4909 4915 6150)
3(1190 3122 741)
3(4224 3775 6156)
3(3059 3206 1161)
3(6093 4195 6240)
3(1831 2881 2411)
3(4865 5445 5915)
3(2336 2975 2335)
3(5370 5369 6009)
3(2962 3045 2518)
3(5996 5552 6079)
3(817 2598 819)
3(3851 3853 5632)
3(1538 2888 1283)
3(4572 4317 5922)
3(1514 3012 1515)
3(4548 4549 6046)
3(2479 2936 1688)
3(5513 4722 5970)
3(2314 3282 1696)
3(5348 4730 6316)
3(1870 3083 1869)
3(4904 4903 6117)
3(2466 3264 2465)
3(5500 5499 6298)
3(2712 3095 2847)
3(5746 5881 6129)
3(2822 3076 3031)
3(5856 6065 6110)
3(169 2536 170)
3(373 374 5570)
3(537 539 538)
3(3571 3572 3573)
3(583 3093 2825)
3(3617 5859 6127)
3(796 3002 854)
3(3830 3888 6036)
3(1441 2897 1141)
3(4475 4175 5931)
3(1462 2688 1441)
3(4496 4475 5722)
3(1528 3172 1679)
3(4562 4713 6206)
3(1667 2889 1543)
3(4701 4577 5923)
3(1593 3029 2735)
3(4627 5769 6063)
3(1889 3146 1854)
3(4923 4888 6180)
3(3096 3111 2030)
3(6130 5064 6145)
3(1199 3223 541)
3(4233 3575 6257)
3(739 2854 1190)
3(3773 4224 5888)
3(1173 2823 1835)
3(4207 4869 5857)
3(2087 2088 2080)
3(5121 5114 5122)
3(2373 3117 2370)
3(5407 5404 6151)
3(2444 2914 2442)
3(5478 5476 5948)
3(3195 3224 2474)
3(6229 5508 6258)
3(3152 3163 2685)
3(6186 5719 6197)
3(511 2957 1017)
3(3545 4051 5991)
3(699 3278 3225)
3(3733 6259 6312)
3(1158 2940 795)
3(4192 3829 5974)
3(891 2910 1754)
3(3925 4788 5944)
3(1279 2876 1281)
3(4313 4315 5910)
3(1351 3088 2583)
3(4385 5617 6122)
3(1602 3096 1601)
3(4636 4635 6130)
3(1814 2205 1813)
3(4848 4847 5239)
3(1839 3038 2217)
3(4873 5251 6072)
3(1844 3174 3148)
3(4878 6182 6208)
3(2009 3076 2611)
3(5043 5645 6110)
3(1295 2434 1425)
3(4329 4459 5468)
3(1427 2838 1673)
3(4461 4707 5872)
3(2697 3326 1685)
3(5731 4719 6360)
3(1758 3013 2460)
3(4792 5494 6047)
3(2812 3069 2716)
3(5846 5750 6103)
3(2849 3210 3042)
3(5883 6076 6244)
3(52 2815 449)
3(256 3483 5849)
3(623 3150 625)
3(3657 3659 6184)
3(1224 3013 1758)
3(4258 4792 6047)
3(1598 3060 2812)
3(4632 5846 6094)
3(1905 2331 2330)
3(4939 5364 5365)
3(2331 3249 3034)
3(5365 6068 6283)
3(18 2661 19)
3(222 223 5695)
3(1860 3023 922)
3(4894 3956 6057)
3(3058 3101 1178)
3(6092 4212 6135)
3(1649 3119 1418)
3(4683 4452 6153)
3(1601 3096 3071)
3(4635 6105 6130)
3(1939 2092 2091)
3(4973 5125 5126)
3(2814 2978 2283)
3(5848 5317 6012)
3(2610 3181 3120)
3(5644 6154 6215)
3(451 2647 2646)
3(3485 5680 5681)
3(1818 2922 1556)
3(4852 4590 5956)
3(1910 1911 1656)
3(4944 4690 4945)
3(504 2841 502)
3(3538 3536 5875)
3(861 2870 2599)
3(3895 5633 5904)
3(914 2679 970)
3(3948 4004 5713)
3(1009 2683 1007)
3(4043 4041 5717)
3(1255 2337 1419)
3(4289 4453 5371)
3(1916 2697 1486)
3(4950 4520 5731)
3(502 2841 1689)
3(3536 4723 5875)
3(662 2606 717)
3(3696 3751 5640)
3(3133 3152 780)
3(6167 3814 6186)
3(1089 2829 1107)
3(4123 4141 5863)
3(1207 2992 1840)
3(4241 4874 6026)
3(1216 3136 2748)
3(4250 5782 6170)
3(1221 2779 1336)
3(4255 4370 5813)
3(1628 2771 1631)
3(4662 4665 5805)
3(1855 3020 1820)
3(4889 4854 6054)
3(1836 1839 1838)
3(4870 4872 4873)
3(2559 3081 2873)
3(5593 5907 6115)
3(2873 3074 2729)
3(5907 5763 6108)
3(20 2704 21)
3(224 225 5738)
3(2642 2643 422)
3(5676 3456 5677)
3(629 3135 616)
3(3663 3650 6169)
3(795 2940 797)
3(3829 3831 5974)
3(822 3124 820)
3(3856 3854 6158)
3(863 3095 2712)
3(3897 5746 6129)
3(943 3058 942)
3(3977 3976 6092)
3(985 2950 1328)
3(4019 4362 5984)
3(1018 2898 1078)
3(4052 4112 5932)
3(1231 2754 1099)
3(4265 4133 5788)
3(1661 3088 1530)
3(4695 4564 6122)
3(819 2598 1163)
3(3853 4197 5632)
3(3131 3151 1182)
3(6165 4216 6185)
3(2030 3111 2031)
3(5064 5065 6145)
3(2382 3246 2381)
3(5416 5415 6280)
3(3254 3257 2533)
3(6288 5567 6291)
3(2994 3164 2542)
3(6028 5576 6198)
3(976 3242 2368)
3(4010 5402 6276)
3(1257 3004 1259)
3(4291 4293 6038)
3(1325 3072 2998)
3(4359 6032 6106)
3(1366 3087 1364)
3(4400 4398 6121)
3(1686 2989 1547)
3(4720 4581 6023)
3(2184 3308 3015)
3(5218 6049 6342)
3(2601 3068 1084)
3(5635 4118 6102)
3(1348 2960 1349)
3(4382 4383 5994)
3(2611 3100 1843)
3(5645 4877 6134)
3(1846 3180 1847)
3(4880 4881 6214)
3(3082 3164 2029)
3(6116 5063 6198)
3(2045 3297 3080)
3(5079 6114 6331)
3(3235 3270 2367)
3(6269 5401 6304)
3(2603 3173 2902)
3(5637 5936 6207)
3(2760 3070 2864)
3(5794 5898 6104)
3(3060 3069 2812)
3(6094 5846 6103)
3(499 3187 1651)
3(3533 4685 6221)
3(818 2990 816)
3(3852 3850 6024)
3(1063 3033 1329)
3(4097 4363 6067)
3(1414 3003 1253)
3(4448 4287 6037)
3(2833 3072 1325)
3(5867 4359 6106)
3(2784 3129 2615)
3(5818 5649 6163)
3(2873 3081 3074)
3(5907 6108 6115)
3(1168 3110 551)
3(4202 3585 6144)
3(593 3195 597)
3(3627 3631 6229)
3(604 3165 602)
3(3638 3636 6199)
3(2317 3201 767)
3(5351 3801 6235)
3(3002 3050 854)
3(6036 3888 6084)
3(2745 3192 1168)
3(5779 4202 6226)
3(2433 3036 1169)
3(5467 4203 6070)
3(1182 3151 2711)
3(4216 5745 6185)
3(2835 3104 1183)
3(5869 4217 6138)
3(1444 3162 2826)
3(4478 5860 6196)
3(3005 3130 1552)
3(6039 4586 6164)
3(2974 3019 1742)
3(6008 4776 6053)
3(1805 3244 1801)
3(4839 4835 6278)
3(3100 3102 1843)
3(6134 4877 6136)
3(1877 3136 1878)
3(4911 4912 6170)
3(2481 3207 1899)
3(5515 4933 6241)
3(2006 3153 2636)
3(5040 5670 6187)
3(615 3137 608)
3(3649 3642 6171)
3(935 2907 1227)
3(3969 4261 5941)
3(1325 2984 1203)
3(4359 4237 6018)
3(1602 3111 3096)
3(4636 6130 6145)
3(1876 2983 1619)
3(4910 4653 6017)
3(1876 3250 3177)
3(4910 6211 6284)
3(3177 3255 1876)
3(6211 4910 6289)
3(2998 3072 2448)
3(6032 5482 6106)
3(521 3296 523)
3(3555 3557 6330)
3(2926 2927 1989)
3(5960 5023 5961)
3(2654 3213 451)
3(5688 3485 6247)
3(2628 2892 698)
3(5662 3732 5926)
3(2803 3214 718)
3(5837 3752 6248)
3(913 3095 863)
3(3947 3897 6129)
3(3276 3283 899)
3(6310 3933 6317)
3(1328 3091 983)
3(4362 4017 6125)
3(1341 2683 1009)
3(4375 4043 5717)
3(1027 3057 2427)
3(4061 5461 6091)
3(1307 3101 1603)
3(4341 4637 6135)
3(2607 3100 1326)
3(5641 4360 6134)
3(2648 3120 1436)
3(5682 4470 6154)
3(1844 3148 1476)
3(4878 4510 6182)
3(1666 3132 2084)
3(4700 5118 6166)
3(1979 2979 1718)
3(5013 4752 6013)
3(2979 2980 1720)
3(6013 4754 6014)
3(2108 3089 1732)
3(5142 4766 6123)
3(1735 1737 1736)
3(4769 4770 4771)
3(1976 3051 1765)
3(5010 4799 6085)
3(1785 2937 1783)
3(4819 4817 5971)
3(1871 3086 2634)
3(4905 5668 6120)
3(1887 3103 1891)
3(4921 4925 6137)
3(1934 3210 2068)
3(4968 5102 6244)
3(1987 3040 2694)
3(5021 5728 6074)
3(2298 2956 2955)
3(5332 5989 5990)
3(3174 3201 2317)
3(6208 5351 6235)
3(2342 3126 2339)
3(5376 5373 6160)
3(2406 3046 2349)
3(5440 5383 6080)
3(2380 3149 2950)
3(5414 5984 6183)
3(2448 3128 2449)
3(5482 5483 6162)
3(2925 3260 3222)
3(5959 6256 6294)
3(505 3226 507)
3(3539 3541 6260)
3(621 3017 619)
3(3655 3653 6051)
3(622 3094 624)
3(3656 3658 6128)
3(840 2706 786)
3(3874 3820 5740)
3(941 2832 975)
3(3975 4009 5866)
3(1047 2715 981)
3(4081 4015 5749)
3(982 3048 1075)
3(4016 4109 6082)
3(1055 2959 1108)
3(4089 4142 5993)
3(1882 3125 1857)
3(4916 4891 6159)
3(1894 3218 1895)
3(4928 4929 6252)
3(2538 3144 1946)
3(5572 4980 6178)
3(2032 3096 2030)
3(5066 5064 6130)
3(2242 2514 2241)
3(5276 5275 5548)
3(1568 2905 878)
3(4602 3912 5939)
3(885 2874 917)
3(3919 3951 5908)
3(918 3023 916)
3(3952 3950 6057)
3(1017 3306 3277)
3(4051 6311 6340)
3(2418 3059 1161)
3(5452 4195 6093)
3(1355 3109 2795)
3(4389 5829 6143)
3(2027 3189 3166)
3(5061 6200 6223)
3(2886 3061 2191)
3(5920 5225 6095)
3(3047 3192 2745)
3(6081 5779 6226)
3(2781 3123 3111)
3(5815 6145 6157)
3(3007 3316 3285)
3(6041 6319 6350)
3(1329 3033 1828)
3(4363 4862 6067)
3(1416 2894 1768)
3(4450 4802 5928)
3(2749 3222 1447)
3(5783 4481 6256)
3(2167 3211 1859)
3(5201 4893 6245)
3(3030 3031 2009)
3(6064 5043 6065)
3(2041 3118 3097)
3(5075 6131 6152)
3(2847 3237 2347)
3(5881 5381 6271)
3(1108 3143 2903)
3(4142 5937 6177)
3(3078 3097 1193)
3(6112 4227 6131)
3(1532 3004 1257)
3(4566 4291 6038)
3(1331 3116 2582)
3(4365 5616 6150)
3(1074 3124 2562)
3(4108 5596 6158)
3(1144 2992 1146)
3(4178 4180 6026)
3(1939 3161 2092)
3(4973 5126 6195)
3(2003 2931 2875)
3(5037 5909 5965)
3(2944 3036 2433)
3(5978 5467 6070)
3(3103 3118 1891)
3(6137 4925 6152)
3(1206 3041 814)
3(4240 3848 6075)
3(2991 3124 822)
3(6025 3856 6158)
3(2879 2971 1401)
3(5913 4435 6005)
3(2690 3219 1404)
3(5724 4438 6253)
3(1594 3056 2658)
3(4628 5692 6090)
3(2795 3109 2194)
3(5829 5228 6143)
3(2600 3092 2596)
3(5634 5630 6126)
3(1146 2992 1207)
3(4180 4241 6026)
3(1833 2995 1858)
3(4867 4892 6029)
3(1859 3211 2916)
3(4893 5950 6245)
3(859 2534 894)
3(3893 3928 5568)
3(2868 3078 1193)
3(5902 4227 6112)
3(1391 3054 2981)
3(4425 6015 6088)
3(1897 3154 1874)
3(4931 4908 6188)
3(959 3095 913)
3(3993 3947 6129)
3(1495 3338 3337)
3(4529 6371 6372)
3(1742 3019 2310)
3(4776 5344 6053)
3(1763 3051 2248)
3(4797 5282 6085)
3(469 3134 177)
3(3503 381 6168)
3(867 3168 2626)
3(3901 5660 6202)
3(886 3272 3247)
3(3920 6281 6306)
3(942 3058 1031)
3(3976 4065 6092)
3(1303 2916 1301)
3(4337 4335 5950)
3(1576 3054 1302)
3(4610 4336 6088)
3(2816 3145 1444)
3(5850 4478 6179)
3(1604 3164 1962)
3(4638 4996 6198)
3(3014 3074 2659)
3(6048 5693 6108)
3(814 3041 815)
3(3848 3849 6075)
3(1289 2894 1416)
3(4323 4450 5928)
3(1634 3073 1323)
3(4668 4357 6107)
3(1601 3071 2763)
3(4635 5797 6105)
3(2781 3111 1602)
3(5815 4636 6145)
3(1878 3123 2781)
3(4912 5815 6157)
3(2373 3283 3276)
3(5407 6310 6317)
3(3074 3081 2659)
3(6108 5693 6115)
3(51 2815 52)
3(255 256 5849)
3(2688 2897 1441)
3(5722 4475 5931)
3(1923 3084 1645)
3(4957 4679 6118)
3(2638 3088 1661)
3(5672 4695 6122)
3(1828 3141 1472)
3(4862 4506 6175)
3(1895 3142 1870)
3(4929 4904 6176)
3(1895 3218 3204)
3(4929 6238 6252)
3(3111 3123 2031)
3(6145 5065 6157)
3(529 3208 761)
3(3563 3795 6242)
3(741 3122 743)
3(3775 3777 6156)
3(1868 3192 3047)
3(4902 6081 6226)
3(3159 3178 1893)
3(6193 4927 6212)
3(3031 3076 2009)
3(6065 5043 6110)
3(2381 3214 3186)
3(5415 6220 6248)
3(599 3224 595)
3(3633 3629 6258)
3(1111 2909 1067)
3(4145 4101 5943)
3(1506 2853 1503)
3(4540 4537 5887)
3(1754 3106 2528)
3(4788 5562 6140)
3(1862 3130 2757)
3(4896 5791 6164)
3(2630 3031 3030)
3(5664 6064 6065)
3(1524 3077 2060)
3(4558 5094 6111)
3(2080 3119 1649)
3(5114 4683 6153)
3(2441 3258 3248)
3(5475 6282 6292)
3(1053 2959 1055)
3(4087 4089 5993)
3(2100 2101 1663)
3(5134 4697 5135)
3(1718 2979 1720)
3(4752 4754 6013)
3(2591 3138 2588)
3(5625 5622 6172)
3(1243 3048 2718)
3(4277 5752 6082)
3(2422 3109 1355)
3(5456 4389 6143)
3(2936 3108 1688)
3(5970 4722 6142)
3(2036 3176 2035)
3(5070 5069 6210)
3(941 3024 2832)
3(3975 5866 6058)
3(1952 3144 1538)
3(4986 4572 6178)
3(2757 3130 3005)
3(5791 6039 6164)
3(1133 2966 1833)
3(4167 4867 6000)
3(1423 2960 1666)
3(4457 4700 5994)
3(1735 3121 1741)
3(4769 4775 6155)
3(2031 3123 2784)
3(5065 5818 6157)
3(745 3139 751)
3(3779 3785 6173)
3(2637 3171 1879)
3(5671 4913 6205)
3(2674 3099 2895)
3(5708 5929 6133)
3(3034 3249 714)
3(6068 3748 6283)
3(922 3023 918)
3(3956 3952 6057)
3(1393 3169 3033)
3(4427 6067 6203)
3(979 3090 895)
3(4013 3929 6124)
3(1606 3161 1529)
3(4640 4563 6195)
3(2902 3173 1884)
3(5936 4918 6207)
3(2515 3263 3253)
3(5549 6287 6297)
3(22 2705 23)
3(226 227 5739)
3(1143 2841 504)
3(4177 3538 5875)
3(849 2905 875)
3(3883 3909 5939)
3(870 3252 2727)
3(3904 5761 6286)
3(1193 3097 2908)
3(4227 5942 6131)
3(2780 2877 1310)
3(5814 4344 5911)
3(1881 3113 2880)
3(4915 5914 6147)
3(509 2957 511)
3(3543 3545 5991)
3(3070 3093 583)
3(6104 3617 6127)
3(2615 3129 1216)
3(5649 4250 6163)
3(1476 3148 1808)
3(4510 4842 6182)
3(2359 3167 3012)
3(5393 6046 6201)
3(693 3307 3298)
3(3727 6332 6341)
3(1134 2966 1133)
3(4168 4167 6000)
3(1301 2916 1424)
3(4335 4458 5950)
3(1645 3084 2065)
3(4679 5099 6118)
3(1845 3215 2470)
3(4879 5504 6249)
3(1875 3151 3131)
3(4909 6165 6185)
3(1884 3173 3127)
3(4918 6161 6207)
3(2671 3110 2490)
3(5705 5524 6144)
3(2571 3165 3153)
3(5605 6187 6199)
3(3116 3131 2582)
3(6150 5616 6165)
3(884 2874 885)
3(3918 3919 5908)
3(1480 2915 936)
3(4514 3970 5949)
3(2366 3221 1632)
3(5400 4666 6255)
3(2495 3240 2540)
3(5529 5574 6274)
3(2540 3251 628)
3(5574 3662 6285)
3(915 2917 882)
3(3949 3916 5951)
3(1243 3233 2953)
3(4277 5987 6267)
3(2649 3190 1438)
3(5683 4472 6224)
3(1498 3292 2653)
3(4532 5687 6326)
3(1730 3089 1948)
3(4764 4982 6123)
3(1733 3121 1735)
3(4767 4769 6155)
3(1891 3118 2041)
3(4925 5075 6152)
3(2906 3031 2630)
3(5940 5664 6065)
3(2903 3085 2882)
3(5937 5916 6119)
3(1477 3189 1479)
3(4511 4513 6223)
3(1529 3161 1527)
3(4563 4561 6195)
3(1847 3180 2863)
3(4881 5897 6214)
3(3143 3146 1872)
3(6177 4906 6180)
3(3091 3126 2342)
3(6125 5376 6160)
3(2908 3097 2907)
3(5942 5941 6131)
3(2910 3106 1754)
3(5944 4788 6140)
3(1349 2960 1423)
3(4383 4457 5994)
3(1080 2927 2926)
3(4114 5960 5961)
3(1874 3151 1875)
3(4908 4909 6185)
3(1892 3133 1877)
3(4926 4911 6167)
3(1050 2961 1215)
3(4084 4249 5995)
3(1603 3176 2029)
3(4637 5063 6210)
3(968 3158 830)
3(4002 3864 6192)
3(3153 3165 845)
3(6187 3879 6199)
3(167 3107 168)
3(371 372 6141)
3(1302 3054 1391)
3(4336 4425 6088)
3(1518 3012 1906)
3(4552 4940 6046)
3(1546 2973 1757)
3(4580 4791 6007)
3(1831 3241 2881)
3(4865 5915 6275)
3(1252 3032 1239)
3(4286 4273 6066)
3(2635 3181 2609)
3(5669 5643 6215)
3(2852 3188 2851)
3(5886 5885 6222)
3(425 3156 180)
3(3459 384 6190)
3(183 3217 184)
3(387 388 6251)
3(3141 3193 1475)
3(6175 4509 6227)
3(1086 3243 2308)
3(4120 5342 6277)
3(2099 3119 2080)
3(5133 5114 6153)
3(3149 3186 2341)
3(6183 5375 6220)
3(1876 3255 2983)
3(4910 6017 6289)
3(2571 3153 2006)
3(5605 5040 6187)
3(3017 3138 2591)
3(6051 5625 6172)
3(3052 3157 2932)
3(6086 5966 6191)
3(2881 3178 1030)
3(5915 4064 6212)
3(1049 2961 1050)
3(4083 4084 5995)
3(1988 3040 1987)
3(5022 5021 6074)
3(2423 3182 2422)
3(5457 5456 6216)
3(3137 3171 2637)
3(6171 5671 6205)
3(3085 3143 1872)
3(6119 4906 6177)
3(3215 3247 2470)
3(6249 5504 6281)
3(1873 3132 2960)
3(4907 5994 6166)
3(2757 3005 2909)
3(5791 5943 6039)
3(2838 3300 1673)
3(5872 4707 6334)
3(1676 3199 2328)
3(4710 5362 6233)
3(2439 3160 1346)
3(5473 4380 6194)
3(1415 3172 1490)
3(4449 4524 6206)
3(1858 3064 2069)
3(4892 5103 6098)
3(2582 3131 2856)
3(5616 5890 6165)
3(2607 3102 3100)
3(5641 6134 6136)
3(2305 3266 1896)
3(5339 4930 6300)
3(2361 3167 2359)
3(5395 5393 6201)
3(2903 3143 3085)
3(5937 6119 6177)
3(2957 3228 2958)
3(5991 5992 6262)
3(816 2990 2816)
3(3850 5850 6024)
3(1083 3243 1086)
3(4117 4120 6277)
3(1816 3185 2204)
3(4850 5238 6219)
3(997 3179 995)
3(4031 4029 6213)
3(1075 3048 1243)
3(4109 4277 6082)
3(2290 3253 3193)
3(5324 6227 6287)
3(2473 3240 2472)
3(5507 5506 6274)
3(2711 3154 867)
3(5745 3901 6188)
3(1171 3238 2624)
3(4205 5658 6272)
3(1545 2973 1546)
3(4579 4580 6007)
3(1857 3125 3092)
3(4891 6126 6159)
3(2707 3152 1892)
3(5741 4926 6186)
3(3013 3166 2460)
3(6047 5494 6200)
3(2708 3212 2709)
3(5742 5743 6246)
3(616 3135 630)
3(3650 3664 6169)
3(768 3177 2533)
3(3802 5567 6211)
3(3113 3116 1331)
3(6147 4365 6150)
3(1630 3221 1900)
3(4664 4934 6255)
3(2222 3180 1846)
3(5256 4880 6214)
3(607 3209 614)
3(3641 3648 6243)
3(1183 3137 615)
3(4217 3649 6171)
3(3256 3260 871)
3(6290 3905 6294)
3(3063 3143 1108)
3(6097 4142 6177)
3(2757 2909 1111)
3(5791 4145 5943)
3(1183 3171 3137)
3(4217 6171 6205)
3(1890 3254 1625)
3(4924 4659 6288)
3(2995 3064 1858)
3(6029 4892 6098)
3(1878 3136 3129)
3(4912 6163 6170)
3(1892 3152 3133)
3(4926 6167 6186)
3(3012 3167 1906)
3(6046 4940 6201)
3(3202 3220 2043)
3(6236 5077 6254)
3(2315 3178 3159)
3(5349 6193 6212)
3(2470 3247 2471)
3(5504 5505 6281)
3(3196 3219 2640)
3(6230 5674 6253)
3(2707 3163 3152)
3(5741 6186 6197)
3(2851 3188 2884)
3(5885 5918 6222)
3(3184 3210 1412)
3(6218 4446 6244)
3(1438 3155 2677)
3(4472 5711 6189)
3(1918 3077 1564)
3(4952 4598 6111)
3(1966 3121 1733)
3(5000 4767 6155)
3(2045 3302 1849)
3(5079 4883 6336)
3(2208 3280 3277)
3(5242 6311 6314)
3(2324 3170 2325)
3(5358 5359 6204)
3(2341 3186 2803)
3(5375 5837 6220)
3(3126 3149 2341)
3(6160 5375 6183)
3(2381 3186 2380)
3(5415 5414 6220)
3(2389 3271 2385)
3(5423 5419 6305)
3(2451 3174 2537)
3(5485 5571 6208)
3(3128 3148 2451)
3(6162 5485 6182)
3(2760 3093 3070)
3(5794 6104 6127)
3(625 3138 3017)
3(3659 6051 6172)
3(936 2915 933)
3(3970 3967 5949)
3(2576 3114 990)
3(5610 4024 6148)
3(1339 3179 997)
3(4373 4031 6213)
3(1440 3281 2686)
3(4474 5720 6315)
3(1968 3295 1493)
3(5002 4527 6329)
3(1648 3227 1929)
3(4682 4963 6261)
3(2202 3316 2201)
3(5236 5235 6350)
3(2405 3067 2394)
3(5439 5428 6101)
3(626 3150 623)
3(3660 3657 6184)
3(882 2917 852)
3(3916 3886 5951)
3(1691 3147 2529)
3(4725 5563 6181)
3(1860 3166 3013)
3(4894 6047 6200)
3(2022 3206 2023)
3(5056 5057 6240)
3(3092 3125 2596)
3(6126 5630 6159)
3(1885 3197 1908)
3(4919 4942 6231)
3(880 3197 2869)
3(3914 5903 6231)
3(894 2534 1144)
3(3928 4178 5568)
3(3133 3136 1877)
3(6167 4911 6170)
3(995 3179 2790)
3(4029 5824 6213)
3(2563 3158 3157)
3(5597 6191 6192)
3(2869 3200 3188)
3(5903 6222 6234)
3(2786 3220 708)
3(5820 3742 6254)
3(1404 3196 2786)
3(4438 5820 6230)
3(895 3090 860)
3(3929 3894 6124)
3(1178 3101 1307)
3(4212 4341 6135)
3(3063 3146 3143)
3(6097 6177 6180)
3(3129 3136 1216)
3(6163 4250 6170)
3(1328 3126 3091)
3(4362 6125 6160)
3(708 3202 2628)
3(3742 5662 6236)
3(537 3258 539)
3(3571 3573 6292)
3(1366 3127 3087)
3(4400 6121 6161)
3(3148 3174 2451)
3(6182 5485 6208)
3(1503 2853 1502)
3(4537 4536 5887)
3(2026 3193 2025)
3(5060 5059 6227)
3(2040 3190 2299)
3(5074 5333 6224)
3(2869 3188 874)
3(5903 3908 6222)
3(1239 3032 1412)
3(4273 4446 6066)
3(1280 3098 1278)
3(4314 4312 6132)
3(1285 3160 1282)
3(4319 4316 6194)
3(1861 3159 1614)
3(4895 4648 6193)
3(180 3156 181)
3(384 385 6190)
3(1022 2982 2918)
3(4056 5952 6016)
3(1502 2853 1956)
3(4536 4990 5887)
3(1881 3116 3113)
3(4915 6147 6150)
3(2624 3238 2199)
3(5658 5233 6272)
3(628 3251 609)
3(3662 3643 6285)
3(2927 3068 1989)
3(5961 5023 6102)
3(951 3235 853)
3(3985 3887 6269)
3(1885 3200 3197)
3(4919 6231 6234)
3(2027 3166 1860)
3(5061 4894 6200)
3(878 2905 849)
3(3912 3883 5939)
3(2426 3182 2423)
3(5460 5457 6216)
3(845 3165 604)
3(3879 3638 6199)
3(1244 2933 1496)
3(4278 4530 5967)
3(2374 3140 2375)
3(5408 5409 6174)
3(912 3242 976)
3(3946 4010 6276)
3(2950 3149 1328)
3(5984 4362 6183)
3(2594 3183 1408)
3(5628 4442 6217)
3(1854 3146 3063)
3(4888 6097 6180)
3(2039 3163 2707)
3(5073 5741 6197)
3(1886 3191 2042)
3(4920 5076 6225)
3(519 3283 521)
3(3553 3555 6317)
3(3248 3258 714)
3(6282 3748 6292)
3(1346 3160 1285)
3(4380 4319 6194)
3(3193 3253 1475)
3(6227 4509 6287)
3(2490 3192 1868)
3(5524 4902 6226)
3(1954 3234 1945)
3(4988 4979 6268)
3(3191 3209 2042)
3(6225 5076 6243)
3(2605 3173 2603)
3(5639 5637 6207)
3(3268 3301 2898)
3(6302 5932 6335)
3(595 3195 593)
3(3629 3627 6229)
3(605 3251 1222)
3(3639 4256 6285)
3(2023 3206 3059)
3(5057 6093 6240)
3(1610 3170 2890)
3(4644 5924 6204)
3(2287 3187 2285)
3(5321 5319 6221)
3(3170 3194 2890)
3(6204 5924 6228)
3(871 3260 2925)
3(3905 5959 6294)
3(1319 3218 2667)
3(4353 5701 6252)
3(2715 3204 1319)
3(5749 4353 6238)
3(2890 3194 1480)
3(5924 4514 6228)
3(1490 3172 1528)
3(4524 4562 6206)
3(2953 3293 1498)
3(5987 4532 6327)
3(1974 3290 1605)
3(5008 4639 6324)
3(3007 3285 1633)
3(6041 4667 6319)
3(1808 3148 3128)
3(4842 6162 6182)
3(2474 3272 3195)
3(5508 6229 6306)
3(1017 3277 513)
3(4051 3547 6311)
3(2351 3256 871)
3(5385 3905 6290)
3(1078 3267 954)
3(4112 3988 6301)
3(1903 3249 1905)
3(4937 4939 6283)
3(2324 3194 3170)
3(5358 6204 6228)
3(3154 3168 867)
3(6188 3901 6202)
3(2025 3193 3141)
3(5059 6175 6227)
3(761 3294 3275)
3(3795 6309 6328)
3(2306 3305 2304)
3(5340 5338 6339)
3(2393 3310 2396)
3(5427 5430 6344)
3(2441 3289 1199)
3(5475 4233 6323)
3(1595 3189 1477)
3(4629 4511 6223)
3(919 3302 3080)
3(3953 6114 6336)
3(1412 3210 2849)
3(4446 5883 6244)
3(2610 3168 1897)
3(5644 4931 6202)
3(1880 3147 1693)
3(4914 4727 6181)
3(2037 3268 2926)
3(5071 5960 6302)
3(527 3208 529)
3(3561 3563 6242)
3(601 3272 886)
3(3635 3920 6306)
3(3114 3216 1150)
3(6148 4184 6250)
3(2044 3196 2640)
3(5078 5674 6230)
3(834 3245 525)
3(3868 3559 6279)
3(1828 3169 2988)
3(4862 6022 6203)
3(3033 3169 1828)
3(6067 4862 6203)
3(3032 3184 1412)
3(6066 4446 6218)
3(3120 3181 1436)
3(6154 4470 6215)
3(2563 3157 2281)
3(5597 5315 6191)
3(1328 3149 3126)
3(4362 6160 6183)
3(2311 3227 1565)
3(5345 4599 6261)
3(3197 3236 1908)
3(6231 4942 6270)
3(2178 3262 2994)
3(5212 6028 6296)
3(1623 3250 1621)
3(4657 4655 6284)
3(1872 3175 1676)
3(4906 4710 6209)
3(2380 3186 3149)
3(5414 6183 6220)
3(1408 3226 505)
3(4442 3539 6260)
3(1902 3248 1903)
3(4936 4937 6282)
3(2290 3193 2026)
3(5324 5060 6227)
3(2178 2994 2177)
3(5212 5211 6028)
3(543 3223 3115)
3(3577 6149 6257)
3(2916 3211 1424)
3(5950 4458 6245)
3(3221 3270 2709)
3(6255 5743 6304)
3(2911 2933 1244)
3(5945 4278 5967)
3(3222 3260 1901)
3(6256 4935 6294)
3(886 3215 2996)
3(3920 6030 6249)
3(1897 3168 3154)
3(4931 6188 6202)
3(3202 3255 2628)
3(6236 5662 6289)
3(3196 3220 2786)
3(6230 5820 6254)
3(959 3237 3095)
3(3993 6129 6271)
3(3095 3237 2847)
3(6129 5881 6271)
3(1229 3278 701)
3(4263 3735 6312)
3(2728 3273 1440)
3(5762 4474 6307)
3(1447 3212 2708)
3(4481 5742 6246)
3(1693 3147 1691)
3(4727 4725 6181)
3(3225 3278 2389)
3(6259 5423 6312)
3(2533 3257 2532)
3(5567 5566 6291)
3(2718 3233 1243)
3(5752 4277 6267)
3(1480 3286 2915)
3(4514 5949 6320)
3(2633 3198 1894)
3(5667 4928 6232)
3(2326 3194 2324)
3(5360 5358 6228)
3(2577 3216 3114)
3(5611 6148 6250)
3(3273 3281 1440)
3(6307 4474 6315)
3(718 3214 2787)
3(3752 5821 6248)
3(2024 3162 3145)
3(5058 6179 6196)
3(2281 3157 3052)
3(5315 6086 6191)
3(3112 3200 1885)
3(6146 4919 6234)
3(2590 3206 2022)
3(5624 5056 6240)
3(2177 2994 2542)
3(5211 5576 6028)
3(874 3188 2852)
3(3908 5886 6222)
3(761 3275 531)
3(3795 3565 6309)
3(3211 3288 1424)
3(6245 4458 6322)
3(2542 3164 3082)
3(5576 6116 6198)
3(2783 3244 2466)
3(5817 5500 6278)
3(880 3236 3197)
3(3914 6231 6270)
3(1632 3221 1630)
3(4666 4664 6255)
3(2983 3202 2043)
3(6017 5077 6236)
3(3194 3286 1480)
3(6228 4514 6320)
3(629 3209 3191)
3(3663 6225 6243)
3(3197 3200 2869)
3(6231 5903 6234)
3(515 3280 517)
3(3549 3551 6314)
3(3284 3297 2045)
3(6318 5079 6331)
3(2254 3239 2101)
3(5288 5135 6273)
3(3204 3218 1319)
3(6238 4353 6252)
3(3145 3162 1444)
3(6179 4478 6196)
3(2960 3132 1666)
3(5994 4700 6166)
3(2044 3220 3196)
3(5078 6230 6254)
3(990 3114 992)
3(4024 4026 6148)
3(1278 3098 1484)
3(4312 4518 6132)
3(456 3217 183)
3(3490 387 6251)
3(614 3209 629)
3(3648 3663 6243)
3(3104 3171 1183)
3(6138 4217 6205)
3(1844 3201 3174)
3(4878 6208 6235)
3(2063 3132 1873)
3(5097 4907 6166)
3(699 3225 697)
3(3733 3731 6259)
3(1082 3269 3243)
3(4116 6277 6303)
3(187 3291 188)
3(391 392 6325)
3(541 3223 543)
3(3575 3577 6257)
3(1893 3259 1615)
3(4927 4649 6293)
3(1899 3201 1844)
3(4933 4878 6235)
3(533 3275 3034)
3(3567 6068 6309)
3(767 3207 2690)
3(3801 5724 6241)
3(2709 3270 951)
3(5743 3985 6304)
3(3155 3190 2040)
3(6189 5074 6224)
3(751 3263 2515)
3(3785 5549 6297)
3(848 3297 838)
3(3882 3872 6331)
3(853 3235 877)
3(3887 3911 6269)
3(2073 3233 2055)
3(5107 5089 6267)
3(3142 3261 1610)
3(6176 4644 6295)
3(1895 3261 3142)
3(4929 6176 6295)
3(2915 3286 2202)
3(5949 5236 6320)
3(3115 3223 2431)
3(6149 5465 6257)
3(1684 3325 3322)
3(4718 6356 6359)
3(2046 3241 1831)
3(5080 4865 6275)
3(3188 3200 2884)
3(6222 5918 6234)
3(3235 3242 877)
3(6269 3911 6276)
3(2068 3210 3184)
3(5102 6218 6244)
3(697 3225 719)
3(3731 3753 6259)
3(2208 3306 2311)
3(5242 5345 6340)
3(1475 3253 2586)
3(4509 5620 6287)
3(2391 3303 2388)
3(5425 5422 6337)
3(2055 3233 2718)
3(5089 5752 6267)
3(2101 3230 1663)
3(5135 4697 6264)
3(1671 3232 1851)
3(4705 4885 6266)
3(3034 3275 2331)
3(6068 5365 6309)
3(3117 3276 1907)
3(6151 4941 6310)
3(2195 3311 1932)
3(5229 4966 6345)
3(886 3247 3215)
3(3920 6249 6281)
3(2305 3304 3267)
3(5339 6301 6338)
3(1610 3261 3170)
3(4644 6204 6295)
3(1798 3244 2783)
3(4832 5817 6278)
3(3080 3302 2045)
3(6114 5079 6336)
3(2043 3220 2044)
3(5077 5078 6254)
3(2440 3289 2441)
3(5474 5475 6323)
3(2586 3263 2585)
3(5620 5619 6297)
3(1082 3243 1083)
3(4116 4117 6277)
3(2640 3219 2481)
3(5674 5515 6253)
3(1565 3227 1648)
3(4599 4682 6261)
3(1801 3244 1798)
3(4835 4832 6278)
3(2472 3240 2495)
3(5506 5529 6274)
3(719 3307 695)
3(3753 3729 6341)
3(3287 3303 719)
3(6321 3753 6337)
3(3310 3314 762)
3(6344 3796 6348)
3(1438 3190 3155)
3(4472 6189 6224)
3(3277 3306 2208)
3(6311 5242 6340)
3(2373 3296 3283)
3(5407 6317 6330)
3(2389 3287 3225)
3(5423 6259 6321)
3(3214 3246 2787)
3(6248 5821 6280)
3(2686 3236 880)
3(5720 3914 6270)
3(3176 3205 2029)
3(6210 5063 6239)
3(2515 3253 2290)
3(5549 5324 6287)
3(2326 3286 3194)
3(5360 6228 6320)
3(693 3298 691)
3(3727 3725 6332)
3(2377 3239 1293)
3(5411 4327 6273)
3(1896 3266 1910)
3(4930 4944 6300)
3(1417 3230 1254)
3(4451 4288 6264)
3(1187 3228 2957)
3(4221 5991 6262)
3(2667 3218 3198)
3(5701 6232 6252)
3(527 3245 3208)
3(3561 6242 6279)
3(2776 3238 1171)
3(5810 4205 6272)
3(2385 3271 2382)
3(5419 5416 6305)
3(2727 3273 2728)
3(5761 5762 6307)
3(2926 3268 2898)
3(5960 5932 6302)
3(2462 3269 1082)
3(5496 4116 6303)
3(1651 3229 2595)
3(4685 5629 6263)
3(609 3251 605)
3(3643 3639 6285)
3(3266 3267 1078)
3(6300 4112 6301)
3(2441 3248 1902)
3(5475 4936 6282)
3(2925 3222 2749)
3(5959 5783 6256)
3(3139 3263 751)
3(6173 3785 6297)
3(714 3249 3248)
3(3748 6282 6283)
3(3247 3272 2474)
3(6281 5508 6306)
3(2047 3274 2046)
3(5081 5080 6308)
3(2367 3270 2366)
3(5401 5400 6304)
3(1889 3175 3146)
3(4923 6180 6209)
3(1901 3260 2773)
3(4935 5807 6294)
3(1625 3254 1623)
3(4659 4657 6288)
3(2028 3265 1898)
3(5062 4932 6299)
3(525 3245 527)
3(3559 3561 6279)
3(429 3299 197)
3(3463 401 6333)
3(2471 3247 2474)
3(5505 5508 6281)
3(877 3242 912)
3(3911 3946 6276)
3(2305 3267 3266)
3(5339 6300 6301)
3(685 3313 720)
3(3719 3754 6347)
3(2628 3255 2892)
3(5662 5926 6289)
3(451 3213 2647)
3(3485 5681 6247)
3(2361 3252 3167)
3(5395 6201 6286)
3(3303 3307 719)
3(6337 3753 6341)
3(1663 3230 1417)
3(4697 4451 6264)
3(1912 3301 3268)
3(4946 6302 6335)
3(2787 3246 1229)
3(5821 4263 6280)
3(3241 3259 1893)
3(6275 4927 6293)
3(870 3284 3252)
3(3904 6286 6318)
3(1906 3284 2045)
3(4940 5079 6318)
3(2465 3264 2462)
3(5499 5496 6298)
3(870 3297 3284)
3(3904 6318 6331)
3(1615 3259 1668)
3(4649 4702 6293)
3(2046 3274 3259)
3(5080 6293 6308)
3(3275 3294 2331)
3(6309 5365 6328)
3(595 3224 3195)
3(3629 6229 6258)
3(2773 3260 3256)
3(5807 6290 6294)
3(2169 3288 3211)
3(5203 6245 6322)
3(3207 3219 2690)
3(6241 5724 6253)
3(2532 3257 2351)
3(5566 5385 6291)
3(701 3278 699)
3(3735 3733 6312)
3(714 3258 537)
3(3748 3571 6292)
3(3198 3218 1894)
3(6232 4928 6252)
3(2388 3287 2386)
3(5422 5420 6321)
3(3233 3293 2953)
3(6267 5987 6327)
3(1849 3302 2306)
3(4883 5340 6336)
3(938 3304 911)
3(3972 3945 6338)
3(1851 3232 2173)
3(4885 5207 6266)
3(1962 3262 2179)
3(4996 5213 6296)
3(1424 3288 2410)
3(4458 5444 6322)
3(3259 3274 1668)
3(6293 4702 6308)
3(2994 3262 1962)
3(6028 4996 6296)
3(3146 3175 1872)
3(6180 4906 6209)
3(2398 3314 2395)
3(5432 5429 6348)
3(2898 3301 1078)
3(5932 4112 6335)
3(2585 3263 3139)
3(5619 6173 6297)
3(597 3272 601)
3(3631 3635 6306)
3(2481 3219 3207)
3(5515 6241 6253)
3(1293 3282 2314)
3(4327 5348 6316)
3(2773 3256 1890)
3(5807 4924 6290)
3(954 3267 938)
3(3988 3972 6301)
3(2318 3325 1916)
3(5352 4950 6359)
3(531 3275 533)
3(3565 3567 6309)
3(3248 3249 1903)
3(6282 4937 6283)
3(1633 3285 2326)
3(4667 5360 6319)
3(1668 3274 2171)
3(4702 5205 6308)
3(513 3277 515)
3(3547 3549 6311)
3(2036 3205 3176)
3(5070 6210 6239)
3(2884 3200 3112)
3(5918 6146 6234)
3(2699 3231 1861)
3(5733 4895 6265)
3(2046 3259 3241)
3(5080 6275 6293)
3(3256 3257 1890)
3(6290 4924 6291)
3(762 3319 689)
3(3796 3723 6353)
3(1943 3234 2089)
3(4977 5123 6268)
3(3170 3261 2325)
3(6204 5359 6295)
3(3298 3307 2396)
3(6332 5430 6341)
3(3177 3250 2533)
3(6211 5567 6284)
3(899 3283 519)
3(3933 3553 6317)
3(1945 3234 1943)
3(4979 4977 6268)
3(2287 3229 3187)
3(5321 6221 6263)
3(2038 3279 2037)
3(5072 5071 6313)
3(2276 3318 3184)
3(5310 6218 6352)
3(3159 3231 2315)
3(6193 5349 6265)
3(2351 3257 3256)
3(5385 6290 6291)
3(3283 3296 521)
3(6317 3555 6330)
3(3264 3269 2462)
3(6298 5496 6303)
3(2382 3271 3246)
3(5416 6280 6305)
3(2402 3317 2400)
3(5436 5434 6351)
3(1623 3254 3250)
3(4657 6284 6288)
3(3266 3301 1910)
3(6300 4944 6335)
3(2373 3276 3117)
3(5407 6151 6310)
3(1740 3203 1949)
3(4774 4983 6237)
3(3187 3229 1651)
3(6221 4685 6263)
3(2653 3292 2652)
3(5687 5686 6326)
3(1078 3301 3266)
3(4112 6300 6335)
3(2454 3321 2804)
3(5488 5838 6355)
3(3250 3254 2533)
3(6284 5567 6288)
3(2432 3289 2440)
3(5466 5474 6323)
3(3317 3324 720)
3(6351 3754 6358)
3(3147 3312 1029)
3(6181 4063 6346)
3(1866 3203 1740)
3(4900 4774 6237)
3(2360 3281 2361)
3(5394 5395 6315)
3(1343 3326 1684)
3(4377 4718 6360)
3(1605 3290 1606)
3(4639 4640 6324)
3(2361 3281 3273)
3(5395 6307 6315)
3(1493 3295 1635)
3(4527 4669 6329)
3(2331 3294 2330)
3(5365 5364 6328)
3(2469 3334 2736)
3(5503 5770 6368)
3(3167 3284 1906)
3(6201 4940 6318)
3(1408 3311 3226)
3(4442 6260 6345)
3(1861 3231 3159)
3(4895 6193 6265)
3(1684 3326 2697)
3(4718 5731 6360)
3(3226 3311 2195)
3(6260 5229 6345)
3(188 3291 454)
3(392 3488 6325)
3(2048 3327 1913)
3(5082 4947 6361)
3(691 3298 762)
3(3725 3796 6332)
3(1965 3308 2188)
3(4999 5222 6342)
3(1684 3322 1483)
3(4718 4517 6356)
3(1673 3300 2183)
3(4707 5217 6334)
3(3252 3273 2727)
3(6286 5761 6307)
3(911 3304 919)
3(3945 3953 6338)
3(2254 3282 3239)
3(5288 6273 6316)
3(838 3297 870)
3(3872 3904 6331)
3(2361 3273 3252)
3(5395 6286 6307)
3(2202 3286 3285)
3(5236 6319 6320)
3(3246 3271 1229)
3(6280 4263 6305)
3(2075 3293 2073)
3(5109 5107 6327)
3(2396 3310 3298)
3(5430 6332 6344)
3(3285 3286 2326)
3(6319 5360 6320)
3(3239 3282 1293)
3(6273 4327 6316)
3(828 3344 2277)
3(3862 5311 6378)
3(2277 3346 828)
3(5311 3862 6380)
3(3225 3287 719)
3(6259 3753 6321)
3(2785 3299 429)
3(5819 3463 6333)
3(828 3345 3344)
3(3862 6378 6379)
3(1029 3312 3046)
3(4063 6080 6346)
3(1910 3301 1912)
3(4944 4946 6335)
3(2073 3293 3233)
3(5107 6267 6327)
3(1685 3328 1485)
3(4719 4519 6362)
3(3252 3284 3167)
3(6286 6201 6318)
3(2837 3329 2048)
3(5871 5082 6363)
3(2395 3310 2393)
3(5429 5427 6344)
3(687 3319 3313)
3(3721 6347 6353)
3(2304 3305 2305)
3(5338 5339 6339)
3(2396 3303 2391)
3(5430 5425 6337)
3(3015 3308 1965)
3(6049 4999 6342)
3(1159 3335 2300)
3(4193 5334 6369)
3(695 3307 693)
3(3729 3727 6341)
3(2469 3336 3334)
3(5503 6368 6370)
3(3184 3318 2068)
3(6218 5102 6352)
3(2958 3306 1017)
3(5992 4051 6340)
3(2053 3335 2459)
3(5087 5493 6369)
3(3315 3320 753)
3(6349 3787 6354)
3(3320 3321 2627)
3(6354 5661 6355)
3(3322 3325 2804)
3(6356 5838 6359)
3(1495 3337 1411)
3(4529 4445 6371)
3(829 3343 831)
3(3863 3865 6377)
3(3277 3280 515)
3(6311 3549 6314)
3(2510 3315 753)
3(5544 3787 6349)
3(2964 3344 2296)
3(5998 5330 6378)
3(689 3319 687)
3(3723 3721 6353)
3(2277 3344 1917)
3(5311 4951 6378)
3(2459 3335 2458)
3(5493 5492 6369)
3(687 3313 685)
3(3721 3719 6347)
3(2400 3317 2403)
3(5434 5437 6351)
3(1988 3323 2952)
3(5022 5986 6357)
3(2396 3307 3303)
3(5430 6337 6341)
3(3313 3319 2403)
3(6347 5437 6353)
3(828 3346 826)
3(3862 3860 6380)
3(2296 3342 2293)
3(5330 5327 6376)
3(2599 3336 2598)
3(5633 5632 6370)
3(2053 3339 3335)
3(5087 6369 6373)
3(1915 3320 3315)
3(4949 6349 6354)
3(1915 3315 1988)
3(4949 5022 6349)
3(1909 3321 3320)
3(4943 6354 6355)
3(1639 3341 2051)
3(4673 5085 6375)
3(753 3320 2627)
3(3787 5661 6354)
3(3183 3311 1408)
3(6217 4442 6345)
3(3315 3323 1988)
3(6349 5022 6357)
3(2403 3314 2398)
3(5437 5432 6348)
3(1635 3316 3007)
3(4669 6041 6350)
3(1880 3312 3147)
3(4914 6181 6346)
3(3337 3338 2051)
3(6371 5085 6372)
3(3334 3336 2599)
3(6368 5633 6370)
3(862 3345 825)
3(3896 3859 6379)
3(3314 3319 762)
3(6348 3796 6353)
3(2201 3316 3309)
3(5235 6343 6350)
3(3313 3317 720)
3(6347 3754 6351)
3(3309 3316 1635)
3(6343 4669 6350)
3(2627 3321 2454)
3(5661 5488 6355)
3(1483 3322 1909)
3(4517 4943 6356)
3(2511 3324 3323)
3(5545 6357 6358)
3(2952 3324 2402)
3(5986 5436 6358)
3(1909 3320 1915)
3(4943 4949 6354)
3(3323 3324 2952)
3(6357 5986 6358)
3(1634 3340 3073)
3(4668 6107 6374)
3(3321 3322 2804)
3(6355 5838 6356)
3(3298 3310 762)
3(6332 3796 6344)
3(2296 3345 3342)
3(5330 6376 6379)
3(2511 3323 2510)
3(5545 5544 6357)
3(3342 3345 862)
3(6376 3896 6379)
3(720 3324 2511)
3(3754 5545 6358)
3(3304 3305 919)
3(6338 3953 6339)
3(3295 3309 1635)
3(6329 4669 6343)
3(2305 3305 3304)
3(5339 6338 6339)
3(2830 3331 3330)
3(5864 6364 6365)
3(2896 3326 1343)
3(5930 4377 6360)
3(2510 3323 3315)
3(5544 6349 6357)
3(2896 3327 3326)
3(5930 6360 6361)
3(2804 3325 2318)
3(5838 5352 6359)
3(2050 3329 2837)
3(5084 5871 6363)
3(2830 3330 2050)
3(5864 5084 6364)
3(3343 3349 883)
3(6377 3917 6383)
3(3330 3331 2487)
3(6364 5521 6365)
3(1485 3328 1636)
3(4519 4670 6362)
3(1913 3327 2896)
3(4947 5930 6361)
3(2050 3330 3329)
3(5084 6363 6364)
3(2487 3331 2488)
3(5521 5522 6365)
3(1637 3331 2830)
3(4671 5864 6365)
3(2403 3317 3313)
3(5437 6347 6351)
3(2048 3329 3328)
3(5082 6362 6363)
3(1636 3330 2487)
3(4670 5521 6364)
3(3329 3330 1636)
3(6363 4670 6364)
3(3331 3332 2488)
3(6365 5522 6366)
3(1637 3332 3331)
3(4671 6365 6366)
3(2403 3319 3314)
3(5437 6348 6353)
3(3342 3348 2295)
3(6376 5329 6382)
3(2934 3332 1637)
3(5968 4671 6366)
3(2488 3332 2870)
3(5522 5904 6366)
3(2052 3341 3339)
3(5086 6373 6375)
3(1909 3322 3321)
3(4943 6355 6356)
3(2934 3333 3332)
3(5968 6366 6367)
3(1638 3333 2934)
3(4672 5968 6367)
3(1638 3334 3333)
3(4672 6367 6368)
3(2736 3334 1638)
3(5770 4672 6368)
3(2870 3333 2599)
3(5904 5633 6367)
3(3339 3341 1707)
3(6373 4741 6375)
3(1917 3344 2964)
3(4951 5998 6378)
3(3336 3347 1163)
3(6370 4197 6381)
3(3332 3333 2870)
3(6366 5904 6367)
3(3333 3334 2599)
3(6367 5633 6368)
3(2049 3349 3343)
3(5083 6377 6383)
3(2300 3339 1707)
3(5334 4741 6373)
3(2469 3347 3336)
3(5503 6370 6381)
3(1411 3337 2052)
3(4445 5086 6371)
3(883 3349 2459)
3(3917 5493 6383)
3(862 3348 3342)
3(3896 6376 6382)
3(2458 3335 1159)
3(5492 4193 6369)
3(2052 3339 2053)
3(5086 5087 6373)
3(2598 3336 1163)
3(5632 4197 6370)
3(2295 3348 2468)
3(5329 5502 6382)
3(2468 3347 2469)
3(5502 5503 6381)
3(831 3343 883)
3(3865 3917 6377)
3(2293 3342 2295)
3(5327 5329 6376)
3(1707 3341 1639)
3(4741 4673 6375)
3(2051 3338 2057)
3(5085 5091 6372)
3(2468 3348 3347)
3(5502 6381 6382)
3(2051 3341 3337)
3(5085 6371 6375)
3(826 3346 829)
3(3860 3863 6380)
3(825 3345 828)
3(3859 3862 6379)
3(1163 3347 2482)
3(4197 5516 6381)
3(3347 3348 2482)
3(6381 5516 6382)
3(3073 3340 1914)
3(6107 4948 6374)
3(2482 3348 862)
3(5516 3896 6382)
3(2459 3349 3340)
3(5493 6374 6383)
3(1914 3349 2049)
3(4948 5083 6383)
3(3340 3349 1914)
3(6374 4948 6383)
3(3328 3329 1636)
3(6362 4670 6363)
3(3337 3341 2052)
3(6371 5086 6375)
3(1717 3350 1712)
3(4751 4746 6384)
3(2262 3350 2149)
3(5296 5183 6384)
3(1590 3350 2262)
3(4624 5296 6384)
3(1712 3350 1590)
3(4746 4624 6384)
3(3290 3351 1606)
3(6324 4640 6385)
3(1969 3351 1968)
3(5003 5002 6385)
3(2163 3352 1420)
3(5197 4454 6386)
3(2112 3352 2163)
3(5146 5197 6386)
3(1968 3351 3290)
3(5002 6324 6385)
3(1420 3352 2409)
3(4454 5443 6386)
3(2160 3354 2109)
3(5194 5143 6388)
3(2107 3354 2160)
3(5141 5194 6388)
3(1952 3355 2539)
3(4986 5573 6389)
3(63 3356 64)
3(267 268 6390)
3(88 3358 2153)
3(292 5187 6392)
3(458 3358 87)
3(3492 291 6392)
3(2155 3359 85)
3(5189 289 6393)
3(86 3359 458)
3(290 3492 6393)
3(2153 3358 2154)
3(5187 5188 6392)
3(2156 3359 2155)
3(5190 5189 6393)
3(2111 3353 2112)
3(5145 5146 6387)
3(3360 3361 2158)
3(6394 5192 6395)
3(64 3356 444)
3(268 3478 6390)
3(2539 3355 2118)
3(5573 5152 6389)
3(1866 3357 3203)
3(4900 6237 6391)
3(87 3358 88)
3(291 292 6392)
3(85 3359 86)
3(289 290 6393)
3(2157 3360 2158)
3(5191 5192 6394)
3(2088 3374 2131)
3(5122 5165 6408)
3(2057 3402 2058)
3(5091 5092 6436)
3(443 3362 2986)
3(3477 6020 6396)
3(458 3361 3358)
3(3492 6392 6395)
3(1949 3365 2214)
3(4983 5248 6399)
3(3203 3365 1949)
3(6237 4983 6399)
3(2146 3366 1695)
3(5180 4729 6400)
3(1695 3366 2313)
3(4729 5347 6400)
3(1533 3367 2551)
3(4567 5585 6401)
3(1265 3367 1533)
3(4299 4567 6401)
3(2409 3367 1263)
3(5443 4297 6401)
3(2158 3361 458)
3(5192 3492 6395)
3(3358 3361 2154)
3(6392 5188 6395)
3(2144 3362 2141)
3(5178 5175 6396)
3(2141 3362 2162)
3(5175 5196 6396)
3(1866 3366 3357)
3(4900 6391 6400)
3(1535 3364 2147)
3(4569 5181 6398)
3(481 3382 2574)
3(3515 5608 6416)
3(2162 3362 443)
3(5196 3477 6396)
3(2134 3363 2145)
3(5168 5179 6397)
3(2154 3363 2134)
3(5188 5168 6397)
3(24 3368 25)
3(228 229 6402)
3(2147 3364 2144)
3(5181 5178 6398)
3(3352 3369 2409)
3(6386 5443 6403)
3(2313 3366 1866)
3(5347 4900 6400)
3(1263 3367 1265)
3(4297 4299 6401)
3(467 3412 2087)
3(3501 5121 6446)
3(2112 3370 3352)
3(5146 6386 6404)
3(1646 3371 2891)
3(4680 5925 6405)
3(1809 3371 2320)
3(4843 5354 6405)
3(34 3372 35)
3(238 239 6406)
3(3392 3445 2271)
3(6426 5305 6479)
3(108 3374 109)
3(312 313 6408)
3(2086 3375 2828)
3(5120 5862 6409)
3(210 3375 211)
3(414 415 6409)
3(2409 3369 3367)
3(5443 6401 6403)
3(2593 3376 2592)
3(5627 5626 6410)
3(136 3377 137)
3(340 341 6411)
3(495 3437 2128)
3(3529 5162 6471)
3(2123 3380 2125)
3(5157 5159 6414)
3(123 3378 433)
3(327 3467 6412)
3(470 3378 122)
3(3504 326 6412)
3(2131 3374 108)
3(5165 312 6408)
3(34 3401 3372)
3(238 6406 6435)
3(1522 3373 1644)
3(4556 4678 6407)
3(484 3368 24)
3(3518 228 6402)
3(465 3423 2089)
3(3499 5123 6457)
3(2082 3380 2123)
3(5116 5157 6414)
3(2551 3369 2553)
3(5585 5587 6403)
3(3367 3369 2551)
3(6401 5585 6403)
3(1513 3379 1512)
3(4547 4546 6413)
3(2069 3386 1957)
3(5103 4991 6420)
3(1512 3380 2437)
3(4546 5471 6414)
3(3353 3370 2112)
3(6387 5146 6404)
3(1655 3373 1522)
3(4689 4556 6407)
3(2120 3425 465)
3(5154 3499 6459)
3(3368 3405 25)
3(6402 229 6439)
3(434 3408 2705)
3(3468 5739 6442)
3(2058 3381 1641)
3(5092 4675 6415)
3(1460 3381 1646)
3(4494 4680 6415)
3(2070 3383 1911)
3(5104 4945 6417)
3(1656 3383 1655)
3(4690 4689 6417)
3(2061 3382 2365)
3(5095 5399 6416)
3(2891 3371 1809)
3(5925 4843 6405)
3(2074 3410 2668)
3(5108 5702 6444)
3(35 3372 453)
3(239 3487 6406)
3(1938 3384 2070)
3(4972 5104 6418)
3(2524 3376 2523)
3(5558 5557 6410)
3(2525 3385 2522)
3(5559 5556 6419)
3(2643 3386 422)
3(5677 3456 6420)
3(2256 3388 2062)
3(5290 5096 6422)
3(2581 3387 2820)
3(5615 5854 6421)
3(2077 3387 2076)
3(5111 5110 6421)
3(2444 3373 3028)
3(5478 6062 6407)
3(2090 3432 467)
3(5124 3501 6466)
3(442 3407 2661)
3(3476 5695 6441)
3(2129 3392 1958)
3(5163 4992 6426)
3(2270 3392 2271)
3(5304 5305 6426)
3(2093 3434 455)
3(5127 3489 6468)
3(1940 3393 2332)
3(4974 5366 6427)
3(2127 3393 1942)
3(5161 4976 6427)
3(2071 3394 2321)
3(5105 5355 6428)
3(2828 3375 210)
3(5862 414 6409)
3(426 3445 3392)
3(3460 6426 6479)
3(3372 3401 2651)
3(6406 5685 6435)
3(135 3395 136)
3(339 340 6429)
3(2250 3396 2252)
3(5284 5286 6430)
3(2975 3396 2064)
3(6009 5098 6430)
3(2097 3426 462)
3(5131 3496 6460)
3(2122 3413 441)
3(5156 3475 6447)
3(2332 3397 1955)
3(5366 4989 6431)
3(1956 3398 2071)
3(4990 5105 6432)
3(455 3428 2091)
3(3489 5125 6462)
3(2095 3399 2701)
3(5129 5735 6433)
3(2096 3400 2066)
3(5130 5100 6434)
3(3064 3400 2069)
3(6098 5103 6434)
3(417 3401 33)
3(3451 237 6435)
3(2273 3405 3368)
3(5307 6402 6439)
3(2592 3376 1497)
3(5626 4531 6410)
3(2257 3403 2256)
3(5291 5290 6437)
3(2076 3404 1931)
3(5110 4965 6438)
3(433 3411 2443)
3(3467 5477 6445)
3(2056 3389 2054)
3(5090 5088 6423)
3(137 3377 459)
3(341 3493 6411)
3(26 3405 426)
3(230 3460 6439)
3(2319 3406 2056)
3(5353 5090 6440)
3(2269 3384 2268)
3(5303 5302 6418)
3(2219 3407 1919)
3(5253 4953 6441)
3(2059 3394 2098)
3(5093 5132 6428)
3(2068 3408 2067)
3(5102 5101 6442)
3(2572 3406 471)
3(5606 3505 6440)
3(2573 3409 437)
3(5607 3471 6443)
3(122 3378 123)
3(326 327 6412)
3(2668 3410 37)
3(5702 241 6444)
3(38 3410 420)
3(242 3454 6444)
3(492 3412 111)
3(3526 315 6446)
3(112 3412 467)
3(316 3501 6446)
3(441 3413 120)
3(3475 324 6447)
3(121 3413 470)
3(325 3504 6447)
3(494 3414 9)
3(3528 213 6448)
3(10 3414 462)
3(214 3496 6448)
3(464 3415 158)
3(3498 362 6449)
3(452 3416 132)
3(3486 336 6450)
3(119 3417 441)
3(323 3475 6451)
3(485 3417 118)
3(3519 322 6451)
3(2065 3418 2334)
3(5099 5368 6452)
3(145 3419 431)
3(349 3465 6453)
3(17 3420 442)
3(221 3476 6454)
3(482 3420 16)
3(3516 220 6454)
3(437 3421 151)
3(3471 355 6455)
3(152 3421 491)
3(356 3525 6455)
3(3292 3422 2652)
3(6326 5686 6456)
3(2274 3424 2276)
3(5308 5310 6458)
3(12 3426 2700)
3(216 5734 6460)
3(462 3426 11)
3(3496 215 6460)
3(2819 3429 464)
3(5853 3498 6463)
3(491 3404 2445)
3(3525 5479 6438)
3(2660 3403 482)
3(5694 3516 6437)
3(1495 3385 3338)
3(4529 6372 6419)
3(2641 3431 2642)
3(5675 5676 6465)
3(2365 3446 147)
3(5399 351 6480)
3(467 3432 113)
3(3501 317 6466)
3(1923 3449 2643)
3(4957 5677 6483)
3(31 3434 2701)
3(235 5735 6468)
3(455 3434 30)
3(3489 234 6468)
3(493 3438 2286)
3(3527 5320 6472)
3(1 3437 59)
3(5 263 6471)
3(58 3437 1)
3(262 5 6471)
3(2 3435 110)
3(6 314 6469)
3(109 3435 2)
3(313 6 6469)
3(211 3436 0)
3(415 4 6470)
3(0 3436 8)
3(4 212 6470)
3(160 3438 3)
3(364 7 6472)
3(3 3438 161)
3(7 365 6472)
3(2904 3449 1923)
3(5938 4957 6483)
3(1933 3391 2219)
3(4967 5253 6425)
3(147 3446 148)
3(351 352 6480)
3(1646 3441 3371)
3(4680 6405 6475)
3(1410 3444 1495)
3(4444 4529 6478)
3(2806 3443 489)
3(5840 3523 6477)
3(471 3439 2502)
3(3505 5536 6473)
3(1516 3379 1513)
3(4550 4547 6413)
3(2701 3399 417)
3(5735 3451 6433)
3(452 3430 2267)
3(3486 5301 6464)
3(2437 3380 2082)
3(5471 5116 6414)
3(489 3397 2815)
3(3523 5849 6431)
3(2580 3398 485)
3(5614 3519 6432)
3(2067 3391 1933)
3(5101 4967 6425)
3(1918 3409 2574)
3(4952 5608 6443)
3(55 3423 465)
3(259 3499 6457)
3(465 3425 56)
3(3499 260 6459)
3(2650 3399 1969)
3(5684 5003 6433)
3(1969 3399 2095)
3(5003 5129 6433)
3(1641 3381 1460)
3(4675 4494 6415)
3(2060 3382 2061)
3(5094 5095 6416)
3(3373 3442 1644)
3(6407 4678 6476)
3(1911 3383 1656)
3(4945 4690 6417)
3(3371 3441 2503)
3(6405 5537 6475)
3(131 3430 452)
3(335 3486 6464)
3(2096 3419 144)
3(5130 348 6453)
3(29 3428 455)
3(233 3489 6462)
3(2054 3389 2072)
3(5088 5106 6423)
3(2593 3443 3376)
3(5627 6410 6477)
3(2126 3427 3390)
3(5160 6424 6461)
3(1655 3440 3373)
3(4689 6407 6474)
3(2268 3384 1938)
3(5302 4972 6418)
3(2522 3385 2524)
3(5556 5558 6419)
3(2524 3444 3376)
3(5558 6410 6478)
3(422 3386 2644)
3(3456 5678 6420)
3(2700 3388 447)
3(5734 3481 6422)
3(450 3387 2581)
3(3484 5615 6421)
3(2062 3388 2063)
3(5096 5097 6422)
3(420 3389 2620)
3(3454 5654 6423)
3(1644 3390 2948)
3(4678 5982 6424)
3(483 3391 2704)
3(3517 5738 6425)
3(3373 3440 3028)
3(6407 6062 6474)
3(2444 3442 3373)
3(5478 6407 6476)
3(1958 3392 2270)
3(4992 5304 6426)
3(2650 3447 3399)
3(5684 6433 6481)
3(3371 3439 2320)
3(6405 5354 6473)
3(1942 3393 1940)
3(4976 4974 6427)
3(2321 3394 2059)
3(5355 5093 6428)
3(133 3416 2252)
3(337 5286 6450)
3(3376 3444 1497)
3(6410 4531 6478)
3(1516 3427 3379)
3(4550 6413 6461)
3(2506 3402 472)
3(5540 3506 6436)
3(147 3433 2365)
3(351 5399 6467)
3(419 3395 135)
3(3453 339 6429)
3(2064 3396 2250)
3(5098 5284 6430)
3(159 3415 2286)
3(363 5320 6449)
3(2595 3429 2820)
3(5629 5854 6463)
3(2129 3428 28)
3(5163 232 6462)
3(2127 3423 54)
3(5161 258 6457)
3(57 3425 2128)
3(261 5162 6459)
3(1955 3397 2593)
3(4989 5627 6431)
3(2413 3398 1956)
3(5447 4990 6432)
3(146 3433 147)
3(350 351 6467)
3(3376 3443 2523)
3(6410 5557 6477)
3(472 3402 2525)
3(3506 5559 6436)
3(2066 3400 3064)
3(5100 6098 6434)
3(33 3401 34)
3(237 238 6435)
3(3378 3411 433)
3(6412 3467 6445)
3(2229 3433 431)
3(5263 3465 6467)
3(3390 3427 2948)
3(6424 5982 6461)
3(114 3432 2098)
3(318 5132 6466)
3(431 3433 146)
3(3465 350 6467)
3(2477 3403 2257)
3(5511 5291 6437)
3(1931 3404 2265)
3(4965 5299 6438)
3(2643 3431 1923)
3(5677 4957 6465)
3(2078 3419 2096)
3(5112 5130 6453)
3(25 3405 26)
3(229 230 6439)
3(2269 3430 130)
3(5303 334 6464)
3(2320 3406 2319)
3(5354 5353 6440)
3(2503 3439 3371)
3(5537 6405 6473)
3(2263 3409 1918)
3(5297 4952 6443)
3(1923 3431 3084)
3(4957 6118 6465)
3(3229 3429 2595)
3(6263 5629 6463)
3(1919 3407 2353)
3(4953 5387 6441)
3(3399 3447 417)
3(6433 3451 6481)
3(28 3428 29)
3(232 233 6462)
3(3318 3408 2068)
3(6352 5102 6442)
3(2574 3409 2573)
3(5608 5607 6443)
3(56 3425 57)
3(260 261 6459)
3(2252 3416 2251)
3(5286 5285 6450)
3(54 3423 55)
3(258 259 6457)
3(37 3410 38)
3(241 242 6444)
3(2126 3411 2124)
3(5160 5158 6445)
3(2098 3432 2090)
3(5132 5124 6466)
3(2643 3449 3386)
3(5677 6420 6483)
3(130 3430 131)
3(334 335 6464)
3(111 3412 112)
3(315 316 6446)
3(120 3413 121)
3(324 325 6447)
3(9 3414 10)
3(213 214 6448)
3(158 3415 159)
3(362 363 6449)
3(2286 3415 2287)
3(5320 5321 6449)
3(132 3416 133)
3(336 337 6450)
3(118 3417 119)
3(322 323 6451)
3(3084 3418 2065)
3(6118 5099 6452)
3(144 3419 145)
3(348 349 6453)
3(16 3420 17)
3(220 221 6454)
3(151 3421 152)
3(355 356 6455)
3(3382 3446 2365)
3(6416 5399 6480)
3(2075 3422 3292)
3(5109 6326 6456)
3(2089 3423 2127)
3(5123 5161 6457)
3(2276 3424 3318)
3(5310 6352 6458)
3(2128 3425 2120)
3(5162 5154 6459)
3(11 3426 12)
3(215 216 6460)
3(2948 3427 1516)
3(5982 4550 6461)
3(2091 3428 2129)
3(5125 5163 6462)
3(2820 3429 2819)
3(5854 5853 6463)
3(2267 3430 2269)
3(5301 5303 6464)
3(2124 3411 3378)
3(5158 6412 6445)
3(2642 3431 2643)
3(5676 5677 6465)
3(3374 3435 109)
3(6408 313 6469)
3(113 3432 114)
3(317 318 6466)
3(3381 3441 1646)
3(6415 4680 6475)
3(2365 3433 2229)
3(5399 5263 6467)
3(3375 3436 211)
3(6409 415 6470)
3(30 3434 31)
3(234 235 6468)
3(3383 3440 1655)
3(6417 4689 6474)
3(2274 3448 3424)
3(5308 6458 6482)
3(8 3436 494)
3(212 3528 6470)
3(59 3437 495)
3(263 3529 6471)
3(161 3438 493)
3(365 3527 6472)
3(110 3435 492)
3(314 3526 6469)
3(3405 3445 426)
3(6439 3460 6479)
3(417 3447 3401)
3(3451 6435 6481)
3(2651 3447 2650)
3(5685 5684 6481)
3(2502 3439 2503)
3(5536 5537 6473)
3(2271 3445 2273)
3(5305 5307 6479)
3(3028 3440 2457)
3(6062 5491 6474)
3(2503 3441 2504)
3(5537 5538 6475)
3(2443 3442 2444)
3(5477 5478 6476)
3(2523 3443 2806)
3(5557 5840 6477)
3(1497 3444 1410)
3(4531 4444 6478)
3(148 3446 481)
3(352 3515 6480)
3(1957 3449 2904)
3(4991 5938 6483)
3(492 3435 3374)
3(3526 6408 6469)
3(494 3436 3375)
3(3528 6409 6470)
3(481 3446 3382)
3(3515 6416 6480)
3(3386 3449 1957)
3(6420 4991 6483)
3(2504 3441 3381)
3(5538 6415 6475)
3(484 3448 3368)
3(3518 6402 6482)
3(2457 3440 3383)
3(5491 6417 6474)
3(1644 3442 3390)
3(4678 6424 6476)
3(3390 3442 2443)
3(6424 5477 6476)
3(3401 3447 2651)
3(6435 5685 6481)
3(2273 3445 3405)
3(5307 6439 6479)
3(3424 3448 484)
3(6458 3518 6482)
4(27 28 232 231)
4(45 46 250 249)
4(57 58 262 261)
4(53 54 258 257)
4(96 97 301 300)
4(75 76 280 279)
4(78 79 283 282)
4(107 108 312 311)
4(104 105 309 308)
4(100 101 305 304)
4(90 91 295 294)
4(91 92 296 295)
4(93 94 298 297)
4(65 66 270 269)
4(82 83 287 286)
4(102 103 307 306)
4(60 61 265 264)
4(81 82 286 285)
4(79 80 284 283)
4(76 77 281 280)
4(62 63 267 266)
4(95 96 300 299)
4(73 74 278 277)
4(98 99 303 302)
4(67 68 272 271)
4(105 106 310 309)
4(88 89 293 292)
4(84 85 289 288)
4(198 199 403 402)
4(195 196 400 399)
4(186 187 391 390)
4(184 185 389 388)
4(181 182 386 385)
4(178 179 383 382)
4(197 198 402 401)
4(47 48 252 251)
4(44 45 249 248)
4(94 95 299 298)
4(101 102 306 305)
4(69 70 274 273)
4(176 177 381 380)
4(40 41 245 244)
4(161 162 366 365)
4(204 205 409 408)
4(168 169 373 372)
4(163 164 368 367)
4(170 171 375 374)
4(172 173 377 376)
4(174 175 379 378)
4(77 78 282 281)
4(80 81 285 284)
4(83 84 288 287)
4(86 87 291 290)
4(92 93 297 296)
4(97 98 302 301)
4(99 100 304 303)
4(103 104 308 307)
4(106 107 311 310)
4(89 90 294 293)
4(38 39 243 242)
4(191 192 396 395)
4(193 194 398 397)
4(196 197 401 400)
4(23 24 228 227)
4(206 207 411 410)
4(17 18 222 221)
4(203 204 408 407)
4(31 32 236 235)
4(175 176 380 379)
4(12 13 217 216)
4(68 69 273 272)
4(13 14 218 217)
4(74 75 279 278)
4(14 15 219 218)
4(209 210 414 413)
4(15 16 220 219)
4(182 183 387 386)
4(21 22 226 225)
4(19 20 224 223)
4(26 27 231 230)
4(29 30 234 233)
4(32 33 237 236)
4(35 36 240 239)
4(39 40 244 243)
4(41 42 246 245)
4(46 47 251 250)
4(49 50 254 253)
4(173 174 378 377)
4(185 186 390 389)
4(188 189 393 392)
4(194 195 399 398)
4(199 200 404 403)
4(48 49 253 252)
4(52 53 257 256)
4(201 202 406 405)
4(205 206 410 409)
4(207 208 412 411)
4(8 9 213 212)
4(10 11 215 214)
4(55 56 260 259)
4(208 209 413 412)
4(66 67 271 270)
4(70 71 275 274)
4(72 73 277 276)
4(165 166 370 369)
4(64 65 269 268)
4(43 44 248 247)
4(71 72 276 275)
4(50 51 255 254)
4(59 60 264 263)
4(61 62 266 265)
4(171 172 376 375)
4(190 191 395 394)
4(192 193 397 396)
4(202 203 407 406)
4(36 37 241 240)
4(189 190 394 393)
4(162 163 367 366)
4(179 180 384 383)
4(166 167 371 370)
4(42 43 247 246)
4(200 201 405 404)
4(177 178 382 381)
4(164 165 369 368)
4(169 170 374 373)
4(18 19 223 222)
4(20 21 225 224)
4(51 52 256 255)
4(22 23 227 226)
4(167 168 372 371)
4(183 184 388 387)
4(180 181 385 384)
4(187 188 392 391)
4(63 64 268 267)
4(87 88 292 291)
4(85 86 290 289)
4(24 25 229 228)
4(34 35 239 238)
4(108 109 313 312)
4(210 211 415 414)
4(1 59 263 5)
4(58 1 5 262)
4(109 2 6 313)
4(211 0 4 415)
4(0 8 212 4)
4(3 161 365 7)
4(33 34 238 237)
4(25 26 230 229)
4(28 29 233 232)
4(56 57 261 260)
4(54 55 259 258)
4(37 38 242 241)
4(9 10 214 213)
4(16 17 221 220)
4(11 12 216 215)
4(30 31 235 234)
4(129 130 334 333)
4(159 160 364 363)
4(133 134 338 337)
4(114 115 319 318)
4(143 144 348 347)
4(139 140 344 343)
4(156 157 361 360)
4(141 142 346 345)
4(127 128 332 331)
4(116 117 321 320)
4(119 120 324 323)
4(121 122 326 325)
4(123 124 328 327)
4(125 126 330 329)
4(110 111 315 314)
4(117 118 322 321)
4(112 113 317 316)
4(126 127 331 330)
4(131 132 336 335)
4(124 125 329 328)
4(134 135 339 338)
4(137 138 342 341)
4(148 149 353 352)
4(150 151 355 354)
4(153 154 358 357)
4(154 155 359 358)
4(157 158 362 361)
4(140 141 345 344)
4(142 143 347 346)
4(145 146 350 349)
4(149 150 354 353)
4(152 153 357 356)
4(155 156 360 359)
4(115 116 320 319)
4(138 139 343 342)
4(128 129 333 332)
4(136 137 341 340)
4(135 136 340 339)
4(122 123 327 326)
4(2 110 314 6)
4(160 3 7 364)
4(147 148 352 351)
4(146 147 351 350)
4(130 131 335 334)
4(111 112 316 315)
4(120 121 325 324)
4(158 159 363 362)
4(132 133 337 336)
4(118 119 323 322)
4(144 145 349 348)
4(151 152 356 355)
4(113 114 318 317)
)


// ************************************************************************* //
