/*--------------------------------*- C++ -*----------------------------------*\
| =========                 |                                                 |
| \\      /  F ield         | OpenFOAM: The Open Source CFD Toolbox           |
|  \\    /   O peration     | Version:  2412                                  |
|   \\  /    A nd           | Website:  www.openfoam.com                      |
|    \\/     M anipulation  |                                                 |
\*---------------------------------------------------------------------------*/
FoamFile
{
    version     2.0;
    format      ascii;
    arch        "LSB;label=32;scalar=64";
    note        "nPoints:19242  nCells:18935  nFaces:66426  nInternalFaces:28249";
    class       labelList;
    location    "constant/polyMesh";
    object      neighbour;
}
// * * * * * * * * * * * * * * * * * * * * * * * * * * * * * * * * * * * * * //


28249
(
227
472
18562
573
1824
15353
154
1062
9673
258
1883
17465
152
1694
2129
88
1764
14754
70
17394
18918
175
902
18643
55
2243
15900
65
965
16903
72
879
3406
34
15608
15981
1400
18220
18641
208
447
15477
183
911
15834
91
849
3506
18514
18881
18910
283
574
18931
614
16992
17619
20
2529
16122
15165
16341
41
848
350
353
6354
275
573
7370
1185
17649
18693
724
1164
18176
999
18610
18826
82
314
18393
32
710
1501
1528
17547
18843
1277
15974
18913
117
1343
15036
16115
16581
536
724
15576
13860
15609
761
1739
15937
1668
18107
18591
157
2189
15813
75
1843
10971
99
853
6723
164
543
1648
880
14561
239
956
1512
225
475
16837
143
492
5388
77
381
15188
112
544
1009
107
15861
17180
53
1749
13828
310
1347
17792
1699
17872
18543
1790
16737
17234
95
14856
15627
523
15343
340
742
6333
14295
15527
80
246
17788
145
629
1635
397
627
9983
672
1679
2265
300
985
1308
279
925
14507
717
15882
18919
543
951
18708
216
281
18216
1114
15796
400
1526
2213
1209
18363
18921
709
1900
17200
1448
1730
14899
2293
17058
124
794
10456
922
11253
328
894
13782
78
15315
18048
1521
15842
115
15491
15975
15133
16418
7401
15809
584
1064
18223
83
16129
304
18233
18384
694
17057
1013
1311
87
920
1315
206
1335
18066
409
511
14827
593
1006
333
15174
251
842
15681
712
15146
17340
927
7066
97
5609
16595
829
1695
18346
352
1983
18755
887
1179
463
1059
15660
2154
16159
317
1218
2440
1119
13282
413
914
1103
150
166
18148
1284
1459
17903
626
18508
18934
144
1131
14407
15458
17565
18924
210
1868
17734
474
1907
218
683
2316
146
1449
18372
1240
2148
18603
135
15262
16787
893
16085
180
681
17601
1164
15576
18910
14795
15787
137
365
2982
241
16728
237
740
1683
120
1477
13876
703
1486
195
16564
16594
1980
17513
18920
245
345
18370
207
11090
316
1537
2805
253
1624
15501
268
613
17822
140
845
16807
491
509
17045
1014
1068
17093
464
592
2421
319
1023
13893
354
15205
15927
336
582
1932
784
17442
137
692
9467
14854
277
421
1167
142
743
16307
998
1723
1200
16984
18443
1612
18789
1445
14881
1278
1919
402
1784
17424
18479
193
10817
15063
189
650
17915
520
1117
18525
18386
18616
415
1322
12924
651
15049
472
562
18132
15230
17136
182
18038
18508
165
501
1678
570
18728
734
840
17824
460
461
1179
496
688
1984
232
1086
10865
406
617
2009
327
16411
18933
737
18334
766
18024
1612
17144
205
1520
9239
211
16712
18434
401
539
15751
548
18560
18622
226
870
2030
199
14705
16681
188
17444
18612
585
2337
18785
16142
17480
449
1269
9108
385
1990
15270
15195
18128
18216
498
875
16404
1996
17447
836
15393
18259
1353
2032
14855
16126
320
636
17379
462
705
1024
902
1262
18840
607
2107
18185
309
18171
2837
15092
214
15997
16606
314
15398
15571
301
2240
16076
1318
16158
424
736
15720
1853
16925
204
16206
17945
212
2106
17377
667
12645
16756
1010
16748
290
826
16686
442
16052
17308
223
2013
17827
289
497
17891
969
14185
490
10675
494
16205
364
10902
811
17947
759
998
1056
15751
18864
446
18218
635
16372
1316
2143
16575
14113
15148
1117
1294
18163
17287
18120
224
16288
18703
15358
15808
238
3363
17518
306
665
740
569
812
15299
664
18298
18449
251
15676
918
16583
955
1603
15825
16994
805
17479
15588
17763
18914
530
778
10457
699
1107
1434
987
15147
745
17765
632
748
15178
399
9360
15446
513
899
14611
1172
1706
16430
649
17209
1073
16241
17569
17857
696
787
1240
244
5647
1896
15812
17343
417
538
641
1080
16427
1239
18722
1823
16762
275
978
15194
419
16023
16174
255
420
16021
696
1191
1590
15723
15668
17969
18083
15032
17023
584
841
18721
721
15387
1231
1744
17731
489
1229
10528
691
17250
1120
15719
16636
646
1427
18072
648
1147
1244
470
815
277
593
953
752
18278
18455
628
867
5703
1437
1651
17623
15265
18403
18929
5741
16416
663
727
495
1740
4747
2226
18095
18392
367
16251
16970
278
478
16221
676
926
1653
17511
622
15882
18071
654
15508
16121
546
16706
547
765
2509
906
18367
560
1897
15112
1151
18361
689
1371
2081
312
1161
16599
476
840
16992
501
1479
2125
704
808
15100
565
14538
1845
2058
1313
14843
15408
1779
16288
16501
459
708
14930
383
15382
15657
724
1207
17712
438
16523
16761
1380
16218
16572
322
1037
1927
795
941
8543
711
18287
15063
16130
321
2419
17679
451
1025
9534
940
17896
460
887
16156
984
15156
15267
16860
18113
478
6951
16465
1022
18252
16848
18536
642
933
15825
479
14884
912
1134
1274
928
1785
1790
16751
16434
17366
1727
17097
15687
15832
18262
13906
15420
1143
16557
16346
17700
389
2167
566
1051
15971
987
1884
17237
378
798
1432
389
830
1500
17562
17673
15795
16202
377
14873
18285
705
861
15443
522
657
15931
374
16383
17229
445
15003
1198
1416
18781
1709
17372
18049
861
1024
474
1880
15696
1015
1250
18872
623
1253
18894
15890
15946
362
1989
17574
608
2180
15255
1794
17686
18865
15506
16576
18593
18413
18922
643
1090
8237
596
1073
17408
679
17697
18155
15085
17032
18465
5513
16911
420
13841
17367
602
1022
621
8203
947
16551
1982
18690
18930
693
868
10223
391
680
14860
527
1680
16093
410
1349
1936
376
816
15856
890
1309
16807
14675
17863
1577
14742
16534
482
9456
727
1376
928
15229
18763
636
8234
649
665
18846
491
989
17032
2262
14768
18238
517
2078
17286
1857
17483
18916
863
1385
5087
15463
15717
604
632
1464
1656
15617
1225
15904
802
2714
453
14853
15787
574
1317
2374
2109
16908
638
6589
15913
1753
5352
625
17778
18788
485
17629
465
1434
17239
437
827
16445
399
432
16015
17000
617
15499
17323
813
2255
482
1216
2802
762
763
678
1286
2198
431
15921
16261
551
15565
15973
590
10465
556
16730
17668
15197
17745
18050
1490
1492
405
15397
17548
791
1359
17157
15340
15577
15858
18222
418
1390
1468
897
1144
16386
1684
17419
15244
18679
1177
18612
18710
830
957
1078
500
18607
1602
15079
15671
742
17396
1759
17552
18328
17248
17924
1845
2632
1293
15957
15385
1496
1582
1402
16162
16203
919
1406
2303
1882
14961
429
16778
17664
1613
14930
14965
616
730
2238
514
1254
16339
15705
18681
452
15515
16143
16049
16267
15198
15612
701
1473
15943
860
1245
15199
519
17629
18927
670
771
1526
15087
16514
2293
17674
546
2219
2454
852
938
1826
1783
2130
18895
1123
15971
825
1004
15871
865
1877
16533
15326
17985
18318
18915
1150
18170
611
1607
17270
1654
16879
819
1935
2433
1145
15214
15828
16968
1607
16011
620
1052
2317
578
713
762
753
1166
18819
896
903
2547
754
1576
18909
750
14669
886
14868
14891
604
16899
1211
18084
748
1464
17710
18581
16661
18435
18923
1866
15767
18809
2122
16188
18816
589
15157
15843
1346
14596
552
16019
16360
18075
1513
1586
17388
17988
532
18464
15052
17278
480
1780
16087
15507
571
15876
15886
16269
719
16004
16483
5180
777
979
1986
1275
15408
16086
526
911
15765
18227
18770
15079
18218
18821
735
1148
13468
1539
16588
818
2317
18441
1140
1165
972
1168
14914
16579
16860
1175
14335
2539
15376
1153
1548
15284
16212
597
1358
5055
1423
17921
16840
504
1841
2003
16388
18433
18912
943
1102
1850
16572
16576
15488
16733
17970
635
1289
17676
558
1475
2332
1043
17502
807
1467
2066
1462
15804
565
1361
10437
16065
1318
17326
871
1329
2727
910
981
17657
1346
16140
906
15195
15660
1312
18005
16405
18337
523
15344
17555
1204
1422
17579
1005
1025
1163
16877
18364
18911
17072
17888
1077
14219
1646
15689
18903
644
838
15310
1364
7224
864
13982
18540
15147
16757
18560
18928
1043
16064
17554
870
1035
2072
16963
18197
675
15241
15303
1075
2133
629
17992
542
1374
16721
16218
18682
18932
15740
16499
2504
912
1461
2269
16640
18890
16638
17823
17905
1481
16250
1171
18504
18925
1677
17028
18047
687
17021
981
16675
557
15623
18412
1026
1075
13996
996
997
9144
15154
16587
16059
17726
16643
18339
1057
1787
14707
768
17160
610
2221
16614
726
787
713
969
17342
641
1890
15510
8949
863
18330
15089
17923
18411
15345
17920
18392
16401
16687
1594
16877
14883
15382
590
1527
4237
17893
17493
760
15598
18599
659
15502
18097
618
2460
9550
1691
9445
908
14731
16246
1159
1441
17291
5991
15477
15999
1076
1331
586
16340
18205
17731
17262
18867
16103
16305
817
16301
16403
664
15687
18477
1579
16612
1170
729
15619
16660
704
16646
1232
621
2055
2092
889
1509
1761
2275
15778
1338
15736
14901
15248
18862
1759
1765
18398
961
14980
962
987
988
16391
891
14706
16355
16678
1281
1912
16014
630
1193
16029
16734
17024
7697
16589
874
5595
16224
1271
18604
1618
16262
15267
15644
18754
1096
7139
932
16488
619
1368
16315
896
2219
16885
6961
14677
16122
16333
990
1520
800
15691
15935
1744
18593
1038
1497
2146
16990
17751
15920
16708
15907
16957
16317
16354
16755
17009
703
966
13941
15098
838
1000
11268
1378
1389
15428
1249
2575
16640
17221
18582
15745
16949
744
755
1049
1117
17940
18137
16469
870
1543
2353
15955
2162
5052
1091
1092
8896
1190
17682
960
1829
15367
1067
1704
17216
1480
5279
827
15296
684
2362
16492
911
17556
17629
944
1828
1459
15597
17868
872
2332
15593
1811
15798
731
9602
18329
1474
16500
798
1063
2753
1076
1176
15004
917
10698
16454
1285
17997
18489
15645
722
16050
18305
782
16790
1803
15926
15951
1937
15101
16066
876
1639
978
17893
18549
15887
17312
936
16204
16318
738
10074
14825
828
16717
1601
15351
859
1642
16824
893
16684
17593
18491
14969
15519
15106
15270
1419
15205
15626
1399
15457
1499
1541
15319
16990
18087
1635
1784
18058
749
17331
923
16186
1763
15434
710
1167
1616
2175
16227
9794
15439
1674
10046
945
18800
886
14868
15299
1284
780
1343
15805
823
1292
15641
16432
18782
2276
15229
15571
1411
15301
1181
16948
18633
13959
14952
15171
1069
2333
15042
938
1194
1223
991
15708
17057
18317
16053
1873
17388
2221
15102
9936
824
1784
17043
744
1336
17885
939
14500
18040
15935
16108
1152
13748
16696
15338
15621
1110
1128
15693
776
17177
16806
16913
833
16789
18287
1160
1161
5431
1590
15456
14575
1078
1262
18345
2687
16664
1044
14847
1032
16584
915
14449
16429
1213
2258
15817
16654
18866
15485
16568
15362
18007
1130
17910
1310
16861
1174
1175
8026
14915
1236
1732
2209
10650
1314
17950
1713
749
10038
2167
14994
17793
1385
15807
16362
14952
6058
994
18873
1442
15789
18301
15293
16778
757
14781
758
17815
1478
2048
1226
1426
10123
1292
944
16108
16265
1271
17259
16714
18211
14583
969
14634
786
1611
1691
1189
18695
1987
14932
1253
1380
18359
816
15113
1341
14891
17526
854
914
17782
15117
17745
837
18371
18894
1036
1047
2465
821
1912
17784
876
1217
1814
2689
15922
1176
1331
6187
17713
1879
15934
18462
2257
16440
1692
2047
4244
14509
18291
1088
16247
18389
1437
17946
839
1934
15217
982
9902
17861
2383
16014
18062
16304
16549
17291
1138
15744
16582
1684
16207
1074
14744
17677
898
5459
15148
14937
17989
16048
16138
985
14668
16659
14980
16552
2711
1355
16614
18365
803
16911
1613
14831
17079
885
14579
2074
15818
2262
16733
18744
15122
18295
1133
2154
6498
1521
17091
1069
14898
2102
17854
18327
1139
1140
1071
17812
1824
1876
1888
14662
1760
16710
18711
1432
14579
15559
17044
17100
1726
1820
16018
17034
828
15852
16393
16351
16809
1190
16319
16948
16530
18461
18375
18586
1324
17777
16097
16208
15985
16612
15190
17724
17046
1031
17429
17447
935
1217
1542
17388
18471
1783
2182
16275
990
16986
17996
1455
18598
17238
18428
9775
15520
18297
17856
15591
18903
16535
16854
1013
1384
1424
15503
16559
17975
16265
16520
1208
1536
17680
884
1687
17761
15912
16343
16183
17706
1505
7517
16294
949
1526
1927
17060
17078
15792
17648
16568
18607
1246
1260
17158
921
1743
16235
1307
16002
16040
1256
1320
13995
1255
13997
14976
15618
14808
2028
15408
15688
16833
16303
17025
1397
14360
1129
17066
18868
14684
14974
1945
9680
1387
15573
16878
1047
15840
1147
15563
1137
15961
17585
15674
16330
8719
18135
16067
1130
15539
18707
1150
1709
16139
16370
17175
15445
17415
16971
17045
17276
1301
15764
16573
1328
15962
17586
17764
18275
1436
16687
14857
15264
15829
15902
1208
17476
16520
16559
15522
16196
1270
1752
17132
16760
15410
17400
920
953
17008
14510
12303
17776
15090
15315
15307
16519
1809
16620
17604
1302
15865
17213
2334
14443
15469
909
2237
16685
1203
2466
2744
18232
1166
15979
1131
16060
1302
16711
15680
15701
17187
1028
1933
15911
16305
14908
16668
935
1105
1721
15009
16815
17507
18546
15846
16735
1134
16930
17512
6136
16842
931
1786
1413
1443
15641
14135
17645
1423
17739
1091
1901
18478
1183
15819
17697
1350
1836
16649
16932
17316
1265
18178
15522
17325
1096
16421
17133
992
965
15760
1648
18000
18196
14770
2308
16379
16036
18383
15915
16548
1020
1603
15598
1155
2014
1582
1416
1900
14814
16410
18256
2273
16625
1079
1933
16073
1639
15452
1856
2221
16837
1625
17219
1332
1415
11111
18793
1294
1490
1492
17740
17914
1641
15758
1046
15513
15919
1667
14601
15484
2008
18184
1470
18787
15979
16399
1028
1273
15193
1224
1329
14944
2545
1007
15447
1052
1506
1016
1042
1077
1242
1491
1529
1018
1294
1888
14860
1517
6464
16801
1063
1125
1432
1308
1367
16047
1156
13815
18528
1002
18439
18674
15052
1345
1716
15754
17203
17968
3378
1060
2367
1105
1529
1831
992
15493
18671
16567
18275
18847
16778
17443
1575
15304
14698
1795
14669
1831
1345
1516
15180
16547
16907
1081
2046
15773
10428
15058
1282
10944
1595
17712
18176
15307
16752
1120
16744
16923
17340
17527
1337
15268
18272
1472
17719
16495
17902
1126
1745
1886
13874
1398
1399
8312
1157
1286
1685
1731
1458
1638
18068
1215
16486
18731
1339
16604
16792
18112
18154
1105
1242
1083
1916
18889
16552
18592
1403
1446
2017
1271
16837
1262
16859
18892
2052
2153
16001
1911
10152
1642
14238
2252
16364
17708
14957
1098
1280
15140
2199
14770
15562
18009
18134
1153
15924
1100
17576
18432
1205
1474
17845
1142
2463
1510
1862
15452
16109
16530
16892
1049
14219
17885
1433
14153
18370
15494
18100
18244
1453
1721
18796
1278
14791
1126
1315
1720
15864
15916
2697
1089
16569
18857
1887
1116
15439
16136
15765
18283
14587
1255
1304
14613
1256
1303
14614
15038
15579
18696
16870
18919
15947
16438
1835
14346
16764
18590
18714
1222
14938
1173
1508
1664
9135
1821
1744
17238
1982
15265
17167
2206
15406
15621
1146
2196
16885
18377
16646
15643
17958
18625
1895
17690
1352
16244
16665
4926
16268
16412
2152
14808
1887
18250
16350
17696
1214
15777
15243
15655
15130
16000
18073
15244
15661
2024
15259
18791
1356
1798
15965
2258
15388
1405
17490
18141
17161
18694
16877
17016
15134
15717
10380
4149
15383
1101
17334
18321
1649
15658
15677
1266
1652
15762
17062
1239
1433
17243
1696
1832
1324
1697
1833
1369
17420
2189
2195
1340
1756
16103
17976
2130
16487
17641
1757
15813
17421
18058
18598
16377
18871
18888
1377
1487
1999
2308
17692
1288
15364
16834
16124
17443
18866
1807
17699
18388
1357
13899
1635
16432
17992
16725
17876
17319
18459
18538
15317
17768
17853
1693
15594
15713
1165
1852
7286
16866
18283
1141
17142
17691
1346
17141
15505
15038
17505
17630
1556
15582
16866
17351
17264
16083
1609
15517
15589
16110
16830
16397
1325
1789
15893
1513
17858
18471
1614
17472
16893
18192
1737
14623
14631
1518
18379
1514
2084
2588
16818
16366
17030
1236
2208
1657
1771
1475
15189
17704
1170
5140
15907
18494
16792
16938
2466
16323
16467
1603
17568
18884
2228
15436
15802
17299
1689
1870
1319
1609
15586
17959
18486
11985
17796
5442
1580
1980
18104
1523
15214
18282
1737
18044
1232
14912
18021
1661
15768
16852
4719
16371
17703
18393
18478
1611
14635
9214
14661
9450
14846
1449
17576
1519
16697
18320
17526
1916
15149
18550
1199
18466
1305
15278
15957
16337
16552
1615
17428
18172
18234
18684
1366
16331
18160
1193
1241
11094
1551
14239
15734
17058
18374
18811
1459
1909
16337
17115
18615
17228
15562
17444
1297
2282
16361
1230
1417
16677
2091
15466
15809
16769
18902
1996
15784
18026
18301
1204
1793
1882
1794
15130
15433
2728
15752
14832
1816
15761
1447
14863
15124
1442
17998
14981
17654
18502
1333
1624
16005
18076
18568
1321
16474
16919
15990
17600
14396
16335
16829
16961
1245
15152
2155
2492
16660
1370
9455
15284
17478
17545
18067
1435
2218
15686
1290
2596
1421
1729
14840
17897
1241
15903
10183
17128
1382
1775
2005
1493
15259
16963
16138
17083
1355
18821
15506
17028
2157
1781
2199
16645
1484
15774
16862
10851
15869
16032
15669
1444
1689
15560
10918
16252
18158
18881
15767
15899
15015
1247
1462
17065
16295
16920
9456
15440
16940
1697
1874
1659
14605
15062
1660
14580
18412
18878
1339
16674
18050
1261
16163
17243
18424
5846
17917
15321
1898
1855
15104
18577
15597
18227
18547
1425
16493
18855
1564
16277
16066
18126
1276
1699
16937
15824
17669
18640
17889
18453
1498
1541
15419
15790
17024
1734
17537
17973
1710
8616
1439
15968
1517
1900
18814
1430
15567
1279
1315
15884
18558
16724
18247
16508
18668
1915
1461
2011
1463
14968
15978
17516
1344
15251
1742
15868
17851
2148
1375
1822
15560
1608
2000
16758
2251
15166
15801
15908
15543
15847
1485
1790
18322
2146
15167
17655
2028
16086
16540
1779
17635
18851
1466
15250
1812
1921
16334
1690
17105
18724
16307
18241
18242
1643
17223
17404
1711
1712
15741
17655
1469
16256
17272
16781
17930
18350
1869
14035
1661
5451
1393
15727
15270
17601
15154
18558
15868
17193
1456
17054
16938
17095
3801
16058
17307
1409
17102
17099
17931
1482
14742
1623
2325
16151
17065
16037
16380
1450
1729
2228
1835
16828
18573
1719
18668
2768
14980
15819
18458
1988
11798
15166
16448
17039
1351
1991
2194
17909
18113
15391
16943
15694
16623
1638
3748
18255
15436
17424
17664
18221
1854
2082
16277
1532
1409
15058
14846
15810
18243
1404
15691
18078
1483
18760
14988
18082
2161
17881
1907
15870
17801
18107
1717
1979
2065
15079
1367
17485
16168
17199
15540
17524
1377
14934
2124
13832
15870
1732
15184
1707
14516
15483
1383
15875
16941
1589
2784
1682
1715
15269
16759
1511
14746
15176
16020
18772
8135
16536
15748
17410
16698
17449
18774
1401
16142
18673
14876
15207
1376
5771
10402
16897
15140
16978
14832
15545
17785
18571
1879
15503
16602
14908
17701
1557
18193
15481
16027
15971
14916
15731
16878
17107
18340
16032
16658
17833
14968
17626
1918
2062
1916
15789
18749
15759
16770
18117
1424
1891
1651
15297
18492
1530
1540
14542
1531
14539
15851
15285
16452
10440
15568
9572
16192
17117
17114
18253
1575
18467
1516
1716
15581
16658
18188
18905
2003
2014
1934
15755
16975
1604
15189
16389
2268
1546
15818
16339
1788
2007
1701
6780
16874
1622
16816
1478
1491
2348
2251
5388
18814
1742
1779
1538
15661
17529
16789
18036
14814
17483
18917
2015
17060
1705
15906
17321
15396
16724
18730
15361
16996
18293
18926
1597
2271
2298
1466
1578
15273
1925
15234
2002
15211
15530
18126
1700
15260
17361
1968
2112
17753
1838
11751
16844
1645
16415
1647
2224
16199
1637
17384
18768
16985
18461
15392
17190
1731
2251
1746
2016
14128
15043
17530
17848
17420
2014
2015
2131
14716
15384
15793
17144
18310
1680
17457
1826
15996
16875
17043
18885
1599
16264
11522
15377
15732
15736
16422
1760
1847
17306
1870
1681
1471
17519
1911
1627
18460
18683
16187
15062
15867
2058
14709
16161
16585
16236
18908
1583
1832
1584
1833
1781
1905
2523
2196
2029
2158
15246
16094
16446
15015
2255
15519
1778
16472
2256
18926
1644
16754
2299
18827
15573
17763
1598
16052
2185
15447
1867
17203
17823
18248
15524
16066
18869
17940
14927
17568
16876
18740
7658
15390
15557
1758
15772
16420
1616
1875
1768
2040
1997
15407
1641
17390
2137
2319
1746
1904
15116
2035
14262
14565
2343
17219
18481
15446
16653
2043
14599
15312
15758
17870
1691
14583
2018
14554
2057
2073
2273
15533
15465
17413
15528
1522
2042
1524
1820
2043
14817
16539
2320
14748
1570
18684
16986
5188
2071
2248
2068
2250
2090
2247
2085
2249
17052
15292
15718
1695
17381
15555
1544
2057
1547
15009
1545
2023
1558
2056
15891
1559
1617
2058
2097
15892
16254
14262
16496
5911
15230
16569
18463
7947
15714
2154
17198
1947
15493
16067
1952
14628
1953
14574
1954
14606
1955
14568
1956
14566
1958
14553
1718
1962
14585
1957
14566
16872
1964
14594
1959
14613
16969
1851
1966
14560
1965
14560
14840
1967
14620
15607
1961
14601
1969
14616
1971
14578
1972
14585
1650
1973
14586
1974
14576
16883
1975
14489
14608
1926
1976
14602
1977
14637
2222
15331
18111
14527
17191
18773
17641
17654
18088
14979
17595
18880
1761
15231
17440
18513
18644
15494
17500
18382
1733
1738
16512
1733
14893
16693
1922
14943
16776
16555
1885
14522
16972
17852
1762
2046
2004
16393
16961
18613
14038
15303
17519
17049
1634
1600
16070
18897
17130
17324
2285
14863
15839
2153
15993
18469
2242
15309
17883
1837
1880
1907
1808
16150
17071
1628
1910
17099
17016
17421
2111
16380
1756
1841
12594
2358
15006
1785
16430
15528
17267
16486
18234
1929
17321
16712
18700
16918
17451
1755
16395
16457
2156
16039
16740
14869
1777
2027
8003
2378
15175
15280
2173
18748
15706
1664
15960
17595
18376
2137
1718
16208
2053
2425
1726
12532
14991
2265
2405
16325
1633
2625
16074
17901
18795
17247
18813
11778
17446
18879
1628
1815
1939
15598
18219
1839
2142
15581
16032
1696
1921
15574
1871
1872
2202
16543
16898
16306
17850
2104
17055
1798
1878
11952
16549
17118
15482
18045
1653
2380
16184
17171
2133
1710
15763
16534
18765
15695
17780
16859
17560
1845
16686
1844
16490
16890
15361
17129
18488
1673
1675
16656
1796
2285
2141
2201
15125
1780
15855
14259
14799
1865
2010
2128
1848
1849
2359
1922
2038
2598
1681
1813
1874
16084
1668
17343
18876
1675
1703
2174
15582
17598
15799
2094
15987
16863
1903
2311
2365
2626
15721
15747
14965
15708
16636
1768
14336
2145
16395
17067
1791
1899
6097
17432
17537
1736
2191
18179
18316
17271
2123
2194
8235
2165
15289
2123
14881
16165
1898
1918
2088
16641
18506
1818
1938
13832
15389
18288
18831
15749
16464
15854
16709
16988
18034
18845
2198
16117
17651
16264
18407
18621
14997
17484
1727
14194
16314
14959
16643
1881
16988
1882
15337
15668
18442
1708
2036
2565
14420
17610
15879
1951
13995
1950
13997
2217
15378
14035
16559
17717
1991
2409
1981
1802
17063
14997
15322
17605
2011
16676
2155
1817
15247
18793
1825
2111
15974
17409
18712
2385
15131
17762
11955
14409
15424
16670
18159
17606
17002
18094
16834
14538
17481
18419
18573
2108
16095
17833
1834
2125
16449
14797
15257
16715
17154
16680
17877
1868
2443
18324
18851
2176
15850
2157
15682
14817
1819
3960
16055
1917
16591
17650
16167
16190
2280
15000
15208
1804
2009
16340
14346
17391
2197
15656
2033
16096
18029
16857
17266
14787
18226
18860
17168
17189
18172
18401
16663
2373
15512
14688
14773
17150
17904
17263
17428
2473
13903
17009
15190
16133
18853
15323
2211
14874
14911
1775
1855
2104
1881
2342
1854
2079
14241
1796
2093
14240
1979
2086
14242
1864
1991
14467
2100
2110
17862
18031
16092
17774
14801
18311
18504
16070
18442
15376
15418
14489
15534
16608
17514
6608
15741
2131
14818
17378
18137
18323
15672
16991
16876
2204
2205
16541
14703
15848
15891
14752
2012
2013
10022
1994
2112
2572
1945
9066
15179
2239
17666
17999
18201
16604
16885
15084
17143
18032
2666
15455
17241
15894
18435
16843
17541
17513
17937
1859
1902
2121
2117
14832
15451
1867
15117
16442
1902
1949
2020
15192
16784
17814
1839
1920
11940
16268
15282
2220
15224
2395
16154
15266
15727
15354
17084
18020
12232
2480
15035
15093
17815
18793
1923
14666
2264
14875
14903
16217
2115
2151
14994
15892
17720
1948
2139
15476
17638
1914
15920
16659
18671
11879
1858
2179
2397
15851
16061
18708
18856
2178
15769
18166
16592
16802
1960
17608
1963
15801
18456
18559
14773
15532
14128
15044
14678
15207
2240
17701
15883
18464
18620
18898
14732
16672
2001
2006
2064
2247
17283
2069
2248
2249
2083
15840
2089
2250
17212
1940
2410
2166
2216
17861
18470
14934
17992
2253
17495
15333
2168
8282
8286
17439
17324
17531
14748
17603
16051
17893
14977
17787
5268
15966
18164
2187
15049
16800
18915
16399
17890
16784
17814
15994
16100
15015
14403
2173
2347
14918
2133
15404
14789
15698
14962
16527
17792
15338
15836
16865
14660
15565
16003
16747
18847
1908
18431
10923
15092
2268
3788
14929
2164
15383
1910
15021
15288
2010
14673
2007
17414
1928
2215
14368
16170
18490
17066
18702
16081
1992
18125
1940
1944
2350
15667
16880
2238
17758
16236
18787
2538
15711
18146
1939
2294
2140
2302
2312
14778
15620
16057
2358
15352
15480
17283
16722
2019
14339
2279
17451
2153
15423
15992
2473
14918
14982
1992
2022
15918
18582
2267
15998
1946
16997
2024
18637
1948
2103
2041
2099
15297
16997
17753
2314
2345
15769
2315
2346
17624
2227
8259
16489
15759
18332
15008
15157
15870
2001
2283
14691
14695
14693
14699
14701
14687
14689
14706
14690
14705
14698
14702
14685
14704
14686
14692
14688
14694
14700
14696
14697
14928
14703
14709
14710
14708
14707
14712
14711
16974
17220
17293
13783
15978
2021
2031
18017
16896
17775
2540
14954
8289
15405
16226
2021
2026
2027
14835
2022
2026
3393
18655
17245
17592
2421
2185
2186
2056
14700
14854
14973
17918
15008
15702
14789
15585
15727
2039
2121
2193
2172
15733
16214
15811
2050
2051
2163
2193
17101
15316
16042
18205
2016
15441
5694
17900
8142
2303
2044
2031
2098
15231
2149
2444
15249
17550
15512
14936
2257
17080
17085
2225
2340
17071
2417
2191
15683
2245
15426
2463
15808
2373
15920
18591
2108
17967
2113
17720
14981
2564
14905
2292
2435
17452
9858
17551
2302
15367
15157
15169
2283
14827
2316
15500
2317
2098
2114
2159
2390
16694
15728
16145
16739
2217
15399
2218
2223
6724
2314
17233
2315
17089
16391
18657
2144
2181
2443
16873
18619
15550
15830
2323
2322
16813
17605
18076
14555
14557
15550
14597
14620
16541
14636
14638
14610
14618
16910
14588
14602
14570
14584
14605
14607
14556
14576
14746
14598
14632
14593
14609
14592
14612
17574
14582
14609
14569
14628
14574
14619
14568
14615
14604
14612
14675
14565
14621
17453
14589
14598
15214
14596
14621
14563
14572
14616
14626
17410
14558
14626
14572
14637
14559
14619
14569
14582
14564
14593
14562
14584
14581
14607
17091
14614
14638
14556
14632
14588
14599
14595
14610
14557
14615
14591
14597
15183
16494
2127
14424
15223
2155
16442
17457
17353
17477
16627
2246
15268
2170
2295
2115
2126
2366
17430
18474
2294
14021
14570
14764
17063
14580
14764
16697
18127
15653
17473
18548
2169
2193
2328
2714
2338
16649
2128
2329
2392
2134
2241
14435
16823
18199
2507
14777
14822
2166
2375
14913
2179
2212
14920
17702
18313
18633
14934
15703
16665
2236
2214
14805
2215
2654
2183
14664
14900
15294
2399
15850
15937
17235
2225
2418
2387
14419
14750
14812
15487
15964
2351
2389
14738
14021
14430
2599
14833
2352
16400
15869
16771
16425
17267
2233
17270
15681
17266
2296
2390
14199
18806
2266
2415
2234
2350
15647
2190
2295
13782
17506
16731
17906
16053
2431
14784
2305
14475
2212
2229
15397
17151
18305
15394
18200
2429
2452
16490
16544
15798
16823
14673
17046
15336
16437
2452
2457
2457
2477
2177
2200
2368
2429
16207
2367
14336
15209
16884
17819
16450
17895
2281
2287
18051
18194
2260
16647
17912
2306
14666
17734
18756
2200
16904
16710
16933
18563
8277
8275
15449
14430
14895
15799
17699
18893
18859
2366
2477
2295
15373
15546
16347
17418
2528
17810
14959
15144
16210
15425
18208
2216
2447
15071
15038
18499
15340
15648
17894
14734
17939
2384
14200
16476
16563
15463
15628
16619
14589
15096
14625
15096
2622
2661
14753
15060
15359
2261
16722
17887
2514
14909
14451
14279
15697
14004
15469
2394
17141
16374
16634
5547
15685
2632
15252
2318
17343
17658
2234
18162
2272
2436
2403
14508
14810
16305
18098
18672
2341
6003
16434
2371
2411
2338
2284
15087
16178
2392
2618
2288
2289
2454
15795
17337
16158
2340
2423
14464
14820
16902
17499
2640
15143
16348
16898
17505
14467
15694
15415
14460
15400
2412
17261
17656
2416
17879
2397
2474
2514
2618
16757
18244
16830
5535
14839
15526
16326
2453
2474
2400
2453
14977
2418
2470
14400
15240
15495
16767
2277
14193
2274
2368
2426
17333
17659
2671
14645
15159
16193
16499
2393
2400
16047
2281
2344
5994
15749
18152
18274
2490
2517
17394
17710
18232
15189
16944
15355
15716
14332
2417
14936
17419
2435
2640
5224
2363
2371
16011
14279
14309
2462
17404
2331
2401
12032
16609
16812
2396
2597
14079
2486
15054
18374
15095
14837
15648
2361
2396
2475
15352
15740
17224
17869
2378
2379
3409
2380
2381
4750
17240
2356
2422
2335
2436
2312
2411
2330
14469
15375
14702
2310
6999
15683
10206
16540
2439
15223
15122
16829
17140
2463
2470
16150
15862
15863
2339
2340
2401
2465
17198
2464
13799
2405
2406
6593
14396
16152
14561
15335
17471
14449
16147
16526
2476
15893
15675
15919
14267
14498
2505
14350
16538
14134
16361
18409
18801
2393
14478
2444
2502
14145
18223
18721
2505
2547
14937
17964
15023
15139
18397
18522
2433
14353
17715
17716
14635
15360
15168
15399
2357
2546
14121
16034
14797
16853
2487
15067
8290
15730
2430
2431
10512
15533
15572
16625
8242
16596
2370
2542
15403
2360
9043
10539
16578
14503
14845
15762
18440
15933
2365
2386
2472
15467
14665
2501
15905
2386
2441
14274
2377
14079
2532
14099
14286
15773
13982
18515
14096
14279
7005
14347
15890
2468
2498
5837
6374
15281
3847
8786
16185
14932
15699
16516
18013
18452
2513
14788
14910
16050
15554
2657
14291
2404
2544
2585
2638
14276
14345
2696
14270
14280
14523
14428
2521
2522
16831
17052
14521
14805
2450
2510
14829
2408
14929
14643
15874
2499
14028
14064
15359
16368
14162
14450
8625
6331
16326
2494
14402
14513
15225
15633
2410
8259
2529
16495
2434
2531
8245
2479
2480
4606
2502
2512
2530
14948
16187
14413
12887
16013
2486
14754
14999
15160
8239
13777
2547
14447
2438
2450
2549
16558
17594
2538
16642
2481
13796
15014
2517
2571
2646
17427
5029
14785
9250
2461
2567
2584
17210
2687
13777
15105
15577
2549
2732
14174
2488
14143
2472
2654
2449
16550
2571
13888
2583
14763
15088
17734
14444
2467
2560
2621
2447
2506
6556
7161
2450
2732
15026
2456
2695
2455
13912
14387
15024
15136
14386
2499
14118
2500
16091
15218
2459
8235
16977
16060
16634
17687
14209
14351
14350
14517
2572
2574
2573
16324
14047
14268
2478
2597
2527
14017
14020
14765
2510
2543
14875
13990
2705
14964
2491
14940
2576
16431
15013
2493
2550
11942
15034
6241
2537
14312
2491
2493
2580
14001
14186
14232
2561
13785
14161
14517
16164
16359
17904
2586
2587
2510
2592
2539
2540
8710
2512
2519
2597
2687
2695
2515
14252
15115
2500
2531
8243
2541
8233
16420
2534
2553
13965
2566
2582
14359
13805
2595
2596
14159
2535
13964
14009
16871
17037
14510
2628
15185
14734
15885
2516
2525
2541
17380
18565
16025
16072
17843
14246
2607
2608
14804
2631
2663
2558
17943
14274
2564
2565
4789
2646
14248
2545
2559
15760
2615
15551
2614
14132
2524
8238
15502
13774
2557
2641
13818
14231
14448
15033
17281
16315
2625
17933
2695
2717
13976
2724
13974
13975
2548
2709
2628
15692
2735
13968
13969
2551
15078
2632
6286
9327
2582
14133
13905
13952
2562
14473
2570
14256
14493
2554
2585
14115
2566
2581
14031
14228
13772
14362
14757
2676
14285
2562
2647
2562
2667
14490
2598
2599
11437
2635
13776
13805
17164
2589
2593
2620
13818
14243
14261
14031
14057
14828
7608
10324
14025
2611
14418
2569
2588
8285
17499
2604
13801
14328
2651
2650
2653
2652
13924
2678
8244
2658
2659
13796
14536
14880
13768
13872
13902
8288
16619
17725
2594
14762
2663
14037
14012
14057
15438
2636
14196
14285
13901
16433
2664
2665
2678
15838
16563
2633
8258
16713
2601
13791
13986
13905
14152
2604
13816
2631
15007
2668
14918
17048
6007
8077
2675
13795
14524
2605
13852
2603
8233
17168
2626
8232
2624
14017
2676
14030
14036
13858
14431
2673
2674
2641
13824
13883
2613
2670
2682
13838
14774
14053
14156
14405
2644
14759
2680
16140
2679
14158
2649
8247
15836
2694
8258
17925
14852
2656
2657
13028
2634
2635
2666
14367
2623
4758
9145
14656
13775
13889
2681
2694
13814
14355
14366
13963
2630
15895
8270
17227
15050
13862
2666
13788
2710
13838
14039
8283
15041
17693
2639
8847
2703
7016
15126
13961
13844
13851
14472
2719
13840
13885
14214
14646
2671
2672
12071
14379
13870
13878
2660
14094
14118
13830
2697
2698
2699
13949
2700
14181
15605
16159
14339
8253
14992
16107
11199
14292
8773
2702
13757
16473
16864
13786
13790
14657
14990
13752
13798
13804
14063
2704
13917
15072
15429
13870
13927
2705
16030
13786
13845
13896
13784
13910
12863
6862
15350
13794
14958
2706
13875
13810
13978
13955
13784
13809
13893
2707
16260
2708
17492
15238
17979
13854
14383
13899
14056
14824
13776
13792
13825
2686
16286
8272
17172
2689
16444
8274
2691
15385
8281
17729
2693
8226
17567
15981
14291
14739
2713
15541
16386
2711
2714
2712
14218
13789
14034
14093
2715
17892
13780
14288
2718
16057
2720
2721
13800
2723
14385
2722
14221
13878
13977
13792
13835
2726
2725
2728
2727
16274
2729
2730
2717
2736
8143
10059
2733
2734
13891
14028
16529
16585
2737
2738
2741
15646
2739
2740
13976
14266
2742
2744
2743
14062
2745
14315
2746
13778
2747
13759
13432
13755
13758
14323
2748
15620
14022
15618
13963
13964
13761
13979
13754
13962
2749
13745
2751
15530
15559
17160
2750
2752
2754
14103
2753
2757
13748
2755
2756
2759
13765
2758
16468
2760
15152
2761
13756
2762
2764
2763
16098
14107
17138
15341
2767
13750
15540
16423
2768
2812
2766
2769
2784
14464
2783
2787
2801
2802
2822
2823
16087
16384
2837
15211
2835
16496
2776
2781
4368
15320
15816
2972
14232
2970
2971
13939
2772
2775
4911
2773
2774
5693
2834
5196
2830
9737
2844
11192
2836
6006
2827
6955
2778
2831
10797
2780
4707
2794
7156
15233
2782
4936
2852
8177
2788
8659
2986
2988
17733
2788
2789
4824
2789
2790
5870
13742
13787
6816
11058
2793
5872
2859
2870
8305
2863
2873
9155
2798
4344
2800
10694
2865
2872
8911
2799
11551
16964
2874
2879
7641
2799
7172
6666
2803
5400
13694
16426
3026
2892
5428
2808
6316
17042
2807
5231
3037
11099
12759
2821
7254
2832
6110
2977
5424
9311
2876
3159
17515
2812
3564
13720
17791
2841
2876
5462
2922
3020
3053
2900
2903
4950
2817
2819
5542
2928
11862
2921
2939
9293
2825
5638
3017
3067
13254
2889
9851
3575
13747
3121
3123
2826
2927
4885
2833
10776
2838
10349
2874
3246
2854
2906
5900
2914
3369
11714
2865
3276
2859
3516
3436
13202
2878
12067
2872
3276
17680
17700
2879
3246
3156
2839
7151
2842
6048
2863
2864
3455
2938
2980
2907
5425
2973
3974
13507
2870
3516
2853
2949
5603
3006
3668
5538
2899
2976
2995
2889
3100
10182
2868
2869
11843
2882
3034
9654
2942
3101
13099
2873
3455
2857
5530
2861
10279
2989
2995
9956
2952
2958
5654
2990
6616
2981
3001
9125
10296
2975
3013
8385
2915
5057
3005
3007
12107
5554
2881
3559
7392
2894
3095
5568
2882
2930
10868
2901
12945
2896
4946
10140
2878
2888
10540
6925
10552
5483
2884
3112
5222
3262
3058
3698
8447
10788
10907
2966
3038
7963
2901
8859
10588
2982
3316
9467
2891
7290
3024
3031
5916
3121
3575
13666
3105
3540
5214
2911
5157
10886
2898
2913
9391
2945
6004
2939
3162
2904
2973
9049
5113
6091
3138
3488
12557
3037
12869
2902
3039
10503
2940
11442
2905
13656
2921
3162
13341
3059
7173
2975
3326
2918
6714
3010
3170
3005
13526
2930
3966
4109
13315
13476
2943
3056
7775
3049
3057
6423
2960
5074
3022
3711
4605
3341
11290
3204
13581
2956
6232
2978
4728
12974
3062
3504
10057
2925
10711
2944
2954
4225
2974
3279
12108
9274
3010
3146
2937
3064
12646
3042
3067
10766
2998
6177
2942
2997
9728
3006
5175
2994
3046
2934
3018
10435
10876
2998
3494
9779
3099
3111
10118
2955
2956
3438
3074
5413
3048
3050
7822
2967
3028
4972
2946
11321
3032
5206
6121
3085
3346
2953
2984
7778
13497
3110
13057
3704
8833
2997
3800
3132
7182
2954
3179
6393
3174
4744
10405
3105
5156
3086
3167
3447
2969
4333
11251
3013
3326
3015
6632
6905
2983
6294
10704
2962
5841
7985
2966
3692
3027
3032
3047
3001
11240
2962
2964
5866
7157
3146
3170
6665
3492
12790
2968
3122
11861
8482
3169
10403
3003
5551
3040
6371
3564
17897
14313
16740
3532
3535
13647
13181
13975
9274
3704
4499
13689
13734
3182
4574
3683
5098
12678
3027
3159
3053
9890
13490
3061
6661
4825
7919
3014
3128
6386
3613
13770
4412
4697
6355
13291
13743
3704
7113
3031
5851
3200
4016
7314
3040
3084
4054
3085
3418
7789
3070
12727
6868
3000
10427
17113
9231
13217
3243
3495
6787
3113
6221
6492
3157
3389
7280
3071
6920
3045
3292
4135
11002
13599
4057
8553
3012
13149
13698
3023
3209
11495
10075
3014
3065
5259
13407
13679
8482
10612
3802
4143
3097
3241
8457
3268
13291
3174
10691
3247
3258
8424
3124
9028
3173
3301
10337
12369
13317
3033
5247
3049
5652
3295
3522
5228
3735
13710
9473
5871
11137
12969
13069
13598
3118
3365
3671
9505
8139
10885
16571
3112
11133
3066
3395
3577
3051
12732
12913
13700
3064
4479
7299
13089
11011
3076
3221
6324
3416
3430
3141
12204
12576
3114
3328
3695
3190
3662
4973
5263
3341
11442
3132
7039
5851
3349
3353
3301
5455
11327
12966
13441
11240
3065
3139
4778
3133
3202
9251
3389
10882
3099
5191
4267
13573
4166
4697
3073
3077
4740
3205
5818
3179
12134
3372
4488
11366
3692
10462
3476
6444
13622
3131
3619
5700
3110
3226
10415
3100
9851
3090
6206
3075
3090
4246
3338
8067
3154
4570
3368
5164
3388
10382
8534
9290
3328
3483
8629
3211
3231
6335
3087
3939
6251
3392
3537
13399
3370
3430
9257
3119
3200
4335
3104
5307
10294
3176
5622
3623
10541
4057
7803
13231
3094
3846
12085
4925
3185
4238
12386
3212
3263
3404
3116
3223
5245
3758
6008
3106
3572
3119
3199
11434
4018
6738
5294
12971
13018
5652
12898
12974
13006
3130
3137
13004
3313
11907
13261
3116
4860
13533
10436
11205
3137
3198
10375
3192
3291
8755
3152
3307
4121
5890
3122
8513
5094
3525
3541
3346
3418
3180
3947
11179
6619
3135
3136
5147
3202
5649
12102
3314
3399
5718
3987
5191
5154
13766
3364
6795
4171
12023
12239
3161
10449
15546
3249
5111
13079
3392
3408
3863
13421
13687
3247
12231
3652
12417
3780
3256
5334
4366
11208
12718
3177
9470
3437
4051
12155
3504
12556
3303
5621
11538
12248
13716
13152
13384
3178
4053
4836
3380
3428
5821
3499
4620
17206
3229
4012
8683
9890
10080
10715
13400
3222
6057
13546
3297
3482
9622
3164
3507
10492
3466
3932
11169
3205
5777
3604
3931
10803
3166
11281
3261
10361
17125
4036
4115
3231
8017
3720
3872
9207
11699
3290
5346
10750
4069
4395
3467
3230
3484
8917
3848
11894
3215
3230
3241
3308
6250
3370
3416
3175
3614
3866
3292
8738
6868
3462
3651
9176
3190
3527
5487
3671
9399
13465
3211
4373
3234
5007
3420
7941
3642
10671
12556
3680
12179
3242
3732
9727
3253
13160
3265
3608
6112
3679
11672
12770
3719
10738
3229
3236
8008
3270
3461
5450
3319
3431
3843
3267
3314
6820
5913
9103
11438
13518
3354
9263
3408
3537
10911
3203
3422
5809
3987
5154
13070
3423
3452
4489
3219
3719
9444
5099
6782
3221
12233
13246
4267
9587
13239
7696
3457
10181
3958
13353
4817
3530
3637
8194
13212
13311
13562
3312
3348
4330
3338
4513
3433
3519
8868
7223
3239
13039
3556
3658
10550
3358
4366
11210
3426
6957
3472
3807
3919
3427
3716
5685
3607
4499
8833
3288
9592
3883
4278
5107
5302
13076
13519
3513
3895
3353
3466
5691
3273
3488
13285
12099
12447
3274
3656
4788
3469
5580
10600
11414
5604
10882
3391
5461
15164
3260
3442
3490
3340
7777
3496
8440
10781
3286
7642
3245
4005
10877
3312
3517
6807
4656
9196
3709
4069
4520
4968
3568
12068
3291
13132
3629
4116
4198
4279
7650
10474
8633
4197
4486
4792
3903
10553
3352
12223
13237
3919
8043
10224
3285
5584
16982
4018
4968
3424
3903
12005
4030
11984
12032
3332
5915
3366
3553
5895
4143
7778
3526
7086
11131
3339
6598
3452
10328
4182
12048
5099
11541
3420
4864
7681
3489
10848
3335
9023
12517
3483
3695
13180
13744
3442
5091
13393
3330
6489
11823
12327
13048
3439
3733
3954
11812
12913
3793
8946
3599
3654
6372
8529
3337
3566
8587
4587
5355
5464
4333
12818
3282
4494
7093
3533
4571
8039
3330
6695
4102
4459
11870
3324
3865
11453
3464
4260
3622
5980
3320
3524
10643
3311
5394
3490
4365
5091
4656
13240
6712
5468
3383
3525
10967
3362
4873
12819
4348
12309
3471
3774
3862
3960
12090
3308
3377
12403
3567
5050
5350
3406
3487
4649
11412
3372
3456
10385
3315
9537
3648
3762
6865
3783
11500
12349
3753
8727
11195
3397
10618
12655
3520
3684
9482
4506
4679
4920
3693
4404
7523
3577
13121
8401
3552
9483
10067
12369
10395
12791
12811
3394
4005
9581
3712
9411
3342
10836
3707
4830
11603
3373
3576
4795
3398
4206
12578
4317
11712
8572
10853
12981
9987
3682
4337
5102
9025
3337
3546
4988
10170
3669
4196
12154
3448
3806
3901
3933
9503
3339
3444
8023
12164
12240
3803
3830
5408
10117
10335
7995
3586
11297
4276
3641
3941
3538
3921
5249
3425
3825
12749
3871
3937
4543
11587
3470
3941
10643
3860
8390
4532
7579
3921
4446
4637
3769
4557
10901
11292
13392
3780
3458
7886
5012
7555
12701
3551
4061
9806
4315
4393
9397
3950
5273
3881
3889
4414
3536
4124
4273
4050
9515
9955
4248
12798
3829
4582
4079
11203
4080
11953
3509
6150
3375
4313
4450
3658
4849
6204
13133
7768
4581
5337
10637
13111
3426
9019
3410
13290
13532
3626
12958
3395
4092
7825
11741
12204
5150
7556
3403
4262
9620
3666
12786
3734
4255
4379
4437
5727
11850
3478
3713
3741
9410
13553
4066
4880
5345
4819
6522
10993
3828
6369
15615
3530
6377
13063
3844
3998
5295
3485
6353
6652
4136
4156
12520
13687
7754
3412
6534
11350
3441
6243
3421
10804
3684
6178
3431
3977
4856
3481
3689
3796
3422
3562
9556
5291
11735
10940
11149
3440
3712
5698
11354
3728
3747
6850
4754
3415
10687
13046
13318
3808
9795
15444
3950
13096
3610
4041
5507
3624
4584
11173
4313
7462
8977
6690
11761
12719
11582
3475
3599
4311
12219
3753
4861
6227
3740
8664
4853
5887
3547
5625
8457
4219
5008
5118
12897
6130
6442
10987
6179
11064
3967
4162
10463
3689
5067
3609
7198
10780
3621
3860
7674
3553
10587
4458
4917
3591
10077
4323
5546
3508
13241
3660
4983
6692
3906
5108
5596
3555
6334
3515
3790
8898
8593
9620
11890
4510
5611
3953
3984
3649
4460
5145
6183
12502
13122
3593
3706
12495
5298
3462
4755
5484
3543
3964
9653
4529
3784
11395
4204
12351
3884
6239
5834
10986
15657
3856
4309
8172
3915
11642
9085
4579
12401
13197
3649
4434
3696
4293
4619
4532
3899
6240
3718
3927
4612
3816
12496
4255
10325
3474
9232
5910
12716
4195
4811
10760
3640
4713
4131
4456
3754
4864
4771
5407
9715
3517
4330
4352
4375
5037
3730
11163
15790
4019
4308
6610
12374
9436
4574
4968
3620
5710
3868
4096
5678
5285
5808
11432
3561
12161
11976
3636
10403
11137
3518
6231
4975
5325
5794
4825
6632
9029
9290
4051
9470
3802
4163
11834
3822
11884
16683
3566
9701
3694
4471
8634
4172
11801
11982
3758
6199
11872
4104
12447
13371
13285
4519
5040
9947
4193
4811
3651
5484
4391
13185
3585
4691
3763
3815
8481
3731
4023
11009
12822
13219
13633
3562
7842
3663
4328
11005
3837
5912
12087
4376
3645
6635
3556
4849
5859
6118
3688
7502
12333
4854
5408
3544
3977
10807
3898
5522
11869
10301
11835
3901
5723
3676
4802
5534
4166
4412
10679
9631
4032
10578
11024
4776
14186
4423
10589
3778
9767
13526
11751
13753
8533
11225
6786
3962
11142
3887
11494
12320
4595
5113
3713
11742
3841
7947
16138
3867
10917
4704
11064
3845
7953
16356
3703
10660
3814
7352
4111
12448
12901
4093
4511
6887
4170
4235
5486
3893
4219
4287
4934
9644
3730
3879
6266
4052
4415
7563
11313
11552
11840
4343
4370
4990
4390
12651
3602
4165
4210
9650
10577
3925
3627
4927
11202
4906
3647
4865
11621
10151
4662
12228
3680
10467
3955
3956
8119
3869
4448
11483
4762
8997
10847
7714
10472
6253
13605
13659
3594
4042
5093
13686
3647
7322
11909
3785
4011
17859
3622
3699
5433
4910
5304
13064
3586
4240
4597
3973
5276
6725
3724
3767
7934
3654
3804
4311
4779
9791
10936
4695
5409
11708
3850
3869
11223
3653
3723
8618
3697
3772
5594
4226
6232
3948
4156
4692
8986
10042
3640
7042
3878
4137
4642
3888
3891
9153
4341
6514
10710
3836
10781
12183
5822
3784
3993
9825
3665
4257
10220
4056
8657
4417
4705
6535
10890
12914
3810
3840
7648
4084
5605
7211
4362
10605
7073
15473
4367
12412
9815
11036
4288
4694
5136
4682
11052
12741
4994
13350
5623
5961
3750
9827
14766
10393
11561
12453
3642
4108
5680
3984
7612
8380
3638
10782
3774
9433
4175
10582
4022
3911
4437
4132
12779
4347
4361
5046
3832
11896
8900
9604
3816
4278
4383
4809
12410
3785
10246
16460
4039
4678
5376
3764
4131
9188
3938
3995
8602
3963
10398
11121
3687
11534
16841
13210
13326
3769
8386
4348
10107
3805
4318
5523
6691
5547
6113
10805
3732
4168
11287
3703
3916
5549
3935
13162
3895
3925
7987
4337
9675
9999
11140
4899
11726
11936
10085
4104
12099
3773
8516
6204
3781
3935
5608
3716
6860
3706
4242
7780
5668
4359
5446
16481
4249
5013
5595
5826
15726
4169
8738
4641
4882
4140
4847
10101
5316
10171
4647
5904
4387
6751
7762
6316
13202
4173
7478
4114
5760
8556
5455
3905
5366
6056
3855
4199
9209
4026
5124
8929
3686
4330
12315
4399
5749
5390
6280
11340
3746
5122
10008
7956
12790
13247
3913
5170
10026
8528
11621
4087
13275
6820
4010
4894
6663
3713
11660
3892
7289
8342
11329
6401
3980
4079
6640
3697
3823
9854
9205
4042
4960
4269
6893
12152
4941
11422
12015
11417
13140
4913
12506
3768
5009
5070
3821
4060
12190
4118
9984
11465
11086
4320
4566
5636
7940
4467
12036
3940
4699
12100
4255
11379
3992
4848
10007
7985
10792
4874
4358
5443
9989
4879
9084
10057
12046
4116
11079
14916
4537
11300
10943
4755
9696
4013
8214
9909
4408
5600
11958
7504
11343
4510
7639
4020
4266
11157
3749
5362
5711
4099
4127
7440
7556
8737
3934
11237
12243
10173
3775
10452
7304
4141
8161
4056
10518
4955
5180
4476
5229
5330
11451
11683
13078
3746
3831
11467
5572
9615
12730
3949
8787
3839
4311
5336
5683
6892
4603
5619
7128
4220
4790
8971
4101
4577
10291
12073
5150
6961
4048
9740
11446
17743
4823
6686
3792
3835
11549
3847
4297
8551
12616
9722
12219
5019
10504
11353
4302
4995
6837
4265
4674
9119
13053
3969
5241
12157
3771
3795
4714
7617
9548
17092
10193
13249
11574
12834
3826
5811
4230
6337
12499
3882
5614
10921
5575
5611
3873
6158
6377
4033
4857
8036
3900
9718
3803
11631
3907
11093
8200
3820
9760
4074
4909
6759
4737
6190
17225
12248
13231
5066
5340
9649
5199
5232
11262
4485
4942
10381
12227
13097
5329
8653
4493
9023
11313
3797
4512
5499
4931
8965
4229
4322
8540
7856
11901
4303
5717
15710
3964
10695
4309
9824
4570
6250
6412
4839
5120
3979
7994
10240
11544
4844
5193
10167
4017
4331
10891
11176
13497
4454
6305
12060
11127
13133
13553
4565
11232
6392
7612
4063
13175
4966
10559
4444
6404
10871
10227
12809
4690
8967
10515
4034
5203
5402
3897
4914
12685
5216
5897
4258
6320
5019
5706
6184
11126
4071
4817
7716
13511
13547
13715
3880
6939
6378
11023
4073
7085
4179
5793
4261
4727
8687
5580
11545
3971
4456
4113
4953
5445
4270
8652
3938
11473
4075
5594
5635
8336
6769
11377
3937
10521
12300
4710
5380
12202
4400
5590
4238
10943
3967
6382
4683
5583
7092
4131
4153
4869
6418
5285
8543
4263
4635
10110
5698
10362
4003
11123
6464
10616
3914
13135
16798
11061
12737
4686
4693
11450
5267
8422
4890
4932
10930
4148
4251
5815
4110
9723
9815
3917
10608
10623
5288
10039
4006
9562
5291
8559
12380
3893
5008
12283
4465
9515
12911
12315
9942
12488
13143
4364
8344
13515
13692
5234
9154
11930
5324
10761
3954
5342
4102
5759
5367
7891
11716
4107
4768
6829
10563
12919
6848
12253
3988
6300
5651
11027
12531
12770
13154
13449
4006
4038
11065
3910
12912
13003
4073
5562
4807
11095
3943
6625
4851
10205
4996
11450
6017
8560
4034
11456
4055
5143
6459
4402
5518
10252
5367
11403
5930
5996
5381
8992
4190
4852
4918
16008
16048
5084
6049
11616
5073
5553
10974
8620
4207
9775
9997
5748
9951
5482
5617
5428
5893
4775
11677
7882
4253
4362
8220
12329
4031
4609
10750
4229
5043
11323
11431
4661
11501
4247
6362
17442
4287
4420
7216
6575
7703
4065
12058
4223
4941
9912
6650
7670
6478
12316
4555
5683
4363
10228
4782
9540
3976
5384
10423
12916
5081
5598
10302
12990
4213
4539
6016
4284
12615
12622
4200
8182
11484
4360
4150
4419
10972
5756
11376
4018
6062
12675
6104
9886
12103
4150
4154
4320
4049
13045
4012
8589
5423
6980
5552
11804
9738
4472
4551
4676
12110
17536
5096
11687
5227
11560
11379
4301
5475
9033
6722
10047
4669
10956
12378
4217
5423
10583
4246
6206
9702
4206
11802
4070
10102
5719
8891
11770
3986
10009
12739
4125
4321
16494
5334
9438
11278
5135
9699
4793
5353
5195
7795
12041
6257
13413
4634
10510
11226
13602
4208
4974
11966
10883
11205
4668
6425
10285
4216
4615
11837
10588
12361
12331
4480
5569
12500
12022
17687
4646
4769
6157
5732
10305
4279
4952
12045
6872
11286
5154
13148
4305
4420
4934
6036
16518
9731
4863
5140
9143
5067
9288
5918
6046
5971
6011
7369
4684
4781
5149
4638
5540
10670
12995
4133
4512
7405
4041
12396
5289
5798
8179
4099
5434
17676
4027
5788
12062
4205
5571
10987
4033
11178
6070
6791
4089
4489
6093
6172
9964
5506
8668
10786
4059
10481
11507
11181
12091
4187
5555
9668
12767
12884
13066
6447
10421
16225
4307
4789
8013
4654
5026
4413
5578
8430
12178
9824
4164
6618
13493
4188
4962
5920
6554
7242
16242
11665
12344
4793
5135
7514
6095
8565
5261
10182
10442
4396
6260
16934
5072
13300
6052
9598
4808
5722
5285
5310
4514
8745
12150
4318
8472
4650
12715
5647
10873
16335
4336
4809
7621
5189
7712
4940
12435
4356
4503
4533
4394
4509
7385
13195
15544
5543
8656
5237
12643
11732
11472
4237
4719
5036
5279
5338
4078
4124
7174
4813
5168
8355
10673
4987
5133
17670
4969
7090
5000
7027
10137
11687
12720
12753
5515
6370
11048
4098
10375
13010
5001
5184
9692
5055
5411
4446
12321
4197
12114
12183
4155
4645
4171
11720
4199
10834
5241
11969
10325
13526
4392
6014
6235
5571
10872
5458
12690
5522
12197
5387
5727
7986
4743
5032
4538
5697
7861
5496
6155
5471
12250
4218
7546
13676
5264
11310
16808
6189
5715
7065
5777
6024
6604
10939
11266
16172
5378
10066
4854
10819
4202
10221
10614
5153
6699
10334
6596
7186
6653
11432
11812
4377
6103
11537
4507
5689
7299
4511
5691
11169
6138
10680
4943
5657
15222
4495
5078
6397
6626
13527
4553
4583
7420
5823
9990
4453
10808
11617
4851
6134
9638
5030
11909
6000
9452
4139
5813
16448
5052
5315
17634
6573
11403
4203
4794
6812
5709
9626
15908
4256
4723
9041
4868
11827
12859
4167
5299
5431
11597
4425
5326
7872
4912
11695
12346
11635
12536
5502
8084
13069
13691
5582
7633
5151
13155
4732
6519
9599
11718
16412
10473
15127
15709
17069
10833
4334
7767
12323
4909
12029
4280
7764
8528
4403
5804
8342
4770
5818
4407
8950
13343
4524
5449
11443
12355
4181
11109
4502
6388
9808
5585
6629
4245
4653
10232
4831
10176
16002
4805
5076
9247
9780
12855
5742
8416
4567
4833
6952
4411
7911
5332
5588
5420
7085
5438
12096
14360
8854
9598
5327
12133
5342
8750
4161
8488
12882
12231
4721
5168
6941
4985
5471
7375
4565
4641
11986
4202
5825
5899
4337
4795
4685
11209
11197
4369
5300
5333
4829
5134
9435
4509
10844
4191
8370
4245
4515
9596
4332
4685
6111
4791
4842
9820
4671
8840
10689
4845
10869
11245
5949
7588
8516
11343
4558
10304
5934
7208
4306
8696
5958
6101
6548
4494
10170
5487
6019
4598
11998
13298
12093
12734
4192
11476
4535
10661
16629
4227
8390
5006
5452
9336
5035
7654
11088
9291
12069
12264
4733
8141
10409
13071
13525
4264
4629
16298
16888
4523
7315
13587
4729
8734
17711
8588
10511
12227
4240
4971
10024
4261
11983
6360
7923
4201
4481
4541
6066
7866
6261
9739
4289
5498
5546
11162
4298
4505
13002
5546
11278
6610
11810
5395
6847
12666
4860
5592
8816
4474
4931
10460
9253
9685
7038
10697
5009
6300
13098
6083
11268
4596
10214
4898
5142
6282
4658
10518
4858
5383
10963
4388
5252
5713
4641
11232
4726
4752
5631
4700
4872
10326
7246
12468
5544
6904
6238
8744
12208
7221
11037
4959
5730
8159
4449
5601
7434
7972
9345
4380
4862
8487
4944
7113
6615
6819
4624
7092
4963
10517
11591
8730
5170
11916
4272
11194
12040
4756
5360
9585
5260
6077
10762
5071
5075
6540
5581
11220
4834
5354
15204
4397
5260
4531
4680
5005
9356
4787
5317
16296
12162
13118
4599
5211
6990
4349
5994
6422
5668
6246
7459
5725
12808
10618
11004
6023
6076
16815
5318
8749
4757
5656
8549
5474
6367
5886
6943
13317
6224
6499
5646
6128
4405
13423
4430
5804
17006
5620
7848
10412
4463
12885
4546
6496
4498
7063
4959
6621
5808
11364
13634
4415
4515
7400
12343
12791
5724
10753
4516
6252
10909
4687
11022
7186
9920
4401
4453
11078
4441
5363
7068
5548
9473
4621
4722
8148
10504
10849
5845
6047
4960
5093
8650
5526
10926
11277
4325
11464
13347
11612
11972
4389
5022
7418
4445
6463
7800
6529
5059
6298
7255
9453
5137
6203
8851
5321
8795
12774
5089
6588
11177
10822
15572
4921
5120
8825
4803
6100
6972
4653
5112
6737
4750
5209
4593
6609
4545
5017
9743
4826
5225
10167
7236
10564
5178
9152
5174
10189
5695
9635
11243
5508
6186
4718
6292
8943
10324
4491
8221
9711
4418
8463
16647
4681
5262
8338
11910
4473
4967
7438
9920
11225
5497
10800
11393
5613
13065
4913
5188
5720
15867
4800
10432
15386
5358
5726
8801
10310
4442
5694
11452
7715
8444
4937
5038
8080
5674
6800
7413
4794
11986
11608
12408
12856
4592
11981
6035
6628
12883
7069
7687
4518
8931
6582
9308
4644
5545
11228
5165
11061
13151
4550
5240
9426
11226
11509
4374
4841
12367
8900
11970
4696
6271
4484
5445
7439
4529
8177
8720
9342
9746
12807
5481
6541
4701
4914
9034
4435
5055
17665
4671
11727
4468
6310
10896
4832
5270
7364
4657
5779
9141
7061
10579
4504
5597
6937
10635
11302
6586
10951
6227
6726
9022
10284
12977
4517
10186
6777
9433
9185
10399
13402
5207
12851
5483
10552
9525
11089
6746
11489
4502
4512
5454
4421
8466
8926
5397
10854
5784
12072
7168
9889
4443
10967
4623
5738
4575
5613
9714
4520
10114
6523
9501
11032
11524
11596
4875
5676
7047
5480
8560
4432
4813
10396
4457
5963
8414
4433
4749
5190
10885
11495
6000
8535
8483
11228
5554
8503
13011
13426
10092
17186
4739
7626
5701
7823
6113
11379
6124
6668
5587
5606
4816
5054
7309
5380
9704
4457
10530
5534
11706
4555
5336
5984
6419
4589
10082
6340
6349
4655
11117
11628
7062
7812
11040
11348
4774
5457
5957
5703
10299
15461
5913
8063
6297
6319
7177
5565
10516
8902
5079
5265
7600
5755
6269
7697
7750
4626
7795
5230
6197
17438
4451
10015
17867
7708
12533
4691
5895
9787
5557
10941
5002
5765
10358
4708
9132
11069
4799
8157
11648
5574
11805
12103
5609
6419
4627
4758
7535
5492
6927
5630
6570
4997
5679
7586
9363
7706
10354
11600
12972
7739
8935
13692
5256
5844
6365
12928
13106
13412
7025
11964
11349
12665
4636
4810
10602
11446
8104
12719
10728
7958
9024
13289
8944
12163
4667
7639
10687
10732
6951
9991
4632
4854
6948
4802
5846
6907
4664
4966
9273
8137
7944
11829
12580
11407
12722
5679
6082
6565
10585
11709
4930
5381
7373
5989
8593
6717
8677
11753
10743
12114
4801
5044
6031
6247
12747
8114
8766
4793
5130
8653
4723
5098
12684
9665
11155
8271
10353
4535
8908
4961
7030
4660
6189
8115
10973
11511
10253
13025
13370
4856
6909
7230
7432
11321
6027
6935
4989
5024
5696
9373
11101
4764
5593
8839
4868
5728
5057
10704
5756
11300
5020
5463
5875
11909
13261
11920
6410
10508
11408
5056
8350
6125
7676
11127
7826
10875
10745
5626
7623
7218
9425
13316
6398
9378
17488
7557
9830
13645
5281
9393
10733
5004
6404
6485
5742
4525
11309
11084
15904
7256
9442
12599
15369
9339
12993
5488
5752
7033
9188
5007
10227
4740
9243
6088
6772
9105
9255
10322
5083
9916
7314
8437
5454
6388
4660
4810
10663
11129
4605
5773
8845
5792
7933
5956
11183
7614
8314
4738
5390
8879
5152
8910
13532
5011
8090
10930
8859
4750
5018
7912
4888
7308
7514
4588
12234
5144
5884
6236
8614
6036
11607
15462
7283
8477
7993
8863
5500
6730
4824
8187
8659
4870
6734
4731
6768
7458
11135
12247
5564
7376
7869
10445
15507
5757
9183
4718
5115
7441
4922
4962
10769
4800
10420
11593
5829
17320
4990
9304
4609
5346
8507
5482
8415
4867
9672
16832
8510
4614
6353
6818
5124
9985
5924
11136
5051
7651
11975
6902
7491
9961
5159
6886
7221
4591
5558
11607
9156
10048
10367
4814
6351
10627
12191
9525
11593
9585
10287
4772
6560
7811
5250
10290
11436
12028
4834
12348
4743
5015
6902
10136
11789
11896
13006
7692
8636
4905
8190
8394
7347
11845
7059
9543
16700
12738
13478
6286
8109
15941
5809
12351
4926
11454
5617
9289
4749
12293
4741
5027
10163
5175
5538
8435
10344
12441
4891
7614
7090
9424
5061
11319
11914
7145
7343
5141
9447
6659
7538
4617
5049
8494
5568
8347
4616
9278
7193
7705
5003
8590
6233
9725
4938
5095
9209
5210
5783
16562
4610
8672
12373
5735
11571
5039
8817
11688
10067
5960
11404
6103
10414
11628
4742
9516
13735
8097
6922
7225
4713
6117
7042
5212
10601
4640
5589
9054
5710
8790
10789
11723
5807
7134
5786
7955
10369
10858
12847
15927
16625
5131
9910
5544
5955
5215
8803
15764
4939
5816
5274
6875
4796
5664
5822
4871
6989
6165
9145
5404
7072
10051
8600
10432
5085
6981
10001
5317
5418
6052
6903
8016
11647
11744
11900
10898
12450
4715
12451
6807
8597
5453
7023
10816
11093
4767
6200
7575
6287
10290
7383
11105
4711
6368
6509
11797
11990
4827
8023
6534
7935
9329
12205
4651
8317
10333
8543
17175
6361
10713
6039
7112
7495
8011
11323
11428
6933
11160
11371
11764
12551
9130
15514
4818
5869
4797
12018
13151
8092
10816
11727
5552
12541
4859
6307
11128
6411
6578
5033
5106
8369
7322
7564
9019
5007
11297
6171
6180
11651
12561
6152
8993
12401
11260
6633
6739
17352
4829
4977
9116
4983
5858
5204
10222
16857
7170
9769
4751
6174
10583
11151
12268
9709
11196
7260
8149
5182
9867
11138
12009
6366
11031
4933
10957
6343
5578
10921
9090
10003
5447
7017
7978
5314
10625
10985
7210
11863
12281
4858
5588
5335
11159
10034
11558
8039
12533
6666
7473
13528
5080
10900
12411
8872
10852
10510
11995
10702
11250
5211
10597
11155
5305
7025
9102
6202
12915
4792
10632
5243
8018
10490
7533
10296
11006
11150
5284
6212
10030
8214
11221
7917
10144
5349
8105
11188
8344
5456
8621
9635
12652
5271
6449
6558
5681
5708
10176
8657
4863
5105
5736
7708
7055
10580
6904
7416
9567
5692
5999
6947
8987
10087
10995
5597
5662
5035
9817
8042
8128
5501
9850
5322
6477
9211
8883
13646
7118
12207
6134
10205
5086
6431
8478
5031
8780
10917
6855
9045
11429
6001
12422
8711
10724
5566
11098
9029
6851
9172
6002
11113
12916
7173
13089
5869
9212
9471
4828
9238
11648
4852
10857
5437
5509
10741
12604
5723
9142
5399
9379
10866
12218
13080
4812
6945
12632
10263
12965
6674
8703
6754
4804
6066
7660
4965
7448
8747
4948
9137
11651
12226
12830
5172
11503
12656
4832
12492
6328
12145
15434
5005
5156
5214
9834
13582
6930
11338
5989
11350
6243
7209
6143
11859
8205
13357
4982
7402
8820
9224
9336
10811
10924
5850
12120
10272
10966
12472
5275
7247
7480
12020
7143
7464
10461
5832
8066
7694
9220
10983
12051
12660
5177
9075
12307
5192
5491
9809
4835
10259
12365
5046
5741
5607
9711
7131
4848
6936
7847
11383
9520
4907
6957
6372
7020
11933
13074
5173
11246
12140
12017
12591
10972
6620
8866
13150
11733
16773
5476
6460
9602
16467
6487
8553
11219
6145
8957
5056
5830
10969
10870
10681
7506
7527
10580
5244
8159
5219
5834
6566
5748
8976
6294
7722
8696
5029
12954
5255
5865
5879
4897
8483
11184
4925
6920
7718
7024
10125
8806
12414
6784
11654
6422
8526
7116
10576
6524
12156
12311
5781
6797
9380
6643
11634
11794
5503
10761
5064
5518
4878
10818
15969
5414
6311
16959
5559
5831
4993
8502
10807
6620
8852
7268
13195
5117
6057
8688
11595
11943
5020
11662
4973
5669
10054
7867
11715
9861
7006
7074
7296
18114
11671
6438
6012
11815
5110
7908
11705
10362
10611
11400
5715
5074
10540
5095
9545
11248
6005
12992
9898
7754
4932
12274
5374
5643
7119
5720
10350
8748
6213
7014
8193
10383
8741
12041
6358
16535
11164
12412
5406
12985
7771
10814
4943
5472
9979
9448
10370
10635
4954
5069
12134
12402
6021
10548
6202
6760
8470
6016
6792
5251
5731
7690
10113
11315
12438
4928
7080
4956
11190
11980
5119
9939
10316
5905
6526
5053
5402
5840
5627
11576
8617
10801
6337
7374
7765
4916
5724
11546
5128
8717
4985
10645
11708
9333
10736
11419
6146
7122
9406
11400
11123
12091
8603
10451
14946
4908
9580
11928
5045
10086
12279
5021
6586
6895
5903
9161
11065
9844
13382
5412
17395
6735
6921
10908
11639
6326
12428
12751
6925
10907
11484
12778
7745
8449
5138
6634
10389
7171
7499
7446
7568
5239
11754
5083
5179
6406
5965
12127
5559
6924
11440
11767
9510
9829
15959
5377
8805
12168
9831
5103
4992
8775
8495
9428
5041
9291
12955
5665
8760
10383
7322
5206
5462
10446
4984
5497
8530
5634
8393
9298
15951
5062
6518
5107
12256
8082
11322
6736
10135
11165
6814
6188
6393
4964
7791
13583
10247
12601
6640
10788
11406
6801
8160
4950
6572
9987
6240
7130
12160
16926
7926
12320
5728
6975
7870
15253
5967
6802
9295
11736
6564
8195
10629
5014
10470
10817
8126
7390
6910
8965
6453
10360
10919
6675
7520
6270
12861
9953
6222
7363
5707
12478
12092
12459
12940
6770
7787
5468
9826
8894
10608
10879
5355
12821
5281
6409
8141
5616
7485
5247
7556
15701
5624
7049
8148
5246
11194
12214
5469
5484
9696
9582
11044
8126
7964
9089
11218
7539
10545
11141
6352
12476
5847
7180
5068
6350
10938
5146
10260
12876
7175
7585
6889
7453
5427
9202
6026
12857
5785
6522
5584
8655
7099
9494
15948
5065
7868
12761
7872
11689
10477
16379
6403
8212
6852
10601
11446
16511
10947
5070
5457
6860
6130
5171
8207
11724
5627
8557
12358
13287
5244
12538
9910
16131
6325
6729
6281
7174
7422
5714
7559
5862
10112
11469
12633
5446
11729
5545
8041
5579
8182
9542
5521
7030
5797
7341
8124
5277
7587
5315
5814
5297
11070
16043
10278
8822
11366
7354
8116
6325
8782
8930
9179
6122
8865
10686
11983
5641
6727
10816
12124
8908
10661
5942
6296
5118
9431
6953
7593
10192
12899
13015
5358
10243
5447
8852
11567
12253
5418
5383
7659
8695
5280
8846
13141
8121
10740
6298
12101
6346
7786
5160
6230
6630
9811
9951
5125
12010
6136
6220
16370
5350
11670
5420
6846
10684
9935
12581
6830
9082
6137
8550
11008
6164
7137
6720
7071
10962
10973
7563
6059
6244
7395
10422
12304
8624
10532
13234
16061
11216
12131
9871
10856
10998
6127
10486
5405
9565
11733
10199
12477
6776
10899
11359
12038
5744
12482
8534
10207
12027
8626
5750
11610
5266
7417
5952
15659
5181
10453
10462
10612
13561
5422
11320
6857
7719
9420
8158
6779
7890
13083
9608
10588
10897
5245
6996
12449
5889
7688
11628
13380
13010
5699
8846
12991
5155
10275
13827
5815
12574
7828
11076
5392
8252
10070
8740
10589
7581
11857
12843
7580
11967
5323
6433
9165
10099
11006
6322
11860
7382
8081
12950
5166
5236
7323
6254
7783
7191
7990
13190
6834
8958
10240
8705
11858
6061
6510
6810
10777
8555
12049
5642
7636
9364
8386
6662
6747
6552
6874
10894
6898
11216
12123
6733
7582
5217
7199
8860
6327
7235
6274
7880
6767
6900
8940
11084
11269
5616
6507
5767
11463
11523
8036
11298
5194
11435
5478
7228
11425
9124
6293
6508
6543
10611
6694
11012
5296
16472
10949
11241
6599
7684
7446
12219
5974
9944
11513
6648
11791
16675
11138
12395
6484
7643
9297
11382
5192
6428
7260
6653
6795
9810
9982
13125
5796
10004
5814
9775
7140
11215
12210
6436
7974
16570
5403
11505
12258
5440
9831
11080
12333
7112
9330
6078
6279
8798
9562
5917
8471
11943
10845
5776
8171
11276
12115
11688
12104
5894
17044
9428
5232
6880
11022
6949
11242
5654
9205
5432
9245
11090
6439
6915
6085
10748
5477
10068
16588
7980
10994
7436
10970
12433
5335
6976
11158
11994
12251
12330
5883
5493
9985
5253
9580
9969
9204
7450
12125
11585
12103
5566
11514
7613
7698
5494
8953
15450
5479
9112
11418
6418
12809
5525
9483
10446
5794
10794
11831
5394
8296
9444
6630
7465
5556
9652
5571
10859
11510
8066
7433
11164
7313
7656
11686
5862
6348
7082
10861
8570
7283
8590
5341
10104
10959
10491
7965
9236
5740
11408
7500
9688
5448
7477
7929
7408
9789
5364
7315
13539
5300
7240
7637
5370
9011
10988
11401
12980
5441
9108
7450
10607
6006
8970
10474
8623
11669
6948
11784
7798
10962
5945
9270
6532
10886
9090
7205
8812
11217
10452
12715
5725
8516
8663
6039
10479
11423
11924
9200
10925
11568
7813
10857
8830
11112
11991
5576
7583
9814
8985
11042
8126
9082
5912
11901
10335
7160
8479
15534
5292
5453
5366
10243
8438
10670
8589
9452
6563
6687
6321
11180
11783
8367
10141
10450
10710
5385
5867
6356
7043
7219
10990
6015
7247
11829
10159
10886
5575
9978
7114
9851
6550
6557
9319
12893
5439
10831
5567
11114
8298
12025
5529
10286
12689
6203
8127
8820
11465
5640
8561
8631
5766
6534
7020
10582
6468
9537
10622
12638
9314
10815
5473
7632
12379
16766
8776
11334
11701
6044
11623
12415
10053
10195
10996
11738
12751
5536
5885
12514
10988
11997
12831
5489
10834
6009
6580
7064
7272
11780
13020
8053
10883
5882
8857
11367
13320
13458
7587
10584
6655
10567
7170
10353
6093
9633
5442
11534
10708
7139
9547
17062
9973
10303
5510
9348
11767
6284
12932
10745
11170
6145
6998
10426
5907
9046
5319
6863
11592
5312
7163
11589
7947
16402
6765
10924
12430
6773
7875
6880
9035
11262
5512
10149
5426
5735
10577
6073
5604
6957
10642
11100
6249
6424
16804
7288
12708
6408
6462
9304
9769
10187
10259
8533
12355
5995
9554
10795
10900
7032
13483
13714
8146
9819
9213
11557
5655
6405
9000
9895
17863
5460
11593
5649
9448
8783
11121
11979
7883
16759
5467
5952
15901
7725
11445
10161
11091
7223
6595
9985
10209
6222
6713
17050
7031
12342
9196
5397
5891
13153
5869
6133
7056
9225
11324
11975
6234
6805
7667
9793
14883
6521
7235
5438
7526
11831
7255
10129
11476
5625
5897
10447
10852
5836
11516
11563
6952
12043
5677
7780
12682
8668
10602
9657
11030
5448
8333
10812
11071
11104
11304
7926
10977
12177
13196
5755
6297
10743
6004
7196
10456
10902
16707
5596
6098
8162
5439
6089
11266
5901
6185
9194
10572
12109
10697
11498
7497
9310
5514
12029
5422
6963
10040
7037
10968
5561
8978
11292
6817
5946
16702
5705
12553
5398
5517
12034
8211
9400
7286
5584
6826
17765
12193
5658
8072
12056
9656
10956
6088
9759
11246
7390
10108
11145
5591
9741
10918
6335
6602
8705
6420
7536
5672
6121
5610
9388
10365
11490
6576
11851
8893
11832
10526
10712
6531
11468
12027
12185
12807
11218
12931
10796
12383
13073
7586
10863
6445
11187
8532
13465
9435
11060
5720
5812
9493
7422
9015
11702
5710
7619
8200
10891
7397
10789
11893
11649
5466
8304
10913
10016
5723
9925
12384
6069
8181
5791
14114
6179
7324
5843
5663
6388
6923
6308
8642
16019
12494
7337
9916
5713
12568
6309
6629
6627
10387
11849
6402
6608
15278
6336
13191
16533
11480
7006
8989
7104
8504
15876
8500
12332
11233
11768
12356
8940
5775
11227
13433
5578
11159
6461
11799
7412
10593
11348
12020
7624
10240
11812
8176
11677
6158
6516
12106
10505
14113
5817
7240
6825
9433
12866
6479
10563
10871
12487
12558
12902
13374
5932
10270
8948
11358
6072
10492
12456
5857
6464
16320
11954
6465
9682
6166
10172
7634
9465
7720
11934
7699
7866
9316
10528
10621
12528
11141
12313
5954
12496
9037
16739
6032
6750
7259
8569
14862
7816
8213
9142
5892
13163
6114
12565
9953
11402
13144
8924
10275
6992
7276
6815
10864
10289
11522
6028
6128
7953
8303
10541
11107
5919
11132
8467
12687
5948
7745
7334
17025
6045
10671
9536
12942
6301
7033
7993
5690
8867
17329
6156
12608
7700
11759
5637
7988
7703
13301
6205
8598
7888
10943
12516
8896
10709
5846
5940
6248
10578
5979
10667
7653
10004
12160
9056
13103
10805
5654
6144
9987
6225
10057
13405
6244
7807
10931
5800
9770
9698
10810
11070
7271
13071
6219
11854
10879
11166
11737
5973
9415
11682
7004
11214
9505
13533
8740
11279
16947
5849
7804
10783
8068
8092
10114
7037
6914
10038
11863
13045
5843
9445
9936
8686
5772
7461
9069
7435
10832
8918
10078
10801
7975
12727
6275
11110
8219
6458
9218
10043
12983
5780
9816
8619
11401
12063
6452
8513
12728
9719
10604
7897
5789
10430
5855
6358
11002
11689
5573
11588
5675
8298
9643
16329
7424
8700
10079
10513
6651
8360
12870
10200
17337
6409
10772
11622
7287
12777
5820
7939
11600
5743
5888
6005
12631
13134
6036
8781
11807
12126
10748
8491
13685
7429
9058
17535
8743
8816
7889
5782
8707
7810
11036
6875
11922
5747
8907
5689
7154
9069
6970
15292
6817
7035
11436
7463
10285
9378
16560
6167
12778
6030
11496
12393
6559
11182
7536
11564
12416
6840
10489
10983
10256
12804
6770
9356
5631
8167
8461
5653
8697
5923
6126
10083
5641
8402
6470
8885
11018
13451
6498
7610
16729
8977
6928
8123
15219
12170
9343
12967
6737
7489
8156
6264
12197
6333
10484
11357
7136
11424
8753
15973
10889
10980
5671
7768
9040
11278
9133
11062
7889
5816
11537
7704
6303
6491
10072
6170
9360
16015
6687
7148
12081
6096
8789
10327
7606
9706
10202
9875
10797
7310
12222
8370
12121
9903
13529
8071
11550
8136
16336
17247
7620
13227
7249
7293
12753
9873
15835
5646
9256
10157
6126
10929
12814
10568
9971
6804
9174
16957
9399
5969
6107
9236
11152
12757
6139
6616
9097
6043
6656
7659
10963
6465
6494
6689
7710
5764
6249
17470
7688
9901
10414
5803
6089
10831
6181
12189
7076
10579
5769
10582
8105
8992
6715
6764
7155
6143
8753
8966
5985
6753
7114
5700
9647
10103
7777
9117
7156
8112
7920
8361
11276
5978
10251
9006
10355
6658
10265
8450
9632
6882
7776
6778
7411
7725
5781
6527
5744
9490
11057
6489
5738
10178
11764
11213
11740
5989
7503
9307
5799
7507
9970
6638
7304
9464
6561
6940
10244
12809
9533
11724
7392
10140
16506
9708
12921
8605
11758
7345
11052
8784
5909
7444
11597
6108
10844
6106
6491
12148
7948
6438
6467
7866
6095
6502
7426
11583
7668
7700
7850
8905
7028
12686
9012
16821
6762
9500
10031
5980
6432
16211
8764
6488
8359
11872
6242
10068
7675
11715
6614
11198
6038
6799
11165
5801
7994
10391
10463
7075
11034
12797
10291
6527
8905
9504
5950
7684
8433
11252
6054
10641
5887
9660
9744
5804
6013
9352
12161
6192
9078
7172
10020
11551
11782
6551
8568
13194
10558
11996
9022
7110
11843
12869
10543
6474
7889
8118
10405
10691
11359
10190
10368
12418
8941
11131
7351
10262
5901
7591
16126
5842
13114
6471
12627
13444
6677
11892
12593
9520
10632
5827
12451
6706
9481
10597
8780
10478
9666
11884
9134
10495
16726
6546
7042
7090
6757
8067
8534
7083
8417
5929
6840
6964
13402
6087
16455
7193
10098
16003
7674
11234
6855
11374
11897
6407
16831
6561
13368
7328
10792
5805
9496
11282
6723
11167
8509
12479
8763
9893
16084
17472
6633
7301
7277
10186
6094
6911
7816
6999
9229
10579
12234
7772
10688
5861
8623
6307
9839
13344
9437
12617
9729
12621
7894
11361
15626
10163
10308
9026
13562
6426
9838
7481
5998
9094
9611
10624
11037
9112
12105
5929
9349
8751
17441
8375
8472
8367
9409
6145
9014
9137
7924
11082
8292
10175
6379
6650
7612
6067
11966
9010
10806
10197
10691
12038
9552
10641
6870
12275
6220
10401
9752
6697
7818
8224
10420
6587
7775
10700
12349
8967
10436
9431
12222
8137
9754
11929
5946
6341
9653
7744
10466
10442
10539
6169
11912
6372
8492
9634
6389
9558
8367
10050
5962
9718
6873
11864
6077
9368
9664
12959
9993
11206
11858
7169
10958
9960
14971
6427
10538
11657
10400
10570
12184
6176
6389
7270
8932
9675
9877
10694
8183
11046
7548
11621
6798
11086
6750
7598
8937
8903
13077
6606
7930
7356
7828
8204
10418
5925
8707
11508
7017
7220
9763
7060
10326
7854
8038
13331
10598
10658
6243
7770
6178
8441
6382
10463
12798
10740
11560
7532
7396
8510
11642
7404
7761
13400
6496
9765
7270
7956
9908
13031
6428
8086
11113
6271
8806
7868
8108
7727
10416
6614
8313
11723
6712
6787
7586
5965
8606
6469
9610
11994
6093
9162
9437
6336
6967
8784
8334
10050
6074
6582
8058
6969
7674
12713
8426
8521
9493
10971
6396
17862
7210
11174
6258
13274
10553
7472
7904
6056
8730
7914
12014
10083
10929
6301
13126
9936
9949
10408
16342
8199
6022
9288
9626
9419
5983
8504
15043
9613
10111
9767
12010
15834
6201
6368
10288
9824
10860
11467
12222
6511
10947
10610
11466
11510
6619
6688
6055
10960
15188
9880
12053
12426
13073
7254
9673
6159
7882
10481
10736
11673
10410
10846
10109
10459
9418
9937
9761
11203
6895
7478
9835
10565
9299
9937
11602
6068
8459
10756
10263
10439
9409
10141
7680
9855
6882
10928
10933
7302
9283
10451
10241
10427
16024
8975
6884
17083
6452
8097
8656
7370
15353
6878
7973
9260
8205
13494
6742
7816
8410
8988
11056
11810
5988
6635
9738
6148
9479
13436
6085
7817
9589
10557
10764
7865
9594
10960
8428
9938
5964
8373
9790
6815
7704
7712
6186
9863
10904
7355
8219
10201
6060
12506
9130
13362
8998
10260
6260
7921
9161
11925
8947
9049
10711
8971
11785
7049
7355
7234
10160
9195
10358
6210
7805
8991
9060
9305
6042
10219
7211
10854
10355
12856
7205
7902
6484
8627
7146
6328
9055
9285
7983
12405
7761
8337
10715
6001
15589
6191
8778
13463
8215
12336
7165
9190
15492
6124
9494
6311
18060
6286
9187
9607
11050
11132
11191
6942
8827
9892
8895
9922
6252
10567
11414
7650
9821
13679
7682
7803
9606
6841
9968
7325
11329
7414
10386
6178
11715
12133
8872
10213
10290
10003
12638
7457
7679
13781
10615
10902
6061
6807
7871
6141
7680
11758
9093
6615
9347
7785
10706
6857
7793
8848
7742
10574
7479
11623
6037
8003
9192
10475
9171
17366
8767
7590
7698
6843
10838
10097
12701
6832
13666
6406
8045
10244
10873
12308
7601
9744
11384
17256
6313
15411
6386
7525
6682
7387
12669
6433
8175
16123
7089
10388
6586
7478
12871
8118
9933
7028
7563
10520
10698
7657
9054
9013
9724
14270
6213
6984
10229
12279
10568
10616
7617
12001
16235
7669
10502
7017
7398
7942
10643
6090
11374
17679
6848
7857
10610
6789
9321
9407
9805
6490
13722
11275
7203
8160
10369
6424
8924
9111
9376
9913
8104
11761
7100
8723
7340
13023
6913
8305
7901
8982
8371
10876
7409
8479
6884
7785
9246
6197
6420
15311
6276
7403
12049
12329
9237
10311
10544
16418
11117
13454
7787
9459
6861
7532
9894
9952
8621
7519
9221
6854
8153
10840
7512
10717
13464
6670
12772
13157
11532
9373
10703
6627
10668
7151
8002
9905
10360
6508
10002
16299
7911
11047
6649
6671
9713
10053
6076
9699
9957
16196
12386
6669
8195
6376
10795
12215
6513
8773
10029
6318
9231
9586
6849
9782
8493
10011
6943
8191
10730
10630
7279
7329
8811
7558
15825
12537
9387
9795
10722
7714
10317
6505
9389
10873
7243
10257
11221
10419
12771
7138
10383
7580
7932
6724
9700
14253
10249
16349
8061
11610
6123
6233
9443
11764
7966
12317
6236
6321
7312
6658
11102
10122
12422
7189
12813
7206
7442
7881
6187
9644
6514
10450
7150
11424
16285
9681
10646
8056
9345
11361
6198
9382
13330
7311
10437
8218
10089
7255
7379
9215
7274
11499
11708
7330
7739
13515
8454
9069
15949
9629
9647
12390
7046
9424
10577
6329
9719
12131
12400
6736
8391
9669
7239
9529
16686
10114
10518
6426
6393
8352
12823
9462
7298
7511
7327
10448
10076
10459
7749
7905
14009
7273
8134
7325
7360
10055
7848
9152
10606
7539
8615
9948
10692
11576
10306
12694
8592
12261
13034
8075
10587
7635
10636
11270
7747
9416
6319
7119
9343
9540
10476
11376
7695
10248
7821
9772
9030
9307
9349
10705
12135
7631
9088
11136
6387
7240
7541
6503
6886
10030
6998
7847
9137
7852
10252
7571
8901
7285
17584
10542
10778
6975
7948
8850
7982
10220
8047
10494
6272
10060
6810
10185
7741
9193
12172
8418
9846
6622
7983
10120
6344
9302
9517
10397
13622
9157
10235
6937
8021
6961
7954
8797
6336
13431
11880
11974
7002
9343
6329
16023
7339
10261
9366
12257
12564
10634
13266
9160
11492
6674
7483
10258
6992
7903
9593
11871
12165
12647
6570
6883
7721
9379
7101
13486
10097
10644
8883
13588
7917
12101
11385
12492
8492
8018
11440
6452
7222
10497
10847
6507
10529
16017
8130
11353
11782
7166
11908
6348
9344
10443
7391
12428
9930
7132
7363
7399
6493
7592
9037
7534
10327
13625
6230
9280
9555
6809
9621
10399
10672
12552
7658
7334
9803
8614
6805
7511
10620
9234
12684
7598
9810
7990
8034
13424
8726
8889
13668
13693
6485
10297
15254
10946
7157
10523
9173
10597
10101
10900
7451
9065
9255
8774
8788
17809
10560
13560
9799
11074
6931
10219
10352
7153
10746
6488
8736
10341
10505
9574
9800
10819
12393
7124
11709
7755
6299
10168
12972
7380
13603
13718
9281
9884
10310
10586
11939
6546
8949
9424
7378
9371
9869
10130
6550
8948
10527
15652
8882
11197
13131
13492
13629
6713
7363
8518
7756
10529
6532
9043
10159
7637
10357
8959
10823
17866
7926
9181
10849
9449
9918
6977
9282
7760
9109
10713
7724
10034
10166
6966
8565
8184
12721
6649
8854
6703
10378
16363
7230
7703
9335
7147
10629
11982
12906
11055
11820
7060
9652
7314
7445
12710
9166
10488
6879
10324
14955
7554
9020
7038
7053
10181
6590
9001
9499
9691
10613
13120
6990
9392
9726
7783
9484
6694
8578
7665
6549
10793
10932
6314
10954
9449
10288
8799
12403
10872
10134
6416
9691
13015
10529
15295
6607
9538
11406
6323
10817
7087
7335
11853
7975
7107
9337
7376
10647
7671
8849
7969
7156
8019
15814
9975
10266
7281
11237
7632
12631
12773
10820
7036
8061
9230
8212
9728
10921
10250
10483
10322
7521
12589
6356
9512
7513
9631
6676
7244
11044
6983
9270
15748
9903
6577
6743
8751
6932
9755
7467
8685
11248
17504
6598
10699
7537
11528
8491
11372
13681
7280
7722
10069
9891
10483
10285
10423
6666
9135
15960
9924
15610
9553
11490
6700
8837
9522
7342
10131
7267
7494
13271
10281
7350
12981
6734
10443
7552
8879
6742
16461
6679
9998
10557
10743
13513
10470
6898
10013
11468
16891
6859
10976
11185
6429
7824
10060
10673
6481
15262
6680
7167
8035
10052
10503
13351
7769
9754
6624
6924
7362
10605
10166
10621
10880
12849
15536
10834
12818
6528
6557
11026
7462
8030
8899
10759
13603
9911
10197
10984
7103
11563
9507
10318
6395
6818
9422
6460
6846
8556
10705
10306
10758
12947
6994
8354
9884
7465
7567
9561
6945
9320
12052
10946
6589
7408
7652
6725
8845
9837
10318
10846
7383
7669
8839
6679
8936
7312
10198
8064
8824
6896
15602
7344
10524
12229
6554
8173
9109
7015
8221
6552
10785
9195
9586
10531
11208
12989
9658
10130
11873
8051
8414
10205
6985
10127
7648
9560
7971
11817
7274
7872
10645
7287
7765
8422
8942
10712
12898
9372
13629
6945
8474
10282
7182
7360
10827
6489
6695
8987
9489
6710
8608
6847
7050
11979
10019
7517
11150
10596
9404
9501
10634
10718
13389
11103
15478
7231
11572
7486
6797
8736
10257
6935
8463
9627
6894
8983
6697
8644
10287
17877
10028
16833
7214
9095
11160
7088
9587
13573
12657
13228
8458
11268
16198
11337
13121
7105
13720
9294
10234
15364
7250
12613
8488
10725
11211
8725
8869
7358
9640
12211
8110
9806
10931
10384
11614
6982
7673
8444
8106
8196
10237
10784
11305
12483
7228
7900
7970
7163
11041
8578
12157
9394
7304
10170
8628
11108
8777
9253
7292
7268
9870
15822
10431
17348
7437
9646
7229
9571
6860
7215
7329
13219
7215
8016
9477
8038
8480
13011
10447
10548
7272
7976
9656
9189
9745
12478
8152
8545
10434
11003
7146
12943
7867
9242
11444
9542
9800
7300
7895
9640
6823
8575
8766
13290
17362
6605
10317
13549
8855
9594
9720
10017
10135
15739
8538
9871
6541
6751
7041
15235
6729
8953
9736
10023
8627
13604
13611
9866
7594
9138
7748
14897
16680
8602
10185
17657
8103
10470
8841
9861
6816
8519
11058
7181
9971
7992
9988
11934
11060
10194
9784
11890
10374
11627
9766
10212
7771
8209
8748
11196
16650
9924
6761
8295
12181
7972
8152
7233
8645
11143
9716
10169
11771
12750
9311
9945
16741
9402
10277
12967
7824
11099
9458
11396
7257
8115
11892
7569
7597
10330
8538
9125
7184
9537
6889
8715
9248
9008
9411
16462
9067
10256
10683
8326
9220
7005
8558
10270
7397
9527
10913
9250
10561
16127
7062
7833
8394
7108
10499
9104
6549
9316
9361
7253
11496
7610
7663
9047
7094
8386
8952
10437
6810
8794
8881
7036
11914
11118
16505
7338
8387
7524
7309
7915
10312
15138
7147
7282
8082
7206
13966
6891
9075
9984
10444
10619
9844
13429
6670
6972
9981
11698
8524
11928
11400
11732
10578
11924
7289
7409
10146
10218
10911
7565
8435
10894
6776
7381
8013
12293
7752
10830
12799
9967
10606
6693
7804
6599
7625
9226
10271
12984
8934
10564
9970
16010
9045
10559
6996
7834
8641
7022
8582
8555
9223
10688
12410
7444
7905
8427
8612
9877
9999
8942
10444
10526
10373
10458
11598
12224
10196
7067
8490
7489
8145
9278
7224
7918
8199
7365
8743
7087
8642
11627
9239
10864
6641
7422
7202
7395
8001
8315
13487
6814
8938
10180
7123
9061
13270
8694
8785
9063
9502
14970
12111
12122
10109
10942
14325
16331
7533
7843
16470
8215
8476
10599
7293
8101
9610
9176
9426
9555
7387
7999
8851
10493
10941
6978
7559
7768
7913
6675
8646
8620
7474
7625
7684
6802
11051
7181
9500
9742
8403
8825
10452
11828
9921
13459
10659
6831
11209
9950
6683
7242
8173
10104
7922
9697
7079
11575
10622
7241
7377
11255
7313
8094
8765
9727
12163
7487
8081
9076
7269
9133
9312
7384
7472
10735
7672
10742
7143
8365
11244
8599
15329
16482
7673
7715
10313
6979
12853
13050
6982
8993
10044
11916
6761
9272
10612
13657
10788
7961
9326
12242
10667
10923
8356
8375
10850
11062
12128
10072
9847
11997
6956
8391
9643
10373
10704
7829
8311
6783
12802
9616
10754
11182
8666
9052
6905
8833
10506
9161
9415
7752
9062
10052
16450
17512
7368
8087
8420
6734
9163
9344
11707
13437
8300
9736
6813
15402
10094
10191
14983
15638
10093
11019
7303
9144
12851
9750
10105
7567
9280
6995
8067
8737
7247
7437
8312
7430
16699
7860
8691
8989
7449
10010
13037
13276
6763
9608
8315
13640
6882
8903
7115
9788
6927
10342
16882
10394
7251
11331
13481
9746
10284
9588
10521
6747
7723
9150
6947
9764
11324
7197
9794
10065
10723
10763
6722
7081
9148
12343
12711
8445
8596
16582
10157
11745
13749
7656
9996
11457
7332
9969
12165
12310
13139
7021
10916
9517
9708
8397
10756
9239
10407
15786
7275
11721
8441
9911
10089
6753
7473
9135
7225
7661
7508
7670
7717
10021
15637
6803
7328
8640
9266
8338
9898
8693
9204
11010
10289
9894
10105
7202
8741
10422
7593
7890
9577
8638
11849
8617
8918
10822
9892
8876
9221
8925
10878
7613
7858
8961
11063
12011
12344
9712
10000
16858
7693
7741
10360
7212
9801
10665
9304
9305
10050
8506
11063
11665
7635
7836
9526
10765
12419
7912
9776
13056
9673
7320
15217
7951
8164
10554
7466
8076
8849
10905
11365
8498
11135
14417
8460
9939
6838
6965
12353
8682
12018
8452
9232
7201
8364
7594
11677
7659
7764
7837
7560
10392
8396
13537
8968
11789
6914
9980
11081
11120
8670
10093
7874
12239
8429
8838
12971
7542
7973
8984
8467
7746
10152
10090
10549
7909
11462
6798
8439
7175
8217
11119
7550
12037
9299
9418
7487
11524
7292
8460
10316
10218
13469
8731
7727
7811
9073
7758
11929
7484
8419
11307
7741
11395
8756
10273
7058
8292
10334
7581
7720
7992
11240
7052
7529
8742
16040
10158
9767
13732
8130
9600
7677
7847
13740
8110
9218
9983
11382
12411
8839
9380
11105
7354
7759
8319
9927
13512
7127
12444
12968
8358
8617
7257
9296
9603
8436
8393
9271
9039
7263
9551
7522
7708
9160
9625
8586
10511
11439
8496
11042
6865
9017
10656
10152
17902
9496
10865
7952
8029
8569
7735
10051
10509
7097
12285
8835
9980
7758
11378
7998
11230
7343
8316
8704
7542
13546
6958
9852
16469
10206
16458
16895
10123
10174
8923
11792
6868
9052
9651
11271
9454
10193
8994
9799
11456
7951
9858
6863
8658
9044
7012
8828
9224
9666
11079
10086
7954
10090
6995
8797
7937
10330
10703
11737
7129
9602
16909
8464
13689
10722
7690
9943
10734
11286
7626
7981
9503
9567
13380
9720
10112
9988
11942
7296
8171
8517
11789
9454
7135
8462
8650
8110
9385
9700
7770
9119
10997
10350
10425
7710
7924
9802
7793
9837
8629
8843
11125
16096
8904
8309
8860
13143
7006
7291
8868
9834
13535
9853
10283
6885
9322
11253
17064
7148
8096
10528
7849
12297
7391
9805
10471
8175
9165
9284
11330
8972
9686
10160
6954
10527
7346
8987
7957
10395
7831
8419
11050
7176
9730
7030
8853
9275
13025
7281
8481
10250
7439
7784
7615
8019
8112
7045
10164
10819
6980
12134
7961
10081
10881
9512
10764
7044
8807
9575
7471
9731
9275
9848
9712
10377
8885
9016
12311
9197
10140
9244
7195
10039
7580
7713
8078
8426
9807
11482
7374
8422
8673
7283
7936
8499
9081
8102
11005
9570
11769
7061
9947
8010
7634
7302
11699
16297
10609
6950
9603
7125
8632
9970
7728
10485
9949
9967
7365
12388
6991
11014
8734
9463
11185
8690
8339
11178
11269
7972
8056
12690
7821
10021
9958
10345
7633
8714
7840
11923
9469
8837
8944
10744
8389
9490
12482
8537
7846
8295
9272
8077
8938
10336
11599
9514
10016
9125
9597
7984
8328
7721
7968
10100
11405
8020
8660
12966
7527
8180
8191
8022
10569
17660
7909
8382
7935
10496
9365
12555
9350
9909
10362
10741
9382
10718
13312
9237
10305
10676
10737
7320
7535
8464
9565
7927
9825
9905
7216
8653
9270
17769
7403
8555
9446
16249
7356
8025
9413
10201
7981
7451
11531
9416
8611
9863
8887
10174
9734
10716
9478
9542
15261
8074
8559
11735
7512
8308
8613
9614
11793
9258
7214
12225
10580
6999
8392
8959
7783
7914
10905
10168
7464
8365
8687
9820
7235
8073
8611
9565
9839
11128
7591
12975
7010
10491
10947
7048
8953
16209
7501
16333
17766
9723
9941
11377
7263
7906
12585
8990
10212
8059
10154
12611
7480
8329
8577
9498
11126
7595
8887
7839
8868
7621
7683
7080
8423
8858
7660
8826
9901
9086
9363
10464
7252
7998
7149
10665
7279
10535
10461
7676
9009
9393
8823
11219
10550
7118
8091
8814
8895
9933
8899
11547
10525
8965
9662
14939
7657
10570
8875
8562
8909
8525
11321
9078
12594
15290
9662
9785
7618
12425
7748
7979
9123
10289
8346
10082
7485
7756
10191
16116
12128
9157
9741
9198
11069
11993
13165
15782
7332
8374
7585
8217
8892
9593
9617
8068
10915
7140
7496
12679
8963
9297
7717
17159
10411
11788
13472
7628
8776
8716
9264
7538
8476
10681
16544
12180
15410
8122
12068
8821
12881
7731
10009
12036
7806
11035
9005
12743
10119
16542
7459
9044
7813
8576
9808
12072
7621
7977
13780
7620
8202
8296
8079
8933
7151
10143
11055
8174
10721
10084
15029
10888
12080
12642
9666
10648
11224
7107
9167
9371
7545
13237
8916
10241
16795
8403
9624
11170
7587
8194
7885
7940
9348
7790
8033
8669
9292
10485
11548
12465
13189
7610
16924
7479
10187
10758
13288
7244
8705
9582
9705
10958
9968
10343
7831
7974
7747
13340
17704
9907
7185
9621
7495
8515
17179
8979
9992
7159
8208
11097
7447
8819
7254
9447
9541
7619
8790
7249
8338
8728
10116
8206
7607
8208
9417
7393
7425
8448
8054
8729
12702
12905
9979
10066
9153
10706
7709
9614
12438
8100
9293
9618
11722
9247
9663
10062
12322
9698
10032
7438
10014
7863
7941
8832
8107
8501
13051
13229
8143
9559
7862
11720
7893
15379
7377
11853
7725
8084
9773
7776
10933
11351
9756
7474
7497
8409
7316
10953
9709
7949
7394
8327
9035
8143
10119
8094
8309
12488
8877
9940
9339
10280
9590
10331
10792
7570
11151
11957
9331
12205
9655
16438
9636
16290
8941
9704
10204
9856
10455
12255
12583
8458
9590
10679
12460
8670
8842
7217
11252
8996
9710
7584
7228
10753
7727
7805
11497
9579
8591
11363
8206
8710
7584
9684
17327
7830
10771
13358
8439
8587
9689
9930
9114
9966
10466
9646
10246
8624
12196
7757
7601
8336
10203
7835
8027
8803
9827
10125
7675
7867
12673
7878
10912
7742
8718
10689
10024
7700
8207
9533
9209
10169
7929
8333
9467
10264
12523
12973
9564
12501
9398
11272
11798
7680
8294
11760
7677
10224
7836
7937
10636
10530
9636
8100
8385
13204
8519
9120
10458
10469
8990
7630
7849
9035
9020
9896
12509
9159
12283
10246
7431
8893
7950
12404
8526
9072
8095
9569
9861
10162
13410
8017
15552
7959
7447
8530
8595
7623
7818
8127
7827
8616
10741
9117
9781
7400
7840
11948
8692
11557
9609
12573
7516
7874
8049
9726
10649
8138
8684
10808
8735
16097
9547
9983
9721
10163
10330
9939
7792
9317
10798
8047
10625
7275
7564
8836
7763
7449
9510
8218
9482
7884
11855
9652
10502
7476
13137
9366
7505
8727
10337
7452
9145
8697
7686
8210
8683
9853
9932
15263
9347
7899
7916
8005
7521
8662
10635
7698
7858
8301
10254
11506
16282
8305
9538
10828
13430
13470
11089
7450
8605
10137
7736
7732
10342
7426
7735
7946
8510
10252
11264
8163
9938
10056
11296
7778
8154
8527
7501
8541
7576
10719
7339
11193
10986
9231
11133
7797
9324
9785
9412
7977
8536
11679
7379
8794
10129
10851
7301
8111
8719
7928
10784
10052
8030
13969
16212
17323
7433
10944
7702
8328
8744
7457
8564
14258
7757
8148
10073
8363
8366
10106
9113
10203
7475
15184
9900
13198
8297
8316
8996
9013
10026
14280
7561
7814
8466
7491
8571
9123
15520
7492
8376
8596
7694
8326
9257
11312
9786
9668
9729
9972
9544
10115
10523
9792
7509
10142
8824
9031
10199
9492
7485
7771
8547
16063
7496
9096
7695
8303
8762
7690
9904
7863
13095
8819
10237
10536
9094
9115
8004
12175
11217
11020
12375
8405
11902
7411
11445
10299
10591
7734
9049
13507
8928
8974
11362
9926
10061
8479
12257
8060
10501
9240
9749
10065
11562
12816
8608
8772
9355
12855
9530
9822
7380
8756
9002
9866
8529
9566
9737
9261
12602
7623
8064
9287
7503
8593
9784
7933
7997
8042
8905
9249
8442
9389
8558
8034
9276
13115
8041
9885
10657
7879
8113
9110
9554
10480
10154
9022
13179
13581
11038
11048
8943
12687
7489
8192
10513
9118
9601
7443
8140
7911
8083
9434
8339
8010
10771
11031
9733
10350
11116
7943
10062
8585
8830
9085
8070
9036
7572
9106
10424
10147
8095
10121
8815
13245
9954
8643
16238
7662
9122
10236
7638
10787
7415
8467
8769
10025
11068
7643
7873
11003
10961
9655
7739
8046
8324
8783
10074
17989
8155
12044
10550
12812
8775
10899
9397
10073
7693
10919
7815
9885
7994
10095
10654
7774
8973
8468
10361
15866
8642
10374
16360
8037
13392
7750
10937
9498
7810
8172
9584
9992
11227
11267
7627
11029
10535
15986
8976
10106
9497
10036
7743
9244
10088
8438
11413
7876
11303
9572
8353
10300
9751
17448
8415
8973
15232
16227
8609
8774
8698
8330
9156
9883
9089
8520
10783
8913
10100
7952
8901
8861
9309
7800
8314
8920
8186
8306
10725
7531
8026
8576
7845
8341
9306
17244
8574
12832
13565
9443
13221
7895
8781
11342
9102
10798
7583
8613
9601
10633
8429
8864
13018
7908
8161
8761
8878
10372
10418
7799
9335
13136
10054
11566
7746
8344
7540
13113
8318
13252
9563
9336
9217
10514
8015
9009
10733
8069
12764
8983
9509
9684
16820
9457
7961
8145
8156
9797
10217
10876
11984
10432
17176
8486
11417
13345
11092
12740
10826
7989
8866
9070
9648
11134
7970
11481
11072
13199
13042
9595
12489
11630
8325
8700
8685
11412
7627
8474
9153
17027
9543
10026
9293
13409
7997
8128
9358
10063
11664
8033
9973
8210
9262
9588
12300
7875
8934
15197
7986
8142
10363
8085
11289
8702
9875
9989
8473
9436
7603
7871
7565
15821
8312
10282
8381
12348
10911
7642
8349
8508
9466
10231
7761
8379
8384
10740
11034
10443
8659
10717
12026
8153
16889
10700
11500
7766
11527
8442
8682
8224
16439
13607
7640
8449
9951
7896
9129
11242
8418
9142
7609
13332
7734
8582
11855
8407
12274
7853
8746
12698
7646
11541
9432
11435
13302
9421
12193
7645
8804
11882
9965
11004
10595
12622
7859
10948
9699
17325
9117
9458
9486
7958
8167
7996
8124
8718
10930
8686
7773
9252
11463
9595
10368
12267
8366
11702
7740
9097
7960
8153
7870
9351
8431
9632
12118
7736
8457
8876
7738
8958
9017
11111
7949
8183
8798
7882
8223
9739
8955
9977
10211
10041
11665
11430
16044
9604
8357
8939
7812
8445
15744
9068
10309
10561
10025
10091
12287
9511
7648
9273
9566
9676
13268
9015
9766
9084
12672
13114
13183
8013
10032
12755
8038
8120
8947
8390
8403
8604
9914
11236
10269
10375
13004
9436
9849
10278
14896
9639
9698
8679
8970
7856
8012
10875
8529
8358
13032
13092
7664
12171
13313
15276
8791
12166
9860
13256
9328
10248
12058
8327
8701
9703
10321
8180
8600
11693
8886
11507
11673
9040
10448
9765
10141
8541
9584
9369
10387
7835
12720
9320
8379
8829
8912
9645
11461
9261
10765
8472
8373
7645
7753
8435
9428
8332
8746
7950
9546
11380
7989
9396
11661
9581
8411
11670
8539
17402
10276
10624
8546
9348
7932
8078
8310
7991
9268
17844
9031
7841
9570
7737
12047
9388
11740
7963
8675
9169
10077
7749
8427
9107
10035
10063
9189
9764
12619
9507
7931
9422
7876
9265
11791
10592
11631
9077
9115
9611
11035
8098
8322
8676
9126
9925
10233
9524
10969
8813
9437
9633
11770
13086
7832
9381
8368
8105
8147
9714
8066
8139
8843
8151
8456
8834
10755
12357
9583
11953
8448
8556
10431
7877
8369
9033
8720
10560
10692
8742
10677
9991
10752
8395
8452
13189
10537
12065
12490
8399
9624
11636
8557
9383
9509
13420
11565
9169
9268
10774
7987
9430
11989
12523
8369
11656
9471
8311
9618
9578
11644
9101
9267
13372
9140
9405
8409
8522
10078
7815
8483
8729
9838
10348
7903
9502
8099
8116
8306
8956
9005
9019
8432
8639
8649
8688
8697
9818
8451
8867
9958
9952
11235
11232
9534
9201
12146
13967
9627
8437
8715
11629
9753
10855
11426
7898
8924
10084
10072
9133
9495
8362
9491
8732
10054
9104
10653
8475
10861
8201
12630
8764
10258
8062
8189
9050
9990
10469
9331
10993
8378
8785
9403
11784
10415
9199
7962
9027
9676
13619
7885
8658
9146
11592
8331
10216
12830
9116
9458
10338
8914
9390
10038
9148
10344
11678
8962
10329
9485
10815
9038
13414
7844
8594
10569
8073
9735
11868
12013
8969
9689
10055
8989
9046
8412
8523
7851
10965
12879
9557
10012
16881
8631
8995
12516
7865
8922
9164
7841
9180
8359
8853
8029
9648
11028
7991
8050
12757
12659
9374
9098
8540
8838
9024
12383
7819
13523
12843
8392
10823
8936
10628
15165
10161
8404
9977
9079
9827
9835
8544
9325
8796
12517
9108
10343
10379
8350
9678
11487
11888
12381
8607
8651
9098
9804
8567
12347
8722
9172
8549
12548
8093
8166
8317
9324
9687
9105
11418
9082
9928
8071
8187
8754
10910
8514
8747
9403
9661
11140
9461
8188
10638
8502
9309
9208
10165
9101
13590
8956
12059
8699
8884
13213
8796
9207
9333
13591
8721
8776
9036
9667
9182
9398
9179
9208
10674
8890
11333
12614
8553
7959
8059
12180
10297
8825
8771
8910
9591
9862
8886
9179
12707
8388
9178
8456
9295
9637
9701
9832
14090
15566
15828
9425
13284
8598
8594
11472
8044
8318
9147
8202
9444
13142
9181
9199
10489
10726
12043
8193
16912
9906
10238
11779
10215
12332
9508
10767
8544
8676
8822
12317
8648
10372
8201
11731
8051
10153
8637
9118
10309
9934
8406
9341
7930
8719
13128
10586
9577
8219
9413
10583
8786
9257
9743
8919
9051
9811
7966
8383
10061
9787
10683
8527
9128
8138
9532
10396
10609
10255
12060
9756
10769
8573
8037
8345
8377
8348
11680
8093
10333
9147
8453
8076
9039
9959
8425
9143
9978
10096
8021
12575
9504
8548
8580
11633
8690
10752
11088
9126
8443
10325
8048
8954
9355
11549
9792
10351
13571
9106
10165
10631
11322
9170
12586
8899
9650
9550
8197
10791
13087
8428
11427
9515
8512
10406
11016
9781
10936
10036
8166
10800
8027
10122
11585
7990
8388
8424
8096
8298
9475
11895
8878
8049
8799
9506
9003
10776
8170
12276
9308
9519
11119
15155
17104
8665
9855
9397
9183
10171
10179
8679
10474
12872
11201
9266
10446
13578
9946
8765
11919
12736
8434
11976
9051
11336
9026
9546
8036
11178
8079
8400
9819
9217
10794
8423
8554
16144
9059
9390
10385
11366
9048
11479
13511
8360
9989
13072
8508
9619
8108
8252
8512
9006
8302
10922
9461
12021
9292
12076
12566
8768
11887
9661
8739
8032
10049
9149
13154
8477
9837
10378
8165
8133
9128
12414
8343
9414
8121
10757
8449
8818
11564
11547
9832
8322
10934
11494
8431
8450
10999
8154
8065
12998
11821
11499
8413
8654
10772
9856
11207
9077
12078
8713
12587
9245
10345
9170
12845
10149
8650
13048
9258
8758
11457
8545
9557
10049
15277
8246
8701
8604
9286
8641
9935
10037
10238
8771
8927
11604
9539
10996
8490
10276
12749
10262
8630
9381
8083
9739
9074
9059
11460
8921
8703
8915
8129
9060
12067
8405
8913
9402
8404
13283
9791
10217
11529
9693
17878
9315
9251
9583
10666
8844
8370
10536
8712
8951
9204
10475
8506
11449
8207
9401
11759
8169
8221
9687
8836
9359
9328
9400
9659
8550
11650
12097
8129
9702
8514
12299
8521
9807
9274
9364
16673
9259
9480
8565
9910
8125
8389
11790
9841
11803
9826
8708
10554
8453
9141
10142
8581
11736
8496
9814
9874
8362
9151
9166
11842
10600
9957
10277
8133
8307
9642
8485
10467
9693
16597
11504
8356
8777
9842
13160
12025
10178
8728
9229
10861
9317
9352
10910
8480
8294
12125
8681
12475
10145
12661
11234
8566
12000
9079
16312
9377
15723
8517
9530
10136
10214
8383
10385
9225
12170
8363
9818
8304
9768
10245
8601
11520
9912
8424
10178
11371
8827
12771
12862
9167
9828
9421
12561
10310
8808
9616
8739
11937
8972
11717
8434
9340
12519
9955
10058
10317
12950
8350
10893
9332
10064
9401
9440
11459
8475
12825
10356
9511
9549
8328
8791
9457
10666
9395
12334
9469
8689
12361
10242
9050
8542
10118
9007
9419
12931
8583
10478
9269
8622
9249
10829
12238
9804
10020
10146
9076
9841
9163
9314
9406
10903
11825
8622
8960
12535
12918
13056
10457
8870
8695
8631
8809
15830
9235
10487
8680
9327
9329
9710
11827
8955
8814
10363
11271
8499
8590
9704
9442
10215
11411
11423
9671
9222
9369
12674
8540
9206
11754
8882
9503
10537
8229
8275
15313
8257
8230
8280
17297
8289
17934
8253
8249
8232
13862
8265
8244
8248
8243
8245
8263
8278
15827
8245
8270
8284
16394
8248
8286
17165
15516
8260
9149
13449
8254
8281
17339
8257
8283
15826
15975
9313
8272
8287
16865
8279
8287
17954
8469
8988
12760
15413
13774
8283
15018
8290
15019
15629
15711
16083
13830
15992
17437
8293
15958
15344
17760
15061
15982
9319
10938
15343
16289
15387
8288
15628
16446
8290
15993
17759
15712
8288
15900
8291
8293
11641
17956
8397
9917
8954
8425
9186
8981
9034
12409
9240
10723
8970
13612
8515
9055
12069
10139
8780
10711
13217
11430
13682
9564
11212
16689
13769
8891
11837
11590
10417
10958
9089
12070
8772
9780
8703
8945
11915
8385
8675
12997
8536
8692
9083
10412
8865
13200
8699
8978
9918
12221
9791
9797
8437
9080
9325
12335
9178
10955
9186
9150
10023
8711
9762
11669
11815
8630
9690
9732
8566
8757
10962
8674
12926
12522
9097
11663
8800
11415
9247
11763
9472
10491
8601
8678
8375
9000
10337
10575
11195
8815
10261
9408
11941
12014
12417
10398
12338
9770
8925
9697
8920
10644
8500
8684
8981
10842
11568
9692
9855
9817
9200
8826
9206
9318
10349
8768
9405
11962
10434
8608
9414
8600
9203
8618
8700
9122
11523
8871
11916
12987
9370
12096
8709
11072
8400
8630
10829
8440
8832
8633
11503
9451
10546
9120
13411
8870
9860
8674
13156
9748
8937
9155
9810
8692
11776
11575
10592
12152
8475
10737
8525
9182
9241
9551
8982
9948
9703
9771
11071
8805
8499
12476
8914
9252
8566
11416
8671
10516
9127
8443
8775
9579
15719
16923
8999
9694
9504
11144
9476
11352
11695
9476
11283
12385
9880
8634
12077
9187
11443
8985
8820
8869
8893
9943
8624
11674
11955
9904
15945
8995
12215
9442
8657
11373
8950
9080
9576
11963
10571
13669
11112
8598
8800
8840
9338
17583
9725
10280
8595
9326
10881
8760
10011
9748
10230
9682
8466
9379
9338
9608
16220
13733
9110
9262
9301
8813
9151
8881
10777
9576
11013
9487
9758
9482
9706
9058
9865
11973
9121
9974
11339
10770
8675
9267
12551
13216
8487
9657
9070
10351
9068
8583
9370
10137
12187
12723
8496
12006
9526
10662
8622
9092
8804
8858
8877
9486
11396
9301
9724
9129
9373
9518
9731
9136
10633
14863
8874
9524
16624
11288
10386
12174
11257
8517
11917
10124
10664
17133
8672
8542
8520
9386
8815
12927
8680
8922
10842
9259
11652
9213
12119
9667
9919
9497
9340
9276
12548
11285
8891
9495
11988
9339
12028
10514
10111
12568
13802
9225
9563
9981
8643
11578
13134
8656
10216
12106
9817
12246
9116
10300
8581
8671
8945
13084
10281
17116
9002
9480
10273
8689
12951
9670
14779
9977
9732
8568
13306
10701
12153
9395
9677
10726
9446
15831
8722
12449
8995
10132
9392
9665
12032
15771
9926
13251
9387
11397
9879
10809
8985
11900
9450
9637
10773
10002
10428
10569
17282
11635
12122
10968
13070
8939
9680
10037
11087
9197
10071
9323
9688
10188
9323
13067
11414
9279
9378
10542
12031
8755
9330
11517
8621
9549
9707
9830
11017
15680
10043
10429
8615
9518
9913
11662
8821
8865
9188
9552
10177
12481
12810
10604
9628
12286
11280
16590
11747
9683
11501
9207
10799
9430
9460
9478
15917
9528
10228
13108
9127
12846
9849
12645
16009
12155
8817
9521
10403
12803
11017
13065
9063
10732
9487
10659
9578
11999
9492
11458
11526
9227
8945
12574
9213
9972
9120
9875
9995
10035
11066
8808
11425
8883
9306
10686
11606
8681
9455
9140
11338
9496
10549
11938
9506
9573
9226
9879
13186
10236
11860
10832
11093
10328
11198
8707
10377
9597
11106
8835
9730
11120
9845
9314
9631
9759
11611
10070
9262
11223
9267
8792
8836
11181
9315
11033
8744
9374
10391
9742
9619
12398
9136
10820
9083
12259
8713
17364
9430
9831
9539
9809
9122
9582
10267
10727
8721
11222
12420
9071
9038
11719
8812
9705
9056
9252
12756
8972
9607
9688
11077
9187
9460
8829
11325
12907
9617
9723
8931
9434
11047
9418
9487
9094
8974
8846
11512
10259
12801
9007
11218
11954
9917
12552
9492
10181
11248
9867
10796
9206
9962
10863
8894
9717
9149
10883
13379
13296
9353
9528
10208
10335
9521
8750
9623
9878
10098
9478
8927
11692
9139
9446
10300
10263
10394
8761
12507
10346
10877
11542
10747
10464
12144
10464
9750
9532
9649
8768
11152
9762
9896
10627
9714
11961
9291
9514
9965
10618
11707
9888
11744
9186
11176
9243
9962
9032
9360
10245
11777
11918
15210
16311
11746
10441
10613
9606
9945
15187
10423
9240
11878
10805
13185
9056
9254
9495
11920
9552
11609
13387
13648
9796
9072
10500
11096
9106
9468
11387
9964
12789
15287
8884
9782
9753
10177
11755
11162
11231
9058
10440
16783
9364
9146
11189
9717
11083
11978
9959
9998
12730
9318
10587
13471
10125
12627
10153
11965
11536
9287
9531
9034
12019
9513
12930
9325
8855
9370
11556
11532
10081
9654
10868
11765
9176
9604
9919
11970
9470
10001
12172
9716
11483
8926
11638
10007
10056
9059
12272
9025
9868
11738
9833
9524
15196
10315
10428
9814
10291
10299
9842
11267
12457
16005
12623
9151
12194
15301
11987
12008
11352
9357
9323
9248
10033
8916
10311
10975
9628
10525
9216
10012
10121
9812
10672
9232
11039
11477
10243
9569
10651
11161
10833
14917
9191
11319
11721
9475
9235
9762
8962
10005
11582
11056
10321
8898
9477
9100
12545
9954
11728
13066
9048
10247
8902
9954
9919
12088
11862
9600
10522
11574
12780
13327
12331
12956
10759
10699
10551
9086
12763
9337
16545
16634
9751
12267
9408
9414
11498
9061
9369
10071
9143
10088
9829
13192
9265
11634
14906
10439
12936
9259
9484
13057
9253
9132
9198
11809
9576
9735
11844
11867
10093
9048
12601
8952
9670
9099
10869
11434
10314
10730
9423
10892
10978
9170
11261
11085
10552
11437
12012
12082
10648
10182
10283
9464
10860
12046
8956
17249
10486
11668
9358
12675
10584
12327
12380
10064
10357
8984
10206
9523
11360
9566
9864
12680
10175
15388
9878
11067
12706
9774
11493
9472
9401
9941
9500
9786
9732
9281
9357
9395
10489
11832
10323
12875
9579
11471
9258
9725
11817
12115
11750
9859
9834
10874
11088
10599
9472
9036
11489
11671
10957
9553
9774
12129
10162
11807
9421
10482
12240
12639
12718
12254
12717
10909
13741
17816
9057
12009
12395
11583
12291
10447
9365
10013
9629
9946
11354
9147
10897
9845
10775
10845
10064
12597
9312
9440
9711
15044
9027
11192
12087
10213
10124
10676
15849
12853
13348
11587
11316
9038
10075
11398
9962
10096
12626
9394
10139
10494
9591
15080
9796
10760
9511
11148
10012
13109
13445
10593
9574
10471
11011
9494
11213
11959
11625
12273
9098
11045
16644
9965
15950
9292
11027
9284
11049
10411
11015
9960
9615
9998
13117
10001
10266
10079
11021
9963
10015
11848
11399
11018
13166
9489
9844
10020
9380
11659
9917
11654
11383
9623
14767
11311
9266
11861
11328
12089
10006
9634
11731
11750
16849
10255
12461
9738
9849
10313
11864
9642
10638
9104
17408
9485
12828
9396
9907
9208
11053
9677
10742
13105
11328
9199
10682
10232
9822
11796
10235
10906
9809
12666
9180
9175
9431
15855
16269
9180
12692
9703
9513
11193
9427
10088
16742
11130
9355
11619
9272
9697
9491
11146
11233
10099
10646
12212
9508
10329
12430
11370
13329
11605
17789
10315
11535
12671
11722
9210
11957
12268
10767
11963
9630
10162
12126
13428
11580
12387
11996
9990
12062
16253
10405
12200
9305
12650
13413
9461
9801
11840
9241
10179
12748
9752
10279
10941
9297
15990
9947
11601
9802
9852
11082
12037
13518
11491
10298
9310
10121
12302
9828
9927
11814
10331
10477
10547
10757
9362
10156
10888
11291
11504
12105
10148
11149
9761
9659
9334
10590
11254
10862
13764
10693
11317
12857
10123
10950
9669
10914
10915
11705
9642
9843
10379
10487
12290
15898
10821
10836
9245
9904
11043
10476
9923
11741
12576
9331
10008
10148
9771
10696
17832
10720
16276
17169
10546
10547
12815
10499
10856
13359
10294
10329
10841
16573
11703
9860
12017
11711
10035
10101
12484
15817
9316
11739
10303
11360
16655
10410
13496
13709
10567
10220
12263
9573
13484
9465
11074
13132
9313
9656
12433
11172
9717
11550
9895
10267
11402
9798
11356
9687
10566
11251
9841
9741
11891
12132
12377
9755
12066
10043
11381
12497
9694
10922
10989
11301
10778
10095
9403
12113
13182
14497
16748
11520
9346
15896
10410
11704
10524
9948
12084
12532
12247
9558
11295
10302
10543
10572
13014
10359
9713
10920
12469
16134
11594
11054
11559
9561
10217
9976
10173
9754
10450
9396
15332
11355
10623
9873
12207
11485
10755
10708
11089
12063
10143
11820
10271
15331
11548
10532
9922
10981
9447
10891
15150
11422
10449
16347
10480
10358
9637
12198
10794
11539
12522
10158
10707
9529
10244
16199
11297
12945
11326
9670
10884
9940
10068
11229
12362
12360
11385
10449
9648
9747
11247
9663
15921
10295
10192
10419
10416
9541
10334
11012
10211
11898
9393
9854
11345
13482
9859
16464
9781
10231
11795
9388
9881
10454
16941
12079
9742
11186
10294
12571
12543
10684
9628
10575
11850
11433
9756
11030
11877
10411
10111
10460
9583
10654
10844
12341
10268
11994
12929
9846
10860
11204
9932
11533
10558
10315
12973
11757
10389
12350
9546
10946
11522
15770
9650
10848
17652
9441
10389
12121
11895
10575
12143
9902
10694
14938
12156
9536
12376
9481
9902
10236
10293
10857
10914
11656
11169
10487
11752
15409
16404
10615
11596
10024
17021
10791
9872
10401
9568
9850
11799
10907
11685
15255
9522
12554
9869
11937
11381
9760
10104
11009
9944
12345
10164
10497
12909
11115
10690
10889
10727
10887
10746
10488
12232
17078
11428
11824
12413
10573
13078
9816
9975
16041
9657
15989
10058
13441
10239
12729
11967
10234
9908
9956
11320
10156
13480
9635
10607
9671
9763
12114
10388
10424
9840
12569
11780
9997
10139
12288
9658
9658
12137
9665
12104
11643
9764
15669
9548
10045
16705
13054
10296
12844
10879
9746
14422
9599
10116
9601
12578
10465
12745
10870
12022
10077
11375
10645
10085
9928
10806
13299
17871
9618
13761
10227
10471
12489
9584
12391
11478
10813
10976
11681
11773
9914
9915
12330
16459
13517
11762
10696
17393
10016
11558
12584
13407
10394
11800
9828
11525
9867
10546
10150
12023
10082
10738
12765
10544
11816
10145
17741
9890
12436
10680
11265
14933
10377
10994
15693
10960
10945
9686
10215
9683
13174
9958
11164
11530
9952
12731
9878
13047
12182
12236
12994
13398
13293
10507
12314
16279
9788
10558
12988
10269
10229
11691
10918
15137
13286
10361
10655
16228
9745
12284
9777
15639
13968
9664
9751
10762
10822
10457
9811
11666
17952
10782
9773
9956
9974
12859
11579
9789
9874
12953
13037
12618
9848
12508
16261
12147
11143
9912
11284
9733
15258
10653
10885
17830
12672
11263
12054
10839
13760
10351
10731
12486
15662
10039
10453
10066
15763
9769
11746
11986
11774
15805
11345
13475
10339
10331
15422
12145
9858
10554
16927
10799
10365
10117
10386
12190
11331
10948
11521
13647
10029
10814
15201
11697
11140
11241
11811
12408
9863
13280
10959
16651
9883
11337
10906
12294
13247
12787
10701
12064
10407
12637
16735
12271
11214
11263
10091
11068
11392
12781
10019
10571
13476
12278
9885
12607
12042
9997
11046
15526
12192
12968
13263
10230
11595
12061
10161
9876
10651
10110
12199
10270
17346
12191
10809
9845
11091
11306
11859
10112
13017
11070
16952
10238
11147
12712
10255
10397
12413
10949
10878
16213
16768
10433
11713
10128
11154
10087
10196
12265
13381
12485
10473
16210
16725
10533
11238
10868
11866
12033
12392
10242
11273
10010
9850
11869
12167
11429
9881
10725
9992
10944
17944
10878
11407
15318
12305
10660
11171
11033
9870
10849
13638
14091
10173
12437
15791
11033
11054
11491
11109
15735
10264
10378
12759
10719
10804
12616
12015
10712
10724
10791
12669
11486
16531
12964
10258
12195
12431
12663
11655
11631
9862
10309
11802
12179
16145
10603
13554
13628
10102
12336
17831
10030
10056
11029
10274
11698
10194
16965
15780
11935
11410
12260
10525
13281
10966
12208
10514
11098
11514
10556
10340
11807
12226
10542
12266
12860
10935
12733
10106
11260
10061
12521
10232
10120
10720
11725
11075
12230
10042
10430
12050
9978
10549
11282
11991
11180
11806
10199
12567
10517
12035
15592
15909
12783
10204
11876
12127
11874
10343
11626
10734
10479
10073
10429
14947
12342
10307
11577
10371
9945
10144
13239
9980
10180
11447
11709
12646
10248
12224
12462
14713
11318
11222
11875
12347
12704
10319
10793
12305
11624
13104
10051
10793
12354
17342
10154
10190
16102
10108
10520
10626
10687
12078
12916
9991
12804
11473
11235
11448
10027
11838
11458
16728
12292
10033
11925
12080
10032
10810
10180
10249
10767
12732
12668
12780
12997
13204
12173
12033
13255
10198
12310
16456
11444
13102
10103
11658
10656
12590
15496
10534
11341
10062
10592
12550
10937
12632
11488
12605
11603
12613
10639
12525
11332
12557
15553
12534
13605
10084
10275
13779
10348
12608
10363
11452
10298
12419
10404
16206
10169
11139
13028
10128
13151
11073
10288
11451
12463
11077
11177
11270
11288
12255
17023
17960
10664
11818
12112
15722
10143
10925
10964
12710
13363
10346
16440
10109
10119
14663
10398
11956
10657
10264
10727
13063
12378
12260
10456
13168
10118
12917
11566
17274
11438
13250
11947
10854
11894
11466
11511
12186
12452
15482
10100
17924
12863
15065
11846
10768
10595
13147
10915
10145
11691
10210
10340
12417
12081
12461
10537
15625
10824
11349
11977
10773
12512
10547
12241
10201
11620
12629
11879
15811
11080
11056
10402
11804
12541
11028
15110
11836
12261
12394
11906
13155
10739
12211
12595
14844
16266
11239
13269
10314
15354
16401
11579
17036
10639
10756
10347
16130
12429
11294
11386
13314
11694
12524
17155
10539
10945
12747
11249
10433
12491
11653
11571
10628
11409
10183
10865
11486
10649
12328
12282
10384
11420
13620
10374
10509
11712
10347
16940
10392
10746
12923
10286
12895
11822
11981
11229
11542
17971
10435
11389
10647
17666
10313
11475
11441
12306
10438
13182
15002
17074
10407
10901
11847
12324
11404
11174
12100
12242
10500
11502
12640
10466
17460
10502
12407
11087
11637
12716
10283
11025
12894
10469
10802
12249
10707
11567
10659
10677
11538
13231
10421
15599
13024
10774
10952
10991
11156
17135
13700
11026
12838
10981
11646
13115
13424
10496
13242
11154
10308
13008
12708
12564
10979
11516
12642
11813
11064
11385
11846
11368
11917
12610
11005
10426
17073
11581
12370
11097
11002
12149
15151
10440
11255
12735
11915
10371
16352
16398
10679
11515
13366
13551
10531
12074
11250
12459
10843
11434
10654
12007
11234
13448
11289
12443
10341
12086
11260
11336
11335
11206
10468
10770
11427
11280
11394
11664
11622
12159
10748
10766
11015
12862
10519
11899
12768
12868
11305
10752
16221
11519
12962
13439
13450
12309
14230
15988
12821
11347
11455
17158
12739
13599
10678
16195
10810
12657
12804
10685
11952
15216
10708
10926
11001
11122
12225
12387
15853
11114
11179
13098
11433
12370
10556
13085
11159
11183
11509
10626
10381
11317
12592
13060
11454
10709
16183
11786
10425
12233
10565
10662
12223
10839
13181
13974
11696
10408
11049
12702
13145
11065
12652
12196
12044
12382
12436
13490
10652
17936
10840
13650
12082
13329
13488
11143
10904
15317
15792
12477
10617
11058
10825
13500
11421
13492
12065
14352
11067
10744
10984
11095
11742
13275
10874
10473
11766
12085
11281
11142
11074
12185
12922
10837
13091
10444
11390
17389
11570
17431
15807
16112
17756
11584
12050
12458
10751
12446
11030
10980
15718
11848
10952
11992
11327
13577
11258
10632
17718
11870
11515
12250
11510
12529
12900
10555
11069
11388
11944
17891
12795
11420
11614
11933
11881
14857
12468
10749
16012
11092
13404
10920
10965
11200
13467
12480
10716
11408
13528
12256
15334
10605
12402
10599
12785
11996
12039
10734
10830
11971
10561
12954
12546
11142
12990
10968
11190
14856
16075
12464
12554
10985
11209
10622
12609
11000
11106
11342
11539
10990
16373
17230
12527
17732
15186
10903
10586
11006
10776
13146
12216
12421
11826
12216
11954
10928
12612
13272
12228
12728
12359
12768
10722
11362
11344
12694
12909
12206
12142
12827
10893
12883
12598
11308
11134
11826
12102
13246
11555
11755
11238
11394
11745
12466
13767
10884
10838
12586
11794
13541
16389
11833
16149
17948
11572
15508
16471
11612
13618
13804
13811
17166
11469
11166
12487
10657
10978
11868
10652
11803
12242
15651
10736
11298
13600
11897
12877
16232
10658
12269
12792
11000
16330
10784
11787
10753
10755
12920
12366
11212
12538
16332
11296
10766
13254
16354
16413
10735
13566
11144
11081
11168
11486
10668
11023
11256
11889
11932
10851
17833
12339
15806
16372
11880
12547
11357
11586
10908
10950
16241
11391
12840
12217
12582
10773
16942
10668
10813
10976
12766
10728
11428
15112
11231
15198
16392
12124
13298
11999
12724
11130
13225
10864
11955
12280
10936
12599
16868
12390
11748
11351
13250
16292
11556
12364
12636
13698
11158
11336
13369
13377
11674
11517
13385
10917
11562
11775
12338
12570
10825
10882
11706
11835
12409
11998
10729
13009
11086
16016
12925
11459
10826
16113
16324
13661
11581
13664
13455
12572
11051
14843
15688
11968
11340
11599
10803
10780
12794
12872
11399
14877
12765
11962
12651
12880
11763
11293
11786
11599
12075
11964
12296
15565
12108
14100
13129
10942
12705
12530
16323
11512
13442
11016
11960
12376
12580
10978
11851
12868
12089
11092
12841
11244
12957
12209
11701
15729
11369
17204
12298
12455
11540
12592
13435
12683
12516
11474
12368
11125
17908
12441
12487
11325
13572
12288
10823
13180
17836
12038
11301
11719
11472
12454
12693
12518
10997
11569
11273
12777
11081
13055
11416
10812
12319
12408
12969
11148
11516
11160
10835
11067
15279
11514
11760
11570
13000
11333
11431
11094
15903
11335
13516
11039
11015
11531
12808
10969
11675
16633
10931
13159
13266
11447
10893
13688
11481
11752
11146
11461
12109
11528
11830
13170
15472
12220
12514
12201
11683
13378
11100
11882
11259
12559
12891
11007
12677
11312
15031
11068
12287
13142
11756
12910
13271
11857
11148
12389
12334
11983
11840
12045
12295
15476
11285
11181
10999
11200
12691
13470
11552
11620
11559
13052
11426
12294
12352
12547
11757
11911
12587
11509
17358
11202
11116
11306
12878
10949
11528
11284
12138
11384
10955
13509
15944
11108
12789
15724
11480
11073
11307
17915
12423
11828
12626
10951
15636
16317
13503
12635
11513
15011
13524
11679
12057
11650
12448
11567
12956
11480
11591
12686
13010
13076
11443
11222
16996
12318
16284
11833
11845
12158
12243
11370
12276
13197
12252
11578
12959
11707
12464
12570
11368
11796
11129
12505
12831
13234
11793
10995
11792
12555
10991
11703
12926
13014
11102
11889
13644
11711
11171
11568
11930
12762
11116
11378
15877
12677
11886
11236
12891
10998
11645
12474
12876
13232
11097
17692
11445
11010
11071
11921
11073
11710
11630
11854
11604
12509
11466
12539
11956
13094
11459
11258
11355
11641
11311
12915
11123
12139
13718
11559
12221
11604
12316
11949
12734
12546
17865
12214
12712
12029
12668
11655
12864
11310
11944
11399
11873
11487
12136
12704
12201
13333
12396
11785
11454
11473
12782
11154
12281
11797
12439
11372
11347
11413
11465
12167
15961
12925
11054
12042
11777
11684
16998
12736
11245
11249
11678
11346
12424
11927
12079
12544
16071
11933
11594
12670
11956
12836
11462
12176
17794
11421
15778
11439
11416
12119
15857
11329
11405
11775
12933
17966
11409
11757
11526
12405
11369
15888
11163
11130
13178
11225
12992
16095
11220
11998
11690
11193
12774
11569
13598
11649
11358
11553
11573
12244
16137
12004
13129
12217
16194
13703
11716
11652
12138
12406
11739
15010
11471
11363
12371
12238
12323
11274
11439
11885
15053
12198
11474
11698
11681
13150
11752
11800
11417
11199
12060
12761
11906
11811
16357
11747
11288
11300
11973
11367
11256
12035
12174
11388
11663
11877
12095
12365
12801
12343
11762
11945
12606
17750
11450
11639
12016
17706
16038
12010
11376
12577
13282
11363
11891
11776
11957
11308
11711
12244
12846
12220
11299
11804
12175
11283
11885
13304
11946
11613
11302
11527
12470
13586
11460
12603
12381
16077
11671
12284
11652
11841
11680
11481
11546
11263
12135
12952
15370
12013
15077
12919
12889
11781
16610
12893
11398
11254
11373
13577
11713
11283
13502
13230
11257
12994
11482
11871
11421
11682
11968
12203
12937
12525
11588
12107
11508
12653
11525
11974
12459
12799
11471
12470
11258
11380
13575
11939
12016
11725
11769
12838
11529
11518
13032
11365
11411
12451
12699
12246
12030
11470
11547
13315
11387
12685
11355
12124
11661
13427
11382
11690
12718
12681
13062
11380
13707
12221
12485
14911
11318
11353
12245
12072
12575
11849
12660
11491
15365
11552
11971
12814
11305
12117
12289
12181
12833
11794
15203
11529
11876
11969
12088
11573
12835
11964
12068
11765
12678
12983
11395
13111
12399
11903
12534
12611
12723
11375
16447
11488
12579
11543
12243
12426
12573
11419
11673
12184
12406
11643
12709
11646
11788
11852
17637
11629
11392
13050
11554
12266
12837
12055
17031
11326
13311
11693
11469
12513
12357
11959
12709
11814
11326
13457
11776
11629
13055
11913
11432
11941
13226
11693
13169
11502
11386
11611
11619
13426
12641
11989
12040
11588
12420
12480
13178
11606
11527
12216
11530
12304
11977
12885
13624
11535
11661
11619
13375
11993
12273
11865
11449
15928
11479
12354
12826
12027
11905
12340
12252
13325
12382
11420
13617
12887
11493
12236
11988
11699
12934
12303
12359
11772
16294
11806
12165
11392
14821
12006
13608
12434
12540
13075
11895
12490
12544
11410
13188
12545
11809
11919
11531
12067
11844
12002
13277
12643
12729
12978
11501
11638
11874
12505
16914
11774
12161
12182
17152
13386
12446
13506
11613
12271
11805
12184
11447
13652
11614
11601
12213
12000
11749
12432
16803
12670
12171
11536
12350
13052
11697
12563
11490
11887
11861
13287
11564
13043
11670
12558
13046
12605
13370
11543
12158
12807
11565
11913
11810
11765
12620
11650
12742
13658
11819
11525
11945
11533
12786
11922
11732
12147
12039
12594
12296
12299
12484
12579
11678
12703
11663
12187
13153
13520
11825
11625
12337
12689
12504
12910
12054
11758
11636
12513
17254
12117
11668
13101
13409
11739
16088
11680
11875
15000
12047
12491
11653
12819
11754
11655
11610
11700
11977
12477
12384
12389
13038
13460
12698
12178
12061
12894
12897
12496
12634
11632
13051
11918
11862
12167
11676
12434
12070
13489
11951
13174
11659
11636
12047
12201
12810
13462
11918
11889
12558
12367
12600
11960
12074
11795
11947
13423
11585
12274
11721
12664
11775
11800
12094
12828
12788
12152
12725
12202
12653
11883
12924
12000
12439
13007
11852
12588
11980
11882
12199
12278
12166
11658
11771
12644
13228
11788
12136
12229
12904
11701
11962
13149
11833
12836
13102
11932
16338
11635
12339
17571
12540
12884
13356
12113
12197
12398
12688
12711
12791
13342
13050
12013
12842
12269
13258
11666
11838
13080
12445
11766
11684
11696
11736
12111
11915
12112
12325
11727
11768
11787
11865
12411
11969
12075
12289
11766
12003
11660
11742
12044
12379
12773
13075
11659
12597
12325
11803
12498
11939
15684
11686
12850
11898
12026
12109
12515
12756
13103
13403
12230
13166
13451
12532
12055
12706
11923
11948
11697
11869
12046
13100
11729
11795
17912
13371
13146
12158
12107
12397
11887
11777
12453
12520
13421
11734
12888
11734
11938
11820
12850
11830
15926
11961
12292
11733
14751
12391
12431
12006
13576
11950
11774
12363
12082
17631
12087
12707
12074
12237
12842
11847
12443
12664
11743
11948
12577
12501
12742
13041
11813
11945
13215
11966
12435
12208
12186
12434
12884
11911
12263
12191
11874
11960
13044
12427
12673
12084
12120
12091
12664
11821
13079
13272
12305
12041
12989
11938
12508
12246
12584
12559
12994
12462
12030
12511
11905
12008
12507
16258
11910
12211
12121
12112
12797
12256
11841
12168
12377
12634
12458
12141
11824
12440
11864
11868
12065
12137
12440
12286
12075
12344
12802
12692
13501
12624
12423
12550
12680
12299
12064
12176
12284
12073
12132
12737
12149
12241
16180
12647
12697
13461
11838
12218
13159
13364
11990
12289
12313
12129
11930
12183
11992
12389
12754
12231
13130
12688
12368
13077
12366
11926
12425
12648
12159
11965
12932
13136
12012
12129
12007
12432
12179
12058
12908
12213
12445
12003
12059
11904
12612
13077
11898
12034
12392
12329
12321
12200
11972
12457
12077
16256
12012
12882
13354
16302
14127
12655
11944
12607
13175
12039
12306
12237
16156
11892
11935
14884
12644
12063
12505
12726
13406
13269
11979
12237
17748
12132
11910
12446
12326
13328
12118
12021
12056
12741
12249
12600
12261
13383
12016
12736
12793
13187
12141
12200
12002
12263
12699
13374
12494
12137
11942
11929
12425
12681
12562
11947
12363
12273
12229
12800
12285
12536
12088
12056
12490
12542
12086
12142
11993
12139
12473
11961
12090
14744
11953
12896
12560
12775
12312
12892
12163
13304
13210
13461
12497
12400
12657
12062
12271
12617
12709
12908
12147
12635
13255
12189
12725
12541
12196
12146
15656
12111
12436
12011
12824
12549
15663
12151
12385
12366
12835
12424
12452
14819
12450
15676
13002
12003
12745
15012
12379
12177
12890
12049
12073
13130
12097
12566
12641
12099
12649
13189
13113
12115
12416
12281
12297
12452
12707
12387
12695
12935
12497
13124
12149
12633
12394
12455
12431
13260
12714
12649
12155
12805
12324
12762
12563
12738
12866
12621
12922
13107
12437
15624
12095
12472
12334
16819
12320
12563
13177
12272
15603
12388
12510
13220
12907
12173
12337
12285
12769
12290
12824
12245
12717
12189
12776
13061
13281
15954
12265
14907
12602
13029
12418
12685
12892
12906
12700
12935
12991
12623
12302
12235
12353
12870
12230
12521
12275
12543
12313
12429
12212
12206
12511
12618
12130
13047
13334
12460
13218
12292
13128
12467
12817
13412
12278
13038
12640
12839
12682
13286
12817
12215
12683
12648
12159
12471
12537
12628
12483
12258
12952
12995
12303
12360
12381
15144
12397
15860
12352
12976
12302
12625
12202
12621
12374
12871
12659
12527
12788
12326
12495
12399
12875
12648
12560
12662
13537
13646
12391
13378
12642
12258
12812
12272
15880
12526
12362
16202
12552
12865
12392
12655
12348
13005
13221
13368
12429
13101
13145
12529
12650
16875
12764
12831
12306
12220
12785
12873
13390
12605
12633
12462
12291
13376
12298
12760
12565
12755
12297
12286
13425
12854
12357
12471
12335
13294
12521
12650
12275
12518
12740
12841
12958
12829
13007
12964
12270
12498
12467
12300
13732
12458
12585
12264
12955
16243
12632
12723
13187
12938
15511
12526
13014
12674
12921
13543
13758
12929
13053
13034
12580
12724
12447
12280
17456
12597
12946
15113
15856
12539
12595
12545
13119
12618
13172
12468
17272
12364
12498
12628
12528
16905
17965
12445
12903
12935
13203
12400
12643
12668
12661
17597
12377
15515
12747
12474
13248
12873
13029
12713
12998
12335
12871
13589
12427
13102
12990
12428
12858
12695
12849
12970
13022
13256
12512
16223
13161
12420
12573
12737
12661
12735
12371
12457
12700
12889
12813
13397
12585
12346
12951
12939
12513
12792
12376
12371
12537
12833
12679
12703
12413
12779
12515
12603
12923
16366
12587
12520
12586
13238
12996
12518
12861
13274
12464
12636
12979
13303
12559
12752
13602
12800
13248
12752
13086
12406
12607
13695
12697
12508
12455
12750
12649
12510
12531
12904
12714
12409
12639
13340
12602
12481
12845
12963
12748
12619
16457
12844
12794
13217
12610
13030
12656
12754
12484
12623
14361
12815
12427
12470
13201
12680
12946
12764
12746
15779
12706
13193
13024
12671
12796
12930
13203
12620
13116
13204
13021
12720
17834
12976
12456
13188
13074
12483
12652
12581
16517
12591
12899
12699
12921
12536
12560
12625
12829
13030
12620
12782
13008
12888
13336
12575
12739
12610
12842
13211
13390
12656
12486
14874
13198
12522
12896
12579
12654
13043
13083
12549
12938
12630
12987
12539
13164
13199
13177
13331
13268
13365
13619
12886
13230
12731
12590
12538
12861
12554
17136
12961
12622
13213
13035
13084
12805
12598
14005
12555
13454
16374
12865
12906
12865
17153
12901
12988
13639
13108
13678
13214
12769
13027
12628
12769
12619
13019
12574
12581
12673
13105
12583
12653
12823
13245
12847
12763
13406
12815
12818
13027
12817
13106
12731
12641
12670
13322
12678
12684
12630
12667
13481
12888
12692
12598
13793
13031
12604
12879
12944
12784
13072
15501
12895
13385
12924
15001
12880
12676
13191
13301
12640
13705
12945
13192
12779
12826
13207
12671
12734
12802
12923
13552
12663
13066
13243
13103
13260
13205
12746
12647
12775
12744
13090
12813
12816
12914
13292
12920
13294
13310
12788
15939
12835
13237
13012
13009
12857
13341
13114
13163
12667
12987
12995
12904
12787
13561
13644
15510
13000
15658
12844
13205
12843
13249
13309
13160
12963
13316
13164
12937
12800
13118
12805
12812
12894
13150
12908
12712
12793
13253
13035
13214
13016
12881
13556
13560
13676
12744
13039
12984
13135
13152
12821
12896
12917
13519
12927
13300
13369
12850
15153
12724
13085
12793
12948
12890
12917
12878
15897
12940
12767
13243
13344
12838
12732
13208
12757
12901
12863
15902
12982
13027
13021
12754
12940
12775
12766
13033
14937
12920
13012
13033
12847
13278
12944
13192
13171
13414
13636
12960
12785
13333
12965
12840
12958
16421
13358
13117
13360
12895
13320
13351
13218
16695
13293
13512
13098
12860
13323
12867
12944
12829
12868
13022
13079
13262
12864
13099
12927
13162
13104
12798
13064
16811
12806
12912
12970
12925
13030
12854
13210
12848
13127
12978
13019
13101
13564
13012
12839
12978
12852
13054
13081
13040
13551
13245
12934
12880
15064
13059
12960
13704
12889
13211
12969
13691
13090
12957
13323
13319
12939
13013
12961
13613
13090
12848
12855
13200
12946
12973
12942
13049
12964
13452
13310
13064
15938
12878
12939
13124
12897
13197
12948
13037
12992
12999
13317
13176
13491
13582
13588
13213
13550
12887
16270
12948
13203
13139
13181
13020
12989
13276
13514
13201
12900
12956
13344
13477
13008
12905
13338
12912
12984
13384
13013
13170
13264
13289
13513
13125
12941
13055
13017
13209
12943
12965
13216
13190
13509
13278
13200
12988
13033
12959
16504
13195
13006
13107
13059
13026
12961
13045
12996
13028
13016
13422
13095
13194
13222
13533
13013
13205
13264
13272
12975
13172
13138
13699
13009
16790
13127
13379
12975
13409
12972
13348
13502
13019
13309
13645
13084
13094
13002
13137
13557
12999
13262
13275
13241
13453
13597
13634
13642
13158
13089
13465
13158
13313
13093
13072
13044
13173
13463
13566
13127
13301
13130
13419
13570
13305
13559
13123
13236
13280
13445
13096
13297
13026
13193
13305
13193
13534
13031
13418
13564
13434
13303
13144
15445
15912
13501
13105
13140
13345
13126
13335
13068
17103
13388
15677
13338
13292
13229
13141
13169
13477
13065
13307
13302
13496
13063
13567
13591
13612
13176
13081
13169
13186
13367
13232
13248
13097
13143
13134
13208
13706
13507
13578
13175
13339
13124
13637
13283
13161
13435
13100
13215
13283
13183
13201
13096
13360
13516
13224
13404
13410
13120
13364
13363
13456
13135
13287
13319
13396
13104
13107
13251
13623
13381
13299
13419
13226
13500
13563
13253
13207
14745
16403
13339
13505
13263
13323
13334
13328
13144
17849
13123
13314
13167
13191
13279
13405
13297
17638
13196
13643
13702
13182
13641
13341
13401
13263
13386
13362
13366
13158
13498
13386
13220
13165
16479
13543
13755
13649
13462
13294
13517
13297
13372
13595
13368
13458
13530
13172
13451
13335
13228
17800
13449
13284
13316
13277
13656
13211
13365
13450
13437
13583
13326
13349
13284
13236
13542
13551
13523
13498
13252
13346
13433
13431
13487
13314
13401
13568
13244
13240
13258
13388
13471
13265
13382
13411
13349
15437
13307
13381
13580
13624
13352
13398
13240
13257
13571
13278
13377
13288
13330
13397
13440
13553
13343
13472
13236
13396
13614
13273
13321
13394
13242
13359
13299
13308
13363
13246
13355
13357
13494
13303
13352
13642
13485
13402
13614
13306
13324
13304
13425
13580
13473
13489
13261
13523
13260
13530
13286
13292
13371
13295
13351
13548
13271
13276
13436
13448
13361
13416
13455
13482
13554
13473
13338
13532
13361
13530
13490
13309
13394
13477
13354
13635
13336
13405
13422
13295
13611
13350
13467
13531
13504
16233
13305
13322
13495
13321
13354
13536
13545
13319
13572
13324
13415
13327
13483
13347
13621
13531
13415
17112
13330
13488
13630
13333
13540
13334
13590
13559
13610
13612
13388
17723
13421
13480
13696
13401
13468
13456
13564
13446
13571
13383
13552
13617
13531
13418
13622
13376
13395
13576
13482
13486
13358
13376
13508
13521
13594
13389
16230
13394
13601
13573
13467
13521
13545
13453
13479
13399
13469
13538
13615
13485
13505
13536
13540
13577
13527
13474
13434
13615
13417
13596
13625
13415
13462
13443
13503
13552
13452
13395
13413
13640
13422
13444
13473
13491
13677
13417
13446
13574
13631
13727
13447
13576
13608
13466
13569
13534
13619
13493
13494
13460
14923
13536
13457
13549
13557
13568
13498
13485
13555
13708
13460
13466
13474
13508
13525
13595
13559
13754
13763
13443
13489
13495
13574
13606
13503
13524
13544
13601
13629
13542
13641
13607
13499
13522
13539
13633
13570
13466
13500
13640
13499
13600
13461
13505
13514
13616
13545
13585
13570
13504
15453
13632
13653
13682
13478
13579
13670
13599
13569
13499
13649
13661
13717
15264
13525
13590
13672
13615
13706
13510
13593
13522
13550
13609
13657
13648
13606
13501
13663
13502
13586
13680
13685
13522
13630
13558
13594
13668
13626
13548
13519
13726
13558
13594
13638
13558
13579
13550
13654
13586
13548
13609
13623
13568
13538
13593
13667
13582
13544
13557
13675
13708
13633
13647
13587
13651
13680
13682
13637
13643
13592
13617
13653
13664
13658
13701
13660
13608
13613
13597
13635
13616
13596
13712
13574
13677
13674
13736
13609
13593
13677
13641
13636
13625
13627
13664
13607
13651
13660
13697
13602
17557
13628
13621
13655
13667
13610
13721
13729
13632
13643
13714
13655
13678
13737
13616
13627
13621
13631
13631
13703
13746
13681
13704
13630
13654
13635
13642
13676
13702
13636
13669
13651
13662
13659
13705
13670
13656
13697
13712
13711
13671
13739
13661
13662
13715
13660
13690
13701
13715
13713
13711
13673
13678
13681
13684
13685
13736
13670
13719
13717
13716
13730
13674
13738
13690
13725
13707
13725
16918
13711
13719
13686
13723
13751
13719
13728
13724
13727
13695
13716
13695
13708
13721
13696
13699
13728
13710
16863
13707
13701
13726
13700
13712
13723
13728
13729
13731
13725
15584
13740
13714
13731
13721
13739
13741
13730
13737
13735
13736
13738
13727
13731
13732
13734
15521
16135
13738
13739
15987
16422
13743
17994
13744
16441
13747
13819
13751
13798
13751
13750
13762
13902
13753
13794
13807
17521
13756
13766
13766
13778
17984
13767
13765
14735
13769
14098
13769
13763
13767
13872
13770
14465
13770
13858
13900
13810
13854
13960
14205
14963
13806
13836
14545
13805
14020
14518
13883
16845
13787
13808
14822
13802
13802
14408
13823
13823
15795
14482
13834
13885
13935
17986
13835
17077
14109
14281
13886
14277
14080
14190
13859
13811
13869
13800
14006
14234
14382
14112
14167
14720
13819
14181
15820
13819
13862
15796
13824
13842
13871
13827
13884
13895
13808
14777
13827
13906
14679
14552
14354
13828
13866
17579
13842
13856
13883
14068
14169
13839
13873
13830
16796
13839
13849
13881
14027
13821
13848
14796
13861
13881
13853
13857
13884
13996
13950
13837
13856
13894
13918
14161
13833
13890
13909
13970
13843
13887
14726
16880
13837
16309
13879
13894
13860
13922
13926
13877
14061
14724
13879
13929
13857
14406
13880
16169
17275
13932
17575
13891
13892
13867
14321
17496
13867
13886
14298
13913
13946
13853
13904
13923
13940
14066
14093
14106
13931
13988
13861
13945
13919
13948
14474
17546
13908
13875
13877
13882
13882
13895
13867
13876
13959
13932
13973
14093
13887
13906
14715
13877
17981
13879
13898
13950
13900
14005
14102
13898
15594
13962
13904
17795
13892
13907
13962
16293
13992
16310
16365
14802
16435
14644
14064
13972
17184
15119
17874
13931
14658
14085
14141
13933
13941
13953
13957
13913
14028
14118
13973
14015
14034
13971
15070
14531
13917
16593
14005
14633
15518
13908
14206
13933
16577
17983
14236
14250
13945
13953
13951
14024
14042
13987
14040
13922
13956
13985
14048
13921
13922
13984
13947
13985
14047
14022
13920
13947
13921
13923
13961
14027
13989
13930
13949
14216
13947
13956
14294
13989
14526
14018
14515
13953
16001
16004
13933
13971
13938
14741
13943
17974
14003
14007
14080
13941
13972
13983
13999
14124
14032
14060
14101
13954
14154
14062
14175
13989
14499
13956
13999
14244
13954
14051
14024
14078
14442
17019
13984
14786
13984
14772
14062
13957
14147
14224
14179
14903
14437
13994
14011
13961
13991
14008
14085
13972
14013
16006
13966
13967
13983
13994
14090
14091
14091
14090
13987
14008
15713
16945
14098
14100
13979
13983
14065
14013
14023
14098
14145
14172
14233
14026
14054
14130
14496
14380
13991
14003
14359
13991
14069
14193
14274
14070
14109
14023
14026
17953
14165
14237
14242
14238
14239
15879
17223
14072
14029
14046
14147
14313
16039
14074
14092
14122
14076
14253
17455
14023
14054
14011
14030
14073
14127
14015
14018
14551
14083
14082
14089
16476
14089
14116
14133
14019
14033
14046
14137
14190
14119
15955
16090
14653
15925
15678
14231
14077
14082
17317
14047
14060
14148
14033
14370
14163
14550
14097
14119
14948
14137
14170
14077
14149
14968
17068
14104
14123
14073
14084
14187
14222
14302
14046
14117
14077
14086
14275
14067
14088
14110
14123
14146
14196
14072
14272
14054
14086
14390
14087
14088
14160
14069
14081
14142
14191
14203
14546
15236
14087
14110
14305
14129
16168
14255
14095
14140
14256
15710
15714
17044
14067
14125
14803
14151
14849
14243
14070
14072
14154
14441
14138
14503
14521
14073
14269
14144
14174
14204
14850
17963
14087
14095
14178
14083
14085
14224
14245
14493
14097
14084
14154
14349
14166
14399
14171
14116
14265
14125
14836
14229
14387
14121
14655
14807
14117
14266
15025
14388
14110
14514
14109
14119
14180
14218
14111
14125
14157
14209
14212
14249
14281
14221
14303
14124
14176
14244
14122
14296
14301
14967
14230
14230
16603
14144
14157
14177
14208
14122
14364
16475
14160
14343
14165
14129
14217
15045
15208
16449
16132
14171
14333
15462
15509
16518
14158
14221
14160
14998
15250
14136
14483
14348
17839
14148
14147
14177
14264
14275
14390
14198
14204
14166
14176
14173
14429
14150
14157
14223
14454
14152
14235
14163
14151
14171
14152
14220
14319
15894
16661
15173
15242
16976
16080
17124
14369
14172
14293
14294
14163
14170
14414
14492
14795
14166
14179
14191
14217
14318
17189
14210
14254
14285
14404
14295
16308
14327
14216
14282
14250
14263
14198
14412
14227
14232
14282
14315
14284
14297
14356
14314
14395
14866
14640
15542
17383
14634
15542
14325
14323
15368
14217
14247
15016
14210
14213
14327
14208
14300
14849
14864
15081
14339
14201
14377
14210
14283
14355
14220
14199
14381
14484
14223
14838
14431
15414
14260
14273
14260
14290
14362
14227
14329
14213
14251
14260
14227
14235
14247
14251
14815
14231
14220
14251
14273
14342
14223
14427
14271
14487
14683
14334
14371
14402
14218
17622
14459
14949
14263
14293
14378
14395
14437
14487
14741
14324
14344
14277
14458
14307
14320
14390
14421
14308
14243
14359
14543
15781
14544
14537
14537
16879
14541
17326
14544
14257
14264
14330
14289
14293
14363
14289
14290
14316
14410
14261
14334
14966
15859
14271
14461
14398
15495
14271
14261
14294
14408
14848
15023
15374
16936
14265
14494
14330
14388
14416
15583
14375
14380
14272
14281
14417
14316
17951
14349
14288
14851
14338
14481
14756
16072
14422
14313
14302
14331
14391
15474
14663
17174
14307
14311
14459
14408
14397
14377
14292
14417
14300
14343
14357
15622
17379
14304
14338
14307
14374
14454
14301
16902
14311
14326
14369
14321
14534
14340
14412
14895
15381
15696
14329
14343
14547
14655
14482
14651
14679
14358
14344
14423
14366
14503
18004
14380
14372
14393
14463
14363
15772
14333
15081
14358
14426
14341
14411
14479
14498
14331
14337
14391
17051
15617
16092
14331
14409
16491
14401
14349
14547
14548
16204
14466
14661
14897
16283
14356
14483
14532
14433
14514
14549
16953
14363
15976
14495
14381
14504
16415
14779
15914
14356
16251
14841
14427
14433
14497
17667
14548
14641
14531
15725
14358
14364
14401
14361
16452
14397
15226
14443
14452
14536
14426
14375
17993
14393
14444
14385
14391
14398
14372
14374
14436
14400
14477
14530
14468
14410
14393
14440
14451
14379
14397
14887
14409
14793
14423
14452
14552
14646
14815
14826
15016
16321
16561
16706
14399
15416
14440
14446
14659
14471
14488
14546
14423
14507
16638
14404
16336
15141
14441
14743
14429
14463
14782
16231
14426
14471
18010
14644
16021
14731
14791
14472
14416
14648
14427
14470
14477
14951
15028
14479
14535
15529
14488
14433
14453
14739
15366
14955
16385
14425
14494
14890
14455
14647
14445
14524
14469
14760
15017
15172
14531
14446
14505
14718
14470
14650
14671
14457
14470
14444
14454
14658
14479
14512
15099
14440
14463
14809
14458
14448
14494
14447
14448
14653
14455
14457
15606
14550
14723
14455
15753
14519
14761
14504
14749
15109
14649
14499
14468
15500
16498
14493
14521
14725
14757
15108
14735
14674
14735
14468
15142
17881
14643
16500
16513
14511
14723
14680
14741
14504
14533
14528
14529
14743
14719
14512
14533
14506
14524
14552
14765
17120
14759
14495
14529
14667
14942
15655
15940
14488
15192
17845
14823
16369
14511
14642
15073
15099
15529
15308
16867
14507
15256
17095
17305
14760
14532
14573
15649
14611
15649
17475
14529
14714
14838
14530
14717
14653
14733
14990
17149
17726
18778
14847
14798
14760
14809
14941
14519
14525
14642
16774
17300
14755
14683
14733
14550
15086
15273
15728
18189
18661
14732
14805
14551
14834
14532
14534
17544
18230
14530
14682
15430
14545
14648
15634
14649
14686
14690
14689
15842
14704
14925
15654
14687
16339
14699
16110
14695
17876
14691
14549
14648
14794
16657
14644
17257
15924
14981
14708
14688
14692
14691
14687
16154
14696
14703
14699
14701
14702
14854
14705
16165
14700
14689
15200
14698
14693
14706
14686
16151
16955
14697
14707
15746
14872
16851
14712
15036
17813
15777
16152
15745
15394
16101
14694
15395
15997
14690
14704
15051
14695
16136
14873
15899
16166
16029
14709
14685
14711
14710
16179
16718
14830
15005
15065
17033
14733
14718
14811
14650
14996
14680
14772
17409
17754
18668
15060
15186
15664
14865
14657
14862
14810
14683
14676
14717
16479
17965
16565
14852
16216
16586
15123
15459
14909
14919
16558
14682
14806
17531
17699
15414
14747
14769
17122
14719
14730
17292
18086
18594
15046
14820
15031
15601
14730
14809
16545
16675
15173
15213
14729
14823
15435
17277
18272
14718
15461
15509
18018
14944
15522
16580
16704
15090
17080
17208
16788
15440
15504
14896
15578
14756
14775
14721
14729
16524
17040
14719
14903
14922
14726
14792
15066
15548
16797
14761
14771
15802
14845
14940
14736
14747
14837
17894
14747
14813
16515
14783
14960
14737
14852
14788
14800
17242
14755
16200
15196
17306
14890
14904
15916
16118
15001
14775
14923
14923
17616
17212
14793
15288
15210
17336
15881
18066
15216
17587
15217
16975
14975
14878
14769
14887
14804
14869
14989
14823
14774
14940
14972
15056
15245
14775
14767
16749
17207
17544
17695
14842
15996
14802
16181
14783
16791
14798
15276
16259
17304
14958
16054
16950
17511
14853
14869
14951
15641
18795
14859
14912
14786
14785
15600
14896
14792
15290
17578
14958
16554
14921
14984
17150
14878
14796
14806
14935
15865
14853
14800
14851
14803
14959
15209
14802
18133
18801
14830
14986
14811
14886
14950
15206
14985
15291
15123
15412
14861
16146
17875
14963
14977
15285
18238
15182
15379
16524
16761
16967
17294
15031
16414
15029
15045
15047
16707
17738
14972
15007
15095
15078
15088
14924
15274
14836
16769
17810
15422
16869
14836
14850
15699
16758
14842
14842
15417
16981
15532
14847
14878
15064
15064
15154
14866
15118
14851
15357
15050
16383
17783
17888
15077
15077
15032
17895
17960
17548
17688
14945
14894
17034
14987
15047
15070
14910
14935
14887
15496
15967
16715
18650
14949
15056
15368
14953
15014
15078
15844
17591
15844
15286
14924
16564
17121
15110
15286
15107
15431
17436
14926
14996
16166
15625
16620
17031
15127
15127
15324
16264
16937
14910
17949
15111
15174
15326
15668
16353
18169
16257
18681
15057
16972
18136
15257
15417
14904
18021
16234
15155
15069
15103
18207
18473
15296
15427
15101
15524
14950
15325
16623
14914
15639
16774
14907
17096
16502
17089
14989
15186
15454
14950
15055
14931
15448
15558
14917
17303
15013
17041
16537
16672
15162
15174
14993
15240
15471
15801
16049
14978
15014
15006
16193
15148
17523
14939
18764
14945
16856
16618
15222
15380
16611
15160
15233
15235
14960
14978
14945
14969
16869
17429
15840
14947
17689
15614
15238
15142
14986
15091
15115
15161
15780
17188
15263
15624
16171
16620
15135
16073
14996
15672
16892
17433
18243
15108
14986
15145
17853
15161
15245
14993
16056
14995
14971
17214
16805
15108
15439
18008
15636
18217
14988
15003
15678
16753
15115
17746
18482
15360
15518
15704
17082
15202
15220
14987
15486
15110
15083
16262
16917
15282
15954
15313
15854
15531
16109
15074
16556
18018
15048
15082
15083
15121
15329
15673
15334
17982
17540
15120
15158
15129
15136
15168
15020
17799
16872
15011
16304
18057
16930
17822
15305
15022
15226
18001
15372
16104
15372
17088
15022
15227
15073
15109
15045
15356
15316
17517
16737
16751
15274
15368
16411
18451
18532
15145
15300
16667
15158
15296
16445
18177
15398
18665
15035
15350
16779
16078
15219
15475
17126
15121
15314
15431
15048
15097
15841
15413
17070
15082
15103
15409
15409
15055
15111
15227
16618
15421
15227
16105
17582
17474
16239
18029
15121
15191
15631
15561
16534
18204
16344
15979
18044
18353
16424
15442
17076
16738
16131
17108
15650
15929
15071
15072
15239
15271
15428
15181
16474
16903
15185
15355
15467
15086
16111
15201
15582
16461
15097
16840
18024
15482
17829
16318
16516
15177
17297
18528
17502
17781
15097
16348
15161
17610
17757
15809
15135
15193
16098
16195
17163
15460
18006
18052
15783
15330
15823
15430
15135
15181
17461
15883
18254
15132
17055
17134
15191
15237
17592
17772
15451
17477
15430
15116
15536
15536
16192
17681
18568
15162
16027
15120
15215
15554
15580
17280
18373
18034
15607
16580
16290
17232
15237
15271
15237
15239
15479
15300
15375
17650
15694
17949
17341
17411
15285
17807
15463
15629
15145
15599
17860
15599
16478
15143
15421
15574
15240
15474
15245
15212
15742
16614
16677
18153
16367
18697
15151
16532
17570
15618
15666
16425
16781
15558
16217
15206
15350
16682
16089
15182
15167
16173
16468
15638
16033
15638
15365
16473
15525
15241
16612
15589
16573
16736
15342
15538
15800
15871
15803
16805
17405
16883
17766
15314
15892
15193
15234
15662
17288
15215
15220
16825
15220
15386
17086
15669
15464
15188
16908
18269
15535
15583
17253
18566
18590
16802
15684
15684
16232
17382
16343
16671
15693
15228
16598
15204
17268
16727
15928
15427
16976
15692
15569
16826
15709
15271
15356
15470
16648
15228
16485
15305
15316
15380
16229
17094
17137
15225
15291
15341
15551
15235
17671
16428
17607
16223
15335
15735
17250
15543
15330
15634
18028
17656
16978
15323
15352
15567
15513
15675
17529
16655
17662
17008
17612
17171
17425
15308
15327
15841
16642
17944
16642
17621
15254
16351
17784
15782
17263
18875
15357
15786
17961
17886
15930
18079
15262
16313
15298
15485
17698
15548
16175
17554
16034
15566
17678
15706
16141
17334
15841
15561
16306
16458
18033
17709
15346
15814
15821
15490
15821
15281
17532
15735
15415
17259
18349
18620
16213
15486
15833
16720
15291
15448
15611
16616
15849
16391
18614
15962
16275
16026
16546
15845
15578
15785
18174
15308
15866
16829
17047
18295
16215
17003
18249
18147
16045
17351
18767
16198
15552
17434
16101
16752
15690
15888
18311
18345
15994
17477
15334
15897
15897
17387
17659
18359
15341
15733
15679
16969
17754
18849
16215
15528
17130
15631
17790
15631
15375
15583
15640
16776
18425
16054
15403
15909
15909
17927
15441
15590
16197
17439
15700
15720
15406
15498
15772
17943
17688
15665
16899
15932
15932
17658
18356
15847
16881
15862
17642
15863
17643
15700
15775
15906
16184
17260
15944
15944
15464
15547
15831
15596
16459
15486
16788
15776
17142
15958
17617
15959
15959
16973
17287
16897
15370
17087
18202
16263
17627
15686
15930
15401
15569
15941
17290
17663
15468
15487
17558
15633
16521
17134
15877
15610
15475
15633
15984
18099
15984
15990
15590
15593
16370
16548
15487
15549
15587
15593
16528
18077
16628
16628
17371
15910
15952
16537
18800
15995
16062
16498
15547
17626
15673
16396
15525
16824
16906
15802
17956
15838
15682
15715
16041
16041
17011
15468
15538
16617
15725
15991
16012
16737
16031
15640
17450
18127
18187
15423
17184
15985
17590
15570
16972
18798
15670
16148
15600
16219
15443
15547
15716
16057
15535
15549
15587
16120
16591
17162
16077
16034
17503
18372
15830
15953
15471
15561
18239
15766
16263
15459
16102
16999
16102
17135
15449
15872
15994
15732
16116
17353
17338
15614
16688
16515
16763
16617
17077
17479
17907
15500
15568
17821
18112
15538
17624
18556
16149
16149
15692
18479
18596
16238
16910
15497
15665
15753
15936
16665
15495
15473
17123
17435
15531
17005
17749
17767
16203
16436
15535
18130
15504
17469
15910
16442
16385
17528
16851
17782
17695
17847
15788
15861
16222
15957
17042
16867
17236
15942
16198
17486
18437
17565
15537
15554
15976
17164
15858
16297
15967
16245
18362
15601
16492
16622
17075
16211
16211
18228
16225
15534
16160
16187
15940
15613
16230
16230
16245
17599
15734
16955
16111
15521
17566
15555
16217
17081
18475
16240
16249
15895
15970
15537
16260
15622
17646
15965
15923
17432
18129
16274
16274
17030
15814
16282
16812
16985
16991
16285
15585
16387
16378
15889
16292
16292
16954
16193
16320
16801
18781
15915
15977
16922
16321
16117
18171
15587
16295
16175
16632
16762
16143
15911
16935
16381
15604
17184
18716
16329
17811
16962
15743
15797
16838
16163
16694
15600
18392
18790
15923
17357
18698
16185
16886
16189
16955
18563
18844
16538
17560
17973
15666
16007
16365
15873
16059
17118
16460
16915
18357
17826
15603
18002
16780
17275
17437
16386
17625
15642
15776
15839
17077
17567
15982
16082
16398
15757
17804
15972
16016
16143
17789
17835
16404
17749
15760
16451
17317
16321
16080
16775
16426
16006
16557
16133
18699
16439
16439
16007
16691
18552
16463
16463
15720
15776
16147
16896
18025
18432
15923
15775
15815
16155
16481
16481
17828
18143
17316
16668
16716
17746
18371
17757
17875
17486
18676
16480
16496
16649
17503
16694
16703
17612
15652
17196
17482
16658
17967
16267
17582
16556
16504
16504
16506
16203
16555
18175
16367
16517
16517
16765
15986
17497
15697
15963
16350
17099
16093
16417
17714
18365
16530
17852
16817
18507
16627
16535
16544
17416
17298
17305
16613
15722
16492
16562
15686
16285
17035
16562
16035
18733
16161
17438
18300
16574
16607
17284
16028
15952
16148
18415
16291
16571
15983
16115
15918
17696
16116
18030
18168
18678
18570
16205
16349
16579
17939
16731
16588
16601
16601
17542
16577
17100
16053
16115
16054
16090
16509
16667
16132
17168
16610
16610
15833
16848
16547
16578
16631
16556
16983
17392
17088
17368
17811
18115
18268
15889
16736
16423
15743
15788
16191
16591
16701
18149
16546
16575
16976
18472
16680
17613
16594
16644
17059
15947
17059
16168
17925
17385
17182
16288
16800
18318
18649
16113
18516
16638
17781
18077
17221
18065
15938
16777
16811
15797
15798
15824
17753
15827
18015
18737
16673
16673
17868
16732
16810
18739
16578
17773
17330
15771
17290
17520
16627
16141
18321
15788
17110
16689
16171
17178
17365
16099
17102
17463
15804
15925
17772
17942
16219
16385
16986
15933
18550
15791
17747
16702
18605
18907
17193
17851
18645
16713
15931
15812
15925
17777
15911
15936
17820
16728
15807
17131
18325
17823
18182
16735
18388
17281
15861
17988
16214
16740
16742
17917
16662
15891
16525
16734
17119
16240
16678
18713
16772
17236
16772
16766
18098
18588
16031
16453
17722
17792
15835
17556
16796
16046
17258
17579
16796
16541
17091
17233
17799
15956
17805
15939
16777
17202
16704
17347
16600
17304
16454
17049
15859
17156
16100
16803
16803
16804
16878
16298
18444
16425
16575
18194
18006
15905
15998
16657
16608
16832
16201
17417
16234
16721
17121
16493
17384
16685
17071
16704
17756
16841
16841
17037
17446
18294
16879
16839
16849
16330
17909
16239
18294
17403
18131
15980
16667
16013
16270
16693
17147
16755
16260
17396
16864
18279
16887
16396
18016
16477
16881
17332
16887
16555
17003
16888
16889
16889
16904
16191
18198
16745
17522
17328
16910
17402
16754
18144
16008
16856
16313
16767
15936
16904
16909
16094
16293
17376
16967
16914
16914
16085
16189
17962
16191
17018
16621
18443
18709
16259
16926
16926
16856
16927
16519
17718
16645
16875
16940
17484
16209
17559
16949
15949
18319
17399
16941
17385
16942
16417
16378
17103
16503
16945
16248
18463
17143
16964
16964
16522
17267
17858
16387
16786
15966
16329
18177
16574
16921
16351
17127
16308
17227
16183
16392
16982
18692
17018
18314
17215
18167
16022
16636
17939
16995
16995
16939
18166
16348
17675
16998
15989
18037
17618
16503
17611
17004
17004
16028
16240
16645
17523
16118
16707
18170
16419
17686
17349
16531
17021
17019
17023
17019
17995
17027
16010
18299
17354
17270
17234
16384
17344
17036
17036
16026
16626
16025
16146
16545
17847
18025
16953
17140
17344
17042
16855
17293
17210
17977
18255
16846
17577
16069
17048
16249
16341
17902
18027
18892
16079
18348
16470
17359
17024
17073
17051
17074
16558
18147
16044
17458
17727
17607
18352
16263
17555
16605
17083
16745
16611
18174
18257
18438
16354
17557
16557
17426
17813
18336
17146
17112
17109
17808
16303
17113
17875
18391
16752
17730
17644
16255
16287
17275
16585
17053
18701
16626
17684
17122
16825
16441
17561
16691
17125
16277
17158
16791
16427
16719
17014
18028
16919
17702
16435
17076
17146
17136
17187
18090
17138
16304
17309
16361
16646
17257
17164
17412
17138
17651
16444
17152
17152
17155
17160
17459
17913
16577
17730
18338
16345
17693
16584
16932
17111
17601
16709
17172
18333
16764
17080
16840
17179
17647
17179
16475
17222
17932
18103
17034
17619
18148
18178
16943
17190
16220
16358
16332
16485
17375
17775
18059
16177
18376
18734
16127
17783
16447
16479
17494
16674
16827
17206
17206
17189
18154
16135
18043
17806
18008
16316
16482
17812
18110
17141
18231
17500
17225
17307
16570
17122
16291
16684
17120
17837
17837
16513
17070
17251
17997
16291
16960
16916
16793
17300
18499
17326
17198
16369
17225
16822
16327
18561
18637
16806
17404
17941
17941
16289
17423
17242
17534
17020
18511
17937
17274
17311
16174
17733
17713
16836
16310
17255
18093
17935
18557
16278
17452
16843
17210
17026
17289
16226
17242
17278
17824
18606
16185
17188
18005
18072
18811
16760
16309
17255
16835
16589
17320
17797
17325
16706
17645
17329
16359
17884
17527
18720
17337
17317
16773
17342
17419
16874
17346
17348
17352
17352
16731
16283
16231
16672
18559
17840
17364
17364
16594
17573
17366
16631
18666
16906
18395
16228
17819
16415
18808
17672
17767
16688
17538
17596
17304
18381
16303
16855
17220
17402
18584
17408
16928
16946
16929
18091
16648
17180
16977
17884
17825
18601
16997
17529
16814
18822
17379
16560
17770
16532
17533
17720
17437
17438
16700
17287
17039
17441
18041
17448
17041
18717
16730
17456
18574
16413
17460
17460
16280
17715
16281
17716
17382
17690
17947
16873
16893
17472
16514
16598
16616
17569
17642
17643
17148
16381
16761
17392
16390
17489
16466
17534
17489
17636
17496
17504
16387
16416
17512
17515
17515
16566
16965
16984
17798
18225
16342
17616
16690
17535
17979
18360
18001
17546
17546
16312
17929
17771
16787
16550
17951
17212
16494
16785
17557
16903
17942
18133
17015
16901
17814
18092
17571
17571
16326
17312
16436
16527
17020
18475
18631
17583
17584
17584
16962
17436
17597
17597
18592
16502
17899
18715
16495
17631
17102
17282
17252
17575
16663
17476
17269
17637
17931
16890
17358
17057
18393
16815
16872
16539
17652
16780
17498
16471
16647
16913
17657
17131
17308
16692
17660
18327
18629
17640
17665
17633
16424
17322
18273
17870
18311
17676
16663
17679
17687
16510
17785
18039
16510
16574
17013
17381
17911
17208
17692
16870
17068
16507
17105
17635
17257
17700
18089
18623
17704
17423
18118
17706
16553
17725
16489
18289
16703
17008
16490
17896
16433
17761
17748
17100
17750
17750
16847
18163
16408
17760
16409
17617
17627
17759
17205
18683
17553
17769
17769
16746
17294
16930
17271
16452
18828
18874
17943
17822
17791
17791
17211
17139
17110
16514
17280
18069
18271
17314
17084
17984
18324
17764
16462
17981
16695
16561
17542
17971
17831
17836
17883
17907
18089
17842
17280
17842
17965
17844
16580
17960
16563
17953
16933
18911
17112
16994
17859
16968
17862
17865
17866
17952
17952
17407
17948
17878
17389
17867
17934
17891
17892
17924
17908
17912
17915
17892
17411
17963
17953
17053
17202
16946
18519
16936
17492
16950
17310
17349
17705
17778
17806
18276
18355
16522
17916
17856
18522
17865
17097
17874
18718
17101
17194
18221
16935
17081
17845
17369
18821
16679
16849
17302
17549
17990
18585
18595
17586
18539
16600
17062
16951
17462
18510
16853
18085
17993
18021
17341
16615
17475
18362
16635
18577
17161
17392
17661
18410
16666
18004
16960
18069
16720
18423
18652
16822
17009
16565
18302
16727
16768
17723
17672
16732
17200
17201
16586
17969
17300
17528
17054
17166
17175
18291
17412
16605
16789
17373
17671
16684
16760
17572
17758
16838
16781
17090
17732
18056
18119
16944
18366
16894
17106
18593
17685
17192
18166
18194
17176
17635
18831
17376
18083
16630
18558
17463
17226
17356
17422
18011
17416
18067
17006
17625
16845
17056
17126
18054
16652
16683
17796
17133
17510
17802
16606
17634
18369
18287
17371
16951
17246
17125
17520
18109
17213
17106
17536
16702
17029
17857
17567
18024
17932
16984
17510
16676
18440
17949
16802
18011
18497
17356
17539
17403
17737
17773
16701
17162
17127
17318
17284
18069
17007
17841
18016
17037
17237
17890
18087
18056
18434
18206
17585
16925
16826
18188
16928
16929
17150
17632
17231
17559
18059
18156
17752
16798
18124
16711
18893
18512
18370
17563
17593
16845
17124
17347
17647
16743
17581
17779
17786
17707
17841
17129
17328
18145
16810
17527
16846
17552
18569
16969
17305
16779
17301
17311
17541
16916
18931
17182
16831
17808
17514
16725
17913
16981
16720
17153
17521
18693
18610
18663
16749
18123
18120
17001
17187
17289
17922
17345
18634
17640
18262
16718
18784
17199
18761
18924
18924
17142
18022
17049
17519
17541
17397
17454
16922
17000
17703
18553
18579
18380
17131
17580
18589
17156
17466
17292
18339
18792
17073
17223
16989
17608
17010
16908
18212
18198
17313
18556
16862
18231
17448
17389
17401
18119
18157
16834
18358
17217
17547
18578
17174
17382
17501
17396
16822
18299
18883
18100
17265
17069
18012
17688
17894
17094
17288
18281
18031
18138
17387
18665
17946
18658
18117
18332
18066
18140
17296
17357
17551
17240
17145
18448
18247
18521
18543
16935
17109
17815
16863
17139
16920
18034
17623
17170
17309
17395
18929
18140
18677
16823
17209
18533
17293
17589
16836
16901
18019
17397
18044
18224
18312
18814
17107
18429
17213
18020
17276
17549
17127
17516
18161
17022
17955
18619
18732
18061
18824
17013
18039
17909
18296
17426
17499
17318
17735
17375
18139
17848
18094
17298
17931
18141
17085
17788
17391
17537
17831
16989
17498
17409
18771
17001
17804
17469
17611
16965
17064
17843
16905
17521
16899
17115
18246
17050
16861
17738
18494
18421
16861
18624
18105
16891
17266
17113
16891
17354
18181
18727
16971
18340
18472
17310
18767
17550
17087
18220
18134
17359
17910
18233
17605
17155
18150
17696
17196
18288
17295
18394
18915
16918
17260
18222
17990
17882
17585
17010
17816
17201
17491
18266
18517
17840
17183
18360
18476
17612
17426
17153
17667
17015
18213
18574
17917
17533
18214
17151
17859
18325
17748
16975
18065
18526
16988
17014
17467
17081
17614
17466
18630
17573
17450
18618
18195
17012
18697
18882
18005
18906
17399
17779
17453
18922
18403
17330
17799
17285
18554
17838
17368
18215
17569
17740
18811
17971
17139
18533
17458
18344
17177
17401
17434
17959
18260
18753
17600
17628
17793
18817
17684
18096
17315
17140
17468
18791
17265
18415
18526
17674
18031
17165
17839
18796
17336
18216
18328
18398
17418
17468
17539
17905
18695
16987
18258
18498
17312
17331
17159
18209
18039
18309
18646
17961
17191
18461
17197
17458
17801
18580
18325
17406
17086
17230
17415
18064
18092
17926
18510
17249
17040
18687
17256
17615
17962
17829
17186
17400
17279
18865
17467
17132
17166
18766
17333
17958
18689
18640
17078
17487
18070
17292
17456
17215
18707
17648
18228
17524
17604
18467
17301
18121
17805
18492
18081
18402
18587
18167
18261
17594
18058
17273
17628
17378
18355
17202
17226
18160
17808
17272
17872
17719
17509
17599
18063
17487
17564
17980
18742
17377
17090
17820
18418
18206
18737
17626
17906
17241
17374
18886
18483
17264
18707
17258
18764
18902
17108
18343
18675
17370
17169
18641
17252
17313
17927
17922
18335
18361
18505
17338
18930
17552
17589
18512
17363
18402
18623
18551
17218
17393
17930
18014
17830
17470
18326
17535
17447
18725
18027
18643
18402
18019
18315
17742
18905
17726
17148
18185
17843
17804
17609
18317
17509
18654
17129
17849
18413
17736
17596
17231
17173
18290
17299
18789
17163
18692
17481
18298
18080
17322
18309
18074
17235
18177
18736
17427
18517
18414
17586
18150
18712
18520
18229
18597
18192
17383
17406
17669
18118
18676
18686
18101
18099
17496
17747
18399
17573
17480
17500
18293
17878
17581
18645
17721
17887
18280
17248
18927
18103
18023
17276
17637
18360
17414
18278
17473
17705
17751
18724
18662
18729
17925
17609
18264
17380
17848
18091
17483
18219
17771
18532
17295
17246
17497
18237
17618
18546
17441
17246
17780
17978
18335
17295
17766
18852
18540
18646
17671
17725
17817
18786
18536
17373
17332
17577
17932
17963
17440
17346
17761
18506
17330
17580
17895
18015
18122
18223
18524
18598
17487
17993
18910
18342
18351
17374
18042
17741
17506
17302
17532
17575
17693
17974
17474
18204
18260
18486
17423
17776
17981
18604
17451
17979
18033
18017
18597
18690
17685
17702
17740
18775
17962
18016
17522
17549
18441
17288
17540
17985
18549
17998
18550
18716
17459
17611
17315
17539
17999
17453
17492
18594
18921
18057
17434
17874
18512
18769
17667
17956
18704
18249
18011
18115
18105
18273
18322
18291
17954
18281
17624
18352
18438
17988
18725
18270
18009
18659
17588
17838
18258
18377
18923
18038
18139
17849
17621
17765
18102
17810
17398
17670
17966
18128
18290
17525
18769
18899
18415
18373
18350
18671
17756
17613
18469
17668
17737
18871
18912
18286
17619
18662
18777
17360
18028
17818
18583
17905
18182
17455
18310
17462
18493
18089
18246
17556
18927
17729
17983
17974
18218
18318
17461
18145
18200
17923
17938
18001
17920
18934
17666
18525
18417
18354
17945
18855
18193
17755
18075
18207
17768
17425
18064
18416
17543
18581
17646
18383
17591
18421
18284
17506
17867
18572
17465
18312
17936
17598
17670
18193
18526
18314
17970
18792
18455
17471
17545
18114
18834
18074
18596
18422
18454
18711
17578
17721
17517
18426
18425
17510
17798
18377
18505
18416
18561
18805
17969
18169
18130
18520
17471
18351
18168
17606
17463
17588
17800
18254
18705
18826
17551
17632
17467
17901
18605
17522
17660
17721
18331
18242
18680
18907
17532
18308
18130
17794
17614
18212
18729
18040
17680
18265
18275
18003
17682
18449
17779
18818
18239
17587
18350
18686
17572
18547
18590
18714
17708
18033
17538
18515
17800
17871
18020
18675
18691
18330
17545
17744
18183
18082
17559
17662
17618
17855
18282
18514
18627
18010
18566
18104
18551
18270
18184
17536
17830
18921
17665
17729
17864
18405
17840
18053
18091
18435
18685
18395
17711
18082
18146
17803
17832
18436
18485
17672
18015
18482
18611
18796
18035
18214
18636
18419
17933
17994
18530
18625
18055
18073
17649
18613
18181
17806
18780
18375
18315
18622
18357
18813
18252
18106
18322
18284
18329
17678
18634
17871
18328
18054
18538
18285
18430
18306
18147
18833
17719
18421
18097
18198
18095
18677
18696
17691
17882
17735
18600
18433
17996
17652
18427
17877
18340
18079
18386
17677
18032
18081
18155
18900
17944
17651
18180
18138
17776
18035
18250
18509
18823
17677
17904
17898
18366
18200
17819
18267
18135
17684
18447
18521
18093
18644
18051
18052
18045
18686
18203
17897
18516
17828
18838
18055
18496
18514
18776
17916
18472
17717
18431
18424
18209
18918
18823
17825
18363
18278
18086
18862
18735
18870
18201
18123
18735
17789
17754
18849
18409
18201
18374
18378
18334
18882
18505
18567
17744
18007
18465
18467
18561
18932
18615
18173
18341
18271
18501
18043
18385
18386
17854
18335
18578
18175
18070
18768
17733
18349
18850
18051
18052
18629
18040
17805
18364
17768
18354
18387
17801
18038
18142
18443
18660
18047
18111
18920
18348
18416
18406
18170
18124
18408
18655
18568
18714
18094
18510
18265
18255
18428
18187
18135
18773
17783
18794
18132
18473
18917
18146
18032
18035
17881
18305
18651
18067
17947
17903
18806
18451
18925
17938
18455
18614
18635
17820
18190
18808
18423
18098
18493
18199
18014
18595
18589
18744
17886
17985
18272
18573
17826
17864
18762
18281
18220
18771
18480
17975
18327
17982
18483
18230
18548
17899
18446
18914
18404
18273
18068
17928
18835
17834
17846
18346
18853
18669
18268
17863
17834
17900
18217
18068
18048
18567
18931
17850
18607
18203
18289
18167
17900
17990
18682
17866
18585
18159
18570
18264
18037
18831
18397
18106
17995
18158
18519
18132
17983
18702
18142
18679
18713
17977
17907
18246
18337
17913
17880
17919
17987
18675
18007
18418
18074
18554
18012
18064
18534
18439
18609
18233
18353
18236
18854
18647
18224
18357
18160
18584
18384
18406
18705
18648
18792
18389
18009
18466
17933
17991
18151
18408
18437
18457
18666
18331
18452
18111
18251
18462
18245
18446
18483
18395
18446
18647
17945
18741
18624
18649
18504
18351
17964
18453
18720
18314
18469
18080
18750
18176
18282
18719
18530
18743
17996
17989
18285
18078
18465
18805
18772
18155
18226
18263
18047
18629
18382
18437
18759
18457
18843
18104
18741
18048
17987
17987
17991
17994
18036
18197
18378
18334
18456
18547
18723
18337
18450
18516
18379
18097
18150
18075
18562
18818
18812
18239
18928
18379
18556
18359
18571
18400
18210
18768
18341
18071
18268
18601
18471
18288
18211
18578
18356
18579
18212
18290
18664
18678
18858
18494
18624
18280
18195
18470
18459
18458
18784
18486
18390
18096
18260
18116
18926
18125
18331
18542
18565
18309
18515
18078
18116
18306
18849
18417
18616
18670
18615
18101
18407
18732
18186
18449
18904
18788
18502
18513
18264
18474
18189
18118
18876
18753
18192
18408
18442
18371
18602
18180
18401
18479
18277
18297
18527
18582
18502
18750
18427
18916
18863
18296
18342
18454
18503
18834
18368
18414
18326
18913
18153
18294
18933
18928
18493
18869
18802
18141
18348
18384
18474
18480
18409
18538
18729
18861
18649
18179
18508
18617
18462
18344
18617
18566
18765
18280
18385
18189
18381
18790
18886
18799
18860
18464
18853
18397
18837
18404
18825
18529
18289
18191
18642
18600
18710
18592
18251
18842
18209
18367
18487
18626
18317
18657
18734
18253
18836
18797
18407
18748
18488
18554
18863
18536
18391
18632
18517
18320
18401
18489
18468
18202
18527
18780
18206
18339
18809
18541
18752
18740
18533
18746
18520
18765
18672
18452
18614
18657
18225
18610
18485
18781
18887
18535
18603
18739
18228
18599
18405
18588
18819
18663
18799
18723
18341
18733
18238
18570
18487
18731
18477
18488
18492
18495
18828
18240
18258
18303
18498
18304
18308
18789
18248
18293
18451
18557
18730
18805
18441
18727
18807
18755
18810
18899
18391
18667
18549
18606
18417
18445
18313
18726
18489
18422
18491
18847
18541
18635
18394
18506
18627
18776
18920
18577
18292
18433
18634
18934
18576
18580
18511
18631
18868
18688
18706
18872
18587
18900
18450
18754
18780
18316
18706
18786
18827
18749
18622
18822
18691
18870
18476
18630
18841
18431
18490
18553
18680
18616
18703
18420
18560
18477
18630
18688
18670
18651
18829
18864
18896
18539
18574
18770
18760
18807
18835
18815
18832
18673
18810
18658
18601
18694
18608
18840
18761
18519
18529
18603
18898
18763
18383
18738
18829
18553
18532
18933
18567
18842
18389
18857
18604
18848
18414
18700
18850
18836
18929
18710
18562
18884
18880
18695
18839
18922
18661
18673
18777
18627
18719
18511
18752
18856
18434
18400
18456
18541
18875
18741
18742
18757
18930
18916
18552
18774
18636
18726
18507
18754
18778
18923
18912
18817
18656
18687
18820
18632
18602
18725
18812
18867
18917
18785
18546
18703
18579
18925
18755
18571
18932
18767
18720
18642
18605
18891
18524
18565
18518
18753
18723
18770
18525
18748
18914
18803
18787
18758
18545
18884
18857
18659
18742
18838
18473
18862
18688
18763
18751
18708
18837
18625
18496
18745
18881
18845
18918
18500
18555
18564
18848
18832
18521
18759
18575
18696
18501
18640
18713
18535
18638
18666
18779
18790
18830
18730
18743
18609
18633
18656
18659
18542
18788
18762
18806
18783
18597
18721
18747
18779
18794
18824
18652
18667
18877
18694
18875
18581
18759
18651
18844
18859
18586
18877
18773
18552
18564
18841
18611
18757
18711
18820
18647
18734
18751
18774
18689
18890
18639
18876
18608
18584
18919
18851
18885
18623
18672
18775
18893
18803
18645
18772
18620
18612
18894
18664
18804
18674
18880
18731
18804
18739
18809
18896
18732
18782
18669
18866
18719
18738
18826
18869
18667
18752
18638
18791
18816
18677
18804
18746
18737
18892
18895
18890
18744
18775
18797
18858
18885
18728
18906
18911
18687
18758
18813
18758
18834
18749
18889
18909
18861
18751
18797
18800
18678
18830
18852
18846
18889
18736
18858
18757
18877
18897
18822
18824
18783
18812
18735
18704
18802
18854
18760
18827
18776
18832
18784
18756
18829
18868
18913
18738
18878
18786
18835
18771
18810
18836
18860
18807
18842
18815
18839
18745
18839
18818
18816
18817
18859
18747
18891
18865
18855
18815
18905
18903
18830
18864
18845
18769
18873
18820
18848
18798
18883
18886
18896
18870
18833
18823
18819
18861
18900
18840
18838
18901
18846
18850
18898
18841
18867
18856
18888
18906
18879
18874
18872
18904
18887
18882
18883
18899
18902
18901
18907
18897
18904
18909
)


// ************************************************************************* //
