/*--------------------------------*- C++ -*----------------------------------*\
| =========                 |                                                 |
| \\      /  F ield         | OpenFOAM: The Open Source CFD Toolbox           |
|  \\    /   O peration     | Version:  2412                                  |
|   \\  /    A nd           | Website:  www.openfoam.com                      |
|    \\/     M anipulation  |                                                 |
\*---------------------------------------------------------------------------*/
FoamFile
{
    version     2.0;
    format      ascii;
    arch        "LSB;label=32;scalar=64";
    class       faceList;
    location    "constant/polyMesh";
    object      faces;
}
// * * * * * * * * * * * * * * * * * * * * * * * * * * * * * * * * * * * * * //


7191
(
4(697 1051 1941 1587)
4(1051 1242 2132 1941)
4(697 1587 2132 1242)
4(720 1049 1939 1610)
4(1049 1243 2133 1939)
4(720 1610 2133 1243)
4(936 1007 1897 1826)
4(1007 1161 2051 1897)
4(936 1826 2051 1161)
4(935 1008 1898 1825)
4(1008 1160 2050 1898)
4(935 1825 2050 1160)
4(956 1846 1964 1074)
4(956 626 1516 1846)
4(626 1074 1964 1516)
4(697 696 1586 1587)
4(696 1051 1941 1586)
4(720 719 1609 1610)
4(719 1049 1939 1609)
4(506 920 1810 1396)
4(920 1005 1895 1810)
4(506 1396 1895 1005)
4(507 921 1811 1397)
4(921 1006 1896 1811)
4(507 1397 1896 1006)
4(53 636 1526 291)
4(52 290 1526 636)
4(172 656 1546 410)
4(171 409 1546 656)
4(598 184 422 1488)
4(598 1488 2118 1228)
4(184 1228 2118 422)
4(76 314 1566 676)
4(77 676 1566 315)
4(195 433 1567 677)
4(196 677 1567 434)
4(55 293 1856 966)
4(505 966 1856 1395)
4(55 505 1395 293)
4(174 412 1855 965)
4(504 965 1855 1394)
4(174 504 1394 412)
4(868 23 261 1758)
4(23 1258 2148 261)
4(868 1758 2148 1258)
4(867 142 380 1757)
4(142 1260 2150 380)
4(867 1757 2150 1260)
4(65 617 1507 303)
4(64 302 1507 617)
4(160 800 1690 398)
4(159 397 1690 800)
4(41 801 1691 279)
4(40 278 1691 801)
4(207 445 1654 764)
4(208 764 1654 446)
4(88 326 1618 728)
4(89 728 1618 327)
4(102 340 2028 1138)
4(102 976 1866 340)
4(976 1138 2028 1866)
4(221 459 2029 1139)
4(221 977 1867 459)
4(977 1139 2029 1867)
4(183 421 1488 598)
4(918 534 1424 1808)
4(918 1808 2073 1183)
4(534 1183 2073 1424)
4(919 535 1425 1809)
4(919 1809 2072 1182)
4(535 1182 2072 1425)
4(886 727 1617 1776)
4(727 888 1778 1617)
4(886 1776 1778 888)
4(901 725 1615 1791)
4(725 903 1793 1615)
4(901 1791 1793 903)
4(912 1802 2015 1125)
4(910 1125 2015 1800)
4(912 910 1800 1802)
4(897 1787 2013 1123)
4(895 1123 2013 1785)
4(897 895 1785 1787)
4(486 1376 1877 987)
4(74 987 1877 312)
4(486 74 312 1376)
4(487 1377 1878 988)
4(193 988 1878 431)
4(487 193 431 1377)
4(556 969 1859 1446)
4(556 1446 2017 1127)
4(969 1127 2017 1859)
4(557 970 1860 1447)
4(557 1447 2016 1126)
4(970 1126 2016 1860)
4(534 1424 2096 1206)
4(918 1206 2096 1808)
4(535 1425 2097 1207)
4(919 1207 2097 1809)
4(168 406 1857 967)
4(506 967 1857 1396)
4(168 506 1396 406)
4(49 287 1858 968)
4(507 968 1858 1397)
4(49 507 1397 287)
4(141 379 1757 867)
4(22 260 1758 868)
4(556 227 465 1446)
4(227 969 1859 465)
4(557 108 346 1447)
4(108 970 1860 346)
4(29 830 1720 267)
4(28 266 1720 830)
4(148 831 1721 386)
4(147 385 1721 831)
4(955 1845 1957 1067)
4(955 608 1498 1845)
4(608 1067 1957 1498)
4(195 433 2158 1268)
4(677 1268 2158 1567)
4(822 499 1389 1712)
4(499 1047 1937 1389)
4(822 1712 1937 1047)
4(823 498 1388 1713)
4(498 1052 1942 1388)
4(823 1713 1942 1052)
4(160 1171 2061 398)
4(800 1690 2061 1171)
4(41 1172 2062 279)
4(801 1691 2062 1172)
4(76 314 2157 1267)
4(676 1267 2157 1566)
4(199 993 1883 437)
4(489 1379 1883 993)
4(489 199 437 1379)
4(80 995 1885 318)
4(488 1378 1885 995)
4(488 80 318 1378)
4(207 445 2072 1182)
4(764 1182 2072 1654)
4(88 326 2073 1183)
4(728 1183 2073 1618)
4(987 1285 2175 1877)
4(486 1376 2175 1285)
4(988 1288 2178 1878)
4(487 1377 2178 1288)
4(29 1276 2166 267)
4(830 1720 2166 1276)
4(148 1275 2165 386)
4(831 1721 2165 1275)
4(1009 648 1538 1899)
4(1009 1899 2024 1134)
4(648 1134 2024 1538)
4(1010 668 1558 1900)
4(1010 1900 2025 1135)
4(668 1135 2025 1558)
4(815 950 1840 1705)
4(820 1710 1840 950)
4(820 815 1705 1710)
4(805 948 1838 1695)
4(810 1700 1838 948)
4(810 805 1695 1700)
4(1119 2009 2021 1131)
4(584 1131 2021 1474)
4(1119 584 1474 2009)
4(1118 2008 2020 1130)
4(585 1130 2020 1475)
4(1118 585 1475 2008)
4(646 1536 1899 1009)
4(646 648 1538 1536)
4(666 1556 1900 1010)
4(666 668 1558 1556)
4(86 999 1889 324)
4(491 1381 1889 999)
4(491 86 324 1381)
4(205 1001 1891 443)
4(490 1380 1891 1001)
4(490 205 443 1380)
4(576 1466 1882 992)
4(576 72 310 1466)
4(72 992 1882 310)
4(577 1467 1881 991)
4(577 191 429 1467)
4(191 991 1881 429)
4(16 254 1980 1090)
4(16 925 1815 254)
4(925 1090 1980 1815)
4(135 373 1981 1091)
4(135 926 1816 373)
4(926 1091 1981 1816)
4(177 415 1775 885)
4(178 885 1775 416)
4(58 296 1774 884)
4(59 884 1774 297)
4(545 1435 1978 1088)
4(545 942 1832 1435)
4(942 1088 1978 1832)
4(544 1434 1977 1087)
4(544 940 1830 1434)
4(940 1087 1977 1830)
4(569 1459 2043 1153)
4(569 965 1855 1459)
4(965 1153 2043 1855)
4(1027 1120 2010 1917)
4(1092 1027 1917 1982)
4(1092 1982 2010 1120)
4(1026 1121 2011 1916)
4(1093 1026 1916 1983)
4(1093 1983 2011 1121)
4(54 292 1856 966)
4(173 411 1855 965)
4(162 400 1893 1003)
4(162 508 1398 400)
4(508 1003 1893 1398)
4(43 281 1894 1004)
4(43 509 1399 281)
4(509 1004 1894 1399)
4(58 296 2241 1351)
4(884 1351 2241 1774)
4(177 415 2242 1352)
4(885 1352 2242 1775)
4(568 1458 2038 1148)
4(568 966 1856 1458)
4(966 1148 2038 1856)
4(918 1808 2161 1271)
4(1183 1271 2161 2073)
4(919 1809 2162 1272)
4(1182 1272 2162 2072)
4(822 1198 2088 1712)
4(499 1389 2088 1198)
4(823 1199 2089 1713)
4(498 1388 2089 1199)
4(167 405 1857 967)
4(48 286 1858 968)
4(75 987 1877 313)
4(194 988 1878 432)
4(886 1066 1956 1776)
4(727 1617 1956 1066)
4(901 1065 1955 1791)
4(725 1615 1955 1065)
4(766 1318 2208 1656)
4(824 766 1656 1714)
4(824 1714 2208 1318)
4(730 1319 2209 1620)
4(825 730 1620 1715)
4(825 1715 2209 1319)
4(1062 1952 1967 1077)
4(1062 519 1409 1952)
4(519 1077 1967 1409)
4(1061 1951 1966 1076)
4(1061 518 1408 1951)
4(518 1076 1966 1408)
4(592 1007 1897 1482)
4(936 592 1482 1826)
4(593 1008 1898 1483)
4(935 593 1483 1825)
4(1008 1091 1981 1898)
4(710 1600 1981 1091)
4(710 1008 1898 1600)
4(1007 1090 1980 1897)
4(687 1577 1980 1090)
4(687 1007 1897 1577)
4(931 568 1458 1821)
4(931 1821 2038 1148)
4(933 569 1459 1823)
4(933 1823 2043 1153)
4(172 1239 2129 410)
4(656 1546 2129 1239)
4(53 1234 2124 291)
4(636 1526 2124 1234)
4(912 1802 2163 1273)
4(1125 1273 2163 2015)
4(897 1787 2164 1274)
4(1123 1274 2164 2013)
4(725 1053 1943 1615)
4(903 1793 1943 1053)
4(727 1054 1944 1617)
4(888 1778 1944 1054)
4(624 1031 1921 1514)
4(621 1511 1921 1031)
4(621 624 1514 1511)
4(211 1013 1903 449)
4(492 1382 1903 1013)
4(492 211 449 1382)
4(92 1016 1906 330)
4(493 1383 1906 1016)
4(493 92 330 1383)
4(606 1032 1922 1496)
4(602 1492 1922 1032)
4(602 606 1496 1492)
4(910 914 1804 1800)
4(914 1125 2015 1804)
4(895 899 1789 1785)
4(899 1123 2013 1789)
4(200 993 1883 438)
4(81 995 1885 319)
4(37 275 1909 1019)
4(37 510 1400 275)
4(510 1019 1909 1400)
4(156 394 1910 1020)
4(156 511 1401 394)
4(511 1020 1910 1401)
4(592 1482 1980 1090)
4(592 16 254 1482)
4(593 1483 1981 1091)
4(593 135 373 1483)
4(165 403 1565 675)
4(166 675 1565 404)
4(46 284 1545 655)
4(47 655 1545 285)
4(729 998 1888 1619)
4(731 1621 1888 998)
4(731 729 1619 1621)
4(765 997 1887 1655)
4(767 1657 1887 997)
4(767 765 1655 1657)
4(945 1062 1952 1835)
4(945 1835 1967 1077)
4(946 1061 1951 1836)
4(946 1836 1966 1076)
4(815 813 1703 1705)
4(813 950 1840 1703)
4(805 803 1693 1695)
4(803 948 1838 1693)
4(558 924 1814 1448)
4(558 1448 1911 1021)
4(924 1021 1911 1814)
4(561 923 1813 1451)
4(561 1451 1912 1022)
4(923 1022 1912 1813)
4(23 553 1443 261)
4(553 1258 2148 1443)
4(142 552 1442 380)
4(552 1260 2150 1442)
4(658 1548 2223 1333)
4(658 920 1810 1548)
4(920 1333 2223 1810)
4(638 1528 2224 1334)
4(638 921 1811 1528)
4(921 1334 2224 1811)
4(87 999 1889 325)
4(206 1001 1891 444)
4(521 1106 1996 1411)
4(957 521 1411 1847)
4(957 1847 1996 1106)
4(520 1107 1997 1410)
4(958 520 1410 1848)
4(958 1848 1997 1107)
4(95 1345 2235 333)
4(94 332 2235 1345)
4(214 1346 2236 452)
4(213 451 2236 1346)
4(1085 1168 2058 1975)
4(692 1085 1975 1582)
4(692 1582 2058 1168)
4(1084 1169 2059 1974)
4(715 1084 1974 1605)
4(715 1605 2059 1169)
4(568 1458 1822 932)
4(931 932 1822 1821)
4(491 1173 2063 1381)
4(1173 1314 2204 2063)
4(491 1381 2204 1314)
4(490 1174 2064 1380)
4(1174 1315 2205 2064)
4(490 1380 2205 1315)
4(745 1118 2008 1635)
4(745 1635 2020 1130)
4(781 1119 2009 1671)
4(781 1671 2021 1131)
4(922 603 1493 1812)
4(922 1812 1990 1100)
4(603 1100 1990 1493)
4(161 399 1893 1003)
4(42 280 1894 1004)
4(992 1240 2130 1882)
4(576 1466 2130 1240)
4(922 1103 1993 1812)
4(603 1493 1993 1103)
4(991 1241 2131 1881)
4(577 1467 2131 1241)
4(590 872 1762 1480)
4(872 1238 2128 1762)
4(590 1480 2128 1238)
4(591 871 1761 1481)
4(871 1237 2127 1761)
4(591 1481 2127 1237)
4(572 879 1769 1462)
4(879 880 1770 1769)
4(572 1462 1770 880)
4(573 875 1765 1463)
4(875 876 1766 1765)
4(573 1463 1766 876)
4(987 864 1754 1877)
4(864 1285 2175 1754)
4(65 1192 2082 303)
4(617 1507 2082 1192)
4(107 1303 2193 345)
4(106 344 2193 1303)
4(226 1304 2194 464)
4(225 463 2194 1304)
4(569 1459 1824 934)
4(933 934 1824 1823)
4(988 849 1739 1878)
4(849 1288 2178 1739)
4(31 269 1915 1025)
4(513 1025 1915 1403)
4(31 513 1403 269)
4(150 388 1918 1028)
4(512 1028 1918 1402)
4(150 512 1402 388)
4(810 1002 1892 1700)
4(810 1700 1989 1099)
4(1002 1099 1989 1892)
4(820 1000 1890 1710)
4(820 1710 1988 1098)
4(1000 1098 1988 1890)
4(98 1026 1916 336)
4(495 98 336 1385)
4(495 1385 1916 1026)
4(217 1027 1917 455)
4(494 217 455 1384)
4(494 1384 1917 1027)
4(220 798 1688 458)
4(219 457 1688 798)
4(101 762 1652 339)
4(100 338 1652 762)
4(212 1013 1903 450)
4(93 1016 1906 331)
4(36 274 1909 1019)
4(155 393 1910 1020)
4(231 923 1813 469)
4(561 231 469 1451)
4(112 924 1814 350)
4(558 112 350 1448)
4(943 971 1861 1833)
4(528 943 1833 1418)
4(528 1418 1861 971)
4(945 701 1591 1835)
4(701 1062 1952 1591)
4(946 678 1568 1836)
4(678 1061 1951 1568)
4(71 1086 1976 309)
4(70 308 1976 1086)
4(190 1089 1979 428)
4(189 427 1979 1089)
4(944 972 1862 1834)
4(529 944 1834 1419)
4(529 1419 1862 972)
4(506 1158 2048 1396)
4(920 1810 2048 1158)
4(507 1159 2049 1397)
4(921 1811 2049 1159)
4(624 635 1525 1514)
4(635 1031 1921 1525)
4(920 662 1552 1810)
4(662 1005 1895 1552)
4(921 642 1532 1811)
4(642 1006 1896 1532)
4(232 923 1813 470)
4(113 924 1814 351)
4(606 616 1506 1496)
4(616 1032 1922 1506)
4(1242 516 1406 2132)
4(1242 2132 2187 1297)
4(516 1297 2187 1406)
4(1243 517 1407 2133)
4(1243 2133 2188 1298)
4(517 1298 2188 1407)
4(679 678 1568 1569)
4(679 1569 1836 946)
4(702 701 1591 1592)
4(702 1592 1835 945)
4(929 1102 1992 1819)
4(716 929 1819 1606)
4(716 1606 1992 1102)
4(930 1101 1991 1820)
4(693 930 1820 1583)
4(693 1583 1991 1101)
4(992 865 1755 1882)
4(865 1240 2130 1755)
4(546 1120 2010 1436)
4(1027 546 1436 1917)
4(547 1121 2011 1437)
4(1026 547 1437 1916)
4(896 1072 1962 1786)
4(1072 1105 1995 1962)
4(896 1786 1995 1105)
4(911 1073 1963 1801)
4(1073 1104 1994 1963)
4(911 1801 1994 1104)
4(619 621 1511 1509)
4(619 1509 1921 1031)
4(600 602 1492 1490)
4(600 1490 1922 1032)
4(991 850 1740 1881)
4(850 1241 2131 1740)
4(239 875 1765 477)
4(238 476 1765 875)
4(120 879 1769 358)
4(119 357 1769 879)
4(989 524 1414 1879)
4(524 1256 2146 1414)
4(989 1879 2146 1256)
4(104 1041 1931 342)
4(515 1405 1931 1041)
4(515 104 342 1405)
4(223 1039 1929 461)
4(514 1404 1929 1039)
4(514 223 461 1404)
4(551 102 340 1441)
4(551 1441 2028 1138)
4(550 221 459 1440)
4(550 1440 2029 1139)
4(149 387 1918 1028)
4(30 268 1915 1025)
4(951 674 1564 1841)
4(951 1841 2032 1142)
4(674 1142 2032 1564)
4(952 654 1544 1842)
4(952 1842 2033 1143)
4(654 1143 2033 1544)
4(128 872 1762 366)
4(872 1215 2105 1762)
4(128 366 2105 1215)
4(9 871 1761 247)
4(871 1214 2104 1761)
4(9 247 2104 1214)
4(545 1435 2123 1233)
4(1088 1233 2123 1978)
4(544 1434 2122 1232)
4(1087 1232 2122 1977)
4(25 263 1928 1038)
4(25 496 1386 263)
4(496 1038 1928 1386)
4(144 382 1927 1037)
4(144 497 1387 382)
4(497 1037 1927 1387)
4(99 1026 1916 337)
4(218 1027 1917 456)
4(0 1214 2104 4)
4(245 483 2104 1214)
4(2 1215 2105 6)
4(126 364 2105 1215)
4(875 1765 2052 1162)
4(239 1162 2052 477)
4(879 1769 2053 1163)
4(120 1163 2053 358)
4(539 209 447 1429)
4(539 1429 2208 1318)
4(209 1318 2208 447)
4(538 90 328 1428)
4(538 1428 2209 1319)
4(90 1319 2209 328)
4(39 583 1473 277)
4(39 277 1872 982)
4(583 982 1872 1473)
4(158 582 1472 396)
4(158 396 1871 981)
4(582 981 1871 1472)
4(146 586 1476 384)
4(146 384 1865 975)
4(586 975 1865 1476)
4(27 587 1477 265)
4(27 265 1864 974)
4(587 974 1864 1477)
4(201 439 2003 1113)
4(202 1113 2003 440)
4(82 320 2002 1112)
4(83 1112 2002 321)
4(575 956 1846 1465)
4(575 1465 1964 1074)
4(567 1010 1900 1457)
4(567 1457 2025 1135)
4(566 1009 1899 1456)
4(566 1456 2024 1134)
4(729 732 1622 1619)
4(732 998 1888 1622)
4(765 768 1658 1655)
4(768 997 1887 1658)
4(971 1861 1863 973)
4(943 973 1863 1833)
4(8 1214 2104 246)
4(127 1215 2105 365)
4(972 1862 1870 980)
4(944 980 1870 1834)
4(105 1041 1931 343)
4(224 1039 1929 462)
4(1000 1890 2063 1173)
4(820 1173 2063 1710)
4(1002 1892 2064 1174)
4(810 1174 2064 1700)
4(57 525 1415 295)
4(525 990 1880 1415)
4(57 295 1880 990)
4(176 524 1414 414)
4(176 414 1879 989)
4(491 1000 1890 1381)
4(490 1002 1892 1380)
4(24 262 1928 1038)
4(143 381 1927 1037)
4(574 955 1845 1464)
4(574 1464 1957 1067)
4(1051 516 1406 1941)
4(1049 517 1407 1939)
4(562 1452 1568 678)
4(562 233 471 1452)
4(233 678 1568 471)
4(563 1453 1591 701)
4(563 114 352 1453)
4(114 701 1591 352)
4(34 272 2021 1131)
4(35 1131 2021 273)
4(153 391 2020 1130)
4(154 1130 2020 392)
4(138 376 1938 1048)
4(517 1048 1938 1407)
4(138 517 1407 376)
4(19 257 1940 1050)
4(516 1050 1940 1406)
4(19 516 1406 257)
4(237 475 1463 573)
4(238 573 1463 476)
4(118 356 1462 572)
4(119 572 1462 357)
4(147 586 1476 385)
4(28 587 1477 266)
4(101 339 1441 551)
4(220 458 1440 550)
4(110 1047 1937 348)
4(499 110 348 1389)
4(229 1052 1942 467)
4(498 229 467 1388)
4(562 1452 1569 679)
4(563 1453 1592 702)
4(140 378 1479 589)
4(141 589 1479 379)
4(226 464 1446 556)
4(21 259 1478 588)
4(22 588 1478 260)
4(107 345 1447 557)
4(40 583 1473 278)
4(159 582 1472 397)
4(89 327 1428 538)
4(208 446 1429 539)
4(113 351 1453 563)
4(134 372 1483 593)
4(15 253 1482 592)
4(232 470 1452 562)
4(152 390 1475 585)
4(153 585 1475 391)
4(96 545 1435 334)
4(95 333 1435 545)
4(215 544 1434 453)
4(214 452 1434 544)
4(33 271 1474 584)
4(34 584 1474 272)
4(1106 1996 2144 1254)
4(521 1254 2144 1411)
4(1107 1997 2145 1255)
4(520 1255 2145 1410)
4(160 536 1426 398)
4(536 1171 2061 1426)
4(41 537 1427 279)
4(537 1172 2062 1427)
4(203 581 1471 441)
4(202 440 1471 581)
4(84 580 1470 322)
4(83 321 1470 580)
4(17 925 1815 255)
4(136 926 1816 374)
4(560 1450 2100 1210)
4(1193 1210 2100 2083)
4(560 1193 2083 1450)
4(559 1449 2101 1211)
4(1194 1211 2101 2084)
4(559 1194 2084 1449)
4(1046 1936 2166 1276)
4(1046 984 1874 1936)
4(984 1276 2166 1874)
4(1045 1935 2165 1275)
4(1045 983 1873 1935)
4(983 1275 2165 1873)
4(928 1818 2031 1141)
4(928 565 1455 1818)
4(565 1141 2031 1455)
4(927 1817 2030 1140)
4(927 564 1454 1817)
4(564 1140 2030 1454)
4(190 428 1467 577)
4(71 309 1466 576)
4(78 578 1468 316)
4(77 315 1468 578)
4(197 579 1469 435)
4(196 434 1469 579)
4(185 575 1465 423)
4(184 422 1465 575)
4(66 574 1464 304)
4(65 303 1464 574)
4(943 1833 1971 1081)
4(528 1081 1971 1418)
4(60 570 1460 298)
4(59 297 1460 570)
4(179 571 1461 417)
4(178 416 1461 571)
4(173 569 1459 411)
4(172 410 1459 569)
4(54 568 1458 292)
4(53 291 1458 568)
4(48 566 1456 286)
4(47 285 1456 566)
4(167 567 1457 405)
4(166 404 1457 567)
4(535 207 445 1425)
4(534 88 326 1424)
4(944 1834 1970 1080)
4(529 1080 1970 1419)
4(585 939 1829 1475)
4(152 390 1829 939)
4(584 941 1831 1474)
4(33 271 1831 941)
4(137 375 1938 1048)
4(18 256 1940 1050)
4(130 927 1817 368)
4(129 367 1817 927)
4(11 928 1818 249)
4(10 248 1818 928)
4(134 372 1825 935)
4(15 253 1826 936)
4(165 403 2168 1278)
4(675 1278 2168 1565)
4(46 284 2167 1277)
4(655 1277 2167 1545)
4(695 959 1849 1585)
4(690 695 1585 1580)
4(690 1580 1849 959)
4(718 960 1850 1608)
4(713 718 1608 1603)
4(713 1603 1850 960)
4(608 1498 2070 1180)
4(955 1180 2070 1845)
4(111 1047 1937 349)
4(230 1052 1942 468)
4(182 527 1417 420)
4(527 963 1853 1417)
4(182 420 1853 963)
4(63 526 1416 301)
4(526 964 1854 1416)
4(63 301 1854 964)
4(893 1072 1962 1783)
4(896 893 1783 1786)
4(908 1073 1963 1798)
4(911 908 1798 1801)
4(1175 2065 2146 1256)
4(851 1256 2146 1741)
4(1175 851 1741 2065)
4(164 402 1410 520)
4(165 520 1410 403)
4(45 283 1411 521)
4(46 521 1411 284)
4(973 1369 2259 1863)
4(971 1861 2259 1369)
4(731 1621 2054 1164)
4(998 1164 2054 1888)
4(767 1657 2055 1165)
4(997 1165 2055 1887)
4(626 1516 2071 1181)
4(956 1181 2071 1846)
4(980 1371 2261 1870)
4(972 1862 2261 1371)
4(784 785 1675 1674)
4(783 784 1674 1673)
4(783 1673 1675 785)
4(748 749 1639 1638)
4(747 748 1638 1637)
4(747 1637 1639 749)
4(524 1175 2065 1414)
4(1219 1243 2133 2109)
4(938 1828 2133 1243)
4(938 1219 2109 1828)
4(1218 1242 2132 2108)
4(937 1827 2132 1242)
4(937 1218 2108 1827)
4(1170 2060 2143 1253)
4(836 1253 2143 1726)
4(1170 836 1726 2060)
4(51 289 1413 523)
4(52 523 1413 290)
4(170 408 1412 522)
4(171 522 1412 409)
4(215 940 1830 453)
4(96 942 1832 334)
4(581 1471 1837 947)
4(203 947 1837 441)
4(580 1470 1839 949)
4(84 949 1839 322)
4(177 524 1414 415)
4(58 525 1415 296)
4(573 930 1820 1463)
4(237 475 1820 930)
4(572 929 1819 1462)
4(118 356 1819 929)
4(769 766 1656 1659)
4(766 770 1660 1656)
4(769 1659 1660 770)
4(733 730 1620 1623)
4(730 734 1624 1620)
4(733 1623 1624 734)
4(525 1170 2060 1415)
4(525 1415 2143 1253)
4(1104 1994 2147 1257)
4(1073 1257 2147 1963)
4(1105 1995 2149 1259)
4(1072 1259 2149 1962)
4(64 526 1416 302)
4(183 527 1417 421)
4(21 259 1827 937)
4(588 937 1827 1478)
4(140 378 1828 938)
4(589 938 1828 1479)
4(586 1123 2013 1476)
4(586 1476 2154 1264)
4(1123 1264 2154 2013)
4(587 1125 2015 1477)
4(587 1477 2153 1263)
4(1125 1263 2153 2015)
4(873 1763 2122 1232)
4(873 544 1434 1763)
4(874 1764 2123 1233)
4(874 545 1435 1764)
4(69 307 1418 528)
4(70 528 1418 308)
4(188 426 1419 529)
4(189 529 1419 427)
4(785 1675 1676 786)
4(784 786 1676 1674)
4(749 1639 1640 750)
4(748 750 1640 1638)
4(107 869 1759 345)
4(869 1303 2193 1759)
4(226 870 1760 464)
4(870 1304 2194 1760)
4(873 1763 2211 1321)
4(1232 1321 2211 2122)
4(874 1764 2212 1322)
4(1233 1322 2212 2123)
4(194 432 1421 531)
4(195 531 1421 433)
4(75 313 1420 530)
4(76 530 1420 314)
4(579 1469 1842 952)
4(197 952 1842 435)
4(578 1468 1841 951)
4(78 951 1841 316)
4(522 1333 2223 1412)
4(170 408 2223 1333)
4(523 1334 2224 1413)
4(51 289 2224 1334)
4(798 1120 2010 1688)
4(546 798 1688 1436)
4(762 1121 2011 1652)
4(547 762 1652 1437)
4(13 251 1945 1055)
4(500 1055 1945 1390)
4(13 500 1390 251)
4(132 370 1947 1057)
4(501 1057 1947 1391)
4(132 501 1391 370)
4(66 955 1845 304)
4(185 956 1846 423)
4(905 906 1796 1795)
4(906 907 1797 1796)
4(905 1795 1797 907)
4(890 891 1781 1780)
4(891 892 1782 1781)
4(890 1780 1782 892)
4(200 438 1422 532)
4(201 532 1422 439)
4(81 319 1423 533)
4(82 533 1423 320)
4(638 640 1530 1528)
4(638 1528 1532 642)
4(640 642 1532 1530)
4(658 660 1550 1548)
4(658 1548 1552 662)
4(660 662 1552 1550)
4(804 1694 1695 805)
4(804 803 1693 1694)
4(814 1704 1705 815)
4(814 813 1703 1704)
4(87 325 1424 534)
4(206 444 1425 535)
4(161 536 1426 399)
4(42 537 1427 280)
4(637 638 1528 1527)
4(523 1413 1528 638)
4(523 637 1527 1413)
4(657 658 1548 1547)
4(522 1412 1548 658)
4(522 657 1547 1412)
4(527 1417 1490 600)
4(599 600 1490 1489)
4(527 599 1489 1417)
4(539 766 1656 1429)
4(765 1655 1656 766)
4(765 539 1429 1655)
4(538 730 1620 1428)
4(729 1619 1620 730)
4(729 538 1428 1619)
4(674 1564 1986 1096)
4(951 1096 1986 1841)
4(654 1544 1987 1097)
4(952 1097 1987 1842)
4(1045 1094 1984 1935)
4(758 1648 1984 1094)
4(758 1045 1935 1648)
4(1046 1095 1985 1936)
4(794 1684 1985 1095)
4(794 1046 1936 1684)
4(12 250 1945 1055)
4(131 369 1947 1057)
4(93 331 1431 541)
4(94 541 1431 332)
4(212 450 1430 540)
4(213 540 1430 451)
4(155 543 1433 393)
4(154 392 1433 543)
4(36 542 1432 274)
4(35 273 1432 542)
4(526 1416 1509 619)
4(618 619 1509 1508)
4(526 618 1508 1416)
4(838 837 1727 1728)
4(838 1728 1729 839)
4(837 839 1729 1727)
4(853 852 1742 1743)
4(853 1743 1744 854)
4(852 854 1744 1742)
4(570 1460 1851 961)
4(60 961 1851 298)
4(571 1461 1852 962)
4(179 962 1852 417)
4(870 1760 1791 901)
4(556 901 1791 1446)
4(870 556 1446 1760)
4(869 1759 1776 886)
4(557 886 1776 1447)
4(869 557 1447 1759)
4(905 904 1794 1795)
4(904 906 1796 1794)
4(890 889 1779 1780)
4(889 891 1781 1779)
4(30 548 1438 268)
4(29 267 1438 548)
4(149 549 1439 387)
4(148 386 1439 549)
4(218 456 1436 546)
4(219 546 1436 457)
4(99 337 1437 547)
4(100 547 1437 338)
4(1021 1156 2046 1911)
4(558 1448 2046 1156)
4(1022 1157 2047 1912)
4(561 1451 2047 1157)
4(815 816 1706 1705)
4(814 1704 1706 816)
4(805 806 1696 1695)
4(804 1694 1696 806)
4(131 564 1454 369)
4(130 368 1454 564)
4(12 565 1455 250)
4(11 249 1455 565)
4(566 1456 1858 968)
4(567 1457 1857 967)
4(224 462 1444 554)
4(225 554 1444 463)
4(105 343 1445 555)
4(106 555 1445 344)
4(24 553 1443 262)
4(143 552 1442 381)
4(768 766 1656 1658)
4(768 1658 1659 769)
4(732 730 1620 1622)
4(732 1622 1623 733)
4(1028 1094 1984 1918)
4(1045 1028 1918 1935)
4(1025 1095 1985 1915)
4(1046 1025 1915 1936)
4(658 659 1549 1548)
4(659 660 1550 1549)
4(638 639 1529 1528)
4(639 640 1530 1529)
4(987 1117 2007 1877)
4(864 1754 2007 1117)
4(950 1173 2063 1840)
4(948 1174 2064 1838)
4(548 1438 2166 1276)
4(548 1046 1936 1438)
4(549 1439 2165 1275)
4(549 1045 1935 1439)
4(699 1065 1955 1589)
4(700 699 1589 1590)
4(700 1590 1955 1065)
4(722 1066 1956 1612)
4(723 722 1612 1613)
4(723 1613 1956 1066)
4(836 837 1727 1726)
4(836 1726 1728 838)
4(550 1291 2181 1440)
4(1034 550 1440 1924)
4(1034 1924 2181 1291)
4(551 1292 2182 1441)
4(1033 551 1441 1923)
4(1033 1923 2182 1292)
4(851 852 1742 1741)
4(851 1741 1743 853)
4(230 468 1451 561)
4(111 349 1448 558)
4(137 559 1449 375)
4(136 374 1449 559)
4(18 560 1450 256)
4(17 255 1450 560)
4(591 1481 2257 1367)
4(591 244 482 1481)
4(244 1367 2257 482)
4(590 1480 2256 1366)
4(590 125 363 1480)
4(125 1366 2256 363)
4(689 690 1580 1579)
4(688 689 1579 1578)
4(688 1578 1580 690)
4(712 713 1603 1602)
4(711 712 1602 1601)
4(711 1601 1603 713)
4(721 1611 1712 822)
4(721 723 1613 1611)
4(723 822 1712 1613)
4(698 1588 1713 823)
4(698 700 1590 1588)
4(700 823 1713 1590)
4(95 874 1764 333)
4(874 1345 2235 1764)
4(214 873 1763 452)
4(873 1346 2236 1763)
4(871 1761 2257 1367)
4(872 1762 2256 1366)
4(967 1857 1895 1005)
4(968 1858 1896 1006)
4(1237 2127 2151 1261)
4(1237 878 1768 2127)
4(878 1261 2151 1768)
4(1238 2128 2152 1262)
4(1238 882 1772 2128)
4(882 1262 2152 1772)
4(45 283 1847 957)
4(164 402 1848 958)
4(988 1116 2006 1878)
4(849 1739 2006 1116)
4(714 1058 1948 1604)
4(1058 1132 2022 1948)
4(714 1604 2022 1132)
4(691 1056 1946 1581)
4(1056 1133 2023 1946)
4(691 1581 2023 1133)
4(800 826 1716 1690)
4(582 800 1690 1472)
4(582 1472 1716 826)
4(801 828 1718 1691)
4(583 801 1691 1473)
4(583 1473 1718 828)
4(1085 953 1843 1975)
4(953 1168 2058 1843)
4(1084 954 1844 1974)
4(954 1169 2059 1844)
4(619 620 1510 1509)
4(620 621 1511 1510)
4(600 601 1491 1490)
4(601 602 1492 1491)
4(597 871 1761 1487)
4(9 597 1487 247)
4(596 872 1762 1486)
4(128 596 1486 366)
4(961 635 1525 1851)
4(961 1851 1998 1108)
4(635 1108 1998 1525)
4(906 908 1798 1796)
4(907 1797 1798 908)
4(891 893 1783 1781)
4(892 1782 1783 893)
4(600 963 1853 1490)
4(1085 1975 2086 1196)
4(692 1196 2086 1582)
4(1084 1974 2087 1197)
4(715 1197 2087 1605)
4(619 964 1854 1509)
4(690 1580 1584 694)
4(689 694 1584 1579)
4(713 1603 1607 717)
4(712 717 1607 1602)
4(563 924 1814 1453)
4(562 923 1813 1452)
4(712 710 1600 1602)
4(712 1602 1981 1091)
4(689 687 1577 1579)
4(689 1579 1980 1090)
4(962 616 1506 1852)
4(962 1852 1999 1109)
4(616 1109 1999 1506)
4(853 1743 1745 855)
4(854 855 1745 1744)
4(838 1728 1730 840)
4(839 840 1730 1729)
4(489 1379 2091 1201)
4(993 1201 2091 1883)
4(488 1378 2090 1200)
4(995 1200 2090 1885)
4(681 682 1572 1571)
4(682 683 1573 1572)
4(681 1571 1573 683)
4(704 705 1595 1594)
4(705 706 1596 1595)
4(704 1594 1596 706)
4(679 682 1572 1569)
4(681 679 1569 1571)
4(702 705 1595 1592)
4(704 702 1592 1594)
4(876 1766 1767 877)
4(875 877 1767 1765)
4(880 1770 1771 881)
4(879 881 1771 1769)
4(637 639 1529 1527)
4(657 659 1549 1547)
4(578 1468 2032 1142)
4(579 1469 2033 1143)
4(924 1814 2245 1355)
4(563 1355 2245 1453)
4(923 1813 2246 1356)
4(562 1356 2246 1452)
4(1018 738 1628 1908)
4(738 1146 2036 1628)
4(1018 1908 2036 1146)
4(1015 774 1664 1905)
4(774 1145 2035 1664)
4(1015 1905 2035 1145)
4(599 601 1491 1489)
4(243 1011 1901 481)
4(242 480 1901 1011)
4(124 1012 1902 362)
4(123 361 1902 1012)
4(887 889 1779 1777)
4(887 1777 1780 890)
4(902 904 1794 1792)
4(902 1792 1795 905)
4(618 620 1510 1508)
4(999 1000 1890 1889)
4(1001 1002 1892 1891)
4(802 803 1693 1692)
4(802 1692 1694 804)
4(812 813 1703 1702)
4(812 1702 1704 814)
4(698 959 1849 1588)
4(695 698 1588 1585)
4(721 960 1850 1611)
4(718 721 1611 1608)
4(586 1122 2012 1476)
4(1122 1123 2013 2012)
4(587 1124 2014 1477)
4(1124 1125 2015 2014)
4(69 307 1861 971)
4(188 426 1862 972)
4(1121 2011 2160 1270)
4(762 1270 2160 1652)
4(1120 2010 2159 1269)
4(798 1269 2159 1688)
4(596 1238 2128 1486)
4(597 1237 2127 1487)
4(803 1068 1958 1693)
4(948 1838 1958 1068)
4(813 1069 1959 1703)
4(950 1840 1959 1069)
4(1138 1292 2182 2028)
4(1139 1291 2181 2029)
4(875 1765 2110 1220)
4(1162 1220 2110 2052)
4(879 1769 2111 1221)
4(1163 1221 2111 2053)
4(129 596 1486 367)
4(10 597 1487 248)
4(891 1072 1962 1781)
4(906 1073 1963 1796)
4(978 1041 1931 1868)
4(555 978 1868 1445)
4(555 1445 1931 1041)
4(979 1039 1929 1869)
4(554 979 1869 1444)
4(554 1444 1929 1039)
4(886 887 1777 1776)
4(869 1759 1777 887)
4(901 902 1792 1791)
4(870 1760 1792 902)
4(591 1481 2151 1261)
4(590 1480 2152 1262)
4(764 1654 1655 765)
4(764 539 1429 1654)
4(728 1618 1619 729)
4(728 538 1428 1618)
4(589 867 1757 1479)
4(867 1054 1944 1757)
4(589 1479 1944 1054)
4(588 868 1758 1478)
4(868 1053 1943 1758)
4(588 1478 1943 1053)
4(990 1880 2249 1359)
4(525 1359 2249 1415)
4(939 985 1875 1829)
4(985 1035 1925 1875)
4(939 1829 1925 1035)
4(941 986 1876 1831)
4(986 1036 1926 1876)
4(941 1831 1926 1036)
4(783 782 1672 1673)
4(782 784 1674 1672)
4(747 746 1636 1637)
4(746 748 1638 1636)
4(15 1282 2172 253)
4(14 252 2172 1282)
4(134 1281 2171 372)
4(133 371 2171 1281)
4(928 1818 2058 1168)
4(1141 1168 2058 2031)
4(927 1817 2059 1169)
4(1140 1169 2059 2030)
4(118 1284 2174 356)
4(117 355 2174 1284)
4(237 1283 2173 475)
4(236 474 2173 1283)
4(572 1102 1992 1462)
4(573 1101 1991 1463)
4(530 987 1877 1420)
4(531 988 1878 1421)
4(682 1572 1836 946)
4(705 1595 1835 945)
4(963 1853 1922 1032)
4(91 1137 2027 329)
4(90 328 2027 1137)
4(210 1136 2026 448)
4(209 447 2026 1136)
4(964 1854 1921 1031)
4(234 678 1568 472)
4(115 701 1591 353)
4(882 1772 1974 1084)
4(882 954 1844 1772)
4(878 1768 1975 1085)
4(878 953 1843 1768)
4(504 1317 2207 1394)
4(965 1855 2207 1317)
4(56 990 1880 294)
4(505 56 294 1395)
4(505 1395 1880 990)
4(175 989 1879 413)
4(504 175 413 1394)
4(504 1394 1879 989)
4(152 1289 2179 390)
4(151 389 2179 1289)
4(33 1290 2180 271)
4(32 270 2180 1290)
4(837 1029 1919 1727)
4(837 1727 1961 1071)
4(1029 1071 1961 1919)
4(852 1030 1920 1742)
4(852 1742 1960 1070)
4(1030 1070 1960 1920)
4(724 1614 2132 1242)
4(724 697 1587 1614)
4(726 1616 2133 1243)
4(726 720 1610 1616)
4(530 1117 2007 1420)
4(533 995 1885 1423)
4(532 993 1883 1422)
4(1045 1293 2183 1935)
4(983 1873 2183 1293)
4(1046 1294 2184 1936)
4(984 1874 2184 1294)
4(21 1297 2187 259)
4(20 258 2187 1297)
4(140 1298 2188 378)
4(139 377 2188 1298)
4(505 1316 2206 1395)
4(966 1856 2206 1316)
4(585 985 1875 1475)
4(584 986 1876 1474)
4(1096 488 1378 1986)
4(1096 1986 2090 1200)
4(1097 489 1379 1987)
4(1097 1987 2091 1201)
4(157 981 1871 395)
4(511 1401 1871 981)
4(511 157 395 1401)
4(38 982 1872 276)
4(510 1400 1872 982)
4(510 38 276 1400)
4(770 1660 1714 824)
4(734 1624 1715 825)
4(26 974 1864 264)
4(496 26 264 1386)
4(496 1386 1864 974)
4(145 975 1865 383)
4(497 145 383 1387)
4(497 1387 1865 975)
4(215 453 2189 1299)
4(216 1299 2189 454)
4(96 334 2190 1300)
4(97 1300 2190 335)
4(967 1010 1900 1857)
4(968 1009 1899 1858)
4(534 999 1889 1424)
4(535 1001 1891 1425)
4(807 810 1700 1697)
4(807 1697 1989 1099)
4(817 820 1710 1707)
4(817 1707 1988 1098)
4(705 707 1597 1595)
4(706 1596 1597 707)
4(682 684 1574 1572)
4(683 1573 1574 684)
4(557 1066 1956 1447)
4(556 1065 1955 1446)
4(837 632 1522 1727)
4(632 1029 1919 1522)
4(852 614 1504 1742)
4(614 1030 1920 1504)
4(826 1716 1717 827)
4(800 827 1717 1690)
4(828 1718 1719 829)
4(801 829 1719 1691)
4(531 1116 2006 1421)
4(711 1021 1911 1601)
4(1021 1355 2245 1911)
4(711 1601 2245 1355)
4(688 1022 1912 1578)
4(1022 1356 2246 1912)
4(688 1578 2246 1356)
4(861 855 1745 1751)
4(855 883 1773 1745)
4(861 1751 1773 883)
4(523 636 1526 1413)
4(636 637 1527 1526)
4(522 656 1546 1412)
4(656 657 1547 1546)
4(846 840 1730 1736)
4(840 866 1756 1730)
4(846 1736 1756 866)
4(838 1728 1736 846)
4(853 1743 1751 861)
4(1175 1205 2095 2065)
4(613 1503 2095 1205)
4(613 1175 2065 1503)
4(1170 1204 2094 2060)
4(631 1521 2094 1204)
4(631 1170 2060 1521)
4(695 694 1584 1585)
4(695 1585 1586 696)
4(694 696 1586 1584)
4(718 717 1607 1608)
4(718 1608 1609 719)
4(717 719 1609 1607)
4(982 1872 2228 1338)
4(583 1338 2228 1473)
4(981 1871 2229 1339)
4(582 1339 2229 1472)
4(537 1427 1894 1004)
4(536 1426 1893 1003)
4(203 441 2205 1315)
4(204 1315 2205 442)
4(84 322 2204 1314)
4(85 1314 2204 323)
4(540 1013 1903 1430)
4(541 1016 1906 1431)
4(975 1865 2154 1264)
4(974 1864 2153 1263)
4(169 407 2048 1158)
4(170 1158 2048 408)
4(50 288 2049 1159)
4(51 1159 2049 289)
4(1013 1014 1904 1903)
4(492 1382 1904 1014)
4(1016 1017 1907 1906)
4(493 1383 1907 1017)
4(1015 1362 2252 1905)
4(774 1664 2252 1362)
4(1018 1363 2253 1908)
4(738 1628 2253 1363)
4(182 420 2201 1311)
4(963 1311 2201 1853)
4(63 301 2202 1312)
4(964 1312 2202 1854)
4(786 787 1677 1676)
4(785 1675 1677 787)
4(750 751 1641 1640)
4(749 1639 1641 751)
4(996 1149 2039 1886)
4(667 996 1886 1557)
4(667 1557 2039 1149)
4(994 1150 2040 1884)
4(647 994 1884 1537)
4(647 1537 2040 1150)
4(542 1432 1909 1019)
4(543 1433 1910 1020)
4(512 1094 1984 1402)
4(513 1095 1985 1403)
4(690 1580 1912 1022)
4(959 1022 1912 1849)
4(713 1603 1911 1021)
4(960 1021 1911 1850)
4(688 687 1577 1578)
4(711 710 1600 1601)
4(540 1362 2252 1430)
4(1015 540 1430 1905)
4(541 1363 2253 1431)
4(1018 541 1431 1908)
4(911 1801 2069 1179)
4(1104 1179 2069 1994)
4(896 1786 2068 1178)
4(1105 1178 2068 1995)
4(1041 1931 1932 1042)
4(978 1042 1932 1868)
4(1039 1929 1930 1040)
4(979 1040 1930 1869)
4(45 1326 2216 283)
4(44 282 2216 1326)
4(164 1325 2215 402)
4(163 401 2215 1325)
4(769 1659 1661 771)
4(770 771 1661 1660)
4(733 1623 1625 735)
4(734 735 1625 1624)
4(197 435 2218 1328)
4(198 1328 2218 436)
4(78 316 2219 1329)
4(79 1329 2219 317)
4(103 976 1866 341)
4(222 977 1867 460)
4(836 632 1522 1726)
4(851 614 1504 1741)
4(527 598 1488 1417)
4(598 599 1489 1488)
4(623 622 1512 1513)
4(622 626 1516 1512)
4(623 1513 1516 626)
4(605 604 1494 1495)
4(605 1495 1498 608)
4(604 608 1498 1494)
4(549 1439 1918 1028)
4(548 1438 1915 1025)
4(617 618 1508 1507)
4(526 617 1507 1416)
4(898 1042 1932 1788)
4(1042 1202 2092 1932)
4(898 1788 2092 1202)
4(913 1040 1930 1803)
4(1040 1203 2093 1930)
4(913 1803 2093 1203)
4(587 1477 1720 830)
4(586 1476 1721 831)
4(243 481 1481 591)
4(124 362 1480 590)
4(749 985 1875 1639)
4(747 1637 1875 985)
4(785 986 1876 1675)
4(783 1673 1876 986)
4(992 1285 2175 1882)
4(865 1755 2175 1285)
4(1184 2074 2081 1191)
4(1184 863 1753 2074)
4(863 1191 2081 1753)
4(887 888 1778 1777)
4(888 889 1779 1778)
4(902 903 1793 1792)
4(903 904 1794 1793)
4(822 960 1850 1712)
4(823 959 1849 1713)
4(816 818 1708 1706)
4(818 835 1725 1708)
4(816 1706 1725 835)
4(806 808 1698 1696)
4(808 834 1724 1698)
4(806 1696 1724 834)
4(752 1642 1653 763)
4(750 763 1653 1640)
4(752 750 1640 1642)
4(788 1678 1689 799)
4(786 799 1689 1676)
4(788 786 1676 1678)
4(978 1868 2018 1128)
4(555 1128 2018 1445)
4(979 1869 2019 1129)
4(554 1129 2019 1444)
4(640 643 1533 1530)
4(642 1532 1533 643)
4(660 663 1553 1550)
4(662 1552 1553 663)
4(815 817 1707 1705)
4(816 1706 1707 817)
4(805 807 1697 1695)
4(806 1696 1697 807)
4(914 911 1801 1804)
4(914 1804 2069 1179)
4(899 896 1786 1789)
4(899 1789 2068 1178)
4(568 1458 2124 1234)
4(932 1234 2124 1822)
4(682 685 1575 1572)
4(684 1574 1575 685)
4(705 708 1598 1595)
4(707 1597 1598 708)
4(764 1654 1657 767)
4(728 1618 1621 731)
4(515 1405 1932 1042)
4(514 1404 1930 1040)
4(1188 2078 2085 1195)
4(1188 848 1738 2078)
4(848 1195 2085 1738)
4(621 622 1512 1511)
4(621 1511 1513 623)
4(602 604 1494 1492)
4(602 1492 1495 605)
4(553 1443 1928 1038)
4(552 1442 1927 1037)
4(245 1367 2257 483)
4(126 1366 2256 364)
4(228 969 1859 466)
4(109 970 1860 347)
4(991 1288 2178 1881)
4(850 1740 2178 1288)
4(627 635 1525 1517)
4(624 627 1517 1514)
4(609 616 1506 1499)
4(606 609 1499 1496)
4(1219 726 1616 2109)
4(1218 724 1614 2108)
4(925 560 1450 1815)
4(925 1815 2100 1210)
4(926 559 1449 1816)
4(926 1816 2101 1211)
4(693 1336 2226 1583)
4(930 1820 2226 1336)
4(716 1337 2227 1606)
4(929 1819 2227 1337)
4(905 1795 1869 979)
4(907 979 1869 1797)
4(890 1780 1868 978)
4(892 978 1868 1782)
4(66 304 2238 1348)
4(67 1348 2238 305)
4(185 423 2239 1349)
4(186 1349 2239 424)
4(829 997 1887 1719)
4(828 1718 1887 997)
4(827 998 1888 1717)
4(826 1716 1888 998)
4(1096 1329 2219 1986)
4(488 1378 2219 1329)
4(1097 1328 2218 1987)
4(489 1379 2218 1328)
4(181 419 2201 1311)
4(62 300 2202 1312)
4(1004 1894 2112 1222)
4(1004 1078 1968 1894)
4(1078 1222 2112 1968)
4(1003 1893 2113 1223)
4(1003 1079 1969 1893)
4(1079 1223 2113 1969)
4(565 1455 1945 1055)
4(564 1454 1947 1057)
4(559 1449 1938 1048)
4(560 1450 1940 1050)
4(1058 1948 2169 1279)
4(714 1279 2169 1604)
4(1056 1946 2170 1280)
4(691 1280 2170 1581)
4(569 1459 2129 1239)
4(934 1239 2129 1824)
4(996 533 1423 1886)
4(533 1149 2039 1423)
4(994 532 1422 1884)
4(532 1150 2040 1422)
4(685 1575 1836 946)
4(708 1598 1835 945)
4(558 1047 1937 1448)
4(561 1052 1942 1451)
4(699 725 1615 1589)
4(722 727 1617 1612)
4(772 773 1663 1662)
4(772 1662 1670 780)
4(773 780 1670 1663)
4(736 737 1627 1626)
4(736 1626 1634 744)
4(737 744 1634 1627)
4(771 772 1662 1661)
4(769 1659 1662 772)
4(735 736 1626 1625)
4(733 1623 1626 736)
4(950 949 1839 1840)
4(949 1173 2063 1839)
4(948 947 1837 1838)
4(947 1174 2064 1837)
4(651 803 1693 1541)
4(802 651 1541 1692)
4(671 813 1703 1561)
4(812 671 1561 1702)
4(895 1785 1786 896)
4(895 893 1783 1785)
4(910 1800 1801 911)
4(910 908 1798 1800)
4(856 854 1744 1746)
4(854 857 1747 1744)
4(856 1746 1747 857)
4(841 839 1729 1731)
4(839 842 1732 1729)
4(841 1731 1732 842)
4(842 849 1739 1732)
4(843 842 1732 1733)
4(843 1733 1739 849)
4(857 864 1754 1747)
4(858 857 1747 1748)
4(858 1748 1754 864)
4(243 1261 2151 481)
4(1011 1901 2151 1261)
4(124 1262 2152 362)
4(1012 1902 2152 1262)
4(1023 1913 2066 1176)
4(1023 739 1629 1913)
4(739 1176 2066 1629)
4(1024 1914 2067 1177)
4(1024 775 1665 1914)
4(775 1177 2067 1665)
4(123 594 1484 361)
4(122 360 1484 594)
4(242 595 1485 480)
4(241 479 1485 595)
4(60 298 2250 1360)
4(61 1360 2250 299)
4(179 417 2251 1361)
4(180 1361 2251 418)
4(1050 1940 1941 1051)
4(1048 1938 1939 1049)
4(787 789 1679 1677)
4(787 1677 1684 794)
4(789 794 1684 1679)
4(751 753 1643 1641)
4(751 1641 1648 758)
4(753 758 1648 1643)
4(643 1533 1534 644)
4(640 644 1534 1530)
4(663 1553 1554 664)
4(660 664 1554 1550)
4(855 1745 1746 856)
4(840 1730 1731 841)
4(693 1076 1966 1583)
4(1076 1336 2226 1966)
4(716 1077 1967 1606)
4(1077 1337 2227 1967)
4(770 1340 2230 1660)
4(1014 770 1660 1904)
4(1014 1904 2230 1340)
4(734 1341 2231 1624)
4(1017 734 1624 1907)
4(1017 1907 2231 1341)
4(644 652 1542 1534)
4(645 644 1534 1535)
4(645 1535 1542 652)
4(664 672 1562 1554)
4(665 664 1554 1555)
4(665 1555 1562 672)
4(69 1368 2258 307)
4(68 306 2258 1368)
4(188 1370 2260 426)
4(187 425 2260 1370)
4(618 1508 1812 922)
4(617 922 1812 1507)
4(680 679 1569 1570)
4(680 1570 1571 681)
4(703 702 1592 1593)
4(703 1593 1594 704)
4(906 1796 1805 915)
4(904 915 1805 1794)
4(891 1781 1790 900)
4(889 900 1790 1779)
4(898 1209 2099 1788)
4(1042 1932 2099 1209)
4(913 1208 2098 1803)
4(1040 1930 2098 1208)
4(839 1071 1961 1729)
4(842 1732 1961 1071)
4(854 1070 1960 1744)
4(857 1747 1960 1070)
4(635 1525 2077 1187)
4(961 1187 2077 1851)
4(73 992 1882 311)
4(192 991 1881 430)
4(579 677 1567 1469)
4(578 676 1566 1468)
4(962 1190 2080 1852)
4(616 1506 2080 1190)
4(1134 650 1540 2024)
4(1134 2024 2041 1151)
4(650 1151 2041 1540)
4(1135 670 1560 2025)
4(1135 2025 2042 1152)
4(670 1152 2042 1560)
4(1036 794 1684 1926)
4(1036 1926 1985 1095)
4(1035 758 1648 1925)
4(1035 1925 1984 1094)
4(684 1574 1576 686)
4(685 686 1576 1575)
4(707 1597 1599 709)
4(708 709 1599 1598)
4(698 699 1589 1588)
4(721 722 1612 1611)
4(235 473 1408 518)
4(236 518 1408 474)
4(116 354 1409 519)
4(117 519 1409 355)
4(708 1077 1967 1598)
4(716 708 1598 1606)
4(685 1076 1966 1575)
4(693 685 1575 1583)
4(1259 2149 2150 1260)
4(1259 900 1790 2149)
4(900 1260 2150 1790)
4(1257 2147 2148 1258)
4(1257 915 1805 2147)
4(915 1258 2148 1805)
4(620 622 1512 1510)
4(680 687 1577 1570)
4(680 1570 1578 688)
4(703 710 1600 1593)
4(703 1593 1601 711)
4(601 604 1494 1491)
4(651 1068 1958 1541)
4(671 1069 1959 1561)
4(623 624 1514 1513)
4(605 606 1496 1495)
4(798 1688 2243 1353)
4(220 1353 2243 458)
4(762 1652 2244 1354)
4(101 1354 2244 339)
4(632 633 1523 1522)
4(633 1029 1919 1523)
4(614 615 1505 1504)
4(615 1030 1920 1505)
4(608 1498 2210 1320)
4(608 973 1863 1498)
4(973 1320 2210 1863)
4(501 1058 1948 1391)
4(1057 1947 1948 1058)
4(500 1056 1946 1390)
4(1055 1945 1946 1056)
4(626 1516 2217 1327)
4(626 980 1870 1516)
4(980 1327 2217 1870)
4(909 1799 1803 913)
4(909 912 1802 1799)
4(912 913 1803 1802)
4(894 1784 1788 898)
4(894 897 1787 1784)
4(897 898 1788 1787)
4(743 746 1636 1633)
4(743 1633 1637 747)
4(779 782 1672 1669)
4(779 1669 1673 783)
4(540 1043 1933 1430)
4(1043 1362 2252 1933)
4(541 1044 1934 1431)
4(1044 1363 2253 1934)
4(996 1886 2191 1301)
4(667 1301 2191 1557)
4(994 1884 2192 1302)
4(647 1302 2192 1537)
4(725 1218 2108 1615)
4(1053 1943 2108 1218)
4(727 1219 2109 1617)
4(1054 1944 2109 1219)
4(234 1061 1951 472)
4(115 1062 1952 353)
4(622 1074 1964 1512)
4(986 1876 2263 1373)
4(785 1373 2263 1675)
4(985 1875 2262 1372)
4(749 1372 2262 1639)
4(893 894 1784 1783)
4(892 1782 1784 894)
4(908 909 1799 1798)
4(907 1797 1799 909)
4(842 850 1740 1732)
4(849 1739 1740 850)
4(857 865 1755 1747)
4(864 1754 1755 865)
4(788 1678 1982 1092)
4(799 1092 1982 1689)
4(752 1642 1983 1093)
4(763 1093 1983 1653)
4(887 1128 2018 1777)
4(869 1759 2018 1128)
4(902 1129 2019 1792)
4(870 1760 2019 1129)
4(939 1289 2179 1829)
4(941 1290 2180 1831)
4(661 1551 2081 1191)
4(661 1184 2074 1551)
4(1074 1075 1965 1964)
4(575 1465 1965 1075)
4(935 1281 2171 1825)
4(936 1282 2172 1826)
4(543 1023 1913 1433)
4(543 1433 2066 1176)
4(542 1024 1914 1432)
4(542 1432 2067 1177)
4(620 1100 1990 1510)
4(634 620 1510 1524)
4(634 1524 1990 1100)
4(985 1118 2008 1875)
4(747 1637 2008 1118)
4(986 1119 2009 1876)
4(783 1673 2009 1119)
4(511 1401 2005 1115)
4(981 1115 2005 1871)
4(510 1400 2004 1114)
4(982 1114 2004 1872)
4(67 305 1374 484)
4(68 484 1374 306)
4(222 460 1404 514)
4(103 341 1405 515)
4(85 323 1381 491)
4(32 513 1403 270)
4(163 508 1398 401)
4(169 506 1396 407)
4(50 507 1397 288)
4(20 516 1406 258)
4(151 512 1402 389)
4(139 517 1407 377)
4(181 503 1393 419)
4(180 418 1393 503)
4(62 502 1392 300)
4(61 299 1392 502)
4(44 509 1399 282)
4(186 424 1375 485)
4(187 485 1375 425)
4(14 500 1390 252)
4(133 501 1391 371)
4(97 335 1385 495)
4(73 311 1376 486)
4(228 466 1388 498)
4(192 430 1377 487)
4(216 454 1384 494)
4(79 317 1378 488)
4(198 436 1379 489)
4(204 442 1380 490)
4(91 329 1383 493)
4(210 448 1382 492)
4(109 347 1389 499)
4(1117 2007 2034 1144)
4(530 1144 2034 1420)
4(1038 1928 1994 1104)
4(496 1104 1994 1386)
4(1037 1927 1995 1105)
4(497 1105 1995 1387)
4(930 1283 2173 1820)
4(929 1284 2174 1819)
4(804 1106 1996 1694)
4(804 1694 2144 1254)
4(814 1107 1997 1704)
4(814 1704 2145 1255)
4(574 1192 2082 1464)
4(1066 1956 2016 1126)
4(1065 1955 2017 1127)
4(641 1531 2085 1195)
4(641 1188 2078 1531)
4(1020 1910 2103 1213)
4(511 1213 2103 1401)
4(1019 1909 2102 1212)
4(510 1212 2102 1400)
4(581 1471 1838 948)
4(580 1470 1840 950)
4(628 1518 1970 1080)
4(628 944 1834 1518)
4(610 1500 1971 1081)
4(610 943 1833 1500)
4(760 759 1649 1650)
4(760 1650 1923 1033)
4(759 1033 1923 1649)
4(796 795 1685 1686)
4(796 1686 1924 1034)
4(795 1034 1924 1685)
4(630 1520 1970 1080)
4(630 628 1518 1520)
4(612 1502 1971 1081)
4(612 610 1500 1502)
4(664 674 1564 1554)
4(672 1562 1564 674)
4(644 654 1544 1534)
4(652 1542 1544 654)
4(900 1072 1962 1790)
4(915 1073 1963 1805)
4(695 697 1587 1585)
4(697 698 1588 1587)
4(718 720 1610 1608)
4(720 721 1611 1610)
4(639 1529 1723 833)
4(639 641 1531 1529)
4(641 833 1723 1531)
4(659 1549 1722 832)
4(659 661 1551 1549)
4(661 832 1722 1551)
4(1116 2006 2037 1147)
4(531 1147 2037 1421)
4(809 1699 1989 1099)
4(809 807 1697 1699)
4(819 1709 1988 1098)
4(819 817 1707 1709)
4(1088 748 1638 1978)
4(748 1233 2123 1638)
4(1087 784 1674 1977)
4(784 1232 2122 1674)
4(1013 1903 1905 1015)
4(1016 1906 1908 1018)
4(786 1087 1977 1676)
4(799 1689 1977 1087)
4(750 1088 1978 1640)
4(763 1653 1978 1088)
4(3 7 2197 1307)
4(241 1307 2197 479)
4(1 5 2198 1308)
4(122 1308 2198 360)
4(630 633 1523 1520)
4(632 630 1520 1522)
4(612 615 1505 1502)
4(614 612 1502 1504)
4(631 632 1522 1521)
4(631 1521 1726 836)
4(613 614 1504 1503)
4(613 1503 1741 851)
4(859 933 1823 1749)
4(859 1749 1972 1082)
4(933 1082 1972 1823)
4(905 1795 2019 1129)
4(890 1780 2018 1128)
4(751 1641 1642 752)
4(787 1677 1678 788)
4(844 931 1821 1734)
4(844 1734 1973 1083)
4(931 1083 1973 1821)
4(876 1101 1991 1766)
4(880 1102 1992 1770)
4(947 1837 2205 1315)
4(949 1839 2204 1314)
4(639 1529 1950 1060)
4(833 1060 1950 1723)
4(659 1549 1949 1059)
4(832 1059 1949 1722)
4(771 773 1663 1661)
4(735 737 1627 1625)
4(940 1830 2189 1299)
4(942 1832 2190 1300)
4(580 1470 1959 1069)
4(581 1471 1958 1068)
4(824 1340 2230 1714)
4(825 1341 2231 1715)
4(847 931 1821 1737)
4(844 847 1737 1734)
4(862 933 1823 1752)
4(859 862 1752 1749)
4(876 1766 1768 878)
4(877 878 1768 1767)
4(880 1770 1772 882)
4(881 882 1772 1771)
4(681 1571 1897 1007)
4(683 1007 1897 1573)
4(704 1594 1898 1008)
4(706 1008 1898 1596)
4(240 478 2197 1307)
4(121 359 2198 1308)
4(1024 1019 1909 1914)
4(1024 1914 2102 1212)
4(1023 1020 1910 1913)
4(1023 1913 2103 1213)
4(686 691 1581 1576)
4(684 1574 1581 691)
4(709 714 1604 1599)
4(707 1597 1604 714)
4(736 1626 1651 761)
4(744 761 1651 1634)
4(772 1662 1687 797)
4(780 797 1687 1670)
4(71 309 2185 1295)
4(576 1295 2185 1466)
4(937 1297 2187 1827)
4(938 1298 2188 1828)
4(831 1122 2012 1721)
4(830 1124 2014 1720)
4(82 1310 2200 320)
4(533 1423 2200 1310)
4(201 1309 2199 439)
4(532 1422 2199 1309)
4(733 1063 1953 1623)
4(732 1622 1953 1063)
4(769 1064 1954 1659)
4(768 1658 1954 1064)
4(855 1082 1972 1745)
4(883 1773 1972 1082)
4(1036 1926 2263 1373)
4(1035 1925 2262 1372)
4(880 1770 1974 1084)
4(876 1766 1975 1085)
4(1165 1272 2162 2055)
4(767 1657 2162 1272)
4(1164 1271 2161 2054)
4(731 1621 2161 1271)
4(633 1523 1970 1080)
4(615 1505 1971 1081)
4(840 1083 1973 1730)
4(866 1756 1973 1083)
4(190 428 2186 1296)
4(577 1296 2186 1467)
4(618 1100 1990 1508)
4(1085 1101 1991 1975)
4(1084 1102 1992 1974)
4(643 1533 1535 645)
4(663 1553 1555 665)
4(1133 2023 2117 1227)
4(1056 1227 2117 1946)
4(1132 2022 2116 1226)
4(1058 1226 2116 1948)
4(952 1842 2218 1328)
4(951 1841 2219 1329)
4(1001 1891 2097 1207)
4(999 1889 2096 1206)
4(1027 1917 2056 1166)
4(1092 1166 2056 1982)
4(1026 1916 2057 1167)
4(1093 1167 2057 1983)
4(778 776 1666 1668)
4(778 1668 1933 1043)
4(776 1043 1933 1666)
4(742 740 1630 1632)
4(742 1632 1934 1044)
4(740 1044 1934 1630)
4(978 1202 2092 1868)
4(979 1203 2093 1869)
4(817 818 1708 1707)
4(807 808 1698 1697)
4(755 757 1647 1645)
4(755 1645 1873 983)
4(757 983 1873 1647)
4(791 793 1683 1681)
4(791 1681 1874 984)
4(793 984 1874 1683)
4(1034 1265 2155 1924)
4(550 1440 2155 1265)
4(1033 1266 2156 1923)
4(551 1441 2156 1266)
4(903 1110 2000 1793)
4(904 1794 2000 1110)
4(888 1111 2001 1778)
4(889 1779 2001 1111)
4(777 779 1669 1667)
4(779 781 1671 1669)
4(777 1667 1671 781)
4(741 743 1633 1631)
4(743 745 1635 1633)
4(741 1631 1635 745)
4(671 673 1563 1561)
4(673 1069 1959 1563)
4(651 653 1543 1541)
4(653 1068 1958 1543)
4(865 1755 1960 1070)
4(850 1740 1961 1071)
4(623 1513 2217 1327)
4(605 1495 2210 1320)
4(631 630 1520 1521)
4(613 612 1502 1503)
4(671 669 1559 1561)
4(669 673 1563 1559)
4(651 649 1539 1541)
4(649 653 1543 1539)
4(973 1863 2070 1180)
4(885 1205 2095 1775)
4(1175 885 1775 2065)
4(955 1845 2238 1348)
4(956 1846 2239 1349)
4(884 1204 2094 1774)
4(1170 884 1774 2060)
4(808 1078 1968 1698)
4(834 1724 1968 1078)
4(818 1079 1969 1708)
4(835 1725 1969 1079)
4(809 919 1809 1699)
4(917 809 1699 1807)
4(917 1807 1809 919)
4(819 918 1808 1709)
4(916 819 1709 1806)
4(916 1806 1808 918)
4(980 1870 2071 1181)
4(562 1452 1570 680)
4(563 1453 1593 703)
4(856 1746 1748 858)
4(841 1731 1733 843)
4(629 630 1520 1519)
4(629 1519 1521 631)
4(611 612 1502 1501)
4(611 1501 1503 613)
4(537 1427 2112 1222)
4(536 1426 2113 1223)
4(704 710 1600 1594)
4(681 687 1577 1571)
4(806 1106 1996 1696)
4(816 1107 1997 1706)
4(570 1460 1998 1108)
4(657 661 1551 1547)
4(637 641 1531 1527)
4(628 625 1515 1518)
4(625 944 1834 1515)
4(834 1106 1996 1724)
4(835 1107 1997 1725)
4(610 607 1497 1500)
4(607 943 1833 1497)
4(650 651 1541 1540)
4(650 1540 1692 802)
4(670 671 1561 1560)
4(670 1560 1702 812)
4(957 1326 2216 1847)
4(958 1325 2215 1848)
4(892 1202 2092 1782)
4(907 1203 2093 1797)
4(571 1461 1999 1109)
4(862 934 1824 1752)
4(847 932 1822 1737)
4(629 628 1518 1519)
4(611 610 1500 1501)
4(856 1082 1972 1746)
4(1030 1240 2130 1920)
4(1070 1960 2130 1240)
4(599 603 1493 1489)
4(601 1491 1493 603)
4(1029 1241 2131 1919)
4(1071 1961 2131 1241)
4(841 1083 1973 1731)
4(683 1161 2051 1573)
4(706 1160 2050 1596)
4(35 273 2196 1306)
4(542 1306 2196 1432)
4(154 392 2195 1305)
4(543 1305 2195 1433)
4(983 831 1721 1873)
4(984 830 1720 1874)
4(961 1851 2250 1360)
4(962 1852 2251 1361)
4(736 1063 1953 1626)
4(772 1064 1954 1662)
4(1023 1286 2176 1913)
4(739 1629 2176 1286)
4(1024 1287 2177 1914)
4(775 1665 2177 1287)
4(1254 1277 2167 2144)
4(1151 1254 2144 2041)
4(1151 2041 2167 1277)
4(1255 1278 2168 2145)
4(1152 1255 2145 2042)
4(1152 2042 2168 1278)
4(1038 1928 2147 1257)
4(1037 1927 2149 1259)
4(648 650 1540 1538)
4(668 670 1560 1558)
4(622 1512 1524 634)
4(959 1157 2047 1849)
4(960 1156 2046 1850)
4(1245 1251 2141 2135)
4(1191 2081 2141 1251)
4(1191 1245 2135 2081)
4(1003 1893 2106 1216)
4(508 1216 2106 1398)
4(1004 1894 2107 1217)
4(509 1217 2107 1399)
4(660 1059 1949 1550)
4(664 1554 1949 1059)
4(640 1060 1950 1530)
4(644 1534 1950 1060)
4(686 1576 1583 693)
4(709 1599 1606 716)
4(1053 1110 2000 1943)
4(1054 1111 2001 1944)
4(646 1536 2075 1185)
4(1009 1185 2075 1899)
4(666 1556 2076 1186)
4(1010 1186 2076 1900)
4(918 1808 1988 1098)
4(919 1809 1989 1099)
4(862 860 1750 1752)
4(862 1752 1753 863)
4(860 863 1753 1750)
4(847 845 1735 1737)
4(847 1737 1738 848)
4(845 848 1738 1735)
4(604 1067 1957 1494)
4(723 1198 2088 1613)
4(700 1199 2089 1590)
4(670 669 1559 1560)
4(650 649 1539 1540)
4(1231 1252 2142 2121)
4(1195 2085 2142 1252)
4(1195 1231 2121 2085)
4(691 1581 1582 692)
4(686 692 1582 1576)
4(714 1604 1605 715)
4(709 715 1605 1599)
4(627 628 1518 1517)
4(627 1517 1519 629)
4(609 610 1500 1499)
4(609 1499 1501 611)
4(571 885 1775 1461)
4(570 884 1774 1460)
4(668 669 1559 1558)
4(648 649 1539 1538)
4(993 1883 1884 994)
4(995 1885 1886 996)
4(624 1514 1515 625)
4(623 625 1515 1513)
4(788 789 1679 1678)
4(752 753 1643 1642)
4(859 860 1750 1749)
4(844 845 1735 1734)
4(1014 1145 2035 1904)
4(770 1660 2035 1145)
4(1017 1146 2036 1907)
4(734 1624 2036 1146)
4(606 1496 1497 607)
4(605 607 1497 1495)
4(994 1201 2091 1884)
4(996 1200 2090 1886)
4(1086 1976 2185 1295)
4(720 722 1612 1610)
4(697 699 1589 1587)
4(723 1613 2016 1126)
4(700 1590 2017 1127)
4(743 742 1632 1633)
4(742 746 1636 1632)
4(779 778 1668 1669)
4(778 782 1672 1668)
4(971 1368 2258 1861)
4(972 1370 2260 1862)
4(240 1162 2052 478)
4(121 1163 2053 359)
4(794 1684 2263 1373)
4(758 1648 2262 1372)
4(668 667 1557 1558)
4(667 669 1559 1557)
4(648 647 1537 1538)
4(647 649 1539 1537)
4(867 1111 2001 1757)
4(868 1110 2000 1758)
4(741 742 1632 1631)
4(777 778 1668 1667)
4(777 776 1666 1667)
4(741 740 1630 1631)
4(1089 1979 2186 1296)
4(831 1721 2220 1330)
4(983 1330 2220 1873)
4(830 1720 2221 1331)
4(984 1331 2221 1874)
4(753 1643 1644 754)
4(752 754 1644 1642)
4(789 1679 1680 790)
4(788 790 1680 1678)
4(1103 1993 2234 1344)
4(922 1344 2234 1812)
4(808 1698 1699 809)
4(818 1708 1709 819)
4(909 1799 2093 1203)
4(894 1784 2092 1202)
4(755 754 1644 1645)
4(755 1645 1646 756)
4(754 756 1646 1644)
4(791 790 1680 1681)
4(791 1681 1682 792)
4(790 792 1682 1680)
4(753 1643 1645 755)
4(789 1679 1681 791)
4(821 819 1709 1711)
4(821 1711 1806 916)
4(811 809 1699 1701)
4(811 1701 1807 917)
4(775 776 1666 1665)
4(775 1665 1667 777)
4(739 740 1630 1629)
4(739 1629 1631 741)
4(1030 576 1466 1920)
4(793 792 1682 1683)
4(793 1683 1685 795)
4(792 795 1685 1682)
4(757 756 1646 1647)
4(757 1647 1649 759)
4(756 759 1649 1646)
4(634 1074 1964 1524)
4(1190 1361 2251 2080)
4(503 1393 2251 1361)
4(503 1190 2080 1393)
4(793 1683 1686 796)
4(757 1647 1650 760)
4(838 1253 2143 1728)
4(853 1256 2146 1743)
4(818 1708 1711 821)
4(808 1698 1701 811)
4(1187 1360 2250 2077)
4(502 1392 2250 1360)
4(502 1187 2077 1392)
4(627 625 1515 1517)
4(609 607 1497 1499)
4(646 647 1537 1536)
4(666 667 1557 1556)
4(787 1677 2263 1373)
4(751 1641 2262 1372)
4(627 1108 1998 1517)
4(669 1559 2039 1149)
4(649 1539 2040 1150)
4(1029 577 1467 1919)
4(609 1109 1999 1499)
4(775 774 1664 1665)
4(774 776 1666 1664)
4(739 738 1628 1629)
4(738 740 1630 1628)
4(707 1597 2022 1132)
4(684 1574 2023 1133)
4(603 1493 2203 1313)
4(599 1313 2203 1489)
4(773 1663 1664 774)
4(771 774 1664 1661)
4(737 1627 1628 738)
4(735 738 1628 1625)
4(758 1293 2183 1648)
4(794 1294 2184 1684)
4(856 859 1749 1746)
4(567 675 1565 1457)
4(566 655 1545 1456)
4(841 844 1734 1731)
4(843 1733 2006 1116)
4(858 1748 2007 1117)
4(235 1061 1951 473)
4(116 1062 1952 354)
4(70 1347 2237 308)
4(528 1418 2237 1347)
4(1112 1310 2200 2002)
4(1113 1309 2199 2003)
4(773 1663 1665 775)
4(737 1627 1629 739)
4(674 1564 1949 1059)
4(654 1544 1950 1060)
4(645 646 1536 1535)
4(643 1533 1536 646)
4(665 666 1556 1555)
4(663 1553 1556 666)
4(665 667 1557 1555)
4(645 647 1537 1535)
4(189 1350 2240 427)
4(529 1419 2240 1350)
4(634 1075 1965 1524)
4(943 1320 2210 1833)
4(894 1784 1785 895)
4(909 1799 1800 910)
4(722 726 1616 1612)
4(726 727 1617 1616)
4(699 724 1614 1589)
4(724 725 1615 1614)
4(944 1327 2217 1834)
4(1149 2039 2200 1310)
4(1150 2040 2199 1309)
4(1115 1213 2103 2005)
4(1114 1212 2102 2004)
4(611 1501 2095 1205)
4(629 1519 2094 1204)
4(741 1176 2066 1631)
4(777 1177 2067 1667)
4(494 1384 2056 1166)
4(495 1385 2057 1167)
4(603 1189 2079 1493)
4(1100 1990 2079 1189)
4(789 1294 2184 1679)
4(753 1293 2183 1643)
4(859 858 1748 1749)
4(858 860 1750 1748)
4(755 1645 2183 1293)
4(791 1681 2184 1294)
4(844 843 1733 1734)
4(843 845 1735 1733)
4(790 1680 1982 1092)
4(754 1644 1983 1093)
4(743 1633 2008 1118)
4(779 1669 2009 1119)
4(588 1218 2108 1478)
4(589 1219 2109 1479)
4(552 1259 2149 1442)
4(553 1257 2147 1443)
4(899 1264 2154 1789)
4(914 1263 2153 1804)
4(574 1464 2234 1344)
4(1067 1344 2234 1957)
4(1212 1287 2177 2102)
4(1213 1286 2176 2103)
4(915 1805 2000 1110)
4(900 1790 2001 1111)
4(861 1250 2140 1751)
4(989 1879 2140 1250)
4(989 861 1751 1879)
4(655 1134 2024 1545)
4(655 1545 2041 1151)
4(675 1135 2025 1565)
4(675 1565 2042 1152)
4(740 1630 2253 1363)
4(776 1666 2252 1362)
4(997 1887 2214 1324)
4(768 1324 2214 1658)
4(998 1888 2213 1323)
4(732 1323 2213 1622)
4(1171 2061 2114 1224)
4(1171 1223 2113 2061)
4(1223 1224 2114 2113)
4(1172 2062 2115 1225)
4(1172 1222 2112 2062)
4(1222 1225 2115 2112)
4(756 1121 2011 1646)
4(756 1646 2160 1270)
4(792 1120 2010 1682)
4(792 1682 2159 1269)
4(524 1352 2242 1414)
4(1175 2065 2242 1352)
4(672 1562 1986 1096)
4(652 1542 1987 1097)
4(1086 1347 2237 1976)
4(1006 1009 1899 1896)
4(1005 1010 1900 1895)
4(953 1843 2127 1237)
4(954 1844 2128 1238)
4(525 1351 2241 1415)
4(1170 2060 2241 1351)
4(1161 1133 2023 2051)
4(1161 2051 2117 1227)
4(1160 1132 2022 2050)
4(1160 2050 2116 1226)
4(1089 1350 2240 1979)
4(676 1251 2141 1566)
4(1245 676 1566 2135)
4(629 1108 1998 1519)
4(611 1109 1999 1501)
4(521 1277 2167 1411)
4(520 1278 2168 1410)
4(1131 2021 2196 1306)
4(1130 2020 2195 1305)
4(821 1079 1969 1711)
4(811 1078 1968 1701)
4(1177 1306 2196 2067)
4(1176 1305 2195 2066)
4(601 1491 1993 1103)
4(1189 2079 2203 1313)
4(625 1327 2217 1515)
4(607 1320 2210 1497)
4(761 1063 1953 1651)
4(797 1064 1954 1687)
4(604 1494 1993 1103)
4(1014 1904 1905 1015)
4(1017 1907 1908 1018)
4(677 1252 2142 1567)
4(1231 677 1567 2121)
4(862 1752 2074 1184)
4(847 1737 2078 1188)
4(706 1596 2022 1132)
4(683 1573 2023 1133)
4(579 1252 2142 1469)
4(578 1251 2141 1468)
4(927 1817 2232 1342)
4(1169 1342 2232 2059)
4(928 1818 2233 1343)
4(1168 1343 2233 2058)
4(559 1449 2248 1358)
4(1048 1358 2248 1938)
4(560 1450 2247 1357)
4(1050 1357 2247 1940)
4(799 1166 2056 1689)
4(763 1167 2057 1653)
4(877 1220 2110 1767)
4(1011 1901 2110 1220)
4(1011 877 1767 1901)
4(881 1221 2111 1771)
4(1012 1902 2111 1221)
4(1012 881 1771 1902)
4(790 1120 2010 1680)
4(754 1121 2011 1644)
4(917 1272 2162 1807)
4(1165 917 1807 2055)
4(916 1271 2161 1806)
4(1164 916 1806 2054)
4(1031 1921 2077 1187)
4(1098 1988 2096 1206)
4(1000 1206 2096 1890)
4(1099 1989 2097 1207)
4(1002 1207 2097 1892)
4(1032 1922 2080 1190)
4(1087 1247 2137 1977)
4(799 1689 2137 1247)
4(1088 1246 2136 1978)
4(763 1653 2136 1246)
4(515 976 1866 1405)
4(514 977 1867 1404)
4(486 992 1882 1376)
4(487 991 1881 1377)
4(822 1712 2046 1156)
4(1047 1156 2046 1937)
4(823 1713 2047 1157)
4(1052 1157 2047 1942)
4(694 1193 2083 1584)
4(696 1586 2083 1193)
4(717 1194 2084 1607)
4(719 1609 2084 1194)
4(1269 1353 2243 2159)
4(1265 1269 2159 2155)
4(1265 2155 2243 1353)
4(1270 1354 2244 2160)
4(1266 1270 2160 2156)
4(1266 2156 2244 1354)
4(1036 1248 2138 1926)
4(941 1831 2138 1248)
4(1035 1249 2139 1925)
4(939 1829 2139 1249)
4(492 1136 2026 1382)
4(493 1137 2027 1383)
4(771 1145 2035 1661)
4(735 1146 2036 1625)
4(1101 1991 2086 1196)
4(1102 1992 2087 1197)
4(1274 1292 2182 2164)
4(897 1787 2182 1292)
4(1273 1291 2181 2163)
4(912 1802 2181 1291)
4(1082 1972 2043 1153)
4(1083 1973 2038 1148)
4(1067 1957 1993 1103)
4(129 367 2232 1342)
4(10 248 2233 1343)
4(827 1717 2061 1171)
4(829 1719 2062 1172)
4(860 1117 2007 1750)
4(860 1750 2034 1144)
4(780 1114 2004 1670)
4(797 1687 2004 1114)
4(744 1115 2005 1634)
4(761 1651 2005 1115)
4(1030 1295 2185 1920)
4(845 1735 2006 1116)
4(643 1533 2075 1185)
4(663 1553 2076 1186)
4(498 969 1859 1388)
4(499 970 1860 1389)
4(845 1735 2037 1147)
4(881 1262 2152 1771)
4(877 1261 2151 1767)
4(1031 1332 2222 1921)
4(964 1854 2222 1332)
4(827 1164 2054 1717)
4(829 1165 2055 1719)
4(1107 1997 2126 1236)
4(835 1236 2126 1725)
4(1106 1996 2125 1235)
4(834 1235 2125 1724)
4(1032 1335 2225 1922)
4(963 1853 2225 1335)
4(565 1455 2170 1280)
4(1055 1280 2170 1945)
4(564 1454 2169 1279)
4(1057 1279 2169 1947)
4(953 1843 2233 1343)
4(1237 1343 2233 2127)
4(954 1844 2232 1342)
4(1238 1342 2232 2128)
4(1111 1260 2150 2001)
4(1110 1258 2148 2000)
4(673 1364 2254 1563)
4(1069 1959 2254 1364)
4(653 1365 2255 1543)
4(1068 1958 2255 1365)
4(657 1229 2119 1547)
4(661 1551 2119 1229)
4(1201 2091 2192 1302)
4(1200 2090 2191 1301)
4(796 1331 2221 1686)
4(793 1683 2221 1331)
4(760 1330 2220 1650)
4(757 1647 2220 1330)
4(828 1154 2044 1718)
4(583 1473 2044 1154)
4(826 1155 2045 1716)
4(582 1472 2045 1155)
4(1128 1303 2193 2018)
4(1129 1304 2194 2019)
4(1029 1296 2186 1919)
4(1043 1321 2211 1933)
4(778 1668 2211 1321)
4(1044 1322 2212 1934)
4(742 1632 2212 1322)
4(731 1183 2073 1621)
4(767 1182 2072 1657)
4(1043 1933 2236 1346)
4(540 1346 2236 1430)
4(1044 1934 2235 1345)
4(541 1345 2235 1431)
4(637 1230 2120 1527)
4(641 1531 2120 1230)
4(83 321 2254 1364)
4(580 1364 2254 1470)
4(202 440 2255 1365)
4(581 1365 2255 1471)
4(634 1524 2079 1189)
4(1138 1209 2099 2028)
4(898 1138 2028 1788)
4(1139 1208 2098 2029)
4(913 1139 2029 1803)
4(1192 2082 2234 1344)
4(1060 1950 2033 1143)
4(833 1143 2033 1723)
4(1059 1949 2032 1142)
4(832 1142 2032 1722)
4(693 1583 2086 1196)
4(716 1606 2087 1197)
4(518 1336 2226 1408)
4(519 1337 2227 1409)
4(673 1563 2039 1149)
4(653 1543 2040 1150)
4(636 1230 2120 1526)
4(656 1229 2119 1546)
4(1043 873 1763 1933)
4(1044 874 1764 1934)
4(802 1151 2041 1692)
4(812 1152 2042 1702)
4(1122 760 1650 2012)
4(760 1123 2013 1650)
4(1124 796 1686 2014)
4(796 1125 2015 1686)
4(863 1753 2034 1144)
4(1086 615 1505 1976)
4(615 1347 2237 1505)
4(1089 633 1523 1979)
4(633 1350 2240 1523)
4(829 1719 2115 1225)
4(827 1717 2114 1224)
4(848 1738 2037 1147)
4(828 1718 2214 1324)
4(826 1716 2213 1323)
4(689 1579 2100 1210)
4(1090 1210 2100 1980)
4(712 1602 2101 1211)
4(1091 1211 2101 1981)
4(1075 1228 2118 1965)
4(575 1465 2118 1228)
4(883 1250 2140 1773)
4(846 1736 2134 1244)
4(866 1244 2134 1756)
4(703 1355 2245 1593)
4(680 1356 2246 1570)
4(615 1505 2185 1295)
4(745 1176 2066 1635)
4(781 1177 2067 1671)
4(782 1232 2122 1672)
4(746 1233 2123 1636)
4(773 1663 2177 1287)
4(737 1627 2176 1286)
4(633 1523 2186 1296)
4(715 1140 2030 1605)
4(714 1604 2030 1140)
4(692 1141 2031 1582)
4(691 1581 2031 1141)
4(922 1812 2082 1192)
4(1228 2118 2203 1313)
4(1075 1313 2203 1965)
4(694 1584 2100 1210)
4(717 1607 2101 1211)
4(1078 1217 2107 1968)
4(834 1724 2107 1217)
4(1079 1216 2106 1969)
4(835 1725 2106 1216)
4(595 1485 1901 1011)
4(594 1484 1902 1012)
4(595 1485 2110 1220)
4(594 1484 2111 1221)
4(642 1532 2075 1185)
4(662 1552 2076 1186)
4(505 1395 2134 1244)
4(990 1244 2134 1880)
4(570 1204 2094 1460)
4(1274 1033 1923 2164)
4(1273 1034 1924 2163)
4(504 1394 2140 1250)
4(571 1205 2095 1461)
4(802 1692 2144 1254)
4(812 1702 2145 1255)
4(1094 1984 2139 1249)
4(512 1249 2139 1402)
4(1095 1985 2138 1248)
4(513 1248 2138 1403)
4(1006 1896 2075 1185)
4(1005 1895 2076 1186)
4(665 1301 2191 1555)
4(645 1302 2192 1535)
4(496 1386 2069 1179)
4(974 1179 2069 1864)
4(497 1387 2068 1178)
4(975 1178 2068 1865)
4(866 1756 2038 1148)
4(1194 2084 2248 1358)
4(1193 2083 2247 1357)
4(1179 1263 2153 2069)
4(1178 1264 2154 2068)
4(780 1287 2177 1670)
4(1212 780 1670 2102)
4(744 1286 2176 1634)
4(1213 744 1634 2103)
4(883 1773 2043 1153)
4(514 1404 2098 1208)
4(515 1405 2099 1209)
4(686 1576 2086 1196)
4(709 1599 2087 1197)
4(1081 1971 2237 1347)
4(1112 1364 2254 2002)
4(673 1112 2002 1563)
4(1113 1365 2255 2003)
4(653 1113 2003 1543)
4(1080 1350 2240 1970)
4(976 1209 2099 1866)
4(977 1208 2098 1867)
4(1230 2120 2124 1234)
4(932 1230 2120 1822)
4(672 1200 2090 1562)
4(672 1562 2191 1301)
4(652 1201 2091 1542)
4(652 1542 2192 1302)
4(530 1420 2157 1267)
4(598 1313 2203 1488)
4(917 1225 2115 1807)
4(811 1701 2115 1225)
4(916 1224 2114 1806)
4(821 1711 2114 1224)
4(1229 1239 2129 2119)
4(934 1229 2119 1824)
4(594 1308 2198 1484)
4(595 1307 2197 1485)
4(934 1824 2074 1184)
4(932 1822 2078 1188)
4(531 1421 2158 1268)
4(760 1650 2164 1274)
4(796 1686 2163 1273)
4(832 1722 2081 1191)
4(958 1848 2126 1236)
4(957 1847 2125 1235)
4(833 1723 2085 1195)
4(1141 2031 2170 1280)
4(1140 2030 2169 1279)
4(492 1382 2230 1340)
4(493 1383 2231 1341)
4(759 1266 2156 1649)
4(795 1265 2155 1685)
4(1122 1330 2220 2012)
4(1124 1331 2221 2014)
4(1184 2074 2119 1229)
4(1142 1251 2141 2032)
4(1143 1252 2142 2033)
4(1063 1953 2045 1155)
4(761 1155 2045 1651)
4(1064 1954 2044 1154)
4(797 1154 2044 1687)
4(1075 1965 2079 1189)
4(501 1226 2116 1391)
4(500 1227 2117 1390)
4(898 1788 2182 1292)
4(913 1803 2181 1291)
4(1188 2078 2120 1230)
4(1115 2005 2229 1339)
4(1114 2004 2228 1338)
4(940 1247 2137 1830)
4(942 1246 2136 1832)
4(846 1253 2143 1736)
4(832 1722 2141 1251)
4(833 1723 2142 1252)
4(861 1256 2146 1751)
4(970 1198 2088 1860)
4(1126 2016 2088 1198)
4(969 1199 2089 1859)
4(1127 2017 2089 1199)
4(1108 1998 2094 1204)
4(1109 1999 2095 1205)
4(597 1343 2233 1487)
4(596 1342 2232 1486)
4(485 1375 2239 1349)
4(485 1181 2071 1375)
4(1181 1349 2239 2071)
4(484 1374 2238 1348)
4(484 1180 2070 1374)
4(1180 1348 2238 2070)
4(1051 1941 2247 1357)
4(696 1357 2247 1586)
4(1049 1939 2248 1358)
4(719 1358 2248 1609)
4(501 1391 2171 1281)
4(500 1390 2172 1282)
4(512 1402 2179 1289)
4(513 1403 2180 1290)
4(673 1310 2200 1563)
4(653 1309 2199 1543)
4(519 1409 2174 1284)
4(518 1408 2173 1283)
4(795 1685 2159 1269)
4(759 1649 2160 1270)
4(495 1300 2190 1385)
4(494 1299 2189 1384)
4(1137 1319 2209 2027)
4(1136 1318 2208 2026)
4(503 1393 2201 1311)
4(782 1321 2211 1672)
4(746 1322 2212 1636)
4(502 1392 2202 1312)
4(1158 2048 2223 1333)
4(1159 2049 2224 1334)
4(508 1398 2215 1325)
4(509 1399 2216 1326)
4(811 1222 2112 1701)
4(821 1223 2113 1711)
4(761 1651 2229 1339)
4(797 1687 2228 1338)
4(1164 1224 2114 2054)
4(1165 1225 2115 2055)
4(550 1353 2243 1440)
4(551 1354 2244 1441)
4(1063 1323 2213 1953)
4(1064 1324 2214 1954)
4(555 1303 2193 1445)
4(554 1304 2194 1444)
4(484 1374 2258 1368)
4(485 1375 2260 1370)
4(1155 1323 2213 2045)
4(1154 1324 2214 2044)
4(1136 2026 2230 1340)
4(1137 2027 2231 1341)
4(781 1671 2196 1306)
4(745 1635 2195 1305)
4(1147 2037 2158 1268)
4(1144 2034 2157 1267)
4(1244 1316 2206 2134)
4(1250 1317 2207 2140)
4(1167 1246 2136 2057)
4(495 1385 2136 1246)
4(1166 1247 2137 2056)
4(494 1384 2137 1247)
4(1147 1231 2121 2037)
4(848 1738 2121 1231)
4(1144 1245 2135 2034)
4(863 1753 2135 1245)
4(1180 2070 2259 1369)
4(484 1369 2259 1374)
4(1181 2071 2261 1371)
4(485 1371 2261 1375)
4(1244 2134 2249 1359)
4(1148 1316 2206 2038)
4(866 1756 2206 1316)
4(509 1235 2125 1399)
4(1217 2107 2125 1235)
4(508 1236 2126 1398)
4(1216 2106 2126 1236)
4(1231 2121 2158 1268)
4(1248 2138 2180 1290)
4(1249 2139 2179 1289)
4(1153 1317 2207 2043)
4(883 1773 2207 1317)
4(1245 2135 2157 1267)
4(1163 594 1484 2053)
4(1162 595 1485 2052)
4(1163 2053 2198 1308)
4(1162 2052 2197 1307)
4(1236 2126 2215 1325)
4(1235 2125 2216 1326)
4(1226 2116 2171 1281)
4(1227 2117 2172 1282)
4(1214 2104 2257 1367)
4(1215 2105 2256 1366)
4(1246 1300 2190 2136)
4(1247 1299 2189 2137)
4(1154 1338 2228 2044)
4(1155 1339 2229 2045)
4(846 1736 2249 1359)
4(1187 2077 2222 1332)
4(502 1332 2222 1392)
4(1190 2080 2225 1335)
4(503 1335 2225 1393)
4(935 1825 2116 1226)
4(936 1826 2117 1227)
4(1136 824 1714 2026)
4(1137 825 1715 2027)
4(1284 1337 2227 2174)
4(1283 1336 2226 2173)
4(1368 1369 2259 2258)
4(1370 1371 2261 2260)
4(1253 1359 2249 2143)
4(1312 1332 2222 2202)
4(1311 1335 2225 2201)
3(697 1242 1051)
3(1587 1941 2132)
3(720 1243 1049)
3(1610 1939 2133)
3(936 1161 1007)
3(1826 1897 2051)
3(935 1160 1008)
3(1825 1898 2050)
3(956 1074 626)
3(1846 1516 1964)
3(697 1051 696)
3(1587 1586 1941)
3(720 1049 719)
3(1610 1609 1939)
3(506 1005 920)
3(1396 1810 1895)
3(507 1006 921)
3(1397 1811 1896)
3(52 636 53)
3(290 291 1526)
3(171 656 172)
3(409 410 1546)
3(598 1228 184)
3(1488 422 2118)
3(76 676 77)
3(314 315 1566)
3(195 677 196)
3(433 434 1567)
3(55 966 505)
3(293 1395 1856)
3(174 965 504)
3(412 1394 1855)
3(868 1258 23)
3(1758 261 2148)
3(867 1260 142)
3(1757 380 2150)
3(64 617 65)
3(302 303 1507)
3(159 800 160)
3(397 398 1690)
3(40 801 41)
3(278 279 1691)
3(207 764 208)
3(445 446 1654)
3(88 728 89)
3(326 327 1618)
3(102 1138 976)
3(340 1866 2028)
3(221 1139 977)
3(459 1867 2029)
3(183 598 184)
3(421 422 1488)
3(918 1183 534)
3(1808 1424 2073)
3(919 1182 535)
3(1809 1425 2072)
3(886 888 727)
3(1776 1617 1778)
3(901 903 725)
3(1791 1615 1793)
3(912 1125 910)
3(1802 1800 2015)
3(897 1123 895)
3(1787 1785 2013)
3(486 987 74)
3(1376 312 1877)
3(487 988 193)
3(1377 431 1878)
3(556 1127 969)
3(1446 1859 2017)
3(557 1126 970)
3(1447 1860 2016)
3(534 1206 918)
3(1424 1808 2096)
3(535 1207 919)
3(1425 1809 2097)
3(168 967 506)
3(406 1396 1857)
3(49 968 507)
3(287 1397 1858)
3(141 867 142)
3(379 380 1757)
3(22 868 23)
3(260 261 1758)
3(556 969 227)
3(1446 465 1859)
3(557 970 108)
3(1447 346 1860)
3(28 830 29)
3(266 267 1720)
3(147 831 148)
3(385 386 1721)
3(955 1067 608)
3(1845 1498 1957)
3(195 1268 677)
3(433 1567 2158)
3(822 1047 499)
3(1712 1389 1937)
3(823 1052 498)
3(1713 1388 1942)
3(800 1171 160)
3(1690 398 2061)
3(801 1172 41)
3(1691 279 2062)
3(76 1267 676)
3(314 1566 2157)
3(489 993 199)
3(1379 437 1883)
3(488 995 80)
3(1378 318 1885)
3(207 1182 764)
3(445 1654 2072)
3(88 1183 728)
3(326 1618 2073)
3(486 1285 987)
3(1376 1877 2175)
3(487 1288 988)
3(1377 1878 2178)
3(830 1276 29)
3(1720 267 2166)
3(831 1275 148)
3(1721 386 2165)
3(1009 1134 648)
3(1899 1538 2024)
3(1010 1135 668)
3(1900 1558 2025)
3(820 950 815)
3(1710 1705 1840)
3(810 948 805)
3(1700 1695 1838)
3(1119 1131 584)
3(2009 1474 2021)
3(1118 1130 585)
3(2008 1475 2020)
3(646 1009 648)
3(1536 1538 1899)
3(666 1010 668)
3(1556 1558 1900)
3(491 999 86)
3(1381 324 1889)
3(490 1001 205)
3(1380 443 1891)
3(576 992 72)
3(1466 310 1882)
3(577 991 191)
3(1467 429 1881)
3(16 1090 925)
3(254 1815 1980)
3(135 1091 926)
3(373 1816 1981)
3(177 885 178)
3(415 416 1775)
3(58 884 59)
3(296 297 1774)
3(545 1088 942)
3(1435 1832 1978)
3(544 1087 940)
3(1434 1830 1977)
3(569 1153 965)
3(1459 1855 2043)
3(1092 1120 1027)
3(1982 1917 2010)
3(1093 1121 1026)
3(1983 1916 2011)
3(54 966 55)
3(292 293 1856)
3(173 965 174)
3(411 412 1855)
3(162 1003 508)
3(400 1398 1893)
3(43 1004 509)
3(281 1399 1894)
3(58 1351 884)
3(296 1774 2241)
3(177 1352 885)
3(415 1775 2242)
3(568 1148 966)
3(1458 1856 2038)
3(918 1271 1183)
3(1808 2073 2161)
3(919 1272 1182)
3(1809 2072 2162)
3(499 1198 822)
3(1389 1712 2088)
3(498 1199 823)
3(1388 1713 2089)
3(167 967 168)
3(405 406 1857)
3(48 968 49)
3(286 287 1858)
3(74 987 75)
3(312 313 1877)
3(193 988 194)
3(431 432 1878)
3(727 1066 886)
3(1617 1776 1956)
3(725 1065 901)
3(1615 1791 1955)
3(824 1318 766)
3(1714 1656 2208)
3(825 1319 730)
3(1715 1620 2209)
3(1062 1077 519)
3(1952 1409 1967)
3(1061 1076 518)
3(1951 1408 1966)
3(936 1007 592)
3(1826 1482 1897)
3(935 1008 593)
3(1825 1483 1898)
3(710 1091 1008)
3(1600 1898 1981)
3(687 1090 1007)
3(1577 1897 1980)
3(931 1148 568)
3(1821 1458 2038)
3(933 1153 569)
3(1823 1459 2043)
3(656 1239 172)
3(1546 410 2129)
3(636 1234 53)
3(1526 291 2124)
3(912 1273 1125)
3(1802 2015 2163)
3(897 1274 1123)
3(1787 2013 2164)
3(903 1053 725)
3(1793 1615 1943)
3(888 1054 727)
3(1778 1617 1944)
3(621 1031 624)
3(1511 1514 1921)
3(492 1013 211)
3(1382 449 1903)
3(493 1016 92)
3(1383 330 1906)
3(602 1032 606)
3(1492 1496 1922)
3(910 1125 914)
3(1800 1804 2015)
3(895 1123 899)
3(1785 1789 2013)
3(199 993 200)
3(437 438 1883)
3(80 995 81)
3(318 319 1885)
3(37 1019 510)
3(275 1400 1909)
3(156 1020 511)
3(394 1401 1910)
3(592 1090 16)
3(1482 254 1980)
3(593 1091 135)
3(1483 373 1981)
3(165 675 166)
3(403 404 1565)
3(46 655 47)
3(284 285 1545)
3(731 998 729)
3(1621 1619 1888)
3(767 997 765)
3(1657 1655 1887)
3(945 1077 1062)
3(1835 1952 1967)
3(946 1076 1061)
3(1836 1951 1966)
3(815 950 813)
3(1705 1703 1840)
3(805 948 803)
3(1695 1693 1838)
3(558 1021 924)
3(1448 1814 1911)
3(561 1022 923)
3(1451 1813 1912)
3(23 1258 553)
3(261 1443 2148)
3(142 1260 552)
3(380 1442 2150)
3(658 1333 920)
3(1548 1810 2223)
3(638 1334 921)
3(1528 1811 2224)
3(86 999 87)
3(324 325 1889)
3(205 1001 206)
3(443 444 1891)
3(957 1106 521)
3(1847 1411 1996)
3(958 1107 520)
3(1848 1410 1997)
3(94 1345 95)
3(332 333 2235)
3(213 1346 214)
3(451 452 2236)
3(692 1168 1085)
3(1582 1975 2058)
3(715 1169 1084)
3(1605 1974 2059)
3(568 932 931)
3(1458 1821 1822)
3(491 1314 1173)
3(1381 2063 2204)
3(490 1315 1174)
3(1380 2064 2205)
3(745 1130 1118)
3(1635 2008 2020)
3(781 1131 1119)
3(1671 2009 2021)
3(922 1100 603)
3(1812 1493 1990)
3(161 1003 162)
3(399 400 1893)
3(42 1004 43)
3(280 281 1894)
3(576 1240 992)
3(1466 1882 2130)
3(603 1103 922)
3(1493 1812 1993)
3(577 1241 991)
3(1467 1881 2131)
3(590 1238 872)
3(1480 1762 2128)
3(591 1237 871)
3(1481 1761 2127)
3(572 880 879)
3(1462 1769 1770)
3(573 876 875)
3(1463 1765 1766)
3(987 1285 864)
3(1877 1754 2175)
3(617 1192 65)
3(1507 303 2082)
3(106 1303 107)
3(344 345 2193)
3(225 1304 226)
3(463 464 2194)
3(569 934 933)
3(1459 1823 1824)
3(988 1288 849)
3(1878 1739 2178)
3(31 1025 513)
3(269 1403 1915)
3(150 1028 512)
3(388 1402 1918)
3(1008 1091 593)
3(1898 1483 1981)
3(1007 1090 592)
3(1897 1482 1980)
3(810 1099 1002)
3(1700 1892 1989)
3(820 1098 1000)
3(1710 1890 1988)
3(495 1026 98)
3(1385 336 1916)
3(494 1027 217)
3(1384 455 1917)
3(219 798 220)
3(457 458 1688)
3(100 762 101)
3(338 339 1652)
3(211 1013 212)
3(449 450 1903)
3(92 1016 93)
3(330 331 1906)
3(36 1019 37)
3(274 275 1909)
3(155 1020 156)
3(393 394 1910)
3(561 923 231)
3(1451 469 1813)
3(558 924 112)
3(1448 350 1814)
3(528 971 943)
3(1418 1833 1861)
3(945 1062 701)
3(1835 1591 1952)
3(946 1061 678)
3(1836 1568 1951)
3(70 1086 71)
3(308 309 1976)
3(189 1089 190)
3(427 428 1979)
3(529 972 944)
3(1419 1834 1862)
3(920 1158 506)
3(1810 1396 2048)
3(921 1159 507)
3(1811 1397 2049)
3(624 1031 635)
3(1514 1525 1921)
3(920 1005 662)
3(1810 1552 1895)
3(921 1006 642)
3(1811 1532 1896)
3(231 923 232)
3(469 470 1813)
3(112 924 113)
3(350 351 1814)
3(606 1032 616)
3(1496 1506 1922)
3(1242 1297 516)
3(2132 1406 2187)
3(1243 1298 517)
3(2133 1407 2188)
3(679 946 678)
3(1569 1568 1836)
3(702 945 701)
3(1592 1591 1835)
3(716 1102 929)
3(1606 1819 1992)
3(693 1101 930)
3(1583 1820 1991)
3(992 1240 865)
3(1882 1755 2130)
3(1027 1120 546)
3(1917 1436 2010)
3(1026 1121 547)
3(1916 1437 2011)
3(896 1105 1072)
3(1786 1962 1995)
3(911 1104 1073)
3(1801 1963 1994)
3(619 1031 621)
3(1509 1511 1921)
3(600 1032 602)
3(1490 1492 1922)
3(991 1241 850)
3(1881 1740 2131)
3(238 875 239)
3(476 477 1765)
3(119 879 120)
3(357 358 1769)
3(989 1256 524)
3(1879 1414 2146)
3(515 1041 104)
3(1405 342 1931)
3(514 1039 223)
3(1404 461 1929)
3(551 1138 102)
3(1441 340 2028)
3(550 1139 221)
3(1440 459 2029)
3(149 1028 150)
3(387 388 1918)
3(30 1025 31)
3(268 269 1915)
3(951 1142 674)
3(1841 1564 2032)
3(952 1143 654)
3(1842 1544 2033)
3(128 1215 872)
3(366 1762 2105)
3(9 1214 871)
3(247 1761 2104)
3(545 1233 1088)
3(1435 1978 2123)
3(544 1232 1087)
3(1434 1977 2122)
3(25 1038 496)
3(263 1386 1928)
3(144 1037 497)
3(382 1387 1927)
3(98 1026 99)
3(336 337 1916)
3(217 1027 218)
3(455 456 1917)
3(245 1214 0)
3(483 4 2104)
3(126 1215 2)
3(364 6 2105)
3(875 1162 239)
3(1765 477 2052)
3(879 1163 120)
3(1769 358 2053)
3(539 1318 209)
3(1429 447 2208)
3(538 1319 90)
3(1428 328 2209)
3(39 982 583)
3(277 1473 1872)
3(158 981 582)
3(396 1472 1871)
3(146 975 586)
3(384 1476 1865)
3(27 974 587)
3(265 1477 1864)
3(201 1113 202)
3(439 440 2003)
3(82 1112 83)
3(320 321 2002)
3(575 1074 956)
3(1465 1846 1964)
3(567 1135 1010)
3(1457 1900 2025)
3(566 1134 1009)
3(1456 1899 2024)
3(729 998 732)
3(1619 1622 1888)
3(765 997 768)
3(1655 1658 1887)
3(971 973 943)
3(1861 1833 1863)
3(0 1214 8)
3(4 246 2104)
3(2 1215 127)
3(6 365 2105)
3(972 980 944)
3(1862 1834 1870)
3(104 1041 105)
3(342 343 1931)
3(223 1039 224)
3(461 462 1929)
3(1000 1173 820)
3(1890 1710 2063)
3(1002 1174 810)
3(1892 1700 2064)
3(57 990 525)
3(295 1415 1880)
3(176 989 524)
3(414 1414 1879)
3(491 1173 1000)
3(1381 1890 2063)
3(490 1174 1002)
3(1380 1892 2064)
3(24 1038 25)
3(262 263 1928)
3(143 1037 144)
3(381 382 1927)
3(574 1067 955)
3(1464 1845 1957)
3(1051 1242 516)
3(1941 1406 2132)
3(1049 1243 517)
3(1939 1407 2133)
3(562 678 233)
3(1452 471 1568)
3(563 701 114)
3(1453 352 1591)
3(34 1131 35)
3(272 273 2021)
3(153 1130 154)
3(391 392 2020)
3(138 1048 517)
3(376 1407 1938)
3(19 1050 516)
3(257 1406 1940)
3(237 573 238)
3(475 476 1463)
3(118 572 119)
3(356 357 1462)
3(146 586 147)
3(384 385 1476)
3(27 587 28)
3(265 266 1477)
3(101 551 102)
3(339 340 1441)
3(220 550 221)
3(458 459 1440)
3(499 1047 110)
3(1389 348 1937)
3(498 1052 229)
3(1388 467 1942)
3(562 679 678)
3(1452 1568 1569)
3(563 702 701)
3(1453 1591 1592)
3(140 589 141)
3(378 379 1479)
3(226 556 227)
3(464 465 1446)
3(21 588 22)
3(259 260 1478)
3(107 557 108)
3(345 346 1447)
3(39 583 40)
3(277 278 1473)
3(158 582 159)
3(396 397 1472)
3(89 538 90)
3(327 328 1428)
3(208 539 209)
3(446 447 1429)
3(113 563 114)
3(351 352 1453)
3(134 593 135)
3(372 373 1483)
3(15 592 16)
3(253 254 1482)
3(232 562 233)
3(470 471 1452)
3(152 585 153)
3(390 391 1475)
3(95 545 96)
3(333 334 1435)
3(214 544 215)
3(452 453 1434)
3(33 584 34)
3(271 272 1474)
3(1106 1254 521)
3(1996 1411 2144)
3(1107 1255 520)
3(1997 1410 2145)
3(160 1171 536)
3(398 1426 2061)
3(41 1172 537)
3(279 1427 2062)
3(202 581 203)
3(440 441 1471)
3(83 580 84)
3(321 322 1470)
3(16 925 17)
3(254 255 1815)
3(135 926 136)
3(373 374 1816)
3(560 1210 1193)
3(1450 2083 2100)
3(559 1211 1194)
3(1449 2084 2101)
3(1046 1276 984)
3(1936 1874 2166)
3(1045 1275 983)
3(1935 1873 2165)
3(928 1141 565)
3(1818 1455 2031)
3(927 1140 564)
3(1817 1454 2030)
3(190 577 191)
3(428 429 1467)
3(71 576 72)
3(309 310 1466)
3(77 578 78)
3(315 316 1468)
3(196 579 197)
3(434 435 1469)
3(184 575 185)
3(422 423 1465)
3(65 574 66)
3(303 304 1464)
3(943 1081 528)
3(1833 1418 1971)
3(59 570 60)
3(297 298 1460)
3(178 571 179)
3(416 417 1461)
3(172 569 173)
3(410 411 1459)
3(53 568 54)
3(291 292 1458)
3(47 566 48)
3(285 286 1456)
3(166 567 167)
3(404 405 1457)
3(535 1182 207)
3(1425 445 2072)
3(534 1183 88)
3(1424 326 2073)
3(944 1080 529)
3(1834 1419 1970)
3(152 939 585)
3(390 1475 1829)
3(33 941 584)
3(271 1474 1831)
3(137 1048 138)
3(375 376 1938)
3(18 1050 19)
3(256 257 1940)
3(129 927 130)
3(367 368 1817)
3(10 928 11)
3(248 249 1818)
3(134 935 593)
3(372 1483 1825)
3(15 936 592)
3(253 1482 1826)
3(165 1278 675)
3(403 1565 2168)
3(46 1277 655)
3(284 1545 2167)
3(690 959 695)
3(1580 1585 1849)
3(713 960 718)
3(1603 1608 1850)
3(608 1180 955)
3(1498 1845 2070)
3(110 1047 111)
3(348 349 1937)
3(229 1052 230)
3(467 468 1942)
3(182 963 527)
3(420 1417 1853)
3(63 964 526)
3(301 1416 1854)
3(896 1072 893)
3(1786 1783 1962)
3(911 1073 908)
3(1801 1798 1963)
3(1175 1256 851)
3(2065 1741 2146)
3(164 520 165)
3(402 403 1410)
3(45 521 46)
3(283 284 1411)
3(971 1369 973)
3(1861 1863 2259)
3(731 1164 998)
3(1621 1888 2054)
3(767 1165 997)
3(1657 1887 2055)
3(626 1181 956)
3(1516 1846 2071)
3(972 1371 980)
3(1862 1870 2261)
3(783 785 784)
3(1673 1674 1675)
3(747 749 748)
3(1637 1638 1639)
3(524 1256 1175)
3(1414 2065 2146)
3(938 1243 1219)
3(1828 2109 2133)
3(937 1242 1218)
3(1827 2108 2132)
3(1170 1253 836)
3(2060 1726 2143)
3(51 523 52)
3(289 290 1413)
3(170 522 171)
3(408 409 1412)
3(544 940 215)
3(1434 453 1830)
3(545 942 96)
3(1435 334 1832)
3(581 947 203)
3(1471 441 1837)
3(580 949 84)
3(1470 322 1839)
3(176 524 177)
3(414 415 1414)
3(57 525 58)
3(295 296 1415)
3(237 930 573)
3(475 1463 1820)
3(118 929 572)
3(356 1462 1819)
3(769 770 766)
3(1659 1656 1660)
3(733 734 730)
3(1623 1620 1624)
3(525 1253 1170)
3(1415 2060 2143)
3(1104 1257 1073)
3(1994 1963 2147)
3(1105 1259 1072)
3(1995 1962 2149)
3(63 526 64)
3(301 302 1416)
3(182 527 183)
3(420 421 1417)
3(21 937 588)
3(259 1478 1827)
3(140 938 589)
3(378 1479 1828)
3(586 1264 1123)
3(1476 2013 2154)
3(587 1263 1125)
3(1477 2015 2153)
3(873 1232 544)
3(1763 1434 2122)
3(874 1233 545)
3(1764 1435 2123)
3(69 528 70)
3(307 308 1418)
3(188 529 189)
3(426 427 1419)
3(785 786 784)
3(1675 1674 1676)
3(749 750 748)
3(1639 1638 1640)
3(107 1303 869)
3(345 1759 2193)
3(226 1304 870)
3(464 1760 2194)
3(873 1321 1232)
3(1763 2122 2211)
3(874 1322 1233)
3(1764 2123 2212)
3(194 531 195)
3(432 433 1421)
3(75 530 76)
3(313 314 1420)
3(579 952 197)
3(1469 435 1842)
3(578 951 78)
3(1468 316 1841)
3(170 1333 522)
3(408 1412 2223)
3(51 1334 523)
3(289 1413 2224)
3(546 1120 798)
3(1436 1688 2010)
3(547 1121 762)
3(1437 1652 2011)
3(13 1055 500)
3(251 1390 1945)
3(132 1057 501)
3(370 1391 1947)
3(574 955 66)
3(1464 304 1845)
3(575 956 185)
3(1465 423 1846)
3(905 907 906)
3(1795 1796 1797)
3(890 892 891)
3(1780 1781 1782)
3(200 532 201)
3(438 439 1422)
3(81 533 82)
3(319 320 1423)
3(638 642 640)
3(1528 1530 1532)
3(658 662 660)
3(1548 1550 1552)
3(804 805 803)
3(1694 1693 1695)
3(814 815 813)
3(1704 1703 1705)
3(87 534 88)
3(325 326 1424)
3(206 535 207)
3(444 445 1425)
3(160 536 161)
3(398 399 1426)
3(41 537 42)
3(279 280 1427)
3(523 638 637)
3(1413 1527 1528)
3(522 658 657)
3(1412 1547 1548)
3(527 600 599)
3(1417 1489 1490)
3(765 766 539)
3(1655 1429 1656)
3(729 730 538)
3(1619 1428 1620)
3(674 1096 951)
3(1564 1841 1986)
3(654 1097 952)
3(1544 1842 1987)
3(758 1094 1045)
3(1648 1935 1984)
3(794 1095 1046)
3(1684 1936 1985)
3(12 1055 13)
3(250 251 1945)
3(131 1057 132)
3(369 370 1947)
3(93 541 94)
3(331 332 1431)
3(212 540 213)
3(450 451 1430)
3(154 543 155)
3(392 393 1433)
3(35 542 36)
3(273 274 1432)
3(526 619 618)
3(1416 1508 1509)
3(838 839 837)
3(1728 1727 1729)
3(853 854 852)
3(1743 1742 1744)
3(570 961 60)
3(1460 298 1851)
3(571 962 179)
3(1461 417 1852)
3(870 901 556)
3(1760 1446 1791)
3(869 886 557)
3(1759 1447 1776)
3(905 906 904)
3(1795 1794 1796)
3(890 891 889)
3(1780 1779 1781)
3(29 548 30)
3(267 268 1438)
3(148 549 149)
3(386 387 1439)
3(218 546 219)
3(456 457 1436)
3(99 547 100)
3(337 338 1437)
3(558 1156 1021)
3(1448 1911 2046)
3(561 1157 1022)
3(1451 1912 2047)
3(814 816 815)
3(1704 1705 1706)
3(804 806 805)
3(1694 1695 1696)
3(130 564 131)
3(368 369 1454)
3(11 565 12)
3(249 250 1455)
3(566 968 48)
3(1456 286 1858)
3(567 967 167)
3(1457 405 1857)
3(224 554 225)
3(462 463 1444)
3(105 555 106)
3(343 344 1445)
3(23 553 24)
3(261 262 1443)
3(142 552 143)
3(380 381 1442)
3(768 769 766)
3(1658 1656 1659)
3(732 733 730)
3(1622 1620 1623)
3(1045 1094 1028)
3(1935 1918 1984)
3(1046 1095 1025)
3(1936 1915 1985)
3(658 660 659)
3(1548 1549 1550)
3(638 640 639)
3(1528 1529 1530)
3(864 1117 987)
3(1754 1877 2007)
3(820 1173 950)
3(1710 1840 2063)
3(810 1174 948)
3(1700 1838 2064)
3(548 1276 1046)
3(1438 1936 2166)
3(549 1275 1045)
3(1439 1935 2165)
3(700 1065 699)
3(1590 1589 1955)
3(723 1066 722)
3(1613 1612 1956)
3(836 838 837)
3(1726 1727 1728)
3(1034 1291 550)
3(1924 1440 2181)
3(1033 1292 551)
3(1923 1441 2182)
3(851 853 852)
3(1741 1742 1743)
3(568 966 54)
3(1458 292 1856)
3(569 965 173)
3(1459 411 1855)
3(230 561 231)
3(468 469 1451)
3(111 558 112)
3(349 350 1448)
3(136 559 137)
3(374 375 1449)
3(17 560 18)
3(255 256 1450)
3(591 1367 244)
3(1481 482 2257)
3(590 1366 125)
3(1480 363 2256)
3(688 690 689)
3(1578 1579 1580)
3(711 713 712)
3(1601 1602 1603)
3(721 822 723)
3(1611 1613 1712)
3(698 823 700)
3(1588 1590 1713)
3(95 1345 874)
3(333 1764 2235)
3(214 1346 873)
3(452 1763 2236)
3(871 1367 591)
3(1761 1481 2257)
3(872 1366 590)
3(1762 1480 2256)
3(967 1005 506)
3(1857 1396 1895)
3(968 1006 507)
3(1858 1397 1896)
3(1237 1261 878)
3(2127 1768 2151)
3(1238 1262 882)
3(2128 1772 2152)
3(45 957 521)
3(283 1411 1847)
3(164 958 520)
3(402 1410 1848)
3(849 1116 988)
3(1739 1878 2006)
3(714 1132 1058)
3(1604 1948 2022)
3(691 1133 1056)
3(1581 1946 2023)
3(582 826 800)
3(1472 1690 1716)
3(583 828 801)
3(1473 1691 1718)
3(1085 1168 953)
3(1975 1843 2058)
3(1084 1169 954)
3(1974 1844 2059)
3(619 621 620)
3(1509 1510 1511)
3(600 602 601)
3(1490 1491 1492)
3(9 871 597)
3(247 1487 1761)
3(128 872 596)
3(366 1486 1762)
3(961 1108 635)
3(1851 1525 1998)
3(907 908 906)
3(1797 1796 1798)
3(892 893 891)
3(1782 1781 1783)
3(527 963 600)
3(1417 1490 1853)
3(1085 1196 692)
3(1975 1582 2086)
3(1084 1197 715)
3(1974 1605 2087)
3(526 964 619)
3(1416 1509 1854)
3(690 694 689)
3(1580 1579 1584)
3(713 717 712)
3(1603 1602 1607)
3(113 924 563)
3(351 1453 1814)
3(232 923 562)
3(470 1452 1813)
3(712 1091 710)
3(1602 1600 1981)
3(689 1090 687)
3(1579 1577 1980)
3(962 1109 616)
3(1852 1506 1999)
3(853 855 854)
3(1743 1744 1745)
3(838 840 839)
3(1728 1729 1730)
3(572 879 119)
3(1462 357 1769)
3(573 875 238)
3(1463 476 1765)
3(489 1201 993)
3(1379 1883 2091)
3(488 1200 995)
3(1378 1885 2090)
3(681 683 682)
3(1571 1572 1573)
3(704 706 705)
3(1594 1595 1596)
3(681 682 679)
3(1571 1569 1572)
3(704 705 702)
3(1594 1592 1595)
3(766 1318 539)
3(1656 1429 2208)
3(730 1319 538)
3(1620 1428 2209)
3(876 877 875)
3(1766 1765 1767)
3(880 881 879)
3(1770 1769 1771)
3(638 639 637)
3(1528 1527 1529)
3(658 659 657)
3(1548 1547 1549)
3(578 1142 951)
3(1468 1841 2032)
3(579 1143 952)
3(1469 1842 2033)
3(924 1355 563)
3(1814 1453 2245)
3(923 1356 562)
3(1813 1452 2246)
3(1018 1146 738)
3(1908 1628 2036)
3(1015 1145 774)
3(1905 1664 2035)
3(600 601 599)
3(1490 1489 1491)
3(242 1011 243)
3(480 481 1901)
3(123 1012 124)
3(361 362 1902)
3(887 890 889)
3(1777 1779 1780)
3(902 905 904)
3(1792 1794 1795)
3(619 620 618)
3(1509 1508 1510)
3(491 1000 999)
3(1381 1889 1890)
3(490 1002 1001)
3(1380 1891 1892)
3(802 804 803)
3(1692 1693 1694)
3(812 814 813)
3(1702 1703 1704)
3(695 959 698)
3(1585 1588 1849)
3(718 960 721)
3(1608 1611 1850)
3(586 1123 1122)
3(1476 2012 2013)
3(587 1125 1124)
3(1477 2014 2015)
3(69 971 528)
3(307 1418 1861)
3(188 972 529)
3(426 1419 1862)
3(1121 1270 762)
3(2011 1652 2160)
3(1120 1269 798)
3(2010 1688 2159)
3(872 1238 596)
3(1762 1486 2128)
3(871 1237 597)
3(1761 1487 2127)
3(948 1068 803)
3(1838 1693 1958)
3(950 1069 813)
3(1840 1703 1959)
3(551 1292 1138)
3(1441 2028 2182)
3(550 1291 1139)
3(1440 2029 2181)
3(875 1220 1162)
3(1765 2052 2110)
3(879 1221 1163)
3(1769 2053 2111)
3(128 596 129)
3(366 367 1486)
3(9 597 10)
3(247 248 1487)
3(584 1131 34)
3(1474 272 2021)
3(585 1130 153)
3(1475 391 2020)
3(893 1072 891)
3(1783 1781 1962)
3(908 1073 906)
3(1798 1796 1963)
3(729 732 730)
3(1619 1620 1622)
3(765 768 766)
3(1655 1656 1658)
3(555 1041 978)
3(1445 1868 1931)
3(554 1039 979)
3(1444 1869 1929)
3(869 887 886)
3(1759 1776 1777)
3(870 902 901)
3(1760 1791 1792)
3(591 1261 1237)
3(1481 2127 2151)
3(590 1262 1238)
3(1480 2128 2152)
3(764 765 539)
3(1654 1429 1655)
3(728 729 538)
3(1618 1428 1619)
3(589 1054 867)
3(1479 1757 1944)
3(588 1053 868)
3(1478 1758 1943)
3(990 1359 525)
3(1880 1415 2249)
3(939 1035 985)
3(1829 1875 1925)
3(941 1036 986)
3(1831 1876 1926)
3(783 784 782)
3(1673 1672 1674)
3(747 748 746)
3(1637 1636 1638)
3(14 1282 15)
3(252 253 2172)
3(133 1281 134)
3(371 372 2171)
3(928 1168 1141)
3(1818 2031 2058)
3(927 1169 1140)
3(1817 2030 2059)
3(117 1284 118)
3(355 356 2174)
3(236 1283 237)
3(474 475 2173)
3(929 1102 572)
3(1819 1462 1992)
3(930 1101 573)
3(1820 1463 1991)
3(75 987 530)
3(313 1420 1877)
3(194 988 531)
3(432 1421 1878)
3(682 946 679)
3(1572 1569 1836)
3(705 945 702)
3(1595 1592 1835)
3(963 1032 600)
3(1853 1490 1922)
3(90 1137 91)
3(328 329 2027)
3(209 1136 210)
3(447 448 2026)
3(964 1031 619)
3(1854 1509 1921)
3(233 678 234)
3(471 472 1568)
3(114 701 115)
3(352 353 1591)
3(522 1333 658)
3(1412 1548 2223)
3(523 1334 638)
3(1413 1528 2224)
3(882 1084 954)
3(1772 1844 1974)
3(878 1085 953)
3(1768 1843 1975)
3(965 1317 504)
3(1855 1394 2207)
3(505 990 56)
3(1395 294 1880)
3(504 989 175)
3(1394 413 1879)
3(151 1289 152)
3(389 390 2179)
3(32 1290 33)
3(270 271 2180)
3(837 1071 1029)
3(1727 1919 1961)
3(852 1070 1030)
3(1742 1920 1960)
3(724 1242 697)
3(1614 1587 2132)
3(726 1243 720)
3(1616 1610 2133)
3(987 1117 530)
3(1877 1420 2007)
3(81 995 533)
3(319 1423 1885)
3(200 993 532)
3(438 1422 1883)
3(638 921 642)
3(1528 1532 1811)
3(658 920 662)
3(1548 1552 1810)
3(983 1293 1045)
3(1873 1935 2183)
3(984 1294 1046)
3(1874 1936 2184)
3(20 1297 21)
3(258 259 2187)
3(139 1298 140)
3(377 378 2188)
3(966 1316 505)
3(1856 1395 2206)
3(939 985 585)
3(1829 1475 1875)
3(941 986 584)
3(1831 1474 1876)
3(1096 1200 488)
3(1986 1378 2090)
3(1097 1201 489)
3(1987 1379 2091)
3(511 981 157)
3(1401 395 1871)
3(510 982 38)
3(1400 276 1872)
3(770 824 766)
3(1660 1656 1714)
3(734 825 730)
3(1624 1620 1715)
3(496 974 26)
3(1386 264 1864)
3(497 975 145)
3(1387 383 1865)
3(215 1299 216)
3(453 454 2189)
3(96 1300 97)
3(334 335 2190)
3(567 1010 967)
3(1457 1857 1900)
3(566 1009 968)
3(1456 1858 1899)
3(56 990 57)
3(294 295 1880)
3(175 989 176)
3(413 414 1879)
3(87 999 534)
3(325 1424 1889)
3(206 1001 535)
3(444 1425 1891)
3(807 1099 810)
3(1697 1700 1989)
3(817 1098 820)
3(1707 1710 1988)
3(706 707 705)
3(1596 1595 1597)
3(683 684 682)
3(1573 1572 1574)
3(886 1066 557)
3(1776 1447 1956)
3(901 1065 556)
3(1791 1446 1955)
3(837 1029 632)
3(1727 1522 1919)
3(852 1030 614)
3(1742 1504 1920)
3(826 827 800)
3(1716 1690 1717)
3(828 829 801)
3(1718 1691 1719)
3(988 1116 531)
3(1878 1421 2006)
3(711 1355 1021)
3(1601 1911 2245)
3(688 1356 1022)
3(1578 1912 2246)
3(861 883 855)
3(1751 1745 1773)
3(523 637 636)
3(1413 1526 1527)
3(522 657 656)
3(1412 1546 1547)
3(38 982 39)
3(276 277 1872)
3(157 981 158)
3(395 396 1871)
3(846 866 840)
3(1736 1730 1756)
3(26 974 27)
3(264 265 1864)
3(145 975 146)
3(383 384 1865)
3(838 846 840)
3(1728 1730 1736)
3(853 861 855)
3(1743 1745 1751)
3(613 1205 1175)
3(1503 2065 2095)
3(631 1204 1170)
3(1521 2060 2094)
3(695 696 694)
3(1585 1584 1586)
3(718 719 717)
3(1608 1607 1609)
3(982 1338 583)
3(1872 1473 2228)
3(981 1339 582)
3(1871 1472 2229)
3(537 1004 42)
3(1427 280 1894)
3(536 1003 161)
3(1426 399 1893)
3(203 1315 204)
3(441 442 2205)
3(84 1314 85)
3(322 323 2204)
3(212 1013 540)
3(450 1430 1903)
3(93 1016 541)
3(331 1431 1906)
3(975 1264 586)
3(1865 1476 2154)
3(974 1263 587)
3(1864 1477 2153)
3(169 1158 170)
3(407 408 2048)
3(50 1159 51)
3(288 289 2049)
3(589 867 141)
3(1479 379 1757)
3(588 868 22)
3(1478 260 1758)
3(226 870 556)
3(464 1446 1760)
3(107 869 557)
3(345 1447 1759)
3(492 1014 1013)
3(1382 1903 1904)
3(493 1017 1016)
3(1383 1906 1907)
3(774 1362 1015)
3(1664 1905 2252)
3(738 1363 1018)
3(1628 1908 2253)
3(182 1311 963)
3(420 1853 2201)
3(63 1312 964)
3(301 1854 2202)
3(785 787 786)
3(1675 1676 1677)
3(749 751 750)
3(1639 1640 1641)
3(667 1149 996)
3(1557 1886 2039)
3(647 1150 994)
3(1537 1884 2040)
3(542 1019 36)
3(1432 274 1909)
3(543 1020 155)
3(1433 393 1910)
3(690 695 694)
3(1580 1584 1585)
3(713 718 717)
3(1603 1607 1608)
3(1028 1094 512)
3(1918 1402 1984)
3(1025 1095 513)
3(1915 1403 1985)
3(690 1022 959)
3(1580 1849 1912)
3(713 1021 960)
3(1603 1850 1911)
3(688 689 687)
3(1578 1577 1579)
3(711 712 710)
3(1601 1600 1602)
3(1015 1362 540)
3(1905 1430 2252)
3(1018 1363 541)
3(1908 1431 2253)
3(911 1179 1104)
3(1801 1994 2069)
3(896 1178 1105)
3(1786 1995 2068)
3(1041 1042 978)
3(1931 1868 1932)
3(1039 1040 979)
3(1929 1869 1930)
3(44 1326 45)
3(282 283 2216)
3(163 1325 164)
3(401 402 2215)
3(769 771 770)
3(1659 1660 1661)
3(733 735 734)
3(1623 1624 1625)
3(197 1328 198)
3(435 436 2218)
3(78 1329 79)
3(316 317 2219)
3(102 976 103)
3(340 341 1866)
3(221 977 222)
3(459 460 1867)
3(836 837 632)
3(1726 1522 1727)
3(851 852 614)
3(1741 1504 1742)
3(527 599 598)
3(1417 1488 1489)
3(623 626 622)
3(1513 1512 1516)
3(605 608 604)
3(1495 1494 1498)
3(549 1028 149)
3(1439 387 1918)
3(548 1025 30)
3(1438 268 1915)
3(526 618 617)
3(1416 1507 1508)
3(898 1202 1042)
3(1788 1932 2092)
3(913 1203 1040)
3(1803 1930 2093)
3(587 830 28)
3(1477 266 1720)
3(586 831 147)
3(1476 385 1721)
3(243 591 244)
3(481 482 1481)
3(124 590 125)
3(362 363 1480)
3(747 985 749)
3(1637 1639 1875)
3(783 986 785)
3(1673 1675 1876)
3(865 1285 992)
3(1755 1882 2175)
3(99 1026 547)
3(337 1437 1916)
3(218 1027 546)
3(456 1436 1917)
3(1184 1191 863)
3(2074 1753 2081)
3(887 889 888)
3(1777 1778 1779)
3(902 904 903)
3(1792 1793 1794)
3(721 960 822)
3(1611 1712 1850)
3(698 959 823)
3(1588 1713 1849)
3(816 835 818)
3(1706 1708 1725)
3(806 834 808)
3(1696 1698 1724)
3(752 763 750)
3(1642 1640 1653)
3(788 799 786)
3(1678 1676 1689)
3(978 1128 555)
3(1868 1445 2018)
3(979 1129 554)
3(1869 1444 2019)
3(105 1041 555)
3(343 1445 1931)
3(224 1039 554)
3(462 1444 1929)
3(642 643 640)
3(1532 1530 1533)
3(662 663 660)
3(1552 1550 1553)
3(816 817 815)
3(1706 1705 1707)
3(806 807 805)
3(1696 1695 1697)
3(914 1179 911)
3(1804 1801 2069)
3(899 1178 896)
3(1789 1786 2068)
3(568 1234 932)
3(1458 1822 2124)
3(684 685 682)
3(1574 1572 1575)
3(707 708 705)
3(1597 1595 1598)
3(764 767 765)
3(1654 1655 1657)
3(728 731 729)
3(1618 1619 1621)
3(515 1042 1041)
3(1405 1931 1932)
3(514 1040 1039)
3(1404 1929 1930)
3(1188 1195 848)
3(2078 1738 2085)
3(621 623 622)
3(1511 1512 1513)
3(602 605 604)
3(1492 1494 1495)
3(553 1038 24)
3(1443 262 1928)
3(552 1037 143)
3(1442 381 1927)
3(244 1367 245)
3(482 483 2257)
3(125 1366 126)
3(363 364 2256)
3(227 969 228)
3(465 466 1859)
3(108 970 109)
3(346 347 1860)
3(850 1288 991)
3(1740 1881 2178)
3(624 635 627)
3(1514 1517 1525)
3(606 616 609)
3(1496 1499 1506)
3(1219 1243 726)
3(2109 1616 2133)
3(1218 1242 724)
3(2108 1614 2132)
3(925 1210 560)
3(1815 1450 2100)
3(926 1211 559)
3(1816 1449 2101)
3(930 1336 693)
3(1820 1583 2226)
3(929 1337 716)
3(1819 1606 2227)
3(905 979 907)
3(1795 1797 1869)
3(890 978 892)
3(1780 1782 1868)
3(66 1348 67)
3(304 305 2238)
3(185 1349 186)
3(423 424 2239)
3(711 1021 713)
3(1601 1603 1911)
3(688 1022 690)
3(1578 1580 1912)
3(817 820 815)
3(1707 1705 1710)
3(807 810 805)
3(1697 1695 1700)
3(828 997 829)
3(1718 1719 1887)
3(826 998 827)
3(1716 1717 1888)
3(488 1329 1096)
3(1378 1986 2219)
3(489 1328 1097)
3(1379 1987 2218)
3(181 1311 182)
3(419 420 2201)
3(62 1312 63)
3(300 301 2202)
3(1004 1222 1078)
3(1894 1968 2112)
3(1003 1223 1079)
3(1893 1969 2113)
3(1021 1355 924)
3(1911 1814 2245)
3(1022 1356 923)
3(1912 1813 2246)
3(582 800 159)
3(1472 397 1690)
3(583 801 40)
3(1473 278 1691)
3(89 728 538)
3(327 1428 1618)
3(208 764 539)
3(446 1429 1654)
3(565 1055 12)
3(1455 250 1945)
3(564 1057 131)
3(1454 369 1947)
3(559 1048 137)
3(1449 375 1938)
3(560 1050 18)
3(1450 256 1940)
3(1058 1279 714)
3(1948 1604 2169)
3(1056 1280 691)
3(1946 1581 2170)
3(569 1239 934)
3(1459 1824 2129)
3(996 1149 533)
3(1886 1423 2039)
3(994 1150 532)
3(1884 1422 2040)
3(685 946 682)
3(1575 1572 1836)
3(708 945 705)
3(1598 1595 1835)
3(111 1047 558)
3(349 1448 1937)
3(230 1052 561)
3(468 1451 1942)
3(699 1065 725)
3(1589 1615 1955)
3(722 1066 727)
3(1612 1617 1956)
3(772 780 773)
3(1662 1663 1670)
3(736 744 737)
3(1626 1627 1634)
3(769 772 771)
3(1659 1661 1662)
3(733 736 735)
3(1623 1625 1626)
3(950 1173 949)
3(1840 1839 2063)
3(948 1174 947)
3(1838 1837 2064)
3(802 803 651)
3(1692 1541 1693)
3(812 813 671)
3(1702 1561 1703)
3(895 896 893)
3(1785 1783 1786)
3(910 911 908)
3(1800 1798 1801)
3(856 857 854)
3(1746 1744 1747)
3(841 842 839)
3(1731 1729 1732)
3(843 849 842)
3(1733 1732 1739)
3(858 864 857)
3(1748 1747 1754)
3(1011 1261 243)
3(1901 481 2151)
3(1012 1262 124)
3(1902 362 2152)
3(1023 1176 739)
3(1913 1629 2066)
3(1024 1177 775)
3(1914 1665 2067)
3(122 594 123)
3(360 361 1484)
3(241 595 242)
3(479 480 1485)
3(60 1360 61)
3(298 299 2250)
3(179 1361 180)
3(417 418 2251)
3(1050 1051 516)
3(1940 1406 1941)
3(1048 1049 517)
3(1938 1407 1939)
3(887 888 886)
3(1777 1776 1778)
3(902 903 901)
3(1792 1791 1793)
3(787 794 789)
3(1677 1679 1684)
3(751 758 753)
3(1641 1643 1648)
3(643 644 640)
3(1533 1530 1534)
3(663 664 660)
3(1553 1550 1554)
3(855 856 854)
3(1745 1744 1746)
3(840 841 839)
3(1730 1729 1731)
3(693 1336 1076)
3(1583 1966 2226)
3(716 1337 1077)
3(1606 1967 2227)
3(1014 1340 770)
3(1904 1660 2230)
3(1017 1341 734)
3(1907 1624 2231)
3(645 652 644)
3(1535 1534 1542)
3(665 672 664)
3(1555 1554 1562)
3(68 1368 69)
3(306 307 2258)
3(187 1370 188)
3(425 426 2260)
3(618 922 617)
3(1508 1507 1812)
3(680 681 679)
3(1570 1569 1571)
3(703 704 702)
3(1593 1592 1594)
3(906 915 904)
3(1796 1794 1805)
3(891 900 889)
3(1781 1779 1790)
3(1042 1209 898)
3(1932 1788 2099)
3(1040 1208 913)
3(1930 1803 2098)
3(842 1071 839)
3(1732 1729 1961)
3(857 1070 854)
3(1747 1744 1960)
3(635 1187 961)
3(1525 1851 2077)
3(72 992 73)
3(310 311 1882)
3(191 991 192)
3(429 430 1881)
3(196 677 579)
3(434 1469 1567)
3(77 676 578)
3(315 1468 1566)
3(616 1190 962)
3(1506 1852 2080)
3(1134 1151 650)
3(2024 1540 2041)
3(1135 1152 670)
3(2025 1560 2042)
3(1036 1095 794)
3(1926 1684 1985)
3(1035 1094 758)
3(1925 1648 1984)
3(684 686 685)
3(1574 1575 1576)
3(707 709 708)
3(1597 1598 1599)
3(523 636 52)
3(1413 290 1526)
3(522 656 171)
3(1412 409 1546)
3(698 700 699)
3(1588 1589 1590)
3(721 723 722)
3(1611 1612 1613)
3(235 518 236)
3(473 474 1408)
3(116 519 117)
3(354 355 1409)
3(716 1077 708)
3(1606 1598 1967)
3(693 1076 685)
3(1583 1575 1966)
3(1259 1260 900)
3(2149 1790 2150)
3(1257 1258 915)
3(2147 1805 2148)
3(621 622 620)
3(1511 1510 1512)
3(680 688 687)
3(1570 1577 1578)
3(703 711 710)
3(1593 1600 1601)
3(602 604 601)
3(1492 1491 1494)
3(803 1068 651)
3(1693 1541 1958)
3(813 1069 671)
3(1703 1561 1959)
3(621 624 623)
3(1511 1513 1514)
3(602 606 605)
3(1492 1495 1496)
3(798 1353 220)
3(1688 458 2243)
3(762 1354 101)
3(1652 339 2244)
3(632 1029 633)
3(1522 1523 1919)
3(614 1030 615)
3(1504 1505 1920)
3(608 1320 973)
3(1498 1863 2210)
3(1057 1058 501)
3(1947 1391 1948)
3(1055 1056 500)
3(1945 1390 1946)
3(626 1327 980)
3(1516 1870 2217)
3(909 913 912)
3(1799 1802 1803)
3(894 898 897)
3(1784 1787 1788)
3(743 747 746)
3(1633 1636 1637)
3(779 783 782)
3(1669 1672 1673)
3(540 1362 1043)
3(1430 1933 2252)
3(541 1363 1044)
3(1431 1934 2253)
3(996 1301 667)
3(1886 1557 2191)
3(994 1302 647)
3(1884 1537 2192)
3(1053 1218 725)
3(1943 1615 2108)
3(1054 1219 727)
3(1944 1617 2109)
3(678 1061 234)
3(1568 472 1951)
3(701 1062 115)
3(1591 353 1952)
3(626 1074 622)
3(1516 1512 1964)
3(986 1373 785)
3(1876 1675 2263)
3(985 1372 749)
3(1875 1639 2262)
3(892 894 893)
3(1782 1783 1784)
3(907 909 908)
3(1797 1798 1799)
3(849 850 842)
3(1739 1732 1740)
3(864 865 857)
3(1754 1747 1755)
3(788 1092 799)
3(1678 1689 1982)
3(752 1093 763)
3(1642 1653 1983)
3(869 1128 887)
3(1759 1777 2018)
3(870 1129 902)
3(1760 1792 2019)
3(152 1289 939)
3(390 1829 2179)
3(33 1290 941)
3(271 1831 2180)
3(661 1191 1184)
3(1551 2074 2081)
3(575 1075 1074)
3(1465 1964 1965)
3(134 1281 935)
3(372 1825 2171)
3(15 1282 936)
3(253 1826 2172)
3(543 1176 1023)
3(1433 1913 2066)
3(542 1177 1024)
3(1432 1914 2067)
3(634 1100 620)
3(1524 1510 1990)
3(747 1118 985)
3(1637 1875 2008)
3(783 1119 986)
3(1673 1876 2009)
3(511 1115 981)
3(1401 1871 2005)
3(510 1114 982)
3(1400 1872 2004)
3(67 484 68)
3(305 306 1374)
3(222 514 223)
3(460 461 1404)
3(103 515 104)
3(341 342 1405)
3(85 491 86)
3(323 324 1381)
3(37 510 38)
3(275 276 1400)
3(156 511 157)
3(394 395 1401)
3(31 513 32)
3(269 270 1403)
3(162 508 163)
3(400 401 1398)
3(168 506 169)
3(406 407 1396)
3(49 507 50)
3(287 288 1397)
3(19 516 20)
3(257 258 1406)
3(150 512 151)
3(388 389 1402)
3(138 517 139)
3(376 377 1407)
3(180 503 181)
3(418 419 1393)
3(61 502 62)
3(299 300 1392)
3(43 509 44)
3(281 282 1399)
3(186 485 187)
3(424 425 1375)
3(13 500 14)
3(251 252 1390)
3(132 501 133)
3(370 371 1391)
3(97 495 98)
3(335 336 1385)
3(73 486 74)
3(311 312 1376)
3(55 505 56)
3(293 294 1395)
3(228 498 229)
3(466 467 1388)
3(192 487 193)
3(430 431 1377)
3(216 494 217)
3(454 455 1384)
3(79 488 80)
3(317 318 1378)
3(198 489 199)
3(436 437 1379)
3(204 490 205)
3(442 443 1380)
3(91 493 92)
3(329 330 1383)
3(210 492 211)
3(448 449 1382)
3(25 496 26)
3(263 264 1386)
3(174 504 175)
3(412 413 1394)
3(109 499 110)
3(347 348 1389)
3(144 497 145)
3(382 383 1387)
3(985 1118 585)
3(1875 1475 2008)
3(986 1119 584)
3(1876 1474 2009)
3(1117 1144 530)
3(2007 1420 2034)
3(1038 1104 496)
3(1928 1386 1994)
3(1037 1105 497)
3(1927 1387 1995)
3(526 617 64)
3(1416 302 1507)
3(237 1283 930)
3(475 1820 2173)
3(118 1284 929)
3(356 1819 2174)
3(804 1254 1106)
3(1694 1996 2144)
3(814 1255 1107)
3(1704 1997 2145)
3(527 598 183)
3(1417 421 1488)
3(65 1192 574)
3(303 1464 2082)
3(685 1076 946)
3(1575 1836 1966)
3(708 1077 945)
3(1598 1835 1967)
3(1066 1126 557)
3(1956 1447 2016)
3(1065 1127 556)
3(1955 1446 2017)
3(641 1195 1188)
3(1531 2078 2085)
3(1020 1213 511)
3(1910 1401 2103)
3(1019 1212 510)
3(1909 1400 2102)
3(581 948 947)
3(1471 1837 1838)
3(580 950 949)
3(1470 1839 1840)
3(628 1080 944)
3(1518 1834 1970)
3(610 1081 943)
3(1500 1833 1971)
3(760 1033 759)
3(1650 1649 1923)
3(796 1034 795)
3(1686 1685 1924)
3(630 1080 628)
3(1520 1518 1970)
3(612 1081 610)
3(1502 1500 1971)
3(672 674 664)
3(1562 1554 1564)
3(652 654 644)
3(1542 1534 1544)
3(891 1072 900)
3(1781 1790 1962)
3(906 1073 915)
3(1796 1805 1963)
3(695 698 697)
3(1585 1587 1588)
3(718 721 720)
3(1608 1610 1611)
3(639 833 641)
3(1529 1531 1723)
3(659 832 661)
3(1549 1551 1722)
3(1116 1147 531)
3(2006 1421 2037)
3(809 1099 807)
3(1699 1697 1989)
3(819 1098 817)
3(1709 1707 1988)
3(1088 1233 748)
3(1978 1638 2123)
3(1087 1232 784)
3(1977 1674 2122)
3(1013 1015 540)
3(1903 1430 1905)
3(1016 1018 541)
3(1906 1431 1908)
3(799 1087 786)
3(1689 1676 1977)
3(763 1088 750)
3(1653 1640 1978)
3(3 1307 241)
3(7 479 2197)
3(1 1308 122)
3(5 360 2198)
3(632 633 630)
3(1522 1520 1523)
3(614 615 612)
3(1504 1502 1505)
3(631 836 632)
3(1521 1522 1726)
3(613 851 614)
3(1503 1504 1741)
3(859 1082 933)
3(1749 1823 1972)
3(905 1129 979)
3(1795 1869 2019)
3(890 1128 978)
3(1780 1868 2018)
3(751 752 750)
3(1641 1640 1642)
3(787 788 786)
3(1677 1676 1678)
3(844 1083 931)
3(1734 1821 1973)
3(573 1101 876)
3(1463 1766 1991)
3(572 1102 880)
3(1462 1770 1992)
3(95 874 545)
3(333 1435 1764)
3(214 873 544)
3(452 1434 1763)
3(947 1315 203)
3(1837 441 2205)
3(949 1314 84)
3(1839 322 2204)
3(639 1060 833)
3(1529 1723 1950)
3(659 1059 832)
3(1549 1722 1949)
3(772 773 771)
3(1662 1661 1663)
3(736 737 735)
3(1626 1625 1627)
3(940 1299 215)
3(1830 453 2189)
3(942 1300 96)
3(1832 334 2190)
3(580 1069 950)
3(1470 1840 1959)
3(581 1068 948)
3(1471 1838 1958)
3(770 1340 824)
3(1660 1714 2230)
3(734 1341 825)
3(1624 1715 2231)
3(844 931 847)
3(1734 1737 1821)
3(859 933 862)
3(1749 1752 1823)
3(876 878 877)
3(1766 1767 1768)
3(880 882 881)
3(1770 1771 1772)
3(681 1007 683)
3(1571 1573 1897)
3(704 1008 706)
3(1594 1596 1898)
3(148 1275 549)
3(386 1439 2165)
3(29 1276 548)
3(267 1438 2166)
3(240 1307 3)
3(478 7 2197)
3(121 1308 1)
3(359 5 2198)
3(1024 1212 1019)
3(1914 1909 2102)
3(1023 1213 1020)
3(1913 1910 2103)
3(684 691 686)
3(1574 1576 1581)
3(707 714 709)
3(1597 1599 1604)
3(736 761 744)
3(1626 1634 1651)
3(772 797 780)
3(1662 1670 1687)
3(71 1295 576)
3(309 1466 2185)
3(21 1297 937)
3(259 1827 2187)
3(140 1298 938)
3(378 1828 2188)
3(586 1122 831)
3(1476 1721 2012)
3(587 1124 830)
3(1477 1720 2014)
3(533 1310 82)
3(1423 320 2200)
3(532 1309 201)
3(1422 439 2199)
3(732 1063 733)
3(1622 1623 1953)
3(768 1064 769)
3(1658 1659 1954)
3(883 1082 855)
3(1773 1745 1972)
3(1036 1373 986)
3(1926 1876 2263)
3(1035 1372 985)
3(1925 1875 2262)
3(880 1084 882)
3(1770 1772 1974)
3(876 1085 878)
3(1766 1768 1975)
3(767 1272 1165)
3(1657 2055 2162)
3(731 1271 1164)
3(1621 2054 2161)
3(633 1080 630)
3(1523 1520 1970)
3(615 1081 612)
3(1505 1502 1971)
3(866 1083 840)
3(1756 1730 1973)
3(190 1296 577)
3(428 1467 2186)
3(620 1100 618)
3(1510 1508 1990)
3(876 1101 1085)
3(1766 1975 1991)
3(880 1102 1084)
3(1770 1974 1992)
3(643 645 644)
3(1533 1534 1535)
3(663 665 664)
3(1553 1554 1555)
3(1133 1227 1056)
3(2023 1946 2117)
3(1132 1226 1058)
3(2022 1948 2116)
3(952 1328 197)
3(1842 435 2218)
3(951 1329 78)
3(1841 316 2219)
3(750 1088 748)
3(1640 1638 1978)
3(786 1087 784)
3(1676 1674 1977)
3(854 1070 852)
3(1744 1742 1960)
3(1001 1207 535)
3(1891 1425 2097)
3(999 1206 534)
3(1889 1424 2096)
3(1027 1166 1092)
3(1917 1982 2056)
3(1026 1167 1093)
3(1916 1983 2057)
3(839 1071 837)
3(1729 1727 1961)
3(778 1043 776)
3(1668 1666 1933)
3(742 1044 740)
3(1632 1630 1934)
3(1042 1202 978)
3(1932 1868 2092)
3(1040 1203 979)
3(1930 1869 2093)
3(816 818 817)
3(1706 1707 1708)
3(806 808 807)
3(1696 1697 1698)
3(755 983 757)
3(1645 1647 1873)
3(791 984 793)
3(1681 1683 1874)
3(550 1265 1034)
3(1440 1924 2155)
3(551 1266 1033)
3(1441 1923 2156)
3(904 1110 903)
3(1794 1793 2000)
3(889 1111 888)
3(1779 1778 2001)
3(777 781 779)
3(1667 1669 1671)
3(741 745 743)
3(1631 1633 1635)
3(671 1069 673)
3(1561 1563 1959)
3(651 1068 653)
3(1541 1543 1958)
3(865 1070 857)
3(1755 1747 1960)
3(850 1071 842)
3(1740 1732 1961)
3(623 1327 626)
3(1513 1516 2217)
3(605 1320 608)
3(1495 1498 2210)
3(631 632 630)
3(1521 1520 1522)
3(613 614 612)
3(1503 1502 1504)
3(671 673 669)
3(1561 1559 1563)
3(651 653 649)
3(1541 1539 1543)
3(973 1180 608)
3(1863 1498 2070)
3(1175 1205 885)
3(2065 1775 2095)
3(955 1348 66)
3(1845 304 2238)
3(956 1349 185)
3(1846 423 2239)
3(1170 1204 884)
3(2060 1774 2094)
3(834 1078 808)
3(1724 1698 1968)
3(835 1079 818)
3(1725 1708 1969)
3(917 919 809)
3(1807 1699 1809)
3(916 918 819)
3(1806 1709 1808)
3(980 1181 626)
3(1870 1516 2071)
3(718 720 719)
3(1608 1609 1610)
3(695 697 696)
3(1585 1586 1587)
3(562 680 679)
3(1452 1569 1570)
3(563 703 702)
3(1453 1592 1593)
3(856 858 857)
3(1746 1747 1748)
3(841 843 842)
3(1731 1732 1733)
3(629 631 630)
3(1519 1520 1521)
3(611 613 612)
3(1501 1502 1503)
3(537 1222 1004)
3(1427 1894 2112)
3(536 1223 1003)
3(1426 1893 2113)
3(703 710 704)
3(1593 1594 1600)
3(680 687 681)
3(1570 1571 1577)
3(804 1106 806)
3(1694 1696 1996)
3(814 1107 816)
3(1704 1706 1997)
3(570 1108 961)
3(1460 1851 1998)
3(1173 1314 949)
3(2063 1839 2204)
3(1174 1315 947)
3(2064 1837 2205)
3(659 661 657)
3(1549 1547 1551)
3(639 641 637)
3(1529 1527 1531)
3(687 1007 681)
3(1577 1571 1897)
3(710 1008 704)
3(1600 1594 1898)
3(628 944 625)
3(1518 1515 1834)
3(806 1106 834)
3(1696 1724 1996)
3(816 1107 835)
3(1706 1725 1997)
3(610 943 607)
3(1500 1497 1833)
3(650 802 651)
3(1540 1541 1692)
3(670 812 671)
3(1560 1561 1702)
3(45 1326 957)
3(283 1847 2216)
3(164 1325 958)
3(402 1848 2215)
3(978 1202 892)
3(1868 1782 2092)
3(979 1203 907)
3(1869 1797 2093)
3(571 1109 962)
3(1461 1852 1999)
3(933 934 862)
3(1823 1752 1824)
3(931 932 847)
3(1821 1737 1822)
3(629 630 628)
3(1519 1518 1520)
3(611 612 610)
3(1501 1500 1502)
3(855 1082 856)
3(1745 1746 1972)
3(1070 1240 1030)
3(1960 1920 2130)
3(601 603 599)
3(1491 1489 1493)
3(1071 1241 1029)
3(1961 1919 2131)
3(840 1083 841)
3(1730 1731 1973)
3(1007 1161 683)
3(1897 1573 2051)
3(1008 1160 706)
3(1898 1596 2050)
3(35 1306 542)
3(273 1432 2196)
3(154 1305 543)
3(392 1433 2195)
3(983 1275 831)
3(1873 1721 2165)
3(984 1276 830)
3(1874 1720 2166)
3(961 1360 60)
3(1851 298 2250)
3(962 1361 179)
3(1852 417 2251)
3(733 1063 736)
3(1623 1626 1953)
3(769 1064 772)
3(1659 1662 1954)
3(739 1286 1023)
3(1629 1913 2176)
3(775 1287 1024)
3(1665 1914 2177)
3(1151 1277 1254)
3(2041 2144 2167)
3(1152 1278 1255)
3(2042 2145 2168)
3(1038 1257 1104)
3(1928 1994 2147)
3(1037 1259 1105)
3(1927 1995 2149)
3(648 1134 650)
3(1538 1540 2024)
3(668 1135 670)
3(1558 1560 2025)
3(622 634 620)
3(1512 1510 1524)
3(1022 1157 959)
3(1912 1849 2047)
3(1021 1156 960)
3(1911 1850 2046)
3(1191 1251 1245)
3(2081 2135 2141)
3(1003 1216 508)
3(1893 1398 2106)
3(1004 1217 509)
3(1894 1399 2107)
3(664 1059 660)
3(1554 1550 1949)
3(644 1060 640)
3(1534 1530 1950)
3(686 693 685)
3(1576 1575 1583)
3(709 716 708)
3(1599 1598 1606)
3(903 1110 1053)
3(1793 1943 2000)
3(888 1111 1054)
3(1778 1944 2001)
3(640 1060 639)
3(1530 1529 1950)
3(660 1059 659)
3(1550 1549 1949)
3(646 1185 1009)
3(1536 1899 2075)
3(666 1186 1010)
3(1556 1900 2076)
3(918 1098 819)
3(1808 1709 1988)
3(919 1099 809)
3(1809 1699 1989)
3(862 863 860)
3(1752 1750 1753)
3(847 848 845)
3(1737 1735 1738)
3(608 1067 604)
3(1498 1494 1957)
3(822 1198 723)
3(1712 1613 2088)
3(823 1199 700)
3(1713 1590 2089)
3(670 671 669)
3(1560 1559 1561)
3(650 651 649)
3(1540 1539 1541)
3(1195 1252 1231)
3(2085 2121 2142)
3(691 692 686)
3(1581 1576 1582)
3(714 715 709)
3(1604 1599 1605)
3(627 629 628)
3(1517 1518 1519)
3(609 611 610)
3(1499 1500 1501)
3(178 885 571)
3(416 1461 1775)
3(59 884 570)
3(297 1460 1774)
3(668 670 669)
3(1558 1559 1560)
3(648 650 649)
3(1538 1539 1540)
3(993 994 532)
3(1883 1422 1884)
3(995 996 533)
3(1885 1423 1886)
3(624 625 623)
3(1514 1513 1515)
3(787 789 788)
3(1677 1678 1679)
3(751 753 752)
3(1641 1642 1643)
3(859 862 860)
3(1749 1750 1752)
3(844 847 845)
3(1734 1735 1737)
3(770 1145 1014)
3(1660 1904 2035)
3(734 1146 1017)
3(1624 1907 2036)
3(606 607 605)
3(1496 1495 1497)
3(993 1201 994)
3(1883 1884 2091)
3(995 1200 996)
3(1885 1886 2090)
3(1086 1295 71)
3(1976 309 2185)
3(721 722 720)
3(1611 1610 1612)
3(698 699 697)
3(1588 1587 1589)
3(723 1126 1066)
3(1613 1956 2016)
3(700 1127 1065)
3(1590 1955 2017)
3(743 746 742)
3(1633 1632 1636)
3(779 782 778)
3(1669 1668 1672)
3(69 1368 971)
3(307 1861 2258)
3(188 1370 972)
3(426 1862 2260)
3(618 1100 922)
3(1508 1812 1990)
3(239 1162 240)
3(477 478 2052)
3(120 1163 121)
3(358 359 2053)
3(794 1373 1036)
3(1684 1926 2263)
3(758 1372 1035)
3(1648 1925 2262)
3(668 669 667)
3(1558 1557 1559)
3(648 649 647)
3(1538 1537 1539)
3(1054 1111 867)
3(1944 1757 2001)
3(1053 1110 868)
3(1943 1758 2000)
3(741 743 742)
3(1631 1632 1633)
3(777 779 778)
3(1667 1668 1669)
3(777 778 776)
3(1667 1666 1668)
3(741 742 740)
3(1631 1630 1632)
3(1089 1296 190)
3(1979 428 2186)
3(831 1330 983)
3(1721 1873 2220)
3(830 1331 984)
3(1720 1874 2221)
3(753 754 752)
3(1643 1642 1644)
3(789 790 788)
3(1679 1678 1680)
3(1103 1344 922)
3(1993 1812 2234)
3(808 809 807)
3(1698 1697 1699)
3(818 819 817)
3(1708 1707 1709)
3(909 1203 913)
3(1799 1803 2093)
3(894 1202 898)
3(1784 1788 2092)
3(755 756 754)
3(1645 1644 1646)
3(791 792 790)
3(1681 1680 1682)
3(753 755 754)
3(1643 1644 1645)
3(789 791 790)
3(1679 1680 1681)
3(821 916 819)
3(1711 1709 1806)
3(811 917 809)
3(1701 1699 1807)
3(775 777 776)
3(1665 1666 1667)
3(739 741 740)
3(1629 1630 1631)
3(1030 1240 576)
3(1920 1466 2130)
3(793 795 792)
3(1683 1682 1685)
3(757 759 756)
3(1647 1646 1649)
3(622 1074 634)
3(1512 1524 1964)
3(503 1361 1190)
3(1393 2080 2251)
3(895 899 896)
3(1785 1786 1789)
3(910 914 911)
3(1800 1801 1804)
3(755 757 756)
3(1645 1646 1647)
3(791 793 792)
3(1681 1682 1683)
3(793 796 795)
3(1683 1685 1686)
3(757 760 759)
3(1647 1649 1650)
3(836 1253 838)
3(1726 1728 2143)
3(851 1256 853)
3(1741 1743 2146)
3(818 821 819)
3(1708 1709 1711)
3(808 811 809)
3(1698 1699 1701)
3(502 1360 1187)
3(1392 2077 2250)
3(627 628 625)
3(1517 1515 1518)
3(609 610 607)
3(1499 1497 1500)
3(646 648 647)
3(1536 1537 1538)
3(666 668 667)
3(1556 1557 1558)
3(787 1373 794)
3(1677 1684 2263)
3(751 1372 758)
3(1641 1648 2262)
3(635 1108 627)
3(1525 1517 1998)
3(669 1149 667)
3(1559 1557 2039)
3(649 1150 647)
3(1539 1537 2040)
3(1029 1241 577)
3(1919 1467 2131)
3(616 1109 609)
3(1506 1499 1999)
3(775 776 774)
3(1665 1664 1666)
3(739 740 738)
3(1629 1628 1630)
3(707 1132 714)
3(1597 1604 2022)
3(684 1133 691)
3(1574 1581 2023)
3(603 1313 599)
3(1493 1489 2203)
3(542 1024 1019)
3(1432 1909 1914)
3(543 1023 1020)
3(1433 1910 1913)
3(773 774 771)
3(1663 1661 1664)
3(737 738 735)
3(1627 1625 1628)
3(1045 1293 758)
3(1935 1648 2183)
3(1046 1294 794)
3(1936 1684 2184)
3(856 1082 859)
3(1746 1749 1972)
3(166 675 567)
3(404 1457 1565)
3(47 655 566)
3(285 1456 1545)
3(841 1083 844)
3(1731 1734 1973)
3(937 1297 1242)
3(1827 2132 2187)
3(938 1298 1243)
3(1828 2133 2188)
3(843 1116 849)
3(1733 1739 2006)
3(858 1117 864)
3(1748 1754 2007)
3(624 627 625)
3(1514 1515 1517)
3(234 1061 235)
3(472 473 1951)
3(115 1062 116)
3(353 354 1952)
3(606 609 607)
3(1496 1497 1499)
3(528 1347 70)
3(1418 308 2237)
3(82 1310 1112)
3(320 2002 2200)
3(201 1309 1113)
3(439 2003 2199)
3(773 775 774)
3(1663 1664 1665)
3(737 739 738)
3(1627 1628 1629)
3(235 1061 518)
3(473 1408 1951)
3(116 1062 519)
3(354 1409 1952)
3(674 1059 664)
3(1564 1554 1949)
3(654 1060 644)
3(1544 1534 1950)
3(643 646 645)
3(1533 1535 1536)
3(663 666 665)
3(1553 1555 1556)
3(666 667 665)
3(1556 1555 1557)
3(646 647 645)
3(1536 1535 1537)
3(529 1350 189)
3(1419 427 2240)
3(1074 1075 634)
3(1964 1524 1965)
3(973 1320 943)
3(1863 1833 2210)
3(894 895 893)
3(1784 1783 1785)
3(909 910 908)
3(1799 1798 1800)
3(722 727 726)
3(1612 1616 1617)
3(699 725 724)
3(1589 1614 1615)
3(980 1327 944)
3(1870 1834 2217)
3(1149 1310 533)
3(2039 1423 2200)
3(1150 1309 532)
3(2040 1422 2199)
3(511 1213 1115)
3(1401 2005 2103)
3(510 1212 1114)
3(1400 2004 2102)
3(611 1205 613)
3(1501 1503 2095)
3(629 1204 631)
3(1519 1521 2094)
3(739 1176 741)
3(1629 1631 2066)
3(775 1177 777)
3(1665 1667 2067)
3(494 1166 1027)
3(1384 1917 2056)
3(495 1167 1026)
3(1385 1916 2057)
3(1100 1189 603)
3(1990 1493 2079)
3(548 1046 1025)
3(1438 1915 1936)
3(549 1045 1028)
3(1439 1918 1935)
3(794 1294 789)
3(1684 1679 2184)
3(758 1293 753)
3(1648 1643 2183)
3(859 860 858)
3(1749 1748 1750)
3(755 1293 983)
3(1645 1873 2183)
3(791 1294 984)
3(1681 1874 2184)
3(844 845 843)
3(1734 1733 1735)
3(790 1092 788)
3(1680 1678 1982)
3(754 1093 752)
3(1644 1642 1983)
3(743 1118 747)
3(1633 1637 2008)
3(779 1119 783)
3(1669 1673 2009)
3(937 1218 588)
3(1827 1478 2108)
3(938 1219 589)
3(1828 1479 2109)
3(856 859 858)
3(1746 1748 1749)
3(841 844 843)
3(1731 1733 1734)
3(552 1260 1259)
3(1442 2149 2150)
3(553 1258 1257)
3(1443 2147 2148)
3(745 1118 743)
3(1635 1633 2008)
3(781 1119 779)
3(1671 1669 2009)
3(1123 1264 899)
3(2013 1789 2154)
3(1125 1263 914)
3(2015 1804 2153)
3(574 1344 1067)
3(1464 1957 2234)
3(1024 1287 1212)
3(1914 2102 2177)
3(1023 1286 1213)
3(1913 2103 2176)
3(243 1261 591)
3(481 1481 2151)
3(124 1262 590)
3(362 1480 2152)
3(915 1110 904)
3(1805 1794 2000)
3(900 1111 889)
3(1790 1779 2001)
3(989 1250 861)
3(1879 1751 2140)
3(53 1234 568)
3(291 1458 2124)
3(887 1128 890)
3(1777 1780 2018)
3(902 1129 905)
3(1792 1795 2019)
3(546 798 219)
3(1436 457 1688)
3(547 762 100)
3(1437 338 1652)
3(722 726 720)
3(1612 1610 1616)
3(699 724 697)
3(1589 1587 1614)
3(655 1151 1134)
3(1545 2024 2041)
3(675 1152 1135)
3(1565 2025 2042)
3(740 1363 738)
3(1630 1628 2253)
3(776 1362 774)
3(1666 1664 2252)
3(997 1324 768)
3(1887 1658 2214)
3(998 1323 732)
3(1888 1622 2213)
3(1072 1259 900)
3(1962 1790 2149)
3(1073 1257 915)
3(1963 1805 2147)
3(172 1239 569)
3(410 1459 2129)
3(1171 1224 1223)
3(2061 2113 2114)
3(1172 1225 1222)
3(2062 2112 2115)
3(756 1270 1121)
3(1646 2011 2160)
3(792 1269 1120)
3(1682 2010 2159)
3(1175 1352 524)
3(2065 1414 2242)
3(672 1096 674)
3(1562 1564 1986)
3(652 1097 654)
3(1542 1544 1987)
3(70 1347 1086)
3(308 1976 2237)
3(968 1009 1006)
3(1858 1896 1899)
3(967 1010 1005)
3(1857 1895 1900)
3(953 1237 878)
3(1843 1768 2127)
3(954 1238 882)
3(1844 1772 2128)
3(1170 1351 525)
3(2060 1415 2241)
3(1161 1227 1133)
3(2051 2023 2117)
3(1160 1226 1132)
3(2050 2022 2116)
3(189 1350 1089)
3(427 1979 2240)
3(1245 1251 676)
3(2135 1566 2141)
3(627 1108 629)
3(1517 1519 1998)
3(609 1109 611)
3(1499 1501 1999)
3(1254 1277 521)
3(2144 1411 2167)
3(1255 1278 520)
3(2145 1410 2168)
3(1131 1306 35)
3(2021 273 2196)
3(1130 1305 154)
3(2020 392 2195)
3(818 1079 821)
3(1708 1711 1969)
3(808 1078 811)
3(1698 1701 1968)
3(542 1306 1177)
3(1432 2067 2196)
3(543 1305 1176)
3(1433 2066 2195)
3(601 1103 603)
3(1491 1493 1993)
3(1189 1313 603)
3(2079 1493 2203)
3(944 1327 625)
3(1834 1515 2217)
3(943 1320 607)
3(1833 1497 2210)
3(736 1063 761)
3(1626 1651 1953)
3(772 1064 797)
3(1662 1687 1954)
3(604 1103 601)
3(1494 1491 1993)
3(1014 1015 1013)
3(1904 1903 1905)
3(1017 1018 1016)
3(1907 1906 1908)
3(1231 1252 677)
3(2121 1567 2142)
3(862 1184 863)
3(1752 1753 2074)
3(894 897 895)
3(1784 1785 1787)
3(909 912 910)
3(1799 1800 1802)
3(847 1188 848)
3(1737 1738 2078)
3(706 1132 707)
3(1596 1597 2022)
3(683 1133 684)
3(1573 1574 2023)
3(677 1252 579)
3(1567 1469 2142)
3(676 1251 578)
3(1566 1468 2141)
3(1096 1329 951)
3(1986 1841 2219)
3(1097 1328 952)
3(1987 1842 2218)
3(927 1342 1169)
3(1817 2059 2232)
3(928 1343 1168)
3(1818 2058 2233)
3(559 1358 1048)
3(1449 1938 2248)
3(560 1357 1050)
3(1450 1940 2247)
3(1092 1166 799)
3(1982 1689 2056)
3(1093 1167 763)
3(1983 1653 2057)
3(1011 1220 877)
3(1901 1767 2110)
3(1012 1221 881)
3(1902 1771 2111)
3(792 1120 790)
3(1682 1680 2010)
3(756 1121 754)
3(1646 1644 2011)
3(130 927 564)
3(368 1454 1817)
3(11 928 565)
3(249 1455 1818)
3(1165 1272 917)
3(2055 1807 2162)
3(1164 1271 916)
3(2054 1806 2161)
3(1031 1187 635)
3(1921 1525 2077)
3(1098 1206 1000)
3(1988 1890 2096)
3(1099 1207 1002)
3(1989 1892 2097)
3(1190 1361 962)
3(2080 1852 2251)
3(1032 1190 616)
3(1922 1506 2080)
3(799 1247 1087)
3(1689 1977 2137)
3(763 1246 1088)
3(1653 1978 2136)
3(1187 1360 961)
3(2077 1851 2250)
3(103 976 515)
3(341 1405 1866)
3(222 977 514)
3(460 1404 1867)
3(73 992 486)
3(311 1376 1882)
3(192 991 487)
3(430 1377 1881)
3(822 1156 1047)
3(1712 1937 2046)
3(823 1157 1052)
3(1713 1942 2047)
3(696 1193 694)
3(1586 1584 2083)
3(719 1194 717)
3(1609 1607 2084)
3(1265 1353 1269)
3(2155 2159 2243)
3(1266 1354 1270)
3(2156 2160 2244)
3(941 1248 1036)
3(1831 1926 2138)
3(939 1249 1035)
3(1829 1925 2139)
3(210 1136 492)
3(448 1382 2026)
3(91 1137 493)
3(329 1383 2027)
3(774 1145 771)
3(1664 1661 2035)
3(738 1146 735)
3(1628 1625 2036)
3(992 1285 486)
3(1882 1376 2175)
3(655 1134 566)
3(1545 1456 2024)
3(675 1135 567)
3(1565 1457 2025)
3(1101 1196 1085)
3(1991 1975 2086)
3(1102 1197 1084)
3(1992 1974 2087)
3(17 925 560)
3(255 1450 1815)
3(136 926 559)
3(374 1449 1816)
3(1017 1146 1018)
3(1907 1908 2036)
3(1014 1145 1015)
3(1904 1905 2035)
3(897 1292 1274)
3(1787 2164 2182)
3(912 1291 1273)
3(1802 2163 2181)
3(1082 1153 933)
3(1972 1823 2043)
3(771 1145 770)
3(1661 1660 2035)
3(735 1146 734)
3(1625 1624 2036)
3(991 1288 487)
3(1881 1377 2178)
3(1083 1148 931)
3(1973 1821 2038)
3(1067 1103 604)
3(1957 1494 1993)
3(129 1342 927)
3(367 1817 2232)
3(10 1343 928)
3(248 1818 2233)
3(827 1171 800)
3(1717 1690 2061)
3(829 1172 801)
3(1719 1691 2062)
3(860 1144 1117)
3(1750 2007 2034)
3(797 1114 780)
3(1687 1670 2004)
3(761 1115 744)
3(1651 1634 2005)
3(576 1295 1030)
3(1466 1920 2185)
3(860 1117 858)
3(1750 1748 2007)
3(845 1116 843)
3(1735 1733 2006)
3(643 1185 646)
3(1533 1536 2075)
3(663 1186 666)
3(1553 1556 2076)
3(228 969 498)
3(466 1388 1859)
3(109 970 499)
3(347 1389 1860)
3(845 1147 1116)
3(1735 2006 2037)
3(882 1262 881)
3(1772 1771 2152)
3(878 1261 877)
3(1768 1767 2151)
3(964 1332 1031)
3(1854 1921 2222)
3(998 1164 827)
3(1888 1717 2054)
3(997 1165 829)
3(1887 1719 2055)
3(1107 1236 835)
3(1997 1725 2126)
3(1106 1235 834)
3(1996 1724 2125)
3(963 1335 1032)
3(1853 1922 2225)
3(565 1280 1055)
3(1455 1945 2170)
3(564 1279 1057)
3(1454 1947 2169)
3(953 1343 1237)
3(1843 2127 2233)
3(954 1342 1238)
3(1844 2128 2232)
3(900 1260 1111)
3(1790 2001 2150)
3(915 1258 1110)
3(1805 2000 2148)
3(1069 1364 673)
3(1959 1563 2254)
3(1068 1365 653)
3(1958 1543 2255)
3(661 1229 657)
3(1551 1547 2119)
3(1201 1302 994)
3(2091 1884 2192)
3(1200 1301 996)
3(2090 1886 2191)
3(793 1331 796)
3(1683 1686 2221)
3(757 1330 760)
3(1647 1650 2220)
3(583 1154 828)
3(1473 1718 2044)
3(582 1155 826)
3(1472 1716 2045)
3(869 1303 1128)
3(1759 2018 2193)
3(870 1304 1129)
3(1760 2019 2194)
3(577 1296 1029)
3(1467 1919 2186)
3(778 1321 1043)
3(1668 1933 2211)
3(742 1322 1044)
3(1632 1934 2212)
3(1169 1342 954)
3(2059 1844 2232)
3(1168 1343 953)
3(2058 1843 2233)
3(728 1183 731)
3(1618 1621 2073)
3(764 1182 767)
3(1654 1657 2072)
3(1043 1346 540)
3(1933 1430 2236)
3(1044 1345 541)
3(1934 1431 2235)
3(641 1230 637)
3(1531 1527 2120)
3(83 1364 580)
3(321 1470 2254)
3(202 1365 581)
3(440 1471 2255)
3(634 1189 1100)
3(1524 1990 2079)
3(898 1209 1138)
3(1788 2028 2099)
3(913 1208 1139)
3(1803 2029 2098)
3(1192 1344 574)
3(2082 1464 2234)
3(1060 1143 833)
3(1950 1723 2033)
3(1059 1142 832)
3(1949 1722 2032)
3(693 1196 1101)
3(1583 1991 2086)
3(716 1197 1102)
3(1606 1992 2087)
3(1076 1336 518)
3(1966 1408 2226)
3(1077 1337 519)
3(1967 1409 2227)
3(673 1149 669)
3(1563 1559 2039)
3(653 1150 649)
3(1543 1539 2040)
3(637 1230 636)
3(1527 1526 2120)
3(881 1221 879)
3(1771 1769 2111)
3(877 1220 875)
3(1767 1765 2110)
3(1111 1260 867)
3(2001 1757 2150)
3(1110 1258 868)
3(2000 1758 2148)
3(657 1229 656)
3(1547 1546 2119)
3(1043 1321 873)
3(1933 1763 2211)
3(1044 1322 874)
3(1934 1764 2212)
3(960 1156 822)
3(1850 1712 2046)
3(959 1157 823)
3(1849 1713 2047)
3(650 1151 802)
3(1540 1692 2041)
3(670 1152 812)
3(1560 1702 2042)
3(1122 1123 760)
3(2012 1650 2013)
3(1124 1125 796)
3(2014 1686 2015)
3(863 1144 860)
3(1753 1750 2034)
3(1086 1347 615)
3(1976 1505 2237)
3(1089 1350 633)
3(1979 1523 2240)
3(829 1225 1172)
3(1719 2062 2115)
3(827 1224 1171)
3(1717 2061 2114)
3(848 1147 845)
3(1738 1735 2037)
3(828 1324 997)
3(1718 1887 2214)
3(826 1323 998)
3(1716 1888 2213)
3(689 1210 1090)
3(1579 1980 2100)
3(712 1211 1091)
3(1602 1981 2101)
3(575 1228 1075)
3(1465 1965 2118)
3(506 1158 169)
3(1396 407 2048)
3(507 1159 50)
3(1397 288 2049)
3(861 1250 883)
3(1751 1773 2140)
3(846 1244 866)
3(1736 1756 2134)
3(563 1355 703)
3(1453 1593 2245)
3(562 1356 680)
3(1452 1570 2246)
3(615 1295 1086)
3(1505 1976 2185)
3(741 1176 745)
3(1631 1635 2066)
3(777 1177 781)
3(1667 1671 2067)
3(790 1120 1092)
3(1680 1982 2010)
3(754 1121 1093)
3(1644 1983 2011)
3(784 1232 782)
3(1674 1672 2122)
3(748 1233 746)
3(1638 1636 2123)
3(773 1287 775)
3(1663 1665 2177)
3(737 1286 739)
3(1627 1629 2176)
3(631 1170 836)
3(1521 1726 2060)
3(725 1218 724)
3(1615 1614 2108)
3(727 1219 726)
3(1617 1616 2109)
3(633 1296 1089)
3(1523 1979 2186)
3(714 1140 715)
3(1604 1605 2030)
3(691 1141 692)
3(1581 1582 2031)
3(1030 1295 615)
3(1920 1505 2185)
3(613 1175 851)
3(1503 1741 2065)
3(922 1192 617)
3(1812 1507 2082)
3(1228 1313 1075)
3(2118 1965 2203)
3(694 1210 689)
3(1584 1579 2100)
3(717 1211 712)
3(1607 1602 2101)
3(1029 1296 633)
3(1919 1523 2186)
3(834 1217 1078)
3(1724 1968 2107)
3(835 1216 1079)
3(1725 1969 2106)
3(595 1011 242)
3(1485 480 1901)
3(594 1012 123)
3(1484 361 1902)
3(595 1220 1011)
3(1485 1901 2110)
3(594 1221 1012)
3(1484 1902 2111)
3(642 1185 643)
3(1532 1533 2075)
3(662 1186 663)
3(1552 1553 2076)
3(505 1244 990)
3(1395 1880 2134)
3(884 1204 570)
3(1774 1460 2094)
3(674 1142 1059)
3(1564 1949 2032)
3(654 1143 1060)
3(1544 1950 2033)
3(1274 1292 1033)
3(2164 1923 2182)
3(1273 1291 1034)
3(2163 1924 2181)
3(504 1250 989)
3(1394 1879 2140)
3(1269 1353 798)
3(2159 1688 2243)
3(1270 1354 762)
3(2160 1652 2244)
3(885 1205 571)
3(1775 1461 2095)
3(802 1254 804)
3(1692 1694 2144)
3(812 1255 814)
3(1702 1704 2145)
3(1094 1249 512)
3(1984 1402 2139)
3(1095 1248 513)
3(1985 1403 2138)
3(1006 1185 642)
3(1896 1532 2075)
3(1005 1186 662)
3(1895 1552 2076)
3(667 1301 665)
3(1557 1555 2191)
3(647 1302 645)
3(1537 1535 2192)
3(496 1179 974)
3(1386 1864 2069)
3(497 1178 975)
3(1387 1865 2068)
3(1193 1210 694)
3(2083 1584 2100)
3(1194 1211 717)
3(2084 1607 2101)
3(866 1148 1083)
3(1756 1973 2038)
3(1194 1358 559)
3(2084 1449 2248)
3(1193 1357 560)
3(2083 1450 2247)
3(914 1263 1179)
3(1804 2069 2153)
3(899 1264 1178)
3(1789 2068 2154)
3(1212 1287 780)
3(2102 1670 2177)
3(1213 1286 744)
3(2103 1634 2176)
3(883 1153 1082)
3(1773 1972 2043)
3(514 1208 1040)
3(1404 1930 2098)
3(515 1209 1042)
3(1405 1932 2099)
3(686 1196 693)
3(1576 1583 2086)
3(709 1197 716)
3(1599 1606 2087)
3(1081 1347 528)
3(1971 1418 2237)
3(1151 1254 802)
3(2041 1692 2144)
3(1152 1255 812)
3(2042 1702 2145)
3(673 1364 1112)
3(1563 2002 2254)
3(653 1365 1113)
3(1543 2003 2255)
3(615 1347 1081)
3(1505 1971 2237)
3(633 1350 1080)
3(1523 1970 2240)
3(1138 1209 976)
3(2028 1866 2099)
3(1139 1208 977)
3(2029 1867 2098)
3(1230 1234 636)
3(2120 1526 2124)
3(1080 1350 529)
3(1970 1419 2240)
3(932 1234 1230)
3(1822 2120 2124)
3(672 1301 1200)
3(1562 2090 2191)
3(652 1302 1201)
3(1542 2091 2192)
3(530 1267 76)
3(1420 314 2157)
3(599 1313 598)
3(1489 1488 2203)
3(811 1225 917)
3(1701 1807 2115)
3(821 1224 916)
3(1711 1806 2114)
3(934 1239 1229)
3(1824 2119 2129)
3(122 1308 594)
3(360 1484 2198)
3(241 1307 595)
3(479 1485 2197)
3(934 1184 862)
3(1824 1752 2074)
3(1229 1239 656)
3(2119 1546 2129)
3(932 1188 847)
3(1822 1737 2078)
3(873 1346 1043)
3(1763 1933 2236)
3(874 1345 1044)
3(1764 1934 2235)
3(531 1268 195)
3(1421 433 2158)
3(598 1313 1228)
3(1488 2118 2203)
3(1009 1185 1006)
3(1899 1896 2075)
3(1010 1186 1005)
3(1900 1895 2076)
3(760 1274 1033)
3(1650 1923 2164)
3(796 1273 1034)
3(1686 1924 2163)
3(832 1191 661)
3(1722 1551 2081)
3(958 1236 1107)
3(1848 1997 2126)
3(957 1235 1106)
3(1847 1996 2125)
3(833 1195 641)
3(1723 1531 2085)
3(1141 1280 565)
3(2031 1455 2170)
3(1140 1279 564)
3(2030 1454 2169)
3(492 1340 1014)
3(1382 1904 2230)
3(493 1341 1017)
3(1383 1907 2231)
3(1090 1210 925)
3(1980 1815 2100)
3(1091 1211 926)
3(1981 1816 2101)
3(588 1218 1053)
3(1478 1943 2108)
3(589 1219 1054)
3(1479 1944 2109)
3(1112 1364 83)
3(2002 321 2254)
3(1113 1365 202)
3(2003 440 2255)
3(1033 1266 759)
3(1923 1649 2156)
3(1034 1265 795)
3(1924 1685 2155)
3(1044 1363 740)
3(1934 1630 2253)
3(1043 1362 776)
3(1933 1666 2252)
3(760 1330 1122)
3(1650 2012 2220)
3(796 1331 1124)
3(1686 2014 2221)
3(1184 1229 661)
3(2074 1551 2119)
3(578 1251 1142)
3(1468 2032 2141)
3(579 1252 1143)
3(1469 2033 2142)
3(881 1262 1012)
3(1771 1902 2152)
3(877 1261 1011)
3(1767 1901 2151)
3(1063 1155 761)
3(1953 1651 2045)
3(1064 1154 797)
3(1954 1687 2044)
3(1075 1189 634)
3(1965 1524 2079)
3(1078 1217 1004)
3(1968 1894 2107)
3(1079 1216 1003)
3(1969 1893 2106)
3(1058 1226 501)
3(1948 1391 2116)
3(1056 1227 500)
3(1946 1390 2117)
3(692 1196 686)
3(1582 1576 2086)
3(715 1197 709)
3(1605 1599 2087)
3(898 1292 897)
3(1788 1787 2182)
3(913 1291 912)
3(1803 1802 2181)
3(1188 1230 641)
3(2078 1531 2120)
3(1115 1339 981)
3(2005 1871 2229)
3(1114 1338 982)
3(2004 1872 2228)
3(1104 1179 496)
3(1994 1386 2069)
3(1105 1178 497)
3(1995 1387 2068)
3(1087 1247 940)
3(1977 1830 2137)
3(1088 1246 942)
3(1978 1832 2136)
3(703 1355 711)
3(1593 1601 2245)
3(680 1356 688)
3(1570 1578 2246)
3(838 1253 846)
3(1728 1736 2143)
3(832 1251 1191)
3(1722 2081 2141)
3(833 1252 1195)
3(1723 2085 2142)
3(853 1256 861)
3(1743 1751 2146)
3(892 1202 894)
3(1782 1784 2092)
3(907 1203 909)
3(1797 1799 2093)
3(672 1200 1096)
3(1562 1986 2090)
3(652 1201 1097)
3(1542 1987 2091)
3(918 1206 1098)
3(1808 1988 2096)
3(919 1207 1099)
3(1809 1989 2097)
3(1179 1263 974)
3(2069 1864 2153)
3(1178 1264 975)
3(2068 1865 2154)
3(1000 1206 999)
3(1890 1889 2096)
3(1002 1207 1001)
3(1892 1891 2097)
3(1126 1198 970)
3(2016 1860 2088)
3(1127 1199 969)
3(2017 1859 2089)
3(1108 1204 629)
3(1998 1519 2094)
3(1109 1205 611)
3(1999 1501 2095)
3(184 1228 575)
3(422 1465 2118)
3(780 1287 773)
3(1670 1663 2177)
3(744 1286 737)
3(1634 1627 2176)
3(865 1240 1070)
3(1755 1960 2130)
3(1237 1343 597)
3(2127 1487 2233)
3(1238 1342 596)
3(2128 1486 2232)
3(850 1241 1071)
3(1740 1961 2131)
3(706 1160 1132)
3(1596 2022 2050)
3(683 1161 1133)
3(1573 2023 2051)
3(1047 1156 558)
3(1937 1448 2046)
3(1052 1157 561)
3(1942 1451 2047)
3(1036 1248 1095)
3(1926 1985 2138)
3(1035 1249 1094)
3(1925 1984 2139)
3(864 1285 865)
3(1754 1755 2175)
3(785 1373 787)
3(1675 1677 2263)
3(749 1372 751)
3(1639 1641 2262)
3(849 1288 850)
3(1739 1740 2178)
3(485 1349 1181)
3(1375 2071 2239)
3(484 1348 1180)
3(1374 2070 2238)
3(1051 1357 696)
3(1941 1586 2247)
3(1049 1358 719)
3(1939 1609 2248)
3(665 1301 672)
3(1555 1562 2191)
3(645 1302 652)
3(1535 1542 2192)
3(501 1281 133)
3(1391 371 2171)
3(500 1282 14)
3(1390 252 2172)
3(1122 1330 831)
3(2012 1721 2220)
3(1124 1331 830)
3(2014 1720 2221)
3(580 1364 1069)
3(1470 1959 2254)
3(581 1365 1068)
3(1471 1958 2255)
3(512 1289 151)
3(1402 389 2179)
3(513 1290 32)
3(1403 270 2180)
3(1114 1212 780)
3(2004 1670 2102)
3(1115 1213 744)
3(2005 1634 2103)
3(1112 1310 673)
3(2002 1563 2200)
3(1113 1309 653)
3(2003 1543 2199)
3(519 1284 117)
3(1409 355 2174)
3(518 1283 236)
3(1408 474 2173)
3(795 1269 792)
3(1685 1682 2159)
3(759 1270 756)
3(1649 1646 2160)
3(517 1298 139)
3(1407 377 2188)
3(516 1297 20)
3(1406 258 2187)
3(97 1300 495)
3(335 1385 2190)
3(216 1299 494)
3(454 1384 2189)
3(90 1319 1137)
3(328 2027 2209)
3(209 1318 1136)
3(447 2026 2208)
3(503 1311 181)
3(1393 419 2201)
3(1232 1321 782)
3(2122 1672 2211)
3(1233 1322 746)
3(2123 1636 2212)
3(502 1312 62)
3(1392 300 2202)
3(970 1198 499)
3(1860 1389 2088)
3(969 1199 498)
3(1859 1388 2089)
3(916 1271 918)
3(1806 1808 2161)
3(917 1272 919)
3(1807 1809 2162)
3(1158 1333 170)
3(2048 408 2223)
3(1159 1334 51)
3(2049 289 2224)
3(1265 1269 795)
3(2155 1685 2159)
3(1266 1270 759)
3(2156 1649 2160)
3(753 1293 755)
3(1643 1645 2183)
3(789 1294 791)
3(1679 1681 2184)
3(1141 1168 692)
3(2031 1582 2058)
3(1140 1169 715)
3(2030 1605 2059)
3(204 1315 490)
3(442 1380 2205)
3(85 1314 491)
3(323 1381 2204)
3(723 1198 1126)
3(1613 2016 2088)
3(700 1199 1127)
3(1590 2017 2089)
3(1183 1271 731)
3(2073 1621 2161)
3(1182 1272 767)
3(2072 1657 2162)
3(198 1328 489)
3(436 1379 2218)
3(79 1329 488)
3(317 1378 2219)
3(607 1320 605)
3(1497 1495 2210)
3(508 1325 163)
3(1398 401 2215)
3(509 1326 44)
3(1399 282 2216)
3(625 1327 623)
3(1515 1513 2217)
3(570 1204 1108)
3(1460 1998 2094)
3(1171 1223 536)
3(2061 1426 2113)
3(1172 1222 537)
3(2062 1427 2112)
3(984 1331 793)
3(1874 1683 2221)
3(983 1330 757)
3(1873 1647 2220)
3(571 1205 1109)
3(1461 1999 2095)
3(1078 1222 811)
3(1968 1701 2112)
3(1079 1223 821)
3(1969 1711 2113)
3(67 1348 484)
3(305 1374 2238)
3(186 1349 485)
3(424 1375 2239)
3(782 1321 778)
3(1672 1668 2211)
3(746 1322 742)
3(1636 1632 2212)
3(761 1339 1115)
3(1651 2005 2229)
3(797 1338 1114)
3(1687 2004 2228)
3(916 1224 1164)
3(1806 2054 2114)
3(917 1225 1165)
3(1807 2055 2115)
3(520 1278 165)
3(1410 403 2168)
3(521 1277 46)
3(1411 284 2167)
3(220 1353 550)
3(458 1440 2243)
3(101 1354 551)
3(339 1441 2244)
3(61 1360 502)
3(299 1392 2250)
3(180 1361 503)
3(418 1393 2251)
3(732 1323 1063)
3(1622 1953 2213)
3(768 1324 1064)
3(1658 1954 2214)
3(596 1342 129)
3(1486 367 2232)
3(597 1343 10)
3(1487 248 2233)
3(1128 1303 555)
3(2018 1445 2193)
3(1129 1304 554)
3(2019 1444 2194)
3(484 1368 68)
3(1374 306 2258)
3(485 1370 187)
3(1375 425 2260)
3(1223 1224 821)
3(2113 1711 2114)
3(1222 1225 811)
3(2112 1701 2115)
3(1057 1279 1058)
3(1947 1948 2169)
3(1055 1280 1056)
3(1945 1946 2170)
3(1143 1252 833)
3(2033 1723 2142)
3(1142 1251 832)
3(2032 1722 2141)
3(1123 1274 760)
3(2013 1650 2164)
3(1125 1273 796)
3(2015 1686 2163)
3(1063 1323 1155)
3(1953 2045 2213)
3(1064 1324 1154)
3(1954 2044 2214)
3(1136 1340 492)
3(2026 1382 2230)
3(1137 1341 493)
3(2027 1383 2231)
3(781 1306 1131)
3(1671 2021 2196)
3(745 1305 1130)
3(1635 2020 2195)
3(553 1257 1038)
3(1443 1928 2147)
3(552 1259 1037)
3(1442 1927 2149)
3(1147 1268 531)
3(2037 1421 2158)
3(977 1208 514)
3(1867 1404 2098)
3(976 1209 515)
3(1866 1405 2099)
3(1144 1267 530)
3(2034 1420 2157)
3(555 1303 106)
3(1445 344 2193)
3(554 1304 225)
3(1444 463 2194)
3(505 1316 1244)
3(1395 2134 2206)
3(714 1279 1140)
3(1604 2030 2169)
3(691 1280 1141)
3(1581 2031 2170)
3(504 1317 1250)
3(1394 2140 2207)
3(1139 1291 913)
3(2029 1803 2181)
3(1138 1292 898)
3(2028 1788 2182)
3(525 1351 58)
3(1415 296 2241)
3(524 1352 177)
3(1414 415 2242)
3(495 1246 1167)
3(1385 2057 2136)
3(494 1247 1166)
3(1384 2056 2137)
3(541 1345 94)
3(1431 332 2235)
3(540 1346 213)
3(1430 451 2236)
3(1050 1357 1051)
3(1940 1941 2247)
3(1048 1358 1049)
3(1938 1939 2248)
3(848 1231 1147)
3(1738 2037 2121)
3(863 1245 1144)
3(1753 2034 2135)
3(1155 1323 826)
3(2045 1716 2213)
3(1154 1324 828)
3(2044 1718 2214)
3(1164 1224 827)
3(2054 1717 2114)
3(1165 1225 829)
3(2055 1719 2115)
3(1180 1369 484)
3(2070 1374 2259)
3(1181 1371 485)
3(2071 1375 2261)
3(934 1229 1184)
3(1824 2074 2119)
3(932 1230 1188)
3(1822 2078 2120)
3(1244 1359 990)
3(2134 1880 2249)
3(866 1316 1148)
3(1756 2038 2206)
3(1217 1235 509)
3(2107 1399 2125)
3(1216 1236 508)
3(2106 1398 2126)
3(1231 1268 1147)
3(2121 2037 2158)
3(1195 1231 848)
3(2085 1738 2121)
3(1248 1290 513)
3(2138 1403 2180)
3(1249 1289 512)
3(2139 1402 2179)
3(883 1317 1153)
3(1773 2043 2207)
3(1245 1267 1144)
3(2135 2034 2157)
3(1163 1221 594)
3(2053 1484 2111)
3(1162 1220 595)
3(2052 1485 2110)
3(1163 1308 121)
3(2053 359 2198)
3(1162 1307 240)
3(2052 478 2197)
3(1191 1245 863)
3(2081 1753 2135)
3(1067 1344 1103)
3(1957 1993 2234)
3(1236 1325 508)
3(2126 1398 2215)
3(1235 1326 509)
3(2125 1399 2216)
3(1166 1247 799)
3(2056 1689 2137)
3(1167 1246 763)
3(2057 1653 2136)
3(1226 1281 501)
3(2116 1391 2171)
3(1227 1282 500)
3(2117 1390 2172)
3(1181 1349 956)
3(2071 1846 2239)
3(1180 1348 955)
3(2070 1845 2238)
3(1214 1367 871)
3(2104 1761 2257)
3(1215 1366 872)
3(2105 1762 2256)
3(495 1300 1246)
3(1385 2136 2190)
3(494 1299 1247)
3(1384 2137 2189)
3(1148 1316 966)
3(2038 1856 2206)
3(676 1267 1245)
3(1566 2135 2157)
3(583 1338 1154)
3(1473 2044 2228)
3(582 1339 1155)
3(1472 2045 2229)
3(1153 1317 965)
3(2043 1855 2207)
3(846 1359 1244)
3(1736 2134 2249)
3(673 1310 1149)
3(1563 2039 2200)
3(653 1309 1150)
3(1543 2040 2199)
3(1187 1332 502)
3(2077 1392 2222)
3(1155 1339 761)
3(2045 1651 2229)
3(1154 1338 797)
3(2044 1687 2228)
3(1190 1335 503)
3(2080 1393 2225)
3(677 1268 1231)
3(1567 2121 2158)
3(1244 1316 866)
3(2134 1756 2206)
3(655 1277 1151)
3(1545 2041 2167)
3(675 1278 1152)
3(1565 2042 2168)
3(1250 1317 883)
3(2140 1773 2207)
3(935 1226 1160)
3(1825 2050 2116)
3(936 1227 1161)
3(1826 2051 2117)
3(1136 1318 824)
3(2026 1714 2208)
3(1137 1319 825)
3(2027 1715 2209)
3(824 1340 1136)
3(1714 2026 2230)
3(825 1341 1137)
3(1715 2027 2231)
3(1075 1313 1189)
3(1965 2079 2203)
3(834 1235 1217)
3(1724 2107 2125)
3(835 1236 1216)
3(1725 2106 2126)
3(884 1351 1170)
3(1774 2060 2241)
3(885 1352 1175)
3(1775 2065 2242)
3(696 1357 1193)
3(1586 2083 2247)
3(719 1358 1194)
3(1609 2084 2248)
3(920 1333 1158)
3(1810 2048 2223)
3(921 1334 1159)
3(1811 2049 2224)
3(1177 1306 781)
3(2067 1671 2196)
3(1176 1305 745)
3(2066 1635 2195)
3(1032 1335 1190)
3(1922 2080 2225)
3(1031 1332 1187)
3(1921 2077 2222)
3(922 1344 1192)
3(1812 2082 2234)
3(245 1367 1214)
3(483 2104 2257)
3(126 1366 1215)
3(364 2105 2256)
3(973 1369 1180)
3(1863 2070 2259)
3(980 1371 1181)
3(1870 2071 2261)
3(941 1290 1248)
3(1831 2138 2180)
3(939 1289 1249)
3(1829 2139 2179)
3(958 1325 1236)
3(1848 2126 2215)
3(957 1326 1235)
3(1847 2125 2216)
3(550 1353 1265)
3(1440 2155 2243)
3(551 1354 1266)
3(1441 2156 2244)
3(519 1337 1284)
3(1409 2174 2227)
3(518 1336 1283)
3(1408 2173 2226)
3(484 1369 1368)
3(1374 2258 2259)
3(485 1371 1370)
3(1375 2260 2261)
3(525 1359 1253)
3(1415 2143 2249)
3(502 1332 1312)
3(1392 2202 2222)
3(935 1281 1226)
3(1825 2116 2171)
3(936 1282 1227)
3(1826 2117 2172)
3(503 1335 1311)
3(1393 2201 2225)
3(1246 1300 942)
3(2136 1832 2190)
3(1247 1299 940)
3(2137 1830 2189)
3(594 1308 1163)
3(1484 2053 2198)
3(595 1307 1162)
3(1485 2052 2197)
3(1253 1359 846)
3(2143 1736 2249)
3(1284 1337 929)
3(2174 1819 2227)
3(1283 1336 930)
3(2173 1820 2226)
3(1312 1332 964)
3(2202 1854 2222)
3(1311 1335 963)
3(2201 1853 2225)
3(1368 1369 971)
3(2258 1861 2259)
3(1370 1371 972)
3(2260 1862 2261)
3(8 1214 9)
3(246 247 2104)
3(127 1215 128)
3(365 366 2105)
3(861 1256 989)
3(1751 1879 2146)
4(52 53 291 290)
4(171 172 410 409)
4(76 77 315 314)
4(195 196 434 433)
4(64 65 303 302)
4(159 160 398 397)
4(40 41 279 278)
4(207 208 446 445)
4(88 89 327 326)
4(183 184 422 421)
4(141 142 380 379)
4(22 23 261 260)
4(28 29 267 266)
4(147 148 386 385)
4(177 178 416 415)
4(58 59 297 296)
4(54 55 293 292)
4(173 174 412 411)
4(167 168 406 405)
4(48 49 287 286)
4(74 75 313 312)
4(193 194 432 431)
4(199 200 438 437)
4(80 81 319 318)
4(165 166 404 403)
4(46 47 285 284)
4(86 87 325 324)
4(205 206 444 443)
4(94 95 333 332)
4(213 214 452 451)
4(161 162 400 399)
4(42 43 281 280)
4(106 107 345 344)
4(225 226 464 463)
4(219 220 458 457)
4(100 101 339 338)
4(211 212 450 449)
4(92 93 331 330)
4(36 37 275 274)
4(155 156 394 393)
4(70 71 309 308)
4(189 190 428 427)
4(231 232 470 469)
4(112 113 351 350)
4(238 239 477 476)
4(119 120 358 357)
4(149 150 388 387)
4(30 31 269 268)
4(98 99 337 336)
4(217 218 456 455)
4(201 202 440 439)
4(82 83 321 320)
4(0 8 246 4)
4(2 127 365 6)
4(104 105 343 342)
4(223 224 462 461)
4(24 25 263 262)
4(143 144 382 381)
4(34 35 273 272)
4(153 154 392 391)
4(237 238 476 475)
4(118 119 357 356)
4(146 147 385 384)
4(27 28 266 265)
4(101 102 340 339)
4(220 221 459 458)
4(140 141 379 378)
4(226 227 465 464)
4(21 22 260 259)
4(107 108 346 345)
4(39 40 278 277)
4(158 159 397 396)
4(89 90 328 327)
4(208 209 447 446)
4(113 114 352 351)
4(134 135 373 372)
4(15 16 254 253)
4(232 233 471 470)
4(152 153 391 390)
4(95 96 334 333)
4(214 215 453 452)
4(33 34 272 271)
4(202 203 441 440)
4(83 84 322 321)
4(16 17 255 254)
4(135 136 374 373)
4(190 191 429 428)
4(71 72 310 309)
4(77 78 316 315)
4(196 197 435 434)
4(184 185 423 422)
4(65 66 304 303)
4(59 60 298 297)
4(178 179 417 416)
4(172 173 411 410)
4(53 54 292 291)
4(47 48 286 285)
4(166 167 405 404)
4(137 138 376 375)
4(18 19 257 256)
4(129 130 368 367)
4(10 11 249 248)
4(110 111 349 348)
4(229 230 468 467)
4(164 165 403 402)
4(45 46 284 283)
4(51 52 290 289)
4(170 171 409 408)
4(176 177 415 414)
4(57 58 296 295)
4(63 64 302 301)
4(182 183 421 420)
4(69 70 308 307)
4(188 189 427 426)
4(194 195 433 432)
4(75 76 314 313)
4(200 201 439 438)
4(81 82 320 319)
4(87 88 326 325)
4(206 207 445 444)
4(160 161 399 398)
4(41 42 280 279)
4(12 13 251 250)
4(131 132 370 369)
4(93 94 332 331)
4(212 213 451 450)
4(154 155 393 392)
4(35 36 274 273)
4(29 30 268 267)
4(148 149 387 386)
4(218 219 457 456)
4(99 100 338 337)
4(130 131 369 368)
4(11 12 250 249)
4(224 225 463 462)
4(105 106 344 343)
4(23 24 262 261)
4(142 143 381 380)
4(230 231 469 468)
4(111 112 350 349)
4(136 137 375 374)
4(17 18 256 255)
4(128 129 367 366)
4(9 10 248 247)
4(14 15 253 252)
4(133 134 372 371)
4(117 118 356 355)
4(236 237 475 474)
4(90 91 329 328)
4(209 210 448 447)
4(233 234 472 471)
4(114 115 353 352)
4(151 152 390 389)
4(32 33 271 270)
4(20 21 259 258)
4(139 140 378 377)
4(215 216 454 453)
4(96 97 335 334)
4(56 57 295 294)
4(175 176 414 413)
4(38 39 277 276)
4(157 158 396 395)
4(26 27 265 264)
4(145 146 384 383)
4(203 204 442 441)
4(84 85 323 322)
4(169 170 408 407)
4(50 51 289 288)
4(44 45 283 282)
4(163 164 402 401)
4(197 198 436 435)
4(78 79 317 316)
4(102 103 341 340)
4(221 222 460 459)
4(227 228 466 465)
4(108 109 347 346)
4(66 67 305 304)
4(185 186 424 423)
4(181 182 420 419)
4(62 63 301 300)
4(60 61 299 298)
4(179 180 418 417)
4(68 69 307 306)
4(187 188 426 425)
4(72 73 311 310)
4(191 192 430 429)
4(235 236 474 473)
4(116 117 355 354)
4(67 68 306 305)
4(222 223 461 460)
4(103 104 342 341)
4(85 86 324 323)
4(37 38 276 275)
4(156 157 395 394)
4(31 32 270 269)
4(162 163 401 400)
4(168 169 407 406)
4(49 50 288 287)
4(19 20 258 257)
4(150 151 389 388)
4(138 139 377 376)
4(180 181 419 418)
4(61 62 300 299)
4(43 44 282 281)
4(186 187 425 424)
4(13 14 252 251)
4(132 133 371 370)
4(97 98 336 335)
4(73 74 312 311)
4(55 56 294 293)
4(228 229 467 466)
4(192 193 431 430)
4(216 217 455 454)
4(79 80 318 317)
4(198 199 437 436)
4(204 205 443 442)
4(91 92 330 329)
4(210 211 449 448)
4(25 26 264 263)
4(174 175 413 412)
4(109 110 348 347)
4(144 145 383 382)
4(240 3 7 478)
4(121 1 5 359)
4(239 240 478 477)
4(120 121 359 358)
4(234 235 473 472)
4(115 116 354 353)
4(8 9 247 246)
4(127 128 366 365)
4(126 2 6 364)
4(123 124 362 361)
4(124 125 363 362)
4(125 126 364 363)
4(122 123 361 360)
4(1 122 360 5)
4(245 0 4 483)
4(242 243 481 480)
4(243 244 482 481)
4(244 245 483 482)
4(241 242 480 479)
4(3 241 479 7)
)


// ************************************************************************* //
