/*--------------------------------*- C++ -*----------------------------------*\
| =========                 |                                                 |
| \\      /  F ield         | OpenFOAM: The Open Source CFD Toolbox           |
|  \\    /   O peration     | Version:  2412                                  |
|   \\  /    A nd           | Website:  www.openfoam.com                      |
|    \\/     M anipulation  |                                                 |
\*---------------------------------------------------------------------------*/
FoamFile
{
    version     2.0;
    format      ascii;
    arch        "LSB;label=32;scalar=64";
    class       vectorField;
    location    "constant/polyMesh";
    object      points;
}
// * * * * * * * * * * * * * * * * * * * * * * * * * * * * * * * * * * * * * //


3862
(
(0 0 0)
(1 0 0)
(1 1 0)
(0 1 0)
(0 0 0.001)
(1 0 0.001)
(1 1 0.001)
(0 1 0.001)
(0.025 0 0)
(0.05 0 0)
(0.075 0 0)
(0.1 0 0)
(0.125 0 0)
(0.15 0 0)
(0.175 0 0)
(0.2 0 0)
(0.225 0 0)
(0.25 0 0)
(0.275 0 0)
(0.3 0 0)
(0.325 0 0)
(0.35 0 0)
(0.375 0 0)
(0.4 0 0)
(0.425 0 0)
(0.45 0 0)
(0.475 0 0)
(0.5 0 0)
(0.525 0 0)
(0.55 0 0)
(0.575 0 0)
(0.6 0 0)
(0.625 0 0)
(0.65 0 0)
(0.675 0 0)
(0.7 0 0)
(0.725 0 0)
(0.75 0 0)
(0.775 0 0)
(0.8 0 0)
(0.825 0 0)
(0.85 0 0)
(0.875 0 0)
(0.9 0 0)
(0.925 0 0)
(0.95 0 0)
(0.975 0 0)
(1 0.025 0)
(1 0.05 0)
(1 0.075 0)
(1 0.1 0)
(1 0.125 0)
(1 0.15 0)
(1 0.175 0)
(1 0.2 0)
(1 0.225 0)
(1 0.25 0)
(1 0.275 0)
(1 0.3 0)
(1 0.325 0)
(1 0.35 0)
(1 0.375 0)
(1 0.4 0)
(1 0.425 0)
(1 0.45 0)
(1 0.475 0)
(1 0.5 0)
(1 0.525 0)
(1 0.55 0)
(1 0.575 0)
(1 0.6 0)
(1 0.625 0)
(1 0.65 0)
(1 0.675 0)
(1 0.7 0)
(1 0.725 0)
(1 0.75 0)
(1 0.775 0)
(1 0.8 0)
(1 0.825 0)
(1 0.85 0)
(1 0.875 0)
(1 0.9 0)
(1 0.925 0)
(1 0.95 0)
(1 0.975 0)
(0.975 1 0)
(0.95 1 0)
(0.925 1 0)
(0.9 1 0)
(0.875 1 0)
(0.85 1 0)
(0.825 1 0)
(0.8 1 0)
(0.775 1 0)
(0.75 1 0)
(0.725 1 0)
(0.7 1 0)
(0.675 1 0)
(0.65 1 0)
(0.625 1 0)
(0.6 1 0)
(0.575 1 0)
(0.55 1 0)
(0.525 1 0)
(0.5 1 0)
(0.475 1 0)
(0.45 1 0)
(0.425 1 0)
(0.4 1 0)
(0.375 1 0)
(0.35 1 0)
(0.325 1 0)
(0.3 1 0)
(0.275 1 0)
(0.25 1 0)
(0.225 1 0)
(0.2 1 0)
(0.175 1 0)
(0.15 1 0)
(0.125 1 0)
(0.1 1 0)
(0.075 1 0)
(0.05 1 0)
(0.025 1 0)
(0 0.975 0)
(0 0.95 0)
(0 0.925 0)
(0 0.9 0)
(0 0.875 0)
(0 0.85 0)
(0 0.825 0)
(0 0.8 0)
(0 0.775 0)
(0 0.75 0)
(0 0.725 0)
(0 0.7 0)
(0 0.675 0)
(0 0.65 0)
(0 0.625 0)
(0 0.6 0)
(0 0.575 0)
(0 0.55 0)
(0 0.525 0)
(0 0.5 0)
(0 0.475 0)
(0 0.45 0)
(0 0.425 0)
(0 0.4 0)
(0 0.375 0)
(0 0.35 0)
(0 0.325 0)
(0 0.3 0)
(0 0.275 0)
(0 0.25 0)
(0 0.225 0)
(0 0.2 0)
(0 0.175 0)
(0 0.15 0)
(0 0.125 0)
(0 0.1 0)
(0 0.075 0)
(0 0.05 0)
(0 0.025 0)
(0.025 0 0.001)
(0.05 0 0.001)
(0.075 0 0.001)
(0.1 0 0.001)
(0.125 0 0.001)
(0.15 0 0.001)
(0.175 0 0.001)
(0.2 0 0.001)
(0.225 0 0.001)
(0.25 0 0.001)
(0.275 0 0.001)
(0.3 0 0.001)
(0.325 0 0.001)
(0.35 0 0.001)
(0.375 0 0.001)
(0.4 0 0.001)
(0.425 0 0.001)
(0.45 0 0.001)
(0.475 0 0.001)
(0.5 0 0.001)
(0.525 0 0.001)
(0.55 0 0.001)
(0.575 0 0.001)
(0.6 0 0.001)
(0.625 0 0.001)
(0.65 0 0.001)
(0.675 0 0.001)
(0.7 0 0.001)
(0.725 0 0.001)
(0.75 0 0.001)
(0.775 0 0.001)
(0.8 0 0.001)
(0.825 0 0.001)
(0.85 0 0.001)
(0.875 0 0.001)
(0.9 0 0.001)
(0.925 0 0.001)
(0.95 0 0.001)
(0.975 0 0.001)
(1 0.025 0.001)
(1 0.05 0.001)
(1 0.075 0.001)
(1 0.1 0.001)
(1 0.125 0.001)
(1 0.15 0.001)
(1 0.175 0.001)
(1 0.2 0.001)
(1 0.225 0.001)
(1 0.25 0.001)
(1 0.275 0.001)
(1 0.3 0.001)
(1 0.325 0.001)
(1 0.35 0.001)
(1 0.375 0.001)
(1 0.4 0.001)
(1 0.425 0.001)
(1 0.45 0.001)
(1 0.475 0.001)
(1 0.5 0.001)
(1 0.525 0.001)
(1 0.55 0.001)
(1 0.575 0.001)
(1 0.6 0.001)
(1 0.625 0.001)
(1 0.65 0.001)
(1 0.675 0.001)
(1 0.7 0.001)
(1 0.725 0.001)
(1 0.75 0.001)
(1 0.775 0.001)
(1 0.8 0.001)
(1 0.825 0.001)
(1 0.85 0.001)
(1 0.875 0.001)
(1 0.9 0.001)
(1 0.925 0.001)
(1 0.95 0.001)
(1 0.975 0.001)
(0.975 1 0.001)
(0.95 1 0.001)
(0.925 1 0.001)
(0.9 1 0.001)
(0.875 1 0.001)
(0.85 1 0.001)
(0.825 1 0.001)
(0.8 1 0.001)
(0.775 1 0.001)
(0.75 1 0.001)
(0.725 1 0.001)
(0.7 1 0.001)
(0.675 1 0.001)
(0.65 1 0.001)
(0.625 1 0.001)
(0.6 1 0.001)
(0.575 1 0.001)
(0.55 1 0.001)
(0.525 1 0.001)
(0.5 1 0.001)
(0.475 1 0.001)
(0.45 1 0.001)
(0.425 1 0.001)
(0.4 1 0.001)
(0.375 1 0.001)
(0.35 1 0.001)
(0.325 1 0.001)
(0.3 1 0.001)
(0.275 1 0.001)
(0.25 1 0.001)
(0.225 1 0.001)
(0.2 1 0.001)
(0.175 1 0.001)
(0.15 1 0.001)
(0.125 1 0.001)
(0.1 1 0.001)
(0.075 1 0.001)
(0.05 1 0.001)
(0.025 1 0.001)
(0 0.975 0.001)
(0 0.95 0.001)
(0 0.925 0.001)
(0 0.9 0.001)
(0 0.875 0.001)
(0 0.85 0.001)
(0 0.825 0.001)
(0 0.8 0.001)
(0 0.775 0.001)
(0 0.75 0.001)
(0 0.725 0.001)
(0 0.7 0.001)
(0 0.675 0.001)
(0 0.65 0.001)
(0 0.625 0.001)
(0 0.6 0.001)
(0 0.575 0.001)
(0 0.55 0.001)
(0 0.525 0.001)
(0 0.5 0.001)
(0 0.475 0.001)
(0 0.45 0.001)
(0 0.425 0.001)
(0 0.4 0.001)
(0 0.375 0.001)
(0 0.35 0.001)
(0 0.325 0.001)
(0 0.3 0.001)
(0 0.275 0.001)
(0 0.25 0.001)
(0 0.225 0.001)
(0 0.2 0.001)
(0 0.175 0.001)
(0 0.15 0.001)
(0 0.125 0.001)
(0 0.1 0.001)
(0 0.075 0.001)
(0 0.05 0.001)
(0 0.025 0.001)
(0.9777301015 0.4884655179 0)
(0.4876493172 0.02293489091 0)
(0.4875 0.9783493649 0)
(0.02165063509 0.5125 0)
(0.6119046275 0.02253997983 0)
(0.9775766954 0.6115616039 0)
(0.02230482507 0.3862769719 0)
(0.6125 0.9783493649 0)
(0.3625 0.9783493649 0)
(0.3630604064 0.0233253112 0)
(0.9783493649 0.3625 0)
(0.02244871376 0.6388804275 0)
(0.9772541071 0.7384754188 0)
(0.7375 0.02295328077 0)
(0.02206893354 0.2629886386 0)
(0.7375 0.9783493649 0)
(0.974872773 0.2631901991 0)
(0.2625 0.02295328077 0)
(0.0212126444 0.7375 0)
(0.2625 0.9783493649 0)
(0.8375 0.02300786403 0)
(0.9783493649 0.8375 0)
(0.1625 0.9783493649 0)
(0.1625315976 0.02259645195 0)
(0.02165063509 0.8375 0)
(0.8375 0.9783493649 0)
(0.9783493649 0.1625 0)
(0.02165063509 0.1625 0)
(0.9777800136 0.9127569815 0)
(0.0875 0.9783493649 0)
(0.0238614336 0.08916618388 0)
(0.9772127984 0.0889710477 0)
(0.9125 0.9783493649 0)
(0.9124934019 0.02202859928 0)
(0.02222825113 0.9128275384 0)
(0.08756147258 0.02297798982 0)
(0.5625 0.02165063509 0)
(0.6864707853 0.02191977647 0)
(0.01974091538 0.5620540163 0)
(0.02165063509 0.6875 0)
(0.9761747279 0.564707047 0)
(0.9775264595 0.6898827545 0)
(0.6875 0.9783493649 0)
(0.5625 0.9783493649 0)
(0.0240079085 0.4375179615 0)
(0.02258298062 0.309936758 0)
(0.02375603353 0.2161149869 0)
(0.9774844355 0.4102821874 0)
(0.4125 0.9783493649 0)
(0.2125 0.9783493649 0)
(0.3125 0.9783493649 0)
(0.4125860616 0.02347058287 0)
(0.7875 0.9783493649 0)
(0.9788700918 0.2125 0)
(0.02165063509 0.7875 0)
(0.9776570715 0.3140216605 0)
(0.976161771 0.7854906432 0)
(0.3125 0.02298047201 0)
(0.7875 0.02298047201 0)
(0.2125 0.02295328077 0)
(0.9773575688 0.9602043595 0)
(0.03846687836 0.9789075924 0)
(0.02150457115 0.03739673754 0)
(0.9615763648 0.02252403968 0)
(0.9372956746 0.9784673323 0)
(0.9249659458 0.956718391 0)
(0.8999943243 0.9567020067 0)
(0.9124933783 0.9350519177 0)
(0.8874979504 0.935049278 0)
(0.8999985548 0.913398294 0)
(0.8749994175 0.9133977959 0)
(0.8874996621 0.8917470196 0)
(0.8624998466 0.8917469131 0)
(0.8749999181 0.8700962367 0)
(0.8499999608 0.8700962121 0)
(0.8624999798 0.848445566 0)
(0.8374999901 0.8484455601 0)
(0.849999995 0.8267949221 0)
(0.8249999975 0.8267949207 0)
(0.8374999988 0.8051442849 0)
(0.8124999994 0.8051442845 0)
(0.8249999997 0.7834936492 0)
(0.7999999998 0.7834936491 0)
(0.8124999999 0.761843014 0)
(0.7875 0.761843014 0)
(0.8 0.7401923789 0)
(0.775 0.7401923789 0)
(0.7875 0.7185417438 0)
(0.7625 0.7185417438 0)
(0.775 0.6968911087 0)
(0.75 0.6968911087 0)
(0.7625 0.6752404736 0)
(0.7375 0.6752404736 0)
(0.75 0.6535898385 0)
(0.725 0.6535898385 0)
(0.7375 0.6319392034 0)
(0.7125 0.6319392034 0)
(0.725 0.6102885683 0)
(0.7 0.6102885683 0)
(0.7125 0.5886379332 0)
(0.6875 0.5886379332 0)
(0.7 0.5669872981 0)
(0.675 0.5669872981 0)
(0.6875 0.545336663 0)
(0.6625 0.545336663 0)
(0.65 0.5669872981 0)
(0.6375 0.545336663 0)
(0.625 0.5669872981 0)
(0.6125 0.545336663 0)
(0.6 0.5669872981 0)
(0.5875 0.545336663 0)
(0.575 0.5669872981 0)
(0.5625 0.545336663 0)
(0.55 0.5669872981 0)
(0.5375 0.545336663 0)
(0.525 0.5669872981 0)
(0.5125 0.545336663 0)
(0.5 0.5669872981 0)
(0.525 0.5236860279 0)
(0.5 0.5236860279 0)
(0.65 0.5236860279 0)
(0.5125 0.5020353928 0)
(0.4875 0.5020353928 0)
(0.5 0.4803847577 0)
(0.475 0.4803847577 0)
(0.4875 0.4587341226 0)
(0.4625 0.4587341226 0)
(0.45 0.4803847577 0)
(0.4375 0.4587341226 0)
(0.425 0.4803847577 0)
(0.4125 0.4587341226 0)
(0.45 0.4370834875 0)
(0.4 0.4803847577 0)
(0.3875 0.4587341226 0)
(0.5375 0.5886379332 0)
(0.375 0.4803847577 0)
(0.725 0.6968911087 0)
(0.3625 0.4587341226 0)
(0.35 0.4803847577 0)
(0.3375 0.4587341226 0)
(0.35 0.4370834875 0)
(0.325 0.4370834875 0)
(0.3375 0.4154328524 0)
(0.325 0.4803847577 0)
(0.3375 0.5020353928 0)
(0.3125 0.4154328524 0)
(0.325 0.3937822174 0)
(0.3125 0.5020353928 0)
(0.325 0.5236860279 0)
(0.3 0.5236860279 0)
(0.3125 0.545336663 0)
(0.3 0.3937822174 0)
(0.3125 0.3721315823 0)
(0.2875 0.545336663 0)
(0.3 0.5669872981 0)
(0.7125 0.545336663 0)
(0.2875 0.3721315823 0)
(0.3 0.3504809472 0)
(0.325 0.3504809472 0)
(0.3125 0.3288303121 0)
(0.3375 0.3288303121 0)
(0.325 0.307179677 0)
(0.35 0.307179677 0)
(0.3 0.307179677 0)
(0.275 0.5236860279 0)
(0.275 0.5669872981 0)
(0.2875 0.5886379332 0)
(0.3375 0.2855290419 0)
(0.3625 0.2855290419 0)
(0.2625 0.5886379332 0)
(0.275 0.6102885683 0)
(0.3 0.6102885683 0)
(0.2875 0.6319392034 0)
(0.3125 0.6319392034 0)
(0.3 0.6535898385 0)
(0.325 0.6535898385 0)
(0.3125 0.6752404736 0)
(0.3375 0.6752404736 0)
(0.2875 0.6752404736 0)
(0.325 0.6968911087 0)
(0.35 0.6968911087 0)
(0.3375 0.7185417438 0)
(0.3625 0.7185417438 0)
(0.7625 0.761843014 0)
(0.25 0.6102885683 0)
(0.75 0.6102885683 0)
(0.35 0.2638784068 0)
(0.375 0.2638784068 0)
(0.35 0.7401923789 0)
(0.375 0.7401923789 0)
(0.325 0.7401923789 0)
(0.2375 0.5886379332 0)
(0.5125 0.4587341226 0)
(0.3625 0.2422277717 0)
(0.3875 0.2422277717 0)
(0.3375 0.2422277717 0)
(0.4 0.2638784068 0)
(0.4125 0.2422277717 0)
(0.425 0.2638784068 0)
(0.4375 0.2422277717 0)
(0.45 0.2638784068 0)
(0.4625 0.2422277717 0)
(0.475 0.2638784068 0)
(0.4875 0.2422277717 0)
(0.5 0.2638784068 0)
(0.5125 0.2422277717 0)
(0.525 0.2638784068 0)
(0.5375 0.2422277717 0)
(0.55 0.2638784068 0)
(0.5625 0.2422277717 0)
(0.575 0.2638784068 0)
(0.5875 0.2422277717 0)
(0.6 0.2638784068 0)
(0.6125 0.2422277717 0)
(0.625 0.2638784068 0)
(0.6375 0.2422277717 0)
(0.65 0.2638784068 0)
(0.6625 0.2422277717 0)
(0.675 0.2638784068 0)
(0.6875 0.2422277717 0)
(0.7 0.2638784068 0)
(0.7125 0.2422277717 0)
(0.725 0.2638784068 0)
(0.7375 0.2422277717 0)
(0.7125 0.2855290419 0)
(0.7375 0.2855290419 0)
(0.6375 0.2855290419 0)
(0.725 0.307179677 0)
(0.75 0.307179677 0)
(0.7375 0.3288303121 0)
(0.7625 0.3288303121 0)
(0.3375 0.761843014 0)
(0.3125 0.761843014 0)
(0.225 0.6102885683 0)
(0.775 0.307179677 0)
(0.275 0.3937822174 0)
(0.2625 0.3721315823 0)
(0.25 0.3937822174 0)
(0.2375 0.3721315823 0)
(0.225 0.3937822174 0)
(0.45 0.2205771366 0)
(0.525 0.2205771366 0)
(0.65 0.2205771366 0)
(0.2125 0.5886379332 0)
(0.7875 0.6752404736 0)
(0.2125 0.3721315823 0)
(0.7875 0.3288303121 0)
(0.775 0.3504809472 0)
(0.3875 0.7185417438 0)
(0.4 0.7401923789 0)
(0.35 0.2205771366 0)
(0.325 0.2205771366 0)
(0.725 0.2205771366 0)
(0.75 0.2205771366 0)
(0.6125 0.5886379332 0)
(0.7999999995 0.8267949195 0)
(0.325 0.7834936491 0)
(0.3 0.7834936491 0)
(0.8 0.3504809472 0)
(0.7875 0.3721315823 0)
(0.2 0.6102885683 0)
(0.8 0.307179677 0)
(0.2 0.3937822174 0)
(0.4125 0.7185417438 0)
(0.425 0.7401923789 0)
(0.4125 0.761843014 0)
(0.4375 0.761843014 0)
(0.45 0.7401923789 0)
(0.4625 0.761843014 0)
(0.45 0.7834936491 0)
(0.475 0.7834936491 0)
(0.4875 0.761843014 0)
(0.5 0.7834936491 0)
(0.5125 0.761843014 0)
(0.525 0.7834936491 0)
(0.5375 0.761843014 0)
(0.55 0.7834936491 0)
(0.5625 0.2855290419 0)
(0.3375 0.1989265015 0)
(0.3125 0.1989265015 0)
(0.1875 0.3721315823 0)
(0.2 0.3504809472 0)
(0.7375 0.1989265015 0)
(0.7625 0.1989265015 0)
(0.1875 0.5886379332 0)
(0.3375 0.6319392034 0)
(0.5625 0.761843014 0)
(0.575 0.7834936491 0)
(0.4625 0.8051442841 0)
(0.5375 0.8051442841 0)
(0.8125 0.3721315823 0)
(0.8 0.3937822174 0)
(0.775 0.3937822174 0)
(0.3125 0.8051442841 0)
(0.2875 0.8051442841 0)
(0.275 0.7834936491 0)
(0.2625 0.8051442841 0)
(0.25 0.7834936491 0)
(0.2375 0.8051442841 0)
(0.225 0.7834936491 0)
(0.2125 0.8051442841 0)
(0.2 0.7834936491 0)
(0.1875 0.8051442841 0)
(0.7875 0.4154328524 0)
(0.8125 0.4154328524 0)
(0.8 0.4370834875 0)
(0.825 0.7401923789 0)
(0.825 0.4370834875 0)
(0.8125 0.4587341226 0)
(0.175 0.7834936491 0)
(0.175 0.3937822174 0)
(0.1875 0.4154328524 0)
(0.175 0.6102885683 0)
(0.175 0.3504809472 0)
(0.1875 0.3288303121 0)
(0.4875 0.2855290419 0)
(0.7625 0.4154328524 0)
(0.325 0.1772758664 0)
(0.3 0.1772758664 0)
(0.2875 0.1989265015 0)
(0.275 0.1772758664 0)
(0.2625 0.1989265015 0)
(0.25 0.1772758664 0)
(0.2375 0.1989265015 0)
(0.225 0.1772758664 0)
(0.2125 0.1989265015 0)
(0.2 0.1772758664 0)
(0.1875 0.1989265015 0)
(0.175 0.1772758664 0)
(0.75 0.1772758664 0)
(0.775 0.1772758664 0)
(0.55 0.7401923789 0)
(0.575 0.7401923789 0)
(0.7875 0.1989265015 0)
(0.8 0.1772758664 0)
(0.8125 0.1989265015 0)
(0.825 0.1772758664 0)
(0.35 0.1772758664 0)
(0.1875 0.761843014 0)
(0.4125 0.5020353928 0)
(0.3 0.8267949192 0)
(0.325 0.8267949192 0)
(0.2 0.8267949192 0)
(0.175 0.8267949192 0)
(0.8375 0.1989265015 0)
(0.1625 0.1989265015 0)
(0.1625 0.3288303121 0)
(0.1625 0.4154328524 0)
(0.175 0.4370834875 0)
(0.1625 0.761843014 0)
(0.1625 0.5886379332 0)
(0.8375 0.4587341226 0)
(0.825 0.4803847577 0)
(0.3625 0.3288303121 0)
(0.15 0.4370834875 0)
(0.85 0.4803847577 0)
(0.8375 0.5020353928 0)
(0.1875 0.1556252313 0)
(0.1625 0.1556252313 0)
(0.2875 0.1556252313 0)
(0.7625 0.1556252313 0)
(0.7375 0.1556252313 0)
(0.85 0.1772758664 0)
(0.85 0.4370834875 0)
(0.15 0.6102885683 0)
(0.5625 0.7185417438 0)
(0.5875 0.7185417438 0)
(0.1875 0.8484455543 0)
(0.1625 0.8484455543 0)
(0.8375 0.1556252313 0)
(0.8625 0.1556252313 0)
(0.8625 0.5020353928 0)
(0.85 0.5236860279 0)
(0.1875 0.6319392034 0)
(0.175 0.5669872981 0)
(0.15 0.5669872981 0)
(0.3125 0.8484455543 0)
(0.3375 0.8484455543 0)
(0.7125 0.3288303121 0)
(0.3375 0.545336663 0)
(0.6875 0.6319392034 0)
(0.8625 0.1989265015 0)
(0.862499999 0.8051442848 0)
(0.1375 0.4154328524 0)
(0.225 0.2205771366 0)
(0.575 0.6968911087 0)
(0.55 0.6968911087 0)
(0.825 0.5236860279 0)
(0.8375 0.545336663 0)
(0.8625 0.545336663 0)
(0.85 0.5669872981 0)
(0.175 0.1339745962 0)
(0.15 0.1339745962 0)
(0.75 0.1339745962 0)
(0.7249784958 0.1339869318 0)
(0.85 0.1339745962 0)
(0.875 0.1339745962 0)
(0.875 0.5669872981 0)
(0.8625 0.5886379332 0)
(0.125 0.4370834875 0)
(0.8249999918 0.8700961942 0)
(0.2375 0.4154328524 0)
(0.6 0.7401923789 0)
(0.6125 0.7185417438 0)
(0.625 0.7401923789 0)
(0.575 0.2205771366 0)
(0.7 0.5236860279 0)
(0.2125 0.8484455543 0)
(0.875 0.4803847577 0)
(0.85 0.2205771366 0)
(0.875 0.2205771366 0)
(0.6 0.5236860279 0)
(0.15 0.7834936491 0)
(0.1375 0.761843014 0)
(0.15 0.7401923789 0)
(0.125 0.7401923789 0)
(0.1257185432 0.7839085002 0)
(0.8625 0.2422277717 0)
(0.1375 0.1556252313 0)
(0.125 0.1339745962 0)
(0.175 0.307179677 0)
(0.15 0.307179677 0)
(0.1375 0.3288303121 0)
(0.125 0.307179677 0)
(0.5 0.4370834875 0)
(0.525 0.4370834875 0)
(0.5125 0.4154328524 0)
(0.5375 0.4154328524 0)
(0.525 0.3937822174 0)
(0.55 0.3937822174 0)
(0.5625 0.4154328524 0)
(0.575 0.3937822174 0)
(0.5875 0.4154328524 0)
(0.6 0.3937822174 0)
(0.6125 0.4154328524 0)
(0.5 0.3937822174 0)
(0.4 0.6968911087 0)
(0.425 0.6968911087 0)
(0.4125 0.6752404736 0)
(0.4375 0.6752404736 0)
(0.425 0.6535898385 0)
(0.45 0.6535898385 0)
(0.4375 0.2855290419 0)
(0.2375 0.1556252313 0)
(0.4 0.4370834875 0)
(0.2 0.307179677 0)
(0.4375 0.6319392034 0)
(0.2375 0.761843014 0)
(0.3375 0.1556252313 0)
(0.3625 0.1556252313 0)
(0.35 0.1339745962 0)
(0.375 0.1339745962 0)
(0.1625 0.4587341226 0)
(0.1875 0.4587341226 0)
(0.625 0.3937822174 0)
(0.6375 0.4154328524 0)
(0.725 0.5236860279 0)
(0.825 0.3504809472 0)
(0.1375 0.7185417438 0)
(0.1625 0.7185417438 0)
(0.7125 0.5020353928 0)
(0.4375 0.8051442841 0)
(0.45 0.8267949192 0)
(0.325 0.8700961894 0)
(0.35 0.8700961894 0)
(0.3 0.8700961894 0)
(0.2 0.8700961894 0)
(0.1125 0.3288303121 0)
(0.8875 0.545336663 0)
(0.8875 0.1989265015 0)
(0.1125 0.7185417438 0)
(0.1125 0.1556252313 0)
(0.1125 0.4154328524 0)
(0.887499983 0.8484455642 0)
(0.1375 0.1123239611 0)
(0.8625 0.1123239611 0)
(0.8375 0.1123239611 0)
(0.8875 0.1123239611 0)
(0.1125 0.1123239611 0)
(0.8875 0.5886379332 0)
(0.875 0.6102885683 0)
(0.8875 0.2422277717 0)
(0.875 0.2638784068 0)
(0.5625 0.6752404736 0)
(0.5875 0.6752404736 0)
(0.1375 0.2855290419 0)
(0.1125 0.2855290419 0)
(0.5375 0.6752404736 0)
(0.5125 0.3721315823 0)
(0.4875 0.3721315823 0)
(0.625 0.4370834875 0)
(0.65 0.4370834875 0)
(0.6625 0.4154328524 0)
(0.275 0.2205771366 0)
(0.3875 0.1556252313 0)
(0.4 0.1339745962 0)
(0.3875 0.1123239611 0)
(0.4125 0.1123239611 0)
(0.425 0.1339745962 0)
(0.4375 0.1123239611 0)
(0.45 0.1339745962 0)
(0.4625 0.1123246963 0)
(0.475 0.1339747187 0)
(0.4875 0.1123265146 0)
(0.5 0.1339750422 0)
(0.5125 0.1123261364 0)
(0.525 0.1339750331 0)
(0.5375 0.1123243965 0)
(0.55 0.1339747416 0)
(0.5625 0.1123240579 0)
(0.575 0.1339746366 0)
(0.5875 0.112323984 0)
(0.6 0.1339746068 0)
(0.6125 0.1123239667 0)
(0.624989301 0.133980776 0)
(0.6371794366 0.111695461 0)
(0.575 0.4370834875 0)
(0.5875 0.3721315823 0)
(0.85 0.6102885683 0)
(0.8625 0.6319392034 0)
(0.8875 0.6319392034 0)
(0.875 0.6535898385 0)
(0.7124749118 0.1556519769 0)
(0.35 0.8267949192 0)
(0.3 0.4803847577 0)
(0.8125 0.545336663 0)
(0.6375 0.7185417438 0)
(0.65 0.7401923789 0)
(0.6375 0.761843014 0)
(0.6625 0.761843014 0)
(0.65 0.7834936491 0)
(0.675 0.7834936491 0)
(0.6625 0.8051442841 0)
(0.6875 0.8051442841 0)
(0.675 0.8267949192 0)
(0.65 0.8267949192 0)
(0.6625 0.8484455543 0)
(0.6375 0.8484455543 0)
(0.6875 0.8484455543 0)
(0.65 0.8700961894 0)
(0.625 0.8700961894 0)
(0.125 0.6968911087 0)
(0.6375 0.8917468245 0)
(0.6125 0.8917468245 0)
(0.6625 0.8917468245 0)
(0.6 0.8700961894 0)
(0.5875 0.8917468245 0)
(0.3375 0.8917468245 0)
(0.3625 0.8917468245 0)
(0.737496416 0.1123260171 0)
(0.8 0.2205771366 0)
(0.375 0.8700961894 0)
(0.3875 0.8917468245 0)
(0.175 0.4803847577 0)
(0.15 0.4803847577 0)
(0.2 0.4803847577 0)
(0.7375 0.5020353928 0)
(0.09996946318 0.739050611 0)
(0.9 0.6535898385 0)
(0.8875 0.6752404736 0)
(0.9 0.2638784068 0)
(0.8875 0.2855290419 0)
(0.1 0.4370834875 0)
(0.125 0.09067332603 0)
(0.15 0.09067332603 0)
(0.875 0.09067332603 0)
(0.45 0.09067332603 0)
(0.5250191107 0.09068647005 0)
(0.9 0.1339745962 0)
(0.9124997028 0.8917469961 0)
(0.9 0.09067332603 0)
(0.1 0.09067332603 0)
(0.0875 0.1123239611 0)
(0.1 0.6968911087 0)
(0.6124982168 0.155626263 0)
(0.175 0.2205771366 0)
(0.125 0.2638784068 0)
(0.1 0.2638784068 0)
(0.1125 0.2422277717 0)
(0.225 0.8700961894 0)
(0.2125 0.8917468245 0)
(0.1875 0.8917468245 0)
(0.2375 0.8917468245 0)
(0.4875 0.1556253261 0)
(0.4625 0.6319392034 0)
(0.675 0.4370834875 0)
(0.75 0.3937822174 0)
(0.475 0.8267949192 0)
(0.4625 0.8484455543 0)
(0.4875 0.8484455543 0)
(0.475 0.8700961894 0)
(0.5 0.8700961894 0)
(0.4875 0.8917468245 0)
(0.5125 0.8917468245 0)
(0.4625 0.6752404736 0)
(0.575 0.6535898385 0)
(0.6 0.6535898385 0)
(0.5 0.7401923789 0)
(0.7624994027 0.1123243038 0)
(0.225 0.5669872981 0)
(0.5375 0.5020353928 0)
(0.4125 0.6319392034 0)
(0.425 0.6102885683 0)
(0.2375 0.6319392034 0)
(0.25 0.3504809472 0)
(0.4 0.6102885683 0)
(0.4125 0.5886379332 0)
(0.35 0.3937822174 0)
(0.525 0.8700961894 0)
(0.475 0.5236860279 0)
(0.8625 0.6752404736 0)
(0.875 0.6968911087 0)
(0.9 0.6968911087 0)
(0.8875 0.7185417438 0)
(0.3 0.7401923789 0)
(0.7124743145 0.1123386953 0)
(0.1125 0.6752404736 0)
(0.7375 0.545336663 0)
(0.8375 0.3721315823 0)
(0.85 0.3504809472 0)
(0.8625 0.3721315823 0)
(0.875 0.3504809472 0)
(0.8875 0.3721315823 0)
(0.9 0.3504809472 0)
(0.6875 0.761843014 0)
(0.725 0.4803847577 0)
(0.8499998774 0.9133975304 0)
(0.4625 0.8917468245 0)
(0.6374872206 0.1556326103 0)
(0.65 0.9133974596 0)
(0.675 0.9133974596 0)
(0.0875 0.6752404736 0)
(0.1 0.6535898385 0)
(0.9125 0.3721315823 0)
(0.9 0.3937822174 0)
(0.9125 0.2422277717 0)
(0.0875 0.2422277717 0)
(0.0875 0.4154328524 0)
(0.9125 0.2855290419 0)
(0.08704398967 0.2857748836 0)
(0.4 0.09067332603 0)
(0.375 0.09067332603 0)
(0.7249951217 0.09067612438 0)
(0.6994146175 0.09037373191 0)
(0.5998662395 0.09075055744 0)
(0.9125 0.6319392034 0)
(0.9124720024 0.7185579082 0)
(0.8999953337 0.7401950729 0)
(0.5625 0.1556252623 0)
(0.1 0.2205771366 0)
(0.4375 0.1556252313 0)
(0.6625 0.4587341226 0)
(0.85 0.2638784068 0)
(0.3875 0.5886379332 0)
(0.1875 0.2855290419 0)
(0.2125 0.2855290419 0)
(0.7875 0.2855290419 0)
(0.4 0.5669872981 0)
(0.4 0.2205771366 0)
(0.5 0.3504809472 0)
(0.475 0.3504809472 0)
(0.4625 0.3721315823 0)
(0.525 0.3504809472 0)
(0.45 0.3504809472 0)
(0.4375 0.3721315823 0)
(0.425 0.3504809472 0)
(0.4125 0.3721315823 0)
(0.625 0.8267949192 0)
(0.425 0.5669872981 0)
(0.8375 0.6319392034 0)
(0.825 0.6102885683 0)
(0.425 0.8267949192 0)
(0.6625 0.7185417438 0)
(0.65 0.6968911087 0)
(0.1875 0.5020353928 0)
(0.2125 0.5020353928 0)
(0.225 0.4803847577 0)
(0.8 0.5236860279 0)
(0.1375 0.6752404736 0)
(0.7875 0.4587341226 0)
(0.125 0.3504809472 0)
(0.1 0.3504809472 0)
(0.7375 0.4154328524 0)
(0.725 0.3937822174 0)
(0.6 0.9133974596 0)
(0.575 0.9133974596 0)
(0.475 0.9133974596 0)
(0.45 0.9133974596 0)
(0.35 0.9133974596 0)
(0.325 0.9133974596 0)
(0.2 0.9133974596 0)
(0.175 0.9133974596 0)
(0.925 0.6535898385 0)
(0.925 0.3504809472 0)
(0.075 0.6968911087 0)
(0.9249665584 0.7402116864 0)
(0.9124936487 0.7618466809 0)
(0.925 0.3937822174 0)
(0.9125 0.4154328524 0)
(0.075 0.6535898385 0)
(0.0875 0.6319392034 0)
(0.075 0.4370834875 0)
(0.0875 0.4587341226 0)
(0.1375 0.06897765552 0)
(0.1625 0.0689618902 0)
(0.8875 0.06839791503 0)
(0.9125 0.06829378572 0)
(0.925 0.09055184182 0)
(0.8625 0.06891856162 0)
(0.7118665334 0.0685672543 0)
(0.6864359357 0.06780129732 0)
(0.7373936092 0.06889395639 0)
(0.3877494792 0.0691667278 0)
(0.3633261488 0.06878476328 0)
(0.0625 0.4587341226 0)
(0.075 0.4803847577 0)
(0.075 0.09067332603 0)
(0.0625 0.1123239611 0)
(0.075 0.2205771366 0)
(0.9374476119 0.06885071308 0)
(0.6249975729 0.1772772682 0)
(0.6499974656 0.1772773299 0)
(0.8749992223 0.7401928279 0)
(0.6867749275 0.1119491128 0)
(0.0875 0.1989265015 0)
(0.175 0.09066319257 0)
(0.1875 0.06895757374 0)
(0.2 0.09066078425 0)
(0.2125 0.06895645294 0)
(0.225 0.09066019607 0)
(0.2375 0.06895616811 0)
(0.25 0.09066005056 0)
(0.2625 0.06895609639 0)
(0.275 0.09066001436 0)
(0.2875 0.0689560784 0)
(0.3 0.09066000533 0)
(0.2625 0.1123195299 0)
(0.3125 0.06900936873 0)
(0.2375 0.8484455543 0)
(0.2125 0.1123196825 0)
(0.1125 0.1989265015 0)
(0.5125 0.3288303121 0)
(0.1 0.4803847577 0)
(0.0875 0.5020353928 0)
(0.1125 0.5020353928 0)
(0.1 0.5236860279 0)
(0.075 0.5236860279 0)
(0.0875 0.545336663 0)
(0.4125290927 0.06902339143 0)
(0.575 0.8700961894 0)
(0.599999642 0.1772760733 0)
(0.0874778959 0.3288175503 0)
(0.07499631598 0.3504788202 0)
(0.5875 0.6319392034 0)
(0.6125 0.6319392034 0)
(0.5625 0.6319392034 0)
(0.3125 0.2422277717 0)
(0.1376197572 0.805213426 0)
(0.1133582599 0.8056398008 0)
(0.1251630029 0.826889029 0)
(0.1001702105 0.8268931903 0)
(0.1125555356 0.8484776178 0)
(0.08753762434 0.8484672768 0)
(0.1000155266 0.8701051537 0)
(0.08675709082 0.8023951599 0)
(0.0750088585 0.8701013039 0)
(0.08750406419 0.891749171 0)
(0.1125032651 0.8917487097 0)
(0.1000012216 0.9133981649 0)
(0.07500088096 0.9133979682 0)
(0.8375 0.3288303121 0)
(0.3875 0.6319392034 0)
(0.6875 0.8917468245 0)
(0.7 0.9133974596 0)
(0.7125 0.8917468245 0)
(0.725 0.9133974596 0)
(0.7375 0.8917468245 0)
(0.75 0.9133974596 0)
(0.7625 0.8917468245 0)
(0.75 0.8700961894 0)
(0.775 0.9133974596 0)
(0.425 0.3937822174 0)
(0.6875 0.5020353928 0)
(0.7625 0.2422277717 0)
(0.9248622027 0.6968492683 0)
(0.525 0.6968911087 0)
(0.5125 0.6752404736 0)
(0.5 0.6968911087 0)
(0.5375 0.4587341226 0)
(0.4 0.3937822174 0)
(0.525 0.6535898385 0)
(0.225 0.307179677 0)
(0.2375 0.2855290419 0)
(0.35 0.7834936491 0)
(0.4 0.8700961894 0)
(0.625 0.6535898385 0)
(0.3625 0.6752404736 0)
(0.85 0.6968911087 0)
(0.8375 0.6752404736 0)
(0.625 0.7834936491 0)
(0.8875 0.5020353928 0)
(0.9 0.4803847577 0)
(0.9125 0.5020353928 0)
(0.925 0.4803847577 0)
(0.3875 0.3721315823 0)
(0.3 0.4370834875 0)
(0.5875 0.8484455543 0)
(0.1250007478 0.9133978914 0)
(0.325 0.1339745962 0)
(0.2 0.2638784068 0)
(0.175 0.2638784068 0)
(0.25 0.307179677 0)
(0.2625 0.2855290419 0)
(0.8125 0.6319392034 0)
(0.7125 0.1989265015 0)
(0.5375 0.3288303121 0)
(0.5625 0.8484455543 0)
(0.1625 0.545336663 0)
(0.775 0.8700961894 0)
(0.7625 0.8484455543 0)
(0.7375 0.8484455543 0)
(0.75 0.8267949192 0)
(0.8875 0.4587341226 0)
(0.8 0.6102885683 0)
(0.25 0.2638784068 0)
(0.4125 0.8051442841 0)
(0.4625 0.3288303121 0)
(0.7875 0.545336663 0)
(0.2 0.5236860279 0)
(0.225 0.5236860279 0)
(0.75 0.4370834875 0)
(0.725 0.4370834875 0)
(0.4 0.8267949192 0)
(0.3375 0.1123239611 0)
(0.675 0.6968911087 0)
(0.6875 0.7185417438 0)
(0.6625 0.6752404736 0)
(0.6625 0.9350480947 0)
(0.6375 0.6319392034 0)
(0.075 0.1339745962 0)
(0.1625 0.8917468245 0)
(0.4625 0.9350480947 0)
(0.3375 0.9350480947 0)
(0.5875 0.9350480947 0)
(0.5625 0.9350480947 0)
(0.6375 0.9350480947 0)
(0.7125 0.9350480947 0)
(0.4375 0.9350480947 0)
(0.6624653136 0.1556327967 0)
(0.7625 0.9350480947 0)
(0.1125003282 0.9350482842 0)
(0.1375001793 0.9350481983 0)
(0.1875 0.9350480947 0)
(0.3625 0.9350480947 0)
(0.4875 0.9350480947 0)
(0.3125 0.9350480947 0)
(0.3 0.9133974596 0)
(0.2875 0.9350480947 0)
(0.7875 0.9350480947 0)
(0.8 0.9133974596 0)
(0.8125 0.9350480947 0)
(0.2125 0.9350480947 0)
(0.06321535276 0.4158458616 0)
(0.9370303132 0.501764219 0)
(0.9249217189 0.5236408323 0)
(0.9535557576 0.5240677374 0)
(0.9375 0.545336663 0)
(0.06294615143 0.1991054179 0)
(0.9374933679 0.761846843 0)
(0.9249978361 0.7834948984 0)
(0.0875 0.06902269093 0)
(0.06311872004 0.06937990911 0)
(0.8749934019 0.04701195742 0)
(0.9374932207 0.9350520088 0)
(0.0625 0.2422277717 0)
(0.9375031258 0.6319392034 0)
(0.925000521 0.6102885683 0)
(0.9496254152 0.6533732561 0)
(0.06307372298 0.5456679021 0)
(0.0750956205 0.5670425046 0)
(0.1000159367 0.5669964992 0)
(0.0625 0.3288303121 0)
(0.04639802519 0.3504620971 0)
(0.06314850206 0.6315647906 0)
(0.05046968682 0.4801135839 0)
(0.6124995358 0.1989267696 0)
(0.6749937965 0.1772897253 0)
(0.8999985808 0.7834944684 0)
(0.9124994028 0.8051446289 0)
(0.9369087821 0.8048034757 0)
(0.9249013641 0.8267381753 0)
(0.15 0.2205771366 0)
(0.575 0.6102885683 0)
(0.725 0.8267949192 0)
(0.7375 0.8051442841 0)
(0.275 0.9133974596 0)
(0.2625 0.9350480947 0)
(0.825 0.6968911087 0)
(0.275 0.2638784068 0)
(0.725 0.3504809472 0)
(0.7 0.3504809472 0)
(0.6875 0.3288303121 0)
(0.675 0.3504809472 0)
(0.6625 0.3288303121 0)
(0.65 0.3504809472 0)
(0.6375 0.3288303121 0)
(0.6875 0.3721315823 0)
(0.5 0.6535898385 0)
(0.5125 0.6319392034 0)
(0.8125 0.5886379332 0)
(0.7875 0.5886379332 0)
(0.4125 0.545336663 0)
(0.3875 0.545336663 0)
(0.6875 0.6752404736 0)
(0.8875 0.3288303121 0)
(0.1375 0.545336663 0)
(0.8125 0.2855290419 0)
(0.5 0.8267949192 0)
(0.6875 0.4587341226 0)
(0.07507435857 0.1773056858 0)
(0.675 0.307179677 0)
(0.7625 0.8051442841 0)
(0.8 0.2638784068 0)
(0.4375 0.545336663 0)
(0.45 0.5669872981 0)
(0.1125 0.6319392034 0)
(0.55 0.3504809472 0)
(0.5625 0.3288303121 0)
(0.525 0.307179677 0)
(0.8749987125 0.9566994732 0)
(0.55 0.9133974596 0)
(0.5375 0.9350480947 0)
(0.8875 0.4154328524 0)
(0.7875 0.6319392034 0)
(0.575 0.8267949192 0)
(0.425 0.9133974596 0)
(0.4125 0.9350480947 0)
(0.775 0.5236860279 0)
(0.7875 0.5020353928 0)
(0.85 0.3937822174 0)
(0.3875 0.8051442841 0)
(0.125 0.3937822174 0)
(0.15 0.5236860279 0)
(0.75 0.4803847577 0)
(0.625 0.3504809472 0)
(0.6125 0.3288303121 0)
(0.07510808368 0.6102261662 0)
(0.05096425522 0.6106417154 0)
(0.087499386 0.3721312278 0)
(0.6875 0.4154328524 0)
(0.65 0.9566987298 0)
(0.45 0.9566987298 0)
(0.1250000846 0.9566987787 0)
(0.9367846472 0.4158458616 0)
(0.9248807745 0.4371523224 0)
(0.9490072307 0.4372440708 0)
(0.06295647695 0.8487091014 0)
(0.05033867449 0.8702946554 0)
(0.05060714341 0.1336240618 0)
(0.9532569501 0.3959046243 0)
(0.04661462489 0.6523526081 0)
(0.04644879275 0.1765083371 0)
(0.04644792171 0.5241602529 0)
(0.9535368586 0.826147574 0)
(0.9375 0.8484455543 0)
(0.9533731961 0.4783683112 0)
(0.03810594281 0.1120436882 0)
(0.05296681061 0.5691501856 0)
(0.8499989003 0.0468424251 0)
(0.8374998167 0.06891706426 0)
(0.8249997862 0.04676023177 0)
(0.8124999338 0.06890311581 0)
(0.7999999533 0.04673964281 0)
(0.7874999812 0.06889735957 0)
(0.7999999858 0.09063250828 0)
(0.7749999891 0.04668195711 0)
(0.9503076803 0.09031045635 0)
(0.9375 0.1123239611 0)
(0.9622255665 0.1120091096 0)
(0.9493471177 0.1335715866 0)
(0.07511336544 0.04697435371 0)
(0.1001496259 0.04669125641 0)
(0.04631073337 0.04776364577 0)
(0.1126218868 0.02373719929 0)
(0.1500919699 0.04672370567 0)
(0.2 0.04672852861 0)
(0.4 0.04737205584 0)
(0.4252178584 0.04684132236 0)
(0.4376774584 0.02387045881 0)
(0.4502692648 0.04690413216 0)
(0.25 0.04672823491 0)
(0.7243416006 0.04630038343 0)
(0.3 0.04679492539 0)
(0.3255350898 0.04635716322 0)
(0.9504420649 0.6105007409 0)
(0.9375737643 0.5886732953 0)
(0.9625 0.5886379332 0)
(0.9249974409 0.04701012505 0)
(0.94987697 0.04647499251 0)
(0.9502789583 0.7397180385 0)
(0.9624192971 0.7619207654 0)
(0.9624307013 0.7159569762 0)
(0.9757257254 0.1351256725 0)
(0.0240248088 0.1355985393 0)
(0.03818170052 0.4592051877 0)
(0.024258444 0.4830307812 0)
(0.0625 0.02572142074 0)
(0.3380126232 0.02363779469 0)
(0.3506551906 0.04656066673 0)
(0.3876822571 0.02454967178 0)
(0.8124999566 0.0232480351 0)
(0.7624999987 0.02388408261 0)
(0.2875 0.02389753121 0)
(0.8624809785 0.02386815632 0)
(0.9373743069 0.02378204361 0)
(0.9768298191 0.04208576416 0)
(0.8999857281 0.04472041036 0)
(0.8874922517 0.02293818723 0)
(0.9625720474 0.6319392034 0)
(0.9729196103 0.6523537349 0)
(0.7498725329 0.04628939187 0)
(0.7116836412 0.02268494541 0)
(0.6988056244 0.0447649141 0)
(0.6731812456 0.04330226004 0)
(0.6603051963 0.06642891009 0)
(0.6467630439 0.04450641903 0)
(0.6356195695 0.0674064711 0)
(0.6732411946 0.0891661714 0)
(0.622725564 0.04593745685 0)
(0.275 0.04638102451 0)
(0.2375 0.02388635482 0)
(0.225 0.04636817003 0)
(0.1875037616 0.02384391016 0)
(0.1750212215 0.04630201006 0)
(0.1251472841 0.04680076899 0)
(0.4377021299 0.06887607716 0)
(0.4627298526 0.06890039792 0)
(0.4752732042 0.04676413425 0)
(0.487729872 0.06891163501 0)
(0.5003333608 0.04656980241 0)
(0.5127476544 0.02365654877 0)
(0.5254234565 0.04688876769 0)
(0.6625 0.1121754517 0)
(0.6748713893 0.1338999595 0)
(0.699870975 0.1340486097 0)
(0.325 0.09067332603 0)
(0.3125 0.112321741 0)
(0.6624985437 0.1989290552 0)
(0.7874999999 0.8484455544 0)
(0.5874999501 0.1989265304 0)
(0.7125 0.8051442841 0)
(0.725 0.7834936491 0)
(0.625 0.6102885683 0)
(0.65 0.6102885683 0)
(0.5999999143 0.2205771861 0)
(0.5624999917 0.1989265063 0)
(0.7749998949 0.09064569162 0)
(0.2 0.1339738831 0)
(0.55 0.6102885683 0)
(0.25 0.9133974596 0)
(0.2375 0.9350480947 0)
(0.8874996638 0.8051444783 0)
(0.8749997073 0.7834938181 0)
(0.8499999508 0.7834936775 0)
(0.675 0.6535898385 0)
(0.924999343 0.9133978389 0)
(0.9376870658 0.8916739348 0)
(0.125 0.1772758664 0)
(0.8249999796 0.9133974714 0)
(0.8374999762 0.9350481085 0)
(0.8124999952 0.8917468273 0)
(0.1375 0.2422277717 0)
(0.1250026561 0.5669888316 0)
(0.9124869531 0.5453291304 0)
(0.9124835579 0.8484360987 0)
(0.6375 0.5886379332 0)
(0.2625 0.8917468245 0)
(0.1875 0.11231935 0)
(0.225 0.1339737643 0)
(0.9506582119 0.913206299 0)
(0.9627570318 0.9359030631 0)
(0.9625025625 0.8907773856 0)
(0.9501337201 0.8700961894 0)
(0.9759975053 0.8668115329 0)
(0.25 0.8700961894 0)
(0.2625 0.8484455543 0)
(0.7 0.7834936491 0)
(0.7125 0.761843014 0)
(0.7 0.7401923789 0)
(0.725 0.7401923789 0)
(0.9501905815 0.9575670539 0)
(0.2875 0.8917468245 0)
(0.8125 0.6752404736 0)
(0.7125 0.8484455543 0)
(0.8999971373 0.8700946841 0)
(0.7 0.8700961894 0)
(0.2875 0.2855290419 0)
(0.1375364231 0.8484665832 0)
(0.4375 0.8917468245 0)
(0.45 0.8700961894 0)
(0.06239149787 0.8917812304 0)
(0.04935285651 0.9133082918 0)
(0.06239228958 0.9350333182 0)
(0.0375 0.9350480947 0)
(0.03761014213 0.8909488486 0)
(0.024073621 0.8669652918 0)
(0.1375 0.1989265015 0)
(0.2625 0.2422277717 0)
(0.4 0.9133974596 0)
(0.125 0.4803847577 0)
(0.4875 0.6319392034 0)
(0.5 0.6102885683 0)
(0.9125 0.3288303121 0)
(0.9369572832 0.3285169744 0)
(0.9535531474 0.3502799148 0)
(0.8374999419 0.8917468581 0)
(0.1000123931 0.1772808363 0)
(0.7125 0.7185417438 0)
(0.5125 0.1556252737 0)
(0.5 0.1772758893 0)
(0.475 0.177275886 0)
(0.4875 0.1989265033 0)
(0.525 0.1772758773 0)
(0.4625 0.1989265051 0)
(0.425 0.5236860279 0)
(0.5625 0.5886379332 0)
(0.5 0.307179677 0)
(0.25 0.8267949192 0)
(0.7875 0.1556252313 0)
(0.825 0.1339745962 0)
(0.8124999976 0.1123171582 0)
(0.7625 0.3721315823 0)
(0.55 0.8700961894 0)
(0.5375 0.8484455543 0)
(0.45 0.1772758703 0)
(0.15 0.6968911087 0)
(0.175 0.6968911087 0)
(0.1875 0.7185417438 0)
(0.2 0.6968911087 0)
(0.2125 0.7185417438 0)
(0.225 0.6968911087 0)
(0.2375 0.7185417438 0)
(0.2125 0.6752404736 0)
(0.2375 0.6752404736 0)
(0.1625 0.6752404736 0)
(0.15 0.6535898385 0)
(0.25 0.6968911087 0)
(0.2625 0.7185417438 0)
(0.25 0.7401923789 0)
(0.2625 0.761843014 0)
(0.7 0.8267949192 0)
(0.675 0.4803847577 0)
(0.65 0.4803847577 0)
(0.275 0.8267949192 0)
(0.1625 0.1123215037 0)
(0.4125 0.1556252313 0)
(0.4 0.1772758664 0)
(0.425 0.177275867 0)
(0.225 0.7401923789 0)
(0.9 0.2205771366 0)
(0.9125 0.1989265015 0)
(0.9 0.1772758664 0)
(0.925 0.1772758664 0)
(0.9381703035 0.1998425618 0)
(0.9537213235 0.1766093835 0)
(0.05015978687 0.2203042 0)
(0.03755350535 0.2409953162 0)
(0.04950151002 0.2638003363 0)
(0.03579090777 0.2863558433 0)
(0.06039922802 0.2865496416 0)
(0.4125 0.4154328524 0)
(0.3875 0.4154328524 0)
(0.5125 0.7185417438 0)
(0.75 0.7834936491 0)
(0.150037998 0.8268168574 0)
(0.35 0.6535898385 0)
(0.475 0.2205771375 0)
(0.4625 0.545336663 0)
(0.1375006688 0.8917472107 0)
(0.05063306945 0.09079217806 0)
(0.925 0.2638784068 0)
(0.9376524742 0.2425601982 0)
(0.9367658237 0.285105165 0)
(0.725 0.8700961894 0)
(0.35 0.3504809472 0)
(0.5125 0.5886379332 0)
(0.4875 0.5886379332 0)
(0.475 0.6102885683 0)
(0.45 0.6102885683 0)
(0.2125 0.4587341226 0)
(0.2375 0.4587341226 0)
(0.25 0.4803847577 0)
(0.2625 0.4587341226 0)
(0.1875 0.6752404736 0)
(0.8125 0.9783493649 0)
(0.8125 0.1556252313 0)
(0.4375 0.4154328524 0)
(0.85 0.6535898385 0)
(0.7375 0.3721315823 0)
(0.6125 0.9350480947 0)
(0.25 0.4370834875 0)
(0.3125 0.2855290419 0)
(0.275 0.307179677 0)
(0.3125 0.7185417438 0)
(0.15 0.1772758664 0)
(0.8999978255 0.5669860427 0)
(0.5871005451 0.02256953788 0)
(0.5749216316 0.04406592101 0)
(0.02169287765 0.6626619566 0)
(0.02146363501 0.5368397278 0)
(0.8124999965 0.8484455564 0)
(0.2625 0.545336663 0)
(0.375 0.2205771366 0)
(0.7625 0.2855290419 0)
(0.5499999986 0.2205771374 0)
(0.5375 0.1989265015 0)
(0.3625 0.6319392034 0)
(0.35 0.6102885683 0)
(0.8375 0.7185417438 0)
(0.8375 0.5886379332 0)
(0.8375 0.2422277717 0)
(0.4250385371 0.09064900715 0)
(0.625 0.9133974596 0)
(0.4375 0.8484455543 0)
(0.875 0.3937822174 0)
(0.825 0.2638784068 0)
(0.5375 0.6319392034 0)
(0.06266114639 0.9784424028 0)
(0.1625262925 0.8051594641 0)
(0.3125 0.8917468245 0)
(0.9369208581 0.6749123394 0)
(0.8 0.5669872981 0)
(0.775 0.5669872981 0)
(0.8499999695 0.09063836669 0)
(0.8249999506 0.09062202905 0)
(0.7874998802 0.1123114757 0)
(0.55 0.6535898385 0)
(0.675 0.7401923789 0)
(0.9125 0.1556252313 0)
(0.0623796893 0.6749941896 0)
(0.04628825664 0.6986324346 0)
(0.0634826397 0.719230788 0)
(0.0625 0.3721315823 0)
(0.0221481764 0.0617487612 0)
(0.1125 0.4587341226 0)
(0.02276709006 0.8127991532 0)
(0.04355154525 0.7999370716 0)
(0.0433429827 0.7749895119 0)
(0.06468525414 0.7872961995 0)
(0.06524044029 0.7598425586 0)
(0.08680180393 0.7754420742 0)
(0.04142571401 0.7493765806 0)
(0.6374997014 0.1989267482 0)
(0.6749997573 0.2205775622 0)
(0.15 0.3504809472 0)
(0.225 0.9133974596 0)
(0.5875 0.9783493649 0)
(0.2375 0.9783493649 0)
(0.175 0.7401923789 0)
(0.1375 0.4587341226 0)
(0.2125 0.4154328524 0)
(0.9767707978 0.2903962195 0)
(0.425 0.4370834875 0)
(0.4625 0.4154328524 0)
(0.3375 0.3721315823 0)
(0.2625 0.6319392034 0)
(0.325 0.6102885683 0)
(0.3375 0.5886379332 0)
(0.3625 0.5886379332 0)
(0.625 0.307179677 0)
(0.6 0.307179677 0)
(0.225 0.3504809472 0)
(0.3 0.2205771366 0)
(0.2875 0.2422277717 0)
(0.4875 0.8051442841 0)
(0.375 0.1772758664 0)
(0.3625 0.8484455543 0)
(0.5375 0.7185417438 0)
(0.3875 0.6752404736 0)
(0.8999847787 0.5236772399 0)
(0.6125 0.6752404736 0)
(0.5500031851 0.09067560539 0)
(0.5376591447 0.06893400771 0)
(0.5625797355 0.06843552846 0)
(0.07449078795 0.2640764686 0)
(0.07486737537 0.3071031061 0)
(0.5749999306 0.1772759117 0)
(0.375 0.3937822174 0)
(0.7999999796 0.1339713815 0)
(0.275 0.8700961894 0)
(0.3875 0.9783493649 0)
(0.625 0.5236860279 0)
(0.6125 0.5020353928 0)
(0.5875 0.5020353928 0)
(0.6 0.4803847577 0)
(0.575 0.4803847577 0)
(0.5875 0.4587341226 0)
(0.6125 0.4587341226 0)
(0.55 0.5236860279 0)
(0.4375 0.7185417438 0)
(0.4625 0.7185417438 0)
(0.45 0.6968911087 0)
(0.475 0.6968911087 0)
(0.5875 0.761843014 0)
(0.6 0.7834936491 0)
(0.6125 0.761843014 0)
(0.6125 0.8051442841 0)
(0.1875 0.9783493649 0)
(0.3625 0.5020353928 0)
(0.3875 0.5020353928 0)
(0.375 0.5236860279 0)
(0.4 0.5236860279 0)
(0.3625 0.545336663 0)
(0.4375 0.5020353928 0)
(0.825 0.2205771366 0)
(0.6625 0.3721315823 0)
(0.9783493649 0.5375 0)
(0.9782195172 0.5125736009 0)
(0.7125 0.9783493649 0)
(0.5375 0.9783493649 0)
(0.02165063509 0.1875 0)
(0.375 0.6968911087 0)
(0.5125 0.8051442841 0)
(0.2125 0.761843014 0)
(0.8125 0.5020353928 0)
(0.6241690325 0.08977834899 0)
(0.4875 0.7185417438 0)
(0.8999806619 0.8267839774 0)
(0.35 0.5669872981 0)
(0.8624997854 0.9783494888 0)
(0.02301747502 0.410081343 0)
(0.7625 0.6319392034 0)
(0.4 0.6535898385 0)
(0.375 0.6535898385 0)
(0.9494894179 0.7834424108 0)
(0.9781338804 0.3381253102 0)
(0.02127199603 0.7623943488 0)
(0.6125 0.2855290419 0)
(0.775 0.2205771366 0)
(0.875 0.1772758664 0)
(0.3875 0.8484455543 0)
(0.9375 0.3721315823 0)
(0.9744813755 0.4370369109 0)
(0.3375 0.9783493649 0)
(0.2875 0.9783493649 0)
(0.525 0.7401923789 0)
(0.6 0.6968911087 0)
(0.6375 0.8051442841 0)
(0.725 0.5669872981 0)
(0.7375 0.5886379332 0)
(0.675 0.5236860279 0)
(0.6625 0.5020353928 0)
(0.525 0.4803847577 0)
(0.55 0.4803847577 0)
(0.5625 0.4587341226 0)
(0.475 0.4370834875 0)
(0.525 0.6102885683 0)
(0.35 0.5236860279 0)
(0.3625 0.761843014 0)
(0.4625 0.2855290419 0)
(0.45 0.307179677 0)
(0.425 0.307179677 0)
(0.7 0.307179677 0)
(0.6875 0.2855290419 0)
(0.825 0.307179677 0)
(0.8375 0.2855290419 0)
(0.85 0.307179677 0)
(0.825 0.5669872981 0)
(0.475 0.3937822174 0)
(0.6 0.4370834875 0)
(0.6375 0.4587341226 0)
(0.5749915267 0.09058873735 0)
(0.5875 0.06902269093 0)
(0.55 0.4370834875 0)
(0.7875 0.2422277717 0)
(0.2375 0.1123179699 0)
(0.25 0.1339727205 0)
(0.275 0.1339735451 0)
(0.2625 0.1556247435 0)
(0.625 0.4803847577 0)
(0.6375 0.5020353928 0)
(0.9783493649 0.1875 0)
(0.5625 0.5020353928 0)
(0.02181352759 0.3621864472 0)
(0.02165063509 0.3375 0)
(0.3 0.6968911087 0)
(0.425 0.2205771366 0)
(0.65 0.307179677 0)
(0.5625 0.3721315823 0)
(0.4375 0.5886379332 0)
(0.9783493649 0.2375 0)
(0.9546875009 0.2233109289 0)
(0.9780938451 0.386261071 0)
(0.02163747703 0.7122720724 0)
(0.09989821016 0.3072057618 0)
(0.4875 0.4154328524 0)
(0.9250501973 0.8700822429 0)
(0.9776123647 0.4637133275 0)
(0.3625 0.4154328524 0)
(0.475 0.6535898385 0)
(0.3 0.2638784068 0)
(0.5125 0.8484455543 0)
(0.02549170208 0.6118490779 0)
(0.02023696663 0.585855295 0)
(0.25 0.5669872981 0)
(0.5875 0.2855290419 0)
(0.4 0.3504809472 0)
(0.2875 0.5020353928 0)
(0.2125 0.6319392034 0)
(0.45 0.3937822174 0)
(0.8 0.4803847577 0)
(0.9779811814 0.8127661972 0)
(0.8874988037 0.9783500556 0)
(0.275 0.3504809472 0)
(0.1625 0.2855290419 0)
(0.7 0.4803847577 0)
(0.625 0.6968911087 0)
(0.6875 0.9350480947 0)
(0.2875 0.8484455543 0)
(0.375 0.4370834875 0)
(0.3125 0.4587341226 0)
(0.2875 0.4154328524 0)
(0.325 0.5669872981 0)
(0.375 0.307179677 0)
(0.3875 0.3288303121 0)
(0.3875 0.2855290419 0)
(0.475 0.7401923789 0)
(0.3125 0.1556252313 0)
(0.375 0.3504809472 0)
(0.08761334558 0.718452092 0)
(0.375 0.6102885683 0)
(0.375 0.5669872981 0)
(0.05078284639 0.4377162547 0)
(0.4875 0.3288303121 0)
(0.7625 0.9783493649 0)
(0.5125 0.9783493649 0)
(0.225 0.8267949192 0)
(0.225 0.4370834875 0)
(0.5375 0.3721315823 0)
(0.225 0.2638784068 0)
(0.2125 0.2422277717 0)
(0.2 0.2205771366 0)
(0.275 0.4370834875 0)
(0.775 0.4370834875 0)
(0.112549485 0.06880650398 0)
(0.9 0.307179677 0)
(0.125 0.2205771366 0)
(0.4625 0.5020353928 0)
(0.2375 0.5020353928 0)
(0.0625 0.5020353928 0)
(0.4375 0.1989265028 0)
(0.6625 0.2855290419 0)
(0.75 0.2638784068 0)
(0.775 0.2638784068 0)
(0.825 0.3937822174 0)
(0.275 0.6535898385 0)
(0.1375004427 0.5886381888 0)
(0.07505447717 0.8270358502 0)
(0.04786510855 0.8265267759 0)
(0.575 0.5236860279 0)
(0.3125 0.5886379332 0)
(0.3875 0.761843014 0)
(0.425 0.7834936491 0)
(0.6125 0.8484455543 0)
(0.1875 0.2422277717 0)
(0.7375 0.9350480947 0)
(0.4875 0.6752404736 0)
(0.8125 0.7185417438 0)
(0.8499998704 0.7401924537 0)
(0.8 0.6968911087 0)
(0.2 0.5669872981 0)
(0.8125 0.3288303121 0)
(0.3375 0.8051442841 0)
(0.7999999972 0.870096191 0)
(0.2625 0.4154328524 0)
(0.5375 0.1556253424 0)
(0.5874996316 0.1556254589 0)
(0.575 0.3504809472 0)
(0.675 0.8700961894 0)
(0.125 0.6535898385 0)
(0.6 0.6102885683 0)
(0.15 0.2638784068 0)
(0.9123805101 0.6751788111 0)
(0.8625 0.2855290419 0)
(0.1625000299 0.935048112 0)
(0.9486169587 0.2638644927 0)
(0.5625 0.8917468245 0)
(0.325 0.2638784068 0)
(0.2125 0.1556249738 0)
(0.3625 0.1989265015 0)
(0.1125030988 0.5453384521 0)
(0.3625 0.3721315823 0)
(0.4125 0.1989265018 0)
(0.8624998488 0.7185418311 0)
(0.7249958186 0.177280324 0)
(0.15 0.3937822174 0)
(0.4625 0.1556252714 0)
(0.2875 0.761843014 0)
(0.8749974631 0.5236845632 0)
(0.6999940878 0.1772957308 0)
(0.2125 0.3288303121 0)
(0.08748245339 0.9350458659 0)
(0.55 0.8267949192 0)
(0.4 0.7834936491 0)
(0.2 0.7401923789 0)
(0.3875 0.1989265016 0)
(0.2875 0.3288303121 0)
(0.1250185699 0.8701069108 0)
(0.4125 0.2855290419 0)
(0.7874999991 0.891746825 0)
(0.9125 0.1123037138 0)
(0.75 0.3504809472 0)
(0.8 0.6535898385 0)
(0.4875 0.545336663 0)
(0.7499807408 0.09064813069 0)
(0.1875 0.545336663 0)
(0.1095168355 0.7631017274 0)
(0.2625 0.3288303121 0)
(0.8375 0.4154328524 0)
(0.2 0.4370834875 0)
(0.9000000868 0.6102885683 0)
(0.8125 0.2422277717 0)
(0.8625 0.3288303121 0)
(0.9259183798 0.2212408498 0)
(0.65 0.6535898385 0)
(0.6 0.8267949192 0)
(0.6375 0.6752404736 0)
(0.525 0.8267949192 0)
(0.8875 0.1556252313 0)
(0.2375 0.2422277717 0)
(0.1625 0.2422277717 0)
(0.5375 0.2855290419 0)
(0.55 0.307179677 0)
(0.8999801291 0.43709496 0)
(0.475 0.307179677 0)
(0.25 0.5236860279 0)
(0.45 0.5236860279 0)
(0.3625 0.8051442841 0)
(0.4 0.307179677 0)
(0.1000180139 0.6102781679 0)
(0.1125 0.5886379332 0)
(0.2375 0.3288303121 0)
(0.8624993223 0.935048486 0)
(0.8749967137 0.8267931321 0)
(0.4125 0.3288303121 0)
(0.3625 0.1123239611 0)
(0.9248911863 0.1339040534 0)
(0.5875 0.8051442841 0)
(0.25 0.2205771366 0)
(0.1250005165 0.5236863261 0)
(0.8625 0.4587341226 0)
(0.275 0.4803847577 0)
(0.2875 0.7185417438 0)
(0.7125 0.3721315823 0)
(0.2875 0.1123182387 0)
(0.5625 0.8051442841 0)
(0.5125 0.2855290419 0)
(0.4375 0.3288303121 0)
(0.175 0.5236860279 0)
(0.9247871845 0.3070568079 0)
(0.2875 0.4587341226 0)
(0.275 0.7401923789 0)
(0.2375 0.545336663 0)
(0.1 0.1339745962 0)
(0.1625 0.3721315823 0)
(0.1124998977 0.3721315232 0)
(0.09999988061 0.3937821484 0)
(0.7624577914 0.06867608121 0)
(0.2625 0.5020353928 0)
(0.5 0.9133974596 0)
(0.5125 0.9350480947 0)
(0.7625 0.4587341226 0)
(0.775 0.6535898385 0)
(0.7125 0.6752404736 0)
(0.7 0.6535898385 0)
(0.7 0.6968911087 0)
(0.75 0.5236860279 0)
(0.9125120329 0.5886436176 0)
(0.1625 0.5020353928 0)
(0.875 0.307179677 0)
(0.475 0.5669872981 0)
(0.8749966882 0.4370853996 0)
(0.1250030761 0.6102868775 0)
(0.175 0.8700961894 0)
(0.6125 0.3721315823 0)
(0.2125 0.545336663 0)
(0.1625 0.6319392034 0)
(0.4125 0.8484455543 0)
(0.3378360715 0.06867643567 0)
(0.375 0.7834936491 0)
(0.150009277 0.8701015455 0)
(0.862499448 0.4154331711 0)
(0.225 0.6535898385 0)
(0.2 0.6535898385 0)
(0.5375 0.8917468245 0)
(0.7625 0.5886379332 0)
(0.8874977488 0.7618443137 0)
(0.6375 0.3721315823 0)
(0.5125 0.1989265074 0)
(0.65 0.3937822174 0)
(0.375 0.8267949192 0)
(0.7625 0.5020353928 0)
(0.775 0.4803847577 0)
(0.5875 0.3288303121 0)
(0.6 0.3504809472 0)
(0.275 0.6968911087 0)
(0.675 0.3937822174 0)
(0.25 0.6535898385 0)
(0.1374999829 0.3721315724 0)
(0.575 0.307179677 0)
(0.7125 0.4587341226 0)
(0.9124768173 0.4587475072 0)
(0.7375 0.4587341226 0)
(0.4625 0.5886379332 0)
(0.9375 0.4587341226 0)
(0.3501937034 0.09057596221 0)
(0.1375005127 0.6319389216 0)
(0.7 0.4370834875 0)
(0.75 0.5669872981 0)
(0.3875 0.9350480947 0)
(0.8624994166 0.7618433508 0)
(0.1375000861 0.5020354425 0)
(0.6249998586 0.2205772307 0)
(0.175 0.6535898385 0)
(0.825 0.6535898385 0)
(0.6999999595 0.2205772075 0)
(0.0625 0.1556252313 0)
(0.675 0.6102885683 0)
(0.3 0.1339730973 0)
(0.9250117627 0.5669926745 0)
(0.7749998771 0.1339720366 0)
(0.9375 0.1556252313 0)
(0.2625 0.6752404736 0)
(0.8374998729 0.7618430873 0)
(0.6625 0.5886379332 0)
(0.5875 0.5886379332 0)
(0.6625 0.6319392034 0)
(0.7125 0.4154328524 0)
(0.775 0.6102885683 0)
(0.5 0.220577138 0)
(0.95 0.5669872981 0)
(0.7625 0.545336663 0)
(0.08753960914 0.5886365341 0)
(0.1500000988 0.9133975166 0)
(0.525 0.9133974596 0)
(0.9528966859 0.3050046991 0)
(0.375 0.9133974596 0)
(0.08751445861 0.1556310295 0)
(0.06353115205 0.5892448597 0)
(0.7375 0.7185417438 0)
(0.7749999999 0.8267949193 0)
(0.4125 0.8917468245 0)
(0.425 0.8700961894 0)
(0.07511910323 0.3938509816 0)
(0.7 0.3937822174 0)
(0.549999987 0.1772759002 0)
(0.6625 0.9783493649 0)
(0.1375000141 0.978349373 0)
(0.7874999998 0.8051442843 0)
(0.75 0.7401923789 0)
(0.475 0.9566987298 0)
(0.5 0.9566987298 0)
(0.4625 0.9783493649 0)
(0.8499996327 0.9566989419 0)
(0.55 0.9566987298 0)
(0.7749999999 0.7834936491 0)
(0.525 0.9566987298 0)
(0.35 0.9566987298 0)
(0.04692522184 0.3957110374 0)
(0.325 0.9566987298 0)
(0.575 0.9566987298 0)
(0.4375 0.9783493649 0)
(0.7375 0.761843014 0)
(0.6 0.9566987298 0)
(0.6874976908 0.1989326304 0)
(0.6375 0.9783493649 0)
(0.625 0.9566987298 0)
(0.1500000513 0.9566987594 0)
(0.425 0.9566987298 0)
(0.3 0.9566987298 0)
(0.05017005239 0.9568048113 0)
(0.02302643221 0.9592798897 0)
(0.7 0.9566987298 0)
(0.4 0.9566987298 0)
(0.675 0.9566987298 0)
(0.375 0.9566987298 0)
(0.275 0.9566987298 0)
(0.75 0.9566987298 0)
(0.09999714437 0.9566983981 0)
(0.725 0.9566987298 0)
(0.8249999348 0.9566987674 0)
(0.1750000097 0.9566987354 0)
(0.775 0.9566987298 0)
(0.2000000016 0.9566987307 0)
(0.07503384769 0.9567290269 0)
(0.1124995405 0.9783493191 0)
(0.2250000003 0.95669873 0)
(0.7999999891 0.9566987361 0)
(0.25 0.9566987298 0)
(0.475 0.09067773705 0)
(0.5 0.09068337805 0)
(0.687445079 0.1556364665 0)
(0.6499154435 0.1338361759 0)
(0.5503180907 0.04675923768 0)
(0.5126941575 0.06877901015 0)
(0.6372350598 0.02163882199 0)
(0.9373966037 0.7179701322 0)
(0.4626448741 0.02341226936 0)
(0.1375654564 0.02330968765 0)
(0.5377679147 0.02383740454 0)
(0.0766761539 0.73804937 0)
(0.9623576462 0.06669196789 0)
(0.04650973894 0.3070767386 0)
(0.9498841928 0.6949109591 0)
(0.6114467735 0.06876040355 0)
(0.03815404586 0.02137210594 0)
(0.9617381272 0.9794850811 0)
(0.5987434802 0.04667907831 0)
(0.375412247 0.04662653277 0)
(0.6621143182 0.02060609799 0)
(0.6488357383 0.08944180238 0)
(0.04106454512 0.7252088975 0)
(0.9611841811 0.6729472594 0)
(0.04103846769 0.8499994035 0)
(0.9607597169 0.1999525748 0)
(0.04047405558 0.1999659579 0)
(0.9593006872 0.8498423996 0)
(0.03972521672 0.6752282378 0)
(0.9596818791 0.50040835 0)
(0.04085184707 0.5003795301 0)
(0.9594723198 0.3738796142 0)
(0.04038728031 0.3737426955 0)
(0.9592436989 0.3269502858 0)
(0.9591159701 0.5477197491 0)
(0.03964914832 0.5521453475 0)
(0.04043405588 0.3273259989 0)
(0.06358269519 0.8086382114 0)
(0.9588156022 0.8025300602 0)
(0.9589287063 0.1526863748 0)
(0.04104627601 0.1527712339 0)
(0.04121442657 0.07177013561 0)
(0.9834422536 0.7138630299 0)
(0.0417335596 0.6290577239 0)
(0.01688946284 0.2378956134 0)
(0.9827658426 0.0638564 0)
(0.9583948334 0.4550193486 0)
(0.9835789228 0.9367728808 0)
(0.01674682453 0.9375 0)
(0.9582029278 0.419262731 0)
(0.0415897609 0.4193744916 0)
(0.9832825051 0.5877455698 0)
(0.1044305067 0.7860974525 0)
(0.9833275783 0.7625 0)
(0.9833329201 0.1125 0)
(0.01666707986 0.1125 0)
(0.9580161319 0.2819331909 0)
(0.04198729811 0.591228676 0)
(0.9588358143 0.2460851638 0)
(0.0172896106 0.4609507861 0)
(0.9832560163 0.88906918 0)
(0.01678240285 0.8891483357 0)
(0.9825769869 0.6343900812 0)
(0.08764093937 0.7550972682 0)
(0.01524398427 0.2875 0)
(0.9816987298 0.01830127019 0)
(0.01830127019 0.01830127019 0)
(0.01830127019 0.9816987298 0)
(0.9816987298 0.9816987298 0)
(0.05757789861 0.7383416389 0)
(0.9824928451 0.6689873963 0)
(0.03456634523 0.5735136245 0)
(0.9777301015 0.4884655179 0.001)
(0.4876493172 0.02293489091 0.001)
(0.4875 0.9783493649 0.001)
(0.02165063509 0.5125 0.001)
(0.6119046275 0.02253997983 0.001)
(0.9775766954 0.6115616039 0.001)
(0.02230482507 0.3862769719 0.001)
(0.6125 0.9783493649 0.001)
(0.3625 0.9783493649 0.001)
(0.3630604064 0.0233253112 0.001)
(0.9783493649 0.3625 0.001)
(0.02244871376 0.6388804275 0.001)
(0.9772541071 0.7384754188 0.001)
(0.7375 0.02295328077 0.001)
(0.02206893354 0.2629886386 0.001)
(0.7375 0.9783493649 0.001)
(0.974872773 0.2631901991 0.001)
(0.2625 0.02295328077 0.001)
(0.0212126444 0.7375 0.001)
(0.2625 0.9783493649 0.001)
(0.8375 0.02300786403 0.001)
(0.9783493649 0.8375 0.001)
(0.1625 0.9783493649 0.001)
(0.1625315976 0.02259645195 0.001)
(0.02165063509 0.8375 0.001)
(0.8375 0.9783493649 0.001)
(0.9783493649 0.1625 0.001)
(0.02165063509 0.1625 0.001)
(0.9777800136 0.9127569815 0.001)
(0.0875 0.9783493649 0.001)
(0.0238614336 0.08916618388 0.001)
(0.9772127984 0.0889710477 0.001)
(0.9125 0.9783493649 0.001)
(0.9124934019 0.02202859928 0.001)
(0.02222825113 0.9128275384 0.001)
(0.08756147258 0.02297798982 0.001)
(0.5625 0.02165063509 0.001)
(0.6864707853 0.02191977647 0.001)
(0.01974091538 0.5620540163 0.001)
(0.02165063509 0.6875 0.001)
(0.9761747279 0.564707047 0.001)
(0.9775264595 0.6898827545 0.001)
(0.6875 0.9783493649 0.001)
(0.5625 0.9783493649 0.001)
(0.0240079085 0.4375179615 0.001)
(0.02258298062 0.309936758 0.001)
(0.02375603353 0.2161149869 0.001)
(0.9774844355 0.4102821874 0.001)
(0.4125 0.9783493649 0.001)
(0.2125 0.9783493649 0.001)
(0.3125 0.9783493649 0.001)
(0.4125860616 0.02347058287 0.001)
(0.7875 0.9783493649 0.001)
(0.9788700918 0.2125 0.001)
(0.02165063509 0.7875 0.001)
(0.9776570715 0.3140216605 0.001)
(0.976161771 0.7854906432 0.001)
(0.3125 0.02298047201 0.001)
(0.7875 0.02298047201 0.001)
(0.2125 0.02295328077 0.001)
(0.9773575688 0.9602043595 0.001)
(0.03846687836 0.9789075924 0.001)
(0.02150457115 0.03739673754 0.001)
(0.9615763648 0.02252403968 0.001)
(0.9372956746 0.9784673323 0.001)
(0.9249659458 0.956718391 0.001)
(0.8999943243 0.9567020067 0.001)
(0.9124933783 0.9350519177 0.001)
(0.8874979504 0.935049278 0.001)
(0.8999985548 0.913398294 0.001)
(0.8749994175 0.9133977959 0.001)
(0.8874996621 0.8917470196 0.001)
(0.8624998466 0.8917469131 0.001)
(0.8749999181 0.8700962367 0.001)
(0.8499999608 0.8700962121 0.001)
(0.8624999798 0.848445566 0.001)
(0.8374999901 0.8484455601 0.001)
(0.849999995 0.8267949221 0.001)
(0.8249999975 0.8267949207 0.001)
(0.8374999988 0.8051442849 0.001)
(0.8124999994 0.8051442845 0.001)
(0.8249999997 0.7834936492 0.001)
(0.7999999998 0.7834936491 0.001)
(0.8124999999 0.761843014 0.001)
(0.7875 0.761843014 0.001)
(0.8 0.7401923789 0.001)
(0.775 0.7401923789 0.001)
(0.7875 0.7185417438 0.001)
(0.7625 0.7185417438 0.001)
(0.775 0.6968911087 0.001)
(0.75 0.6968911087 0.001)
(0.7625 0.6752404736 0.001)
(0.7375 0.6752404736 0.001)
(0.75 0.6535898385 0.001)
(0.725 0.6535898385 0.001)
(0.7375 0.6319392034 0.001)
(0.7125 0.6319392034 0.001)
(0.725 0.6102885683 0.001)
(0.7 0.6102885683 0.001)
(0.7125 0.5886379332 0.001)
(0.6875 0.5886379332 0.001)
(0.7 0.5669872981 0.001)
(0.675 0.5669872981 0.001)
(0.6875 0.545336663 0.001)
(0.6625 0.545336663 0.001)
(0.65 0.5669872981 0.001)
(0.6375 0.545336663 0.001)
(0.625 0.5669872981 0.001)
(0.6125 0.545336663 0.001)
(0.6 0.5669872981 0.001)
(0.5875 0.545336663 0.001)
(0.575 0.5669872981 0.001)
(0.5625 0.545336663 0.001)
(0.55 0.5669872981 0.001)
(0.5375 0.545336663 0.001)
(0.525 0.5669872981 0.001)
(0.5125 0.545336663 0.001)
(0.5 0.5669872981 0.001)
(0.525 0.5236860279 0.001)
(0.5 0.5236860279 0.001)
(0.65 0.5236860279 0.001)
(0.5125 0.5020353928 0.001)
(0.4875 0.5020353928 0.001)
(0.5 0.4803847577 0.001)
(0.475 0.4803847577 0.001)
(0.4875 0.4587341226 0.001)
(0.4625 0.4587341226 0.001)
(0.45 0.4803847577 0.001)
(0.4375 0.4587341226 0.001)
(0.425 0.4803847577 0.001)
(0.4125 0.4587341226 0.001)
(0.45 0.4370834875 0.001)
(0.4 0.4803847577 0.001)
(0.3875 0.4587341226 0.001)
(0.5375 0.5886379332 0.001)
(0.375 0.4803847577 0.001)
(0.725 0.6968911087 0.001)
(0.3625 0.4587341226 0.001)
(0.35 0.4803847577 0.001)
(0.3375 0.4587341226 0.001)
(0.35 0.4370834875 0.001)
(0.325 0.4370834875 0.001)
(0.3375 0.4154328524 0.001)
(0.325 0.4803847577 0.001)
(0.3375 0.5020353928 0.001)
(0.3125 0.4154328524 0.001)
(0.325 0.3937822174 0.001)
(0.3125 0.5020353928 0.001)
(0.325 0.5236860279 0.001)
(0.3 0.5236860279 0.001)
(0.3125 0.545336663 0.001)
(0.3 0.3937822174 0.001)
(0.3125 0.3721315823 0.001)
(0.2875 0.545336663 0.001)
(0.3 0.5669872981 0.001)
(0.7125 0.545336663 0.001)
(0.2875 0.3721315823 0.001)
(0.3 0.3504809472 0.001)
(0.325 0.3504809472 0.001)
(0.3125 0.3288303121 0.001)
(0.3375 0.3288303121 0.001)
(0.325 0.307179677 0.001)
(0.35 0.307179677 0.001)
(0.3 0.307179677 0.001)
(0.275 0.5236860279 0.001)
(0.275 0.5669872981 0.001)
(0.2875 0.5886379332 0.001)
(0.3375 0.2855290419 0.001)
(0.3625 0.2855290419 0.001)
(0.2625 0.5886379332 0.001)
(0.275 0.6102885683 0.001)
(0.3 0.6102885683 0.001)
(0.2875 0.6319392034 0.001)
(0.3125 0.6319392034 0.001)
(0.3 0.6535898385 0.001)
(0.325 0.6535898385 0.001)
(0.3125 0.6752404736 0.001)
(0.3375 0.6752404736 0.001)
(0.2875 0.6752404736 0.001)
(0.325 0.6968911087 0.001)
(0.35 0.6968911087 0.001)
(0.3375 0.7185417438 0.001)
(0.3625 0.7185417438 0.001)
(0.7625 0.761843014 0.001)
(0.25 0.6102885683 0.001)
(0.75 0.6102885683 0.001)
(0.35 0.2638784068 0.001)
(0.375 0.2638784068 0.001)
(0.35 0.7401923789 0.001)
(0.375 0.7401923789 0.001)
(0.325 0.7401923789 0.001)
(0.2375 0.5886379332 0.001)
(0.5125 0.4587341226 0.001)
(0.3625 0.2422277717 0.001)
(0.3875 0.2422277717 0.001)
(0.3375 0.2422277717 0.001)
(0.4 0.2638784068 0.001)
(0.4125 0.2422277717 0.001)
(0.425 0.2638784068 0.001)
(0.4375 0.2422277717 0.001)
(0.45 0.2638784068 0.001)
(0.4625 0.2422277717 0.001)
(0.475 0.2638784068 0.001)
(0.4875 0.2422277717 0.001)
(0.5 0.2638784068 0.001)
(0.5125 0.2422277717 0.001)
(0.525 0.2638784068 0.001)
(0.5375 0.2422277717 0.001)
(0.55 0.2638784068 0.001)
(0.5625 0.2422277717 0.001)
(0.575 0.2638784068 0.001)
(0.5875 0.2422277717 0.001)
(0.6 0.2638784068 0.001)
(0.6125 0.2422277717 0.001)
(0.625 0.2638784068 0.001)
(0.6375 0.2422277717 0.001)
(0.65 0.2638784068 0.001)
(0.6625 0.2422277717 0.001)
(0.675 0.2638784068 0.001)
(0.6875 0.2422277717 0.001)
(0.7 0.2638784068 0.001)
(0.7125 0.2422277717 0.001)
(0.725 0.2638784068 0.001)
(0.7375 0.2422277717 0.001)
(0.7125 0.2855290419 0.001)
(0.7375 0.2855290419 0.001)
(0.6375 0.2855290419 0.001)
(0.725 0.307179677 0.001)
(0.75 0.307179677 0.001)
(0.7375 0.3288303121 0.001)
(0.7625 0.3288303121 0.001)
(0.3375 0.761843014 0.001)
(0.3125 0.761843014 0.001)
(0.225 0.6102885683 0.001)
(0.775 0.307179677 0.001)
(0.275 0.3937822174 0.001)
(0.2625 0.3721315823 0.001)
(0.25 0.3937822174 0.001)
(0.2375 0.3721315823 0.001)
(0.225 0.3937822174 0.001)
(0.45 0.2205771366 0.001)
(0.525 0.2205771366 0.001)
(0.65 0.2205771366 0.001)
(0.2125 0.5886379332 0.001)
(0.7875 0.6752404736 0.001)
(0.2125 0.3721315823 0.001)
(0.7875 0.3288303121 0.001)
(0.775 0.3504809472 0.001)
(0.3875 0.7185417438 0.001)
(0.4 0.7401923789 0.001)
(0.35 0.2205771366 0.001)
(0.325 0.2205771366 0.001)
(0.725 0.2205771366 0.001)
(0.75 0.2205771366 0.001)
(0.6125 0.5886379332 0.001)
(0.7999999995 0.8267949195 0.001)
(0.325 0.7834936491 0.001)
(0.3 0.7834936491 0.001)
(0.8 0.3504809472 0.001)
(0.7875 0.3721315823 0.001)
(0.2 0.6102885683 0.001)
(0.8 0.307179677 0.001)
(0.2 0.3937822174 0.001)
(0.4125 0.7185417438 0.001)
(0.425 0.7401923789 0.001)
(0.4125 0.761843014 0.001)
(0.4375 0.761843014 0.001)
(0.45 0.7401923789 0.001)
(0.4625 0.761843014 0.001)
(0.45 0.7834936491 0.001)
(0.475 0.7834936491 0.001)
(0.4875 0.761843014 0.001)
(0.5 0.7834936491 0.001)
(0.5125 0.761843014 0.001)
(0.525 0.7834936491 0.001)
(0.5375 0.761843014 0.001)
(0.55 0.7834936491 0.001)
(0.5625 0.2855290419 0.001)
(0.3375 0.1989265015 0.001)
(0.3125 0.1989265015 0.001)
(0.1875 0.3721315823 0.001)
(0.2 0.3504809472 0.001)
(0.7375 0.1989265015 0.001)
(0.7625 0.1989265015 0.001)
(0.1875 0.5886379332 0.001)
(0.3375 0.6319392034 0.001)
(0.5625 0.761843014 0.001)
(0.575 0.7834936491 0.001)
(0.4625 0.8051442841 0.001)
(0.5375 0.8051442841 0.001)
(0.8125 0.3721315823 0.001)
(0.8 0.3937822174 0.001)
(0.775 0.3937822174 0.001)
(0.3125 0.8051442841 0.001)
(0.2875 0.8051442841 0.001)
(0.275 0.7834936491 0.001)
(0.2625 0.8051442841 0.001)
(0.25 0.7834936491 0.001)
(0.2375 0.8051442841 0.001)
(0.225 0.7834936491 0.001)
(0.2125 0.8051442841 0.001)
(0.2 0.7834936491 0.001)
(0.1875 0.8051442841 0.001)
(0.7875 0.4154328524 0.001)
(0.8125 0.4154328524 0.001)
(0.8 0.4370834875 0.001)
(0.825 0.7401923789 0.001)
(0.825 0.4370834875 0.001)
(0.8125 0.4587341226 0.001)
(0.175 0.7834936491 0.001)
(0.175 0.3937822174 0.001)
(0.1875 0.4154328524 0.001)
(0.175 0.6102885683 0.001)
(0.175 0.3504809472 0.001)
(0.1875 0.3288303121 0.001)
(0.4875 0.2855290419 0.001)
(0.7625 0.4154328524 0.001)
(0.325 0.1772758664 0.001)
(0.3 0.1772758664 0.001)
(0.2875 0.1989265015 0.001)
(0.275 0.1772758664 0.001)
(0.2625 0.1989265015 0.001)
(0.25 0.1772758664 0.001)
(0.2375 0.1989265015 0.001)
(0.225 0.1772758664 0.001)
(0.2125 0.1989265015 0.001)
(0.2 0.1772758664 0.001)
(0.1875 0.1989265015 0.001)
(0.175 0.1772758664 0.001)
(0.75 0.1772758664 0.001)
(0.775 0.1772758664 0.001)
(0.55 0.7401923789 0.001)
(0.575 0.7401923789 0.001)
(0.7875 0.1989265015 0.001)
(0.8 0.1772758664 0.001)
(0.8125 0.1989265015 0.001)
(0.825 0.1772758664 0.001)
(0.35 0.1772758664 0.001)
(0.1875 0.761843014 0.001)
(0.4125 0.5020353928 0.001)
(0.3 0.8267949192 0.001)
(0.325 0.8267949192 0.001)
(0.2 0.8267949192 0.001)
(0.175 0.8267949192 0.001)
(0.8375 0.1989265015 0.001)
(0.1625 0.1989265015 0.001)
(0.1625 0.3288303121 0.001)
(0.1625 0.4154328524 0.001)
(0.175 0.4370834875 0.001)
(0.1625 0.761843014 0.001)
(0.1625 0.5886379332 0.001)
(0.8375 0.4587341226 0.001)
(0.825 0.4803847577 0.001)
(0.3625 0.3288303121 0.001)
(0.15 0.4370834875 0.001)
(0.85 0.4803847577 0.001)
(0.8375 0.5020353928 0.001)
(0.1875 0.1556252313 0.001)
(0.1625 0.1556252313 0.001)
(0.2875 0.1556252313 0.001)
(0.7625 0.1556252313 0.001)
(0.7375 0.1556252313 0.001)
(0.85 0.1772758664 0.001)
(0.85 0.4370834875 0.001)
(0.15 0.6102885683 0.001)
(0.5625 0.7185417438 0.001)
(0.5875 0.7185417438 0.001)
(0.1875 0.8484455543 0.001)
(0.1625 0.8484455543 0.001)
(0.8375 0.1556252313 0.001)
(0.8625 0.1556252313 0.001)
(0.8625 0.5020353928 0.001)
(0.85 0.5236860279 0.001)
(0.1875 0.6319392034 0.001)
(0.175 0.5669872981 0.001)
(0.15 0.5669872981 0.001)
(0.3125 0.8484455543 0.001)
(0.3375 0.8484455543 0.001)
(0.7125 0.3288303121 0.001)
(0.3375 0.545336663 0.001)
(0.6875 0.6319392034 0.001)
(0.8625 0.1989265015 0.001)
(0.862499999 0.8051442848 0.001)
(0.1375 0.4154328524 0.001)
(0.225 0.2205771366 0.001)
(0.575 0.6968911087 0.001)
(0.55 0.6968911087 0.001)
(0.825 0.5236860279 0.001)
(0.8375 0.545336663 0.001)
(0.8625 0.545336663 0.001)
(0.85 0.5669872981 0.001)
(0.175 0.1339745962 0.001)
(0.15 0.1339745962 0.001)
(0.75 0.1339745962 0.001)
(0.7249784958 0.1339869318 0.001)
(0.85 0.1339745962 0.001)
(0.875 0.1339745962 0.001)
(0.875 0.5669872981 0.001)
(0.8625 0.5886379332 0.001)
(0.125 0.4370834875 0.001)
(0.8249999918 0.8700961942 0.001)
(0.2375 0.4154328524 0.001)
(0.6 0.7401923789 0.001)
(0.6125 0.7185417438 0.001)
(0.625 0.7401923789 0.001)
(0.575 0.2205771366 0.001)
(0.7 0.5236860279 0.001)
(0.2125 0.8484455543 0.001)
(0.875 0.4803847577 0.001)
(0.85 0.2205771366 0.001)
(0.875 0.2205771366 0.001)
(0.6 0.5236860279 0.001)
(0.15 0.7834936491 0.001)
(0.1375 0.761843014 0.001)
(0.15 0.7401923789 0.001)
(0.125 0.7401923789 0.001)
(0.1257185432 0.7839085002 0.001)
(0.8625 0.2422277717 0.001)
(0.1375 0.1556252313 0.001)
(0.125 0.1339745962 0.001)
(0.175 0.307179677 0.001)
(0.15 0.307179677 0.001)
(0.1375 0.3288303121 0.001)
(0.125 0.307179677 0.001)
(0.5 0.4370834875 0.001)
(0.525 0.4370834875 0.001)
(0.5125 0.4154328524 0.001)
(0.5375 0.4154328524 0.001)
(0.525 0.3937822174 0.001)
(0.55 0.3937822174 0.001)
(0.5625 0.4154328524 0.001)
(0.575 0.3937822174 0.001)
(0.5875 0.4154328524 0.001)
(0.6 0.3937822174 0.001)
(0.6125 0.4154328524 0.001)
(0.5 0.3937822174 0.001)
(0.4 0.6968911087 0.001)
(0.425 0.6968911087 0.001)
(0.4125 0.6752404736 0.001)
(0.4375 0.6752404736 0.001)
(0.425 0.6535898385 0.001)
(0.45 0.6535898385 0.001)
(0.4375 0.2855290419 0.001)
(0.2375 0.1556252313 0.001)
(0.4 0.4370834875 0.001)
(0.2 0.307179677 0.001)
(0.4375 0.6319392034 0.001)
(0.2375 0.761843014 0.001)
(0.3375 0.1556252313 0.001)
(0.3625 0.1556252313 0.001)
(0.35 0.1339745962 0.001)
(0.375 0.1339745962 0.001)
(0.1625 0.4587341226 0.001)
(0.1875 0.4587341226 0.001)
(0.625 0.3937822174 0.001)
(0.6375 0.4154328524 0.001)
(0.725 0.5236860279 0.001)
(0.825 0.3504809472 0.001)
(0.1375 0.7185417438 0.001)
(0.1625 0.7185417438 0.001)
(0.7125 0.5020353928 0.001)
(0.4375 0.8051442841 0.001)
(0.45 0.8267949192 0.001)
(0.325 0.8700961894 0.001)
(0.35 0.8700961894 0.001)
(0.3 0.8700961894 0.001)
(0.2 0.8700961894 0.001)
(0.1125 0.3288303121 0.001)
(0.8875 0.545336663 0.001)
(0.8875 0.1989265015 0.001)
(0.1125 0.7185417438 0.001)
(0.1125 0.1556252313 0.001)
(0.1125 0.4154328524 0.001)
(0.887499983 0.8484455642 0.001)
(0.1375 0.1123239611 0.001)
(0.8625 0.1123239611 0.001)
(0.8375 0.1123239611 0.001)
(0.8875 0.1123239611 0.001)
(0.1125 0.1123239611 0.001)
(0.8875 0.5886379332 0.001)
(0.875 0.6102885683 0.001)
(0.8875 0.2422277717 0.001)
(0.875 0.2638784068 0.001)
(0.5625 0.6752404736 0.001)
(0.5875 0.6752404736 0.001)
(0.1375 0.2855290419 0.001)
(0.1125 0.2855290419 0.001)
(0.5375 0.6752404736 0.001)
(0.5125 0.3721315823 0.001)
(0.4875 0.3721315823 0.001)
(0.625 0.4370834875 0.001)
(0.65 0.4370834875 0.001)
(0.6625 0.4154328524 0.001)
(0.275 0.2205771366 0.001)
(0.3875 0.1556252313 0.001)
(0.4 0.1339745962 0.001)
(0.3875 0.1123239611 0.001)
(0.4125 0.1123239611 0.001)
(0.425 0.1339745962 0.001)
(0.4375 0.1123239611 0.001)
(0.45 0.1339745962 0.001)
(0.4625 0.1123246963 0.001)
(0.475 0.1339747187 0.001)
(0.4875 0.1123265146 0.001)
(0.5 0.1339750422 0.001)
(0.5125 0.1123261364 0.001)
(0.525 0.1339750331 0.001)
(0.5375 0.1123243965 0.001)
(0.55 0.1339747416 0.001)
(0.5625 0.1123240579 0.001)
(0.575 0.1339746366 0.001)
(0.5875 0.112323984 0.001)
(0.6 0.1339746068 0.001)
(0.6125 0.1123239667 0.001)
(0.624989301 0.133980776 0.001)
(0.6371794366 0.111695461 0.001)
(0.575 0.4370834875 0.001)
(0.5875 0.3721315823 0.001)
(0.85 0.6102885683 0.001)
(0.8625 0.6319392034 0.001)
(0.8875 0.6319392034 0.001)
(0.875 0.6535898385 0.001)
(0.7124749118 0.1556519769 0.001)
(0.35 0.8267949192 0.001)
(0.3 0.4803847577 0.001)
(0.8125 0.545336663 0.001)
(0.6375 0.7185417438 0.001)
(0.65 0.7401923789 0.001)
(0.6375 0.761843014 0.001)
(0.6625 0.761843014 0.001)
(0.65 0.7834936491 0.001)
(0.675 0.7834936491 0.001)
(0.6625 0.8051442841 0.001)
(0.6875 0.8051442841 0.001)
(0.675 0.8267949192 0.001)
(0.65 0.8267949192 0.001)
(0.6625 0.8484455543 0.001)
(0.6375 0.8484455543 0.001)
(0.6875 0.8484455543 0.001)
(0.65 0.8700961894 0.001)
(0.625 0.8700961894 0.001)
(0.125 0.6968911087 0.001)
(0.6375 0.8917468245 0.001)
(0.6125 0.8917468245 0.001)
(0.6625 0.8917468245 0.001)
(0.6 0.8700961894 0.001)
(0.5875 0.8917468245 0.001)
(0.3375 0.8917468245 0.001)
(0.3625 0.8917468245 0.001)
(0.737496416 0.1123260171 0.001)
(0.8 0.2205771366 0.001)
(0.375 0.8700961894 0.001)
(0.3875 0.8917468245 0.001)
(0.175 0.4803847577 0.001)
(0.15 0.4803847577 0.001)
(0.2 0.4803847577 0.001)
(0.7375 0.5020353928 0.001)
(0.09996946318 0.739050611 0.001)
(0.9 0.6535898385 0.001)
(0.8875 0.6752404736 0.001)
(0.9 0.2638784068 0.001)
(0.8875 0.2855290419 0.001)
(0.1 0.4370834875 0.001)
(0.125 0.09067332603 0.001)
(0.15 0.09067332603 0.001)
(0.875 0.09067332603 0.001)
(0.45 0.09067332603 0.001)
(0.5250191107 0.09068647005 0.001)
(0.9 0.1339745962 0.001)
(0.9124997028 0.8917469961 0.001)
(0.9 0.09067332603 0.001)
(0.1 0.09067332603 0.001)
(0.0875 0.1123239611 0.001)
(0.1 0.6968911087 0.001)
(0.6124982168 0.155626263 0.001)
(0.175 0.2205771366 0.001)
(0.125 0.2638784068 0.001)
(0.1 0.2638784068 0.001)
(0.1125 0.2422277717 0.001)
(0.225 0.8700961894 0.001)
(0.2125 0.8917468245 0.001)
(0.1875 0.8917468245 0.001)
(0.2375 0.8917468245 0.001)
(0.4875 0.1556253261 0.001)
(0.4625 0.6319392034 0.001)
(0.675 0.4370834875 0.001)
(0.75 0.3937822174 0.001)
(0.475 0.8267949192 0.001)
(0.4625 0.8484455543 0.001)
(0.4875 0.8484455543 0.001)
(0.475 0.8700961894 0.001)
(0.5 0.8700961894 0.001)
(0.4875 0.8917468245 0.001)
(0.5125 0.8917468245 0.001)
(0.4625 0.6752404736 0.001)
(0.575 0.6535898385 0.001)
(0.6 0.6535898385 0.001)
(0.5 0.7401923789 0.001)
(0.7624994027 0.1123243038 0.001)
(0.225 0.5669872981 0.001)
(0.5375 0.5020353928 0.001)
(0.4125 0.6319392034 0.001)
(0.425 0.6102885683 0.001)
(0.2375 0.6319392034 0.001)
(0.25 0.3504809472 0.001)
(0.4 0.6102885683 0.001)
(0.4125 0.5886379332 0.001)
(0.35 0.3937822174 0.001)
(0.525 0.8700961894 0.001)
(0.475 0.5236860279 0.001)
(0.8625 0.6752404736 0.001)
(0.875 0.6968911087 0.001)
(0.9 0.6968911087 0.001)
(0.8875 0.7185417438 0.001)
(0.3 0.7401923789 0.001)
(0.7124743145 0.1123386953 0.001)
(0.1125 0.6752404736 0.001)
(0.7375 0.545336663 0.001)
(0.8375 0.3721315823 0.001)
(0.85 0.3504809472 0.001)
(0.8625 0.3721315823 0.001)
(0.875 0.3504809472 0.001)
(0.8875 0.3721315823 0.001)
(0.9 0.3504809472 0.001)
(0.6875 0.761843014 0.001)
(0.725 0.4803847577 0.001)
(0.8499998774 0.9133975304 0.001)
(0.4625 0.8917468245 0.001)
(0.6374872206 0.1556326103 0.001)
(0.65 0.9133974596 0.001)
(0.675 0.9133974596 0.001)
(0.0875 0.6752404736 0.001)
(0.1 0.6535898385 0.001)
(0.9125 0.3721315823 0.001)
(0.9 0.3937822174 0.001)
(0.9125 0.2422277717 0.001)
(0.0875 0.2422277717 0.001)
(0.0875 0.4154328524 0.001)
(0.9125 0.2855290419 0.001)
(0.08704398967 0.2857748836 0.001)
(0.4 0.09067332603 0.001)
(0.375 0.09067332603 0.001)
(0.7249951217 0.09067612438 0.001)
(0.6994146175 0.09037373191 0.001)
(0.5998662395 0.09075055744 0.001)
(0.9125 0.6319392034 0.001)
(0.9124720024 0.7185579082 0.001)
(0.8999953337 0.7401950729 0.001)
(0.5625 0.1556252623 0.001)
(0.1 0.2205771366 0.001)
(0.4375 0.1556252313 0.001)
(0.6625 0.4587341226 0.001)
(0.85 0.2638784068 0.001)
(0.3875 0.5886379332 0.001)
(0.1875 0.2855290419 0.001)
(0.2125 0.2855290419 0.001)
(0.7875 0.2855290419 0.001)
(0.4 0.5669872981 0.001)
(0.4 0.2205771366 0.001)
(0.5 0.3504809472 0.001)
(0.475 0.3504809472 0.001)
(0.4625 0.3721315823 0.001)
(0.525 0.3504809472 0.001)
(0.45 0.3504809472 0.001)
(0.4375 0.3721315823 0.001)
(0.425 0.3504809472 0.001)
(0.4125 0.3721315823 0.001)
(0.625 0.8267949192 0.001)
(0.425 0.5669872981 0.001)
(0.8375 0.6319392034 0.001)
(0.825 0.6102885683 0.001)
(0.425 0.8267949192 0.001)
(0.6625 0.7185417438 0.001)
(0.65 0.6968911087 0.001)
(0.1875 0.5020353928 0.001)
(0.2125 0.5020353928 0.001)
(0.225 0.4803847577 0.001)
(0.8 0.5236860279 0.001)
(0.1375 0.6752404736 0.001)
(0.7875 0.4587341226 0.001)
(0.125 0.3504809472 0.001)
(0.1 0.3504809472 0.001)
(0.7375 0.4154328524 0.001)
(0.725 0.3937822174 0.001)
(0.6 0.9133974596 0.001)
(0.575 0.9133974596 0.001)
(0.475 0.9133974596 0.001)
(0.45 0.9133974596 0.001)
(0.35 0.9133974596 0.001)
(0.325 0.9133974596 0.001)
(0.2 0.9133974596 0.001)
(0.175 0.9133974596 0.001)
(0.925 0.6535898385 0.001)
(0.925 0.3504809472 0.001)
(0.075 0.6968911087 0.001)
(0.9249665584 0.7402116864 0.001)
(0.9124936487 0.7618466809 0.001)
(0.925 0.3937822174 0.001)
(0.9125 0.4154328524 0.001)
(0.075 0.6535898385 0.001)
(0.0875 0.6319392034 0.001)
(0.075 0.4370834875 0.001)
(0.0875 0.4587341226 0.001)
(0.1375 0.06897765552 0.001)
(0.1625 0.0689618902 0.001)
(0.8875 0.06839791503 0.001)
(0.9125 0.06829378572 0.001)
(0.925 0.09055184182 0.001)
(0.8625 0.06891856162 0.001)
(0.7118665334 0.0685672543 0.001)
(0.6864359357 0.06780129732 0.001)
(0.7373936092 0.06889395639 0.001)
(0.3877494792 0.0691667278 0.001)
(0.3633261488 0.06878476328 0.001)
(0.0625 0.4587341226 0.001)
(0.075 0.4803847577 0.001)
(0.075 0.09067332603 0.001)
(0.0625 0.1123239611 0.001)
(0.075 0.2205771366 0.001)
(0.9374476119 0.06885071308 0.001)
(0.6249975729 0.1772772682 0.001)
(0.6499974656 0.1772773299 0.001)
(0.8749992223 0.7401928279 0.001)
(0.6867749275 0.1119491128 0.001)
(0.0875 0.1989265015 0.001)
(0.175 0.09066319257 0.001)
(0.1875 0.06895757374 0.001)
(0.2 0.09066078425 0.001)
(0.2125 0.06895645294 0.001)
(0.225 0.09066019607 0.001)
(0.2375 0.06895616811 0.001)
(0.25 0.09066005056 0.001)
(0.2625 0.06895609639 0.001)
(0.275 0.09066001436 0.001)
(0.2875 0.0689560784 0.001)
(0.3 0.09066000533 0.001)
(0.2625 0.1123195299 0.001)
(0.3125 0.06900936873 0.001)
(0.2375 0.8484455543 0.001)
(0.2125 0.1123196825 0.001)
(0.1125 0.1989265015 0.001)
(0.5125 0.3288303121 0.001)
(0.1 0.4803847577 0.001)
(0.0875 0.5020353928 0.001)
(0.1125 0.5020353928 0.001)
(0.1 0.5236860279 0.001)
(0.075 0.5236860279 0.001)
(0.0875 0.545336663 0.001)
(0.4125290927 0.06902339143 0.001)
(0.575 0.8700961894 0.001)
(0.599999642 0.1772760733 0.001)
(0.0874778959 0.3288175503 0.001)
(0.07499631598 0.3504788202 0.001)
(0.5875 0.6319392034 0.001)
(0.6125 0.6319392034 0.001)
(0.5625 0.6319392034 0.001)
(0.3125 0.2422277717 0.001)
(0.1376197572 0.805213426 0.001)
(0.1133582599 0.8056398008 0.001)
(0.1251630029 0.826889029 0.001)
(0.1001702105 0.8268931903 0.001)
(0.1125555356 0.8484776178 0.001)
(0.08753762434 0.8484672768 0.001)
(0.1000155266 0.8701051537 0.001)
(0.08675709082 0.8023951599 0.001)
(0.0750088585 0.8701013039 0.001)
(0.08750406419 0.891749171 0.001)
(0.1125032651 0.8917487097 0.001)
(0.1000012216 0.9133981649 0.001)
(0.07500088096 0.9133979682 0.001)
(0.8375 0.3288303121 0.001)
(0.3875 0.6319392034 0.001)
(0.6875 0.8917468245 0.001)
(0.7 0.9133974596 0.001)
(0.7125 0.8917468245 0.001)
(0.725 0.9133974596 0.001)
(0.7375 0.8917468245 0.001)
(0.75 0.9133974596 0.001)
(0.7625 0.8917468245 0.001)
(0.75 0.8700961894 0.001)
(0.775 0.9133974596 0.001)
(0.425 0.3937822174 0.001)
(0.6875 0.5020353928 0.001)
(0.7625 0.2422277717 0.001)
(0.9248622027 0.6968492683 0.001)
(0.525 0.6968911087 0.001)
(0.5125 0.6752404736 0.001)
(0.5 0.6968911087 0.001)
(0.5375 0.4587341226 0.001)
(0.4 0.3937822174 0.001)
(0.525 0.6535898385 0.001)
(0.225 0.307179677 0.001)
(0.2375 0.2855290419 0.001)
(0.35 0.7834936491 0.001)
(0.4 0.8700961894 0.001)
(0.625 0.6535898385 0.001)
(0.3625 0.6752404736 0.001)
(0.85 0.6968911087 0.001)
(0.8375 0.6752404736 0.001)
(0.625 0.7834936491 0.001)
(0.8875 0.5020353928 0.001)
(0.9 0.4803847577 0.001)
(0.9125 0.5020353928 0.001)
(0.925 0.4803847577 0.001)
(0.3875 0.3721315823 0.001)
(0.3 0.4370834875 0.001)
(0.5875 0.8484455543 0.001)
(0.1250007478 0.9133978914 0.001)
(0.325 0.1339745962 0.001)
(0.2 0.2638784068 0.001)
(0.175 0.2638784068 0.001)
(0.25 0.307179677 0.001)
(0.2625 0.2855290419 0.001)
(0.8125 0.6319392034 0.001)
(0.7125 0.1989265015 0.001)
(0.5375 0.3288303121 0.001)
(0.5625 0.8484455543 0.001)
(0.1625 0.545336663 0.001)
(0.775 0.8700961894 0.001)
(0.7625 0.8484455543 0.001)
(0.7375 0.8484455543 0.001)
(0.75 0.8267949192 0.001)
(0.8875 0.4587341226 0.001)
(0.8 0.6102885683 0.001)
(0.25 0.2638784068 0.001)
(0.4125 0.8051442841 0.001)
(0.4625 0.3288303121 0.001)
(0.7875 0.545336663 0.001)
(0.2 0.5236860279 0.001)
(0.225 0.5236860279 0.001)
(0.75 0.4370834875 0.001)
(0.725 0.4370834875 0.001)
(0.4 0.8267949192 0.001)
(0.3375 0.1123239611 0.001)
(0.675 0.6968911087 0.001)
(0.6875 0.7185417438 0.001)
(0.6625 0.6752404736 0.001)
(0.6625 0.9350480947 0.001)
(0.6375 0.6319392034 0.001)
(0.075 0.1339745962 0.001)
(0.1625 0.8917468245 0.001)
(0.4625 0.9350480947 0.001)
(0.3375 0.9350480947 0.001)
(0.5875 0.9350480947 0.001)
(0.5625 0.9350480947 0.001)
(0.6375 0.9350480947 0.001)
(0.7125 0.9350480947 0.001)
(0.4375 0.9350480947 0.001)
(0.6624653136 0.1556327967 0.001)
(0.7625 0.9350480947 0.001)
(0.1125003282 0.9350482842 0.001)
(0.1375001793 0.9350481983 0.001)
(0.1875 0.9350480947 0.001)
(0.3625 0.9350480947 0.001)
(0.4875 0.9350480947 0.001)
(0.3125 0.9350480947 0.001)
(0.3 0.9133974596 0.001)
(0.2875 0.9350480947 0.001)
(0.7875 0.9350480947 0.001)
(0.8 0.9133974596 0.001)
(0.8125 0.9350480947 0.001)
(0.2125 0.9350480947 0.001)
(0.06321535276 0.4158458616 0.001)
(0.9370303132 0.501764219 0.001)
(0.9249217189 0.5236408323 0.001)
(0.9535557576 0.5240677374 0.001)
(0.9375 0.545336663 0.001)
(0.06294615143 0.1991054179 0.001)
(0.9374933679 0.761846843 0.001)
(0.9249978361 0.7834948984 0.001)
(0.0875 0.06902269093 0.001)
(0.06311872004 0.06937990911 0.001)
(0.8749934019 0.04701195742 0.001)
(0.9374932207 0.9350520088 0.001)
(0.0625 0.2422277717 0.001)
(0.9375031258 0.6319392034 0.001)
(0.925000521 0.6102885683 0.001)
(0.9496254152 0.6533732561 0.001)
(0.06307372298 0.5456679021 0.001)
(0.0750956205 0.5670425046 0.001)
(0.1000159367 0.5669964992 0.001)
(0.0625 0.3288303121 0.001)
(0.04639802519 0.3504620971 0.001)
(0.06314850206 0.6315647906 0.001)
(0.05046968682 0.4801135839 0.001)
(0.6124995358 0.1989267696 0.001)
(0.6749937965 0.1772897253 0.001)
(0.8999985808 0.7834944684 0.001)
(0.9124994028 0.8051446289 0.001)
(0.9369087821 0.8048034757 0.001)
(0.9249013641 0.8267381753 0.001)
(0.15 0.2205771366 0.001)
(0.575 0.6102885683 0.001)
(0.725 0.8267949192 0.001)
(0.7375 0.8051442841 0.001)
(0.275 0.9133974596 0.001)
(0.2625 0.9350480947 0.001)
(0.825 0.6968911087 0.001)
(0.275 0.2638784068 0.001)
(0.725 0.3504809472 0.001)
(0.7 0.3504809472 0.001)
(0.6875 0.3288303121 0.001)
(0.675 0.3504809472 0.001)
(0.6625 0.3288303121 0.001)
(0.65 0.3504809472 0.001)
(0.6375 0.3288303121 0.001)
(0.6875 0.3721315823 0.001)
(0.5 0.6535898385 0.001)
(0.5125 0.6319392034 0.001)
(0.8125 0.5886379332 0.001)
(0.7875 0.5886379332 0.001)
(0.4125 0.545336663 0.001)
(0.3875 0.545336663 0.001)
(0.6875 0.6752404736 0.001)
(0.8875 0.3288303121 0.001)
(0.1375 0.545336663 0.001)
(0.8125 0.2855290419 0.001)
(0.5 0.8267949192 0.001)
(0.6875 0.4587341226 0.001)
(0.07507435857 0.1773056858 0.001)
(0.675 0.307179677 0.001)
(0.7625 0.8051442841 0.001)
(0.8 0.2638784068 0.001)
(0.4375 0.545336663 0.001)
(0.45 0.5669872981 0.001)
(0.1125 0.6319392034 0.001)
(0.55 0.3504809472 0.001)
(0.5625 0.3288303121 0.001)
(0.525 0.307179677 0.001)
(0.8749987125 0.9566994732 0.001)
(0.55 0.9133974596 0.001)
(0.5375 0.9350480947 0.001)
(0.8875 0.4154328524 0.001)
(0.7875 0.6319392034 0.001)
(0.575 0.8267949192 0.001)
(0.425 0.9133974596 0.001)
(0.4125 0.9350480947 0.001)
(0.775 0.5236860279 0.001)
(0.7875 0.5020353928 0.001)
(0.85 0.3937822174 0.001)
(0.3875 0.8051442841 0.001)
(0.125 0.3937822174 0.001)
(0.15 0.5236860279 0.001)
(0.75 0.4803847577 0.001)
(0.625 0.3504809472 0.001)
(0.6125 0.3288303121 0.001)
(0.07510808368 0.6102261662 0.001)
(0.05096425522 0.6106417154 0.001)
(0.087499386 0.3721312278 0.001)
(0.6875 0.4154328524 0.001)
(0.65 0.9566987298 0.001)
(0.45 0.9566987298 0.001)
(0.1250000846 0.9566987787 0.001)
(0.9367846472 0.4158458616 0.001)
(0.9248807745 0.4371523224 0.001)
(0.9490072307 0.4372440708 0.001)
(0.06295647695 0.8487091014 0.001)
(0.05033867449 0.8702946554 0.001)
(0.05060714341 0.1336240618 0.001)
(0.9532569501 0.3959046243 0.001)
(0.04661462489 0.6523526081 0.001)
(0.04644879275 0.1765083371 0.001)
(0.04644792171 0.5241602529 0.001)
(0.9535368586 0.826147574 0.001)
(0.9375 0.8484455543 0.001)
(0.9533731961 0.4783683112 0.001)
(0.03810594281 0.1120436882 0.001)
(0.05296681061 0.5691501856 0.001)
(0.8499989003 0.0468424251 0.001)
(0.8374998167 0.06891706426 0.001)
(0.8249997862 0.04676023177 0.001)
(0.8124999338 0.06890311581 0.001)
(0.7999999533 0.04673964281 0.001)
(0.7874999812 0.06889735957 0.001)
(0.7999999858 0.09063250828 0.001)
(0.7749999891 0.04668195711 0.001)
(0.9503076803 0.09031045635 0.001)
(0.9375 0.1123239611 0.001)
(0.9622255665 0.1120091096 0.001)
(0.9493471177 0.1335715866 0.001)
(0.07511336544 0.04697435371 0.001)
(0.1001496259 0.04669125641 0.001)
(0.04631073337 0.04776364577 0.001)
(0.1126218868 0.02373719929 0.001)
(0.1500919699 0.04672370567 0.001)
(0.2 0.04672852861 0.001)
(0.4 0.04737205584 0.001)
(0.4252178584 0.04684132236 0.001)
(0.4376774584 0.02387045881 0.001)
(0.4502692648 0.04690413216 0.001)
(0.25 0.04672823491 0.001)
(0.7243416006 0.04630038343 0.001)
(0.3 0.04679492539 0.001)
(0.3255350898 0.04635716322 0.001)
(0.9504420649 0.6105007409 0.001)
(0.9375737643 0.5886732953 0.001)
(0.9625 0.5886379332 0.001)
(0.9249974409 0.04701012505 0.001)
(0.94987697 0.04647499251 0.001)
(0.9502789583 0.7397180385 0.001)
(0.9624192971 0.7619207654 0.001)
(0.9624307013 0.7159569762 0.001)
(0.9757257254 0.1351256725 0.001)
(0.0240248088 0.1355985393 0.001)
(0.03818170052 0.4592051877 0.001)
(0.024258444 0.4830307812 0.001)
(0.0625 0.02572142074 0.001)
(0.3380126232 0.02363779469 0.001)
(0.3506551906 0.04656066673 0.001)
(0.3876822571 0.02454967178 0.001)
(0.8124999566 0.0232480351 0.001)
(0.7624999987 0.02388408261 0.001)
(0.2875 0.02389753121 0.001)
(0.8624809785 0.02386815632 0.001)
(0.9373743069 0.02378204361 0.001)
(0.9768298191 0.04208576416 0.001)
(0.8999857281 0.04472041036 0.001)
(0.8874922517 0.02293818723 0.001)
(0.9625720474 0.6319392034 0.001)
(0.9729196103 0.6523537349 0.001)
(0.7498725329 0.04628939187 0.001)
(0.7116836412 0.02268494541 0.001)
(0.6988056244 0.0447649141 0.001)
(0.6731812456 0.04330226004 0.001)
(0.6603051963 0.06642891009 0.001)
(0.6467630439 0.04450641903 0.001)
(0.6356195695 0.0674064711 0.001)
(0.6732411946 0.0891661714 0.001)
(0.622725564 0.04593745685 0.001)
(0.275 0.04638102451 0.001)
(0.2375 0.02388635482 0.001)
(0.225 0.04636817003 0.001)
(0.1875037616 0.02384391016 0.001)
(0.1750212215 0.04630201006 0.001)
(0.1251472841 0.04680076899 0.001)
(0.4377021299 0.06887607716 0.001)
(0.4627298526 0.06890039792 0.001)
(0.4752732042 0.04676413425 0.001)
(0.487729872 0.06891163501 0.001)
(0.5003333608 0.04656980241 0.001)
(0.5127476544 0.02365654877 0.001)
(0.5254234565 0.04688876769 0.001)
(0.6625 0.1121754517 0.001)
(0.6748713893 0.1338999595 0.001)
(0.699870975 0.1340486097 0.001)
(0.325 0.09067332603 0.001)
(0.3125 0.112321741 0.001)
(0.6624985437 0.1989290552 0.001)
(0.7874999999 0.8484455544 0.001)
(0.5874999501 0.1989265304 0.001)
(0.7125 0.8051442841 0.001)
(0.725 0.7834936491 0.001)
(0.625 0.6102885683 0.001)
(0.65 0.6102885683 0.001)
(0.5999999143 0.2205771861 0.001)
(0.5624999917 0.1989265063 0.001)
(0.7749998949 0.09064569162 0.001)
(0.2 0.1339738831 0.001)
(0.55 0.6102885683 0.001)
(0.25 0.9133974596 0.001)
(0.2375 0.9350480947 0.001)
(0.8874996638 0.8051444783 0.001)
(0.8749997073 0.7834938181 0.001)
(0.8499999508 0.7834936775 0.001)
(0.675 0.6535898385 0.001)
(0.924999343 0.9133978389 0.001)
(0.9376870658 0.8916739348 0.001)
(0.125 0.1772758664 0.001)
(0.8249999796 0.9133974714 0.001)
(0.8374999762 0.9350481085 0.001)
(0.8124999952 0.8917468273 0.001)
(0.1375 0.2422277717 0.001)
(0.1250026561 0.5669888316 0.001)
(0.9124869531 0.5453291304 0.001)
(0.9124835579 0.8484360987 0.001)
(0.6375 0.5886379332 0.001)
(0.2625 0.8917468245 0.001)
(0.1875 0.11231935 0.001)
(0.225 0.1339737643 0.001)
(0.9506582119 0.913206299 0.001)
(0.9627570318 0.9359030631 0.001)
(0.9625025625 0.8907773856 0.001)
(0.9501337201 0.8700961894 0.001)
(0.9759975053 0.8668115329 0.001)
(0.25 0.8700961894 0.001)
(0.2625 0.8484455543 0.001)
(0.7 0.7834936491 0.001)
(0.7125 0.761843014 0.001)
(0.7 0.7401923789 0.001)
(0.725 0.7401923789 0.001)
(0.9501905815 0.9575670539 0.001)
(0.2875 0.8917468245 0.001)
(0.8125 0.6752404736 0.001)
(0.7125 0.8484455543 0.001)
(0.8999971373 0.8700946841 0.001)
(0.7 0.8700961894 0.001)
(0.2875 0.2855290419 0.001)
(0.1375364231 0.8484665832 0.001)
(0.4375 0.8917468245 0.001)
(0.45 0.8700961894 0.001)
(0.06239149787 0.8917812304 0.001)
(0.04935285651 0.9133082918 0.001)
(0.06239228958 0.9350333182 0.001)
(0.0375 0.9350480947 0.001)
(0.03761014213 0.8909488486 0.001)
(0.024073621 0.8669652918 0.001)
(0.1375 0.1989265015 0.001)
(0.2625 0.2422277717 0.001)
(0.4 0.9133974596 0.001)
(0.125 0.4803847577 0.001)
(0.4875 0.6319392034 0.001)
(0.5 0.6102885683 0.001)
(0.9125 0.3288303121 0.001)
(0.9369572832 0.3285169744 0.001)
(0.9535531474 0.3502799148 0.001)
(0.8374999419 0.8917468581 0.001)
(0.1000123931 0.1772808363 0.001)
(0.7125 0.7185417438 0.001)
(0.5125 0.1556252737 0.001)
(0.5 0.1772758893 0.001)
(0.475 0.177275886 0.001)
(0.4875 0.1989265033 0.001)
(0.525 0.1772758773 0.001)
(0.4625 0.1989265051 0.001)
(0.425 0.5236860279 0.001)
(0.5625 0.5886379332 0.001)
(0.5 0.307179677 0.001)
(0.25 0.8267949192 0.001)
(0.7875 0.1556252313 0.001)
(0.825 0.1339745962 0.001)
(0.8124999976 0.1123171582 0.001)
(0.7625 0.3721315823 0.001)
(0.55 0.8700961894 0.001)
(0.5375 0.8484455543 0.001)
(0.45 0.1772758703 0.001)
(0.15 0.6968911087 0.001)
(0.175 0.6968911087 0.001)
(0.1875 0.7185417438 0.001)
(0.2 0.6968911087 0.001)
(0.2125 0.7185417438 0.001)
(0.225 0.6968911087 0.001)
(0.2375 0.7185417438 0.001)
(0.2125 0.6752404736 0.001)
(0.2375 0.6752404736 0.001)
(0.1625 0.6752404736 0.001)
(0.15 0.6535898385 0.001)
(0.25 0.6968911087 0.001)
(0.2625 0.7185417438 0.001)
(0.25 0.7401923789 0.001)
(0.2625 0.761843014 0.001)
(0.7 0.8267949192 0.001)
(0.675 0.4803847577 0.001)
(0.65 0.4803847577 0.001)
(0.275 0.8267949192 0.001)
(0.1625 0.1123215037 0.001)
(0.4125 0.1556252313 0.001)
(0.4 0.1772758664 0.001)
(0.425 0.177275867 0.001)
(0.225 0.7401923789 0.001)
(0.9 0.2205771366 0.001)
(0.9125 0.1989265015 0.001)
(0.9 0.1772758664 0.001)
(0.925 0.1772758664 0.001)
(0.9381703035 0.1998425618 0.001)
(0.9537213235 0.1766093835 0.001)
(0.05015978687 0.2203042 0.001)
(0.03755350535 0.2409953162 0.001)
(0.04950151002 0.2638003363 0.001)
(0.03579090777 0.2863558433 0.001)
(0.06039922802 0.2865496416 0.001)
(0.4125 0.4154328524 0.001)
(0.3875 0.4154328524 0.001)
(0.5125 0.7185417438 0.001)
(0.75 0.7834936491 0.001)
(0.150037998 0.8268168574 0.001)
(0.35 0.6535898385 0.001)
(0.475 0.2205771375 0.001)
(0.4625 0.545336663 0.001)
(0.1375006688 0.8917472107 0.001)
(0.05063306945 0.09079217806 0.001)
(0.925 0.2638784068 0.001)
(0.9376524742 0.2425601982 0.001)
(0.9367658237 0.285105165 0.001)
(0.725 0.8700961894 0.001)
(0.35 0.3504809472 0.001)
(0.5125 0.5886379332 0.001)
(0.4875 0.5886379332 0.001)
(0.475 0.6102885683 0.001)
(0.45 0.6102885683 0.001)
(0.2125 0.4587341226 0.001)
(0.2375 0.4587341226 0.001)
(0.25 0.4803847577 0.001)
(0.2625 0.4587341226 0.001)
(0.1875 0.6752404736 0.001)
(0.8125 0.9783493649 0.001)
(0.8125 0.1556252313 0.001)
(0.4375 0.4154328524 0.001)
(0.85 0.6535898385 0.001)
(0.7375 0.3721315823 0.001)
(0.6125 0.9350480947 0.001)
(0.25 0.4370834875 0.001)
(0.3125 0.2855290419 0.001)
(0.275 0.307179677 0.001)
(0.3125 0.7185417438 0.001)
(0.15 0.1772758664 0.001)
(0.8999978255 0.5669860427 0.001)
(0.5871005451 0.02256953788 0.001)
(0.5749216316 0.04406592101 0.001)
(0.02169287765 0.6626619566 0.001)
(0.02146363501 0.5368397278 0.001)
(0.8124999965 0.8484455564 0.001)
(0.2625 0.545336663 0.001)
(0.375 0.2205771366 0.001)
(0.7625 0.2855290419 0.001)
(0.5499999986 0.2205771374 0.001)
(0.5375 0.1989265015 0.001)
(0.3625 0.6319392034 0.001)
(0.35 0.6102885683 0.001)
(0.8375 0.7185417438 0.001)
(0.8375 0.5886379332 0.001)
(0.8375 0.2422277717 0.001)
(0.4250385371 0.09064900715 0.001)
(0.625 0.9133974596 0.001)
(0.4375 0.8484455543 0.001)
(0.875 0.3937822174 0.001)
(0.825 0.2638784068 0.001)
(0.5375 0.6319392034 0.001)
(0.06266114639 0.9784424028 0.001)
(0.1625262925 0.8051594641 0.001)
(0.3125 0.8917468245 0.001)
(0.9369208581 0.6749123394 0.001)
(0.8 0.5669872981 0.001)
(0.775 0.5669872981 0.001)
(0.8499999695 0.09063836669 0.001)
(0.8249999506 0.09062202905 0.001)
(0.7874998802 0.1123114757 0.001)
(0.55 0.6535898385 0.001)
(0.675 0.7401923789 0.001)
(0.9125 0.1556252313 0.001)
(0.0623796893 0.6749941896 0.001)
(0.04628825664 0.6986324346 0.001)
(0.0634826397 0.719230788 0.001)
(0.0625 0.3721315823 0.001)
(0.0221481764 0.0617487612 0.001)
(0.1125 0.4587341226 0.001)
(0.02276709006 0.8127991532 0.001)
(0.04355154525 0.7999370716 0.001)
(0.0433429827 0.7749895119 0.001)
(0.06468525414 0.7872961995 0.001)
(0.06524044029 0.7598425586 0.001)
(0.08680180393 0.7754420742 0.001)
(0.04142571401 0.7493765806 0.001)
(0.6374997014 0.1989267482 0.001)
(0.6749997573 0.2205775622 0.001)
(0.15 0.3504809472 0.001)
(0.225 0.9133974596 0.001)
(0.5875 0.9783493649 0.001)
(0.2375 0.9783493649 0.001)
(0.175 0.7401923789 0.001)
(0.1375 0.4587341226 0.001)
(0.2125 0.4154328524 0.001)
(0.9767707978 0.2903962195 0.001)
(0.425 0.4370834875 0.001)
(0.4625 0.4154328524 0.001)
(0.3375 0.3721315823 0.001)
(0.2625 0.6319392034 0.001)
(0.325 0.6102885683 0.001)
(0.3375 0.5886379332 0.001)
(0.3625 0.5886379332 0.001)
(0.625 0.307179677 0.001)
(0.6 0.307179677 0.001)
(0.225 0.3504809472 0.001)
(0.3 0.2205771366 0.001)
(0.2875 0.2422277717 0.001)
(0.4875 0.8051442841 0.001)
(0.375 0.1772758664 0.001)
(0.3625 0.8484455543 0.001)
(0.5375 0.7185417438 0.001)
(0.3875 0.6752404736 0.001)
(0.8999847787 0.5236772399 0.001)
(0.6125 0.6752404736 0.001)
(0.5500031851 0.09067560539 0.001)
(0.5376591447 0.06893400771 0.001)
(0.5625797355 0.06843552846 0.001)
(0.07449078795 0.2640764686 0.001)
(0.07486737537 0.3071031061 0.001)
(0.5749999306 0.1772759117 0.001)
(0.375 0.3937822174 0.001)
(0.7999999796 0.1339713815 0.001)
(0.275 0.8700961894 0.001)
(0.3875 0.9783493649 0.001)
(0.625 0.5236860279 0.001)
(0.6125 0.5020353928 0.001)
(0.5875 0.5020353928 0.001)
(0.6 0.4803847577 0.001)
(0.575 0.4803847577 0.001)
(0.5875 0.4587341226 0.001)
(0.6125 0.4587341226 0.001)
(0.55 0.5236860279 0.001)
(0.4375 0.7185417438 0.001)
(0.4625 0.7185417438 0.001)
(0.45 0.6968911087 0.001)
(0.475 0.6968911087 0.001)
(0.5875 0.761843014 0.001)
(0.6 0.7834936491 0.001)
(0.6125 0.761843014 0.001)
(0.6125 0.8051442841 0.001)
(0.1875 0.9783493649 0.001)
(0.3625 0.5020353928 0.001)
(0.3875 0.5020353928 0.001)
(0.375 0.5236860279 0.001)
(0.4 0.5236860279 0.001)
(0.3625 0.545336663 0.001)
(0.4375 0.5020353928 0.001)
(0.825 0.2205771366 0.001)
(0.6625 0.3721315823 0.001)
(0.9783493649 0.5375 0.001)
(0.9782195172 0.5125736009 0.001)
(0.7125 0.9783493649 0.001)
(0.5375 0.9783493649 0.001)
(0.02165063509 0.1875 0.001)
(0.375 0.6968911087 0.001)
(0.5125 0.8051442841 0.001)
(0.2125 0.761843014 0.001)
(0.8125 0.5020353928 0.001)
(0.6241690325 0.08977834899 0.001)
(0.4875 0.7185417438 0.001)
(0.8999806619 0.8267839774 0.001)
(0.35 0.5669872981 0.001)
(0.8624997854 0.9783494888 0.001)
(0.02301747502 0.410081343 0.001)
(0.7625 0.6319392034 0.001)
(0.4 0.6535898385 0.001)
(0.375 0.6535898385 0.001)
(0.9494894179 0.7834424108 0.001)
(0.9781338804 0.3381253102 0.001)
(0.02127199603 0.7623943488 0.001)
(0.6125 0.2855290419 0.001)
(0.775 0.2205771366 0.001)
(0.875 0.1772758664 0.001)
(0.3875 0.8484455543 0.001)
(0.9375 0.3721315823 0.001)
(0.9744813755 0.4370369109 0.001)
(0.3375 0.9783493649 0.001)
(0.2875 0.9783493649 0.001)
(0.525 0.7401923789 0.001)
(0.6 0.6968911087 0.001)
(0.6375 0.8051442841 0.001)
(0.725 0.5669872981 0.001)
(0.7375 0.5886379332 0.001)
(0.675 0.5236860279 0.001)
(0.6625 0.5020353928 0.001)
(0.525 0.4803847577 0.001)
(0.55 0.4803847577 0.001)
(0.5625 0.4587341226 0.001)
(0.475 0.4370834875 0.001)
(0.525 0.6102885683 0.001)
(0.35 0.5236860279 0.001)
(0.3625 0.761843014 0.001)
(0.4625 0.2855290419 0.001)
(0.45 0.307179677 0.001)
(0.425 0.307179677 0.001)
(0.7 0.307179677 0.001)
(0.6875 0.2855290419 0.001)
(0.825 0.307179677 0.001)
(0.8375 0.2855290419 0.001)
(0.85 0.307179677 0.001)
(0.825 0.5669872981 0.001)
(0.475 0.3937822174 0.001)
(0.6 0.4370834875 0.001)
(0.6375 0.4587341226 0.001)
(0.5749915267 0.09058873735 0.001)
(0.5875 0.06902269093 0.001)
(0.55 0.4370834875 0.001)
(0.7875 0.2422277717 0.001)
(0.2375 0.1123179699 0.001)
(0.25 0.1339727205 0.001)
(0.275 0.1339735451 0.001)
(0.2625 0.1556247435 0.001)
(0.625 0.4803847577 0.001)
(0.6375 0.5020353928 0.001)
(0.9783493649 0.1875 0.001)
(0.5625 0.5020353928 0.001)
(0.02181352759 0.3621864472 0.001)
(0.02165063509 0.3375 0.001)
(0.3 0.6968911087 0.001)
(0.425 0.2205771366 0.001)
(0.65 0.307179677 0.001)
(0.5625 0.3721315823 0.001)
(0.4375 0.5886379332 0.001)
(0.9783493649 0.2375 0.001)
(0.9546875009 0.2233109289 0.001)
(0.9780938451 0.386261071 0.001)
(0.02163747703 0.7122720724 0.001)
(0.09989821016 0.3072057618 0.001)
(0.4875 0.4154328524 0.001)
(0.9250501973 0.8700822429 0.001)
(0.9776123647 0.4637133275 0.001)
(0.3625 0.4154328524 0.001)
(0.475 0.6535898385 0.001)
(0.3 0.2638784068 0.001)
(0.5125 0.8484455543 0.001)
(0.02549170208 0.6118490779 0.001)
(0.02023696663 0.585855295 0.001)
(0.25 0.5669872981 0.001)
(0.5875 0.2855290419 0.001)
(0.4 0.3504809472 0.001)
(0.2875 0.5020353928 0.001)
(0.2125 0.6319392034 0.001)
(0.45 0.3937822174 0.001)
(0.8 0.4803847577 0.001)
(0.9779811814 0.8127661972 0.001)
(0.8874988037 0.9783500556 0.001)
(0.275 0.3504809472 0.001)
(0.1625 0.2855290419 0.001)
(0.7 0.4803847577 0.001)
(0.625 0.6968911087 0.001)
(0.6875 0.9350480947 0.001)
(0.2875 0.8484455543 0.001)
(0.375 0.4370834875 0.001)
(0.3125 0.4587341226 0.001)
(0.2875 0.4154328524 0.001)
(0.325 0.5669872981 0.001)
(0.375 0.307179677 0.001)
(0.3875 0.3288303121 0.001)
(0.3875 0.2855290419 0.001)
(0.475 0.7401923789 0.001)
(0.3125 0.1556252313 0.001)
(0.375 0.3504809472 0.001)
(0.08761334558 0.718452092 0.001)
(0.375 0.6102885683 0.001)
(0.375 0.5669872981 0.001)
(0.05078284639 0.4377162547 0.001)
(0.4875 0.3288303121 0.001)
(0.7625 0.9783493649 0.001)
(0.5125 0.9783493649 0.001)
(0.225 0.8267949192 0.001)
(0.225 0.4370834875 0.001)
(0.5375 0.3721315823 0.001)
(0.225 0.2638784068 0.001)
(0.2125 0.2422277717 0.001)
(0.2 0.2205771366 0.001)
(0.275 0.4370834875 0.001)
(0.775 0.4370834875 0.001)
(0.112549485 0.06880650398 0.001)
(0.9 0.307179677 0.001)
(0.125 0.2205771366 0.001)
(0.4625 0.5020353928 0.001)
(0.2375 0.5020353928 0.001)
(0.0625 0.5020353928 0.001)
(0.4375 0.1989265028 0.001)
(0.6625 0.2855290419 0.001)
(0.75 0.2638784068 0.001)
(0.775 0.2638784068 0.001)
(0.825 0.3937822174 0.001)
(0.275 0.6535898385 0.001)
(0.1375004427 0.5886381888 0.001)
(0.07505447717 0.8270358502 0.001)
(0.04786510855 0.8265267759 0.001)
(0.575 0.5236860279 0.001)
(0.3125 0.5886379332 0.001)
(0.3875 0.761843014 0.001)
(0.425 0.7834936491 0.001)
(0.6125 0.8484455543 0.001)
(0.1875 0.2422277717 0.001)
(0.7375 0.9350480947 0.001)
(0.4875 0.6752404736 0.001)
(0.8125 0.7185417438 0.001)
(0.8499998704 0.7401924537 0.001)
(0.8 0.6968911087 0.001)
(0.2 0.5669872981 0.001)
(0.8125 0.3288303121 0.001)
(0.3375 0.8051442841 0.001)
(0.7999999972 0.870096191 0.001)
(0.2625 0.4154328524 0.001)
(0.5375 0.1556253424 0.001)
(0.5874996316 0.1556254589 0.001)
(0.575 0.3504809472 0.001)
(0.675 0.8700961894 0.001)
(0.125 0.6535898385 0.001)
(0.6 0.6102885683 0.001)
(0.15 0.2638784068 0.001)
(0.9123805101 0.6751788111 0.001)
(0.8625 0.2855290419 0.001)
(0.1625000299 0.935048112 0.001)
(0.9486169587 0.2638644927 0.001)
(0.5625 0.8917468245 0.001)
(0.325 0.2638784068 0.001)
(0.2125 0.1556249738 0.001)
(0.3625 0.1989265015 0.001)
(0.1125030988 0.5453384521 0.001)
(0.3625 0.3721315823 0.001)
(0.4125 0.1989265018 0.001)
(0.8624998488 0.7185418311 0.001)
(0.7249958186 0.177280324 0.001)
(0.15 0.3937822174 0.001)
(0.4625 0.1556252714 0.001)
(0.2875 0.761843014 0.001)
(0.8749974631 0.5236845632 0.001)
(0.6999940878 0.1772957308 0.001)
(0.2125 0.3288303121 0.001)
(0.08748245339 0.9350458659 0.001)
(0.55 0.8267949192 0.001)
(0.4 0.7834936491 0.001)
(0.2 0.7401923789 0.001)
(0.3875 0.1989265016 0.001)
(0.2875 0.3288303121 0.001)
(0.1250185699 0.8701069108 0.001)
(0.4125 0.2855290419 0.001)
(0.7874999991 0.891746825 0.001)
(0.9125 0.1123037138 0.001)
(0.75 0.3504809472 0.001)
(0.8 0.6535898385 0.001)
(0.4875 0.545336663 0.001)
(0.7499807408 0.09064813069 0.001)
(0.1875 0.545336663 0.001)
(0.1095168355 0.7631017274 0.001)
(0.2625 0.3288303121 0.001)
(0.8375 0.4154328524 0.001)
(0.2 0.4370834875 0.001)
(0.9000000868 0.6102885683 0.001)
(0.8125 0.2422277717 0.001)
(0.8625 0.3288303121 0.001)
(0.9259183798 0.2212408498 0.001)
(0.65 0.6535898385 0.001)
(0.6 0.8267949192 0.001)
(0.6375 0.6752404736 0.001)
(0.525 0.8267949192 0.001)
(0.8875 0.1556252313 0.001)
(0.2375 0.2422277717 0.001)
(0.1625 0.2422277717 0.001)
(0.5375 0.2855290419 0.001)
(0.55 0.307179677 0.001)
(0.8999801291 0.43709496 0.001)
(0.475 0.307179677 0.001)
(0.25 0.5236860279 0.001)
(0.45 0.5236860279 0.001)
(0.3625 0.8051442841 0.001)
(0.4 0.307179677 0.001)
(0.1000180139 0.6102781679 0.001)
(0.1125 0.5886379332 0.001)
(0.2375 0.3288303121 0.001)
(0.8624993223 0.935048486 0.001)
(0.8749967137 0.8267931321 0.001)
(0.4125 0.3288303121 0.001)
(0.3625 0.1123239611 0.001)
(0.9248911863 0.1339040534 0.001)
(0.5875 0.8051442841 0.001)
(0.25 0.2205771366 0.001)
(0.1250005165 0.5236863261 0.001)
(0.8625 0.4587341226 0.001)
(0.275 0.4803847577 0.001)
(0.2875 0.7185417438 0.001)
(0.7125 0.3721315823 0.001)
(0.2875 0.1123182387 0.001)
(0.5625 0.8051442841 0.001)
(0.5125 0.2855290419 0.001)
(0.4375 0.3288303121 0.001)
(0.175 0.5236860279 0.001)
(0.9247871845 0.3070568079 0.001)
(0.2875 0.4587341226 0.001)
(0.275 0.7401923789 0.001)
(0.2375 0.545336663 0.001)
(0.1 0.1339745962 0.001)
(0.1625 0.3721315823 0.001)
(0.1124998977 0.3721315232 0.001)
(0.09999988061 0.3937821484 0.001)
(0.7624577914 0.06867608121 0.001)
(0.2625 0.5020353928 0.001)
(0.5 0.9133974596 0.001)
(0.5125 0.9350480947 0.001)
(0.7625 0.4587341226 0.001)
(0.775 0.6535898385 0.001)
(0.7125 0.6752404736 0.001)
(0.7 0.6535898385 0.001)
(0.7 0.6968911087 0.001)
(0.75 0.5236860279 0.001)
(0.9125120329 0.5886436176 0.001)
(0.1625 0.5020353928 0.001)
(0.875 0.307179677 0.001)
(0.475 0.5669872981 0.001)
(0.8749966882 0.4370853996 0.001)
(0.1250030761 0.6102868775 0.001)
(0.175 0.8700961894 0.001)
(0.6125 0.3721315823 0.001)
(0.2125 0.545336663 0.001)
(0.1625 0.6319392034 0.001)
(0.4125 0.8484455543 0.001)
(0.3378360715 0.06867643567 0.001)
(0.375 0.7834936491 0.001)
(0.150009277 0.8701015455 0.001)
(0.862499448 0.4154331711 0.001)
(0.225 0.6535898385 0.001)
(0.2 0.6535898385 0.001)
(0.5375 0.8917468245 0.001)
(0.7625 0.5886379332 0.001)
(0.8874977488 0.7618443137 0.001)
(0.6375 0.3721315823 0.001)
(0.5125 0.1989265074 0.001)
(0.65 0.3937822174 0.001)
(0.375 0.8267949192 0.001)
(0.7625 0.5020353928 0.001)
(0.775 0.4803847577 0.001)
(0.5875 0.3288303121 0.001)
(0.6 0.3504809472 0.001)
(0.275 0.6968911087 0.001)
(0.675 0.3937822174 0.001)
(0.25 0.6535898385 0.001)
(0.1374999829 0.3721315724 0.001)
(0.575 0.307179677 0.001)
(0.7125 0.4587341226 0.001)
(0.9124768173 0.4587475072 0.001)
(0.7375 0.4587341226 0.001)
(0.4625 0.5886379332 0.001)
(0.9375 0.4587341226 0.001)
(0.3501937034 0.09057596221 0.001)
(0.1375005127 0.6319389216 0.001)
(0.7 0.4370834875 0.001)
(0.75 0.5669872981 0.001)
(0.3875 0.9350480947 0.001)
(0.8624994166 0.7618433508 0.001)
(0.1375000861 0.5020354425 0.001)
(0.6249998586 0.2205772307 0.001)
(0.175 0.6535898385 0.001)
(0.825 0.6535898385 0.001)
(0.6999999595 0.2205772075 0.001)
(0.0625 0.1556252313 0.001)
(0.675 0.6102885683 0.001)
(0.3 0.1339730973 0.001)
(0.9250117627 0.5669926745 0.001)
(0.7749998771 0.1339720366 0.001)
(0.9375 0.1556252313 0.001)
(0.2625 0.6752404736 0.001)
(0.8374998729 0.7618430873 0.001)
(0.6625 0.5886379332 0.001)
(0.5875 0.5886379332 0.001)
(0.6625 0.6319392034 0.001)
(0.7125 0.4154328524 0.001)
(0.775 0.6102885683 0.001)
(0.5 0.220577138 0.001)
(0.95 0.5669872981 0.001)
(0.7625 0.545336663 0.001)
(0.08753960914 0.5886365341 0.001)
(0.1500000988 0.9133975166 0.001)
(0.525 0.9133974596 0.001)
(0.9528966859 0.3050046991 0.001)
(0.375 0.9133974596 0.001)
(0.08751445861 0.1556310295 0.001)
(0.06353115205 0.5892448597 0.001)
(0.7375 0.7185417438 0.001)
(0.7749999999 0.8267949193 0.001)
(0.4125 0.8917468245 0.001)
(0.425 0.8700961894 0.001)
(0.07511910323 0.3938509816 0.001)
(0.7 0.3937822174 0.001)
(0.549999987 0.1772759002 0.001)
(0.6625 0.9783493649 0.001)
(0.1375000141 0.978349373 0.001)
(0.7874999998 0.8051442843 0.001)
(0.75 0.7401923789 0.001)
(0.475 0.9566987298 0.001)
(0.5 0.9566987298 0.001)
(0.4625 0.9783493649 0.001)
(0.8499996327 0.9566989419 0.001)
(0.55 0.9566987298 0.001)
(0.7749999999 0.7834936491 0.001)
(0.525 0.9566987298 0.001)
(0.35 0.9566987298 0.001)
(0.04692522184 0.3957110374 0.001)
(0.325 0.9566987298 0.001)
(0.575 0.9566987298 0.001)
(0.4375 0.9783493649 0.001)
(0.7375 0.761843014 0.001)
(0.6 0.9566987298 0.001)
(0.6874976908 0.1989326304 0.001)
(0.6375 0.9783493649 0.001)
(0.625 0.9566987298 0.001)
(0.1500000513 0.9566987594 0.001)
(0.425 0.9566987298 0.001)
(0.3 0.9566987298 0.001)
(0.05017005239 0.9568048113 0.001)
(0.02302643221 0.9592798897 0.001)
(0.7 0.9566987298 0.001)
(0.4 0.9566987298 0.001)
(0.675 0.9566987298 0.001)
(0.375 0.9566987298 0.001)
(0.275 0.9566987298 0.001)
(0.75 0.9566987298 0.001)
(0.09999714437 0.9566983981 0.001)
(0.725 0.9566987298 0.001)
(0.8249999348 0.9566987674 0.001)
(0.1750000097 0.9566987354 0.001)
(0.775 0.9566987298 0.001)
(0.2000000016 0.9566987307 0.001)
(0.07503384769 0.9567290269 0.001)
(0.1124995405 0.9783493191 0.001)
(0.2250000003 0.95669873 0.001)
(0.7999999891 0.9566987361 0.001)
(0.25 0.9566987298 0.001)
(0.475 0.09067773705 0.001)
(0.5 0.09068337805 0.001)
(0.687445079 0.1556364665 0.001)
(0.6499154435 0.1338361759 0.001)
(0.5503180907 0.04675923768 0.001)
(0.5126941575 0.06877901015 0.001)
(0.6372350598 0.02163882199 0.001)
(0.9373966037 0.7179701322 0.001)
(0.4626448741 0.02341226936 0.001)
(0.1375654564 0.02330968765 0.001)
(0.5377679147 0.02383740454 0.001)
(0.0766761539 0.73804937 0.001)
(0.9623576462 0.06669196789 0.001)
(0.04650973894 0.3070767386 0.001)
(0.9498841928 0.6949109591 0.001)
(0.6114467735 0.06876040355 0.001)
(0.03815404586 0.02137210594 0.001)
(0.9617381272 0.9794850811 0.001)
(0.5987434802 0.04667907831 0.001)
(0.375412247 0.04662653277 0.001)
(0.6621143182 0.02060609799 0.001)
(0.6488357383 0.08944180238 0.001)
(0.04106454512 0.7252088975 0.001)
(0.9611841811 0.6729472594 0.001)
(0.04103846769 0.8499994035 0.001)
(0.9607597169 0.1999525748 0.001)
(0.04047405558 0.1999659579 0.001)
(0.9593006872 0.8498423996 0.001)
(0.03972521672 0.6752282378 0.001)
(0.9596818791 0.50040835 0.001)
(0.04085184707 0.5003795301 0.001)
(0.9594723198 0.3738796142 0.001)
(0.04038728031 0.3737426955 0.001)
(0.9592436989 0.3269502858 0.001)
(0.9591159701 0.5477197491 0.001)
(0.03964914832 0.5521453475 0.001)
(0.04043405588 0.3273259989 0.001)
(0.06358269519 0.8086382114 0.001)
(0.9588156022 0.8025300602 0.001)
(0.9589287063 0.1526863748 0.001)
(0.04104627601 0.1527712339 0.001)
(0.04121442657 0.07177013561 0.001)
(0.9834422536 0.7138630299 0.001)
(0.0417335596 0.6290577239 0.001)
(0.01688946284 0.2378956134 0.001)
(0.9827658426 0.0638564 0.001)
(0.9583948334 0.4550193486 0.001)
(0.9835789228 0.9367728808 0.001)
(0.01674682453 0.9375 0.001)
(0.9582029278 0.419262731 0.001)
(0.0415897609 0.4193744916 0.001)
(0.9832825051 0.5877455698 0.001)
(0.1044305067 0.7860974525 0.001)
(0.9833275783 0.7625 0.001)
(0.9833329201 0.1125 0.001)
(0.01666707986 0.1125 0.001)
(0.9580161319 0.2819331909 0.001)
(0.04198729811 0.591228676 0.001)
(0.9588358143 0.2460851638 0.001)
(0.0172896106 0.4609507861 0.001)
(0.9832560163 0.88906918 0.001)
(0.01678240285 0.8891483357 0.001)
(0.9825769869 0.6343900812 0.001)
(0.08764093937 0.7550972682 0.001)
(0.01524398427 0.2875 0.001)
(0.9816987298 0.01830127019 0.001)
(0.01830127019 0.01830127019 0.001)
(0.01830127019 0.9816987298 0.001)
(0.9816987298 0.9816987298 0.001)
(0.05757789861 0.7383416389 0.001)
(0.9824928451 0.6689873963 0.001)
(0.03456634523 0.5735136245 0.001)
)


// ************************************************************************* //
