/*--------------------------------*- C++ -*----------------------------------*\
| =========                 |                                                 |
| \\      /  F ield         | OpenFOAM: The Open Source CFD Toolbox           |
|  \\    /   O peration     | Version:  2412                                  |
|   \\  /    A nd           | Website:  www.openfoam.com                      |
|    \\/     M anipulation  |                                                 |
\*---------------------------------------------------------------------------*/
FoamFile
{
    version     2.0;
    format      ascii;
    arch        "LSB;label=32;scalar=64";
    note        "nPoints:80158  nCells:79460  nFaces:278458  nInternalFaces:118842";
    class       labelList;
    location    "constant/polyMesh";
    object      neighbour;
}
// * * * * * * * * * * * * * * * * * * * * * * * * * * * * * * * * * * * * * //


118842
(
45
2745
76093
302
1271
5992
557
2072
54002
239
457
45963
136
4280
17013
19
22
11154
10
592
39182
275
3115
48401
12
61696
78805
44
859
4813
768
35667
240
2151
70276
20198
75988
361
3223
66295
153
4869
36257
92
1120
75954
836
1019
73110
154
675
26924
152
1827
63361
451
79111
245
4603
9951
104
114
11189
29
46089
247
3071
7525
885
1415
69973
77
899
2352
42
120
3582
33
55354
73253
36
1040
46769
398
79089
766
830
17002
209
2010
9374
772
2078
3945
4238
78771
978
1199
3054
794
799
21726
981
54407
46
1370
58167
779
1764
7640
250
1074
65870
47
1344
3721
450
1115
66449
266
1665
316
4172
30363
6862
78618
6396
74435
2847
47128
769
77760
85
6438
71974
63
12011
68500
518
2688
37178
67
2707
10769
201
1039
8204
65
348
16280
369
1142
77736
323
2586
3176
306
1078
19449
356
1087
4954
188
1993
71460
94
2088
22321
347
1778
13460
280
954
4363
371
523
888
766
5633
71
1719
7508
438
6578
67
365
30629
43098
872
915
45927
75
110
65100
79
7376
69919
1752
22958
813
1181
37137
103
27274
70045
1290
1877
5422
33438
75438
424
4523
31347
2429
13476
326
1358
31013
2526
78506
145
66063
70563
83
948
11667
88
61084
74445
739
70207
505
3860
31384
20100
58147
140
4053
9405
100
49751
70649
4409
78860
317
70376
78058
163
2177
3590
98
1793
71023
1883
12804
126
57229
67822
1268
2725
926
966
12187
198
202
4486
321
1463
6237
7046
7108
143
1502
17421
5579
74084
110
127
48903
272
2092
3307
463
6835
5580
14456
873
2394
67940
138
179
10131
229
1336
3321
125
397
35339
961
997
22997
65715
313
914
2090
399
1472
53096
157
3253
13266
1130
4786
116
1395
44374
1416
32519
330
1045
6444
143
717
19829
838
2066
2754
7663
359
2426
76451
285
10029
61980
148
1152
75432
127
65443
75172
3439
78930
8661
69585
60565
1016
1608
46262
543
849
441
2260
38745
144
10452
29776
170
41633
70944
171
4506
73607
268
13106
67427
535
2119
70974
9993
78218
220
9505
73994
2786
79004
998
2528
68052
937
79210
169
203
54528
514
1010
11470
66964
2483
59164
13741
72444
652
1684
18052
158
1275
66880
2347
3929
303
2210
19886
177
11476
67824
186
1646
13087
197
60772
1575
3136
3182
76188
159
666
33052
911
1037
19074
47356
77131
1205
70410
687
59864
256
5420
75962
243
2250
164
711
38440
849
13051
898
45673
899
1916
2716
563
6476
66697
683
952
15314
271
67750
74678
180
18630
509
7268
8850
73357
328
2204
6237
185
48942
73837
746
2711
62259
510
2437
22653
410
3247
77240
75441
78707
179
22799
70746
60275
23353
70739
426
1246
5399
183
187
26600
609
51417
534
6480
20692
72683
76396
1732
66981
1276
47178
2408
589
5503
64507
425
474
3690
1306
2042
5874
974
2231
1217
1609
902
2243
17401
964
1713
2921
677
2814
17157
538
14564
3751
78952
942
2647
71706
667
4542
68635
686
8230
267
6226
752
5844
231
505
23010
237
16796
75052
219
24705
74759
730
1402
48568
572
2604
74089
735
73351
913
1622
60068
940
1516
10445
270
9852
64201
269
64636
67581
1157
1251
63462
574
1100
63173
1171
1175
30957
605
1655
28779
553
1371
34920
5724
78884
5784
73197
224
33997
69351
244
251
16105
1196
1200
37931
4486
6226
228
372
30172
595
1511
3376
550
2648
72362
308
44947
3542
73923
774
3872
30567
2705
79046
587
10044
12204
235
283
12257
301
866
45384
74910
444
2653
64735
272
77572
496
4080
4482
814
22277
341
66365
1499
1693
45469
319
876
5483
68638
470
4399
9315
74473
906
3086
75217
76975
333
3218
78271
494
3944
69192
5663
6475
3910
63632
258
1331
23529
254
374
69632
737
69531
466
589
73738
4527
7261
888
1559
60694
295
51121
771
3020
74595
304
2068
7654
1026
1954
63279
286
45085
75078
264
680
69154
350
69569
274
56796
74765
63892
78174
6310
73200
1903
53280
75623
78669
1157
15395
6885
9837
55467
381
3940
12852
292
25650
520
77747
349
2192
75385
741
2329
59351
458
2134
32527
282
299
64682
2997
63026
1357
2096
5871
298
47508
307
23461
970
3519
27284
1516
4264
6212
78904
708
1958
2340
413
67518
69924
352
1921
2385
291
324
73061
685
30011
297
56756
300
1447
70929
296
588
53806
599
6573
394
64312
30392
75333
66313
74444
6667
78862
761
70957
5174
65113
1829
4171
2187
77147
4686
17811
336
24971
70120
4115
9606
5855
78821
1971
49457
314
1241
46580
335
422
6955
1097
2721
61353
2484
2551
4867
2018
23224
1258
27128
920
3636
9982
72161
78111
2700
4833
322
413
67572
2018
65112
438
6545
69312
7490
78737
66503
76119
6863
75895
325
69580
669
69521
4354
26544
341
760
74750
12203
78662
340
758
73354
1503
28964
335
670
69592
334
2180
71800
2515
6549
1160
71669
69776
5023
75942
338
2165
71777
1930
71608
385
890
19473
32685
76687
60991
346
2202
71808
1236
1424
7743
847
6181
60833
411
6406
71925
2163
71752
442
64996
463
6806
76180
78530
353
73080
1349
1382
19044
2130
2345
738
31826
391
1185
78730
488
6499
70644
482
5039
1345
1459
7939
1347
1458
7958
6532
73853
901
3881
5136
5163
77554
364
2279
71864
366
69593
74495
2358
71759
2259
2803
52376
75929
701
983
423
6259
71207
794
2561
2000
2633
3633
400
55997
2126
2386
1009
1206
2591
375
73126
777
32915
1717
2631
77662
1376
3707
15596
379
1960
71617
1886
71516
383
956
68481
2302
77661
384
2349
71890
780
66713
2406
71747
2486
79109
959
3776
67968
1070
1365
14730
389
1806
71437
1892
71568
1294
1857
3217
26817
393
1729
71358
1812
71522
421
65880
1270
1619
54418
409
1359
26122
509
7244
4566
49054
729
61129
1077
57661
402
1679
71304
1734
71448
408
55011
75012
405
1263
71722
2396
71884
407
1682
71427
1623
71297
56206
74286
418
47672
16924
71233
10200
74479
414
1582
71259
78580
1624
71324
1451
2148
36606
1024
6812
17520
1021
1325
31416
1369
25930
658
63079
71250
522
1064
10600
7338
78933
1586
71333
56153
75771
72833
78109
1256
1394
630
70061
436
700
74804
454
1051
73768
430
941
73279
3624
71461
443
3082
67623
540
1601
71453
434
2487
71763
2440
71821
460
483
56819
1067
18786
440
1983
71765
26415
809
3311
4673
1959
71920
3640
74553
565
70217
1863
72834
13419
844
2010
3221
972
1286
16678
455
4433
26069
1178
1856
2125
802
2838
23901
6310
8333
4869
42914
453
2514
71737
2473
71793
8993
75814
4615
46888
611
67661
72081
3720
36157
2590
70549
638
774
27830
475
38698
597
5449
72802
501
56587
75395
16026
476
1495
70357
468
21845
75397
1345
10786
2267
2558
4959
70851
76024
607
1618
3245
1109
79040
472
2533
71704
2499
71767
1405
1539
12273
4080
14078
56108
73456
68693
75576
1565
2656
20015
491
787
74242
580
2414
4779
516
1439
23387
1496
1561
38922
805
10826
3899
79029
490
1295
70246
1511
1546
18042
487
2520
71745
2571
71653
1110
74820
499
38854
69851
1572
69139
533
15687
507
590
48319
729
3242
74134
69159
70003
892
2031
23240
625
70288
724
60289
75564
554
4197
24337
1200
1358
1470
1707
35383
6901
78970
1006
4736
66136
504
2564
71782
1380
71657
77762
1098
9613
64571
68876
74276
769
1790
2444
41229
535
74747
887
2953
35689
923
3099
28676
798
821
78943
1598
7316
1595
1598
35759
1096
55307
627
28044
74004
1181
74131
531
613
13079
752
5809
576
829
62047
3951
78547
989
10636
1318
3573
15630
526
2610
71792
1420
71674
528
70840
78812
70607
78817
544
1831
70948
807
7521
26896
66288
71484
646
33997
72379
564
74621
74377
78345
76008
1647
1743
63042
1433
4028
70687
2188
3672
792
2224
77128
3441
73704
542
1017
74210
44709
74010
2604
8146
70123
76113
551
664
29226
548
782
71698
1012
1666
69880
71630
72852
567
891
23610
65385
78333
560
41138
620
53059
73500
1089
10778
2338
79129
881
2831
16347
1315
2116
55619
72488
76310
641
1268
61793
573
612
74860
1596
32981
562
3790
72659
3780
72723
3816
11436
17080
76830
65006
79342
568
659
35417
1384
22397
598
60625
835
1758
7003
601
1024
13668
617
655
13998
2506
77961
1262
24867
583
61679
1396
2062
33534
8805
78971
712
61299
71707
582
1191
68918
586
1868
22218
3220
78848
594
817
70581
1493
69954
905
24618
586
1526
20088
1165
8693
70627
41127
73867
74425
590
64512
76193
64608
616
3380
27548
4506
29417
603
1757
71862
815
70462
5406
78907
1615
1837
41267
74504
77546
613
45458
619
35018
604
3768
72577
639
17628
1719
1723
35725
71825
72239
3763
72644
1155
5348
704
3709
13153
609
36417
914
1144
2051
51579
1711
1756
17888
73310
78674
615
71266
62124
671
1206
59124
1065
70788
3713
37076
621
59155
732
10456
75541
626
47640
4825
79027
637
58527
1326
4161
10163
722
1835
9159
674
6397
27115
1242
2767
4024
34689
66454
75969
758
69834
73305
676
3461
76373
705
78791
1769
1789
51955
635
67774
76566
856
1671
17954
916
2915
18555
2215
7724
648
1098
65616
639
53315
1153
5883
20889
747
1284
69137
68492
76645
1367
2972
4359
1951
3093
62398
1051
69567
71000
787
70381
73565
1004
7648
743
7994
67905
16861
75511
1143
67234
70189
668
9030
56153
653
1911
43627
7185
41776
1922
34113
659
19406
75905
8078
79006
987
7016
57297
1531
2091
19630
76321
77696
60822
2002
2257
10973
1825
1851
52937
829
4490
79062
1841
1843
37915
3065
4317
703
69048
73998
673
25719
1140
77422
60287
70350
670
69510
69588
1817
1957
695
700
64763
837
49375
3750
79107
1575
3133
3936
76256
1546
3376
681
49281
78047
694
740
48141
685
69128
24805
78147
801
3425
72287
1540
38071
1763
2026
47565
69560
1282
64509
711
55403
1426
2517
5191
693
4502
50003
699
13067
71221
1474
1533
6374
695
826
70825
4493
22856
1239
27225
70568
927
1654
72337
702
1224
69817
828
67184
78273
3864
59703
71148
944
6200
1860
69947
72404
78841
4636
69683
56473
75939
946
1333
8049
1919
1944
54747
2785
9773
727
5656
52169
1573
8291
44073
41447
1743
73603
1081
3454
5817
1947
1953
30358
1394
2378
4901
1129
2714
47836
1944
7839
791
2240
28002
1588
6742
54105
2450
2734
4861
1949
1991
58318
2213
43708
1215
4656
31230
67658
79443
796
3766
41934
762
2380
78328
5851
60583
1195
4421
77294
9960
2127
4525
1228
3589
27930
1504
78537
867
2976
5871
851
3651
35914
1649
4771
852
2400
37645
738
69448
69604
777
66298
887
36305
1049
72780
760
72036
75281
66312
75790
755
2229
38550
1772
2175
19455
1270
69079
1352
8745
881
1354
27312
753
1931
69413
886
6015
20054
1252
3659
37296
52321
1848
69650
1760
5899
32338
2170
36838
842
68593
76110
770
968
40650
78617
1444
73815
76066
78768
767
74772
1367
1414
1471
6241
72837
973
7583
77150
773
60909
79023
64405
1497
51908
2141
6140
32309
990
25463
70928
76322
16771
73315
66754
78951
77246
983
1050
2613
1856
2447
65593
69658
825
73088
74608
5077
70151
790
71962
1288
3337
64398
783
75401
1571
25830
785
71836
77056
1740
72326
2110
2548
68407
78454
935
71149
79453
921
70567
75032
20765
75920
796
28835
69682
72125
2013
2024
19917
18296
1260
3358
7531
39100
1343
4686
6925
3487
4244
17653
72015
1840
2315
37657
3466
77844
4113
73829
1017
70374
74733
808
1307
69449
4829
77009
1749
2322
63157
2283
3892
1904
69538
6586
2098
2316
67410
884
70266
75022
975
13741
71291
2445
7713
3433
3824
826
70192
1752
2464
49234
862
70559
2540
2543
77073
824
1824
71488
1010
2902
30427
1351
8955
1177
1355
12084
894
13666
70049
71491
76690
1895
8971
70811
2259
2795
2987
2594
4045
77152
6734
52355
840
2241
24701
880
1230
24652
1587
2445
25586
1962
3767
6518
2228
19647
71570
72557
1949
52402
954
74358
1576
4721
12566
841
46883
1984
27001
72347
78859
924
2230
9823
72983
78604
846
1805
71272
3066
71282
6164
77083
1423
3948
23041
4730
1330
2671
14598
852
40255
30485
855
2977
71125
1814
2539
29895
3004
71161
1962
3901
858
73767
75765
1731
25658
878
22893
1125
3104
67324
864
22841
74167
76327
78758
1192
1648
17186
62942
74587
1893
59504
64954
1387
23930
2763
32425
870
2987
71081
1730
5150
23200
2966
71123
1004
7670
73145
5816
40364
9740
13035
2840
3587
22508
976
67299
77005
1400
23224
883
1548
73092
939
13941
893
2568
35002
1192
5117
72717
1479
4041
36173
47869
74278
73276
78889
72110
72309
1759
7882
73743
65739
947
11265
72473
1153
5856
2008
4884
3527
52027
2639
38860
1112
3177
985
3228
4249
1015
3229
4248
2504
3230
4247
2738
9190
9212
2157
3883
20431
2843
27278
2058
73178
1311
1620
9294
2219
2220
28995
4431
76359
6250
56706
934
2601
73785
1088
1539
6358
929
72505
76188
1095
2983
26134
1711
2031
2129
2370
31695
3639
70166
11636
1971
30172
4054
72436
918
76361
79437
71853
76996
960
2668
22026
6609
72592
1032
78664
931
2381
41706
4827
74059
2519
25957
2404
3596
57494
1474
9927
8386
64117
1579
2140
22110
3734
74252
2015
2853
32505
2501
31312
1389
3353
35096
1548
69572
73155
4756
74363
4286
78031
1475
3070
26753
5483
64500
2152
2403
35874
955
37496
3693
59867
943
75510
75483
77053
1927
47677
2003
1011
3409
4169
967
33273
49890
77864
949
73788
1590
32204
1007
2986
63553
982
2624
63166
18338
64804
2285
2353
17065
1073
12778
1091
69089
2283
2294
32822
2047
3379
12985
2643
11540
2789
56477
1503
6451
1961
5703
26529
1644
5267
11226
75566
78894
2136
6562
31049
13568
77565
3796
15992
1945
28938
1201
1813
67762
1175
74277
984
1902
69633
3129
6455
1819
78343
1056
61284
1916
9983
77445
78357
1062
3436
4231
3437
4232
1891
8241
72113
1637
3420
43712
1588
57471
2720
19247
13414
2701
70424
5164
75583
1487
2179
30641
4427
73263
1700
2910
31815
7094
70173
1252
37330
1374
70778
76723
1076
3450
4256
1041
70991
78479
1095
1970
19702
2238
2511
30262
1296
57721
77307
1016
29819
72234
74393
2346
2356
28956
1941
5457
20707
2001
2635
38808
1246
1524
73668
2331
66030
74060
34679
1027
71882
77049
27099
77190
1653
76215
1988
64950
69761
2272
7241
69496
5257
77257
1325
69357
3817
4201
72608
1031
1923
65202
1724
2806
39848
78585
1086
1846
7531
69975
79224
1058
3095
11258
2365
8775
1583
3328
34836
1967
2314
20793
78051
1356
3868
72607
2945
72990
76410
78815
1585
2199
36034
1486
71139
74770
1036
2545
36030
18922
74455
1038
70535
1060
4919
23849
1229
4989
75021
2287
9458
44728
1043
30979
1078
1382
70930
76676
10409
77753
1803
8619
72359
78498
1456
1667
5775
2242
42576
1046
2782
77744
2146
7172
3401
25121
2469
12668
73669
1643
7488
9824
1593
67122
8230
77753
78030
1505
3641
65211
2438
4237
58123
1653
20666
73488
2058
2286
22546
3486
61873
1348
3816
10767
6598
9299
2317
10970
61964
1085
31344
1066
1331
50096
1811
5214
3157
3209
4642
3210
4640
1067
70810
1789
6532
71213
1748
2785
3087
1481
1648
5117
2353
8555
1166
4515
11442
1093
2044
77417
1106
50670
1448
74537
1080
1099
33140
1821
5243
1433
4748
6833
1105
2710
1116
16229
2219
8132
1167
3474
4448
1172
3475
4446
1174
3476
4445
3002
31207
2642
77182
2949
1306
5907
2124
36740
2142
5980
32036
68712
79034
1929
5132
5456
8660
20804
1500
1691
71256
68371
4326
63184
2001
71512
78203
6142
8801
2294
3892
1836
2861
69731
2695
3282
4612
1240
3283
4610
1604
3284
4611
2019
2565
1161
14964
2398
9734
12712
2265
2575
19243
6515
77283
1710
1724
2743
7348
8803
1532
4210
1344
7914
78398
1118
2848
70428
6226
29110
1121
48240
1298
68646
2918
70291
2937
3329
3559
5178
78462
1304
20149
1589
7519
39595
1405
1464
6358
2336
2420
38790
73450
74093
2738
5465
5553
2222
6242
19167
1253
70782
74394
2832
4164
5220
74603
1158
1159
71803
1269
70526
74329
1234
71922
77991
1509
64653
70996
1370
2549
16762
1138
2908
70471
1141
3030
77796
2990
70308
1337
71810
76333
1417
74267
3736
20923
2694
9607
74990
78277
1324
2024
2436
11503
58929
1901
71976
74801
1182
72489
76933
1193
2411
19152
2432
2821
59145
1903
1972
78030
1154
2979
70523
63378
77245
9603
2034
70236
1618
24017
1320
1339
76444
64574
1210
71844
76664
78820
1162
75695
1194
55363
2289
32812
1202
1781
9488
1169
3667
48035
69757
74032
2893
24038
2996
5567
2334
6599
38668
1186
77720
1320
63653
76324
1276
25484
1924
4530
2552
2636
16799
2767
5613
29063
1203
1242
77945
2648
4278
67765
68072
2476
3111
67814
1308
1551
71306
14161
77120
78734
2584
2607
25400
1188
6411
41092
7979
47431
1197
55098
2348
6500
36937
1479
27045
1754
5564
77082
1191
1871
33097
73497
11201
1211
56510
1202
24635
6314
74690
6575
37661
2496
77711
1201
3001
44062
5634
74991
28211
21838
62386
5613
65139
1777
6370
28092
69035
75047
5316
1220
76407
77312
2059
2470
14373
1521
71405
76314
77966
78754
1243
52563
2007
3381
27085
2120
2274
13642
2387
6426
18505
4023
6195
1272
70712
72637
6379
68799
1363
58273
75452
1224
1889
23516
3056
74222
2506
2727
77129
1255
2768
77070
2969
3726
4322
73332
3117
3801
69241
1264
68735
75972
1368
3293
10224
5566
74150
7354
74514
1491
62699
2188
3897
5169
1321
12396
71842
1643
1917
2954
77115
78602
1238
11270
75226
1894
39998
1747
2007
72918
74778
77099
3396
3890
1908
5470
6284
40345
73611
2290
57383
3676
5194
65343
1280
5252
72295
69338
1329
73122
77340
1257
65750
74945
2555
2797
51348
1859
2550
6473
62374
75096
74227
75286
78932
2827
3286
4955
3287
4956
3288
4953
74922
79337
6318
28546
1267
2133
9546
3755
4363
1263
2457
36262
1336
71443
75738
1966
5171
2305
2441
63236
1600
4590
75978
70150
78208
59645
74785
78947
62905
69476
74643
3930
73558
2877
3949
69563
1277
1305
20024
1505
65103
74277
3088
47776
3024
3350
4964
1289
74762
78992
16024
74371
2226
5591
17899
4362
4625
2300
14771
21659
1707
12510
1549
8980
19613
3062
10331
1454
2942
10024
76370
76271
78849
69148
75263
1560
3575
40094
1468
72534
78318
2719
3253
77233
9349
75597
1342
68470
7152
73937
2339
5730
33694
59433
73368
1301
74765
74914
1307
1934
22474
6735
74735
3200
6085
9354
2122
7367
74521
1896
7782
1621
58911
4851
72856
2548
72222
2600
7228
23390
2904
4384
73209
1910
53037
2614
2974
54590
1388
3506
8614
2736
2769
21030
1401
48728
1442
2744
3163
2795
2803
46233
1840
68706
2841
3038
37454
78211
74843
79317
1335
76135
78931
2796
2804
32752
4449
79011
25990
2636
4769
2812
3778
43350
1334
2951
53318
74888
79318
2075
9807
73853
1480
2003
4362
4202
6324
2332
77751
73667
78650
72879
76995
78606
2755
2810
53627
6059
56452
1683
70055
76464
2069
5663
74537
70369
75126
2693
8587
76787
46853
2053
5066
8993
47836
74906
4321
19829
6833
37960
3694
4051
10698
2497
6090
3423
4794
1379
1703
22834
3611
10650
1403
68838
1605
63169
2763
7717
6575
1851
6241
1377
64635
74952
1495
3392
51886
1551
3614
39143
2078
69701
1381
2703
35013
2552
4769
1383
1567
62627
76194
3112
22333
1399
27247
18425
1760
32664
1477
73175
77334
2854
2920
57382
1432
78438
2771
3426
4794
70753
76925
6669
73839
1380
2627
27270
1788
38958
75685
2823
39890
35683
1762
62880
2584
3614
2019
16942
57386
2871
2882
31006
3334
3657
77669
1390
39901
1791
31833
1786
70976
77994
2862
3016
15760
2248
3491
49726
13692
57617
74447
29062
64117
1407
1542
60951
2008
7318
50590
1597
45107
3348
2777
53594
10901
76292
2756
1436
72034
76544
40348
2593
2970
49947
1555
61641
1807
2839
22745
1411
3161
29226
1494
3333
79216
3065
41287
1818
72021
76201
2022
2158
11402
2835
5257
73020
75378
2287
45360
10712
75894
2943
2948
33492
2025
4488
18358
1422
75704
2389
3165
52366
2698
28724
6183
74415
2691
9394
1701
3646
5147
1649
5040
1443
9584
73800
3564
3648
5154
1591
3649
5153
1720
2037
60092
1435
70704
74258
1447
70773
74611
1440
1467
53587
73550
74082
2981
7784
1980
4187
57886
2074
5450
9601
2098
5239
1498
52687
2866
3044
45088
3386
70432
73492
76017
77231
2312
2935
5638
2709
6897
40083
70922
77228
79213
1550
3062
13502
1645
2844
9188
26347
76644
2316
3592
5239
1469
1492
58205
3130
41471
1558
13500
71235
5917
6922
2644
3233
54062
2762
9911
2760
9877
1462
69312
74569
1771
26757
66650
8190
74475
2204
61193
6284
27128
1467
37371
73825
1485
7617
24800
50733
64157
78119
1523
42673
2240
39100
1693
72095
2245
1543
3794
69140
74591
3345
4389
1606
1720
60485
74955
79326
1882
9968
79257
74413
4170
10182
2068
34781
2232
68919
77724
1785
3479
5322
1790
3481
5324
2508
27215
76501
79350
4930
5652
1489
75262
78956
74010
75434
1556
2864
41839
2041
67573
1498
40663
1590
67708
4673
73757
4092
7870
24975
1832
71032
62576
6318
46580
2129
68058
1515
2218
77830
1732
17054
39848
1566
70791
75116
1574
4437
70727
1992
4124
50035
1674
2671
7694
2152
69624
2717
3500
5363
24265
1572
68697
73679
1514
74276
74836
74725
75149
2905
61374
63774
1544
2544
41715
1564
2222
25871
2421
9030
77981
1610
6111
59762
1742
78550
1527
61213
74200
1542
58787
1601
65689
2832
4257
5016
37576
67687
1626
59100
1780
8995
10913
2075
2500
2937
1616
2805
8117
27252
72592
18438
78621
3857
2932
6150
58669
1553
78276
79446
3634
6467
69664
1541
69200
79424
2085
9813
65380
10662
3154
14450
78329
78651
61301
71807
76744
2630
48444
1613
4900
71068
24913
1594
5365
51888
78314
3155
4170
3525
52311
1640
1901
68168
2067
73887
2787
2869
4864
1567
61543
2273
18447
3114
3132
23654
3522
1954
74997
4179
68882
3070
24410
3133
3136
41926
3018
3174
18812
2228
7011
6360
77530
71720
74938
62741
1982
65413
66904
1695
10499
63084
3089
3095
61687
1918
72132
70206
73084
73174
3471
72317
29627
1976
71735
1804
8980
9631
1603
3561
43130
2248
6117
1896
7857
77208
2101
4559
72057
1586
71261
1585
39266
1641
1675
25108
31795
71300
3411
4557
77527
3024
22409
70244
2190
6049
2518
6103
18113
2120
8823
1632
27499
2400
40255
2334
38648
3200
16954
41125
2674
2885
49188
71225
76783
16976
1607
2590
67781
3100
29528
65041
76561
3294
76492
3354
4222
67846
74959
2042
73860
2312
9709
3823
61430
2930
2963
9359
3181
3182
44132
2768
79005
1635
67067
77882
1625
25157
2527
68384
2824
6392
41951
14325
4326
23387
1762
53808
1703
36044
8940
79299
1624
71299
71359
1628
35092
1629
64307
1632
1681
25161
2348
30513
36985
74505
1880
72917
76604
2054
3449
5533
53112
3451
5535
5701
2093
3452
5534
67183
77910
3609
7729
10440
1686
72531
3169
3183
19727
2114
5247
5968
69965
76436
1656
58394
3199
3301
15458
39469
61182
75630
3335
35315
19289
74035
63287
75918
3289
6218
3203
3216
43908
2597
7074
9507
1662
2025
14715
75763
1660
36901
2783
25061
1773
28539
1676
2980
43726
3344
9026
47156
3440
8451
63536
51881
69098
1663
3834
43896
3725
29391
3255
77058
1794
2387
13564
4066
4907
3396
3774
2955
17893
1694
1733
63989
1689
2573
75703
1678
3972
70619
1925
71239
1685
2546
31860
3644
5284
6403
12011
71331
4185
4538
2383
24676
2377
3213
7814
70356
75863
1682
71332
3042
3494
31753
1736
56146
71403
4155
74107
2250
63454
1691
39691
1697
19502
1938
2128
30400
1753
3151
42014
34960
76865
1715
4556
60338
35712
1726
3505
77284
9385
2144
56574
51915
68095
1766
3826
77373
1996
62150
1923
73385
75654
6151
8452
12985
3891
11521
76158
77594
2064
2089
74743
22173
1708
3019
74219
2493
9492
36981
1952
2061
62171
8729
2707
37272
1965
3094
70599
75372
78503
35683
2215
7646
75267
1859
11297
3276
8494
29653
1867
22631
3576
16065
61444
77506
78737
1836
2753
14947
42544
69977
3055
70353
74472
1802
3273
74907
4435
42465
3226
1738
76072
79251
21595
77549
3346
6165
58036
3261
3310
24680
1734
71321
63849
76226
2172
71104
64641
1781
42955
71454
3306
3317
34399
6238
55104
2045
4063
20100
76471
1765
1977
26095
2099
72200
3638
8396
73250
1770
71417
61279
3206
69422
73363
2783
25719
52402
3019
70504
76406
1763
40648
2266
71209
59700
76404
2573
71594
74983
3033
70416
76355
48697
3180
53609
8520
9467
2121
65139
72797
7579
27655
2149
71841
2321
7974
1803
8411
76166
2880
3011
5383
70077
41037
73596
74808
1768
44063
4785
59711
1976
66094
72460
1787
30135
52923
70324
72012
76941
2482
7374
6475
41665
2351
57717
1779
2666
34427
2107
5610
68406
3407
7308
69723
4983
74316
71982
76124
73891
73901
2955
5655
62779
1814
2330
25247
2382
4122
5020
1817
4123
5019
6224
7410
73934
77197
1823
42214
1807
49233
50335
5969
9472
9541
1797
4113
70109
1935
75382
2304
8082
1946
2339
38940
1805
3012
25598
4024
70261
1801
42744
70883
1830
3508
77286
3075
4912
77374
1826
23720
3207
31900
8185
8058
72275
75055
1812
71386
21988
2127
3655
6029
2131
3656
6032
2650
5644
50653
2192
3332
71526
2346
58303
41793
1824
3090
37631
3411
3415
38624
2591
77063
78427
1844
75451
1826
2600
23452
3342
6101
1933
3694
73795
7995
10103
75348
7143
53863
51815
69047
75882
1854
3383
32077
4217
65598
3770
2333
70230
75219
75734
1924
7581
74688
1838
4043
36243
1837
35092
70199
47969
1885
76894
1932
74014
78355
48349
7713
46764
3227
7263
37671
2445
46665
73859
79066
1869
3206
73128
2095
73162
1950
76898
78354
1889
69254
2412
4862
15820
3423
3426
32689
46062
1873
3484
50344
2028
7849
69164
1888
42777
1863
3813
33669
71676
6885
77447
3410
3447
44897
5570
1871
69785
1868
1879
41902
2272
63403
74786
76622
3950
4185
9826
2021
3432
7079
3010
6114
7277
4176
62048
37558
2595
54797
4265
13374
72989
70068
2485
4924
42296
1943
19896
2876
4286
6490
1908
8592
21157
1912
73816
77014
72903
75947
3068
8943
24241
2213
9145
74061
77344
3524
8878
31802
75214
78985
1894
9098
2702
72120
76629
1895
43577
1892
71479
2715
3045
30986
3096
48147
69822
2452
3208
7018
2543
5599
71569
74694
77838
63783
76979
24550
1920
2459
73379
3338
3671
10526
2629
5358
32803
1902
2860
30251
78313
74048
71000
1931
69220
1907
4925
70423
2037
2357
59961
4493
70662
3480
2161
64004
73824
1934
68945
8386
36901
73406
76626
2111
2889
6796
2047
2471
60728
2374
5357
32746
6378
4251
15254
76126
78982
2946
50842
2602
73578
2126
49711
41072
65948
73597
3416
3959
23297
1939
2270
28196
2390
71493
3534
68928
72891
72802
75655
1983
70768
69712
71982
74567
69320
74791
69444
2963
3691
2153
2187
2237
1948
2139
30150
2376
8625
2115
65065
3767
3901
65186
76001
2991
6224
8176
1963
53523
50954
3345
4410
2181
14702
2910
46317
2223
35602
57009
69135
78800
73469
73846
2267
79267
47511
71315
64178
3047
61284
63837
2035
3615
39327
3354
4013
2130
38861
1960
71573
71603
65856
77092
14263
2081
27118
3608
3740
64283
2389
70831
2850
76342
3588
11110
2817
68767
77632
1989
2645
73473
3317
5621
76247
3142
9102
2354
3368
62175
1987
4755
70520
2793
3612
5294
4988
2402
8782
1999
3722
75392
3588
3620
52792
2021
37652
2064
6103
10467
5131
71764
2709
39359
2321
7982
68833
2057
4075
9730
4827
70485
2745
15726
73649
77395
2476
3509
9101
33069
68286
5130
70295
73483
74273
2167
2887
73652
2642
3223
7174
2916
17262
2258
3415
4557
2319
70501
77935
3131
55255
4188
6485
21042
71196
79155
5918
2061
10511
77448
3611
3619
39473
2612
77137
77489
33797
14862
3580
8448
12520
11235
3405
7599
14147
3007
72133
76638
2051
16968
2275
2587
77610
2314
49630
2133
73778
77765
2044
73955
79235
6290
10562
2561
2578
75583
27898
3727
4200
3272
71869
76184
13985
72411
2367
10432
2082
74483
78627
4224
73943
2077
3638
73239
3532
8017
39213
7579
2984
6525
14184
2034
3087
27635
74125
3653
4739
2039
2269
39954
70828
2286
2715
2718
2371
38938
3273
72999
77052
2798
14786
29819
3503
7989
42698
78694
3155
10705
2109
58225
76647
71734
2211
4838
6260
2177
2994
4730
2318
7107
31260
76214
2169
3157
4135
4276
6548
2517
6218
2159
65421
69568
3976
4986
77929
4192
6639
17566
2518
10467
2065
8928
75132
12366
8386
34113
3657
3674
39057
10857
74783
79338
65113
68813
2111
77185
2909
7008
17274
2779
8525
79242
2865
67910
71618
73185
73441
3681
3689
40923
70344
73699
5294
2142
2482
7402
2686
60902
23862
2116
3583
53594
3669
3695
54175
3254
61387
71337
77266
2084
75025
79449
74842
75689
2107
79273
2304
7008
10198
3458
7453
38447
70909
73427
38071
64804
2489
76214
6609
27445
2108
72437
7122
9315
2376
8612
69547
3358
75949
3092
72637
2105
2164
16126
67946
77931
78900
2926
5801
29914
3764
45795
2123
6713
41820
3506
3965
37108
2521
5942
32360
57572
72443
4048
5479
56230
6087
12834
71553
69174
76395
2853
7109
17463
2117
2537
29281
3710
5721
44209
3869
6419
2144
61396
47019
70057
73687
2178
6101
75375
3406
71075
6767
10327
71235
9993
73814
77649
78161
2199
39266
4532
15492
44962
2484
2402
8773
35183
45433
2500
9807
2139
2203
32633
78141
14956
74838
3855
7340
48492
3720
5302
3672
3897
63394
2640
5062
28577
41613
2755
7661
2146
7135
76220
2145
47285
77786
64319
2162
30020
6936
3731
4027
62577
68926
77756
76443
79012
2765
5004
51902
75318
76985
30736
4340
5681
4973
5369
76864
4483
4498
6673
2164
3068
19038
5942
65042
2704
9708
3491
6117
3361
5706
25703
75805
76075
2171
47222
2165
71733
57790
71787
2206
5882
74313
3054
79286
3977
72735
72786
70150
72812
45892
71200
2200
30117
76680
78987
2790
4930
70738
4089
68718
72622
5663
23664
2183
56395
69646
73652
77195
79370
3306
5621
2202
71495
3675
32389
3939
64386
71913
20298
69715
2185
11551
74948
75342
75389
2466
2662
11745
79348
47502
4087
5967
59244
2303
3828
2794
7122
12614
64810
2208
3032
70257
2214
4090
71168
2205
2531
42194
4592
4727
11837
3698
8189
30772
2218
5258
74205
6479
2201
46917
2221
30238
71802
4671
6776
61519
2628
39527
5377
74547
2217
3679
68790
69795
75520
4190
6001
11791
3275
8709
2650
20752
3871
3891
34607
41816
6441
71547
75916
2278
2485
43143
3934
68496
74097
28596
3001
26007
2225
46747
76317
4130
4726
5390
79364
2247
30212
13364
75121
2235
3569
35032
29559
3609
10556
2241
42438
73095
76712
70366
78121
2629
3815
25721
3270
72853
77204
3258
39409
3722
71257
76014
3275
67970
7850
65042
2256
3943
69166
12510
31738
2871
7989
2814
24913
3887
4133
50256
6544
69757
3783
8256
29949
2252
46455
23237
3219
3740
8546
6273
4589
61634
74853
2282
28430
2416
70108
79255
2523
10600
70644
2921
3329
10470
4214
68851
7347
67998
6609
11722
29984
3489
36543
2466
5245
11005
3807
4206
60628
3015
3367
61505
4180
70838
76305
2810
7661
9773
67229
77645
3869
4078
13878
7454
43554
2293
67570
2328
68912
71045
78544
2984
14436
2305
48809
4015
6372
4016
6373
62081
4017
6375
68412
4479
9897
2289
71680
2282
3276
19611
2512
63251
70954
46326
17661
2309
4223
69446
3418
43298
7365
77504
3319
3560
53038
71838
2826
65956
2906
6600
71956
2538
3668
7692
2746
12763
24618
2308
3577
50627
2754
5930
68734
2311
4592
5594
3873
12294
76736
2301
5571
74084
57330
76179
2786
79039
16942
76067
5315
13342
17269
8823
2326
3937
68783
3941
4078
6419
3557
23756
3257
69212
2367
2519
8811
20152
62526
70751
2324
3654
35560
7109
7107
46177
61333
74153
77564
8591
73835
2856
74268
3212
6196
75846
27218
7853
79250
3850
5978
13562
3680
39242
4318
58221
74584
68714
74911
2900
3677
7707
11698
72725
4520
60494
8191
75742
4522
65432
2341
73952
76556
79043
76378
5756
13280
59612
2948
7878
3635
4302
6347
21678
69721
75603
2345
26744
74186
77644
2925
73023
76141
3429
3696
5418
2605
2943
7878
30388
24943
4882
73867
76319
2358
71750
2418
6004
24177
4057
5892
2490
6437
44187
72996
77952
2717
4332
77784
3088
24484
5259
6042
71871
2598
2700
64588
4379
69606
74380
3791
4018
64220
2414
5904
6888
2372
4646
69782
4215
9755
15046
4283
25602
4057
4136
58233
40648
2397
4292
56655
4023
4076
51286
5357
34474
4962
7513
4919
69620
2392
3978
57791
3470
6775
3528
38990
76462
26615
61766
78296
4489
77494
2678
6515
78149
63850
78187
35685
70980
75592
77622
3243
6712
4532
12018
69846
2386
29793
23951
76196
3864
7040
14640
50338
76429
79058
2393
3583
13576
3397
17706
3212
74803
68185
75102
3774
3890
31381
2406
71744
4478
33369
71790
73095
4211
7791
9791
7316
2422
62592
72849
29033
5447
36535
63464
79074
2502
75082
79421
71897
2697
2970
8265
5000
15271
2825
3848
9555
2460
5026
9405
2920
9605
6277
70878
2541
75006
78670
67063
2946
6733
10825
6438
78356
3243
5108
50973
6598
48822
2496
73723
78197
2796
74426
73050
76265
42477
73232
2988
3777
12594
2491
67378
72869
2532
3373
44006
7521
50025
2456
4036
70313
2431
3975
42012
65289
68693
3060
8209
66012
3980
33076
2529
22486
4543
70012
73841
4131
71914
76172
9481
12979
66643
73862
77478
3921
33174
7485
70180
3255
73138
79008
2457
71692
3731
73690
4994
15424
72461
3603
72942
77339
2992
7946
3969
72378
76697
5610
75610
2926
3250
23081
4128
4202
17762
5069
79317
2468
3347
39486
71618
73111
2494
3565
57388
3725
3983
18565
4031
71875
77858
6188
70678
71854
2723
3930
77399
2931
73462
67583
76298
2472
4009
23400
2572
75028
78690
4587
70495
74984
14720
42214
2477
65856
72492
68390
5136
10841
75837
2665
9648
9481
75747
3199
66175
78138
78227
4010
37618
2487
71668
2839
3377
49233
3541
18344
73730
70093
72478
76382
2583
2624
36948
4397
69300
76849
2863
72559
77175
3008
6412
56515
29888
4028
4748
4226
71423
25075
70120
71822
2822
4390
30615
41913
73872
2716
71422
76863
2495
2623
45386
4261
11657
4870
13598
3524
34453
79410
2956
12097
2654
75184
78655
2514
71634
4255
2770
11006
76234
79394
4111
6943
7151
2647
79187
4819
72009
73068
50160
4282
4593
79265
2544
41117
2615
75221
78722
4568
70194
76050
5942
33495
10997
74665
2516
2553
65892
71788
2744
53171
3456
62725
4144
53668
49687
2533
71629
3472
7333
2693
3209
74410
2692
3210
3277
5904
64176
3156
3973
11730
5256
6055
2537
66861
75378
76414
2651
13157
4060
8435
20949
8243
45970
3754
14671
71757
4751
9733
51240
3570
73070
77614
3118
73398
77878
67029
2662
15867
2568
41709
73428
76019
76570
78292
2909
4250
8581
16335
27214
38074
71041
6923
77407
2594
4949
75381
47783
73474
73911
2891
4525
74182
44187
2746
13509
2574
13392
74550
3114
3165
4426
9780
59560
2679
75019
78687
5301
6033
3000
4297
6434
2907
4298
6435
72015
2965
4299
6436
2585
2940
16079
2571
71684
2663
3063
72470
74302
2747
74964
78556
25247
2611
7492
70365
4856
72046
72684
71784
76761
78491
73539
64915
74784
2974
10424
4904
70598
73423
2618
3973
6786
2694
3228
2692
3226
3229
2691
3230
3234
2589
7185
78387
3067
75776
77990
63894
77313
38026
3053
71577
5313
77811
77225
79152
2601
7601
22740
10671
16384
67858
4544
3006
47848
64497
2938
8769
59072
3624
69483
4116
4513
47064
65603
75777
3190
72487
2756
9551
76340
77545
2645
73373
2619
6915
7053
13051
3503
42334
2713
3150
16082
9055
42901
3773
3984
6433
4164
4257
19616
2627
71612
6211
70990
73916
79445
3504
74391
3018
9780
72701
76391
3208
4701
6384
2945
4702
6383
4703
6386
4704
6385
2929
3286
7152
2930
3287
3691
2927
3288
3690
2770
10964
59368
2911
3532
36458
2954
27552
70335
71789
4391
5435
72431
16509
66521
7490
78037
2646
5496
53437
3084
77949
2676
4104
69294
6004
20091
53462
3079
3863
12578
4346
4357
25076
2668
47958
6235
70190
3073
4575
28582
73696
3011
72165
15565
67229
73540
9320
19656
3234
51179
4156
4381
75701
73237
3111
9101
2725
21036
76645
70737
78685
77992
79396
2815
71663
75211
72253
75805
2807
75013
78672
2762
3282
3478
2760
3283
3480
2761
3284
70730
4209
4670
44869
30164
65111
73900
3470
5447
6799
4376
32455
2701
70263
3336
7378
50548
47540
2685
4568
73896
3505
74081
77825
10951
5069
70468
77235
3502
7242
7826
4517
13520
3192
68278
73450
3630
70056
4389
4410
37578
5287
5630
76856
78668
3039
5956
8128
2883
5176
23807
3031
7485
50137
2698
71697
76859
3382
4480
71651
4040
45202
2856
68895
2961
74687
79408
4575
26586
5729
6062
72721
4431
4443
38061
2719
13266
3488
3703
46019
2893
11528
71814
2849
65682
72874
77404
70608
77025
79349
3216
8256
4830
20788
70746
2761
3333
7593
70544
4020
7314
70015
75937
4232
5634
3509
21609
4261
4434
20679
2728
41296
3805
74906
52948
4236
78096
2736
53771
3478
2821
13157
4161
53462
2731
2784
61977
8350
76850
2878
60643
77312
59871
3517
3773
7824
62814
77018
3698
20308
4949
70849
75658
2733
73834
76251
59251
72663
4251
13752
74036
33961
74009
4643
2883
4118
26961
22546
3924
4580
40791
76117
3844
11174
35654
4522
67875
77158
3516
3803
7825
3771
7610
78217
71533
75193
67371
65466
77930
79386
4511
4516
37052
3935
7287
8519
2842
74908
77020
2773
3942
63553
6237
8246
11204
3931
6972
4907
23237
72568
2774
5974
70006
2829
68215
73018
2784
2789
29865
4194
72980
77458
3074
43527
3612
6728
9477
67529
79316
2818
19046
45336
3651
30485
4408
13268
77790
4449
78835
6125
69939
2782
3315
73964
4626
7784
67206
3382
72535
3472
7356
60724
69683
76424
5097
13782
36772
4517
4665
58529
74056
76185
62795
33452
22675
3247
69852
3162
66296
71879
57413
9472
67106
3323
3449
4144
3324
3451
4878
2937
44267
3325
3452
42360
39058
3112
10368
6086
10077
4061
71755
76842
3372
4004
64323
2836
75165
79436
2808
3365
66311
44153
3580
39584
2819
71748
6138
70333
76949
78802
3431
64266
4117
11067
15815
25713
3513
5559
10803
7443
69378
2858
4895
23919
73496
77774
78712
2898
5656
54057
74634
75053
4734
53771
3678
22571
3292
4487
65360
64185
4524
5829
3335
9194
63513
74988
67998
77169
2971
63787
68609
74308
5279
70686
74905
71652
72066
2852
4645
47745
3766
28835
53817
2933
75186
78811
2913
3534
68969
2972
3409
74226
78127
2859
3783
29120
4253
24613
11266
71565
78411
8545
70180
74758
75253
3122
72870
2866
35756
2854
3041
9605
5446
69500
76070
67888
78538
2860
70309
5701
7342
6262
10833
3148
5064
55065
4540
24875
72222
52957
2875
36356
68769
70794
4181
71805
76839
4883
74915
3130
10079
70418
72662
74163
9299
54337
19194
74121
3608
8546
9247
72985
39602
3178
75029
78654
5260
74101
74350
78611
78702
5335
71191
76459
32818
2879
61834
78935
5700
72563
72618
3289
5832
17255
8151
78703
13956
75629
68217
69763
3366
13478
41207
70649
4234
13636
5354
11904
67722
35808
69892
65719
6405
17040
67605
4136
5892
2993
3332
3436
2994
3437
2922
71997
76990
78085
79187
3294
5003
7623
4383
11297
3668
4129
11423
34640
2995
3342
3450
2929
3474
73937
2928
3416
3475
2927
3476
67529
4180
75213
4604
4889
54420
4341
40409
5209
57220
62009
3353
31833
3900
9236
53169
9492
72315
3395
70054
3615
43219
2978
7744
2918
70317
12394
5207
3388
9493
6398
7731
68196
69707
73928
3597
6702
64157
3798
17583
5995
6214
4476
8600
38643
70441
4638
8840
34277
53421
61253
9017
20131
4978
6330
69771
3574
4979
6332
13114
73758
72408
2949
77872
78918
10595
75311
78084
79301
3036
4759
51308
3917
10042
2958
70880
79061
2941
8265
5628
72996
76870
3205
9901
2980
23859
3252
10547
37526
3052
3202
65625
67682
7839
4074
6339
71746
39058
10826
2964
5784
78125
3762
70787
3554
7289
68078
4178
47130
16538
14306
4101
7016
3263
4064
6764
4411
19865
2975
5074
47152
4742
8089
37028
19403
77353
4713
4818
74365
8621
69902
3022
7348
2977
71064
3518
5453
22894
4668
5350
3177
4210
41635
8259
10895
3135
70626
74316
25713
4208
23846
78957
79141
71170
5304
8937
2990
70347
52327
6431
7201
4725
5334
3328
31795
73707
3618
7526
66670
3942
74405
71136
3191
79240
3432
4629
17875
70453
3102
3479
3105
3481
66002
4833
3013
73937
3358
75949
3927
10922
73339
3049
3266
56182
7784
76324
8132
6562
68575
3302
74734
78540
3012
71189
3252
10411
69837
5122
16504
76994
78281
4091
23144
5912
70197
74092
74693
77798
24450
71230
57721
71696
3085
5104
18611
3996
10772
6598
50747
3046
50821
69479
10424
78002
67308
79237
3032
4054
26280
5299
16784
4705
4834
14735
40148
4091
5936
6369
5540
17173
63955
3359
74831
78559
3137
3500
76052
3072
5609
55321
3231
74385
3673
8727
73063
76230
77997
3826
74568
79244
3076
5825
68444
5471
37733
3388
9408
68781
7485
18848
5156
16323
5797
70315
74522
63359
71450
38414
67106
5872
70368
72626
3059
43632
7217
7365
23488
69425
4791
3073
66427
73208
4258
54029
4591
8873
16346
6067
64079
74927
8748
69801
4018
71754
78487
76199
78039
3061
77819
4205
6382
64957
3617
6091
13710
3134
35756
3319
13930
12174
54624
8228
64068
74231
5587
63967
66339
42144
3090
71249
77780
79414
75881
4863
4883
40496
76737
5618
7053
5623
66489
66911
3814
23076
5412
79376
69554
75739
3349
5489
5955
70262
72677
3986
57461
4881
4902
28892
3094
21400
70440
3446
71921
3541
4047
77694
3389
3697
3108
36800
70173
77030
70525
58303
9182
10529
71431
4757
5073
30975
3930
7511
68932
79170
52217
48822
4060
26385
3101
55593
69511
3103
8090
70009
4656
24349
3151
50994
3187
31324
3189
6519
70612
3192
3193
3123
74680
75633
5555
70629
74754
4732
33142
3390
67323
75303
3124
4960
74297
14170
34280
4710
5246
63345
34280
9859
56263
4914
4993
19663
3430
75352
77568
79369
3523
3562
12423
3194
3221
54232
3947
72189
78240
75066
78459
74283
75174
5198
74434
4064
4539
36834
4983
4985
35103
3999
7069
12597
3225
67912
73973
3693
4264
17217
3207
70852
9941
37101
47240
3413
12362
6401
72344
48150
5628
3404
65058
78357
6014
70490
74652
5109
9922
37321
3158
5131
3769
3697
4450
3159
3896
4981
5092
61804
3297
3719
5466
3185
73255
75788
4921
58596
3167
50999
70739
3618
9618
52565
5444
7065
37588
5888
70659
74852
5917
17893
9631
3847
4308
6649
3655
4226
3656
4255
5599
6259
78642
3371
12459
70574
72525
6549
75646
3718
5511
73580
9941
3175
5797
74122
65677
78878
3458
3673
8627
7474
23520
3497
72442
73253
4771
5040
11815
7979
78003
78143
3455
5803
33159
16604
69613
4753
47296
3205
66090
3957
68334
77205
5086
5123
47211
3669
14413
48531
75561
47240
5496
17405
3631
6219
18313
3984
75161
4720
5445
12137
3224
56009
5089
5175
9645
3646
6538
77468
79003
6993
77087
3648
3649
3828
5047
5065
5084
44072
5517
6923
65578
3198
3201
37743
6184
39360
53668
76468
3292
38563
6087
73470
44473
69879
5737
71016
75855
59911
77834
71667
67910
3371
12421
70611
13340
6913
78338
3727
73846
77320
3251
4179
66722
36765
48366
66710
75056
76130
3796
54550
6517
13705
73351
6196
71345
71650
20693
4211
44772
4089
68946
70644
67813
75258
75119
79248
5122
5170
50817
9773
26744
7743
3274
17435
68704
3285
4719
22399
4399
4872
4127
73967
77524
7012
22247
77822
3748
5540
71635
3717
5708
73053
12614
75425
44828
5050
5244
55774
5348
46842
3272
3312
71600
76243
4491
5780
40341
3637
74814
79380
5017
6283
3865
66105
38359
74751
3530
59579
78385
6217
70187
74111
3268
73005
3263
40918
3393
5108
6712
4712
7045
41746
3484
19718
3285
5432
23506
34662
4480
56413
72535
3290
5548
48597
4811
7903
5581
6030
59110
4628
23969
5159
5160
37266
64990
78341
3298
3377
67096
78191
78176
8677
78339
9073
76082
3574
6466
5141
5180
25738
4071
76670
77935
4022
65087
69640
3493
5996
14357
54643
68171
5493
32224
3508
5229
48624
64329
50883
75856
58840
3357
4387
33583
3299
4440
29505
6980
7927
4556
67110
4461
44671
5022
5487
12166
4075
50131
79189
79278
6421
71318
71515
3870
73833
76338
3448
3716
5846
39786
4994
75816
3398
64409
76534
3777
5814
3346
58265
73474
73757
72087
76790
3735
4737
30852
3316
13949
40468
3341
73981
3501
35303
38972
5156
5353
60626
14048
4839
8795
37043
4884
7318
3962
6043
73844
6490
75425
4335
69655
79186
3352
4464
69046
65415
59286
3351
3704
28940
3372
3455
48968
71753
4231
10481
38333
5812
67883
71281
78828
59839
70285
6121
61483
68192
5178
6905
48624
74087
77330
78058
6679
70107
73077
72000
76337
26630
73777
3986
7840
4256
10419
5984
58403
7513
13496
3355
45763
69055
74489
66483
60687
3384
30548
4315
6160
38419
5027
20067
77566
79310
3586
78073
78813
17569
76634
3387
19458
77045
3535
75086
78419
3493
4913
39448
3456
64370
3730
60400
4834
6265
3723
73675
3666
68169
77040
3399
3988
40163
38910
63183
14344
63037
4157
4337
68271
6501
70386
74452
18257
72691
3515
3726
7017
11331
70509
4379
67396
3440
63461
25254
3447
73893
4976
45748
3435
4416
60633
4249
10487
6940
76987
31873
78362
79181
78512
78995
3839
5499
32760
5126
72091
3746
63652
7162
71816
71980
74514
77622
51760
4306
12484
68063
76206
4341
7706
3548
13066
71496
3756
74027
6583
70245
74342
3966
6135
40050
76651
77767
74012
74876
3453
72072
3821
67584
7907
61834
74001
3855
46385
46665
3856
4006
41241
3428
44533
3442
71006
77446
46922
7634
3784
75823
78485
8555
71057
4252
5006
22318
3874
19104
6458
70300
76294
4895
5578
21319
29392
3551
3645
3755
67264
78719
31386
3553
4651
64003
16989
71153
5217
6533
5017
6256
3445
68818
22468
3454
71366
4398
5087
7533
4198
54471
3460
5196
32992
26898
72161
72918
4358
72424
72940
77548
3490
4423
14563
3555
4809
34194
4187
27898
74016
77573
34460
6164
8503
72311
72936
13091
65707
66049
3467
11301
23165
74653
4167
74037
79351
4762
37727
5169
60671
3483
3539
52452
3821
11258
71521
3884
4035
41424
3515
4109
4844
11685
74090
71087
77338
5382
5416
25112
4092
74986
39199
3489
70734
38681
3714
6075
27222
3507
5674
14333
7958
7939
3902
4974
74451
4426
59461
73777
3957
4322
6139
10979
70344
3568
73915
6631
75941
70813
4658
55936
20660
5810
9117
33258
65364
9472
34446
3498
4393
68573
3526
48721
68552
75320
75377
5624
68344
5100
9577
9690
5822
9566
4274
75309
57229
77829
78465
32811
6154
17264
71215
3543
5400
67823
3512
60724
71188
62780
71094
4138
7770
5448
5488
27929
4366
4338
4644
68677
25752
76359
3925
4056
41593
5247
5590
19704
4445
10327
3581
59724
75966
4448
10331
9562
67864
8003
77782
72793
76938
3616
4751
31543
3625
50554
4963
8746
20003
75264
3539
5209
62412
77653
74298
75693
5290
5362
53006
6774
70669
76506
5263
9291
39495
55264
6805
69405
73156
18058
3708
77725
5439
67900
3639
4364
6167
4777
6346
45757
4331
7420
15165
4030
74661
79355
73040
74908
4343
7296
64585
4439
75743
78511
5070
6559
9217
5916
13584
4010
30005
5146
16363
4329
69108
69810
4476
38619
6928
70554
74700
4255
4696
4009
48723
5354
39532
8336
73002
3601
5249
67317
68278
68725
3606
9701
4013
4222
4102
74826
78560
71806
74443
4516
7998
4196
78380
3585
5566
28725
3958
4083
41387
4515
28951
71035
24553
74703
73709
76689
5408
8459
3643
5221
53520
4313
9843
70876
74426
8701
15266
6540
78033
75846
3610
5523
22890
4904
74243
10832
71370
73050
78368
49630
3610
31870
71743
79322
4723
4951
46347
74699
76707
3595
5310
57431
4709
5495
50286
5242
18256
71173
76320
4050
3602
6789
68964
4186
4316
9903
3758
74180
77835
5234
67475
69076
74228
77297
78316
5374
9416
59945
4193
74749
78319
4519
18737
3741
7504
14911
64460
76306
74141
30787
70034
3894
5056
74338
9055
4712
22347
77806
5401
67766
19229
8614
25501
5968
50804
3985
41119
67101
4058
57393
70657
4343
4700
9360
73634
4376
9429
3921
4397
69382
4787
7751
37249
3629
6861
68949
6749
69054
3682
73412
7015
67935
3670
5139
66712
5356
77125
70387
76833
73322
73348
9122
73781
74495
76924
77031
77511
70893
73295
4182
76103
3904
71175
78367
5328
55407
4483
24638
7174
7531
3829
8210
69264
3686
69006
73774
68889
5642
5652
35159
4130
39306
4638
34514
25501
4511
7998
8264
28834
75731
6815
67313
70816
3687
3852
22659
4112
4742
66849
7192
69956
73621
3688
4647
78009
7295
71560
71878
70757
76089
3736
73926
13759
37139
5099
67012
4390
18508
56632
41845
24975
72586
3883
67346
74812
78081
4580
8323
3679
68454
68503
4141
40850
35210
69595
4746
59899
3845
12100
61182
5438
10105
56809
3729
5960
24929
67186
73717
5364
54297
20144
66922
6600
43047
4482
77070
4356
7928
8123
78133
72946
3807
29267
4391
26930
4188
74891
5695
7809
59865
5678
10217
20137
4559
74599
78262
4636
16973
72869
5217
6579
5240
7416
3712
4394
66247
4225
6157
59356
73661
77661
9120
73205
70589
78413
5496
7474
4369
10578
64308
5057
66580
69805
73296
6424
65233
5318
9396
13547
3989
3990
3991
3857
77965
5315
7946
78068
78142
79389
4784
8942
9097
62049
75657
4067
4162
40369
6130
59004
4289
26010
48809
4371
74589
78320
8473
72876
75828
3768
72493
5216
7585
74301
4296
7358
54335
5476
9226
30301
7246
72199
76376
52995
4204
12250
7329
70184
75774
4096
5389
32771
6047
73482
77769
3746
3797
33543
51841
5063
8364
34845
6600
69595
3794
6825
20653
27132
73145
30923
72833
3911
4147
62910
3760
67010
71379
5042
8532
75094
77361
4692
7722
20607
74748
77298
5025
9036
68231
67560
71316
5760
5791
45285
78321
79438
3790
72569
5198
69104
7576
71217
75075
69158
6543
72653
4276
4545
4610
9655
5051
78270
4098
4199
40087
73255
25990
6940
73280
77914
76449
79282
58406
5756
30116
3875
74663
79313
3813
72642
6769
70348
75684
3785
3797
47489
74865
78035
79390
3786
56594
4029
38286
5818
5881
55335
4815
5894
19239
5856
5883
48676
72732
5609
16424
3825
4514
65957
5970
6136
10832
75527
3809
73663
73687
67395
51392
4520
69350
4300
70871
71646
5015
5875
28023
7519
69217
4168
6155
46878
5235
77647
4551
4707
35138
18075
63632
4811
7129
28005
14413
7645
70465
74369
69238
73702
4132
4230
39263
5809
5844
52689
4553
74670
78248
72807
5676
8312
7045
73996
66620
67080
79334
6553
73024
77106
4840
7766
18956
4032
10875
71599
76233
3911
3970
67089
3843
15140
5817
12436
5135
66414
78466
6107
6288
66226
7946
6073
10245
4495
6360
48626
4496
5155
48627
4497
5162
48625
7655
70705
74789
6114
73165
4289
4759
8671
6593
44290
61796
6857
65506
69769
3851
7357
71458
6816
9457
7506
70752
76714
5313
5482
9814
4105
5261
64775
5983
20948
7809
29482
76101
77057
5490
7920
9812
78590
79320
7347
5771
66820
78363
10099
11207
71408
75470
5860
6474
5716
62483
65561
3861
4899
67798
73893
4685
8903
9927
3865
4860
18958
3915
4020
5456
3963
20543
67842
73457
4204
7239
12425
17773
68971
6840
69936
3886
4163
38821
4007
71933
77228
67401
79332
50804
75187
76211
8641
43897
19052
21678
4635
7618
4420
67430
5163
75265
4059
4501
10056
4715
6041
27654
4108
6005
53213
3885
7443
47336
4281
6656
23040
67622
76956
4349
6720
23632
39544
4654
9099
24677
47988
3893
41759
59006
72927
3964
5742
60532
4378
7157
68164
9361
46317
50025
3916
38500
78736
79365
3966
4444
46205
4383
4696
52152
3954
6183
31336
57833
72914
4722
68798
5851
58700
4691
4754
8486
74393
76643
3909
69877
73727
5874
5907
26541
4453
5048
13501
4454
13503
76889
70422
73710
4675
6529
57012
5050
7672
69135
4754
7252
55270
3963
19865
66582
4323
3922
42732
4370
9709
5682
6305
25845
4373
4381
9711
4374
5082
9710
71069
5109
38181
5936
5961
49415
4539
6764
4618
9313
6255
9006
39077
4564
11779
5951
5998
57338
4569
11778
3967
15404
5643
7371
70804
3956
4614
65903
3943
68778
16123
72050
16388
76583
9122
68719
5163
5317
77378
76890
79178
73597
74874
3982
46821
77542
68858
70343
73228
5250
9904
3974
4972
67586
77515
78934
24977
75706
11045
74619
7022
66595
72800
74704
4077
5886
40665
4693
7230
36278
72560
74494
5878
5884
33227
5253
66268
7952
4597
9563
5396
67637
6612
10007
10268
5651
8267
48214
65467
75168
77759
5204
15172
10650
27790
66742
4705
6265
3971
68781
71393
4143
78156
5004
23076
68568
71451
11600
70367
54781
6013
67705
38607
68413
6540
74800
6686
6989
10768
49080
4104
6111
15140
4000
37203
6687
36930
62344
4037
71727
73193
73655
68989
4581
9796
55048
5811
6129
14086
4685
8892
4015
76485
4016
77000
4017
77198
4452
7637
29410
5055
74642
78360
4000
4033
36849
7294
70025
73364
4348
30746
7781
69014
72854
4090
7067
16860
70558
74699
45811
4829
60321
78865
5977
5999
29856
7900
69461
73154
5780
8970
5213
6028
50451
4654
9068
10714
74537
64611
69589
78284
13930
17559
6689
28408
58481
5794
5842
24485
5019
4034
4963
20064
61023
4021
5551
40539
4623
34789
10455
67975
24349
70174
4033
4052
36864
8268
71441
75621
9380
59884
53996
4147
56612
70101
76672
76891
78007
6477
73518
46182
7673
70742
4618
9277
4039
74353
5365
53112
5351
8440
37804
6370
37818
4437
70305
34889
75711
5129
74686
79352
7247
73137
4692
5458
14946
7031
12951
4052
4082
37136
10768
17706
8640
61631
4086
72498
77410
4821
78119
8176
65092
46468
68202
76298
70089
8202
65401
68446
4597
9529
57116
72092
72468
4509
7622
74129
76703
79127
4068
4745
65960
4170
5918
34336
4840
4917
10269
4598
77570
4555
10415
5347
66150
6146
10099
60603
4998
6328
69476
9126
77891
5638
5813
14995
4082
4100
37214
12501
72927
66175
6324
33273
6187
15818
22530
4982
9874
68483
70382
6119
12774
14182
47012
4581
9764
5072
6286
42861
5956
6190
57910
8801
76946
4981
70915
4601
6035
77416
75113
53443
68759
4119
6235
67130
4100
4126
37191
6267
7620
28818
5764
8343
4155
78639
79254
4552
10665
5887
6159
25107
47594
4999
6395
4327
78170
6092
6109
41884
73173
64969
72857
4114
69851
79103
6209
10012
21126
6258
6462
4791
4761
5167
74645
5026
69949
4815
68625
70320
45365
73607
72268
79239
58877
67975
5244
7672
5180
77405
67349
73034
4126
4154
37211
7886
68999
72578
4402
4403
4831
36429
4157
49997
57785
47779
78198
78911
6195
19126
4192
8743
33920
76722
78022
4558
10872
12501
59724
5405
5949
23388
4585
9546
53039
4142
5738
37923
4524
46080
4308
76899
77101
9422
72205
74044
4555
10383
6061
31717
4207
72300
7918
4154
4177
37158
4160
72211
74247
63224
4688
53171
75056
4689
53168
77494
4690
5697
53169
9051
15688
79336
5114
6457
62303
4262
4313
5848
47841
74292
60924
78264
19992
4259
5526
25495
4269
4316
72175
72030
76618
72392
4552
10629
4570
11108
18341
7721
68077
73712
6661
10502
49326
78018
78586
4361
13913
13286
5549
13194
40914
70045
4177
4209
37385
6319
8777
49424
4221
4372
20235
5721
8588
47937
4253
70104
65947
77721
77958
79098
61930
65474
6730
71171
78170
4662
16123
65274
74271
67866
77427
67416
4266
7482
68338
69441
77249
4239
71055
77077
7692
78089
79315
4764
78268
4915
7630
25518
4227
73141
71620
74356
5063
22338
4558
10848
70372
78908
10520
73572
24068
4248
4352
6138
67134
4331
69380
4292
32875
72272
72530
5263
39484
42338
7017
73885
4229
5679
67786
4419
6849
13137
4223
69141
70846
75134
7705
67312
72595
4596
9346
4499
6563
50978
4848
5318
17185
6625
71143
77691
4529
53796
13771
69216
8933
74327
4731
9728
8199
73260
77159
7983
67997
71628
68071
73371
4570
11060
4627
5437
4626
4631
4806
4801
4734
58646
9410
36635
72947
77152
4284
63023
70979
4288
6300
34730
6339
37351
69516
4328
7627
67616
4630
9347
4254
7329
73741
6540
7269
8225
6796
7654
11851
5504
7512
70448
6813
26938
12269
4324
23967
4273
32137
4844
7017
72829
13828
6652
4285
5119
8736
51725
72102
74981
6299
70128
5391
5802
8482
4312
6848
33718
4402
4403
5241
6214
6427
17225
4336
5320
75231
8373
25303
5337
76231
4396
4551
45721
5079
63758
74753
67006
70758
6256
6283
45322
20082
79374
9758
66382
73183
77465
11521
26681
70707
74811
5274
8599
65804
4345
4693
13809
4345
36566
59928
6266
6322
49606
6248
6294
48769
29267
5325
6036
74318
5431
74464
78181
5761
5798
56375
6098
8135
4626
4627
4631
4481
74161
4866
6086
68609
4323
6206
6380
26213
4455
10295
10317
5272
6614
43883
4456
69109
5255
6295
48382
78155
6232
6460
49293
8417
68487
72058
5342
6868
43430
9777
43694
8119
73377
78819
4319
42180
76757
79126
4420
76542
4763
30630
6246
6296
31258
7839
11436
5132
4664
27177
8547
68881
71964
69079
4380
78366
7986
69841
17773
69038
4417
4910
50240
69788
76052
77002
5933
6801
22613
5089
6497
6605
78846
79294
75460
76919
4914
67748
5502
6433
4393
5602
27023
5149
11781
39983
7327
75649
66809
4984
5519
7771
17022
30991
69378
4411
79042
79239
5887
62251
5858
8742
5338
5914
49589
5607
5908
37773
4722
9451
67077
74213
78147
79404
6649
72812
78184
5607
11084
7443
23097
5190
75794
76494
5314
5812
40473
5876
46500
6200
8940
6344
6400
49622
5595
77723
4792
71729
75447
4394
5197
25681
4723
20895
4546
76421
79311
6843
64833
4549
4550
5352
7416
8159
42304
4474
6057
25228
8209
14048
77296
53485
79202
79162
4435
8752
72547
20284
52435
5148
5754
56555
4832
7260
28699
21216
63987
5081
5577
8582
24410
4936
47015
7112
21551
22055
71502
69555
4425
4429
48276
7632
72474
77518
5995
6427
6529
8262
67411
73552
4717
6621
11867
75359
4544
6000
6279
54435
4464
5948
26141
7814
70160
79217
4915
5765
24495
78629
79327
66906
77178
25463
76083
5248
6102
58315
4505
35148
68228
4475
71926
73604
4885
42877
65722
8252
11381
5922
18441
4446
4453
75115
67839
76141
70609
4447
4454
4507
54234
72313
8193
68686
4471
4849
72482
6660
37562
74823
62828
72366
4920
5014
42964
4652
24708
5329
11180
19830
42198
5900
9467
18246
4589
71268
7289
19716
7508
5333
5342
9930
73266
5557
9053
9510
77033
77647
5476
30450
4952
5054
43045
5410
15486
17787
47178
75935
4758
22945
8740
54788
5301
77202
6524
11789
17891
4965
43867
5761
11118
57400
69629
7873
67417
70844
4528
5729
6314
74365
78436
4658
5223
14268
5078
43343
6278
7179
61340
6140
6936
12153
72332
6432
6673
54396
5409
7585
8088
10511
13786
67378
4562
6616
14708
9702
71401
72380
4529
5840
24674
6238
25161
4538
9826
53715
6834
8716
26413
6336
51999
73819
78733
73425
4708
5064
17944
4708
51454
10897
47348
17958
4974
75007
67529
65067
4503
5872
73946
11798
73720
78233
45786
5487
54399
4717
19669
11249
79448
14006
71055
4737
42559
5058
43479
63995
70487
4514
5319
26111
4584
4585
4586
4629
7079
4747
14794
4501
6558
63993
5335
70674
7056
41124
6969
10738
13066
44477
69263
74370
4637
4868
6303
11309
9524
79247
7981
57835
68543
38213
5096
5182
43558
10455
20752
69384
69762
38449
53039
5957
8767
19775
66901
73211
71908
5161
61097
73641
76278
42034
70944
18508
74117
6545
6578
31150
4571
75951
4612
74552
54496
71959
75115
5085
7201
41433
77367
4832
5395
30245
4871
8575
38384
5142
5824
12576
6470
75544
77940
4758
6446
7098
52541
8323
5086
15152
4743
73918
74992
58329
77313
75775
77514
78544
8993
78030
4781
6666
5045
5944
12489
5230
77658
78355
4783
60924
4782
7525
66976
40488
78092
79293
6253
64934
70446
40655
67141
27445
39590
78659
6533
6579
26219
5531
6307
36955
61520
64354
4637
5390
4801
4620
5660
13638
5527
75150
6588
6623
46874
77457
4806
39118
75347
75622
5425
12289
15546
5216
8088
42752
4958
6593
12845
75498
4651
4684
37541
7681
61538
63629
6574
6622
23586
4958
5261
15169
41819
41169
4687
7765
16294
4624
4989
13770
4641
6624
4642
4640
72800
72455
75874
5826
5950
62686
77349
6059
74217
67363
72127
73950
6009
10703
5268
6011
10704
5508
8141
29563
5992
41515
6016
10702
8706
73161
77699
4755
5446
69985
53093
74879
5498
5665
39491
76751
77907
33171
69038
4707
7071
19212
5351
5513
37988
4614
5429
28729
5698
8923
14512
5782
7410
78475
6298
71638
77414
69218
71614
73036
5397
7949
26139
5808
75452
75785
41662
5501
5666
40716
4961
5240
8159
42804
5440
5654
10245
4650
35274
4971
7510
10182
5304
4646
69576
24638
6090
5299
8051
64416
67360
6565
12616
14263
6487
10143
50251
6577
8525
78595
73612
9098
12804
23162
7948
70250
5285
49186
5716
64667
69609
5256
74851
6717
11604
24476
4716
74511
78883
5542
39248
63333
6988
6992
6595
6611
33203
41351
4894
7747
12993
70358
5226
7742
25566
56018
4706
5972
34042
5515
5675
41209
4681
12035
30958
9320
69219
4854
7020
27966
5362
10039
8128
54971
4875
7252
8486
4877
10443
35338
61293
70509
4671
9520
43067
4700
42789
39083
10786
76193
7511
8350
10849
8259
17945
65728
4770
6902
22635
6631
6675
25363
6100
6871
38272
4718
70676
75471
12445
40072
4991
6356
28056
5654
6073
20043
5836
26666
40451
76682
48720
54861
4900
4901
4903
4719
47928
69750
68154
6639
6947
13794
4808
5038
69893
10470
4735
6603
23425
5528
5690
41533
4775
69884
70859
37385
5615
5616
5617
5618
15987
4724
36857
58832
57278
7465
11107
4917
55528
6802
8239
39878
73982
5633
67447
6725
12812
13893
5477
8900
77738
79409
72382
10595
71829
23238
5448
10560
65432
76278
16977
9019
7400
35828
8246
61292
4739
38897
7774
66314
5827
7604
52760
6368
7027
49839
5504
59825
5382
10965
5562
5711
41957
70251
6953
31913
71065
73792
8970
6705
6744
26849
43219
4745
5519
33241
4995
17284
69031
72925
75052
75484
5755
9088
74110
69100
67675
72766
6180
50441
52764
4847
6646
10130
5090
5233
19901
74925
6830
11499
31571
4925
70345
42912
70576
4802
78097
34230
74619
54192
59515
8467
68652
68869
78776
78839
33267
65124
5878
15252
4853
73032
5588
5735
42233
4942
13776
69096
5659
9435
63062
5090
5094
14152
47600
7166
55244
13563
5680
9454
62596
5953
6349
29892
7830
71570
77169
69454
71071
9685
70268
72276
5728
66325
4800
11661
75396
7478
8155
4830
5616
5615
5618
5617
6588
19358
5258
73705
7104
8696
12838
70733
4835
7721
71819
4923
9501
49892
5759
8455
17461
63496
7837
15359
4799
4891
25506
72320
5626
5762
42397
6806
6835
31274
11661
71404
75901
6775
6799
31294
4846
47101
5684
47737
6378
22740
78539
8166
64942
66694
6228
74077
77978
5068
5226
19805
4882
5509
73637
74486
56519
71627
9424
20020
4926
5042
12141
68172
5038
6382
69440
8555
15660
5193
5305
10863
10713
6513
12456
15353
4859
10212
33486
6375
78750
4973
12954
6707
6862
16435
6892
4823
64735
78056
5387
6132
7921
53507
73456
5259
6024
6049
70334
4857
5423
76392
10962
4860
67092
65536
77936
30746
6282
52162
5668
5796
42595
7089
62357
64026
6403
54803
6005
22385
28708
4935
6454
75247
5201
6924
54233
5203
7153
54234
9788
5206
54231
76019
7041
38696
4871
37902
5680
9574
5388
53953
6252
6726
18354
7178
73860
5298
5639
64818
71308
73294
10171
60783
4897
6277
16308
72498
72913
64732
78040
5416
5419
10965
57907
67565
67081
12396
6095
25193
26245
68079
66880
75047
4899
6118
31430
4955
9500
72333
78137
6592
51646
75393
6687
36227
39255
6515
64734
6137
69838
72019
8392
64194
67460
5179
64231
5913
9876
72772
5137
37833
13956
78824
4992
69280
70502
47610
71795
75998
12436
28891
10044
29300
9120
5669
10316
5094
5452
19408
6482
7806
17170
5503
55140
74574
17773
57461
5826
8576
35495
7128
9123
6838
7653
53534
5009
5912
70142
13060
64435
15323
7489
68514
72529
4924
71387
5704
5821
42872
70934
4956
4953
5817
28596
4954
74576
71449
4926
6655
8759
6506
7039
71533
65247
6696
73420
74974
5971
11127
79377
21013
35884
5965
7769
24824
70872
78012
5998
8994
23314
68176
5879
71695
76821
49856
4936
5644
74154
69791
5732
10215
5818
10066
6003
6523
27839
5007
48179
29854
70955
55180
5412
5417
5421
5422
7562
11568
61731
9541
5193
5360
40927
4942
8995
22520
6264
8311
5080
6886
13415
6971
75466
70285
4972
6131
28101
4946
9965
65077
5031
6251
62248
4943
5008
31170
4943
9831
39829
74708
36235
4966
47309
69745
5694
5924
6425
9403
5085
7586
59463
5951
6261
8994
77668
8032
74517
77902
5389
39198
5804
10111
5753
5850
43237
63347
15531
77202
5043
74315
5011
8184
4964
39382
71935
38531
5477
19372
5037
36015
5295
7569
29321
5077
5113
13416
5766
6173
5833
6055
5020
7354
70736
15690
60150
5772
6176
6286
9892
4987
71227
74573
6716
6718
4984
6017
63748
59601
70822
72884
37818
64056
34793
73465
13283
79434
71153
71319
6879
77985
79218
5107
9246
9255
6798
7668
69112
70750
9424
16363
77572
13634
70141
5923
6177
50336
5002
62913
66533
6863
57297
6867
9837
76913
5752
63885
8475
63169
65684
5207
7729
77132
5290
10039
7480
35981
7199
10291
70513
72962
5340
7657
11860
7651
9580
15726
76862
5124
67363
70071
5669
10361
5876
9717
5888
70622
29366
5454
7431
45546
5611
8042
34359
5820
62553
5032
56860
5128
76021
78324
60692
68304
5100
6022
10123
6046
8198
60961
5488
5744
10560
5849
6227
5989
64136
57694
73242
5852
6229
5853
6230
5854
6233
5205
72843
74917
5041
50981
59221
74576
76392
14742
5104
35376
56963
74474
77690
5836
7703
8786
5802
63223
5346
10052
37493
5533
8977
7853
77347
71296
72224
78594
21454
5505
74384
9745
67552
72363
5520
61456
74174
5732
10265
77536
79219
5167
74414
5139
66253
5958
9825
5463
12415
67523
5103
52649
67182
6920
6995
6153
28273
71034
54910
7513
39954
9645
75814
5199
5228
24408
6747
60939
70250
5317
77554
5134
6168
49495
6163
6634
11045
32633
11414
73152
6880
8301
8366
5120
9844
40761
69005
5804
10146
78499
79440
7469
7930
68366
5396
69065
5286
6513
11365
13496
39984
63704
53737
5246
49856
5326
74912
79384
10690
63025
6050
8947
23197
10052
44351
7241
74786
78045
63573
11093
69672
73686
6025
9724
71378
75073
5360
5557
12969
5249
66602
70361
7042
7175
46166
5295
6710
29296
27671
67090
47577
5719
74132
77873
5227
5310
19026
8169
8631
64024
73625
5144
5262
16390
5344
6300
17022
5275
5514
35125
7640
5827
68627
8911
62784
66869
12943
70185
70784
12394
5199
5266
21867
6402
42189
5127
32526
7091
7116
33685
51346
5445
46450
68220
69808
5184
64235
69943
68285
69494
5837
33716
77464
79361
8711
77624
6815
67418
68159
73348
8177
26824
55583
6777
22427
5197
66182
76661
6709
29866
5356
6472
6485
66868
5158
5897
35991
33669
67623
5211
31616
6837
7133
69399
5264
47264
6381
67039
72754
6524
15727
5417
6853
8847
5437
39288
65186
7135
7172
30715
6391
62809
78402
6024
5421
9546
78141
54971
7123
7167
47560
6402
8715
5810
33256
5499
41400
62097
75091
7301
74908
9848
10487
5452
7876
8053
5228
5270
28815
74640
5227
5413
14906
71119
10212
52122
68826
78106
5570
6576
10456
9982
68214
70117
68813
74776
6471
6548
5273
31736
5569
75614
78779
9480
5251
63611
34975
5402
5823
21630
5958
9872
5764
8864
46072
65908
69840
5436
5919
7073
5303
13364
16895
6874
7212
26361
5371
10211
78094
5224
21720
65875
65927
73388
5720
28772
5219
5536
43481
64860
12979
76589
6994
7704
19970
10370
71578
66562
74448
58469
5345
5430
15481
5556
7048
7165
18362
5558
6079
11112
74326
75444
5564
71315
5210
6221
64147
75356
6334
63872
13181
39396
5858
6859
49142
7915
8272
9824
10481
6078
7557
42559
31438
5402
7730
22975
6399
49364
5359
13737
5881
10066
7125
7708
14141
64285
69077
10693
52246
6083
7570
66505
56813
58214
9480
63325
77786
79258
6025
9763
60906
5307
5380
37245
63321
69170
5400
67093
5929
77723
5982
7405
66695
6492
9130
61509
5270
7043
8774
12597
41122
5250
18360
6725
15789
10419
75375
58441
6216
10692
14405
21065
5339
20768
67500
5453
49186
5882
73118
5319
65940
5920
7183
74808
5965
10465
74650
78067
74705
57628
75615
79275
68637
5484
17592
72425
6950
8429
7244
7268
32985
10088
69669
12092
65603
7908
78660
5930
7663
72606
58196
5273
5773
39651
6522
8618
65954
6522
28252
5497
32986
6719
6920
10014
5372
12749
74886
5640
6280
55836
76060
77560
6204
9987
13111
7255
8191
67539
5492
68898
70745
5308
6261
63604
6260
65087
5684
75408
44700
77837
5550
64734
7753
11212
40201
6715
8397
9134
17118
5338
5368
22410
8382
25042
56967
5441
9260
74858
14814
63407
5630
5969
6285
5629
6612
9317
7296
9360
10044
7272
7298
48955
6819
68575
72341
75189
10033
64746
72019
7423
75059
79007
5392
26019
5770
63824
5820
7123
7803
58996
7405
11906
19964
7024
9822
49179
78555
8852
65349
78398
9017
76753
71797
66368
5373
78605
5474
71968
72491
6663
5387
75290
6285
5984
78613
75236
75573
5332
7336
7843
6232
12416
7048
8332
7716
71665
77647
5434
19944
71631
72442
72596
6660
24708
6385
11204
77476
5910
8565
10259
7452
51140
5370
37513
7167
7803
14129
70845
75235
25100
12749
71120
75164
5961
6369
59766
76301
6113
12728
5429
65796
76185
5395
6145
34346
6386
11331
70302
6309
63631
11207
51049
74713
5430
11818
22593
7119
68058
7454
38938
10334
10604
64306
5442
8417
71794
15618
5423
6908
8361
68474
5379
6423
64137
6048
8707
17517
52037
60077
74467
77732
6877
23193
61302
77156
10697
47490
52516
75988
69536
72412
8378
61757
62730
7610
68272
68443
5543
73905
7191
7322
23716
8976
64109
5463
15514
5554
7685
29156
35033
67206
77631
6510
9489
21472
6551
74208
77854
10680
68461
70227
6225
72443
73898
20895
5789
6028
17341
7112
36846
5941
7589
40228
7204
7282
31925
47100
67576
11825
67263
8589
74274
79270
67600
73718
67871
5825
67809
61670
6335
6531
52982
5451
68388
69814
6180
10203
17958
71651
5627
62794
69737
5676
8345
6415
63684
8297
10649
7333
7356
30996
65805
5674
16165
5454
6342
48441
5585
73525
77555
23940
70872
5435
27217
5548
33357
77057
78880
69148
65842
7680
5717
25798
72750
6772
67041
7320
7441
15277
6535
12479
64654
5481
7422
45589
66244
57259
76969
79229
5524
23364
7236
7435
16261
60389
71749
47416
7274
67940
5544
65839
72550
5602
67620
6057
41379
75155
77639
7827
53608
5664
7382
26909
6129
70125
15152
77155
69624
46450
5456
70015
8665
16059
70024
73938
63336
59832
62840
7197
9352
57127
17424
63722
6658
7994
7188
7552
5478
9071
45184
5728
7098
22945
6681
6817
20885
27525
6633
8487
22289
35512
66650
5489
7193
7562
7194
7564
7374
7402
33386
9655
72297
5699
63106
5523
6501
70316
7468
7507
52576
69184
73257
5733
6450
13464
71889
39108
8879
43557
71828
77700
11264
69103
70115
5547
44987
6863
72845
6054
45735
5928
6449
6787
8610
61269
61846
23437
14335
6867
6464
7470
10154
65180
70616
5758
22701
5575
7955
19097
9190
48745
5622
52789
6844
8866
72119
5529
6458
70298
6826
8908
7757
18353
17118
74192
78357
5525
5612
53837
6254
53138
59759
5938
67869
78675
79387
6450
6958
69313
5694
7417
7448
38716
6866
8845
6022
10360
6814
8963
5536
6489
45816
61874
76732
6024
6042
66115
66148
73754
6026
68427
69316
9046
74215
78027
70493
5945
55285
53139
69542
8145
10718
78158
79055
6804
9018
70404
72679
6148
8806
18422
7668
8295
5564
10061
5558
5556
29049
5757
6487
51255
7444
7498
27035
8874
13853
63306
71956
9302
67618
68187
8800
70114
12552
74241
5681
10033
5768
7428
18683
9236
10478
16977
7373
45939
53803
11607
70775
6285
6909
8827
6122
9263
9530
7007
66825
7975
60821
75930
78635
7342
60219
75612
9289
15248
6091
6857
58121
7344
7419
20914
6803
9113
6420
73521
79142
5594
11837
59561
70666
6502
10331
9343
16710
65626
79253
79307
72141
5579
18081
7926
10125
45532
5687
66985
69564
5639
44370
69716
7842
60450
5849
70812
72901
6807
24247
16692
21720
21501
74873
76398
7766
10269
8036
75524
79347
13194
72260
73587
5612
5629
31453
73960
74310
5620
5641
42331
72358
75292
6811
9189
7491
7566
48033
11110
22591
17120
75741
5616
8726
67682
5767
6510
12645
54989
7943
7232
7450
7231
7451
7233
7455
67471
5604
37115
74445
5625
6027
60839
68279
5835
37247
59993
5724
78868
5679
7378
24759
5620
6172
38634
13218
61392
74245
79016
71754
72496
8953
65784
56792
10327
10157
74835
79171
7018
54781
5750
76323
77393
48254
35180
5847
48724
5863
16424
5948
67524
7171
25703
6821
9252
5866
57647
78087
50834
13852
7582
7773
17846
5769
7026
19165
8441
10562
7464
13081
14245
7573
7612
54461
9244
61602
66359
22984
53811
6037
49410
6099
47952
9541
39901
59412
71885
30615
6498
63504
63813
5852
6716
5853
60351
5849
17579
5854
6718
5673
8684
19030
11586
70457
39786
9289
16344
65994
42651
5775
22520
71037
6638
9094
63130
6514
53351
65243
6965
31646
70380
76338
5722
8481
8538
6053
74987
78522
7777
14882
6866
8855
6844
8889
5767
5795
32785
6842
9325
42939
7565
7592
31469
5743
66386
75611
5758
6130
49575
7092
27925
16865
6826
8934
10508
7556
8310
72454
74648
71236
24370
78430
6248
11314
6205
9856
19304
76669
5751
15032
50214
56413
71888
75569
43806
71111
62872
71705
75748
9307
18023
64527
6814
8984
6909
8835
13696
6064
71177
71426
7524
7543
36159
77006
11818
60436
5777
8341
53636
9051
70450
60321
68667
5726
53368
71933
72749
78824
5741
7681
64857
21769
74012
6864
9389
6511
73316
77326
65041
76216
5914
5946
22410
5833
5769
5902
25680
5749
12484
57400
6804
9064
7864
21664
63055
5740
5781
66658
6079
10233
10754
5927
8166
69379
73849
62899
72805
5981
73726
77544
75068
75388
7918
70337
24230
6807
8814
6616
17097
47447
33878
10821
12669
70935
6135
64629
7635
7679
46454
52901
76662
30736
64653
7550
7738
13517
42980
6122
62235
9772
24421
65034
6803
9152
7761
73642
79201
74185
79024
33358
65874
5795
5830
21873
6184
39014
32567
70233
50809
72229
78840
79416
5959
58997
5774
64077
68942
5895
7541
41876
6320
6800
11004
7647
9841
48725
12963
67649
6036
59332
13645
22607
5773
63329
9466
69844
7165
8332
11876
78834
74844
62375
63988
60956
15713
67482
6661
36922
65659
6811
9228
6908
8891
55227
39198
7566
23754
7104
53091
55453
6568
10486
55640
5781
66765
61731
77116
10423
53094
63228
69190
74980
58038
7587
7758
39250
6978
50637
7034
9623
67437
14272
68904
72647
59970
38962
69320
78389
7625
12447
50104
67373
6098
6708
7249
7154
9688
12856
71207
72016
69995
77971
77291
15178
69513
5875
37276
6494
6970
24414
6123
7053
75217
6344
11457
55735
6821
9298
77299
6336
51640
5885
7972
51880
6754
9452
61466
8243
39527
61455
6160
30630
43208
7782
7857
35638
6044
6356
41989
7871
8471
63387
78215
79032
50175
72119
7041
25506
24759
10042
13022
5846
14604
7648
7670
28901
76277
77173
55915
8677
74636
78364
54399
6842
9366
6768
9986
6766
7915
50933
66552
69306
67885
39390
6724
8682
70041
7770
58432
40678
49983
5880
47988
68893
7015
13614
7376
5959
9343
57966
10230
65635
60464
7950
11478
6051
6932
21693
8046
47133
8821
71063
5859
6928
70586
6294
11314
5869
7360
24996
35820
6956
7794
44379
5988
46471
75140
75690
6864
9447
71344
77200
78445
8155
28941
74759
53149
5861
65252
68921
47400
6774
70667
6258
24799
63406
69150
11152
68000
69301
9582
30495
8016
9581
21978
5911
7675
7984
6019
66926
6166
6569
11318
6302
8316
33167
6809
47307
8258
9072
63708
75271
74257
5974
7192
69630
28907
71588
37276
6460
6608
12416
16411
72523
76752
62596
68765
50566
74376
52518
6816
31318
8426
12316
20474
67889
42562
77273
14719
68117
70339
6832
12523
19813
5902
8617
39236
55962
7486
9372
49371
11381
54471
7924
19907
7725
14488
37990
6768
9981
6680
64475
69455
35841
77407
6177
54955
10828
67656
73842
57474
9015
17783
65766
67339
8570
74057
77815
7044
72938
76871
29055
6726
51820
5964
8534
25291
6965
9441
8408
8633
77176
6645
7920
7371
6158
6266
13593
10759
67144
10790
9078
9077
9095
76564
7723
8972
7154
8488
58404
76851
7772
7844
24161
6676
72336
76819
9019
10578
8182
65111
77033
77795
79331
10164
74001
75278
6027
9307
45039
6592
11203
6959
73673
79134
7472
12030
16699
46337
10504
65890
66678
7547
26480
7070
10304
29675
7657
7847
25231
7054
9997
8646
9262
9538
7298
67283
6107
58397
6595
39546
11621
67297
69295
68903
6400
11457
6109
63689
56054
6664
7235
7471
6168
25785
7046
11191
14109
74023
75207
54330
53138
69182
43579
64751
8177
16855
45330
6113
6178
13533
6766
8272
26487
7227
48077
33057
7723
8074
48123
11067
58441
11110
10475
6262
78578
76783
77231
10154
22729
6745
11252
26358
69958
7974
7982
38554
8479
13247
29519
6614
33310
8004
51860
5993
9766
68894
6018
40388
73512
74022
6000
65585
9003
10793
78404
64520
71919
76007
8397
9619
65227
7066
72224
78524
6244
48918
6017
63794
6216
7436
13573
7787
8013
25756
6328
64755
69202
61775
70436
75335
61879
6424
24649
6143
11437
70209
41215
6255
38746
34783
66130
78278
7169
7286
53394
6306
78105
71512
74311
6084
6206
17624
8544
73581
77599
6018
6141
39877
9077
7526
9618
60650
9078
11437
66864
70546
6118
67384
75838
78720
63398
74638
9095
64017
76228
7637
19372
11078
67018
69375
6881
7447
12373
52385
8366
9860
63176
43470
8942
70592
63985
39244
48568
8220
59726
13106
78057
8046
62171
6104
7783
22806
6071
8079
27090
6547
52796
6904
8710
14476
8418
8738
12675
7882
8185
59273
6112
29086
65841
6879
74471
6622
59412
6274
7905
75185
7928
13218
7170
78183
10377
66270
10450
11034
67931
6223
62231
6096
55221
75905
77702
78887
7467
10535
58405
11113
65997
70183
12258
6131
7705
67301
74909
6203
10885
12130
6546
12367
78906
78928
7158
9120
23610
15050
71229
11007
66751
68777
6705
6790
11554
76104
76962
6173
75837
27099
78890
6176
78090
54182
8353
10351
32232
61267
8586
9211
10612
35814
67852
6556
7337
64484
6630
9517
12198
23935
63169
60067
6112
6158
25911
6703
7618
75758
6239
10256
11833
7269
23937
6322
13593
26059
68833
70963
71943
6362
73524
78847
8011
8052
27098
6395
67461
7400
39392
7795
75001
79359
6153
7489
66944
20284
67851
10452
79063
10960
58637
62857
32629
7042
10640
7204
8316
76367
6296
64549
73680
9745
70401
7881
8336
15333
6308
73409
77301
66561
6643
10603
12330
41301
6881
9487
22760
70597
39108
60610
77438
7366
8757
37565
6141
41127
67687
24376
67837
67695
72285
7848
11773
20127
11470
71430
50683
12203
78579
8713
72894
78573
6207
69980
10068
63375
66452
8098
8145
36272
6824
9096
19132
20339
59892
67631
6436
6506
6149
8331
14971
6779
9331
62921
56060
6193
30036
71685
76192
10935
6558
46492
76266
6162
21249
58307
73220
6178
7725
17184
9851
69758
16323
54330
7001
9264
47364
65826
71002
9263
59444
13099
72886
71734
76484
7609
8050
15461
67210
64422
67332
6305
37153
8553
65192
65196
6457
39390
43545
8111
47892
62753
6468
8462
38497
41161
71241
7990
9892
76485
54989
62526
6744
11554
6449
35711
8140
8175
47543
6188
70633
72407
6916
8571
11435
7029
10818
8696
6220
7399
49896
6740
9426
23794
71927
13665
61096
6567
7088
9925
37785
75918
78192
9380
61104
70532
70538
63725
6191
24009
47257
6199
7064
45367
6448
17933
70690
6849
10472
65244
13520
43403
70346
7557
56473
6892
6577
7570
6324
71342
6977
13959
57414
6202
7161
61655
7132
33604
8230
6231
6899
36413
7473
64535
6239
21132
68018
70293
57774
68566
31111
70201
72367
6546
7127
12697
67200
71478
10298
63256
66208
7067
69602
39313
74910
8637
8888
67993
63924
6571
9522
56017
68940
75620
77055
8977
6496
21535
7698
19903
6251
63882
6409
9244
60391
9552
11675
10698
71632
77633
7432
56705
76458
76779
56706
78302
56703
77562
7534
34348
58560
7478
56704
6632
6899
63330
67543
8085
9172
15875
69759
51830
6417
8652
67344
7143
24730
75742
7703
8355
9680
6364
53804
8497
12134
47108
6871
19690
6690
51693
70005
37153
8862
21518
39134
7094
79400
64096
8270
68457
71953
74616
7889
67044
70910
40446
6269
8510
64799
22385
72016
10455
63808
71370
7793
8551
25673
6435
6900
7203
49777
16047
57314
6345
14272
72655
7985
65259
8270
8371
27948
7168
7321
11428
6638
7029
10840
68203
7943
7452
76862
7757
68421
68189
6692
62719
9606
48031
8638
10533
6446
8359
55768
6621
68057
40730
72244
34753
8250
8275
41175
6720
47400
6527
7395
15542
11636
72180
6350
10385
66474
8361
8891
60558
6297
65548
69179
37281
6380
17624
27863
67523
68920
69101
72850
7837
65545
10555
9703
64740
65494
39749
57314
6976
12210
6390
69205
71545
55631
36430
57823
6319
45070
73812
78760
6334
63971
73195
7124
7254
43874
8616
73769
77354
6555
7327
78006
8740
8107
51041
64237
6557
8979
49681
7035
7854
8324
72095
69699
7832
33650
9730
11115
64828
43111
11450
25128
65606
6935
9387
25576
7054
9738
30823
6430
8308
47513
6527
6601
18253
7193
64539
66454
7194
7188
64040
64150
7502
9135
11118
10612
66014
67432
6747
10536
49505
69105
6416
11825
66460
8261
8297
26568
6566
22723
11197
54047
68351
37281
43568
73882
6837
24122
9551
6352
7464
36932
7175
10640
66691
71325
6646
8162
42055
6478
56295
6557
7434
49288
16418
28155
68370
9672
63746
66021
71885
8125
8450
33942
7178
10726
64529
68439
77657
6785
7312
73113
74020
8339
8376
39946
6582
49267
6388
10378
56925
6496
7358
32629
6637
59791
69437
7972
39952
15125
70650
7321
9409
9940
7451
7450
7455
8693
10280
6564
72459
72703
10922
8590
70857
33057
68971
74518
59090
64178
7556
9418
9739
63021
7433
11393
6428
61744
70474
67501
71690
71269
77621
42957
62431
66671
73277
76934
6874
7157
72451
8997
70505
73334
74780
8795
74311
7208
9180
37785
6407
70682
33968
68825
6445
64430
68231
68465
72079
10179
78567
7655
70701
13091
67810
68191
7769
10465
8312
8345
43460
7506
70759
6859
8202
7950
8973
11286
6447
64168
69866
6423
63956
10443
65106
13805
67720
15036
66128
70304
71554
7600
78266
9656
75204
6454
38807
75078
64084
62635
7919
45975
17839
68095
51713
59133
70536
6456
7861
66308
8294
19149
67206
77631
7079
37652
6895
63653
68981
75550
6853
7831
7846
6891
7497
6825
71105
6601
6683
21886
6528
10806
66706
6451
34857
6868
9930
56952
8392
64441
6453
55105
78163
64134
33010
7510
11618
64986
7009
17374
78922
6502
78133
9865
66342
57230
77008
12497
23099
66328
48829
6570
23722
61866
6474
59353
6798
8295
48814
7516
66113
12151
66400
68787
6718
6888
10423
75676
8103
57973
6785
78978
69585
77523
6605
6891
6576
59969
10817
76784
78796
6682
75843
6976
12592
10778
61874
15995
74344
6567
16756
73925
6654
56775
16552
67548
70776
13278
66745
68994
6530
6790
30499
70645
8411
8619
42946
8175
9115
78031
6967
9434
72435
8123
62342
8927
10076
57912
6956
9568
8140
9115
9304
68083
8682
16811
9276
51702
20601
78392
34380
69098
77121
71696
6672
8122
64865
10542
11712
11826
7913
8407
38912
7348
8559
8591
35545
7428
9765
43680
6651
9805
14113
68019
69352
75357
6566
8005
10116
70591
9673
11244
8556
8609
40983
35426
75442
76725
79451
6813
69598
6561
30681
66790
13462
68595
69260
33310
6581
37370
71520
16543
73002
6603
7339
24651
57767
7684
66935
60730
68713
8577
12675
70324
32515
8224
8624
27092
10793
38632
9537
50791
59093
70600
71813
72772
72466
77594
9076
10628
51995
50675
71735
69164
78949
78799
8693
39109
42157
7831
11708
79227
6554
8354
67052
75946
79194
8660
73546
78872
77675
78963
66999
71182
62392
70250
6657
26858
61761
10115
7600
77281
9549
59411
66036
44624
67591
36311
6801
38399
71571
72906
71326
76725
54822
10827
8663
18210
6602
46737
50646
66140
7845
64437
6657
6691
23753
6911
28698
38863
67398
72479
10687
71293
40955
31511
6721
7660
21451
6674
36430
6694
56277
75601
77051
6654
7580
11646
7319
12705
24774
73911
78175
6714
9276
63730
45455
9249
55389
63733
6697
8824
55967
6636
68165
69389
38399
73791
6765
7196
20341
22644
7500
7540
13009
7997
73498
77196
32278
69547
58382
6743
26076
16655
8106
10021
12378
10783
6771
16804
68323
8612
8625
36304
7806
48488
8010
12089
22907
46290
66952
71847
8422
13864
14186
70910
7493
7951
16062
67717
6644
8691
46871
8027
8540
12790
7126
7944
19747
6887
9034
35374
69056
38693
9965
45975
68926
77657
9676
76505
66223
71184
75445
6968
7001
44409
8607
8631
41195
8665
9685
66423
7635
26778
31511
7527
61332
6939
9565
8105
19312
6699
68223
69274
7892
24261
9765
24106
70547
50131
7937
8073
54403
6678
71334
76031
7345
7697
12318
8396
65774
9917
44756
6867
7666
37888
6668
7970
27416
6695
7221
26135
74410
8560
8668
23911
56976
71444
65808
74538
11391
66120
67125
48488
6954
56882
12497
15126
50609
8302
13319
8821
9265
56463
70557
71588
6759
8127
39220
70514
76778
7249
29867
6727
6870
58390
10042
70895
62322
74790
12112
48285
28044
64539
8173
9620
48118
8718
9785
50191
9121
65634
51728
7236
18292
30991
73630
73192
76520
7590
17364
76157
24376
69568
75031
76374
62311
68900
9065
9069
59170
75574
12426
57619
6918
9203
31881
7281
9738
9997
6739
76518
73479
12613
65993
68374
71354
73387
7462
25519
7331
51477
7196
49005
9450
18714
56284
7168
48879
9890
46961
78128
79125
9329
13550
6975
10121
17257
69223
72898
9505
67373
16976
73668
9483
72102
8577
8738
52409
35516
7095
13927
69655
21646
78575
7471
8171
7653
12866
7592
21251
7728
12480
20383
45596
69052
74399
10394
42224
63828
70772
8101
68927
71122
65459
76626
58397
6737
35463
6760
11788
67778
6887
8480
34616
12041
67458
70989
11084
8643
9509
8586
18082
6907
12379
68395
77208
78560
7075
7954
66870
8966
13262
39048
10699
11436
7066
8441
6752
78336
7080
9741
16693
6918
25885
7155
66190
68402
28653
76446
6787
64901
6791
6841
35134
32519
74447
6782
45430
35488
12680
65462
10774
75455
77209
45893
8099
73365
77074
6789
68950
7051
7836
45980
8117
8352
22571
46272
74221
8492
9327
62654
8027
13488
8773
8782
39922
7940
70204
72877
8338
8443
51391
8167
9332
40637
8444
25445
63642
66942
8627
8727
47637
9180
9240
20650
6808
8563
34518
39372
7326
66542
45482
12486
72780
38971
75803
76345
13883
73739
78914
71183
71532
7783
63419
8470
12527
37469
77062
34474
11045
57977
11315
21676
11370
73564
78765
7384
9462
8502
9060
28758
7590
7607
76752
6981
23025
8623
8657
26167
6810
44927
49482
11386
9801
11331
66350
7538
8694
24002
69073
57555
8433
52345
8991
72758
78358
8832
9482
13622
6850
7971
11385
7049
63458
68724
77136
7829
74979
76875
41989
33919
48228
61703
55390
8198
12491
42097
41783
74788
76480
40955
56602
8334
45340
43445
60005
13438
23595
42307
20228
73500
70388
41311
75804
15252
8074
8972
7436
10004
63813
69928
73228
64410
68448
73836
42498
62066
62602
71157
11764
73455
77375
13053
63951
71818
40953
7226
9692
48503
6893
8077
39322
10384
23719
58640
60953
70931
8487
8615
60792
7286
56345
78139
7191
66900
40914
7220
7687
41310
72871
8162
9255
9800
15845
22788
7622
73573
8809
52021
42680
6872
21482
40226
8798
8800
34198
7058
7971
19808
8827
8835
36920
9609
16418
68805
7326
64239
8029
11259
30421
6890
12967
43351
25932
6865
28027
76202
9515
26776
34229
6884
8102
65194
74613
8837
8893
46724
72810
8845
8855
36299
68217
69040
20754
43073
6901
78968
38700
13854
7497
20637
77129
8005
11893
64549
10160
45699
6895
7757
74283
19583
7209
8203
10009
8545
8596
18270
8349
10272
12552
74671
78693
64325
69627
65538
6893
6991
44615
10114
39706
60054
9811
65292
10739
9490
72223
60121
8155
7540
10557
11261
6911
35018
11342
7062
50071
7690
8097
66127
74680
8866
8889
33659
27186
73835
7056
70043
72206
25425
7744
75975
26890
6953
23057
6975
7076
24406
7146
17623
12804
8989
73048
76841
66647
68641
29601
35813
7106
8662
21816
43141
6963
7019
22087
9217
13820
65934
68948
11204
12203
8374
39582
13005
65743
68104
60267
7190
14719
71101
66551
6961
7999
39711
7582
66143
35701
70818
73471
8205
76682
8131
8986
39880
9845
14722
70264
77103
7934
11019
12788
7043
8479
23342
7019
7139
19160
7832
11081
8393
73515
78633
6957
66736
73342
10910
64838
28964
7644
9495
40520
8638
11794
17479
6988
25316
78036
6989
28653
70883
9373
20697
55872
9538
10807
8908
8934
33340
7195
7460
14764
7615
77951
78059
7692
30164
8892
8903
33867
8491
50366
66598
7802
53502
7004
8496
27565
7009
7364
17059
50679
7702
20576
13949
28808
18899
66879
73319
61342
68959
73535
75387
60575
69700
72692
8108
26043
7099
55476
67435
8543
47884
7243
9833
25644
37559
8620
8658
29649
8010
23216
52726
55498
7195
18695
8338
11070
7021
78942
7203
19202
6997
7898
62260
8085
10823
14600
53602
56141
60786
68480
7169
56345
8796
9016
17490
9927
11031
6983
50759
7328
9660
41721
7240
27054
7226
7835
45708
7866
10386
29451
7004
7025
32577
11671
62749
66303
53823
76491
8921
8926
37113
7028
50527
9565
47800
75606
77587
8379
60915
7826
10670
7076
7139
23658
7828
62893
7876
12731
12821
7000
46035
71626
8233
37377
65254
8963
8984
32778
7011
43576
39240
7682
11144
14832
7509
31159
67668
7465
9190
10714
59370
8327
9183
23634
44875
65397
75519
7311
7403
19174
7023
11578
33349
65216
73447
70895
48002
7166
23066
7086
37432
7492
70272
11803
41536
54444
68679
8500
42548
8609
66818
10782
52674
7103
44977
43409
8258
8271
13396
77004
77618
7100
9469
25907
8954
9004
40785
19304
66590
7960
18036
7270
14192
16713
7267
10726
66615
68268
73748
77903
7921
75869
13286
70125
50558
58262
65959
76442
39741
67676
9640
11044
66013
20479
65163
70584
66923
70800
74588
7218
52026
8304
9216
26813
37604
8250
8976
71090
70364
7146
8849
10430
68776
70169
8048
12055
12730
52255
75191
78101
7605
18571
73714
10832
67515
9018
9064
32340
36068
61634
51070
62487
60232
71436
10445
64689
66433
10696
20537
15070
67731
8985
11948
18205
66866
70149
7469
12250
75198
8045
65652
53419
7273
7520
58827
11051
56003
65695
11822
63478
7885
57969
67761
7184
7299
23852
8922
9135
52831
19497
66624
69464
7460
7631
15207
7090
78964
9433
12498
18754
7854
14695
70860
72033
7514
20742
7589
37604
15001
67422
8542
9040
10696
76720
7234
27943
8029
8065
16203
7304
19701
72079
14028
8569
13401
12103
47378
7211
10078
65850
63141
68828
72587
7222
51983
76398
7128
9119
26893
7266
39903
68706
72162
77070
10428
7911
11168
13118
7126
23291
77626
72573
7214
8242
62867
7127
7141
36940
64941
75090
77791
7753
43438
7120
7148
36086
14401
65982
66644
8602
11342
7771
33241
70159
71627
75983
76751
43496
10542
11460
7500
22005
9303
43664
24990
7780
15559
8212
9977
10831
7394
9593
29945
8390
37859
7176
60605
9068
9099
33153
39182
8279
11692
34108
7141
7184
43177
8535
12325
18261
51396
9196
9210
40606
38056
59518
68227
71198
9385
9113
9152
31853
7176
7718
14756
23126
7745
8214
27967
7621
33838
7161
8254
30732
10288
54879
62079
58172
70361
74308
63930
74302
54955
69222
72348
7180
38045
75333
73115
12347
77429
8286
10996
17578
7313
7813
54608
67568
75454
75824
64650
69485
73656
7715
8509
40063
25932
57795
42805
58183
53518
7561
73343
72097
76216
40480
7276
72473
75142
77554
35711
45928
7199
9074
28829
72244
7339
22072
7338
78924
7250
7306
52933
9239
15212
70396
7640
49914
68203
7963
15853
61563
9062
9153
46425
78043
7482
14671
63037
23275
72542
26484
76677
10882
68483
52853
63606
11833
56346
7213
9681
64238
30137
9094
9165
23845
76886
67481
71098
75266
58928
19690
9065
9432
32157
13921
65082
68601
7210
7220
39778
8222
64914
7306
47291
8870
9937
12344
66759
12130
18356
9420
64451
8732
63767
7953
10745
47194
9189
9228
31522
11177
12264
8964
43624
7351
7662
20567
44030
8969
14414
7409
30659
7542
33275
63202
8792
8951
21558
7877
8357
18241
62808
7738
67805
22333
75856
9261
10264
52526
8373
32776
67448
73429
67449
76360
67378
67446
8048
21101
7502
8922
33995
73134
75875
77888
7258
10083
39511
9482
15483
7330
47440
76753
71925
78521
10343
62022
41823
11465
64917
65861
76550
79165
77787
79091
9786
72963
76775
54974
7290
51975
9163
9195
48963
64859
8351
8523
10474
8349
10495
64712
75736
7567
7624
30434
8975
11414
62424
9633
43265
8356
9132
24532
7309
34755
8079
74879
7549
10777
18065
42231
67459
7275
13632
23508
7700
10477
50721
7362
41264
8059
46537
42034
7663
18524
58974
7554
8785
47752
47424
67084
8860
14831
68185
72601
13019
49223
72995
75338
43116
77806
7324
8387
64053
7300
7841
51307
7309
8031
25592
7923
61177
16047
21851
8154
67153
67476
65260
69582
75147
9252
9298
31226
66262
22395
70742
8561
12128
29822
11657
8776
22655
7494
7760
16574
7364
7754
49870
9069
9432
12917
75099
77960
74915
75196
64821
7591
8195
78224
45805
7310
44291
7411
21920
71496
72800
7343
10812
32377
7305
27915
57162
9723
55329
7539
20101
50491
8436
10252
10349
15172
72229
65642
7386
36088
9011
9592
65918
78612
7737
49176
70108
8781
10251
50219
71430
7390
8083
31807
72879
11660
13323
7448
65251
54835
13019
21161
9277
9313
33037
9456
64296
9280
9504
13199
67335
7948
10137
61876
76560
7422
37252
8466
11294
8919
10434
11015
33495
9089
11464
33550
11908
62527
66001
7675
20442
7524
63709
48371
49005
41715
66521
7421
8019
17252
73471
7346
39481
19983
67037
8935
30708
8340
33379
9602
11440
72928
76892
9325
9366
31090
7359
50057
8317
9079
30318
13200
72539
76602
77622
7357
36528
67813
35378
75279
64790
7386
46168
8466
11344
8399
9989
60237
9732
10015
7434
7863
33214
33868
73178
9004
11648
9655
77286
10200
74965
78526
8139
11454
12293
7372
9232
9787
69092
8457
39169
7541
39717
35512
7641
7768
46011
63216
7700
8044
49931
68356
7522
14397
67097
8240
11659
12670
9457
9460
38079
7444
27826
7449
10597
14221
8651
9989
7457
43703
76089
48566
9621
15057
20059
8799
13539
13541
7467
7794
9568
8325
36580
7539
7788
20361
9218
12117
60749
9408
9493
40601
10480
58550
7885
69366
69680
71891
75235
9390
9428
39802
9459
9514
45600
11132
69696
63689
67358
70960
76724
25273
7978
51919
9282
9312
28080
69628
11426
72783
78253
9389
9447
30396
7412
43738
72974
8446
46583
76778
7437
51685
8470
30626
11454
65078
65452
9454
9574
48241
7496
11570
35387
67161
8757
32648
7484
61142
70080
8462
20884
10391
23309
59468
60282
38117
78519
79175
9365
9384
36021
8260
8448
74957
10221
10345
12602
7799
73966
77635
22955
7518
62847
65778
7528
11200
49125
7530
20795
70812
71643
7764
57990
40520
7777
27337
70389
7899
22043
53187
66810
71928
7459
7597
36931
7441
7545
27385
38899
8151
74924
78388
37225
7788
8959
10751
7696
9963
48237
9280
9979
35084
10574
59262
78877
69374
77597
28853
66867
69028
71422
64709
69136
72776
7483
27108
8413
8833
43851
9528
28147
59720
8748
60966
72237
7473
63741
7631
7937
21594
69514
7527
7833
16970
64214
57845
8617
53760
74127
8575
37902
9382
61789
68821
63815
8588
9466
9523
30112
7596
8830
28557
7542
7842
46060
10917
8081
67241
74052
9841
10553
10241
67929
70113
73140
7822
21014
8647
21026
7644
56261
7605
10789
16789
70335
72873
74454
10248
11860
42805
70986
9694
9804
7498
27826
7718
15381
24874
20783
59968
66185
37386
8765
12006
31656
51551
7549
8579
36384
9103
7514
7667
27521
66531
75198
8431
19708
33875
76942
7954
53452
76902
67393
68506
67721
7717
9728
13458
78984
8512
8514
35743
22729
65712
8690
8936
47113
11586
66858
71501
13710
58121
75089
59838
67925
9473
9587
25640
27658
69065
63683
70001
11299
52623
9529
9563
33224
8379
59477
9386
9470
41873
8872
20326
8853
11285
8943
9614
38785
7545
7664
23561
7560
7704
9275
8550
22567
57273
59741
44733
60190
9890
28350
11182
59691
62799
41307
9504
9979
50905
8376
64858
8103
10045
21543
40946
8497
50179
7702
7934
54931
9144
59433
7754
9667
49160
8828
42860
8485
72799
76482
77679
8475
9532
14058
35922
15075
69940
8320
15506
73776
77036
59432
11741
32328
60809
9874
59434
8565
37559
46892
7888
45418
7673
12929
20987
8025
32133
8225
7638
9845
38552
10893
28198
60939
52804
66940
62866
73271
77110
7708
9535
34207
75888
78473
7650
9216
9928
9486
72674
76529
78110
7689
57675
73602
77998
58038
22082
74648
9760
11451
13192
67019
8006
61367
38556
65712
66322
70312
72160
69662
41075
61252
79220
38458
73533
79216
71606
74409
77620
8797
10064
42052
9233
36725
7659
43149
7636
59534
69420
7852
36521
79299
72686
74133
7691
7836
36445
64184
69051
73167
7864
63552
60607
8646
12356
18131
8662
41264
7662
7776
25953
12020
70518
76984
7855
57309
69156
8016
41276
64359
68657
72327
9682
9776
47789
17573
54894
9774
9804
24348
69104
72057
7696
7894
17487
10171
14903
9292
10429
67431
72503
77797
7868
58704
13632
52159
9643
9671
33584
7669
73323
7913
8413
8557
9363
9778
17107
9501
35981
59783
7677
64182
7786
52043
70787
10826
77998
45147
69369
69418
65032
7821
27181
10933
52611
55507
8483
38055
8689
8704
46128
7676
8281
56471
49442
75474
76836
66002
7972
10782
27011
7664
7748
27813
7768
50936
69920
74538
7815
56935
68716
43805
8587
76986
7796
8958
57495
29954
8820
9827
11565
7851
37092
43404
60200
20277
52798
44238
8635
8841
16117
15271
73487
7709
78973
29200
50376
66041
27132
10301
11999
26171
15475
35731
11353
11432
12111
49966
8876
15167
61433
62286
7688
7962
41917
9097
45455
67911
78096
72972
8381
62015
8062
11155
15640
7819
69881
8179
20069
11306
67345
68332
67629
67773
7714
50239
11389
22969
9694
9774
12007
67601
8423
10046
66038
8046
9807
7760
9515
24283
46308
8374
11649
8755
12798
9808
9851
35102
63153
8463
13055
13812
58263
15758
11215
75057
7707
34496
34874
8653
7875
30947
7748
7996
23035
8408
12099
13161
9673
9907
50121
74131
7776
43840
9463
57333
71409
78511
62180
7720
77932
79120
77937
79088
75535
11180
36169
55442
66002
71753
69859
58418
67747
71579
7736
72074
72532
8443
11070
31815
8341
42880
47253
71834
69603
70836
75642
8214
36534
61210
9719
9784
44100
53427
70378
74523
72240
72453
8208
55157
28154
7820
8037
25489
9764
9796
33513
7746
16067
65824
8944
22390
13208
10211
8395
16277
17448
65729
9452
16102
45764
7838
8178
32456
7996
10328
26954
13607
34556
8561
8644
31897
69662
63097
8091
8750
10179
8126
9900
11590
22729
36857
9724
9763
30674
53769
67001
76241
9393
14044
28172
7898
8953
34923
9769
11056
8041
19276
67167
8223
69578
70414
54213
60177
72727
66968
8097
33128
15145
73680
8090
70241
9092
19789
62145
49557
18292
7993
10627
22967
7835
8460
37608
8220
65864
74395
77808
52093
67593
7861
10020
28832
8957
49654
15905
32773
56702
9886
9980
29911
8813
11911
38573
7872
51028
61526
67424
72567
8986
34956
19940
78040
79277
8645
15260
7852
8165
24661
8946
11537
13112
73650
75502
7930
13216
17464
8195
8681
78193
8399
8651
27517
9476
11066
15732
8423
13751
67615
64562
9003
38632
70185
11014
64908
76800
66802
7834
9996
66110
10292
13438
66282
9245
12167
49571
11625
12178
75728
68717
72820
10177
72571
78118
8741
12036
20720
8021
11445
12077
10644
52400
8112
21981
7859
44128
7941
43857
69940
79210
72212
71665
7986
68785
8031
60882
76258
78929
76295
78052
55595
41906
14539
65405
46099
66024
40841
57477
70135
7933
52522
12578
14139
39268
71143
29969
7984
19610
10386
29239
8254
62346
8812
8826
17392
23754
62946
68376
70857
75839
7860
29961
7961
45346
74919
75115
13569
7975
60766
8068
10700
55870
53436
8674
11573
48445
8723
12807
9984
33366
69284
7869
8518
42135
8668
9495
68627
9825
9872
30525
9599
10890
8774
12062
23342
10960
62454
8504
30764
73174
77406
63968
68069
8780
24440
70252
74629
64589
77893
79212
7912
78977
65435
61512
62853
31586
9057
10303
28083
8915
9600
12933
34329
72715
51424
10307
62854
66818
64265
68421
77665
55772
74305
75973
9187
10624
51684
9623
58525
8071
70643
7897
10741
49849
8043
9111
25675
60692
65365
8252
62382
67949
9595
10422
7936
56651
75012
8664
8741
22024
9955
26823
66051
9835
22523
74581
76223
8148
9956
12342
8004
10828
67840
10122
13623
11257
14898
54410
12606
7966
12405
64610
11265
79264
72601
74002
15859
50883
68571
8578
12022
18961
63550
67278
41254
75275
13633
54613
70796
11707
9949
10124
57231
7964
66332
70195
69804
9123
47101
70600
67121
8296
12752
64627
8025
59076
8011
32831
53396
73675
8551
67108
14335
67308
12491
9222
11025
42517
17158
8231
9035
65641
8161
8758
18984
7962
50161
59248
61360
67466
72235
74871
78317
48658
10075
10147
45647
12971
46853
73738
8063
43648
9558
9572
49078
76344
9478
12349
9285
12691
33508
10275
72621
76503
9304
26797
43100
9494
10954
10115
76586
8044
43292
69659
8234
21928
8000
67191
70157
8165
15960
69479
13160
9118
10278
11969
10199
11292
10247
12314
50164
11360
12413
69540
75242
8039
53148
74207
12453
64727
8070
11953
64673
11530
28992
51831
8028
11412
23383
10075
10255
65851
8082
10198
54209
45967
58014
9640
11403
11524
10823
11983
12769
46024
55316
78079
9981
9986
33903
47848
68939
46267
71471
73626
46323
8069
64742
69115
8358
8464
51413
8019
9005
14320
69892
8343
8864
8566
58418
69710
8053
8808
12731
58629
76201
36202
8015
31727
57867
71899
74456
35982
8247
34766
69746
70427
9106
14148
36012
10635
18655
58046
13340
71342
67751
59995
9038
14957
9789
11047
60631
9475
10564
14745
8661
10409
57145
67514
35807
8229
8356
33887
16954
27247
8179
10114
51266
38859
71770
13247
24696
68878
8038
16801
65072
60140
15183
65130
68576
10952
60064
12724
21020
61552
8040
8308
21374
59863
72385
73341
60513
16166
64429
70258
16102
15106
45591
66241
8067
8120
18164
62756
70918
77984
13628
13634
70293
8124
8554
20354
8054
64974
69614
10053
78080
10514
32853
9624
65442
10141
15729
8052
32831
10988
47314
8100
39905
67269
68409
42759
24752
64873
8049
8536
15992
64880
37944
10952
15262
10897
70152
25379
60130
69551
74321
56456
73375
77016
8204
11326
58878
8102
9831
31170
10520
75598
64027
73247
9832
9893
23115
8461
16967
58747
61652
64079
8113
42379
8122
10026
31360
9494
11102
9578
12188
14269
8153
18412
11529
12537
65047
71242
12446
64686
14857
36678
10974
72488
9363
12873
39152
19765
68323
71486
10238
10260
40067
10147
10255
14215
75395
8144
9128
11002
55000
69740
73003
58148
29088
41203
8344
8552
50326
67409
9534
72388
76244
8234
8722
21215
63705
61105
69536
70711
60240
74479
9150
9478
10743
10111
10146
30666
8100
9071
40230
11566
47294
63238
8219
26715
69670
29274
10649
29254
76291
78412
65838
9178
71828
68207
20884
9762
18786
64763
8343
37651
8331
60199
63680
66489
8211
38269
8277
8385
22999
8174
8342
17975
8653
62251
10186
10599
8289
48528
8472
11574
13093
8116
30782
65325
8277
25434
70177
9959
10161
21862
77146
77901
8509
34263
8161
8232
23020
68507
20721
47633
65871
45185
64873
60689
62834
13663
28251
13520
8242
9177
24754
9566
13273
30183
10414
12602
66824
11581
51329
57491
8183
8528
43233
8171
11843
8357
10633
62296
10213
10413
50871
11574
15938
49552
63332
68150
45720
9844
33716
8178
8402
25375
12041
69766
10973
78880
49785
11490
8909
72487
67131
67764
8167
8439
32703
8157
10805
23847
79076
8282
56978
65721
31769
62708
68195
71575
27448
65128
68399
46260
68908
8633
12571
13161
63534
70642
74635
77955
27764
8169
9647
10631
48581
9465
12874
33009
74949
73349
45697
8526
9528
43149
10130
8838
10362
48438
22985
9829
71584
75463
9163
12557
9817
59484
46256
72466
72027
56268
57812
10019
10942
18906
8227
24752
66870
70753
78857
9161
26200
70380
74075
54407
8755
11441
13461
10215
10265
30822
10272
10495
45946
8749
25067
57823
76178
48066
9185
21527
28193
8269
19615
11506
45511
50224
60416
9229
10892
33689
9588
11198
55790
13504
68159
78137
10345
10414
27151
10543
10987
54408
72430
8870
44049
14262
74410
78184
8276
8402
35590
8219
8427
21171
9267
13840
68471
67491
70898
8697
34576
8684
51303
8329
11242
60722
34988
8276
8733
38759
8606
27915
62890
8849
8902
12270
8232
9668
11594
43374
67167
9790
10606
10661
20650
63845
55936
68686
23750
63845
77929
8245
9809
19858
13663
25445
27971
70387
48580
65544
9599
11079
26467
9532
18538
60982
10247
10263
10421
10274
10370
26464
8404
12975
60970
8828
12335
51245
8663
62209
8301
9860
72016
66272
69027
8337
9184
50498
55808
72813
10248
8853
12700
8573
70164
79080
9033
72273
76156
38543
9508
10780
14864
64122
8804
29021
57702
64694
11322
18420
66838
69879
10904
74578
78091
66692
73881
31652
69837
10718
32137
73780
75107
8692
9038
34206
70981
73194
47304
8481
9118
12642
15486
26258
76005
78561
11976
37837
51820
63958
68661
17341
8841
9238
77812
8585
68451
72159
10812
38418
52896
44330
11884
35449
47964
16423
66160
8333
9767
63093
70413
72066
9392
45163
10337
10561
51844
10411
10547
45719
11323
11350
12748
10264
18893
10884
56542
62528
8354
12445
28614
8685
50756
10316
10361
30702
32811
77669
10383
10415
34722
9719
24128
51444
8829
16598
69699
14317
66271
26258
10762
12801
52467
8367
9379
18406
8437
8531
27953
26891
67905
77709
59551
61842
71648
12542
78019
10210
15883
19490
8391
11466
50615
8583
10025
10775
39812
8652
18441
21013
11214
61295
67120
77488
48407
70029
72840
77112
8714
8983
52279
8630
8949
16401
16047
12670
50466
9412
60608
62793
9652
9853
48841
9206
20599
9314
14693
74706
8533
8939
43602
35632
9935
16011
9393
28822
8387
9802
35608
12784
14769
8390
11233
43222
62557
74180
62759
67164
70430
59347
36169
63559
9390
12636
8377
9943
10853
46457
8425
58179
18899
10291
36235
11357
12111
60202
9140
21383
9339
54433
23756
8819
11853
12185
8733
8793
16171
8655
11097
17431
47929
77306
9832
11641
9365
12451
8657
66877
70051
8839
15054
64485
64120
9230
31047
14028
66938
8465
8499
18392
60567
8428
8834
53162
10575
17216
64830
19276
48720
8681
9613
78200
66937
9437
52661
19657
37247
67508
9023
12604
18301
10986
36208
62233
20597
65141
8427
11234
27672
65080
34162
63712
67655
70987
36065
8552
52360
69930
71382
65572
8385
8906
21792
9177
56629
68753
71903
8459
10508
33029
8461
9368
66278
46567
67140
10123
10360
18374
9075
16618
22794
54677
9278
34401
73370
73979
74646
9944
10058
42025
9268
21603
73722
66475
8505
13879
42496
8912
10440
10556
26307
8680
12424
13837
53214
8430
11854
46292
66103
71960
9295
72168
77789
8622
8935
12391
27305
64492
63508
8536
10266
12693
8929
10358
70679
37180
11130
14902
66198
30587
68509
70823
74649
8474
10381
58587
8783
9883
13141
75218
8462
67037
9392
12980
61762
10194
73097
78152
10794
12178
53331
67930
72171
18466
9061
11979
59114
8722
50972
8511
39952
47807
54810
66037
8912
19955
10918
23783
11814
12010
8489
8904
40268
8921
15554
10094
22102
77046
8753
29868
62869
67340
8498
45326
8895
9540
32761
8926
15554
13696
36351
78750
19462
34099
62357
18613
8676
26874
9048
11228
57653
10588
10966
10063
10259
39170
31261
68116
72808
76702
20550
24752
43627
65948
74404
77101
10491
10565
29993
8521
10085
17353
8692
23785
8656
9355
19953
10189
11245
9953
14429
24828
48391
9428
12636
14003
64655
78650
10490
17740
8666
24166
51762
63888
73186
11749
18799
66960
62541
67016
71421
67609
8534
46884
53519
65478
76774
78112
9001
62590
75939
10515
10616
40884
8654
8702
54085
8698
53903
73087
69823
9196
13787
57571
9923
12489
8983
41800
8834
10933
17046
75366
78120
63623
21702
9858
13807
9889
32801
9696
72209
75999
54379
68033
19462
56907
10364
13865
31879
31312
70980
12009
57325
60347
12065
12078
67805
8598
40991
8702
53752
9643
11228
68707
71039
76765
8557
38912
14604
78192
9285
32634
62541
70618
8647
8710
23126
8735
9870
15895
12891
16483
59134
56840
62487
65262
10864
50281
10189
11260
9884
14258
44286
10110
11601
58137
64754
69631
11280
11562
70408
9230
12096
55514
11659
41316
9158
65274
10061
72406
57758
76098
10509
10660
25733
9292
34869
8601
8895
24090
10392
8893
57414
10629
10665
34921
12814
14560
8554
8656
46698
60631
64581
67646
10165
12817
8548
13926
9166
24716
65861
58092
66855
53776
8595
8601
30308
9946
13410
12050
28008
31047
9571
14174
9381
9893
11641
10230
58002
9195
12557
65858
76268
34284
71067
71583
73646
12141
12775
9850
12304
51274
10387
24271
45844
52550
69088
71328
47986
29231
65170
30383
10271
11089
59934
45486
73790
20320
29764
66015
8580
12112
63488
9210
13787
8749
23572
69511
21251
45393
71313
9376
65231
65791
8772
10035
78718
8648
58270
64145
76708
9072
13396
8938
9104
24240
13283
72038
9220
10614
11247
64658
11034
32313
38097
11870
63064
10209
11504
9926
63470
55654
8814
17733
11094
11347
69206
71349
75560
66958
70396
67744
26037
8703
77368
70751
79178
46177
72297
74372
8721
61526
70719
10209
11473
17112
52164
59859
19046
70251
9088
10454
78340
9193
40354
8618
39775
23846
73152
41273
73744
78289
12940
60659
64486
8930
72115
75957
22467
64445
67698
11877
64876
10130
39255
8678
9465
25654
49452
8611
64919
8944
62225
41278
8688
12261
62709
10650
15032
20616
77153
78619
69659
41950
18733
9514
62528
66528
79432
8792
48131
9963
17487
20650
23814
41811
65531
68445
72118
31317
10192
11407
23582
9028
29684
78610
11371
16416
40979
8848
64105
68723
62031
10140
15655
20640
72295
73805
10637
10750
43190
9352
13411
64847
8753
8916
24636
9178
79418
8775
11521
13234
19071
60280
9011
54925
10110
11629
10144
20727
55791
61034
9496
47218
69266
71468
75528
8885
9001
12564
54090
70664
51551
8816
56271
10737
12473
53871
33374
9682
13237
8906
9066
25755
78157
77829
72523
13504
9940
11428
70553
60781
72575
56785
72370
77902
31946
66186
70656
77586
11015
57905
63058
11167
37733
11685
55122
79427
8794
48537
78416
8783
44344
10818
10840
31904
8762
44668
78608
23095
45114
10662
10773
26590
60550
66773
59275
62659
9181
13038
25055
59277
11055
14588
8981
9715
45829
9370
9496
14624
11251
63233
11209
12748
9128
62989
41694
65363
67124
9035
26752
11137
36645
49953
10841
9473
14513
9932
23093
9805
17620
62835
9399
13050
62316
12501
69105
61412
8760
77904
10588
11083
10294
15007
26607
10119
77944
10661
21192
8854
59163
68025
11274
77047
16029
8859
78231
8924
50907
68751
11783
75873
10318
19879
8736
28735
13181
38963
13124
59446
61993
10864
10996
10391
24247
68366
8881
10514
21981
46311
73593
58671
10193
29827
9540
11157
41096
10729
10771
36617
10962
11829
18848
65950
71260
71831
8745
35385
9518
12083
37183
8829
9009
24956
9111
63083
53043
10848
10872
36150
60395
61787
28848
8818
9753
48452
38497
8883
10228
11269
9359
64425
9057
72810
9730
10611
68669
71485
75756
39824
20067
63987
9007
9010
22749
71799
74940
9362
37168
9005
9924
17743
13460
70217
74159
10366
11237
45925
54527
9725
12880
29706
65251
9384
12451
9995
13919
9590
23993
8894
40612
55227
9025
25092
8807
10343
55292
11035
11952
51895
8797
17801
9511
21364
63731
15713
18858
9642
12061
60268
9041
23355
12788
15356
59358
10609
10844
53494
59324
77080
41811
64222
69357
8880
61306
39439
65243
9799
12183
37050
8865
11992
14472
9884
44838
8936
40242
44249
31104
16303
62000
65135
10337
12410
12768
15054
9345
9744
15898
10133
10942
29652
8817
11448
34591
9761
9854
14969
10540
15201
29543
25118
8887
51660
10591
25059
71702
9723
25884
38773
33843
69909
66369
67290
33557
72913
9680
15118
15124
16784
74206
9412
63300
64326
75512
10378
17433
9105
59798
10710
13775
8982
47306
70887
72959
76649
9823
10407
11708
41909
9308
30231
40952
11217
15547
65005
9453
37635
11233
51634
8836
57502
9737
11681
56342
66457
59107
64662
67664
70968
65639
37692
68398
20213
63187
66060
8847
35191
40288
44579
51158
25974
60376
9083
68086
69156
13877
60060
13633
14003
55322
35091
9184
47382
43691
66704
10624
15244
10249
15118
34831
67101
18382
8916
28814
68552
12013
29553
42860
9041
9371
23496
39748
8928
16547
75172
21805
68645
73484
21345
66238
73350
8899
10506
62427
9959
20965
30806
67546
67901
39122
8920
9902
60668
10295
17075
65792
66914
69039
74457
46873
74286
11021
15418
17889
62039
66029
67456
69744
8925
9060
30383
63436
9168
24267
39122
25835
64725
66061
22240
63372
68092
10359
18444
67508
38578
9067
10253
50711
14214
14405
21441
72474
69455
71902
9417
12456
13468
11835
11970
9242
10004
13573
30979
71041
11051
62090
15058
21196
9165
63130
10993
11222
51321
9864
66720
63092
68123
71781
9667
16482
11060
11108
36748
8925
53617
10728
12426
38136
9042
9502
15520
40765
34496
43439
65531
71708
60393
8910
11579
25716
8974
53810
68832
9391
20455
38937
11703
62972
13139
14096
10954
11102
31508
9002
13304
33951
24033
37082
8907
11593
62401
52190
11946
62123
38136
13816
18766
11608
52252
9822
64583
60640
9953
30811
71940
12488
44090
70790
10740
22417
74166
10183
13411
62829
9288
61041
67195
63638
68879
9191
16273
31902
37881
15366
18524
10106
22583
53866
33132
9183
66526
78588
11810
16888
71851
72323
10966
11083
43147
9317
10545
31453
78949
79241
37862
48623
24653
72114
79358
16986
21045
11850
19252
77281
9521
18773
25534
72739
18409
63936
9037
9908
21356
9776
13237
32355
69319
9010
9131
27137
9342
27209
16078
61777
66823
10043
13800
11720
17295
22940
63383
11478
32526
10286
14997
9017
59124
70231
11585
11856
9778
12873
9943
23153
10890
11079
24331
9506
11673
12043
9587
9713
14513
37862
11643
11949
9499
9820
48487
67171
68178
9009
23453
34663
10072
13720
20041
9282
65760
60876
9022
78205
16723
11648
29380
59882
68570
62506
73085
73013
73351
11891
13751
74407
9620
38740
72855
10287
15887
9054
50820
55576
37344
10309
65340
67108
9127
11928
25840
11134
15805
17346
74618
78159
9972
13352
24644
69747
74691
10393
11530
31482
31188
70951
9854
10136
14585
77768
78735
9374
10838
63620
9545
11589
30167
9093
55485
72189
58363
11175
12086
61430
32648
60210
19550
31390
51929
54295
12199
59850
77116
51686
53250
55232
9309
9690
64500
11042
11268
39840
13234
16614
37351
12447
65482
9433
17908
37344
44497
11091
11281
12390
9066
10242
23948
43577
77012
19228
63535
10679
18216
22454
9202
46554
38550
71200
9362
10810
11145
9340
50479
11126
22342
57835
72848
10900
11099
48687
9513
64044
65539
71604
72882
9332
32703
62974
9930
70557
12913
66059
64210
9081
12163
24935
16398
65479
53788
9402
16491
9155
9929
21902
13467
57899
60938
13172
58241
59924
77402
78442
16133
23481
61939
9089
54735
9131
9344
27625
11383
53796
64833
74576
11245
11260
36418
11653
13061
9205
44527
71306
10634
14229
74040
23478
69174
71866
78240
56247
63416
64419
48799
12567
51442
9092
65540
9204
9651
41489
37193
39152
54177
11291
12028
33951
48274
9086
9975
47199
63089
38542
72190
72217
9274
64858
11612
13306
9949
66920
73183
72601
11659
30764
9259
10503
19807
49221
62004
9344
9670
19188
67556
73610
59012
65322
68915
16915
63245
63937
9942
28385
12420
14326
64920
9108
48633
20510
72263
75944
9999
10155
15478
63603
11546
12345
35241
13268
9267
11836
26778
9394
33932
10641
13676
14136
20418
13106
9382
48975
10720
30953
9162
55545
60700
66197
10716
26090
76520
26375
73146
14136
61996
62856
10199
11171
13349
64390
9116
13223
62255
37193
9440
14054
18863
26079
11809
62844
37727
71578
51632
9301
13934
10020
64545
75420
9301
73395
74461
77646
9138
43652
43951
73976
74139
12737
55237
40242
9483
63743
11001
56748
50931
9595
58739
11525
19096
32930
10019
23322
38097
9160
11422
16265
10742
11085
14879
9220
37603
9827
11752
16149
9421
57725
9505
63744
10583
12157
14907
10300
57067
73798
68042
77428
9159
31298
9235
14123
16320
11857
22225
24658
10159
12272
76362
11357
11432
41019
12595
14395
63349
66701
69821
36774
23453
47548
9364
9395
47328
54118
77096
9568
10535
17986
11209
11323
42251
9715
17636
35583
14676
53508
10294
26382
39138
67011
38740
9834
11221
30221
25201
11096
15228
55811
64099
69618
9464
36776
12388
15445
16021
9662
11785
34129
9275
19970
26786
11717
19398
9423
11234
44207
9775
74655
77716
9176
10410
33133
9321
41152
63354
69771
10964
11006
18905
50409
62881
67733
11258
67584
58339
58057
10193
12994
9668
10236
10516
9558
45628
9194
36656
36774
11676
12248
11473
11504
43646
9415
42211
43336
21623
44486
23745
64931
65261
10317
17075
63947
9200
11194
48257
10836
25914
16744
61048
64586
9547
38489
9353
37438
9794
22421
9266
39289
10031
18771
10008
12001
51758
9328
68899
73281
11235
41200
78604
44595
14666
60222
9983
13773
10804
11652
12184
10299
11144
11923
9616
9666
39696
21252
78266
14274
23030
9345
9355
23484
43059
10587
19080
76968
9810
11666
9611
11033
24318
12296
74727
77879
14558
60993
63992
29001
63995
9453
10884
55695
36342
11248
12214
49438
10982
11362
11401
11666
41411
9474
23006
9596
20249
75511
46141
76855
70450
9308
11774
13475
11850
24716
10390
13856
11908
62632
11294
11344
42094
10289
11202
10444
10810
11295
72185
10993
12911
11469
14160
67955
70918
10694
11849
13235
9327
68175
26556
54486
64898
9350
17889
65309
36342
10460
14656
18415
9371
9440
32348
12866
9632
10420
21755
9952
13739
20446
21498
62192
65552
24650
56044
71062
74996
12316
62664
13637
17111
60207
11822
16571
33916
70795
11581
52340
61437
11611
16908
25614
72145
75851
9335
11163
14361
9377
10887
13578
10017
21552
65367
9883
11100
43137
25022
26480
46905
51147
33932
11193
13781
9612
26335
67028
35794
9331
12175
63962
27438
9398
13585
61752
9353
10137
37531
65068
10678
14945
29583
9744
10761
17795
67545
70213
72727
53677
71245
75036
26245
65973
30241
14103
59099
60466
9758
72656
72816
77715
9519
11104
16454
9858
10621
45759
35777
71521
10984
16905
68087
9403
35654
68547
9525
55309
64548
57742
66098
69778
10590
12669
16690
72005
42994
10022
30201
9436
9770
68014
9835
21287
25823
10892
24343
34223
9536
15981
75612
9391
9753
45824
10881
10109
12521
29955
9545
9920
30910
68860
20626
41048
9761
11961
20331
10018
10835
47553
16978
62407
67048
35777
11429
20102
30589
62393
69017
73272
10700
14503
14997
55940
59879
14795
55766
10842
11396
55975
9923
44973
63555
9638
57607
9415
11972
12310
9409
9875
39504
9397
10983
18515
11296
19577
9661
27509
11460
11712
54401
12179
18281
72434
49695
22948
15935
74443
17573
79102
25072
40911
67768
10518
11014
77376
65522
60591
9689
68550
58060
9921
12684
31521
62646
66116
69272
19550
30377
69758
55331
10172
38300
49207
21594
10010
18225
34686
35122
9735
9836
16340
13633
64492
9485
12246
58976
13313
15610
54125
9581
41276
67265
68812
13563
9512
9633
51374
11308
67066
12033
60624
9875
12720
15164
11163
12679
73690
11208
12161
24252
54557
75428
78406
20057
45233
18906
26423
12103
22617
15446
65425
66025
35122
35289
50114
63887
66165
19928
71388
9782
20903
9721
10173
11848
62518
10083
45268
70371
72076
76074
11427
38043
67217
9887
25030
67328
9406
10743
20186
9690
23291
78295
9617
13030
29581
43415
51529
71444
75782
9527
12298
29831
67974
69188
73478
78638
9448
16423
62471
46530
51574
65839
11723
61401
62876
64124
10181
12252
52094
9522
64219
11213
19782
76576
76630
9886
65271
67748
11030
11074
21479
27038
54486
9906
9970
77685
37955
9648
32107
11484
11955
20409
9564
9698
23176
51746
64921
11555
54022
9441
34778
10936
43954
54954
61915
15652
23075
61460
11021
15897
24626
50292
34118
9849
10251
24653
10031
11106
15644
9604
11010
19019
9630
10741
40838
65168
67932
71134
34252
12839
63177
10847
68045
71009
67227
69012
75380
75923
64723
59279
44992
11601
11629
31629
9681
63944
41400
31859
73825
43500
64468
15252
42180
11248
11534
23492
13169
66058
10271
61222
9706
38132
64603
34252
78855
9547
10041
41277
10023
13843
10942
25404
68525
70395
73930
32052
9610
40845
41451
67425
12253
12808
10525
14814
23291
68779
71221
77257
78218
74412
66203
78400
12448
24810
30446
10104
61799
73866
75986
9757
20764
10780
12889
13199
24538
9740
74127
9597
10174
54139
73671
38106
34243
20320
12532
9757
10910
24218
10233
15709
64225
10218
18335
10077
65505
9726
60002
10435
17136
17484
52599
9511
12139
11225
12092
10404
14868
9592
15351
9704
67870
10811
9653
54818
60370
65725
44050
68834
10108
12926
20340
9557
51178
18600
61995
57130
67077
57977
65562
9714
26314
64523
33445
69882
73573
77680
71909
78511
11755
52780
66822
12433
52625
13959
34223
14971
54037
9921
10170
31501
66796
12576
39396
39653
73475
77729
10772
62251
12803
14937
67558
69777
69347
10362
12711
23402
24883
9570
10000
26500
10005
28977
65266
55951
71218
75093
58256
46398
10870
18674
65402
12479
65688
9624
12900
35531
73369
9881
26052
69032
72870
69033
72234
69034
69035
72521
51647
65088
15244
9802
10307
63585
11455
12090
19774
9683
30840
65722
9770
28814
34534
47955
50269
60792
64922
9818
14390
44456
11744
11812
32588
12273
46481
9625
13488
10561
12410
15249
28127
65751
46082
11315
11699
48882
10408
12548
26169
30201
71960
63740
65372
10682
11446
42521
73676
77597
56288
62488
69432
11010
15837
22418
20131
70231
13246
25010
58889
11651
11793
50942
31472
10250
46788
63216
66671
74946
10011
77956
10062
12402
40611
56504
9797
25271
9798
10049
22265
28458
9781
79093
10302
22887
9782
26142
68927
44139
10413
51509
9734
10979
54182
10417
19161
10740
13230
14562
65585
23162
10187
11479
78029
21290
64364
9916
30256
11951
12955
10117
10363
59007
14562
19152
9901
65952
66090
12388
14910
10034
19301
22454
10019
29652
58836
65018
67485
11814
11910
42895
67588
68032
13578
56955
10117
10732
11219
9938
69180
75251
10035
11476
78696
10637
10932
14594
9713
55722
73942
9729
32461
41741
10919
11488
54081
11940
51081
55594
9670
9882
34074
9768
10916
59138
10594
21767
10753
11623
75997
67828
9722
14302
61580
60970
67414
32214
10167
15049
16529
79078
9973
12324
19413
11668
12340
55048
13178
46789
57441
9657
11675
42425
24150
65768
11651
12861
9797
49957
9656
34200
70611
75415
11655
26052
9978
22240
66398
9767
11828
32105
10574
25603
12177
14824
11327
13253
11025
13127
15006
10636
23523
76720
10278
10537
12642
10390
14355
64153
25862
13457
13983
37222
48412
26676
32991
71549
73542
39439
11840
11965
43553
11774
15784
17388
9970
77655
10144
16463
32468
9699
11188
12502
11257
11919
16107
62750
64521
44050
69400
72354
12755
52013
61471
75760
10527
16374
62317
11740
11800
29935
13993
15732
15905
16954
9747
12609
21995
10745
42759
10165
14587
29290
30505
61085
71310
77001
74760
77693
10437
13374
73164
10388
50298
10678
33673
11296
12381
16316
61268
68574
76509
79257
10895
65956
34795
67699
70940
73444
78027
10195
31270
11755
27475
65422
70203
67637
67636
11995
18394
72600
49828
10281
27036
22395
10078
23329
55573
13913
27779
10984
11898
50241
36180
13978
42551
55634
9732
15783
12733
62208
64921
28971
10371
62701
9849
61134
10232
53383
67170
57230
9969
27843
10107
11335
16335
55311
60750
69425
25573
10155
67633
11285
12700
15612
10516
42195
60818
24788
67425
74138
12741
14781
10257
13481
16162
10916
55004
64800
52417
74389
24009
42056
78885
13362
53011
10684
13577
43234
10084
10126
23804
9766
34970
67136
10342
14138
15702
70498
73252
76475
57499
10447
11534
12214
18904
70260
10187
11345
45509
65358
70077
9934
10607
43107
9917
62280
57682
10583
18142
29005
34534
71500
72619
66367
27624
58856
10081
11654
15304
10158
11475
34465
72643
73938
33128
68139
74896
44284
18205
66675
22880
62757
65189
68684
69613
10070
50776
71837
10677
11215
15506
12183
34516
10121
49718
76383
78077
9810
36138
63496
71173
19594
62125
10801
62746
21668
68983
11159
11626
63781
10568
11009
50439
10406
19857
9881
11200
38683
34831
53860
11384
14168
11941
12526
65733
68891
11730
12985
64273
11238
13291
50991
49120
54436
69180
71280
75433
42743
69704
11635
28984
40657
10026
65229
64378
72496
64177
64377
72366
10461
10814
20691
64991
66291
11746
16681
57315
64885
68533
18159
61897
12386
46589
54886
19098
34986
64810
29001
66440
56714
9913
16631
56021
73125
74508
10339
12995
63578
65127
34411
11911
42994
10684
14442
59088
11522
15196
77447
10877
12247
12468
13690
14636
73587
10549
11496
54268
49266
11055
11896
14798
71790
64837
70793
9861
57742
67732
10065
10306
22021
17040
78854
61981
10447
50259
42529
75449
77428
11222
12911
59063
10126
12811
25217
12198
72806
10196
15394
75749
12856
73941
74724
41316
15070
35168
9895
25961
58341
10310
11376
37473
12039
22811
10385
65930
10041
10305
33373
10921
12802
24735
15869
60032
64259
9928
26813
49122
10963
60084
11998
12065
32790
28971
12937
30845
48124
74932
56334
64197
73487
10786
13212
13795
60968
10136
10663
19305
26050
27624
62891
62480
9994
47419
31631
64661
11759
35776
58221
41961
62522
66750
12828
14638
15291
12109
13197
63709
11158
15303
30200
66265
17019
11358
12281
78020
47076
66817
10655
10659
15263
68820
70152
10138
44581
74587
12621
15301
47102
10279
24804
66391
60534
67872
69941
62963
9996
18967
33307
59405
78370
11625
47569
10095
57778
10994
13422
14337
10567
10967
15331
10849
10638
12565
52947
14201
18759
10293
14514
47875
10057
11599
15633
10202
48797
60104
10602
11088
16851
9967
16109
48751
11186
43702
59070
33076
68413
39244
10101
59948
12750
13747
12446
53949
45727
10321
53404
10002
11872
61447
10900
51814
14137
18401
55489
10902
24841
14695
64675
11766
24528
65614
10009
34639
49001
70440
10048
11803
27498
22825
70831
12087
30354
45440
11042
14833
10381
14128
16862
12642
20488
10433
12109
13376
12068
12170
31542
56174
11044
18364
66939
10940
11307
60849
78785
64802
11449
11804
59891
11035
20569
10791
27280
10071
23787
60077
10417
12972
14509
23979
10166
59582
10043
11525
37520
13622
62958
65798
66877
10088
18402
28785
19358
10221
10240
66251
10178
27612
18323
78326
10683
47922
52012
10092
49485
57716
16946
62278
56203
62602
10365
10412
22329
51533
55248
11082
13896
53275
10539
52606
42232
68515
43599
12368
42528
28735
11722
50606
14702
67346
11452
12740
22129
30183
12865
59114
12191
13315
72967
14795
11536
25432
56472
10453
16407
18598
12225
13011
16619
63325
10554
21475
15086
20576
69002
63312
11674
58637
71246
12763
13509
10129
41088
10496
11830
39503
13526
61988
10677
10950
49615
51702
11520
14933
10427
11121
20553
32992
65124
10082
36897
46614
13092
13130
60907
74167
17316
69669
10894
60354
78486
10200
10670
10173
24595
10049
10489
22219
61684
67562
11916
21373
66221
11940
21836
11192
63454
10464
58734
10079
36433
10186
44702
65497
10691
15964
23086
10311
23895
54871
77688
79157
10214
22647
63970
13442
10398
10811
29818
75762
10522
29262
60046
10886
11967
18686
65142
67304
70225
11032
18635
35452
19013
10112
12119
25461
57088
48131
14093
18180
44090
55656
10808
13546
15432
65174
65709
50118
10202
11615
19554
10225
16197
60352
70915
70518
77089
11813
14817
75842
12166
12471
20825
10115
78944
11770
28751
10750
14594
10073
20412
42505
10116
11893
22192
75168
13399
56008
15137
21251
10987
52870
49688
56814
20847
13491
14032
67138
69693
71701
12622
23073
34014
10766
79084
10143
70561
62581
62814
10314
29549
10242
11198
31835
44666
12480
18613
53170
69439
43194
12121
18928
37318
10602
35534
10764
52875
59142
13529
18389
11924
17971
12075
12218
28046
10089
15462
53554
52473
11303
22262
11665
12073
48860
10107
11066
12118
14665
25904
11399
11941
12641
11033
21969
10842
52594
66383
71199
75175
11603
21095
26758
10950
11870
55094
67751
11124
11380
27189
11832
17369
10170
11071
40920
14720
72463
11332
55304
59027
68443
11650
20976
11557
59855
76592
62568
72737
33927
29977
47579
78423
13443
33319
44684
69385
31206
68810
12302
12461
40024
11301
73317
10229
68844
71518
31620
10566
61247
20022
15462
27645
21082
63578
54220
10747
10796
11569
10546
13252
32040
10763
22632
10290
43836
10806
13820
66026
12758
15573
11501
11769
19485
64358
66748
69409
52962
58351
75516
78070
15855
68558
12771
66027
10675
20651
10639
12136
12284
29149
60188
11098
14976
18265
29505
44648
19724
77206
78620
10159
10276
16846
69364
74076
15855
78369
57404
77981
53353
74028
67665
15224
10325
66800
68497
76346
78241
12025
14074
12266
13261
67469
11371
23532
10498
12004
26084
11069
17747
78950
79264
37397
10827
14695
13413
54825
10852
44762
57641
11415
17589
74261
33546
67021
11875
14119
25563
54166
57313
10947
11652
19083
10425
10706
15731
73987
74099
10446
48422
46124
12362
14776
16989
12747
58325
19613
10256
17261
11719
11758
30136
10759
70660
73169
27088
73197
10929
12387
27032
36735
11345
11479
12662
11242
12940
59658
10246
59634
40925
72063
73818
10837
26520
12172
12673
10306
13448
25833
72740
16011
67062
71695
75884
47889
14794
23222
12160
12685
21306
10252
14940
15132
11632
16218
62965
41149
63527
67382
11664
59604
68845
34157
19178
65624
79358
16504
11537
44284
10254
35858
30417
12647
24813
65237
24768
67565
12346
15311
21960
62127
62778
48836
62603
65453
42206
12282
12465
44213
15493
20314
78444
10368
40988
12129
63060
11150
11715
25656
67078
70820
76742
60647
65123
20239
71095
70743
10363
12278
19418
11488
14075
66664
12228
15680
63852
11156
17232
37995
11681
11777
11300
14421
52223
37682
66488
11982
18220
24572
12967
41677
67283
72018
56150
56247
62291
68276
12372
12545
44587
68420
10912
19499
41967
71740
20854
27892
10513
31835
58951
52882
11793
12861
10546
31008
28229
20274
13746
59032
11279
11968
40936
32708
20458
44566
10524
10906
17465
13333
15098
17352
11372
28512
22083
29977
10711
33094
10458
11068
16500
10881
35550
59238
13149
13260
30881
48432
27990
12107
12899
19371
32760
71572
74069
77845
65689
71453
15905
33266
65489
15369
13459
14079
68800
77842
11271
17921
10594
15989
21408
10569
19945
77124
68170
71126
77043
10657
10860
18030
16186
21661
11142
18329
12523
66262
10604
11595
10813
22799
64858
60786
67652
16257
17399
64572
63900
16162
18798
22990
12421
12459
39430
69610
71503
11541
60894
11945
78177
10729
63871
11754
43803
33943
65401
23513
68602
10485
52603
47470
68306
11978
12259
39898
10377
67374
10471
47173
16952
50023
11305
11583
16258
10341
13606
14241
10397
43279
11517
13552
14829
30840
59130
11496
31455
10322
13065
34216
11355
15908
18359
11062
20517
11050
22801
17218
26009
66042
11494
13570
17652
66204
68567
12525
18965
21049
10932
21107
10526
11644
16167
69802
72302
77135
17258
61485
61933
22131
60496
63639
64852
76283
11615
19800
78476
10675
17270
22861
44579
15048
62182
65965
11298
60972
10363
10732
66172
56760
67345
12472
38758
59844
12137
12360
32101
41748
31647
61954
65757
53415
68352
75922
11508
11596
15211
12660
12999
11821
15604
38880
18798
27116
12351
12511
29840
11536
12741
31956
11482
15833
37935
11623
12738
59017
11295
17508
19012
18996
69779
71848
10896
61057
14043
59872
22150
30417
60790
10673
65463
11495
19735
11268
14833
61930
65281
74898
51777
10389
10589
28518
33536
12367
12697
12320
13948
42678
10506
12853
31701
38332
52189
66748
10889
15182
56062
11487
13053
18172
63848
64311
10404
11354
15013
65748
67874
71531
65114
11995
16159
20984
35560
67612
69807
66655
29274
12814
26200
12581
13525
16616
43704
31498
70789
12366
13786
66126
69235
11202
51702
11580
12466
13832
10971
10992
18386
10534
39699
21364
74664
11213
12315
32960
11254
11482
28067
10519
68082
70777
10814
13135
29378
10510
11573
31104
12889
10567
11720
28088
10438
52885
10432
30031
10672
19309
11326
14638
30140
46437
11199
48951
45481
34956
36361
13283
59386
73003
27830
13458
22318
27746
43985
11119
38127
12448
25180
10507
48617
70545
19158
11036
50081
11096
11930
19014
10439
40211
22421
65768
10474
37958
13304
15603
16618
52436
71459
16147
11188
24509
15128
44184
62524
77970
10528
62770
64490
10619
55838
11139
40416
10749
20196
30912
10534
10931
30051
11063
14704
28533
65445
10730
13538
70710
10956
27913
34804
10707
13499
44275
11807
19621
50439
13342
23860
12588
12664
32715
75315
10754
11112
11500
57343
73786
11776
15903
48004
10915
56599
12301
19508
22020
10557
13009
60512
65301
63752
65619
68432
10625
10877
26682
10480
62178
48792
11063
11085
23591
72052
17321
67241
73210
64277
67880
68908
11297
12229
45008
17813
62941
10551
11400
21201
43497
14089
32309
11186
15225
42823
12167
46473
75488
77993
14023
42615
47632
59225
39469
60636
72107
76828
10989
12519
31560
11341
11382
19926
11854
32422
10664
43680
75646
64411
66074
69424
10977
43080
11206
49245
11157
32761
10503
12138
18936
11924
14294
15382
13518
46324
47567
49590
11250
29841
12526
12641
41973
12465
67386
11243
17839
10938
13931
41862
10668
10761
37297
50193
67187
43644
17559
68078
10614
13122
30029
65744
54730
58739
14783
30265
62379
62078
65056
75989
67383
70764
76655
11484
59615
63677
11237
32225
26229
13143
13203
73076
12347
63067
68125
70801
78038
12066
12345
77999
11444
21133
11016
17345
30291
10845
55072
10785
55049
58319
10641
64685
13021
59735
13900
29343
11505
65267
70084
10667
19952
23196
64396
71128
74781
10541
55356
41046
22541
62771
66954
12357
16332
12635
12768
13780
10986
62950
54701
64642
11971
17479
69162
10948
61692
11100
11668
13141
11147
19053
56131
34716
10598
10757
27924
13740
17306
67673
71561
75153
34708
52642
10746
25902
52199
10782
55692
10623
45293
15125
65643
37748
18132
10995
11591
18779
11936
13599
51940
36252
45628
14249
11957
12560
21253
24267
24788
10609
34847
45087
53905
42122
21510
64778
10843
16901
17687
52484
64855
16967
35130
64271
10797
43031
62559
10581
11726
15769
57516
15006
62533
11380
29973
47861
10653
10737
40766
67273
10735
13815
37826
10691
10908
14084
15376
56738
12598
14748
15991
27699
10938
11418
39707
11441
30759
61311
10658
16253
38173
62149
72651
46358
10608
41074
14380
14726
12682
14734
11495
11883
22608
12004
12767
34236
59935
63731
11022
50013
74754
11097
15622
14345
41868
10775
24941
78392
10626
31465
54439
17196
11289
14615
10856
15016
17663
57837
18049
55648
34578
51393
10788
32585
58410
10669
11710
43564
14785
59793
72195
10668
11608
38365
47422
55977
75900
78484
10742
30523
64831
66183
70124
12210
12592
21662
13886
74979
18628
54892
64513
14162
24459
10799
15287
52476
11028
24699
55733
10830
54794
11761
19041
11466
28801
41755
59968
36361
10972
12969
40927
13978
43700
11468
15265
37752
11630
55378
11977
14031
20458
66488
57661
49047
10651
12486
15359
65545
45984
62140
11707
14643
21630
20485
35462
57322
13607
66789
11382
13537
16222
10776
10971
32938
11449
14169
21701
10753
59796
74632
10718
17583
71908
11076
20624
60563
11059
31186
12968
24367
34006
55639
64665
10738
12323
18069
10898
52989
11845
17584
10830
52097
11785
30432
64152
29055
68314
77710
13504
55319
37040
11003
16564
55707
25554
55652
51500
11564
25474
71925
11020
76385
11327
25594
12368
64601
10749
11355
32167
51759
13269
30356
47005
59536
63261
60650
63793
70360
73508
10744
10956
42174
10816
18435
11879
55080
39294
11415
14404
16084
12352
17499
18806
24492
11133
15202
61006
10763
11742
27308
11567
17507
12950
10856
13737
16692
68232
11452
36302
12206
12385
17881
68582
12495
70904
69320
76307
76784
51832
12190
13308
75642
65247
65248
65246
65249
13743
15674
12039
51839
11523
19652
37642
66797
67990
73585
13289
13689
14713
15600
14480
53353
60727
72925
72749
11983
14600
15852
11475
26390
10757
11584
30900
11283
11339
19986
11715
25568
10730
58125
65057
24848
61262
65362
11206
12276
19653
11991
13115
17981
12765
13140
18946
71613
10865
12711
51538
10961
21886
26004
17508
11669
27875
30124
20954
28237
59975
63755
12108
26323
26509
10858
38224
10920
12071
19011
15622
23772
66352
77666
46201
55463
54536
12531
11038
32280
59954
11095
53142
11347
17703
12890
39315
61754
42168
28125
10853
51184
63204
71977
75849
12575
16485
12145
14373
72052
12884
13024
35273
42318
13184
24095
27656
68029
13591
25511
64875
46291
12304
34804
49601
11856
42696
10803
12706
16205
11410
52834
11501
41412
78066
12075
16705
12863
12942
32452
16253
31679
14104
12273
28923
73247
77905
37528
10898
55866
12988
66991
76166
10815
11305
54145
24635
14253
14548
16564
62659
66239
73915
76281
11509
15171
12401
13031
49514
10829
42888
14514
15373
10857
38071
13435
62833
10934
12306
44940
65688
11244
62340
12499
19171
35391
11094
26284
19093
20715
11183
13107
16440
13370
14465
14030
24186
24542
11332
64928
10820
12343
52098
57961
11349
58831
13178
44849
66769
13637
57859
61681
64471
14194
23268
41739
64199
11547
71090
13335
14282
60469
11136
57131
12002
33863
16921
72106
43260
11092
14647
15608
12182
18673
72904
72915
65267
66884
72013
67898
10927
15426
15439
67563
76813
74134
74079
10939
38358
56488
18782
64347
64582
78106
12246
12755
54397
52707
65361
11340
24465
10907
46733
11235
16742
10859
14750
49576
35241
74603
54503
11863
45935
12588
14293
10860
59103
12339
19566
59403
67025
72045
37040
74892
10948
13969
32253
13151
49903
61896
62558
67876
49513
11617
14759
62909
11340
11897
21868
13573
66143
12816
35869
11820
20444
55063
13387
13457
31354
37222
67765
74115
12953
69838
18893
11272
27922
11384
17006
24407
11318
14506
26076
11407
12196
45373
12059
16326
30351
12577
65045
11229
25561
68331
37840
11376
11714
41552
64990
72719
78963
11816
76151
10905
23069
50024
51802
11143
68116
76483
11072
15512
16058
11879
12783
24836
40801
11568
65473
12087
29052
32886
67292
53564
66845
10919
14075
12238
59541
11389
13610
50518
12766
17708
29239
11005
11745
14456
65760
69030
70665
11500
20179
64887
61816
72462
11937
56994
12132
12620
30985
28771
12964
30828
11413
28792
11139
11737
46846
73890
79140
14674
17797
10915
56761
12105
21724
60253
71726
11939
13724
16345
62583
10939
11917
30369
11330
40410
12019
17977
11434
13117
13225
60748
58082
13705
68621
15017
16302
30768
13836
14915
19607
62885
13741
10931
11823
28542
13610
22969
64496
13708
22467
62672
14062
14690
57631
51716
65433
11752
12073
24206
15493
15995
13730
18551
22313
44620
51675
68229
12156
25542
16142
16977
11849
34657
13085
13330
43001
56802
41959
11606
78902
14523
26511
43150
11101
12572
69846
12518
16607
37687
14551
21022
49746
14718
64170
65150
13608
65577
52294
12332
14299
17352
63293
15544
23912
78160
13158
68913
74466
30505
12082
17043
25395
31148
11053
11543
28508
12177
12659
16569
11224
11750
22072
70864
11901
17967
11402
11922
54729
18181
56416
33100
56743
65175
11065
21393
45087
12762
50248
59342
13428
50459
51776
13174
13477
54182
65918
73441
11832
16656
18013
11417
35504
46744
11587
43631
14105
72998
77634
73095
11160
11176
53764
11909
17851
19827
11298
60718
12085
52925
21433
11989
14567
43136
67776
17801
12694
14224
11019
15356
12910
24012
43514
13112
13658
49477
11164
48946
46473
11241
61600
12208
13713
31620
20422
60262
12581
12897
13988
11329
11909
21247
59130
61969
68201
18830
63278
11137
56340
13035
74352
11081
38389
11189
40554
11266
72691
12140
13073
43337
15553
65146
62957
12272
13780
39212
22592
38584
52900
11549
11736
20194
60355
67878
12371
16337
64587
70815
76375
11613
45610
46394
62790
78639
79254
63747
13599
15916
11700
15039
63927
13002
14077
19838
36269
11136
51648
74633
12601
14916
76762
11502
44029
11902
14213
14264
11246
36598
12187
67881
12714
19501
77275
65020
60845
12314
54229
11052
13915
15533
13384
17339
57216
65095
65291
24185
61501
61935
11077
11092
42388
28125
13000
13808
32530
68472
63426
69828
73301
65884
67984
11114
31194
67695
12194
13314
46171
12008
41956
69739
12357
16691
33507
47258
12758
12983
41419
51319
14725
16096
13608
63625
67859
13945
15460
22794
14055
14475
37840
11270
11786
25376
11395
24783
58813
11162
11706
27834
14789
59774
60597
71083
58141
64620
14687
16622
22968
12461
60672
51487
59546
26746
57556
61903
12009
61774
11653
12630
60585
14499
56759
74388
78236
69982
71687
26752
47549
63069
67436
44294
11425
17935
32807
62342
60542
11303
12754
18837
12245
20475
27581
13309
16612
14523
49335
11140
52765
64537
16091
18423
26926
74666
75812
28181
11598
59014
23416
55862
20778
62117
13065
22353
17779
15756
72242
36357
11132
54300
58396
12841
18349
70351
71365
75792
11768
15437
60019
61332
39317
16288
57150
61493
13556
19445
57433
24360
68722
72006
68901
72439
15646
66175
11756
64411
69639
11750
12524
20372
64994
11875
14599
11319
12374
30282
12664
14293
11919
13701
46527
11368
47505
58937
11642
49816
11972
14934
20189
11486
32228
65131
71225
12472
13534
14040
13197
13376
36958
67153
69626
11255
15766
42686
43268
17284
74623
60083
64128
11553
61465
66005
57617
62989
11307
12582
77907
49650
12386
59213
11979
13269
63362
11328
28098
12165
30776
62065
12631
13538
12608
16854
77491
17823
31466
13191
13334
30049
13007
19479
28552
12026
27688
12176
14041
17709
15381
74279
12074
18095
58275
12082
25386
14298
18806
12677
22886
58410
61828
61917
59778
73468
11171
11292
11424
11596
26882
11271
20399
57448
11283
51427
11771
68523
69070
13043
14501
55804
15633
26010
16810
19228
11743
12134
68251
11312
15016
23225
13641
12070
16816
58344
11552
56897
68161
35844
61684
15434
29404
13318
16120
14504
73496
11229
14114
25898
60541
67692
72948
66734
11333
11996
26070
68112
69213
56982
76871
11387
11424
29054
11718
12921
24136
40030
11808
12823
18554
32794
13737
56748
65648
66497
14232
62834
12061
18052
11333
45593
48583
62214
13135
14754
16448
13184
16061
20958
68054
70517
54763
14260
15473
60983
12707
19841
12941
11309
22618
11223
12689
35789
56715
16323
11844
41758
32807
16275
34395
44022
11524
53933
66013
32428
50616
17223
67955
77984
65572
66373
69373
73021
21395
65118
12147
14769
56633
15884
23909
12202
12772
21709
11840
21046
44767
13052
19694
55971
61340
12213
14311
12100
13047
12485
13723
22283
26676
46501
12441
12822
15786
12415
15514
20465
11365
12038
15353
64303
59692
11583
12385
36536
54536
11690
42674
11445
12695
15281
13254
13433
29097
12686
56495
63225
12503
18762
11625
36138
14252
18373
11262
42870
24343
12551
13776
14856
14878
11828
62440
18293
68457
12168
13360
52530
11939
23285
11394
41210
15310
54942
62370
66994
17112
32696
35732
11461
53951
11463
30029
12732
45258
75453
72672
74570
23667
66703
11485
22254
42730
32225
18209
46494
78420
45493
12743
45902
11725
12525
28736
11479
13659
12160
16726
17349
14468
61602
72823
11754
21118
48659
15999
18131
62973
13695
19659
63969
68033
60805
77436
11409
12014
48172
49553
11763
24536
68919
47942
11892
16570
11443
14488
56284
15313
50641
78483
14446
14662
12048
13056
55525
11425
39271
20982
12308
13851
56433
33795
67759
53478
64169
15869
61329
11808
43419
73651
11843
12751
41187
54641
12674
13010
55247
56846
71499
73521
12242
11890
69431
20952
11612
13690
59183
11339
11549
43878
54967
63814
23138
33308
58878
25033
26038
13014
21664
62426
13604
15371
36924
53745
11489
42545
74090
74259
76301
11527
12879
64850
19532
67706
32780
11418
13813
39981
70373
70916
76883
61570
30432
13572
17629
44148
54663
11846
44000
62716
22140
12133
12331
16088
60597
73428
11486
12320
38707
12200
12763
28196
20144
21874
74650
48764
53924
11453
75533
20637
68913
70943
74544
35606
73713
12280
14349
14725
51078
11922
14534
54227
12196
61494
15106
26207
13886
14274
25331
11413
12150
26356
19708
40402
12217
14838
60684
67146
70774
74255
39429
12400
13596
18655
58869
59902
13975
21944
12211
14455
73691
26165
36830
13233
13368
17545
14069
19353
22671
66132
19136
19383
40528
11467
17345
56373
13763
61524
11558
14002
48278
73262
76006
20965
12314
15731
12482
13667
63322
11471
12623
40062
13300
13611
26471
40333
12054
55697
61584
53353
68557
65649
70651
74189
30329
68625
47744
68502
70455
36344
25587
64796
72793
78829
22085
31091
12959
14449
15623
12127
11524
12219
65759
70028
72232
17020
59882
67755
11654
17433
12239
36594
11966
27822
12765
46624
11786
28027
75661
15657
36807
60340
20458
55599
11705
52673
12143
44588
77320
20694
67190
12142
21559
76699
14337
58826
73406
12158
25005
70122
58201
12796
15687
78454
12444
16645
64589
79131
66065
69498
72841
13248
17298
48111
47567
53799
11767
12053
26472
13714
16698
36419
11543
13012
33429
12267
16137
27619
70570
71463
75906
13046
18206
11792
14785
46989
52257
74931
77895
12144
65727
52699
61745
65108
11746
13515
39171
11588
58471
66406
39684
12677
13765
26917
12956
62560
11649
24632
69215
12820
14314
46615
12722
23763
32999
68294
75212
20909
11528
49238
14281
23170
11932
31301
15262
12068
48044
11463
11733
31476
12090
43096
43769
69381
72236
16986
30953
34657
13537
77708
70429
11762
39476
17271
21944
62284
23931
12349
14865
59315
12025
13847
25479
49590
15706
50147
11718
38519
75098
43244
12006
38773
68346
70571
56418
60696
64728
20723
59738
11510
40979
68284
12635
39212
11702
13802
73537
42644
13674
13962
46448
73192
59393
12077
12695
54510
11648
11605
13466
38279
11609
12709
21262
61151
11642
13398
17309
35188
12024
22838
39869
57606
67819
22023
11576
44274
66185
74089
13453
22832
35923
12955
13272
15491
12053
12825
21063
19035
56695
34031
56240
13781
22140
23405
19332
78688
78732
31717
65874
78699
21304
13229
22896
62971
74200
41856
51346
64497
67693
70874
11938
12274
21337
13407
28589
15748
15823
21271
42920
11736
11938
31118
12012
45034
65569
13507
24071
71866
11963
13102
40421
11738
13443
50392
16409
31917
55893
12935
13939
13077
15951
76399
25961
46056
63786
11709
57518
13733
19142
58942
78925
65236
11951
13272
20065
12735
12738
47537
15376
15762
67894
71334
72301
76734
14041
22195
51733
12438
14036
14407
24364
12611
13735
35407
63032
51509
11593
16303
62245
11988
13033
24593
15757
62607
11570
64074
14309
17525
49285
51046
12331
21066
74798
11768
12603
14470
14591
35232
11673
66259
22247
65395
76115
48781
11971
14322
17071
12268
78706
13383
16644
66048
70198
41438
16654
72054
12516
14212
15132
58354
65334
13609
14363
12556
54451
61566
12467
16645
18970
65137
69332
74509
17420
72171
13080
18912
76374
13391
16366
11883
19735
68441
75526
56757
79078
78091
14463
15060
59918
13810
23208
42540
12118
19418
58354
59473
67474
12541
14065
35604
12180
32573
13874
14106
43838
16078
61822
12433
31489
12902
17063
67777
13592
14122
24814
56805
12094
26144
12292
59483
36203
12123
51729
13030
56492
13577
14442
12906
14232
13365
19502
13473
13756
26626
62348
11777
23734
43449
64852
47212
11689
13486
43431
13337
55190
13116
18484
76695
77285
35732
33650
50616
61703
62981
63734
31616
66552
11886
40095
18308
54927
65952
74643
51553
13062
52560
11931
13241
55132
13115
37730
64164
17513
38559
13884
14092
42245
62134
13357
21048
28623
52152
71119
19613
64701
11693
12536
14481
14132
14586
14747
71534
74424
11695
15141
35301
65925
12546
14353
21152
57596
61006
12408
15906
31107
11796
22236
40951
32140
13924
18012
12629
14185
46855
17079
19921
14054
33595
60754
14142
17045
77157
11748
51666
54788
12027
21156
23004
11711
13041
23071
14024
14605
16285
11871
12186
21366
44160
44492
17518
55649
12353
20751
11762
12689
18491
12127
20086
11992
24061
54525
41729
14073
16553
44767
62744
34795
16621
14030
21113
13403
15627
47408
72315
12797
14186
17355
12779
65379
76916
11725
12015
15561
71514
72551
77372
18537
58092
13774
41991
13127
30173
63062
66010
12813
38400
13867
30997
75360
68985
70694
13603
14008
41239
51916
14743
34875
21174
13096
16972
13719
36793
57889
12329
19657
59993
13069
18482
61315
13224
67430
76542
33883
11745
12867
16402
11872
15702
31834
12707
14156
15019
66904
12901
14100
30701
66434
69732
73445
12831
18678
32062
13405
34056
11696
42974
13626
14181
24821
43892
57702
52339
68448
12003
15774
26282
14728
52971
13202
29616
11935
13152
18976
12834
72167
31319
39532
63474
65822
11984
13145
23841
13566
22028
12261
62395
12020
17435
78748
12528
21218
12753
48726
59326
30075
13075
45684
32149
55859
49907
71591
45344
13132
13971
14799
11952
20569
26463
13847
14074
14292
15406
72765
15556
13300
18596
64962
12782
20070
45472
68333
13250
15353
12798
13461
20039
23361
12947
31770
13235
13600
31391
23862
58273
68605
12505
15665
26757
77101
12437
13142
53500
13525
13988
23480
11858
41761
20467
26423
63250
15017
56290
57574
49241
12776
22271
12001
52875
19789
27999
62715
12372
23072
67405
69257
12223
27894
24996
60005
14023
38541
30722
57404
71565
12676
27440
51970
67054
55212
12728
13533
58198
59016
64867
66219
70936
58140
65907
34062
70214
12444
18970
50964
12218
16705
12736
13387
14027
14546
59035
11797
23832
43096
67742
75676
75915
78153
12779
13716
35487
14246
63509
13201
18999
18771
13445
17576
13478
26010
68004
69275
13020
26667
74160
24472
67601
63690
12409
22278
42991
12119
59092
36472
67969
73388
67968
72165
67970
15591
54871
74486
19080
76908
12507
17918
35848
13865
78422
14196
14396
32490
12963
66913
15818
67889
14199
23636
24659
13814
18167
13531
14887
39271
12106
67592
12311
12952
31004
12831
32296
16070
17951
77032
77616
13293
13459
15105
11965
21046
11969
14191
26446
21419
55697
65196
62276
14187
20551
12125
15164
17845
11835
18507
19374
61502
69283
42343
11946
62277
64947
67640
70731
71562
75475
11968
38613
15365
15558
40402
12653
15912
17087
67891
14406
14849
76895
29482
12107
14215
25977
13938
17897
13991
22989
63682
12212
44737
16540
49930
54968
68111
25698
65118
12058
13479
15589
63497
73469
78568
31995
59400
11994
12780
65335
58923
13411
12787
13863
50772
54242
12440
13026
66426
11917
16376
32479
13732
65318
75865
39294
11855
13372
20766
14082
15828
62958
58720
14103
61113
11895
47726
14467
25308
12799
22132
51325
12853
60844
15304
14462
13940
16538
14140
14400
42951
13529
24842
57904
23567
49793
52440
63054
65326
11929
42679
62717
64761
68353
23754
12824
13329
27992
12794
17856
29995
12785
23707
13188
15985
33680
14770
43204
59380
11888
16150
37350
13222
16918
14749
56992
64937
28865
33648
59623
16279
13209
31463
64874
16990
60004
64911
13827
13916
31991
28256
59817
77170
17335
62986
11956
14555
17660
28666
12274
12538
25982
12269
12876
50243
13001
16315
37772
15845
65009
67569
12015
12247
54283
13070
33488
12751
13640
22501
16929
54473
13346
13665
78875
37569
51272
73614
74675
12561
55671
15351
14792
15222
16333
14199
18410
12948
18909
11903
55053
15413
21059
11931
60030
64947
13120
13358
27956
13943
17277
56105
60323
12820
37962
21676
49495
13436
18445
44548
19903
69696
16073
48997
67982
70153
59154
12078
39240
61542
12057
13944
24289
68796
69789
73633
12007
45002
50952
12023
31061
43191
13233
24790
45547
17067
55188
78247
63346
15061
17803
36203
13020
13986
16562
58811
19633
58983
61379
71308
73346
78360
13550
20984
68398
12092
13047
15681
13291
42974
11990
34841
14532
17314
14166
13150
18470
13394
18803
60536
12752
22739
62946
13084
56164
12202
30454
14500
61892
49705
23699
59347
44566
12389
15873
15959
12276
13762
26493
12138
14828
44582
25301
70796
62503
14305
14882
27428
21022
66214
13386
60455
12520
19576
20782
21969
30717
12405
64272
31208
57580
62908
15584
34803
14081
61788
17068
25360
11964
13472
17529
12086
12270
17894
16385
22623
72754
12225
45062
14475
17720
18498
58091
62405
32852
68533
39179
12251
25767
13010
30876
64415
57082
15149
15776
56068
56169
12987
14530
51262
12407
12549
27129
12379
24300
67200
22361
70661
16000
16381
12070
48754
59789
53825
70420
76058
12791
15198
17278
57176
62775
53158
24570
49535
15726
19435
67371
13128
66894
68300
13612
34136
72055
15413
44151
13209
18785
15072
18770
14172
22661
29475
12240
17953
18442
25788
59249
69667
12977
45696
14571
14966
74834
12010
34502
28193
40925
15810
49485
75924
48982
12473
26265
34197
39710
22531
13849
18523
59359
48443
53049
15020
27964
63459
12078
23912
16947
47963
67095
67421
14267
20849
47467
13856
14355
43420
12615
12915
57940
12115
64095
14306
19760
15667
13075
13301
57690
24650
43644
12539
33782
12063
49801
26390
14365
25063
53050
62105
17935
51817
12064
12311
41336
24050
63509
12729
15719
19045
13703
16695
24001
23634
56955
15024
15328
19838
53187
66803
15599
15686
13505
16001
52672
27802
79000
18209
12150
13210
22679
68426
12562
65320
65377
15560
56641
12429
16752
50301
12690
12726
21700
13222
14083
20081
12164
16506
25034
14261
22961
14110
55096
60586
67527
67553
12116
13521
22476
13426
16008
73754
50263
17458
57500
15024
23665
14049
14233
25600
49623
54047
17508
37233
27431
60000
12469
16736
60579
12975
22261
25534
15305
16783
15229
60423
33166
46831
74037
12836
12939
23112
33863
12256
16585
53425
55175
12291
43571
14231
60657
65515
60132
15379
62634
31011
66260
70239
73745
50767
12686
43716
58917
12718
55675
77326
12858
13621
74467
59596
15651
15863
63049
72568
18662
22789
13420
60001
12102
12665
25227
21261
60700
50112
12679
14361
22957
13575
13950
17147
12944
39056
12539
13214
22285
40745
66108
14997
58003
12720
13413
17845
16030
45610
73440
64158
69703
75285
47251
67016
63563
12169
15359
71913
12290
53020
13377
34430
33223
54551
60473
58020
14119
14599
44538
66363
63543
21691
35344
56545
48880
69176
72664
12572
16551
49094
76629
13239
64180
12253
45467
12702
14865
26965
63171
63838
12427
13991
42687
13717
26728
13317
13887
14680
12777
25048
67298
69713
73454
48246
36580
41203
14128
60227
72451
13715
31007
74178
12723
20894
15509
53660
32555
18444
60415
65887
12169
14995
28010
57780
39625
74572
12334
44348
13919
12288
34102
13467
62293
61502
66844
12998
15881
13102
14240
24187
17204
61466
14077
26174
47332
12201
49463
63869
48734
69490
70941
14279
14592
29717
13866
59710
12185
12886
36222
12580
15452
70495
14039
20508
12343
23129
19055
22883
12257
47530
78821
39948
31657
34417
12227
13508
38371
14265
41404
41346
43852
12222
76606
42627
60903
26184
54586
22984
13089
37338
12524
14927
18134
18557
19405
12913
21270
27871
16024
73805
23909
57525
37972
64408
51170
28802
12959
21680
15464
15700
15510
15790
51681
14424
21950
24128
17036
55108
49016
13441
51239
14017
12271
67835
14397
16194
67054
17033
17641
13718
20129
14369
52459
66369
18079
51355
54727
15627
28136
12937
13068
53135
59084
14408
15617
23460
66590
60556
77087
15478
17644
17730
17841
15916
16784
76262
13080
14723
20072
15329
23173
12476
19796
41725
15535
53114
12493
13167
38268
22343
14392
15849
12411
40197
12250
12425
48509
20640
25788
35519
13131
17243
18326
15684
16278
29732
12305
48852
13447
18572
66481
13377
14410
17757
38348
72849
18739
22233
12348
58639
59361
50088
12859
12885
16357
42855
68401
63297
66928
15043
17211
12450
24486
52453
14693
16222
75426
13004
13109
22960
14253
15179
60081
12376
13125
22018
16747
21260
51846
12846
60022
64368
13483
19880
30270
20995
48811
12649
39061
27614
56343
63265
71281
77665
18308
37720
12286
16370
36613
12759
56092
64175
42918
58834
61439
53223
12681
16930
38937
57582
64260
15389
16524
15604
43662
12278
13712
13733
15750
13814
13833
16430
14494
15563
44465
17051
68420
21156
47072
12754
14444
22971
63222
12341
15318
29401
26841
61489
61556
12829
71768
22508
58350
78919
13097
13780
12326
36616
58932
73336
23401
12277
14297
14649
66139
49950
12412
13924
49760
56808
13522
22744
26335
12972
18512
20370
14552
14884
13099
14753
36269
63405
12890
13465
19348
13101
13530
12919
47763
59723
17312
42873
12414
13617
38193
12864
28188
18807
61210
14421
42343
14238
21803
42696
54586
25887
62253
77737
79080
12422
13493
29790
72480
75746
14754
26008
45704
22592
38427
16365
17572
17930
13320
14191
17656
62493
64577
18789
42418
14015
27458
65491
60373
53933
59481
33571
57551
63134
64744
67848
60089
60432
13445
13904
15925
13090
41607
49788
13314
26503
36867
13835
26951
62609
15358
19624
18893
12457
15153
16945
12391
29438
15115
57312
59411
57865
13702
21351
66893
12538
19951
32172
14994
19377
12583
60117
20097
66059
12789
30664
13319
14946
17160
13056
43074
57511
16073
17174
15253
64368
77189
62538
67357
14757
15188
44265
12540
46914
59151
64649
13992
15439
15649
14339
16022
21260
12594
74679
77587
61689
63921
13528
48640
12703
29542
13597
68892
18142
15546
66032
26562
13356
46735
73205
13829
50692
14395
14358
14427
14447
13085
23965
16515
22585
15102
19172
13606
15100
28234
12760
13183
19918
12699
17111
20488
15911
16222
22433
57436
70023
73435
15152
24006
12541
12918
31941
59813
12411
13086
43723
12528
17772
21722
15015
16720
67670
79022
36229
65271
13490
15204
31424
62900
66141
66581
13806
31966
39179
12380
49851
13407
15085
14691
22996
30320
20314
32644
12761
13902
19113
12916
52112
72008
13999
22760
20659
21883
13640
15307
32413
12640
12753
48469
14461
14530
21656
57079
65198
20314
26324
64794
57830
60484
13540
59613
28000
13966
13976
16955
66598
68888
69262
62699
12590
35682
73779
78136
14748
46012
49708
12740
13004
35408
12859
13432
58740
12885
78624
14588
52358
12747
37135
13487
13656
51971
12618
16978
62501
64715
14526
23284
42366
16178
56250
12903
33234
62463
66102
28661
33695
22334
51397
13677
69462
13989
27455
49776
64602
13412
13474
78717
16365
27033
33963
13313
13552
13649
65791
68584
41493
24272
70026
12982
16543
15288
48278
13527
65522
14364
16243
13441
15136
30754
15703
18610
15460
16339
55147
12502
24509
36200
12612
13431
15501
51668
12952
17515
39286
14463
14972
18492
17527
13171
53880
14356
59901
17315
19725
61903
13840
17161
17803
24417
12568
13042
21649
13101
13221
13905
44240
67030
64713
68519
64916
12823
14998
46927
17451
53327
24194
12481
13726
15714
12900
64657
12575
62235
64134
13602
15932
74032
61528
26512
54840
14612
18646
67904
33228
16220
30411
58721
40835
12508
12585
14712
13761
15302
61553
13012
22746
25912
36027
12685
17349
57037
64075
16737
21426
14312
17805
12903
14428
29590
22690
62553
62372
31186
13552
14052
18060
14559
15138
26304
13336
24725
71087
74541
78183
12848
17132
74488
65935
65549
12960
14353
62649
65206
12844
13391
21086
70053
55611
60908
16687
12536
13777
17684
65366
69049
72018
12796
14478
16458
55287
13562
17922
60661
14001
33959
12610
13671
31939
71523
72293
15151
16933
78082
72485
18740
62965
62513
64956
12867
13040
13794
41211
14806
54688
14609
21280
42059
55853
72210
12764
13333
14299
15539
55687
13092
18019
13889
14925
39447
68501
12545
23072
13170
15754
15863
14528
14641
15367
12537
14107
14985
13086
18653
44303
13240
13619
12518
14004
18018
60406
15068
22274
55858
19553
61962
16845
26368
56245
62120
52894
62704
34516
35463
60200
52671
13201
14928
37515
15326
19130
77454
60246
65460
12639
13401
14155
14797
46355
13003
14069
41343
14390
30722
63694
16456
14503
49778
42984
17305
21513
54564
16374
54462
13025
54156
62865
16147
42316
43930
37223
16004
16183
56114
69718
73150
21691
30258
12923
37327
14276
14658
16883
13692
14545
78235
13337
14569
43950
14198
15521
19584
62838
65058
73951
16929
34807
27960
13108
13351
13402
21253
42060
55761
56075
63477
16409
59045
16754
65699
12734
63802
66300
49433
56344
12696
56317
65167
66094
12865
56487
16758
17282
16294
56400
67245
16062
32766
34243
19590
32999
60474
12949
18600
29794
12744
12882
28276
59017
65280
57606
65526
74518
26819
55445
62076
61762
64502
50599
13543
16756
13142
38630
16339
16767
45888
13130
21190
12777
14631
18974
50744
62675
63129
34847
14542
15208
42484
12875
34412
13023
14377
64671
22162
49162
70481
73879
14604
60246
63217
13797
60147
74379
13870
16072
16725
12875
12877
33172
27875
61564
61867
13045
17477
66168
14670
14740
15712
61566
14260
15340
21655
68230
74123
12743
22846
46816
15826
19927
14461
28575
46309
61622
13001
22034
16713
22811
69323
70637
72859
37198
65986
25628
70080
13549
14747
21688
62812
65834
12826
14575
15892
12732
32130
62027
63804
61066
64392
55286
63751
12881
17409
59358
13524
56807
70378
14650
22046
31582
14240
16027
34294
12744
12912
34916
24087
54187
17238
38049
12843
57505
67334
69741
73384
12886
16287
16907
12882
12965
32768
26034
46382
17640
39542
45374
13110
56684
57905
12650
13803
13855
17505
33873
15425
19368
75830
13594
15285
19211
13048
38329
13889
15953
61351
15955
63966
14235
16856
51965
13282
44881
15234
66619
12690
31908
35063
13202
17386
18067
13353
18184
13530
13905
13926
16033
40196
59115
14230
23444
42616
13655
15764
55046
14452
16039
46483
14064
15808
14940
15579
12756
13923
14200
12842
18751
13586
20212
30905
34861
13669
36051
17214
17270
60361
12745
15109
18784
77811
78555
71204
19700
12688
43145
58577
13221
13860
14097
16759
19120
16356
21654
69459
13932
53603
26396
14909
16345
36163
20489
27475
66412
13388
13683
19265
24010
13762
16295
33756
16616
33662
33746
57505
14417
19056
68314
13385
27306
44658
38207
23095
31589
16518
38585
78450
13311
17058
16294
66886
40171
17799
22689
31164
15160
16416
22299
15999
58678
26043
12864
14888
21105
14731
20230
13037
33861
15441
17966
26811
66444
74975
23748
27566
24652
61823
65176
66828
13226
52381
12871
16767
49717
64397
70876
78219
13354
41939
44534
18948
20499
16246
19241
78915
14096
22688
25740
12844
16248
16541
17400
19427
15408
15761
19346
61922
13723
13793
17501
17285
30292
13629
44234
66428
68897
14597
16835
54843
14004
18163
64341
69730
73360
44351
56906
73132
14519
23677
13736
44234
13585
61314
59042
62858
20748
22950
45247
61658
60488
64567
13643
12893
15504
59548
59314
62740
13125
13903
22779
52728
43539
15668
73480
14283
16749
78985
54775
64912
77817
15508
16756
58274
68780
59224
55066
65319
12989
15026
13032
15369
16332
25404
13362
58076
13815
37688
72084
74951
64506
69962
14844
15564
52594
16523
18671
20063
27953
26666
58534
58917
17060
74709
78792
14104
34207
13656
37858
13346
13471
71785
19954
68313
13860
13905
20276
23611
43518
13523
15258
76046
14402
35142
15119
15964
66908
19972
26895
15701
19249
17204
56955
15090
54377
13107
14633
17742
13295
39571
67088
14559
29359
13341
13425
15150
18025
12965
14691
25604
67753
68127
72219
58356
58754
13232
20027
60072
17919
13054
55266
19730
14876
15534
13754
15552
46258
17572
22344
22074
64433
33337
47744
13448
20077
57762
12851
17900
54211
12994
29693
13993
14942
13618
59655
71968
12833
14957
34206
14792
23150
23504
71270
13148
57687
17834
67621
69163
72630
13884
21536
13149
20063
13196
15242
15953
14968
14996
67531
57639
13439
62770
15061
18340
42182
14683
15822
16228
26278
64696
65778
12920
12970
64039
15774
32255
30986
63785
15705
19164
35220
59132
13428
64678
74505
13175
45219
72376
14646
15982
51446
12908
42648
14399
20524
47955
67967
69702
13223
62510
19552
26719
54151
16360
26353
13659
14975
43716
57827
48560
19029
58077
14341
59182
15110
16385
67039
13788
15321
12850
19936
47505
23546
58711
16173
45641
14459
15543
62898
13241
17172
66894
13285
18020
19009
17056
12890
16626
34571
13095
13568
63087
14403
17790
73778
48883
14046
16882
78359
13797
32625
47397
13561
22980
30164
15270
48130
58536
12912
13163
33121
15098
20770
59866
13505
43263
13176
14733
18099
55566
24033
32801
30037
14330
19616
14409
34826
13294
15590
49829
58972
62748
16946
31823
14978
15954
44503
16526
58272
58777
28537
37567
46865
47068
14319
22758
47916
14303
19978
23474
42955
65953
66948
69292
71832
75418
14082
34936
14127
15634
18507
14660
64899
67170
13942
13980
39230
14025
54963
13404
26770
42650
13131
31045
64998
15586
67650
13355
17311
37360
14479
15442
52946
13220
14085
74595
14079
15474
12918
14090
28426
13168
29011
13982
26576
63039
61972
62796
49443
42605
43334
13660
15290
17131
14606
18688
38032
57428
57315
65086
45742
18449
52219
13456
61677
17829
50465
12973
60516
61304
14752
22255
12970
13240
21529
14703
14804
18350
14818
36238
13287
14581
44616
15041
42900
65765
60660
72375
13044
13343
63453
14580
15352
17044
14458
17533
23708
13230
42346
15161
15723
17213
13649
25651
13615
53397
61808
65028
14087
30640
36238
18882
21141
68287
43449
60820
17312
32063
61430
75591
15711
51061
15014
20957
64717
13519
16083
19154
16013
57283
23108
25424
63759
63949
15119
47663
58603
59072
53665
13698
40927
71582
71916
55857
13239
57260
13059
21352
57527
13210
14527
25918
39432
36390
67086
13616
14175
51461
14221
14707
40811
67281
58603
77618
45765
13700
14603
32381
63427
62415
63051
13061
57765
21157
34264
56427
58843
61516
13410
14609
51894
30201
14009
15536
50077
17209
30335
13243
13541
78162
74958
15452
26512
13699
19476
58962
14070
15266
14915
24631
13980
17516
41208
13903
16317
18617
13951
50811
37081
62003
16972
36881
13126
17259
29221
14531
16961
18973
13187
13341
16102
13187
67875
40113
26635
60731
14574
52015
57973
17014
18335
61897
14772
14949
13008
13468
19951
44569
38125
13424
56033
17070
40956
28652
69069
70271
13493
16076
20990
57206
62040
61528
67340
52919
30768
17918
24097
51576
13057
15661
16499
15589
49804
13243
13539
60952
13471
16941
68222
13187
22927
77158
15299
30625
50499
66900
20992
13439
15517
60397
71581
13297
70858
30140
33615
14137
57794
14276
36671
13241
13435
17267
29274
34480
63880
13825
14339
52514
56847
15777
23136
15412
17808
13684
43944
69829
70204
73845
14548
13064
14290
52949
13321
34928
14716
20485
13454
15290
29347
13366
74309
16304
18608
14619
21016
44746
61445
20626
33133
15444
52758
20289
45658
62680
16875
21472
15243
20322
21193
13830
53398
74347
14233
39312
64580
13864
14354
14495
62059
47126
39010
78565
13206
30385
40175
14992
19591
69010
77746
17238
40256
64332
13214
13395
35296
25748
67638
51814
78816
13286
77257
13164
56198
25069
53017
14650
28230
15830
19483
66792
14220
14296
14800
51211
71172
13671
13678
34457
43327
13439
13736
16613
20023
20073
14910
15445
42632
15946
17692
21696
16331
22001
14557
20688
30309
13205
14072
19900
19112
43263
37223
54808
13133
17054
13965
14171
22032
13183
48044
16039
20189
66824
18145
15282
20330
13926
14671
68338
13121
79047
13388
15026
26666
63333
14874
41763
78832
65682
14170
16754
47586
49627
58253
13316
19553
33208
13794
14802
78258
13872
14152
19408
50166
50855
58497
13264
48135
14593
15642
13628
14975
40535
51985
56452
78211
15178
75757
24276
16966
28358
15853
21944
13489
73909
14126
17478
27096
16437
20484
13153
78507
13965
27740
14467
15094
45726
14574
68026
39730
17840
50146
42410
64911
69976
13512
19662
25315
23495
25977
15386
58760
15377
16827
14372
47404
67341
60702
13819
15639
46010
17813
73023
13763
21715
66507
19372
57647
16983
29878
13528
34471
14448
14615
13196
16353
62681
14812
19887
14310
16649
23380
13482
15816
28803
58919
63400
14587
14111
33251
71868
75829
24329
63798
16973
14444
18150
18547
13977
15791
28090
13425
14174
15185
14381
48442
75430
13336
19447
24468
42657
77233
13682
15286
21533
70409
13378
40281
13192
24847
62820
69870
73426
13244
14873
17872
33359
46238
14120
42377
52726
54090
14983
57114
15108
56378
65138
67338
13507
13981
14678
13698
22442
17272
17356
13494
74763
14487
15165
69380
65666
14146
50153
50783
13823
15971
16472
67148
13390
60053
61699
37647
62832
44075
47631
61288
14067
14591
15114
14679
16900
14536
21943
30006
26855
47763
60222
14140
25450
39693
14874
15405
53970
78584
14237
21381
74698
65655
31912
72747
73844
65284
74667
77846
41057
43873
15151
15548
15543
17717
77661
16547
74783
13844
29193
70579
73157
78745
46577
71706
33651
49253
16464
16480
17626
48516
74974
15387
17957
20420
42889
14955
46246
63706
59178
69402
13901
20012
34140
59382
15280
57171
60151
14673
16450
58795
19669
62916
15756
51234
62284
65690
14700
21349
14358
15788
19655
13722
13900
14931
15984
19123
50784
15306
16354
24339
38511
70849
27424
67653
41849
13274
74917
74920
35409
13602
16011
66482
46320
16188
13546
16184
58252
16206
74832
78990
15628
23384
63822
60826
67330
66940
29550
60922
15777
43128
51848
27802
62367
24669
40720
72333
14345
33893
19309
46585
31375
61962
13550
14226
16159
13750
14692
19767
13335
13657
25901
15500
18032
27067
14130
34568
61559
60271
64830
49479
61698
15957
32852
56255
64111
64439
17731
23681
13572
14580
33287
74552
13348
16522
18331
77570
61382
13657
16414
21593
15269
23972
53686
15851
13881
34377
15638
16358
14180
39067
56674
13559
17925
74654
14097
15770
57872
71005
73924
13661
21275
69622
67267
75941
14016
14067
35232
19503
35642
14927
23640
35656
16304
25084
15112
25972
15879
16565
43563
13736
17523
13799
17266
21060
54824
16451
16582
36177
13960
14554
20704
44816
14541
51782
15671
46246
46310
13722
29343
14521
14669
74335
15256
16072
19885
29732
22584
47725
15197
18095
62928
13456
14377
15042
58401
15279
23696
57396
13945
55712
14941
15189
17076
17781
19405
19587
21005
15628
23730
27815
14655
15600
22837
56701
60262
47218
57209
13744
19675
14784
21331
13661
70655
13641
18850
56046
18556
46552
13324
43210
13981
14016
24220
13716
65181
14936
28220
13874
14483
27243
15921
38682
43671
15295
16055
22477
16232
16431
59330
13746
13756
13334
37431
14458
17858
19883
17278
24272
67100
54333
23965
51343
49063
51375
13809
13882
36278
16816
23978
52214
75780
47170
78182
34661
73364
13510
17885
20111
14227
24423
72711
50336
13579
13745
57119
73724
73991
13602
16006
14820
15593
26537
15298
39625
20412
31458
15527
61260
17674
29809
14255
14385
13947
40368
60346
62092
13611
18596
14768
16350
51153
36897
42696
13522
15537
25628
56325
15900
21908
22649
71492
53114
62150
16402
72797
15059
17688
17730
18451
22526
15535
19883
19976
16189
52564
15686
20032
52453
13897
49977
13702
18064
20560
78916
66554
68808
72266
36476
20866
13553
42564
19514
66546
70086
15463
29271
31754
14681
14911
44730
13568
14017
14904
13823
25095
14415
46226
13826
43068
14676
61749
19031
14362
15972
17409
60432
61066
61611
48765
74536
74782
14141
14635
48512
49035
62639
13625
42415
22216
14642
34499
57171
15858
23307
13830
54380
15397
17354
38939
69773
14031
17551
16370
51979
59078
78534
15838
34941
13879
67300
69234
34675
13547
17166
18918
15984
17273
26538
56602
14746
78994
19111
74391
68951
74074
68952
76782
13713
15012
15124
76850
77306
30287
70982
14046
14613
19454
65424
78145
18180
60742
61565
15328
16679
57734
15091
15587
15753
18433
68853
77567
15772
24307
61870
14567
33651
65199
15337
15746
13898
45575
19553
29836
14264
25394
39515
13597
56749
61400
13698
24188
75419
64633
13514
17944
51454
33402
15506
49615
64664
14710
52870
54731
41412
13495
13942
35574
13558
48081
25053
13881
34149
43652
63732
70531
75904
13579
13960
16823
14315
15923
77616
58821
61355
14983
60645
15503
17510
21798
68499
35776
64205
48136
20645
20104
67883
73438
19426
68675
72020
15120
61342
17961
31382
14092
21536
67389
19324
15020
16299
48265
13836
16537
34161
13571
15957
37839
22990
27116
13709
17132
13907
26272
13773
14188
17238
20933
74222
19012
56635
14871
15411
20505
14529
60851
14412
56404
59808
70708
13534
14632
23801
13653
14854
15220
13542
31322
17024
21425
17204
17362
18731
14063
42843
19016
63911
74432
74726
77674
15613
26649
33438
19410
38549
22409
13750
22010
74565
15131
18763
19527
15746
22811
67443
67451
68545
67450
57242
14402
14758
55784
35012
16367
26670
67633
14068
25326
14222
27605
47651
50363
71419
14287
21905
56468
14146
51360
13724
23285
13904
15595
17054
14728
35392
62424
64123
17647
38584
17539
19278
21345
14158
14964
15450
56040
25334
14302
61479
13685
31053
44344
33883
72860
14002
14961
13706
14012
47704
38722
35498
14266
15779
73167
13872
16361
47595
14013
54249
67559
15182
60407
14369
37443
76649
35643
37720
14101
62672
68419
13644
58866
62694
62137
20393
13973
32677
34818
61236
64008
15120
51025
64143
13734
40016
26216
29818
65064
13936
73664
76326
62683
63158
15741
16193
73796
14047
19352
16544
17648
13778
17419
17896
14975
27905
51049
14837
17018
17077
14544
14550
21582
13691
41825
14259
19063
24764
13747
16721
16101
61150
14608
20245
44038
18350
29962
65302
14135
45635
20157
44797
54629
50424
55812
15088
68458
71876
55615
62010
64450
14713
15742
56076
16197
17286
61745
37541
54450
62432
15097
23264
18399
18875
75501
14197
19166
56864
14144
17428
52820
14209
15086
19561
62479
63844
31666
58011
38293
14422
21750
14802
15458
77608
16357
20963
17172
13831
18737
51281
15304
36328
67056
69474
72902
14757
23921
14126
56367
45905
51025
51074
61139
68512
66707
14758
17072
19139
28663
24086
38017
16577
23096
33632
15341
18313
13976
56591
58236
60678
20204
28768
14482
71958
14940
15683
15836
18725
54685
14904
15690
68689
14021
28005
16404
17125
44339
14826
25139
30422
57440
15993
17386
22628
18751
15410
26344
15315
21384
74059
13772
59657
62059
65482
73733
15436
15876
78806
72165
63009
69959
14182
16256
17939
48375
33367
13817
16687
62607
62748
16213
25599
59012
65399
14039
17649
24917
13947
18708
20046
13759
15867
54293
23251
16808
19347
34929
13718
67675
78600
16388
31071
42869
42038
73499
14238
14430
49194
62651
64189
30454
14289
42346
51509
19886
15297
55608
14755
15181
15274
26475
64016
13667
19788
46094
78855
15810
18438
29009
15056
29488
14271
43004
14760
16751
59912
45529
15206
25035
59194
13678
15144
39818
20233
48112
14007
16457
27622
21417
59074
21878
50348
48300
28578
43712
46310
16050
16936
31535
14102
15295
33768
18178
18186
14954
29750
26695
49468
15483
25307
17711
74780
75255
23205
33366
60920
14084
23086
64978
15572
19085
64144
23569
29585
14078
14367
19776
22050
52287
69167
72427
14998
18554
67230
13899
15256
16725
35022
72883
16141
25749
63133
66625
53057
14102
38059
15968
17239
25882
77076
14483
48206
16884
40194
74567
65789
68354
13788
20473
71804
13790
49794
78062
18249
20628
17855
13876
50937
13970
36104
13761
13953
35768
16877
63334
77303
20448
26370
15507
15787
73577
57399
39753
16681
14678
15104
24071
55182
60923
26031
58585
59895
14632
21179
28819
13885
18811
44528
16255
23851
64001
65962
71647
24536
63298
20398
14217
32963
14196
40068
17533
20571
50248
25902
40367
16835
51898
15339
27659
71044
14928
18999
14432
28215
14212
62389
22990
21137
16218
39780
55773
15043
21305
33616
78669
44090
15276
17472
16760
17026
34996
17315
25234
14717
18192
19360
26729
14372
15507
48608
14431
20452
22425
14887
13964
54432
63450
51339
49220
58926
14610
61303
69018
17647
23769
14071
17892
69990
18884
19347
41609
63014
64124
64812
14172
20416
24519
69978
69977
15114
19549
16290
15442
36498
13862
47595
15237
14765
20068
17015
19335
15538
20271
78963
61271
15121
29844
13895
18431
78569
14040
20028
23801
15082
15794
76130
72869
34902
14816
53711
61449
67752
18050
41900
14731
18486
20610
14012
39996
76368
20204
27455
64940
79125
15738
18834
47497
39841
14081
52840
54666
49195
68365
20415
22350
13968
14340
30213
14438
50133
14624
20924
64918
69062
72508
14857
67513
16985
54661
14162
14608
14194
42155
15004
61453
61748
15645
15826
72946
16283
17150
14690
63131
20296
49024
70791
77468
27620
47107
24004
28643
51412
14813
40752
71984
14061
18828
58151
16331
27702
68727
15885
16007
16098
20551
14635
53690
14648
37433
22688
27852
14375
34369
14626
20343
59142
14773
15184
14255
18997
16727
18068
15151
68895
74268
62475
64518
47709
14947
69731
14437
14895
31972
15976
19899
45517
54969
14785
14961
15555
14078
14418
17846
25428
56658
14300
30790
14672
15927
20820
14697
15232
60979
18277
16941
20245
48001
36094
59335
13970
15503
27998
17409
18161
14089
70140
14254
64475
44167
61261
26819
56099
27493
15691
17777
31851
51041
67733
69896
16761
16908
22380
16204
14872
15763
50382
15572
20879
30012
59134
17420
62379
27665
59456
19410
30487
14225
14439
17085
14378
67209
70073
17941
23387
68167
75127
79405
14839
14907
17871
18294
39746
14477
24179
43781
16743
55822
15483
16890
14943
50223
67477
13888
15678
31450
64926
14124
50437
51341
76426
38175
19310
24690
58609
14948
15485
42050
72578
42761
17171
18092
63746
15323
16910
51651
30403
49282
51074
16314
21393
14002
17072
17997
15929
17354
15287
44697
16046
21820
16421
17512
15103
23328
69729
14021
58909
14195
50148
49700
17421
14497
19461
58353
15784
44647
57465
61837
64601
27620
36309
56317
14908
14917
43186
15096
20243
45329
19249
44820
46608
55631
15838
20545
40253
16332
16661
14096
27654
16919
17824
73929
14115
14288
16543
16204
14555
20876
22598
70235
71347
14470
17245
18083
16510
34276
16501
14455
20839
21846
15522
23175
16934
18500
58772
14411
67192
70562
65763
15766
38121
13997
57048
37447
58398
60954
60946
63533
14408
15093
52058
15236
21066
14280
15458
16319
17909
20979
14637
39048
17472
18437
15258
15660
37428
18242
20270
19103
19355
35707
14881
15562
15860
28270
15204
27742
69776
14122
42540
19341
21584
15193
18478
65494
17279
22134
15655
35519
48512
17231
18159
18884
78245
16495
16844
32491
14051
15928
37885
67652
18960
17994
18710
21265
14560
36686
15410
22676
35586
15388
51483
47492
14654
51437
15778
15848
30407
35158
47075
15906
37360
38661
27529
54483
13984
17246
17642
26992
48119
17428
19020
23192
50348
53400
53447
15799
15803
66010
17102
18162
21467
55731
54351
18400
56563
56899
70151
14541
17485
15620
17281
19108
21164
19489
60564
64047
24880
15163
25411
61211
65832
76409
43662
15482
17078
26492
15121
23241
71317
14322
16032
18750
14333
15089
19581
18543
53140
25977
58129
19021
21387
14644
19099
50224
15243
31316
65275
37869
16236
17028
18434
19194
46571
16191
17142
14106
27243
17243
21165
16174
19481
24441
15674
17069
27777
48947
14315
22433
16677
20516
35993
14603
31446
23578
38238
15545
19931
55286
18690
19169
78508
14068
17064
18355
53905
14470
17144
45629
64415
18781
20606
23431
55012
15296
21900
31604
58918
63922
66325
14622
17039
18278
63045
50004
59677
65266
14357
16408
27479
14349
20975
22503
14060
16931
20344
28131
58507
16703
18344
76953
14724
56472
60737
48931
47778
61907
16389
40945
46046
14133
19657
36725
60376
14424
18539
30781
74687
17320
24437
68484
19338
19792
14141
15655
34207
16436
34288
14312
60942
15456
19780
41579
64905
14167
31462
15057
16684
18980
14380
17778
71204
29257
59859
16446
23229
64302
18378
29286
15783
58741
48532
58449
16534
25414
26153
42762
16315
22034
14737
25010
29673
59657
25129
62966
14288
14950
17235
23606
15399
19218
21799
22995
56294
64899
14808
14979
68869
59810
14554
15185
20995
37437
49873
25502
14360
22563
15516
72961
76322
14374
44054
19567
26596
16772
17402
30816
77774
14443
47960
14207
36628
56351
38000
24498
55424
15026
44117
52222
68465
73628
79227
53558
16427
35337
70961
15210
22278
59512
14699
33956
15857
22094
26481
67257
60655
15923
16069
38723
15146
15762
15747
17393
28502
16474
74926
63467
75164
17408
19343
48967
74777
78436
14694
17907
16124
25750
14184
44006
16353
18187
53291
14774
17283
46768
16175
21796
73495
31381
18475
22246
14313
14784
22826
31763
15635
19257
19362
23421
17902
18334
75024
40885
15205
15598
62825
70822
74932
15441
53600
17210
17466
76682
17734
42179
17174
56385
17055
18077
42035
16442
17134
68035
63780
19232
59053
24266
73857
37431
14775
30844
14549
21612
36233
57884
78603
16099
17525
26224
60039
15577
21769
14850
21261
16069
73544
73755
14449
23825
27082
18275
19445
33453
42160
14820
14895
36721
14484
14856
25325
15306
49759
17126
30423
15056
15574
25132
14908
15958
14291
14643
47185
22980
27563
19428
20098
16386
14917
15530
15760
16968
18954
78186
15343
19959
41026
17267
64193
18498
31569
14307
68046
66515
67924
14381
14516
47977
37730
15555
16609
59793
50424
15515
20150
14816
15104
15974
21272
23559
77838
20839
21035
74147
15890
18439
66838
29340
49568
14797
30491
31194
65447
68868
72294
14344
21363
21590
40178
16284
60058
38789
73160
16445
21667
61311
14698
17802
69871
42238
15366
15501
14252
15477
24338
58798
15740
75227
38125
15601
15891
15283
28197
61609
52222
56552
20686
47916
14313
16041
22182
14316
17774
55320
16091
16503
19143
14435
14744
32244
15021
19557
19852
20907
20942
14947
15288
19202
15770
21790
15404
15424
15987
14432
15697
19075
14684
19380
21168
48645
60474
56587
15044
15710
59247
15084
46093
15557
17470
43079
14433
16619
22562
51751
72383
25603
15878
16453
15739
43012
56726
55313
62387
20267
69723
14503
15230
14323
30982
15232
16034
55343
17882
67248
56740
57157
14407
63737
14278
34824
19048
65836
79026
15335
16852
20343
44762
58639
19513
22327
47022
16380
16493
16508
49057
16746
68332
15861
20655
22065
59386
66683
69740
14437
35495
62686
16652
22279
63580
65855
14486
15336
26937
15440
15496
48136
30693
78601
19312
44002
44642
15440
15650
16176
44367
61328
15247
26715
20375
14697
14755
21716
14584
60113
70646
22887
57313
16939
19189
25895
20254
55076
23138
64509
15537
56415
26348
57828
15005
15626
16627
43880
14563
17705
15027
63869
56923
61334
63003
14566
29133
76770
16858
17603
42708
55838
14652
22780
73525
23543
18251
26138
41707
16474
18300
15879
26055
70288
73611
19066
44381
14289
22224
14788
57759
27440
28984
60984
14484
14852
28809
15358
22671
42824
37467
57846
51856
20779
15611
20716
15582
21626
16480
51027
40475
15200
24111
17556
19873
70470
14810
15079
15915
17693
15910
16515
68863
17498
20515
14595
38636
56253
62185
20962
22422
51401
53563
64820
18292
37370
15350
17006
18460
65455
68682
72143
15903
45467
56744
76097
15681
31053
22324
33108
16711
23791
73851
15339
71486
55573
64607
59518
64934
68134
18990
40008
14924
19574
15760
16533
25637
49607
14787
29434
15300
15549
15987
17368
26550
14517
65231
18464
18605
62829
15346
15350
17893
16053
23833
73813
17726
53231
16198
68170
74971
17132
74727
78185
65994
16882
19454
40412
78404
15292
21035
21203
66176
14700
20564
21906
47961
14493
34045
15253
24534
15202
66234
72343
16714
17519
30918
14436
52303
15166
45487
61672
56437
69574
74978
15829
57685
67226
15135
14477
16213
44699
14744
20566
32320
14736
20262
76062
14420
17325
41334
28029
14799
62836
45138
27946
17336
18159
27729
15148
16918
15131
44117
45356
15288
20860
14617
45082
18378
25415
15004
17022
45330
32264
52251
15448
67535
69460
78108
16868
17492
50579
14466
16528
37097
33930
15646
19456
26242
20762
21832
15839
24601
64200
60685
68553
69967
14394
14738
34990
20798
17254
16879
20368
25401
14521
14935
17130
14786
15019
70963
14550
33031
15382
27429
27545
37803
60475
62166
16319
18113
74551
15061
18494
19298
56659
16667
16769
77205
21846
31610
15524
16308
29854
21716
77543
26965
15318
36615
70717
19593
20596
77307
64551
65441
14592
36398
69251
71616
61148
17860
20719
16617
19915
60648
15489
19546
60800
58808
16858
20946
17999
26006
31412
70714
27545
56958
14630
60520
61159
29333
36611
15258
15958
15970
20172
44413
15145
70382
15606
19797
69829
55182
55206
56478
14972
15060
15157
18264
26027
46475
16124
18983
21968
14901
15712
21557
17870
25676
15944
16772
31181
54701
14855
23195
49755
58581
14766
15107
24097
15343
18187
51682
39363
56553
14583
45995
18851
73477
14696
33270
14651
27178
45449
15973
21419
65192
22889
16185
38424
54733
14518
16577
33849
14448
30554
14620
44394
49103
52337
15346
15393
14810
14935
51751
15274
32221
14979
16023
68652
72122
72198
77345
70123
15479
14958
54110
70067
64553
15576
16153
14780
15357
31752
54776
73118
74547
22800
18854
22054
35565
15931
44697
18654
40118
25508
23322
70772
14847
15195
17613
14602
48196
64041
24788
60598
15424
15549
75816
16283
23245
68470
59636
15718
18014
53706
15581
15689
19118
24404
69494
77422
20068
23657
16300
29433
48839
21541
16897
16912
31597
19000
57978
15194
15930
67227
16380
16843
39780
14682
31900
70852
63722
64520
71050
58137
66069
71476
14840
33563
14836
36645
19549
36145
15630
21979
46902
42663
65176
14950
16086
16311
14938
64259
64416
70806
14605
46549
14648
17098
31069
17157
70833
14793
19470
34440
16137
30664
15319
20723
29308
15842
19443
23121
18291
20928
17183
19269
67724
15366
16802
16903
16802
74008
46370
57743
72537
72544
76176
15521
46390
18174
20594
19400
57154
20044
50320
17297
27572
28477
24008
14808
14948
16734
61222
16437
17814
25975
14968
16352
28446
58661
74852
14815
49556
15002
21372
16726
62534
53542
31724
57844
19681
19741
21463
58226
62882
18028
46346
18389
18426
24143
37506
56554
14973
20394
78220
66888
67433
70515
16067
65383
15494
26276
60850
35471
16404
23840
14641
17263
21509
18745
20507
17846
20110
15920
51923
15231
16049
16640
59880
48935
52768
19110
15790
64090
22503
23514
17993
58488
76799
14590
55191
14612
19793
27881
58423
60070
64881
67051
30243
15773
15566
17176
24058
24241
14905
20355
74731
15084
43906
45357
17021
23493
50782
14885
74918
74948
16081
22080
16226
25388
35818
15794
16508
15469
18631
32420
15334
22539
65272
61565
18587
19562
15334
15824
22235
16211
18226
78189
15388
17994
34073
68636
75665
79407
22513
45662
54282
18983
18989
21405
14974
69515
17678
19399
18876
19193
15812
54298
56173
17739
15449
20238
65402
16823
20008
60757
25450
18657
26147
26283
20378
21690
15828
28825
65798
33158
38222
14814
15171
32461
19398
18560
18991
74416
20918
43611
20478
60586
19450
57271
68236
72274
50336
61742
34708
61093
18119
19651
55648
45506
14980
18752
18975
44816
75534
73722
14931
17085
73910
17248
23950
15394
16492
75848
19034
22545
16887
26468
14679
16608
19486
21916
74660
16672
16695
26481
18951
18018
18163
39379
19402
50075
15501
16903
17329
15937
28748
54036
15139
15632
26114
15685
60311
15551
37150
52073
16786
44400
14706
15162
40021
22005
60642
64164
15957
32736
62212
15822
17384
21787
67431
18432
20042
28246
56690
18652
20180
17434
20756
68576
15409
50513
15639
27261
31821
15027
15392
58544
17146
26331
18518
19750
17514
18262
30317
15161
53154
15333
15605
16513
52514
15819
17222
64754
17575
25876
17165
21400
70599
62897
68613
15945
23902
77346
15253
23583
16788
24179
28905
14721
16260
19270
15810
19219
15268
18082
71367
77133
77697
15079
15901
16629
14891
73636
17245
21913
19205
57579
14849
77061
21100
24764
17170
35612
58833
57980
18490
20736
68127
14699
63491
14738
16830
58633
66531
15040
19798
18370
20554
16188
17639
15692
16609
17340
16868
27046
73007
24177
72392
15394
15998
16759
17713
19852
20280
39168
59437
18453
20348
47744
17620
18117
18040
19825
21275
14701
16764
24220
52231
16292
18563
23205
18842
57729
17807
19899
17007
17791
40828
17375
22036
15622
38182
22008
72156
15357
20780
32325
15225
43702
15874
17621
19913
16822
20857
59350
15222
17701
37592
15490
18565
55601
60840
15035
35082
18265
66669
73588
22958
69965
78313
69887
71352
17282
21016
15670
38254
56877
15841
29750
14853
68972
72284
49710
17701
19821
22123
15660
15970
19487
14791
16785
27911
18200
22509
17444
57435
15300
17414
51175
75379
14883
44257
14755
16172
21478
43150
15437
16043
17140
17927
29132
18184
28772
58163
72475
43750
16765
24479
20473
76239
57777
61477
63122
68995
58094
64291
16387
33311
60226
17372
25574
20963
58669
60846
22564
57621
38723
48772
27706
42869
15234
20924
15336
17000
27122
14888
16940
24403
15326
15696
77885
15870
17600
17483
19533
14846
69447
15796
15919
18696
56369
57773
66526
61653
67893
77594
79393
17340
17555
17736
36227
19376
19387
21556
24115
20516
30677
16475
19892
54284
15588
21051
65076
60085
61071
69130
16980
21923
16517
16527
14826
15831
31250
23076
57012
32899
24652
15391
34741
15227
79035
20012
53905
15333
16770
20698
44331
63992
53663
43509
74201
55390
60252
14902
17167
19200
22832
17739
58902
59755
16629
16911
19835
21952
68109
50131
14838
16533
17915
23434
56264
15203
16617
24455
16512
19369
15720
19712
66550
60341
15814
18252
30304
48357
16444
29143
58216
18496
21517
19870
20369
16601
39081
46867
15187
33502
18133
19567
17325
21706
36930
49325
17671
18542
30683
15198
40768
41655
16900
18826
19486
15808
58791
15341
17333
18949
41919
19166
37910
42362
23904
51107
60942
66881
15247
18715
23429
15192
71804
19633
47861
46167
14986
16003
23107
14956
16210
29545
19356
20511
15912
58146
14868
15044
50839
15484
34188
17700
18546
29564
15275
19172
49100
19077
19972
21810
16593
16817
18595
60460
63217
15087
19675
56574
61396
55705
67919
71180
18618
16532
17154
16226
25286
57784
16192
30210
17391
20638
15990
16008
18376
40533
46938
67902
16110
17905
18223
17031
20256
35107
15320
16363
22125
16176
16843
55773
22091
22397
15062
33401
42431
14965
36730
64963
15471
18732
19966
14951
16741
19777
25637
19836
30680
57577
15785
18870
32302
20502
58282
15825
36508
15811
17192
29473
20600
56794
58281
15021
17581
52909
68827
74256
21541
25430
19431
20750
16246
28341
58212
56279
56373
37225
17836
22751
15083
16096
18398
18897
38766
47582
75030
17997
47575
17536
19671
20334
15792
21749
61121
17130
18287
15624
21225
76834
17229
18089
30536
15146
16739
17989
46995
15156
60434
68982
15163
18883
24052
19174
46024
15772
16400
47964
23226
39067
54041
16234
17822
67476
15327
27966
68953
18295
19615
16301
18530
28880
36730
16681
45017
28029
57203
65749
67444
69398
22052
26487
60349
15364
17303
17356
15573
16864
72894
14965
29009
65206
68320
15008
17943
29346
16362
18890
52104
14970
15689
31193
15430
15457
18637
19707
23087
45624
16235
17743
16820
69057
18015
18059
36837
57065
50081
16075
21714
23669
17057
23896
69540
57763
16697
16733
20464
16640
59677
19796
26475
57178
19151
20317
16093
22943
17643
29655
19146
63465
68581
16961
49708
26335
35320
37447
59345
20845
32657
59087
24841
51393
15737
26328
15646
15692
39377
17044
53868
15080
18604
19442
17452
17609
21853
45356
45941
37541
60464
45261
63704
25913
27729
15489
16864
19723
16141
17486
27950
59237
15174
42393
62640
16367
22290
35508
18570
25637
35730
79005
16334
17714
56064
22257
18876
18880
15213
47332
22950
17896
15525
18149
16558
18447
43621
64335
15262
16773
16799
17535
18161
64806
15888
78477
16312
33585
45408
15465
17472
52017
60996
15886
21138
50718
15230
16230
19728
21043
15658
22972
53358
15087
15140
69294
16892
67809
68444
15717
18489
26522
15680
17768
25447
15677
63726
16310
17144
18431
21428
47449
49627
17182
19291
24974
15315
17698
55459
16452
18388
73391
57942
66889
15332
21509
29751
68697
69139
47071
17293
41595
63405
28385
55248
41668
66128
15733
15818
20155
15565
21403
35284
18783
26928
40155
18221
49912
17613
65050
17094
22121
16496
46899
64791
63978
15229
40719
46804
17183
28415
48478
15593
17365
24732
18090
26899
56252
64666
16181
16646
46353
17841
15607
18661
19895
27067
57841
58570
15272
16701
22081
32700
56940
59621
66341
16202
20816
63890
19366
22415
77978
18097
22160
71901
72900
15348
20398
68494
19275
22188
60153
54675
69685
15273
15849
21864
69677
38808
48559
55379
42160
15901
16425
42038
15866
75756
18566
20255
71531
15215
20926
17845
31051
16602
74887
17133
17755
28635
15457
15634
52601
15375
19364
66576
26034
15779
16023
17293
17520
65933
15656
21812
16478
17727
24299
50067
63138
54927
63218
74231
15852
23254
38278
15069
17191
46002
16560
18430
45642
17205
18234
20633
15239
62790
15943
53727
64868
17594
19985
24314
15255
43861
16086
18070
73574
17649
18342
24256
71806
79052
16396
16457
60083
19880
20999
23409
15913
16410
21192
66571
21980
73520
16792
16860
69602
16567
78271
16077
16673
54544
15211
25981
57872
20948
68743
69025
16344
52087
24111
24451
16028
66148
15116
16790
24916
56430
62227
24973
25811
17740
26534
55960
20659
23972
15400
29562
60158
53122
63449
66883
16746
43839
16748
17737
42645
17143
17655
16195
48966
33956
15496
16993
62104
29527
57025
34949
42291
16116
31357
17695
19234
18266
19260
78388
16704
29952
15538
18154
44015
61241
17877
19075
21979
47373
17641
20191
27070
18221
58759
50683
75070
15286
45095
49746
16766
53062
71099
18779
23144
16863
35364
16352
51364
54309
17171
63957
15260
17220
20642
16736
45615
49282
21767
57119
16433
19953
23484
16291
17212
44282
17623
18014
20297
21620
16168
29296
18882
30139
19049
19325
17900
40971
16523
29429
57199
15267
24032
58670
17959
45399
18113
22930
15360
19136
78428
16715
20125
17446
19374
41655
44058
15452
19715
15575
16261
41281
16704
27202
38993
17825
56990
27293
28975
20976
22995
59835
15380
16034
35419
20965
40473
51435
15502
28030
41475
55250
17027
18079
52997
15466
76689
15455
15771
16334
17426
19029
16925
32867
75651
15544
20267
15577
18667
27757
23249
28253
66617
68434
71470
15485
16589
16734
15780
16392
22905
76463
60396
62323
28873
29075
62754
16181
38848
59503
70451
70497
17568
18875
57087
61597
64251
65094
15300
23422
15208
38702
18165
20500
15351
29375
48103
15605
17058
67395
16892
18279
16341
16803
43180
69885
15795
22931
15224
15278
39753
60908
17685
16182
21561
71584
27429
41802
27908
56814
65513
17025
18689
38707
15495
20188
50824
68745
15870
16781
23921
17499
49467
52646
16128
47721
47350
20534
25697
16391
57187
67692
70072
75617
17091
17926
17452
29767
66256
15938
17557
23780
17502
19032
30832
16298
19925
54855
16425
16689
58337
62877
69948
52322
15396
22189
25156
21882
54707
18710
27853
46120
20355
57249
16733
17314
44965
20411
20988
45582
58305
15384
18245
20071
71376
15794
16493
19543
20263
30004
20110
22520
15569
17789
19246
16829
19561
19660
21949
22662
15328
16716
23665
30356
54800
48599
61325
42327
54450
67144
16121
18649
74181
33403
16205
18583
44158
66392
15330
21047
26588
15771
16525
22623
23930
74776
46586
47434
33523
15887
16271
20242
16419
17209
49683
22880
15433
19778
33210
28697
41357
15902
28694
77672
22897
31061
16311
15902
52142
15325
26855
19577
60602
17633
62907
74614
17460
33628
31610
38747
20189
16092
17655
61158
70105
29486
63694
15374
55299
52338
58839
61394
63601
16799
30606
15938
21657
16578
37699
21267
72198
76011
17896
20729
51334
40875
15469
16701
32290
56656
15637
62041
19294
70230
18497
19547
29004
15435
15495
55052
25824
34172
53522
15500
59550
50004
70676
57927
58735
15594
32834
52672
65181
33507
34078
20062
21801
30491
20219
20604
15375
17092
46346
16227
19124
23534
60217
65436
16212
22331
16413
17319
20916
16499
27060
15393
18193
34852
15423
18520
44786
16262
16583
17350
40068
18842
61003
15727
17721
15974
17910
17344
18013
56548
29300
19614
24264
41939
19950
41089
32268
18567
20930
25156
26579
16842
26104
20367
22707
43929
53270
17792
15761
57532
47688
17329
35668
17636
18987
72694
57560
17176
25510
19832
16669
18693
25065
61500
20031
23185
65901
15930
16794
17027
58598
53677
67380
74566
15750
22468
15518
15918
24709
36212
19777
25585
16583
17103
76043
16923
18114
74867
15954
48170
19782
17771
34130
19250
58519
63162
15428
19711
22143
16056
39639
53078
17425
56462
15505
17767
16156
29241
16471
20342
65867
26446
15653
15942
23053
17959
46620
17159
22667
54210
17399
18306
15649
19142
71880
48153
19289
20549
19561
20576
54931
16607
56913
15465
61114
69971
56404
16317
19033
22058
22935
22957
15718
16029
23466
16109
61827
24719
77947
54681
16276
25938
16568
74912
75015
19367
21744
17475
17489
24054
68042
75096
20972
41681
53257
69131
18668
20095
73656
20674
21464
19070
45158
16420
34848
36823
18945
21123
78872
16115
16379
69396
70199
26832
31356
54382
61174
16049
22584
33715
17201
21321
16519
50329
48089
29905
57286
16661
37594
16905
18502
19225
45519
16036
16715
21965
21042
57765
61677
17581
20584
22132
18279
21232
16340
62725
64370
16794
16958
50268
19414
23666
66690
15736
38392
58535
15609
36531
21573
27331
15482
67129
15829
62868
71048
31553
46860
16008
16689
16957
15558
23997
15540
58144
65102
17926
65965
15966
32668
30287
60873
15765
43179
22322
74968
22941
15704
20487
28226
55299
73785
58846
42636
18509
19948
46216
16864
21637
27323
68760
69124
16690
16930
29750
32852
67171
16793
17474
17187
23084
16178
32553
34555
19959
22392
24228
18755
32934
48873
18415
49249
18834
35739
56543
15949
16172
47227
62721
16773
17065
66920
50006
56683
16876
26085
20501
15776
73171
15806
15961
16876
16407
18040
42590
38128
17887
47028
47305
26240
67668
19853
21561
75463
17176
18568
18300
20008
17389
78800
20297
34454
48621
17554
27381
16874
16402
72255
16691
16881
17086
15894
74259
15896
19062
20960
66310
68155
21833
51144
52592
17722
18087
50444
77026
18358
19354
22649
44523
64095
65593
20692
16520
23172
22612
74363
17141
17382
74175
15532
15894
26644
15940
27039
37836
55518
17816
25262
43083
15828
18802
71045
72364
49378
35643
57101
16383
21066
19478
30312
17458
18240
31665
17001
58139
17445
20503
22416
24926
19494
52357
15797
76267
23187
48130
15922
19148
16321
16696
72759
25101
56387
47947
16217
24099
16639
26329
28702
19072
20861
16224
78597
19887
26370
49535
19762
54526
15815
16630
45556
16097
16727
28257
16622
50747
50852
75983
17782
71965
16881
18793
19557
64474
46729
18326
33954
17954
22792
17234
24097
61115
71741
15708
19423
48835
17804
20093
28528
18835
15673
51415
66987
25698
32763
49103
57524
33502
16958
17035
21280
22366
28629
19725
25486
24735
67602
51388
49449
16182
18541
21817
23085
23422
17371
18998
63311
63465
15724
25323
19890
59015
21521
33325
16683
65104
53055
18213
23903
17586
30732
61655
17677
25029
27446
19960
76077
17536
19455
26018
17551
28803
50855
51456
16537
22077
51419
16372
27337
16507
33939
45787
17558
41847
50551
19324
43555
16321
16392
17919
15687
17080
21788
22970
18712
19274
62009
15693
59615
53273
57207
61645
15730
24220
16957
20237
17008
17194
63055
18975
22706
16952
17496
16010
16097
56356
45601
17410
23877
16449
16827
17378
17717
15945
21038
22025
17291
19374
18236
20611
16770
16469
16632
17035
17086
42059
17623
20975
58812
34329
19184
21362
18291
23679
18868
24373
16093
16322
23251
30495
19888
52963
17809
29198
16375
18025
21305
21986
22048
16859
17178
17719
15928
33573
63091
16666
48250
16615
18493
17921
20399
23946
18431
79011
15865
17635
21560
21869
22340
17067
50912
19572
21141
27758
20187
69051
46480
57238
16623
18266
78969
56512
26240
31159
67706
16448
29378
18866
16177
51886
70357
15727
17359
17891
28537
30140
16215
18902
35279
17124
17746
18167
18626
66130
20038
63058
16164
17591
21312
17415
62912
21659
65092
16599
46107
53824
16688
29598
33794
17074
19921
28279
20293
28860
66008
67166
20534
33080
16863
19351
23088
17089
17662
57339
63526
17299
19145
22007
48259
48671
21376
53929
66546
67244
69916
15753
16720
68841
18619
57416
60239
24075
26911
33308
50398
52062
17065
17370
25952
70119
16619
20005
76020
16051
25432
15758
60464
17379
18241
59691
39745
62949
27031
18108
23003
79019
17101
23407
31404
38551
59052
17101
27748
16625
17103
75861
67848
62850
16035
19037
30084
21529
43555
17915
43976
23069
60628
64501
74856
77556
20862
75464
28201
55184
64828
21363
24087
16212
17292
20761
55368
61633
64558
16833
23898
30566
31599
17181
40852
78849
15942
16724
27704
15806
40236
25772
29109
61955
16489
27746
18940
60858
16936
52389
16415
18132
16155
22163
31783
56368
57565
15914
16485
51525
74555
17594
35340
34807
67832
18808
48833
16408
22259
36959
16836
20570
78704
16433
19493
43573
16521
57024
17940
18048
59131
60826
64718
16614
16956
69516
16328
48867
17011
28736
20061
22815
38947
17681
17995
21801
15768
75789
22339
23578
28268
65597
17672
17933
17336
20360
25913
16462
16487
37283
17268
24426
20607
21230
17339
42501
40196
59861
16349
45289
18254
20390
16770
29158
17820
26968
61593
18238
19563
23228
18818
20002
30441
36874
21880
21890
41089
44217
16484
28002
68501
17875
17414
18637
23422
18349
48013
50891
49651
28860
55896
17562
28674
42918
19433
24450
65558
28578
16641
18904
70699
18035
15769
37001
72758
16471
19994
17250
60773
52690
16041
17852
21741
18719
20853
17989
76418
59071
32903
20233
23721
58723
17462
51985
72233
17364
17739
18823
24133
72822
28381
77442
16238
49973
59685
16786
17477
29338
52925
17812
16737
20943
18244
18259
17407
77602
15898
17795
16148
16314
59150
16228
26870
20451
31166
26118
33137
58224
19207
21283
16586
18148
47554
62927
16210
20017
24984
16191
25630
16083
26766
27792
22881
57686
69341
16349
17265
31443
17142
28858
20847
51360
58596
16457
38815
36927
15981
16093
17934
56191
16151
22401
42782
16358
78784
16672
56719
16748
29361
32554
21991
22059
17389
16000
48953
17838
18972
23757
19141
34397
16308
34124
15985
31471
42429
26729
18835
47661
18760
21588
18855
50838
21992
15871
16035
30039
58059
16928
22512
16296
41814
17679
25240
56323
19963
58577
21308
21815
75645
66685
69346
74761
33148
54580
17770
62324
47946
17904
25962
17187
19113
70916
45702
45941
16010
16054
53708
55343
60979
65003
68819
74212
66457
16085
21359
71633
16282
16431
63065
17603
20946
17567
22275
22726
60754
21898
30065
52008
57260
17920
20244
23825
77005
16020
21136
52319
16606
26164
17190
30468
69090
75833
19588
19742
21303
22294
16469
16856
18124
58864
16669
17361
48793
15983
73993
18269
18332
68390
16452
17542
19709
67438
20822
16664
32203
17766
18531
75245
16441
24667
29205
67053
69992
72142
16568
21819
16098
17222
69631
16797
18962
36398
16263
19317
24852
16113
76738
16090
22156
24028
29484
64577
59162
62226
15996
19646
16110
17367
17636
17373
18607
18528
35178
39176
17876
19221
16856
60021
18857
19298
16490
19404
24522
22593
19364
66159
17116
67734
21232
55691
41946
16696
17689
18071
22719
28165
75932
29839
49644
16598
17127
17668
46356
16470
45655
69500
27431
31965
18286
20094
26432
17746
28453
63429
71344
48032
17517
30312
17737
17916
17317
17475
70629
15969
71535
74338
18347
23215
46392
62273
17200
57392
47547
57925
16351
23372
60988
16074
17053
22113
16449
17009
35022
62663
74501
33362
57346
39142
17144
18083
59309
15937
53652
41166
77243
17617
19182
42163
16007
17222
24563
65843
77745
18215
22312
27391
16189
16820
42761
70073
53867
61616
17829
18797
42668
20443
47574
73723
17519
19320
26409
18169
21713
17174
17601
60316
28537
35857
58037
16472
45494
19502
19819
43712
16018
46668
16833
17113
22076
19258
16812
63711
65410
20417
25380
75580
17251
17980
39497
17667
23488
21800
22095
16572
22176
67411
17634
18071
18125
71766
25609
67621
72768
16033
33641
16514
20296
78503
33084
65445
19128
22101
47600
20040
23757
63418
66187
18240
23275
58933
16316
20356
48175
28307
45359
17957
22737
53205
18433
20119
69403
17514
27962
66334
21078
24378
54446
75781
51821
60454
28047
77704
38577
52822
39878
56779
61255
16111
17419
23239
16100
57773
68898
70118
16101
60879
17058
19689
22951
16094
20613
43494
29613
16644
36512
31642
45357
57432
17087
71599
62712
17551
19794
49717
18283
21538
55406
17749
23182
52319
55206
16755
22605
78787
33367
41166
16284
16251
16306
59178
54250
17331
20789
53651
17989
21268
16920
17169
49467
16385
16525
20617
22488
28526
30076
18427
18797
73159
18879
41450
16625
20261
41425
16183
42310
22621
59335
19050
56304
50207
74397
20934
24023
77754
16359
17427
21344
41032
16496
20285
50541
17513
18186
19551
19659
41714
17469
19496
29400
40653
40501
18792
20701
19023
23789
76954
17873
20964
76638
40084
18810
41378
46007
33250
16289
69269
73806
18840
51107
18803
21759
51482
17916
20636
64225
16064
48288
18044
21116
52538
54850
18770
37380
20383
32887
23436
29154
73940
16286
36016
18102
59493
18215
19293
22386
24132
16590
21564
39053
18243
59709
18088
25573
16745
22888
52727
66025
67986
60236
19076
22060
25023
22263
23223
55276
68963
21753
27232
50521
65813
16256
18337
22759
51550
16949
23021
17903
22823
23436
46012
60713
19096
43514
49807
60017
24413
30019
23514
24549
68368
61023
66648
16251
16586
25500
22221
46204
18175
18921
45598
21377
40280
20807
37602
56208
16313
27546
52392
17669
77269
17164
18023
45039
19725
26746
60407
16548
45371
20689
42894
16305
27348
34448
35534
23345
65521
19091
28081
16350
16950
63479
31023
33114
66309
18129
18505
19369
17168
18075
16980
27425
33404
20657
52795
27979
48462
63066
59051
60796
21363
34803
16554
20612
21164
17555
22570
16168
17587
37044
18388
23326
16597
69326
16871
17549
40556
48164
76320
16466
20896
64900
30225
53333
17048
18196
20167
34249
36833
69230
50102
24667
60484
74791
16780
73363
19922
20936
77752
22159
42991
16880
21804
73657
17553
23510
78349
19641
20465
31628
16273
16930
20329
65673
68126
16777
22180
64854
16920
17511
52646
17518
25547
55179
48761
50398
60129
66384
16527
16693
22541
17370
17435
78608
31446
69441
77993
17313
17454
17794
16601
20787
40462
18823
20377
43987
17169
17302
18272
61533
16461
22473
19735
22098
17822
34807
60546
61035
16697
17549
18382
18922
73597
16665
30076
39664
48414
63637
17207
17950
16889
20610
61348
20168
23371
47904
16406
18384
25505
53671
16927
74085
77862
63012
19163
62582
64514
16507
18917
17264
53763
67435
69773
17143
18508
43277
20756
20910
68177
16655
20309
20712
21394
41003
54048
20676
50979
20111
25129
16460
34171
19230
20188
20533
40361
17090
17596
19539
16659
22149
24361
32221
22590
18714
17926
23882
16899
50514
55791
55940
18345
20623
50499
61603
68093
20017
20463
24707
38815
17004
37821
16470
17528
18799
18952
23417
47164
19779
20135
46276
65439
55797
71267
17847
23385
78677
17186
19841
22866
18545
24905
49166
16938
20428
16336
31099
57872
28917
56806
68831
16808
27155
34249
17983
23617
33963
16439
16559
20992
43654
17439
17699
16832
54695
18010
20181
24603
16250
78808
16969
19574
67938
54491
78496
61415
61821
69565
74936
44777
67567
25069
56807
74523
16904
19812
20749
19195
21562
16722
18968
40096
48463
16318
21812
25630
20010
21249
22930
78966
16421
16886
48462
23027
44341
16653
18475
41908
17149
21753
16969
17151
19425
24355
16721
18192
51506
18811
41912
16462
18110
36547
21805
41212
56358
17090
17151
18901
16324
21624
29665
16774
22989
16264
42294
44454
17853
19076
38842
50456
27557
59459
63276
17360
34339
20814
21614
63775
16680
17646
41212
19956
20821
35141
63871
18449
19950
48830
20280
26815
19876
27050
57316
22566
23806
20459
24447
66530
19294
19535
39425
18942
74668
16546
73269
20497
25219
17227
61749
16627
22686
34274
22293
28146
62125
21975
35419
60234
18373
24338
43182
19783
19835
35375
18329
18805
21322
66296
72484
20697
16949
17969
22716
62728
63757
17198
22641
18203
36534
17613
19207
36595
58490
17427
27644
18110
24549
38342
29841
59400
73297
30158
17105
55096
18861
29372
19491
25481
63974
67844
18072
18797
23866
45069
16528
39341
17631
17879
40482
68264
73432
21324
26885
17398
37614
17495
51923
73398
19853
43890
18632
28061
53415
72824
16865
54259
28514
49998
68670
23412
18741
24761
17464
56358
18703
21416
26565
17212
26632
40222
17281
20272
69676
45743
56303
20912
48011
56970
50878
56035
49972
17089
26828
53668
56531
60897
28381
17128
18271
29965
37876
17683
23058
34410
31877
41346
18448
24945
77430
17840
49105
71997
73081
78045
16634
20941
43810
69524
22543
40705
55880
67471
19314
30421
19588
56373
16438
23880
24823
42968
20398
17117
64740
17521
21144
50844
17558
18743
59916
18583
28241
17676
70071
17837
31930
17633
54620
65195
75118
18532
30678
52851
19291
61434
18783
30105
16668
17181
17543
17565
55890
45722
19006
18228
27274
18260
18272
20879
39736
19684
20587
18822
21320
60280
61246
17109
20823
50342
60826
63315
63727
20145
60396
64656
28136
19081
19370
70124
19570
26967
17618
22030
34407
65346
44058
48936
34438
35158
21388
22712
25074
16805
18005
45992
24428
70783
59739
17882
32936
18156
34643
37175
30004
56523
17962
41776
20055
20245
24501
55779
58225
45802
54357
19955
20167
26174
35430
16458
22468
27898
64266
19540
20457
28286
16636
16854
25065
17295
65049
16670
18047
28470
20537
59661
18579
34707
35250
17007
34488
17395
23532
16545
19912
25471
38702
24023
35942
77698
18394
20411
33270
46298
64472
19159
19478
17651
32127
17697
17715
23995
21312
57804
29536
36127
17714
20559
38818
17680
22904
24060
71625
17978
37848
21288
35397
56671
16636
16674
51476
63136
41888
44453
18160
28232
47538
16989
29860
19639
24171
34949
20702
21591
41517
16514
18995
60779
16680
16971
54319
46582
17179
17498
22528
17888
17928
18497
29452
28663
20472
77933
25108
74271
16786
72938
16674
21269
17658
17864
17612
19034
20029
17073
66874
23735
39934
17242
24076
17715
17888
20754
49432
18910
27090
38512
44302
54281
42733
18411
20306
18260
18327
19814
22671
41343
73703
73731
17659
17379
21635
44870
19043
27900
16615
18256
42362
24156
62011
17745
52723
19203
37759
40096
21246
55824
16776
19606
67417
21239
42782
50563
53051
22488
17327
18707
17628
46053
53315
57452
25698
45344
23993
29440
77368
22780
36804
77555
17489
17841
20046
20273
50221
54911
18107
18812
75915
18576
18577
22507
62475
18239
36355
42645
19158
19243
76018
16632
19166
17376
17481
42876
18106
22166
17332
27061
54547
58499
18553
72241
59875
47761
62312
66335
32135
50135
67538
17665
18078
25859
16584
18955
36186
78652
33505
56189
32971
44870
18476
20330
21121
17754
20316
68939
16671
17956
43773
19575
42176
25442
54936
18591
41437
17343
36881
20496
62351
63444
24665
54646
47961
49249
25452
32201
16532
17645
72083
18003
31956
26526
37157
23111
37055
25762
70191
20639
51754
18550
23277
47180
16709
28236
17041
64072
74671
17986
35660
37327
56250
16670
16795
21483
16554
19475
48994
20278
54337
23419
26862
16697
21723
36423
17912
18632
24654
21274
25062
17275
28060
69452
63170
67174
17195
25537
17247
23199
24047
17634
17689
53921
67098
43583
71609
60565
21971
27566
18029
20644
31471
19342
20301
21505
48645
66699
72157
75491
17632
27864
26554
16815
21625
51295
16783
19170
22741
17955
54717
56771
18551
26815
16562
25857
30555
55761
16738
17792
20580
19201
17114
18877
28212
60050
17393
37057
17325
17420
62344
19543
75160
35161
25617
32552
28511
53264
16693
18320
20983
21028
29003
49868
68100
19105
27783
17568
18737
25354
18054
18454
31579
57576
18809
38734
19265
21056
26403
17481
17697
29541
17456
18921
75971
23131
51217
42923
21617
42642
55305
64108
21186
18323
19270
74520
18146
18237
66120
64229
71350
34245
49584
16638
20371
21999
17644
21283
23697
19906
41915
17881
23201
25156
17868
18503
26696
18879
34643
45317
18648
29832
25993
22254
60529
17990
36778
52280
28893
36181
75669
17406
21780
22998
18107
18111
18237
18446
21654
21774
46349
32759
16610
48826
59671
18429
50023
19908
23206
78287
16673
35534
23187
47259
24675
18000
58112
17589
70215
18533
21115
54331
17196
20974
43186
17872
75017
17376
17619
45875
30052
63210
65498
45148
17482
26045
47136
18217
37493
71083
61350
73693
55719
16661
18793
40961
22214
28625
17835
19898
21848
16814
17849
18169
26876
19810
71257
29167
50157
45684
19961
37059
20150
55750
60678
18017
21682
24012
68832
57058
20755
27350
23275
69520
73588
17682
17815
48013
31385
76255
17547
22543
34683
18929
20859
29419
20808
26340
17503
32643
17351
52126
25330
18274
19539
18411
19176
27605
18812
19158
76027
48336
51145
18144
25699
78328
18619
22392
63186
18247
19638
19824
17310
30126
18467
18953
26432
29259
42479
68495
74944
75025
41265
18066
55523
78213
54322
38342
31171
18986
28953
69260
19907
22439
46826
29909
52546
27971
51725
35884
41323
24222
17501
22283
59428
19906
20259
19296
21782
21026
21345
23126
17404
18026
64558
56317
21273
28089
74398
54104
17996
23919
17253
18869
66430
48188
56337
18822
60176
17300
68915
22629
59075
72423
34354
18173
19954
68211
18601
21300
53081
30629
17063
17099
17827
17741
22524
53066
18454
18721
29830
17198
49004
18756
23718
23250
26068
16853
25688
26645
66720
17671
29849
71843
25152
35884
17166
18765
24127
36208
39571
59134
18086
18584
24901
48417
18036
19766
33593
18033
19522
19177
25946
63479
59950
18167
17487
17497
28458
18047
18753
22615
18078
18681
58991
23729
34105
34248
17904
22609
53282
40414
72511
19406
24007
35417
40881
54283
20722
66418
35672
49624
18513
19014
19741
18819
20217
63899
65429
18822
21398
66686
68044
18008
22066
57133
19050
69993
54264
18323
18903
22151
25328
56351
67057
74412
54698
55575
17025
17821
50166
67814
21056
23094
19206
59247
70027
26938
76560
55127
36440
52719
17480
38397
18145
18225
19503
21217
44834
18063
22010
18578
30774
58200
63546
63855
17768
19654
63852
18290
42309
18360
63403
33234
44187
20590
23950
17906
22376
66217
19537
51763
18137
21325
18055
18939
37282
17836
23976
26573
18985
19038
17560
21594
18726
22003
71417
21083
22743
23891
61055
63948
64113
25790
36469
18268
19960
20481
34475
19127
19872
77901
17180
26667
18439
18674
58291
36170
63582
17646
74992
18155
68005
17366
39345
62708
52112
58559
62163
16970
65357
55832
17530
18747
16935
74602
23746
54706
27666
62456
62902
17619
17625
63681
33736
28878
31417
77251
18301
18731
17507
27888
23171
31560
17429
23907
28266
18693
21474
26411
64796
57586
49287
54333
20693
34990
73696
17203
32085
74928
49887
18813
22269
51263
17850
20514
29698
17788
19629
37312
17625
17675
51794
17029
20648
21062
19384
17085
19825
58633
21790
45122
26328
34418
18721
19617
38988
18335
66087
19127
26670
35508
46600
56127
19391
19769
17423
19600
74647
17434
20638
65130
16964
16971
76000
18406
53121
61915
18146
18686
65876
51455
62370
54174
20941
31810
63840
77148
50923
63333
20152
27427
30758
16873
58216
59046
16938
16964
54691
22610
25941
27606
18675
18992
18124
21301
28028
42229
31171
19604
42054
16934
17608
59904
34718
19213
61471
17260
18263
20249
19153
19240
25867
19581
20593
30826
62408
17361
19273
19422
39175
18145
18425
19756
16872
16938
76286
45468
77810
16987
21051
17073
54915
21882
23697
24060
26317
29520
39572
78098
20747
43604
46768
27000
47353
18836
20595
52977
54504
17226
20970
27002
32436
18680
18851
24392
18698
50541
21489
27413
20694
60030
61035
64116
49551
58592
17228
17324
25884
52666
18111
18462
70799
18237
19822
67125
17899
20173
20404
25340
77916
18015
33002
17549
18484
36423
21879
50690
42429
29386
77386
20818
25397
29881
61228
23329
64607
78498
17034
20198
20806
19084
30507
18203
18100
22739
64627
21319
30253
50376
67616
17133
34066
16922
19481
20667
17928
19044
21646
60876
64323
16983
22209
56027
17310
19806
29883
68057
19397
22429
30660
44923
75148
31550
34410
18352
19407
72521
26665
31805
19243
20277
76105
18963
19949
20315
22090
37186
17422
29403
20153
50641
56195
57524
59281
45948
19765
19873
34497
20837
21567
34037
17815
19416
18122
33720
65846
30693
19256
19608
29661
17511
18627
19176
27708
52583
59593
20290
69327
17404
17733
61633
19041
22455
25326
17117
17299
18747
23091
17974
18562
18900
28447
41705
18070
45665
58347
78468
18781
30773
54980
18045
25723
35114
29102
17348
17530
18478
20978
22821
74477
20816
19791
24051
77976
18866
38669
63675
22869
71865
65368
50294
60668
75069
17381
17403
23933
18753
19589
48722
73559
68152
17694
21578
30550
38274
17401
17769
66548
17375
19605
28476
46624
17744
18264
66435
19588
21708
60104
17008
54832
17272
17303
22217
42731
48852
18575
27697
34629
18587
21104
21888
18960
24643
19670
28191
52644
16999
56646
60186
17582
30621
32755
18281
20950
21512
18324
20388
75446
17914
25502
17139
47990
22558
25119
49609
59824
17500
30660
64209
17062
30883
19451
23616
26153
53797
35449
17348
17576
18436
19803
42154
75585
17901
26960
18198
19138
23115
17095
73814
22074
65992
20729
27596
17296
21073
26624
18054
18396
32400
18505
21185
19138
31657
20200
65721
18937
33753
34105
44381
73286
26056
50858
17742
20256
36240
44036
17273
19123
25159
71405
18162
27978
54670
20837
36953
17675
18042
65381
58107
61532
19241
79044
44948
19083
19664
18387
18935
29414
32168
51190
55113
18777
22031
73628
45137
51883
19452
19604
27801
23837
30228
18665
23988
25265
24233
46893
19273
19823
33352
18285
21507
17115
28656
29662
19190
28615
62609
30259
64195
20574
22203
38432
22764
24849
18538
35922
22674
26492
17175
36989
18829
19125
39010
57005
17951
20183
20486
20647
29966
33746
23382
26793
17669
19427
32913
22828
21939
55761
18999
26975
21695
50859
17469
20866
41010
18633
23550
24251
20216
17459
46012
17269
22704
22987
23550
18740
20703
31193
17236
19688
33860
17702
18649
20203
17682
21090
50891
17835
19371
74734
74024
38255
20559
22041
50147
21111
35640
21036
30628
24385
72415
20359
20833
74933
17189
66001
17793
29465
17248
24431
26655
22008
54531
17177
44438
19150
19466
17397
75105
75142
46438
19379
68022
17761
17907
18676
75016
19393
19569
19039
59471
67685
17560
17666
17401
17566
67683
21086
26444
18908
36308
37157
60209
63335
22446
23819
27002
34442
17162
18428
20636
22987
22972
59852
22291
26955
62053
17821
20482
17587
18817
39594
21220
22316
28737
19603
43714
77530
74779
77065
17470
38586
25524
50800
17868
30472
17153
44786
17970
25220
33446
21639
31845
54067
33610
24619
25390
17810
53753
58524
18559
58356
29207
52002
65868
17188
19602
74864
19988
27422
25430
30482
19962
22019
26787
46080
20731
26726
70692
20710
32057
17658
23208
17688
17833
42238
17437
56397
36145
55992
72238
20203
74835
74973
17178
61642
18688
18878
17196
18675
40425
17542
27886
33158
17869
17733
19329
43390
64566
22611
50005
23543
32179
17440
21682
17596
18274
26291
18885
19474
18713
26448
27931
20572
21343
17202
79040
56036
53698
34392
67718
31534
73996
18701
33483
19242
28051
23118
17786
31737
20612
21080
53657
22122
37974
25524
38722
56225
20393
23294
17255
74806
50209
73343
20981
22755
24259
31149
22456
53787
19090
20201
18890
19445
30911
18478
65756
20882
26170
20383
22968
61198
17326
20121
28157
76512
17495
39986
18094
29796
17406
21711
23938
53005
20147
20535
18285
18294
49821
17895
43436
20169
26062
30321
36899
18043
21947
24425
24801
41309
18691
38998
21180
50794
19355
26025
43963
30881
67386
17219
41664
48898
67420
19322
29120
17545
17657
22272
42320
53930
21383
44716
19095
23368
25608
24660
35452
17665
44530
20289
20335
17490
52415
18818
27833
18681
19632
49809
30944
58888
57289
62782
17947
57132
63836
29527
56321
18717
33296
43421
46746
69988
73078
74488
18252
32440
17712
21057
31327
18616
25490
42670
17338
63238
58129
18038
59113
61108
58407
18859
49676
46761
49116
43017
18885
19057
41198
22041
61496
17747
43186
19574
67749
20239
25192
19247
32914
19832
17413
17546
50030
22227
22258
56896
60946
27134
37876
21080
71168
18605
33827
51234
72531
20718
57993
56384
45255
74889
17988
51021
62537
18022
38410
17274
63120
53400
66811
44008
37478
23664
19446
19673
19905
21675
29658
17526
27785
56936
21043
23182
17830
20728
58981
22738
18912
17480
32056
73876
19590
21822
19773
20102
17769
18042
55651
19786
19928
60732
17925
19271
19740
19847
22096
41136
22612
24219
20890
20898
59782
20388
77059
78487
27622
25438
35284
54995
76481
24772
63520
18183
22093
23019
18424
18973
40049
26353
32190
22575
19474
19786
62135
33422
36778
18127
31455
18758
20615
63967
17657
17666
22880
22323
34541
41164
17827
18207
39841
19831
20305
21719
62671
18988
21867
17818
21012
17818
17952
50066
19124
24125
19695
33692
64180
71621
17575
18021
20238
19810
20166
76014
25694
77029
18158
48894
61385
64189
17850
20597
39497
18820
17934
71509
71646
36808
65189
31931
61171
19589
23435
18568
24058
36961
65674
67909
48487
19804
23230
54509
19795
21443
35739
54390
22052
18201
18622
78859
21490
45021
18274
34885
60365
32866
62092
17566
17861
50213
76637
20827
72051
74817
57819
70870
62155
19945
76717
75815
17723
27135
29777
18462
19311
19746
18950
39324
78013
18369
18650
24460
26170
17819
20873
27888
17965
18026
19088
23189
23156
24317
18412
21041
17878
18080
23158
39111
18901
19539
43298
19386
50062
25476
26513
18099
78464
19125
19642
25960
17482
20992
70272
70365
58953
66606
45171
18043
18458
21916
21945
22345
18254
19542
27260
32173
67659
20554
21085
34136
56491
56984
46312
18716
19798
75443
37453
57846
17780
17546
18130
22180
17430
51861
21117
24495
26055
18720
44175
52492
18281
19480
17423
19107
77399
22949
24608
20470
33725
37213
47527
52487
17519
33467
19072
27113
40952
19656
19693
39428
21255
43487
25773
31634
20881
26872
19284
24091
25284
19126
23246
24689
17439
27019
54127
22295
22941
18007
25715
36244
20053
22977
54879
17852
18930
26940
18492
20382
21109
22540
27812
20532
22341
17462
61388
53144
64775
26391
74399
46535
53430
20119
68430
26265
55776
21824
36793
52997
17874
52285
19937
27419
35360
18749
21557
17899
20466
20482
23445
38837
62302
19088
20366
26006
29904
37157
46906
19106
19262
19642
27614
58537
20725
21120
23189
24219
19371
19714
78540
18967
65745
18763
26738
51149
22892
23367
78730
20032
21495
28262
51993
57724
59415
19235
63452
54685
59933
59987
19457
20423
19731
26184
47311
21419
19885
20858
18336
24215
18858
19306
29777
18942
74657
17828
32735
53855
17811
22349
19472
21907
49999
18939
28839
34175
17757
23840
18611
27418
33142
18692
70911
77020
18021
18527
19596
19021
29555
35420
76963
27242
29959
20866
21777
26045
26945
19063
19264
20257
78024
39571
62233
21821
25669
17735
51302
78262
19645
18746
17961
27135
48899
21783
34617
19064
27655
78999
24190
28768
52754
18317
48434
78675
20234
26167
31432
59542
17511
27605
58018
18401
31507
23603
24791
19044
19544
21071
22242
54676
18839
27459
74295
36542
19063
19416
19469
20539
28670
36314
56993
20338
33844
27178
34487
20941
50135
67374
44070
20164
54618
58035
17936
21340
41422
47259
48331
17872
19090
19437
60788
18191
24315
22277
69159
28526
44580
54814
64885
48458
18387
19313
52258
18948
18956
18998
52651
19919
20238
25876
23171
49572
41665
18396
18804
36574
18231
52866
60760
23293
25103
21172
21199
28253
18312
23626
61738
55216
26724
53030
18950
22075
25134
18230
50014
27336
30668
19768
35909
65134
19780
26619
44311
20447
22267
56467
22457
23755
20584
58289
59715
17849
43061
18767
23507
29069
66557
28888
44410
55083
72276
62136
62623
20738
22191
28784
20098
24356
48309
18446
41174
31900
78176
71631
19003
19626
19061
25282
71624
21612
24192
25313
60373
66080
19125
19262
19851
44841
23744
18469
19261
24736
20299
24715
67663
75412
21483
27292
30227
59029
19411
37599
19529
18925
31679
19252
19719
20394
17843
39238
42470
19109
35984
52484
76384
17707
19874
22684
33939
63206
18320
22541
20605
26278
32151
42184
19289
22668
23927
73029
17622
31338
71954
22355
24261
67320
18440
22815
24019
18695
21607
21465
50551
18742
21718
23022
35164
20848
23336
25505
17848
27283
64064
18439
18527
19990
18150
23740
39197
21470
39446
23051
25987
18881
19802
36875
18979
24302
36101
20652
25421
27070
72433
77177
18593
23286
25018
18188
24396
35239
19748
73281
18016
25616
24901
20547
21378
22196
21147
21407
46461
18086
26555
44170
19004
23686
28894
53046
19738
20123
17857
17867
21371
17878
21138
19306
24620
68679
78632
24592
25682
18849
23008
28317
18650
19115
20155
54510
55408
61463
61770
76372
18381
52698
23358
37014
22931
18878
20736
55467
22886
19271
22912
50380
20247
20729
25336
18372
37468
63554
66959
19902
73056
21098
22955
50224
56217
17688
19929
27424
23752
20862
23556
18645
23584
22314
41588
21207
23054
19217
24568
19544
20075
20193
23543
53639
19036
24661
19149
24825
56244
19563
25764
38920
33467
19106
19115
20277
22110
76132
18176
24264
24265
17824
38425
54416
59331
17832
40511
19214
35972
23599
23774
19175
20052
18534
19223
22681
19683
74055
26399
40833
18881
19946
28330
56922
66070
37961
21315
26372
76497
19739
21124
37916
21081
45458
17748
62835
17964
22922
18123
68847
59281
60354
73976
19064
22019
28650
20033
78221
17791
34488
52624
70462
78758
24299
34629
19641
34513
48714
18310
44290
20522
18154
20271
17754
60407
18211
29323
19824
25178
28906
78047
79425
27242
40683
23851
48478
43206
27655
18940
53186
55864
55577
23626
24473
61969
44786
58391
26992
50312
18369
18916
41165
55120
19665
34571
18981
19823
33916
17798
55944
58692
22998
25150
19929
21834
17833
17999
20366
19676
23638
52526
51988
26561
35146
17857
18121
46392
18351
21688
21018
26005
51354
53391
19326
18324
20844
21641
49438
37522
64142
26794
18901
22770
55059
21949
53263
51858
47600
20547
21012
21828
24961
18239
21699
25417
17992
71836
78900
18829
19851
20112
19538
23319
23458
17898
20304
27402
18168
19174
56504
19680
21282
23364
58397
18182
25795
58327
20112
20771
61612
17977
41425
23246
28032
19431
20556
44644
18819
49473
53868
17897
21257
41667
25208
76237
23997
26254
26982
24913
21852
22582
18290
43433
24976
47357
19765
22403
41720
74701
78840
23026
23533
77293
22768
57252
48971
67656
49678
57450
19582
44437
61532
62649
37145
54713
21121
35686
18446
19822
36666
18189
24867
70788
23455
26543
19519
29254
25329
29740
18268
43166
19573
21739
40787
66746
18915
21980
22154
23358
26241
17952
21181
54115
18796
60628
49664
49946
36309
59955
19345
36054
72865
54395
17879
78817
70457
18191
18253
18060
58270
26009
42461
53365
18204
28307
18556
45510
25304
48263
36584
50832
34781
27547
44604
67215
22036
28030
33539
20011
30698
19465
28317
48601
25350
18764
33352
21187
45918
24455
24275
33546
60672
22965
18744
69368
19110
19932
20554
20266
19329
19864
38519
18404
18976
19893
22189
23201
17917
66978
51988
22567
23721
31045
49387
24081
27312
18097
50059
19369
48890
18924
24415
67316
27014
30682
18098
22554
26461
18804
21128
19520
23700
71072
27948
23672
57565
33206
25308
50129
18450
19319
34403
46729
56499
18559
29487
50005
18635
20499
22740
26126
79049
17985
27734
19282
22546
19007
22656
25710
25553
49363
61722
18790
31255
18302
40121
44743
19069
23158
28310
21517
23661
22139
18257
23433
19655
26522
20540
23129
21806
23077
20974
21392
26460
18420
19966
30566
57584
25816
19969
19319
21895
26193
47524
72594
18202
53010
53424
18211
20138
23526
22455
30294
19691
28787
76936
64464
75600
65675
17991
21854
50783
20155
45274
46139
23297
67576
25529
64111
46122
18671
19934
53362
23949
30686
27827
76345
24141
41671
38325
19185
33770
21528
42120
78771
20796
22393
21257
23782
49150
79021
21730
22894
77081
22370
24382
18200
18289
22888
34936
53329
59599
48970
42219
70807
45062
68960
21003
21151
32375
40391
51860
27551
54600
59270
33846
37145
68187
78707
21541
30210
35683
20174
20592
77699
22317
22824
19316
58642
61861
19484
24457
52236
19642
36531
40875
21990
35821
19683
26844
74143
19333
25592
60882
19954
20021
18247
20049
20537
54418
59710
63113
63266
18517
45515
58596
19882
64887
68901
69001
74723
46322
50327
19381
60360
61765
18790
20504
27755
18432
41181
34618
53085
23639
58537
22744
59514
64218
18564
32978
56010
18151
56028
21312
24125
25736
34571
21601
78639
18233
32514
37015
19367
29560
34430
58516
21686
25184
18380
67993
21011
22378
47302
22237
24160
44640
73822
23707
24111
18521
23568
73581
27711
39640
64619
18182
63538
47249
63299
22146
23247
77577
42923
21808
47838
18153
21940
23214
21269
23908
18623
21480
19771
25080
37538
23282
25477
18128
42863
46469
18734
25318
24414
19165
20969
25680
29918
34245
26525
42254
19385
51224
21698
21925
26276
63562
53065
19198
21223
42059
51894
61024
19135
24353
36501
24963
18530
53006
24365
25742
64508
22676
37738
50882
22968
24414
18623
18728
24276
67237
77265
18352
18357
29294
46748
68914
18289
18750
19584
25984
37699
23294
29078
19272
20685
28055
22334
27464
59748
56877
33610
19062
33806
21875
27732
39770
19756
20514
18608
49464
57323
19678
31697
23109
19264
20068
20468
24272
54095
18588
23190
34022
24385
52051
21299
21448
31372
50165
20806
46930
52800
32587
52620
20641
20885
21874
47721
57159
21301
28218
19360
19214
26504
66072
39936
59939
26434
43231
46955
59188
18656
18672
47355
78184
54784
58142
28122
29577
18284
18928
23249
36170
19638
67585
19327
21192
25145
78084
19099
21861
45511
62685
24986
30153
76780
74964
39223
75457
20849
29746
51741
18795
20507
34930
20522
22691
34094
46783
47218
22204
25305
64491
20295
21176
42729
66503
78580
21169
52580
19956
33969
30227
35687
19689
34995
23345
25564
18695
25612
52408
69048
38519
73850
19685
19733
20758
20872
25311
72584
18341
29729
33612
54440
20135
39516
32179
63119
18223
51514
22535
22675
55049
38939
49689
51860
67840
24424
26691
55829
26188
22197
30144
55524
66423
18542
29849
39765
79036
24991
31978
47768
19734
56653
18656
18728
22168
23600
70284
24190
62492
66621
78352
48651
19703
27958
18964
20528
21210
18534
33539
57302
32547
32943
18565
19555
74249
19307
20122
73485
18229
22368
52990
20202
22938
76238
22161
22753
18672
18711
22549
21554
36597
21682
29662
35715
22624
78530
20907
21914
23892
19135
19548
38429
18676
33730
18968
27682
41406
19327
23490
19259
21005
21554
18696
22611
25037
32134
18648
30886
71433
72404
78674
19993
28870
52693
18388
19709
57521
70183
24665
43502
18137
30706
55940
56064
21033
23649
20826
23179
22570
24502
72697
21308
21631
75783
19058
18815
23395
66151
18164
30419
31769
18371
30635
78747
20005
31253
79037
20939
22727
71743
74347
24706
25189
30876
23688
33515
58887
21205
26758
19719
20283
44852
18257
75330
18357
18647
52186
32745
77557
24757
20306
23620
22014
25073
23763
50066
54115
19192
25465
32378
44223
52636
42608
36174
37290
20858
30962
20926
21036
78991
18569
54410
70889
18561
19511
29297
19622
21225
77195
19132
19919
20381
21484
21104
33237
19457
20308
22705
22762
18516
24205
41459
19590
26721
20427
29468
36502
57973
18735
34453
19281
25016
46229
32972
61682
64449
70224
26346
56503
18920
29874
18465
25335
19213
32748
52013
20548
53619
24225
27192
19114
19714
22445
20150
20901
64336
18640
21096
27159
27401
60877
21333
38085
31681
37028
66849
23315
18328
19682
23981
45007
53277
23786
30323
72688
22171
57935
18852
33031
19696
20313
27977
40107
19677
20171
22225
21461
22398
34425
18624
25510
18704
19122
21304
33768
40206
63558
19344
42038
18932
19633
29973
19571
21309
24993
28609
58821
64067
18903
19270
30551
22431
18247
18946
28906
77054
18263
19849
20716
21314
72891
18801
27608
20459
39370
23032
23462
40879
44621
18590
19764
22211
18804
19464
20538
69998
18777
21592
22868
20921
22578
45222
76037
25149
70143
55378
18380
35049
25119
53640
53153
58308
19109
38884
51495
77703
19985
27349
37969
19142
24251
18477
20332
38509
58283
58338
69638
27785
23269
22159
60726
78506
19026
19278
31682
38385
19313
52857
46881
18537
19712
18450
30107
78203
51508
64317
19437
19632
23320
50930
18306
24116
71485
29467
41618
22943
60442
57929
19820
20700
28939
19981
40731
18916
21455
22125
25270
42075
18458
22183
59543
19382
66069
75335
19691
19842
26640
57126
59290
19516
26888
28880
28292
50685
53608
75218
19974
26818
31152
49607
74716
19161
18354
18572
19459
18310
38767
22845
77756
20394
73905
78235
19889
21088
43885
19077
27502
27870
60531
21557
21628
39551
19746
21155
61902
19058
19279
22284
20060
22813
23743
42458
18877
21577
29273
63788
22332
25705
77300
19828
18796
21100
22377
23943
54851
20275
19752
70464
70859
19695
19717
25915
21057
31836
33205
20619
36691
23837
29797
40175
67173
67192
70620
47264
19101
19287
39234
20646
21641
27331
41258
34392
40472
44184
18585
19222
74233
18499
25617
20123
20790
25579
74013
19336
75990
18904
22375
20464
21723
22700
20173
20466
23033
28432
20021
45616
24225
24502
19626
27355
34631
52873
53153
21711
22827
24894
21595
56651
78465
19524
21469
41102
18767
20744
24142
26137
40922
19673
23329
65850
58870
58975
22292
23078
33915
19227
78563
63495
21681
27585
21132
26418
53984
22015
19785
27183
78544
21404
58634
60760
19894
20113
18581
56879
60258
64466
66811
19267
29187
69875
56519
77451
77949
38332
54762
69409
18563
20874
21138
35836
20375
30379
18623
37636
18483
33227
54526
18665
22513
20403
26379
55458
21487
36070
19717
19998
51007
22128
67109
68958
70170
18464
20185
20760
40414
21333
28135
38995
57654
59399
19258
54800
64258
31849
41332
19519
37957
20295
26925
59145
21959
22049
78246
47421
55743
19336
19599
21804
73833
19988
26476
28020
23385
18576
20771
22389
19767
20625
21224
60483
21948
23054
59479
58456
70653
18649
21507
22178
47223
56164
19530
21438
40057
19536
19813
20911
20918
20647
22006
28469
19038
21849
18687
18925
52679
20351
19594
22293
23689
35594
64044
66837
56064
20193
21202
52993
19507
29437
73008
21490
21999
36602
18867
20662
35081
26240
21509
49500
60897
21392
73042
19028
72135
24596
31724
51469
33883
36472
20187
50145
21330
32911
23091
48987
21939
30234
18934
51268
18479
22937
30503
57676
48740
48778
20501
34398
50419
19739
41114
19522
25391
55562
19182
23266
44095
62189
20842
27307
64460
22447
27578
26855
27962
23032
25256
45517
55124
56107
20625
20874
78556
21606
26159
64271
20304
34391
36130
18539
18824
25991
34884
19774
28782
42819
60588
66961
21412
26088
56491
77288
20646
20672
21573
32571
18677
25963
61322
70532
21235
22488
18584
24574
25254
19492
20902
19565
19816
57951
59010
61281
21469
22444
47150
46678
52738
75014
19134
21548
28388
30538
21657
21766
22934
25374
25183
27744
18485
18702
37412
19008
35998
45462
55780
56807
22515
30889
45468
22141
30740
64116
65029
19122
19279
69952
19933
20242
20385
24387
27370
21407
41578
19694
26984
20225
22473
27177
52387
52873
19300
20205
23808
20812
21371
36154
22303
19451
19541
46790
54223
19598
20901
24535
47568
53772
22914
26680
19000
45404
46460
25153
58035
63294
56543
37019
74461
21248
21306
48381
18691
21546
29781
30380
53292
21313
21525
24691
25988
49546
19054
20184
21153
26042
19820
37672
19259
19587
18522
35257
76901
42839
59408
23486
24487
21997
31287
20557
22621
66910
19057
20546
24235
20937
28831
32176
62599
24819
45587
21717
24388
73534
19026
20805
25455
23382
34088
55067
57419
38981
20388
20844
71130
19097
20114
26120
69792
46497
29618
18975
21029
22341
70905
75721
33889
37039
51263
20686
20838
25768
50155
54178
20574
30882
23966
24979
18795
19801
53384
19869
21879
50614
18642
75416
68158
18957
22390
62225
20298
75899
19551
19059
26280
26446
62649
63115
20136
20956
23531
18589
19397
25164
22908
27796
18724
19651
20348
22767
40035
18651
51847
22053
32365
45619
24980
25674
24635
36730
19960
76080
18664
19887
20448
20812
19235
31418
61735
18795
22039
49160
19191
58363
25003
29303
27089
37384
19397
69981
70502
38800
52988
19134
33518
60340
50730
75157
20327
31045
18676
20442
32035
69493
23648
24684
20257
29091
20691
47556
24818
41838
21257
25581
29532
21488
55876
18996
19521
23314
46074
65217
29071
20061
23686
39205
30731
42645
21683
32429
49273
61132
18963
77913
19916
20688
74661
19677
21197
22453
20090
25013
29996
18809
21031
31454
21316
21615
51612
19499
27965
50420
22938
50457
49276
18929
27949
53251
55961
26566
31769
37974
19296
22577
24332
39412
50427
21134
25408
38512
41835
37613
19507
20994
28501
20343
23700
57641
19541
75129
24831
25488
18702
34910
75133
28257
44623
22585
51798
65711
66522
19610
20085
27717
25551
35820
19778
33840
27964
48466
49478
18900
19281
54471
19976
19712
20049
20097
25709
21458
22627
23922
71416
71967
75664
70192
70568
26448
31156
74899
20805
25496
19894
21167
40412
19248
22358
29525
20908
22598
22382
27162
18874
32946
69208
73122
22101
67874
21098
21197
32835
34848
28916
54660
55599
49494
38703
56755
20730
34570
35839
44623
46851
69987
20378
23278
47683
20928
23823
19054
23336
21314
22798
68928
19352
26358
29913
20653
32907
71105
23449
34492
20436
23732
22105
27714
76244
20405
22735
23548
51301
29758
20777
23129
70486
36804
20927
50508
33959
46238
20421
20426
26429
40509
74263
26325
18786
20939
70810
19677
21098
18883
25880
36992
25406
60378
62282
61666
24659
44040
36012
19915
21021
41820
78946
53154
19233
31606
23551
21127
23013
65751
18933
37047
54336
75211
23466
27979
19015
20817
23831
20421
20491
25285
19337
24968
43835
19861
38330
19485
35760
20892
36396
40572
47083
56166
71432
19646
56326
21458
46950
29892
41443
47531
54497
70489
74409
19698
36254
25418
26698
66616
21643
29142
20142
43427
24246
42325
20614
28313
61757
20651
23255
21733
26883
36043
19435
64449
66200
23620
26535
64496
55304
64928
19205
57591
20437
21504
20758
75095
75137
30635
19730
19903
22925
20491
20583
26524
18749
21670
23403
34033
43923
18787
52868
21565
27661
24501
55083
71655
20889
21165
58527
27618
42792
37966
19650
26616
19314
23733
22881
70516
22560
40818
20775
33031
22393
23139
51204
22084
24870
57411
43699
19401
70141
21316
21434
56307
20796
28179
55547
57097
22029
25351
19726
26719
30475
20711
27444
20838
68168
19830
20479
18911
21876
22540
56162
71510
31431
41265
60111
19361
25593
24492
21657
19306
22217
23785
19023
22625
23441
52389
45629
20129
39572
57266
19601
34649
19130
25636
48866
21533
45095
51146
22386
22498
47106
78535
20490
29243
29816
19819
20096
24521
26371
46549
20760
62950
49759
19788
37964
21366
43094
21295
51073
20166
20670
20906
19053
60672
22126
21649
26938
69598
19834
20244
73068
19721
21596
46056
32875
68460
23663
21202
21367
46644
24525
27167
52628
58467
45308
20385
20875
61882
22367
66032
22959
36390
26999
53280
71000
44107
19307
29245
67769
68174
71185
19736
26649
19751
24346
58272
19991
30325
33889
19634
47866
58825
21155
22264
63564
35164
18944
52379
21984
26315
60475
20956
22496
22720
29824
53131
31402
43830
49870
20170
23826
21896
31350
39604
18930
22212
32350
19322
30992
35576
48565
61161
19599
21089
22974
27347
21338
27093
49944
21259
28495
21913
42165
20384
30479
52468
61259
21522
51334
53830
23352
23406
67939
21595
22767
59341
22347
28759
45862
19843
21367
21666
42560
21605
21647
56829
59108
44520
38513
49863
21584
30861
50949
39828
73224
32402
33436
18981
22899
37692
51370
52387
27864
20185
36281
19400
22921
34982
22932
28053
21671
22685
75693
24175
27858
51127
63888
72208
19131
22210
29620
52046
19390
37094
24997
29399
31338
48153
25323
26960
18954
20197
78041
19980
25097
65082
26911
28622
33794
21437
25920
51354
28037
34509
19450
52505
20331
24966
31917
29359
48056
64023
36700
20113
20303
20479
21525
21977
35352
20044
25152
55496
19253
20571
34140
20250
21077
36223
54428
19860
20239
71134
25973
26690
38839
20079
70904
75724
19492
20824
21452
20085
29219
19623
23541
73642
49251
22338
24222
24779
59699
23089
27661
22226
19109
22935
64855
27465
51254
20099
48978
48584
48778
19619
24746
72779
20746
25412
36749
19033
25274
35151
19442
40399
74831
25736
46088
20903
25593
19571
25394
31340
25437
51003
19229
25442
20426
20471
27080
20195
24030
45919
18969
19245
47496
19733
26832
26837
62640
45810
33599
19752
21102
24896
21072
21140
21186
22394
20718
53553
19448
29254
20469
26014
25731
32475
19128
20696
78123
45284
50002
19834
20215
21965
78085
22110
24376
76198
19809
48374
19556
42490
42467
22549
22806
74389
19386
20275
29263
27367
30495
41888
26913
67097
24833
48548
31098
25021
31273
19501
22833
24937
20148
26834
21908
41610
45325
60654
22295
55094
58180
65713
24129
21615
23315
25474
55859
19463
19745
23685
65894
38952
20704
56562
53466
22895
48192
58634
53891
54908
21332
19815
24830
48989
21000
25153
64486
19933
20474
22790
19439
21791
21534
22196
70533
20162
28741
59299
50170
20931
24672
19129
69422
23585
31961
20242
22790
23180
24176
24566
26812
20686
27103
19752
26496
19587
22780
20583
21303
27675
19245
19531
24371
25564
53516
29817
20827
30379
67167
42948
21405
29619
33986
32544
46644
52993
19173
19233
53489
58954
20139
20735
20760
20201
24779
31892
59375
23487
35047
26969
52706
19454
21167
21434
22362
24631
61527
22166
23967
35352
75943
78458
57804
66472
22491
22636
37120
21334
23667
75092
20856
25248
23876
48231
46780
22191
30337
33918
26002
19556
36743
75097
33502
71553
72167
21597
26798
39706
19143
77508
52430
20614
62730
65126
66498
26397
31503
41038
24843
19285
66553
23440
26569
20002
27833
19210
50988
66528
67373
62736
19843
21256
43402
21922
30315
21957
73405
21618
19798
38747
54754
46851
50280
27456
27571
21032
20264
54570
55029
69721
73516
40801
53672
19560
24911
19305
35572
54746
51080
19529
24833
19185
20338
34850
23263
24998
34528
32649
27277
71181
76280
21266
42310
23711
32124
76038
34329
41839
71067
26453
36965
24427
27961
24675
37355
34124
19669
22015
22594
19449
23240
66036
43858
46625
25684
27194
55478
26716
53010
75764
62349
19560
25298
22972
25147
68651
21569
25295
32032
48331
65164
19716
20018
22831
51179
54069
71329
47811
20123
20875
21420
55770
29233
30156
23411
59734
62597
27195
65752
20591
31748
47609
21789
23727
62796
46060
20117
48366
19460
22787
68969
73198
19941
29140
19853
23119
30605
28648
37587
46310
53509
24283
27175
41656
70737
76850
26554
29644
20375
50027
56937
57242
60302
44680
74942
78407
74888
23191
25734
63974
25452
29425
74820
22175
51561
19414
26145
36660
63115
63904
22721
24557
58708
51098
21050
40337
31230
74062
49763
21849
24357
28248
26397
34032
36671
22127
23619
64872
23063
45334
30440
37455
60467
72305
37025
26535
49980
20074
21242
31252
21572
22857
21044
20175
26020
26908
20302
61036
58200
65312
23531
23871
34618
21221
25482
21374
21248
52849
25877
28167
39128
20325
58587
21633
23769
19237
22138
24305
53391
57091
63007
22117
22286
61560
19327
24139
22231
26810
19473
20215
20757
68077
58958
70781
25941
26730
62854
23023
24859
19973
20400
22328
20203
22178
20062
22581
29432
32173
29361
19377
34631
20318
41684
56904
27300
27940
49678
55634
20672
24786
47647
21475
22051
24699
21319
23406
24296
37589
19817
22902
34537
20226
26156
38559
20031
26096
50270
19388
29790
65487
19272
43966
21100
21811
22434
48499
22389
24181
20379
22641
19305
29512
78975
20283
21977
20906
20947
77889
38511
55953
75658
21444
53729
70901
73062
78769
20147
21410
29644
35202
50372
54583
55526
20747
27920
58730
61575
19288
23820
56520
19686
19783
21952
19860
22899
67932
20255
71465
20247
20288
23446
51621
44763
49015
19830
19973
22235
19421
30854
45374
20066
24475
19755
78576
50419
51258
21154
30021
51726
19990
23397
26560
76388
23132
45276
19846
33935
59633
25438
30529
22851
39059
79055
23574
65499
62845
75887
24804
48136
20439
55326
57738
20505
62372
78741
20617
44695
21439
23588
25085
33428
25383
44937
19971
23184
26225
19281
59853
20792
60227
52800
23477
26761
21436
27772
78327
48988
20947
76087
36948
26111
65957
55080
19614
61032
20531
23591
28533
77772
29187
33384
20317
24712
36581
32943
35817
41128
24239
30394
59368
63894
39447
40017
20915
26456
62239
69915
73175
19637
20843
38266
50388
22605
21009
21707
31906
27401
52854
19439
21391
21694
21189
54662
21427
34074
20635
23034
59654
21290
26612
34265
20163
27984
46880
49455
37938
19646
21041
25580
21030
68234
21532
27476
49440
43304
43643
21727
28679
20185
20735
32990
25550
35155
20615
66339
20369
26205
32064
45605
20171
22453
22651
19844
30186
74030
20419
21016
22919
20059
20999
27690
51708
69656
20774
21065
21497
20604
32720
22127
56492
20275
21535
30452
19653
45617
49245
67445
24037
21915
34878
45302
64005
28394
31152
52452
74823
59322
24417
27678
19382
21572
21735
56253
59381
30877
39592
20392
69093
72103
35950
22889
30221
20075
21071
78364
44532
26399
26734
30520
62570
20429
49432
20751
29361
20782
23764
29284
64975
20487
25000
46351
20121
21054
76571
77562
78445
26093
31063
20262
21267
76076
23239
36459
36290
25068
26067
21918
24950
19942
20083
23679
20022
20067
22756
27359
42806
20663
62544
19816
24146
50376
69742
22634
26603
62339
63127
56969
21187
37472
21045
27486
27689
19446
21777
22878
26591
29683
22752
19782
62586
19555
34859
54568
21521
40455
20225
20409
22800
70592
19810
20670
28662
20982
23204
24029
26311
49933
22251
24187
40421
54729
22301
33515
37090
21858
34104
31177
22727
36994
25251
71616
19738
21420
22109
24068
26734
28032
20416
25114
31606
21139
28421
72197
20454
53713
22136
39515
21246
58539
32374
46143
56552
47970
48584
38981
50153
54959
20747
27239
21870
23399
25236
44221
52713
19914
33663
20915
26495
21712
29333
35783
20833
74846
21093
24199
27735
20891
25435
45572
30435
43864
52154
23254
25771
67091
38370
23509
23580
20897
23700
62637
78461
25278
25611
70836
55221
20446
23415
60130
20409
20441
42288
25797
19627
29634
20132
21745
28295
21178
21457
42401
39936
59519
69503
56894
20572
21244
67990
64645
20962
22346
23547
22212
23038
25527
24461
42629
22883
41160
20781
23672
43062
51420
53029
24854
25183
69201
74017
73316
22664
37300
22807
31073
51106
20658
34709
52004
30523
20226
20251
49261
20326
60474
20971
48121
64279
58234
22086
65171
78823
43108
19998
22029
30193
65095
22509
22888
23822
20376
50563
59686
24868
32547
44069
21033
24698
71803
38397
26616
34448
36272
51534
66478
24520
47274
28722
36919
37047
43735
78712
21695
31748
35887
19531
40302
48878
24869
26831
24169
24545
33114
43018
68175
21518
28963
19706
22529
55444
61951
53182
53966
20084
23857
75167
26338
26344
35586
19533
45551
21416
35468
21781
22136
51271
26557
37927
23622
21485
32143
55423
41378
45417
22651
23530
56779
43195
20364
62679
21505
21650
51753
19811
26236
51868
21604
21933
53457
56514
28275
45065
59424
63529
22431
26695
49542
31465
62736
20319
30817
25295
29117
66622
19655
41946
20901
25407
23924
43026
55371
23580
24477
70868
74232
42599
49110
58111
34173
19791
22415
78004
24660
36335
22501
23333
41187
21931
48939
60363
19859
41391
48561
22634
25542
57551
20020
23520
68233
19913
20471
29828
23341
28637
20740
22459
23373
20164
20228
43088
67354
20589
29907
52172
23198
23683
19721
23320
25020
20126
20980
22692
27216
28669
30819
19663
48605
67344
20178
21901
73060
22691
25922
19754
21516
24523
20205
20503
47206
22957
30571
24744
26531
30784
52947
50511
53278
27738
66180
67271
19683
20614
26605
59277
21203
30551
20489
67934
58103
70844
22701
31419
31158
48571
35933
34893
39514
53758
37960
21306
23874
42403
41835
45312
19629
29145
20746
35675
59234
71939
43419
60677
62046
27610
39021
20395
78911
73027
20997
29813
42126
21017
24232
76684
64831
49805
51370
50367
21050
22896
27747
21133
35025
20629
66201
23635
22805
27254
62575
20606
21099
20578
35927
29112
29359
36616
77765
78906
33418
51497
26578
32264
20659
21330
22525
45223
22426
29518
45408
22539
24291
65683
54196
20585
75050
25641
68164
48010
21551
21924
29215
20515
22528
43338
46228
55289
59491
23190
24558
33964
20695
57483
69143
20222
31395
38113
25350
25449
19730
23625
45622
41535
58744
54201
24428
48480
27036
34467
26126
50316
20015
30933
26824
20484
23592
27277
50900
23889
67602
20377
24133
20802
23779
26025
78721
21365
28492
22700
22962
42021
60491
37335
21108
24985
42932
21379
26915
41787
21109
24311
22417
29390
51535
21510
27152
22976
78399
24180
50276
27602
39973
20136
22496
24954
43200
22144
29534
19639
21184
22954
29452
20407
23925
19668
21734
24856
31827
20586
60703
19777
22550
23116
26236
27527
43643
22089
27508
51390
39436
20045
21278
54636
48855
19989
21939
29042
27326
53606
60036
21834
25449
20523
27218
21468
23586
66815
34443
45710
46880
25188
25398
24646
41476
79057
21508
25856
30896
22145
20761
23889
24114
38613
27765
38487
20864
21158
48865
28684
33067
22125
19840
31470
40178
63210
22027
24686
50058
21937
26942
36622
21060
29918
52785
65035
46868
55874
22109
22550
25585
19812
20474
20677
22145
73265
22083
22244
21912
32520
19757
24695
30447
24477
24963
22962
40960
20800
32552
28171
31630
41763
79014
25550
29140
20468
22135
23657
20143
43367
20286
32103
21997
22281
30795
71628
20281
20677
38076
28129
21453
21521
19792
25012
27832
19884
57220
29815
42039
77085
26891
34875
25884
73019
23471
29314
21549
45809
21447
21497
22184
32124
32557
21182
43546
22223
22658
63327
51898
24181
25260
64305
27109
29983
21001
23659
50857
33223
50228
73847
30005
63200
19896
41582
43602
50231
73705
74097
58422
39337
52464
66277
45312
47112
60869
68644
20829
38387
20020
20281
20630
21025
21866
25880
47361
19911
55919
19942
20282
28118
21891
19881
66021
23784
23822
25444
25451
36595
33287
43789
41487
78709
36784
41140
44270
20015
33016
35286
21611
58068
58782
20307
51221
77380
59315
65353
20542
44095
21672
21814
28573
23214
24411
21006
50657
20397
28171
29214
68746
73314
24158
78710
55617
65930
66474
20663
33874
59362
20120
36117
38572
20741
41425
20148
23202
27268
43182
50211
20172
25189
48749
21285
21941
21129
30194
78663
24851
26974
21297
27412
20769
26093
29471
21234
21841
19875
20654
26294
22493
60352
47247
22583
59759
20156
26578
39460
20154
43744
24049
21112
21696
21816
33152
20331
21765
24034
21009
37368
47328
21256
22449
73482
25952
65735
22249
23058
23132
48218
39312
21226
33817
24774
65181
23168
24409
54017
20436
22017
29069
49767
70994
21397
27610
20288
21750
55893
56591
21359
29957
22668
41954
20076
28198
24664
26784
20469
57066
25587
27024
19935
30925
22406
53926
22878
64041
24665
34522
22366
22497
76029
21752
42909
20321
23524
25014
62750
32599
24838
25851
49068
46704
51835
44730
20570
21297
22256
20687
21486
44531
61796
20382
21439
43334
20001
20313
22022
48343
52736
34827
20845
23917
21148
22639
54581
61975
21010
21381
49444
26199
27769
30423
23130
26739
55385
21884
22312
49624
54890
79001
62319
64555
35581
41916
54327
66913
67649
23445
25257
22163
29762
47272
74955
59788
49161
50562
55458
21058
21957
26209
22747
22766
24404
21447
22591
23915
73686
22033
24441
21342
21440
32579
20774
26381
37403
20241
23651
29047
35191
41909
22241
23085
24040
45813
21191
21194
35007
22275
27352
51796
28245
34770
24269
24587
24315
29972
38179
21459
22076
33092
25294
26252
20740
46523
23164
24447
20344
21109
24278
20373
22841
22855
20618
41800
59779
57403
65297
25147
25389
62692
22264
37951
27229
27905
21314
25186
31741
47084
44270
69905
21142
22151
62584
32763
46713
20251
20644
43620
20083
23379
21289
20635
41160
56463
75166
78417
56069
23395
65599
42160
51525
25694
28889
22526
23289
44345
32104
48893
68293
39717
21446
51422
20441
23630
50186
20244
22858
23497
20190
27808
21353
44081
21375
21574
34079
32178
23206
24687
22738
26786
27288
51696
68726
21969
23287
25400
55773
21119
25009
20786
22195
33164
21795
31506
35186
21561
26053
33337
61724
22116
25065
75334
53014
41436
50945
72841
24419
40062
21582
26030
40665
24832
25058
21385
54028
56159
61087
47912
55798
22396
33085
50965
43180
50852
70159
34929
42391
22298
32548
32739
21570
21721
36396
25354
75301
23707
23575
29218
21331
22826
30233
24561
47951
21858
25292
56152
58798
21110
64525
53885
50167
37081
35161
47508
78862
20929
43794
50605
59598
21102
26065
34893
39424
24383
27306
22925
23124
21669
23074
35307
20955
25444
26393
58490
39158
65481
72429
25816
25863
61847
41450
45317
60521
66734
25199
26980
25952
29009
70473
63246
21679
24809
33556
55560
72539
21890
22462
45279
24844
25216
27292
52721
20419
23773
41062
20725
21039
25178
44147
44401
44790
28440
33106
20282
24971
77707
48061
23944
25209
50796
25337
31500
23314
71848
28506
42237
44936
55747
22966
24702
65519
20687
20797
23672
20943
21426
28657
23718
22228
25905
69932
21191
21570
22854
22866
23435
34386
22553
22756
20643
23637
28058
50088
41252
49932
53632
42546
74550
74593
59295
22993
25664
78881
20149
40595
25175
32335
33384
20790
21413
64280
21178
21184
22351
22155
26653
73567
45048
23642
25978
21158
21585
44805
21484
20051
27251
41450
22173
24484
20318
21234
53296
20924
41888
64220
47028
51188
25723
31142
20461
23300
20092
22702
37421
37010
20611
27019
33096
21388
27601
49770
35607
48812
49121
26393
28673
28703
20742
27521
31034
40472
48747
23625
23776
45494
53891
42302
79082
21974
60151
25389
65728
23665
51607
65669
49653
21110
21368
23584
20893
27673
72993
42467
22406
45133
58106
22513
44038
20062
20683
20668
44742
37180
78495
49061
57146
20563
21622
44771
24672
34769
33846
53244
67618
68369
23661
24862
45490
26084
22395
22553
23287
23290
21055
23308
23217
25081
59991
63340
22249
30571
21112
22919
20588
76776
30019
45887
29260
20443
25566
21346
27906
29421
30229
65225
20359
21904
24301
38966
63290
22594
35195
29465
37180
48137
24792
25410
78713
48249
56775
45472
59744
60521
24234
30800
20732
66556
72826
20095
69485
48559
48822
23098
31202
33350
67151
29261
54155
24306
21094
29546
21356
37178
21833
55899
73136
21604
62890
23986
20903
21369
26142
20345
30759
20829
22640
38020
23272
42336
42574
20538
31281
69468
22064
22769
64761
21117
23813
25590
58038
20667
48408
53908
21928
22697
22793
55101
74418
20520
20525
25056
26817
33531
20174
28047
77722
50517
50087
78649
31174
23472
71171
23685
42584
71594
20208
20701
32451
59863
21092
22739
21653
55737
56236
28215
23494
26321
68970
73547
23724
72355
23159
69483
71461
21749
22908
26178
46497
22056
21863
22082
22352
23521
41773
64347
20768
23128
23193
21411
56181
56339
20371
75530
22311
31969
64473
51025
64945
21859
32939
40100
66198
66105
21406
20170
23437
33692
28816
54364
74483
32409
33775
22936
29238
25254
53594
22057
25711
32346
21640
31423
68459
24863
38800
49790
22875
45903
55958
23257
26257
25277
26015
23227
24087
54123
54796
74098
45735
21409
42834
29208
36753
27929
62209
25699
75384
21317
26972
28145
24739
25340
77866
33394
65991
66860
26748
40959
63633
65613
24169
31644
20393
27931
39841
42220
56029
23369
23871
25563
33424
60662
67886
58758
59983
31064
77730
58107
60620
22217
24620
43112
53100
25870
27066
20776
20880
21598
23861
22976
35030
52516
25370
25764
28400
24637
45163
40327
23967
45278
24630
53304
20836
22934
27193
20339
37588
46882
22563
35751
21276
25159
71493
20461
24843
73756
20633
20776
24731
50400
62307
65998
67867
20450
59658
60722
34383
37530
38444
23116
24902
21602
26693
43607
23808
27580
25115
46322
55803
23226
29094
65565
28641
45611
23386
24664
30224
21721
22660
40572
34803
34564
23218
56724
58782
79027
23915
24037
69672
64779
65029
23517
27642
34100
20253
22222
23372
54664
27184
38742
24674
25429
49551
56409
60060
20285
58993
20590
28354
48485
21379
26330
21883
25077
24679
51145
77770
38982
32070
53833
57081
25257
31630
33453
51864
22449
23165
77769
52740
52851
45997
47732
51091
23096
45324
22708
32143
43595
52088
59551
20841
23542
29986
33131
43672
54837
58553
76490
26601
27582
37406
37530
65792
49863
53182
24360
21038
24873
24891
22638
29105
36427
24315
35244
75146
20599
45629
21807
46950
21132
30338
29741
48906
21296
28934
21899
22474
68945
72982
34194
73941
21540
73671
52910
24391
26394
23166
24776
26430
21084
34877
37375
37406
21089
22184
22458
20440
22749
27137
21220
38299
22022
30755
68156
61923
77249
51239
76302
21531
23539
37364
37375
47963
21347
26263
25016
37364
21588
36752
34066
49674
54449
54100
24336
24806
22637
23425
27083
20367
24837
25728
25954
26215
28370
20346
23183
26182
33325
21958
21961
25058
25949
44229
25080
25701
42147
56261
20531
25555
29879
33628
21380
45183
51311
20949
26373
48162
25260
26412
61879
21848
45569
22525
23369
23420
54104
55872
24285
22491
29599
21684
22369
76930
26326
76015
37777
44653
21113
24542
27536
34685
41459
59049
44577
38574
21033
76664
21401
25330
40825
44936
25415
23776
26131
33275
70816
22291
53233
58142
22010
21403
25438
53772
21457
22351
72652
25580
34263
38444
46254
63947
22256
22599
31977
21549
27669
47502
21883
24548
22450
33817
34306
20506
22506
35258
44890
22137
36966
21604
23153
21229
23596
25633
40164
43012
57826
25163
26943
24949
56079
71869
54084
57899
24765
53385
42216
20928
27366
38012
22650
23179
20420
73954
61237
63889
64252
62286
63616
35657
52292
20525
23482
21986
27396
50591
21670
34519
41412
42609
66074
52739
22619
23984
27884
21596
26023
63786
21958
22512
65128
39514
44580
22855
30202
33589
24784
27329
35511
74456
21058
26133
73615
20587
39237
30855
36202
75128
40133
40931
77304
22229
22663
25466
21773
22106
21514
51899
29643
44135
22214
24342
31237
25906
26310
47080
66942
67154
20996
27165
70924
75187
59509
20456
20460
72647
21309
21313
31340
26906
37520
32056
22702
31973
21609
22486
22545
33589
32195
57545
71859
24371
76007
24516
24578
45271
20815
20967
24663
22657
26032
29371
21051
65169
23888
23991
24915
64606
65725
23645
32360
22512
62986
68399
21987
24682
28659
20967
21001
46073
22198
26192
32206
73845
20815
21520
21961
22660
22839
24043
53972
24416
27168
35188
78772
23475
20871
38794
20460
21788
27904
78695
21768
23854
51568
22289
22963
29710
22086
25130
26140
26255
21550
61868
21385
22599
24150
54016
76660
47099
57802
20480
48313
25631
28731
72118
27628
29628
42376
65069
66477
27513
28750
21719
49366
50047
22226
61602
39479
54751
27592
33630
29205
47478
77670
33661
35859
60423
20629
38013
39960
20745
22068
73138
53949
64686
20940
68904
26281
44076
55751
23459
25632
73212
22036
65547
23021
23420
52315
51894
22935
22282
28438
36359
22088
22552
29455
20880
21358
24415
20602
22305
29224
20980
22135
22494
52547
62297
23299
39656
21721
22854
43948
23708
20870
29102
50629
23027
61651
21172
27519
41987
59059
25168
31808
27697
20841
31839
21778
45903
51110
69414
73736
43227
49953
22232
25666
70461
22813
24786
30273
52183
31567
56853
24681
31127
21991
25513
25570
22176
22299
22761
73491
77164
21752
34883
41396
70053
25492
26532
23001
23176
31095
22145
22790
68860
21600
23901
26293
21092
26249
20863
23636
41912
20737
20904
23848
34609
38186
38304
25107
55678
66958
26264
29089
20923
24195
73926
20776
21789
27998
26831
27266
22229
25169
31923
24606
68899
22241
33226
20661
23824
72633
29240
29816
20857
21190
48701
29972
33350
47970
48837
21429
25445
21701
56457
61094
65880
23861
29016
20830
22492
49616
21929
25555
22126
24351
20722
22328
78951
73267
21632
22823
24806
25802
33756
47404
54400
61582
22977
57941
25610
52182
22464
22515
31321
21586
48555
28483
30337
22224
23010
23080
44441
20671
22775
71289
29087
35675
36903
40787
20884
25683
26781
23240
38621
69935
28031
33192
21761
21871
74905
22235
22328
20781
20797
24388
29421
30858
65837
51119
54757
33533
70535
24902
25829
59446
25521
26302
55914
63795
34600
29420
39063
21418
31962
22057
28407
21438
35870
22458
76055
21189
56336
23908
22301
25165
47344
46905
62222
71226
29425
35621
26162
28403
21459
26080
74130
22501
25630
42074
47815
34512
21709
21761
74877
21194
25965
56780
58321
22152
24866
21617
37932
40529
22607
22666
53566
23326
24428
49733
77355
21106
30925
74995
23731
26247
51644
42461
46451
67831
23047
32045
62252
65228
45798
61506
25335
28457
74746
26460
46734
21667
20957
30088
21491
25681
66247
20828
22288
23424
20905
23093
28771
31460
33916
58916
77018
52388
21957
26521
65335
28113
70718
20727
23462
21494
65947
21935
75615
77462
24547
31374
21520
25998
66901
67564
70074
20938
22545
35953
42703
20945
71666
61565
61993
21689
23834
77559
21258
46527
32210
48915
56205
64148
21467
72075
22636
29599
21650
26157
58007
76808
22695
22991
23410
75649
35549
23261
62079
20882
24541
27010
51752
31977
78708
21571
25222
33837
49369
24158
40675
20737
22289
25316
25497
40004
68262
21589
28449
30703
21832
22831
21672
22604
26437
22531
24377
44914
21049
23389
24210
24551
25080
21310
28210
44674
28499
31229
73301
78267
23131
36126
21037
31211
72251
48921
78344
62413
61057
22559
57721
23790
40781
67872
46457
50256
21217
35642
50603
24045
30471
22858
46180
55587
28279
55690
28107
22882
23356
41610
20823
23893
26026
38186
39288
25991
28602
30781
27272
27812
73558
32080
34119
21212
45520
21401
26411
21291
22358
69458
23225
24358
24769
27100
60206
72390
21143
22045
52467
21176
20813
22868
20921
26089
55287
56748
20739
57409
21018
26261
47842
24438
24295
27999
62145
21360
42005
48390
51882
61467
22220
28243
28313
39438
24357
27653
73147
21489
28781
36450
55256
26290
35854
29928
31300
60909
66517
21130
36212
43672
45694
21513
21703
74625
22718
24254
25263
77060
37495
54037
59017
22202
30453
23591
25555
48970
37075
21871
22601
70686
22893
30474
45295
56966
20983
71413
39442
23133
27567
30601
62885
24518
49694
21663
22230
24654
23628
26865
21513
44348
23601
60925
23834
27850
77520
27863
26979
30662
44941
54333
73157
25829
27026
53327
21233
52713
54570
71858
34930
38513
27266
30148
29730
66669
23080
24031
29634
30621
45698
31261
24098
64074
26539
31224
78361
22657
32195
62769
23317
23737
27796
28637
22224
22799
32747
33428
46195
22913
25830
78982
26412
28063
22421
22591
23491
26760
61124
28703
62661
46334
69828
45702
56521
29217
40198
47693
21122
75135
21653
26315
59947
21983
24581
22351
22954
72776
27687
46014
75370
57378
25110
28887
22001
22169
31943
39450
77516
21621
23525
49605
40078
73032
77536
57664
25318
32379
22494
22692
36322
25649
22817
24015
22717
31491
25127
27070
58883
21463
58775
21340
37920
28888
34590
24210
21358
21530
45056
46107
23640
25722
62534
20870
28014
35852
25234
64450
23874
26599
26990
23463
24223
26957
27290
22283
29568
46716
21861
24545
24790
35596
42111
36240
75200
61970
21956
29304
33414
24119
21762
24328
23648
26244
25929
62613
22112
27297
66497
28449
24102
50765
44240
53143
58906
59203
21143
23305
32090
23476
33682
50337
23194
75844
24419
64067
22862
22961
47732
22418
44065
21568
27363
50333
63085
48772
50372
23933
29647
57202
24815
27975
26352
27739
23312
25661
75124
21204
42926
51217
24863
25253
52988
22273
39305
53405
35873
20979
72630
22822
24694
36542
43699
56149
54505
26981
54434
21877
44251
69957
23316
23758
60660
76162
31281
26946
27720
36914
28874
54759
56933
38201
43422
46304
58296
24684
26244
34323
21008
26187
29096
29488
24114
29838
21083
22480
53387
70070
22879
23354
30914
47111
64793
55054
78842
28669
49916
22331
22627
23516
23929
69254
23736
24696
37954
21530
21608
39096
66644
26086
26264
55373
42148
21368
25751
61330
63654
52547
60611
22500
62120
26969
51980
22139
23603
24085
26781
29247
74924
23534
66472
30701
46203
48574
22556
21323
24070
28349
23417
28304
42960
21002
22371
56941
77443
77592
30054
32002
42272
66388
28602
43071
55873
61307
28818
32175
23020
24268
24387
27087
33850
58653
58830
23046
55218
24010
26403
51758
26577
75206
27917
33305
22861
24093
28457
22732
55352
22151
23562
33372
21608
21697
24736
23520
26037
32182
51180
66191
34984
21680
37138
21444
23872
51532
22343
23910
23907
24153
42175
62226
64129
23397
28929
52922
35780
21075
68888
35487
58285
72230
25616
36204
21566
38737
45415
52410
61143
21692
21738
25356
31918
78354
52498
22114
28287
72777
22287
26775
44841
50787
24379
24432
26579
27778
23864
31568
69045
51162
55789
52597
23820
36819
48807
21844
37550
23518
48294
22402
25966
22160
25242
69673
66892
67685
71465
22169
23137
23738
23316
23671
59677
61254
21845
23594
68013
45887
48936
22253
30113
48868
23796
25142
27139
27462
41537
50424
24448
27104
46990
61281
22840
23305
34209
44042
25004
28811
42205
24072
46153
23497
39042
21072
24098
25086
38342
21411
58777
23265
23501
33583
25631
30590
33345
21891
39442
23036
37853
56839
68012
32510
35423
24105
33592
49884
21477
22346
34830
27580
29759
32413
24079
26735
26794
54024
51621
22085
36633
60656
21315
23856
29991
23002
37237
25628
22162
22481
24229
22299
27176
38304
38881
22844
28417
38864
43164
55209
22319
46236
49812
78909
22013
27240
30424
29247
30870
21352
23243
27918
36512
63343
26728
25949
27079
46522
29873
39064
48356
27952
52768
31115
22937
21061
23709
37619
23749
24439
28529
22506
36264
25309
26439
38528
48774
69651
24593
49656
24584
40139
54732
21276
26271
23793
26870
22385
22576
30514
71554
21425
21871
35004
21920
22043
25874
21870
24413
35328
22193
28754
32078
21240
58983
27724
30529
28240
53268
62169
25218
27656
21577
25027
33170
25786
50176
21229
31691
22848
22953
34595
49899
44298
44958
26548
26635
22838
33902
47758
24399
26030
25537
22548
25136
35111
26058
26256
38270
32190
34164
23045
25655
27109
34819
26255
30573
24780
43162
44525
67251
27699
28880
22435
70142
74522
27290
28213
23175
23677
74862
21199
23198
23249
69404
21994
28239
21385
31977
25544
26283
21711
22998
35362
48933
53486
39903
40044
23798
35666
37736
23022
25341
22291
33409
29277
23210
60276
21560
77802
30870
31785
21911
21845
24238
26003
44005
24524
37127
22294
27675
29214
24176
24300
22782
23313
22529
78734
25763
40160
21938
27142
21967
26330
26915
22127
22058
26160
24205
33639
33653
21266
54606
51506
57101
23684
24334
21583
34541
42798
23692
23728
22344
25153
27263
23758
24118
26683
28747
32810
76733
49647
50593
23120
73906
53897
58326
59186
29184
29386
30694
27082
39766
66616
67086
33653
33723
43146
63997
77431
55175
74513
22107
50767
55812
62389
22663
24435
26108
23508
24018
23265
23843
41518
22107
33636
78851
26667
23092
22542
23178
58398
53348
24743
33319
28872
45904
23778
24183
34617
21823
27004
31785
28926
31214
72970
21693
41105
22595
25678
34597
61982
21443
23034
31175
38630
28068
30590
22861
25515
32471
33752
22694
78670
22311
32229
33622
51219
40956
43502
57026
61754
24005
26116
34635
70046
41198
76191
21923
27425
35300
21264
28566
34006
23054
63039
41638
22613
22618
24193
44395
27063
37219
52638
21634
61093
42109
63050
32092
38769
25500
44525
22134
22840
36129
36762
48933
24367
28566
45374
23792
31221
38047
22202
29636
21938
22268
45244
68151
73821
30292
33752
34247
29111
30694
31199
23878
24292
23501
23751
34210
21634
21746
23073
25827
34395
37183
30678
50791
21234
21872
35954
41684
49599
21302
75841
44773
25818
29387
22099
32002
39593
27810
28066
72495
25078
22394
22611
21427
41487
77230
33200
26601
37497
45655
49539
24282
34965
36803
22388
24970
30827
43232
45896
65962
63616
64253
21646
78393
22115
33723
34046
47297
56888
21456
25987
28327
36577
37166
21422
21792
25755
64442
21486
68122
33746
39350
22413
29783
73272
27272
70712
62690
58199
62693
70019
69808
70797
47794
27421
29760
21743
27368
53690
21296
21553
51956
25850
30316
73948
23063
24897
23803
43849
34105
52678
35672
57095
31868
21439
22514
27563
56534
33051
46088
22683
28622
29652
61155
23039
32719
22388
22786
26948
22492
53284
48390
50052
57322
58291
23374
23479
42574
23632
26185
60482
23671
23684
35731
22440
25545
28008
28999
56090
22268
26431
22680
32835
27118
46997
45224
30237
34882
37166
41257
71524
22959
26662
41466
23209
23838
34740
29631
29759
26572
42611
23684
23751
68469
22496
42429
25922
34671
72004
54069
62380
41445
66620
56721
21421
21456
47882
39346
35260
45770
50674
22695
23356
35423
48376
39580
54334
26109
26124
25159
76314
76429
37355
45208
28218
44785
25762
33383
31901
41015
25802
42547
22284
78796
30101
35146
47954
22882
23083
45325
22030
23396
38792
23008
23682
31989
38837
29836
27879
57040
50017
26363
33489
21476
67948
75093
28107
30390
44179
24629
26420
51606
56856
21772
28633
74438
33969
21523
41942
45377
25192
51832
36389
36577
23442
24187
27332
28527
22582
51807
24719
56812
77883
21553
21710
22233
25596
26333
21632
22870
62076
25283
62841
22613
22853
68828
32419
36100
71598
37873
28063
30562
65105
46412
75750
32468
47517
24303
27650
65310
22966
24372
75311
24044
29653
57963
52460
68124
23875
24211
21836
55594
58459
50779
36301
43886
21861
22364
26098
35440
36873
27060
53812
32178
55325
36873
37173
38309
55882
60803
38698
21933
23153
31668
54007
22019
70334
47555
55990
61244
24610
25264
39583
22940
28088
31297
21915
27846
51496
21697
22359
77467
60813
22070
38759
64765
65586
23645
32906
33058
22465
24590
45208
55685
25023
30581
38842
23704
67335
21771
22266
26317
56417
21677
44621
51029
24550
41155
72219
22455
24711
38990
70696
29089
36389
50835
26270
41027
21476
46196
23455
23647
25620
30340
32002
35812
43679
33851
64685
26109
26177
45561
21481
45245
23630
25770
22297
44077
52118
22470
25895
41991
37858
26682
47103
32871
34631
24614
26874
21473
26988
34517
22761
24759
67786
23731
41545
71844
50015
70847
47049
21996
28124
28657
28094
38053
29772
48289
64920
22884
34321
38425
45721
27126
43357
75660
47294
48266
22504
45704
52310
23271
78332
40416
24954
28111
21488
38010
42938
23790
74414
78776
23155
34362
24415
67127
37199
42937
27081
74689
48605
78559
27861
72164
40368
21599
21895
24983
35140
35416
71751
24441
39204
50454
62438
23395
23784
57166
69213
28164
28247
70625
43804
38863
62564
37202
58208
70348
23948
31835
35188
21771
24623
28950
28900
50925
45717
25531
25290
27934
57010
58998
44367
57885
36635
37878
21563
30644
25429
43114
40731
43634
23495
41198
73041
25230
37367
46031
41183
51100
26932
27468
23824
37695
43804
28042
47297
49453
23370
68882
27026
29061
21973
25606
30598
21910
65185
67225
22445
25376
74778
22336
28729
65903
23563
23868
25130
44115
64542
26557
36362
74111
24663
24928
21512
21668
43698
69922
31605
26493
43684
52202
22724
26519
53083
25969
24051
77969
24898
46761
71066
23581
24621
23743
42584
22872
22940
27638
75716
49746
59150
27985
42766
35621
36503
78547
22273
44298
45548
61548
23252
34489
22062
66850
67068
32267
22258
31620
25246
44312
64242
37173
37686
46422
35277
23213
29767
54154
23166
24083
23234
31686
48223
23416
35352
23008
24316
52846
25683
27854
22343
24565
72937
23618
29068
42430
23644
29896
31671
32237
73454
29800
41253
26776
24559
25288
57999
35844
52790
66919
53620
22481
24392
40393
23988
32170
22656
22847
22714
29150
24249
22348
26387
24273
52985
25043
29918
25693
31512
23612
32970
34022
36232
27948
34809
27769
66707
70962
24570
30273
69749
47999
23483
34182
23052
24781
65448
22900
40421
46589
34420
27365
35811
21863
22013
28174
22618
23910
72846
23691
25670
34626
23104
25086
27107
52137
33636
70567
33376
49319
22342
27240
68543
22539
50783
51360
23239
47403
36075
50176
32379
35790
24031
35382
51563
26082
30322
23691
32167
27150
43686
24405
25860
25855
63910
29568
59428
22168
24276
23502
48601
31093
37894
34590
41678
46403
57775
23553
23597
24231
26071
53937
55382
22716
23404
63708
29228
70829
49127
23090
66253
66712
45400
22844
29467
25571
26701
72835
30902
40616
41228
72895
53786
61413
22087
48564
27134
27955
25587
31633
21630
22975
32742
38277
75556
25140
29394
34005
42079
52632
41410
76421
46657
24965
26766
69600
28375
44975
21651
21853
29190
47112
57646
28468
31038
47695
24063
51751
28837
32645
48523
22514
22728
51264
27721
33262
25056
25938
73244
23083
23682
24163
24316
24326
22348
27692
73952
24843
21843
21768
28262
61336
68166
71194
49531
30876
22470
22747
25896
50811
23449
31022
37882
48527
21714
23604
44268
65970
78943
24229
24565
22370
28824
66064
23209
31259
35958
24115
41293
39672
24440
43728
78028
72029
23055
24952
41632
21889
27527
51868
22130
39125
48335
29885
51677
39532
22895
48758
23340
22643
68299
21869
22033
43511
54114
54121
23607
23759
27224
27635
70236
38817
55377
23849
28867
31207
66547
26155
43717
23749
59381
64005
72072
76673
47398
24736
65291
38523
72724
33395
22003
24928
25281
33807
21892
39123
69225
22666
22963
22049
33422
23479
24544
35727
22076
25843
27150
57091
57909
26929
30796
41140
54896
74362
21906
67325
24049
52519
44958
47477
46829
50309
61794
55600
22424
46176
25619
38456
22962
23406
21746
24727
50667
22071
29251
25615
27228
29022
28889
35001
28304
67322
22381
25896
28941
21959
23394
78311
23815
34227
24832
40091
51301
22577
32208
32763
22982
29252
24531
25043
31884
49680
25099
25854
64898
22542
24064
24514
23865
23954
27734
33667
24312
30082
67478
22906
23031
24724
29494
72674
21827
25527
22922
43176
22035
26613
69797
24215
26687
31645
24365
34046
34355
32522
22039
21982
24728
43344
39009
50894
23002
25015
65579
22871
27146
22169
22862
35150
22853
23222
72587
24793
28214
28408
37356
44935
24205
25451
34127
37858
61400
68738
21813
25959
38472
23141
27842
35072
31724
36182
24142
24482
24711
58640
23303
23178
24001
60954
31139
25358
26816
27604
35233
25097
27718
56678
59694
60941
22774
23150
28244
53963
22816
46566
22728
22764
38772
49344
55149
28134
29112
37686
38328
23260
50699
26599
29388
37484
31857
37893
78756
22795
29666
30610
22207
23845
41770
34700
60888
22359
22495
36028
24182
27859
76168
35445
35580
48896
46065
52304
21976
29596
24473
36327
68201
23338
37709
24620
50093
22797
30497
48266
22142
22443
27825
22362
23195
72030
60429
23706
23865
27255
27473
37556
38921
22804
70875
71238
23742
28709
33539
37343
22655
22890
70316
23386
26784
23685
24336
72314
28109
40444
22789
43830
56170
46605
78529
23601
24858
28932
32159
34247
42222
26879
27672
24594
24933
23374
24178
42336
34454
37045
54793
25761
27497
22495
24302
21976
22630
27106
22466
22904
26527
31253
38639
59703
24213
59292
58101
22781
29240
29276
38032
26289
26716
75982
24943
26007
27664
30102
35580
23428
24264
61032
23638
52115
22384
22466
66701
23532
24322
28881
35664
63514
23163
29154
74330
49034
50399
23137
32076
35150
28818
31914
24304
24938
23432
30703
50985
25981
30282
30954
27419
32303
48587
23074
26210
32710
74077
22848
37402
22242
30753
30875
23465
24322
31211
56211
69532
23597
23779
39832
31706
37020
22527
23378
26066
39431
76311
22108
23638
22384
69821
22159
35715
48577
23378
23512
24537
27860
58189
63082
50935
23330
32962
22230
23181
40746
44246
21894
36070
28999
30724
55625
27785
28346
39519
44060
49805
52622
27959
28195
37057
41941
22552
31908
23423
24335
25383
25039
25230
35910
46339
50656
22601
28640
35004
23290
28594
23276
25867
34560
46746
37200
39701
24783
77311
23502
24001
24326
44239
75862
23842
37453
24270
24995
36362
54328
29502
31199
34958
22271
37403
24482
24506
25869
31950
58346
23562
27171
45756
72812
23222
23388
25138
25012
26218
24231
24754
62867
77656
22847
23211
25118
28683
33994
32231
24189
26617
22360
36509
23123
27983
69316
22267
29553
60515
24292
25014
44677
23530
33722
61255
26062
50525
23212
28180
39468
22090
38975
45373
61494
28111
28836
23351
26035
27980
46117
72353
22253
40453
43281
26114
48921
23843
24011
36702
36859
53430
30184
36497
26338
29436
32438
34884
40757
36762
47043
52612
29618
30148
22747
24059
25510
36119
22499
23203
28651
22312
25039
25054
24783
25767
76348
33761
54943
38999
39007
65273
67510
52282
22808
22946
25824
24514
25054
27391
24297
25372
60738
71679
22983
30605
75406
43882
46973
24566
24700
37445
48251
53292
50983
51662
23361
38249
47467
22407
67312
30442
69299
38751
40653
27900
39305
22699
29519
54849
77682
23347
46218
46901
23621
24919
22505
47638
42983
47385
76841
43522
31430
67384
22834
25454
22745
25233
66703
31192
33219
32440
48383
48527
22606
22754
27652
24170
24403
23061
58076
26682
56488
76944
22208
23662
30704
28662
23154
25241
26893
39940
26699
28738
32615
75159
22576
24204
47724
52919
26378
30235
59025
66188
76899
25059
74066
75143
31214
52281
72966
23711
24452
76054
23473
27015
32983
47090
27653
32086
73222
26156
35162
23571
26324
22206
29484
25359
27908
22769
39789
52783
26089
27136
23568
26621
29865
39611
52201
54975
25206
73635
23017
35205
35790
36928
30837
35832
25129
38248
23262
68718
26664
26669
56794
23049
27806
75934
24299
31517
55512
58618
44325
23207
23594
24238
22243
24879
28138
70987
22929
26673
26094
50155
32136
36506
44820
29307
40729
27237
30684
45462
30409
30783
61455
22696
47727
40992
55436
22602
32980
23832
34618
63033
23102
30608
32359
22891
31470
22460
30921
32595
41866
44490
22835
45054
53445
22784
39402
29659
60742
23509
60038
22652
27793
48530
26355
26742
23419
30013
35831
26694
28856
22408
26520
22650
22134
22430
38935
66087
33649
34292
23092
29488
22606
23835
41770
28003
75033
78628
32441
55190
29879
38128
23392
24715
24043
49901
42356
46509
26810
27325
40389
24491
34379
22839
39944
43071
28672
29807
38379
27570
65322
25097
68601
23980
30280
34761
35596
25836
27374
29932
22329
24206
25572
27749
22607
23044
25475
50182
25400
27512
23340
24337
25109
22465
22736
27673
24951
33606
35690
50562
32687
22244
38294
60403
28959
70345
70423
38188
55624
25760
32930
25543
30711
26042
43282
41265
48383
22229
44181
23296
23493
29064
23857
26580
75127
23899
26594
29007
22402
30088
57108
60283
23800
40868
28963
30724
39134
23752
27688
45465
26350
27641
29087
37471
65654
66896
27381
22731
29079
76172
52688
44327
30166
46100
23423
24178
24825
24471
22693
38311
30941
54830
23233
42316
25815
32464
23070
37707
31105
54369
59185
22257
23000
31504
27901
47007
29913
32986
29061
30775
22648
27210
27848
49674
51623
23325
25382
25486
26755
24092
31847
34106
27535
55160
55888
53764
25927
31376
36932
49413
23916
24452
24751
22239
22465
22939
22318
22279
22481
33420
27967
25198
25272
71600
43604
58730
22211
25545
26425
25707
25767
25938
76420
22766
33866
71234
28529
29195
62991
51765
27664
28994
48896
31530
25473
25979
30147
23031
30152
36928
64790
22479
22929
22979
62327
24983
26622
29408
23181
25446
31682
36207
45870
28836
23594
67343
76408
40411
29375
47024
25244
27490
22874
24467
26002
29323
62254
26510
50920
24906
25562
23898
32268
33734
23688
35594
57809
24785
25611
35078
69020
22947
29713
34310
51384
24435
27433
66212
24119
25980
24399
25201
23806
30609
44401
52579
22461
34856
48236
33038
23633
28897
59621
31810
23238
23470
23641
24632
66410
28175
30800
23687
25015
27736
28489
22665
25920
23270
61811
23024
31619
64408
23322
24406
29989
25046
25890
23235
23658
43278
25470
25677
29035
23955
24011
45249
56023
60308
23404
28913
23211
23321
40394
23244
30671
69165
76083
64427
27271
40728
23511
22333
23152
27320
32643
35072
78347
25117
28302
75650
50707
46357
49077
76787
31314
33527
23706
23805
24944
23373
59522
23573
25522
51173
68570
26313
23590
29362
24642
25813
59191
23457
26314
27347
27645
31409
48576
49522
23687
63143
23064
48637
24208
30113
50970
54672
33278
33633
72726
40416
57277
58357
31340
45122
56838
46161
23454
27071
30134
78307
62385
36932
24883
35491
56553
27866
30652
22472
25418
66697
26426
41889
22663
46601
22926
66814
29388
32015
28028
34749
22808
26231
56273
39237
52447
22672
27344
31065
23359
40207
23829
35911
23193
25970
27990
28042
26250
26539
26904
32610
44536
25976
27862
38595
23879
29511
24478
29784
30974
25916
30035
33785
23512
24746
24957
22414
37726
69305
23815
24337
73091
43498
64382
66095
26896
30361
23779
24878
24919
29068
35928
22344
30743
34481
44066
22988
25028
29779
44404
58842
46605
49150
27107
29668
52859
58559
22451
33042
54727
29379
30271
30993
27818
49444
25895
35532
57800
77807
40368
23920
50404
59344
22918
26088
56984
29090
31078
23061
24705
28575
24646
59001
72536
27082
39722
71050
22387
24022
25319
22924
38326
74956
40757
65216
22656
26903
23317
29323
22801
47040
25027
26659
27770
22499
28920
23468
28554
39540
30710
31077
48943
35610
45848
22777
75852
45342
60853
41948
23321
25306
29683
49227
65361
27013
47357
52212
28668
28060
36534
22759
24447
23629
29593
26365
23541
47853
25269
33623
35674
25487
26648
29537
23055
27005
27375
37059
37674
43353
60216
37238
37343
47057
54924
23673
23955
41753
32056
37730
23461
32431
27881
29081
30820
37514
49340
32785
47363
23545
29076
22772
78745
33317
22427
26038
30355
53895
54997
45793
43474
63994
39143
25678
35892
23641
24758
22664
23925
31286
64253
64576
22485
33092
54388
25187
25191
75169
22666
25475
68256
52492
36715
70331
35414
40550
69217
23787
60917
63545
63873
22849
25375
35590
24497
24513
50990
58017
45055
53304
60269
45481
24304
23388
23931
68657
28574
29360
29409
22924
76648
50809
60224
75436
25579
73827
25019
44937
29982
40516
25785
23617
24544
25955
43871
46352
23182
24302
50496
24392
32393
33420
60988
26951
27996
23120
23140
24183
24599
73409
23680
24183
77301
28015
28429
73411
32831
39812
22677
34370
38608
42005
44548
57851
58830
23505
47534
28933
36801
32016
25843
34876
31225
35661
23099
24747
25306
27454
29387
34043
26710
45038
25265
26177
35918
50996
41296
47311
47320
25356
26173
42682
26294
61107
42022
71536
25473
36939
24750
32962
22766
24059
32342
26176
32933
39208
69815
23607
29786
32402
36498
25099
26746
65099
24940
26448
59938
27007
26250
26839
34739
23447
72120
22946
25807
29628
70009
70241
22758
47125
22741
29277
24552
28109
29222
23106
25873
31227
24732
26537
46886
25948
26887
26925
22565
24904
30710
22572
31130
35356
22697
23142
48046
34406
62010
30562
34431
40654
32235
29589
35526
24988
33083
66464
28564
28570
27575
49636
50731
60250
22733
39443
25471
62166
74440
26951
30012
64877
26649
23003
25927
29523
22914
24454
26110
31418
33221
22698
26260
64252
22884
24073
36963
24381
27016
31675
22557
26064
28714
26904
28206
31224
24899
26820
77413
26431
27271
30229
34347
52491
24790
24408
25060
30767
75058
33116
59345
36027
25243
26091
33202
24632
24747
66328
23805
25079
38867
23868
24335
58455
60596
62152
24712
34366
39967
28505
28682
54483
26066
47221
37592
23235
33643
50723
24460
25327
25782
31405
56660
29051
56344
24395
33185
37140
27490
45829
26366
37018
25349
29646
46184
28570
28800
71304
71321
57454
72903
57919
75190
24515
69363
23881
29031
78803
61718
72049
48158
24874
36554
32422
33373
25512
54145
62974
24121
24348
71587
23381
24017
28779
53800
23941
37680
68787
24239
25706
45142
23827
26950
40426
43112
60663
37043
65005
30775
32445
23503
26277
31915
24121
24161
71815
24551
27334
26871
27864
45684
52646
23330
24390
29774
23465
23979
25044
23865
24944
24994
23098
28185
32659
24136
26053
65153
68498
55106
28291
30056
23331
35860
76145
28086
36892
60291
25348
41489
25770
27088
36028
35546
23884
29215
28564
30067
66093
29774
31709
25059
47562
22788
23013
36427
39718
27923
27928
52813
22662
28831
47260
30291
38784
25399
28435
75673
25151
25907
29439
34305
23734
23766
27564
24108
27463
38312
73141
55880
33915
40824
23767
28955
22717
23110
37442
25098
23067
33947
47554
63701
28100
28671
24230
67110
24107
28793
22933
61314
61752
24288
23066
39529
35031
27738
30772
44371
61224
55895
58113
23959
39719
25056
23735
26131
43580
30489
34699
23787
29149
24751
28228
28866
23872
25378
49145
23858
27014
31701
60844
56763
24651
42736
30102
34285
23954
24994
26462
28328
75636
40337
35501
22873
67387
29601
32315
53191
37878
42042
51306
37137
29772
45639
38013
44163
73443
25281
28114
28909
25079
25446
38385
24564
34758
30890
56514
58521
45759
53741
32681
54019
27523
43848
23766
24143
42148
26201
30395
29171
43846
31550
46738
51596
57134
58242
26749
28409
23873
79054
27375
74355
22818
25024
62550
63842
65818
72805
39664
48548
25696
61002
50296
62652
33910
39180
23982
43642
51750
25261
27966
24284
25235
32028
23304
30353
57124
57782
27889
27365
31397
36786
38523
40956
25385
27501
38881
51788
27029
28088
48994
57316
23152
23654
42919
24157
24161
31829
25846
26451
36954
55954
57401
24348
24921
38316
23469
28188
23891
35112
37693
58687
24857
23507
23932
31292
44523
32944
53341
24850
27766
39121
42361
66960
31206
48202
45431
69373
25556
29124
71377
28890
44177
49423
48005
22904
26334
69240
24078
29131
29374
29441
23888
26008
25482
59610
70527
22791
41081
22879
25720
32647
33589
46905
23813
22870
63458
68269
29152
31554
23297
29768
25017
33072
24964
25712
28062
65924
23540
38717
38889
23167
24571
39846
66822
32187
38312
30342
42433
26528
62527
25275
23702
25225
67195
38270
49374
23357
40473
23428
28795
22939
24067
34098
32041
23673
24763
46314
74916
25401
60110
47620
25343
48034
34310
39994
58715
41251
65347
23807
24927
26983
25413
26947
27809
59342
27849
34897
39725
36780
71922
26189
26538
39256
23571
25408
40253
46909
22923
30869
46967
75011
78582
24324
68353
30640
46073
50857
23953
68549
33633
34960
69116
23334
26072
29656
46896
72719
27267
45236
66899
44318
51695
26754
38277
56303
24503
26966
33278
38355
26284
28415
26364
29264
56658
24456
24543
70156
26230
28049
26071
53000
49339
49747
56145
42179
25588
36979
40296
24584
24856
25540
24230
30696
72346
51138
26664
49459
55169
51562
22865
59380
23623
76234
43236
43880
24794
48683
51498
28800
29441
43611
23009
70820
22917
72782
28872
27033
35422
27136
39504
30152
23103
24917
36821
51919
23678
36258
62272
23623
23705
27452
23554
57440
23558
27676
30249
30161
41565
24433
43741
70063
57545
61549
60529
42829
35768
44581
23962
25497
48712
22979
23905
24364
53751
35001
36606
26268
57084
31892
32770
26919
29318
50280
53770
74856
25801
32869
22867
71358
71386
55390
44011
28360
23325
77476
31884
52639
47950
23283
34405
76801
24255
39784
49193
39940
23868
25383
27111
30300
37941
48649
28517
45206
53854
26223
28686
77917
26786
41367
32260
24120
27843
27872
36017
24709
25482
36854
76486
57228
60715
23705
23830
42242
24731
26086
68948
45709
23555
62220
50654
48793
39623
23931
24485
72327
52900
43833
29590
39709
26199
42514
26125
34405
23995
25052
75458
29677
24026
33782
23613
43794
51270
55967
33527
35381
28914
31858
66257
28043
32606
35993
56175
58228
23556
26003
26940
28283
26572
27211
25126
25737
28119
28695
27027
53311
68934
24157
24331
72221
37961
40684
23996
78981
30472
23113
25507
34316
29475
30993
36851
24959
72612
26146
36868
24488
25675
30457
63083
44022
53600
43224
23343
29812
72783
26489
26161
28102
47170
59055
26800
26839
30123
39045
57415
66637
30087
33077
27206
28348
40441
23928
31035
44625
45752
27610
57142
26538
26800
40324
61949
27315
27359
27426
51350
33105
28013
33333
43633
51779
25528
29810
62131
24352
30999
23044
27544
61698
25001
34823
24734
70874
23654
23867
26640
77537
65444
23221
23458
43074
64913
26790
30435
36828
46352
63848
74100
23831
72021
50516
27628
29312
22974
24979
24957
33551
34865
45485
29312
49072
44738
24099
26526
36308
47088
37833
60665
62321
64269
29327
29605
55070
71276
64386
24252
41187
25824
26481
56719
53934
24787
31311
45161
43027
77210
23830
24469
27133
24999
27301
24317
34808
38748
53812
25972
54282
24279
29948
24138
36028
24637
59882
24553
64770
35780
26567
23350
66490
23709
29518
31216
23828
24812
23511
24715
24808
27018
28881
44093
23850
28106
28731
25800
33524
45564
24741
28918
28943
36772
23886
25485
41904
23956
28206
28994
23615
39096
51481
55238
56322
24050
32865
23734
24160
42315
25871
28569
27817
28190
24480
27406
24599
29936
58365
23655
26506
75604
28213
44887
47815
46320
55093
29423
61091
31752
32231
49745
24710
29558
24930
47507
26631
27514
30175
27497
31373
58305
68205
25867
72656
24420
31336
26058
33067
47084
23970
41760
46148
65399
27686
34614
24739
77831
37315
57269
24144
25862
26467
25215
28074
24553
24834
25334
27861
28455
24511
68607
25697
25946
23161
24378
28223
29352
23425
30218
26738
25937
28946
75696
23595
24972
29137
33878
28980
68367
71545
24826
26297
28297
25774
68184
73318
25261
23932
30999
38923
51053
55897
59495
25160
74051
25155
25804
29912
62728
43816
24762
67884
28011
72133
26869
63129
23500
24168
42911
53759
29439
33442
26022
39343
45001
39303
44680
59337
38586
40470
24685
27817
23276
27318
25177
36303
25905
25924
55684
44563
24277
37893
78749
62165
52719
24677
24884
41885
35364
26306
27388
29967
32441
47144
57170
24829
25274
26408
29509
24499
27697
23342
23457
29519
34454
42359
26887
30088
29906
58902
36700
38853
30080
32623
23839
33164
24126
30139
24845
38628
24123
24283
34229
42857
49433
27034
29170
74869
44763
58874
71362
71425
42193
56356
64538
25139
30970
31250
25769
26017
48759
66695
24323
30077
47738
28974
38751
65592
28785
39239
23867
25172
38769
57479
24773
30964
24104
27662
53699
25862
26229
72426
31989
52846
52295
66448
34294
48698
37621
70315
25578
26013
23656
26120
23451
41797
44105
72430
28108
30954
44463
23660
58926
63525
23816
30777
42913
23248
27270
71657
23458
23500
28652
40705
25525
32119
73445
34280
26584
26627
25885
33618
27715
37820
23405
25973
26838
34361
32086
34924
27076
27244
30527
24373
34244
77833
28989
30209
31194
72520
45349
26033
26478
26573
24076
24527
25397
32423
40889
37990
58806
59147
52487
54261
30704
36536
25226
25362
28649
53332
25334
24324
24511
68486
38059
25207
25060
25387
33643
24598
24611
23887
31378
23702
34342
26565
32579
33929
62702
23283
26125
47098
51624
36195
24762
29103
24054
27192
31103
31712
43984
23584
61788
24243
32313
44553
24898
32775
54624
76407
49261
23843
26081
25351
65626
24947
25427
75603
50152
36915
72559
63940
42213
30390
49466
47905
25743
26077
28327
30223
77628
23372
28207
27211
73127
25691
51266
26071
66479
24086
25668
67396
23704
33213
71288
23681
29612
24858
24860
43985
24568
29340
25132
27818
29846
32833
23236
28022
47949
77437
31685
48374
54028
23815
25109
36583
26113
26195
32202
38741
32979
23631
66078
51671
63623
27919
29456
23884
23918
28222
25839
26602
34098
72682
54738
55992
64695
26232
38802
27196
29431
34840
36494
62488
28982
37234
29678
40913
62382
54382
31275
31712
25557
42319
47824
30177
33299
54963
59098
61497
24490
25321
35078
23778
39444
30067
44746
24217
26322
24723
28952
24095
24427
27268
23942
42247
27121
47382
50498
26255
61121
69985
70520
28207
28463
51136
74814
25901
53033
24002
24162
72583
24196
25332
35231
35700
36290
44906
23749
31435
25171
26029
30144
44698
63431
64938
48115
75026
78623
25955
36288
26158
48715
70659
54162
24258
36364
42901
23588
26921
65915
25256
49737
24816
26703
27270
71612
23447
26867
24370
25370
29458
31479
29133
31149
28463
29065
56468
25714
25777
36260
45480
25225
33793
34342
24436
24579
44557
26650
27757
23457
23812
26673
24978
25919
71929
29668
31614
30890
57837
44036
47472
24978
25007
72053
23739
23836
25409
24924
25420
24888
28127
54598
63523
23337
24002
24271
32029
26908
29612
57426
34814
25439
25561
69297
24466
43831
50510
24936
31455
23703
23923
64680
28679
56695
26437
27236
29099
24707
31649
39750
32720
38094
32361
33171
25315
26141
67524
32361
27246
27343
30901
37711
23627
25226
30752
40450
31437
38167
24958
47073
24162
24331
32102
58152
37816
47899
72076
24941
25201
25378
26274
44254
25345
25958
44375
24340
56436
23816
52057
41257
46191
41970
50999
25632
73133
23859
32976
41676
23628
25264
56759
24777
50245
32219
58030
60860
45093
23627
32006
32508
41404
60386
62109
25289
29232
35485
35948
23918
24082
42515
26817
41423
27743
33724
33068
24334
76206
57517
73185
58959
23914
27929
31722
63278
25387
25558
26638
25214
25820
68968
37962
35088
41970
37128
54071
26063
27831
25326
26207
31010
26549
29108
78566
35163
26026
26889
27320
27880
25028
25361
71875
28174
30053
25388
33503
41496
27503
41070
28641
36609
51220
26221
27461
30250
43943
53848
23642
30005
50302
70622
23765
27922
28929
43039
38542
60719
23798
34660
24848
25577
64931
23655
35473
43703
77188
48355
58508
25804
27296
24469
31637
37556
26012
26332
29690
29294
40367
43602
28679
37593
45527
65939
47581
40981
23566
37316
50556
37484
38575
24523
69671
71989
28314
54275
64781
68957
27004
28282
25362
25986
37668
24880
32316
28455
45691
68249
71323
24463
29962
42688
46657
28129
23564
24682
70798
46980
53884
54946
29008
29924
24467
29910
31314
46215
23730
26180
29197
26239
62543
34523
35138
51146
33547
26925
51397
57775
42058
67505
67763
70972
29847
32940
27880
28016
63603
27134
31781
30741
33560
36756
41760
25879
27555
25078
54446
27315
50415
25861
27442
24347
26258
29209
26222
58931
27599
33019
55280
26039
26651
23767
23797
43828
64007
26134
30592
29245
36569
30667
47413
28091
52809
23593
33080
43783
59848
28183
29843
23632
27684
44601
24834
31018
25999
27333
34289
35638
24749
38887
41946
25741
31068
58585
24196
35118
24464
30684
25700
24485
25033
72299
34265
34845
25923
27629
23905
24407
23952
24236
27877
47328
23960
32976
53156
64028
65043
67143
56030
61149
75332
31419
23637
64438
24321
75957
60292
60813
28840
28976
24758
28355
33947
25423
52291
27591
78202
34081
23577
25745
29445
64125
42357
45319
74922
30584
29586
36600
32691
69163
26285
29237
35782
27246
27471
24281
26426
35441
45255
75950
31147
33482
51714
72635
23795
24658
23549
34734
38598
27394
30216
64612
28464
28698
49668
57139
28482
73524
28977
23812
23946
29764
24148
45183
51452
24657
41430
76703
27432
33475
50406
24808
27723
48282
73461
77569
30582
41237
24803
26229
26711
23579
32228
25346
58937
27389
27934
32227
40604
24427
27656
58352
25005
48793
25007
25293
31777
38244
66642
40319
44661
24263
74113
50819
27606
38851
44388
23794
66350
35902
74137
24623
33354
35648
24914
29557
23728
23775
75199
32053
36377
24082
24333
28509
24347
29566
56020
62980
23902
25206
36234
27240
29076
30667
26606
31324
32265
26513
27897
41463
45141
28076
33075
23768
31063
65581
23791
34865
61940
24039
46190
57019
24333
72464
34173
56833
53744
54741
25044
68595
26023
28525
42792
46880
44627
25631
28068
48571
25569
25792
27956
74947
28198
66611
69566
27713
29517
50293
30123
34739
78390
26334
37993
42361
44785
66071
25093
36632
49342
38281
25162
36405
26557
33412
74126
28176
70265
39908
26525
27237
40323
28251
35673
64114
38026
27377
37403
23853
38834
24074
42137
24102
32107
50812
23848
26964
47773
55243
24137
32262
38652
35025
71085
58574
23646
28612
23679
28118
78457
25352
29535
36163
50470
54806
33510
41764
73256
77034
26808
30283
57148
25689
26723
60027
42103
42167
59685
25783
51758
51905
25171
49242
65763
42008
48123
54716
29864
33298
44753
25799
41622
26248
30596
38685
42167
42965
24345
26536
36316
29837
32358
26596
42087
42103
25904
51258
59096
30270
24598
49237
48294
25258
42087
46639
29301
67830
55362
27388
29164
39121
41492
38523
24295
25909
24003
28976
30160
34274
25162
63382
25943
26179
40240
28421
70604
25182
25293
72628
24368
29522
37765
53951
55052
60773
54904
30619
36781
27046
73556
26073
51193
39064
45669
49773
68711
48643
59109
69722
25032
25717
31842
33856
25778
27633
24380
56025
57771
24308
24309
45287
24309
24456
30404
27663
63456
56272
23914
38692
52741
25176
29756
40944
46608
58436
55805
23750
33579
26698
35160
36488
54959
58495
25784
27408
31136
48398
24840
26205
32529
31054
36362
70187
25052
34456
59832
30355
42575
47531
25036
25366
24947
25036
26484
57966
28262
70226
28016
28653
64264
26921
70225
25214
26656
60497
24738
27265
50431
71720
78537
26083
33510
37356
26523
41223
26900
55263
69799
55725
75819
35162
38180
25341
31099
30759
25639
39213
23839
24494
26340
42066
24355
27588
23966
23992
24151
24609
29617
26433
27870
23841
28275
33504
67672
69553
29258
73213
25211
36250
67767
51662
52760
27017
28058
59359
32386
33795
24201
32517
38750
25095
62232
40248
76929
24840
25202
44010
24591
28101
67301
34924
35575
75531
58903
26578
31035
43097
48438
36472
23789
26970
28794
24745
26137
28190
41144
26061
30510
65695
31606
73040
33424
35953
26297
26317
27111
28364
55946
26467
27764
72039
24013
23809
27012
26465
27477
32756
32691
34393
26517
32422
50212
44008
27392
28533
24882
25577
27153
29150
47219
37962
45151
51552
26472
27939
27417
27471
27937
27494
28318
23818
36201
27748
25742
34355
41645
34295
44894
24401
25558
26419
39909
24159
34073
24842
25448
49341
36536
31288
33004
33090
49552
26392
45824
48452
29209
29566
41931
32375
27334
27141
62632
27404
25919
26856
30007
24627
28239
23898
32712
51171
25374
27193
39513
56083
35088
39135
77453
52736
48081
61509
33928
45452
26406
30256
31106
33755
41069
24369
47252
24151
30631
41319
27904
32641
26189
45168
59663
45248
53261
36404
35310
30273
29065
31766
32719
35575
75552
24242
39039
23994
67880
48819
44130
29754
29855
63532
29744
36803
33063
33176
29190
30687
24393
29761
45777
24294
38540
78860
26625
31008
24676
57628
78053
33686
62963
29907
36582
46236
33027
37436
38789
53270
37101
26608
74677
74725
48878
53818
73958
52414
38377
28231
28855
39948
25427
25593
54312
78150
24987
43650
25167
50972
28265
30747
43072
77962
26454
26706
30628
57598
27542
54310
55744
24442
26711
27074
72770
45271
51157
24600
25073
37634
50247
42663
56063
66828
44460
24143
28428
26444
28420
25984
28119
28925
51113
61053
24968
72738
25038
32139
55422
24039
24668
24817
25112
69789
70109
77599
26004
26171
42165
54856
36344
26856
27244
62191
46792
52986
62921
73399
23946
24449
64405
23925
25586
27445
35727
51666
36717
72122
54823
56880
32980
75196
25748
77389
35247
28532
30685
24262
45986
46055
52981
24636
29868
31391
48837
50289
29946
30180
29437
30178
39469
24512
38852
71052
72608
72607
70932
72609
72606
27687
42922
30391
30650
36125
24168
28280
24194
68503
36383
38779
55421
62095
24021
27679
25033
25845
72201
24021
29042
46789
50186
26889
31115
29457
26516
35713
25731
46795
31618
32205
76008
34583
35734
41529
24723
25282
27483
26097
33699
39519
30455
38075
25196
32348
36531
42839
75616
50979
53240
27456
27523
37612
27005
34244
38260
29787
37912
25096
26450
29079
25844
26226
31015
39523
27256
27772
78337
26825
25104
32605
34238
30125
31990
67914
24062
26894
33389
30808
45225
25427
26413
26484
28821
38780
67795
26966
45345
26716
27174
28494
75006
25026
28862
35659
26021
33442
27660
40371
44004
34431
39129
23994
27562
44849
44144
24844
68654
71906
24462
25443
40004
27571
37440
27358
36712
49189
34275
37496
27130
27420
49074
24106
38853
64527
24740
25149
30983
24598
24763
58143
26485
75230
61089
72140
33243
40747
24543
24875
45548
53996
59768
75337
79009
58537
28160
62302
24599
36720
24067
25133
68808
27452
28563
24308
24513
36718
39111
25366
25899
24027
40633
24058
26171
28199
32198
36886
38463
54798
25182
26982
36926
24607
26986
27200
33999
35048
38947
41369
25099
25967
25173
30255
24731
68733
46375
61961
62425
61606
24596
45062
24569
28724
71674
24606
43143
68820
54571
24094
28951
42046
26470
40444
24284
24292
26708
24686
28433
39698
59749
25478
29244
29848
32690
27832
32800
41942
35846
47457
27397
27502
45394
36611
24528
50695
26374
26417
24153
24796
28266
52820
54110
55807
70920
24882
25373
40241
27249
67726
71127
24831
39208
36851
40437
38462
66688
53608
69115
44124
48090
24773
26452
44105
44777
55078
68437
39021
37944
33644
38051
50544
25936
29968
46867
32445
38235
24573
39391
25509
50605
27447
28562
32698
33701
33766
34770
25096
25392
26795
26854
26259
26508
28405
30974
33464
38459
35481
47923
24856
27279
27995
26696
26768
26829
52169
57485
59614
27362
31543
51240
28087
30373
27527
31132
28728
30885
31275
39178
27219
29382
62307
24237
26868
28921
46688
53701
24269
35704
40752
24227
36726
47248
53671
33171
44325
56170
25384
44867
30149
49417
27188
26507
27308
27323
29128
27819
32862
63245
24398
29923
30591
31091
41716
64299
27912
39147
43704
55696
43402
37674
42839
25060
26638
28073
30333
70010
25542
24895
27151
33128
46433
60605
26672
26741
32990
46325
53557
53870
26074
29011
25025
25173
68514
34671
42024
24201
31134
41979
29930
42436
43328
24988
56736
29725
25423
25899
26595
24466
25144
42678
52659
35727
38827
25434
25489
34265
47314
28490
31191
69867
24922
29154
24446
68496
68858
24848
27153
27891
38098
72440
25514
26149
31172
24507
41365
26530
27148
29039
40012
29372
28043
32536
42375
34968
24672
26646
27208
26274
27759
46332
41128
52301
29239
75268
25310
31499
28309
26752
28165
40817
25314
26756
40718
31388
35395
38379
25820
68842
25543
28774
31673
33357
46581
24627
26465
54093
55708
39337
45749
65612
28506
45001
63342
24817
25232
73633
25381
33595
32550
50747
38692
54532
26232
42257
51368
29376
36220
35933
72410
78889
64902
65081
24835
58735
57851
76030
24557
56822
24630
26222
34948
48187
32879
37632
72490
73043
27764
31064
36176
77456
25658
26508
78987
25549
29757
52592
26140
30506
27561
30913
50539
38605
25844
26949
27074
24481
25934
53352
24585
25116
41991
28364
28988
78938
30687
42151
26899
27011
74737
25474
26413
26553
24580
73458
75502
40319
40427
24723
29413
40697
34354
26427
26530
36699
25311
72622
25576
26865
57866
24481
25143
50346
34153
51063
51625
28297
35420
41202
58074
54271
57564
58990
26436
35024
37613
62738
26501
26973
24778
76892
24967
53162
33941
37450
34809
37773
25439
69247
71437
71479
48755
35657
26463
27689
71450
26729
28137
27541
30501
25313
32528
45685
34109
38984
70374
28176
38223
47472
24582
24946
30636
31788
32059
27325
38118
52023
52293
38094
26419
26427
29449
27553
27798
24290
38781
25040
32584
25025
25091
27931
25522
28590
29064
31614
28079
30127
72566
29416
25051
29722
24633
25632
26188
39486
44464
26175
27208
27564
28845
31947
67738
24771
33829
35060
39027
41463
69091
50894
52081
25875
69300
27112
27131
26191
27491
24582
24678
43817
32307
40902
28548
29397
41861
35686
65478
26226
26949
27470
34038
47930
50872
69220
69413
25403
27199
25190
43368
36752
38162
35372
49416
64195
31421
34690
39895
45701
46191
24575
25310
26112
26186
26656
33845
30475
35852
24861
43251
42950
25019
31332
38180
38762
24350
40285
29783
67360
26829
27700
31551
27112
33198
24775
44354
26998
27768
36064
27642
44191
38488
45323
41133
77279
25303
26727
33923
25373
25986
26643
42399
71673
33874
54287
67211
44930
27426
37114
42806
48188
24453
26305
34142
27226
49009
35462
64939
30948
38007
44177
38328
45993
33816
28058
40760
48690
54627
24666
24795
30042
66933
25817
61347
62606
26678
35805
25491
26595
27346
69019
36783
37250
49692
78637
26568
37328
33276
38301
27755
29128
24391
26190
35677
40747
24499
24602
26030
37478
37300
39440
56219
28876
74667
52759
74993
78554
33270
24679
27589
28579
30467
71011
33022
54975
76056
56449
43282
44990
57464
67117
61463
24877
35455
28563
28801
68765
51376
34564
37919
42388
34205
34852
70358
25162
25546
32194
27204
34236
33972
39918
44119
30825
52878
33627
41650
28061
28879
29701
35133
28391
53124
57978
57006
24408
28073
28815
46582
46090
39264
67145
68292
27253
28376
40112
26720
29481
40437
41893
61038
44053
47665
24601
62939
29301
30568
63687
27712
31367
25789
27200
36095
37622
28819
29985
26402
30799
71876
25796
36498
26449
73823
25258
25491
31175
33965
38080
40017
43281
25806
37146
72571
29790
37633
62625
27216
24523
28705
73463
62949
32922
32958
43313
70024
26117
67868
71381
26054
29919
59042
59243
25626
33616
24942
30789
26506
35473
36461
29336
41179
58869
29457
30622
41011
65528
28209
39864
24678
24701
31030
27379
51601
54097
25915
39846
60269
66743
48930
66125
44003
28981
29726
26449
27146
27151
25753
26818
33986
47790
50643
72384
27553
27954
26922
27807
24489
30855
55236
41802
57937
53927
31116
44913
25357
25456
72623
64416
26439
30890
36301
45069
51869
49061
58375
39649
28566
28972
24729
63256
29970
30766
30066
30553
26066
29403
42396
43257
26367
26581
36366
26581
26616
26750
26838
27631
34819
36445
50528
25185
33459
77486
27626
28746
26142
26553
52730
30856
39356
26175
26447
26150
27054
55447
24640
26806
26818
29619
28603
35904
59232
26621
34794
24595
41062
24655
31946
38319
43297
26639
27722
73786
24714
27212
33847
27343
37732
27285
29415
34195
34250
26321
69017
27854
41165
47621
51550
54057
77721
70270
62437
25781
28773
31269
31651
57802
25320
30690
37898
24766
65766
26060
51311
26091
31012
37176
54044
24579
30717
39095
29594
27798
28530
25213
53175
36544
48354
25485
63396
28246
30442
45464
40427
41256
42042
42473
26290
51333
30008
30169
24923
32346
35095
36805
26725
28633
27281
56245
60817
26736
45225
34202
28810
41893
42549
25415
27131
27526
27995
37637
25255
33895
30408
44745
77446
53744
59571
39462
44944
60548
26661
34582
31139
35794
27309
32050
64803
24830
25574
35526
26051
30025
30327
25344
49986
44345
30089
53524
60211
28462
47647
36268
46898
47481
78560
52083
27043
27973
24762
25111
33594
25312
25410
78874
26452
30964
40048
27299
36286
36953
25019
33462
25507
27164
35541
27795
78209
32853
36331
65325
34397
47974
43363
71833
43423
27173
25847
55524
58050
24622
29020
30627
47999
29633
29673
25200
63854
26631
36155
26945
44797
34073
51483
26923
32930
37520
25416
31826
69448
52540
62994
51895
28763
29461
26428
43963
44335
26127
37853
57874
62906
27302
35474
26441
32024
62749
26205
28585
29039
36699
37310
27691
27743
31495
25720
74752
30260
30374
26124
28047
54785
29733
57889
39903
35848
26469
26646
34769
26405
27015
25437
25789
37528
25091
25353
24688
25662
30665
25183
26722
32017
45150
25074
42441
29006
29106
30770
31122
29555
42572
26120
57236
25392
25600
29779
26293
29495
25729
33942
25143
25393
28140
47182
48798
58938
25133
25560
72266
25752
26292
31255
28509
28705
28746
28876
37177
29874
31889
55897
37392
44858
61489
56074
63567
40350
25754
26207
32780
25982
28551
39753
40674
25879
26653
27238
38705
39939
36328
54840
65899
35060
35152
38338
27954
28070
25467
26032
35340
25200
25541
55972
78088
24892
31823
52666
55344
72419
34845
25845
26789
72177
25540
26608
27279
27222
27479
60191
31913
25625
27733
24688
55701
25464
28197
38734
25657
31257
66231
27975
28708
25868
25951
26301
29330
53088
39078
24782
31763
38895
25205
34536
58304
74182
25249
28141
39029
35202
43403
52372
26907
26922
39649
72360
55075
29642
25181
31738
78000
39980
50288
27822
50265
31813
45042
45237
65944
36232
55224
71636
33022
30309
50974
32642
33127
52539
25866
41912
41305
68408
25602
25814
30912
24819
39235
52121
27500
30599
28403
29511
37022
37871
45193
61045
42965
50307
29677
25750
26745
25238
37919
39027
26351
28244
34692
32641
47562
52116
28941
54002
70167
46249
29990
31619
26954
27921
31431
42577
26575
32183
40346
26152
59974
40414
30488
32949
62908
30042
39463
62743
55291
26679
29673
58889
34538
56942
59921
25567
71653
71684
27781
28448
26367
26475
30157
38157
40729
34062
70069
25338
33576
25497
29334
25247
25252
28958
28530
29448
30999
28639
69136
65412
24895
25673
28666
25498
31353
54671
25417
29428
30869
34031
32713
34009
67112
39537
44327
25462
36316
27338
27474
41762
41729
25888
25972
30955
28777
29373
28863
44982
46354
25202
30428
51523
44203
25181
25267
68548
30678
32662
59093
26252
41147
44329
26051
26383
50154
26345
26809
26182
50388
35250
55643
27346
28070
29459
32246
77492
31211
33486
63814
74291
56364
74962
78076
26785
72932
61828
64267
27693
60547
27650
65307
35481
68716
39660
65396
25290
27668
47966
25749
36976
25101
26479
24814
30491
26763
27776
42685
43297
43628
24950
25600
29204
30719
64692
26768
27573
26580
33123
41263
55823
25925
41882
26105
41846
33703
34943
37028
58372
74206
25267
25353
29078
30514
32315
27062
27214
26518
40672
25172
26273
26587
68851
69216
54174
26544
27101
55187
37648
38522
76257
71649
47519
66066
26801
27550
28199
29827
36961
27158
29220
41328
68673
24821
25866
38925
25396
43562
35033
32077
71061
51016
25841
52313
76960
24853
26763
26939
28710
40728
41173
26620
27305
24982
49386
65571
26547
48428
56007
25878
32223
24853
30422
25048
31557
39475
49539
40094
26286
30625
25673
26336
27029
30891
27609
37592
25287
25319
39260
37030
24907
36222
29686
26639
33098
27483
27639
71527
25517
30953
27732
33811
24998
70640
27409
38198
27800
38597
31666
25243
27588
25443
25887
28306
62403
68723
66605
25252
28688
27828
66932
28050
65476
36124
48856
46890
27148
28902
29319
31967
32862
63937
26316
48994
26181
39739
42543
31036
75328
47867
67224
33636
75032
78932
42970
46100
75431
26621
35182
72086
73849
27393
45415
47075
28997
31307
27189
44492
27156
29141
39904
27241
28351
31247
41483
60047
25280
28503
29394
38783
44743
29383
32564
58241
26259
31805
31814
29812
30663
54738
54937
73285
26197
46278
48036
25148
26469
29529
30572
28839
36895
50227
26657
31026
34956
41473
42652
28388
28972
71874
25591
26253
25653
74655
78531
26945
64690
34099
48699
64026
26517
44378
26094
34352
26401
40944
28587
32449
26362
28034
49637
29642
30521
32976
24940
26273
31156
39872
41160
25112
28280
28412
27813
28064
25771
30755
29382
46902
31839
27353
28092
33567
26764
26503
29893
31625
26791
49120
30209
43791
37511
40939
25041
31288
30208
30311
76438
26019
31628
25041
25589
45406
26020
49575
26127
37704
38698
39442
79029
26094
27163
32558
28922
30470
32072
36041
78181
28948
65820
25956
70487
27300
27838
34842
42699
28621
29611
31734
29243
25789
28646
31697
28991
26712
25690
73673
25684
32254
39633
32328
32662
60138
53078
56736
26024
25787
72388
42388
75791
27062
69104
74297
47252
25823
30113
31067
25993
28516
48182
29827
44128
30599
30903
30660
56036
60315
25659
26887
26806
26939
28990
41590
26575
51797
26843
27338
36182
44046
27524
30448
43583
28613
73165
74693
54566
54918
25075
28148
28580
30391
45739
40936
56306
38965
34062
34969
28628
32922
57181
42702
48103
48876
27540
29350
77479
26098
38281
35335
27513
27847
37779
49327
33140
48240
27720
27974
26194
25889
29253
75925
25241
26242
38779
49420
30706
50014
78542
28134
49183
41465
26217
50735
25431
27261
29389
28611
25420
78852
26478
29633
28820
34545
27420
36794
75219
26447
32459
52420
60659
50925
25796
26102
26465
38749
25263
26355
26567
31788
35456
63727
30941
32863
55801
25174
38762
39739
29320
43631
54961
31144
40561
26861
47165
28333
54768
27340
40921
26611
30170
45316
30160
42921
70620
72649
72696
33841
75787
32069
53308
25101
68811
25311
27500
28711
34220
53131
26767
31877
47746
54223
49190
25796
29551
28504
30727
52984
26747
31026
32003
26585
27791
38015
34948
26140
26807
29709
25333
25666
26037
26294
62048
31051
64784
65116
66540
43378
50346
53352
25570
33700
44143
55450
59557
49006
48805
69896
25734
67844
78974
55465
27593
28194
34398
46212
27526
28515
31728
34299
53341
25871
29559
29671
32265
45155
30877
39040
64234
30096
32521
57731
26717
26927
27982
65459
66551
45317
37622
28118
25280
25317
36268
38271
29259
42311
25708
33798
32093
32419
71886
26129
26910
31256
25204
58802
48510
53724
52210
28289
28452
69397
25239
26677
26936
27304
27470
73203
26974
29122
66169
38044
28461
29773
29595
40878
57901
60272
62448
48651
44198
29838
37627
29990
42390
30738
40126
42516
26295
31682
39849
56048
47029
53343
55422
25741
26127
34313
52601
27453
49961
28228
45852
25283
61460
26107
26620
60177
42473
44596
36005
36149
25989
33312
27811
29332
28000
57650
26662
28491
43153
25146
75216
27835
38434
46200
25402
48238
50305
25560
25974
39273
25414
26443
31936
25494
41630
56586
73108
46081
72124
53160
29215
29726
32540
51143
41126
27114
27756
25317
25339
30991
27768
34940
26809
26851
27348
72267
72448
42146
30673
32323
27114
27250
27367
28383
55726
49510
27742
39000
45654
77880
25664
73964
56921
25718
37585
72599
49344
55974
26440
28130
50240
26107
26303
68115
67922
69274
27262
27603
25425
26168
32743
39906
73834
40559
26881
31334
43871
45427
38830
46909
25608
32033
36768
26708
29093
29229
33993
55959
56235
42292
42683
44388
25886
45277
67173
26953
32800
27058
27348
28067
28377
32030
37721
56200
27358
28398
39197
26801
27319
35799
25447
27551
54506
26011
29608
38355
51336
27367
74315
26345
32467
53849
38710
66404
27250
27399
55870
27273
27487
41880
45672
50203
40045
40917
64541
30521
30814
25419
25814
32982
27554
31572
25753
32646
34548
45982
26303
26814
63267
27296
31672
26443
31715
69252
31913
33124
46742
47435
29575
30234
27588
33202
43138
26790
65506
31510
33634
69969
25812
67951
40142
26450
27844
27718
30540
25448
28244
38598
69262
27294
49869
32770
32939
30903
31341
69086
40125
51359
26820
29281
66861
26371
32415
37401
41005
45460
27639
71421
30259
51640
25357
25993
30472
25245
25435
29277
35376
36015
30333
56477
49598
27633
63889
36532
37497
26693
43151
63269
27001
40672
33314
48328
43011
64314
35887
34383
39647
32017
29455
32347
46859
51714
50218
76972
43808
46201
38917
72168
27215
30647
33149
38536
67770
35002
47300
66086
32924
33887
38273
50776
36376
27858
30814
30972
73062
47993
26916
27058
77932
43120
31962
25914
29286
29403
47042
28647
32246
77501
29280
34137
27339
28359
27057
33588
31622
75076
32036
34449
27009
28098
44038
29243
38809
40773
27314
32738
40939
42685
41371
41487
78729
35388
36355
70912
34914
35023
36133
29262
29581
43567
50945
34096
35434
28544
35903
28355
33201
41663
28154
64917
42024
44546
68039
28231
39755
30751
25738
25822
30741
25700
36284
71043
38536
39872
26675
29308
61259
27164
31871
32446
47924
52773
28306
29715
62253
35980
26043
30809
49877
58814
27899
58592
62087
25811
27626
35370
25853
29242
39103
38142
27144
37628
27407
48819
42510
41752
27113
27709
29478
28289
36825
32253
43702
61692
54283
29595
29674
30188
29968
41015
26907
31741
38888
61346
32569
34106
49005
55093
57256
73832
77466
66602
67317
39380
53317
54158
33309
38041
31032
40831
25363
33737
53598
32766
26658
31426
65489
48060
51508
30404
32101
44044
65825
30568
32534
28988
31364
78936
36941
37257
47351
52827
42947
26964
28241
28788
54054
73211
26916
27021
28030
74696
33780
26725
29556
25833
29489
29042
57441
25889
31311
40058
25660
25688
28757
33018
26266
33103
65872
39333
30052
33131
78241
29307
30157
30594
31470
43858
55108
36605
28914
32656
37921
28658
29176
27048
34406
33297
37189
29227
38588
40454
47210
26098
29943
26777
32380
30972
31146
25879
27197
25557
55375
29809
43674
28604
79089
39985
72517
51549
26337
41846
51905
52530
34824
25569
34011
53405
28604
30364
42901
71671
45737
26750
33056
28152
29597
56745
27258
43284
68061
69070
41914
25658
28405
76333
49211
58229
39462
51573
26130
43138
46373
36319
26374
29162
35299
48508
26351
30275
34536
30068
30868
26143
28859
36221
48573
27110
36260
48367
27085
27378
31472
65807
30894
55899
70001
26390
28588
28869
27469
28255
68047
27520
32555
35606
61198
25734
32398
78970
32853
25696
27781
29507
30073
38325
29365
27418
28559
37549
28314
37354
62687
52899
66208
49381
28726
64744
25629
53411
30108
52808
39089
27891
65362
67855
29768
38860
47230
47435
26384
44691
28627
28767
64585
27719
27893
64725
27040
29547
57290
26374
28734
28931
27399
78898
37250
40249
37418
28422
30187
35638
48962
55875
55959
27963
28189
29664
32009
64753
34109
74733
78947
26235
27165
47229
26379
27604
28496
35035
64897
34589
35526
27033
36062
25944
27770
28359
28588
27621
27754
36256
25629
36222
25882
27991
36067
26600
26788
25618
45294
45348
62321
26004
31484
27088
26152
29915
27600
26658
28610
27165
27807
29561
25935
32522
33644
35980
44906
47230
34552
71824
25525
28105
69732
63008
39203
65331
51682
52195
66192
27230
28432
32650
53672
26242
39247
40410
43398
30109
40816
43889
68295
30609
35693
25655
28112
26233
29268
39178
51963
27604
47370
50565
25568
53135
27285
35204
32192
70740
27140
47888
50351
27251
31804
27129
26783
26884
30432
57787
28595
26685
30516
33809
27459
26166
78861
41181
51957
27362
41631
53119
46197
71218
30888
52788
54219
29807
35172
43638
61644
28890
30948
31146
26099
34546
46832
27910
27214
33789
34292
31418
48005
59535
78331
25968
45744
33911
28299
28312
29166
58787
60951
44150
44653
26343
26814
29127
26376
36967
30602
39800
56603
27627
32678
33488
26031
60817
61992
65337
31524
35736
44232
49646
26212
32171
43170
28557
26689
28883
29119
41062
54136
28664
30676
68192
27704
28328
29043
27688
27245
30608
41944
45304
32546
33666
60880
42666
26750
34527
36624
26440
25849
27573
32643
46193
50648
34393
46974
26383
27539
30573
27255
28410
30685
25882
25894
41401
33287
37137
46479
62895
27086
44087
27285
35181
25718
32774
42504
26884
27065
35213
36812
59098
27618
35957
27056
27405
28078
27198
28476
26765
66662
27035
27056
57412
36221
40980
26796
32250
25951
29574
29911
33857
37295
28524
30100
72416
39422
53440
69408
31947
44194
31931
41678
47449
26288
36582
52172
68162
73635
46296
63842
38792
26153
39807
64030
27678
28723
25738
28828
26401
28883
29213
26192
29119
29422
26685
27902
38290
28561
30305
34766
35011
61134
30563
30594
27035
27041
29066
34692
26842
28292
27041
27428
28450
26360
30265
76363
32268
37204
26768
27926
28592
27681
37206
27378
28117
46652
48025
27247
28025
28180
47538
52641
53288
43289
55292
25841
28353
51664
25666
29861
30648
27573
27753
27926
27311
27314
27984
50294
65235
30103
74735
32736
67614
26406
31392
36292
27485
28162
31101
31589
25894
28515
29285
30346
34132
32235
34087
25775
33978
26961
71921
25858
44009
26833
27137
27625
27376
29515
30064
47614
26741
27754
28419
27548
33007
25749
29546
27183
33345
69391
69473
73448
30860
33988
78577
27119
52480
71637
26468
30968
29561
29861
71774
27725
50864
50913
31233
38194
32059
39898
44514
39229
29635
30269
37798
28233
29059
34184
36946
42721
78104
34749
27841
56940
27837
31225
27003
31880
26927
31970
38580
32399
34072
43506
27223
33219
35593
29954
27493
63850
26569
29484
30059
27536
41817
49993
43200
25935
25982
32172
30825
50681
29734
34372
29895
30249
27051
31880
42562
52601
29402
34901
36824
37511
27245
28851
54481
27294
28897
27561
33008
25950
38365
26354
30977
30424
27593
70367
31534
33953
33124
33257
44707
26417
28734
29743
67615
70532
72698
26029
31621
37072
26405
26414
28807
32037
60938
31315
44120
26414
26438
39656
28398
29422
29745
32982
26360
26783
26102
27477
29916
45700
28305
29829
28978
29515
46611
57647
62899
48071
47723
27248
27311
26722
27744
29289
28630
29514
28555
28621
33697
26789
27779
72121
52819
32955
37257
69546
26505
36245
31138
41481
50186
27248
28180
29056
34044
66220
38486
53505
74681
26192
32750
32982
32041
34433
27441
31025
55159
26354
34220
47619
27982
28431
75178
29407
30069
36665
45016
46555
27893
66061
44702
51789
26336
28541
38098
48875
28926
40435
25939
31511
26133
29499
73766
26438
26686
32028
33603
30549
31245
75707
29330
68921
68961
32023
41384
28414
31780
27268
69407
31534
34832
47531
47784
55358
29507
34160
63350
26987
43781
37767
38271
45329
28140
28367
27759
34520
44336
27547
31766
44455
54397
58976
70768
71920
46656
69716
29133
36051
46825
52581
27042
75150
31705
27806
27844
35144
43525
27405
27621
28581
31222
32592
30186
47022
25974
26743
46692
26386
28599
76455
27143
27473
45966
30650
26321
28545
29490
29974
26307
31843
34364
38191
63090
68317
27435
33949
27719
27857
28242
53752
28093
28194
28779
33669
72642
64835
25927
31131
44830
27469
27902
29287
32500
36063
43729
47949
77396
64933
27169
31341
34349
77350
27455
29162
58018
27906
29926
33684
34250
65077
67328
28406
43600
25950
26629
31489
26378
34141
35947
26943
57527
33211
56889
56246
28541
29223
56470
39362
69212
26881
34515
63197
72278
29337
32486
35748
34732
65261
32545
36006
28704
34295
26803
34267
61579
29176
30458
32819
33235
63530
64006
32583
42067
27453
52652
27773
61095
48591
54929
27146
38127
26733
26826
51292
75123
26233
28535
29766
28285
28632
29496
26357
29924
36521
25891
36253
28904
31118
27806
28203
28323
31039
35800
47478
77673
35546
74506
36671
30095
36581
30512
31267
47197
27022
28928
31518
28128
41559
51609
26628
31621
33257
66039
26941
29952
41331
30648
32149
32129
33093
30064
30860
78589
27857
27893
28024
32440
28575
30128
30300
40403
26689
29130
46926
25995
26704
42265
29536
59622
27015
28807
29029
61283
27576
31286
34724
28255
26498
28339
32612
26145
39997
26196
30230
35223
26299
38293
34154
57575
55807
30845
46159
26988
37177
31067
31924
60701
26201
28893
43335
43950
27932
28323
75946
70606
26795
61552
27064
30214
27389
52410
28452
30104
40676
27084
31941
35604
36378
65109
28025
28321
27008
32018
46004
43620
26625
27289
31718
30342
33621
33346
28389
28568
28644
30138
26219
36557
26112
30003
39052
47434
29049
29283
32359
27436
36880
30114
32031
26011
26697
32580
27569
28160
34583
70295
33922
34087
49743
32694
45837
28483
30298
27841
34233
26598
27197
28595
31738
44335
31784
68067
35983
36773
27198
28431
61452
36427
65160
26181
50590
26506
32613
74303
37767
76843
33922
33944
33235
35221
29974
30069
26263
46275
28785
30527
27701
57109
73418
40225
27021
27784
28219
40276
44661
47482
30429
34944
29986
30059
47616
26148
69770
73403
44736
27574
29160
63873
48786
29767
27825
28840
37043
71683
32366
55519
42029
42261
51995
34231
36128
55124
26285
53979
32042
68942
68943
26686
27364
28897
36322
41594
26760
61953
26253
26409
30424
26751
26933
28907
77013
73546
30647
74599
34430
28993
49432
71397
27180
27752
29584
27753
27890
44582
55196
28525
33777
38445
44884
60191
28024
28077
50859
55874
31585
42054
27450
29018
47660
56125
43656
33302
33303
50293
29139
56684
62129
29544
32576
70587
26510
63735
51061
59290
68270
27892
27632
30952
27407
28684
29199
48910
27428
27804
26637
27166
43979
26243
31601
36450
34685
26957
28985
32844
32649
26966
32023
45123
33971
35723
63628
27722
33098
35897
27983
28077
28126
33321
37628
36855
30094
53748
29364
29434
29025
31968
35004
27430
31983
44388
27313
27218
28610
30386
40525
28166
29540
48993
27914
28093
28352
30637
41473
52268
28222
28981
34092
34865
27932
75891
27631
36899
35893
41981
31564
32407
27098
27147
29283
29722
30608
27406
27984
45710
27305
28316
33057
26797
29049
50106
77402
26834
28160
26445
32230
32508
43175
30881
26674
34658
35184
26928
29407
37411
37901
33672
28720
28869
44745
28141
35384
36648
39853
29994
32156
34342
36975
31909
40605
27073
32844
27756
34870
36550
33484
37512
63959
35450
28126
28208
72025
53383
54942
30105
30469
26833
28624
31229
44415
55711
55875
56194
29396
29533
27207
27291
29516
43930
34370
32455
39486
53610
35396
35677
31707
32478
45686
59086
27634
27842
29035
26435
28422
33015
28321
72837
37290
47957
54742
45290
50192
76517
27804
27839
28554
29795
33036
30061
30189
36467
26896
28097
28464
40365
26491
27438
28350
27233
28096
30244
31619
29591
61077
30304
66460
35280
29442
30015
29626
49784
28827
55989
57622
48747
57842
28105
31671
68774
71786
27317
30243
30589
39129
43158
26641
26369
26445
42771
29461
33014
41240
55745
56246
29258
50939
26623
29311
30189
30422
28169
30813
26424
27382
26762
32812
71680
46576
67741
36111
64169
26580
31377
34820
28441
36413
27065
28069
28414
26325
28802
31827
38605
47442
56033
38132
31787
31898
45690
29297
31166
36108
68729
27944
29406
72879
67313
43724
55545
60809
54077
33201
36112
37635
54085
28731
30726
78907
37478
29448
39549
26751
26849
32196
33528
27554
31592
29983
30195
32500
37359
26421
39319
28285
29302
30215
54417
26785
41925
26369
26377
32584
33587
39925
43569
29657
31558
31649
27147
27328
30139
26849
26873
29948
39164
40365
27584
36400
26845
26873
40347
35451
44418
28316
28758
27779
28023
28895
38885
57574
70657
74664
31054
34090
33303
33433
26312
32198
34434
57451
43941
60272
38347
28536
30675
28078
28581
27251
31580
69609
26804
31000
40188
27698
47605
53731
27989
30624
33105
34444
77601
68374
26668
64742
66694
67093
67823
55430
26709
27073
40862
27324
30511
48059
26298
27125
27946
37297
26540
33696
36683
40036
30510
36638
66407
55234
58186
26543
42963
43455
57980
40469
29401
31135
38218
28732
77424
56471
76369
30576
41945
26798
60054
47013
31924
45015
30647
34325
27544
32917
68747
34653
38214
57676
27882
32504
26788
29704
30957
35152
46966
28758
28949
31111
27700
30633
41594
51799
30231
44225
40773
36601
26696
28592
30097
65769
30381
36373
43252
26843
26845
30907
42898
29012
29382
39652
48532
34565
42288
41626
28362
30327
26709
26725
30712
29053
64183
34593
36643
51691
50689
73404
30849
32088
26482
33643
34937
27339
30978
39822
46225
27651
35379
28949
29086
27932
28203
71268
36688
72494
31641
76835
50489
27317
27328
29329
41723
26579
30704
29745
27850
28647
77522
27618
28525
35145
27252
34744
29566
39756
26533
33500
27723
34894
32375
48790
45378
49899
27252
28019
34309
29765
31012
38228
28689
38286
63224
28500
28711
34702
62484
26959
49400
53538
53919
27928
28634
32883
62496
33576
46901
57533
32166
34487
40374
61786
27842
27890
45945
45844
30469
30849
55504
29146
29170
62058
33420
29704
30426
34361
26533
26642
33255
35130
58747
47111
38481
44577
48224
43714
50962
28948
37425
26697
27507
39209
36302
49132
36142
37152
49441
50891
26971
29523
30395
31074
28394
37705
69889
28251
28337
29151
35506
48025
48088
29056
35281
29006
29960
27414
27469
29724
35955
29211
29504
38848
35921
77130
42916
62729
41548
29491
36189
29868
33328
57343
60418
27477
51144
26747
32674
29966
26936
26769
28507
30360
41431
42460
26663
26958
28752
29533
30735
34984
49148
27182
46800
37361
39305
26672
28419
29211
27157
27617
79106
27608
30163
31651
32482
55665
34829
40592
29093
31878
60197
26978
35347
59479
27592
32354
34138
56936
33809
38290
55851
37042
29014
29173
48982
27532
32204
67708
36668
27202
29492
37107
40992
26657
40789
77426
29201
30651
37229
41266
78769
68214
27644
74475
28242
34320
64930
36992
48087
48088
41434
28675
31118
27386
41707
26910
30154
34331
42158
27162
34093
46139
48086
35296
55041
28612
29256
29262
31301
56935
72226
34811
55115
28605
28687
52944
55637
30000
31126
26684
52102
28502
70117
40758
42690
30797
32942
27997
48525
49215
28404
27069
32919
46044
41748
37004
39381
45387
29847
27831
39111
27839
74726
28656
30176
32911
43108
44929
29872
32364
36549
27510
27536
49682
29711
30070
35937
65899
26779
33850
28132
30990
26671
27316
32675
27550
27598
31272
27227
41927
27799
45850
27836
28035
26975
27262
28561
41267
26634
27051
75175
31040
47051
26924
29627
29889
42013
29279
29594
32071
28256
38127
27157
27235
79105
31364
33489
26642
26897
35412
45817
27874
28002
32304
33186
45622
29492
31322
55436
30050
31635
54488
26885
27085
28290
39229
44208
44929
42652
45427
27029
30494
31297
33304
76500
33547
76053
78055
28793
28923
28182
40393
35949
37712
61232
34333
48850
69082
32098
32822
27634
27727
37155
33689
65896
29953
57010
57514
45163
40847
27205
27235
31013
29029
29466
32983
30172
40269
28514
30563
31348
38678
73021
47987
39164
50678
27257
27998
36104
29581
32787
33422
54491
70033
72733
33944
34610
26650
72492
39477
27149
49317
29559
31358
32515
49171
49245
56570
31539
38852
47417
46521
29050
41718
26933
27619
27619
27683
29055
30767
27205
29160
29493
63545
28120
30339
32884
28689
43537
26835
36482
27815
29833
26592
36417
28450
29066
48004
27784
27836
28663
38963
59718
33950
51027
32784
32819
30463
32478
71180
32534
35227
58711
46881
50643
32407
36548
60757
62377
28942
29761
31123
28072
37970
40134
44389
55300
57108
79088
31092
33677
28004
33073
42962
27727
27763
28793
46022
35254
26655
30516
33742
28954
35238
54614
35456
37162
26857
30099
34479
69014
26804
38858
70325
29420
36428
30106
55583
38448
41775
26739
30360
39789
51002
33090
33211
53386
27683
27758
34814
35120
26788
34361
27758
27763
28923
31715
76966
41291
50857
27595
27814
31693
43519
47880
57882
36417
46289
29080
30670
28501
41891
28632
29275
37228
41773
48226
30061
30539
26663
29355
41711
27507
29027
30783
31585
33173
49379
30695
37640
47576
51356
28500
28765
30408
31243
71006
30284
32278
32540
33800
28595
31209
74262
30058
31082
64888
31819
36018
33518
36807
27657
34790
30682
28137
31904
34892
65296
31881
31935
27530
43895
27824
28227
39149
30340
45973
26759
29872
37190
33798
70830
36148
32454
32482
59169
26718
39597
30179
38641
31287
36988
50427
42506
29303
39714
58848
77844
32893
35674
49883
28882
30938
34530
33242
34218
37390
28450
46163
27457
28149
30388
70356
29889
30385
76343
43051
27506
29395
38426
32031
35113
28367
28642
29362
31240
43921
58177
37524
48543
29357
43960
32108
34625
36573
48653
57370
29285
30620
37018
47091
28036
32245
29454
29530
48633
28496
28776
28625
37460
28226
43945
29396
30097
30912
31815
27439
64230
31714
32892
43051
38282
28432
34478
34216
41962
51253
34343
28824
29724
61818
62858
34710
38968
62109
61831
27327
38082
51514
33459
34703
28796
36084
28116
44522
75112
30188
30638
32139
40310
53343
29431
29696
30854
39542
26824
30106
30130
28554
29072
47431
66710
79085
52259
34546
28922
34300
42195
28038
38867
36496
38918
69581
34451
41692
63716
27004
37631
71249
29237
31085
62948
28942
29231
42222
48224
38906
27364
28322
58421
78945
27776
28710
28288
29477
37237
27928
36896
27773
27918
29080
28099
32728
54277
28006
61202
52306
28741
61239
33965
38202
41900
45654
55135
30571
28787
27956
28636
29071
27175
27335
32430
26860
63168
27457
33471
61261
28308
39071
72934
28121
30319
35488
27824
28486
28104
33585
35221
44899
33321
37232
28371
62273
35677
38027
27354
28284
38367
31087
32272
36562
30468
41622
26863
44699
30864
32782
33418
28787
77097
32685
78617
27914
30070
30289
28023
68402
69106
27078
28020
64782
30131
30271
43513
28169
34470
65871
31638
32075
72806
29504
30402
28605
28709
63266
54513
30098
31273
37611
46101
29194
26958
27638
29144
55631
55904
49833
69955
26877
72493
72577
54308
57296
57928
28115
28600
30320
36410
28143
27574
32211
38814
38577
27751
27184
32924
41928
28054
65452
67424
28931
29162
61476
44411
26918
31166
28181
42288
47250
47667
35881
57154
28760
33986
65346
44169
72978
26898
29688
64427
26902
28342
32789
36741
28645
31044
36969
32387
40838
35007
56780
46271
51063
26897
27450
32731
28977
57518
39876
35231
40267
77598
53480
41763
27168
67092
27341
45532
27986
31701
62427
36533
43384
40870
46840
34095
34970
68894
65645
72692
28928
29825
35772
45551
48290
44761
28986
35398
47002
27306
27611
37433
29911
31624
36622
28401
29526
74046
32335
38306
27841
28322
33046
35398
35411
52835
28344
33631
46887
27350
36624
27658
32386
27098
29943
30538
27760
48461
28590
47352
29385
31936
30509
69084
27478
72569
72659
38804
29201
29231
30688
34937
35193
28719
29291
34161
34444
28075
34653
34842
27091
36058
35516
29773
28121
29331
30733
47477
53465
30385
30790
30104
31161
68786
28282
32627
26942
31368
31624
28552
28589
29169
29469
56668
36425
42412
35411
35454
57486
37318
51455
29871
32016
37189
58163
28776
28823
33314
61727
30196
34026
28709
63113
32730
78111
28423
33603
34608
30025
32530
36914
32774
34686
34900
34901
49322
28392
49350
57985
34900
34909
46510
57782
27337
30119
35929
56711
29493
29739
63295
41492
48394
27494
28830
57893
41142
38297
27474
34358
28742
34283
27037
39673
28189
29269
29697
35863
37857
34433
34909
72505
35279
78324
28202
52428
33385
35459
31438
47093
29164
30609
48110
27064
32356
48761
30458
31499
38797
31104
31631
61939
55973
28391
28456
46682
28761
27158
28172
36098
28608
33269
34452
72432
27472
33509
27336
29095
53829
54566
40926
30804
46919
30509
31019
55718
33433
34989
28299
46830
47395
27233
31044
31283
27511
73065
30539
30632
31615
31288
27304
31049
39254
34610
34754
66228
35559
63529
30119
30716
38567
49355
58802
28833
29270
31323
32513
28722
36380
30329
39832
65418
27761
31264
32165
36469
31222
32814
33407
27617
34358
29270
31063
28394
35842
36941
48569
32583
31736
32020
31919
39476
30265
31368
32197
37513
58315
31019
31264
38386
27674
37004
38226
35885
47627
29151
29269
37451
56213
30499
30541
56967
30118
57253
63273
27885
33578
65276
29118
31920
73933
27821
30932
31928
29059
38016
27538
35327
36274
60110
31348
74014
28357
33532
37352
37773
54746
59382
35700
69449
29629
29679
31666
32312
28414
30857
28597
33947
46312
34969
46123
31555
28287
33911
34655
42704
28945
31725
54696
29015
32603
66242
44521
29778
29933
28052
33448
44154
69362
27106
29596
30793
50898
54717
60051
37162
39536
77627
30045
35454
35689
27856
28268
28094
30632
28924
31581
39751
28856
55125
32784
32792
33586
64115
28838
30034
37225
28604
30887
28159
40444
39204
46138
51197
27703
76942
34617
27353
31308
74381
31779
37668
27434
28034
49191
43595
53106
28363
49064
49832
57038
29213
32136
36612
31232
27106
28053
35518
37386
28329
28847
46336
29053
34481
37378
59835
41485
62998
39324
28261
50416
69615
43359
29185
43878
62508
27373
31336
74700
27560
27910
27955
36845
27262
32052
34576
27741
47288
30600
34111
35496
27990
33938
27406
30243
30664
30382
31040
73678
75171
31301
33251
32261
35778
41266
43187
28224
35242
32020
32220
30402
31086
33130
55643
70631
27598
33509
34655
34815
35236
36494
31559
32014
38199
27923
30331
32883
29186
41903
28629
38235
41491
76090
41880
42487
30279
73889
28467
42278
55896
46555
47939
28052
31726
28150
48654
48714
49412
36854
70757
41401
32003
32474
49476
41283
27586
27504
27138
34159
28336
32220
32312
35151
50554
29760
52795
37062
41131
43331
31878
32454
28456
28701
30383
30587
53617
28208
29570
29921
29402
37586
41374
49881
28439
28706
30560
33955
33520
27169
35609
71994
29265
31806
43366
59128
46876
30264
73892
27345
27947
29023
44784
34754
34815
35965
49997
31893
38777
31774
41519
29031
29444
78790
35807
61454
40249
40379
49728
54548
69890
29992
32724
34036
41190
45735
57845
28049
67655
35347
36725
60292
67799
29920
56908
59213
38435
38495
51190
36876
32565
33712
39637
27390
35879
30348
30712
35098
71630
28069
29466
30258
34608
34867
28546
34251
72831
33471
35216
34593
44343
36256
38818
39647
56182
52711
34938
36474
37887
27782
41098
29693
31195
32937
76635
32167
33895
28130
28255
29287
31260
40257
41323
56033
56529
43680
51559
39832
30790
31432
76401
27847
30794
70984
55064
34761
30636
32387
42099
42487
28969
31692
32119
71272
28648
31112
48037
29245
40133
54672
29220
32121
37123
49417
27597
45603
35270
29181
29325
31284
65940
43734
38818
39432
29114
32791
32285
30831
31905
32087
33291
39604
78212
68155
32515
42506
34640
35361
27909
33674
38372
29719
75182
78335
28642
28723
29317
28401
33368
38300
73743
48821
55389
31370
32443
33255
35412
42041
42428
31531
33191
27608
30348
39425
34906
57050
28745
34906
54051
57184
38526
34529
38726
46709
47874
73017
44596
46536
42606
56932
56367
32953
44808
36959
49517
38285
30467
31751
38846
29104
32962
51034
67961
31893
30103
37968
30968
31449
27623
52569
27644
30163
30288
50453
52266
40752
28811
52368
28018
34178
44152
27578
37298
78242
47504
74738
29739
30239
61848
47308
50936
27586
34124
28633
32995
59815
69752
28655
54756
69640
36367
64741
67617
48318
46074
63860
35921
38253
29127
31093
38650
28065
65726
32098
32653
34275
70540
71219
28654
29526
29661
42735
48044
29791
30247
50886
27369
36412
47458
38703
54582
63476
28687
28778
34278
69391
31722
47211
29761
30892
32256
33800
34647
33317
32474
32654
29298
30799
30741
31737
76493
36311
35212
38608
29035
28576
30496
31180
48058
64513
45126
27790
28684
30418
40334
45384
31325
32707
36042
35120
36644
28163
28512
32695
28567
35168
70522
29027
30409
31029
42534
28325
36850
31908
29658
57543
27907
41003
44895
29398
30100
28110
32083
38911
41258
27651
33822
31631
31664
42669
39002
77068
40705
27568
37404
30098
36669
29223
36779
28035
28935
29732
44205
29863
37760
27402
28538
78248
50032
27642
28095
38848
29693
30370
70968
42958
44177
32439
31664
31840
48333
61059
28383
35629
46486
28645
29602
40157
50099
32431
27991
29708
34501
28531
28737
64113
44197
41619
42041
72100
43224
39135
45231
27441
33443
37635
55695
31086
31449
32410
34903
35265
28724
30812
71697
28293
32958
33655
41821
46411
32371
32654
42460
45024
63461
46601
70999
33543
43543
63652
48913
28832
66308
28172
28822
30955
32064
32529
40493
29486
29557
29591
38061
31499
39472
43849
43690
43159
28755
41966
47221
29789
34609
47009
48145
28366
31552
29311
29800
39724
40729
42459
28778
35830
30522
32105
63093
55137
31161
32401
37886
70243
38610
31100
62395
62709
28786
29138
27637
39114
29576
33953
29122
42966
29661
29725
74025
28103
29711
35930
44208
44496
31370
32902
28919
32097
27450
27884
33242
28691
63488
32792
32872
45043
48920
52701
51631
56698
28701
28970
27866
28665
37147
47553
45534
36403
50344
72002
62364
30044
30570
57208
29616
42674
55384
55711
27648
36639
27881
28753
33985
34797
28401
29734
33163
27903
43610
66751
54635
28565
31486
32073
27484
50769
50913
51884
53105
34114
66586
28622
30319
70680
76133
27878
34126
35770
28689
33029
43113
32477
28539
30844
43402
34370
34790
28691
28766
27695
28132
71629
71704
33501
34572
29010
29437
49964
52650
60372
62296
29904
47516
29919
30011
69128
35442
40151
40490
30237
33326
29126
44287
27968
35267
42961
27615
69889
52836
72980
31432
31737
29362
28521
71744
71747
29192
36938
49134
27874
28909
32535
29692
29497
62042
29369
29444
28857
42139
30906
73671
28138
28300
31689
29138
30777
35112
32733
28907
29819
27887
28362
31387
32531
38476
30892
31856
32815
27519
32088
41974
29030
29367
33349
40559
51806
51361
36848
44017
48838
47869
78314
28081
36550
29036
29725
30407
28953
39052
29573
27531
36683
36915
74121
27887
30327
31486
31771
38026
77429
28481
28616
37884
31711
33411
38150
28555
28966
37892
29954
62553
41848
42099
62117
31255
29841
60779
35016
33041
33363
72944
45207
28721
30535
33816
68920
71716
29384
29458
30779
30560
62836
31601
31890
27722
35520
29981
30811
28898
31790
37572
28868
40696
48094
28232
58006
29031
29072
29369
29136
33399
27735
34680
31565
31801
28547
28936
33808
51383
29071
30136
74903
51615
57449
29929
62024
37453
73841
28258
32854
51724
36058
59508
46212
60849
78319
49591
32119
73402
29060
32622
67233
31851
62612
33878
37115
50462
31978
40379
41555
32530
33417
65048
34434
36424
68378
33065
31546
33049
56217
29351
42907
30907
30934
32531
32929
32917
37348
45020
27646
28599
37087
54492
77023
32149
34798
30607
30815
34236
34552
29539
32947
40428
51951
28674
30239
47957
53316
28973
44951
51676
32941
38323
56878
57296
35434
29927
35689
36305
34628
78022
28374
49586
57281
32517
34864
39676
38943
34070
34898
39519
28291
35467
52722
53317
30815
33044
27895
29313
46284
28080
53797
37622
38195
39980
42824
27867
30513
46586
27780
28591
28782
34683
34806
29695
29701
31148
61827
30735
32848
36660
57285
30715
30934
29708
30847
39550
27640
64403
39781
27638
32165
40856
67944
43966
37066
28230
32476
53781
31840
32572
30642
33162
39309
33107
27803
35783
57255
41457
33452
30559
30715
34358
27783
36256
43004
29417
30559
35408
38631
28139
33713
57724
52019
72459
72634
28418
34812
56322
28071
46809
30558
30611
39725
43354
57762
29028
47185
70220
31997
28149
33411
35959
58161
70342
31203
69827
29024
35369
45683
35227
37187
46221
28964
34139
54861
57384
28219
33427
38115
40621
72928
27958
46698
28978
33316
48133
33998
72112
31441
30671
34591
43902
32787
32872
32890
28842
32991
48443
35593
36826
43055
28337
31398
35673
35367
36659
38757
54656
36616
36112
37734
27884
28059
34218
29983
31415
78694
28057
35473
37703
32013
33474
37361
41637
39616
41354
28312
29703
29835
33038
74320
30611
30733
34897
28884
44670
74437
38017
45821
58852
39940
43074
33416
36173
33317
27963
29697
31927
59303
63077
28766
29085
31446
50228
60278
29384
29672
28617
30558
30950
45220
58005
29032
33936
29825
32382
29376
36115
28260
34808
31042
32390
71791
46323
48609
43306
61431
30803
28282
33820
71840
33411
39791
29497
46413
28438
28859
49290
37676
35569
44794
46829
58888
28381
56337
77379
29703
29808
37486
43514
40746
50158
46806
30709
28710
28990
28700
34947
52817
54679
32687
75262
30141
30837
30961
31793
42843
34700
41098
29319
30875
35850
54698
32580
39209
37194
28733
35812
28620
29634
34155
31272
32692
29041
54515
47913
44539
42018
40174
36625
40497
28144
31807
32799
32802
31286
35009
37300
42798
33577
53263
34647
35562
30230
33626
34899
39176
51854
28492
31498
39696
62913
38023
38708
31771
31793
32844
53968
56932
60015
72775
32788
32802
29967
38381
28249
40798
76529
29289
29681
37386
38622
28439
30791
31201
27837
30125
77513
28299
29835
30028
32666
34121
41362
27868
30541
36763
31058
48550
36029
37790
30635
49494
78658
46456
74536
39081
31096
32164
32624
74749
28159
38594
44571
71494
30130
37064
64515
30750
52519
37370
28287
41650
72658
31528
50401
77718
29187
70020
29330
29574
27951
28435
32823
29558
32277
35494
27944
35976
37303
76768
71988
36938
34039
38067
28167
28220
40755
27909
46274
28236
27989
28243
28303
51432
54244
45911
50047
73502
31409
36978
35217
37517
70490
44544
30289
34351
30330
28485
37310
30833
33645
37753
29515
32890
32916
31729
44221
46138
28666
38226
28507
73225
76832
41692
44243
29545
27986
31825
49481
76229
40950
28737
29794
63948
31985
43990
40671
43849
54577
29181
29474
30936
32014
32788
39969
32348
28433
37074
30511
70524
52297
36586
48346
29426
29672
30203
30690
67997
28117
32052
31055
33464
32694
33119
52114
28778
51264
66993
31297
33215
30946
50634
53027
36355
65219
42791
45245
52985
28545
31608
31856
33733
28014
29102
44542
28036
28254
30033
30181
38748
28379
33646
52284
52618
49521
70041
71495
71752
41598
41451
40062
35139
45606
32252
39859
29084
40476
41084
28590
44057
29438
40394
28967
34628
42874
32097
28151
28558
73897
59811
28849
30587
37553
29538
31303
36914
28576
60993
48253
58112
32280
48283
28813
64932
29411
43207
51709
33565
47260
55445
29844
32988
46536
47391
30028
30159
45521
38851
29569
33893
33808
51303
41286
29738
33022
76223
28725
29082
28059
28396
32729
43473
29808
29877
30564
28220
32783
34928
62903
75082
31672
35104
52392
32799
33089
32916
32929
29497
34939
45907
32252
32274
33509
53574
78846
28390
29191
35316
75709
33119
34214
34763
38588
40631
29085
29900
71634
71737
27994
36233
30607
44617
29609
30194
35722
43240
44313
29252
30405
38708
40898
34734
47932
32406
36600
50158
40410
41477
47355
32274
32574
29558
30159
30307
29743
31706
37125
74890
32663
49753
63517
30397
31178
28133
31266
40809
30626
30676
61483
35504
44818
43804
44462
53740
28786
31558
31523
31760
32879
29582
68546
30091
32800
35823
48355
49110
59689
28343
29373
33245
71012
33084
30379
59032
28805
29502
33767
31523
32151
44174
42499
48705
29925
43854
39496
40394
28055
31029
33102
28494
38052
28424
34423
50062
32073
32843
28039
31236
57291
51413
28534
36985
59100
36252
46751
36488
37731
30033
31200
34808
31383
34400
52144
29302
29496
73054
28473
30305
35110
29479
33216
68783
75420
28970
28556
28695
33310
32698
36771
75376
46900
34991
35243
36787
37189
47174
42749
30716
37293
65857
29464
47525
65004
45692
43574
29235
44046
46374
34851
41465
28884
41857
29266
32362
52656
29570
29917
70635
37107
39009
74284
28628
33416
73049
28935
29290
34479
35311
72854
29129
43711
71537
29877
30023
67620
39752
29715
35301
40291
32238
70463
30620
32126
34305
53277
48549
28523
29412
51380
30307
30534
30819
70601
34095
38518
29607
53821
36960
74670
28823
56088
34762
46086
44337
29079
76108
33089
33147
29292
29535
75289
49285
29073
31112
28151
38846
54400
56006
62286
37734
38219
28473
30806
34766
28547
30181
30293
30926
36675
29852
32761
28103
35937
33147
34322
48683
52410
70626
38626
29613
28638
30930
37947
63818
36504
37610
45829
30929
30949
28967
33613
36585
28373
31210
28409
32742
33339
31209
28286
32836
52746
32832
36038
41043
31070
32501
53613
33700
34614
29922
48735
30645
36863
32572
33017
28480
40905
35855
29113
35021
41213
45625
34973
41642
31984
32262
38178
30122
33784
39911
39680
69720
37116
43705
58997
49365
32779
63737
28302
31939
34457
55834
32817
47155
55826
35241
28519
32345
32975
55689
38441
38999
42244
68542
32230
33299
29088
50082
29612
31564
38089
56168
31529
67806
29445
66327
28225
29680
44233
36334
28442
28946
29293
30924
31798
34267
53469
62375
28579
31191
69714
29310
37852
28254
28478
33103
28269
29557
30534
30661
34219
78845
31559
32692
32192
38596
45325
29108
56003
28911
32843
33195
56252
29676
30486
30623
35133
54383
29701
30484
30486
35726
35100
39679
44874
31269
42095
43448
29367
30908
34816
37966
47774
44702
43423
73971
30023
30203
28542
30051
43565
32639
39206
34864
35279
76021
30370
31689
67664
28239
29371
48194
36634
45527
29695
30484
30545
63934
46885
31132
33690
66637
46390
40925
30777
31201
37693
38380
62612
28397
40964
38782
28531
31422
31984
31026
32996
33848
43090
47803
75083
45979
70406
34228
56614
33739
40490
32436
32925
54952
33792
43911
31599
28699
30245
33216
29486
30661
30722
54617
38320
42925
52433
70306
33483
31691
31958
34714
43994
31711
32470
29633
28938
35486
50480
28691
33177
29363
42778
53586
35253
36160
48557
58561
29349
31917
59045
49698
63190
65382
29963
33169
40521
31583
31944
29756
45502
70925
29339
60893
52506
30244
31283
39536
77593
42819
46849
28390
28424
32562
28556
28848
47206
34658
43215
54533
30935
31866
35477
37776
78293
37236
48753
48495
74348
28424
28560
40310
37887
37889
40594
28915
32314
36859
29443
29917
30207
38199
30397
37309
31160
36966
37889
37908
41110
29140
30461
33152
29503
31493
30792
33560
48259
48310
29483
34547
29607
30623
30850
29344
29763
35600
77563
33679
31481
49845
50966
31231
31347
30545
30917
29548
30324
34282
36375
44856
32254
33797
35892
29259
37005
70554
29082
29470
31870
30014
37298
28950
35648
39458
52816
71867
72423
76709
70808
70877
31880
33011
33055
29615
28489
35215
53589
28925
29136
45320
31351
32996
33212
40356
40981
30426
37959
31980
33460
65583
39050
48226
48006
29606
32876
44813
38912
51193
34763
35765
30651
33304
34828
28638
37969
40893
39141
39060
77575
29469
35322
56545
32495
32951
30914
30985
36658
39834
31767
29264
29945
29292
29349
37893
38528
47464
28593
28826
32921
46056
58341
30322
32919
33112
29197
34659
38878
31904
36882
29956
37731
76069
77938
34828
34863
28425
34633
74472
51851
52800
30744
38717
31176
34493
33017
33571
29163
29222
76625
52793
53305
29044
29052
31901
29114
33449
29037
29044
31876
34169
34476
28686
75345
55317
55745
29457
32217
64691
30376
37243
43286
33055
33112
30969
36423
31151
29908
50044
37908
38185
69295
36801
33011
71199
42875
32084
38310
67847
28767
64719
48455
28820
32100
35889
43722
51019
61852
56290
56940
28562
29888
28560
28852
32139
35608
63585
34942
35581
32971
49811
30219
31296
30850
30963
28919
29264
29476
28478
28586
31242
32574
33001
31459
41238
66883
28538
30763
30801
71623
30110
31669
44370
64818
31243
31536
71056
41832
29037
29174
33073
63641
36653
42039
29837
34959
42553
28915
29202
40117
28443
40090
37631
71488
38234
29435
29902
31343
30642
31659
28738
30343
36010
69429
32216
34567
32511
29926
45910
36824
40158
56774
29331
39330
41429
29756
30963
31265
43954
73511
35390
35630
70274
46513
32743
35512
66825
30655
38734
30090
32876
33757
33417
34052
59251
35832
33195
33575
28619
33455
30904
35775
31362
36205
37882
34867
37957
29165
36420
28492
33841
40021
29738
29199
30418
35197
29418
36745
51723
58565
28761
31347
31461
29240
44442
30699
51427
28473
34193
71668
71763
29067
33501
28586
28589
33578
29987
30510
30884
31504
54112
29625
56591
35192
36171
53520
49832
58097
71401
40813
55938
56308
28550
28764
39914
46992
64126
52098
33895
28957
35958
41617
29137
31529
31699
31818
38489
45478
48523
52770
75089
29325
30936
31187
36429
47461
67081
29870
37265
39614
49472
29381
30171
30291
31966
29494
34863
35192
29275
33045
39232
30438
35342
49577
32564
32663
58249
71189
31597
43122
40130
29625
29890
31591
28712
75222
30794
33559
34349
37568
29377
29984
30136
30629
28791
59224
37377
79079
28877
29358
34133
29937
31430
67798
33430
28886
43383
53439
74225
28550
29471
44781
46219
29971
74441
50425
29474
34158
38225
30617
30981
34965
33102
34726
52309
41246
28573
35799
36538
28852
29690
30560
30791
57718
37109
31719
34078
33832
28930
30994
31308
29380
33771
38199
32644
39730
73981
41082
40968
33780
34663
43204
69528
29462
33662
32095
38819
28619
32533
34461
30865
31245
29174
29381
31374
28954
46836
35390
35900
57797
29821
33685
33939
56676
40378
44340
35928
37627
39330
51749
54579
29463
30359
28921
75413
28635
55962
29016
32485
33434
40507
33695
37095
38488
43128
42527
56320
68267
38876
44308
29902
30617
28936
32313
38390
39853
33346
34134
55618
29896
30242
31781
39160
29113
40845
31876
38931
32333
41129
34115
39711
36755
44155
50450
31563
40796
29747
33877
30883
31374
37078
37580
53985
29978
32148
34238
28833
28903
33238
29025
46843
65043
29152
29938
67130
62750
41690
31699
32000
29233
32202
41775
34318
36710
52641
31373
31461
31640
37030
38451
34675
28792
43054
41803
31919
40009
72421
28721
32503
40092
41348
29000
33575
33855
29023
44037
64146
35523
28822
29622
30133
34915
41359
50018
29895
31155
38799
28903
28961
40143
30207
30765
62852
30670
35448
34548
35923
68550
35562
36397
45797
37776
38231
30958
35261
36775
42549
29002
37270
31173
37576
29962
33181
63612
34018
29534
31442
38974
32151
32866
34726
36338
36416
29290
30041
31011
31963
64821
35101
46153
29675
29747
28755
29057
31702
30939
33323
37539
30544
71064
71125
40140
42581
39436
44113
32706
39019
43837
42422
33398
41899
28843
29358
37258
29038
34367
40699
30515
30905
31791
39424
55694
35559
35925
34360
70308
70347
44381
58806
55068
33852
39653
42893
29937
30132
28794
34923
62260
42151
42655
51163
30151
30801
30368
30846
32237
40435
69713
41491
42162
57652
30524
30901
34170
35518
29975
41121
59536
63293
65075
33804
34134
33638
70485
30023
30564
30690
29163
29324
76593
28699
28764
33743
41156
44692
62561
31148
36806
28967
33548
42989
60391
66359
30578
46162
37078
44231
29113
35377
44736
29435
30898
37516
30077
39216
45544
50231
56885
29856
31187
61479
61580
31331
59099
37610
29770
34659
64286
29632
68890
51209
34806
41672
44056
36921
58507
28961
29770
32242
51713
69617
40033
75506
29922
36678
67513
29249
31477
30480
31627
33534
33733
36443
46971
32092
35094
36147
30037
34075
36641
29107
34178
40795
76905
46893
42054
30748
71576
30893
40746
29324
29405
76537
29179
31746
40184
30299
35331
42326
41446
44224
31812
33498
41564
32626
31115
35599
28954
29045
41352
29836
30363
31617
33631
33290
33511
30210
30324
31158
28891
30542
30762
29142
36969
45028
35735
44494
45332
66723
32937
36130
36885
29798
39750
45468
77847
28756
37835
29898
33907
29304
29500
38534
36855
48258
30872
32893
43896
77438
35216
36245
32350
30493
30590
30788
37076
38409
34755
30014
70255
37684
31339
31595
28854
37116
67272
29202
29460
32599
47474
58789
29288
44353
29923
33936
32005
64272
64610
45650
34493
34711
51499
65012
77558
32902
33696
39476
30898
31702
36085
29353
36522
42936
31265
31587
29621
71259
71299
32401
35105
39619
28902
29039
31074
31263
36848
37950
33688
46409
31796
71297
71332
29887
34974
71227
29774
31296
31483
49456
34401
49176
61937
30847
31627
43037
43977
77589
30155
33877
67246
43920
35303
71261
29968
30883
32353
57163
56556
28894
29547
39205
29598
35937
36328
64222
50902
73950
30031
34986
35545
30493
37956
46091
58344
48923
32979
52628
56409
28998
42139
32848
39885
34975
35987
30170
31698
35765
36214
46406
36876
35174
37273
39210
32304
48363
31623
40227
30217
33664
40608
47289
29470
33476
36773
31478
31656
36262
71692
29875
30098
36500
38451
49158
31355
32503
55507
29476
30760
35377
29821
30823
33624
33683
58322
34011
35318
40374
42358
51542
31648
31838
36243
79091
39410
32126
32269
34322
35368
29309
29870
28865
29124
33972
31088
32283
29104
35278
58059
61599
61686
68123
28887
36717
33796
41013
31400
40873
46508
42982
45001
28873
35355
36694
48385
40331
33157
50656
29765
30705
33988
75917
36262
71722
50919
59680
35955
48655
31816
29310
31174
46255
56551
31871
34976
35129
31241
70148
75827
48368
53363
33595
69224
30762
31124
40629
61773
70971
71900
36667
37002
77093
37170
64194
28924
31527
71126
51476
69321
33855
34328
40265
42037
33665
33804
33289
52898
29878
32889
33521
63020
29784
31490
31938
32492
33197
34148
36980
37095
51848
40356
40863
43748
36246
40440
42312
52760
57180
29887
34738
40585
35925
37562
30577
31782
74939
35327
46542
33304
37229
73970
50685
41596
33178
76900
31457
29900
34373
31387
45190
33998
68564
37397
36135
30533
30542
72748
33982
29460
30456
29408
29430
40983
29844
33388
32709
33179
74342
29146
74656
29850
32276
33061
34450
69097
48799
56654
46902
36397
36814
40142
36201
40382
31155
31282
31497
39227
37820
46350
31209
35636
30448
59436
66005
34947
29951
33647
39729
43928
29940
31873
36458
31213
37934
29510
35203
43973
29043
75667
64674
30595
42565
56479
57276
59263
60234
30176
48672
52344
31225
30192
34908
38726
42279
44086
45508
38173
63934
30171
30235
30349
60148
46832
51625
35283
46173
30810
32997
33675
44273
48889
74563
39683
31282
31295
29246
35206
31295
31304
50512
31304
31313
30349
30533
35074
30879
37154
32269
66579
55258
31124
31313
30430
29748
36590
51127
57825
30343
31033
30959
34185
78866
46190
76910
29820
37021
37992
42181
30538
35361
44082
29179
31847
66171
29686
68458
33151
65069
34861
29535
31587
31756
32730
33805
30982
31826
69154
30240
33204
37786
40681
34117
65818
54262
32030
32399
29194
29445
32000
32757
36871
56690
57282
40076
31640
33365
31852
33426
32156
32311
29617
30316
36320
70291
70317
33796
31607
33087
34001
36371
59987
29524
62670
31758
41013
29183
32183
31961
34948
34967
29964
50317
29680
33173
42614
34981
35219
34988
47355
34077
71404
29169
64299
40678
29928
35354
29898
31986
33710
34940
31496
31891
65207
30480
32343
32653
38942
37933
48167
49644
29153
34751
38299
66801
53444
61167
69012
45988
30515
34371
29222
31178
76652
58957
62768
39025
33943
38219
39810
72071
40898
29898
34093
76904
30145
34196
53417
35150
47732
45084
37685
51707
29255
64768
30653
36945
48402
49707
30407
32182
74007
56937
38863
44989
36608
36626
30788
31514
30363
31168
31578
31735
36348
34314
36184
30384
31994
67548
32908
32989
69401
32398
39966
29155
46609
47934
36809
37598
29479
34225
30205
35763
44820
33997
34679
39275
40513
39515
65359
43011
56444
59573
29573
36871
76964
30332
34692
31954
32384
41641
31290
31648
64027
77905
31957
29622
29822
32250
29352
36712
39339
44402
30507
39254
61671
42130
32904
34324
32955
68239
29779
71914
31158
31291
30765
31509
58485
30137
31596
31698
29699
64633
35346
34052
34612
32095
32904
37947
61206
65162
35368
36017
29740
36282
31660
42154
42279
75575
30950
33941
36970
42665
76997
39220
30989
29554
34572
30219
33788
33798
60766
29328
32569
33135
50256
58114
30132
31735
31813
30853
31677
45707
49527
41043
36011
38857
73393
33296
43848
44981
65619
29534
31731
31843
30306
31602
30915
31085
31901
31953
32886
29298
33658
33891
29995
49499
55769
49185
30384
30771
70776
30368
31578
32010
36524
29727
63185
70474
37537
44113
72838
72986
34026
34181
40513
73609
33665
33786
35263
43203
31894
32579
33457
29890
31768
32004
35444
30812
33542
41941
49444
29797
31567
29717
34010
48545
31190
44341
61651
29942
40940
53428
31713
32238
35466
65197
43021
30482
31190
31291
29682
33194
35501
31855
32453
32472
57809
58887
32236
50525
48214
31760
37515
37632
41726
35177
37466
44551
41377
57121
29728
30515
40221
53802
60885
29342
36875
45798
48609
29952
31781
49105
44902
31986
34093
29602
30838
31718
30285
45429
60745
40654
43361
33558
34375
31177
32011
32058
30035
38386
34494
30414
34654
52512
33572
34260
29617
30631
32868
34477
30684
31413
43886
54587
33456
78884
30129
34224
29785
34873
49976
50410
54102
56057
35645
75273
29982
33339
40034
42182
42343
39389
42808
76697
29976
49097
29728
38501
30308
35634
74646
52993
74636
37506
57234
46228
48709
34159
34328
29899
31285
54939
30359
32490
43957
30185
32114
57834
30137
31170
65194
32110
32925
36918
48888
49290
31035
31169
31329
44068
56387
29641
32893
73663
35723
51463
62751
43481
31165
31169
70983
48124
43457
30497
35073
70937
31057
75462
44214
37379
56609
47968
30232
30736
34327
30728
34283
72409
30617
31114
31343
45706
66538
73501
40241
32733
31929
31953
58694
29405
30047
76514
33616
37752
34703
44732
40381
43586
48787
30555
42060
29753
35180
29925
34553
42779
31893
41429
47775
30226
31192
30161
39961
32657
35064
45179
30728
30866
31133
31328
34082
35706
65062
30962
41619
47213
30405
34086
29740
42453
43207
43345
40500
33776
33882
43761
33490
42093
29511
32314
32604
31907
35601
29660
35240
52758
57956
33019
33701
39884
37508
55414
58290
29890
35697
60685
32323
34705
30782
31623
40061
30771
32575
31196
31845
29721
31310
34825
37067
31276
32721
31889
51053
31694
29435
36085
40343
43267
76079
30110
73338
30597
36305
36685
31814
44916
30556
33978
36557
31582
32370
32058
32758
31608
34343
29439
29882
65135
33783
34981
36267
38375
38185
39689
67297
37451
30909
33263
49213
72593
52457
76273
30574
33918
48921
31270
36776
37565
74006
29714
43614
36605
30013
31684
48507
33958
53819
35704
42571
42423
46201
46830
56136
30983
69137
34931
38491
73088
31185
33848
40711
72538
29744
32808
35900
36562
34244
36248
30344
59861
30714
42616
58401
60203
40620
32562
32658
48267
30548
35754
67143
30829
50225
32205
41723
34750
35318
36814
37555
52394
58164
35121
37132
37562
71373
75062
33818
33882
38588
64494
35887
47161
48100
31231
32985
29875
31246
37611
55296
39239
47649
29531
30268
39109
32144
32281
45196
51301
35335
67161
31934
52266
52749
59562
76207
31177
30831
41077
41729
43686
46512
53499
31490
32144
58525
67437
78251
29508
31609
34340
31165
31261
31652
48710
34467
43956
30729
34167
47319
34480
35432
41417
30460
34951
41318
33999
35044
35479
32965
71144
29654
32721
34390
36421
73708
31703
32585
29485
30032
49934
60441
42946
46602
68640
29956
38473
29605
37071
29565
30170
33691
38654
39800
56151
40894
36776
41344
37822
51786
30779
52124
30697
32987
49706
51429
30688
73932
68547
30142
32768
32783
33248
48402
49499
30823
31017
53806
64608
29991
36118
43431
40326
32612
43215
70104
40886
30895
31145
32215
49633
70623
33761
33925
42276
46131
59918
39275
29938
32873
45733
30575
30786
30981
31823
30431
71294
75445
30582
41042
30818
34128
46374
49170
29958
71314
71316
32757
33006
35545
36321
31691
32128
39871
30497
32245
30865
34133
75726
30879
57081
38366
31929
31995
31284
35745
30394
57716
43361
74713
30981
31114
32021
35041
31150
31603
30644
33829
43478
34569
33060
64269
31017
31021
41778
57936
30884
32608
37496
50670
30032
36615
31021
31181
34599
73216
32527
39140
30531
30315
37228
31458
35475
31010
34652
35450
36579
33241
33838
65960
47752
29567
43815
48062
34546
35522
32011
32411
42625
30752
32006
32071
34165
30848
32019
31998
32363
30083
33719
42190
30900
31533
75004
29676
31398
33842
29643
31423
32227
36754
41961
36826
45172
31182
32704
31142
35271
50919
53818
59649
30192
35384
35544
29690
31747
31837
30698
38580
32449
33110
31837
31995
34862
55995
31927
38743
31670
32824
66085
31168
31274
31375
42162
43949
30167
42198
30983
32281
32689
39908
41452
47239
72778
73801
33818
34016
38626
36839
32899
33108
58910
40612
43762
29991
32607
34690
30248
34215
46714
34979
31248
34154
37935
29681
77500
30334
36847
30002
43397
60155
31937
34208
74729
29795
32861
33561
33776
34506
34995
47612
46682
31503
31888
33968
35991
36580
31281
46412
69121
30846
32010
32559
36875
36502
51061
41490
50902
31274
31306
33206
33599
74223
42370
51990
29998
66219
31320
56402
43455
45131
30120
31509
31670
34126
41315
63847
38832
50987
59475
33206
33250
74193
32845
33324
45596
39646
56158
30197
30543
34736
35641
36292
31539
34183
35872
40266
72042
35135
56542
37187
41000
57396
71295
71541
76922
31128
34719
36128
51834
60032
44135
50505
31433
41624
53575
41445
44672
31408
34131
64987
31974
32319
35803
30060
33435
30334
35803
36673
64099
31150
31306
32018
53378
32043
63872
63971
31397
31447
32538
37580
39334
43740
38461
40484
35168
37770
42489
53095
70095
31375
47877
34513
38383
30216
64786
35364
52416
65269
32161
32181
32701
30730
30057
30147
66284
35339
35522
33038
33599
74275
30444
34303
69307
33753
40697
30177
33571
39852
38367
30240
32556
44118
52882
57119
33748
33799
29846
30919
76161
31647
31710
65620
46669
47193
31715
32216
76976
30786
31164
56589
62597
65657
32661
33511
34712
35854
72045
30713
36161
49802
60832
30882
32068
31862
59924
40971
29944
30588
35500
29883
31960
34837
36685
53505
55228
32744
32938
56994
71094
71141
67743
44477
49197
73104
45865
50031
33108
33250
37587
39055
56234
41848
44032
30726
31514
35649
38498
72942
30394
29880
30090
34925
29987
32082
36638
32291
34366
36581
72335
44422
45024
52998
36033
36442
37744
48275
36088
42196
43880
44712
29997
31544
36947
32158
34070
44002
54937
57045
31936
34567
35282
31157
34002
30726
35849
30107
30266
34403
37143
42978
53393
78102
56085
55314
33161
43095
30673
40056
30353
31243
33248
65993
47958
30798
34508
63327
29891
31198
31789
32594
51531
31315
31663
34422
64187
53996
55221
48547
29825
32796
29870
36570
38299
31591
31768
31083
31404
34128
70615
34187
30656
36454
42019
42114
30039
30084
30041
31345
74246
33481
34997
30838
32188
33921
48020
59205
30388
32470
37183
36080
59172
62339
36757
33559
35747
30669
30958
34311
33518
31789
31886
38169
32899
33208
74054
30866
32133
32306
31360
35917
65229
34668
35057
55703
33106
33786
34578
40385
39090
52397
37598
38349
30586
32105
62440
34757
34710
37369
31740
33249
69129
46092
57104
34941
53086
78391
65224
32885
45834
37604
30142
54204
55384
69356
31728
31842
30347
30508
33844
31634
33251
33748
33774
47349
50762
31489
31890
52717
53679
33073
33313
33498
39146
49307
31153
38309
46681
62425
77475
30084
30330
31473
31566
46317
30917
34849
31125
35315
35631
72389
38562
30456
31974
30679
34016
34084
34679
35543
66449
29993
37353
32245
34260
35073
34183
34141
36089
33774
31176
31268
32665
30879
31537
36664
34153
47966
68210
30677
35829
47654
31060
38337
43615
32559
32600
30242
36593
47381
32661
36251
37881
52939
32343
32959
72290
34612
35153
39851
30679
30918
48647
40756
32432
40609
44726
31069
44401
31316
29978
34812
62403
66340
32324
75352
30108
31379
31469
32223
34172
55484
36817
44085
63880
71411
38322
54478
32376
32385
56506
30789
34367
30412
31723
34530
38998
31145
31575
38314
33391
34287
38287
35901
36103
55686
36522
32331
32442
36087
40547
35498
62372
36980
38050
55166
44581
78225
30677
36107
40382
41002
30330
30536
56454
33442
33805
33847
37982
36967
49352
39401
29934
30399
44319
67445
68566
44071
30711
42353
50377
45439
30517
31365
36085
35104
37129
39712
69405
34858
35371
44311
30804
46547
33472
34943
32758
33230
30536
30679
37568
42017
37417
36715
32045
34101
35845
31046
32804
33968
35548
75233
32658
32809
41908
35531
64657
62178
31329
35451
38117
44804
47440
33010
31290
35013
30973
32199
32900
32120
33209
39603
43692
33208
74005
37451
37602
50497
31277
34833
31327
35263
36809
42656
34630
34891
42990
45679
32047
32114
30143
36421
33702
44562
50881
56618
32021
35058
33443
34297
49543
49816
43184
30723
35395
30010
63001
30742
30398
31910
34678
63613
33035
33566
74794
31379
31646
33585
71081
31142
34972
41250
39612
30968
32443
45043
34894
41683
47800
30774
40241
33134
30135
38755
59406
49436
49766
33006
34067
32908
33576
31065
32600
32786
30425
31535
32215
32915
69531
39697
48354
34673
34967
61404
31518
57234
58165
68528
34615
39140
30151
30281
34382
30757
49492
30436
42499
37896
32880
31938
33807
31179
33759
39137
34007
34768
36083
32134
36579
36798
48449
34442
77658
41794
44119
34015
35155
40872
42586
43389
68929
42155
38728
40258
69138
30198
30504
35348
38795
31429
30448
32948
33741
43930
34928
37596
34144
56121
40219
70932
38546
42479
53035
70256
30049
32385
32809
34659
56173
75278
32406
62248
63882
31198
38851
31365
52052
33640
33987
66399
30111
35886
30490
38187
57165
30126
31189
33288
41326
76049
49082
77150
35660
44282
30960
49936
50418
31693
34748
35035
55849
34858
41494
41674
30719
64834
43140
31994
36023
36887
33896
36541
69918
30125
31108
44523
31413
35996
60881
30982
34741
47935
45524
30784
42247
55391
38514
52404
71098
36171
40904
31844
32266
33896
49410
62760
61843
79030
39801
63982
66775
30415
36190
58228
32737
48176
32004
35697
36337
32798
45623
30206
35623
31603
32018
44019
32475
37555
38234
30909
35255
40710
78948
31154
34989
42354
30281
30810
39560
30842
32588
36670
38683
40044
34148
36708
30878
43540
43084
35109
38028
70614
36548
47238
53942
30392
45718
44839
41247
35557
30126
46058
59448
33555
30654
76479
30272
31003
30129
39145
31886
32222
33348
37086
52692
34442
34509
43694
45746
45911
62454
62857
31269
47099
49246
31667
41357
49894
57732
61984
30492
70277
35880
43760
32367
45608
31270
46733
30561
41426
45134
30242
36575
31727
34084
34413
31401
31429
31897
30456
35803
35656
30834
30926
31447
31861
36486
31525
53912
42705
50830
33920
42044
36001
30416
31095
34289
32592
33407
31830
32355
35027
36550
49661
47974
58674
42483
36164
33297
33392
36745
45909
32369
31483
31709
33188
31160
48344
31921
39110
44726
45474
32415
34817
36571
31646
32204
30217
35003
39119
34279
36050
51508
33631
37992
40652
34649
39909
31413
35489
43775
30425
33466
34799
34083
38463
47901
33238
34211
49194
30655
31126
72825
57786
42057
45560
53496
30224
30272
34252
76156
47552
51382
38952
36321
37657
32183
33678
30438
30899
30824
35800
30341
35203
72447
34760
64267
46023
46209
37345
38231
39002
77050
32608
33313
30483
34169
74935
31832
32161
52708
30384
30471
36023
33841
34420
31062
34438
34798
37519
40325
73566
32193
36913
39529
43187
39022
42176
55254
56707
30918
35105
39190
39831
49576
50545
30396
56829
60867
32588
35665
60296
36757
37182
57856
39267
50950
31759
33694
31617
33048
45423
38614
31401
31535
33015
38194
34420
34509
40166
75677
30500
36086
64488
44152
42271
60065
68373
31008
32040
32061
34085
41709
32424
62448
30532
34887
31515
32415
33981
45701
52881
32282
41256
48567
39633
42101
38508
31327
33205
37333
39344
53174
30618
36515
31576
33001
39195
34630
35622
41571
42997
68571
36045
43364
31366
41418
30281
30313
32997
30612
38865
46087
53429
43865
50357
35163
32483
32578
42516
36626
70949
30375
30487
33272
30897
37798
44472
35506
37741
72544
35270
36110
36927
44598
36038
36771
63928
30400
38959
32981
33228
31983
32619
32923
62572
40780
78117
40934
31861
32483
33309
54115
30501
36219
31431
35549
44721
72300
76969
37982
38101
42670
31331
35406
60466
34255
43840
38177
55945
44183
33966
34071
45560
45636
64374
32453
34047
36255
36410
47365
33578
65051
39011
30373
59580
44606
45474
52818
36888
76599
64090
36001
44305
32732
32762
37946
40325
39921
30508
32582
31024
34293
40079
30955
35883
47025
33532
34997
35166
37821
30616
37044
32266
34752
36541
32578
32619
40126
44203
31198
31822
36142
36796
57413
30502
37848
50261
36045
36110
77678
46168
33827
48087
31964
34543
44282
30818
34895
51129
31828
32668
32777
36199
37648
76112
36738
39929
36086
66968
41281
59033
32860
33274
37838
31965
32081
49964
51014
77039
56288
33555
34077
48770
62681
32409
33982
36185
31566
32330
36615
39926
36504
43217
30718
31389
33876
37182
37462
30396
30649
39078
49039
58682
69083
30429
31326
33283
30652
33499
36618
40113
30427
30763
34446
31836
33001
37507
34445
32053
36491
30689
50412
42694
43225
34346
34540
32153
33182
34047
45231
47433
32753
32786
40430
65046
31778
59425
30940
34613
41584
32538
32762
36786
56014
53626
38045
31855
32860
32931
43437
73536
30414
30579
33836
61996
32311
43841
67375
75944
47728
60099
60207
39284
36818
31877
32081
32820
31012
40291
46652
53900
71883
63363
66447
31174
36264
32131
32837
76016
35553
30727
43501
32985
33048
30984
30576
54742
55300
45658
47391
49434
31425
48307
34497
53612
68284
38101
52171
34846
34071
34338
72705
76232
30463
31751
67919
58485
62852
59524
33230
69521
31238
31522
33889
33023
34458
71825
79012
45214
45620
31226
31238
50526
31832
32181
35438
32525
32855
34385
35496
40901
32834
62027
31593
32604
31183
33160
34335
33966
34027
31436
31844
77498
48709
52380
45131
45709
51968
34961
38483
38244
41894
44123
36929
41910
49252
30851
35046
31971
32548
32083
33182
36710
38411
32827
33035
35087
33366
34891
35053
31437
33290
38318
40974
44492
51928
38498
39535
37672
31575
32708
32732
32909
36624
63939
32945
35243
35314
35053
35087
60920
31186
31462
33863
42365
44004
49315
31834
36237
61447
59923
30928
40584
42141
33381
39124
35574
33568
35345
45703
68589
33521
38886
34371
35564
38453
37601
37851
31704
32589
30649
31090
35051
41438
30508
36890
32355
32319
36936
40200
45270
31039
33885
32177
34712
34759
40926
70995
31240
31469
34855
32174
43609
47228
30597
61591
30940
31117
74323
32154
68950
68964
37944
53776
50200
35543
35919
44096
31219
34700
34338
34544
32306
35891
36143
58456
65351
66663
70744
43086
33652
35741
64091
33664
34432
30672
70309
64752
58374
32921
33741
38006
39887
55611
48105
30730
36999
45785
38625
31549
33801
33253
35629
38133
31043
31407
33263
31654
31847
36728
34753
32055
34644
32411
36224
61176
31915
32711
32753
32242
32376
54741
61478
45947
34413
34743
33216
33743
34055
39991
39182
30795
36348
72957
49003
43342
31212
31226
34386
62167
40450
44544
46732
32380
32812
71669
32594
32923
31458
35304
41739
34255
35198
33991
34027
37084
34178
35008
35079
35102
30778
40191
35149
35912
57564
36125
49595
31839
33482
35861
45716
40652
69817
33274
33447
33620
35919
36158
31540
40872
61416
69369
69392
31189
34002
30859
31704
32050
45119
34544
34698
35987
42881
31955
30618
36698
69358
44171
61163
39616
57212
34015
36119
32131
32711
75980
31802
32112
32818
46106
53462
56595
40991
37609
43379
52228
32383
42709
38403
38673
39193
31345
31642
74199
56258
30866
36143
70575
30830
38060
70722
45105
33742
39600
75761
34324
35215
41102
33960
30812
33569
59871
32127
74096
43008
36742
43388
40380
41917
50161
37160
35102
35208
38461
51564
32127
32233
33159
55451
30657
70738
31479
31117
31254
67040
41667
34187
38813
36214
39127
50603
43564
35122
38842
44408
36348
31708
69273
31129
39643
38464
31183
40316
31007
35180
34195
36904
38733
33100
51244
39171
32363
34211
46063
66560
48469
56099
33931
33991
48184
36608
42763
32271
33853
46085
72907
32182
34826
33824
34698
34922
35008
35079
33351
36178
62792
34964
71030
44764
31522
31730
46950
35153
35784
47735
42138
32135
39206
33972
52058
59623
31730
31853
33467
74874
54423
32071
34641
44209
45099
34055
40089
40021
34578
35252
37143
38054
42235
78775
33405
33708
57301
31536
31990
54773
31888
32699
32755
34162
48718
34759
34765
44718
72828
34241
37581
41910
33861
38822
42108
45505
72513
75898
33735
32492
34068
37259
33905
50905
51057
31285
35234
51680
31037
33129
34125
31747
37044
32213
42199
33658
42590
54264
31555
46376
31090
31212
38507
47446
34458
38658
71641
49263
50704
34830
51302
51591
36842
41754
33869
33931
32090
46942
42539
73644
35431
36732
74789
54127
31986
32856
35665
41714
31031
31707
68104
35371
35556
36661
36796
30905
33974
62660
31556
31750
47514
32828
35242
41153
30802
32140
45480
48195
33343
38490
31503
32755
32935
42639
31753
31762
39112
33181
35059
43126
54938
30851
30988
35810
30909
35194
37672
49702
44686
47815
41451
65177
31414
32967
31475
34654
40131
34351
38076
39312
50508
37048
42489
50285
32032
36157
36661
39269
39976
72717
44612
36867
40903
35086
35628
39752
73869
77548
37417
31167
37368
31750
33402
32286
33875
33312
37660
31548
31629
48295
35267
36365
50995
31654
31710
34281
36413
33399
33799
38915
38202
41196
37905
38269
30987
32223
33842
35293
46037
45401
31853
32152
42299
55634
32162
54540
41511
46519
31545
35708
41841
33869
33906
32829
36495
77260
33568
34728
39219
51314
58335
74117
43569
50694
31583
55937
40771
32935
33293
31720
49802
36401
36760
37087
60105
67064
33634
36172
40970
33015
37491
31514
36166
40666
30862
38253
46655
54208
32631
38541
31907
33181
34796
45349
62214
37760
36251
31846
35179
60543
75638
30873
30880
63615
32057
38814
42382
48726
32466
33464
36855
38914
41373
53607
31001
38924
31990
38443
42806
33405
72631
31678
31700
37106
35772
37474
32676
31875
33377
34469
30895
34485
40415
55848
33495
35622
35875
32795
32845
30965
41050
32024
33651
66303
40265
43583
33042
51355
31922
67019
35071
43608
31094
32569
44695
53679
37462
38656
38036
49407
31096
32933
37601
38376
48474
38220
42311
38050
38054
73082
41975
44490
31320
40600
39817
33333
36024
31721
33099
31556
34317
69239
32881
38424
35434
36981
34060
31844
32541
31921
32253
62069
63158
39810
40994
40998
34477
42996
31254
31408
34832
40975
31513
34559
37241
38403
39689
31223
40330
34010
48900
67865
41938
78109
33338
33341
46998
54556
33338
33607
37379
31081
34476
31507
55489
34100
40899
32854
33341
33359
32523
32640
45032
52765
40480
33359
33370
32349
32728
33370
33387
34053
37007
32176
39232
35708
40603
32330
32439
47511
32354
36402
40649
41609
72881
33377
33497
33975
37762
49071
35016
37843
65449
33387
33404
43659
31590
62255
62510
35556
35761
37597
31999
38699
40039
42129
34922
35561
33392
45562
33192
42033
35873
39355
46690
31428
34764
31875
35026
35070
34582
44140
44251
50667
52935
36415
43536
32699
33283
34944
58728
35147
36558
32535
33315
37714
41550
45636
46032
31850
33826
36798
42803
32818
36158
36526
66083
33708
33906
42236
49305
33828
43541
32013
34951
32589
34254
34506
35729
31125
31290
47017
70682
76986
33946
33989
34599
35875
36052
33272
34695
32473
70741
73046
35402
40447
31066
65060
31326
32722
36729
31492
39557
34694
49641
31189
31369
35433
32112
33091
31157
32259
32568
34474
31138
70544
75114
32267
46403
68411
31487
33560
31507
33293
33404
60818
39904
69711
71108
32055
71750
71759
37702
36636
37035
55110
73622
31516
64357
33365
35401
32524
47110
48924
31642
32688
43906
38633
37473
45008
31120
34000
32908
33032
36282
36352
34917
45814
49821
78989
33935
61047
31405
33196
37301
40545
31513
33772
34670
32426
32928
31213
36761
34562
31895
75317
66108
32805
34235
36371
36157
34880
35026
36026
42666
33711
33981
37401
63178
47139
36479
37108
32873
33857
37682
34225
34557
36267
37474
32152
32340
33234
34983
35613
57434
33053
33563
60319
36373
31436
77421
50581
38566
42048
37486
33975
34232
59303
59702
33009
33668
35272
40590
45193
43355
32083
34232
34318
31720
32437
34505
42007
44740
33027
36902
32702
33122
44021
49068
63736
73345
31380
35069
41579
41680
31996
34660
32928
32950
69519
35397
43736
32380
32793
31824
76567
33066
70298
74452
61257
32776
37316
35130
31330
38756
77329
37468
32628
33178
41018
41367
47750
34243
36526
36630
33009
35503
32164
32233
33728
51586
75933
35238
54628
32487
35154
32340
32551
41348
41872
35823
36630
65821
34557
71516
71573
38293
72562
37002
43888
76983
38599
32666
50823
31545
32439
32628
72481
31172
65743
32837
34012
37197
35938
36320
32078
32347
41058
38333
33466
33413
50447
34224
34684
31541
76461
40784
66400
53787
53791
33136
34961
36453
40493
51238
35698
40068
31408
31445
37545
42127
68618
34122
42186
32222
32512
55310
33844
63748
63794
34598
34890
35890
31872
34154
37757
46127
34495
34609
41622
33720
39822
44411
31821
37486
34872
36514
41793
45277
33033
71519
49653
40865
32824
34174
61075
35609
42938
75595
36940
41205
32081
36231
40914
38396
38895
31772
39725
72318
54585
33454
40375
42096
43442
36287
43489
31267
31380
31445
37227
33566
33864
33919
33706
57405
39400
35326
63604
38640
42750
36670
60998
70503
70793
36560
60996
43311
45361
77267
48932
37236
41525
46266
31973
33071
43737
66884
45332
52386
67604
32383
33020
37322
52469
32218
32448
33062
35293
38735
35777
34687
51123
32805
33607
34001
32674
33212
44805
52903
74375
58200
60934
63875
31495
36059
32542
32596
33674
34668
36046
37831
32279
39291
41529
34912
48621
36844
69510
69776
43966
34205
42034
36042
37252
34470
39236
35636
39079
74183
31573
36647
43462
40420
63144
32752
36055
36342
31728
33825
60295
32951
36372
43827
35267
46847
31799
32040
32188
34091
31595
38193
33005
60015
35563
35684
32701
34745
45550
32463
36298
62608
63259
35565
49453
57970
35240
32337
36910
33361
71755
47649
49898
31497
35455
44896
33284
44429
44584
35174
35652
71277
75579
36236
36365
34627
33245
37750
34391
36885
42954
33026
38503
52504
36312
38976
32516
33342
31639
36478
57375
32507
32523
34051
32764
34235
34880
45874
42156
31708
32007
42919
32551
32778
46356
48667
40817
41872
31451
31864
36156
32568
33864
44724
42594
34535
37558
34133
34743
35685
31745
33918
34825
39184
74930
32542
32671
66778
34799
35076
41767
40955
31497
37366
32628
44319
47830
49488
32322
33021
33302
34684
64929
51304
33218
32670
32261
38447
32675
32760
43130
49147
31742
32705
32769
76811
31850
37561
49666
32705
33221
42040
38483
48504
42826
31746
32082
31667
38692
42128
31972
36135
36721
35448
39139
34873
35428
51831
31828
32847
35599
56738
34301
34987
53789
31678
32039
39541
32027
36311
69620
36629
46273
53246
66012
44266
34559
34946
72306
32952
33157
35166
35843
32498
32507
69876
68946
71937
56899
67988
42143
44756
43384
53670
52717
53335
38426
39334
37653
37915
72949
39241
31433
35747
41653
34089
36636
37653
37677
75713
48990
60691
34962
34992
32636
72920
62610
31932
35582
44108
32876
34872
35563
34024
59103
32350
53727
53787
38349
40262
36668
38659
37559
34586
38275
55844
56027
31440
38432
44093
47488
51915
51930
33381
37080
50056
51605
56697
31505
36134
34540
39116
41769
38508
41012
34668
42149
51552
36850
37977
68025
40276
48346
32778
33101
33145
38257
38473
34421
43328
48789
31643
49992
37380
43179
61496
32686
32722
38301
43973
34822
32635
34837
35646
32388
33245
47122
33877
34067
35317
31721
32683
33261
41005
70484
37741
76176
37657
43532
36221
38840
41366
55740
32224
31554
34254
35346
34007
34746
51634
60539
37260
34536
42046
34023
35593
40522
46850
32841
36106
39366
31532
46103
31476
39750
34032
57794
57820
40378
48353
33286
34283
41994
36838
37867
72502
33750
34335
37810
61895
32096
32241
52332
56230
32567
32636
72972
34779
43370
31942
32089
34333
47324
33876
68999
34181
37188
35428
35449
52660
32680
33399
38903
35806
35827
74972
36193
62731
36345
38245
32706
35546
75287
31542
32024
33402
33760
34080
52754
61127
32680
32684
32675
33221
33227
32682
33447
34068
51864
43893
34607
74349
35405
44737
45037
32460
35934
34841
35208
41597
33236
33659
36998
41373
53334
69430
36578
46976
35206
70269
38711
36617
37698
32684
32697
33546
50550
35086
39601
33097
38754
69785
33301
32623
40889
33188
33445
36744
66944
32998
33187
33535
33904
33187
71058
63460
36143
37331
32697
32714
34992
35256
36432
52455
33717
42246
33550
54735
31570
35979
74897
36716
36869
31561
37286
32833
31739
37605
34174
39217
48395
60524
39487
34029
34190
70801
32561
35867
64328
32714
32754
43252
32537
34185
34846
35245
32063
32251
34353
35806
35876
34339
39649
40858
50030
51026
32241
34155
31942
52784
31655
32683
71197
40574
50196
31842
33825
33826
46164
32209
41540
32115
35589
34120
43116
32850
35097
35973
32577
34621
32912
33236
33340
34382
34871
33023
37393
49628
36742
43658
34301
34706
55497
60828
35112
62346
31573
37698
39816
35761
41730
56379
32112
36273
35252
35819
41332
35401
35896
42569
35856
36312
74354
43391
33838
37958
34120
34290
33704
38256
33410
70430
39200
39207
37253
32754
32838
33662
42853
32084
38691
36823
41966
43979
39555
47349
47546
38624
38659
35876
35877
32558
38163
40060
40691
42552
72573
35651
75309
75461
40060
40065
46693
35527
35499
36603
41705
39200
39681
34747
69748
31810
32752
33967
33760
39451
68330
35523
67172
67916
72953
59889
32164
34135
37408
35524
35877
35898
32630
32421
55484
42226
49821
32300
32339
40954
32543
34266
60927
38631
48261
49132
31981
35135
40613
36812
46987
57933
49228
35784
36323
38963
75280
51709
53829
41504
39059
39207
65255
42528
32089
32295
35827
36695
74994
35787
49379
32864
58817
31764
35076
35733
44154
52230
35440
31795
33596
32295
32300
34367
43225
44372
32793
36030
34504
45604
42620
37915
38482
37654
41244
41638
56020
32427
32614
32351
77841
42936
32624
34020
34135
48648
38359
34388
34931
74608
69289
31799
36133
32912
36843
33145
33340
59687
34670
38920
35898
35940
39219
40065
47561
32498
32894
34311
33086
33554
43137
44675
56301
34623
42829
45440
35750
36035
39028
35636
73448
32322
32332
32332
32334
33911
32334
32336
32336
33627
34935
34486
44645
39146
46463
35493
35750
68021
53095
76262
32288
32322
33936
35282
38149
50745
57174
41041
41775
32339
32678
34226
32283
32652
36908
32910
32840
49690
66795
35725
35764
38466
35736
35974
32259
32344
33674
34020
34191
32601
33247
45929
32487
34439
45528
32838
33012
42557
49192
53883
36992
36572
36517
39557
69203
44637
75215
33269
41145
32472
32931
32114
33854
33913
32617
34896
33429
41488
60330
39056
46450
33744
33980
35940
35985
37857
38315
38811
36532
52902
36774
32096
34598
34399
34415
39104
39867
64996
74741
37208
38725
44634
44253
35615
38303
32622
66925
39318
34436
39457
34399
34813
66916
33157
33821
54543
35198
35354
37527
39131
48012
37948
49569
63000
36647
39046
32650
34871
33854
60119
31993
35131
68809
33075
39567
32462
32499
34327
35764
35835
32499
32563
41057
32416
32897
34771
34293
35306
45635
35220
36896
32670
33210
33959
52155
35729
35835
33298
49647
55410
43078
32490
34879
42774
48328
48669
36048
38096
32055
33522
35010
32251
32462
38752
68641
69207
37832
64613
36097
41483
38914
39318
52997
54727
33161
66563
36527
46646
51357
32418
32618
35363
32596
34191
52423
35650
35080
36000
37668
50400
35500
36265
67796
46307
32688
34604
74102
35548
35645
37905
44241
48263
32854
50582
33893
38907
39385
73258
32849
73830
37286
32338
32664
66326
38482
38624
37155
42242
50261
66165
33980
36264
36631
37124
58742
36035
36470
55156
32546
34500
39569
51604
35985
36060
32563
32772
34258
33218
34396
34753
39066
37762
38908
47006
38795
35650
35699
33036
36910
37661
73086
53331
36154
68454
68790
35317
36219
33115
44012
44281
76445
34446
38758
46847
60098
34123
43705
61154
44610
51042
55609
34723
35403
32903
34488
37109
37443
72959
32480
32938
32457
59780
32288
32590
32481
34307
38868
32638
48378
44390
51379
34019
34253
43134
50733
32243
35841
48916
37086
43918
48481
55136
58769
34240
38616
32889
33026
39783
32728
54222
33395
45848
65101
41100
51476
35664
35896
36060
39709
40701
35684
40505
71393
32047
33913
34447
32888
34150
50027
32273
34129
37141
33330
33937
35028
34032
34856
57241
55968
34415
34650
67046
41553
32991
33659
35190
36939
45849
42570
32998
33831
41313
34321
34731
34048
34268
32512
33348
35000
32620
32769
35312
36272
47189
48937
35134
39581
33012
33334
33781
37546
54972
33243
34103
59902
33671
34070
33222
33519
32338
32434
39277
33668
35617
51871
52485
72115
31960
32635
33088
47442
74484
42825
32234
70300
37360
32781
35971
43216
54484
45368
51246
51871
33109
33137
36694
42202
32671
35249
39503
32304
32535
39875
32956
40396
33470
33617
56453
35725
36022
32682
33620
33697
34596
40579
43650
33814
34048
75626
35775
36556
43917
55843
38776
63480
33331
33552
33609
32984
36815
35052
55181
78958
32874
39047
43451
32506
32601
32426
32651
34508
32239
41712
42781
44823
32418
32957
31960
62352
61198
45860
66379
35974
36105
31992
36649
41206
39052
73161
34987
35493
32806
34550
37368
35687
37185
37408
39019
50507
32444
32813
38306
39435
34439
35061
38390
32075
39634
32614
33239
34354
32686
33276
35179
49317
32038
41567
48924
32294
36711
36412
62030
33552
33614
54440
34693
42124
36470
36672
39336
65006
71998
35992
37834
39147
39303
36672
36865
32618
35288
34356
38828
32473
34613
35210
36865
37685
37460
38571
35124
40941
41007
35000
35141
35912
37725
39630
36265
36976
47818
32284
59346
37501
37983
78206
33240
64795
42262
42363
43158
48039
55935
33724
37091
35873
49052
45350
43742
35071
35717
48680
56264
38857
38907
73326
49022
32849
34752
35856
37501
38629
78207
32669
37516
36696
69141
69446
37196
39688
39254
32352
33724
36181
36382
40205
49966
50957
39534
38376
39249
34563
62269
33498
33544
51608
36688
37867
35335
35910
39818
40683
56028
37202
33762
37347
39539
32358
36416
39914
44781
33550
34715
35968
61777
38892
43628
43825
36585
35106
54128
70707
40326
39587
47072
32427
34478
34672
33423
33458
33210
33641
36613
41979
33790
40928
42500
32295
35277
35869
34895
68949
75034
35342
35744
41869
46718
59831
61266
37943
48991
51779
34441
44012
44907
35779
40476
42847
41035
32256
35157
35171
69169
32447
38814
44074
36345
55376
73473
52529
32952
37172
45637
37936
42306
33627
33747
33810
44731
34378
44950
33612
33614
33681
41556
40043
41243
47158
34128
35210
35285
32442
38714
48453
68778
69166
49898
51246
34868
57543
35096
35171
41370
59579
33823
44361
39899
66524
68497
33170
40442
33458
33545
34215
33425
45211
72787
40370
76425
32344
32408
35183
36507
41295
44222
34650
34836
37689
33545
33642
33331
33592
35096
35189
69064
35334
47559
69809
42682
32821
36911
41712
41225
36105
36280
32506
37164
41980
71104
32926
32421
34560
34577
33347
39822
32180
37042
32776
32586
32861
75714
66015
37656
47596
60595
35738
36697
73989
64886
39488
32861
32932
37169
34707
40696
49992
33592
33609
33917
34925
35757
32725
32932
75697
37193
33034
39599
35203
36196
33410
36266
67164
38850
33463
39772
35997
36511
34414
39140
33642
33647
33681
40013
35285
35358
32840
36891
69887
71398
34119
44908
59984
79050
34856
35035
56971
41293
52261
35631
36285
32655
56485
35855
36937
52485
52804
40886
35979
66127
57670
49400
32639
33492
52681
33423
33654
34665
33813
49262
67836
32543
32581
34566
52650
53727
41220
32581
32590
34330
58731
37747
54051
56986
63815
34706
34954
41017
42975
36399
35140
39130
36098
72512
46782
34773
36083
34813
35159
40651
51798
55938
66427
35051
38507
68864
54146
55183
35165
37254
51935
45993
47310
33711
35155
46791
53873
38438
38554
32368
32543
73016
44519
44945
32577
34030
33858
38491
39600
47271
32597
77611
49064
56469
44815
46381
34057
33357
41604
33535
34998
36912
32645
45441
32813
33028
37510
33628
36882
39931
37468
35658
35738
48881
36382
36449
39079
43696
33625
40422
33043
33541
35587
36862
35047
32318
35712
35480
35491
38298
33047
33389
33678
44032
44750
63369
32558
34257
34334
32768
60277
38886
48406
34197
34246
33925
32992
33536
35550
35141
35149
35313
38977
47755
68327
55774
35928
35693
44374
44560
53199
53578
34816
49888
37868
32725
32814
35108
32894
33282
33522
35297
38530
64601
42626
33178
34632
72515
36483
65863
36465
37719
38946
34040
38422
42501
43102
39260
49694
34291
35395
48922
40407
72172
32651
32964
37384
37654
39167
33934
36093
40691
41694
33239
33451
36708
42053
35159
35189
69037
35910
35950
67107
32427
37144
33641
59115
45746
52877
57354
32622
33831
35077
37167
66210
69916
36764
32640
34051
69831
36323
36663
37246
40188
32964
33120
34502
39500
35048
41889
39385
40028
73204
77333
34520
39776
41118
38875
58362
35229
51316
43818
47501
32424
32729
33501
32408
32433
42671
35269
35480
33043
33189
37924
33706
34305
40090
32650
34155
33134
33354
34847
37972
50034
54883
48340
38036
49076
71310
33567
35211
35749
34825
33142
56416
39184
38580
35262
33732
34331
38363
36449
36753
37016
39816
43401
43915
67686
35075
35620
41485
35591
33139
38225
34281
34676
34945
34951
36775
41645
37817
37519
38249
35391
52749
58342
37778
36410
34350
54420
33113
35570
44041
34721
36684
52804
52965
38275
38840
38664
39760
32858
34833
33995
39425
34257
34363
44200
77740
34918
34945
36768
33419
33598
34303
53799
70436
39531
32950
69501
37365
58006
53173
36976
67550
36280
36513
41306
35363
35658
42284
36325
44441
34687
35266
37032
37248
34780
69634
32717
34782
75675
32717
32718
37793
42066
44520
32718
32723
75674
32560
32723
32734
33091
36273
36995
32734
32814
75681
75321
37009
47546
48255
61152
40248
33612
33647
36277
34048
71395
75627
32859
34012
34468
35950
48329
38112
35486
44543
47989
39126
33740
36259
37278
51073
32794
33673
40075
33335
33419
37037
38537
77894
36649
45541
33451
33872
36822
41167
46248
41895
71638
36758
37548
40404
38695
58124
38366
47541
50811
43286
44450
32434
67635
35841
33150
36829
43952
40481
33064
60878
40519
41194
51787
36676
37549
33860
36736
51823
33834
35847
38554
39070
32949
33779
42842
33292
33335
36481
52339
73836
34353
34767
41612
50501
55663
33297
53445
37800
39026
32726
38865
41306
39714
41415
32806
35464
45173
36852
33332
37614
32974
37599
33654
33758
37254
36479
40173
40279
40309
53338
33277
33292
38308
35713
42431
55767
39166
37787
44824
40697
34363
34409
35298
42242
38569
33499
33970
35819
36200
34601
38086
44193
40532
33267
33277
39283
33686
35625
33617
55118
32548
33259
33267
39856
36578
45753
73522
33492
33967
44028
33258
33259
39610
38203
40443
61277
41167
44919
33256
33258
43202
33254
33256
40677
46446
38439
34014
33497
49932
32772
34437
37248
44306
33572
66258
38135
49295
33143
41651
53253
34437
34525
36253
41676
43648
42368
71810
38570
37678
40160
36574
76045
33516
75258
38515
33159
33728
48968
50822
32611
36905
34563
43649
32655
37480
34563
44501
33598
33810
40779
67781
37632
38327
51584
47369
32678
34409
34424
32816
35944
68131
36442
38932
35561
40138
39163
39605
63658
78132
46369
33286
33349
41786
57749
78298
37159
74039
32891
55398
33917
34189
49884
39985
42323
37344
48755
51167
55471
49100
59988
45109
36022
36406
47053
48398
39340
71745
71757
33260
34217
43814
36905
42707
34334
36984
43519
45820
58178
33318
67954
33457
33929
35288
49436
50751
43307
34658
40130
38691
70478
72762
33989
77209
45201
44625
34340
35557
36456
49959
37616
33781
32969
34688
35566
59550
40882
75003
49899
50267
75229
34645
35100
35551
38468
34605
34040
71681
37571
33796
33891
36722
49853
58588
35585
42369
33087
33184
33189
35678
37607
38310
40614
35757
58722
36329
36442
34561
36727
41697
33334
35851
36618
34290
37529
32772
36253
35460
40721
41413
36711
36817
41274
33758
33835
35165
33410
36229
34008
54990
33927
34547
43393
43520
67783
47795
35175
32746
69913
35377
37239
37810
38582
46422
38042
38865
34101
36957
38696
64799
70882
35602
35306
36392
70596
33426
36682
42582
46621
33871
36255
37526
37847
68363
32984
47241
74598
40238
42290
55898
46209
53366
39353
78288
40840
34199
34688
37000
48341
59319
34253
37334
56880
40294
33071
35528
32952
33821
36519
35338
55246
42274
35681
39413
47254
41226
33541
33835
37606
33840
35547
38599
39460
37459
34352
37463
38510
40008
47939
53549
37619
35685
36731
37573
50312
34341
37181
54987
53837
40760
43836
33618
35023
33601
53940
33150
37540
70504
39919
36023
36499
50726
39783
33840
33872
34145
38119
35257
42919
34023
34157
37523
48711
37599
58376
62170
43408
33081
33479
35865
35069
35568
37643
49312
33536
35404
34118
35999
73006
34575
35709
38687
43322
44216
37533
38735
72887
33354
33580
35627
36340
61081
37117
39414
43639
48752
77502
36829
36906
37029
56707
36061
41573
52619
36196
36381
72477
40741
46183
32839
41732
39170
39123
37831
35906
60748
60720
33041
39505
42643
46287
52321
77747
33184
33260
38258
34632
34889
41039
43429
33386
35853
36200
35942
77683
34767
48510
54559
53659
56608
37432
45597
75247
48573
54146
35425
35948
37337
41498
59913
40350
59608
44859
43747
33537
58275
42330
33477
39215
33028
34860
35123
57419
33880
36439
40081
41809
33570
37651
40810
38285
40260
36021
43806
45215
34145
34212
36921
38063
41570
35169
35989
32820
37340
36137
70253
38329
38913
56847
37124
40558
47900
33120
35085
37661
38724
70038
38074
36476
33280
33514
36513
37038
32896
35613
37058
50402
51126
35901
33668
36631
33953
35568
33530
35367
34357
33144
43028
36522
40411
36709
33547
35193
41978
63314
33925
35770
33180
33455
35256
39132
48457
33024
33625
52308
44014
38055
48480
43510
32841
32927
39552
32928
34508
35062
64315
70996
34473
37308
33801
34903
33282
33898
34620
39301
44583
38920
36058
44145
33702
34141
76146
37706
33060
33242
43296
35679
34554
57491
58082
43633
34464
37176
38228
59496
37475
37630
45197
39365
34112
34368
38454
41143
42352
33747
69302
36246
37756
43216
44610
57456
33342
73071
33630
34138
39295
37600
48172
57058
34061
66174
37348
42102
42074
34458
43592
39921
74144
38656
45583
33663
34261
35081
48333
54655
47405
40067
33833
40487
33369
33763
35741
64065
34002
35433
36031
36233
33316
70283
34971
35676
33970
34143
34438
34097
33144
33268
36205
45822
63063
56633
65549
34192
36026
57336
49780
33268
35021
37629
54135
37262
33928
34189
34503
33892
34907
36481
71060
33260
33285
36049
34774
35386
34836
36198
67099
46835
33276
47313
33244
36610
74063
37133
42830
50267
57743
41654
45003
34489
38819
48060
54395
47527
60746
47586
57140
39489
46342
53326
33602
43381
70194
37802
37404
39394
42075
69645
35230
39632
50303
40495
33725
37197
38844
39043
49583
35024
36080
35175
36226
39221
45105
48953
49051
45443
41652
33992
42414
34575
37263
34147
34190
59510
51416
54912
39384
57739
51022
54451
46327
54567
66756
69186
38533
33379
44083
35589
48206
41011
44853
68238
64430
34918
38351
33179
70245
35762
35068
39062
49570
54039
34468
37746
38606
37341
40423
36962
36695
37691
33516
34234
34425
38348
44188
34581
38225
41642
34065
39068
34045
47075
58075
36598
54526
44239
44961
75960
33283
36729
35253
35552
33932
34419
34429
59341
74155
58569
36846
38581
36960
33214
52595
38008
47563
37691
37737
37167
37557
50460
37129
39161
57577
33580
33785
34861
49043
55538
74027
39627
33300
61629
51081
58972
61367
43122
46783
33061
36551
37305
42393
47206
33138
40548
41280
39876
70012
40994
45281
40347
43326
39453
33082
34592
36343
38409
45392
45032
49002
59202
33280
35353
45804
33885
34991
33934
74988
36872
35584
36231
35101
35230
72155
39859
40184
65014
59179
34447
37492
37778
37557
40910
36031
36104
36255
47536
68347
34291
34419
34510
33082
33294
34926
35075
35538
58570
49073
43529
62108
33396
45985
37903
43250
40805
43946
39136
66763
41823
33166
35091
33898
34107
34622
36956
45700
38943
41447
34143
34270
34482
36146
72882
47280
40309
41031
34350
36997
40582
69630
70006
43399
37755
37980
62891
34934
38868
33803
39838
36628
42148
36697
37126
52249
45223
48034
34486
45018
35843
36633
45359
37718
33429
40799
44857
56919
65300
35697
37525
34952
35518
33262
37258
38591
44964
52767
77400
66705
36197
47027
34927
39681
46515
35338
44952
45237
34428
64557
34226
58433
77015
36103
38969
38499
54341
34525
37179
40768
40833
33525
38892
77910
75072
78244
39328
36409
36059
36650
44089
52294
54408
42121
33646
41120
42373
65321
39321
43878
40602
45496
40331
59086
33673
42380
35853
36194
50165
43325
33391
34463
57377
35542
40915
44124
46821
33687
33726
61935
35101
35228
48914
44394
33538
34069
36013
34028
34526
40262
41818
50679
39943
40710
57224
43610
45099
68777
34205
52842
34835
35577
39167
40014
77237
33879
35865
33615
40185
38756
39092
33380
35023
41184
33719
34169
33232
39400
76946
33285
33519
67791
34226
34424
38862
37862
35464
38862
50000
36592
37054
61575
41117
41587
38147
34025
37149
34853
34429
34611
33994
36918
37788
34213
43458
44383
34223
34510
34585
51898
37866
38107
45853
34302
34670
38798
38872
50513
36714
38321
64722
36920
38272
42692
55922
74967
78021
34715
36225
35113
34718
36641
72614
41465
43809
41133
45657
77274
34045
34188
37684
39322
35156
33597
35365
42800
41035
41838
48148
35867
34341
36925
48759
75490
38955
43005
64089
37456
37787
71033
34478
34602
40862
35228
35329
72603
34954
35626
49621
35111
36077
35356
44309
41762
50668
35742
36289
74503
59441
60022
66674
49337
42665
49346
36406
36827
40001
40028
41113
73151
34215
44561
47347
43777
37928
40145
61761
37851
42512
34107
34307
69968
45029
40694
36545
56313
60079
34422
64018
45350
34585
34619
35666
35708
36114
47488
48031
38635
48023
48126
55350
40187
35991
38971
75170
35114
41642
40107
51839
57007
52036
38136
52622
53087
35952
39799
34524
34839
33385
34697
36074
34270
34528
34637
34306
38654
41353
35077
36139
34198
34298
34681
33610
36109
37266
68137
33990
46904
37727
33380
40031
36969
34182
34534
34619
34667
34889
35329
72565
40260
40522
36116
39114
35157
35759
69181
41327
54550
42852
57236
68438
52871
33696
35219
46327
35724
34050
34597
34748
38350
34180
40963
34678
61822
35582
36108
48238
52569
37487
33625
38216
37807
38274
36000
36767
34503
34932
45452
46139
36369
43682
33623
36912
34362
37259
45736
51903
33344
39232
37067
38474
53264
33984
38532
63416
39594
52490
55083
71872
44679
50383
35602
38897
35661
34330
34566
60323
43535
52718
64326
58856
33946
37037
38916
34271
36896
33493
36879
47620
38249
38926
33726
34524
61501
41769
48198
34332
41382
45149
35932
40536
59336
36415
37439
35342
37814
55393
40177
44478
45390
61949
38317
47147
54964
34234
33588
36950
37903
38388
33564
44426
36457
59076
62003
57972
36001
37231
64808
34039
35169
38267
34142
39831
43345
35555
36968
40715
33468
33519
34543
36431
50502
36304
36530
37212
62438
49426
69703
57959
66107
67971
77011
61899
38798
38861
37238
38268
33493
34998
37909
36663
37307
48943
39931
41317
35173
35719
37475
35269
38558
39044
33663
34182
36761
35062
36167
39995
36304
36408
75702
51464
72681
52854
35410
34193
45534
37737
38642
66799
34556
45636
66789
38212
52779
35767
63944
64238
34800
44750
49928
40084
41607
35309
35759
41922
67912
77416
34331
34645
72641
44840
52712
37947
63306
71174
44541
49614
75234
36061
33738
39259
41523
47395
54389
44189
54285
49196
53404
37869
60406
35184
37068
38214
35228
44569
38407
57478
33951
34611
34888
62817
56332
45775
72249
34330
36836
37122
69281
39683
44107
37709
39560
43541
33656
63797
67160
45262
33785
35592
34839
35373
42114
50522
34237
40582
46633
66151
33977
36713
37073
38469
70586
77062
38487
38609
38645
35977
34298
34704
36904
38763
36120
36387
35571
38315
68573
37537
38724
35230
35762
62478
37049
38861
56077
34777
36099
70353
40392
75344
34531
61017
36754
35067
68909
33538
36962
70091
42128
42738
35212
42008
33687
33709
34428
41577
33605
34422
33597
33787
70416
33769
39461
47686
37038
37332
35605
35701
36880
35810
36952
34829
41188
38345
38833
36026
58955
34748
35222
73261
33745
36974
34180
37156
40717
34495
46147
35064
42515
36464
43576
35964
36448
64846
68993
34425
35461
75276
38363
45182
53532
66679
37929
39231
39638
34137
44052
44484
66835
35461
35467
75288
33926
38009
33990
42303
58718
71717
48740
53888
38176
62127
35778
38447
42358
58886
36392
38361
40259
40029
39412
44010
51523
34667
34985
33731
38856
47297
71353
34018
34633
37811
36364
40361
39859
75700
42428
48966
38334
40681
57624
67045
35467
35494
39510
55800
34403
34962
36650
37077
37711
34268
35801
49179
53616
60570
52903
54307
43938
41189
34080
37134
37696
39233
62483
65316
36964
36738
36861
37255
34500
37797
37700
37583
37788
36179
42697
67273
44754
44826
58757
35268
45013
46617
33605
33709
40189
35388
42510
34681
35274
34775
35386
77539
34291
34688
38284
38673
46691
34528
34103
35424
38388
38609
38247
70650
63305
36827
36861
36120
36295
43188
34288
62407
33666
35021
35090
43972
38645
39008
41703
47373
37177
34676
62501
65757
44156
65544
72570
52385
35190
36299
45649
45987
38517
43826
49957
34680
34765
57631
36004
36114
37736
34220
37759
39966
40759
36034
36108
74031
38313
34695
71608
71733
36770
59077
41364
44285
47323
38782
75181
37923
44078
45083
41639
35587
37606
54919
38208
34376
36140
37452
37583
37729
60778
34661
34131
37259
36832
46906
59329
39938
47733
49229
34860
43442
38206
48362
64643
34993
35514
34549
41852
45216
37197
34337
35107
74659
43132
34427
34633
74368
44887
45124
56110
37328
45416
38445
50766
34326
40271
39732
49785
34505
43991
65718
65299
71781
40174
41532
37548
34201
40742
56331
37034
33894
50995
35662
36991
37156
39404
59725
72438
44990
55172
68345
46867
76454
35833
46785
38856
52697
75209
38880
45161
50283
36511
40596
37150
46153
37163
57516
33706
34176
34634
37021
40834
44206
37623
42911
51113
60010
37883
42240
45387
38008
46722
35121
35484
38812
33856
39738
35432
38996
40127
36167
36818
37640
38005
48081
36584
49114
77922
34258
43719
34261
35614
36172
36813
33833
40136
41688
45194
37821
37332
37728
36357
39506
39072
42217
70598
38170
38455
63457
40344
40022
37756
38183
39234
34352
37031
34304
38016
38760
41788
48862
56837
57987
37174
36004
38555
45224
72688
40006
41803
35678
37924
56928
38188
43101
51976
38687
38761
38093
42317
50640
39376
34473
35119
35225
48701
50957
34464
35090
72667
76435
53312
43322
44652
35373
35626
41609
54791
35050
45943
35521
37774
38854
39421
35494
35688
40618
47764
44723
34957
35483
34526
35034
34269
45064
34620
34622
70126
37866
38081
34490
34603
35038
59384
43004
33912
38867
51253
35507
38303
51221
42878
43418
61716
34860
35882
41021
41742
35333
42444
35209
40424
34186
37895
56973
39008
39310
44170
40843
44376
34365
46696
50159
34586
34779
50496
52426
38474
56659
36113
37105
38284
38843
69062
41735
35702
45712
46096
42643
43347
38063
60018
67681
36048
38450
38826
38358
41889
41718
48550
37027
37085
43107
34604
36192
37617
39393
41532
41715
45728
56414
37417
71036
75625
48788
58481
43784
44889
45040
38774
44027
41691
49897
39575
48196
48313
55352
39943
61018
44131
42630
34637
35324
36863
57942
64045
42858
38772
48577
34262
35222
73319
56657
64476
35029
36565
36586
36620
37441
37245
43069
45670
43369
53335
60506
38582
38591
38611
38812
39331
34116
68001
39551
41162
39713
35054
37665
37077
37163
50815
36039
37112
37118
38206
36989
42515
44060
35126
35129
63528
45299
51159
37842
57757
34186
45473
53977
43875
34307
35946
42323
68395
60852
41077
75094
34337
35881
44313
46694
46993
37027
37307
34620
35261
39361
52609
35655
36715
34778
38314
46570
64973
67849
34560
40896
38950
50619
57507
68062
39880
40822
66168
43401
50986
34888
35292
45561
54505
40849
67342
68193
70409
39295
55283
37544
39827
59664
38347
34502
37194
34013
39088
38033
61867
34188
34934
36204
42446
33964
34163
36485
41728
38530
43593
61837
44156
35418
35785
39686
48324
61543
62627
70341
34021
34911
34932
35482
73727
34256
36942
72453
37405
35313
36916
36957
36215
38689
41568
35663
36537
76558
38982
68683
37239
37584
36952
45270
43599
46671
43490
38171
38183
35034
36033
37184
33993
35147
35386
41754
42047
42311
44774
75249
39249
41448
55833
51633
58287
71010
39454
46684
65793
48502
35137
65080
38799
39910
59456
34469
53632
34483
55666
41206
54373
61004
74105
34831
34985
35196
71187
65278
35289
37479
37662
45946
34910
36007
37412
37576
44358
50539
51785
37125
39004
47835
43468
34920
35681
36589
38154
38171
39310
39394
35234
38646
41121
45569
53765
38876
40348
48574
35945
38695
43983
38126
38154
37231
37469
60417
77623
40080
42016
76825
58245
34315
49053
44833
39058
36384
41308
37560
46812
43818
44926
55012
35850
37409
39482
34043
38005
38126
37122
38113
35050
36119
64214
65357
34375
35644
43834
34177
34184
38477
34356
65745
35605
38058
36734
67624
45714
41106
34117
74152
34691
40546
36466
37228
40780
34530
34957
34980
46022
37752
34879
37772
39012
36596
45653
76125
43394
58244
62043
41249
55981
49386
38138
36739
51790
35767
37783
63105
54413
38930
35116
35703
61611
68242
42092
39108
43545
43867
39245
66807
69734
42711
35115
37860
36953
40694
36194
37082
70813
72317
36156
41647
37827
40250
36734
36900
36299
36411
48951
46769
51648
34737
35351
62786
71809
71930
76597
34469
35070
34344
34374
38697
48156
35971
40439
35014
36487
42072
34587
36951
38654
49637
54204
65575
39902
37552
37724
76260
69694
71725
66810
48098
34980
34994
35858
56017
64219
40386
35838
37443
38169
53012
34344
34381
36232
36825
38319
69819
34857
40347
35732
35994
39141
40318
76718
35458
35505
61984
34199
34994
40876
45863
39740
34483
34916
41751
36273
37006
45717
37382
39015
37147
71255
75798
43668
36889
35920
36840
37708
38896
68355
34696
45581
37584
37880
45246
34665
49722
37620
37799
52240
54308
55259
37514
38731
48614
50684
36731
37427
44826
45164
34745
37053
42285
34369
49694
35699
37363
72373
63862
42822
37315
40795
76923
43053
44546
51738
34389
38770
39797
62471
50461
37554
40212
44212
36462
36934
35926
36655
41269
41869
42239
34423
42405
38696
44293
44704
38314
34308
39478
41883
44981
38197
41461
42140
74132
34580
62161
36443
38445
47035
43585
45214
48767
34779
36530
39922
47788
39367
61737
36912
38606
39848
39910
52651
41226
38022
36913
39017
40122
36325
36591
38774
36647
36900
48076
37603
37987
36159
39957
35598
62123
62277
39165
39814
64807
50294
34920
36740
66574
38431
39196
39408
37535
40904
44078
62675
49268
34203
36286
38981
55564
37174
37914
39395
60414
65595
37016
42076
43841
51148
66930
37729
38048
40325
73608
51650
49902
39369
37505
42536
34705
38953
35117
36549
34364
36829
36971
51031
44960
43974
36188
68053
46378
41780
56183
66355
35175
39044
62976
34449
71520
43013
35909
65556
36263
37313
37007
38910
71670
35037
64198
42102
46250
34337
59283
34374
34584
36240
44008
35588
45067
42306
43953
39127
44694
39958
38283
54591
37205
41116
38610
46341
44774
34678
64495
40741
38375
39808
35094
36076
37932
34736
36024
44543
35539
36211
44143
47911
39113
40042
45809
34895
35358
36633
36878
43447
40805
43500
35416
39700
50448
73347
40191
45768
69980
74240
34455
36218
35927
40862
38052
46745
78690
47588
35439
62041
58453
53265
54606
59646
43461
40318
45784
34733
42015
43220
37971
38657
41469
38940
39079
42906
74136
67928
37892
34656
36343
57333
46853
74312
34833
75224
35392
35029
34935
69272
73273
35733
40264
37489
37806
41199
43055
43770
56328
47534
35127
55855
61250
35196
35437
40345
40575
36151
36155
41782
35137
46231
59601
59804
47037
49184
34720
35413
35920
35234
38353
36363
52093
41897
39324
35802
52415
41403
36350
38919
40536
41924
74507
40342
59893
61480
39535
46179
52063
36113
39459
34771
36064
59415
39451
39070
44843
40563
41386
51458
66803
34654
35464
49876
42048
43678
47925
47975
34727
37224
34999
36409
37121
38019
39823
34569
44601
48884
41985
42027
34953
50686
34381
34854
44364
41587
47645
34402
66476
35874
44201
35014
37781
46171
41733
37268
34697
35792
44968
42625
71184
36276
71539
36693
36946
37291
78179
65536
47161
53992
42239
63330
68709
38681
40085
35908
48479
36791
35579
37379
34923
35652
42911
59314
39488
39307
36729
34958
50290
41270
34539
39325
36981
43925
38872
44333
39665
52979
38623
34776
36979
37865
37880
37987
36168
72010
36446
37694
36901
40610
38583
43647
49049
37595
40750
42830
36462
38706
40501
41911
41985
61485
37983
43441
36728
37312
38976
41349
38610
58963
54353
36180
36797
59367
34982
42007
44719
56070
58511
36024
38081
38240
36782
40588
44840
61728
63138
77221
38841
35324
35567
36437
39378
75727
41279
51149
34869
40306
34826
34887
41874
39464
39665
38972
35103
35468
35578
36460
61113
34990
61219
72677
37890
39712
58572
39084
35288
36662
36739
38902
64758
38331
78788
41114
51562
47494
51077
36475
52273
56535
49715
65784
38957
39866
35103
35394
35542
57064
35139
57306
47709
37353
39156
39080
46336
35110
35276
36414
42770
43226
38072
73154
37286
35694
35710
43828
54841
47625
43917
55715
77988
42777
43038
37311
37382
42838
45810
50333
35737
38141
38416
41113
73098
39456
42820
68592
39909
41093
37509
49141
53503
41711
68198
78277
36990
42704
43912
39133
45259
38024
46409
36582
36332
71597
35743
41911
41926
61933
37757
38539
54426
44505
40113
34539
35097
45220
52096
57894
37035
40557
34933
39781
41859
35861
34551
41767
34782
36213
75682
44744
48490
36116
38343
38653
38346
50734
56042
43167
42715
36049
38258
65470
70262
34966
36955
44760
45793
49526
49379
35437
35497
39139
43975
43796
35248
49121
35289
35932
43039
52165
49409
36198
36740
37863
42824
50288
41053
50030
45923
41172
39819
41031
41654
47820
47925
36480
36662
37392
39994
61556
55982
59737
66004
35551
39788
36197
46908
48126
55724
36820
65632
49816
37449
37499
60922
35065
42131
36206
36358
34916
41627
47094
67519
35934
36431
35292
35618
73604
45952
51412
39743
40530
49159
49465
51102
40993
35762
37005
44023
37105
36751
39099
36330
40157
48904
39050
42025
69509
37828
39892
50354
42574
34786
62472
40006
35383
35385
69537
35385
35393
69497
39290
39711
36736
58226
34704
36769
38733
35321
35478
39408
39559
42587
67418
34996
36795
38233
39133
34720
35828
35393
35436
41134
43949
48041
54489
43222
38004
66982
49070
40703
52561
69059
36295
36358
35081
36839
71771
37388
39785
45161
50217
34934
36642
36862
37372
35415
37098
50299
35907
38169
35309
35914
69309
37264
50884
47589
70212
44909
70634
46672
39464
39563
36350
37717
39675
36411
36790
67466
37085
37996
38697
46755
47617
44363
64942
35424
36749
37702
38496
74361
47621
68965
73059
36894
52004
35410
38374
35109
36332
38087
63617
35248
35669
48812
44030
47608
47304
37914
41774
36226
39608
61862
57538
37427
37655
76427
36349
37226
63639
46488
34690
36690
36751
44337
65415
36084
38996
42566
37499
38197
51897
47510
34927
37719
54838
41584
36493
34697
35032
45298
34823
37956
40098
39228
40014
41561
47353
38095
39987
43819
44632
54392
37104
37372
36412
43799
40765
47879
55200
42545
38672
36822
37398
48893
37835
40622
35093
35237
36361
45607
40554
65736
70177
35758
41677
42206
35695
38302
40126
42683
39286
44708
39850
35570
35737
45318
35388
36538
40551
43253
44504
40127
42527
37928
37110
35871
41881
51683
60265
36374
59119
50963
35366
37963
43285
35646
38676
74293
35676
35775
35186
36433
36680
35497
35540
35560
41024
36878
36998
35332
35117
37986
35237
35540
36971
37388
41399
41541
38383
70549
73710
48146
35465
36195
38960
40158
35436
35914
69372
38805
66337
36480
36799
41483
47636
38166
66698
53330
35336
56432
58524
34903
46242
55366
38642
39398
46521
35455
54999
38539
35205
35567
35816
72258
41386
41399
36996
36690
36701
37391
70202
35323
39967
44138
39595
42115
65213
47825
42504
34899
35349
35529
38552
44128
42399
71691
38667
36889
37449
40003
37208
37624
49740
35046
46480
39168
39199
36701
36704
37585
50690
70748
35509
39018
55930
36704
36705
36705
36706
36706
36707
35483
36707
39413
47237
39489
36758
37280
68171
38073
63384
69628
35115
35116
36386
37198
43863
64371
41640
42266
37280
68804
71710
38040
41608
43842
35813
37314
54062
35325
36870
58037
34827
65383
65824
35578
36020
44662
45026
60768
37975
39397
37978
38351
59605
44133
36271
69394
36092
36561
40967
35542
37381
40251
56449
41748
42206
70174
49498
51820
36213
36393
37500
39971
45244
35553
39786
43713
50896
62000
37605
39563
37625
58650
61797
41317
45089
36092
38529
73770
39498
49472
37402
35789
35131
67061
34995
48393
63955
39808
75225
78500
35478
35490
48069
43027
45657
77236
49744
45146
45164
37380
49799
38472
41056
74058
35943
38261
38847
38237
53388
37345
38568
52426
56712
38979
51253
53950
35061
36553
34977
36788
38458
38496
40480
48177
47090
49018
43749
45442
67111
46010
36103
36592
54476
46858
37398
37457
36890
42010
47566
40586
42474
37342
35618
35632
61901
44216
45971
49434
50142
41692
63624
38125
39298
35067
37349
40193
38926
39916
45845
53009
67787
50689
56692
35415
35597
74392
69633
76548
35774
40353
35400
41926
42509
54552
42480
40157
44764
45625
53305
54460
38470
49095
43937
35932
36350
37457
37485
51335
35143
44979
45104
61709
34983
35970
47624
47820
50163
40763
38104
38250
37301
38413
36455
36747
41131
40759
46053
36477
37452
40070
44248
39965
35740
36191
36510
35093
35443
42502
55638
35692
35080
38004
36241
57845
51208
40531
40821
35714
36099
38836
60478
52298
42072
44780
57417
64375
34978
38809
36468
45296
39487
36939
42931
36079
40179
38701
51219
35127
36100
71610
38048
38484
35350
36963
50887
35246
37690
40867
45303
42383
37778
37850
73251
38083
41867
35825
36529
70728
35291
40176
39269
41354
45070
48885
37728
41984
67628
44959
40843
44419
38453
39671
39559
39768
39398
39501
65719
36516
38953
35290
36683
35834
36188
37620
38956
75729
45627
35066
35721
47354
39347
45486
42069
49339
49608
35348
44576
35349
35753
75733
35295
42856
35056
35541
35781
37081
56848
47540
37791
39001
38019
38413
40616
37577
37879
76212
44011
45715
41541
43275
37655
38066
44068
47113
55485
78240
38333
36474
39915
42463
56782
40070
35816
35990
36713
41677
39772
51746
52771
35959
36159
38088
56986
37838
72211
43733
41859
42010
35967
36122
37967
47750
54374
36552
37094
36610
36800
38478
35410
35453
38404
40555
67802
37824
38480
35597
35936
36056
39402
44930
55305
40159
40245
39485
71300
71324
36283
57687
62567
40245
40287
36363
38672
65617
47408
40143
40287
50751
50877
35754
41164
54477
55998
68763
36258
39026
46393
66026
66706
39159
40330
39978
40135
40019
40159
39397
40019
54194
38538
66363
49161
52023
50712
41213
43412
35647
36063
37144
37112
42394
37812
39655
37829
41457
68160
36571
69192
51395
41135
41484
46240
42529
67512
56897
59389
35413
36840
37267
38688
38899
36920
37294
65746
40108
53716
39501
39509
75125
41669
36790
39663
37939
43494
35691
39119
36933
36338
43967
37998
38151
51183
37558
44428
50705
44039
71728
36286
71767
71788
36146
41666
35834
40209
40351
37058
35696
41440
45026
45585
35694
37670
47244
36983
37218
37476
43009
54891
36702
41518
36242
37017
36424
46484
50368
53080
37663
36296
42320
43613
48674
37935
50820
35409
36468
40767
45720
35905
67163
42792
36018
58968
63504
37615
57338
37859
38782
43347
43665
53040
35894
50788
76034
40924
44087
58651
47604
37106
39452
36649
37942
41125
48145
40735
76411
75029
52141
41632
43117
39548
46036
41310
45199
77686
39893
35959
36325
50971
66483
40181
41121
37809
38256
39069
48988
49779
56562
51891
52265
36064
56642
37801
42669
43010
41927
44662
35712
65934
35936
36020
73735
45679
36441
36483
65680
39901
39122
56358
45200
47893
38100
38129
48158
49602
38152
39246
39285
45286
35429
39790
74281
43905
46762
49723
47246
75871
78470
52652
43010
43526
37566
36261
35476
35490
36391
42743
35662
64139
36727
38360
49009
40502
49701
47321
52343
55562
47909
57129
39790
42787
40772
43482
52042
40428
41767
49383
38466
35514
36063
35536
36719
76417
35698
35710
37836
45649
51362
48204
36484
40117
45585
54351
53024
53103
35642
50187
54168
45146
50037
37434
62802
55897
61583
35973
39308
44280
50877
50888
41977
63194
37253
39754
35886
39643
39467
37480
38110
53373
35514
35647
36073
60115
38016
41196
46243
38100
38484
41245
44542
36466
76575
37943
43601
48965
46427
55612
67052
38161
40417
40776
37082
37994
53855
36495
39384
37750
44220
37373
43058
40406
37937
39671
39768
39314
39521
36493
37575
38527
39787
41120
65408
36069
36551
36764
37617
44202
39114
69046
40147
48045
46772
44377
44924
54062
40923
66996
75805
36561
36759
73120
35520
37131
43243
67372
38288
40506
50323
52349
76543
35510
38560
42146
38066
38074
43872
44155
37465
41467
72991
73818
35392
35349
35510
36652
38971
38599
39703
35669
35740
36072
40124
35709
78039
35476
35529
38289
40255
35706
40620
38555
38561
37571
38159
37920
35348
36495
39602
41430
76728
42981
48342
35688
36451
37542
54488
65905
35517
64414
38956
39720
35353
36884
38436
35614
37056
39136
39448
37699
39828
48449
36173
37742
38823
40587
38510
38764
35616
37963
39776
42793
39150
44405
36584
77911
39509
39917
44567
44191
40549
41551
68675
35705
36081
36360
39344
39720
38960
40695
44605
37995
36799
37051
41000
49490
48227
38105
37409
62737
40755
39494
39682
64071
37714
35663
35742
74529
38858
40188
50600
65187
65348
57041
36192
37100
35714
35728
39419
47526
54563
65036
41214
43471
44776
53174
53838
41580
35447
37717
36296
36553
36800
35446
39888
39331
41321
38640
39556
57286
51939
54886
49187
51953
36036
76084
41755
46131
35894
36466
76577
46434
62146
39824
37818
70313
37190
37870
43979
45420
38030
49850
78381
65729
65894
43432
44111
70663
39645
41066
37643
38148
40197
40972
37996
38420
35698
36990
48135
40535
51575
41732
36951
42182
47166
36933
69551
61548
35425
37819
50629
48637
35627
35964
62418
46942
47855
43703
37495
38417
78727
79302
40822
44594
66541
40828
36068
74853
46304
56529
41092
74413
44139
37872
36041
52863
72509
68889
38871
54995
76434
36870
37494
52830
40973
42768
39421
43926
35457
37013
39945
45691
54541
69258
36052
38161
35703
35865
45530
54421
39566
60949
35459
35680
47130
48902
36008
37040
37952
38114
36231
72670
76554
35892
48989
41025
35797
60144
36955
47281
38330
35774
40685
69684
37864
40998
41158
49676
52616
37907
38601
58992
45175
69001
39699
39703
38470
48537
78481
35624
42814
49672
43485
44269
35716
39661
75735
37026
45910
37414
40491
46276
61885
53745
39566
39690
36746
41096
39332
39441
52620
55138
38390
42043
37444
39556
37426
42623
39091
66413
37266
37940
68212
39314
39564
37199
36283
37877
43081
39452
39843
36884
36750
39399
36440
49018
72116
44452
44498
62715
37373
38845
42850
41789
36441
36563
65293
35793
35721
43615
48425
40876
37435
41718
37205
40740
57425
38361
39564
37526
42334
35868
37409
38011
59052
44862
55977
59760
41998
49632
71682
36637
40601
40966
36289
74490
36588
36655
36766
39332
39383
36303
39760
38713
35847
75228
47205
47624
37302
45037
42189
51149
38148
43157
39224
39251
55238
39622
39645
54067
36385
37083
47331
38824
35825
42855
70726
51284
45280
50070
46135
67477
70377
48449
39441
39622
39316
40907
44268
49509
46623
36726
37838
49170
51742
36393
36893
75692
55731
52128
35631
44418
35956
64503
39258
39700
61263
48530
42846
40240
39663
39788
35680
37069
40117
45515
41194
40071
36839
38509
41239
55125
40983
42814
37667
40219
50587
36032
38468
41784
61732
36009
37011
38200
35719
36679
38679
37975
39201
67392
68147
74797
41153
39744
42305
53956
54604
41990
46459
39773
39916
41555
47768
47780
53470
56775
48590
35857
39843
41614
35728
35766
39521
40573
40046
35788
36949
37285
39251
39383
58480
69067
38531
40148
36391
36563
37465
37667
51885
40149
48671
64081
36692
46501
72710
38124
36326
37516
45037
39156
39449
46694
51692
59074
47748
47767
68196
37766
46393
47740
68848
69607
41012
47063
62673
35911
38303
37930
73366
38370
40185
40077
40086
41686
38786
38790
42558
37005
37419
42439
67740
36749
37465
55120
45130
40778
36908
37852
43927
37298
40492
36341
40796
38613
41584
44396
75138
56371
56411
37715
41936
55170
63785
37940
38079
38655
58776
37770
42068
48508
44570
39912
36564
39181
38637
44676
37811
38546
52445
68519
57462
36465
52861
53024
39001
39844
36514
43040
52370
37626
37347
42992
37860
37953
41130
36054
39691
36185
43105
36239
44403
36903
37471
43079
55147
61407
74336
38218
44969
40466
42924
67135
37498
41821
37801
53844
36079
39996
76235
41274
35945
35951
44727
37448
39407
40160
48426
39593
42272
42592
47413
41298
74101
54936
57077
71935
65687
48896
65919
58629
76721
42593
36453
53473
36611
37383
40656
37299
36102
37829
56316
39773
39941
35796
37013
74554
77441
48247
52205
37825
38714
55542
47950
69491
35990
37073
37536
36073
36440
46415
38079
38211
68416
40038
42081
35969
45025
44142
55432
44657
40507
42497
42465
55677
35828
64679
38936
47091
36187
36505
75532
41742
35878
35915
36409
42110
36087
36189
36576
43305
71661
38486
37718
38967
65740
35878
36141
39597
60614
52057
44146
35795
37383
48083
52627
63507
39550
40208
37464
37481
44198
57510
36209
39202
68875
36789
38378
35897
38265
49851
36191
38775
36008
36294
36353
37679
35815
37051
37317
51443
39575
36659
36987
36400
39217
36868
37901
48337
38571
39374
44349
41876
38499
39024
52954
54250
59493
44619
38257
39538
49307
36351
42422
44973
36155
36963
38068
59493
62011
50945
72746
41211
56209
36315
37920
38420
38983
55655
76943
38211
38419
68529
47698
35847
36141
36242
65238
39917
40088
40575
45469
38029
44549
46390
37127
39119
37374
74350
76971
78440
36153
36520
37362
38069
38809
37161
52336
36122
36455
43331
42290
44741
42356
49904
38541
47632
45215
50836
48248
40086
40192
59087
38009
38457
38252
54044
63255
66389
39865
37563
38215
40166
41336
36066
36674
38475
38888
61712
63671
39586
67304
36830
41448
42300
38786
39024
71392
60804
36652
36909
37936
53054
53087
36516
36679
38406
41500
38752
37470
65601
65693
66997
38524
39282
44347
66597
54506
37476
39821
44519
47319
37484
64171
42484
38617
40998
44392
36206
37063
40043
50650
40338
42324
41443
42575
38205
37277
38003
73983
66338
35915
44051
36002
38046
38835
46478
36877
36956
38578
42738
48582
49473
60703
36566
38805
37994
38753
39632
58619
36535
38752
36401
39234
38570
36766
37210
37410
37701
38891
71979
72541
39451
43069
44144
46133
44420
38887
49200
39449
46355
36747
37675
38620
48276
36677
36947
41281
36061
36080
40500
41772
39507
43988
48388
47926
38295
45047
46755
49019
38894
38129
38712
43477
52250
63048
65967
36985
48546
59498
40453
38516
39726
37100
38292
49273
37313
38086
38614
40504
44380
42166
50184
41214
48166
35998
40143
52451
42979
52120
50663
36746
36977
41598
43665
42322
39400
40351
64883
40042
44436
44674
41637
48801
77761
36841
36893
75705
39737
45244
68428
36448
36802
64977
36379
39963
38430
38773
37934
42452
38250
39423
66813
48850
56458
48247
45382
46032
49154
65941
39782
47729
37550
40796
36639
45692
54281
44085
51786
43526
36610
74064
38833
42844
53814
54979
44315
43663
53528
60003
65988
36792
38065
38516
63956
64137
38806
38168
40617
60080
36418
71086
36792
36841
38602
39531
39690
43154
44642
39958
37942
38393
37543
36973
38765
37956
38714
38810
40237
50394
55709
36320
36972
40161
43768
36150
36590
37884
36084
36352
36210
37789
65986
36102
42564
37102
38002
38276
73618
39752
73922
43566
39358
48746
49137
78557
38077
37585
42544
36291
36341
37840
44244
41505
46069
38967
41223
37118
45166
36974
65931
43675
36183
40355
46934
49042
68452
44274
41784
49943
36122
39747
40536
48771
42136
44103
75071
38958
58136
44831
40135
40933
40754
45413
53399
37980
70931
36354
37270
45797
69196
37048
41694
46061
36644
39374
39584
70701
72344
48555
52102
54135
49952
66237
47855
48305
39950
67869
39226
76160
38343
46860
44195
38400
65219
49194
37488
40666
48108
36123
43360
52680
36789
74069
36223
36621
42890
42998
36318
36360
37666
37841
68241
72472
37119
37740
38572
44578
49113
39708
36118
42941
40192
40504
37976
38393
76879
43601
44399
78100
47078
44330
46567
59531
61223
44974
45898
36680
41943
45719
44517
50400
76337
43302
44636
38935
68639
36735
50682
38731
40912
40088
40270
36837
37464
60712
42300
42407
49104
43443
42940
45083
47151
40790
37659
78698
36727
76545
36505
38680
75528
36510
51420
51138
77684
49782
36177
39038
48884
49187
40131
43953
44110
46800
50925
65422
68113
39406
44039
48498
41220
40534
72816
41178
36543
38904
70734
37680
40755
38874
39368
69189
37673
37874
67079
67810
42407
42421
60731
62665
72585
42890
42973
42421
42451
50327
67643
36291
37317
37329
36619
37244
39879
37024
40712
37885
38462
79096
38477
39224
57665
60108
38209
38899
41307
44214
47368
51290
40947
45810
53712
36230
40077
43048
42071
45094
49526
44886
67367
36716
38207
40897
39150
44467
73692
52043
78321
58066
39161
41427
45216
64308
45878
51406
59452
39100
46321
36674
47865
74285
37932
40659
36216
38452
39274
76572
39131
40336
38739
38242
41564
44622
40268
38685
45626
36329
39266
37518
50713
42091
69750
69656
37973
46474
76559
47576
53356
65953
37696
66999
41636
43690
37428
40089
56101
40053
46739
44122
46911
39839
75542
43038
44897
48384
36279
38462
44683
47151
47245
36627
39538
41414
38430
40438
41569
63007
36346
37630
39142
39115
36539
48108
45442
69393
39935
44092
47625
40351
44707
58904
36386
40738
36465
36767
38987
37387
46546
46999
59890
40832
62028
62988
65208
42571
45651
41428
50418
52779
36828
48699
43805
64751
49745
52243
41490
42914
39713
39510
72035
51465
36454
70340
37494
38296
43162
39115
39338
47771
59209
43891
37976
70690
74695
50752
71372
41561
42341
38955
68389
68648
44854
47665
45428
56234
37316
37626
63725
42760
50460
53528
41099
36587
40834
43521
39602
43303
45609
54892
48305
48954
37216
51699
36537
38993
58054
61098
62987
36537
74549
76549
38246
43198
43572
50882
60902
77031
37103
39528
41995
53270
47376
40554
51790
51969
60405
36759
37201
73105
44489
66513
37336
40707
60770
65350
40228
40578
63312
58740
75821
36670
36957
47188
36788
38583
66641
37119
37374
41818
45288
46177
50786
46839
37422
37683
72626
39817
40972
46254
56517
36974
38927
42156
63677
68690
39589
37395
40293
50831
40477
58232
39061
44495
39702
45954
49663
39567
67842
45656
37888
37902
66113
37784
39913
36748
66879
50118
63449
38276
39648
40270
40336
52546
37399
40120
37713
44877
36394
38018
37329
37664
50829
78234
66241
76553
36399
44182
47695
41417
43026
47371
39701
40959
52349
76371
38072
42332
69461
39630
40580
40161
40763
45052
39215
46268
70323
42399
36894
37358
45807
45966
41683
47734
39569
40489
48523
50845
36455
37675
42283
42569
42050
72774
72591
37589
42023
38431
38612
39102
40887
41124
70043
36605
43740
47619
71548
52060
37195
43710
68089
36446
36614
46092
49080
56484
70785
47692
43290
37897
40124
38198
38606
39562
39313
48607
44845
45535
42975
49474
49519
36651
36724
60154
41278
71805
39748
62064
62666
40861
47175
38991
38296
39710
40886
46406
40932
44258
45775
47256
47146
43320
45584
40508
48816
62934
42509
44132
49836
40780
40749
41418
47155
43172
36944
37201
40229
36977
61304
61319
37415
41085
59653
41138
76757
36747
38090
38719
37745
37952
64313
38006
38102
42464
45339
52026
38266
40234
41259
59095
39076
43178
43895
37278
37967
36723
36947
37270
37984
38485
36890
41965
39500
40578
39419
52722
54777
38983
39388
41413
44999
39508
37275
39798
44064
44875
64712
52148
54916
49930
52569
55039
44278
52364
71497
48394
53003
70706
44545
42582
51982
38553
37874
41300
37948
45772
42524
52121
39191
42451
42647
38615
40463
40614
37070
54600
39163
39594
38001
41217
46269
36693
38623
66469
38763
39338
70307
40312
40489
39964
40478
62548
70025
46615
42051
50504
36783
38852
39634
40977
43961
45847
37740
38027
48008
55315
74704
45041
39533
42497
42659
41355
67533
40248
76906
45406
47462
37416
45335
53810
49750
40039
40312
40398
39281
39941
40560
39436
48387
55708
39493
62720
37033
37089
45787
36766
37337
37819
37251
65701
36621
36724
37060
44715
40987
68308
37671
42173
36546
38428
41811
76035
41941
52446
39199
48399
44485
62350
52576
52861
59640
39365
58435
37922
51829
69480
38283
68254
38831
42312
47481
49151
44211
39274
38243
37267
38384
40180
42817
49075
38215
38936
67356
37826
42537
42303
39329
39708
36973
37083
38547
41066
42278
46984
49115
38615
39043
43466
37278
75909
68154
37323
37913
38704
40145
44541
75313
53485
78170
41503
42430
70343
37772
40668
51494
58281
48255
40564
40890
36676
76569
49523
57258
49376
47911
49331
67586
38521
38280
62700
36677
37269
42355
63534
36933
37624
47079
45978
40564
40580
37487
40029
47035
40964
75468
73554
76006
58789
37419
38469
42080
44191
40418
47153
38012
55121
38221
41960
45388
51933
56644
53497
38544
70305
70727
70765
37566
38113
42659
44967
55970
36651
37207
47843
38358
39038
42894
41073
44470
55587
45837
38843
42402
72508
40557
41700
46629
37060
37235
43734
57432
60271
47674
36877
47936
69176
47423
52959
37636
40912
38106
39270
37527
51433
43749
43798
49360
39565
37973
39483
55754
76047
41891
64108
37140
39411
41907
46561
47205
59208
37694
37792
73307
76909
38803
40866
41068
38838
40038
43570
37235
37358
54428
41158
42280
37261
44691
45963
39545
44186
42862
44837
45744
52428
53916
55245
39276
46578
71490
43688
43961
44219
40826
67731
38130
36760
42713
37063
37771
38978
40526
43030
41750
48937
50544
64312
78933
37190
38236
48141
43233
47480
44672
46723
55424
43024
39012
39174
54580
41083
52907
59746
37464
42062
39348
38011
42775
40868
45015
50803
40398
40640
43956
57470
75678
52789
40663
41949
52687
75694
44556
75725
44789
44491
41204
41997
39599
37326
44778
37566
38677
40853
37563
75859
44180
65011
37422
37503
42017
46363
45601
62070
77316
37664
37771
38335
39740
41782
41706
37098
37824
36853
37052
37089
41781
37357
59885
43242
50391
61146
41430
58061
38889
48213
43183
53574
54338
40067
41302
39733
39105
37299
37415
40154
75679
50761
47319
77507
40079
41952
53107
57597
46261
39375
44440
46174
37892
51428
41247
42725
38279
39890
43626
37542
40396
37945
37949
37523
60183
45086
75427
39709
47723
37683
38607
70368
52945
42647
45240
47246
47462
38109
39026
42073
66415
48070
48376
53633
38501
40221
70624
40263
37322
41094
37292
76010
67230
38873
39764
38675
61672
38437
41480
37891
39364
68191
38870
45771
45937
39235
41102
39262
68504
43177
51309
38263
38465
40903
42174
67815
36866
50189
50389
41616
44963
49260
37797
39541
52586
49303
36996
37574
50828
44272
68132
37560
46070
67128
46409
36943
50839
59247
38480
39896
55316
66349
62091
48091
64684
66437
46939
44660
53367
62293
38469
38855
72166
40547
57022
50167
62889
38124
38378
41437
49798
51283
37073
37649
37285
76306
37094
38590
41511
52602
39388
39669
40468
40485
40890
41047
38459
41047
41086
64760
40315
40372
46875
55210
38392
56000
37065
38213
43857
37132
37949
37965
39392
37426
39797
43763
39487
41660
43962
46705
42026
41402
38433
40315
40753
52821
40987
68684
58535
53159
38120
76654
38262
42885
43752
57257
56600
56215
56371
64545
58016
63597
38416
40647
65578
43271
43260
40187
40485
73047
37325
48817
39260
48242
40977
41034
40013
41350
43467
43317
68694
36917
37832
73451
40301
37505
41158
51905
38725
38905
38974
43767
44317
40464
40483
38429
40622
38410
37242
38738
37116
53097
66727
40381
37305
38869
76452
44547
50757
37061
51170
37315
40924
42713
47060
39806
42283
42726
42177
38604
44953
37362
37681
38823
37596
43775
39411
39574
54455
69223
43995
54335
37669
59603
63007
40858
41996
40475
53494
42494
60239
63367
41086
41177
42578
53998
39086
54610
40111
72271
37799
43205
37240
43598
40483
40560
47105
58329
37056
38262
39157
56910
67665
41844
55618
57568
44049
40573
42260
51797
37175
47073
39615
59196
60141
40934
42476
46735
46630
42321
46776
41405
41439
44729
38712
39082
40715
44889
50866
38395
41222
44479
63128
48161
38753
39886
56189
37925
37965
40128
40129
40788
47921
61229
37287
37967
55345
59261
44056
38248
37399
40182
44086
50754
65031
47999
58440
39771
41299
40970
39512
74976
40541
44681
68996
42541
45974
50226
76816
46419
39939
41141
61918
46160
39771
39792
40381
37079
37210
38230
39792
39833
42051
50271
38221
41435
38323
39369
39654
37764
51623
56532
43546
76189
51967
39499
40448
45809
54312
78165
41345
46485
41234
37979
71346
38031
69560
69569
37376
37997
39669
39923
37498
37925
43015
39253
39655
50636
40129
40216
38957
39544
37096
37376
57683
59192
40204
46993
49122
61166
41106
42944
50970
52917
42341
43445
55184
46608
37393
43752
39396
42893
44176
57727
44330
37849
40436
41302
70100
55553
37096
37285
37574
39174
39311
44845
49859
37574
45238
41698
55103
38239
37791
45256
38337
48590
74543
42726
42734
37899
69786
41282
48585
42646
37766
66967
37340
39811
37224
54357
37517
74652
39603
43900
47245
47885
50653
53053
77296
42088
48675
37142
44883
39919
42197
39959
39246
41976
54180
46224
37512
38204
40104
41347
37823
38830
48643
37723
38593
41967
41996
38419
39805
40456
53719
38356
37325
46600
70705
37828
38491
39180
40203
49243
39142
61048
43029
65529
37144
41506
41361
43156
45499
43919
38069
37441
39013
37319
42351
66016
76138
39088
40775
44801
45397
61084
40664
41201
44122
38690
38384
40123
37253
42333
40276
53552
58545
38593
41345
42134
70386
41114
51930
56939
69253
40502
44926
49818
37292
39154
38733
39512
39769
37687
40836
39526
52094
40753
41079
46275
50559
42014
53172
44717
39938
40591
37410
37845
47657
58501
38738
76413
43363
39823
39956
44223
37607
37844
46876
38389
43417
48228
48210
78941
47653
42691
42862
71540
42588
41544
41727
38607
39082
40333
43817
42266
46924
52876
59262
39084
39704
37795
37900
38137
72352
45405
64199
65644
71793
71822
37846
38084
38776
41163
65179
39493
40432
50365
43100
43359
49337
44998
39642
39704
39434
39574
49489
39759
40565
39367
40116
47615
48289
68521
38822
42840
41294
41432
39297
39311
57346
42246
37755
38289
39833
40807
58268
50937
40609
78562
44157
45976
40372
40538
44652
49962
51001
37572
38084
38099
55683
45067
40558
43373
47891
37414
41432
41544
39287
39297
53106
55092
41079
41294
56314
58548
60968
37503
37646
39287
58555
65157
40512
61914
48957
52404
46813
60634
79114
39782
47676
72945
70425
43772
55818
40190
63428
37644
38485
42138
40101
40762
44127
45634
38973
42119
65057
67816
37735
38819
38929
48298
43631
54542
46286
37918
73074
48120
70551
39414
72621
40609
44372
38992
39862
38459
40447
48173
72178
38940
47268
71198
52755
37527
69591
44987
39228
43352
47489
38144
38638
67486
51111
41734
41337
68653
37543
37572
38592
43262
39654
41297
38446
38676
41503
44368
64658
40316
48662
37410
37815
37306
38442
72516
38423
43098
52201
52209
38213
70981
73376
38961
52014
45782
38544
40146
41449
46941
52031
41235
49204
42536
75551
49151
57947
37482
41322
71987
37542
37543
37292
63571
63766
37624
38070
38725
56840
43000
47491
42033
65881
37696
40288
40640
41219
52180
52201
52114
37646
39373
39703
46051
39762
47719
39302
43901
73442
38289
37899
71440
49014
37670
40641
42538
43829
45493
38292
40362
44424
39357
38527
38945
54790
66639
41486
44822
42973
44731
47145
40170
40300
43099
37376
37483
37860
38104
44024
43927
39799
68687
42666
50807
39194
52139
52180
40338
42585
45525
40776
40808
40195
40298
51298
52041
38744
75582
37414
39478
40215
37579
37751
38196
39774
39863
54544
37805
40316
58518
45613
38047
40933
43488
47827
51280
65853
66099
52081
56232
70769
40459
49703
42364
48030
67947
61693
60536
39169
40423
38720
38395
64470
54786
38172
37539
42915
60042
39956
40295
42691
42986
51659
52431
44397
44995
37789
48110
43718
52507
39433
58914
47522
43400
46538
40335
51800
39245
38417
49992
41727
42778
43577
41534
37864
38101
38617
41700
44589
40614
41659
51582
42359
38567
45671
54821
43110
43377
41006
68803
72123
45326
41303
60496
41600
42511
45682
41540
40099
45827
38737
38834
59922
38040
38151
49504
39376
44651
45873
52602
38627
38916
39231
51381
37855
53029
52095
52139
74306
55228
55230
71139
39850
75648
40467
38556
38689
38909
52348
55086
62505
44775
45165
65772
43998
40993
39434
39588
49369
38509
40134
40441
42953
45694
44438
38146
38564
42570
44382
40464
41065
57994
59998
40591
40804
37582
40690
46140
68071
37945
39505
72248
38557
38603
47433
53629
38825
39883
40332
63377
39423
39677
45437
41439
41526
40296
59244
59601
53233
62053
40101
43980
61144
37775
63376
63541
37834
40673
44781
41933
46653
61798
46532
40216
40737
47266
55571
54203
59259
42449
66024
66092
53733
56027
56212
43817
45301
39648
42123
39461
51294
61118
39802
39963
43997
40066
43020
40218
41920
38356
38778
41408
59165
43091
45899
60544
51024
61196
42902
44377
45363
42471
43304
40093
41271
54947
40047
45334
75977
40474
43800
71789
71792
46263
55230
55235
74770
40449
39162
44332
76303
43333
53836
40001
40419
59184
76597
37770
67462
40141
42771
46440
38438
47929
46474
42385
38345
55084
75965
45093
40921
43688
47046
42166
51958
69420
69576
69782
40300
40538
51078
40167
40172
55117
40804
41721
40167
40168
44536
39577
40506
41964
50052
59597
40708
43364
38324
38354
41185
52083
59352
41097
75144
78956
37849
39173
41288
47734
38203
61165
37991
38137
38651
43651
40686
41924
37934
39160
42908
38718
42374
43851
43903
39830
47232
47918
43366
44159
64331
40869
41111
37567
38090
38829
39728
60824
38120
68606
62847
64696
37669
41643
45075
40815
40168
40235
38120
38123
38718
41807
52025
52095
38174
38835
51425
37669
41772
37817
39676
46222
42745
41321
43937
43963
50914
40349
37917
41307
44238
58126
64757
70144
47423
68731
57003
57033
39769
41792
40885
38475
43109
47065
40116
40352
48207
52040
47422
43689
39548
38944
42200
62808
40826
43406
46257
41021
45020
50080
59659
39676
41215
44585
42771
50380
45066
48723
52218
42916
44161
42906
46542
43954
54838
40235
40284
39360
49631
37980
39166
40634
37885
43967
44369
46140
47606
78795
47597
49382
44316
47936
72664
40911
41563
65658
43618
38372
38493
46274
43035
62747
40846
38107
70515
39995
72099
39317
40215
40232
51331
38264
38324
40284
40295
52850
44642
54633
46764
67194
42077
46619
51367
39172
40461
65453
44365
44578
41363
41526
44808
47187
39281
39499
52914
49766
54247
38091
40202
38796
39716
42472
37981
39951
59166
41123
42377
42648
66911
68429
40869
41192
38266
38685
41353
37991
38467
41219
70036
43931
51904
52577
39770
38224
40232
64096
64147
40769
42718
64988
46704
44442
38641
49367
49399
37701
38265
66896
50318
39629
56957
63980
63961
44999
48941
43678
48665
44741
45956
39779
63561
47426
47634
40797
41330
46280
40304
42248
55077
43541
48494
53723
38945
39097
38768
38417
44380
40636
54465
63029
40738
40667
38466
65256
38525
39760
43513
45136
46869
41730
60717
39323
42640
41038
44087
57984
72558
41340
43823
49094
45535
47878
52046
60612
41556
43387
42246
42848
41194
41722
38004
64441
67085
38429
46223
40169
42349
39014
40020
39759
40774
39351
40032
40553
41231
61709
62663
42196
44061
39151
39624
52869
48642
38320
38382
40354
41372
39230
40386
41208
38615
43807
41871
40137
42724
66216
58489
43363
39889
46469
53455
57570
44448
47345
63506
37939
74512
53833
54999
69336
61746
46591
46619
52214
37985
38412
48446
38649
39677
41646
58048
75518
58965
50142
51588
46949
47162
38479
38544
39761
41217
50434
38025
46491
61887
39577
40644
41995
62442
50143
42959
67974
41034
43932
53587
47037
48500
41486
38502
38560
71782
71784
38492
42435
45129
64168
73370
39186
41091
72413
41444
43538
40893
41111
41554
38147
40139
42916
63790
64482
38933
39097
40828
44787
46028
48067
50834
71847
42152
63684
64084
39506
41870
44590
38902
39382
40584
38011
38551
41184
38321
39727
38649
39125
51555
57975
40709
38838
52590
45966
46913
37899
38172
41740
41986
42635
37936
40957
60012
42047
46894
38647
40358
58483
38738
44320
65106
38110
54996
55699
51298
51892
60720
60987
39106
40244
39588
39624
41254
44931
38341
74553
39125
51707
38638
67460
46274
48155
43366
38344
40093
42342
44643
76465
43591
39257
39368
69194
38739
39192
41352
42577
46836
49182
45566
37921
40298
42610
63631
64150
50227
37981
63583
43341
45892
43088
70163
39123
38374
40706
46242
46985
39422
40396
42467
52594
71318
39728
40110
44314
49525
39155
39418
55354
40144
41585
48326
53019
45834
39813
56682
38894
45143
65937
54836
40855
56851
47290
48857
38560
58778
43586
46568
42756
46404
40210
40900
56490
64233
43342
60192
40576
40587
42215
44649
39094
46319
47912
57858
39921
70364
74197
40119
48421
44806
40647
41333
61001
63714
40397
43866
56999
44778
47143
37997
38174
58767
38465
44515
46294
46319
37989
44487
52829
44949
38537
39999
42157
40071
38565
38452
39533
39988
44189
50206
43547
43022
75303
39775
41597
38724
39403
44852
46795
38526
57289
38307
54831
38146
41400
42978
45053
43230
74464
38729
40263
42853
44447
38362
54668
65943
52243
53215
57732
39088
47792
38084
38980
42200
43993
54220
41065
42476
42633
48575
58816
38887
53335
53571
39687
57793
44488
44537
43205
39471
55546
39323
43049
51064
45687
64275
65283
43509
48059
53084
39965
40527
38980
38989
64101
45252
48292
39445
39553
38340
39030
40802
43486
42776
38933
39579
38122
73064
56225
40587
46758
46225
48631
61606
38526
55821
39292
39525
42221
38364
40297
66735
40095
42104
42208
44722
40844
64586
39520
40722
56081
61086
47953
68221
57247
40919
46459
55301
54530
59403
39253
39907
51497
47004
47597
56491
38099
55990
44446
39098
39243
40997
65257
68817
40857
69730
44488
44500
39793
40314
43016
46822
38690
39777
39793
40210
43255
55202
55235
38122
38139
58392
40274
57194
38139
38140
73051
38140
38143
73045
74878
38143
38145
40958
38145
38153
73052
38153
38155
41157
42133
40532
42585
49279
52619
57043
71435
50722
67574
44537
38196
41988
46627
45936
58653
62516
59781
47777
51786
51984
43008
44500
61345
50936
38761
39738
38483
39719
51394
40527
56029
50159
41696
41777
44352
38660
40278
43193
44331
38320
38595
38721
38847
42426
72134
40352
40486
39036
39492
39926
38774
42094
41145
39975
40664
39243
39352
42825
39149
39391
39805
40025
69183
52025
52167
45828
43903
44593
39352
39445
39923
41329
40289
39777
40431
42463
47396
57364
60101
41527
39226
76175
51555
58044
70559
41068
44406
51941
39621
39870
39591
39641
52568
51175
57925
44847
40304
42243
41254
45901
75297
55419
38534
46144
75264
42835
38556
39399
41568
41554
41696
41713
38732
41566
43899
64673
64715
39351
39418
38264
38382
41509
44346
44600
45740
51946
52576
41183
43895
41210
43706
44259
72811
73623
39977
43820
39460
42727
39721
46389
40548
55664
63463
47987
40687
41858
38989
39085
75254
43562
75708
73380
38540
39883
46923
48286
39553
39900
45711
47172
46710
38989
39144
43720
74496
51338
41737
40900
52300
46338
46562
42234
39222
39631
46155
53375
38791
47362
38589
68877
72126
47286
49541
38600
39035
39051
40024
41831
39032
40892
40965
38836
53756
65308
41777
41918
44775
45307
57828
39106
39970
40246
40195
70694
41168
42621
41074
43704
49960
66990
43824
38442
43387
38662
38224
42255
39886
40599
39525
41955
44629
45723
50888
52320
55925
40170
40607
40766
42969
48668
51916
64774
67149
59105
77908
41238
60608
51900
59367
68281
73858
38705
41141
44342
43944
51514
39928
41216
42142
41475
66182
45898
50435
38721
61950
43223
39470
40366
48274
48735
59887
40771
38771
53236
39329
76582
40871
59910
53962
54425
46294
46553
52886
56973
58195
42180
39900
40183
67385
56131
40432
41516
39735
41810
58309
38616
67782
41956
50158
65450
52618
56989
46361
47717
45566
38627
39638
39761
45714
38578
39778
77882
38796
40491
48760
40608
45982
52171
40015
73920
50195
54658
40706
40802
40285
42040
66186
70363
38628
39247
44155
45593
38373
42372
42816
40016
46093
38869
39326
53248
38691
42626
38828
40593
65072
65368
41153
42011
40811
40980
43131
39098
39177
74042
56633
60390
55127
59476
43629
42427
39912
39023
39087
71349
45651
45792
39837
43258
40066
39844
42831
40395
39154
40486
40499
48599
46370
51297
53864
61033
49955
57814
48170
46348
42622
62099
48352
53460
38363
38364
39155
41908
68719
73781
40943
38682
47428
56007
43881
54988
40186
72742
43457
39257
39518
69195
39342
38896
42979
39849
40191
39662
41725
49063
41349
44516
43215
42040
39539
47716
56540
63240
64540
77113
45894
51080
78697
39191
41982
42741
39195
43835
43894
75103
45516
53139
50363
67029
68384
40951
59132
40985
41168
49690
38457
41952
76220
39217
38398
51378
43521
74925
42385
45621
45230
39208
39623
73843
76457
60185
42959
46145
38628
38641
38893
42178
45614
44314
52985
57084
39023
71311
75560
39855
62113
39847
70893
55497
65434
65602
43780
41067
51620
57292
42477
53856
38592
38737
40240
46125
54502
74607
40183
40544
38787
43715
56497
38449
40025
40307
69304
41471
39099
42635
41151
38405
39891
63036
52114
44830
44438
38970
38974
39160
49423
50160
77961
57576
39518
69193
42711
50277
67105
40458
44971
45191
42730
49801
40102
45434
43445
45996
43673
46660
38662
67858
49341
39467
39719
54151
47380
44166
39192
47666
74415
38439
40627
40359
40517
41369
39267
41664
44532
53277
39570
41460
51565
39326
42325
45207
46361
39405
43968
60670
60094
40223
40458
38729
39035
43986
72323
39774
39907
49428
50523
79059
69805
38439
41963
42598
38771
65161
42828
40586
41320
45090
46921
67004
43617
39481
41030
42903
44783
45267
49404
41538
42337
43025
78002
45341
66785
43169
42570
43787
66076
70715
42052
41422
48662
40579
42209
45492
60031
41094
44280
39932
66719
41615
44688
45967
46856
76117
72256
76095
38467
45397
50452
58210
70633
70678
44998
45778
39409
39591
40037
47204
40217
43677
47643
74248
42481
49013
41714
49334
41454
63407
39102
39927
40026
48470
52573
41577
42809
42617
38674
41592
39105
41050
42191
46103
43229
42845
44456
47616
53591
55726
41591
39148
41531
39547
74428
39628
39639
45871
46665
43491
70437
78308
47260
48926
46285
42687
52556
39682
63867
45526
47085
46316
53458
66638
42001
45314
43428
52015
47898
42723
40540
40607
47251
38869
62361
41330
42642
40848
56773
63693
39256
40324
78421
43515
46541
63027
40501
47889
49166
59555
59332
56061
45181
45461
41979
42216
40679
45812
50694
41961
44207
41563
42717
44540
38600
38729
44304
51942
38534
52396
40807
41842
41812
50232
40962
46963
45447
40584
38873
66110
40037
40695
40307
40341
41892
52702
38715
39299
40222
43176
40023
39582
41583
64109
39291
41538
43064
39245
39415
39692
40339
40341
69599
40993
75514
44061
59491
46063
42260
43756
40534
38713
74468
40727
40837
60796
40237
40314
40546
45203
38820
39716
38713
74485
39894
40830
49329
59895
61880
40266
42634
40668
41963
57217
42555
49582
45674
47134
44054
47292
52144
67205
39606
40231
41109
44029
40213
40218
42153
41704
41790
46994
39348
43787
41720
46906
45023
39037
39635
40707
40764
41606
39502
69861
44689
52776
60182
43829
46253
38600
42082
42156
47109
56618
51701
48854
64211
40679
71814
38871
74470
48477
49326
48073
39772
45189
55004
59138
42513
46776
62611
38822
45252
42016
45578
76805
49645
49834
42662
42972
48759
52027
41372
46928
39364
43323
61805
39858
39547
73260
78380
53880
51404
65298
40277
42885
39659
42556
41704
41757
42596
48554
40223
40978
38980
54269
71221
52844
64839
49530
49834
42275
48380
66226
65457
40544
41262
38961
54033
41790
41968
48415
46568
48692
38674
73383
44629
45846
39550
49507
65292
65497
65388
40328
43884
42938
47054
46922
39349
56652
41320
70158
39842
39927
39983
40340
41842
42107
40680
40901
42293
40328
43221
44957
39265
41513
41968
42282
52935
56406
39746
43382
48839
39983
40163
41815
42573
56399
71364
39502
42641
43897
65148
69614
44269
72225
41339
45362
39609
46612
71188
60009
52623
39062
40387
41863
39646
39659
45058
41814
46528
46553
41863
39851
43656
45132
39023
39928
44766
45877
58477
43040
61585
39579
40305
42037
48708
44237
56684
38835
39836
47851
40261
40680
45441
48118
39868
47992
60230
45969
46302
42505
42600
44250
38904
38916
46443
46528
73600
76240
42295
42662
39637
40701
39051
58663
44245
72273
40349
42208
48392
43887
49578
41076
41097
65152
40598
39757
60673
41990
39465
42816
45479
41064
49806
39953
46798
45089
47293
42822
52931
39037
75799
39999
75388
41735
42905
78955
44308
53398
65054
48733
49645
53685
41420
43797
61769
42591
42649
44631
41341
43486
47778
55125
50324
70886
49914
52103
42784
40737
42371
39415
39836
58102
74963
52041
52825
40923
41572
43494
38834
38868
39117
57262
39658
39896
41918
45807
47823
39474
39836
55391
46591
49597
45969
49348
46791
56480
48722
60365
50399
52585
42815
38806
73400
45507
47074
49333
46141
75567
39075
75177
45687
40634
40837
49319
56844
64291
43068
41467
45843
65524
45433
45049
56647
57526
58168
59307
47171
47634
50640
58134
42690
48277
46748
39036
45085
48840
61677
41986
43245
42649
42753
47542
42209
42424
42074
53409
70576
77155
40764
59508
40641
65360
40537
40540
40712
40568
41418
40023
76596
42401
44691
52741
58245
39742
41972
42295
53999
39949
69127
53260
65608
45951
66116
44861
39325
58569
60719
50532
40123
41195
43671
39854
45955
54753
56004
60788
40153
44304
47184
51587
42520
42591
54225
45365
39210
73218
39593
49445
44322
42753
42811
41709
40790
42809
42904
39522
41325
44768
52967
73858
39222
48186
39949
38991
41605
42520
42523
43104
41933
42769
42849
52817
55725
39644
40812
43371
46740
77896
39855
62348
68670
39785
41747
77077
50707
54979
43500
46766
41890
62584
49343
40163
40451
43231
39839
41108
45424
45210
49636
39149
73795
71347
41572
41374
41785
46131
41427
43155
58957
40677
44860
65127
70608
42892
42904
39547
42094
42305
42225
67846
47056
48763
60159
40387
66158
41287
42800
58292
41919
42415
50060
42883
42892
40589
76071
43887
49826
40738
42462
43225
46797
52136
52167
57883
61162
45261
73665
45956
46819
50381
39238
44764
38951
39302
39874
39247
39637
41905
72316
40477
43161
40774
42601
45251
40820
46650
49299
44110
40895
57714
40907
51137
41353
69120
72149
42129
43822
49270
39847
40419
40479
42282
42530
46330
39033
40161
44703
41255
41287
75613
48656
50188
39218
69848
42468
40301
40990
46235
52406
42022
48315
41830
46340
42523
42530
64568
39796
39803
41993
66492
77795
78252
52105
52136
39177
41139
42576
44995
45307
43873
46312
42305
45109
68371
39743
62345
43858
50129
43999
64727
64998
43507
67044
43809
53903
56111
58302
53782
54043
40132
42716
44640
44969
46166
50407
41501
64102
50762
52517
59766
50315
41182
41603
52827
43218
48928
52858
41329
41810
47805
39533
39609
40320
49105
50449
44925
46962
41673
45965
40938
41829
44307
43426
44986
43326
44522
75037
40400
40928
41648
46709
48874
67856
41623
61286
43145
54442
41860
40342
44470
39803
40362
41376
42496
47753
67300
46126
57444
41568
47940
51104
41108
41255
75492
48797
41046
43279
45264
43765
46190
60785
42360
71136
46462
46561
39041
47181
42378
43142
63907
39049
59925
40734
40834
39117
39990
40104
41055
73374
39278
41182
49530
49685
45508
47412
39826
40739
50868
51005
39989
41154
43080
51729
42598
44215
42714
53472
66881
40864
65945
46439
40669
47004
49970
39955
40059
40966
53552
54898
42184
52039
52105
47981
46958
68714
43091
45072
44132
47687
51455
42250
48848
49537
42712
42861
58237
71821
71854
40995
42037
46267
40735
76391
44134
47931
42811
43003
75879
39528
40646
41442
39485
46511
39300
39576
42905
42999
41164
42231
71369
41630
42012
41613
43043
42065
39087
39218
39269
43177
39874
48658
53516
45253
45751
41540
41548
40010
45557
40749
46333
57614
44238
45764
48844
49017
51382
43288
40693
44172
39280
50544
51018
40713
45288
45347
64017
64136
39267
39613
40908
58427
64213
43907
44450
51490
71123
71170
58943
59284
62701
42999
43014
65129
40413
40537
43232
54639
69608
58623
42882
71887
42870
43244
56873
52563
52585
53544
41867
43041
63393
41810
41875
42606
63275
79064
44842
41090
41693
50395
59565
49886
46013
48138
39218
67542
42107
42722
39866
48216
39819
62453
77514
58824
58985
42008
41132
42420
50941
66832
40383
46670
39526
56567
40470
61071
39291
41333
73561
43435
45977
42470
55884
42223
45676
41390
48834
39265
39863
43277
54485
41416
41509
40122
68431
59558
39276
48892
56660
39705
56330
43589
40531
40303
40515
39924
39990
62276
40417
41886
42214
44063
41107
41557
45487
52470
63119
39416
45567
68967
39371
52390
69582
41226
43276
71092
70752
48120
48995
48727
50446
40419
40151
45311
46795
46239
54876
39641
61402
40288
40539
51890
52039
51753
51562
41327
50628
42489
66050
39830
43453
47337
60109
39419
39485
39522
42929
59933
68481
79034
41251
44668
40860
43214
74463
46702
48703
42264
48821
60931
63733
39721
42986
44690
51996
43893
40089
43468
45402
64363
51150
64593
61993
42082
52473
41930
45506
64865
40583
73612
42411
49336
43845
40539
72331
63388
39399
40704
58279
43226
54055
60361
42328
40123
53714
40051
39391
39623
40110
40283
48746
53738
66957
39300
39437
40390
40413
45979
47520
39981
46297
51203
39955
40224
50929
42767
42985
62363
49822
68911
39433
73726
77142
63470
64713
71355
75801
52096
53877
62674
49662
50698
41710
39597
57822
41982
43465
45287
46020
41145
43050
46121
41233
57015
41771
49852
42408
77997
39842
40700
39770
39862
40814
43480
43129
41895
58871
65205
43597
41510
43197
39866
45973
51570
40236
43995
41216
49514
39617
39728
40283
41765
41834
42170
42419
40641
45127
40541
41071
45766
41549
45384
73883
65498
66118
39492
39932
41759
46116
44352
47570
39341
39742
41309
43571
47022
45724
76289
39686
58919
41746
41765
64802
68918
40332
52314
49205
59301
48205
49330
48562
41316
41953
59280
43003
43152
54021
42879
42481
48775
42889
42984
40118
40281
42605
49199
71152
48284
53810
68259
48690
50575
39621
39631
66588
42183
43339
50928
51067
42020
40930
46443
47118
50307
54615
75831
71672
71761
41780
42531
40311
40342
42712
43041
44266
46206
39716
71114
71379
46503
51657
42063
43584
66401
69983
39794
40515
44210
41738
44384
53762
68445
44858
72784
39692
40918
41573
41728
43771
40840
41001
67282
55180
56882
41278
72611
39862
41335
46475
50508
43975
47190
40907
43066
41828
52361
40726
45872
47410
42032
42187
42677
42988
51868
52492
57180
40704
41046
41326
48604
42767
53217
41877
64756
71161
71230
53425
40490
41185
51017
51031
46673
55588
53034
54128
41192
43516
47658
39474
44593
45102
60709
50863
51585
41201
40567
40615
45393
40827
45851
73871
44659
40628
43594
72173
77139
41223
50876
57557
41940
43385
46288
39749
42692
50482
58370
75203
39481
41016
41757
43019
50559
50984
52272
39851
41999
40964
47441
39524
62997
49861
55483
50055
43275
48984
59903
47606
51811
46363
50585
75327
53641
55308
68106
45138
42171
44431
55681
47359
39727
39779
41834
42002
47339
53228
60189
49861
56126
43103
65848
46697
52955
41071
41095
42606
57144
46091
46529
44928
49036
50277
44829
47370
66422
44380
46900
55957
39826
65295
40441
42111
45843
46402
51619
51890
40567
46006
55028
51980
57803
42533
50024
51537
40783
41395
41958
41154
42466
40282
40289
49613
49685
43404
66298
40517
41109
41558
40305
41150
73342
63015
42223
45272
49310
49613
44452
45282
52183
53631
55416
41260
44137
43743
73426
46938
55250
69332
41054
44811
57594
40211
42168
62190
71408
41628
51374
42159
41195
41826
59552
42739
43744
42942
43007
52354
50342
44285
73861
41937
75210
43308
45885
39933
65552
54254
41628
42630
42313
53210
40405
45764
57867
43211
41661
41666
78048
49209
44684
50529
43329
45425
45988
55603
43156
60431
40518
49850
51933
44753
54739
56623
66952
69092
54634
46499
46613
46165
40204
40912
41101
40792
47074
52895
43191
44480
52073
41632
43655
44905
61928
45156
43647
47550
47751
62246
41231
41574
47718
73907
41376
42440
44334
71566
47574
51943
78197
44502
40169
40395
60128
39609
41020
43160
60181
42359
39737
39982
41887
60292
61595
67489
39731
40023
76609
40775
43862
40863
49493
49860
55858
40646
40803
41995
44627
48586
43059
43951
59204
41009
71675
40390
40566
64516
47109
47412
43815
47636
49547
61648
42002
42044
42897
53288
44939
43308
43314
45989
52308
56528
78592
40283
41695
48203
60194
65496
40860
41380
43727
45174
44231
46071
44599
46030
41008
71556
48639
48727
40840
70011
44760
40231
41972
39873
42105
42928
45143
46637
41522
42105
42106
76585
43293
41356
56641
43168
43758
46445
42207
61876
39658
42125
39732
62112
70950
74459
51186
48707
43667
40059
75238
40552
42106
42118
43739
40279
56737
58202
41179
40750
42227
41239
39803
40272
47322
41337
52272
41870
40451
41241
46955
44253
45643
40400
42500
64729
43006
43092
43920
43152
43365
68157
41064
43409
47751
48430
41935
42286
39707
40452
76319
59619
54993
49510
50719
55447
39930
42971
43371
50669
62025
67176
60125
41049
42402
42404
44663
50202
50384
45027
45102
42384
42404
68868
39870
40015
43148
47139
73903
76887
41363
41592
71282
71431
48209
45091
44528
41022
41586
42980
43045
66523
39896
39891
39894
42722
43185
43256
47135
41464
40791
58494
59999
40054
51995
56174
41606
42384
72294
45859
51829
69825
47885
48782
44620
41510
44372
43515
46329
45145
39835
41482
60570
41292
39883
63131
46590
61839
47903
40772
45507
52895
46594
47934
54385
45864
40457
50984
51012
44622
58413
64970
47656
47710
41389
79090
61538
45428
48877
44200
43600
46547
39813
44757
60776
42118
42145
43181
42378
42773
50839
57934
40723
43664
55819
44173
43189
72431
39764
44779
41464
60147
54045
63484
43472
42462
47399
70302
45750
43956
45493
43462
48791
44224
78383
48460
48535
43294
44192
44271
48139
59957
42078
40401
51493
70232
41822
43942
46305
40751
55420
57813
51005
51012
40571
42454
42522
55355
43788
43550
53167
41560
42189
42700
41687
67773
63629
59875
45688
76836
41813
50370
60437
43759
51560
65609
42488
53383
45337
46338
47057
45729
43910
40598
40900
43045
43208
66458
41497
41969
45118
41497
41499
40436
74998
47196
48080
43523
41499
41507
49723
62753
42338
43250
42455
47284
46132
42802
50476
54437
50687
40978
42478
47298
61685
43168
46134
42964
42980
66468
49328
45354
47625
40957
40906
43709
44443
40949
41090
44277
72320
70412
71132
72574
39855
40718
42119
72478
44860
45491
42116
46637
43319
46122
47882
40059
41383
41020
41389
43167
70526
41701
48773
49774
40395
43291
44034
41507
41557
46762
54314
41921
40749
41885
43682
44940
42504
46210
48029
43465
43727
40434
49811
51583
45040
46885
41493
43766
71504
42764
47793
53359
41411
47715
48739
62245
62401
43365
43411
48703
50282
47520
71823
74423
43777
45644
57267
43530
43813
39928
46240
61845
46039
41816
41902
69072
40471
40814
47198
46316
47409
54040
43208
43343
66512
44989
49311
45668
46796
44800
46971
52269
40417
71155
45265
47722
44252
41063
43454
58846
40999
67165
46721
45282
45514
40855
42003
69198
45290
43414
43479
75340
42995
43299
50429
42558
43450
47426
48666
44639
42308
46262
48193
48773
58194
40803
41060
44723
42849
46653
44900
43795
48551
48870
43970
42939
42964
66520
42693
42185
41536
43588
42803
43446
40773
40409
42026
42693
41958
66672
48418
66736
40002
40114
50384
50951
45491
45574
67434
46058
46324
47141
43637
71983
54134
40321
42603
43732
74142
48138
50018
47735
63284
45574
45590
42073
42877
66495
54576
40440
45590
46564
75176
75353
50433
49917
69463
43859
71365
42758
42463
43161
44299
40713
40791
50202
50595
45027
45234
46712
48744
70778
43139
43407
44864
43504
51142
46836
43470
43558
72080
47675
71491
41230
41322
47308
71736
41499
41833
42392
49570
54725
43414
43475
63375
40053
76487
51115
51619
40046
41059
45338
56262
47196
49800
63501
41582
56802
43340
48054
44439
69250
48716
52907
57197
48095
55998
42098
42164
43876
46210
41112
44318
49401
45492
48927
53189
41368
44359
47036
51004
43738
41745
45514
45668
46577
75308
74216
47274
47773
69834
41921
46479
59670
41826
42920
45320
58350
64483
68619
43941
43479
43579
71942
47125
45309
45370
42453
50717
40085
41942
44458
54028
57528
43495
46754
74331
40203
56766
43411
43493
78312
45856
40272
64329
42157
43664
41809
42443
42513
47169
42985
44262
44865
47427
42686
42865
58256
42184
44790
40649
41574
44323
44885
45385
45483
55381
56019
49310
49503
64550
44533
40874
42877
42939
66451
43343
43475
66452
45475
41402
41817
47168
53730
40186
40066
40452
45203
47436
48248
56147
53583
59167
41947
47174
45402
46447
61938
71305
52437
53036
41105
42425
44747
41339
41736
53054
57366
47696
47849
44126
46061
47096
48432
56297
46766
47010
49998
58805
50649
54539
69660
45981
56688
41235
72261
40726
40916
59975
40695
61516
61525
43756
45773
43212
44454
45315
50218
77460
47985
47737
76916
40649
40709
43558
43579
71999
46206
46544
46331
46907
55261
40566
40908
61504
42115
44793
50790
43562
51122
43324
66722
58544
54656
48643
50587
51414
43245
43246
43246
43247
43247
43249
71211
41059
74099
41744
44449
72789
43612
42508
43367
43498
41652
43249
43254
57161
65405
65813
41708
44994
50110
43615
40328
41689
46499
46946
40660
62192
41950
42743
43883
42381
40751
52761
53918
41227
41338
41180
45149
40943
43816
49167
50321
48509
41142
42204
45080
42545
56107
43254
43261
53485
45067
49979
42786
43316
43748
63372
42593
43605
43325
42621
45078
43682
48163
69221
42398
76139
43778
40401
40937
45391
46986
43815
40723
41060
41285
46466
46650
40894
41325
42145
43870
42597
43444
40704
41884
44839
45873
40844
41856
67849
42083
42604
40606
42747
42952
41796
42437
57133
61766
64924
45218
45188
42400
40700
64814
55408
56595
41608
42367
42531
42728
45242
54478
43310
74896
49958
58084
67943
41361
41745
40222
40593
41262
43392
41338
41799
41843
65796
42364
76538
44417
44130
69791
40916
41227
45463
41506
42413
43493
43549
67697
64048
54808
43935
50717
44272
47798
68540
41844
42521
45305
46265
40457
40625
40281
45955
46903
50525
47660
50345
48430
52640
43938
48116
43185
43503
40515
40475
44924
45538
40606
40639
40996
43630
45908
45646
42212
41701
42689
41230
40491
40299
40384
59624
43925
54882
71389
75792
45865
48738
41150
41581
47096
47127
68840
69604
69632
43450
43557
44898
42491
43348
43528
46426
41241
41351
54816
44274
43922
47127
47439
44033
44102
75999
54456
47678
49363
63735
40625
40637
45895
40637
40638
40638
40639
41230
47469
46801
52482
42638
43052
48801
49654
77748
47344
47141
47152
47567
51704
61419
46544
47655
49648
65510
45460
64073
51047
42168
60684
47414
43057
41097
42442
54676
40975
46297
50865
58020
45927
47157
44350
41781
42935
42672
41314
42928
43261
40690
40709
53291
61382
62681
42121
70092
46573
53068
47363
49680
52384
43837
44650
42535
41977
42127
42480
68743
42395
40311
40726
40800
63755
45717
43426
43725
44529
41557
41798
41204
44481
56930
45134
40383
40800
42675
43982
44321
64724
40701
59589
78036
42448
43255
53392
49874
41965
42857
59970
40571
42456
55217
47810
43814
45159
60525
41351
41424
54946
41749
65404
41112
43612
44222
46717
60433
41407
42164
40615
42851
43575
44476
61872
48958
51998
49894
45449
50472
52113
40852
54195
74762
41189
62767
76595
44441
43764
49143
42887
60274
62354
52933
43106
40732
42559
46045
47169
47607
52262
44506
72712
43959
44206
46430
46481
45213
42091
45435
41534
42464
43574
66580
66868
51128
40583
40839
59694
41969
42813
43556
43989
43070
44871
66395
55371
44059
42836
43044
43421
45833
49697
52264
40739
42389
53142
40619
40806
48206
48947
48109
48404
65230
40786
41146
76480
42405
69958
76677
41312
41339
42322
46873
53611
77624
50742
55486
44825
45054
53420
43992
43270
43832
42329
43034
45568
42003
41661
41816
49672
51946
63135
56566
60675
45347
47530
40509
43283
45414
60950
42946
43923
58723
42561
41586
54066
59917
45305
46315
47912
48920
42043
44171
46022
66155
49114
50832
53954
41819
42941
53908
63469
45619
47073
40497
56584
44880
60096
41516
43847
42564
42006
42270
44613
51162
42705
50833
50408
42297
41670
46265
52533
45754
46425
41009
42398
43123
42912
47928
51581
49987
69543
42906
68599
51194
41724
58389
43676
71772
40751
43503
43552
41805
42583
41232
41364
43183
45073
69241
46109
41501
42542
41759
42732
52593
44792
56830
46719
47407
42937
52503
65634
66221
49126
46199
46388
46411
43220
44825
52614
42717
43793
45078
45446
41668
45515
45675
43399
61272
66618
44637
47157
42732
73625
64922
45293
47419
68130
41562
45400
61153
40830
41935
47705
42769
42435
45005
43013
43461
43549
43636
68250
68648
58697
40878
45542
64788
42269
42786
43868
40806
40908
44416
41799
42006
47809
42118
71403
71448
43552
43636
49406
49503
47730
40690
40861
61334
40999
72218
46264
61497
41969
42607
43981
62132
44608
44701
44149
45678
48067
51024
73302
51541
52979
57138
51789
54690
43029
65328
77544
41362
43801
52138
45483
45644
40633
54457
55202
40771
42583
48972
41724
42977
48519
41066
42631
48132
45300
46845
48350
44320
47179
41710
43459
42567
67318
73820
51171
51884
46021
51329
43894
48827
51659
52072
75927
45791
64617
42795
64693
60551
48586
69986
70530
46340
47902
50222
48410
45754
45755
47011
63069
43941
41006
42603
41415
46044
41850
47799
44326
45689
41091
43434
42833
66162
49124
61234
47713
42539
53953
44109
44509
44608
44102
44255
72209
47503
72304
44475
41531
41542
61240
40918
41965
49792
40718
41519
63512
42618
50850
53163
57906
52282
74045
46990
59010
46580
42349
67352
50788
55085
69481
47741
44242
70884
41169
41387
58326
47209
40688
43017
45082
44770
42935
72308
44255
46462
46985
51218
46632
46946
47021
41309
44780
48149
50928
51488
43531
43853
41171
44421
44499
49340
41791
62778
43103
44942
43056
43767
50578
45148
47534
47439
47864
43316
43531
64777
50134
42578
43627
41628
59142
46763
43799
45791
44810
48621
41713
42112
66673
69812
40655
60596
42484
45578
46560
41812
41424
41662
53884
47426
70750
71001
45697
44458
45377
46595
43679
44389
44033
44499
45446
45761
42006
53510
53889
46719
49658
48039
51166
59028
43789
46303
48920
49047
51675
40839
41119
55766
44486
44097
41150
46919
50833
44568
44667
52694
40895
41868
41486
41673
42781
41087
48416
44027
43834
74227
64056
66115
46575
59840
51411
40848
42270
42821
41605
43844
56891
73379
73540
40921
42998
40997
45177
41376
43539
44503
42492
46234
56683
43786
76496
55105
44612
42334
42698
50878
41988
42321
41119
41169
59186
46402
46969
45008
41786
48216
49389
49561
50212
51948
65996
66506
45890
46986
75256
42469
48553
42518
44591
45900
44092
47103
55667
42464
42619
44108
46524
40975
75912
40850
60941
41508
41932
44407
65384
44888
45466
66029
41482
43056
41422
49954
47007
48245
49762
44516
44791
40712
41959
42416
42888
44888
44901
46550
41383
44201
52252
48043
46048
46110
41819
42619
53220
66659
41988
41581
41854
43346
70391
53454
60314
41657
57637
70648
74373
40937
41004
43623
42532
42588
56117
41854
50830
53732
42043
42589
47478
45419
72408
57433
42752
45328
43337
46914
51855
41234
43768
41069
40861
40976
63003
44611
51654
43272
43561
45348
42821
42833
46606
47168
53775
44199
56267
57870
53923
59047
43053
48106
50521
61709
41172
65686
46625
60521
41475
48056
67935
41214
49981
55756
49585
46970
47087
70771
71224
74849
40909
45836
59636
47543
54968
59350
48791
69068
41515
41593
57410
78979
44088
48825
42563
42267
54898
56741
50321
53340
47087
47114
48436
54193
44673
46050
46794
44592
52225
44309
46649
47114
47118
44324
46810
44787
41593
41662
46110
46137
41444
51134
78965
41004
41232
44285
41387
41515
57613
47397
40836
41562
45309
46743
44509
44795
49574
41737
41851
44136
43425
45600
62152
57004
41921
74662
46819
48468
43154
64793
43300
42684
43287
45745
46095
40836
41786
42432
47920
50078
53726
54466
56870
41060
43681
44013
53664
55394
41067
42286
63486
44901
45050
58242
55392
59230
73565
78841
64868
45068
72597
42434
61184
77051
48938
44328
44474
43021
43213
53776
41831
42409
42681
55478
70021
44511
46382
42945
43089
46996
45341
43646
41126
41809
42418
48041
49308
40850
44705
70480
41030
41175
41456
57805
41454
42009
46564
46970
64837
42457
47026
47618
41308
47760
46227
42492
42930
43266
46366
49268
40973
40976
46077
57642
58764
61917
42333
43551
47323
45931
45496
48738
41484
42068
44862
45444
48079
42474
44920
51697
46800
50043
51115
69158
49239
48129
53573
43042
44196
44654
55476
58270
43654
45048
41747
43022
78995
50397
51439
41525
41698
42462
48843
49611
76708
47034
70749
45487
47383
48396
40902
40973
42350
41185
52303
42840
43210
41335
59668
47884
44803
46049
42589
42395
46505
44574
44885
47119
44421
45051
43616
68682
44328
44469
66114
62711
78044
43052
44664
51480
48611
53709
41308
42263
42409
59070
47803
49814
58990
47068
45355
41231
41798
43377
43415
71447
51943
59594
43021
49525
46408
46175
43093
45490
49773
42757
48316
47995
66235
53623
52265
55571
44920
60889
41583
41625
41801
68343
55183
42404
60384
41856
64973
55234
55539
41175
41583
72446
41658
42313
44791
45117
41639
57571
41854
42064
65365
68304
62103
69580
69588
41069
53633
53705
57033
72009
45257
73794
43346
45022
45195
62863
41482
69658
70207
67901
68440
42813
43590
54102
43408
45641
45998
44215
45375
43536
48437
56938
41826
44817
53869
41233
41796
62237
42434
42532
59963
43091
45450
44111
45205
70779
47067
47623
51918
43640
56680
57810
44052
66351
46530
49453
50895
42558
47796
63707
73475
41426
72247
50258
41235
67030
42379
50330
53617
49181
43085
42851
46252
46309
41322
71912
72330
55784
58538
48870
50414
43668
42126
44397
48168
44823
41033
41193
49995
64787
69114
69150
41193
41268
41407
41330
41268
45108
41397
43556
46079
42440
44106
42449
60267
53895
61667
42215
44228
41853
42673
61301
41625
42152
72469
41033
51161
48698
51318
73282
44735
48147
44720
44915
44932
45096
69482
44824
69145
69202
43209
51405
54217
45778
49275
46137
46295
43079
42628
43811
48119
44894
45368
46779
70684
42117
43625
69134
72322
44619
46260
46268
70491
42796
42957
44310
50776
52834
42644
63335
41063
42321
42134
44053
50263
45204
62118
72760
41747
46571
71055
45839
74431
43641
55637
44696
48874
50531
64493
45096
45106
45611
48346
42866
51624
52341
42915
68044
44414
44055
46165
46634
65877
45859
48524
66333
47864
48583
47010
48484
71800
71802
45997
51991
41884
43376
44706
44283
54953
43812
46059
55049
42100
41798
41740
41905
43434
45260
42832
43382
44586
44625
42453
44512
52986
66412
71451
71457
43089
43821
44261
44602
44985
46192
47270
75455
43755
72342
45451
44391
48149
72839
43396
41355
56294
44017
48650
66525
43561
44710
48444
42444
50053
47551
44555
45763
43139
43879
72756
69496
48797
41902
56617
46429
46524
42788
44430
41527
43386
44812
55857
66414
66562
45036
62807
42920
44289
55832
58166
70267
76378
41383
63913
60468
44524
41733
45477
47337
49814
50873
47231
72708
53140
53603
43380
45594
46065
64025
68380
43728
70286
41648
62212
62631
51488
74826
48611
54061
69592
71333
42140
44635
77873
51067
52227
41736
44055
44262
44386
46723
63251
46875
56611
41397
42660
46330
43594
43709
41830
47308
49643
53916
56466
44415
49938
64131
42841
71278
44308
45323
41519
46165
46428
54004
54834
44394
41502
43782
44402
55249
47021
50300
42022
53632
55254
41972
43947
45151
42301
68476
49908
44451
44891
45412
44116
63230
63899
66275
76503
48062
49362
63001
57838
41471
41664
43230
49751
75269
43810
42064
42218
44881
63261
57026
41669
65364
42597
48392
50658
70773
70957
62054
43304
53448
55741
57428
60243
63897
41796
48808
63395
43088
67648
55660
50904
50948
44567
45633
55748
44235
45822
48641
64584
66267
46119
46295
41890
47524
49261
43268
49896
53941
43017
43051
45444
46078
42714
45426
46685
47273
46753
41614
41634
42169
41825
55995
46119
46169
54810
56675
57057
47656
47862
42144
54549
72518
71769
46955
49280
41589
43386
41920
42153
72532
45586
48600
48992
52341
53061
47365
41358
43938
45106
44138
45533
42231
42472
45407
46992
48629
43790
45101
43629
49497
49664
64097
49284
46285
48943
42065
42170
45529
48300
45028
75985
53907
68645
44966
45748
66265
55394
78049
48235
69039
47748
68424
43924
43965
73321
47409
47833
55223
45513
74712
41862
44513
53155
66123
48361
66206
50345
42408
43025
45995
67754
41943
42723
43603
71515
43376
67885
44566
57579
58775
43590
44292
45968
47289
49254
41728
46912
42218
42267
41617
45732
47905
55152
42716
43530
41742
56451
44665
42931
49984
45117
45128
43083
45695
68012
41959
45547
47857
43315
43036
41885
49318
49536
61608
45736
46941
51427
43077
57909
60300
41603
53665
44444
56789
44848
46367
41396
41851
46250
49536
65614
43502
42687
45082
45731
58063
47650
48157
53322
65594
41855
76621
44960
52188
43588
55518
62508
56488
43121
65562
42654
43603
41679
42700
44592
44471
43276
54031
43658
47179
50748
65471
74158
61847
51060
55257
41397
66150
66244
73578
78918
42211
66826
42029
41963
45742
54564
46991
47234
69567
51999
52362
41576
44227
41539
42117
45355
46428
52441
44044
46465
43590
45217
56057
50753
43273
46391
46407
48026
41612
46872
43511
69085
43622
43916
45254
43940
44499
69642
43960
47165
48078
56054
63808
41406
53126
53952
56771
48677
46860
45074
46610
46779
63070
43379
43695
41623
47673
57591
63539
43741
47715
50910
50575
78060
41474
54291
41761
43244
48229
51030
64907
44424
49561
49842
45114
64603
41426
42654
65885
50192
53616
41864
51259
57751
48064
53969
68474
66330
55236
60514
49464
52706
42389
43416
44603
53624
53283
46737
46863
41591
47225
44646
45414
45531
41658
58978
50505
55782
53166
52917
53140
47061
46915
47383
48501
54118
77138
66579
66787
70163
42263
43209
43484
48517
69040
69763
42377
45466
46405
62039
52808
42349
43715
46054
61948
44178
48992
49691
56621
71256
51289
52060
44883
42213
44055
45248
42419
43882
44116
44991
46028
53063
53761
60857
63344
42410
50746
52715
53567
48222
50938
46716
52269
53604
49318
49847
65237
50785
71032
46054
46098
41738
66438
43467
44795
52885
58278
52241
56987
42210
46477
46487
47607
51938
61073
48463
57656
44218
41814
41919
42634
43492
67288
41576
62739
47839
45228
48372
47498
49111
45031
43755
51213
75319
43877
60814
51626
41868
41887
42318
43285
52690
47785
63412
64663
46506
56399
60094
52385
58054
59306
63472
53895
54073
65551
43813
44326
41695
42617
44478
44559
49177
41903
41644
44314
46728
61934
62861
78379
43635
43924
44575
63047
48492
42267
42482
45570
46364
67000
68368
46587
46685
43456
41976
43955
53658
41898
63381
42112
42416
45030
66626
53761
54615
41827
42084
63779
46797
47837
47838
43162
44459
55983
62015
63354
42187
49573
45505
47173
41686
65200
47201
46531
47938
43989
44898
53097
54558
42478
45410
50304
42642
66323
48038
45234
47261
44882
59647
48533
61461
52034
57097
46098
46217
47623
52253
43047
42828
43312
44704
62911
67758
58224
45495
50593
51691
52744
48566
50057
54878
54725
42454
42456
42701
51669
44014
45705
42420
42542
49463
51988
43295
48302
54197
58758
60322
49772
73067
41950
48634
48950
52369
72200
73493
77201
44821
45210
47473
47833
47908
54468
59394
49774
50397
65968
56051
45401
41897
51750
45103
45448
46841
42995
44099
43689
42095
46055
44362
70972
42783
59804
69026
54157
45559
52929
60106
43484
43517
44263
42468
44657
46156
67150
45259
47545
45059
45744
43769
47124
66515
44426
54495
60165
45633
45883
42317
48152
47537
49941
49807
59540
50275
49793
41860
62839
71122
46068
47203
55357
66249
45476
50061
65557
42617
42831
46158
70536
42117
41687
42398
42454
42858
41971
43997
44640
44988
46156
46384
59869
76989
78472
46001
69228
44043
41668
70304
44876
45369
43708
46560
47437
72179
47095
47882
43617
44559
46279
48385
49390
46610
48314
44296
46169
46517
44725
45227
74150
49655
58956
41958
42445
46487
46877
46660
48363
42926
44731
47176
42127
54355
45725
59836
60658
42788
44893
45986
46003
45178
72401
45375
46104
43538
46087
42371
44260
44515
43685
44564
46677
46679
42159
42957
71201
44878
45125
43725
53860
54818
45986
54849
44412
53154
45336
58052
52521
53896
43386
49657
44296
45229
53273
65253
45389
47143
52847
46767
47402
77144
52738
44817
42583
43572
45221
42287
44521
42878
47309
66809
41813
49497
49946
54013
46296
43882
43762
44301
46220
42956
42418
41947
50154
42125
44748
53441
45755
47051
47781
45051
45879
47704
42790
44678
45187
49662
53451
46129
46237
48375
51073
46471
53804
46519
42029
44001
44366
44717
46442
44160
45959
48663
42526
49116
48277
49447
46525
42864
46760
47475
46057
46711
47003
51036
47185
45045
67777
46026
54246
43618
60752
63530
47529
46593
46631
42554
42667
58083
43745
46277
42573
42482
42568
43157
43357
55597
42204
43034
70974
74747
44761
57555
43280
41953
45283
42227
42930
48066
48551
51717
50760
56536
69795
43264
55502
57962
48480
69054
69073
59485
47575
44104
44831
52625
41879
61484
48336
48482
50297
42456
42967
50421
54003
71007
43013
61720
46045
48520
50065
58862
51765
45910
42541
53309
78930
42835
43341
44338
50133
45438
45640
47989
48657
46603
66645
45543
42432
47862
48021
43755
72334
42871
62242
46940
47041
68340
50174
52777
55016
51283
73707
45996
46884
58894
42755
42940
44141
47149
71463
45932
45677
48847
45635
49767
57166
53178
47376
51036
42281
42580
45845
42256
46172
42661
45351
43132
73648
44880
46664
42141
75866
51598
56023
51529
56334
43792
42394
44466
69989
42949
58946
74319
55590
55785
45938
52696
43904
42853
43731
50652
49815
49817
46326
76082
42714
42773
44895
45186
62396
45632
45800
49310
43572
44863
57137
49557
50239
48676
51055
43801
50157
46978
49234
44759
42626
42132
66342
66655
55913
49623
68351
45348
42810
44836
46897
42533
42078
42719
45952
77403
56582
47794
55856
77337
43645
47284
51237
76195
43651
62231
43542
44001
62378
45524
48150
43985
78452
49817
49842
54375
58328
57281
61732
52614
44101
72064
66268
66368
42755
45187
53345
70764
45761
47031
50136
47293
53128
45050
46178
57134
42548
42797
48535
69736
46000
48134
46441
46321
50043
52150
49305
51927
70263
70424
45786
45867
58608
42089
47224
42927
53057
63568
42172
44016
42229
49389
51491
42554
42602
42796
76136
45170
42135
50289
54414
42253
42508
44774
42568
42653
43416
44295
51814
53903
51746
65086
45528
64916
47394
54528
44204
46446
42119
44779
48191
49000
55785
55895
42172
66614
43919
45100
42236
47375
48085
48583
71129
42105
71454
71522
44473
44554
51133
43913
48191
48219
45132
64053
44313
46582
53885
43371
63824
45934
46019
45796
42284
55509
52589
66859
55608
56656
42684
45235
49269
55113
75304
45876
46490
45867
45883
74482
52771
46285
47377
73109
48269
48686
52187
45811
46243
49065
55501
45048
46249
79117
50355
48219
48291
42308
49196
43312
44970
53705
61706
48392
49420
70688
46954
45930
42721
48142
46452
48748
49712
44873
45121
45216
53758
55329
78858
44483
49889
47633
42171
42406
42884
56174
57288
57655
50547
78797
44099
43797
46575
73415
45441
46772
51663
47592
48348
56222
46438
69813
54731
45533
46837
42457
53534
73572
78038
60894
62065
42353
45787
62638
43376
43971
55763
43020
44997
44685
49174
57808
45950
54601
55895
55950
42229
50164
52522
42602
42661
43786
47509
72194
48014
68916
51027
44799
75035
45386
75966
44984
42847
52295
47202
68819
43040
59611
66903
61621
61699
46114
46467
49691
51099
73009
45794
46565
51358
56972
55776
55862
43238
47059
45461
74934
78345
53582
46455
46747
48712
53072
50785
42326
42371
42637
42653
42689
79098
56096
44043
44047
50350
70467
54976
58169
42785
42886
75331
58207
53769
68834
48869
53865
44739
44761
58898
42866
47908
48127
54935
51994
71501
43774
47030
55590
55644
48221
45396
51840
42313
43029
47247
50112
70759
47896
54138
48948
48291
48497
46399
46604
47244
47273
42367
42836
49140
65068
44733
44895
47920
51226
73986
44306
47316
42882
43444
46016
46522
60104
45536
75272
42768
46496
46517
54167
56596
53529
53936
74577
47752
42993
42952
53185
50154
49815
50009
45154
42680
42872
63839
54356
45213
73288
42794
56730
63102
55837
43291
43458
50977
46247
44630
44407
71458
46226
44468
44473
58222
44442
44460
50731
76658
56719
46146
46587
44882
57519
56599
58141
46780
48637
44098
43939
46596
50911
53604
54588
46335
51696
42872
43073
63976
46542
51123
46507
47015
49016
49978
43738
67609
61679
44493
44799
45327
52376
52734
53259
46398
57088
43094
43136
51353
45383
47572
52874
44305
58351
47082
43687
43019
44949
56169
44978
45372
42956
52710
46010
47643
48379
58934
54690
55802
42567
42873
42508
42827
58709
64711
60820
64373
43742
73683
51765
75293
45762
53455
69349
74499
44603
49197
56299
42413
45523
42612
42637
42827
42836
52592
55899
45012
48154
51770
54084
47942
47190
50191
44529
46281
47272
42619
43174
52134
73736
42886
42987
54304
43136
43174
43155
45254
62768
46949
49450
46217
46811
44369
66455
73966
42326
44435
48958
52286
42491
42987
44873
45241
47171
49257
43073
43237
64208
46371
53495
75036
74034
49881
52437
42984
43191
48293
43295
54728
47545
47670
49264
42833
48717
57059
45924
68827
57700
45609
47243
48227
50483
68698
68975
45553
45799
47400
49709
55535
55597
42595
42680
63569
45292
59549
43333
45012
46476
47585
43934
46641
43211
43374
47807
54000
42507
45854
44518
45886
46535
61640
54093
56670
46586
54398
43517
46306
50426
62940
46957
43974
46213
45627
46593
49354
51808
73070
46496
46556
62552
45275
45760
51568
57062
46843
52883
54239
61763
42503
42612
54286
56041
56489
56284
47698
44493
44945
45110
49334
52223
60828
43581
49784
43660
49060
61674
42956
49907
43417
44137
43848
66902
68580
44711
45949
45383
45434
42470
43277
42556
45984
43050
43464
45906
42532
70404
77008
50556
43676
44483
43932
46590
72935
76432
46120
46969
49563
47307
43392
45602
43729
57627
77343
44590
45664
65183
50311
42498
42595
63404
42949
43075
57264
44161
45954
42781
43847
43453
74211
45834
45421
48538
42804
47216
46989
45168
46373
53505
43510
56401
53620
42870
43059
46697
48404
52020
47263
58896
45818
47013
51949
42415
42889
52868
58896
45395
70466
46405
48730
42967
43332
42468
43240
65732
68629
67510
43257
45773
46793
45526
45983
47670
47765
45738
45842
46046
53673
45424
74235
77815
42949
43802
45712
55544
49448
49830
55194
56969
44218
72821
51951
44122
45195
46962
50369
42447
42503
45855
51650
45298
56931
47627
55536
60870
42739
54863
46245
74378
48253
62533
43056
43415
52424
52608
69165
42992
43264
50696
42589
42681
43517
53882
67521
61619
49562
50952
51769
43745
44685
63045
42641
45558
43370
44355
55006
45398
53085
48732
53352
57282
73188
63505
51267
73156
44235
56726
45486
46883
47202
48861
46300
57401
66104
62812
68152
63183
65707
49403
42971
47831
46917
47222
42498
63080
43466
45210
47343
42752
43082
49135
49236
47108
50179
50172
64638
46918
55092
55506
47286
50909
56733
58332
73750
43447
60545
45944
57208
43762
50233
42740
56835
47558
43971
55143
67931
51130
44387
57801
56489
68510
55249
60618
43068
43145
46631
53527
59004
43657
51631
57368
53484
43855
72545
53108
54338
46185
56091
45403
55575
62515
61708
63410
45512
45957
46498
47690
51156
51842
58449
46377
46643
46778
62864
42594
46183
43239
54707
47240
45943
47585
77166
43566
45057
47847
45316
49909
48916
43844
45588
50764
56310
50647
54795
63792
48019
42735
44893
53212
44067
44080
45882
47930
49431
58477
43329
43939
47014
65463
47100
48102
48405
46365
48497
48796
51677
53575
45092
46103
49024
69939
70201
52682
58011
43822
67406
43923
53434
48697
50829
53694
52424
52558
57653
51672
44338
45112
70539
46556
46781
46567
52190
43392
43638
54480
44041
44904
51066
43654
45261
58509
59244
43739
49427
54127
44635
70899
48021
48212
44877
47116
45144
61235
48572
49918
49913
51721
44424
45540
42698
47697
63536
43082
43118
45269
47282
47630
45954
46049
78937
47622
46033
49996
52458
45693
46708
74033
61893
44190
49082
73024
46741
43279
45077
49775
45558
47662
58211
73136
43005
59509
43240
43516
74795
44098
45379
45380
44059
44218
72939
53713
53898
48513
52511
43019
46040
44796
49650
62633
42993
47484
69076
47476
72646
45308
49035
59375
42739
43075
73200
78952
54538
43646
43904
44295
45061
44527
48244
52340
48560
42780
45235
46401
55160
47765
48212
47416
45292
46028
48796
48895
46343
50368
46715
75637
48860
54482
62154
42887
43440
43323
45204
43332
43640
69870
49225
43904
44214
45017
46820
42798
48287
43192
60756
51549
52362
54137
61851
69008
47735
49078
45182
46344
47836
53817
43596
47910
53521
47255
46015
46218
74807
43578
57712
43209
43852
46616
51276
43134
74764
50145
57761
52748
51523
42841
43667
42684
42780
43786
50651
45488
70777
45934
47093
47214
43007
43087
58203
43861
43939
46925
76073
50704
47452
43285
48722
52972
75241
50090
51172
56681
43653
45035
46181
45826
50279
67985
45121
45734
52143
59047
49155
42895
46112
47143
49564
60607
69140
47373
55666
43273
45396
46526
45553
46540
44106
45006
43099
43907
43007
43721
44098
44210
55658
49271
47285
77794
70321
62603
44809
73384
54156
63780
47243
47852
65390
45502
55552
46579
43693
43766
45430
50759
51926
46182
46468
43309
45882
53553
60208
47210
58189
59481
58705
79002
44804
46362
46335
48288
49977
45422
46154
70190
49520
43324
44407
43034
43638
46393
49154
66199
46559
51288
47947
48010
46745
52316
75028
42810
44595
44468
44835
46792
48895
49079
46104
46870
50009
50095
63250
44297
45750
47759
67021
48247
48736
58195
57693
63011
45776
53606
49848
48939
49462
64910
55243
59397
45607
48312
43412
50502
45822
47455
51626
45421
46983
67701
43536
61661
44243
49259
44106
45765
59437
43451
50383
52856
62208
62432
47492
47977
74129
74840
47591
48092
61846
51389
44690
49040
43005
44765
54859
56643
67250
43780
63765
68076
45868
55331
43189
46573
53946
55806
44592
45425
47544
75250
61875
62391
62023
42895
50802
43006
43025
44153
43299
43693
43914
63187
48154
50701
45827
45152
47499
46066
49786
61079
46941
47971
48859
44461
48578
46292
46504
47702
46084
49452
46437
71677
47757
70652
70923
43106
43417
44281
48472
53045
56329
60706
46417
43239
43528
46907
44418
44532
45010
46118
52513
45543
44162
43472
61645
53555
55073
67433
43936
46027
49555
55234
55813
46313
67349
46793
46933
47581
43229
44366
43875
48008
44289
46416
49480
61988
62185
43161
44755
44943
43065
43129
43637
44255
69869
73235
57370
47212
47350
50017
45516
49757
49974
64681
64649
59322
45630
45265
56997
44511
45708
43528
43544
42888
43214
46597
48873
43544
43832
54629
76256
46328
46607
51979
47983
48245
47340
49755
50670
55363
69765
44765
59593
48787
50637
47077
47117
75834
43538
44048
45388
53036
70040
54740
43042
50485
42990
43199
44099
48347
49593
45400
48165
53295
60473
42977
42990
49539
70257
46877
49026
52744
45841
58457
44584
51031
52989
55063
44256
54783
46690
47388
45109
47108
50998
53009
48843
49988
73917
55531
44814
46266
59596
44430
43413
48806
58550
59278
49699
49764
52173
52911
70951
45995
46995
54807
61784
45409
43550
44518
75404
47840
49087
44827
43504
44103
51337
44001
44917
61995
54462
75271
76122
51937
44605
56723
43922
46168
45779
60329
43603
43914
66060
47025
48993
53586
58072
50067
53085
45831
47688
52143
52456
45512
45730
44836
45512
45518
46341
48489
65050
47953
51924
48055
52477
54520
46913
50221
44679
62929
47117
47183
53237
48828
49011
57112
49717
60547
43300
43811
48344
49940
43287
43879
46533
52921
47347
66499
44649
44869
45868
45783
46630
71017
45399
46620
49199
52983
49350
58251
51347
45991
52163
55072
56761
49938
50095
67242
59828
43173
49300
52774
47372
48232
49098
52302
47814
45076
72087
78191
45518
45640
44628
50470
53476
44868
46233
49028
57309
62549
50493
55688
60079
62756
62893
48946
51776
47315
63905
55110
57855
44792
43759
43696
48373
67452
45837
46117
55876
51698
46811
46827
44518
44714
48395
55333
43425
43821
44817
43964
44398
61760
53567
54103
45066
47415
49315
51705
74140
69681
44230
61481
43199
43380
45818
53058
48127
48964
53001
43219
43205
44790
43640
44121
44918
47277
45334
46933
47000
46782
43224
43731
44755
45088
45497
45661
54078
53465
54341
58946
74396
49809
57918
58991
43077
51114
45393
72250
54912
55984
43121
43380
45506
47859
63537
50590
49643
71563
45880
43153
48210
70550
47793
47986
53871
47088
45915
46101
63705
46280
69041
69179
43784
67821
47057
47557
43201
57111
46916
48412
49695
43733
44711
43801
45713
57949
46281
67841
43902
48846
50034
44153
46626
55671
48420
48576
43404
43970
44433
45784
46059
43802
44713
46727
48111
54928
45716
51656
44970
47131
46461
46823
53060
48391
48465
51517
52082
43246
71603
71765
48018
45006
45662
43173
46518
46150
49922
65233
49447
49913
46130
54535
46759
59967
44798
45418
67588
55253
55472
60149
47177
47183
46149
46814
48211
52846
52670
52565
43821
46482
43495
48619
48628
76631
44626
44469
45545
46828
58004
56797
45825
49085
61355
45579
46257
43451
43868
46213
48674
49867
53930
49900
51706
46827
46956
44162
48824
45838
61231
55099
55253
71778
51289
47094
45815
48338
43855
72769
48448
48676
43258
46658
68322
68775
71474
66931
77360
43464
43630
72958
51180
55506
50076
65400
46850
47731
44334
45013
44461
44511
46251
44714
44835
66731
50782
44935
45881
43731
55797
74564
52813
58041
45689
47706
58863
49156
49195
67736
43996
57890
65063
66484
43193
48193
49835
53940
58707
43410
44835
74865
47314
55313
48074
48184
77787
43733
56798
45738
50290
46270
63985
43456
44483
45174
45890
44635
49471
68473
58013
69810
50255
44229
48117
46602
50426
43807
50146
46947
44181
45436
45705
52836
77458
47338
44332
45178
45566
46174
49011
47226
52503
53995
43261
71526
71568
45198
44389
48520
69820
64572
43832
44321
44938
49208
52716
49604
49699
72056
47846
49203
50026
49213
67380
72736
45217
46178
45112
45321
75632
75500
45661
46598
50892
44385
44869
49102
49349
50263
47931
48785
75450
44821
55358
56483
43857
43444
55472
55581
64288
48254
46446
49951
63798
48104
45268
45972
45762
50278
51082
52867
54362
47452
47910
49301
45599
58591
51100
60052
43856
58875
56980
43868
64325
66937
50537
53279
47734
51756
45666
47279
59285
63316
51132
52554
47618
50287
54873
52815
43461
45439
49300
49567
45730
46149
47418
49222
63153
48816
56564
46208
61135
55526
43452
43596
49301
78667
55271
46401
50039
57514
61835
46995
49325
45013
45088
50650
69571
44681
49046
58008
62493
48114
43790
47876
45321
75312
50174
54237
43377
50758
50768
51317
62877
71359
71427
43559
43452
43454
43454
43616
72143
47089
53836
46101
53647
44474
46775
46948
49854
65517
46000
48433
48427
52515
53486
49010
44355
44996
45321
52489
47399
60594
44300
57778
49123
54380
44252
45014
52145
47177
47327
43410
43554
43623
61941
46972
45253
44474
46015
57327
43548
51901
45599
56546
44095
45150
54304
46224
47336
45579
45580
48428
48684
55581
55644
49102
49217
47000
47123
46935
47816
48113
74015
46771
47990
48061
45584
48812
50033
52647
44140
45545
45693
44104
71898
45010
60437
63519
58012
77397
47701
43977
46696
49320
48737
51131
44959
43588
64624
65477
53464
55839
43659
46039
73629
43443
46870
47495
55614
44876
47944
47726
44228
48871
48513
52528
51737
54179
46261
47327
49098
52067
50990
59021
45179
45652
51015
46569
47330
59488
73689
48222
50022
46296
49351
75368
53550
49188
50758
50927
73746
43695
43968
46208
62250
43495
44444
69028
44955
47786
43725
44986
68561
57695
44539
59651
49334
47369
49079
45010
54364
57429
73057
50463
53298
55360
47267
53981
54530
54754
60513
61177
48450
75868
49448
49747
47946
63559
73195
55009
56041
76218
47845
76393
54587
66843
47031
47123
46265
47542
45838
46635
44196
47270
43894
46259
44435
44471
45937
47016
44277
48648
53822
65946
48208
50354
45741
53508
53208
51048
43581
44812
45362
48733
49937
44317
49891
50290
55491
49090
71162
45614
47872
43759
46649
69584
72153
72139
44727
48585
44185
47437
48448
48704
50332
44671
55788
58174
69456
44811
45591
49776
69173
44321
44641
64914
56045
61025
45891
58230
59449
47299
44171
44586
47225
48666
77637
44165
45531
47919
48370
44506
44705
47012
47594
45222
50367
49175
47487
65438
43641
44160
44435
43687
43753
44685
55422
56175
59656
45144
43551
44575
46757
49057
52415
44071
51342
44016
45728
50242
43679
44384
58368
46178
47137
47523
46683
56420
45343
46876
55250
48954
49724
52197
44703
46960
51013
43993
45825
46377
47445
48283
72804
72817
49266
48407
51992
46548
46675
76546
48429
46672
48349
48810
51141
67070
43596
49301
49690
56190
62047
48465
50732
44059
46543
46548
57114
58864
48684
48810
45599
45812
51703
45484
50494
70493
77121
45011
47269
44809
44844
44641
44891
43606
64098
54088
44788
47874
64338
45926
46283
48351
47945
46149
47486
48765
47415
47571
47832
53624
57406
48889
74639
50487
45014
75139
47709
56925
57990
45326
45779
61318
45967
44165
46627
50951
53152
44710
45060
45713
46218
43750
43753
45447
46585
49866
43612
45057
47650
44891
45830
49345
54924
43960
47054
45664
56426
75973
58271
44235
44459
48048
48345
65538
45251
49600
58133
44508
45851
43859
44882
54588
55099
44564
46030
47724
50520
52991
55352
60797
77652
46540
47132
55377
47786
53397
47097
48935
49131
55595
62559
65752
47509
72339
43681
44070
45071
43955
47278
45110
47626
50874
44085
73419
44755
59813
52417
52165
54828
44809
69741
49139
47463
49416
51799
47047
51051
51703
50233
52447
48298
49471
44770
50756
46543
46545
47102
46936
62013
44249
46978
48000
50328
52185
53365
66042
46039
44318
46181
49258
44044
49022
51195
52556
50908
54508
48323
45734
46454
70435
49101
44130
47262
49125
51330
57452
60135
79038
60679
57360
44794
50205
50127
50476
52896
53214
49029
44612
45899
50411
61378
43847
47140
63151
52608
53195
47528
47611
50106
45638
50612
48757
45667
46663
54644
45612
50664
75421
71625
46673
47444
45808
46383
48741
50927
51135
56286
46781
48531
44901
47207
47822
48706
43792
57141
47366
48422
48751
47969
75953
43728
43816
49349
49789
46083
47905
54645
64595
62843
45128
46825
45031
45074
47571
47711
49491
49872
43732
45779
50262
54978
47711
48159
48340
49734
44828
51202
71194
54673
49008
50188
50633
44476
50385
52226
58055
47577
49276
43741
48109
78954
45613
44745
59053
61955
45880
48217
44448
49955
62800
43951
44417
45135
51528
56662
45556
54947
58399
58464
50755
46431
50452
56118
44020
44751
58779
60561
49298
65490
47965
48365
44814
48682
45061
62305
45126
57807
48184
73137
45135
49439
47455
58311
46597
46939
44904
53199
45640
46467
55381
58703
44429
45741
44683
46076
50272
50478
77734
45484
65978
45789
50333
52924
46979
55718
52326
63634
49594
50358
50324
46415
64226
68656
45598
44827
45154
44391
60393
49390
50334
49924
43877
44985
55887
58282
59059
44779
46021
64642
52632
55995
50774
47797
58989
70675
51578
53674
51705
71611
48890
50952
52578
69382
47175
56213
48028
49601
76532
44481
50725
44938
48151
51437
53447
46453
47779
47841
48867
51435
47647
57624
47016
48082
47495
57303
52905
49796
52925
51627
58203
51578
51610
70669
49425
51343
45687
44185
44667
58193
59888
52614
52729
46365
49837
53496
55535
63035
71339
43955
44918
48232
48377
44258
47644
48996
66236
58222
43909
46172
47591
49372
51881
44552
47907
43899
46823
48595
49606
54398
44168
49852
49086
58299
47223
53367
65865
71723
46057
46423
50694
49567
49734
61830
47706
48602
54640
45696
50261
47347
44974
48037
44149
45614
72840
47142
51273
45084
53198
69946
44121
44769
44016
46116
59678
69502
43946
44946
49847
52151
46106
57423
45588
46756
45118
63300
49828
46981
69847
45814
45832
46539
44072
46189
48372
45558
73386
44658
47871
49626
50720
50299
74575
44554
45110
45241
47851
44678
44893
48600
51168
47510
48613
71764
71777
75407
45072
47070
45815
72500
77566
47132
47782
44080
44454
46708
47342
45187
58611
70556
45311
46198
48227
49220
51221
46141
60897
45084
46514
47937
48606
49618
55174
47613
48093
45557
46803
44434
59387
48620
44449
72900
57755
60346
71348
72549
51292
60073
60858
46958
44898
52419
53191
58657
51006
52186
44729
49198
67208
44668
46554
55909
63484
65373
46162
72964
48097
47312
47630
49256
52999
60172
70072
51595
67780
44457
45749
66583
64708
65020
46291
51500
45626
48949
52075
56520
58185
46731
49311
49568
51140
44735
45422
46084
72984
47018
60798
45926
47138
51491
52072
45222
71932
45662
46931
46128
64912
52532
55156
69601
48638
49388
44659
45454
54848
45127
47487
44597
56430
58808
45229
45336
45386
62503
62844
50129
59634
54460
51135
51635
69706
50819
53108
56963
53200
56883
58897
47241
48118
51584
53686
46727
44136
60957
48101
53603
54635
50127
45580
46359
63427
49279
52307
70418
70428
49787
52482
61559
48861
59814
47792
57075
51922
53809
53929
44524
45418
58704
49687
44173
44242
46840
47498
45202
45631
77457
55165
73150
44296
44547
44345
46581
50619
60519
48540
48636
49659
48468
49496
44299
53319
54083
58571
46416
60327
67263
53238
44260
49157
44472
47995
50491
47048
62972
63222
52401
45198
48012
73571
49308
49736
62614
53472
47384
46629
67877
44249
49723
50840
52456
52578
46538
50220
48057
48084
50040
46494
57161
55208
69066
44192
45100
46035
44599
44631
60134
70588
48558
48613
57681
62215
67426
53439
54043
74151
51322
46053
51771
48496
48558
47342
47685
47919
48058
48459
61836
44984
45343
46956
47826
49620
50028
51735
48774
53580
44799
47994
75073
51439
52571
57729
58975
46021
47159
44386
47859
69718
78606
51668
52188
47909
48780
52097
55639
67818
46834
45051
45266
45269
54359
47465
48542
76552
52420
54266
44432
58699
46398
46554
60035
48320
49501
60704
50104
68447
53235
50768
51261
65034
55322
68229
45232
45422
48143
49398
73598
48734
49253
45036
45495
44504
73423
45058
44283
48742
49540
49823
45747
54155
55115
51098
78738
58340
50921
48377
48456
48781
49241
53294
55079
59421
72814
44759
51588
55446
51292
75201
45715
73543
47762
48048
48731
65996
66047
45747
48017
49437
44547
50595
54086
46702
47204
50282
46533
44281
44664
47686
49747
45045
48454
52106
59024
53263
71787
71808
48983
49935
51211
58106
61469
49223
67148
55823
69024
56562
60276
45287
56132
52346
51119
61326
48365
48864
63058
57207
48764
49553
46223
47160
48737
48140
48252
44439
49465
51167
49696
50234
45337
46102
44747
48018
49639
46160
47733
49421
49700
51553
46799
48122
56629
45030
51530
50087
50468
44842
47807
57954
53437
45526
46686
49475
44377
47030
46756
47104
45115
57035
56152
58688
51660
53043
45025
52971
57550
46640
52641
49119
49862
50183
46454
46736
68066
48832
59906
50573
47697
47425
52912
47540
49353
50252
47476
49056
49226
47043
48337
51518
44912
44915
51838
51521
47266
48050
45638
50741
47104
47962
44667
44933
51716
55299
47390
54956
68034
45832
48589
45811
46182
48017
47485
49878
52317
54853
48169
48539
45086
67104
45211
48777
50295
44611
47267
52203
65542
46925
51577
49789
50989
68245
44915
44933
50306
59286
59862
50666
52626
57871
51775
53964
49696
47340
50101
56215
58170
50308
50644
66998
45776
53588
75306
48220
49502
78904
54447
60310
48262
51610
51912
50662
78615
44552
51046
51576
56534
69077
45923
49744
46084
73066
47101
47115
44664
47398
59544
48327
48526
58306
51783
45092
71841
44689
50893
51433
52856
48159
48456
76377
45634
46522
44472
44942
49592
45154
57275
52519
52934
52951
63233
63497
50825
72507
46277
52724
49089
55798
69686
62157
75589
47845
76433
69796
76526
51052
48521
50194
62162
44460
45681
46689
47351
48230
48406
50053
51819
61644
53379
44912
45448
50178
78309
59923
45241
48635
48661
51225
48688
49040
51030
52904
54066
66713
62518
62898
58365
59330
61039
47664
46465
65378
49217
49989
46596
49020
49566
50100
45226
46695
65094
48320
48350
46891
58797
49088
49719
50253
46874
47115
44956
78873
46736
46874
48905
49973
75220
78714
46968
48913
44991
45292
48413
55156
45870
66318
52291
54103
55670
77504
51195
52242
47499
48033
48484
49921
54755
55194
45598
48550
47418
51959
46233
71569
71617
44871
47160
47163
47464
50529
44515
47111
55504
55740
59470
60761
50780
51357
46380
46492
47191
50568
53518
52794
78316
57928
57956
50099
47992
49158
60100
74061
46493
47033
44710
47858
64273
68306
53502
54090
55339
62366
44528
45666
46852
51742
54795
45252
55504
52399
46516
57409
62013
47499
47560
75259
79107
44449
45218
45449
51052
51271
53666
46128
46358
55174
49556
49891
51889
52429
69921
72657
45227
65265
59197
77561
45243
47192
44921
47689
48506
49865
46420
62945
45556
54307
44638
48731
50198
45266
75857
70547
45565
48563
49819
45906
46118
46572
64594
51093
58080
47018
61854
49405
70845
71891
50347
50359
45017
49847
49939
48334
59379
44802
49367
53222
51656
52198
57219
73672
48009
49529
45815
72598
45631
46493
71138
45747
45159
49635
67705
67837
44810
72893
64546
48360
64667
44634
57434
59272
50846
55237
56474
49724
52378
45315
46804
60121
48345
48777
63531
54560
56039
67441
48268
49581
48622
47893
49136
45450
47568
44796
55710
60139
73349
44749
49824
48125
46545
47236
44634
46516
46300
47585
46121
47295
60541
46358
46583
49618
45068
48000
50125
46802
47378
54324
44877
52915
44792
46937
52894
57065
46720
47636
61812
46367
51112
46928
47038
48339
57561
46400
46420
52049
46929
53441
48591
49868
52825
55017
71319
50091
53246
46380
46420
79112
50312
48371
46348
47813
45688
44985
45097
68839
76903
45828
56427
45149
52090
70573
58981
44925
45758
53662
59477
60915
49731
50574
60320
50780
51072
44848
45152
45647
71838
71864
49017
51572
51353
51849
59502
57164
54145
57617
48842
48877
44794
45667
50077
53325
60312
48493
51879
52785
50201
47235
65503
49778
47487
47560
60190
73517
45801
48655
51233
45857
50036
50130
64451
64523
56869
45426
45938
53467
50729
51187
56359
56661
52198
52256
47030
46111
46150
59429
45830
46467
46592
49533
48529
76331
48424
59048
62262
65268
46359
46592
45340
55534
52256
52271
52271
52273
51430
44690
45432
52305
47142
51485
69498
50331
50347
46249
51490
52924
46198
46400
48917
46386
49605
50904
54584
54472
44978
51309
74022
45708
47329
48503
45724
46618
46931
53081
74799
78237
55802
60333
67547
45932
46051
47593
48414
58970
45826
70697
44728
74766
47787
45622
71650
46920
45355
45728
46975
52716
54477
47691
48594
49915
47146
48243
49050
44850
46208
45410
45949
47018
46640
48361
52571
52638
47515
48522
46533
52554
50183
50331
45788
50071
48998
45159
45611
47588
49783
52791
55649
46667
61859
47220
47967
49021
47599
51571
54775
49429
46160
44970
45930
49232
59064
50557
45899
53227
47952
50558
45152
48285
50529
50924
51052
46664
48299
71889
56094
46765
56361
52049
54258
73875
47216
63543
52638
52648
52572
46677
57922
72285
46802
48260
53303
46620
50676
51215
54458
50618
51124
53904
52701
52981
48729
52889
54172
45958
47991
49356
48183
55965
55956
47978
58886
53242
63423
71570
55718
61008
74690
50340
58784
45862
46843
60448
67631
75057
47778
47081
50109
47699
75434
59532
49604
51613
70667
77103
48190
49281
75255
54039
55674
45198
49921
49929
49827
49926
47235
65914
47941
77591
47844
48014
45568
49730
64019
45741
70666
76361
45926
44892
45570
55431
50494
52631
44987
45353
49347
50601
49146
46286
46051
53021
53032
45301
60353
49926
49929
50116
53016
53021
52090
52506
54992
53016
44846
45972
46281
51687
53974
51878
52727
60038
47941
49395
76181
45543
47457
52208
52611
49316
65799
45647
45788
46945
48325
51408
64061
56557
62278
46016
75223
51249
47840
48602
44957
63118
46280
53032
53117
49666
51028
49072
53987
52407
49518
49885
59486
49096
48872
45257
45573
45660
70922
78438
48636
50396
58667
48662
45263
50310
71871
71890
65860
46006
56818
45162
46846
47136
48339
51647
45114
45283
48607
49391
45340
46382
46417
48440
45608
55242
53873
55757
45693
58104
69472
47599
45539
62104
47303
56322
57575
52057
50119
61748
47496
48343
59736
47081
47325
49641
45758
45256
65753
46938
49972
51445
68173
59674
50816
46845
49948
49686
57740
47895
48439
49470
46129
46158
47568
48183
76309
46990
47896
51635
51912
55417
69370
57482
47500
47387
50120
49286
56579
53747
46667
60093
46468
47012
44945
57451
44864
72680
46464
47110
55360
49228
49996
52070
49167
53118
45421
46464
53298
45745
46240
54339
56735
52211
45529
46309
45767
52491
57492
65442
45738
61518
45073
44871
44980
46888
47001
49461
49353
50008
48887
68491
55378
48798
49320
50869
49460
49858
70496
76317
45889
45470
48201
48846
51227
59754
46676
54168
48107
49769
56044
61576
56307
59252
51215
49617
51645
50886
51838
45360
50607
45015
49238
69762
52880
48189
50741
51802
53223
45678
48795
45492
48985
52932
52251
45068
45291
55269
49587
53357
47295
47387
49705
49950
45353
49361
50379
48040
50863
55383
47326
45221
68010
47962
49112
47208
48078
46968
61132
47535
47685
48743
45884
44922
63089
45184
66532
47431
78079
48945
47581
52542
45808
66282
48823
58556
55668
47239
45981
46152
47326
66261
47235
45466
48419
50092
50623
70381
49476
50917
48160
48779
48931
57839
61042
47493
56853
60080
46364
53742
45600
47048
44962
48593
70589
74953
45135
46458
47639
77254
77651
50011
51503
46423
46711
48505
51468
56786
49377
68567
47236
78086
45725
60747
67179
46313
51082
53461
48845
47110
47236
48928
53044
47215
49788
45788
46108
46491
47234
46237
46399
50906
45988
47749
51166
52028
60806
49855
69162
49107
51583
46132
47287
74987
46583
46618
49554
46111
46414
54143
63590
50823
48122
48273
45395
46005
70548
57967
45731
73694
75387
67825
55657
47850
47601
49781
46108
47367
63436
57261
77280
55332
59984
79020
46486
46937
48296
52000
45553
48929
50139
59060
68379
49239
49342
45840
50208
59050
45073
45322
56637
48661
52147
48460
49933
50901
49408
49418
75688
71295
70948
79043
47515
47679
45083
64437
64694
71216
55121
55855
45227
74116
45448
46520
54923
49710
54292
46817
74931
49501
49827
45229
45523
64055
47766
51436
51795
49230
59487
49060
54873
65706
46675
47973
62135
49963
46047
48689
50011
67485
47324
50526
51617
66324
59914
47982
48063
50806
58477
60180
46162
47635
49231
45862
46981
47657
48864
46435
51738
52832
45235
49985
46640
51066
46355
54042
45490
46330
60868
51110
53656
55958
46087
46220
52922
56778
48831
50606
48694
45980
54313
46490
50849
46026
46383
52675
65664
48505
60518
46187
47605
48112
51090
45372
45383
50934
51385
64123
48607
49387
56970
52363
45136
52653
45419
45659
45192
62704
45891
46458
51621
46436
48389
69330
53995
56962
61605
72393
51256
45882
52164
64843
47326
66629
48311
53986
48170
49274
47672
50085
46112
46130
48358
49548
49673
55852
45327
46008
59954
47960
50514
45826
46005
70621
46151
59308
50639
51008
49532
49934
50632
53089
78025
50870
52248
52889
54344
45451
79108
47428
68357
52888
45322
45419
46931
47533
56768
49023
45664
48612
45177
77439
53566
66062
47500
45580
49879
51269
46973
52838
57533
65898
75001
47351
47533
68891
49765
45762
45950
67255
45734
51178
48172
46043
46957
49862
50950
52229
49702
51196
49244
53381
50805
51248
53141
47818
49936
53368
56060
60498
49219
49732
52930
49419
66141
46911
48302
50818
52506
54411
53714
50386
50488
51192
49481
76225
49107
62799
49059
49091
47813
47922
68166
47724
72196
45573
45857
73486
46479
72519
52648
52227
55349
75893
45652
48957
50235
56078
69739
48350
49948
45856
65394
45818
45855
49272
62794
50623
51482
48981
60657
71698
76443
53909
48033
48897
45895
50790
56648
48855
49366
49660
49988
64296
64521
48827
50169
68629
46052
66006
45806
74053
52193
52196
49178
62755
52330
52613
75019
48423
50754
51793
75162
49754
56464
70098
48960
52711
48547
53707
66564
66048
48060
55284
48711
46447
70878
46904
57795
47301
50737
54221
67210
74454
47386
50097
50736
51661
53347
60505
47486
48358
47287
47579
78522
45473
48795
47566
48670
59025
60421
52297
46326
46455
63864
72615
45456
46471
52789
47642
51033
63468
45439
57076
45445
46784
46126
46680
48435
51602
49172
45314
46626
51449
51599
57238
62090
46437
46579
56165
46518
49703
50500
68559
50854
49952
52553
45659
45970
46804
47215
59203
58850
62763
45343
55835
56223
57331
49243
54029
54096
48273
48358
45851
46643
46546
52351
46588
62165
46702
50134
46711
47066
46144
47338
49756
56230
57776
54415
70862
73969
46840
50741
51496
49342
50042
46416
47602
48803
49906
63229
63853
53041
62856
51566
69933
49714
61755
62334
71884
71897
51564
56013
46279
51748
55966
73123
48301
51313
46282
45799
48122
49753
49321
61832
50890
52270
78446
46824
53454
49062
46604
46778
54191
78164
45641
45601
49794
78061
52465
51315
66691
56780
49549
45436
46391
50764
54986
51261
51524
68705
46172
47094
60962
50193
68442
45570
49857
50690
51892
56144
54302
52248
52273
45838
54229
61952
73317
56587
45471
59022
53659
54981
72412
59590
45528
48091
62735
61690
50649
78343
79066
55124
46752
50908
53408
45732
46173
51017
52750
57116
57717
73357
45868
46656
49515
46102
54677
51950
46288
71508
46907
48334
53329
56646
46038
59634
51257
45857
45953
73446
46115
47875
57316
45856
65534
45895
65587
46717
47671
48028
46741
50171
47681
77757
54315
54457
46712
49096
56248
57164
45409
47854
46825
46854
47341
47386
49218
64962
55585
45846
48934
45863
46530
47438
50301
55192
51600
57201
48017
67244
53245
45691
60905
58495
49840
58438
47209
48272
73632
48644
62263
47325
47401
45552
52776
47062
54230
55781
59396
46142
51722
49059
49384
51279
54523
51859
64459
60986
48380
65734
45785
51099
53585
45991
47142
49711
46038
45924
45983
48689
47797
47872
48579
64135
53115
65854
50740
76671
63768
45774
62628
74943
60097
54475
45536
50995
46718
50111
53721
47131
49574
46736
46531
46634
47215
47401
58906
61548
45461
47393
48016
47696
51783
53512
59278
50818
54038
48124
53135
55137
47386
45790
48529
47479
64159
62315
46097
71853
59991
62315
46863
57968
50177
58301
49173
57624
46595
46699
50902
51472
50940
61670
47943
68843
49564
52048
46040
66409
45661
58813
60542
51332
57125
49255
58095
56069
61119
49138
49435
50798
47344
47946
46493
49133
68572
49235
52734
55799
47675
48745
49020
52978
47885
63741
64535
50598
54769
51377
65290
73908
57003
57136
49227
46926
78281
51850
69361
61119
48579
47557
48183
56744
74250
50034
50956
50214
51745
51818
51291
46175
46367
47025
61449
48002
51396
48003
56470
47360
48599
51836
79126
50724
57736
68671
47819
49820
45567
58851
48085
50976
47639
48243
49289
50007
50916
51925
61297
51209
52664
48145
70687
50535
53206
56257
46783
52681
56428
46423
48477
45958
49867
50459
45588
68204
68321
46975
46067
52500
51102
63097
49294
49588
48964
50216
51554
46854
47559
47819
59149
46041
47175
78172
45953
46299
53018
60529
61002
50273
45648
61142
62061
47081
47341
48838
46548
50524
75291
49397
52884
48919
52970
56760
64318
47981
48679
57538
51222
45602
48308
51150
53631
45831
46460
71475
63520
45732
47303
49040
45696
46130
54534
49081
49990
51463
51841
46502
48297
46000
49112
49911
47430
47601
60283
62314
47671
49601
50624
46753
49768
62517
48304
49025
46715
60099
63219
54828
55372
53195
53944
56000
57209
58535
48951
46143
54064
46635
46724
49971
49989
62249
70082
47985
46438
49810
52059
46807
50284
65732
51033
64009
56441
47343
50151
57836
49965
51539
52548
49384
49675
48369
63329
77743
50644
51658
53075
46185
46365
50064
68264
55144
52448
53416
54332
48016
47441
48511
54562
73583
49670
51766
51960
58730
69027
69954
70244
47219
48436
77041
55075
57445
70953
50827
47770
51072
51670
46747
46917
51623
58804
58618
60206
48745
55403
49758
52074
47047
55827
45970
46507
49007
74653
51865
46270
51949
75795
78424
45725
45990
46476
47001
50008
50291
46663
46724
58173
58230
52466
76528
47596
54631
48045
47483
49323
50589
51388
52347
52860
52082
54507
49956
54811
64718
48399
49791
60815
51117
49406
52135
49084
57239
54352
55957
46663
46959
45880
51085
62238
47100
52852
46077
46095
46579
47602
58832
56597
58740
47247
48472
46514
50022
50038
54213
54329
47089
47269
49169
49083
47309
50981
51816
46875
71264
50038
50789
46362
46460
47662
51447
54857
64088
66675
46945
52151
46189
46669
52543
54096
54279
48721
49165
47548
51231
46647
53422
49454
53150
46848
56790
45931
65411
46495
46945
46300
50225
65032
47769
50442
48272
48908
47826
48400
51244
46818
49244
47668
48244
47601
48241
74041
45891
47509
47329
58049
48474
76144
50570
53266
55443
69572
46099
62646
66092
47066
47691
45854
45876
48028
46737
46808
52818
55813
50144
77105
48536
49703
49761
58568
65163
67820
47898
76793
48332
62261
47251
55868
48556
53559
64181
48166
49981
47555
55818
50373
50473
50960
48897
49808
51410
63223
48486
63570
46999
56363
49777
46520
46935
47483
49304
49364
50940
51630
47451
53028
55158
51737
53678
60854
73775
46069
46912
49660
57802
52365
50487
46972
48644
45939
46029
70619
76695
46502
46539
63244
55061
68364
46721
46776
50665
56983
56211
62257
48932
57665
53519
56470
46550
47044
47197
48056
48881
47388
48955
46935
47276
52040
52686
64993
67369
47052
53522
51734
52129
52657
64794
48828
66635
49358
55540
64683
48300
50073
50371
51189
46803
47693
48112
60669
46970
50319
67860
46609
47250
56309
49574
49626
50808
48066
49730
55363
62386
46328
49359
62815
47159
48244
50854
72668
47881
51259
59497
46648
49528
46743
46849
47269
55993
49667
59732
62703
47312
48514
47769
46117
49841
66505
47250
48681
55892
66854
46067
51743
52662
51139
46391
46526
46152
47039
50956
51434
64703
53490
54299
50683
60207
46757
50140
65263
49090
63656
49294
49316
53769
47000
70453
70523
49731
51673
51891
53694
54687
78223
46223
54479
46041
46311
72414
49082
77675
78341
55975
56212
49496
50364
50580
50770
51637
46294
57988
69523
48063
48696
78348
49914
72202
46598
46988
48783
53584
54339
46227
46252
46978
46569
46335
47149
48776
75906
46397
48507
48985
47594
47779
50841
47425
46410
49138
54243
60178
59131
46563
47471
47479
47519
46306
60000
49632
71262
47868
49675
49892
55308
55636
59240
50602
46968
46979
49831
50356
47713
63289
48579
64646
59706
47047
67257
49458
54884
79028
49538
49752
51643
47685
51403
72916
71366
47023
47200
73044
47541
49596
48960
73142
78893
50341
51657
65040
49307
47158
56787
47115
47632
51313
45990
46241
46964
50686
50703
57679
49066
50636
46687
56506
49911
50483
52551
64951
47411
49025
62811
51164
46642
60499
51118
47376
53290
57069
65785
54589
48091
53388
49352
54153
57427
54713
56082
50401
77705
46672
56302
52307
54206
53545
49210
55781
57735
47194
57215
51815
52213
76340
55576
55752
46900
48515
52173
78157
46079
46658
47023
47120
47587
50476
52397
54405
67267
48453
54616
50044
53739
64333
47962
68422
68655
48015
50001
56087
46965
48820
56949
47054
47165
70090
46727
49587
46299
47020
73327
66796
46989
47212
51392
56594
51605
46442
63199
46343
46959
53080
46213
50197
47987
53432
60024
46257
52677
77713
78625
46329
49528
52527
46414
48311
46360
53822
59717
49693
46481
57236
46871
47672
47682
70264
47387
47682
52937
46270
50739
56410
63253
48100
76453
52438
47754
48065
48675
50236
47367
48233
53088
67131
48063
48319
64512
46207
59089
62855
46961
64340
46775
57961
51524
51747
48552
71797
47244
56370
47884
48002
47079
55142
52899
48818
51095
52289
52347
49030
77264
50299
53571
59148
63659
47222
47285
46820
47366
51593
66076
55807
66676
46636
46793
70441
70471
47086
61002
50584
46834
51296
47812
53346
54603
52178
57118
68807
48644
63262
46983
48713
51543
54120
47374
54326
49882
49576
50708
50817
65644
74641
58381
68518
64841
56612
62910
60290
47749
47596
52237
46507
46862
47558
51665
49833
55067
69904
76639
56156
71343
50716
51955
60348
56333
47033
47559
47470
49688
47350
47616
46849
47050
62635
54256
63136
53592
49146
67543
49491
51590
47275
47132
47430
50734
60560
51007
53287
51349
51540
54170
55603
47188
48949
53022
46954
46988
76470
48695
48969
51057
52784
52835
51867
51547
52278
52289
47973
48256
47547
60009
46797
47416
46689
48593
49393
47973
50778
78064
53055
71203
46725
51837
52762
47411
53682
48389
54902
52276
52278
47200
47429
51177
52274
52276
52274
52275
51793
52275
73350
46550
52267
48927
49388
46695
47754
64251
61617
78645
51539
51787
53583
54842
54148
49411
50467
77017
77112
48542
51214
76516
52845
48763
50072
60552
51318
52450
49975
56229
46661
51051
54014
53136
50931
53250
47841
47937
49741
53551
48682
48332
58689
51204
61444
50072
61269
64901
46748
46999
46299
50944
52233
50278
57733
56583
64421
52066
60410
54964
48233
48400
46444
64925
51105
56171
49240
49508
78921
58760
59755
63309
46670
51462
48743
49385
55755
46760
46897
61503
47276
48459
52474
46991
47203
49304
49713
51496
53422
49332
49425
65666
51101
47635
50542
77075
46376
48015
46505
49969
54697
49341
49455
55420
60504
47393
53654
54612
68471
54280
51432
50763
52483
58052
47233
46699
49036
49278
75212
49808
49892
48010
46987
49143
47846
54453
72301
48373
51065
49621
63978
50989
51747
65606
76584
77691
46430
47500
50234
52182
52807
49890
66966
46872
46925
60328
46453
47097
47299
47633
47986
48617
50490
67556
47697
53804
56277
46936
49895
50094
49797
50793
60074
56448
63906
69839
54950
63508
63618
50262
54228
46835
47454
47318
50483
50814
51819
52317
50502
53669
50987
54511
49063
48174
51312
47302
48686
50530
50264
51475
51875
52119
51474
47828
49954
47980
49217
56866
54729
48400
60139
52839
49046
50777
53180
53511
49065
52111
66270
50042
50825
52866
54778
52294
52226
58600
50586
47756
50914
50475
51600
61051
69950
48832
49843
49458
50469
50727
51536
51638
55722
51103
52908
47367
50527
51983
53851
62288
54116
54300
51023
46396
47366
47443
46827
65047
65259
60255
50825
50853
69237
49306
52254
48322
48670
50534
61675
51854
64021
70602
50500
74624
52021
52345
50779
49224
58366
48999
51210
52810
47497
49917
50046
64465
59799
75192
46482
49511
49928
47443
47445
51688
49445
48689
53468
48003
50610
46594
49163
74556
49888
50140
51011
50374
47519
59313
52168
53104
62148
47048
47789
47429
47628
72851
54974
46695
52435
67851
65287
50026
52007
48376
59929
47780
48171
53803
51797
52716
53274
50959
51710
51804
48973
49454
50102
50170
47261
51060
47565
52335
46669
48491
54065
61921
59085
63170
46852
47856
46728
47845
46862
47214
68189
47605
48299
52231
52381
52942
53794
58369
60851
63012
50749
54687
55010
59724
61472
52701
47333
73435
47843
50364
50673
68631
72530
78156
65997
46861
62055
78631
46725
52523
52669
51365
51626
52098
49422
48974
53007
50170
51029
52784
46916
50814
50853
51913
52496
47283
48260
54117
48467
51515
51594
50915
62464
64463
46918
46622
65827
64538
70525
71209
76386
47522
49169
64968
50360
47691
48047
50102
47483
49728
56863
48440
57904
48682
46759
47140
47397
47575
54805
78843
47084
49182
49087
51611
49728
53328
51966
52772
53879
49725
52588
59738
47700
47484
48802
49580
78397
49997
68271
56377
46573
46607
65002
57992
69464
49905
78895
53939
51108
62819
46805
52066
55166
48190
78743
46879
73358
52645
46706
51418
47318
47702
78883
49612
74511
47823
49874
55794
53117
53786
55786
53014
57136
66624
55584
47055
51044
51622
73284
48200
51964
65305
55364
56440
75197
70023
49050
50001
61641
62741
64989
47195
67812
52196
53997
55195
65629
65265
68076
75341
48241
48552
51704
52560
52685
47242
50777
52277
55323
47789
48262
58880
47020
47120
73268
63649
62159
50443
51398
62405
48282
52244
60718
46864
46771
48853
49263
55274
56769
52651
54959
58909
54660
68138
48284
47493
69406
59523
58373
53648
76426
53710
53676
50438
54099
54625
46658
71468
49212
75005
51151
52191
56856
47299
58063
48230
55204
53313
54622
47982
50645
47255
47967
52970
58460
56212
48813
78135
46957
59990
62933
72743
67762
57427
57218
47267
47463
50029
50361
47780
57135
50935
56443
56032
52022
54159
73695
47572
55421
50150
51845
51863
70565
72486
55385
57965
62122
79137
52242
53004
52110
61755
46794
58014
48072
51739
50817
52212
52720
57537
60195
50726
52299
72707
49329
50661
53811
47755
46676
47199
62016
62688
51070
65262
47628
47806
72788
52071
47363
47810
49706
57927
47163
52973
46697
48969
65052
46863
50128
50440
52292
51545
51533
61659
59302
74858
47399
48590
50848
51351
52841
55479
49115
50617
73702
59195
67845
49302
48329
58158
47085
68994
53554
66909
48845
47584
48995
72576
49822
53773
52190
54177
54186
49891
53885
48334
47039
77152
78971
48297
49240
78923
48973
49075
57621
62188
47282
75371
48820
71341
55907
56276
75121
72902
51092
49872
52495
74299
47310
53535
48842
52038
50313
55611
48515
50509
52610
62916
63177
47847
49430
50634
51278
73930
48912
49501
59081
46810
61285
50370
50569
53229
50869
77625
65386
66371
46869
51893
52293
48487
54595
56223
54554
55086
50417
52263
48000
69419
76509
49149
59736
65618
54930
53058
47346
47444
57883
48464
58768
61838
48453
51460
50822
74419
51690
50609
51477
65214
71538
54609
47242
49688
67033
76339
50668
50831
51316
73139
69898
57812
69385
64564
46879
47041
53963
77527
47114
50801
51242
46826
48802
49478
58002
65635
52549
52642
56001
54251
54092
58345
62894
59207
51810
49851
75994
52377
52332
73298
48111
48734
47042
51987
54054
51907
54192
56952
54123
55730
57451
55636
56461
57405
48190
60821
48855
50843
47497
47680
48556
48831
58090
59401
48279
53453
47838
49683
50458
52868
47058
47896
57813
75536
53576
53948
46951
68088
48065
49291
61537
62563
49169
65420
50473
51592
54766
51434
51821
50899
62211
48917
52049
50086
50660
53961
47967
51154
62179
74569
79045
47448
48521
60616
50827
72411
62377
63658
48425
48042
49803
53123
48486
48780
48268
49579
47617
62557
74748
48764
48781
49580
67003
47679
51579
47702
60193
61310
69492
48906
47371
46962
51076
50124
65409
63770
73359
52797
54200
47061
55853
46895
53037
69444
52322
53663
49605
52431
57600
61276
49512
50993
59520
62539
66207
47571
50592
56725
53919
58726
53020
59083
62280
52125
55011
52367
48047
48803
71613
57455
47756
48445
75937
48077
49270
53180
53240
47599
49123
77349
50247
53875
64778
52157
52421
50484
61770
48897
68176
55507
53790
53844
47806
47996
54635
55679
76328
53267
56193
52910
58192
51085
54537
60363
55244
50428
50998
48944
52613
53735
78687
47940
47498
47777
52945
59901
60800
57147
48476
49874
47050
48663
55067
56405
68333
50295
52607
48181
48439
49330
47166
56289
54017
47306
47668
55777
56509
50436
74088
76293
74068
47543
49713
62338
49924
50353
48820
71503
63660
53181
64232
75059
50724
52140
52232
65873
49843
54320
48521
59146
58445
47231
64240
47460
48823
61990
52671
52673
52787
48491
67907
73180
58153
52494
56721
61159
50848
50879
50710
55796
47041
49610
51821
51853
52330
53601
52621
54012
51206
53882
50815
52153
52010
49165
50132
47471
48518
65286
63592
52953
56799
78385
62619
63148
65897
56177
50198
51667
68974
55735
48027
54248
76619
53971
56522
48424
48729
52064
52203
52994
54725
52379
79081
77255
48945
51955
50322
60630
53684
49487
50393
50533
65209
50588
48174
48505
49106
47857
49945
48693
47716
48311
53129
48582
50259
49512
47518
49991
54113
56366
75194
52215
50423
53599
52469
67756
65697
68216
49787
50428
75522
57014
58551
74119
49109
53252
56353
49092
49385
50115
63064
47261
50738
51879
47119
50387
70913
51966
52757
51443
53159
48663
53107
48456
51882
59719
47814
48695
52796
55836
48472
49968
47454
50026
47125
55176
72653
74252
51306
52612
48168
55220
47468
53320
49089
49771
50750
54469
74238
48593
49457
53053
57895
51683
53373
50322
53004
53031
47288
48730
50361
50448
48476
49315
50437
50440
53050
48068
53685
64600
63228
63885
50879
51667
50971
53003
56260
49524
49754
63776
66103
48155
55070
57720
52412
50118
56554
55102
51729
47699
48043
75307
49512
47365
47969
59999
57397
56770
57227
57582
61622
52837
71699
48142
48818
49706
49725
48809
63071
50982
62983
57054
49742
53802
47998
52769
47392
48598
47996
48271
52033
48360
48420
74114
56718
58982
51678
55522
58494
51469
58641
52434
55672
56685
52634
51459
71331
79156
50950
52235
48117
48230
74809
49231
73337
49278
49359
50013
66730
50314
51140
52037
48678
48702
52427
47681
48450
48042
48306
52478
48410
51313
51482
67634
72425
47210
59522
53653
69616
69943
49792
47384
76702
55340
48101
56911
54546
55037
49537
51337
72950
52477
53680
48229
51630
53917
60349
65661
51827
59447
47564
53080
55382
55379
50342
47854
48702
48270
47664
52725
56062
57566
48986
53056
59140
77642
53130
52463
76450
49385
52077
52509
47217
51571
50285
53451
57244
49718
53706
54695
47850
50706
48948
51371
47906
47915
70193
53463
47420
60972
67899
60001
50672
47330
47528
72150
76539
51641
48178
49231
73452
51299
54340
51265
51900
49052
49893
50113
48285
47868
52263
78519
51828
60029
50159
53774
50546
50608
53482
50325
60088
56326
61231
51369
61650
51771
52683
62089
47358
47819
52705
49177
49895
59121
47417
49325
49937
50063
50040
58836
62102
55815
67511
59855
48983
54774
54007
56355
54439
47767
51032
48642
54211
52005
48503
49848
71052
47684
47978
58558
49895
60983
51990
53541
47364
50509
51778
53308
51426
51102
51877
47277
49704
53535
53981
56266
47926
51086
77161
50405
47398
47535
61506
47394
71024
48427
48433
47444
51408
49422
48279
49083
47590
47456
56944
49016
53526
48282
49343
51975
52191
48445
48688
49045
59654
55042
50540
54865
47448
47781
52157
52207
51118
65897
47578
52177
52327
58162
58223
50238
51762
52374
50401
58238
47938
48905
51079
65832
48706
49471
47495
48685
56501
48440
53791
54077
52530
54077
48132
48816
52624
49276
48813
53474
47475
65764
49429
49518
57202
48382
59454
48750
48969
50903
55963
59515
61205
68893
52705
51809
53261
54999
60834
51567
69474
60568
49934
50860
48373
60201
47603
71423
75158
48078
49736
55643
49309
51540
52697
53630
55231
47817
66381
47418
48338
47933
51327
48260
48397
51590
51611
53502
47766
49764
52449
53103
48774
49172
50474
72723
72807
71862
76680
48293
73290
58734
52969
53134
72351
48998
49272
50236
61977
59169
58927
51603
56197
58493
47424
49639
52552
53119
50103
50797
66043
54857
58695
74822
47613
72203
50971
52161
51241
49610
51516
52797
54777
61877
52629
67180
52520
70581
70811
48380
49324
49984
59005
50720
51480
50482
55397
48074
53385
56745
54205
47863
49322
48097
48397
49929
61412
47492
51169
48473
52793
52723
54911
52826
56917
50020
49375
49516
57009
56318
52389
56881
47584
50374
73516
47603
71340
48359
51690
48681
53299
50495
49846
49366
49776
55008
70577
49968
55905
47895
50933
65280
55302
77217
53194
49210
52689
57374
53354
52602
49292
49798
48182
56347
59239
49971
50361
51126
48152
50640
47501
49649
52615
52570
50676
54492
76927
50492
51407
53254
50381
50249
50546
51812
53228
59557
77923
58058
51076
53876
49312
53219
68997
69346
58873
77440
48299
52006
63319
53645
69122
72094
47626
75104
51282
54435
56007
51586
76003
48818
49054
47689
51986
52920
51376
50429
60671
52342
72878
52663
75152
61510
52299
52472
72908
47578
49555
78654
52637
69190
50967
65879
66382
47781
51158
48343
54215
51917
52980
66876
50415
55944
48592
51775
57865
48012
48640
48688
51432
48960
73264
52141
49532
51479
47832
50604
57634
65969
47611
47859
49118
51039
52902
72350
53232
49090
51730
55283
51243
58072
48271
48518
48570
53247
51740
47673
79127
55288
75563
55683
51686
68213
70297
64268
66380
50549
53239
51007
68361
53639
76709
60384
59020
65301
55027
49528
54177
56150
51129
49430
49725
71071
71357
61533
50413
51501
54608
48522
51438
63260
50700
51277
53515
52650
53689
47728
50001
59092
50548
51251
53201
52284
55216
49010
49931
50721
48473
63440
69650
69822
48267
51628
53241
49148
49309
49216
51327
54487
53145
54387
60130
51768
48269
49845
50413
64548
61892
49241
49705
53026
76154
49111
51151
48581
48640
75715
78474
66079
52379
53456
71107
54625
75132
51531
55060
49250
57601
50313
53425
51078
67456
74983
50883
54592
48622
67800
57200
48519
50124
50269
52531
53960
56958
74773
76760
55774
58509
52683
53059
60428
51121
70261
49292
51157
51283
49685
51293
50177
49848
49931
50591
50909
49782
50821
51761
47831
48762
52815
58120
47832
64209
65713
50583
52658
70210
48803
49844
48560
48765
49238
51243
49558
59008
49244
49321
48065
52605
53615
74900
58688
59567
47960
51125
60253
51417
49140
53029
70538
51756
53556
49031
48908
49967
54463
49665
57306
48026
49281
73149
74532
49347
50068
52472
58964
53165
55290
70938
48223
48565
78822
51649
50128
50901
47907
51046
55931
48531
48581
49163
69534
47894
72764
52329
52735
54664
50098
50370
50515
53733
61741
54165
78585
72644
72732
48916
49263
49927
51902
57069
49635
50254
51160
76605
63044
63435
75823
47954
48407
49937
49866
50739
59595
51502
53002
70420
48201
47809
48040
53943
50975
54079
49858
50050
48757
48823
49117
49361
47927
48498
49007
60041
53064
56708
65762
56837
59041
50728
49877
51384
50981
49347
49361
48762
49409
48562
64104
53113
50943
54270
57350
75239
50916
55342
51558
53364
70195
63767
64390
48742
66020
51589
51824
68291
48475
48654
70405
48360
53737
56461
59206
48181
48232
52336
51756
55348
51694
52024
48654
49056
52643
70427
59473
48853
49218
53384
66711
48372
60783
48293
73360
55750
64336
50303
74829
60377
48779
51369
54265
59435
53556
52441
71223
48475
52108
49714
49810
50260
51470
53034
57109
50987
53530
47823
52891
48312
51285
51018
49741
50020
50745
52311
48915
59119
47817
48330
48416
53536
53724
49253
49556
61652
74927
52056
53324
61700
48825
48416
56292
50115
50583
48208
48708
62115
51614
52213
49084
52531
51639
50269
50298
52488
52580
54299
54636
54124
52003
58341
62587
49742
49823
57362
49138
49221
51054
52574
52454
51632
57082
72834
74016
58267
52079
49580
67347
76482
52938
49469
49790
52421
54318
49617
73529
49812
50220
51628
52828
62975
49403
57304
48094
52204
47919
49117
51493
54886
59213
49155
50181
47835
49413
53981
48275
49258
52066
47850
48934
76600
50591
51013
53023
49524
72979
77814
48938
68292
48786
58067
48429
48800
69160
50276
57361
55495
53766
51874
71938
50696
47945
47978
48615
55005
71978
56629
54438
51585
53240
62648
50238
52021
50880
56411
53181
54224
53736
52405
48841
49443
62830
62677
63608
49219
50298
50599
55825
48429
50267
48405
60048
54206
59222
49582
50087
59282
60558
49986
62394
53067
53302
50051
50436
58897
47953
49927
53290
49240
63332
70429
54512
59776
52331
50611
50697
75294
50929
52257
55678
58100
54163
49056
72676
61225
53794
56445
58439
74448
57298
57467
50929
50942
48070
49797
51642
58136
48786
50083
49880
56123
49222
59161
47945
59949
49973
49201
56446
48235
48634
49538
52224
52493
47997
55505
53973
48660
57149
57284
52326
52803
68585
53884
55148
61013
54020
55317
54613
58732
54827
73305
48847
54593
54643
48037
55933
49265
49588
49936
48348
49579
59181
49195
51021
50042
50728
64395
52587
63334
53428
74056
74087
47959
50608
48326
48096
49834
53013
54648
54750
55010
55700
48418
53649
62045
48679
49505
52761
54453
56477
48514
49516
60891
61036
66747
63828
66475
50472
51375
52186
54547
48501
72378
48330
48619
65376
58533
49031
50238
48014
48872
69574
48326
52061
53975
64140
49058
59845
52600
67400
56665
78007
52175
73645
77143
49481
68548
51206
49163
52478
55481
49918
49877
53210
48622
71385
48347
52479
48072
70018
52960
66565
57146
60242
48477
54170
51608
52016
52018
57045
60185
72911
48325
49152
75299
54823
57803
56894
48741
57498
75202
48057
48140
61958
63167
49864
52751
54026
54434
55100
71472
48841
48883
63605
53991
79128
49225
50700
48201
50144
52016
69345
72268
59351
61260
52414
53862
54907
48522
49527
48275
50246
78794
48646
54516
48199
70582
49840
51529
54835
51727
76791
55911
60337
63830
49483
55463
53501
55118
56453
55017
57593
58077
52584
54579
62971
51570
62046
49092
65387
71298
50405
67464
49968
51512
52333
52833
48132
48151
49283
51760
69880
52238
57874
58128
51471
51083
51238
76837
51111
52353
66668
49581
49592
68633
48165
49044
50688
67218
49777
50571
50051
69911
48102
71243
48257
58850
59843
54565
57688
49226
54161
58398
59345
49831
51507
48102
71167
49044
51134
78959
52691
62421
52158
49778
49950
48773
52350
53446
49978
51780
56504
57876
58479
49028
49085
59870
60388
48508
51707
62100
51176
52370
50405
67551
49149
51712
52316
53735
49274
49507
54522
55888
72734
65201
68556
57355
51216
61076
71049
50555
52486
53859
55169
53145
54877
61026
51961
54099
67552
48308
48776
53040
52321
54528
53146
48592
48595
71394
51760
52536
49579
57888
53347
55101
55487
48221
49670
51466
51157
51237
69565
52567
51134
48757
55870
59833
66745
49250
51345
50604
50710
72933
62598
49704
65961
54298
57777
51540
51796
48931
50380
57494
61535
61106
56619
53843
54131
56871
48347
69087
48597
54870
49835
50250
49775
53267
56507
50583
51305
48974
49885
52766
73548
49675
55692
66852
71158
50474
49116
57224
57294
61018
48845
49711
48885
56854
48926
49259
50552
51038
64385
75476
51732
52892
68717
51465
52665
56893
49443
49571
62481
51796
51924
57881
61213
49406
50572
53481
55580
48883
50711
65410
65817
49190
72329
48361
48981
50310
52168
54498
54957
51282
65787
51075
50942
51249
66858
48646
48851
58470
48732
48405
49174
52832
54710
55162
48364
75305
70196
54032
49026
56613
50980
52048
53858
56228
48742
50083
55064
55167
52913
48619
49108
67606
72254
59020
59843
48748
65741
53492
49308
53109
53562
52093
48567
51689
48618
53090
55693
57408
58122
55693
56022
55552
58207
49331
49961
48287
71456
48732
48418
75822
74434
74474
53924
50060
54789
57597
51902
51992
48892
55571
49257
50276
71550
52772
53457
49801
51021
57602
52926
53111
53255
59409
56324
52132
69963
53823
50671
59237
61457
54820
55088
63793
52028
53560
60639
50495
50371
52495
52607
48327
49668
54451
57130
74213
50561
49332
50542
52339
54619
69359
48309
52001
65995
48907
52898
54532
52801
49845
50132
52880
48673
53377
58636
49356
63964
53854
57072
48410
49215
52943
55432
67757
53781
50953
51642
49437
50073
49427
53161
54218
56104
56746
49657
49935
74836
51566
53444
57106
61287
50413
52880
50795
52695
49995
50967
49784
71542
56800
48572
72799
74185
63804
65344
48415
48639
50588
55032
52030
48635
57849
49700
49972
49540
53874
50698
76769
49398
56512
48585
75122
51068
56694
50901
53857
54466
65657
51670
53127
50503
70311
56198
65028
50634
51616
54260
49508
70571
49625
66869
52451
58966
52707
53639
48524
51920
49768
51546
61094
55519
53173
53410
52778
55474
49265
57648
55536
58503
48588
61312
50132
74168
54152
49520
51274
51557
54359
60248
55174
56598
64792
48989
50041
50375
51013
59173
60206
49395
60755
56381
55727
53596
50175
55028
57667
49313
50664
53377
57741
49687
76961
78514
50249
50403
54381
51448
52366
74535
49322
52806
77635
50246
52914
57930
58192
49617
73621
53076
49505
49841
50495
51267
72888
48612
50201
49291
49990
50387
50631
54578
49967
50436
56883
58920
57295
55684
57680
48848
49226
63351
49101
49146
59754
50885
52664
53481
52969
73826
48633
53283
53056
53236
49351
50576
75408
52518
78014
55129
55437
75766
59169
48825
57715
49562
54596
53928
67402
55276
72896
51229
54897
53773
55171
56993
57692
56216
65543
64889
64060
68925
52906
53300
63803
55701
49289
55464
53157
54459
55567
51870
52778
50843
53813
59662
62876
63014
55081
57599
50403
51045
53504
54321
54412
61994
53535
54284
56139
55527
49247
50665
55462
59116
53687
48670
49184
63821
50121
51501
52404
75266
50084
51202
61968
50260
50481
51672
49111
59101
49395
53650
53955
48919
54049
48961
70674
53980
50259
54393
56079
76184
61009
69424
60571
55828
56314
57424
50867
51577
60653
53074
55570
49202
52001
59731
48578
71593
58691
50330
51319
77127
52438
63131
48538
49608
58189
60004
60013
50257
49477
52781
57435
50673
48859
68977
49603
64903
52440
52875
64664
49942
52486
52811
49153
49435
54243
50742
51876
51749
59554
76253
52947
53457
53498
55401
65022
52581
63981
51069
52292
56662
48929
58193
59806
56072
61687
50454
68516
53369
49652
62485
53556
53768
52744
49744
50798
75752
52751
53718
53808
62880
48667
50150
50532
58933
53100
78940
49668
54059
48887
53720
54360
51274
62026
53572
49047
49835
48792
62955
49066
49610
71474
50571
50322
62144
61625
50068
51589
76775
60956
53506
54521
50961
64179
76603
53740
54709
69310
50225
50487
53086
53198
57279
65771
70362
56516
50540
50661
53082
64223
53926
49677
50013
51281
52130
53406
49571
49721
61492
53605
53218
58019
49095
49323
51961
52084
75253
72253
72836
51718
76755
51580
64397
51089
54343
75237
49632
52704
50055
50121
58792
50795
49460
53911
50076
52502
53733
49108
49719
53362
64224
70782
48955
51410
49465
57427
59917
51352
52129
56897
50515
50611
51527
52811
69557
53498
51093
51597
55114
56280
55296
53674
55095
48909
66054
51757
49268
51128
52044
49555
49865
74450
52844
48867
48890
54834
59394
66587
55068
55198
50332
54303
53717
53370
52916
54159
52599
65284
62771
49878
50119
56909
53780
51909
56075
62690
50876
52757
53219
55738
49017
50375
51591
51473
59151
59279
67292
49424
53471
51484
56727
57569
49519
55532
53475
49343
51249
51321
56861
49392
62617
53377
61662
50481
53816
48907
49190
51544
50932
54724
49212
50178
49387
53180
48853
52091
50843
53541
54176
49646
51612
56201
68615
52044
52084
56241
56422
67487
68307
73594
52123
52595
53618
51505
51880
55701
52914
56106
75593
53493
50549
76819
52936
66390
49846
66661
50019
49128
50703
51627
53990
52356
53349
48775
49013
64100
58255
50490
54795
55062
58680
62583
50660
50773
53304
51609
52590
54415
57586
51170
49480
50272
52632
54387
54501
49596
57285
53745
57395
62620
51852
58514
75151
54263
55009
49424
50055
56842
49844
50519
50976
51450
50775
51504
60572
49096
51213
76758
61450
65723
55336
50058
66708
49697
54799
52018
53077
54275
49084
50349
55150
52961
74382
50721
51365
53059
53407
50763
72185
49771
50445
53337
56831
50395
57798
51904
50048
54722
56293
52300
50350
51040
70632
55601
61959
49083
59225
56902
57934
57826
67243
54257
57994
59458
48838
49023
50702
49789
60435
76275
50665
50740
51284
58750
50757
50876
56778
57068
49587
75886
55527
56058
58426
58482
54770
62040
62813
64050
50609
64484
52860
56220
67735
67802
58499
49635
49391
75466
62017
51228
50598
52494
55205
50137
51719
52675
53310
65987
57460
53840
75286
69976
49841
50215
56046
77709
51321
51365
51394
54151
61558
49255
60112
72151
51207
51934
49222
49721
60802
66052
54109
55242
49209
50569
50581
61343
52460
79073
52179
49156
53314
72923
56328
52475
52830
53342
52457
54682
61594
73227
52699
53297
67654
70193
54289
51441
51606
57964
50774
54317
54757
57588
71701
48944
57589
54361
52497
53221
75270
50871
55484
53350
53390
59565
63133
65085
55844
60343
51876
51977
49791
53590
70088
53784
54181
54091
58387
51864
52822
59753
54164
51609
74369
56161
57191
51441
51450
51387
58648
64864
51566
70254
63326
68900
69342
55757
49321
53569
53618
61061
52373
56697
52448
53576
50673
51235
53628
55449
54322
57204
77477
55399
59381
60383
53938
55628
51275
51913
58579
49785
51827
49750
52029
70603
73804
50477
51773
55139
58157
53323
52923
49014
76430
50749
50197
56524
57976
49659
70992
75635
59395
53783
49356
50459
64678
52648
52092
51045
54173
54416
50003
52184
53390
53436
53768
54050
60592
51572
51601
51548
60135
61008
64365
58319
56521
56630
52211
52390
70247
77459
51941
52982
50481
51326
54171
49713
54111
65681
51319
53982
54474
70390
70979
49653
50180
50698
63990
50232
49965
49215
49372
54377
51654
55402
57068
64270
54679
50101
50235
51504
51601
55089
49750
72720
49010
51267
56388
63473
49515
55109
76973
50151
52996
52217
74769
54638
69961
50306
50639
53350
53565
55104
55565
49659
50860
51093
54716
49027
51184
54454
56702
49451
49553
63498
64314
54872
53852
63073
50286
52005
55415
52499
53983
51696
53577
49275
53015
72108
51216
49889
71936
49597
51520
52967
51720
54443
57824
55865
56585
65367
74640
78736
57693
49149
54136
54403
55566
49660
54541
54736
56645
68663
60149
61164
64288
54968
59979
54379
71845
56975
51519
53022
51181
49266
50493
51505
52337
52736
55262
57758
76440
54316
55154
57938
75902
51479
55177
62429
53363
49989
53151
49296
55375
59268
49595
50117
64203
53703
51489
49719
50108
66264
57521
49731
50775
52863
52809
55560
50533
51616
54015
51305
51772
54242
56543
49164
51089
51767
54613
58803
61719
49982
77276
50632
54169
61040
59795
61256
76617
51718
76823
54273
50353
51440
49133
52151
54021
64875
49455
51492
55036
55334
68360
52189
63328
66636
56646
70359
60231
59941
58628
64106
49658
52328
71452
51718
49294
61863
58613
71991
51862
52296
54372
51029
51546
49529
59459
51808
77614
60236
56654
53413
56008
62745
63865
67438
51388
52345
55356
56068
51921
56233
53601
54833
78672
54368
55500
55746
50749
52496
57069
68372
52446
55207
50854
51315
49838
56418
54207
78957
49286
49408
50803
58706
60117
49709
56515
60864
51326
57493
66218
54853
57508
51606
52032
51466
60459
67155
49502
63968
53243
62228
69872
49409
55275
49554
56218
50282
53822
55371
61612
59910
68281
71224
67461
74613
70605
55945
54987
49364
50409
54141
55146
53944
56142
54864
50845
64954
59274
49377
49418
54969
51330
50080
51952
69619
54129
54762
72228
53161
56095
52249
55612
57132
54295
49593
50104
50576
54363
57626
53328
60907
53948
55985
49235
52558
50515
50697
49545
69984
49857
51338
55593
70513
77176
52109
63757
61223
62266
53935
77854
50519
50915
50589
51740
49893
50490
54650
57505
60240
52537
52858
53805
50175
59733
64745
78427
54901
52966
56860
75314
49923
52521
52080
60438
51680
63070
52159
50718
60796
53269
67139
54733
55447
57870
53358
61036
49234
49519
50264
61486
50660
59051
54835
58183
49306
50194
52905
71146
50785
50826
50208
53165
62556
65804
79067
59472
49486
54755
56221
51547
56626
52035
68755
63139
56821
57850
75134
49812
50325
55360
67763
52872
54021
50885
68090
52483
53297
53569
52815
56465
50750
51174
51867
69470
56619
52335
52756
50108
50580
68524
68478
55513
52944
52956
60710
50917
54406
51004
51458
57412
59834
57839
58328
52390
53224
60735
52631
54422
52553
51323
58260
51122
52247
49795
52674
49909
50117
50797
50113
66988
51165
51673
63690
55413
59830
50700
51344
54653
52535
50007
50172
49589
53570
51050
63566
50632
50860
51872
59857
55391
54464
54135
51889
57016
49709
53339
50610
52517
59140
53360
54860
53722
78269
54008
79120
54406
57877
57514
59690
49855
50386
56753
57085
60465
61128
63419
52300
57996
52348
56828
51065
52763
50471
50697
63103
73048
53426
54421
50138
50970
51014
53777
55975
49458
51908
70929
64532
68213
75981
50272
50467
52192
52566
50208
50090
51048
55883
55414
55433
55846
54987
50038
51421
55933
51004
51582
52200
57270
64639
66117
55372
56875
59864
50841
54325
66494
54373
73904
50065
50352
61329
53403
55955
51211
52145
50552
54311
55589
55814
55318
52382
57943
55181
55453
68019
49837
52163
50509
51165
53664
52123
52216
57490
75257
79129
60457
53374
73716
54969
52228
54144
53546
54870
61957
52812
49761
50469
50443
51200
51767
52843
71145
64847
54346
59527
54641
55066
50246
51479
52216
54792
49775
51069
52128
53732
66425
49534
53492
50434
56502
70157
49461
61464
79086
51772
52029
78972
54214
56187
51086
54130
57770
63823
62590
55650
51689
55201
49663
55886
49683
54945
50016
53667
54109
58463
51582
52211
51306
50149
54560
61607
56154
51106
59566
60550
51252
52127
49960
74524
55640
57240
55082
55438
51813
56481
61904
52444
71614
50682
59952
52730
49646
55095
57210
57929
54785
57651
53256
53361
50474
56050
50446
60325
50666
51618
50063
63485
49755
50343
56857
51615
54507
50254
55811
66255
49849
53642
50457
54279
55468
57025
55069
78285
52443
63362
51939
59772
51101
51108
51105
68821
76686
54619
55036
54303
55954
53393
50906
50309
53839
50624
50953
59528
57993
63688
67530
53559
49837
52206
50297
51145
51873
52181
67428
50205
62139
54413
53675
54183
52550
54910
50654
72750
57182
50468
50662
77482
56349
54885
55563
55632
73717
68342
69016
73179
50146
56555
50349
61049
52691
53407
53655
55107
50586
67389
50305
66581
58440
50691
51602
72199
51327
52540
52553
57651
57864
53861
59231
50625
56352
75165
51994
53697
59469
61638
62832
66025
51282
66302
50440
51069
50043
67012
67500
62917
57768
51605
50887
49720
54326
53914
54087
54296
52684
53116
74260
56459
52220
49720
49786
53431
51616
61971
63386
50249
54714
51510
57170
57375
58045
56237
57723
58532
49889
72020
57782
56316
57257
50810
51044
52101
50168
51875
52449
49783
50864
50556
53033
49930
62643
53252
70804
53736
56736
75806
51471
52159
51440
55845
51761
56343
52733
53422
55002
54704
57356
52425
53967
53525
55607
50292
54125
50955
50571
54598
51449
57421
60935
64825
66312
49727
54512
51033
54414
61665
62912
55002
55057
53313
50826
50862
57582
65165
68647
52417
50915
51363
54568
57415
63493
63876
51459
60397
51522
51753
53796
54046
68045
52247
52841
54108
52264
53336
52654
54518
74502
53876
55985
50236
50856
53988
55185
50048
50646
58310
51241
54176
54744
74487
68691
57412
53540
56738
50580
50810
50725
51502
51173
57854
57930
50122
76451
51887
50654
52358
56965
58286
68712
51468
51008
52540
49940
57071
63851
54432
54809
55013
52002
56888
50588
51045
51764
70384
53219
53548
54829
56537
52132
66535
54821
54068
53989
57037
66010
51720
54370
55043
53799
53224
53653
55563
56138
51099
53285
55861
52343
53247
56566
57971
54917
54035
77793
50078
52323
50512
50997
50771
53565
53922
56140
51344
51558
55867
52374
49794
56582
57844
50179
54650
56804
60306
56402
63383
60156
60533
65755
53602
50739
60903
52038
52068
67590
54998
55134
50351
51243
52126
54022
56547
67539
50125
68140
62524
77954
61080
73542
76870
77002
51299
50619
51597
53734
53902
54875
50943
55672
59061
51475
55214
72204
62006
56263
79123
56093
52493
52510
76022
52137
52767
74481
49905
54140
76376
52132
73259
57252
59780
54689
54780
55673
61542
54042
58075
60251
54760
51764
51778
54193
55007
51182
49984
51979
65754
61595
55189
50766
52976
50965
51503
51174
51220
75489
52138
55621
57678
59276
52119
52629
50020
69003
54623
53120
53101
58015
51241
54094
68886
50017
50996
49839
51440
51229
73751
53243
53271
54493
61884
50287
50305
60031
52111
53179
56635
62210
57195
53653
54050
50827
65505
57426
50993
53401
52029
52334
73309
52799
58522
70079
50594
51558
49820
72716
52923
71335
65641
51200
53262
53402
55548
56833
51044
51803
57945
55478
52746
55365
51639
54009
77398
57373
58890
51478
51502
50615
54649
50358
56391
51653
61217
62476
49917
60845
78419
50820
63647
77449
54056
56092
52220
51713
53392
73030
51852
52545
50332
50965
69654
59492
63760
53065
54497
52050
55641
61964
50787
51120
62940
61612
52277
54529
64445
76700
54711
55191
53491
54889
54948
52559
55427
51920
50586
58624
55073
56849
75723
50109
52823
50136
50385
55666
77470
51396
53419
54639
67209
68862
75338
53605
78425
54527
51515
51536
54025
52996
61898
54224
56066
52411
53402
61688
66782
54001
67740
51520
51727
63791
51612
55466
58099
54956
50050
50475
51251
72136
56499
66135
51324
51727
62837
55225
56103
55087
52702
54046
71009
50716
53276
70320
59578
53346
70113
50110
51507
54074
53213
69840
73579
55743
65684
68149
58292
53073
69089
52156
54464
66786
75691
50351
50396
50378
54517
51881
72337
52032
52462
49951
52776
57046
50396
53788
53286
51016
56623
62892
51530
56852
61605
50389
51597
50491
53870
56567
62252
64289
52281
54455
50658
52593
50098
50569
50750
56711
51943
50755
62031
70465
50120
72790
50864
51011
52950
53786
55126
55700
57671
55212
55971
50996
51603
50193
50610
58244
58643
52236
54119
61636
66220
67641
53824
56465
52305
55558
62289
55787
50596
50357
69060
50352
56138
51169
51205
72144
63975
68748
57574
53242
53652
55427
55782
51954
52315
70662
72371
55362
56091
59198
59039
55775
52089
55131
55433
58290
65670
59538
73492
73949
54696
56422
56953
52951
54406
56097
52257
53275
52100
59312
59388
56550
63491
50388
50122
54448
54652
56865
51265
52950
51377
51638
52048
54378
53344
54604
51478
75804
50356
71046
52462
56508
56718
60090
56926
50627
62506
78254
50324
51645
51934
50113
67338
56982
69428
51652
53342
55240
73191
74691
52771
50638
51450
55053
57639
53067
54885
51885
52209
53333
53764
51543
53047
54031
58909
52936
51332
71312
52623
56839
53411
53597
59818
60874
77521
51594
52329
50584
68614
56184
54414
54509
71280
56103
56638
74785
54960
71560
52785
54369
55346
71166
53673
55171
55334
58908
50816
53466
51649
76468
61087
61510
57682
56630
57971
71473
52534
52397
54612
51688
69956
53060
53809
50114
57499
56739
51121
51400
51567
53863
52968
50195
50546
56868
54391
70906
74876
55941
56501
63861
76474
54702
55157
61437
53183
51567
50536
51165
51891
51634
64051
54267
59563
61111
74950
61987
51649
63173
51589
52442
72963
62045
50534
51981
52497
78656
50701
53073
50273
71195
51112
51641
50412
52958
58123
53531
55270
51418
57319
50847
52167
68344
68903
58219
51363
51715
73397
60477
60773
57776
57922
54350
58612
59962
63243
55657
56179
57302
54859
54680
56601
78195
51085
62581
53445
54091
55044
55515
51492
51986
52063
56994
55751
60959
51836
52296
53357
54990
50328
50682
51349
58502
62606
77134
77336
56483
58283
78415
50221
51018
57502
58057
55007
55623
62229
51501
53376
50658
50862
64260
53591
57893
64785
53031
54287
54178
54254
55945
50281
55578
64482
52326
57081
57567
51792
72336
55749
56270
58618
51392
51841
55281
53853
55749
55772
54041
58604
65565
60564
53242
53275
60794
63046
55856
57179
51934
54909
73787
60494
69350
56943
65466
65892
70452
63936
64919
55847
59241
54284
54302
53611
51071
56352
50252
51407
69951
52824
62859
52442
52604
52171
70838
56291
56447
67286
53655
54743
56236
60439
50392
50893
55369
52204
50340
54241
69013
52063
55442
56953
56965
51543
53841
54966
55367
51619
67475
67871
57944
62215
56581
64553
51296
51732
51276
53234
53704
53183
76867
50478
56342
56714
51511
54430
65855
66081
54238
61056
67096
53922
54126
51804
53959
54072
59309
72671
52175
52703
52175
52239
51351
53336
69886
74366
56105
56415
51712
50602
53545
54573
60173
50337
54302
54401
50792
51172
51792
54869
53581
54646
60526
50621
62523
65430
53248
76746
67281
67778
54381
51227
55559
54982
54744
54966
54692
51477
51762
54888
65985
69814
70392
61524
50946
50343
51212
50367
52323
69152
68120
68955
56767
57179
57533
57834
53023
53360
52412
68462
54427
58677
53473
56197
58206
68174
53478
55915
65416
61060
51852
52375
54862
51822
51945
53495
50716
51400
50433
51448
52217
54921
62500
77332
52445
50959
56325
58987
52665
74891
55689
56592
59481
52483
51544
56407
54874
53521
59366
65964
50944
50617
50433
51931
52929
63435
78485
52247
52792
55051
52249
61794
50613
55592
66575
69687
53612
50378
51214
52524
60862
60461
71271
52099
52494
56002
59731
51076
51546
56394
53223
52604
53188
56088
62050
59499
50451
57711
51683
60697
61168
67493
56057
57061
50676
54800
55713
54255
65154
59798
51000
59771
57042
53239
70969
55045
54847
56242
51227
51372
51519
63609
54288
58519
70153
55969
57030
52050
53635
55731
51813
52331
59339
52571
55173
53736
54401
52938
63510
51801
52411
53314
57287
50438
51407
51642
54914
63437
50565
53416
52524
55383
57513
70062
56241
56419
78410
55437
57402
52178
53792
56319
52441
51503
68273
53073
54404
66375
51715
52061
51332
71279
72650
51278
52582
56959
71690
54790
53697
54126
51688
52282
53387
55912
63467
59326
53098
67423
68468
56156
53536
54854
57120
57668
75067
54982
52697
58540
54508
54195
75362
58076
59417
54573
70856
61402
62319
65283
57761
58361
61901
64357
52975
75221
74627
57110
75339
79104
67490
58081
51952
50781
53197
57684
57549
58791
52866
53573
53831
50738
61363
52079
54027
60831
74843
78753
53464
60593
52106
52399
63263
67141
55001
59977
55260
53185
53753
60197
62151
74901
51167
54448
57178
78101
51803
52239
55239
55901
57080
57840
53691
54589
51201
51214
55409
68873
50931
51733
51257
64489
65588
57049
57592
57408
58244
65258
51316
68978
56397
53412
53433
54459
56129
51545
78887
55030
50584
53278
55211
50757
52308
52405
54107
52839
65888
68324
63627
73387
73599
74020
52200
54274
53038
68128
68484
68446
77299
61034
77937
50802
54384
57653
58094
62184
54730
55324
73438
51126
53871
58060
56385
71202
50975
51201
51627
54239
58179
58671
52958
55193
52363
58656
51089
52635
55734
55418
59844
59640
67811
51187
51245
60043
69623
55407
57243
52111
52315
56580
53394
62605
52001
53321
53559
65015
53099
55338
51426
54018
54951
64231
53801
54632
55663
55914
56573
50871
51472
51950
54030
61011
51535
51769
65539
51936
53533
54205
57544
53070
73729
56824
54621
55226
51118
52374
63148
56005
62846
51202
52327
53597
67074
50977
57893
50686
64042
53757
70825
71148
56403
66906
51484
52158
52577
66035
55941
56443
61271
70303
69344
53440
72321
53188
69960
71713
51914
55531
54845
54920
73772
53067
51285
54184
78558
55523
58160
78222
73425
52600
55091
57796
58502
61347
61894
50732
54122
51872
65332
52334
52941
63778
51641
53137
51569
52812
60339
62008
58009
62732
71839
57863
52398
51982
53483
69689
56104
56389
56326
57344
54973
50849
51372
51684
55090
55444
57237
50711
51817
62988
52187
54035
54846
51701
52471
66575
70494
78722
51189
51233
50920
64849
57522
53907
51697
52476
52534
55882
55493
57913
53381
59676
65432
74774
51697
51817
65208
53539
54771
55244
55129
55316
62943
54847
54954
54036
54986
57234
53910
65190
50889
54652
71375
53832
56305
56638
59193
53234
54752
63447
54710
55742
51530
51472
51535
51352
51109
69453
57151
50911
53279
57152
51275
57475
58298
51346
70766
52194
54171
57493
53236
51015
52852
52107
52654
55197
55215
56884
52465
54431
57215
52915
56149
54487
58246
50840
54054
67545
52298
54212
51058
54424
55871
54760
60375
61609
53249
78715
57180
59356
77072
50934
58083
51418
53652
54036
50738
50899
52577
65972
56734
54070
52792
52824
59211
63596
65156
57528
54544
61690
51592
51944
75643
51878
53564
52342
52916
53743
54607
52358
56916
51690
55510
73333
53908
54504
74859
51937
51117
54420
56188
56128
63043
52174
55878
59650
53183
76907
59246
74195
51643
51842
51941
60759
52781
54018
71596
51545
78891
58424
65019
51470
55170
53220
51212
62957
52498
55026
59398
72554
54011
54495
67680
59610
52146
55220
52238
59831
54055
57126
69103
55759
61233
74921
54852
51260
55865
56961
57072
64321
52412
68761
54603
53118
52824
69835
72394
53483
57569
51286
55503
53120
55878
60301
54076
55048
56188
52296
53216
55728
72427
55840
50964
54708
58644
60750
52520
68432
55543
58395
74833
52735
52803
79076
54878
51459
56867
54878
55393
54846
56178
52208
53184
53807
53899
66361
53188
53433
54098
51775
54965
67563
53595
54063
65923
51187
51844
52045
54654
71775
51291
53956
54863
53700
53820
55879
60127
69167
64997
64578
67498
54589
55076
62966
51629
52845
59622
74739
52574
51222
52056
52703
52890
51405
53793
53621
70181
52418
52499
53483
51421
52552
52892
54700
51138
51279
55892
56073
69489
55327
54564
72227
52283
64984
50982
51554
55491
52322
52624
50933
56265
52798
58849
51735
67554
55906
58288
54248
54354
55430
58297
53910
53920
52637
52828
55910
57175
60511
62825
63060
63051
56192
57745
51484
55151
56895
54027
66378
51947
52597
77268
53271
51176
76521
54398
53987
55232
53120
51593
56750
53667
53952
54717
56412
77875
52582
52261
53887
54235
55916
62644
64003
72632
51379
57503
54509
54648
75433
52053
58377
58422
61178
50946
52817
62462
51257
55074
51801
57060
54706
56770
52312
52177
67662
66487
73344
58355
51037
56287
56919
54306
72994
52767
53098
54500
58594
54767
66964
54712
55873
51064
56742
51910
61052
69697
53011
71559
73158
51009
55109
53497
62691
60386
61281
50973
52926
59407
71694
69806
69836
73549
51862
52497
53216
60197
51521
55657
56559
72786
55480
58664
52061
52786
55056
53431
78488
55847
53329
61331
54686
56486
56606
54187
54200
56425
58451
75621
68626
51684
52059
51866
51954
53186
59581
52647
53609
51614
55364
56239
53716
55003
55404
51744
51959
53127
54189
51410
52395
54813
54868
55425
62682
51210
53696
51652
52678
54837
54199
58411
59594
53978
56642
56915
52434
56037
54833
56055
75013
53984
62328
52228
52356
63773
52834
68874
64661
52177
53768
69945
55817
56903
54953
57615
61185
55426
51088
66733
51373
55673
54595
65421
71075
72311
69999
53042
53638
51844
52059
54824
52826
53074
61545
60538
52582
55903
76456
57212
54852
65541
52966
53149
59306
61713
64556
52079
52246
68616
52976
53899
55894
51445
55972
57698
78114
58755
61907
60843
55239
54749
54382
54524
51593
53990
54184
51457
65391
53065
54681
52377
52427
51154
77016
54773
64850
76065
53299
70917
55898
59122
62816
73819
52244
52733
52952
56568
59586
53453
55482
56172
56425
51998
53892
55434
56639
70499
52536
79111
52396
55579
57822
57318
58103
59516
54831
51163
54150
52260
71245
51679
53570
66269
51755
57142
66847
53351
55297
53202
56024
55981
63491
53208
53359
70426
59013
59137
61978
51780
53166
62304
62419
55233
54581
58666
69365
60069
62947
70234
55477
53113
51474
51547
52682
54285
54409
54431
52536
52567
77372
56419
56565
58407
60364
65586
66446
51613
51741
59155
79006
53998
56143
59608
60198
59249
60716
52941
53116
55553
59218
53004
58127
67234
55259
55753
51828
57680
59220
75027
51865
52005
51231
52724
53867
51991
56689
52254
52454
73765
56679
51172
51485
54034
52961
53696
56338
55572
52885
55040
54659
56988
69538
69712
53089
63049
58109
68506
69029
51795
55887
52206
53965
53901
57062
58452
75084
54349
54990
58162
60401
51921
58023
51966
55455
58266
52220
55839
53726
55662
55889
57581
53958
54166
51522
52902
52123
53038
56167
53850
55388
67597
72689
72735
52056
52065
55276
61737
69606
53379
71069
77518
53384
55219
56278
51235
61058
75936
54703
62775
56391
51745
51755
53880
55759
55516
55197
59802
76213
55564
56606
52809
53780
52055
52232
55604
68984
51493
53418
53646
55699
51686
51731
53402
55704
53307
61879
53192
52139
57051
69055
51466
53943
54793
60165
52769
68936
52913
51473
58717
51521
51741
64024
54700
72176
52964
53533
59044
73312
51889
57798
55155
56039
53234
53469
51322
64062
60948
53253
56251
68867
57029
52137
53176
54571
57262
55760
60570
57592
57854
52884
53688
51795
52055
56720
51511
56620
52365
52554
53107
54253
53269
73437
56751
74057
55448
57489
51973
53823
58911
55034
53176
53542
53959
51614
51815
56275
52344
57737
67002
52691
63421
56453
57847
53061
54142
55330
53973
54201
58800
53562
55627
56906
66229
53967
54216
54094
56647
73745
52065
52422
53368
55963
73563
60790
60905
64397
64029
52328
53443
54763
56150
69433
51712
70047
58378
53174
55141
55456
52164
56058
58135
51805
56078
63326
66240
55050
59670
60930
62895
56911
62411
52107
52788
57587
58597
70248
57543
58040
55753
56369
72111
52078
61408
61885
51499
57424
78825
61802
77335
53196
69559
53033
55295
52552
55347
54143
64699
52366
52782
65663
54842
56696
71543
51770
55077
61967
62417
52433
55284
56360
55505
57359
51969
53340
66759
66987
53414
53418
64407
61669
62314
53083
53585
54887
52237
53700
75261
76861
65417
73977
52496
53612
55733
52074
52996
56567
53142
71919
55986
52395
52508
78818
75282
76726
54226
55930
65982
54216
54561
52965
54122
60829
53560
54149
60470
56382
67579
63196
67072
56533
67817
56221
56285
60115
54049
57724
57841
61923
51850
72640
55508
58472
74996
73840
57148
63030
55400
56226
57024
53349
73176
53040
53649
57057
54537
71229
57689
53418
55549
73377
52688
54367
56002
56715
53792
53999
56120
56960
54583
58489
51438
53325
56143
53344
54011
56179
56565
51801
55303
56348
58698
75156
53369
53370
53642
51518
51781
52454
58652
52010
55698
53838
54197
55141
56088
60279
53375
54779
61062
53375
51917
56872
57221
56365
63362
53596
59367
72529
51809
51853
52375
54732
58495
71039
60913
51947
55019
58367
51805
51944
54819
56565
56577
54542
68051
72452
62719
63606
54461
55716
62465
56207
57708
52955
54863
51872
55675
77517
61660
69253
69545
73561
53251
58599
51927
53827
55499
55396
53165
73995
54080
56249
60320
65223
52146
53309
56238
57755
61554
67834
54429
51516
53592
61054
57677
56951
66769
71984
60597
65597
56707
52966
53661
65131
52609
58138
61074
59438
77324
59259
61614
67032
51721
53993
52476
52564
64524
62888
77160
51974
71363
60808
56160
75403
54595
51906
52743
51768
52145
52383
52968
65646
52975
63455
54694
57508
58984
52071
52394
57244
61615
52688
59495
51580
52728
51989
56598
57594
55228
70900
76063
53680
55492
58070
62381
58100
52419
52609
60450
73961
55512
56270
58554
60373
61246
54225
55319
53239
70691
54187
54796
52185
56625
57541
52786
53077
58905
54991
62588
60430
58325
52425
55153
55428
56809
59673
51722
52634
56249
52125
54290
51917
55806
51914
52432
71678
52574
55056
71523
52843
55831
57625
76685
52425
53931
63640
51766
52806
56201
58719
52466
52926
51903
55830
51926
75753
72808
53129
54340
57816
63742
52920
58085
76679
54723
56815
59808
69874
63958
66692
52944
56183
54076
77055
57691
55281
66018
52199
53190
56650
57992
54095
53984
55411
72551
52016
56295
69514
54076
76974
59900
68720
55456
51782
53761
55539
54470
53077
56141
52444
53434
54816
52135
53974
62244
56335
67239
52288
54419
68441
74196
52069
51710
54983
70310
58584
52821
52663
53588
63552
53635
53722
54020
54887
52445
52527
57048
72289
52252
53271
53283
66046
54998
56015
55929
53449
66437
66862
71574
57867
57357
57430
54816
52386
68339
53691
54490
56808
55313
61242
59598
52422
59088
51964
66290
52573
57021
53041
53646
63448
66708
51972
63999
54144
67933
51750
54328
54201
54958
52654
52684
55084
54720
76352
56224
53813
52074
52235
51773
54845
58462
59343
67020
67105
70466
52984
66953
56272
52229
61573
52127
54161
63258
55111
53276
52779
55265
54030
55312
63408
52229
52235
54402
54756
53288
56717
57911
78927
52350
60454
54983
70048
70447
59308
60445
64884
63182
55018
53449
76290
52533
65398
54899
70229
54010
57861
66227
71441
56052
57713
58108
56679
58250
54771
55400
54009
52076
55934
53148
64609
71371
57318
57745
55739
70630
56180
55454
59060
52657
53046
70239
55809
53258
57509
61523
54180
52782
52887
54023
58060
57265
55043
55628
52224
52251
51956
65188
65607
53241
53650
53423
55365
55792
54215
57041
54323
59764
63286
54304
75529
62779
63989
59056
53838
55306
57064
53167
77074
52086
55111
55251
55764
62324
62544
52917
56500
54404
54977
53798
57334
52755
59722
78920
51903
52031
54009
66341
54991
56569
60304
56496
63038
53597
71078
55679
56666
76667
52879
53036
74164
52150
73375
74162
53564
56346
56135
55967
53725
54149
58582
56532
56628
56533
57892
55988
54899
73793
53906
57578
56743
56980
54140
54258
54419
74065
51926
55661
65560
67644
55623
56172
58902
53790
56316
52108
56509
58331
57167
55630
52383
52549
55180
56963
52462
54185
55501
55953
75571
52793
53472
57049
57169
53249
60566
65955
55932
55732
58768
53015
55758
59678
52099
67376
54699
53935
74208
52769
69201
60911
58145
53496
68227
56549
59583
62664
53410
59071
63626
57153
52798
64944
52440
56513
53969
55251
70888
55133
55116
68825
60404
55597
68134
70446
54280
54493
55742
56450
53076
52695
53269
53866
56518
75243
58360
64034
75363
54122
55440
59255
62388
57067
59065
74322
53728
55382
66034
76428
63311
52887
53071
55232
63812
54121
55178
64255
60842
55426
52630
71812
55031
55417
57078
53711
63821
72499
52500
56583
53213
53593
59353
75086
53355
54903
54651
58473
72403
53209
53795
56879
55461
55522
52788
52843
58073
52908
57710
53760
70907
55860
79041
52814
54977
57351
53201
54300
54362
56558
64332
56421
64439
53376
54702
52030
54328
56763
65236
52039
67900
68279
57126
57914
52135
63984
64448
55797
71208
55522
55525
57757
67314
67506
55076
55525
53662
56968
54986
55461
54202
68806
64447
56631
63235
66441
68410
54761
55530
56390
55041
78754
78820
52248
52913
54014
57225
62805
62033
53590
70326
53845
54844
57193
53691
53649
59860
60975
54941
52068
53355
56260
57869
70483
55273
65520
53197
55554
58579
54768
58280
57405
52071
62133
53207
53354
53371
55468
57017
58620
70703
53453
61980
62498
63774
52510
56900
63149
53846
54098
53488
61158
61883
56731
54378
55906
52807
55337
53896
57261
59640
56243
66948
72257
60455
71911
72489
52586
57018
54371
53037
53808
58173
61316
52371
55517
53928
54311
53423
62433
55123
55795
54769
78300
59483
59266
61303
63018
58284
54529
55473
67698
52184
58762
58950
57486
58026
56539
73697
53820
53947
55555
54779
54446
64345
61626
66448
55038
56717
64337
52669
52992
62776
54721
56850
52179
52685
53778
53821
53419
53602
53661
53780
53349
73331
53625
53844
52091
53545
59410
72082
52748
52176
54366
60875
78917
53542
54776
59356
59825
65884
70521
56691
59930
54836
55550
52324
54376
56910
72400
58961
54134
53346
52855
66353
53827
57811
54774
56805
56846
62069
62318
71391
61100
55653
67407
53194
62653
54089
55002
63807
55770
63719
59091
59352
57100
68219
52818
58182
75666
53702
54310
69556
53296
65999
56623
52720
57907
54082
60192
52774
57616
52429
57098
69942
72012
78550
54562
78127
79139
52549
52732
52945
53387
69912
71567
53489
54779
63052
57079
56885
60476
53681
59794
54902
53222
55850
53152
63601
55768
57447
58312
53432
63339
52393
55005
56164
60302
52929
53843
54817
56777
53435
55164
60446
60870
61786
55142
56782
55810
57542
53767
75825
54669
57162
57273
52588
58700
57494
61046
76107
64570
60167
56604
56634
58042
63002
52325
56224
58191
53132
55497
55168
57830
59214
53983
55419
53471
62449
62143
52481
53993
53994
66721
55889
76155
56503
58155
70848
52669
52762
57746
53301
52521
53875
56113
52570
55161
53345
55702
53767
66652
77423
65630
63448
53554
54641
54376
69090
60595
52233
53506
56622
57490
66557
58482
59964
56407
56628
63769
60348
54331
52616
53750
54523
78541
57612
54142
54597
55168
71850
77040
52313
54630
77021
53498
53887
52755
73365
53955
54289
56199
56527
60264
54642
56494
55841
56686
57372
72001
57594
57662
53071
53134
57573
76851
77006
52352
54626
58164
56334
61922
53148
61160
58547
53209
53517
58812
57028
53721
58835
53009
54882
55103
55241
76587
53858
54378
57553
52337
56991
75439
75110
71284
74969
56240
56812
52732
52787
55950
58822
60158
58248
56832
58053
52709
52787
71656
74300
55544
57008
56196
53538
55145
61544
58175
57932
54601
53971
54163
71950
53338
55298
52992
53134
56131
54384
54534
58209
57585
63625
57998
67041
67593
53798
54784
53146
53052
56821
54887
52333
54108
78026
63191
54235
63988
70645
60273
53861
55252
71878
52720
55273
65456
68987
52610
64457
58828
62134
77700
68103
74189
53132
53410
59563
59829
56911
55311
77239
53791
53526
54472
59421
74525
57874
56192
56624
52891
53920
56756
56796
62222
70338
56396
57111
57421
60232
56031
55428
56207
61599
61713
63718
53115
54433
52612
52723
55881
53022
54648
54673
54409
52756
52906
54063
56803
53406
75784
73784
52668
69288
56158
57910
57615
58899
61393
76924
54994
52676
52762
52939
54974
55328
56627
57317
59129
55968
58980
55461
59667
56832
57169
61341
61852
64369
58802
53406
56524
75908
61421
56333
56009
73885
54817
54190
59896
52662
52676
68286
52475
54107
72454
73859
52500
52662
52898
53492
58263
59248
53488
53945
56560
52635
53504
58799
58487
56190
57549
58938
73960
52532
57704
57391
66450
53050
53784
59236
56801
53218
54042
53048
57593
58918
55272
55285
66561
53477
64369
52643
69784
70628
70761
54541
52936
53540
61377
71470
59190
61324
53089
57254
57780
68436
54119
53693
54094
57654
61902
62181
52583
54840
58227
65116
52685
52927
69132
69900
53155
60563
61735
63452
55987
73097
52872
54158
54848
58766
62327
52807
52918
55439
57609
58927
52747
57779
79058
58469
56011
58900
53892
58701
53179
58801
60355
54682
56210
57379
60212
59317
69849
67252
57086
55159
53074
57983
54052
55852
55339
58597
53869
56762
76729
52874
57365
53336
53593
57094
54647
78962
59907
58007
71517
52973
53779
54365
55204
53282
63209
54267
73439
76505
52918
52942
52559
56067
53191
55186
52919
54370
55628
58622
74204
77246
54105
55138
55533
70395
58190
53697
55964
70721
59091
54241
52927
52942
57369
67491
57280
54167
54651
61015
52948
55793
52836
53667
53798
55203
58831
62744
53193
58394
53070
54424
53687
55659
55936
56026
70149
55341
78602
58228
67677
54694
56269
55065
56649
77600
55473
55616
66568
56910
59523
59799
74339
55676
58118
55328
58242
58724
52714
53372
59705
63787
68258
54371
52816
57168
75393
53945
54147
52670
53212
53345
53243
53845
54235
70542
53049
53294
55844
56455
52888
59672
58929
76921
56374
54010
52801
55645
54130
52704
53442
54558
52668
52742
69539
57697
57730
55904
58827
68742
56607
55264
56157
75356
52921
52761
52931
59313
68434
52643
73209
54216
56296
76743
55908
53339
65363
55714
55451
58904
56493
58367
67720
67902
60143
54120
58570
53101
53675
73802
65153
53083
54020
58897
59660
62071
69777
53622
56732
59300
56929
57788
62604
70448
55979
58532
59189
53989
56070
59036
54310
54561
55267
54369
55435
53426
53704
54367
54202
72402
57626
53020
56478
53913
56025
56049
58460
59346
52693
54267
73592
58361
58530
56135
65009
54847
57448
71558
58025
53523
60379
67870
69143
69722
60028
55038
55231
61070
55267
55589
54783
54899
52884
53468
63402
58033
59069
52719
57576
54535
73811
74480
70815
53573
54006
58083
56934
56802
59612
59924
53008
57207
65253
70115
53428
53721
62233
62950
64425
54777
56086
56130
59040
77359
55586
60940
55041
54489
53495
54361
54376
55231
55032
55338
53665
55767
69979
63679
64780
76241
56976
79101
58012
56045
57307
56077
57205
58408
62343
53931
54273
65905
56083
53946
54949
72263
58317
54507
57353
68816
55267
79115
75060
64953
52742
68209
69929
59329
55105
59370
54203
60609
54138
62130
61707
69170
53481
53702
57681
57534
67930
69687
55001
62920
55976
56025
53450
56979
57607
59935
57446
57957
58031
58275
53321
57023
60174
56055
57027
54253
64420
55997
58986
54645
54592
73749
57397
54124
54131
58293
57067
59002
53793
56026
57070
66866
58380
77995
71019
54314
71013
56636
70823
54189
54932
56084
56585
57611
52968
54056
53967
74875
54410
53348
56664
52974
56115
54031
60050
61328
64429
65469
59318
74082
74531
70863
53403
55723
77035
52862
61063
58151
53725
54867
53551
56242
56979
58598
53866
52829
53863
55042
60350
57603
53232
65451
60010
56985
54147
54323
70172
52891
67976
56134
73373
73649
57733
59414
57073
58607
59117
78426
53950
59212
53821
58912
53431
70689
54189
64239
65851
56063
58503
58006
58650
55246
54721
55315
78816
59774
58009
59770
58066
54626
61043
53274
53110
60427
55891
53452
54190
57251
53449
59454
59958
62955
59174
60146
67482
53517
53692
57757
58379
61692
57706
78201
54075
68283
60892
53805
54181
56080
56227
54954
56049
54457
54474
53262
53974
59295
55663
55902
60029
76959
74649
54256
61926
54470
77484
70076
55841
55976
56858
54513
78996
55039
60370
62717
64606
74108
62782
53150
56696
62073
59958
62082
63098
59489
58754
63180
69634
73990
60487
53595
57044
53305
55658
53802
77277
55168
62924
54027
58994
63116
55328
53839
60008
62982
64876
65674
57088
53980
59897
53870
53611
54572
57701
55042
53253
53102
53186
54263
58901
70651
53888
75186
54796
55730
53389
56979
57039
53151
59453
60275
79004
53962
57900
60723
61251
56538
57515
57900
56526
57102
60131
55435
55778
53130
72159
70939
54269
75358
56369
57039
56042
57375
54461
54827
55533
61019
53362
53854
59812
54546
53226
54700
54967
53272
70617
76864
56868
57407
54988
55155
69301
55301
61359
53008
53075
55565
65462
54359
55808
73408
65979
55821
56784
56875
62519
69230
55533
54239
56237
55034
55429
55949
56444
53052
53636
56903
57123
57457
59241
54424
73914
58662
53595
54618
54259
53300
69590
54983
56793
54776
55475
58619
53540
62294
59144
56438
55626
59697
60787
69947
70068
54323
54519
59363
63929
68335
53203
57829
72992
57329
75107
53104
54130
55723
77078
57766
58541
70139
55635
53197
55139
56998
58575
55460
54663
59154
55039
53098
53274
57308
68859
78051
55645
57337
54019
55491
57477
59127
68579
60202
59693
53644
54538
55796
56455
53522
55178
58064
60934
61290
56475
58642
56357
57222
54702
55642
53710
53754
56227
56311
62219
70531
74558
53230
53511
56112
53737
56309
53299
70930
78664
53232
53722
58995
59163
67707
78574
73640
53245
54023
56890
68768
68767
73553
68766
69664
74425
75425
53230
53314
54875
53865
66971
54519
54724
53286
57570
54071
56744
69541
55353
54516
61354
54913
62163
53130
72041
53961
57100
63246
55186
54949
58563
53473
54011
64813
66979
65387
68372
56580
59199
61298
61395
54597
54602
60981
53763
55910
66718
54692
56160
54867
58489
61037
60551
61920
64493
53429
54783
56893
64287
67286
57478
53206
53226
59931
60995
58918
59369
58512
57174
61088
62196
64278
79109
72259
56918
65573
60356
60014
53621
54750
58595
79099
53371
55192
56563
54805
55136
78988
59436
54604
57264
58124
62630
62815
57548
54794
73887
67573
54185
54669
58274
53235
55104
78075
56479
56803
57430
57127
57540
53703
56102
62546
70680
73617
59156
72261
54377
57937
58446
59787
54555
55723
55613
55841
53623
70219
57002
70138
53879
55858
59464
59845
68356
53997
57013
55581
57055
53500
56378
73170
55927
56127
73238
53754
56546
54345
64477
58876
53500
53503
73011
55596
55542
55033
55632
75184
66126
67894
55547
69914
53249
78815
53424
73143
56056
56905
57066
59849
55355
57920
55486
53805
59537
53532
55367
57235
60057
56146
56841
63373
60879
61477
66467
57188
57756
55451
53645
56354
54568
53942
53712
53330
54404
61908
53474
71973
54592
73879
60364
60725
55259
58423
61486
62177
53530
55488
53939
54905
59045
58417
64281
53503
53514
57001
64165
64906
53807
57649
61920
73829
56517
53489
57800
54105
57471
74203
53917
54299
55057
54917
77110
65623
54314
71420
58851
60163
63199
55426
61500
57697
56047
58334
58505
61426
56975
58345
54355
63945
56177
61089
58237
59014
55582
57751
56381
57190
58050
59316
60367
54121
56619
55739
56787
53429
56402
56412
70472
55474
56615
53879
55756
56297
56840
54075
54132
78523
56431
59779
53935
54381
59187
55090
55233
53999
56319
55516
61712
58872
55448
56815
60703
57862
54720
61178
53701
54350
54908
55616
55978
54273
57887
56593
54553
57041
55984
54659
59272
58188
54826
55595
58444
62340
53710
62990
53676
55412
57156
56921
53669
67403
54827
70481
58253
55295
66279
58021
55927
58673
56442
64575
53988
54982
54642
55033
53856
56576
77574
57117
54733
55066
55114
56561
56784
75602
55355
59001
60071
72924
53856
57768
61215
54808
53771
58646
53746
63068
53625
78681
66082
53513
54393
57821
67296
78146
56081
57181
58906
59744
53933
55558
61226
63895
54286
54786
53507
54228
54978
54469
55510
59390
54941
73670
54329
57487
56012
77107
72483
68849
56100
58823
53582
54862
56510
57497
54844
54670
66977
73921
74600
55993
54000
73434
57131
57635
73748
75903
69219
55130
58201
59084
59821
56826
54818
59378
67479
54553
67231
55621
74360
56081
58392
60011
54441
56811
71977
65652
55261
57222
53912
75383
58442
59756
54035
54132
56788
55468
58855
53692
53906
53581
54652
57282
71562
56072
56699
56712
55025
65966
56022
58549
55502
54150
56442
62168
56176
71345
53689
54780
55335
59369
60537
68788
74784
79072
54656
55526
57619
58382
57518
54529
67271
68296
68026
54152
56956
63703
64206
53926
55430
61163
58091
54901
55082
57906
58150
53898
68169
56108
57935
63309
70609
57030
57700
54558
55261
58834
53514
59031
58706
55295
70017
54403
63117
53636
54183
58560
61376
60412
60124
70966
55106
77541
55517
57936
59892
54068
58737
58893
58468
53704
64859
64529
55351
53813
53572
54611
55409
68186
60142
53872
55926
54674
58566
59559
60368
75324
76488
54567
57936
55298
55530
57046
53570
56729
55176
63820
54860
55647
55586
59336
54004
57259
59766
55256
61820
60740
72956
76933
56798
58090
60814
60116
56521
66714
53749
58032
67268
55323
59068
75456
54245
58144
53826
64880
56930
68064
53831
54303
54166
55013
53588
54673
54826
53759
56341
56945
59227
60145
55540
62180
54630
57147
59540
56251
68075
53596
58371
67942
73328
56450
57186
54521
55493
57154
55569
68794
54157
56930
55037
55978
60311
54632
57219
54260
54439
60697
63157
78767
54422
65890
58218
59919
56978
59389
56766
77813
60841
72037
54065
57128
57122
54495
54623
56015
56942
53696
74544
54008
54743
58661
74751
56660
60309
58466
59011
68801
58583
55590
57034
58765
56834
59003
59383
59773
67536
74172
57115
55823
56774
69903
56380
70184
58608
55629
53779
54479
53828
61802
67049
54287
55342
57498
74914
54058
53859
57036
57766
59046
54159
54274
56557
56244
60549
59641
54574
54220
54023
57503
59030
55020
56862
56874
64346
56332
57135
76351
67294
58443
75120
53783
54666
56758
54360
53923
57679
55071
69275
53801
54039
55902
54199
55454
59784
58657
54248
55025
58733
56588
61009
61550
54318
58498
78406
54060
55253
57673
56728
58659
59123
59139
56109
54560
57535
56185
57113
55332
63704
76886
63016
73162
54747
54965
65924
55359
58799
78447
55500
55613
75402
64891
74009
56282
56481
54298
54322
55492
64485
55551
58792
57821
76748
55444
58117
76284
54704
58984
54747
54767
55482
59067
57808
62158
71686
72744
54638
54880
73294
78268
59675
55498
65254
57819
70379
60615
71807
59616
58181
72188
55341
55988
58130
58530
58159
74403
55441
56054
66049
66311
60497
55123
56652
55264
56163
59461
54504
74945
55758
75195
60555
54116
57474
56784
56981
56813
54960
56382
58693
61992
54740
68667
78865
54475
71074
56749
58981
54767
54804
54503
54821
57873
58215
57538
55150
54195
58220
58607
62875
54212
54649
62074
53911
66271
66744
57122
68080
55271
66014
63240
65356
58232
60120
61546
58071
56416
66073
56056
53812
55331
66791
69611
53859
54441
59997
54140
55050
77273
60411
54316
57554
77749
57878
71494
75817
56203
71157
55505
54804
66981
56327
60527
69688
56764
54464
68007
60189
57230
59385
64205
54362
54363
54889
57004
59077
64170
60426
74411
54789
56414
54394
56291
59704
61881
56269
54033
56386
54667
54921
60714
61138
68650
56123
57517
58156
62777
54191
57530
63225
68287
57496
60711
59103
54070
54897
78482
58550
57364
58626
74301
59613
60805
79097
55460
56454
55477
54297
60567
56851
54413
54487
54719
54517
60728
74744
57226
59564
69816
55145
57948
73515
58664
55187
57358
55616
65526
67293
55879
54184
55969
57962
56311
57158
59894
63475
55602
57106
58295
59019
62560
65690
67241
54274
60136
62112
54684
69553
54405
54612
54910
57278
55338
57562
54584
56920
57672
71040
56145
57422
57150
54125
74755
56843
57116
53957
64935
54632
57371
73389
56669
54385
55091
61624
62547
65563
62166
62532
70774
54313
55480
55923
57364
57512
54778
55727
70770
61286
59706
57340
53997
60359
67967
58857
59839
58103
59233
57123
58132
54423
60108
55486
60667
54889
65889
54295
74478
54748
67198
57084
77762
79046
67746
65491
55130
62142
57986
57572
54877
58001
67468
56538
54921
57480
54139
57678
78072
57449
58105
56146
58287
54352
54153
54325
54254
55947
56063
59287
59643
60936
58204
56862
57753
55806
56066
58093
56021
56084
67696
57027
57789
78647
56831
57754
56776
57498
60431
60614
54423
54862
59292
55297
55438
55912
54079
55441
54925
63270
63846
58951
57563
57699
55642
64580
56590
54594
67983
59348
57047
55570
57611
57644
57517
54875
68593
55939
55452
55488
63271
54877
56867
56672
57744
55782
56615
72906
55530
66555
76668
54374
56137
54494
55987
56169
57143
54161
67514
57670
59976
58196
58214
54086
57093
68172
62410
57770
58269
55556
75350
76245
62235
55030
56431
58442
60331
64394
59627
58020
54587
56960
54496
68061
57125
61710
61890
73532
61117
56280
60133
58699
59158
60348
60225
63789
60583
56108
56819
58841
64772
57896
72921
54965
55268
57608
57806
59158
64392
61203
59550
56667
64406
56065
56709
59343
62545
60471
61976
54117
58371
56657
54354
59219
54523
54098
55660
54932
55541
56107
60357
54845
55996
57082
60497
54252
58498
62511
54167
54251
56956
59837
65100
58581
61868
56133
57571
56315
58138
60404
70355
58033
60303
56117
58818
59963
58483
57107
70935
56929
58320
61936
75451
78414
64246
75292
54653
69153
54309
59672
55210
68628
56233
63593
62490
55726
54286
61092
54609
59615
56115
74255
55554
54937
59750
57659
74186
55235
57750
70960
54794
59038
61799
62716
56349
58140
54653
69525
62884
67569
56031
57073
65662
54512
54888
76795
64511
58712
60856
62184
69899
57004
57967
54730
56111
54366
58105
59229
54485
61151
54649
55710
56444
54660
57370
57141
54621
55107
58465
55929
55268
55388
55045
59956
60689
54669
55646
65628
56643
54666
54711
55866
59460
67474
57891
55629
57660
56055
58450
58794
66935
55515
66742
55842
55840
58400
59825
59852
55026
54358
57356
66119
54654
55647
71619
61811
61446
54770
59669
54462
62317
59895
60817
58197
59440
54252
54711
55056
58569
55469
59639
65013
59800
56675
58222
56498
69594
55653
71128
57833
75398
55312
56525
65502
74585
58696
57337
58627
58762
60810
54508
57135
55503
57326
77073
68153
66852
65494
65756
69504
54978
56037
54593
55031
57772
60695
71287
56361
56471
64063
59469
61362
59232
62181
55256
57177
54565
54820
57827
58125
58152
55386
56810
54752
55729
57022
66160
54723
55440
58713
59852
61127
57634
60589
57705
59776
57769
61785
54432
54681
55136
56827
56010
56127
59063
59253
66973
60215
61859
57188
57644
71231
56084
55398
57056
57161
56525
57083
58793
59210
59618
59878
58743
56391
56637
74029
54549
63772
68036
58385
72693
55554
74294
55193
55516
61024
68739
56383
56408
59354
54318
57523
59969
54588
55520
71990
57636
77193
77800
54347
57760
58783
60617
61451
71073
56229
55514
57568
59848
54650
57380
73381
55467
72437
55274
59023
55979
75851
57190
63563
54421
54438
57869
59333
74215
59620
56405
54760
55087
55356
55836
58720
55149
56974
60799
63487
69399
58434
75475
55457
59883
71916
55979
75670
54703
55388
55020
57111
54967
64791
54797
77834
56241
57852
59026
57156
58576
54904
55485
58133
55005
55871
55659
56795
55425
56199
59270
65789
69815
58736
71429
58610
60774
54753
56460
75689
59823
58184
71254
57690
55501
57848
77964
77564
56968
60944
65428
54944
57181
58471
59466
54735
57232
55251
55980
58543
59422
58665
71714
55203
55810
60530
60705
55161
60409
67857
67925
56817
55741
58944
59687
58663
58786
63149
65438
66297
58786
58806
57299
59790
59687
54848
55494
71489
56793
72145
56194
55739
54956
55630
62531
60284
55226
56799
58757
57239
58318
54904
59201
59119
54715
58626
54897
56772
56999
60602
56810
56341
64547
65221
54569
57299
54497
59336
56282
58374
59226
59078
69126
64001
65195
56640
62016
62883
57739
58023
54825
54503
57778
63706
54950
55834
57132
59416
54939
56655
69800
56352
57623
55567
58239
79121
58149
56324
58412
59186
59728
59985
56628
57921
59742
58474
60123
54812
54909
54663
55060
57158
58486
56611
55402
55796
56118
58278
54546
71213
71266
56942
57155
55730
55790
61827
57192
60057
58374
69570
55498
59426
56689
56729
74753
54517
60023
55734
58799
59107
54876
60827
55374
56186
63272
60825
67980
55255
71667
56961
71480
59370
59283
62389
54997
62887
55212
58649
59873
60026
61571
61786
54868
55653
74781
61691
55278
56251
67102
55204
55509
55528
63942
60598
61038
63654
62460
57880
61137
55332
56356
58300
54603
54995
56769
61180
56417
56378
56670
58718
71080
60039
56933
63296
54621
54745
69172
60002
56113
56950
54852
55034
60520
61106
57903
59324
56515
55677
61131
55158
57063
58823
64173
77192
78969
55342
57347
56372
58051
59123
59729
57997
61173
55336
55470
59833
62629
57048
55011
58838
55550
54822
59995
54996
56283
57631
57882
59950
55120
57065
56243
56372
76932
59987
55950
55198
57939
54728
55272
55154
56093
55919
57155
59560
59861
60079
55610
54802
69423
55689
55839
70134
56068
54708
55996
56431
59283
55981
65645
71169
59254
73863
74258
57605
54774
56662
57117
55513
56024
56481
55598
58079
56259
57622
64380
55716
56132
59652
68880
55376
71116
56073
62258
56109
56494
59572
57015
78131
75240
55765
58289
55435
56259
58256
55861
55924
56194
58198
58663
54903
55294
54657
56571
59323
59820
66613
66656
62746
64152
56859
55285
57902
58153
65198
58265
55318
56677
57164
57674
55905
56383
56013
57816
56496
56527
54837
57462
57815
57787
58915
63557
59230
63550
67774
73651
77944
64216
67213
54684
57186
57645
59594
58323
63581
61207
63521
59224
62309
72357
72744
78026
55867
57332
74686
66540
57031
58679
77270
56793
63539
58780
58785
75428
58036
58265
56588
64092
60486
72376
72725
74839
56210
64243
68933
59876
56871
78510
57303
62512
62329
58262
69823
61769
58156
69111
59928
60400
60449
60819
58389
68461
65826
70116
69927
54723
61440
58848
54869
55045
54907
78350
58750
64171
65000
67800
57982
75246
57504
56776
55815
57320
59371
54951
63174
76672
58279
58389
57295
57463
58586
61643
55787
67005
58811
60084
60582
61714
58061
60554
55947
76822
60784
57268
54895
54792
57490
57470
58022
67518
58414
58770
77785
56905
57311
66045
57014
58047
58528
65067
60220
61075
62676
66085
55419
57075
64317
64335
57045
54918
55456
56375
59465
56977
59350
59869
58073
60461
59698
58531
55399
61912
59392
60869
79048
78607
56008
62310
54807
78967
54828
72067
72096
57875
58573
56415
56981
57000
71830
63753
54996
55416
59646
69906
55107
57963
69725
56830
57916
55340
56053
58567
58949
75231
70755
73320
55116
73237
64641
58416
55211
58079
55126
55288
63411
58805
54905
55071
57326
58868
58837
67504
60987
62789
55920
58184
60969
61900
55172
69469
63586
62840
62024
55237
55471
57627
57023
59304
60305
61362
78744
72669
73018
59296
58066
56480
59314
67102
68169
76711
58340
59752
63132
55927
56820
67608
55606
56302
56760
61139
58062
58079
66682
57821
58706
58130
58999
56661
70208
57711
56143
58078
58884
58544
67725
67245
55288
56050
58995
70955
55421
56972
58062
59260
63022
60019
56377
64342
57245
72312
57696
55274
55845
55091
65844
62140
68035
55620
55900
58184
56239
55205
64536
57583
60375
55582
59708
58776
78786
61291
61585
60065
57753
58923
59948
71409
71909
63565
65423
57640
57815
58934
57418
57806
61911
67381
60782
63254
69386
57160
57311
59815
55098
61695
77560
56294
58279
55741
57817
55559
65326
56857
57766
55946
60490
55948
57074
55294
56575
55809
66097
61421
61455
63209
57196
58625
55027
56137
56102
74775
78527
77869
55770
57466
58991
68775
57225
74491
62790
68423
57789
58616
77695
57109
58492
58670
57457
60123
60900
55541
55627
55646
58973
69743
70537
55964
68772
56451
56913
57590
63969
55166
55914
59095
60610
58610
62051
55084
57931
57752
56110
56265
58978
65597
56275
58463
55269
56021
58648
60999
66527
58945
64819
67480
62846
59132
67853
56216
60866
73807
58526
59974
60690
57214
77204
58191
57489
58119
61249
58383
55567
56129
62160
71206
59982
60183
72690
55717
56181
72046
57279
59327
64890
55494
56106
57138
58556
55547
56328
55532
55035
57623
57668
59617
55621
74510
63296
55324
55492
60816
57880
57917
60500
57437
61497
62788
55345
60124
62430
58452
59427
77483
56037
56685
58000
67506
67801
56195
56607
58658
68735
78725
68737
78726
68736
78724
68734
78723
56980
61170
55965
55465
56297
59827
59242
55793
58752
76911
59289
59745
71115
67253
55283
56438
56959
61663
57530
59311
60734
62578
60890
61212
63567
76632
55233
62936
59983
55480
58949
59066
55095
55717
72684
56956
56884
64563
72205
58487
64236
60912
56165
56708
56123
56389
58302
59264
55915
67262
55347
78678
58940
68255
58302
59908
56723
59257
61300
57122
57965
60260
56855
56901
58436
75155
78926
67177
55907
56043
56873
60777
57997
62290
55109
55948
62285
58557
62615
62912
71120
55622
58171
58845
78386
57955
56754
72381
57063
55106
57245
61530
61494
57473
56781
56708
57000
71589
79077
55852
58207
59118
58725
60342
55702
58678
60209
63522
62650
65413
79230
56867
55633
58676
55457
60235
75298
64333
55459
72349
76740
64592
67850
58761
59007
56205
61643
57783
58517
60788
56268
72048
76193
61136
55546
58690
66098
56012
56649
77167
61150
63554
59732
56799
57394
58370
56893
55164
58277
56370
57923
56281
57616
57183
57398
57117
55487
55675
57147
56975
55418
55673
56557
61422
69271
56381
56549
57127
56229
57341
56282
55809
71093
56179
56872
70800
56436
57915
56622
71156
58548
55886
55960
55585
62320
60221
60110
55347
78680
59959
55738
66349
67169
55815
56394
59215
56810
58534
61705
65891
55499
55641
57311
59695
75928
69522
57056
57385
59443
56165
56482
63683
71934
58486
58660
55559
64431
57047
63160
55514
55886
58714
58753
55662
55409
55622
58635
76397
55290
55677
56347
64119
58705
57112
58150
57645
57916
56061
65182
60971
57363
57388
61268
58474
60331
59529
62249
57559
57656
66678
68364
60334
60643
72616
74658
77631
56067
56506
56985
64726
61439
65319
62138
58492
56997
57521
57849
55627
55816
62133
66543
55923
59097
56675
59288
55579
56500
56715
56808
57328
57864
55340
56087
58417
58877
57751
58437
59128
60300
70510
61350
55775
58500
58666
56231
55748
57287
58458
60025
69308
56961
58381
56043
56995
73026
60893
62638
56441
61225
62706
66549
67596
59478
69072
57206
62679
61910
56010
56240
61830
58333
59080
64654
63489
59783
57832
57898
58359
55876
57638
73739
56256
58562
63538
56926
58576
59364
61290
67946
76182
65353
75743
55475
57950
58741
62752
56210
57610
59720
55406
59841
60961
58665
59592
63680
67043
58805
57458
63587
58980
59851
58039
63257
59184
71930
58176
56139
56624
57385
61806
71117
56035
56377
55369
57484
59856
75326
61114
65774
73250
59974
59583
59980
55603
56944
56178
56181
56163
57389
55399
57319
59810
61975
75377
59603
68480
59105
56475
56786
57363
57590
59819
56046
55369
55720
61045
61050
55395
62760
66376
56907
57398
72564
68881
58109
58250
59190
62886
59139
57189
58846
56005
57272
58638
70723
61498
58470
56947
56292
56596
59146
55647
56664
65317
68738
55411
62845
56792
56890
65403
67739
56626
58153
55847
55986
59632
59377
56224
60044
55686
57407
56872
74588
59462
59994
60395
57914
60392
61649
57544
59681
63535
56588
61888
56266
57157
59097
55932
58748
55553
55878
62022
61202
59718
59874
60742
63695
57861
62088
55503
66031
59188
61747
78811
57274
59609
78812
77145
56439
67302
55580
64058
61800
57338
56071
59031
60980
61095
55960
56142
69125
57063
70943
56740
62543
73776
78183
55495
57879
57023
62265
77654
58409
55521
55699
55619
56106
57858
57541
63784
56263
56171
57277
55752
77820
57563
63010
56250
57896
70042
71176
59364
60710
58810
55696
78432
56185
58475
55698
56228
56954
57638
55561
57083
57439
58324
63492
66431
71888
55735
56071
58677
57442
55620
56842
62223
59030
78376
56460
58010
57376
57439
77181
60502
56869
55537
58605
59204
56097
57955
72548
55694
58447
58523
59648
57675
59238
65008
65710
67957
55775
59200
58932
75342
71330
68668
67561
77353
57160
57590
56475
56735
68976
56268
62085
65370
55669
61830
57926
55694
57911
55629
77064
56177
58479
61429
58808
56109
59626
57531
58885
56608
58327
63149
56421
55754
59450
77418
56354
57953
60056
69759
57469
57789
59106
74845
59325
59451
55637
56902
58590
66744
58448
59258
68836
63385
56693
56676
60573
57227
59355
58797
57535
57481
68753
62848
74592
56118
58546
60154
57211
57968
55692
55860
58942
79069
56600
66068
56112
60152
55702
57906
55999
67873
59664
60979
76882
62789
56231
69426
55787
79023
57871
58030
67382
56788
58259
69707
77653
59204
60467
60974
56511
58123
64138
58631
57254
58039
64730
65342
57830
58599
61997
55783
66440
74618
56912
61255
65648
60929
63275
55804
59639
70921
68396
55786
60853
59256
59644
59305
57098
57369
58697
56537
56410
63951
57829
55930
58496
64928
61749
59250
68676
64319
65065
58693
59117
56214
62699
60466
61113
65366
67920
58149
57076
56386
57201
61298
76785
60015
60958
55955
56278
60062
77341
57466
59467
57695
58343
60038
62747
58767
56876
56672
58071
55799
59609
60990
60984
67391
68303
75958
57350
57420
57188
60063
72706
60154
62579
59338
59349
57008
58122
58892
55949
57102
57793
77534
61408
61553
56700
62030
56581
63280
56949
60495
56596
59102
56560
77872
69410
70819
59383
59709
60420
57539
70756
60627
59177
59302
59587
61620
59183
64604
59190
64112
59455
76381
57713
57764
72847
59126
57947
59127
59073
77799
57031
57376
60107
57858
57155
57389
58355
57915
55988
78655
59302
59329
56216
57843
59754
56180
57167
59402
61393
59511
62193
57752
60914
69390
60781
57535
64372
58979
58631
70500
60734
60789
56095
57969
63963
56982
74274
57509
76602
56305
58119
59155
59105
56120
75343
56324
56918
57764
57957
77643
58690
59653
57572
57790
58863
70089
60121
60801
63925
58925
61488
64184
64967
69269
57767
59208
57632
64630
56338
57630
60419
69644
56040
62176
61587
56366
62313
58968
60503
56144
59137
66370
56119
58401
57074
65716
74241
74313
56511
56129
56187
59275
60416
56448
56639
56647
56879
60305
60535
66485
58472
59177
56187
61041
69296
60148
69056
69566
60654
60422
57536
62415
55890
58388
63347
73791
60144
56846
57131
57611
59842
75260
55866
59257
59349
59066
59683
57983
58028
55970
57209
58697
64012
55957
57306
60736
73706
57018
60674
55987
56180
61723
60938
62293
56720
57967
62098
56841
59143
72930
56524
60625
62124
57420
57713
59981
55923
60369
55971
56360
57472
59490
55883
55934
59357
61545
56711
58171
58635
77687
64554
56392
56763
59605
58779
77090
59262
58655
59734
59801
57418
57769
75153
57678
56149
58366
60338
61107
62048
75719
70610
56140
57506
57709
56412
57529
58996
60075
58013
59487
67973
56154
56576
55926
57028
56541
56817
59031
56140
58650
55913
56226
66595
70986
70732
61808
56128
65226
60996
59890
56220
56368
57443
64844
56237
56751
61398
61574
60037
57231
76261
59679
67572
65061
67863
56384
57172
59559
74868
55929
56269
61028
58580
67181
67903
57957
58096
78551
60319
56368
56834
57561
64957
69788
58096
58171
57586
60595
56805
57079
56948
57275
59198
62023
56145
57129
56831
56550
57185
61416
61458
62169
62272
62923
56421
61368
60893
61475
62656
73506
60229
60245
68487
56593
57110
56643
73271
57196
70945
73158
56568
56919
62773
56308
56764
62797
58032
58115
59997
61801
56285
58745
57626
61678
73939
56828
57446
57764
59602
58885
60277
61630
56800
58409
57235
58491
59293
60381
68107
57790
75881
58457
70216
56823
59558
59301
60901
59767
57630
61733
60144
59684
66844
68009
60992
56554
56950
57636
67217
70227
60694
78980
58062
59570
60277
59129
60265
60007
63822
58551
60080
56721
59686
63154
56112
56380
57366
77890
56455
57534
57719
60362
58187
58844
72192
63970
56026
65145
59711
78466
58880
60613
59558
61010
56367
60147
61425
69701
56363
57327
66133
56547
64316
65055
57243
58731
56080
57070
63713
62520
61381
63017
57319
60763
57649
74847
56616
74642
56530
57614
63991
64469
59508
60024
59253
72709
57345
59246
56254
67703
56874
57738
59748
60621
62312
58815
56772
58145
68624
59730
58813
60254
57355
57037
63277
61070
61553
57303
56977
58638
60204
56154
56909
69621
58501
59054
56943
57193
57351
58408
67142
57345
61371
62641
64435
60929
67527
59674
57035
56859
56751
57548
68288
57540
57619
57174
60769
61557
67661
61095
62619
65823
57884
58598
71028
58969
69270
56293
59972
69417
78638
72675
75000
58621
58763
60140
60210
59725
60250
62351
59478
59545
61147
56816
57880
65570
57367
60508
72298
63342
63558
56954
57089
56331
56664
66986
72864
56666
57501
56915
57486
67775
62053
68362
58390
59637
64094
56731
58420
58907
57040
59135
59229
60440
79065
57753
58774
60049
70869
56510
57383
59104
59942
56754
72753
60910
58839
63456
74830
58930
66808
58036
59327
56754
58172
65091
56622
71424
57512
57831
61496
56185
63242
60271
58551
56366
58891
58402
61247
57515
57071
58190
59082
61108
57461
60748
58614
59397
60456
58364
58815
59503
57429
70990
71436
76754
58494
64458
56901
57892
58724
56340
57668
58212
57120
62523
63417
66034
57331
56651
59341
59713
56882
58263
56934
58763
65783
59636
67573
62594
57961
56697
58571
57042
67587
69042
67270
58246
60743
64148
58786
56466
65604
57177
57907
57158
61779
58095
56741
57192
57875
57744
56310
59048
56938
59584
65788
61529
61722
76957
67956
58473
61230
57575
61202
60518
60408
69124
66511
69862
57149
77214
59849
61123
57237
58432
57630
58384
56288
57105
59102
61259
57672
56370
60743
74128
68375
59578
61994
61204
57831
57857
58476
59574
61427
66315
60763
71492
58143
58672
64728
65507
57739
56547
61365
56414
58449
56710
56397
59870
56735
67413
56306
58908
62170
57002
57749
56513
56731
56372
67776
62161
63621
64414
57128
57558
57402
59413
75061
57335
57500
56512
58695
58753
60891
69605
62502
58689
60241
56909
57265
61278
59850
61220
61490
57826
68531
63724
59726
65864
57268
57833
58895
61868
62484
58892
59506
57102
57382
57035
59016
60132
57089
62806
58007
58979
56631
57654
56500
56459
70713
58915
59505
58816
60651
59126
63903
61605
63384
57327
56354
64153
64287
56549
57205
56560
73462
59953
56582
57667
58517
59499
57504
67289
61531
65909
57000
57799
59393
60046
63100
69324
57506
58726
59484
66255
58616
59217
61324
62509
62044
58749
65770
66003
56998
58157
64478
56838
59846
73436
74645
63401
59372
59916
56789
61134
63796
65479
56849
57898
63264
57749
78283
58130
73547
73800
58316
58187
76276
57781
58658
57939
61424
66969
60009
61563
69462
60059
60196
56868
57182
59395
56478
58284
58360
60102
65922
67693
59822
58261
59153
75330
56611
58629
59751
57071
62915
60758
58276
59267
68391
58635
59217
78593
60462
58106
60097
57697
56894
58870
58925
59291
68596
59656
61654
77783
59189
59986
58217
59591
60976
56568
57113
61191
62743
70274
74855
67709
63346
66994
57484
73102
58755
56749
59083
60377
67432
57744
59511
58944
69182
57988
62327
68885
62634
64149
57730
68225
75713
57176
63854
57382
57497
56627
57838
61356
60663
63724
57267
57769
57806
57395
59474
61438
63782
61811
58484
59701
63663
73718
60043
60488
58030
58484
63527
57608
56851
56669
56997
60094
57791
58580
62337
64956
57726
58260
59811
62509
57103
61027
61326
68464
56667
56762
59525
60240
65424
65108
57509
57706
56663
59865
59721
59083
57100
68350
62057
56977
57272
60964
57243
60118
57891
64932
57595
58646
62243
58293
58366
62517
57366
57029
75840
59427
61380
57487
57660
60549
63211
63304
57196
63359
64776
62678
64764
58977
57781
58722
59368
63688
59712
72420
60327
57553
75369
57293
57380
57474
56654
56916
77351
74371
74376
56732
61448
62030
61207
61568
63927
56747
58247
57738
58093
57770
58589
59067
61250
59274
60429
57704
59159
56580
57843
57464
57703
59360
71592
57622
58941
59903
58881
56592
66250
59321
60584
60635
70352
58320
59826
63072
58095
63108
65050
56688
63697
57694
59751
69733
58947
59501
60887
59656
60387
57982
56592
57395
57878
71561
58515
77224
65159
66654
56781
60739
57046
58728
61353
61143
72302
57279
60125
56985
56616
61814
58058
58763
58774
56916
77352
59629
68785
69841
62336
62008
62160
61011
61263
63590
64428
68282
58728
56699
60569
58684
59676
71415
60629
57898
59926
60190
56772
67066
61053
64342
73576
57832
58422
59696
70952
64820
64207
60772
62979
57029
76329
60707
56854
58987
59437
61487
78479
61571
62670
58497
63745
57288
58288
57547
73774
58549
60168
77876
56821
57232
58415
58963
60045
57278
60181
58408
62178
60824
59682
66802
70022
56890
74620
60627
59018
56747
61469
59282
57214
61034
61142
61020
62418
64846
67412
59014
59215
64379
62766
78992
60489
61275
60122
59643
60594
56764
59727
56996
60778
59414
59034
58631
77118
57632
69675
78896
57032
57684
60593
56739
69443
58093
71505
56812
77884
59110
59238
63479
60223
57610
57946
76844
60082
61825
59108
61305
58496
71047
69355
69354
57153
58197
65146
66375
71481
61200
61299
61370
58462
56884
57205
60394
58072
65033
58710
67921
70459
75572
61296
61704
64976
59044
59595
59379
59607
68101
60444
64562
56946
60510
67564
56750
58204
58625
56983
76750
61116
63370
56777
59830
60618
58903
61629
58733
58862
56849
59905
63441
57347
56785
56838
74517
56797
59175
57939
59569
57553
58435
58564
57868
58115
63452
60125
56900
57815
60729
60812
61001
78080
79143
57935
58133
60542
61942
60511
60941
61358
73340
78371
69071
64263
62209
58073
58716
56953
60184
70096
61183
60161
57265
75119
57531
58375
63682
68816
69187
74562
57478
61904
57356
68305
57746
57530
59532
59740
57328
75008
59159
57554
61409
60185
62449
60919
56914
57093
57986
62102
57353
59094
65912
57347
57374
65621
57268
56989
59965
57999
60481
60308
64048
57093
57496
57642
60928
63124
56920
70013
57599
59445
56873
61864
60492
57213
58447
60244
58932
75386
61374
61399
74514
58681
56861
66891
57876
58233
66077
69691
72163
57629
59514
60511
57121
58091
58253
57746
74961
57676
59208
59813
57292
61029
73509
57221
60664
57717
58394
58552
59641
58903
60297
57862
59343
63714
64621
56945
72117
59464
60231
57998
56990
60166
58866
58039
71964
57350
59197
57990
57464
58368
61454
61623
72660
58412
62626
62474
73943
78456
57831
61012
72722
58887
61215
64567
57149
57191
61306
62802
63039
56920
57760
61431
62589
66795
67454
69887
73596
59405
73330
72563
57748
59056
59069
60896
58388
73182
64015
64537
60822
62591
60406
57228
59997
60871
57913
60479
59294
58070
64639
64813
60332
63636
57458
58698
59271
58931
57054
59207
59523
74462
57032
57991
78864
60384
60679
61118
58632
60256
71970
57585
61922
57513
58148
58197
57011
57547
58779
58465
57601
57722
59304
60469
60512
58348
59969
59568
73478
57016
60509
57447
62657
60136
61017
61937
67978
59678
58212
58331
57189
57191
77310
73422
58053
61280
68713
57958
65406
59938
58430
59490
60187
57754
57996
58448
65221
59438
59360
61473
61733
59628
60604
60921
57741
76511
58505
60947
71547
71818
60198
64242
76279
57620
60078
60899
61740
57103
58858
57300
60444
58065
62207
64940
78882
60179
72815
57056
60413
58016
60571
60090
57361
59777
59179
57036
57989
58882
74397
58473
58940
74721
58927
58175
58317
60865
60965
61386
57587
59868
67436
58388
61718
58568
60336
57094
57061
62038
63893
59245
57829
74000
57086
59701
69047
60823
59794
58749
57636
58231
57608
59858
58078
57488
58068
58297
58191
72552
61073
62866
76970
57917
59418
67388
64033
57896
73117
58500
59714
58719
60706
58269
58562
59334
58867
57156
57649
58029
67509
60696
58267
60112
57715
60307
67676
72162
59650
60543
60562
62236
63591
66696
70735
57251
61676
62398
64559
68047
68844
72360
63161
58320
75390
75484
58348
60367
61274
59033
62136
64752
58019
65917
57447
57701
58360
64241
61841
58580
58829
60606
71905
57960
59978
65220
63125
58891
58154
61916
60709
57143
60382
58895
59365
60117
58471
64155
57522
60517
63499
67952
59635
58870
61840
61146
58685
57767
58382
57662
58487
58994
58329
65110
58371
57780
58138
57616
57819
66882
75594
63420
64704
68163
57865
58203
58954
61152
58590
57923
59818
64473
60688
57891
59797
61038
62793
63020
67790
58651
57379
58546
61539
59215
62221
57643
59777
57222
57618
71003
57895
60006
61076
62067
59768
74913
59160
58552
63425
58068
58132
57694
59641
67854
60328
60998
58930
58277
58142
58323
61334
61564
70388
70612
58333
58859
59075
59137
59758
58549
58833
60479
60676
57978
58644
61747
67134
59841
59971
59906
60684
57719
59126
58627
61126
57689
61193
61519
57501
58683
66653
66915
57520
57950
59520
68477
70133
63564
57639
59286
59297
61253
60211
76779
58478
60884
67440
57496
74732
57288
59120
58925
59080
59406
70475
60619
58355
57280
67766
69306
58430
59786
60890
75849
73985
58217
59757
60294
58602
58652
59333
60638
71274
61673
62121
59816
61635
62456
58461
58862
64249
68070
62201
62584
62968
60933
61459
59502
59407
70431
60436
63445
73812
58841
58526
58529
68896
58188
59889
60578
59040
58990
62151
58529
58575
58597
60226
67994
58496
60686
76001
59674
59858
73967
58475
58238
63086
59681
60367
58562
63763
58965
61651
70853
60712
61147
61773
58589
60978
58988
58010
64204
60690
61165
57711
57703
76394
58698
59273
57537
58659
58815
58260
58560
58518
58967
59828
57308
58264
69719
58614
77825
65097
60889
65040
65720
68559
59291
60360
62788
67021
69963
57677
71190
61657
58310
58316
59423
61702
69255
60840
57482
61929
59799
60410
74325
65761
76928
67945
58116
57334
72031
58691
59423
58586
58160
61554
57344
58660
58713
60086
61720
62292
57968
62677
63614
57887
58081
57671
60562
61960
64200
65160
65613
61721
59387
61575
60385
65120
66793
59638
60286
67619
63630
58233
58575
67277
72060
62219
63273
58593
75252
78499
58243
61486
57811
68435
57884
78661
75459
58801
60676
62935
57569
57581
60238
60259
57946
58458
69264
58071
62216
59293
77196
72158
72380
59468
73564
65093
65176
57632
58622
74528
61495
61974
62982
68146
71121
59816
68307
60524
73900
76067
72034
72233
78211
73479
60721
59374
60259
69375
57523
57635
58859
59216
65064
76992
59944
60899
62786
60346
62654
61664
68527
67971
59727
65071
60045
60228
73050
58727
68870
59160
62200
60525
58578
61229
62439
64110
62232
66704
74345
61708
63371
60838
62042
60858
58890
59253
71832
59122
59635
58999
59254
59761
57861
58118
59698
62163
58098
62469
57529
70989
65829
63582
59738
58965
72973
75417
60977
78827
60164
65085
67691
59043
57786
63477
58261
60043
57788
60623
58454
59545
59248
67088
73620
59584
61442
58004
65624
61891
58572
60870
62497
64133
75263
57929
59542
60057
60467
60861
79138
59257
60326
61681
59157
70002
61175
60399
73299
59692
65271
65143
59271
76074
61390
61839
62272
57495
60723
58696
58044
64402
66007
59420
59795
57597
59025
58457
59494
62727
58227
58298
58586
57523
58110
57953
58437
60055
59505
59960
57741
66798
71037
78027
61258
75394
73166
64800
58810
62434
76268
60188
59157
59005
61601
72853
59005
75090
57779
63237
58880
62283
67666
58274
58720
68339
68727
61090
57801
58287
61876
57995
58415
57564
61468
59442
62669
59162
65537
63527
64689
62679
68407
67916
57962
63127
64448
59073
63614
65178
57563
76589
78653
65522
57816
58660
75535
59868
62758
59629
60126
69398
57643
61536
62726
59942
62558
59202
59385
61751
61795
57882
60353
66100
68415
57903
57911
70832
73489
57692
60637
59592
60581
62821
58752
61973
60244
58659
58833
61266
61364
61181
64322
58652
59039
62024
58170
60502
61144
65797
66276
59607
61179
76126
60360
60599
66152
59856
58289
73116
58895
59300
61144
78727
63941
60447
66246
65513
65882
59986
79132
57981
60991
78768
63699
57811
57888
57807
57983
58517
61375
61418
60273
65264
68726
59584
60095
60674
72069
58402
58414
58578
58601
58658
59346
57799
75109
57651
59530
60605
78609
58420
59553
57638
59318
57895
58877
59547
59629
67444
62368
58043
59054
59763
60317
61321
64064
61152
58682
61083
67060
60174
62052
58052
58283
61031
73416
57656
58718
58829
58971
58018
59716
61476
58280
60528
71042
58621
61772
73444
72007
61581
59951
60298
77433
58424
58905
61518
58476
61782
62204
61221
59763
59807
73761
61335
57840
60171
57955
72862
57879
61157
65588
57873
58227
70933
58025
57970
61275
61716
57722
65950
72307
61508
62012
61984
57699
57997
57883
57824
57866
58741
58466
64415
57897
58080
59139
60064
75524
62529
59526
59442
63981
59580
59445
61725
62308
61756
59592
59898
71640
57855
58353
60702
60846
57943
58358
58236
59287
64051
64634
58632
60553
59833
63379
63076
58819
59254
59089
59265
60472
59484
62586
58135
61869
58448
58675
58679
60337
65862
60950
60325
62269
62417
61867
58664
59447
61676
57800
59765
63052
68195
58605
59435
60712
60775
70522
60607
64036
58264
70064
73215
63061
64848
58486
74559
58243
58748
63667
60863
76358
61379
59699
62121
73130
59500
62543
58633
61664
61603
67351
59293
73498
62388
67394
60823
68427
72739
59344
61631
59781
67981
60329
58051
61696
58466
58727
68428
70290
61355
66936
57853
69109
59920
61425
62585
58468
59479
60783
58511
60994
59393
61715
58445
59360
58015
61454
63206
58220
59046
59404
58545
63415
60704
60936
60821
60669
59521
61091
59704
62275
58647
60107
66798
59786
62865
59966
78117
59041
59398
59501
62199
62109
62301
59414
71823
59805
60543
64631
58882
62435
60698
60975
59569
60374
60576
59452
61614
58150
59037
58001
75641
60609
59120
60380
67694
59751
70700
75373
75444
75442
59996
63096
64142
59109
76325
58172
64892
61069
76087
77889
63247
59542
61882
60078
58151
58012
77553
73974
58246
61352
72131
60815
58792
58531
59453
59522
59129
59199
73980
63459
64300
58198
61039
75581
66890
77339
58064
58876
73010
59757
62218
59419
59544
65175
59095
62093
63163
59696
67199
75479
59313
65676
59333
70121
70616
59606
58751
58745
59235
66213
58979
62851
64971
59094
60528
71846
59960
61248
59676
60544
59712
64628
61357
59375
59826
60344
65241
61244
58716
58898
60215
60963
59792
58472
58710
58352
59118
60864
61534
72618
59971
59588
59887
60226
60419
65303
65844
64372
58712
63220
63717
59081
60781
72526
68991
58515
62536
58464
59502
61141
62420
64063
58655
60374
61768
60577
59467
59587
63466
58390
59995
60126
60638
61096
69859
58464
58209
58610
69842
63200
66215
59063
66604
59231
64581
58819
58940
59065
59273
59790
58400
59402
69563
59734
60434
68764
61797
62468
78492
75226
59323
59374
58945
58971
58996
58561
61139
67747
58461
60359
58194
64087
68872
63843
59642
58913
59647
59743
58611
72620
61252
64985
58512
62295
67495
73447
61154
59591
59757
61154
64816
59439
58868
58362
69506
60889
58438
58343
59320
59323
60428
58458
58788
58420
69772
60133
62021
62326
75302
58672
58818
60871
59492
61824
62229
59404
62451
58771
63112
60741
73852
66956
70016
61662
61909
63994
58930
62041
60036
60501
59309
60480
59266
61972
58110
77903
59790
59044
61410
63612
65302
62322
75478
60233
60270
60036
60545
62542
79151
61985
64082
58675
58790
61626
66161
69438
59949
61742
64771
60405
60000
61216
61187
67279
58908
62281
59527
61313
64467
59487
59264
62062
61226
61796
65472
60453
75391
62345
60061
61230
58117
58385
65246
68735
65248
68736
65247
68734
65249
68737
60012
64772
71014
60741
64203
64504
58367
58939
58357
59887
59741
59144
59390
58248
59373
61297
69222
60134
61323
61604
73280
62450
60714
65352
65657
59070
60503
70197
58638
59006
77580
59556
75101
77401
58875
72252
58214
58469
68742
58847
63593
61208
59547
60076
60264
69663
61944
62505
58527
60233
60831
64648
61309
61441
61990
67087
58594
70832
64133
67834
59276
61608
58183
60506
69265
63391
63620
58211
78356
76196
59322
59038
59037
60594
60523
68649
58239
59470
59962
59973
58444
74866
59546
60581
61005
62658
69627
74590
62191
71478
61109
70476
73911
75183
61810
66433
59143
60187
58554
61862
58844
59758
59978
61415
65812
59821
64052
60318
62394
59949
64489
67595
58444
75812
60422
76410
60224
60261
60422
71882
75410
58946
63034
69107
60458
70155
77027
58717
65900
66436
58447
59591
59688
58543
60017
63382
58364
58935
64367
64632
62330
58725
58900
58756
60233
65989
71749
58584
72324
61022
68311
59355
67365
59250
59553
61022
72615
60833
63005
61862
60324
62091
60335
62667
61472
71946
77990
60588
64789
73676
59423
69653
78012
58353
59787
59915
58595
58721
59486
62052
61214
63878
59953
58415
58591
61195
61214
66417
58729
58945
59176
59986
60089
60736
61567
61818
60926
61803
59223
65795
75357
61240
63135
63301
58402
74385
61632
58717
67702
58293
63028
60221
60257
60419
63610
63863
67303
78693
78215
60819
61942
58680
59663
66972
71907
61504
63106
59571
61965
58573
73549
78448
76727
60519
58500
60335
60580
62282
62268
63307
58939
58977
60780
60399
59420
60257
58970
65123
58338
60940
67757
59763
59932
59840
61826
74224
59733
69966
59513
61043
61608
63502
68008
59769
60695
59442
61282
61520
67717
67890
58844
66992
71795
66104
59590
64749
59915
58916
59424
64552
58602
60559
63838
61491
73455
58812
58601
59853
63777
58820
59721
65061
60366
58788
58793
59881
59965
78360
59951
60137
59327
59561
75717
60414
66126
60847
59235
59684
59511
60249
62371
58742
62743
60409
60510
60932
61998
71027
59353
60439
61386
77827
62727
60568
58857
67507
59746
61947
60266
63673
61317
62495
76730
61748
64305
63274
61504
69923
58654
58793
78798
61105
75193
61617
78587
63478
60193
62419
58626
58770
58498
59200
60405
61919
59034
77979
58701
60399
72699
60985
70641
77410
59340
59894
62219
59311
65443
59408
64262
60146
59513
59561
60356
58702
59883
62490
69858
58783
59019
58651
74954
69322
74851
69074
60932
59989
59429
58785
58837
59294
62731
63600
77816
58769
78897
59514
72250
60693
61966
78045
60522
79068
60617
61943
59265
60345
63282
60049
61133
62152
62444
69068
69400
73384
59506
60249
62146
65665
70229
70865
73793
63181
62352
74118
59260
60116
59870
61013
64014
59317
58654
58737
61464
58509
64759
58952
59181
59140
58912
60898
59296
75537
59458
59541
66445
61339
61776
63800
63877
61813
62445
62191
60146
66480
61185
59896
59016
65696
59092
59785
62210
59450
59261
63310
59706
75422
62536
65926
59828
59720
59783
74332
59585
58885
59307
62454
63819
64444
63293
59743
71595
61961
58935
59176
64282
62522
61857
76448
69549
59932
60137
77898
60997
64046
66975
72876
62836
60434
60947
71407
72957
78788
58912
60033
59413
60164
75323
61393
72326
60884
64558
67592
60039
60433
59054
59807
61743
63028
64631
59930
67204
58703
61125
59156
62852
60533
64433
65412
77194
78305
78960
59533
60254
62843
62702
64583
61024
69934
59683
60599
58661
58896
60522
60664
58714
59223
63471
63004
58934
59378
60014
60075
60663
59705
60066
60636
62952
62438
62697
61361
62203
67240
62784
77735
60579
59141
58907
59256
60388
72043
59940
64014
72101
75664
58746
75355
60429
58899
62929
59530
60303
60584
58619
59226
61740
62234
60834
59260
59625
58995
59214
58666
61944
64305
60456
61932
61078
59440
58913
62264
58750
59943
58911
62930
63364
58790
58973
62020
59600
59951
59263
67419
60028
59659
60285
62616
58636
59064
60933
76258
59669
59201
64936
58756
61753
62482
66462
66839
69061
71217
60247
60848
63053
59002
59065
59849
75460
60196
60604
58733
65270
62787
59653
60612
67166
60290
60560
74244
59914
63754
58693
62676
62470
61438
63891
78475
60161
59021
59321
59810
60344
73012
75423
59614
62038
58872
61133
64446
64565
60793
71948
58743
58780
59959
60985
61428
75300
59652
60059
62908
63305
65667
71829
58852
60592
62718
59965
73346
59418
61515
71947
61115
63904
59943
60069
63414
64838
59141
60756
60337
58858
59161
59284
61145
60751
62019
58732
59002
74304
62736
63676
64037
59371
61126
62622
59339
61931
62670
63063
61576
62183
62206
59328
58736
59245
75772
60420
61918
78809
59141
59806
60481
73453
60569
61339
59030
63456
59837
59992
73740
61683
64491
60195
61411
63494
60263
62212
69286
73077
66291
66663
60534
62733
60056
58738
61457
60093
66780
59079
58803
73963
63587
59419
60830
64336
65277
68703
59392
62385
63267
60029
74170
59620
61694
60808
64805
59881
59497
61436
59944
61889
60069
62712
61619
58907
64571
60574
61441
62072
60503
74092
59407
59651
64472
58901
75351
77792
63638
67878
64257
67627
59960
67158
68059
61561
62091
61097
63903
61112
62361
69015
60218
60720
64982
60780
62268
61675
65610
69371
63382
61194
61774
73096
58924
60336
75976
60397
60740
59211
62274
62859
60443
59319
59007
59275
64908
58973
59712
66134
59149
60847
62485
59673
59945
78518
59266
60601
58876
62406
60062
59466
60204
60691
77909
59152
66511
61040
59866
66304
65705
59860
61919
61228
64955
60644
66285
63747
59451
59455
69883
61815
59212
65340
60314
62933
70087
61761
69744
59453
75009
61111
64811
73100
66855
59645
77532
59633
61047
60741
74317
59135
62513
72287
59097
59184
68688
61872
60476
60129
63781
64893
61160
62455
64609
59110
59878
62345
71644
59717
67185
60259
61005
67018
61067
61521
76219
72436
61995
60249
60652
61283
60971
60632
64869
66927
63512
62448
63111
58884
62005
75310
61422
63646
59730
64419
59338
60089
62137
60762
64698
59272
60620
60884
66346
61917
73732
67249
60236
61462
62662
60793
74357
62612
63387
61122
58978
70107
60500
59855
60632
63185
69798
59624
61871
61927
68773
59839
61600
62361
59361
59827
61110
61793
62267
61386
70985
77863
60297
60456
62070
63687
60862
61505
77857
59675
60459
66145
60076
60245
67957
63687
74106
70702
61480
62934
60561
60995
62315
60011
70349
73962
60045
62230
65389
62761
60179
61668
61450
60380
61888
60573
61103
60928
60214
62976
59426
60037
62792
61520
61586
59886
61343
59373
68208
78451
61878
62116
59388
59628
62271
69561
73279
59399
61660
61063
61429
68060
60637
61913
64361
67260
59463
63859
64560
62054
63538
70479
59125
59577
59769
64074
68544
60975
62508
59164
63198
60160
59362
60160
61950
63739
61624
62197
61998
62473
63439
63200
59255
61710
77533
60290
60410
74290
62871
60969
60974
72027
68147
61345
62466
59554
60034
61604
61364
60637
65951
70452
60040
60285
64227
65507
59405
60003
61120
67987
59320
71443
73923
59981
61181
61671
62870
60758
71464
62838
76984
61458
63195
59662
60220
62534
62611
59197
59216
59369
59602
63302
61853
60723
59600
59107
60641
76803
60107
63938
61884
64128
61417
63895
61722
63840
61619
62660
62190
78780
78908
63095
60448
60541
74021
68130
69317
72429
62190
61051
64369
64659
59066
62463
63308
60491
59568
59271
76111
65758
59472
60298
64072
62856
60040
63312
59982
60641
59233
60377
65935
72522
62803
74626
59212
61661
66263
59449
62737
63331
62198
63669
64824
62194
62722
59112
60580
60652
61534
64665
62971
59218
59583
60666
59157
70670
60336
75807
61899
60334
60162
60245
65710
59533
62969
63272
66056
66821
60308
62221
62313
61788
74880
59181
61887
72639
61045
60453
60687
59688
61116
70497
61406
65659
63285
60560
74202
65810
59611
60918
61585
62720
67439
60751
61982
60666
59265
59846
63322
65102
60940
59482
61671
61697
69550
60158
62155
60244
59549
61344
60960
59864
59665
65484
70861
62331
60213
60501
59408
61530
60621
61567
63236
64861
65639
60253
63175
60164
60205
61199
67314
70165
60921
61428
60011
67832
59311
59496
67364
78453
63008
63224
63537
64402
67723
59441
61099
66357
59980
63126
59489
59731
62110
75523
63854
66073
60489
62817
59690
59934
59883
60235
60026
60162
62108
62445
60119
60576
62959
60931
62493
62350
59946
60026
60235
60402
75414
59503
59613
60793
73968
62936
74340
62174
75075
61243
60307
60357
71549
77002
59427
64824
61962
62568
69151
61457
61151
59292
59608
62175
66021
79031
61442
75163
60101
59919
59723
62904
62931
69487
59609
59679
60550
60296
62202
59317
59401
59767
59779
59808
70501
76853
62085
71191
63504
64636
63523
61372
63607
59577
65345
59743
72232
61080
60426
64162
60562
61443
62922
62740
63032
61586
62172
62582
60024
60048
60276
64347
62132
61994
62778
63176
65971
59474
59931
60492
61001
62299
59422
78068
61643
70081
60225
62580
59845
62869
59325
60205
60286
59898
60581
62362
61925
63248
59809
59893
64010
62096
62349
75873
62562
63208
62305
61905
63670
64002
61850
63644
68924
63142
63197
59961
61121
60635
59576
59552
77697
60593
60150
61007
62354
59956
63341
63159
59526
61411
62266
61381
61781
62147
61091
61028
63960
71642
62259
62131
60366
61397
62714
63391
59617
60037
67113
68553
62355
64461
66187
63940
59934
60937
59639
59644
60274
59809
69061
61051
68376
61372
60006
64422
63826
61792
62036
62953
63953
59474
61759
71302
64048
64703
62183
59803
60801
61776
62303
74800
74386
59396
66970
63443
61103
61349
70166
59512
59740
61379
59770
62822
60055
62723
60098
59532
75896
64566
60864
59881
60355
63067
60780
61704
68596
67398
67291
63745
60784
76734
62823
64175
59533
60182
70546
61560
60033
60460
62247
64029
66178
59716
61163
61108
62341
78094
74422
74952
69465
69466
60855
62595
63887
59762
62002
76096
61408
59632
62655
60099
60199
61588
62318
75657
63618
64042
62628
74133
77133
61477
62179
77989
63266
63474
64984
66304
61369
61952
59537
65239
60721
63088
65017
60514
59660
61136
61432
66493
62571
60256
67261
75467
59541
60624
61201
61948
61739
62887
61547
66755
62840
79122
60485
60687
77216
60527
61242
60319
61590
62441
60452
60587
73249
60007
66009
62739
61573
59737
64483
59823
65767
60504
61701
74149
60131
61966
73081
73638
65923
74455
69529
60553
59597
62789
68073
62278
59632
59926
60175
71705
61647
59723
59964
62687
67254
67540
73320
59737
62306
71903
61931
62800
61212
61574
59626
60275
60706
62198
61221
61736
67769
71154
69806
61453
63940
60183
72767
62287
62924
62661
60437
60092
60485
66212
67641
70999
62576
60022
60379
59631
63579
61125
71986
62210
62426
61654
69873
60046
67581
61646
59994
60241
60078
60763
62159
67657
60721
59655
63265
61640
60620
61771
61636
59671
70299
59824
61140
60312
62514
60187
66358
61099
60165
60750
59587
63360
70553
75760
60959
63025
63573
60635
68594
60090
61412
64346
60617
60306
68530
61129
64675
59946
61958
61916
62695
61947
63425
70206
72858
70171
62701
61592
59663
60840
63902
60224
60799
60735
61116
59696
64987
67135
62704
62409
63150
60264
62399
60263
65138
61007
61965
73257
61074
61194
73737
59955
62458
59854
63476
60849
62227
59936
59937
60470
75472
61022
61206
61850
59961
60092
77712
60358
60868
61525
59890
60102
60577
67744
72195
61537
61758
61853
66146
62810
63321
60016
60880
62097
61337
73555
62029
73421
72718
68822
64669
61940
64542
63371
62300
62531
63796
63355
63512
59877
60802
62224
63016
75949
66314
70711
59740
59989
60172
62997
60705
61209
60600
64311
75558
60914
61337
63142
59695
64652
64731
60027
59753
69367
61555
60872
60947
61750
62853
61895
60006
60619
63029
60688
61668
63710
60528
63156
64481
64870
63361
60324
77119
75487
61187
64904
60883
63336
65435
59776
60339
61125
65827
62499
59996
62119
60535
64075
60120
60530
61831
59877
60910
60767
62598
60708
59831
60189
60871
59878
61033
60136
61169
61924
62804
60320
67377
62713
61026
64579
59800
60689
60900
62142
60102
63809
60995
60362
70339
62524
62369
63094
75179
60297
63257
64110
61714
72093
62193
63098
61609
62552
64360
65485
75913
68751
59765
73196
64376
65012
75591
61691
62683
62402
59900
78015
62388
61983
63781
65882
60258
62343
61031
62347
60877
66275
74265
79015
60368
64893
66816
61952
61236
60794
61149
59840
66885
60707
61886
65637
64394
70128
70135
62764
63380
63401
65922
67063
78848
64828
66442
59996
64134
68393
63021
65557
61968
60486
60926
65488
64022
64119
60859
62504
61804
62029
63099
61767
76962
59977
77147
60365
60696
62478
71902
60896
60293
78340
79033
62267
60688
64952
61792
70959
61206
62724
63090
60311
61161
78910
62470
61050
62786
62159
64007
65299
70583
62008
62093
63118
60266
63642
67154
62696
61083
75768
68377
61968
61183
61650
63574
66101
59981
66820
61335
61555
60727
60603
64212
62213
61863
66118
60167
64062
62573
60286
70034
63749
59905
61568
61248
78789
62783
62477
75508
59916
62220
62068
66157
62486
65089
60555
60912
61028
60630
62973
67495
60081
75102
62325
62734
62882
63314
61107
61956
61840
62530
62879
60695
61511
61957
59903
60912
68512
60031
60108
73921
60381
72627
60861
62552
63612
64257
64367
59908
62739
61296
61397
60436
60317
62111
65869
59989
66648
77811
64220
66592
63561
68728
64247
60571
60856
63035
60325
63403
73315
60362
68117
60342
61871
60779
60463
64700
62376
62326
62369
75346
61647
60309
63101
69807
62060
77354
60214
60823
60016
60798
60116
61354
61247
62306
62341
60776
63983
61478
61551
67256
60931
60778
61105
61133
62193
63146
61561
61409
60363
61060
61246
62808
60769
60019
60856
61203
66129
60602
61298
60313
62018
60443
60614
63015
66276
66909
63183
61590
60171
61926
61395
63485
63428
60963
65375
66462
65372
62824
67174
61243
69542
60990
60133
60155
62298
60186
61785
60378
64745
62945
60284
61589
67982
60072
62398
62762
62280
62883
62026
76477
60527
65785
61089
65150
68643
60785
60807
61242
62387
75496
60673
62576
63737
64011
61593
61880
64959
63984
64621
60830
67553
61194
73254
60744
61327
67850
63769
72104
63154
67937
63997
64279
63692
60175
62267
60999
61927
61419
61573
60048
60393
63827
68085
63756
64218
60122
60668
60516
61319
61925
60887
62446
61511
61515
73055
65798
62416
63576
73955
61083
75923
63043
62781
61404
62554
60532
68692
61349
61906
61523
74589
64655
73667
60424
61911
67249
61266
62228
74220
71528
67608
66621
60613
70146
62262
62014
62156
65232
60675
60762
65101
66096
68149
60225
71185
60578
61521
62985
63045
60795
64059
62016
62684
62461
63393
74004
75770
67646
63938
64295
66798
63873
64166
60764
61881
63751
66063
61312
62960
61173
65929
69043
60573
63911
67083
63261
60392
60444
75208
66630
60534
62827
60426
73114
60480
77645
61858
76934
62689
61346
61173
60875
69625
73769
62722
67405
62975
60256
61813
63528
72527
73639
60997
61195
62360
63643
60248
63269
67082
69442
61367
64210
64364
66318
61517
63280
70375
60301
60532
64961
61856
64322
61058
60518
62068
61291
62549
60872
62298
78198
60613
65650
63114
64310
64618
60585
61647
62516
61550
62568
64560
66910
63494
62353
64202
65618
64131
62420
63070
62914
63805
63823
60645
60358
60758
72128
67517
61251
63064
60307
63027
63605
64013
61680
73413
65010
63807
64708
60843
61162
61670
62351
63303
60394
70279
60251
61368
61905
61561
62430
60739
74787
62967
63368
63368
62151
64288
64737
63565
64130
61959
68002
60944
71602
61495
61013
67432
63801
69554
65105
67331
77778
62068
67992
60777
61179
62075
75418
60994
60883
61197
61792
71895
64510
63088
60765
65803
64256
66591
65217
62530
70370
63214
64132
61923
60883
60916
63696
60590
62945
66864
64412
60452
62374
60301
62332
64739
61273
61157
61755
60591
62685
67189
60759
60288
63645
63463
63979
61141
60945
61209
60454
61907
64202
60472
63282
72917
65621
68349
62205
68569
64250
71207
60725
63541
68153
64173
64613
60633
64122
63252
69117
61064
61480
61175
77668
60859
61374
74205
64498
61212
70763
62229
65694
66306
60730
61916
61019
61185
61078
61184
61264
60423
62446
63221
60713
65835
60468
63056
63182
78581
60886
61149
62243
77515
61296
65779
68111
60774
61273
60811
60832
64404
62666
64958
67653
70769
60649
60493
63263
61725
65571
61522
62496
76807
61406
61426
72662
61183
78046
68359
70337
63209
60416
61252
62826
75987
65105
60730
63518
66426
61119
60717
70733
63716
64426
60447
71967
60686
61090
65456
60970
62368
65814
62259
62905
60926
60777
63168
63358
65279
61760
70056
60404
60845
61861
63915
77232
77832
62420
62227
65299
62663
66211
75712
61466
61717
64131
64602
67613
62014
63352
65978
67075
70205
62195
60424
60582
62149
78666
63097
64153
60896
67960
60834
70246
70369
61387
61660
60502
60524
66834
60923
61102
64891
74153
66684
68052
62436
63227
63230
62014
62963
68815
60942
62275
61316
60677
62997
62642
62147
60491
61656
63103
62115
64853
63442
62441
64355
63506
64817
61642
63686
62642
62292
63020
62684
63144
65222
70273
60585
60768
60982
61898
62521
63997
63462
61054
61797
60743
73799
61308
62055
61617
63511
60739
61369
63192
64958
65833
60603
60753
61352
61620
62878
68003
68018
75507
62894
63146
61016
61889
61966
61331
62426
65786
70147
72636
61204
61380
61967
62656
63364
65027
62473
67339
61632
63292
61462
63201
63825
61470
62745
61260
60698
60977
63797
60943
61678
60819
61443
62873
61764
60669
63994
64720
67408
62331
62358
75315
61005
62362
61230
62033
65431
61446
63407
65558
63782
67095
61621
61282
61706
61742
65896
70558
60566
63356
61003
61665
62522
68253
61891
62869
60626
65845
64073
62174
70185
61405
61584
64113
64303
60935
66593
75367
61145
61764
61348
64937
62721
64456
75639
62467
63597
61817
61856
61283
61919
62892
61415
61220
75606
62164
63213
64424
61759
62645
62710
62747
64289
62688
65599
61443
61912
60591
76897
61148
62333
60771
62404
73431
73766
60866
63619
61858
63219
62080
62818
63429
71487
61445
61517
61610
61661
60850
65814
63340
65827
60982
63693
63021
62400
62618
63931
60810
63042
73677
60616
61297
69007
61080
61120
61280
62831
65717
61836
74622
60666
60986
64614
61726
60649
60768
62195
60698
78870
60744
60816
61405
63214
60997
62801
61946
70521
62981
71034
61758
62358
79145
73430
61711
62878
60959
61197
60756
66739
72260
62195
67133
73816
60709
68978
69657
73139
63859
64361
64224
65566
67699
63586
61733
61737
63226
63067
74542
61630
61505
63721
61257
63597
63388
62811
63163
64542
64230
61584
61601
71460
73601
62295
63950
65083
61767
75499
61126
68015
61673
61730
60913
61601
64672
60930
62299
61244
69864
74732
74390
75610
69727
70421
69728
69863
61687
72977
62430
61264
71373
61783
62585
63279
68715
62256
66345
79205
65055
64252
64835
61620
61809
69298
62489
61285
61697
66028
60715
62050
61512
77967
63140
63350
63549
61218
63486
62074
65171
71155
65107
67242
74960
62160
61878
61321
65500
64169
60839
72097
62331
63392
68789
63551
62710
60904
61371
61717
64729
65223
73111
70824
64494
64960
61529
64248
61826
62005
71621
72930
64078
61808
64472
67751
74079
65663
61672
63334
63651
61359
62310
64478
65471
61589
62063
63253
61371
63663
68086
61467
62926
65218
63913
63954
61200
61668
63884
78627
62782
65153
64443
60971
63318
61317
61053
66249
61065
61200
62241
73992
61325
62258
62999
63664
68720
78986
61461
62269
62037
64070
61791
71952
63388
70647
62126
61015
62355
62791
64089
61746
61711
63195
61289
62970
61663
67011
61279
60878
61482
61175
62593
60877
61289
61801
60822
63961
66348
66320
61653
62050
61624
62148
61037
60895
61800
67175
65385
61598
63287
67451
68767
67443
68768
67450
68766
62521
63099
62135
61448
72543
63922
77878
62373
65359
61801
61077
67704
73353
63776
61409
60863
61857
61784
61016
75281
61062
61327
61861
64380
62347
61352
62111
61615
62333
74530
63442
74850
77478
61695
62279
61068
62353
61753
63303
63434
61793
62810
61729
63615
61192
62288
78219
61445
63467
65581
62006
63557
61425
61783
63057
72985
74673
61070
61201
61170
62086
63035
61833
65329
60994
64162
61229
66317
61446
65775
61844
63153
61844
62608
63284
63092
68053
62942
61086
75494
61694
61092
67157
61461
78826
63999
63962
64826
64544
66006
61318
63503
62618
62838
64315
73975
64267
62813
78967
62535
62980
64188
75573
61773
69099
62948
64086
65486
65802
61140
60958
61245
62544
66954
61726
65638
64306
66299
74436
61727
62080
63973
63246
63924
61003
64787
62449
64000
65470
69964
64438
63235
64812
68680
61957
61019
61061
62084
61588
62469
62183
60973
63765
63363
62477
65714
68887
75318
64224
66784
62769
63685
66413
64255
74707
63486
63949
66676
70442
61555
66394
75665
62497
62919
61448
73155
62884
63857
62338
63214
61456
61235
61959
62381
71530
73654
73736
62142
61540
62624
63389
64803
75411
71695
72721
72836
78141
61877
77519
69031
65125
70591
65560
61904
62222
62970
61090
76226
62868
68098
78252
61545
63337
62035
61192
61531
62216
61063
62186
62588
66592
64326
74985
63540
61909
63165
61426
63834
61135
61734
62250
71917
69261
66301
63196
61533
61389
62775
70292
61568
64644
75748
62974
64264
64434
61427
73699
64503
63091
63276
63968
62816
61710
63313
62804
62309
66676
61820
62896
67828
61245
63985
72005
61180
61378
61613
61839
63024
61315
62798
61921
61858
66671
61218
63672
77648
77964
64978
66390
67535
69963
63147
62194
64357
63531
62077
61659
61632
65053
65776
65809
61741
62639
64073
62823
73302
76594
63847
63289
61986
77659
69257
69755
63531
61120
61274
67156
67499
61885
61900
67421
61572
68183
71374
62012
62320
69118
62734
62984
63768
61168
62961
62353
68492
63289
63400
66401
61883
61547
61309
61850
61853
61680
61732
61772
62063
62565
63268
62688
64212
64845
75322
67724
68609
70046
61910
62505
63592
61730
61170
66566
74404
68795
70841
63998
61481
75002
62100
61411
63124
65212
62288
61803
62271
62675
65227
62703
62881
64294
61303
62224
63768
63180
64405
61583
63600
66508
61373
64685
65346
63283
64031
61829
62035
63292
61639
63986
62397
62830
63605
63942
74453
63156
64927
63961
62301
62617
61928
61217
73884
61420
62237
63395
64721
68178
64378
69863
64377
69864
61841
62525
64478
61706
62555
61373
61539
62964
63483
64165
63932
61253
78894
64293
61625
66539
62516
63868
65172
61795
62962
63081
63419
63905
73232
63964
67287
67311
62406
62884
61997
61720
62413
64035
62798
61418
61721
63812
65160
65527
64469
61368
62459
62800
63506
61723
61721
61429
62186
62599
70839
61470
61782
61594
61345
63331
66450
63218
66945
72470
63248
66428
64213
62931
63651
62143
64356
70710
61343
61908
67318
62011
66709
67138
62119
63164
61920
61539
78737
64430
68094
68680
61289
61591
61435
61747
61790
65393
70898
64952
61817
63900
65569
69327
62074
64269
64801
61318
62542
61358
61308
63053
61373
61482
61779
63898
62404
61807
63374
62692
65037
63283
63307
65653
68048
62954
63503
70977
69850
74177
74997
74923
62404
61693
64943
64159
62341
64432
64503
61864
62172
64447
61440
61833
62530
63598
62170
63978
66201
62622
62265
63028
65062
61490
61472
76860
64470
67074
68040
71078
65324
62984
62995
61771
66770
64896
61719
61536
62130
63352
63769
61689
66201
66064
63341
61729
76623
66740
66949
69129
78931
63634
64360
66543
77003
63100
64480
64559
66347
61911
63702
61705
63524
63122
70716
62089
65655
66599
63343
62925
62149
62349
61781
63413
62414
69459
70114
72331
61581
61990
67013
61463
63051
63241
62034
62088
63023
70390
71410
61537
62798
77019
61691
61696
68096
61559
63757
61945
63485
61890
62332
67319
63380
72272
72509
78181
61848
63295
64783
66254
72654
62723
62805
64376
61804
67416
63483
63773
61610
71860
75655
77708
77850
64366
65573
63883
66637
65737
61536
63165
62347
75021
62168
62570
64590
64516
63316
64508
65044
63662
63280
63635
64604
67220
61592
62926
64681
65303
61849
62290
65371
65333
63717
66421
66912
61824
62032
71303
63223
72550
66721
67727
69423
62514
70802
61535
74174
64930
62086
65589
66297
73094
62057
65133
66203
68689
64651
75054
63951
69505
63344
61800
62938
62364
66527
64883
65035
61981
63081
63482
64066
64600
61987
70200
64625
61596
63602
63490
62313
62729
62595
68741
63074
61481
61859
62461
63560
64262
63840
76854
63031
73970
76500
63935
72553
61499
76857
64883
61484
72974
61598
64930
61750
61913
61736
62580
69700
62176
61669
64948
61577
62126
65190
66377
63575
62436
62499
61637
62731
63500
64795
69890
61622
63804
63656
64866
67463
68979
64297
68145
66481
63803
68958
63473
63143
67700
68598
73244
74072
76420
70170
64568
64748
61598
61985
66345
64093
64806
61756
63803
64550
72414
62489
67047
70449
63720
64292
73001
67024
62451
61782
64722
63053
66365
63306
63818
71760
62022
64787
62536
62547
61989
62437
61562
62172
71835
62452
62669
76810
62565
61814
61683
62458
68600
61941
62046
71776
68658
70574
67626
63636
62328
62360
70031
70431
73522
65679
66882
62684
68453
76044
64215
62099
62056
62481
66139
72424
78455
64917
65078
65062
62938
61646
63154
63189
69360
61983
62402
62468
68610
63234
62032
62598
62428
61851
70179
61635
63841
64256
64773
62335
67898
61649
72191
64603
62393
62520
73734
64470
62569
63052
63690
62827
62343
64561
65131
74937
79174
64568
62089
71976
62082
65882
62476
63595
65258
67239
68037
72040
62031
63043
63413
64975
75181
64436
66771
61831
64798
66096
67936
61845
63877
62816
64159
63646
64222
64493
61701
65261
65425
63343
64045
61882
63140
61836
66903
63584
69445
62018
63914
65126
66902
62919
63566
62636
66929
66594
64899
65849
61976
63500
63482
65155
61947
64070
68897
73846
63357
62077
63086
62714
67202
68597
65204
66802
61740
62020
66397
67226
71607
76085
63703
66667
63418
62486
64154
64506
64897
64684
63671
64337
61877
62622
62874
66020
61779
61712
72798
73234
68027
63152
65532
62624
61843
67824
62742
64723
74534
63284
62961
66286
77924
62682
61818
65296
65596
67526
68508
61791
79168
61854
62263
62287
65916
65374
66955
63515
65724
62281
61857
71645
63750
74135
63038
77069
61835
62329
63385
65359
63728
62428
78320
66556
62762
61912
63858
64923
63660
63761
62631
62580
66794
70160
62055
62514
71658
64802
62642
70926
61881
70337
75570
76034
71150
65060
63120
63624
63716
65244
65377
66500
74578
61889
71088
63996
65017
68846
66269
67632
62110
67147
61854
63929
65511
62643
63086
63344
63239
64706
63424
64752
62655
65070
63338
64964
62084
63118
62498
63884
62307
62832
64217
63698
64190
66166
65132
68466
64705
63572
63637
66563
62067
70614
74637
65060
68316
69227
65773
62200
70683
75970
62072
66514
66995
64201
64574
64042
75230
65640
65183
62525
62873
72581
63017
67761
69366
62458
70794
64088
64329
63999
65075
63342
63379
62017
62896
67994
68485
72398
64276
64039
66907
68499
65147
63323
64972
67404
77606
62757
65915
62336
62647
66614
66747
76847
63503
63837
79074
65931
64724
64902
76300
66134
63016
65627
62071
69558
62592
63816
61941
67926
64363
62110
63996
63205
63423
65183
70178
70314
64023
63243
64739
66848
62676
62412
67007
63009
71499
79142
61956
65777
63041
65234
63078
65014
63991
70864
64684
62507
66558
69328
62457
76821
74702
62599
63057
75568
63851
62822
63121
65296
63950
64925
64758
66040
66109
65653
65094
65316
65056
62871
69925
62273
62981
63041
62294
63883
62126
62144
62078
65315
62078
62274
62285
63268
65673
66343
69678
64756
63263
62018
65692
66045
62822
66662
68930
69084
64891
68588
63935
66955
64611
75596
64643
65342
62434
62158
62636
64817
65004
63487
62764
64578
62616
65464
62781
66983
68091
65074
62026
63843
62002
63338
62474
68463
63812
64839
63588
66741
63104
63128
63583
63660
64015
62040
72884
66422
67953
69492
65213
69178
74663
70597
65200
65541
67484
75853
64434
68236
75728
70211
65669
62189
64788
64374
62154
62207
65913
62112
63589
69790
72186
65208
65554
62261
64827
66316
62042
62352
62416
63164
64316
62817
67679
78124
64597
76950
64660
65321
62200
71730
62155
62538
64104
65269
68362
72506
62330
63056
64161
67203
62144
62837
63356
71220
71426
64981
62100
62350
63087
70032
62236
62437
63627
63636
65219
64374
72763
73947
62657
66610
62726
62724
64413
62138
62268
62300
63103
63726
62992
66093
62745
68190
77881
62179
65377
65514
66184
64069
62207
63260
63178
63431
62119
63822
63667
64069
62668
71137
71178
63260
65374
62198
62265
62542
62865
65411
62157
62399
68386
70218
64642
62410
62970
64912
62875
63657
62244
63402
66245
62531
62905
65949
62918
64203
63172
65161
63863
64965
71564
68126
62218
74026
65752
64544
64929
66093
62551
62374
79163
65295
63351
67646
64620
63480
65179
65446
65676
66435
62569
64850
62623
64572
75515
65651
62714
63946
64047
64849
64100
62509
64531
73742
63723
66690
62662
62755
63353
63924
62294
62421
63952
62433
65893
67808
72604
70266
65278
63790
64691
70837
73020
65068
62400
62879
63862
63483
76469
62240
65966
68370
65298
65297
68708
63878
78167
64532
63945
67772
69507
70965
64988
63102
62384
63469
64617
64808
68105
62220
65257
62664
63459
65761
63353
64276
62515
62962
63160
63257
62593
64119
62223
68812
63560
74631
63438
63806
62735
63702
64988
62415
64843
62783
63249
62648
62718
73414
67402
68386
72207
63252
63201
62450
63026
66350
67379
63241
62271
65159
62480
62795
62614
65990
63588
65157
65767
74796
65291
66354
65527
66318
62491
64598
63159
64201
64664
66177
65213
64343
65396
63574
64461
66334
70997
63137
64546
65452
65933
67053
65450
66102
67242
62727
64877
62907
65581
64916
65002
63107
63205
63524
64794
63521
65555
67223
64179
67118
65129
65450
63323
67008
62502
63226
62980
64785
64466
62936
63576
64439
66396
62529
65679
75493
63672
68582
65949
62831
63303
64349
62546
63584
62340
62434
68081
62915
63027
63672
65119
62932
64146
64303
62851
67136
67179
63760
64856
63134
65054
64100
67711
66572
64297
65205
62460
66841
66921
64356
62578
62651
65615
63535
64205
62394
67050
63721
62455
63673
64862
65281
62446
65000
67069
62480
69764
63495
70408
63970
65295
63065
64029
62421
63421
64245
73182
71739
65378
66983
69695
62608
73038
65542
65595
62441
62400
63324
64731
63249
70268
64590
66033
64248
62621
66639
63226
63358
63189
64420
68070
62655
63264
67541
62760
64975
62610
62656
63006
63429
64836
64573
65179
65542
63613
64495
62761
63681
63082
72107
74583
78255
65081
65230
73808
77235
64936
65821
64616
65283
63791
64949
67558
65350
73106
64829
62691
64762
65617
62944
64054
63161
72160
62453
62765
64546
63564
62953
62742
64217
62924
64059
65776
63476
62984
65339
66122
64563
66329
74044
62462
63121
65821
65426
65004
68608
62780
71141
65238
62633
64746
64860
62504
65636
65811
66083
65529
65809
64508
64518
65762
62445
63109
66227
67632
70452
62733
62846
62457
63117
62752
63624
63602
62561
63851
65495
62650
63649
64889
62761
64827
65258
64751
72434
64008
66052
62698
63720
75611
78583
62629
65772
63013
63074
64176
76890
64268
63229
62614
69348
65203
66371
63665
62726
74081
66591
62894
62992
64212
70882
67614
67202
63384
62937
74427
68681
79190
62815
64085
75745
63125
76939
64035
63144
62979
74705
64174
64935
65617
63011
65350
77849
64889
63085
64494
65772
62959
63515
63477
65666
62662
62843
63508
65238
64230
72050
62654
65928
65036
66516
72002
66228
64468
63010
63790
64895
66667
65039
65691
62833
66767
62594
62556
63087
64524
66281
68837
72764
63247
74617
63963
66044
62860
63137
69233
65440
66806
64440
65066
74107
77776
62773
63374
71326
65214
63679
65070
64180
63833
65211
65474
63192
79179
65565
66179
68400
63182
63921
64566
62774
63400
70892
65660
63360
65782
64591
76975
62892
63745
64388
64417
67599
65313
66479
62651
63071
65330
64270
67771
62729
63323
65052
74786
63237
64677
66817
63866
63533
64725
64690
63242
75964
63905
65516
62952
66037
69003
65488
62711
63378
65852
65079
66487
66973
72164
65658
64844
66040
62977
63858
69897
65925
65762
65463
62623
62754
62792
63602
64832
62738
72132
71275
65556
63764
65209
65580
70970
71703
65924
66455
63337
63442
65879
62767
64061
63795
64570
62967
66228
62776
62928
65364
63258
67561
75438
63861
63011
63630
65803
69010
63170
63960
64249
63870
64643
70715
63221
67285
65028
64682
63749
65304
62728
64392
63943
62818
63287
68426
63432
65572
62904
63389
65863
62713
63560
68659
78997
65828
64450
66023
67741
64923
65559
66564
66585
65268
66137
78611
65007
77234
62994
63607
63530
67754
67366
63155
63367
63861
65198
64526
64334
64417
63318
71008
63101
65883
62766
63234
62882
63832
64006
64505
62772
62774
62784
64221
62810
73839
74284
63450
65223
64515
75347
75962
64275
66083
63784
64127
67026
71957
66290
64459
68987
62797
65019
67944
66444
69768
64346
69334
67633
67422
64969
66353
68312
65584
63285
62754
63902
63478
65286
63528
64695
64459
65558
66355
63916
65332
63047
65707
63418
65632
69689
62951
69315
69844
72056
68932
67953
69518
66821
65228
67438
74019
62768
64233
64826
65388
63036
66504
68762
66471
62864
62930
72264
63681
71201
65711
63142
68034
68795
70906
63004
63359
64661
63301
64999
64884
65457
63523
63002
63220
71445
62964
63698
63126
62886
73464
63116
64196
64480
65097
62901
65687
77291
63599
65687
69242
79269
63042
64995
65388
71440
74861
63008
68861
66344
67660
67700
64933
75969
79402
62888
79191
79346
67993
63665
64528
66627
66317
67835
63799
63013
70237
63490
67098
62937
72214
74828
65594
63550
67032
64395
72999
68725
69148
78280
65007
65801
63754
65835
66814
63124
63579
66085
65638
63377
63390
63505
64240
65083
63570
64094
75136
64700
65587
62990
76154
66642
66011
64649
67421
64981
63084
76428
63017
62960
69649
65239
65557
65746
62925
62985
65286
65547
63063
66087
64896
62959
63310
63025
63321
66792
65797
65664
63829
63943
65403
66623
65601
69737
64216
66189
65834
69678
64832
68181
66231
78532
70065
68365
73184
63540
64186
64462
65449
65818
66209
66333
63710
73631
63034
65594
63090
63524
63109
64089
62929
62933
63358
68810
63356
65847
63088
63095
63022
63000
64978
65232
63847
79160
68938
62994
63396
63024
63969
69926
71135
63048
63189
64894
63034
66138
66500
63247
67913
72372
63033
66266
65964
63175
63522
63856
65373
63622
75701
66729
66295
63184
66111
73590
66174
68030
71086
64356
67036
64808
65523
63385
63826
65812
63237
62976
63671
65021
63696
64172
65693
68493
66149
64151
66393
63094
63909
70443
63762
64097
64161
64574
63324
66792
64344
64764
65496
64033
63080
64710
66125
63173
68139
77348
78873
66038
66459
63135
63469
64324
63110
63986
65921
67329
63965
66015
65236
65945
72428
64464
77083
64871
70639
63409
63379
65741
64822
65575
65698
65263
67611
64462
65215
65318
63152
70648
63773
74358
63292
63315
63928
76004
76621
63420
66438
63179
69515
65177
63570
66383
75081
63735
63054
66231
64806
67076
63304
64413
65576
64927
75746
63437
67816
64206
73653
63215
64510
65038
65207
64155
64543
66298
63393
69310
69868
63879
63935
66876
65140
64882
66109
63700
63805
63965
63519
63657
66404
63903
64072
64462
66628
64721
65582
76564
63254
66419
66886
66642
71510
63116
65848
67048
72139
66449
74187
65530
65090
65730
64298
63243
65019
64138
64284
63290
63939
64668
64710
64034
63137
63262
63593
63795
64999
65708
66693
63163
63886
64263
65354
63340
65074
79157
63322
63896
64059
64609
63647
64552
68813
70105
74036
63438
63723
69293
63829
66547
66965
63643
63801
68872
68559
65860
63443
64043
65706
64703
73289
76042
68046
64235
65260
69616
64298
63240
77086
65961
64498
71383
64350
66016
63695
63410
67803
64440
63933
63286
75449
65151
63879
63772
66702
64371
63566
63688
64185
63914
64676
66165
63581
64130
65709
68670
63878
70792
73518
65273
65860
65801
66461
66640
63673
64614
66608
63433
63750
64510
65551
66216
63191
65090
66682
63571
66461
64890
63242
67562
68075
68867
65800
66284
64522
67290
63249
63279
63392
70897
63601
72885
73517
63357
63802
65638
68954
73821
63431
64379
63471
64362
65795
63361
63884
67989
63662
64505
66066
67442
68299
65920
73401
63367
64893
73053
63529
73231
63807
63895
64209
65967
65214
64906
66188
65988
64949
64165
63373
65819
66853
65327
65806
66875
65967
64355
65575
75952
65831
66232
77450
64063
65995
66766
66813
69282
66359
64739
75793
74080
63404
66644
67025
66679
72648
63643
76981
63390
65550
78310
66278
68336
64798
64032
64575
65608
74541
64112
63960
63291
64036
69794
63387
63664
68941
66497
63629
65026
72943
78688
65096
67330
65662
64144
66569
70775
63817
64676
66145
66760
66808
64038
64247
64993
65720
64840
65215
64991
66091
64884
64328
63370
63696
63381
64054
63946
64731
66170
63864
63640
65312
63499
65815
64254
66714
65736
71779
72186
76136
64792
64125
64879
63548
65672
78885
66466
77286
64300
66363
64000
64779
66333
66586
64835
65995
66241
63932
72036
78662
64186
64310
66586
63942
65566
65071
64848
63421
63468
64530
70654
70999
65458
66288
63451
64322
65941
63532
63575
63868
64314
63466
63891
64334
64590
65900
64373
66000
76502
63539
66669
66860
65059
64736
66257
65985
63925
66524
65461
75769
64244
74604
63500
63591
65987
64730
65888
71165
63779
67122
72990
63762
64310
63729
63901
70758
75553
75954
79200
65825
67522
68067
65344
75979
63489
67386
64077
68943
77688
78121
64892
65023
65508
63450
64469
65440
66381
79140
63830
64660
66837
68301
66384
64960
65734
63663
65121
66360
66857
73110
64783
65651
64670
65702
71682
66541
65285
64672
65786
77263
63726
64427
70093
71215
64528
64591
65873
66265
65873
77111
64236
64263
65699
66372
63649
64005
64078
64132
66243
63906
67626
63468
64009
64797
65692
65966
66050
69832
64945
69756
63656
63707
68638
63814
65854
66364
66543
66893
66533
70396
66389
64161
64069
63496
63837
64282
63494
66326
64805
66131
67499
64120
66514
63499
64154
64906
63646
64499
69938
63492
66843
64666
65491
63569
67228
66202
63596
66052
66481
66237
65781
65782
66581
66775
64620
67510
63516
63584
70259
66081
63973
78239
64121
67131
66223
71187
64188
64611
64935
63831
63867
66417
66535
63633
65920
65239
64413
74692
63670
64534
66507
63608
64863
66095
67328
66574
66389
66079
65921
64426
64604
64750
66319
66326
69365
69691
72321
64038
67094
68581
64327
66366
70628
72275
78038
63730
69199
64598
65504
66064
63753
65398
67852
72018
64767
65703
66439
64264
65371
66338
65026
63776
65091
64838
65628
64215
65731
66893
63697
66641
64737
66217
63932
64613
64204
64289
64966
65033
66515
67899
63659
63966
68673
65628
63607
63655
66814
65754
64485
64844
63715
65974
66395
63780
63759
66200
67235
70224
64013
66501
66124
63644
64155
63886
64925
64798
63853
66763
66046
66236
66378
70439
63763
63823
63623
64007
64076
65571
66813
64182
66719
68418
65329
63809
64014
65468
64616
65394
74018
78264
65857
64293
64362
71660
63916
64274
63838
66574
74892
64424
65469
63834
64498
64970
64270
63691
64404
63883
63952
67857
65553
64648
66529
74568
64636
66946
78671
64915
74593
77609
67258
67070
75732
65889
63817
65605
66490
64391
63800
68190
76934
78098
77529
69793
63799
64417
66307
75630
64128
64716
64750
69526
63734
67251
76159
66252
67575
72270
64863
65275
64047
65314
66965
64351
64619
66564
64061
64716
65254
65754
66731
64720
65944
64499
65315
64679
65285
66878
63701
65893
64217
66320
64522
63839
67295
65697
68274
66225
67804
65232
67193
65889
66731
65414
76048
65314
64340
64234
63844
68295
71712
74429
64714
65604
63825
77891
79166
65396
66397
68038
64423
65143
67625
66027
72349
64447
64376
66688
67104
64349
64651
65525
67488
64046
74572
71609
75710
64936
64869
67125
67610
64421
65607
66351
65056
68126
64547
65220
66708
63784
63870
68537
79135
68539
77719
66486
64215
66968
74872
70850
75811
69353
71212
75763
63820
66735
67022
67716
66386
74701
63765
63963
65337
67208
65074
65025
66100
68614
65382
66832
66199
66293
66409
64707
66851
72073
65541
66433
65304
71309
64306
64860
66930
68206
63831
69484
65963
75954
66097
66815
65770
66163
74676
64175
65646
63799
65398
65794
65371
66334
64517
65668
63855
64088
74289
64190
65025
64856
77191
66672
63983
65528
67923
68238
71517
72293
76808
68060
66903
63858
64092
63913
64769
65023
76633
64385
65035
66672
64971
67991
64037
64446
66597
63856
66607
64135
64254
65582
63896
64223
73831
64009
64181
64815
64138
65980
63893
64127
65486
66618
64185
65386
64680
64075
65451
66785
72722
77187
68314
67441
66690
64221
63939
64762
65204
66720
65288
66627
69011
64886
65414
63973
72741
64284
65730
64418
64565
64749
66738
63934
67107
68089
69586
73451
65514
65902
65156
66475
64841
70312
66127
66782
68108
70314
67107
66565
65906
64241
72997
65021
66196
67639
78389
66683
78033
63976
64944
64477
64773
66932
64976
65604
74109
64994
64030
64533
65936
65102
64832
65273
66937
67248
69802
75883
64301
73662
64505
74292
64379
65983
66986
67142
64036
65282
65819
65691
69972
70398
69973
70400
69975
70397
69974
70399
64206
63941
70761
71410
75723
68475
64050
66017
69210
66304
67104
66181
64068
75612
75018
77322
64870
67575
66505
67282
66202
64985
64559
67112
64501
64246
68201
63949
65906
64126
64035
64093
65605
71816
67040
67019
66486
68879
66499
64381
67064
64490
64307
64594
65817
68151
67161
64299
64878
65051
67884
66499
67197
64087
65755
67784
71096
64431
68387
65654
66997
66160
67213
68479
64628
67669
65567
68469
64249
65381
65515
66206
66077
67681
67431
68561
67214
64037
64637
65336
69619
65023
76364
68029
77414
67189
66124
66519
78018
65024
65515
64665
67257
64949
67544
64114
69063
66916
64076
64290
64851
66778
64541
64569
65661
66707
67651
65516
76365
65406
67070
67158
67861
67767
67272
66788
68247
64596
66362
67042
65441
67498
64108
64629
65878
67068
75412
76088
64287
66343
68977
69043
64461
64373
69605
70967
72252
65444
66638
65162
65444
67112
66984
64537
66613
66916
74847
74871
77825
64372
66463
66874
68056
66796
66534
64309
64384
66179
66815
65633
74473
64670
64156
64418
64687
69114
65596
74779
65327
70767
78214
66294
66834
65103
65211
65668
67055
67126
67150
64183
64570
64426
65461
64208
66214
64309
64353
64151
67996
76174
67516
67046
65495
65660
67103
67933
65605
71980
64163
67079
64638
64905
65663
64551
64829
71904
64348
66674
65154
67114
67436
67150
65151
68672
64258
67462
64261
64561
68532
72290
65327
66136
79083
64517
64552
69690
64436
65329
67855
64132
64245
64836
65942
66233
66639
68055
64622
67046
67165
64384
67160
66280
66953
64407
65454
66953
64284
64656
66347
66934
64825
77676
64533
67099
65421
64196
74217
67099
64681
66270
65932
64623
64711
79329
69564
71611
64864
65636
68660
64394
67126
67284
70215
64544
65535
65977
66273
77102
67352
66555
67205
65059
65912
66101
65724
77509
70332
67555
73226
76150
64244
64192
66976
75901
73962
66331
64290
64647
78409
65140
64565
72028
72769
78794
65015
65115
67838
67908
67512
65917
65012
66767
69575
64353
64393
67964
64894
67222
66144
65226
68680
69648
66480
64276
64705
64999
68109
66775
64281
67356
64939
64738
67734
67143
67497
67861
69377
66004
68298
70555
67236
68591
66977
67014
67224
65777
74742
69886
66194
68002
68771
67356
66718
64688
64923
68193
66540
71382
64438
64286
65096
66153
67414
64736
65893
67128
68097
65014
65037
65316
69754
66536
65228
66990
64951
65671
64292
74283
78310
68494
66948
67815
67550
67061
64331
66424
67531
71335
71732
64300
67059
65928
67948
68074
65264
65501
66031
67238
65145
67058
64530
64766
71894
65319
64805
67377
68017
66299
75010
67111
64431
64482
65555
71685
65831
66829
69125
69843
73166
64678
67519
67370
65826
67400
64389
64743
72842
66197
66555
66666
66709
65381
64986
66783
67034
64728
66936
64365
64328
64495
67250
66022
75485
66664
67129
67734
64640
65773
66994
67009
65550
65564
67250
68179
64698
66537
68610
67194
69717
71725
65898
65044
66421
65103
66137
64983
66315
66989
67228
64748
66266
66693
65912
67359
65317
66986
67247
67473
69360
70885
71084
71831
71849
72965
73592
67959
65409
66062
65561
68370
67282
67307
69442
70454
65279
68494
66473
65201
65928
77853
76057
65282
64712
67168
67238
67415
64669
65700
76688
67284
64395
70751
64961
66432
68692
72467
72661
65493
66633
66967
64764
67156
67566
67571
73057
76318
70507
70508
76385
70506
73031
70505
76093
66284
65140
66254
64457
64871
65576
64463
64536
64578
72663
74341
74607
70069
64561
65979
64743
64622
65679
65600
66250
64614
65781
67490
66777
64501
65800
66614
69756
65119
70919
65891
65641
64723
64836
67426
79196
67512
65747
66794
64959
66173
64892
65091
67741
65166
68526
69738
67367
69035
69972
69033
69973
69034
69975
69032
69974
64767
64840
64759
64522
64625
68158
66316
79152
65138
67267
73163
64631
64791
64564
65779
67465
73972
66240
72137
69670
67142
68016
64979
65968
68235
71339
64659
65117
67582
65119
67194
66760
65786
66213
77247
64769
73248
68005
65537
64762
64888
68005
67145
68272
68638
65559
74984
65869
71590
64526
65499
74802
67721
66847
67689
67400
67551
67008
69147
66167
64555
65949
66380
67407
69234
72640
76740
67367
67426
67176
65337
65480
64553
69437
64964
66727
64674
64896
75810
69971
64903
67247
67607
67511
65326
65123
76627
64569
78113
64738
65553
67807
67904
67835
67263
66301
64555
64575
64682
66313
66131
68038
64647
64909
65409
64602
67613
67292
65053
65356
65345
66294
66587
64937
65010
64816
65537
66274
67253
69450
68770
75469
68679
66788
67606
65073
69665
72846
75889
66336
67169
68874
75809
66894
68248
67216
67462
64822
67352
68489
64638
65245
64780
64904
69081
64840
65703
67453
65592
65334
66649
78642
68156
69020
67736
67796
65098
65158
65428
67984
71602
66572
64687
66331
73131
65059
66402
64646
64646
64968
64881
67533
64776
71481
72341
76844
69020
66173
66742
65886
66246
71106
75684
67806
66364
66990
66922
73972
65166
66593
67277
66830
67397
66964
64746
65172
66172
67496
64842
78504
74372
74513
74504
64952
68244
72842
67185
64981
66841
67796
67665
66827
65125
71551
74239
65376
66806
64880
66591
66917
67274
75174
64904
68499
69527
65250
67635
64797
66482
65793
66972
68922
67754
67743
66764
67413
67550
64693
65210
66381
68380
65114
65958
65122
65149
64766
67634
65577
69493
65630
67909
70680
66604
65009
67701
66633
67034
72855
64867
65323
66210
66537
68218
64919
65159
65488
65700
76387
67609
73523
73939
66853
65173
67635
66305
67494
67686
69999
66715
66728
66714
65073
65158
65777
65328
64857
64823
66068
66177
67686
66549
66023
77860
67888
75183
67917
66508
64979
68651
70394
76661
68001
65574
68039
73647
65626
66464
72279
77370
65372
67520
65144
65184
69749
65252
68961
64874
67957
68328
66502
64953
66525
67213
68156
74437
65018
68369
64777
77538
66356
67385
72170
65441
73912
64862
66011
67135
67397
65902
66184
68788
65333
64842
67602
64963
68129
67366
67696
64797
64815
65517
66889
69767
65039
65098
65149
64926
67470
69738
67787
70102
67519
66651
67335
68001
66153
65083
65210
66823
72697
64946
65173
65672
66804
75400
72951
68453
72503
65362
67934
64823
64842
65046
65624
65495
68021
67364
67457
68218
68021
65022
64909
66445
67905
65435
66501
68923
65829
70122
67469
65122
65184
67869
64874
65567
65178
64965
65089
65030
66376
68637
65984
67168
67306
70394
65673
68140
68874
74094
67934
64948
65148
66977
65429
71232
74333
67815
66346
67904
67333
74073
69812
67780
66445
71079
74476
68464
75647
65623
67836
67255
66681
65253
65503
66243
67155
67684
65241
68623
68073
65089
68651
68115
65730
65600
65958
66989
67390
65704
65747
78830
69570
66502
65245
65430
65001
67662
65250
66502
66599
67159
69688
65294
68256
67743
74755
73090
73782
68873
65812
64926
68332
78032
76081
66019
68094
67255
65114
70755
65801
76295
65547
65037
78818
78897
68066
66187
67088
68285
65391
65400
65427
67838
77375
76862
65242
65485
67045
64984
65523
65810
67251
65945
65799
66558
67050
65049
68917
78643
66696
65951
69209
70349
71798
65392
67807
66508
66402
74192
78270
66991
66732
73039
66305
65030
65191
65356
66396
69477
69543
67614
68771
67042
67086
77584
69438
67262
65742
67860
77675
68141
66510
74695
76879
67841
65520
66954
70665
68157
65501
65653
67954
67659
65453
67566
65049
70005
70740
68369
68157
78777
67457
69171
67163
67259
67951
66146
75399
65341
66273
66596
77128
65530
65670
67885
65564
72283
66753
67684
66054
69891
65618
66485
65336
68318
68367
69495
67856
65640
70747
66558
66205
66816
65332
67841
70730
67346
67758
66380
66180
67293
65115
67907
68914
70894
65509
65358
66971
68039
67514
65511
74384
66135
65711
67928
67839
66548
65155
78844
65087
75409
65550
66625
68062
66774
65651
66726
66974
71992
68346
67702
75991
68154
66651
68654
66215
67965
71513
67291
68073
66590
67588
65225
79393
68316
70278
68639
65696
66657
66289
65704
66100
67561
68036
68863
69873
68378
66529
68721
65333
65202
75654
66372
68635
72897
65287
67756
65806
69937
66446
67688
77067
75963
78128
65840
68438
66812
67578
68137
68542
65174
68972
68041
75063
65655
65847
65465
66385
65709
66723
67254
67604
71066
74288
74309
65462
68457
70908
71078
65782
65369
66651
67509
67270
65498
67289
66732
66055
66860
65472
66686
68152
67643
76373
65227
65582
66545
65174
66017
68435
68051
79024
68517
72643
66157
70956
76694
71063
72360
66196
66974
65197
66818
78489
71873
65392
65270
65439
65268
66041
69742
66335
66711
65611
65434
68297
72977
66915
68124
65694
66250
69281
67782
68297
68414
69520
65305
65735
66290
68330
69489
70375
68306
68260
69914
66951
65263
65923
67836
68016
65645
65906
67024
65439
68415
67455
65335
66027
67728
68171
65288
66513
72081
67268
67268
65737
66496
66259
67472
66518
67918
68330
65369
69404
67929
65640
65951
67639
68210
68295
66941
68941
72666
67712
66411
74635
69453
70973
65430
68826
78998
73942
77377
66320
69145
65325
68459
65559
66163
67152
68088
74366
68088
67022
69783
66472
70766
79062
67389
66456
67115
72694
66236
65475
65509
66335
66762
66572
65774
66549
65532
65985
68019
65382
65647
66067
68981
75576
69133
78125
68212
65458
65560
68502
72045
78142
67185
68762
70671
65775
67203
66393
74885
65341
67599
68403
73207
65685
69080
65750
66195
65321
65408
65685
65895
65508
67956
70238
65902
67058
67494
65984
66286
67725
66331
66374
69780
68747
66673
66787
65869
73291
65525
65504
65584
67036
67517
67471
67559
65376
66193
67606
65584
76120
66785
65647
66738
66643
70673
69149
65616
66037
68549
65480
66653
67795
67883
67924
69225
66654
77920
66660
66194
67833
66358
66917
67873
68242
65538
68357
66178
65384
68267
67073
68867
68347
65404
65913
67589
65633
65589
66447
66740
68160
69583
74975
76913
68109
68229
65989
68131
69865
66654
67331
67729
68373
66028
65420
65728
73878
65574
66739
67719
68110
72212
68747
65976
72810
68726
67853
65611
68347
65992
65973
68079
71878
67327
68131
65637
67270
71731
66902
68371
65518
65980
65705
66101
65533
66385
65726
66534
68604
65427
69321
65436
67853
78526
67672
65799
66118
65787
68293
65468
65461
70074
66432
66539
68431
66623
66213
66431
77219
68357
67455
68242
65767
69638
66188
66587
73072
73410
68136
68811
67089
65845
65554
68050
72976
73099
68080
66926
67927
77014
66067
67886
65936
66370
65556
65738
67683
71466
78648
67528
65485
70155
66516
65811
69771
73890
65532
65718
65975
65895
65904
67051
68368
65524
70743
67630
69130
70672
65807
68691
70290
75188
66274
67023
65852
68650
70026
68550
65492
65976
66222
67958
65534
65587
66501
68416
69091
65516
76547
68404
67627
68745
65859
78838
68176
68742
68180
68685
65859
67915
68524
68081
66264
66943
68524
66161
66374
65878
66840
68302
69091
73888
67973
69225
69434
66514
68447
65529
68107
65692
68556
65758
73139
65910
67355
65574
66019
67306
65642
68080
65647
65735
66516
77604
66780
72860
66391
66569
66842
66112
68746
66526
66205
68504
66353
66316
72922
70806
68476
67976
68163
66450
72237
65753
67983
69702
73320
67973
66566
67359
67980
74269
65857
68729
66405
68711
65615
79033
65656
68687
66478
68273
67703
66003
68041
68472
70330
68647
70572
73306
67419
68406
66294
65913
77745
78584
65715
66045
65744
67225
68599
72661
69970
66919
65724
65866
69285
66428
69013
65686
66224
68280
68277
68673
65974
66146
68890
65830
66343
67680
67152
68674
68678
68335
67829
75080
66108
67553
65637
65665
68173
67596
69578
72688
65642
66135
68529
68925
67224
67528
66337
72572
67429
66344
69072
74771
75662
65816
67680
68335
65668
68678
68937
67537
68337
65900
76353
66610
66051
65764
66276
67033
66738
68273
65979
66086
73201
68173
66114
68740
67833
66725
75095
65909
70695
71546
65833
66633
65911
68452
78863
66195
66456
68221
71082
65840
66191
72632
72450
66071
65744
65773
67353
66362
72236
65797
67944
66500
75633
66053
66898
66859
73613
78517
68752
65723
69678
65753
66016
67845
66158
67285
65990
71179
66151
65970
69347
66008
67782
66088
65954
67848
66970
68916
65823
67091
67232
66892
68009
68763
68724
72835
68572
65937
66047
66089
66421
65779
65897
65972
70173
74177
66405
66715
68460
68250
71475
68774
68809
66834
67219
71946
75776
69278
70078
78439
69116
68896
66726
65834
68449
67190
68248
65896
74327
69122
66009
67779
70216
69019
68407
69185
70191
73881
67341
72127
67746
68456
69656
66431
67102
77180
66072
66681
69760
65838
68633
66283
65953
67776
68305
65832
74989
76797
66441
69327
66717
66959
69270
66567
69045
67723
66111
66374
65846
66207
70827
73616
69019
75140
77215
67488
66442
66346
68763
66103
65932
69339
68349
70146
68521
66125
66075
67484
66252
66995
65961
68809
68631
65971
72154
66667
68986
68988
68490
65863
69213
69987
78711
66518
67196
65848
69271
65877
70828
70826
75519
68266
66018
67137
68142
67674
68613
69452
68423
77870
65998
68909
75755
68521
72549
66218
77452
65914
68069
69083
72146
68172
70708
71953
67327
69412
71018
72654
65990
68301
75148
79325
65881
66088
66106
67791
66797
67939
67674
67678
66055
66006
70077
66073
68834
65980
66733
68293
66057
68817
67772
69675
68102
69242
66833
74767
65992
68234
68965
71222
78301
68825
69296
69813
69273
70319
71356
67028
66183
68113
69945
71834
66091
66035
66068
68598
69095
65975
69281
66794
66912
68144
69258
73870
65971
66274
71500
76449
66044
68141
73339
78455
66837
71586
69429
68729
67008
68541
69336
68596
66192
68786
68216
70319
72580
67752
77596
69273
66272
66387
67895
66189
68957
66963
66443
67688
69407
69482
71048
66569
65988
68649
69022
69504
69458
66674
67536
76845
69045
69489
74638
75308
68606
67465
68955
66007
66009
66239
66230
69152
79182
66261
66283
67745
74245
68839
66532
69259
70007
70402
67830
68326
66692
66473
66051
66211
68643
69009
69120
67332
68786
69349
68962
66121
68305
66348
74583
66728
68337
69503
69186
66079
66377
77220
69122
66811
70760
66874
66306
66778
68840
66851
78297
67007
69067
69336
70519
69059
77983
79147
67945
69452
66167
67009
66321
66230
69447
66857
66453
68150
66741
70121
68872
68676
74644
66291
66542
69116
68864
68234
69888
69259
69517
66225
66123
66536
67434
68937
68962
67028
68810
66993
69008
72187
66873
66139
72128
72457
68656
70175
69749
66117
67784
66424
67201
69706
68905
69102
69127
66979
66537
66829
74982
68821
66393
68266
66425
66494
72023
66411
66584
66226
66321
78042
70529
69196
68226
66144
68408
71915
68015
67867
69165
66170
66301
69407
66258
66700
69398
69629
68197
69127
68754
66914
69041
69198
67038
69037
69196
68896
67350
69111
67678
68354
71017
66459
77865
66289
66547
70478
66597
70145
69987
69475
74818
76282
66457
68891
66173
75547
66880
66372
67897
68008
68040
69097
68029
69338
70061
73680
66927
66863
66698
69486
70590
68802
67907
70000
69064
67100
67859
67777
66235
66645
68988
71498
72112
66992
69123
75998
67549
69198
67730
68846
66783
67735
68615
77957
66568
67698
69211
66300
67694
76051
66251
66245
67355
66466
66898
69289
66233
69359
67409
67898
67355
67113
67419
70486
66507
67403
69458
71013
70973
68953
69102
67187
68442
69447
67178
66209
68666
66435
78431
69668
66473
69998
66272
71031
66419
67134
66494
71955
68003
66753
75629
66453
66806
69401
72362
69356
67374
68375
68092
66980
78384
69401
69356
69183
66302
66535
76136
66583
70162
66808
68974
68237
68976
66385
66981
74035
70594
66783
68695
69087
66367
74370
75192
67583
67059
66477
67847
67677
69169
66379
69507
69615
71466
71785
78875
69237
66541
69685
69615
66513
67933
69899
70226
66398
66724
67149
74548
74999
66584
68266
66961
67174
66267
66730
68247
69181
68974
68709
69682
74458
68280
69417
68115
66332
72065
66281
68050
67696
69237
66302
67409
69992
68488
68979
69387
75295
78761
66330
67661
68224
78640
67995
70953
75265
70191
67341
66419
73252
68260
66479
66467
67009
73884
69429
67966
70278
68591
70655
68640
68984
67318
68283
66362
67676
66357
68511
66561
72729
74162
67768
69330
69021
69299
72871
68602
69566
66918
66406
68464
66545
73528
67913
79003
68914
66367
73510
67546
71264
68720
69304
66906
66466
71124
67688
67913
66470
67133
67750
66915
67368
68125
68409
71548
66934
67439
66459
78171
67672
69124
67959
67704
66646
75161
69309
67072
66924
66538
69157
72394
68703
67592
67884
67722
73945
72485
74053
67803
75252
66758
71163
67772
78953
69066
71577
66506
66862
66403
66740
67723
69862
71414
66807
66589
67995
69584
66471
67060
67162
68311
66612
69095
66493
67353
69591
67177
67381
75864
68082
66918
68661
66652
69321
67221
69372
66544
66781
66635
73856
75847
67958
66716
66761
72329
72936
78269
69623
72278
66605
73527
68283
69463
66749
69543
71678
71095
71954
67129
72598
72624
66907
67103
69397
66693
69852
78702
69042
69265
67069
66793
70394
66899
69162
67162
67760
66578
66819
66865
71483
75987
67752
78408
66609
66846
69638
66735
68843
66889
67756
68114
67619
69467
73079
67013
66603
66836
66471
66504
66835
67119
69748
66589
66781
68522
69935
67124
78151
69496
66522
66724
67222
71400
66827
67203
69432
66677
67123
68006
71849
76344
77723
67613
66544
66819
67465
69507
67988
68183
69871
66588
69397
66850
66928
67441
76508
77015
67863
66609
66865
66761
74728
67337
66628
76809
66578
66836
71061
67326
66603
66846
68243
68188
67062
77550
70468
71709
72520
66929
69534
68451
67876
68106
68326
67050
66718
71113
66626
70163
67570
67647
69792
68090
66959
67017
73219
73504
68829
69172
66596
66945
76197
69636
69720
69497
66895
68451
76484
66873
75628
69430
74356
74383
75239
68744
70311
69074
69901
69262
67730
68397
67303
69415
71564
71252
69645
69537
70880
74220
67979
66629
67359
78905
66640
70978
78196
67879
66750
68839
69042
73720
71845
68142
66867
67358
70900
67010
71114
71779
69932
71406
68218
66830
70166
76925
66812
67657
67332
72727
71557
67198
66856
69030
66677
66966
67544
66727
67272
69427
72579
72791
67455
69773
70301
69952
66921
66897
69915
68772
69523
67291
66774
69575
67728
66700
66741
68197
69355
72003
69354
70881
74481
75516
77400
75845
68917
69811
67959
66641
73669
66689
67719
69784
67922
68223
75747
67212
67507
72210
77955
68520
69599
68263
69057
66827
67702
66688
66799
67348
69684
67123
69395
69463
71995
71008
68801
68692
66736
68315
73287
67345
71205
67603
69546
71809
71934
69645
69621
66933
69172
68439
70212
72098
76548
78368
67337
67333
74393
78229
71624
73660
67048
67380
67381
75808
69246
69597
69599
71242
69935
72915
69952
69734
66784
67516
67003
70033
67484
69261
70010
67199
66856
67280
69872
70136
71016
67467
69932
71172
69512
66746
78377
66863
68622
68315
69528
69711
68093
67315
73144
75402
70821
69775
67357
68375
66984
70233
66840
69750
69681
71654
75825
70842
67037
69459
69239
69831
67115
68282
69811
70020
71642
67075
70010
66859
67479
73927
67533
68984
75790
66872
67891
69353
69812
70596
72407
77015
70182
70594
69358
67804
78378
67000
67467
66765
67114
68302
66799
68150
71341
67908
67709
67978
75624
69557
67024
71700
67011
69257
66776
67808
69130
69751
70299
66809
68685
71237
68277
76414
67177
67302
75961
68518
71109
68118
69801
67979
68793
69916
68666
70090
66888
67372
69088
69849
67617
69819
72001
68243
71855
70060
70516
69876
67034
68695
67750
67829
69994
68603
69876
67082
72875
66885
71251
68708
68018
69889
67051
67877
70001
67196
67713
69549
68590
66932
68603
69533
70050
66878
67007
68415
67015
71402
70486
68136
68607
67413
71263
66934
69078
68672
69487
68935
71372
71555
70665
67095
69071
70095
66980
78323
72468
66891
67843
69608
66993
71971
67920
69736
70177
69720
67364
69644
71711
69621
70992
69839
75111
69063
67495
68108
68513
68658
76653
66956
67582
75053
68000
68460
66896
66947
67118
73466
69007
70063
68205
69462
66972
70059
71469
70697
68435
69530
67274
71435
66980
67369
67127
70083
69597
71459
67148
68574
67264
67952
69050
70832
71193
67026
68450
66920
68667
69898
67219
70483
73314
67865
71817
67119
68382
74422
75244
75589
67178
70438
66949
67503
67856
67415
67369
68578
66985
69993
76705
78950
69557
68180
68475
72044
69387
70330
67252
67779
69677
70483
67497
69830
70100
73894
68676
75652
66982
73362
71228
70366
73131
79157
66991
68076
67452
68337
74439
69961
75559
67280
70284
67660
67799
69023
70243
67221
68541
69698
76366
67269
68031
69522
68161
67311
76400
70566
67266
69199
68097
70112
70646
67277
67065
68373
67033
67375
69617
67287
67958
67098
69456
68715
69961
73824
67055
67671
70310
70091
67710
68129
77583
68515
69571
67315
69904
72361
69258
74813
77777
78333
71294
69839
67049
68660
79175
67525
67590
70624
67322
69291
70342
69235
70269
68387
67329
67379
69251
68493
70321
72206
76546
69955
70011
67483
72665
72734
69736
71633
73856
76827
67785
67537
69110
71214
71635
69617
69427
69526
72796
70138
67183
67759
68597
67261
70126
67221
67801
67079
73753
74086
71376
74958
67961
68463
67669
67140
73709
69107
67306
67085
73392
69265
67773
74819
67103
67205
67260
68383
69883
67811
73815
75910
70171
68811
67996
75785
74233
71186
73969
68737
75598
70062
74161
67138
69118
67283
67376
69866
67285
67595
68221
67753
68564
69043
70295
70461
69661
70221
69951
70706
68665
70021
70047
70158
67899
69053
70111
72713
67140
67139
68213
78401
67207
77695
78647
67690
69923
68178
67325
70976
70975
67528
78657
67482
67160
69094
67397
70331
67598
71116
71244
70585
69342
68226
70956
67693
69951
70354
70406
75284
75659
67214
67785
68275
69366
69450
67225
68209
70706
68246
67541
67405
69556
69529
69331
70039
67567
68097
70307
73013
67228
67539
70376
68772
67279
70060
70994
70467
67527
69015
68050
68649
69670
67558
70038
69278
69883
68806
69187
74694
75600
79373
68396
77425
69106
70927
71860
73503
67625
67850
68350
74038
72458
67249
67330
70484
68200
68661
71694
67711
68480
68528
68043
69471
69558
67612
70079
78888
79426
67630
69820
70190
70139
74229
69245
71140
67517
67897
69856
69063
69659
69890
67321
68479
68096
67377
67520
67653
69685
71247
72387
67231
71203
70302
69859
69726
70058
67503
73214
70139
68317
69897
68322
71826
70565
76739
68158
70079
67265
69541
67488
68456
69957
68181
69319
70522
67830
72022
69823
67819
67947
67876
68516
67541
68824
69389
72864
67480
67468
68560
68159
69415
68906
75828
67385
70042
70435
67439
67637
71239
67636
71240
69895
71525
69559
72181
70053
67288
70138
67338
67370
67989
68532
70042
67311
67351
67834
67991
71022
70551
72872
74848
77621
78369
70405
70575
77163
69541
70530
69465
69901
67893
68473
67881
69969
72183
76654
70675
72560
77103
70575
70604
70284
67347
67361
69094
70461
68708
78304
68114
69389
67554
69917
67827
67343
78961
75290
67525
67347
67551
67768
68065
76072
79209
72631
74049
69315
70885
74018
67666
69107
67926
67764
68892
68119
70718
69486
70050
70359
69211
69735
67474
70007
67464
67707
67965
75635
70615
68733
71026
71508
73036
77814
70362
69619
69967
68837
68852
70037
67406
71031
70539
69340
70113
67895
69905
73871
75503
70798
70082
70527
70170
70577
67469
70455
68580
70354
70112
70807
68211
68313
67896
69697
71067
72055
67825
69240
71262
71783
68736
76642
70253
67607
67745
68565
67473
70405
68642
71741
68508
70221
71413
68254
68531
67625
67945
69026
71181
70604
67691
69467
69767
68316
70087
70663
67855
77807
79459
68346
70429
67470
68784
72531
70539
67962
70519
70635
67534
69925
67915
69138
78731
70144
70635
75989
76304
74050
76254
70896
77773
70463
67728
78478
69636
70264
67504
68622
68405
69895
67560
71314
67492
70247
67789
76025
70524
69968
68683
67936
73101
67839
68805
67521
70426
71289
70556
69080
70969
69854
69171
75868
79195
70692
72775
68541
67492
67532
70847
73206
70994
71270
68043
70220
73378
70476
73873
67509
67507
71442
68247
76534
68824
70426
67978
75587
68219
68350
74408
71361
70181
67591
71030
70172
68102
67568
70718
68630
78119
69168
70219
69855
67571
67729
69160
69173
71419
67738
67589
69894
68069
70571
68259
67542
73382
68553
70039
68533
78063
67735
68802
69287
68093
68258
71283
70359
68035
70326
68923
70807
75858
70741
67879
67992
70283
68023
70421
70897
67604
67797
68339
68532
71369
70022
70510
70208
69426
67802
68257
67634
68282
67683
67662
70219
70213
70620
68715
70982
74158
74367
77251
68028
68580
68660
78839
69786
71440
72262
69772
78322
69949
69729
67647
69435
70798
68252
70220
68745
67737
67985
70255
71799
72765
74453
67703
70306
70510
76094
69714
71011
70019
73668
68379
70037
70083
73019
79298
67725
70542
69231
70028
68556
69018
68037
73614
72383
75066
71231
70279
70924
72321
75837
77405
68973
70801
68181
69894
70214
70766
72328
77686
67818
70684
68915
78793
69436
72390
69471
71133
74610
69821
67812
67820
72832
68302
67927
68906
71540
72239
78987
70154
67707
70722
71274
71380
72536
67859
67906
67806
67812
72785
70875
71473
76086
77971
68620
68046
72901
76242
70877
68200
68815
69178
72029
67854
69287
69944
70593
74863
76102
76297
71097
72967
68555
72129
67996
79032
67684
74346
70824
72318
69030
71973
68345
70058
70279
72712
76475
68996
68985
70777
69722
68452
67775
78778
70749
68296
71940
73984
69177
70287
68026
70242
70958
68992
69735
68557
72091
68558
72090
68425
68934
70111
68300
68944
75788
70702
67760
71664
70963
70085
71011
69021
69874
69695
70469
69618
67780
68015
68017
68876
67783
68024
68024
68613
70475
71231
70545
75639
70034
71054
67987
69686
68233
68325
68349
72402
68161
68832
70765
68666
67964
69438
71513
70765
70856
69690
77367
70247
69769
73507
69251
71009
68879
70933
71525
67894
70606
70137
70984
68020
69849
68689
71234
68083
69322
71076
67892
78629
68112
70179
70931
67968
72215
67969
72216
67970
72217
68595
67947
70528
71036
70179
68392
70573
67956
68287
68251
68637
67917
71804
70949
69132
71353
69780
69643
67941
69435
68520
68107
68724
70714
70886
69864
75544
70924
68600
70804
70232
72367
76768
68075
69824
68466
77420
70760
71397
69182
67878
70884
71813
71473
70950
70137
70555
69652
68622
70937
69832
69665
70878
67929
68526
70606
70937
69753
69905
68624
71183
74585
68672
68014
68796
68148
70276
79010
68092
70030
71180
71602
70888
68312
67999
71535
77746
70949
73189
71219
70363
67895
68065
71856
73022
70839
71798
75343
70514
68262
69053
70781
76777
67921
72061
67980
70035
71418
71103
70888
70983
70907
69109
70078
68665
71688
72772
68399
77679
73637
78040
72140
71197
71659
69830
70472
68027
68094
69553
71127
79172
68041
71591
69018
69755
69209
70688
69625
69199
68091
67943
69778
70533
68083
68036
67950
69367
68325
70106
71524
74127
71506
72291
70913
71529
67981
71099
69908
68625
70095
69900
72191
68165
68870
69990
68032
77679
68760
69752
71477
68341
70434
68462
69753
71511
68784
68863
72728
72926
70848
75432
71274
68594
70352
71059
69865
69799
68011
70391
72679
77121
71025
67989
70743
70848
69143
70856
68760
68850
68064
71258
71524
68055
72058
71179
68973
71255
78052
68148
68186
70297
69896
72968
68255
72555
70407
72476
68793
69587
70171
70824
68432
70198
68103
68133
70479
68119
75397
73511
68326
69855
68319
68360
68199
72075
70336
70593
68132
71264
68685
68183
68303
70085
72014
70154
70176
68062
73595
70921
70226
71053
70225
78043
68210
69783
68502
71363
68404
69661
68182
74423
76585
77228
68277
71377
68342
71290
68208
69210
69333
71843
69913
68380
70710
69934
69997
68882
74703
68377
69793
69379
68289
70281
75910
76066
71625
71216
77779
78516
69854
74013
71679
74387
74915
69643
68973
73917
75737
76708
70258
70756
70830
69593
72359
71305
71122
68160
72499
76610
70534
73880
68430
69403
72024
71474
72208
69663
74545
69333
75751
71381
68398
69649
68341
75836
73255
78347
68378
69023
70122
72969
76176
71049
73263
79191
78993
69410
71086
68829
72047
72356
69787
72814
71377
68852
68985
72083
69314
71424
78494
71766
68319
69652
76288
71330
68219
68363
74597
70205
68207
70654
71776
78531
68336
69816
68391
69155
70756
78375
68420
69264
68387
68425
68608
68643
70723
68410
68194
70383
72983
70457
69252
75779
69652
71883
68267
71223
72792
79104
73693
74564
71202
69011
68555
69853
69627
73017
68773
74440
76571
72514
72970
76419
68329
71965
68479
69942
71340
77000
71366
71623
68995
68411
68563
70892
68417
68253
68265
74990
72063
76660
68544
69940
76788
78373
69069
71339
68922
69564
73309
68212
78280
70892
72029
71490
68912
72364
71398
75034
69280
69981
68226
76704
69207
68600
75441
68429
76955
71330
69481
69836
73031
68239
68616
75435
71666
70030
71945
79148
70169
73132
68381
71539
70767
71924
79184
69343
71556
69693
68574
70208
69970
71537
68555
68991
69976
70360
70833
69996
68633
70898
74170
68623
68318
70186
70455
68437
68505
68837
68570
70590
70116
71002
76153
71520
68298
70434
71475
68712
79025
77290
77704
68586
70584
71185
72226
71666
68488
69381
72117
68805
70973
68710
70238
74963
71391
70287
72213
71623
77357
70938
70853
74465
68308
69325
69466
71076
70908
71470
71823
68478
76804
71284
68504
69608
68482
70327
71396
68453
71539
71034
68577
68628
69060
77383
72949
74989
75713
68505
68812
69029
70725
69334
68343
68540
71015
71700
70271
71538
73481
75349
68336
68400
70223
68586
69746
68383
69171
68584
68873
69635
72710
71490
68495
78564
72860
69610
71613
69057
71548
68414
71567
68583
68424
68618
71693
71637
74609
76405
68730
68419
70235
71649
71166
69937
70052
74857
69804
77871
68611
70402
71420
72305
76208
71589
68876
69402
70188
70228
71786
68379
68436
68748
69499
68681
71178
71051
71587
69445
70259
76977
70527
68983
69922
69996
71536
68940
69331
68620
68668
69313
78318
69648
69964
72056
71591
78548
71059
71320
68897
69411
71961
71900
69527
70858
68581
69766
75916
69168
68563
71290
68584
68814
71296
78524
70036
68431
68507
68424
71702
69717
73273
69000
77972
69323
71699
68776
69341
68546
71736
73208
72284
68462
68761
71719
71713
68688
68617
71847
69610
68923
71716
68490
71905
69938
72419
71830
70894
68519
73703
68846
70016
69337
72819
71815
68473
69113
70866
68531
71906
68690
71489
73129
75160
68472
69362
72899
73817
68620
69227
71935
73285
71883
71858
68762
71292
68753
72027
77921
71812
68589
69318
71035
73115
70646
71586
68730
68782
71528
78217
69866
73400
68569
69693
71778
68644
68513
70419
72039
71942
68547
71965
71331
76304
72599
72039
69117
71596
68529
70588
74736
75152
69025
71840
69078
69526
70733
69337
70100
68603
68604
70447
73560
73848
68639
68572
70228
69997
72441
74112
74382
68885
70858
71360
71929
68713
71903
68952
69728
68951
69727
72216
76380
72215
73704
75794
72217
68865
71530
72251
68992
70387
70914
72025
72071
68741
69908
73886
74586
70605
71388
73757
76786
69494
79204
68845
69522
71889
68626
69305
71455
68755
72083
70329
77445
72025
71898
68664
71395
68590
68611
71419
77611
69853
68684
69562
71360
73562
70451
71433
70558
69469
70780
71850
73773
73674
69308
72047
73711
69184
75079
68696
68610
71469
69826
70947
71686
71487
70161
68711
68674
69000
69618
69085
68815
77803
68780
68782
69249
68865
70067
72798
76121
68752
69110
71850
68910
69842
68662
70919
73934
69355
78140
69298
71505
71730
69643
78443
73266
72534
78073
69695
70494
72962
77299
69850
70881
71103
73355
78990
68818
72053
72525
77397
79231
71994
76323
78115
72117
71058
71688
72822
68690
69698
70709
70637
71991
69830
72267
71879
68681
68770
68743
71893
69006
69144
70570
71457
70026
69268
70168
75664
71575
72001
68687
72123
77081
78188
68817
72126
69177
70661
68849
71736
73160
71352
72143
76947
68886
69544
72911
69490
72136
69977
70828
69978
70826
71022
75550
69959
70827
69283
74913
76147
70747
72124
69762
74841
75306
68780
72625
74343
72100
72225
71988
72355
72100
69131
77235
69743
72445
72248
78451
70528
69418
72887
68956
71368
72144
72090
74540
78257
69036
69011
68940
70389
69059
69286
68864
70488
75932
72464
68750
70496
70993
72017
68929
69708
70643
69570
69780
70093
69044
70975
72090
74909
75978
70976
74194
72091
68823
69596
71948
72071
69579
79222
74995
76402
76163
69432
69377
70803
71846
68976
72346
72221
75358
78067
71447
68835
72304
70161
71986
72149
70784
71739
78644
72221
68883
69266
71311
68998
77687
78593
72085
70075
71990
71348
73594
74060
74214
71239
75839
71240
69209
74198
70868
72250
71005
72261
72082
68835
68956
72373
68862
69044
72082
69026
72166
68990
70211
75526
68936
71857
68938
78660
72218
72490
69930
68878
69206
71346
71020
72911
72790
69061
70028
71947
70758
70303
69944
69953
69197
73591
70205
71134
70176
69931
71214
69982
72238
69518
68888
70511
72426
69546
69953
70328
70398
70506
70397
70505
70400
70507
70399
70508
72426
68947
69826
72694
69402
70789
69004
69090
70899
73295
77873
72322
72511
70744
75504
75537
77697
71182
72331
71551
72294
71389
70249
72004
72067
70351
71355
68902
74543
76569
69293
68907
70985
78686
72320
70936
68944
72204
72495
73076
73499
68990
72155
72520
74549
76558
72257
72593
68957
69261
69993
69674
71327
70638
68937
69117
78351
71732
72266
72669
76164
72308
68924
71940
75865
72464
72494
69622
69395
72178
77833
70237
72726
69075
69285
70691
69060
69344
77415
71739
69930
72069
69214
71881
72451
69119
69475
68993
70732
72502
72494
70456
72656
72355
69719
73698
69036
72447
72447
74374
73803
79221
70383
75525
70819
68987
71287
69548
72673
71993
72759
72495
69008
70413
71652
72477
69002
69245
70869
72971
71313
72414
69197
69244
72726
69191
69421
69108
71384
70941
72427
68986
72196
72061
72104
73700
78068
78418
69596
70099
70392
69087
69203
75087
78297
73324
70110
69111
72251
72202
69690
72438
69279
72249
78913
79413
72513
71253
72409
69067
72204
69121
69416
76578
77779
77412
69865
69249
69394
70956
69427
69282
72585
69099
70517
72352
69191
70866
69123
70438
71445
69157
73009
72152
72408
72431
72285
73468
77098
75378
72557
71892
69100
69796
72421
72446
72421
69288
72432
72158
72759
76535
77471
69434
69631
73159
78603
78946
71418
72446
72400
72203
70709
71773
72152
72576
69100
74882
69460
72403
71945
72562
69484
72469
79240
69424
69910
72469
71477
73747
71215
71827
71135
74714
69471
69668
70569
69666
69726
70280
72612
71096
71172
73033
71534
72775
71434
69153
78276
79448
69102
72545
69371
74282
72254
69676
71588
69506
69286
69884
70464
69299
69442
72481
72383
70136
69201
72032
71077
69478
70565
72060
72648
73505
72711
69267
73177
69367
69902
73531
71712
72508
73407
72838
72599
69318
73285
73714
72583
74923
75440
77984
70569
77342
72515
69252
69393
76009
69339
70035
69437
72005
72515
69352
75631
72425
69512
72711
70301
71376
69233
69903
72717
69224
69325
71641
72852
79012
72707
77382
72583
72507
71943
69218
69906
72538
77515
73427
75523
75870
72778
69417
78325
72538
76982
69218
69284
76478
71879
76799
71212
72112
77385
79300
69256
69267
72481
73311
72748
69232
69411
69248
69256
69232
69248
73124
78057
72565
69246
69492
69878
69933
70188
75549
75792
72628
69781
69931
69242
69815
72770
69705
72310
69966
72728
72770
69250
72393
72865
69244
69457
71905
72628
72748
70803
71615
72193
69268
72287
78261
69790
70498
76772
72393
72445
72589
71091
70897
70377
69948
71210
73803
77701
69344
77409
69439
72733
72680
70222
75489
75548
73236
75771
69289
69421
69535
71118
71156
72680
72657
73008
69667
69673
71151
69591
69457
69984
72062
75801
71192
69549
73159
69291
72412
69303
72804
72518
70134
71169
73121
69468
69626
69998
71051
72338
76339
70797
69324
69487
69304
71439
73854
69416
69508
77643
78551
69594
74335
76312
69390
73265
72839
71327
69535
69635
70242
73087
72564
69303
69335
70724
69612
72259
69335
71951
72526
69384
71265
70341
73228
77611
74575
69774
71881
72078
71835
72187
70178
71868
69502
69778
71070
72193
69328
69428
69781
73480
69385
71645
73223
76962
69412
69925
72944
72178
69857
70720
70314
72632
69697
71111
73809
69705
72603
72130
76175
69524
70528
72676
69949
69455
72155
71605
72436
72379
75536
77289
70936
72801
69847
69439
71244
71835
69542
72658
70169
69692
70127
72751
77231
72324
70099
70127
72828
69754
69894
69794
69384
73009
77610
78273
72558
72114
73464
78238
69529
74844
70435
69440
70572
73087
71978
73541
78550
70186
72689
73163
70500
71254
73655
69764
72817
69891
72920
77394
69818
70854
73391
76650
70671
72631
70328
69431
72935
69517
69597
69561
70094
71260
72014
70873
70102
73008
69912
76002
70610
69539
69891
72660
77823
72887
73293
73147
70693
71043
72454
69562
69735
69493
71325
72668
70744
71721
72844
77389
69885
70333
69484
69505
72788
78129
72932
73082
72865
71648
69842
72700
77388
69699
70260
70699
70438
73396
69559
72958
71938
79168
75919
71397
69478
70130
69737
72750
72348
72902
72514
75283
72916
70065
75895
69962
71642
69724
71371
69692
69803
73026
72918
73222
73520
69914
71077
72059
72497
72497
71351
72933
70945
75162
69555
73104
69600
69755
73796
69552
69577
69544
70434
71121
69807
72754
78867
79406
70233
73016
73047
71152
69525
73758
77660
69524
72978
73574
69534
69623
69552
71791
71870
73047
71579
69775
71193
70866
70584
73598
73082
70477
72574
69571
69684
73243
71206
69555
72851
69724
73571
69581
72919
75145
72611
69774
77852
69862
69962
73071
72243
72259
69768
69857
73051
72908
69689
71292
72923
72883
72350
73064
73011
70500
73193
77118
72979
70175
73065
71090
72286
70149
70240
75951
73045
69674
73143
73874
75543
71656
75594
73168
74307
69605
72909
73052
69988
76988
72140
72417
73052
70847
69824
70634
72291
73756
69708
69716
72805
74160
69715
76276
73074
72055
71687
73029
73203
71328
72699
72088
72867
70799
73109
73143
73203
70059
71010
70449
69929
69858
70078
73347
73105
73779
71710
73112
71574
71303
73229
77051
69706
69827
73286
69911
70259
76920
71901
73150
70209
71867
72192
71950
73093
79058
70155
69673
73044
70564
73405
69667
77374
70947
72826
78496
71709
72118
73120
72617
73170
70588
70303
70189
70914
69783
71004
71827
70002
70653
72672
73314
73485
69813
77108
73574
71996
69912
70070
76177
70488
74793
73067
71054
74953
69710
73595
70327
72630
73417
70725
73261
69858
70547
72784
73315
71198
73309
69758
69946
70516
72933
69797
70116
71265
76476
70325
69936
73044
73318
70103
72241
70725
73235
70595
75197
73910
69929
73130
73634
69923
71910
75480
73910
73273
69751
73403
70130
70492
70050
70161
70007
74073
73321
73499
73096
69794
69765
70031
74251
69911
76912
71923
70958
70511
69996
69979
70519
75322
72635
72574
73073
76093
73282
69927
73421
75267
71382
69777
72033
72919
73454
69924
72534
70153
73134
75188
73658
73338
70842
73415
73376
71783
73304
70789
73511
79215
73338
70176
72666
73381
73267
69910
70273
74054
73286
72898
72966
71943
74040
73606
73725
73844
73359
73026
73577
70131
73359
73267
70854
74863
70529
73415
71462
72078
71574
71647
73268
70022
72729
73689
73728
72013
73534
74100
71928
70228
72111
73767
78606
73418
69903
73238
72893
71677
75419
73328
73114
71498
72172
69882
73231
74615
77869
74630
73366
71283
73442
79238
75114
74883
70110
72277
69999
76264
77362
70224
71232
73614
75952
71336
73451
76040
70103
70275
72022
76279
72157
73435
73386
70607
69881
71513
71038
70282
70698
69918
77472
69990
70265
71138
73366
70090
70307
71001
69893
73328
70005
72166
71392
70159
73909
70946
75498
72040
76659
70415
77505
70057
72881
71271
73158
73886
72277
69968
70114
70069
74379
70037
69942
70048
69991
74946
74960
74075
77095
72872
73448
73746
75623
70408
73479
70165
70003
77965
73899
70004
70389
70062
71079
72550
73536
73624
79010
73532
73685
73532
71939
73327
70047
70162
70287
73246
73486
70057
73347
70086
73536
75555
72763
73434
70430
74030
73647
71647
73648
72580
70297
70410
70411
79246
70454
73632
73929
72867
69991
75517
73489
73796
71157
72579
78185
72624
73561
77510
70585
70585
71622
73916
77892
70517
71242
73349
70566
78307
70254
70393
73632
70040
70092
77496
73756
70051
73629
70094
73130
70018
70193
72613
79255
70469
72065
75687
72153
71193
70282
73612
73548
73746
73623
73510
74555
76615
78394
70819
73618
70080
71326
72365
70781
73625
70218
70073
78571
73909
73822
70092
70196
77497
74438
73828
70336
75924
76586
70091
71247
72922
75486
77863
75614
75698
73196
70601
70655
72310
73169
70084
70252
70595
71053
70202
71923
72687
73732
73446
70433
73929
72737
74165
72703
76587
72176
72820
70578
73299
72207
70338
70406
71244
70524
72319
70292
71327
73116
75644
72457
73422
72073
73874
77390
71111
73617
72757
70792
78294
71439
71160
73743
74358
71455
71811
73436
77091
73823
70497
70577
72398
73437
73781
70200
73754
70460
71507
75314
73430
74147
70809
70882
72235
73275
72982
70196
70384
77499
71689
73296
77514
71384
71861
72910
70677
73389
73543
73027
70716
70732
71663
78149
73713
73906
72542
73875
71051
70772
73590
70223
72671
78837
70275
70541
74660
74115
74605
70802
70806
73849
74128
74178
72581
70379
75663
77714
70172
76194
76310
70871
71509
73823
70903
72819
70251
78178
71132
72590
73345
73640
73199
73903
72685
75586
74181
73861
73729
73906
71212
72461
70745
73751
70294
70372
74672
74312
73227
73770
70270
72965
73745
75907
73843
72458
72013
70842
70555
76902
70253
71099
73850
75098
70683
73772
74080
74147
77216
73751
73186
73638
70709
74046
72283
71237
73804
70896
75622
73950
70299
70698
73794
73933
73227
70327
70456
72024
72910
74402
70993
70401
70419
71941
73583
70301
71357
73840
73920
73883
70393
72648
74008
78833
72278
70322
73000
70803
74271
70850
72416
71142
78778
70445
70458
72319
73113
77350
74730
79174
71585
70401
71644
70786
73907
74551
70384
70630
77503
71848
74007
70326
72968
70304
72861
71605
74148
74173
73989
73989
73983
70414
74025
74007
70336
75191
72553
74201
74136
74058
74025
70583
71781
72148
71537
73840
73822
70340
70512
70541
70636
72716
72567
73015
72605
77621
72061
72595
71035
72884
75372
74175
78785
71434
70578
70403
74006
72803
74006
76107
74183
76880
77550
74046
74172
73653
77981
75560
70543
74031
70660
72363
78259
74113
76855
74059
72588
71432
73577
70928
73948
74160
77688
74113
74039
73555
72581
79018
76049
79330
79309
74893
75300
74151
71096
79354
70445
74806
71025
76211
73992
74551
72358
70700
71464
72265
74058
73802
74164
74033
73885
70496
73826
78735
76100
77024
72309
72731
70437
70580
74033
71831
73880
70456
75116
75698
79253
72386
72971
76689
71088
77104
77435
74102
70470
71072
74406
74034
78700
73995
70729
72246
77461
74262
74045
71661
72931
73940
74041
73421
70704
73863
70785
76316
74261
70482
71309
74830
71288
74041
70560
72305
72922
73584
73715
74026
79287
72629
74015
70593
73829
70591
77556
71384
74068
70647
72702
73199
75063
76321
73303
73762
74181
73033
74416
74088
70512
70562
79319
70763
74602
74068
72310
71015
71507
74193
71097
73602
71248
71996
72675
70664
70850
74105
73858
70515
70658
72458
74238
74262
76131
72504
74389
74281
70636
70638
70700
72345
74116
74042
73847
75302
70840
70991
73706
74416
70968
73099
74199
72369
79199
72368
78227
71845
70548
74042
78160
74175
71648
74114
74119
74142
70926
72791
73914
70795
72476
77795
74375
74152
72006
73963
74396
71610
73219
71159
70561
70959
72105
74246
71927
73622
70580
72246
71552
74225
72665
70630
70863
77525
73699
74306
70618
71373
74203
72506
74707
70645
70632
73339
78455
73121
73817
70670
74375
74437
74401
75627
72124
70717
71741
74238
73582
77319
79303
70621
74203
71724
74142
71145
74306
70668
73367
74024
70694
71992
71442
74359
74293
73106
74248
74899
76057
70780
70841
71688
73289
74189
74168
76119
73779
72615
72068
71504
73977
70835
76358
76678
72103
74605
73974
74024
77732
70624
74195
70658
74487
73431
74366
70740
73248
74381
77243
77842
75876
74362
74595
78613
72794
74293
74323
71110
71077
71273
73506
73997
71624
73453
70745
73974
77752
77821
70907
71106
74294
75199
74354
74260
70860
72086
71478
72365
75826
77926
76611
70697
74487
75671
71088
74340
70719
70702
74211
74285
76250
77151
74285
70821
72044
71237
72625
70729
71910
74386
74319
74572
73658
73762
74349
74610
75797
70703
74173
74837
74381
71811
70736
73194
73514
76487
74506
74224
70717
71399
74299
74201
71004
71029
71038
74067
70926
71700
73185
76938
71446
74862
74392
74304
73949
74392
74294
71038
73977
78019
70965
72040
72794
70724
71205
70779
70726
70728
73523
74255
70861
72398
70728
71961
74428
74169
77681
75497
77123
74428
72904
74079
70749
74647
74178
74998
72973
72375
75472
73306
70873
71951
74450
74431
78163
72641
75778
77141
74067
78232
74431
73079
74164
70879
72252
73166
71320
74477
73616
75360
71746
70997
72207
72213
74454
74524
74403
73587
72762
74524
75316
71080
74478
74647
77874
72857
70805
73891
78028
77748
74746
74407
77137
73786
79321
72976
73706
71063
79243
74450
74823
74348
71721
70962
76389
70987
73410
71428
72731
74746
74419
74792
74553
70863
76812
77540
74502
72885
72214
72638
78570
72468
76611
74656
71121
71027
74535
74419
75947
79261
71664
74713
76099
71146
71768
70942
71075
72794
76388
76614
75749
72110
76405
74436
73653
75974
70921
74218
78015
78594
74577
74398
71416
71550
75522
70853
71007
75443
71849
71046
71195
76980
78456
74862
73028
70983
71177
74702
71246
71354
74332
74716
77044
77205
71579
72848
71025
72085
72101
76158
71060
71500
73090
75690
73072
72172
73127
75496
76683
73102
70934
72156
70942
76624
77105
71484
78770
71023
74777
75382
71543
71775
76840
74662
72572
71581
76183
74662
74658
77287
79296
71019
71176
76437
73022
73487
74933
73789
75098
76313
72791
74061
79280
71939
74758
76422
71527
73660
72947
71083
74951
71715
74478
74673
79167
72358
75431
74627
72033
74613
71029
71164
73997
74476
77586
74627
74484
78578
71400
70950
72068
76185
74112
74544
77149
77402
71656
70974
74418
74482
72685
71031
74435
73711
74592
74668
70965
71014
70978
77071
77243
74340
74739
72662
71089
74658
71153
75125
77963
71195
71543
76965
71972
74411
72435
73127
71004
74187
77170
72121
73753
77348
79193
71544
71740
71024
74559
72258
73168
74882
72940
79211
74525
71870
73245
73582
72953
74525
76032
74653
72522
71082
71827
74794
71073
72135
76999
77490
74773
73666
71639
74499
71928
71131
72347
71439
74794
71164
71238
71428
71190
71546
75111
71253
73310
78841
77925
73679
78162
71176
71415
76431
71974
74926
71109
71226
71907
74398
71877
74585
72730
78689
74833
71112
73046
73292
75010
74769
71066
73484
72134
71469
71826
74925
71147
71944
75842
74539
71738
77171
73880
71101
75534
73572
71165
72605
71131
71390
78618
78939
73214
71880
71091
73893
78926
79435
74903
73146
74110
74834
75056
74747
74793
76252
74773
78770
71154
71110
71273
74929
72270
71689
74903
71108
73190
74019
74247
77728
77769
71895
72645
71092
71118
71110
71159
74930
74190
71595
74934
73247
73358
76250
71472
71169
72692
73684
74267
75453
75229
71150
71109
71113
71222
71211
73682
71167
75208
71142
71160
71160
71142
71159
71129
76256
74846
74897
71263
72673
74947
74972
72014
74878
71151
75654
77629
77547
71248
71813
76217
72638
74897
72673
79292
74865
75182
71442
72590
74988
77656
71267
74994
73527
74899
72803
73217
74766
78799
74810
71162
74900
71202
74930
71462
72092
76463
74935
71192
71248
71856
72745
71414
71236
71251
75229
74935
78501
77042
72712
74049
78890
71186
71263
71396
73460
72235
75020
75003
71220
75003
74976
74947
71894
74386
71194
77234
77855
73172
75037
72353
74976
74943
73842
71499
72925
71317
75035
74943
72462
75063
71467
74764
74904
71236
74845
75162
73504
74656
71277
71228
71467
77558
71434
75125
71279
74702
75004
74109
78090
73552
78892
73782
72602
72913
75893
71251
71252
74207
71983
72270
75178
76782
71298
71347
74707
73545
74379
75530
71374
77980
75170
72228
75170
71438
73619
74795
71317
75181
78369
72953
74787
75178
71335
73951
78016
71742
74721
71356
73034
75057
71361
75234
76207
75083
74264
71519
71464
72128
72752
72766
75730
76360
71418
75313
73585
71637
72444
75195
73282
77737
77929
75224
75104
77198
75233
71402
75233
75177
71401
71590
76336
72277
74528
74118
75273
73514
71671
71775
72227
76826
77536
71664
75237
75223
71361
73432
72567
75258
74980
75224
75176
75139
71487
75345
71383
72160
73725
73508
75330
75210
71923
71870
72362
75841
75273
75177
76198
72262
74307
72214
78515
71364
73433
74264
71387
71483
71911
73371
75107
75426
75194
75254
77092
75254
72997
73481
73928
77785
72976
75276
71660
75238
71398
75134
75345
75210
73207
71583
75406
71518
72516
75238
73730
77694
73650
77596
75249
75469
74950
72078
79297
71532
75349
71385
71541
75249
73837
78775
71945
73831
75104
75413
71423
77054
75264
73172
77487
71502
75309
75317
71402
71406
75317
71586
74254
78488
71549
75272
75368
75716
71456
77252
79283
75288
74982
74373
74573
75427
72399
78676
79442
73712
71703
71571
75756
75716
71428
71580
74591
71462
73646
75463
74869
75272
73882
75036
72099
75289
71960
71861
71796
74969
75413
71682
73181
75243
74807
78771
71446
71452
75327
75331
71576
77168
72428
75327
71585
76362
75331
71865
71555
75340
75319
75465
74614
75531
75340
71981
74471
73877
75223
71672
75481
73895
71718
73489
73791
75462
74341
75153
75008
73292
75481
75521
71503
72399
75616
71944
75468
75569
75376
75101
75552
73269
75580
77578
74841
75433
74562
75352
71567
75421
71532
71658
71948
73467
75371
75616
75717
71536
71681
72392
76495
78346
75407
75462
75215
71619
71596
71952
75404
75215
75916
75404
71580
71794
73367
77160
76133
71981
75018
72665
78502
71615
75651
75427
71555
71557
72003
75575
73001
75110
75459
73072
74010
78941
75816
71727
73752
71593
74736
75306
72685
75391
73773
75260
75310
75188
77888
72391
74824
73457
75461
75450
75450
76579
71578
72119
75514
73585
78449
73747
72761
73111
75464
77654
75448
75721
71678
71748
71708
74768
72292
75109
71711
75645
72129
71604
71662
71780
71896
75848
75806
75203
77283
79276
75500
76165
72006
78710
79150
75829
77523
75360
72738
71896
71874
75677
75371
71699
72731
75500
72956
74190
73091
79385
75232
72142
75080
73084
79079
79181
75625
75636
75595
75501
76978
79095
75827
75650
74323
71970
73507
79177
74816
74837
74600
75300
75595
72801
79287
74880
74530
75781
71773
75490
75157
72896
75636
73789
76308
71975
72374
75667
71721
73535
77513
74080
74584
71675
76173
79276
77886
75458
75673
75580
75204
75613
75708
75579
71820
71852
75677
72130
74390
78516
75567
71819
75700
71719
71693
71702
75667
74692
73276
72803
71717
75581
71820
72182
75696
71872
71817
75190
75709
75551
71711
72387
75650
75717
75456
77019
77587
71830
74723
73924
73090
73947
74893
75475
74394
78664
71904
72345
72062
75335
71772
75766
75726
74616
75604
74329
78585
71918
75574
76267
71858
74811
75635
72137
73027
71811
78978
73504
75648
74744
77985
75673
76335
78037
74816
75539
75830
75726
75674
75858
75707
71815
75518
75707
71774
74321
75648
76180
72796
75702
73545
75718
75722
75681
71887
75722
75890
75700
71902
72151
73626
75638
73708
75502
76812
75696
75632
75632
72819
75681
71915
75830
78634
72463
75879
71801
71918
71857
71840
71801
73069
75637
71855
75445
71886
72755
75675
73041
75674
76704
72193
75637
75697
75682
76712
73990
75692
75697
71986
75410
71946
71981
71837
73806
75080
75678
73283
75679
75831
75727
76788
75529
75679
75887
75795
71962
75705
75582
72485
75439
71843
75854
75714
75714
71926
72026
75651
71846
77200
75002
75367
72182
75798
73579
75852
72283
75694
72857
75591
75688
75553
77777
75831
71932
75995
75860
75885
75666
75733
71898
72280
71936
75701
78103
73249
72004
75688
76349
78949
75725
72088
76454
76302
76773
75806
75725
71893
72019
74692
74288
75925
71893
74406
75020
72105
73115
75819
75729
73033
72070
75761
75593
75735
75932
71907
71984
72131
72405
72704
75735
72116
77278
74086
72675
71994
72152
72780
77626
74812
75490
71931
71966
75447
75787
72588
75772
75021
78395
73372
75534
75514
77405
75871
73584
74187
77474
75473
72008
75643
71987
76222
77731
72452
75643
72032
72026
73973
74017
72048
78774
71955
73760
72589
72116
72312
77325
75719
71961
75436
74067
72456
71999
73982
73220
74631
72491
73390
74688
79250
72037
72042
72323
75860
75602
73752
76171
75459
76688
76367
76834
77195
71988
71973
72041
74253
78948
76471
73000
74870
73693
75691
75719
75454
75492
75353
74741
72475
72010
72194
73025
72011
74570
74740
74230
72059
72187
73998
78454
73208
77027
72280
76753
75879
78591
72023
72512
72537
73777
77305
74611
75950
72053
75772
72070
72064
76249
75784
78054
73030
73591
72032
75943
73619
72080
72718
77473
77183
79268
75990
73780
75535
76324
75470
75909
74850
73935
73210
75232
72181
75912
73494
74501
72871
75893
72826
73837
76020
78265
72375
75483
76043
74743
72085
72909
78212
74234
72136
74562
76034
74710
72074
74740
76369
74508
72391
72356
73014
76008
75485
76272
74442
77222
72868
73506
74977
78858
74191
72654
75227
75497
74279
75902
72238
72334
72821
76287
75757
72307
72387
74228
75857
72831
73125
75825
79214
75173
77154
72974
76086
78497
74424
75641
72415
72179
78353
76490
73984
75886
72245
74303
75604
75922
75753
77073
75762
75980
76053
72220
76054
74232
77291
78402
74239
73094
72232
74103
72163
75457
76069
75966
77436
73129
72227
72289
76915
72148
75541
75566
72765
74380
75764
73262
77270
72381
73895
73956
74191
72497
72170
74212
72170
74300
73148
73401
78155
72973
74047
72181
75280
79316
72324
74519
75842
76095
72289
72336
76893
73595
74305
75999
73639
76562
78143
75880
77427
72582
72220
72422
76015
72897
75763
75890
75064
77126
73108
76802
77582
72823
75208
74666
75903
77999
77047
77719
77914
75913
72269
73079
74723
72663
76206
75979
76022
75896
72282
72422
74256
72382
75928
74197
73481
76071
76117
76029
78303
72529
79282
72952
74272
72456
73103
75708
74374
79053
75832
74526
73507
72307
76233
75079
76046
72410
73305
78490
76253
76643
72580
74453
76680
72271
76315
75749
74561
76542
72247
74272
72964
75660
76269
74838
72286
74509
74601
76075
74457
74873
76142
74395
76084
72332
76082
76115
73426
75965
76094
78528
72517
72746
74548
76083
72339
73221
72418
76969
76145
73624
74120
75400
72374
72434
72847
72666
72543
73935
78274
72299
73335
72910
73013
72372
74938
79003
76138
72420
75448
75539
75724
77812
72306
72472
76152
74521
72405
73797
72561
76181
75977
75821
72543
73155
78299
74594
76161
72354
77615
76063
72844
74302
75754
72501
73089
74387
72465
76146
75409
76229
72743
74429
72992
74000
76817
75896
72561
74819
75737
76063
74103
76139
72400
78261
72941
74581
76168
76138
72401
74433
72340
72500
73278
75384
72546
72941
74623
77229
73735
72517
72713
76024
74086
76001
76035
74558
75430
72441
76337
72403
72526
76868
78850
75929
73687
77439
72504
76369
72397
76394
74240
76464
79254
75568
76103
74884
78046
74040
75471
75766
74560
75513
76000
72381
72753
74104
76181
74737
75214
72411
75336
76388
72570
74829
72848
73073
76232
72449
76037
74682
72915
72582
73460
76033
76137
72858
77571
78126
73069
73304
78761
72418
72510
73310
73313
78648
78855
74695
72439
75022
72546
76218
72645
74637
73973
77459
76341
74674
72757
73325
75913
76362
75881
76876
72572
74745
75715
76372
72909
76000
72439
75379
77856
72518
78772
75877
75811
73345
72587
74999
76140
76200
73163
74052
76162
76289
73544
77244
72510
74854
76481
74471
76704
74163
75797
79353
76152
76200
79393
73207
75777
75867
72548
74230
76525
72528
75092
73094
73017
77094
74711
76311
73086
79404
75596
76988
72635
72895
76207
77861
72525
72981
73871
75414
77317
77641
76245
74771
76869
76331
76343
77371
72693
76196
72533
72523
76824
78194
75958
79150
76343
73655
74628
76290
74190
72997
76363
74760
75277
74861
74433
76303
76243
72575
72548
72862
76656
76015
77218
76210
76274
76290
76309
72598
73459
75593
72683
76702
76648
73341
73848
74607
75542
75824
73895
76363
76319
76274
73750
75615
76311
76284
74489
76056
74977
75570
76261
72562
72566
74047
75214
78976
77169
72867
76408
74700
73589
76096
74821
72619
73199
73957
76401
73848
76427
72620
73591
74683
76401
72830
73947
72955
72714
72890
74825
73174
77669
73772
73096
72971
74564
75669
75420
72655
73619
76440
73034
73336
78721
73969
75503
77374
79256
77071
77295
72619
75244
75556
78402
74720
74718
74717
74719
76741
73038
73921
74280
76378
74815
72664
74628
72620
72636
74684
76325
74278
79066
76162
76413
72714
75741
76384
75145
76876
76417
74156
75900
72640
72650
72863
74546
74430
76455
72646
76122
75813
72849
76619
76435
76493
73306
76386
72815
74761
73897
75207
76465
72702
72961
78272
72771
72975
76386
72736
74848
72690
76493
74801
75630
75173
76452
72687
76286
75064
76500
76424
74457
76554
74757
76457
72709
73123
76137
74452
72781
72981
72704
72755
72924
76351
79049
79274
72789
72702
72777
72713
76351
73154
74745
76064
74023
76567
76738
73690
75952
73245
74792
78351
72934
78646
74430
74560
75099
76529
75380
76358
72768
74788
76482
76400
74855
77411
73002
73707
76451
73015
76667
72730
72745
77765
76325
76470
73089
78226
76286
73622
74977
72734
76470
73304
76516
75120
72948
75242
72806
72749
76096
74184
76320
73999
76548
72926
76381
74683
72752
76349
77871
76036
72841
74805
72907
74257
76545
73010
76906
73987
76538
72764
74757
75000
74519
74156
72777
72828
72908
76488
73569
74519
73042
77241
77469
72830
72880
72975
72785
75031
76560
77199
77552
72890
73119
76684
75147
72825
76521
72809
72892
72856
72861
76468
72995
75105
78612
72821
72939
76403
73747
76142
74555
76631
78001
73734
75077
76584
76453
74601
76334
73866
76654
73586
74493
73069
73313
75898
75277
73250
74674
76792
74526
75354
73590
73390
74609
72832
72878
74594
77028
77042
78621
75968
76718
72835
75287
76639
76662
76718
75284
74936
76658
75603
73355
74832
75588
79210
73043
72969
76422
76561
72856
76443
76667
75927
75400
73679
73568
74134
72900
72866
74442
76937
72969
72921
76710
73689
75365
76956
75283
72951
78572
72886
77943
72968
73733
76502
73888
74100
72912
74711
75897
73234
72988
73768
74966
78065
72892
72905
73352
75970
76530
77408
73083
76423
72960
77026
73898
76637
73488
75077
73132
73405
77388
73416
73842
73156
76441
76587
73014
77088
77114
73144
75137
75130
78732
74848
72943
73107
74978
75296
73647
74797
76805
73348
73503
75655
74146
74630
77367
73005
73004
75366
76673
73058
73399
76963
72954
74959
76467
76793
72972
75285
75474
76775
77491
74606
74005
76835
73232
76399
75385
75993
76875
72984
76439
73021
74526
76418
76726
75364
76832
73513
74854
77061
74522
76816
76760
74548
73233
73412
73233
73864
76226
73140
75108
76972
77535
73140
75564
72987
76418
73408
75659
73066
76472
74825
76129
75758
78533
75872
74710
76843
74176
73014
73025
73898
75565
75339
79031
76169
77616
75476
73220
73467
73210
73060
78701
73065
75557
76879
73187
77142
73275
73092
74163
77572
73055
73039
76637
77029
76414
74614
77362
76837
73133
73182
74821
73217
73124
75967
76972
73183
76713
79297
75891
74439
75628
77199
73797
73071
77020
73181
73666
75662
73061
75417
76909
75706
76942
73061
73277
76446
76903
73246
77029
78243
73058
74715
75711
76900
79419
76861
73116
73381
73080
73075
75548
76864
77039
76265
73080
73142
76498
73239
78210
74968
77942
76730
74682
77590
77406
73152
73425
76943
76976
76878
77081
73170
73541
76429
76660
73202
73241
74239
76044
78403
74641
79173
76511
73176
75130
74854
73126
73173
73117
76838
77177
75429
76448
73179
75108
75437
73323
74176
77812
74815
77363
73126
73615
76971
73308
73191
76308
73147
73222
75049
75865
73221
78391
73142
73264
76523
77920
76910
77068
77039
75398
75228
78229
74609
76810
76943
78783
73241
73300
76120
77328
77865
76961
76855
77157
76882
74146
78533
77050
73643
73514
78791
73709
76157
75046
73196
76989
73325
73808
75815
73496
73243
74911
76983
73301
74276
78331
75354
73556
77088
75601
77008
74234
77186
74842
79065
73236
73202
74249
74064
77011
78125
73472
73928
77011
75205
76947
76815
73300
73356
74542
74495
78410
74767
74165
73221
73278
73979
77265
73432
74629
75991
74606
77077
73404
75731
77062
74560
74927
75336
76382
77145
76615
77097
74169
78555
74342
75557
73353
74120
79148
76197
73240
73732
75491
73312
74154
73340
73722
75077
75277
76789
77574
79228
73259
77164
73299
73413
74212
75365
73472
73539
76803
75016
73711
73728
76005
77138
76822
73356
73424
73293
77075
73287
74401
75836
73270
73412
75409
73332
75710
73337
76565
76973
73324
73838
76261
77212
73330
76110
77000
73402
75644
76932
73311
73290
75429
75620
77074
73319
73293
73311
74771
73372
74768
76547
73457
77017
75388
73841
75126
78650
76720
78853
76771
73971
73389
73414
75888
77085
73620
76347
73396
73631
77269
77157
75283
75617
73369
74145
73430
74605
73331
73424
73490
73332
73337
73452
76608
73417
73335
75520
77155
73892
79425
73439
75320
73387
73836
73362
77337
74539
78505
77017
77139
74889
75950
79018
73418
73775
75373
76759
77139
77144
73372
73419
75364
76203
73374
75877
76048
77143
74606
77393
77428
73957
73378
73552
77230
73392
76959
74307
77107
73380
77214
73382
73383
74264
74874
78546
75608
77387
76877
76978
73400
73490
73551
73419
73475
76270
78989
79395
73438
76624
77112
77355
75889
76405
73459
75145
73760
78145
74689
77918
73586
77293
74429
73551
73570
73685
73467
77826
73509
74730
74937
73513
77166
76749
75508
77703
77004
78273
75147
73442
75608
73569
75774
75687
73589
77234
77613
77663
74035
77437
77064
73459
73497
75836
73452
73529
76641
75030
74761
77181
74698
75088
77296
74629
73557
76432
77214
73528
74740
75810
73735
74316
75493
75599
73733
77320
77420
79273
77943
77809
77310
77054
73530
77989
78279
73659
74263
77193
73762
77337
79102
74509
75945
73497
76745
76495
77329
77216
75838
77255
75814
79078
73783
73865
77260
74480
73570
73627
75803
76871
74145
75022
78534
75569
73606
76121
73563
77612
73549
77224
77246
75817
76159
73522
73594
73605
77739
78032
75284
77350
77628
73529
73621
76666
74191
73571
76953
77913
76118
76299
77681
79214
73613
75046
73659
73959
73872
78041
79447
77868
77310
76314
79031
73817
77634
73626
77442
77194
75786
73798
74322
76719
74634
76090
74401
77288
76135
73719
73600
76715
77399
73704
73938
74863
75198
75777
79169
77270
73998
73627
73688
75863
77476
73925
76751
73670
76698
75487
74681
77977
78716
74360
76174
77230
74311
74218
78122
77456
73588
76070
74857
74756
73592
73610
75316
77980
73674
75437
77324
73721
74273
78295
78833
74679
75918
77430
73618
73633
73831
75062
73688
73783
73764
77386
76099
77608
73827
73684
74857
76416
73681
75986
76693
75646
76050
74844
75941
74722
75644
73959
76312
76447
79359
73868
77167
73741
75140
78786
77601
73868
75354
73701
73721
75930
77359
74508
76004
77341
75088
77332
79375
73809
75944
74236
76618
77585
73672
75578
74757
76067
78857
75179
76192
77413
76490
76774
74838
77421
76926
74095
74169
73864
73899
77513
73799
78228
79173
73685
73854
73902
77508
73852
76460
73749
75786
74959
77446
73766
74493
76691
76113
78176
75775
77457
75046
77441
73759
77277
77543
76246
77372
73737
73968
76014
76510
73811
76829
77439
76102
77672
77559
77500
73780
73876
77603
76300
78001
73771
77453
77431
77272
77315
77102
76814
77705
75416
76576
74162
77589
77498
73737
75904
78751
74055
76297
77370
74802
77343
75631
77360
73802
77147
78684
77018
78437
77423
73877
74350
74103
75130
75874
77721
79198
73812
77315
75349
76104
77354
74204
74859
77485
77469
77481
73810
77467
76333
74501
77433
73788
77490
77588
75435
77443
76205
77418
77917
74683
76663
73825
77504
77563
76060
77518
73794
75548
73835
75937
78367
78890
73855
77491
74722
74531
74251
77533
73865
73919
75374
76042
77810
74171
73862
77604
74405
76416
74022
77481
73913
74071
74124
77682
76535
77666
76191
77482
74444
78428
74324
74651
76164
73927
74308
77307
75517
79146
76550
77598
77356
77637
76384
77238
77521
76170
74236
76305
74171
77032
77708
73965
75089
73975
73930
74296
75886
73899
74904
74278
76760
73896
74367
77533
73939
76613
77126
74604
73962
73919
73953
74728
78379
78186
74688
78767
76046
73956
73908
73879
73881
74170
75120
73901
76051
75093
77742
74802
77678
78673
79418
74368
77678
77128
78764
73983
76208
78857
73907
77588
79412
76291
74153
77602
77772
76118
74703
76534
74029
76914
76058
78943
79226
77686
74326
74920
76616
76236
73953
74071
77440
74256
77907
77730
74013
73932
73986
76591
76144
76294
78919
75920
74070
78406
79076
74038
77747
75598
77659
74043
76329
77352
75845
75979
73948
74039
77712
76651
77761
76612
74167
77947
77379
74065
74269
77045
77875
75820
79180
76327
77222
74148
77740
74317
76674
77596
77651
74359
73978
76318
77521
74198
78082
73986
76607
77582
74200
77478
77740
73996
76827
75588
77541
77141
76659
77571
77914
74272
76630
77392
74242
77290
77802
77719
78029
76106
75365
75778
77154
74011
75269
76028
77733
74029
74126
76917
77532
74021
78581
77652
74092
77162
76313
77658
76269
77713
74232
79320
76271
77280
74054
77172
78804
77734
75894
77664
76556
76355
78151
74048
74776
78132
74330
76348
77311
75647
74048
75882
75617
75577
79245
76251
79223
75295
74083
74270
77743
77684
74774
77146
77885
74078
74091
74078
74104
77298
78416
74091
78388
78969
76581
76246
77351
75295
76578
77327
77242
76017
77741
77862
76489
77316
77712
75180
75316
75403
76868
77913
77757
76383
77129
79427
76499
78809
79136
74827
78796
75296
78879
74124
74179
77827
76510
77889
76010
77794
76406
74196
74135
74310
79188
77529
74455
77838
74675
75547
74334
76164
74125
77779
74141
77898
76508
74125
79272
78610
74136
74183
75141
77048
76531
74334
74251
74159
77149
77901
75498
77841
77534
74152
74694
77882
74352
79053
78486
79166
74159
74166
74150
74270
74612
74179
74209
74580
75663
74304
74505
77519
74210
74880
74286
78213
76692
74333
75141
77220
77604
76086
75769
74168
75477
76442
74499
74198
77256
77030
76540
78489
77898
77042
78239
77735
77793
77108
77206
79367
77445
74202
74824
77197
76459
75911
74209
74219
74223
77642
77849
76262
74566
77770
76541
74225
74243
74612
74672
79147
77820
75068
77894
77558
77198
74246
77749
74344
74729
77847
74244
76530
75067
78543
76506
74711
74990
79030
74430
78902
76614
76447
74819
77910
74596
74331
74423
76507
74266
77799
74427
74248
74275
77606
77392
74364
74324
77223
75994
76646
78899
74624
76513
77250
77909
77844
76375
77238
76594
75564
78604
74369
76796
76264
76670
74580
75656
78059
77884
74290
75935
74821
74523
74742
76657
74758
78903
77532
74590
75240
76012
75285
75739
76981
74320
75074
75755
77529
74325
74339
74332
74382
78013
74355
78434
76723
74628
77792
74351
74760
78258
77763
74596
77896
76170
76504
77172
78013
74417
74954
76323
74494
74325
75429
77909
75948
75390
77659
74360
74510
75495
74733
74408
74400
74898
77038
75926
76199
77997
74368
74472
78017
78123
74441
76102
75493
76148
74822
77174
77242
75872
78568
77961
76696
74353
74373
75672
78653
74354
74527
75257
74359
74402
76722
78007
76731
78088
74456
77117
75382
77857
75138
77908
77739
74812
77896
76636
77828
76230
78002
75088
76669
79385
76984
77816
74767
76501
78324
77327
77750
75032
74825
74494
77908
78150
76236
76519
74577
76563
76899
78006
74775
76227
74563
78102
76818
78196
76706
78123
76714
74618
76794
74466
74496
74512
76536
74941
76276
77381
77512
74936
78044
74957
74621
78803
79077
74601
78048
77134
75213
78111
77580
77840
74462
74710
79052
77044
75167
74512
74554
76522
74633
78048
74459
74463
76574
74706
75426
74675
76227
77839
74463
74470
76580
78209
74507
78100
75397
78988
74738
78507
74469
74497
74485
76588
74497
78902
78064
78117
74580
76742
78526
78051
78075
78109
78483
76898
74492
78301
79021
74745
74500
74516
76458
78026
74496
76601
75509
76598
74510
74588
75545
76551
77250
76640
74516
74533
77370
76849
76655
78086
74596
75266
75505
76696
76555
78025
74904
75992
78313
77314
74556
78463
74586
74533
77805
76678
78053
76690
78104
76557
75924
76896
76765
78223
77607
76651
79204
77509
77923
77804
75149
78348
76999
77677
77772
74557
78223
78928
74557
74582
76573
74579
76724
74584
74630
74597
75623
78580
75789
78312
77475
78135
75687
74798
76866
78071
76922
78480
79450
78135
78304
74649
75085
75364
74624
78471
77067
74787
74617
78267
77184
79252
77052
78234
74911
74639
77330
78444
78212
76883
75020
76283
78044
78206
76296
76530
75938
76169
78315
76269
78072
75034
76891
78049
74828
76744
77783
76118
75920
78246
78094
78238
74870
75773
79344
77527
77190
77600
78298
74978
75156
76770
78172
79328
78195
78042
75389
78743
78172
76801
75451
78506
76123
77414
76904
75441
78632
78251
74708
78276
76865
78201
78535
78287
77378
77531
77295
78103
75945
75074
74708
75281
76205
78599
78237
77799
78025
75739
76023
77869
75586
78277
77420
79306
78192
75087
78335
75588
77187
77312
74981
76875
78916
78222
78477
78308
78436
76293
78293
75618
78349
74810
75684
77493
79027
79068
78450
77578
77849
75007
75813
78565
76994
78248
75796
78838
74781
76640
78428
79289
79288
79291
79290
74837
74742
79123
79324
78331
78105
78717
75494
78327
75963
75882
79035
77750
78417
78337
76765
79036
76931
74772
78312
76738
78905
78285
78309
74850
75318
74881
77285
78476
78450
76887
78242
74866
76563
75344
75634
75438
78464
74804
74961
74804
77292
76982
78381
74833
78676
79038
78407
77153
75259
79072
79411
78576
78242
79452
75366
74895
75015
75236
78389
79388
74929
74860
75172
78577
75858
76326
77025
78319
78033
75992
74809
75780
75907
75911
76883
74860
76713
78288
77003
76724
75494
79023
78410
75437
75109
77053
78085
75622
79000
78503
78345
78350
76784
79212
77266
74872
74885
78440
78784
76130
78508
78348
74872
74885
77012
78383
76982
76357
78504
77179
74886
78300
77364
78385
78023
74881
74970
75108
79026
78453
74894
75608
77036
79049
75509
75385
78695
75164
77163
74887
75422
78465
79051
77297
78262
74919
75065
75131
77001
75951
77321
76975
77240
77538
77171
77369
74933
74939
78472
75609
76833
78121
74940
74906
77123
75158
77706
76706
76945
78689
77048
74940
76513
78438
75084
77365
78437
75065
75458
75476
76390
75299
78806
78283
78371
77549
78466
78784
75652
78663
74921
78808
74949
78447
77906
78704
79038
77395
78694
76524
75917
75919
76636
78825
77468
77043
75642
76372
77385
78540
76357
78849
78359
76219
78713
74950
77123
76627
78468
78115
78514
77644
78597
75567
78375
79205
78371
77334
78593
78451
78566
76626
78145
75804
76106
77340
78551
79021
75113
76657
77309
74972
74994
76415
78758
78825
75465
78916
78194
76380
77886
78178
77957
75275
78979
75576
78418
78500
77016
77059
78601
78808
77319
78647
78708
78453
76150
78832
76042
75491
78563
77135
75055
77063
78485
78628
75781
75189
75012
78305
75213
77287
78672
78554
77639
78840
78862
78772
77192
78990
78518
78582
75515
77173
78759
75540
75605
78945
77252
78687
77784
78675
78623
78529
78809
75774
77183
78690
75070
75081
75043
79291
75040
79289
78726
75045
79290
75044
79288
78725
78724
78723
76243
75051
75936
77308
75447
76890
76676
78800
75626
75909
75423
79083
77546
78356
75083
77120
78670
78527
75929
78479
76354
78537
79106
76004
77551
77832
78609
78173
76863
79047
75073
76995
78556
77568
78510
76350
76397
76790
79055
75305
77390
75112
78615
79082
75152
76931
78448
78323
78376
75690
78219
78866
78625
79014
77982
77524
78846
75986
75122
75212
76873
75189
78352
77159
79019
78861
75357
75628
77495
75113
77735
75136
79105
76100
75158
75563
77717
75554
75609
78523
77212
75985
75974
78817
77573
78852
76135
78861
75790
78951
76110
78889
76731
77419
78589
77203
79086
76024
78859
75222
79029
79112
76922
75185
78866
77835
78787
76646
78851
77106
79054
79085
75586
79089
77056
78602
75840
76329
76948
78492
79138
78907
76941
78900
78858
78297
76566
78530
78609
77780
78736
78874
77690
78898
77271
79123
76170
78310
75180
77211
75424
76099
77464
78175
78656
77758
78558
78966
78789
76131
79112
78518
75846
79122
75435
79129
78938
76436
79043
76032
78498
77798
78680
79040
77211
77109
78093
77627
77821
76236
77131
78906
78798
77361
78881
75809
76447
78981
76996
78715
78649
77226
77738
78845
78432
75554
79107
78936
78842
75663
75251
76524
75478
77213
79117
75329
76839
79108
75904
77358
76696
75274
76061
77099
78638
78923
75307
75434
78899
76842
79098
75313
78583
78903
79096
76859
79090
79117
79096
77259
76949
78745
78941
78280
78124
77620
79041
78895
77049
78754
78957
75370
76109
75512
75279
78895
75288
78930
76856
78769
75607
78952
75348
79095
77702
78883
76121
77649
78989
77178
79104
76396
75512
78971
75826
78666
78904
75518
75769
75683
78954
77674
79045
78921
78948
79138
77318
78065
77716
79020
79109
79114
77308
75386
75395
79006
78151
76356
78894
76761
78788
75361
77211
77302
77115
78655
77646
79072
75748
76330
75452
78986
75369
76786
79214
76678
75926
78594
78893
78893
77175
78995
78743
75477
78821
75424
75683
79000
75376
76570
78794
77791
78926
77302
76919
79048
75907
77710
75592
78099
75492
75613
75634
79454
75734
79028
77186
75396
78937
75590
77249
78870
75480
75797
78452
78797
77585
76614
75522
75600
77609
79081
75605
78797
77161
75652
78864
75549
75443
75530
79111
77506
78727
75408
79064
75511
79059
75457
75551
79064
79115
75584
76111
77432
75539
75415
77381
76830
78627
76655
75421
75590
75786
75832
77528
75513
78910
75940
78827
76931
75525
75993
76233
75527
77369
77902
78848
78864
77084
78634
75602
77393
75765
77302
79233
77432
78896
75521
79221
75876
78958
76396
78826
77619
78997
77308
77135
79046
76820
78382
76383
75489
78955
77080
78927
76296
75625
75745
75901
76935
77432
78910
75543
75592
79211
79037
77667
78711
75506
77226
79073
77318
76687
78631
75712
76742
77694
78066
75556
75868
75545
77344
78960
79132
75812
75531
75552
75760
78920
78225
78148
78303
76070
75579
79132
78160
75691
75911
75529
75538
75538
75562
77850
77924
79036
78083
75800
76991
77493
76354
75562
75876
77853
75589
75563
75822
77775
78214
75581
77091
78136
75818
76092
76338
76508
76119
78812
76123
78557
75994
76188
75802
75877
77834
76356
75967
77238
75744
77065
77696
78629
78955
78010
75587
75720
75670
77213
77463
79183
75861
76043
75587
75624
76224
78665
78909
77014
77666
76881
78665
76294
76884
77019
76818
78912
75996
77371
78583
77776
77918
78716
75640
77401
78166
76291
76275
75750
75686
75686
78624
78071
78323
79164
75718
76820
76780
77329
77648
75703
77728
76215
75668
77888
77962
75768
77259
78908
75744
76563
75672
75751
76202
76375
78870
77801
77336
77995
77043
75820
75958
76665
75723
75685
77724
75695
75807
77165
77179
75685
76209
75921
79065
75704
75850
75695
77024
77726
78405
79198
77958
75783
75705
76714
77950
76058
76706
75841
77381
75761
75752
76292
76308
75798
75740
77975
78338
75738
78600
78877
76506
76444
75738
79207
75742
76317
77815
75862
76798
77212
78657
77630
75981
78909
78196
76827
78414
75765
75867
78595
77394
76992
76736
75807
75976
77248
77331
75779
77851
78683
79226
75938
75969
76604
78642
75997
78460
76050
78502
76538
75982
76766
78795
79101
77900
77931
78986
77858
78347
75808
75850
78236
78351
78804
77387
77930
75813
77328
75800
75802
75801
77463
76442
75844
78643
77207
79122
77542
76106
75853
77318
77966
75851
75883
75835
78532
77463
78626
75847
76705
76881
75926
75856
76340
75854
75890
76045
77843
76657
77382
76059
75848
75899
75864
77345
75859
75948
78435
77991
75996
75866
79085
79325
75897
77345
75957
76221
75892
76459
75933
75885
78764
77322
79193
78960
79280
77992
78644
76182
76305
77995
79304
76091
76302
78010
78099
78686
76279
76157
76752
75912
75959
77179
76640
75955
75960
76918
78405
78042
75953
77693
78010
78329
78158
79116
75964
75921
75948
77184
79172
75934
76108
77927
76473
77846
76524
75936
78069
75938
77996
77715
77771
76731
76026
78822
79312
75961
77575
76359
77797
76030
77528
78291
79228
78035
78501
75955
78134
75968
77836
75984
77857
78630
75971
76628
76013
76003
76101
79172
79179
76002
77048
75973
75996
76039
76741
79333
76032
77156
77488
78083
76031
77650
75995
77921
76009
78362
77251
77875
77895
76610
78168
77392
76033
78326
78929
76016
77867
76739
76112
77817
77358
76238
76039
76047
77845
76038
76054
76097
76255
76065
76993
77788
78683
76186
76466
77082
77680
78202
77986
77244
78315
77790
79209
78344
78444
76186
76473
76163
78169
77856
76209
76035
76400
76783
77650
77731
76076
76701
76217
76296
76045
76189
77887
77465
77818
77729
76221
76101
76870
78089
76062
77585
76064
76217
77323
77358
76849
76764
77292
76073
76223
76116
79377
76128
77700
78853
78092
77789
77920
76076
76187
76127
76167
76155
76268
77576
76114
76116
76127
76204
77879
79196
76129
77940
79191
76167
79017
79185
76711
76267
76709
77356
79261
76813
77808
77223
76153
76476
76103
77153
76259
76466
79074
76143
76213
76365
76187
76177
77052
76154
77079
79314
77066
78838
78019
79177
77462
78355
76134
76190
79455
77915
77200
78302
76156
76252
76259
76412
76416
76184
78180
76280
76171
76146
77788
76992
78892
76172
78008
77925
76165
78748
79143
76773
76881
76189
76352
77919
76159
76364
76195
76717
76785
76179
76165
76173
76200
79190
76732
77948
76203
78233
76212
76175
77226
76257
79045
79431
78012
76566
78063
76282
76889
77100
76221
77619
78144
77963
77528
78328
76210
78233
76412
76355
76767
76288
76273
77603
77766
76687
76770
76475
76218
77174
76222
76224
78186
78006
77681
79205
76228
76240
77771
76228
76266
77489
76266
76406
78275
78521
77960
78458
76274
76467
76336
77292
78153
76395
79339
76249
76911
79017
79137
76270
78292
78346
77173
78920
76683
78138
79238
76260
77209
78553
76851
76544
77912
78651
76330
76316
77870
76852
76272
76285
77127
78190
78405
78368
76273
76357
76289
78129
76695
79417
76694
76347
76298
76788
77837
76661
78166
76811
77145
76368
76430
78974
78513
78077
78777
77259
77109
77229
78138
76462
76334
79156
77132
76813
79343
76315
76494
77186
77092
76328
76377
77001
77701
76872
78112
76415
76341
76428
78190
76352
76456
77974
76393
77369
77906
76509
76341
76741
78578
77758
77493
76415
76831
76371
76568
79241
76602
77818
76426
78113
76356
76692
78562
76777
76764
77864
78950
79401
76467
77665
77972
76460
79372
78226
76632
76389
76456
76668
77973
78497
78279
78190
78204
76478
77390
76450
76444
76515
79336
76423
76454
78159
79222
76409
79081
79422
76425
76430
77347
78322
77187
78512
76776
76681
76515
78457
76874
78118
77250
77733
78352
76568
76675
78741
76433
78468
76439
77141
76434
76445
78120
76441
76579
77154
76556
76438
76445
78154
76461
76476
76480
78290
79357
77867
78152
76504
76483
76525
77172
78850
76543
76472
79392
77024
76519
77140
77448
78146
76479
77391
77368
78442
77268
78370
76688
76498
76579
76539
78905
77225
77607
78232
76489
78491
76496
76511
76521
76642
78403
77641
78166
76499
76522
76536
76514
76503
77464
78255
76567
76533
76512
76571
77648
76519
76723
76523
78742
76518
78080
78539
76552
76893
76572
76537
76635
76531
76540
76668
76779
77987
76531
76581
76540
76541
77638
77986
78683
76609
76565
76606
76546
76674
76886
76551
76764
76551
76555
77986
78290
76555
76557
77126
76559
77805
77804
76634
77221
78396
79327
76593
77384
76573
79268
76573
76575
76577
77840
77771
76580
78516
76582
76605
76598
76647
79372
76622
77839
77953
76595
76596
78375
76716
77890
78886
76599
78154
76940
78470
76608
77213
76598
76601
76628
76607
76613
76616
76609
76612
76616
79399
76612
76619
76621
76625
78830
77261
76617
78342
76663
77856
76697
77996
78074
76639
76707
78917
78394
76641
76727
77938
77728
78199
78384
76653
76777
78741
76656
79195
76735
76652
78998
77530
77657
79231
76818
79339
78253
76848
77633
77874
76666
76799
76671
78342
78108
76679
76940
77797
78791
76677
78188
78082
76710
78060
76735
76754
77900
78250
76898
76691
77801
78773
78001
78306
76691
76693
76693
76698
77619
77912
77746
76700
76826
76840
76719
76727
76740
76756
78520
79100
76750
77188
77980
76755
78199
77454
77885
76926
76729
76767
76846
77858
79067
78668
76756
76967
76745
76990
77407
76846
78055
76874
78282
77714
77406
79079
78467
76745
76749
77603
76749
76759
76795
76933
78682
76806
78424
76838
76794
76814
79133
76998
76759
76771
79283
76845
78573
78093
79009
79403
77782
78536
78429
76796
76771
76789
76803
76853
76876
78255
76797
78538
77037
76858
77072
78342
77701
78443
79216
77781
76791
78158
76815
76981
77031
78659
76841
76806
76836
76835
76808
76957
77046
77275
78396
77265
78467
76805
76825
78740
76878
78210
78478
78586
76877
76848
77635
76823
76819
78358
77130
77148
77538
76824
76869
76829
76847
78374
76923
77067
77232
76867
77266
77222
79330
78394
77724
78247
78983
76854
77975
76997
77958
76937
76884
76963
78433
76878
77122
76860
76939
78365
77256
79296
76869
76877
76936
77097
77950
76874
78802
79252
77900
77360
78520
76914
78279
77586
78626
76892
78306
79009
79432
77182
76897
76888
78220
78597
78412
78637
79308
77294
77996
76905
76910
76966
76908
76968
77953
78265
76991
76945
76958
77022
78728
76958
78449
76915
76912
76914
76917
77026
78473
78548
76929
79306
76923
76935
76974
76957
76960
79367
76929
76930
76987
78630
78167
77511
77124
76952
77010
77871
79241
76977
76987
78374
76951
77069
77663
77140
78814
77931
76951
77022
76986
77037
77229
77096
77311
79303
78494
78553
77007
76958
78290
78751
76965
76980
76959
77027
76993
78888
78148
78571
76997
76979
77950
79110
77061
76973
77035
78867
77038
76979
77034
79002
77013
77028
77427
78686
78185
78913
77194
77003
77021
78092
77930
77801
77975
79124
77453
79245
77767
78122
77023
77072
78581
78755
77022
77023
79259
77607
77066
78089
77093
79016
77094
78561
77086
79274
77455
77055
78505
78761
79007
78654
78630
77376
78029
77966
77058
79187
77991
77613
77068
77629
79008
79206
78035
78819
78619
77090
77677
77842
79192
77662
79302
77086
77113
77090
77110
79341
77703
77225
79286
79375
77165
77104
77239
78748
79143
77114
78657
77215
79001
77323
78459
79253
79300
77111
77191
79016
79240
77122
78983
78886
78953
77505
77140
77217
77142
77992
77435
77118
77196
78018
78934
78292
77127
77241
77451
78289
77162
78928
78194
78739
77768
77185
77471
77323
78635
77151
78886
77256
78819
79285
77160
79167
77983
79192
78733
77176
77817
78346
77264
77168
78633
77201
79184
77444
78966
78512
78474
79405
77188
77210
78765
77543
78491
77223
77742
77289
78071
79083
77391
79407
79189
78411
77517
78720
78362
77364
79206
79284
79048
77331
78684
79116
77219
78786
78914
78143
78353
77236
77848
78003
77582
77262
78891
79362
78779
77321
77247
78661
79171
77272
78382
77386
79001
77957
77870
78929
77274
77264
77276
78668
77267
77336
77928
78499
79186
77309
77881
78098
78600
77278
77531
77943
78423
78898
77274
77279
77282
77282
77289
79324
79423
77277
77321
77377
78781
77300
77377
78760
77959
78149
77316
77449
79417
78802
77342
79197
78847
77837
78793
78659
79383
77325
77315
77366
77591
78197
79202
78037
78140
77349
77357
77682
77739
77404
78888
78016
77363
77389
77495
78792
79312
78430
77338
77480
77760
78913
77343
77396
77509
77366
78867
79235
77380
79280
77383
79130
77773
78689
77384
77384
78164
79236
79256
77422
77419
79379
79198
77398
79008
77483
78289
78286
77475
77672
77391
77429
77417
77412
77426
79189
79137
77818
79235
77450
77535
77408
77434
77455
77408
77411
77936
77413
77424
77455
77416
77431
77424
77426
77442
79274
77484
77461
79197
77443
77569
79134
79113
77477
78230
79168
77677
77450
77806
77725
77487
77562
78256
78168
79244
77483
77456
77466
77640
77526
77473
77624
79219
77498
79258
79297
79165
77469
77473
77474
79226
77486
77500
77482
77526
77496
79146
77774
78622
77544
77551
77683
79158
77510
77539
77994
79015
77508
77497
77499
79446
77517
77502
77502
77501
77503
77522
79403
79302
77510
78148
78163
78009
77581
77636
77567
77525
77540
77525
78665
79294
78263
78065
77545
77553
78728
79353
77547
77559
77590
78569
77563
79255
77548
79244
77560
77553
77580
79169
77667
77763
79158
77636
77979
77567
79047
79252
77581
79236
79201
79420
78036
79305
77588
79194
77599
79130
77583
79223
78816
77828
78014
78822
78596
77601
77878
79220
77612
77653
79229
78321
79248
77640
77692
77671
78844
79372
79153
77638
79232
77623
77617
78531
78845
79271
77945
79422
79373
77625
79155
79262
78069
79199
78873
79368
78513
79382
77637
79180
77951
77692
77763
78546
77668
79113
77773
78322
78056
78315
78616
77691
79416
77899
79188
77988
79308
79266
79411
79395
79294
78553
77926
77656
77673
77726
78140
78612
77726
79026
77685
79249
78994
79339
77685
79431
77684
77709
79037
77706
78021
77755
77955
79197
79362
77897
77789
78076
79327
77706
77717
77764
79409
77824
77711
78291
79324
78187
77718
79305
78533
77808
79415
77754
77720
77730
77764
77824
77923
77865
78171
78810
77960
77788
78413
79190
77744
77756
77833
79434
79368
77851
77744
77822
77751
77759
77761
77755
77829
77775
77802
79312
77848
77762
77781
77939
77783
77911
79204
79357
79260
77831
79145
78753
78142
79251
79365
78541
78110
79387
77809
79378
77859
79420
79435
77796
79308
79378
77816
79381
77990
79278
77968
78325
77805
78484
77813
77819
77868
77836
77847
79270
79232
79314
78326
79257
77941
78134
78395
77830
78344
77863
77843
79307
79429
77854
77840
78173
77866
78118
78253
78252
79271
77892
78073
79292
79346
78052
78777
78983
79070
78480
79277
78069
78828
78850
79264
77887
79295
78178
79397
78685
77897
77899
78015
78101
78122
79441
78127
79301
78877
77904
77956
77904
77916
77899
79215
78528
79160
79233
78306
79232
77941
79234
77915
78329
77922
77919
78208
78354
77969
78374
77948
78078
78154
79221
78000
79260
77933
77962
78034
77959
78259
78836
79150
78365
78005
79293
77944
77967
79346
77967
78284
79458
78258
77954
77970
78552
77956
77964
79181
78295
78087
78228
78944
78011
79249
78152
78307
78215
78525
77974
78130
79445
77976
78004
77976
78349
79340
77987
79304
79163
79185
78780
78004
79310
78739
78278
79167
78755
79351
78008
78730
79075
79192
78022
78023
78549
79236
79195
78257
78028
78039
78245
78863
79318
78050
78130
78296
79094
79206
78399
79185
78256
78673
78074
78061
78705
78177
78243
79183
79315
78685
79459
79401
79102
79311
78095
78095
78116
78573
79362
78781
78187
78072
78075
78156
79326
78358
78216
78217
78353
78653
79053
78781
78116
79368
78097
78382
78363
78885
78762
79387
78114
79211
79323
79382
79162
78144
79431
78169
78157
78198
78871
78126
78999
78520
78914
79347
78757
78199
79335
78162
78334
78561
78679
78259
79338
79366
78789
79246
78719
78940
79239
78179
79389
78783
78161
78765
79320
78473
78165
79337
79395
79321
78660
78334
79234
79209
79420
78182
78180
78191
79243
79385
78193
78200
78221
79352
78203
78250
79340
78387
78206
78207
79259
78535
79411
78226
78231
78834
78270
79271
79345
78249
78224
78231
78244
78230
79238
78367
78254
78505
79422
78249
79350
79349
79358
78621
79330
79298
79369
78624
78274
79354
78636
78320
79415
78263
78688
79193
78856
79305
79379
78719
78268
78590
79247
78296
79355
78282
79227
78626
78666
78311
79153
79328
78711
78282
78339
78409
79383
78316
79323
78294
78536
79423
79381
78332
78339
78311
78314
78317
79359
79400
78363
78317
78716
79363
79344
79313
78336
78493
78517
78702
79380
78753
79208
79361
78337
79225
79285
79284
78366
79408
78377
78378
78372
79215
78386
79249
78393
78641
78387
79435
78397
78379
79263
79371
79262
79165
79410
78401
78408
79391
78547
78614
79218
78633
78401
79243
79370
78460
79329
79265
79237
79300
78425
79384
78919
78635
78507
78422
78429
78433
79159
79414
78435
78426
78432
78431
78439
78426
78545
79386
78431
78429
79348
79363
78446
78448
79371
79269
78447
79406
78478
78517
78598
79270
79130
79402
78463
78720
79447
79178
79394
79390
79307
79135
78464
78477
79200
79345
78482
78474
78658
78747
78766
79396
78482
78488
79413
78538
78759
78509
79159
78515
79424
79056
79286
79429
78534
78617
79416
78592
78611
79223
79200
79374
79440
79409
79116
79365
79319
79444
78692
79381
78549
79245
79426
78652
79279
78567
78545
79438
78750
79032
79335
79442
79343
78564
79421
78999
79347
78622
78549
78552
78915
79139
78901
78601
79201
78607
79303
79141
79436
78596
79419
79450
78587
78570
79428
79328
79170
78835
78652
79146
78695
78785
78596
78616
78614
78618
79439
78588
78643
78662
79296
79314
79366
78700
78589
78967
79342
79353
78598
79364
79366
78631
78768
78746
78830
78842
78679
78641
78975
79237
78939
79430
79391
79113
78953
78991
78712
79283
79379
79268
78640
79322
78637
78693
78674
78667
79170
78700
78774
78649
78698
78875
79433
78801
78746
78671
78939
78671
79425
78770
78682
78740
78692
79154
78697
78692
78691
78801
78734
79348
79060
79382
78707
78709
78705
78701
79056
79225
78714
78704
78708
78744
78713
78721
78718
78836
79437
78773
79441
78729
78742
79331
79332
79333
79334
79342
79341
78892
79051
79399
79134
79224
78757
78762
78751
79428
79430
78762
79119
78763
78752
79087
78756
78831
78833
78807
78811
79417
78847
78795
79071
79364
78925
79057
79250
78815
78775
79279
79272
79145
79309
78790
78803
79013
79404
79087
78876
78810
79162
79276
79451
79176
79388
79044
79151
79458
78818
78869
78882
78997
79292
78820
79433
78831
79092
78863
78879
79407
79199
79230
79392
78843
78878
79184
79011
79439
79242
79266
79281
78869
79356
78912
78856
79400
79183
79298
78881
79405
79336
78874
78884
78897
78872
78911
79118
79415
79014
78931
79155
79208
78901
78901
79367
78956
78932
79149
79449
79398
78922
78923
78933
78937
79176
79397
79351
78936
78938
79042
78958
78980
79247
79457
79119
79454
78961
78964
78984
78972
79164
79452
78980
78973
78984
78970
78974
78993
78996
79062
78985
79035
78979
78996
79230
79207
79456
78993
79231
79164
79360
79265
79136
79039
79316
79442
79272
79050
79077
79443
79163
79217
79075
79118
79242
79267
79213
79030
79034
79455
79203
79115
79060
79097
79149
79118
79222
79070
79161
79071
79093
79069
79073
79097
79114
79179
79453
79100
79176
79091
79101
79088
79434
79269
79099
79121
79094
79092
79110
79429
79121
79120
79136
79131
79457
79105
79106
79124
79128
79444
79126
79208
79133
79133
79160
79295
79144
79418
79177
79299
79149
79151
79309
79217
79373
79173
79159
79383
79188
79166
79182
79180
79444
79377
79281
79203
79440
79260
79356
79410
79225
79456
79343
79325
79246
79352
79369
79357
79412
79323
79234
79438
79389
79376
79275
79263
79376
79263
79267
79306
79378
79450
79414
79281
79295
79285
79388
79332
79334
79331
79333
79349
79436
79391
79406
79355
79335
79363
79319
79413
79380
79375
79426
79344
79408
79439
79361
79398
79374
79371
79401
79360
79441
79447
79458
79428
79421
79427
79430
79433
79398
79402
79432
79423
79437
79459
79445
79448
79457
79453
79454
79456
)


// ************************************************************************* //
