/*--------------------------------*- C++ -*----------------------------------*\
| =========                 |                                                 |
| \\      /  F ield         | OpenFOAM: The Open Source CFD Toolbox           |
|  \\    /   O peration     | Version:  2412                                  |
|   \\  /    A nd           | Website:  www.openfoam.com                      |
|    \\/     M anipulation  |                                                 |
\*---------------------------------------------------------------------------*/
FoamFile
{
    version     2.0;
    format      ascii;
    arch        "LSB;label=32;scalar=64";
    class       faceList;
    location    "constant/polyMesh";
    object      faces;
}
// * * * * * * * * * * * * * * * * * * * * * * * * * * * * * * * * * * * * * //


9113
(
4(681 1896 1959 744)
4(684 744 1959 1899)
4(681 684 1899 1896)
4(921 382 1597 2136)
4(921 2136 2143 928)
4(382 928 2143 1597)
4(942 773 1988 2157)
4(942 2157 2357 1142)
4(773 1142 2357 1988)
4(679 681 1896 1894)
4(681 1392 2607 1896)
4(679 1894 2607 1392)
4(618 695 1910 1833)
4(618 1833 2430 1215)
4(695 1215 2430 1910)
4(830 845 2060 2045)
4(845 1277 2492 2060)
4(830 2045 2492 1277)
4(768 1983 2470 1255)
4(768 983 2198 1983)
4(983 1255 2470 2198)
4(729 317 1532 1944)
4(729 1944 2190 975)
4(317 975 2190 1532)
4(317 1532 2215 1000)
4(729 1000 2215 1944)
4(726 1941 2497 1282)
4(726 590 1805 1941)
4(590 1282 2497 1805)
4(665 730 1945 1880)
4(665 1880 2310 1095)
4(730 1095 2310 1945)
4(474 473 1688 1689)
4(474 1689 1690 475)
4(473 475 1690 1688)
4(1130 2345 2415 1200)
4(1130 938 2153 2345)
4(938 1200 2415 2153)
4(551 1766 2563 1348)
4(551 592 1807 1766)
4(592 1348 2563 1807)
4(754 758 1973 1969)
4(757 1972 1973 758)
4(757 754 1969 1972)
4(754 1352 2567 1969)
4(758 1973 2567 1352)
4(917 498 1713 2132)
4(917 2132 2340 1125)
4(498 1125 2340 1713)
4(1159 2374 2584 1369)
4(1143 1369 2584 2358)
4(1159 1143 2358 2374)
4(813 1023 2238 2028)
4(1021 813 2028 2236)
4(1021 2236 2238 1023)
4(741 115 161 1956)
4(115 742 1957 161)
4(741 1956 1957 742)
4(364 1366 2581 1579)
4(715 364 1579 1930)
4(715 1930 2581 1366)
4(892 884 2099 2107)
4(892 2107 2111 896)
4(884 896 2111 2099)
4(800 2015 2519 1304)
4(800 712 1927 2015)
4(712 1304 2519 1927)
4(530 476 1691 1745)
4(530 1745 2471 1256)
4(476 1256 2471 1691)
4(1255 1352 2567 2470)
4(768 1983 2567 1352)
4(472 368 1583 1687)
4(368 1204 2419 1583)
4(472 1687 2419 1204)
4(553 746 1961 1768)
4(746 1182 2397 1961)
4(553 1768 2397 1182)
4(553 550 1765 1768)
4(550 746 1961 1765)
4(611 1506 2721 1826)
4(630 611 1826 1845)
4(630 1845 2721 1506)
4(708 739 1954 1923)
4(708 1923 2580 1365)
4(739 1365 2580 1954)
4(665 1094 2309 1880)
4(730 1945 2309 1094)
4(1037 2252 2468 1253)
4(1099 1253 2468 2314)
4(1037 1099 2314 2252)
4(566 827 2042 1781)
4(827 974 2189 2042)
4(566 1781 2189 974)
4(875 935 2150 2090)
4(878 2093 2150 935)
4(878 875 2090 2093)
4(886 2101 2107 892)
4(886 884 2099 2101)
4(1087 2302 2524 1309)
4(1087 402 1617 2302)
4(402 1309 2524 1617)
4(814 1020 2235 2029)
4(1019 814 2029 2234)
4(1019 2234 2235 1020)
4(915 914 2129 2130)
4(915 2130 2132 917)
4(914 917 2132 2129)
4(520 1735 1749 534)
4(509 534 1749 1724)
4(520 509 1724 1735)
4(1060 1295 2510 2275)
4(1059 2274 2510 1295)
4(1059 1060 2275 2274)
4(1063 1145 2360 2278)
4(1093 2308 2360 1145)
4(1093 1063 2278 2308)
4(875 1205 2420 2090)
4(935 2150 2420 1205)
4(562 1777 2373 1158)
4(562 603 1818 1777)
4(603 1158 2373 1818)
4(899 903 2118 2114)
4(902 2117 2118 903)
4(902 899 2114 2117)
4(914 912 2127 2129)
4(912 1518 2733 2127)
4(914 2129 2733 1518)
4(1108 2323 2476 1261)
4(1108 925 2140 2323)
4(925 1261 2476 2140)
4(833 2048 2584 1369)
4(833 1159 2374 2048)
4(578 1793 1794 579)
4(575 579 1794 1790)
4(578 575 1790 1793)
4(589 1383 2598 1804)
4(586 589 1804 1801)
4(586 1801 2598 1383)
4(906 920 2135 2121)
4(908 2123 2135 920)
4(908 906 2121 2123)
4(797 2012 2554 1339)
4(797 308 1523 2012)
4(308 1339 2554 1523)
4(589 591 1806 1804)
4(591 1383 2598 1806)
4(628 827 2042 1843)
4(827 1235 2450 2042)
4(628 1843 2450 1235)
4(318 1533 2415 1200)
4(318 1130 2345 1533)
4(751 1966 1970 755)
4(750 755 1970 1965)
4(751 750 1965 1966)
4(466 838 2053 1681)
4(838 1040 2255 2053)
4(466 1681 2255 1040)
4(931 2146 2232 1017)
4(931 894 2109 2146)
4(894 1017 2232 2109)
4(912 2127 2130 915)
4(1113 1243 2458 2328)
4(1115 1113 2328 2330)
4(1115 2330 2458 1243)
4(401 473 1688 1616)
4(401 1616 1689 474)
4(744 745 1960 1959)
4(681 1896 1960 745)
4(469 1684 2056 841)
4(468 841 2056 1683)
4(469 468 1683 1684)
4(869 2084 2316 1101)
4(868 1101 2316 2083)
4(869 868 2083 2084)
4(534 1749 1995 780)
4(518 780 1995 1733)
4(534 518 1733 1749)
4(382 1597 2149 934)
4(921 934 2149 2136)
4(742 116 162 1957)
4(116 1338 2553 162)
4(742 1957 2553 1338)
4(668 1090 2305 1883)
4(668 1883 2312 1097)
4(1090 1097 2312 2305)
4(480 476 1691 1695)
4(480 1695 1745 530)
4(812 972 2187 2027)
4(319 812 2027 1534)
4(319 1534 2187 972)
4(903 2118 2146 931)
4(899 931 2146 2114)
4(955 1105 2320 2170)
4(1103 955 2170 2318)
4(1103 2318 2320 1105)
4(920 2135 2136 921)
4(906 921 2136 2121)
4(736 1133 2348 1951)
4(400 736 1951 1615)
4(400 1615 2348 1133)
4(477 731 1946 1692)
4(477 1692 2044 829)
4(731 829 2044 1946)
4(1140 1306 2521 2355)
4(440 1655 2521 1306)
4(440 1140 2355 1655)
4(969 2184 2642 1427)
4(969 1317 2532 2184)
4(1317 1427 2642 2532)
4(1064 1145 2360 2279)
4(1063 1064 2279 2278)
4(596 735 1950 1811)
4(735 1380 2595 1950)
4(596 1811 2595 1380)
4(757 1972 2593 1378)
4(758 1378 2593 1973)
4(605 609 1824 1820)
4(604 605 1820 1819)
4(604 1819 1824 609)
4(483 1430 2645 1698)
4(484 483 1698 1699)
4(484 1699 2645 1430)
4(922 2137 2145 930)
4(913 930 2145 2128)
4(922 913 2128 2137)
4(909 2124 2686 1471)
4(911 1471 2686 2126)
4(909 911 2126 2124)
4(526 1741 2519 1304)
4(526 800 2015 1741)
4(617 621 1836 1832)
4(621 625 1840 1836)
4(617 1832 1840 625)
4(798 797 2012 2013)
4(798 2013 2554 1339)
4(751 1966 2213 998)
4(755 998 2213 1970)
4(895 1229 2444 2110)
4(1005 895 2110 2220)
4(1005 2220 2444 1229)
4(554 1769 1770 555)
4(554 553 1768 1769)
4(553 555 1770 1768)
4(929 2144 2461 1246)
4(907 1246 2461 2122)
4(929 907 2122 2144)
4(895 892 2107 2110)
4(892 1229 2444 2107)
4(478 854 2069 1693)
4(854 855 2070 2069)
4(478 1693 2070 855)
4(747 551 1766 1962)
4(747 1962 2563 1348)
4(569 562 1777 1784)
4(569 1784 2373 1158)
4(829 1213 2428 2044)
4(530 1745 2428 1213)
4(530 829 2044 1745)
4(747 333 1548 1962)
4(333 1260 2475 1548)
4(747 1962 2475 1260)
4(941 2156 2157 942)
4(941 773 1988 2156)
4(389 1604 2334 1119)
4(391 1119 2334 1606)
4(389 391 1606 1604)
4(638 803 2018 1853)
4(801 2016 2018 803)
4(801 638 1853 2016)
4(893 892 2107 2108)
4(893 2108 2110 895)
4(508 1347 2562 1723)
4(1148 2363 2562 1347)
4(1148 508 1723 2363)
4(1212 1213 2428 2427)
4(1027 2242 2428 1213)
4(1027 1212 2427 2242)
4(403 1618 2423 1208)
4(403 1207 2422 1618)
4(1207 1208 2423 2422)
4(793 795 2010 2008)
4(795 1001 2216 2010)
4(793 2008 2216 1001)
4(104 297 2071 856)
4(105 856 2071 298)
4(559 555 1770 1774)
4(559 1774 1775 560)
4(555 560 1775 1770)
4(1060 672 1887 2275)
4(672 1295 2510 1887)
4(883 1258 2473 2098)
4(881 2096 2473 1258)
4(881 883 2098 2096)
4(655 662 1877 1870)
4(655 1870 1939 724)
4(662 724 1939 1877)
4(668 1883 2515 1300)
4(668 1071 2286 1883)
4(1071 1300 2515 2286)
4(644 1859 2523 1308)
4(644 645 1860 1859)
4(645 1308 2523 1860)
4(886 2101 2108 893)
4(880 897 2112 2095)
4(882 2097 2112 897)
4(882 880 2095 2097)
4(1064 2279 2369 1154)
4(1065 1154 2369 2280)
4(1064 1065 2280 2279)
4(580 735 1950 1795)
4(596 580 1795 1811)
4(781 1996 2056 841)
4(781 469 1684 1996)
4(337 1552 1962 747)
4(337 333 1548 1552)
4(793 792 2007 2008)
4(792 795 2010 2007)
4(807 607 1822 2022)
4(807 2022 2589 1374)
4(607 1374 2589 1822)
4(77 978 2193 270)
4(76 269 2193 978)
4(477 734 1949 1692)
4(731 1946 1949 734)
4(624 782 1997 1839)
4(750 624 1839 1965)
4(750 1965 1997 782)
4(1362 1495 2710 2577)
4(816 1362 2577 2031)
4(816 2031 2710 1495)
4(1207 1323 2538 2422)
4(527 1742 2538 1323)
4(527 1207 2422 1742)
4(554 1769 1774 559)
4(152 781 1996 198)
4(152 198 2056 841)
4(1115 2330 2391 1176)
4(404 1176 2391 1619)
4(1115 404 1619 2330)
4(691 1906 2666 1451)
4(1167 1451 2666 2382)
4(691 1167 2382 1906)
4(838 1131 2346 2053)
4(448 838 2053 1663)
4(448 1663 2346 1131)
4(376 401 1616 1591)
4(378 376 1591 1593)
4(378 1593 1616 401)
4(624 1434 2649 1839)
4(782 1997 2649 1434)
4(701 1118 2333 1916)
4(1118 1415 2630 2333)
4(701 1916 2630 1415)
4(838 2053 2434 1219)
4(466 1219 2434 1681)
4(586 585 1800 1801)
4(585 589 1804 1800)
4(931 932 2147 2146)
4(903 2118 2147 932)
4(376 1591 1687 472)
4(376 368 1583 1591)
4(910 1286 2501 2125)
4(916 2131 2501 1286)
4(916 910 2125 2131)
4(1347 2562 2596 1381)
4(508 1381 2596 1723)
4(814 1021 2236 2029)
4(1020 2235 2236 1021)
4(478 853 2068 1693)
4(853 854 2069 2068)
4(977 2192 2661 1446)
4(977 718 1933 2192)
4(718 1446 2661 1933)
4(474 1511 2726 1689)
4(476 474 1689 1691)
4(476 1691 2726 1511)
4(572 604 1819 1787)
4(603 572 1787 1818)
4(603 1818 1819 604)
4(609 1824 1826 611)
4(605 611 1826 1820)
4(475 1511 2726 1690)
4(775 972 2187 1990)
4(812 775 1990 2027)
4(401 472 1687 1616)
4(472 473 1688 1687)
4(1175 2390 2391 1176)
4(1175 1115 2330 2390)
4(388 403 1618 1603)
4(390 388 1603 1605)
4(390 1605 1618 403)
4(394 1609 2334 1119)
4(394 389 1604 1609)
4(332 333 1548 1547)
4(331 332 1547 1546)
4(331 1546 1548 333)
4(917 1201 2416 2132)
4(498 1713 2416 1201)
4(330 331 1546 1545)
4(328 330 1545 1543)
4(328 1543 1546 331)
4(744 1959 2505 1290)
4(684 1290 2505 1899)
4(728 832 2047 1943)
4(831 728 1943 2046)
4(831 2046 2047 832)
4(528 1743 2518 1303)
4(1002 1303 2518 2217)
4(528 1002 2217 1743)
4(838 304 1519 2053)
4(304 1131 2346 1519)
4(549 550 1765 1764)
4(365 549 1764 1580)
4(365 1580 1765 550)
4(1208 1275 2490 2423)
4(403 1618 2490 1275)
4(459 938 2153 1674)
4(459 1674 2154 939)
4(938 939 2154 2153)
4(807 1077 2292 2022)
4(607 1822 2292 1077)
4(617 695 1910 1832)
4(618 617 1832 1833)
4(617 612 1827 1832)
4(612 621 1836 1827)
4(393 1119 2334 1608)
4(391 393 1608 1606)
4(609 612 1827 1824)
4(610 609 1824 1825)
4(610 1825 1827 612)
4(740 1093 2308 1955)
4(740 1955 2360 1145)
4(1140 1220 2435 2355)
4(1220 1306 2521 2435)
4(327 328 1543 1542)
4(326 327 1542 1541)
4(326 1541 1543 328)
4(802 804 2019 2017)
4(802 2017 2021 806)
4(804 806 2021 2019)
4(456 1087 2302 1671)
4(1087 1218 2433 2302)
4(456 1671 2433 1218)
4(568 1783 1801 586)
4(568 585 1800 1783)
4(465 1316 2531 1680)
4(748 465 1680 1963)
4(748 1963 2531 1316)
4(851 2066 2325 1110)
4(851 737 1952 2066)
4(737 1110 2325 1952)
4(790 2005 2270 1055)
4(840 1055 2270 2055)
4(790 840 2055 2005)
4(695 696 1911 1910)
4(695 1910 2630 1415)
4(696 1415 2630 1911)
4(613 612 1827 1828)
4(613 1828 1832 617)
4(572 605 1820 1787)
4(384 548 1763 1599)
4(388 1603 1763 548)
4(388 384 1599 1603)
4(1064 710 1925 2279)
4(710 1145 2360 1925)
4(329 1544 2239 1024)
4(329 1022 2237 1544)
4(1022 1024 2239 2237)
4(564 1779 1787 572)
4(566 572 1787 1781)
4(564 566 1781 1779)
4(880 1342 2557 2095)
4(897 2112 2557 1342)
4(643 644 1859 1858)
4(643 1858 2523 1308)
4(657 662 1877 1872)
4(655 657 1872 1870)
4(579 599 1814 1794)
4(579 1794 1815 600)
4(599 600 1815 1814)
4(745 1960 2049 834)
4(744 834 2049 1959)
4(695 625 1840 1910)
4(695 1910 2730 1515)
4(625 1515 2730 1840)
4(552 553 1768 1767)
4(552 1767 1769 554)
4(884 882 2097 2099)
4(884 2099 2652 1437)
4(882 1437 2652 2097)
4(845 2060 2063 848)
4(845 847 2062 2060)
4(847 848 2063 2062)
4(926 986 2201 2141)
4(379 926 2141 1594)
4(379 1594 2201 986)
4(920 2135 2143 928)
4(720 635 1850 1935)
4(720 1935 2035 820)
4(635 820 2035 1850)
4(1013 1087 2302 2228)
4(456 1013 2228 1671)
4(448 1040 2255 1663)
4(935 986 2201 2150)
4(926 935 2150 2141)
4(880 2095 2141 926)
4(878 926 2141 2093)
4(880 878 2093 2095)
4(564 603 1818 1779)
4(562 564 1779 1777)
4(114 160 1956 741)
4(716 1146 2361 1931)
4(1076 716 1931 2291)
4(1076 2291 2361 1146)
4(872 2087 2316 1101)
4(872 869 2084 2087)
4(1300 1343 2558 2515)
4(668 1883 2558 1343)
4(899 890 2105 2114)
4(899 2114 2543 1328)
4(890 1328 2543 2105)
4(533 929 2144 1748)
4(533 1748 2461 1246)
4(487 1702 2596 1381)
4(487 486 1701 1702)
4(486 1381 2596 1701)
4(560 1775 1784 569)
4(560 562 1777 1775)
4(803 804 2019 2018)
4(802 803 2018 2017)
4(985 1200 2415 2200)
4(537 985 2200 1752)
4(537 1752 2415 1200)
4(1251 2466 2468 1253)
4(1251 1037 2252 2466)
4(578 1793 2702 1487)
4(579 1487 2702 1794)
4(885 1258 2473 2100)
4(883 885 2100 2098)
4(438 1653 2690 1475)
4(438 426 1641 1653)
4(426 1475 2690 1641)
4(552 550 1765 1767)
4(364 1092 2307 1579)
4(1092 1366 2581 2307)
4(308 1523 2483 1268)
4(797 1268 2483 2012)
4(933 1101 2316 2148)
4(868 933 2148 2083)
4(951 970 2185 2166)
4(947 951 2166 2162)
4(947 2162 2185 970)
4(750 1325 2540 1965)
4(755 1970 2540 1325)
4(732 1213 2428 1947)
4(829 732 1947 2044)
4(754 766 1981 1969)
4(766 1352 2567 1981)
4(611 629 1844 1826)
4(629 1506 2721 1844)
4(492 487 1702 1707)
4(492 1707 2596 1381)
4(716 1065 2280 1931)
4(1065 1146 2361 2280)
4(1164 1464 2679 2379)
4(893 2108 2679 1464)
4(893 1164 2379 2108)
4(875 2090 2142 927)
4(872 927 2142 2087)
4(875 872 2087 2090)
4(710 1925 2369 1154)
4(839 1133 2348 2054)
4(736 839 2054 1951)
4(343 365 1580 1558)
4(335 343 1558 1550)
4(335 1550 1580 365)
4(333 1548 1550 335)
4(332 335 1550 1547)
4(414 1119 2334 1629)
4(393 414 1629 1608)
4(533 1124 2339 1748)
4(929 2144 2339 1124)
4(1142 1432 2647 2357)
4(774 1142 2357 1989)
4(774 1989 2647 1432)
4(568 1783 2042 827)
4(586 827 2042 1801)
4(621 1836 2541 1326)
4(621 626 1841 1836)
4(626 1326 2541 1841)
4(330 332 1547 1545)
4(475 1304 2519 1690)
4(743 475 1690 1958)
4(743 1958 2519 1304)
4(624 618 1833 1839)
4(624 1839 2430 1215)
4(634 1849 2558 1343)
4(634 636 1851 1849)
4(636 1343 2558 1851)
4(589 1346 2561 1804)
4(591 1806 2561 1346)
4(632 1847 2634 1419)
4(632 633 1848 1847)
4(633 1419 2634 1848)
4(625 1840 2541 1326)
4(715 1221 2436 1930)
4(364 1579 2436 1221)
4(549 746 1961 1764)
4(311 810 2025 1526)
4(311 1526 2191 976)
4(810 976 2191 2025)
4(1055 1191 2406 2270)
4(790 2005 2406 1191)
4(327 330 1545 1542)
4(989 987 2202 2204)
4(987 1149 2364 2202)
4(989 2204 2364 1149)
4(926 1342 2557 2141)
4(912 910 2125 2127)
4(910 1518 2733 2125)
4(524 898 2113 1739)
4(524 1739 2116 901)
4(898 901 2116 2113)
4(522 1737 2476 1261)
4(522 1108 2323 1737)
4(1247 1428 2643 2462)
4(1090 1247 2462 2305)
4(1090 2305 2643 1428)
4(341 1204 2419 1556)
4(368 341 1556 1583)
4(343 549 1764 1558)
4(345 347 1562 1560)
4(347 370 1585 1562)
4(345 1560 1585 370)
4(763 1978 2007 792)
4(108 792 2007 301)
4(763 108 301 1978)
4(307 1495 2710 1522)
4(1362 307 1522 2577)
4(1270 2485 2568 1353)
4(713 1353 2568 1928)
4(1270 713 1928 2485)
4(609 1188 2403 1824)
4(612 1827 2403 1188)
4(1334 642 1857 2549)
4(642 1468 2683 1857)
4(1334 2549 2683 1468)
4(343 1377 2592 1558)
4(549 1764 2592 1377)
4(915 2130 2340 1125)
4(946 2161 2642 1427)
4(946 944 2159 2161)
4(944 1427 2642 2159)
4(637 1852 2617 1402)
4(637 643 1858 1852)
4(643 1402 2617 1858)
4(965 1147 2362 2180)
4(954 965 2180 2169)
4(954 2169 2362 1147)
4(116 314 1529 162)
4(314 1338 2553 1529)
4(655 1502 2717 1870)
4(653 655 1870 1868)
4(653 1868 2717 1502)
4(816 817 2032 2031)
4(817 1362 2577 2032)
4(902 2117 2732 1517)
4(903 1517 2732 2118)
4(1024 1031 2246 2239)
4(329 1544 2246 1031)
4(743 1210 2425 1958)
4(734 743 1958 1949)
4(734 1949 2425 1210)
4(1259 524 1739 2474)
4(524 1461 2676 1739)
4(1259 2474 2676 1461)
4(1001 2216 2352 1137)
4(795 1137 2352 2010)
4(908 1286 2501 2123)
4(910 908 2123 2125)
4(623 750 1965 1838)
4(623 1838 1966 751)
4(810 2025 2192 977)
4(311 977 2192 1526)
4(942 1151 2366 2157)
4(969 942 2157 2184)
4(969 2184 2366 1151)
4(620 1835 1839 624)
4(620 618 1833 1835)
4(601 726 1941 1816)
4(601 1816 2497 1282)
4(997 2212 2394 1179)
4(996 1179 2394 2211)
4(997 996 2211 2212)
4(763 1978 2008 793)
4(794 1311 2526 2009)
4(1311 1313 2528 2526)
4(794 2009 2528 1313)
4(741 1956 2582 1367)
4(741 835 2050 1956)
4(835 1367 2582 2050)
4(917 1327 2542 2132)
4(1201 2416 2542 1327)
4(856 1359 2574 2071)
4(104 297 2574 1359)
4(917 1030 2245 2132)
4(1030 1327 2542 2245)
4(305 851 2066 1520)
4(305 1520 2325 1110)
4(985 318 1533 2200)
4(339 372 1587 1554)
4(341 1556 1587 372)
4(341 339 1554 1556)
4(323 310 1525 1538)
4(310 324 1539 1525)
4(323 1538 1539 324)
4(77 640 1855 270)
4(640 978 2193 1855)
4(325 741 1956 1540)
4(325 1540 2582 1367)
4(10 825 2040 203)
4(825 826 2041 2040)
4(10 203 2041 826)
4(720 1299 2514 1935)
4(635 1850 2514 1299)
4(715 454 1669 1930)
4(454 1221 2436 1669)
4(1218 2433 2524 1309)
4(566 568 1783 1781)
4(1164 894 2109 2379)
4(894 1464 2679 2109)
4(326 325 1540 1541)
4(325 327 1542 1540)
4(580 578 1793 1795)
4(580 1795 2702 1487)
4(1076 1157 2372 2291)
4(716 1931 2372 1157)
4(425 1640 2618 1403)
4(425 423 1638 1640)
4(423 1403 2618 1638)
4(1026 1460 2675 2241)
4(733 1026 2241 1948)
4(733 1948 2675 1460)
4(804 807 2022 2019)
4(804 2019 2589 1374)
4(791 372 1587 2006)
4(372 800 2015 1587)
4(791 2006 2015 800)
4(724 1502 2717 1939)
4(919 2134 2266 1051)
4(919 1049 2264 2134)
4(1049 1051 2266 2264)
4(813 1434 2649 2028)
4(624 813 2028 1839)
4(524 1739 2669 1454)
4(524 1124 2339 1739)
4(1124 1454 2669 2339)
4(801 2016 2714 1499)
4(801 802 2017 2016)
4(802 1499 2714 2017)
4(412 1440 2655 1627)
4(417 412 1627 1632)
4(417 1632 2655 1440)
4(1021 2236 2649 1434)
4(814 1434 2649 2029)
4(906 2121 2576 1361)
4(906 904 2119 2121)
4(904 1361 2576 2119)
4(699 337 1552 1914)
4(699 1914 1962 747)
4(465 434 1649 1680)
4(434 1316 2531 1649)
4(714 1059 2274 1929)
4(714 1929 2510 1295)
4(599 575 1790 1814)
4(575 1424 2639 1790)
4(599 1814 2639 1424)
4(636 637 1852 1851)
4(636 1851 2617 1402)
4(848 849 2064 2063)
4(845 2060 2064 849)
4(714 1294 2509 1929)
4(1059 2274 2509 1294)
4(493 927 2142 1708)
4(927 1101 2316 2142)
4(493 1708 2316 1101)
4(673 666 1881 1888)
4(673 1888 2725 1510)
4(666 1510 2725 1881)
4(676 679 1894 1891)
4(679 1194 2409 1894)
4(676 1891 2409 1194)
4(379 1342 2557 1594)
4(633 634 1849 1848)
4(633 1848 2558 1343)
4(1297 2512 2642 1427)
4(1297 946 2161 2512)
4(742 835 2050 1957)
4(844 845 2060 2059)
4(830 844 2059 2045)
4(743 711 1926 1958)
4(711 1210 2425 1926)
4(483 480 1695 1698)
4(480 1430 2645 1695)
4(485 486 1701 1700)
4(485 1700 1702 487)
4(648 1396 2611 1863)
4(647 648 1863 1862)
4(647 1862 2611 1396)
4(716 1154 2369 1931)
4(1334 1419 2634 2549)
4(642 1857 2634 1419)
4(1207 548 1763 2422)
4(548 1323 2538 1763)
4(1020 1022 2237 2235)
4(1022 1029 2244 2237)
4(1020 2235 2244 1029)
4(775 316 1531 1990)
4(316 972 2187 1531)
4(923 2138 2473 1258)
4(923 881 2096 2138)
4(1285 1286 2501 2500)
4(1039 2254 2501 1286)
4(1039 1285 2500 2254)
4(1091 2306 2307 1092)
4(471 1092 2307 1686)
4(1091 471 1686 2306)
4(931 1501 2716 2146)
4(932 2147 2716 1501)
4(324 325 1540 1539)
4(324 1539 1541 326)
4(604 1819 1825 610)
4(873 986 2201 2088)
4(935 873 2088 2150)
4(11 825 2040 204)
4(662 1877 1890 675)
4(662 663 1878 1877)
4(663 675 1890 1878)
4(335 1260 2475 1550)
4(580 1332 2547 1795)
4(735 1950 2547 1332)
4(1310 779 1994 2525)
4(1310 2525 2710 1495)
4(779 1495 2710 1994)
4(628 974 2189 1843)
4(339 1554 1914 699)
4(339 337 1552 1554)
4(1021 1022 2237 2236)
4(329 1029 2244 1544)
4(478 856 2071 1693)
4(105 478 1693 298)
4(1217 2432 2620 1405)
4(1217 749 1964 2432)
4(749 1405 2620 1964)
4(113 310 1525 159)
4(113 159 1538 323)
4(16 933 2148 209)
4(15 208 2148 933)
4(1017 1501 2716 2232)
4(551 1766 2475 1260)
4(674 1889 2714 1499)
4(674 801 2016 1889)
4(1285 916 2131 2500)
4(1306 1470 2685 2521)
4(440 1655 2685 1470)
4(646 1480 2695 1861)
4(645 646 1861 1860)
4(645 1860 2695 1480)
4(896 1229 2444 2111)
4(579 1794 2546 1331)
4(600 1331 2546 1815)
4(426 425 1640 1641)
4(426 1641 2618 1403)
4(760 757 1972 1975)
4(760 1975 2593 1378)
4(804 805 2020 2019)
4(805 807 2022 2020)
4(349 1353 2568 1564)
4(349 1564 2571 1356)
4(1353 1356 2571 2568)
4(311 1526 2193 978)
4(311 76 269 1526)
4(672 1428 2643 1887)
4(1247 672 1887 2462)
4(1165 2380 2381 1166)
4(1165 1080 2295 2380)
4(1080 1166 2381 2295)
4(384 1324 2539 1599)
4(548 1763 2539 1324)
4(919 915 2130 2134)
4(919 2134 2340 1125)
4(651 1866 2708 1493)
4(651 653 1868 1866)
4(653 1493 2708 1868)
4(343 345 1560 1558)
4(345 1377 2592 1560)
4(949 1105 2320 2164)
4(955 949 2164 2170)
4(1246 909 2124 2461)
4(1246 2461 2686 1471)
4(372 1587 1914 699)
4(1351 1270 2485 2566)
4(1351 2566 2568 1353)
4(569 820 2035 1784)
4(569 1784 2036 821)
4(820 821 2036 2035)
4(1091 2306 2487 1272)
4(1092 1272 2487 2307)
4(780 528 1743 1995)
4(780 1995 2518 1303)
4(403 1618 1763 548)
4(1213 1281 2496 2428)
4(530 1745 2496 1281)
4(967 1147 2362 2182)
4(965 967 2182 2180)
4(559 575 1790 1774)
4(573 559 1774 1788)
4(573 1788 1790 575)
4(894 2109 2457 1242)
4(1164 1242 2457 2379)
4(609 1824 2404 1189)
4(611 1189 2404 1826)
4(620 750 1965 1835)
4(623 620 1835 1838)
4(475 526 1741 1690)
4(989 2204 2311 1096)
4(1070 1096 2311 2285)
4(989 1070 2285 2204)
4(473 526 1741 1688)
4(610 1825 1828 613)
4(569 1141 2356 1784)
4(560 1775 2356 1141)
4(701 1155 2370 1916)
4(1118 2333 2370 1155)
4(627 639 1854 1842)
4(627 1842 2658 1443)
4(639 1443 2658 1854)
4(674 1446 2661 1889)
4(673 1888 2661 1446)
4(673 674 1889 1888)
4(776 1116 2331 1991)
4(324 776 1991 1539)
4(324 1539 2331 1116)
4(152 1436 2651 198)
4(781 1996 2651 1436)
4(837 304 1519 2052)
4(837 2052 2053 838)
4(523 1738 2620 1405)
4(523 1217 2432 1738)
4(803 2018 2491 1276)
4(638 1276 2491 1853)
4(147 304 1519 193)
4(147 193 2052 837)
4(674 977 2192 1889)
4(572 1787 2189 974)
4(613 1828 1833 618)
4(646 647 1862 1861)
4(647 1480 2695 1862)
4(812 2027 2343 1128)
4(319 1128 2343 1534)
4(60 253 2414 1199)
4(61 1199 2414 254)
4(808 2023 2203 988)
4(987 988 2203 2202)
4(808 987 2202 2023)
4(948 2163 2313 1098)
4(948 946 2161 2163)
4(946 1098 2313 2161)
4(849 2064 2411 1196)
4(848 1196 2411 2063)
4(559 1424 2639 1774)
4(918 915 2130 2133)
4(918 2133 2134 919)
4(106 299 2068 853)
4(107 853 2068 300)
4(994 997 2212 2209)
4(994 2209 2256 1041)
4(997 1041 2256 2212)
4(1073 1155 2370 2288)
4(701 1073 2288 1916)
4(653 654 1869 1868)
4(654 655 1870 1869)
4(813 1318 2533 2028)
4(1023 2238 2533 1318)
4(560 561 1776 1775)
4(561 562 1777 1776)
4(316 1531 2359 1144)
4(775 1144 2359 1990)
4(639 691 1906 1854)
4(639 1854 2666 1451)
4(485 1486 2701 1700)
4(486 1701 2701 1486)
4(997 2212 2494 1279)
4(1179 1279 2494 2394)
4(767 1982 2684 1469)
4(767 1198 2413 1982)
4(1198 1469 2684 2413)
4(943 942 2157 2158)
4(943 2158 2706 1491)
4(942 1491 2706 2157)
4(719 1165 2380 1934)
4(719 1934 2381 1166)
4(984 1131 2346 2199)
4(304 984 2199 1519)
4(438 1224 2439 1653)
4(602 1817 2439 1224)
4(602 438 1653 1817)
4(310 325 1540 1525)
4(532 923 2138 1747)
4(532 1747 2473 1258)
4(999 2214 2557 1342)
4(999 897 2112 2214)
4(497 1431 2646 1712)
4(503 497 1712 1718)
4(503 1718 2646 1431)
4(438 545 1760 1653)
4(545 1224 2439 1760)
4(478 106 299 1693)
4(524 1422 2637 1739)
4(898 2113 2637 1422)
4(1099 696 1911 2314)
4(696 1253 2468 1911)
4(1331 2546 2702 1487)
4(581 1487 2702 1796)
4(1331 581 1796 2546)
4(551 550 1765 1766)
4(551 1766 1767 552)
4(547 783 1998 1762)
4(470 547 1762 1685)
4(470 1685 1998 783)
4(336 333 1548 1551)
4(336 1551 1552 337)
4(751 1444 2659 1966)
4(754 751 1966 1969)
4(754 1969 2659 1444)
4(666 1881 2661 1446)
4(691 1906 2625 1410)
4(639 1410 2625 1854)
4(422 1637 2703 1488)
4(422 417 1632 1637)
4(417 1488 2703 1632)
4(484 485 1700 1699)
4(483 1698 1700 485)
4(373 721 1936 1588)
4(721 1351 2566 1936)
4(373 1588 2566 1351)
4(988 1241 2456 2203)
4(808 2023 2456 1241)
4(532 925 2140 1747)
4(923 2138 2140 925)
4(1182 1449 2664 2397)
4(576 1182 2397 1791)
4(576 1791 2664 1449)
4(782 1325 2540 1997)
4(627 1510 2725 1842)
4(639 1854 2725 1510)
4(1271 1277 2492 2486)
4(1264 1271 2486 2479)
4(1264 2479 2492 1277)
4(577 575 1790 1792)
4(577 1792 1793 578)
4(389 388 1603 1604)
4(389 1604 1605 390)
4(736 1951 2610 1395)
4(400 1395 2610 1615)
4(1014 812 2027 2229)
4(1014 2229 2343 1128)
4(495 1710 2633 1418)
4(495 492 1707 1710)
4(492 1418 2633 1707)
4(493 1042 2257 1708)
4(927 2142 2257 1042)
4(1259 2474 2637 1422)
4(1259 891 2106 2474)
4(891 1422 2637 2106)
4(422 423 1638 1637)
4(422 1637 1640 425)
4(710 1490 2705 1925)
4(1145 2360 2705 1490)
4(945 944 2159 2160)
4(945 2160 2161 946)
4(832 1275 2490 2047)
4(1208 832 2047 2423)
4(305 850 2065 1520)
4(850 851 2066 2065)
4(335 342 1557 1550)
4(342 343 1558 1557)
4(493 933 2148 1708)
4(16 493 1708 209)
4(545 1760 2690 1475)
4(611 1826 2556 1341)
4(630 1341 2556 1845)
4(484 1486 2701 1699)
4(941 2156 2158 943)
4(604 720 1935 1819)
4(603 1818 1935 720)
4(730 60 253 1945)
4(730 1945 2414 1199)
4(545 846 2061 1760)
4(844 2059 2061 846)
4(844 545 1760 2059)
4(320 1433 2648 1535)
4(1132 2347 2648 1433)
4(1132 320 1535 2347)
4(1188 2403 2404 1189)
4(776 778 1993 1991)
4(778 1116 2331 1993)
4(1180 523 1738 2395)
4(1180 2395 2620 1405)
4(479 476 1691 1694)
4(479 1694 1695 480)
4(927 1205 2420 2142)
4(525 922 2137 1740)
4(525 1740 2145 930)
4(589 1804 2045 830)
4(589 725 1940 1804)
4(725 830 2045 1940)
4(996 755 1970 2211)
4(755 1179 2394 1970)
4(961 0 9 2176)
4(961 2176 2522 1307)
4(0 1307 2522 9)
4(455 1670 2632 1417)
4(455 467 1682 1670)
4(467 1417 2632 1682)
4(949 825 2040 2164)
4(825 1105 2320 2040)
4(631 632 1847 1846)
4(631 1846 2634 1419)
4(322 938 2153 1537)
4(322 1537 2345 1130)
4(1143 727 1942 2358)
4(727 1369 2584 1942)
4(1122 1123 2338 2337)
4(722 1122 2337 1937)
4(722 1937 2338 1123)
4(983 2198 2604 1389)
4(768 1389 2604 1983)
4(497 496 1711 1712)
4(496 1431 2646 1711)
4(1164 1226 2441 2379)
4(488 1703 2441 1226)
4(488 1164 2379 1703)
4(305 120 166 1520)
4(120 850 2065 166)
4(719 1076 2291 1934)
4(1076 1165 2380 2291)
4(496 495 1710 1711)
4(496 1711 2633 1418)
4(1060 1428 2643 2275)
4(506 1721 2709 1494)
4(506 505 1720 1721)
4(505 1494 2709 1720)
4(1019 1202 2417 2234)
4(814 2029 2417 1202)
4(310 114 160 1525)
4(310 1525 1956 741)
4(977 978 2193 2192)
4(718 1933 2193 978)
4(387 1602 1603 388)
4(387 384 1599 1602)
4(343 344 1559 1558)
4(344 345 1560 1559)
4(858 752 1967 2073)
4(858 2073 2574 1359)
4(752 1359 2574 1967)
4(648 649 1864 1863)
4(649 1396 2611 1864)
4(320 1116 2331 1535)
4(1116 1433 2648 2331)
4(955 2170 2365 1150)
4(1103 1150 2365 2318)
4(637 644 1859 1852)
4(373 842 2057 1588)
4(721 1936 2057 842)
4(886 1464 2679 2101)
4(890 886 2101 2105)
4(890 2105 2679 1464)
4(430 1645 2616 1401)
4(430 1002 2217 1645)
4(1002 1401 2616 2217)
4(696 1911 2730 1515)
4(920 2135 2501 1286)
4(920 1039 2254 2135)
4(697 1912 2630 1415)
4(697 695 1910 1912)
4(1440 1507 2722 2655)
4(728 1943 2722 1507)
4(728 1440 2655 1943)
4(549 1190 2405 1764)
4(746 1961 2405 1190)
4(626 627 1842 1841)
4(626 1841 2658 1443)
4(668 1247 2462 1883)
4(852 455 1670 2067)
4(852 2067 2632 1417)
4(998 1444 2659 2213)
4(638 843 2058 1853)
4(630 638 1853 1845)
4(630 1845 2058 843)
4(924 1361 2576 2139)
4(1361 1517 2732 2576)
4(924 2139 2732 1517)
4(117 314 1529 163)
4(855 2070 2530 1315)
4(854 1315 2530 2069)
4(839 409 1624 2054)
4(409 1133 2348 1624)
4(377 376 1591 1592)
4(377 1592 1593 378)
4(865 494 1709 2080)
4(494 868 2083 1709)
4(865 2080 2083 868)
4(0 9 2560 1345)
4(961 1345 2560 2176)
4(634 637 1852 1849)
4(378 1593 2506 1291)
4(401 1291 2506 1616)
4(154 309 1524 200)
4(153 199 1524 309)
4(752 1967 2495 1280)
4(858 1280 2495 2073)
4(128 307 1522 174)
4(127 173 1522 307)
4(130 176 1523 308)
4(131 308 1523 177)
4(794 793 2008 2009)
4(793 1311 2526 2008)
4(1175 2390 2484 1269)
4(1176 1269 2484 2391)
4(1255 758 1973 2470)
4(921 2136 2576 1361)
4(728 1275 2490 1943)
4(151 312 1527 197)
4(150 196 1527 312)
4(897 1195 2410 2112)
4(882 2097 2410 1195)
4(507 506 1721 1722)
4(507 1722 2709 1494)
4(560 1424 2639 1775)
4(465 1680 2581 1366)
4(748 1366 2581 1963)
4(345 346 1561 1560)
4(346 347 1562 1561)
4(459 1200 2415 1674)
4(772 1987 2647 1432)
4(772 765 1980 1987)
4(765 1432 2647 1980)
4(611 628 1843 1826)
4(628 629 1844 1843)
4(331 1546 1551 336)
4(365 1580 1766 551)
4(726 1941 2565 1350)
4(601 1350 2565 1816)
4(996 998 2213 2211)
4(328 397 1612 1543)
4(326 1541 1612 397)
4(660 1237 2452 1875)
4(660 1875 2453 1238)
4(1237 1238 2453 2452)
4(977 2192 2714 1499)
4(375 1590 1591 376)
4(375 368 1583 1590)
4(988 2203 2204 989)
4(764 1425 2640 1979)
4(765 764 1979 1980)
4(765 1980 2640 1425)
4(423 1638 2703 1488)
4(965 1298 2513 2180)
4(964 2179 2513 1298)
4(964 965 2180 2179)
4(731 1946 2675 1460)
4(731 596 1811 1946)
4(596 1460 2675 1811)
4(632 634 1849 1847)
4(864 2079 2080 865)
4(864 494 1709 2079)
4(109 792 2007 302)
4(397 1612 2387 1172)
4(328 1172 2387 1543)
4(911 922 2137 2126)
4(922 1471 2686 2137)
4(662 1877 2673 1458)
4(675 1458 2673 1890)
4(75 268 2191 976)
4(75 311 1526 268)
4(696 1911 2465 1250)
4(1099 1250 2465 2314)
4(477 475 1690 1692)
4(477 1692 1958 743)
4(806 810 2025 2021)
4(802 2017 2025 810)
4(786 811 2026 2001)
4(811 1153 2368 2026)
4(786 2001 2368 1153)
4(1315 1505 2720 2530)
4(855 2070 2720 1505)
4(494 1709 2148 933)
4(494 15 208 1709)
4(830 1346 2561 2045)
4(764 762 1977 1979)
4(762 1425 2640 1977)
4(649 651 1866 1864)
4(649 1864 2708 1493)
4(119 305 1520 165)
4(119 165 2075 860)
4(305 860 2075 1520)
4(1212 491 1706 2427)
4(491 1213 2428 1706)
4(338 337 1552 1553)
4(338 1553 1554 339)
4(939 1453 2668 2154)
4(459 1674 2668 1453)
4(148 304 1519 194)
4(595 580 1795 1810)
4(595 1810 1811 596)
4(555 561 1776 1770)
4(1237 2452 2508 1293)
4(660 1293 2508 1875)
4(473 1688 2006 791)
4(472 791 2006 1687)
4(1164 895 2110 2379)
4(895 1226 2441 2110)
4(683 684 1899 1898)
4(681 683 1898 1896)
4(562 563 1778 1777)
4(563 564 1779 1778)
4(644 646 1861 1859)
4(810 2025 2714 1499)
4(392 1440 2655 1607)
4(412 392 1607 1627)
4(904 2119 2732 1517)
4(904 902 2117 2119)
4(154 840 2055 200)
4(309 1524 2055 840)
4(1006 2221 2334 1119)
4(1006 394 1609 2221)
4(914 1030 2245 2129)
4(905 904 2119 2120)
4(905 2120 2121 906)
4(874 872 2087 2089)
4(874 2089 2090 875)
4(855 856 2071 2070)
4(774 1001 2216 1989)
4(774 1989 2352 1137)
4(672 1887 2617 1402)
4(1247 1402 2617 2462)
4(944 969 2184 2159)
4(680 681 1896 1895)
4(679 680 1895 1894)
4(876 2091 2093 878)
4(876 875 2090 2091)
4(424 417 1632 1639)
4(424 1639 2527 1312)
4(417 1312 2527 1632)
4(1142 1151 2366 2357)
4(369 1584 2338 1123)
4(396 1123 2338 1611)
4(369 396 1611 1584)
4(412 1627 1637 422)
4(467 779 1994 1682)
4(467 1682 2525 1310)
4(964 1228 2443 2179)
4(1120 964 2179 2335)
4(1120 2335 2443 1228)
4(1269 2484 2723 1508)
4(398 1508 2723 1613)
4(1269 398 1613 2484)
4(909 2124 2125 910)
4(909 908 2123 2124)
4(351 1566 1588 373)
4(353 373 1588 1568)
4(351 353 1568 1566)
4(975 1177 2392 2190)
4(729 1944 2392 1177)
4(151 841 2056 197)
4(312 1527 2056 841)
4(351 1566 2568 1353)
4(373 1353 2568 1588)
4(851 2066 2388 1173)
4(463 1173 2388 1678)
4(851 463 1678 2066)
4(737 1952 2388 1173)
4(1295 643 1858 2510)
4(1295 2510 2523 1308)
4(307 1310 2525 1522)
4(547 784 1999 1762)
4(783 1998 1999 784)
4(431 426 1641 1646)
4(431 1646 1653 438)
4(1024 2239 2370 1155)
4(1024 1118 2333 2239)
4(453 470 1685 1668)
4(470 1006 2221 1685)
4(453 1668 2221 1006)
4(818 536 1751 2033)
4(536 1379 2594 1751)
4(818 2033 2594 1379)
4(719 1157 2372 1934)
4(130 176 2067 852)
4(308 852 2067 1523)
4(414 451 1666 1629)
4(451 1119 2334 1666)
4(320 323 1538 1535)
4(323 1116 2331 1538)
4(1113 410 1625 2328)
4(410 1243 2458 1625)
4(861 1403 2618 2076)
4(430 861 2076 1645)
4(430 1645 2618 1403)
4(732 731 1946 1947)
4(732 1947 2675 1460)
4(657 663 1878 1872)
4(835 2050 2051 836)
4(742 836 2051 1957)
4(474 1689 1694 479)
4(803 805 2020 2018)
4(763 853 2068 1978)
4(107 763 1978 300)
4(1212 2427 2562 1347)
4(1212 1148 2363 2427)
4(694 1909 2468 1253)
4(694 1251 2466 1909)
4(355 358 1573 1570)
4(358 842 2057 1573)
4(355 1570 2057 842)
4(477 1511 2726 1692)
4(146 837 2052 192)
4(315 146 192 1530)
4(315 1530 2052 837)
4(112 323 1538 158)
4(320 112 158 1535)
4(1153 2368 2445 1230)
4(1153 1225 2440 2368)
4(1225 1230 2445 2440)
4(911 910 2125 2126)
4(911 2126 2127 912)
4(753 751 1966 1968)
4(753 1968 1969 754)
4(11 822 2037 204)
4(822 825 2040 2037)
4(673 801 2016 1888)
4(823 2038 2320 1105)
4(823 1103 2318 2038)
4(773 1988 2647 1432)
4(773 772 1987 1988)
4(907 906 2121 2122)
4(907 2122 2123 908)
4(74 267 2191 976)
4(399 1123 2338 1614)
4(1122 399 1614 2337)
4(788 811 2026 2003)
4(786 788 2003 2001)
4(621 627 1842 1836)
4(487 1702 1710 495)
4(761 1976 2667 1452)
4(761 760 1975 1976)
4(760 1452 2667 1975)
4(378 381 1596 1593)
4(380 378 1593 1595)
4(380 1595 1596 381)
4(708 738 1953 1923)
4(738 739 1954 1953)
4(845 846 2061 2060)
4(846 847 2062 2061)
4(820 2035 2373 1158)
4(399 369 1584 1614)
4(856 858 2073 2071)
4(581 936 2151 1796)
4(936 1330 2545 2151)
4(581 1796 2545 1330)
4(1224 1350 2565 2439)
4(602 1817 2565 1350)
4(749 535 1750 1964)
4(749 1964 2628 1413)
4(535 1413 2628 1750)
4(763 1978 2009 794)
4(970 2185 2241 1026)
4(951 1026 2241 2166)
4(509 1408 2623 1724)
4(510 509 1724 1725)
4(510 1725 2623 1408)
4(379 999 2214 1594)
4(801 843 2058 2016)
4(990 982 2197 2205)
4(982 991 2206 2197)
4(990 2205 2206 991)
4(1126 1392 2607 2341)
4(745 1960 2607 1392)
4(745 1126 2341 1960)
4(1118 697 1912 2333)
4(879 878 2093 2094)
4(879 2094 2095 880)
4(881 880 2095 2096)
4(881 2096 2097 882)
4(806 976 2191 2021)
4(698 1913 2717 1502)
4(1493 1502 2717 2708)
4(698 1493 2708 1913)
4(564 565 1780 1779)
4(565 566 1781 1780)
4(1153 2368 2521 1306)
4(811 1306 2521 2026)
4(630 1482 2697 1845)
4(638 1853 2697 1482)
4(326 776 1991 1541)
4(1126 1336 2551 2341)
4(1336 1392 2607 2551)
4(762 761 1976 1977)
4(762 1977 2667 1452)
4(662 1248 2463 1877)
4(724 1939 2463 1248)
4(121 167 2065 850)
4(121 316 1531 167)
4(316 850 2065 1531)
4(862 863 2078 2077)
4(863 1216 2431 2078)
4(862 2077 2431 1216)
4(883 2098 2099 884)
4(883 882 2097 2098)
4(1224 726 1941 2439)
4(520 1735 2030 815)
4(534 815 2030 1749)
4(937 939 2154 2152)
4(938 937 2152 2153)
4(807 2022 2023 808)
4(805 808 2023 2020)
4(824 2039 2079 864)
4(481 864 2079 1696)
4(824 481 1696 2039)
4(993 2208 2472 1257)
4(993 1111 2326 2208)
4(1111 1257 2472 2326)
4(937 315 1530 2152)
4(315 939 2154 1530)
4(995 1257 2472 2210)
4(766 995 2210 1981)
4(766 1981 2472 1257)
4(891 1258 2473 2106)
4(885 891 2106 2100)
4(720 1935 2373 1158)
4(461 1131 2346 1676)
4(984 461 1676 2199)
4(822 2037 2320 1105)
4(822 823 2038 2037)
4(916 1518 2733 2131)
4(509 507 1722 1724)
4(507 1408 2623 1722)
4(12 822 2037 205)
4(554 1769 1788 573)
4(1163 1222 2437 2378)
4(544 1163 2378 1759)
4(544 1759 2437 1222)
4(409 1624 2349 1134)
4(839 1134 2349 2054)
4(145 315 1530 191)
4(145 191 2152 937)
4(387 1602 1604 389)
4(837 2052 2434 1219)
4(712 1927 2520 1305)
4(800 1305 2520 2015)
4(1022 1023 2238 2237)
4(1023 1024 2239 2238)
4(553 1288 2503 1768)
4(555 1770 2503 1288)
4(118 164 2075 860)
4(860 2075 2325 1110)
4(428 862 2077 1643)
4(330 428 1643 1545)
4(330 1545 2077 862)
4(678 679 1894 1893)
4(676 678 1893 1891)
4(428 863 2078 1643)
4(463 1678 2349 1134)
4(457 1134 2349 1672)
4(463 457 1672 1678)
4(155 201 2270 1055)
4(156 1055 2270 202)
4(836 1476 2691 2051)
4(1227 836 2051 2442)
4(1227 2442 2691 1476)
4(871 2086 2087 872)
4(871 869 2084 2086)
4(332 342 1557 1547)
4(944 943 2158 2159)
4(944 2159 2706 1491)
4(658 1196 2411 1873)
4(658 1873 2477 1262)
4(1196 1262 2477 2411)
4(469 470 1685 1684)
4(453 469 1684 1668)
4(716 1489 2704 1931)
4(1154 2369 2704 1489)
4(824 2039 2080 865)
4(756 754 1969 1971)
4(756 1971 1972 757)
4(826 2041 2164 949)
4(818 1416 2631 2033)
4(536 1751 2631 1416)
4(1026 1337 2552 2241)
4(1337 1460 2675 2552)
4(999 1319 2534 2214)
4(897 2112 2534 1319)
4(924 934 2149 2139)
4(934 1361 2576 2149)
4(578 1793 1810 595)
4(390 1605 2722 1507)
4(403 1507 2722 1618)
4(827 2042 2451 1236)
4(586 1236 2451 1801)
4(1134 1173 2388 2349)
4(987 642 1857 2202)
4(642 1149 2364 1857)
4(327 428 1643 1542)
4(470 546 1761 1685)
4(546 547 1762 1761)
4(592 552 1767 1807)
4(592 1807 2454 1239)
4(552 1239 2454 1767)
4(1031 2246 2370 1155)
4(1302 430 1645 2517)
4(1302 2517 2616 1401)
4(1235 2450 2451 1236)
4(504 1719 2676 1461)
4(503 1461 2676 1718)
4(504 503 1718 1719)
4(129 175 2067 852)
4(378 1322 2537 1593)
4(381 1596 2537 1322)
4(928 2143 2591 1376)
4(382 1376 2591 1597)
4(652 1264 2479 1867)
4(1263 652 1867 2478)
4(1263 2478 2479 1264)
4(1195 2410 2626 1411)
4(1319 1411 2626 2534)
4(1195 1319 2534 2410)
4(885 884 2099 2100)
4(885 2100 2101 886)
4(851 1438 2653 2066)
4(463 1678 2653 1438)
4(148 984 2199 194)
4(535 1386 2601 1750)
4(973 535 1750 2188)
4(973 2188 2601 1386)
4(505 504 1719 1720)
4(505 1720 2676 1461)
4(975 306 1521 2190)
4(306 1177 2392 1521)
4(989 1187 2402 2204)
4(988 2203 2402 1187)
4(1096 1187 2402 2311)
4(759 982 2197 1974)
4(759 1974 2205 990)
4(722 429 1644 1937)
4(429 1040 2255 1644)
4(722 1937 2255 1040)
4(457 1672 2344 1129)
4(457 420 1635 1672)
4(420 1129 2344 1635)
4(994 996 2211 2209)
4(1069 2284 2312 1097)
4(1069 668 1883 2284)
4(898 2113 2114 899)
4(898 890 2105 2113)
4(992 2207 2256 1041)
4(992 994 2209 2207)
4(840 155 201 2055)
4(894 2109 2543 1328)
4(931 1328 2543 2146)
4(889 886 2101 2104)
4(889 2104 2105 890)
4(660 1875 2674 1459)
4(1238 1459 2674 2453)
4(372 1204 2419 1587)
4(534 1749 2516 1301)
4(780 1301 2516 1995)
4(340 339 1554 1555)
4(340 1555 1556 341)
4(322 937 2152 1537)
4(317 137 183 1532)
4(137 975 2190 183)
4(1077 2292 2456 1241)
4(807 1241 2456 2022)
4(777 1992 2043 828)
4(397 828 2043 1612)
4(777 397 1612 1992)
4(408 429 1644 1623)
4(408 1623 1937 722)
4(140 318 1533 186)
4(140 186 2200 985)
4(347 1562 2399 1184)
4(347 349 1564 1562)
4(349 1184 2399 1564)
4(901 899 2114 2116)
4(901 2116 2117 902)
4(1004 992 2207 2219)
4(1004 2219 2256 1041)
4(122 316 1531 168)
4(123 169 2187 972)
4(123 319 1534 169)
4(470 1685 2650 1435)
4(783 1435 2650 1998)
4(856 2071 2072 857)
4(855 857 2072 2070)
4(365 1580 2475 1260)
4(482 1697 2538 1323)
4(482 527 1742 1697)
4(1106 309 1524 2321)
4(309 1474 2689 1524)
4(1106 2321 2689 1474)
4(1194 2409 2551 1336)
4(679 1336 2551 1894)
4(939 1219 2434 2154)
4(1219 1453 2668 2434)
4(370 1184 2399 1585)
4(370 1585 2424 1209)
4(1184 1209 2424 2399)
4(13 864 2079 206)
4(481 13 206 1696)
4(759 981 2196 1974)
4(981 982 2197 2196)
4(718 1135 2350 1933)
4(1135 1446 2661 2350)
4(1189 2404 2556 1341)
4(867 2082 2083 868)
4(867 865 2080 2082)
4(482 480 1695 1697)
4(482 1697 1698 483)
4(383 381 1596 1598)
4(381 384 1599 1596)
4(383 1598 1599 384)
4(1274 968 2183 2489)
4(968 1384 2599 2183)
4(1274 2489 2599 1384)
4(700 1503 2718 1915)
4(1192 2407 2718 1503)
4(1192 700 1915 2407)
4(651 654 1869 1866)
4(122 972 2187 168)
4(779 859 2074 1994)
4(859 1495 2710 2074)
4(722 1355 2570 1937)
4(1122 2337 2570 1355)
4(1378 767 1982 2593)
4(1378 2593 2684 1469)
4(982 1111 2326 2197)
4(991 2206 2326 1111)
4(424 1639 2703 1488)
4(1373 1488 2703 2588)
4(424 1373 2588 1639)
4(979 981 2196 2194)
4(759 979 2194 1974)
4(111 157 1535 320)
4(126 321 1536 172)
4(125 171 1536 321)
4(144 937 2152 190)
4(322 144 190 1537)
4(903 2118 2586 1371)
4(932 1371 2586 2147)
4(315 1219 2434 1530)
4(441 1656 1680 465)
4(441 434 1649 1656)
4(794 853 2068 2009)
4(1057 1086 2301 2272)
4(691 1057 2272 1906)
4(691 1906 2301 1086)
4(138 306 1521 184)
4(138 184 2190 975)
4(342 344 1559 1557)
4(306 139 185 1521)
4(139 985 2200 185)
4(306 1521 2200 985)
4(331 1546 2387 1172)
4(336 1172 2387 1551)
4(623 753 1968 1838)
4(753 1233 2448 1968)
4(623 1838 2448 1233)
4(779 1168 2383 1994)
4(859 2074 2383 1168)
4(1139 698 1913 2354)
4(1139 2354 2717 1502)
4(631 629 1844 1846)
4(629 632 1847 1844)
4(1250 2465 2630 1415)
4(1250 701 1916 2465)
4(332 862 2077 1547)
4(342 1557 2077 862)
4(14 494 1709 207)
4(14 207 2079 864)
4(19 986 2201 212)
4(873 19 212 2088)
4(372 1587 2660 1445)
4(699 1445 2660 1914)
4(619 618 1833 1834)
4(619 1834 1835 620)
4(1349 1426 2641 2564)
4(682 1349 2564 1897)
4(682 1897 2641 1426)
4(136 317 1532 182)
4(136 182 2229 1014)
4(317 1014 2229 1532)
4(1454 1461 2676 2669)
4(616 1025 2240 1831)
4(1019 616 1831 2234)
4(1019 2234 2240 1025)
4(718 1933 2535 1320)
4(978 1320 2535 2193)
4(826 2041 2167 952)
4(949 952 2167 2164)
4(361 1576 2306 1091)
4(363 1091 2306 1578)
4(361 363 1578 1576)
4(988 1513 2728 2203)
4(1241 2456 2728 1513)
4(334 992 2207 1549)
4(334 1549 2219 1004)
4(954 1298 2513 2169)
4(361 1576 2487 1272)
4(711 1304 2519 1926)
4(712 711 1926 1927)
4(349 351 1566 1564)
4(316 1438 2653 1531)
4(850 2065 2653 1438)
4(1310 129 175 2525)
4(129 1417 2632 175)
4(1310 2525 2632 1417)
4(1253 1326 2541 2468)
4(694 1909 2541 1326)
4(141 318 1533 187)
4(1018 1020 2235 2233)
4(1018 2233 2244 1029)
4(979 2194 2195 980)
4(979 752 1967 2194)
4(752 980 2195 1967)
4(896 2111 2652 1437)
4(788 859 2074 2003)
4(811 2026 2074 859)
4(375 1590 1592 377)
4(1015 1025 2240 2230)
4(616 1015 2230 1831)
4(314 1222 2437 1529)
4(1163 314 1529 2378)
4(1015 1009 2224 2230)
4(1009 1025 2240 2224)
4(135 181 2229 1014)
4(857 858 2073 2072)
4(791 1204 2419 2006)
4(149 984 2199 195)
4(22 1003 2218 215)
4(999 22 215 2214)
4(999 2214 2218 1003)
4(20 986 2201 213)
4(821 1141 2356 2036)
4(149 195 2613 1398)
4(149 1136 2351 195)
4(1136 1398 2613 2351)
4(794 854 2069 2009)
4(528 1743 2711 1496)
4(528 519 1734 1743)
4(519 1496 2711 1734)
4(1129 1134 2349 2344)
4(143 189 1537 322)
4(614 1009 2224 1829)
4(614 1829 2230 1015)
4(952 957 2172 2167)
4(826 2041 2172 957)
4(23 1003 2218 216)
4(334 1549 2206 991)
4(334 990 2205 1549)
4(401 1616 2621 1406)
4(474 1406 2621 1689)
4(1295 2510 2617 1402)
4(980 981 2196 2195)
4(631 1506 2721 1846)
4(124 319 1534 170)
4(17 1042 2257 210)
4(493 17 210 1708)
4(665 1245 2460 1880)
4(1094 2309 2460 1245)
4(957 2172 2174 959)
4(952 959 2174 2167)
4(991 992 2207 2206)
4(308 1523 2559 1344)
4(1268 1344 2559 2483)
4(397 1612 2680 1465)
4(1172 1465 2680 2387)
4(27 220 2231 1016)
4(28 1016 2231 221)
4(91 284 2233 1018)
4(92 1018 2233 285)
4(514 1729 2687 1472)
4(514 510 1725 1729)
4(510 1472 2687 1725)
4(615 1004 2219 1830)
4(615 1830 2256 1041)
4(957 2172 2175 960)
4(959 960 2175 2174)
4(450 1665 1672 457)
4(450 420 1635 1665)
4(960 961 2176 2175)
4(957 2172 2176 961)
4(961 2176 2177 962)
4(960 962 2177 2175)
4(962 963 2178 2177)
4(961 2176 2178 963)
4(29 222 2243 1028)
4(30 1028 2243 223)
4(396 408 1623 1611)
4(408 1123 2338 1623)
4(336 1551 1553 338)
4(614 1008 2223 1829)
4(1008 1009 2224 2223)
4(1014 1375 2590 2229)
4(812 2027 2590 1375)
4(1047 1046 2261 2262)
4(1047 2262 2300 1085)
4(1046 1085 2300 2261)
4(699 1914 2563 1348)
4(18 873 2088 211)
4(18 211 2257 1042)
4(873 1042 2257 2088)
4(102 295 2194 979)
4(102 752 1967 295)
4(896 2111 2626 1411)
4(896 1195 2410 2111)
4(1059 1058 2273 2274)
4(1058 1060 2275 2273)
4(84 277 2250 1035)
4(85 1035 2250 278)
4(557 1033 2248 1772)
4(557 1772 2249 1034)
4(1033 1034 2249 2248)
4(614 1007 2222 1829)
4(1007 1008 2223 2222)
4(344 346 1561 1559)
4(35 228 2253 1038)
4(36 1038 2253 229)
4(1141 1424 2639 2356)
4(1018 1019 2234 2233)
4(1044 2259 2261 1046)
4(1044 1045 2260 2259)
4(1045 1046 2261 2260)
4(823 481 1696 2038)
4(823 2038 2039 824)
4(1049 501 1716 2264)
4(501 1050 2265 1716)
4(1049 2264 2265 1050)
4(462 457 1672 1677)
4(462 1677 1678 463)
4(1060 588 1803 2275)
4(588 1061 2276 1803)
4(1060 2275 2276 1061)
4(488 27 220 1703)
4(488 1703 2231 1016)
4(1064 313 1528 2279)
4(313 1065 2280 1528)
4(1006 2221 2650 1435)
4(1067 371 1586 2282)
4(371 1068 2283 1586)
4(1067 2282 2283 1068)
4(1063 1062 2277 2278)
4(1062 1064 2279 2277)
4(82 1044 2259 275)
4(81 274 2259 1044)
4(1044 2259 2262 1047)
4(382 1597 2315 1100)
4(934 1100 2315 2149)
4(317 1532 2590 1375)
4(1000 1375 2590 2215)
4(1032 1073 2288 2247)
4(1033 1032 2247 2248)
4(1033 2248 2288 1073)
4(91 284 2244 1029)
4(40 233 2263 1048)
4(41 1048 2263 234)
4(759 101 294 1974)
4(101 979 2194 294)
4(795 574 1789 2010)
4(795 2010 2011 796)
4(574 796 2011 1789)
4(62 255 2273 1058)
4(63 1058 2273 256)
4(109 302 1789 574)
4(110 574 1789 303)
4(44 237 2277 1062)
4(45 1062 2277 238)
4(65 258 2281 1066)
4(66 1066 2281 259)
4(48 241 2290 1075)
4(49 1075 2290 242)
4(69 262 2293 1078)
4(70 1078 2293 263)
4(943 2158 2160 945)
4(693 60 253 1908)
4(693 1908 1945 730)
4(490 29 222 1705)
4(490 1705 2243 1028)
4(100 293 2205 990)
4(100 759 1974 293)
4(1035 1036 2251 2250)
4(1036 1043 2258 2251)
4(1035 2250 2258 1043)
4(1095 1284 2499 2310)
4(665 1880 2499 1284)
4(685 1512 2727 1900)
4(684 685 1900 1899)
4(684 1899 2727 1512)
4(1106 1333 2548 2321)
4(309 1524 2548 1333)
4(692 60 253 1907)
4(692 1907 1908 693)
4(21 999 2214 214)
4(379 21 214 1594)
4(334 99 292 1549)
4(99 990 2205 292)
4(1032 570 1785 2247)
4(570 1073 2288 1785)
4(1035 1034 2249 2250)
4(1034 1036 2251 2249)
4(557 1032 2247 1772)
4(500 1038 2253 1715)
4(1038 1039 2254 2253)
4(500 1715 2254 1039)
4(1371 2586 2698 1483)
4(1466 1483 2698 2681)
4(1371 1466 2681 2586)
4(98 291 2219 1004)
4(98 334 1549 291)
4(1043 2258 2303 1088)
4(1036 1088 2303 2251)
4(1016 490 1705 2231)
4(1016 2231 2232 1017)
4(490 1017 2232 1705)
4(1018 616 1831 2233)
4(1057 1056 2271 2272)
4(1056 1086 2301 2271)
4(1098 1228 2443 2313)
4(948 2163 2443 1228)
4(518 1733 2694 1479)
4(518 515 1730 1733)
4(515 1479 2694 1730)
4(486 1347 2562 1701)
4(615 97 290 1830)
4(97 1004 2219 290)
4(556 1045 2260 1771)
4(1044 556 1771 2259)
4(1053 664 1879 2268)
4(1053 2268 2269 1054)
4(664 1054 2269 1879)
4(822 481 1696 2037)
4(128 174 2525 1310)
4(59 1053 2268 252)
4(58 251 2268 1053)
4(51 1079 2294 244)
4(50 243 2294 1079)
4(72 1077 2292 265)
4(71 264 2292 1077)
4(70 263 1821 606)
4(71 606 1821 264)
4(49 242 1726 511)
4(50 511 1726 243)
4(52 513 1728 245)
4(51 244 1728 513)
4(69 608 1823 262)
4(68 261 1823 608)
4(72 265 1822 607)
4(73 607 1822 266)
4(48 512 1727 241)
4(47 240 1727 512)
4(67 260 2299 1084)
4(68 1084 2299 261)
4(53 1074 2289 246)
4(52 245 2289 1074)
4(46 239 2298 1083)
4(47 1083 2298 240)
4(54 418 1633 247)
4(53 246 1633 418)
4(66 259 1586 371)
4(67 371 1586 260)
4(45 238 1528 313)
4(46 313 1528 239)
4(55 1072 2287 248)
4(54 247 2287 1072)
4(65 1082 2297 258)
4(64 257 2297 1082)
4(55 248 1897 682)
4(56 682 1897 249)
4(44 709 1924 237)
4(43 236 1924 709)
4(63 256 1803 588)
4(64 588 1803 257)
4(78 640 1855 271)
4(42 235 2296 1081)
4(43 1081 2296 236)
4(58 516 1731 251)
4(57 250 1731 516)
4(79 1056 2271 272)
4(78 271 2271 1056)
4(41 234 1716 501)
4(42 501 1716 235)
4(80 558 1773 273)
4(79 272 1773 558)
4(81 1047 2262 274)
4(80 273 2262 1047)
4(40 498 1713 233)
4(39 232 1713 498)
4(82 275 1771 556)
4(83 556 1771 276)
4(62 587 1802 255)
4(61 254 1802 587)
4(84 1043 2258 277)
4(83 276 2258 1043)
4(36 229 1714 499)
4(37 499 1714 230)
4(85 278 1772 557)
4(86 557 1772 279)
4(35 500 1715 228)
4(34 227 1715 500)
4(87 1032 2247 280)
4(86 279 2247 1032)
4(88 570 1785 281)
4(87 280 1785 570)
4(32 225 1597 382)
4(33 382 1597 226)
4(89 1031 2246 282)
4(88 281 2246 1031)
4(90 329 1544 283)
4(89 282 1544 329)
4(30 223 2115 900)
4(31 900 2115 224)
4(90 283 2244 1029)
4(28 221 1705 490)
4(60 664 1879 253)
4(59 252 1879 664)
4(92 285 1831 616)
4(93 616 1831 286)
4(94 1015 2230 287)
4(93 286 2230 1015)
4(26 219 1703 488)
4(95 614 1829 288)
4(94 287 1829 614)
4(96 1007 2222 289)
4(95 288 2222 1007)
4(24 217 2220 1005)
4(25 1005 2220 218)
4(96 289 1830 615)
4(24 489 1704 217)
4(23 216 1704 489)
4(20 213 1594 379)
4(103 752 1967 296)
4(12 205 1696 481)
4(556 1088 2303 1771)
4(1045 2260 2303 1088)
4(558 1085 2300 1773)
4(558 1773 2301 1086)
4(1085 1086 2301 2300)
4(1048 501 1716 2263)
4(1048 2263 2264 1049)
4(587 1058 2273 1802)
4(587 1802 2274 1059)
4(489 1704 2220 1005)
4(615 1007 2222 1830)
4(800 2015 2660 1445)
4(640 1056 2271 1855)
4(640 1855 2272 1057)
4(1058 588 1803 2273)
4(709 1062 2277 1924)
4(709 1924 2278 1063)
4(1062 313 1528 2277)
4(689 1492 2707 1904)
4(688 689 1904 1903)
4(688 1903 2707 1492)
4(1066 371 1586 2281)
4(1066 2281 2282 1067)
4(512 1075 2290 1727)
4(512 1727 2291 1076)
4(1075 1076 2291 2290)
4(511 1079 2294 1726)
4(511 1726 2295 1080)
4(1079 1080 2295 2294)
4(622 620 1835 1837)
4(622 1837 1838 623)
4(558 1047 2262 1773)
4(557 1772 2250 1035)
4(499 1038 2253 1714)
4(900 1028 2243 2115)
4(664 1879 1907 692)
4(489 1003 2218 1704)
4(836 1174 2389 2051)
4(1174 1476 2691 2389)
4(515 514 1729 1730)
4(515 1730 2687 1472)
4(1082 1089 2304 2297)
4(1061 1082 2297 2276)
4(1061 2276 2304 1089)
4(1082 1066 2281 2297)
4(1066 1089 2304 2281)
4(1181 1479 2694 2396)
4(523 1738 2694 1479)
4(523 1181 2396 1738)
4(498 1713 2263 1048)
4(1017 2232 2457 1242)
4(501 1081 2296 1716)
4(1050 2265 2296 1081)
4(1056 558 1773 2271)
4(1041 2256 2386 1171)
4(997 1171 2386 2212)
4(588 1082 2297 1803)
4(570 1785 2246 1031)
4(608 1823 2293 1078)
4(511 1075 2290 1726)
4(606 1078 2293 1821)
4(556 1043 2258 1771)
4(1067 1089 2304 2282)
4(313 1083 2298 1528)
4(1065 2280 2298 1083)
4(371 1084 2299 1586)
4(1068 2283 2299 1084)
4(792 574 1789 2007)
4(516 1731 2268 1053)
4(709 1081 2296 1924)
4(363 399 1614 1578)
4(399 1091 2306 1614)
4(682 1072 2287 1897)
4(418 1633 2287 1072)
4(418 1074 2289 1633)
4(512 1083 2298 1727)
4(608 1084 2299 1823)
4(513 1728 2289 1074)
4(513 1079 2294 1728)
4(606 1821 2292 1077)
4(429 466 1681 1644)
4(841 2056 2605 1390)
4(468 1390 2605 1683)
4(503 1259 2474 1718)
4(687 1503 2718 1902)
4(686 687 1902 1901)
4(686 1901 2718 1503)
4(357 358 1573 1572)
4(355 357 1572 1570)
4(709 1924 2308 1093)
4(1182 1183 2398 2397)
4(1183 1449 2664 2398)
4(1187 2402 2728 1513)
4(1187 1078 2293 2402)
4(1078 1513 2728 2293)
4(1095 714 1929 2310)
4(714 1284 2499 1929)
4(652 1265 2480 1867)
4(1264 2479 2480 1265)
4(1008 1171 2386 2223)
4(1171 1279 2494 2386)
4(1008 2223 2494 1279)
4(703 1484 2699 1918)
4(690 703 1918 1905)
4(690 1905 2699 1484)
4(846 2061 2076 861)
4(545 861 2076 1760)
4(567 1782 2464 1249)
4(567 565 1780 1782)
4(565 1249 2464 1780)
4(545 1223 2438 1760)
4(1223 1224 2439 2438)
4(1167 1473 2688 2382)
4(1451 2666 2688 1473)
4(1081 1093 2308 2296)
4(1050 2265 2308 1093)
4(707 1490 2705 1922)
4(706 1921 2705 1490)
4(706 707 1922 1921)
4(1040 2255 2570 1355)
4(448 1355 2570 1663)
4(693 1908 2309 1094)
4(717 1932 2707 1492)
4(717 1192 2407 1932)
4(1192 1492 2707 2407)
4(1213 2428 2552 1337)
4(732 1337 2552 1947)
4(857 1197 2412 2072)
4(858 2073 2412 1197)
4(1154 1490 2705 2369)
4(519 518 1733 1734)
4(519 1734 2694 1479)
4(984 2199 2613 1398)
4(688 1503 2718 1903)
4(687 688 1903 1902)
4(347 1562 1563 348)
4(346 348 1563 1561)
4(150 1136 2351 196)
4(867 2082 2084 869)
4(919 2134 2267 1052)
4(1051 1052 2267 2266)
4(573 1788 1792 577)
4(605 628 1843 1820)
4(31 1100 2315 224)
4(900 2115 2315 1100)
4(697 1215 2430 1912)
4(1222 118 164 2437)
4(118 1363 2578 164)
4(1222 2437 2578 1363)
4(32 225 2315 1100)
4(703 704 1919 1918)
4(704 1484 2699 1919)
4(1084 1096 2311 2299)
4(1068 2283 2311 1096)
4(608 1096 2311 1823)
4(685 686 1901 1900)
4(686 1512 2727 1901)
4(823 2038 2317 1102)
4(824 1102 2317 2039)
4(735 971 2186 1950)
4(971 1380 2595 2186)
4(539 1113 2328 1754)
4(543 1758 2328 1113)
4(543 539 1754 1758)
4(831 1312 2527 2046)
4(728 1943 2527 1312)
4(1162 1321 2536 2377)
4(1321 1416 2631 2536)
4(1162 2377 2631 1416)
4(689 690 1905 1904)
4(690 1492 2707 1905)
4(919 1462 2677 2134)
4(1049 2264 2677 1462)
4(1332 1487 2702 2547)
4(581 1332 2547 1796)
4(719 1484 2699 1934)
4(1157 2372 2699 1484)
4(705 1489 2704 1920)
4(704 705 1920 1919)
4(704 1919 2704 1489)
4(385 1153 2368 1600)
4(385 1600 2521 1306)
4(796 1137 2352 2011)
4(135 1128 2343 181)
4(134 180 2343 1128)
4(465 471 1686 1680)
4(441 1656 1686 471)
4(1244 723 1938 2459)
4(1244 2459 2727 1512)
4(723 1512 2727 1938)
4(595 1210 2425 1810)
4(578 1793 2425 1210)
4(1050 1051 2266 2265)
4(561 563 1778 1776)
4(947 946 2161 2162)
4(947 2162 2163 948)
4(312 1136 2351 1527)
4(469 546 1761 1684)
4(877 2092 2323 1108)
4(877 925 2140 2092)
4(1080 1186 2401 2295)
4(717 1932 2401 1186)
4(717 1080 2295 1932)
4(912 2127 2133 918)
4(708 1490 2705 1923)
4(707 708 1923 1922)
4(110 303 2560 1345)
4(627 1842 2403 1188)
4(621 1188 2403 1836)
4(658 1263 2478 1873)
4(1196 2411 2478 1263)
4(491 484 1699 1706)
4(491 1706 2496 1281)
4(484 1281 2496 1699)
4(1147 508 1723 2362)
4(1147 2362 2363 1148)
4(1349 834 2049 2564)
4(834 1426 2641 2049)
4(450 1665 1677 462)
4(818 1161 2376 2033)
4(1161 1416 2631 2376)
4(407 408 1623 1622)
4(396 407 1622 1611)
4(500 1715 2591 1376)
4(500 928 2143 1715)
4(141 187 2345 1130)
4(142 1130 2345 188)
4(1186 2401 2407 1192)
4(1186 1160 2375 2401)
4(1160 1192 2407 2375)
4(370 1377 2592 1585)
4(981 2196 2198 983)
4(980 983 2198 2195)
4(392 390 1605 1607)
4(392 1607 2722 1507)
4(615 1830 2386 1171)
4(362 1577 2348 1133)
4(362 400 1615 1577)
4(1070 1068 2283 2285)
4(842 2057 2612 1397)
4(358 1397 2612 1573)
4(566 567 1782 1781)
4(567 568 1783 1782)
4(1007 1171 2386 2222)
4(1089 1090 2305 2304)
4(1061 2276 2305 1090)
4(117 163 2437 1222)
4(529 528 1743 1744)
4(529 1744 2711 1496)
4(1174 1115 2330 2389)
4(1174 2389 2390 1175)
4(1181 2396 2711 1496)
4(1181 536 1751 2396)
4(536 1496 2711 1751)
4(708 1145 2360 1923)
4(512 1727 2361 1146)
4(824 2039 2081 866)
4(865 866 2081 2080)
4(1088 1152 2367 2303)
4(1045 2260 2367 1152)
4(408 411 1626 1623)
4(411 429 1644 1626)
4(606 1821 2456 1241)
4(655 656 1871 1870)
4(656 657 1872 1871)
4(495 1710 1712 497)
4(465 1092 2307 1680)
4(1095 2310 2414 1199)
4(1053 1126 2341 2268)
4(516 1731 2341 1126)
4(1013 828 2043 2228)
4(828 1087 2302 2043)
4(1068 1069 2284 2283)
4(1067 2282 2284 1069)
4(348 349 1564 1563)
4(811 1470 2685 2026)
4(852 1344 2559 2067)
4(455 1670 2559 1344)
4(539 410 1625 1754)
4(835 2050 2442 1227)
4(1112 744 1959 2327)
4(1112 2327 2505 1290)
4(913 912 2127 2128)
4(913 2128 2133 918)
4(353 842 2057 1568)
4(924 2139 2698 1483)
4(924 1371 2586 2139)
4(1009 1011 2226 2224)
4(1011 1025 2240 2226)
4(363 369 1584 1578)
4(1034 1037 2252 2249)
4(1036 2251 2252 1037)
4(784 1153 2368 1999)
4(784 1999 2445 1230)
4(706 1489 2704 1921)
4(705 706 1921 1920)
4(429 437 1652 1644)
4(437 466 1681 1652)
4(1083 1146 2361 2298)
4(132 1339 2554 178)
4(131 177 2554 1339)
4(126 172 2577 1362)
4(127 1362 2577 173)
4(1072 2287 2327 1112)
4(682 1112 2327 1897)
4(816 859 2074 2031)
4(788 816 2031 2003)
4(542 736 1951 1757)
4(540 542 1757 1755)
4(540 1755 1951 736)
4(1296 1316 2531 2511)
4(413 1296 2511 1628)
4(413 1628 2531 1316)
4(940 773 1988 2155)
4(940 2155 2156 941)
4(464 775 1990 1679)
4(464 1679 2027 812)
4(757 1972 1976 761)
4(485 1206 2421 1700)
4(483 1698 2421 1206)
4(1175 2390 2723 1508)
4(901 1124 2339 2116)
4(656 1262 2477 1871)
4(659 656 1871 1874)
4(659 1874 2477 1262)
4(1034 2249 2314 1099)
4(1033 1099 2314 2248)
4(1005 1226 2441 2220)
4(1102 1103 2318 2317)
4(1244 2459 2504 1289)
4(1170 1289 2504 2385)
4(1244 1170 2385 2459)
4(419 406 1621 1634)
4(419 1634 1635 420)
4(406 420 1635 1621)
4(432 451 1666 1647)
4(414 432 1647 1629)
4(970 733 1948 2185)
4(733 1357 2572 1948)
4(970 2185 2572 1357)
4(445 1660 1662 447)
4(445 442 1657 1660)
4(442 447 1662 1657)
4(366 362 1577 1581)
4(366 1581 2348 1133)
4(377 1592 1595 380)
4(370 1585 2696 1481)
4(1209 1481 2696 2424)
4(1069 2284 2285 1070)
4(641 1510 2725 1856)
4(627 641 1856 1842)
4(777 1992 2228 1013)
4(516 1731 2564 1349)
4(516 834 2049 1731)
4(667 1252 2467 1882)
4(1252 1443 2658 2467)
4(667 1882 2658 1443)
4(407 411 1626 1622)
4(451 1666 2221 1006)
4(451 453 1668 1666)
4(464 462 1677 1679)
4(462 775 1990 1677)
4(770 1314 2529 1985)
4(1314 1452 2667 2529)
4(770 1985 2667 1452)
4(769 1138 2353 1984)
4(1138 1425 2640 2353)
4(769 1984 2640 1425)
4(570 1785 2370 1155)
4(1147 2362 2624 1409)
4(967 1409 2624 2182)
4(459 444 1659 1674)
4(444 537 1752 1659)
4(459 1674 1752 537)
4(437 411 1626 1652)
4(437 1652 1659 444)
4(411 444 1659 1626)
4(860 1363 2578 2075)
4(1261 1418 2633 2476)
4(522 1737 2633 1418)
4(425 1640 1646 431)
4(1009 2224 2225 1010)
4(1008 1010 2225 2223)
4(1075 1165 2380 2290)
4(992 993 2208 2207)
4(993 994 2209 2208)
4(1334 631 1846 2549)
4(1089 2304 2312 1097)
4(1067 1097 2312 2282)
4(449 420 1635 1664)
4(449 1664 1665 450)
4(1055 321 1536 2270)
4(321 1191 2406 1536)
4(419 449 1664 1634)
4(449 460 1675 1664)
4(419 1634 1675 460)
4(1144 1438 2653 2359)
4(784 785 2000 1999)
4(784 1999 2001 786)
4(785 786 2001 2000)
4(437 1652 1674 459)
4(589 590 1805 1804)
4(590 725 1940 1805)
4(1025 1202 2417 2240)
4(450 1665 1679 464)
4(1114 1113 2328 2329)
4(1114 2329 2330 1115)
4(336 458 1673 1551)
4(458 1172 2387 1673)
4(646 648 1863 1861)
4(936 2151 2546 1331)
4(466 1453 2668 1681)
4(395 366 1581 1610)
4(366 409 1624 1581)
4(395 1610 1624 409)
4(511 1726 2380 1165)
4(1095 1294 2509 2310)
4(530 1430 2645 1745)
4(531 482 1697 1746)
4(531 1746 2538 1323)
4(736 737 1952 1951)
4(737 839 2054 1952)
4(1291 1322 2537 2506)
4(1296 748 1963 2511)
4(1129 409 1624 2344)
4(982 1389 2604 2197)
4(1111 2326 2604 1389)
4(1054 1126 2341 2269)
4(407 406 1621 1622)
4(407 1622 1634 419)
4(1012 2227 2540 1325)
4(1179 1325 2540 2394)
4(1012 1179 2394 2227)
4(721 602 1817 1936)
4(602 1351 2566 1817)
4(543 1758 2329 1114)
4(433 1648 1649 434)
4(433 415 1630 1648)
4(415 434 1649 1630)
4(1215 1318 2533 2430)
4(813 1215 2430 2028)
4(771 1233 2448 1986)
4(753 771 1986 1968)
4(1054 1194 2409 2269)
4(1054 2269 2551 1336)
4(995 993 2208 2210)
4(866 1102 2317 2081)
4(1300 633 1848 2515)
4(391 390 1605 1606)
4(391 1606 1607 392)
4(574 1127 2342 1789)
4(796 2011 2342 1127)
4(744 1959 2641 1426)
4(1112 1426 2641 2327)
4(797 777 1992 2012)
4(797 2012 2228 1013)
4(1244 1503 2718 2459)
4(700 1244 2459 1915)
4(839 1173 2388 2054)
4(133 1132 2347 179)
4(132 178 2347 1132)
4(126 172 2678 1463)
4(1362 1463 2678 2577)
4(1203 2418 2540 1325)
4(1203 1012 2227 2418)
4(541 1756 1758 543)
4(541 539 1754 1756)
4(460 1675 1944 729)
4(449 729 1944 1664)
4(446 779 1994 1661)
4(467 446 1661 1682)
4(396 406 1621 1611)
4(806 2021 2589 1374)
4(949 953 2168 2164)
4(952 2167 2168 953)
4(386 384 1599 1601)
4(386 1601 1602 387)
4(554 1769 2454 1239)
4(573 1239 2454 1788)
4(1079 1186 2401 2294)
4(1013 2228 2483 1268)
4(456 1268 2483 1671)
4(592 1807 2622 1407)
4(1239 1407 2622 2454)
4(380 1595 1598 383)
4(491 1486 2701 1706)
4(110 1127 2342 303)
4(358 359 1574 1573)
4(358 1573 1579 364)
4(359 364 1579 1574)
4(1127 2342 2560 1345)
4(367 341 1556 1582)
4(367 1582 1583 368)
4(1311 769 1984 2526)
4(769 1313 2528 1984)
4(586 1237 2452 1801)
4(1236 2451 2452 1237)
4(1271 1346 2561 2486)
4(1277 2492 2561 1346)
4(600 1815 2724 1509)
4(599 1509 2724 1814)
4(1057 2272 2350 1135)
4(691 1135 2350 1906)
4(995 2210 2213 998)
4(766 998 2213 1981)
4(1184 2399 2571 1356)
4(327 1542 2582 1367)
4(73 1185 2400 266)
4(607 1822 2400 1185)
4(443 1658 1942 727)
4(443 461 1676 1658)
4(461 727 1942 1676)
4(132 1498 2713 178)
4(1339 2554 2713 1498)
4(1234 1509 2724 2449)
4(821 1234 2449 2036)
4(821 2036 2724 1509)
4(396 395 1610 1611)
4(395 406 1621 1610)
4(435 434 1649 1650)
4(435 1650 1656 441)
4(953 2168 2170 955)
4(814 2029 2418 1203)
4(1202 1203 2418 2417)
4(1070 2285 2364 1149)
4(1137 1151 2366 2352)
4(1142 1137 2352 2357)
4(1093 2308 2638 1423)
4(740 1423 2638 1955)
4(360 400 1615 1575)
4(362 360 1575 1577)
4(1350 2565 2566 1351)
4(1350 1270 2485 2565)
4(608 1823 2402 1187)
4(866 2081 2082 867)
4(369 1584 1610 395)
4(369 366 1581 1584)
4(436 1651 1671 456)
4(436 455 1670 1651)
4(455 456 1671 1670)
4(713 1356 2571 1928)
4(1010 1011 2226 2225)
4(786 787 2002 2001)
4(787 788 2003 2002)
4(499 1327 2542 1714)
4(1030 499 1714 2245)
4(991 993 2208 2206)
4(1203 1434 2649 2418)
4(873 2088 2420 1205)
4(338 1553 1555 340)
4(39 232 2416 1201)
4(1127 1232 2447 2342)
4(796 2011 2447 1232)
4(517 1206 2421 1732)
4(485 517 1732 1700)
4(610 720 1935 1825)
4(25 1226 2441 218)
4(1046 1287 2502 2261)
4(1046 2261 2688 1473)
4(1287 1473 2688 2502)
4(400 1615 2446 1231)
4(360 1231 2446 1575)
4(26 219 2441 1226)
4(1234 600 1815 2449)
4(605 1820 2189 974)
4(789 816 2031 2004)
4(788 789 2004 2003)
4(664 1879 2426 1211)
4(692 1211 2426 1907)
4(725 844 2059 1940)
4(610 1299 2514 1825)
4(363 366 1581 1578)
4(1069 1071 2286 2284)
4(796 1151 2366 2011)
4(914 1456 2671 2129)
4(1030 2245 2671 1456)
4(1001 1311 2526 2216)
4(542 737 1952 1757)
4(451 452 1667 1666)
4(452 453 1668 1667)
4(954 948 2163 2169)
4(948 1298 2513 2163)
4(1045 1287 2502 2260)
4(445 1660 1663 448)
4(447 448 1663 1662)
4(1038 1285 2500 2253)
4(497 1712 1719 504)
4(1016 1242 2457 2231)
4(488 1703 2457 1242)
4(985 2200 2550 1335)
4(537 1335 2550 1752)
4(462 1677 2359 1144)
4(463 1144 2359 1678)
4(1094 1139 2354 2309)
4(693 1908 2354 1139)
4(1094 698 1913 2309)
4(641 673 1888 1856)
4(381 1324 2539 1596)
4(407 1117 2332 1622)
4(411 1626 2332 1117)
4(828 2043 2680 1465)
4(840 1474 2689 2055)
4(1 1358 2573 5)
4(133 179 2573 1358)
4(670 1885 2403 1188)
4(670 627 1842 1885)
4(1166 717 1932 2381)
4(1166 2381 2707 1492)
4(419 1117 2332 1634)
4(547 1762 2321 1106)
4(546 1106 2321 1761)
4(444 1659 2332 1117)
4(940 971 2186 2155)
4(735 940 2155 1950)
4(675 1890 1891 676)
4(663 676 1891 1878)
4(460 1117 2332 1675)
4(363 362 1577 1578)
4(1456 2671 2733 1518)
4(406 1129 2344 1621)
4(656 658 1873 1871)
4(957 2172 2522 1307)
4(595 1810 1946 731)
4(433 1648 1650 435)
4(1023 1118 2333 2238)
4(770 1315 2530 1985)
4(1314 2529 2530 1315)
4(563 565 1780 1778)
4(963 1232 2447 2178)
4(1127 963 2178 2342)
4(778 1993 2012 797)
4(778 777 1992 1993)
4(435 1650 1657 442)
4(441 442 1657 1656)
4(595 734 1949 1810)
4(3 7 2575 1360)
4(125 1360 2575 171)
4(156 202 2575 1360)
4(790 1474 2689 2005)
4(1216 2431 2723 1508)
4(863 1508 2723 2078)
4(697 1912 2533 1318)
4(1118 1318 2533 2333)
4(447 1121 2336 1662)
4(447 1662 2337 1122)
4(1121 1122 2337 2336)
4(1087 1478 2693 2302)
4(402 1617 2693 1478)
4(111 1358 2573 157)
4(526 791 2006 1741)
4(1011 1202 2417 2226)
4(383 1598 1601 386)
4(547 785 2000 1762)
4(103 1359 2574 296)
4(441 1656 2336 1121)
4(471 1121 2336 1686)
4(848 2063 2498 1283)
4(847 1283 2498 2062)
4(436 1651 2433 1218)
4(405 440 1655 1620)
4(421 405 1620 1636)
4(421 1636 1655 440)
4(443 442 1657 1658)
4(443 1658 1660 445)
4(314 1529 2627 1412)
4(1163 1412 2627 2378)
4(10 203 2522 1307)
4(826 1307 2522 2041)
4(357 359 1574 1572)
4(4 1370 2585 8)
4(142 188 2585 1370)
4(143 1370 2585 189)
4(1086 2301 2382 1167)
4(1085 1167 2382 2300)
4(2 6 2587 1372)
4(134 1372 2587 180)
4(124 170 2587 1372)
4(1190 2405 2592 1377)
4(1157 1489 2704 2372)
4(761 1976 1979 764)
4(153 199 2651 1436)
4(309 1436 2651 1524)
4(489 1704 2444 1229)
4(1135 1320 2535 2350)
4(1057 2272 2535 1320)
4(37 1327 2542 230)
4(1117 1169 2384 2332)
4(444 1659 2384 1169)
4(446 1168 2383 1661)
4(649 650 1865 1864)
4(650 651 1866 1865)
4(430 1303 2518 1645)
4(442 1121 2336 1657)
4(632 1847 2450 1235)
4(629 1235 2450 1844)
4(443 1658 2358 1143)
4(583 598 1813 1798)
4(593 1808 1813 598)
4(593 583 1798 1808)
4(976 1185 2400 2191)
4(74 267 2400 1185)
4(829 2044 2471 1256)
4(542 1110 2325 1757)
4(665 1880 2695 1480)
4(1284 1480 2695 2499)
4(439 1654 1817 602)
4(439 438 1653 1654)
4(460 1169 2384 1675)
4(1028 2243 2716 1501)
4(1028 932 2147 2243)
4(1278 533 1748 2493)
4(1278 2493 2686 1471)
4(533 1471 2686 1748)
4(753 1968 1971 756)
4(1152 2367 2502 1287)
4(1252 1287 2502 2467)
4(1152 1252 2467 2367)
4(504 1719 1721 506)
4(535 1472 2687 1750)
4(1386 2601 2687 1472)
4(57 250 2564 1349)
4(56 1349 2564 249)
4(498 1713 2677 1462)
4(1048 1462 2677 2263)
4(432 452 1667 1647)
4(490 1705 2716 1501)
4(435 1143 2358 1650)
4(433 1648 2358 1143)
4(1194 1211 2426 2409)
4(675 1194 2409 1890)
4(675 1890 2426 1211)
4(1054 1211 2426 2269)
4(395 1129 2344 1610)
4(33 1376 2591 226)
4(34 227 2591 1376)
4(445 1660 2346 1131)
4(435 1650 1658 443)
4(1055 2270 2575 1360)
4(613 1828 1834 619)
4(1050 2265 2638 1423)
4(806 1185 2400 2021)
4(312 1527 2605 1390)
4(361 362 1577 1576)
4(673 843 2058 1888)
4(981 2196 2604 1389)
4(783 1998 2445 1230)
4(540 541 1756 1755)
4(541 542 1757 1756)
4(544 543 1758 1759)
4(543 1163 2378 1758)
4(1112 2327 2504 1289)
4(723 1289 2504 1938)
4(1112 723 1938 2327)
4(1072 2287 2504 1289)
4(785 2000 2321 1106)
4(1074 1160 2375 2289)
4(513 1728 2375 1160)
4(669 1237 2452 1884)
4(669 1884 2508 1293)
4(583 1798 2464 1249)
4(583 567 1782 1798)
4(453 468 1683 1668)
4(1125 2340 2677 1462)
4(1369 1390 2605 2584)
4(833 2048 2605 1390)
4(445 461 1676 1660)
4(1036 1251 2466 2251)
4(1088 2303 2466 1251)
4(1138 1311 2526 2353)
4(1001 1138 2353 2216)
4(394 1609 2650 1435)
4(1061 1428 2643 2276)
4(1245 2460 2695 1480)
4(432 415 1630 1647)
4(432 1647 1648 433)
4(902 2117 2120 905)
4(1145 2360 2580 1365)
4(535 1750 2432 1217)
4(1433 1498 2713 2648)
4(1132 2347 2713 1498)
4(1160 1170 2385 2375)
4(700 1160 2375 1915)
4(700 1915 2385 1170)
4(1074 1170 2385 2289)
4(340 1555 1582 367)
4(928 2143 2672 1457)
4(500 1457 2672 1715)
4(980 1254 2469 2195)
4(983 2198 2469 1254)
4(1259 2474 2646 1431)
4(541 1756 1759 544)
4(785 787 2002 2000)
4(1214 2429 2689 1474)
4(1214 1106 2321 2429)
4(861 426 1641 2076)
4(808 809 2024 2023)
4(809 987 2202 2024)
4(776 397 1612 1991)
4(776 1991 1992 777)
4(468 452 1667 1683)
4(452 833 2048 1667)
4(468 1683 2048 833)
4(405 1140 2355 1620)
4(506 1721 1724 509)
4(1042 2257 2420 1205)
4(1248 2463 2673 1458)
4(374 368 1583 1589)
4(374 1589 1590 375)
4(960 1297 2512 2175)
4(962 2177 2512 1297)
4(968 1109 2324 2183)
4(1109 1409 2624 2324)
4(968 2183 2624 1409)
4(427 715 1930 1642)
4(427 1642 1963 748)
4(715 748 1963 1930)
4(513 1728 2401 1186)
4(789 817 2032 2004)
4(778 1993 2013 798)
4(540 1755 2610 1395)
4(787 789 2004 2002)
4(349 350 1565 1564)
4(350 351 1566 1565)
4(416 1218 2433 1631)
4(416 1631 2524 1309)
4(532 1747 2646 1431)
4(532 1259 2474 1747)
4(393 1608 1627 412)
4(393 392 1607 1608)
4(597 1209 2424 1812)
4(1184 597 1812 2399)
4(385 1225 2440 1600)
4(418 1170 2385 1633)
4(787 790 2005 2002)
4(789 2004 2005 790)
4(477 1692 2471 1256)
4(1166 1484 2699 2381)
4(1073 2288 2465 1250)
4(361 360 1575 1576)
4(359 360 1575 1574)
4(359 1574 1576 361)
4(692 1907 2712 1497)
4(693 1497 2712 1908)
4(1208 517 1732 2423)
4(517 1340 2555 1732)
4(1208 2423 2555 1340)
4(1033 2248 2465 1250)
4(509 1724 1729 514)
4(577 711 1926 1792)
4(582 1797 1926 711)
4(582 577 1792 1797)
4(415 1316 2531 1630)
4(1114 2329 2389 1174)
4(706 1154 2369 1921)
4(479 1694 1697 482)
4(821 671 1886 2036)
4(671 1234 2449 1886)
4(688 1192 2407 1903)
4(770 1985 2720 1505)
4(1198 1505 2720 2413)
4(770 1198 2413 1985)
4(1091 1267 2482 2306)
4(471 1686 2482 1267)
4(1338 2553 2627 1412)
4(508 1723 2624 1409)
4(1152 2367 2466 1251)
4(573 582 1797 1788)
4(582 1239 2454 1797)
4(952 1120 2335 2167)
4(959 2174 2335 1120)
4(577 1210 2425 1792)
4(640 1320 2535 1855)
4(683 685 1900 1898)
4(934 2149 2698 1483)
4(764 1979 1987 772)
4(514 1729 1733 518)
4(414 415 1630 1629)
4(871 2086 2089 874)
4(854 2069 2528 1313)
4(905 2120 2122 907)
4(680 683 1898 1895)
4(678 680 1895 1893)
4(699 1305 2520 1914)
4(1305 1445 2660 2520)
4(1000 1485 2700 2215)
4(464 1679 2700 1485)
4(464 1000 2215 1679)
4(619 1834 1837 622)
4(537 1752 2384 1169)
4(568 571 1786 1783)
4(571 585 1800 1786)
4(956 2171 2365 1150)
4(956 955 2170 2171)
4(522 1107 2322 1737)
4(1107 1108 2323 2322)
4(358 1573 2436 1221)
4(687 689 1904 1902)
4(834 2049 2729 1514)
4(516 1514 2729 1731)
4(745 1960 2729 1514)
4(1206 1208 2423 2421)
4(1207 1206 2421 2422)
4(458 1478 2693 1673)
4(1465 2680 2693 1478)
4(1465 458 1673 2680)
4(1010 1279 2494 2225)
4(1179 1010 2225 2394)
4(876 2091 2094 879)
4(518 1733 1743 528)
4(357 360 1575 1572)
4(685 687 1902 1900)
4(533 1454 2669 1748)
4(844 1223 2438 2059)
4(920 2135 2672 1457)
4(351 352 1567 1566)
4(352 353 1568 1567)
4(874 2089 2091 876)
4(414 413 1628 1629)
4(413 415 1630 1628)
4(1110 2325 2371 1156)
4(542 1156 2371 1757)
4(969 2184 2706 1491)
4(729 1485 2700 1944)
4(689 703 1918 1904)
4(1114 1163 2378 2329)
4(960 2175 2313 1098)
4(959 1098 2313 2174)
4(348 350 1565 1563)
4(540 539 1754 1755)
4(966 956 2171 2181)
4(966 2181 2365 1150)
4(398 1216 2431 1613)
4(447 1662 2570 1355)
4(38 231 2416 1201)
4(587 1199 2414 1802)
4(1122 1267 2482 2337)
4(399 1614 2482 1267)
4(705 707 1922 1920)
4(846 2061 2517 1302)
4(861 1302 2517 2076)
4(703 705 1920 1918)
4(860 2075 2371 1156)
4(1193 888 2103 2408)
4(888 1273 2488 2103)
4(1193 2408 2488 1273)
4(546 1761 1996 781)
4(950 948 2163 2165)
4(950 2165 2169 954)
4(849 1277 2492 2064)
4(1190 370 1585 2405)
4(1190 2405 2696 1481)
4(350 352 1567 1565)
4(922 2137 2493 1278)
4(525 1278 2493 1740)
4(355 356 1571 1570)
4(356 357 1572 1571)
4(654 656 1871 1869)
4(393 413 1628 1608)
4(499 1714 2671 1456)
4(911 2126 2128 913)
4(1185 1374 2589 2400)
4(491 1706 2562 1347)
4(598 1813 2464 1249)
4(707 738 1953 1922)
4(450 1665 2700 1485)
4(843 2058 2556 1341)
4(843 1329 2544 2058)
4(1329 1341 2556 2544)
4(354 355 1570 1569)
4(353 1568 1570 355)
4(353 354 1569 1568)
4(686 1244 2459 1901)
4(585 590 1805 1800)
4(538 539 1754 1753)
4(538 1753 1755 540)
4(1085 1473 2688 2300)
4(739 1954 2145 930)
4(738 930 2145 1953)
4(367 1582 1589 374)
4(418 1289 2504 1633)
4(857 1198 2413 2072)
4(1197 2412 2413 1198)
4(437 1652 2668 1453)
4(375 1590 2355 1140)
4(377 1140 2355 1592)
4(907 2122 2124 909)
4(1292 1478 2693 2507)
4(458 1292 2507 1673)
4(374 1589 1620 405)
4(375 405 1620 1590)
4(945 2160 2162 947)
4(766 1981 2659 1444)
4(541 1156 2371 1756)
4(521 1736 2030 815)
4(521 520 1735 1736)
4(1305 2520 2563 1348)
4(380 1595 1600 385)
4(383 385 1600 1598)
4(405 416 1631 1620)
4(374 1589 1631 416)
4(356 354 1569 1571)
4(356 1571 1625 410)
4(354 410 1625 1569)
4(879 2094 2096 881)
4(350 404 1619 1565)
4(352 1567 1619 404)
4(667 1287 2502 1882)
4(815 2030 2516 1301)
4(342 1557 2431 1216)
4(460 1675 2392 1177)
4(1237 2452 2598 1383)
4(980 2195 2495 1280)
4(715 1455 2670 1930)
4(454 1669 2670 1455)
4(433 1648 2374 1159)
4(1181 519 1734 2396)
4(387 1602 1609 394)
4(436 446 1661 1651)
4(446 455 1670 1661)
4(449 1485 2700 1664)
4(436 421 1636 1651)
4(421 446 1661 1636)
4(968 2183 2569 1354)
4(1274 1354 2569 2489)
4(1217 2432 2694 1479)
4(622 1837 2448 1233)
4(416 421 1636 1631)
4(416 1631 1651 436)
4(1199 1294 2509 2414)
4(352 354 1569 1567)
4(918 2133 2267 1052)
4(584 1799 1816 601)
4(584 594 1809 1799)
4(594 601 1816 1809)
4(1100 2315 2698 1483)
4(439 1654 1936 721)
4(428 1227 2442 1643)
4(863 2078 2442 1227)
4(344 398 1613 1559)
4(346 1561 1613 398)
4(464 1375 2590 1679)
4(483 527 1742 1698)
4(774 1138 2353 1989)
4(968 966 2181 2183)
4(966 1384 2599 2181)
4(916 1456 2671 2131)
4(1109 2324 2569 1354)
4(538 410 1625 1753)
4(452 1159 2374 1667)
4(698 1913 2460 1245)
4(963 2178 2532 1317)
4(962 1317 2532 2177)
4(1305 1407 2622 2520)
4(712 1927 2622 1407)
4(587 1294 2509 1802)
4(1253 625 1840 2468)
4(669 632 1847 1884)
4(669 1884 2450 1235)
4(584 1799 2497 1282)
4(723 1938 2505 1290)
4(1266 1477 2692 2481)
4(661 1266 2481 1876)
4(661 1876 2692 1477)
4(338 458 1673 1553)
4(432 1647 2374 1159)
4(859 1470 2685 2074)
4(1433 798 2013 2648)
4(798 1498 2713 2013)
4(1107 2322 2324 1109)
4(522 1109 2324 1737)
4(421 1636 2383 1168)
4(440 1168 2383 1655)
4(364 1272 2487 1579)
4(412 413 1628 1627)
4(1347 1486 2701 2562)
4(567 571 1786 1782)
4(930 2145 2393 1178)
4(913 1178 2393 2128)
4(885 2100 2104 889)
4(1103 1104 2319 2318)
4(1104 1150 2365 2319)
4(746 1183 2398 1961)
4(521 831 2046 1736)
4(521 1736 2047 832)
4(38 231 2542 1327)
4(1328 1464 2679 2543)
4(1232 2447 2532 1317)
4(1228 2443 2513 1298)
4(953 1120 2335 2168)
4(1151 2366 2447 1232)
4(768 1111 2326 1983)
4(1183 2398 2405 1190)
4(529 1002 2217 1744)
4(356 1571 1753 538)
4(1323 2538 2539 1324)
4(847 2062 2517 1302)
4(529 1283 2498 1744)
4(529 1744 2616 1401)
4(1283 1401 2616 2498)
4(544 1156 2371 1759)
4(889 2104 2113 898)
4(1369 312 1527 2584)
4(1027 2242 2552 1337)
4(428 1367 2582 1643)
4(1227 2442 2582 1367)
4(1121 1267 2482 2336)
4(1135 666 1881 2350)
4(772 1987 2155 940)
4(350 1565 2391 1176)
4(348 1176 2391 1563)
4(582 1797 1927 712)
4(1248 692 1907 2463)
4(1248 2463 2712 1497)
4(1275 1507 2722 2490)
4(820 671 1886 2035)
4(704 1157 2372 1919)
4(593 1808 2424 1209)
4(598 1209 2424 1813)
4(321 1536 2575 1360)
4(1039 2254 2672 1457)
4(321 1536 2678 1463)
4(427 1455 2670 1642)
4(1254 1280 2495 2469)
4(1197 2412 2495 1280)
4(1197 1254 2469 2412)
4(1011 1203 2418 2226)
4(635 1850 1886 671)
4(635 622 1837 1850)
4(622 671 1886 1837)
4(499 1285 2500 1714)
4(1312 1439 2654 2527)
4(424 1639 2654 1439)
4(1152 694 1909 2367)
4(694 1252 2467 1909)
4(756 1971 2034 819)
4(757 819 2034 1972)
4(739 1178 2393 1954)
4(1052 739 1954 2267)
4(1052 2267 2393 1178)
4(613 1299 2514 1828)
4(1169 2384 2392 1177)
4(1107 2322 2569 1354)
4(647 1245 2460 1862)
4(461 1676 2613 1398)
4(669 1236 2451 1884)
4(1003 1319 2534 2218)
4(670 1885 2404 1189)
4(1182 1288 2503 2397)
4(963 1345 2560 2178)
4(561 576 1791 1776)
4(563 1778 1791 576)
4(870 888 2103 2085)
4(870 2085 2408 1193)
4(306 1521 2550 1335)
4(532 1261 2476 1747)
4(1255 2470 2593 1378)
4(1255 767 1982 2470)
4(340 1555 1617 402)
4(367 402 1617 1582)
4(733 971 2186 1948)
4(971 1357 2572 2186)
4(1340 2555 2614 1399)
4(517 1399 2614 1732)
4(648 650 1865 1863)
4(1231 1395 2610 2446)
4(740 1955 2580 1365)
4(782 1203 2418 1997)
4(619 1834 1850 635)
4(790 2005 2429 1214)
4(787 1214 2429 2002)
4(431 1646 1654 439)
4(456 1671 2559 1344)
4(727 1136 2351 1942)
4(1136 1369 2584 2351)
4(1003 1411 2626 2218)
4(1263 2478 2657 1442)
4(658 1442 2657 1873)
4(951 1027 2242 2166)
4(1026 2241 2242 1027)
4(1233 2448 2449 1234)
4(771 1234 2449 1986)
4(756 1971 2151 936)
4(819 936 2151 2034)
4(1128 1372 2587 2343)
4(387 1240 2455 1602)
4(386 1601 2455 1240)
4(591 1266 2481 1806)
4(1238 591 1806 2453)
4(1238 2453 2481 1266)
4(652 1867 2657 1442)
4(1109 1382 2597 2324)
4(1382 1409 2624 2597)
4(571 1786 1798 583)
4(727 1942 2613 1398)
4(789 2004 2406 1191)
4(1052 2267 2579 1364)
4(1051 1364 2579 2266)
4(847 2062 2616 1401)
4(667 1882 2688 1473)
4(667 1451 2666 1882)
4(1305 592 1807 2520)
4(594 1809 1812 597)
4(594 593 1808 1809)
4(593 597 1812 1808)
4(771 756 1971 1986)
4(771 1986 2151 936)
4(867 1193 2408 2082)
4(866 2081 2408 1193)
4(739 1954 2579 1364)
4(805 809 2024 2020)
4(1130 2345 2585 1370)
4(1174 1412 2627 2389)
4(1114 2329 2627 1412)
4(584 583 1798 1799)
4(584 1799 1808 593)
4(831 1439 2654 2046)
4(887 888 2103 2102)
4(870 887 2102 2085)
4(641 1856 1885 670)
4(817 2032 2406 1191)
4(836 2051 2553 1338)
4(357 1231 2446 1572)
4(849 1263 2478 2064)
4(849 2064 2479 1264)
4(571 1786 1799 584)
4(359 1574 2487 1272)
4(1012 1010 2225 2227)
4(320 1358 2573 1535)
4(1334 1482 2697 2549)
4(631 1846 2697 1482)
4(594 1809 1928 713)
4(597 713 1928 1812)
4(1283 1321 2536 2498)
4(848 2063 2536 1321)
4(969 1232 2447 2184)
4(901 2116 2144 929)
4(902 929 2144 2117)
4(591 1271 2486 1806)
4(1266 2481 2486 1271)
4(918 1178 2393 2133)
4(427 1642 2511 1296)
4(828 1478 2693 2043)
4(1283 2498 2656 1441)
4(529 1441 2656 1744)
4(994 2209 2210 995)
4(1238 2453 2598 1383)
4(1138 765 1980 2353)
4(1291 2506 2621 1406)
4(768 1257 2472 1983)
4(1313 1315 2530 2528)
4(1371 2586 2732 1517)
4(819 1330 2545 2034)
4(863 2078 2691 1476)
4(487 517 1732 1702)
4(582 1797 2622 1407)
4(454 1391 2606 1669)
4(1221 2436 2606 1391)
4(785 2000 2429 1214)
4(815 831 2046 2030)
4(1108 1368 2583 2323)
4(877 2092 2583 1368)
4(1102 1104 2319 2317)
4(322 1370 2585 1537)
4(1098 1297 2512 2313)
4(965 2180 2181 966)
4(965 956 2171 2180)
4(319 1534 2587 1372)
4(412 1296 2511 1627)
4(1162 1447 2662 2377)
4(1321 2536 2662 1447)
4(644 1859 1875 660)
4(637 660 1875 1852)
4(995 996 2211 2210)
4(1388 660 1875 2603)
4(1388 2603 2674 1459)
4(1266 1265 2480 2481)
4(1265 1477 2692 2480)
4(953 2168 2171 956)
4(377 1592 2435 1220)
4(380 1220 2435 1595)
4(1028 1466 2681 2243)
4(932 2147 2681 1466)
4(690 1166 2381 1905)
4(601 1270 2485 1816)
4(354 1243 2458 1569)
4(356 1231 2446 1571)
4(344 1559 2431 1216)
4(671 1233 2448 1886)
4(1070 1071 2286 2285)
4(1051 2266 2638 1423)
4(941 971 2186 2156)
4(832 1340 2555 2047)
4(521 1736 2555 1340)
4(634 1849 1884 669)
4(527 1742 2421 1206)
4(947 2162 2165 950)
4(1211 2426 2673 1458)
4(692 1458 2673 1907)
4(531 1322 2537 1746)
4(1291 531 1746 2506)
4(1247 636 1851 2462)
4(1273 2488 2489 1274)
4(888 1274 2489 2103)
4(869 870 2085 2084)
4(867 2082 2085 870)
4(386 1225 2440 1601)
4(383 1598 2440 1225)
4(987 1468 2683 2202)
4(394 1240 2455 1609)
4(967 966 2181 2182)
4(967 2182 2183 968)
4(489 1411 2626 1704)
4(900 1483 2698 2115)
4(1466 900 2115 2681)
4(657 1872 1874 659)
4(857 2072 2720 1505)
4(538 1231 2446 1753)
4(870 2085 2086 871)
4(422 1637 1642 427)
4(425 427 1642 1640)
4(725 1223 2438 1940)
4(576 1288 2503 1791)
4(1254 1255 2470 2469)
4(836 1412 2627 2051)
4(1126 1514 2729 2341)
4(546 1761 2548 1333)
4(781 1333 2548 1996)
4(953 2168 2179 964)
4(956 964 2179 2171)
4(925 2140 2636 1421)
4(877 1421 2636 2092)
4(1191 2406 2678 1463)
4(385 1220 2435 1600)
4(962 2177 2642 1427)
4(1011 2226 2227 1012)
4(374 1589 2524 1309)
4(733 1380 2595 1948)
4(1183 598 1813 2398)
4(598 1449 2664 1813)
4(1290 1512 2727 2505)
4(386 1230 2445 1601)
4(725 1940 1941 726)
4(521 1393 2608 1736)
4(520 1735 2608 1393)
4(1229 1411 2626 2444)
4(676 677 1892 1891)
4(677 678 1893 1892)
4(1177 2392 2550 1335)
4(346 1269 2484 1561)
4(348 1563 2484 1269)
4(1132 1358 2573 2347)
4(735 1448 2663 1950)
4(940 2155 2663 1448)
4(1258 2473 2474 1259)
4(1169 2384 2550 1335)
4(1180 2395 2715 1500)
4(1180 1404 2619 2395)
4(1404 1500 2715 2619)
4(561 1776 2503 1288)
4(1321 2536 2656 1441)
4(698 1396 2611 1913)
4(1396 1493 2708 2611)
4(606 1513 2728 1821)
4(866 1273 2488 2081)
4(1102 2317 2488 1273)
4(533 1748 2709 1494)
4(1278 1494 2709 2493)
4(1181 1379 2594 2396)
4(887 1108 2323 2102)
4(1107 887 2102 2322)
4(1284 645 1860 2499)
4(1168 1470 2685 2383)
4(479 1694 1746 531)
4(650 652 1867 1865)
4(651 1866 1867 652)
4(1252 626 1841 2467)
4(887 1368 2583 2102)
4(502 521 1736 1717)
4(502 1717 2555 1340)
4(1217 1472 2687 2432)
4(1197 767 1982 2412)
4(767 1254 2469 1982)
4(1195 1437 2652 2410)
4(1292 402 1617 2507)
4(571 1786 2497 1282)
4(958 954 2169 2173)
4(958 2173 2362 1147)
4(352 1243 2458 1567)
4(1285 2500 2671 1456)
4(677 1161 2376 1892)
4(818 677 1892 2033)
4(502 1393 2608 1717)
4(1161 2376 2600 1385)
4(677 1385 2600 1892)
4(1027 2242 2719 1504)
4(951 1504 2719 2166)
4(338 1553 2507 1292)
4(340 1292 2507 1555)
4(817 2032 2678 1463)
4(1230 2445 2455 1240)
4(861 1475 2690 2076)
4(1416 2631 2656 1441)
4(1322 2537 2538 1323)
4(619 1299 2514 1834)
4(923 2138 2636 1421)
4(943 970 2185 2158)
4(943 2158 2572 1357)
4(404 1243 2458 1619)
4(1161 659 1874 2376)
4(659 1162 2377 1874)
4(1161 2376 2377 1162)
4(585 1800 2497 1282)
4(950 2165 2173 958)
4(439 454 1669 1654)
4(431 1646 1669 454)
4(1141 2356 2724 1509)
4(945 970 2185 2160)
4(663 677 1892 1878)
4(497 502 1717 1712)
4(495 1710 1717 502)
4(721 1936 2612 1397)
4(538 1395 2610 1753)
4(670 1885 2556 1341)
4(502 1717 2614 1399)
4(778 1433 2648 1993)
4(958 2173 2427 1212)
4(958 1148 2363 2173)
4(761 819 2034 1976)
4(594 1270 2485 1809)
4(646 661 1876 1861)
4(648 1863 1876 661)
4(1314 762 1977 2529)
4(1313 1314 2529 2528)
4(959 2174 2443 1228)
4(650 1265 2480 1865)
4(1265 1271 2486 2480)
4(724 1139 2354 1939)
4(523 1500 2715 1738)
4(1181 2396 2715 1500)
4(367 1582 2524 1309)
4(973 1414 2629 2188)
4(535 1750 2629 1414)
4(770 1469 2684 1985)
4(659 1874 2600 1385)
4(504 1719 1735 520)
4(506 520 1735 1721)
4(941 2156 2572 1357)
4(905 929 2144 2120)
4(888 2103 2322 1107)
4(565 1450 2665 1780)
4(1249 2464 2665 1450)
4(950 951 2166 2165)
4(514 534 1749 1729)
4(874 2089 2092 877)
4(876 877 2092 2091)
4(764 1979 2014 799)
4(772 799 2014 1987)
4(654 658 1873 1869)
4(1284 2499 2523 1308)
4(714 1308 2523 1929)
4(680 702 1917 1895)
4(683 1898 1917 702)
4(685 1180 2395 1900)
4(687 1902 2395 1180)
4(1364 2579 2638 1423)
4(1256 1511 2726 2471)
4(702 1379 2594 1917)
4(1379 1500 2715 2594)
4(702 1917 2715 1500)
4(769 1314 2529 1984)
4(1221 1397 2612 2436)
4(707 973 2188 1922)
4(738 1953 2188 973)
4(689 749 1964 1904)
4(703 1918 1964 749)
4(889 891 2106 2104)
4(726 1223 2438 1941)
4(879 2094 2138 923)
4(1196 1447 2662 2411)
4(1262 2477 2662 1447)
4(422 1296 2511 1637)
4(1261 496 1711 2476)
4(1071 2286 2364 1149)
4(1240 2455 2650 1435)
4(657 1872 2600 1385)
4(1332 799 2014 2547)
4(1332 2547 2663 1448)
4(799 1448 2663 2014)
4(805 2020 2491 1276)
4(1247 2462 2558 1343)
4(1303 1387 2602 2518)
4(780 1995 2602 1387)
4(1333 1436 2651 2548)
4(1139 2354 2712 1497)
4(724 1497 2712 1939)
4(1441 1496 2711 2656)
4(536 1441 2656 1751)
4(871 887 2102 2086)
4(531 1746 2621 1406)
4(678 1893 2033 818)
4(760 1975 2684 1469)
4(1322 2537 2539 1324)
4(1183 2398 2696 1481)
4(1234 1467 2682 2449)
4(600 1815 2682 1467)
4(1156 1363 2578 2371)
4(1212 1504 2719 2427)
4(958 2173 2719 1504)
4(1300 1419 2634 2515)
4(634 1849 2508 1293)
4(544 1363 2578 1759)
4(644 1859 2603 1388)
4(637 1852 2508 1293)
4(598 1813 2696 1481)
4(1386 1420 2635 2601)
4(973 2188 2635 1420)
4(1162 2377 2477 1262)
4(641 1856 2544 1329)
4(670 1329 2544 1885)
4(525 1740 2635 1420)
4(930 1420 2635 2145)
4(597 1812 2571 1356)
4(1249 1449 2664 2464)
4(1252 2467 2541 1326)
4(1150 2365 2599 1384)
4(1104 1384 2599 2319)
4(1266 2481 2674 1459)
4(661 1459 2674 1876)
4(1245 1396 2611 2460)
4(1175 1476 2691 2390)
4(563 1778 2665 1450)
4(576 1450 2665 1791)
4(740 1364 2579 1955)
4(651 1866 2657 1442)
4(487 1399 2614 1702)
4(1330 799 2014 2545)
4(1330 2545 2547 1332)
4(1454 505 1720 2669)
4(673 1888 2544 1329)
4(479 1406 2621 1694)
4(1257 2472 2567 1352)
4(1135 2350 2625 1410)
4(515 1217 2432 1730)
4(1141 599 1814 2356)
4(663 1878 2600 1385)
4(771 1467 2682 1986)
4(815 2030 2654 1439)
4(1301 1439 2654 2516)
4(439 1654 2606 1391)
4(721 1391 2606 1936)
4(1104 2319 2488 1273)
4(646 1861 2603 1388)
4(1410 2625 2725 1510)
4(1382 2597 2644 1429)
4(1109 1429 2644 2324)
4(1149 1300 2515 2364)
4(1104 2319 2489 1274)
4(809 2024 2491 1276)
4(871 2086 2583 1368)
4(874 1368 2583 2089)
4(783 1998 2455 1240)
4(525 1408 2623 1740)
4(1278 2493 2623 1408)
4(1386 525 1740 2601)
4(1381 2596 2597 1382)
4(508 1382 2597 1723)
4(936 1467 2682 2151)
4(1303 1373 2588 2518)
4(1373 1387 2602 2588)
4(809 2024 2549 1334)
4(1276 1334 2549 2491)
4(495 1399 2614 1710)
4(1261 2476 2646 1431)
4(678 1394 2609 1893)
4(680 1895 2609 1394)
4(848 1447 2662 2063)
4(1253 1515 2730 2468)
4(492 1382 2597 1707)
4(492 1707 2644 1429)
4(761 1976 2615 1400)
4(764 1400 2615 1979)
4(497 1712 2608 1393)
4(504 1393 2608 1719)
4(650 1477 2692 1865)
4(809 1468 2683 2024)
4(666 1881 2625 1410)
4(1138 2353 2647 1432)
4(1303 1516 2731 2518)
4(1373 2588 2731 1516)
4(654 1869 2657 1442)
4(1301 2516 2602 1387)
4(1386 1408 2623 2601)
4(425 1455 2670 1640)
4(1314 2529 2640 1425)
4(522 1429 2644 1737)
4(510 1386 2601 1725)
4(685 1900 2619 1404)
4(683 1404 2619 1898)
4(1331 1467 2682 2546)
4(888 1354 2569 2103)
4(431 1455 2670 1646)
4(1380 2595 2675 1460)
4(689 1904 2620 1405)
4(687 1405 2620 1902)
4(1330 2545 2615 1400)
4(819 1400 2615 2034)
4(1300 642 1857 2515)
4(703 1413 2628 1918)
4(705 1920 2628 1413)
4(799 2014 2615 1400)
4(1364 2579 2580 1365)
4(879 1421 2636 2094)
4(876 2091 2636 1421)
4(738 1420 2635 1953)
4(707 1922 2629 1414)
4(705 1414 2629 1920)
4(430 1645 2731 1516)
4(1403 1516 2731 2618)
4(661 1388 2603 1876)
4(1449 1450 2665 2664)
4(818 1394 2609 2033)
4(1379 1394 2609 2594)
4(1482 2697 2721 1506)
4(889 2104 2637 1422)
4(1418 1429 2644 2633)
4(1443 1451 2666 2658)
4(772 1987 2663 1448)
4(1454 1494 2709 2669)
4(702 1917 2609 1394)
4(1312 1440 2655 2527)
4(648 1477 2692 1863)
4(1391 2606 2612 1397)
4(1452 1469 2684 2667)
4(702 1404 2619 1917)
4(1281 2496 2645 1430)
4(1373 423 1638 2588)
4(1476 2691 2723 1508)
4(950 2165 2719 1504)
4(638 1334 2549 1853)
4(424 1387 2602 1639)
4(1278 507 1722 2493)
4(1413 1414 2629 2628)
4(1301 424 1639 2516)
4(423 1638 2731 1516)
3(681 744 684)
3(1896 1899 1959)
3(921 928 382)
3(2136 1597 2143)
3(942 1142 773)
3(2157 1988 2357)
3(679 1392 681)
3(1894 1896 2607)
3(618 1215 695)
3(1833 1910 2430)
3(830 1277 845)
3(2045 2060 2492)
3(768 1255 983)
3(1983 2198 2470)
3(729 975 317)
3(1944 1532 2190)
3(317 1000 729)
3(1532 1944 2215)
3(726 1282 590)
3(1941 1805 2497)
3(665 1095 730)
3(1880 1945 2310)
3(474 475 473)
3(1689 1688 1690)
3(1130 1200 938)
3(2345 2153 2415)
3(551 1348 592)
3(1766 1807 2563)
3(757 758 754)
3(1972 1969 1973)
3(758 1352 754)
3(1973 1969 2567)
3(917 1125 498)
3(2132 1713 2340)
3(1159 1369 1143)
3(2374 2358 2584)
3(1021 1023 813)
3(2236 2028 2238)
3(741 742 115)
3(1956 161 1957)
3(715 1366 364)
3(1930 1579 2581)
3(892 896 884)
3(2107 2099 2111)
3(800 1304 712)
3(2015 1927 2519)
3(530 1256 476)
3(1745 1691 2471)
3(768 1352 1255)
3(1983 2470 2567)
3(472 1204 368)
3(1687 1583 2419)
3(553 1182 746)
3(1768 1961 2397)
3(553 746 550)
3(1768 1765 1961)
3(630 1506 611)
3(1845 1826 2721)
3(708 1365 739)
3(1923 1954 2580)
3(730 1094 665)
3(1945 1880 2309)
3(1037 1253 1099)
3(2252 2314 2468)
3(566 974 827)
3(1781 2042 2189)
3(878 935 875)
3(2093 2090 2150)
3(886 892 884)
3(2101 2099 2107)
3(1087 1309 402)
3(2302 1617 2524)
3(1019 1020 814)
3(2234 2029 2235)
3(915 917 914)
3(2130 2129 2132)
3(520 534 509)
3(1735 1724 1749)
3(1059 1295 1060)
3(2274 2275 2510)
3(1093 1145 1063)
3(2308 2278 2360)
3(935 1205 875)
3(2150 2090 2420)
3(562 1158 603)
3(1777 1818 2373)
3(902 903 899)
3(2117 2114 2118)
3(914 1518 912)
3(2129 2127 2733)
3(1108 1261 925)
3(2323 2140 2476)
3(833 1369 1159)
3(2048 2374 2584)
3(578 579 575)
3(1793 1790 1794)
3(586 1383 589)
3(1801 1804 2598)
3(908 920 906)
3(2123 2121 2135)
3(797 1339 308)
3(2012 1523 2554)
3(589 1383 591)
3(1804 1806 2598)
3(628 1235 827)
3(1843 2042 2450)
3(318 1200 1130)
3(1533 2345 2415)
3(751 755 750)
3(1966 1965 1970)
3(466 1040 838)
3(1681 2053 2255)
3(931 1017 894)
3(2146 2109 2232)
3(912 915 914)
3(2127 2129 2130)
3(1115 1243 1113)
3(2330 2328 2458)
3(401 474 473)
3(1616 1688 1689)
3(681 745 744)
3(1896 1959 1960)
3(469 841 468)
3(1684 1683 2056)
3(869 1101 868)
3(2084 2083 2316)
3(534 780 518)
3(1749 1733 1995)
3(382 934 921)
3(1597 2136 2149)
3(742 1338 116)
3(1957 162 2553)
3(668 1097 1090)
3(1883 2305 2312)
3(480 530 476)
3(1695 1691 1745)
3(319 972 812)
3(1534 2027 2187)
3(903 931 899)
3(2118 2114 2146)
3(1103 1105 955)
3(2318 2170 2320)
3(920 921 906)
3(2135 2121 2136)
3(400 1133 736)
3(1615 1951 2348)
3(477 829 731)
3(1692 1946 2044)
3(440 1306 1140)
3(1655 2355 2521)
3(969 1427 1317)
3(2184 2532 2642)
3(1063 1145 1064)
3(2278 2279 2360)
3(596 1380 735)
3(1811 1950 2595)
3(757 1378 758)
3(1972 1973 2593)
3(604 609 605)
3(1819 1820 1824)
3(484 1430 483)
3(1699 1698 2645)
3(922 930 913)
3(2137 2128 2145)
3(909 1471 911)
3(2124 2126 2686)
3(526 1304 800)
3(1741 2015 2519)
3(617 625 621)
3(1832 1836 1840)
3(798 1339 797)
3(2013 2012 2554)
3(751 998 755)
3(1966 1970 2213)
3(1005 1229 895)
3(2220 2110 2444)
3(554 555 553)
3(1769 1768 1770)
3(929 1246 907)
3(2144 2122 2461)
3(895 1229 892)
3(2110 2107 2444)
3(478 855 854)
3(1693 2069 2070)
3(747 1348 551)
3(1962 1766 2563)
3(569 1158 562)
3(1784 1777 2373)
3(530 1213 829)
3(1745 2044 2428)
3(747 1260 333)
3(1962 1548 2475)
3(941 942 773)
3(2156 1988 2157)
3(389 1119 391)
3(1604 1606 2334)
3(801 803 638)
3(2016 1853 2018)
3(893 895 892)
3(2108 2107 2110)
3(1148 1347 508)
3(2363 1723 2562)
3(1027 1213 1212)
3(2242 2427 2428)
3(403 1208 1207)
3(1618 2422 2423)
3(793 1001 795)
3(2008 2010 2216)
3(104 856 105)
3(297 298 2071)
3(559 560 555)
3(1774 1770 1775)
3(1060 1295 672)
3(2275 1887 2510)
3(881 1258 883)
3(2096 2098 2473)
3(655 724 662)
3(1870 1877 1939)
3(668 1300 1071)
3(1883 2286 2515)
3(644 1308 645)
3(1859 1860 2523)
3(886 893 892)
3(2101 2107 2108)
3(882 897 880)
3(2097 2095 2112)
3(1064 1154 1065)
3(2279 2280 2369)
3(596 735 580)
3(1811 1795 1950)
3(781 841 469)
3(1996 1684 2056)
3(337 747 333)
3(1552 1548 1962)
3(793 795 792)
3(2008 2007 2010)
3(807 1374 607)
3(2022 1822 2589)
3(76 978 77)
3(269 270 2193)
3(731 734 477)
3(1946 1692 1949)
3(750 782 624)
3(1965 1839 1997)
3(816 1495 1362)
3(2031 2577 2710)
3(527 1323 1207)
3(1742 2422 2538)
3(554 559 555)
3(1769 1770 1774)
3(152 841 781)
3(198 1996 2056)
3(1115 1176 404)
3(2330 1619 2391)
3(691 1451 1167)
3(1906 2382 2666)
3(448 1131 838)
3(1663 2053 2346)
3(378 401 376)
3(1593 1591 1616)
3(782 1434 624)
3(1997 1839 2649)
3(701 1415 1118)
3(1916 2333 2630)
3(838 1219 466)
3(2053 1681 2434)
3(586 589 585)
3(1801 1800 1804)
3(903 932 931)
3(2118 2146 2147)
3(376 472 368)
3(1591 1583 1687)
3(916 1286 910)
3(2131 2125 2501)
3(1347 1381 508)
3(2562 1723 2596)
3(1020 1021 814)
3(2235 2029 2236)
3(478 854 853)
3(1693 2068 2069)
3(977 1446 718)
3(2192 1933 2661)
3(476 1511 474)
3(1691 1689 2726)
3(603 604 572)
3(1818 1787 1819)
3(609 611 605)
3(1824 1820 1826)
3(474 1511 475)
3(1689 1690 2726)
3(812 972 775)
3(2027 1990 2187)
3(401 473 472)
3(1616 1687 1688)
3(1175 1176 1115)
3(2390 2330 2391)
3(390 403 388)
3(1605 1603 1618)
3(394 1119 389)
3(1609 1604 2334)
3(331 333 332)
3(1546 1547 1548)
3(498 1201 917)
3(1713 2132 2416)
3(328 331 330)
3(1543 1545 1546)
3(744 1290 684)
3(1959 1899 2505)
3(831 832 728)
3(2046 1943 2047)
3(528 1303 1002)
3(1743 2217 2518)
3(838 1131 304)
3(2053 1519 2346)
3(365 550 549)
3(1580 1764 1765)
3(403 1275 1208)
3(1618 2423 2490)
3(459 939 938)
3(1674 2153 2154)
3(607 1077 807)
3(1822 2022 2292)
3(618 695 617)
3(1833 1832 1910)
3(617 621 612)
3(1832 1827 1836)
3(391 1119 393)
3(1606 1608 2334)
3(610 612 609)
3(1825 1824 1827)
3(740 1145 1093)
3(1955 2308 2360)
3(1140 1306 1220)
3(2355 2435 2521)
3(326 328 327)
3(1541 1542 1543)
3(802 806 804)
3(2017 2019 2021)
3(456 1218 1087)
3(1671 2302 2433)
3(568 586 585)
3(1783 1800 1801)
3(748 1316 465)
3(1963 1680 2531)
3(851 1110 737)
3(2066 1952 2325)
3(790 1055 840)
3(2005 2055 2270)
3(695 1415 696)
3(1910 1911 2630)
3(613 617 612)
3(1828 1827 1832)
3(604 605 572)
3(1819 1787 1820)
3(388 548 384)
3(1603 1599 1763)
3(1064 1145 710)
3(2279 1925 2360)
3(329 1024 1022)
3(1544 2237 2239)
3(564 572 566)
3(1779 1781 1787)
3(897 1342 880)
3(2112 2095 2557)
3(643 1308 644)
3(1858 1859 2523)
3(655 662 657)
3(1870 1872 1877)
3(579 600 599)
3(1794 1814 1815)
3(745 834 744)
3(1960 1959 2049)
3(695 1515 625)
3(1910 1840 2730)
3(552 554 553)
3(1767 1768 1769)
3(884 1437 882)
3(2099 2097 2652)
3(845 848 847)
3(2060 2062 2063)
3(379 986 926)
3(1594 2141 2201)
3(920 928 921)
3(2135 2136 2143)
3(720 820 635)
3(1935 1850 2035)
3(456 1087 1013)
3(1671 2228 2302)
3(838 1040 448)
3(2053 1663 2255)
3(926 986 935)
3(2141 2150 2201)
3(880 926 878)
3(2095 2093 2141)
3(562 603 564)
3(1777 1779 1818)
3(114 741 115)
3(160 161 1956)
3(1076 1146 716)
3(2291 1931 2361)
3(872 1101 869)
3(2087 2084 2316)
3(668 1343 1300)
3(1883 2515 2558)
3(899 1328 890)
3(2114 2105 2543)
3(533 1246 929)
3(1748 2144 2461)
3(487 1381 486)
3(1702 1701 2596)
3(560 569 562)
3(1775 1777 1784)
3(802 804 803)
3(2017 2018 2019)
3(537 1200 985)
3(1752 2200 2415)
3(1251 1253 1037)
3(2466 2252 2468)
3(578 1487 579)
3(1793 1794 2702)
3(883 1258 885)
3(2098 2100 2473)
3(438 1475 426)
3(1653 1641 2690)
3(552 553 550)
3(1767 1765 1768)
3(364 1366 1092)
3(1579 2307 2581)
3(308 1268 797)
3(1523 2012 2483)
3(868 1101 933)
3(2083 2148 2316)
3(947 970 951)
3(2162 2166 2185)
3(755 1325 750)
3(1970 1965 2540)
3(829 1213 732)
3(2044 1947 2428)
3(754 1352 766)
3(1969 1981 2567)
3(611 1506 629)
3(1826 1844 2721)
3(492 1381 487)
3(1707 1702 2596)
3(716 1146 1065)
3(1931 2280 2361)
3(893 1464 1164)
3(2108 2379 2679)
3(875 927 872)
3(2090 2087 2142)
3(710 1154 1064)
3(1925 2279 2369)
3(115 742 116)
3(161 162 1957)
3(736 1133 839)
3(1951 2054 2348)
3(335 365 343)
3(1550 1558 1580)
3(333 335 332)
3(1548 1547 1550)
3(393 1119 414)
3(1608 1629 2334)
3(929 1124 533)
3(2144 1748 2339)
3(774 1432 1142)
3(1989 2357 2647)
3(568 827 586)
3(1783 1801 2042)
3(621 1326 626)
3(1836 1841 2541)
3(331 332 330)
3(1546 1545 1547)
3(743 1304 475)
3(1958 1690 2519)
3(624 1215 618)
3(1839 1833 2430)
3(634 1343 636)
3(1849 1851 2558)
3(591 1346 589)
3(1806 1804 2561)
3(632 1419 633)
3(1847 1848 2634)
3(625 1326 621)
3(1840 1836 2541)
3(364 1221 715)
3(1579 1930 2436)
3(550 746 549)
3(1765 1764 1961)
3(311 976 810)
3(1526 2025 2191)
3(790 1191 1055)
3(2005 2270 2406)
3(328 330 327)
3(1543 1542 1545)
3(989 1149 987)
3(2204 2202 2364)
3(880 1342 926)
3(2095 2141 2557)
3(912 1518 910)
3(2127 2125 2733)
3(524 901 898)
3(1739 2113 2116)
3(522 1261 1108)
3(1737 2323 2476)
3(1090 1428 1247)
3(2305 2462 2643)
3(368 1204 341)
3(1583 1556 2419)
3(365 549 343)
3(1580 1558 1764)
3(345 370 347)
3(1560 1562 1585)
3(763 792 108)
3(1978 301 2007)
3(1362 1495 307)
3(2577 1522 2710)
3(1270 1353 713)
3(2485 1928 2568)
3(612 1188 609)
3(1827 1824 2403)
3(1334 1468 642)
3(2549 1857 2683)
3(549 1377 343)
3(1764 1558 2592)
3(915 1125 917)
3(2130 2132 2340)
3(946 1427 944)
3(2161 2159 2642)
3(637 1402 643)
3(1852 1858 2617)
3(954 1147 965)
3(2169 2180 2362)
3(116 1338 314)
3(162 1529 2553)
3(653 1502 655)
3(1868 1870 2717)
3(816 1362 817)
3(2031 2032 2577)
3(902 1517 903)
3(2117 2118 2732)
3(329 1031 1024)
3(1544 2239 2246)
3(734 1210 743)
3(1949 1958 2425)
3(1259 1461 524)
3(2474 1739 2676)
3(1001 1137 795)
3(2216 2010 2352)
3(910 1286 908)
3(2125 2123 2501)
3(623 751 750)
3(1838 1965 1966)
3(810 977 311)
3(2025 1526 2192)
3(969 1151 942)
3(2184 2157 2366)
3(620 624 618)
3(1835 1833 1839)
3(601 1282 726)
3(1816 1941 2497)
3(997 1179 996)
3(2212 2211 2394)
3(763 793 792)
3(1978 2007 2008)
3(794 1313 1311)
3(2009 2526 2528)
3(741 1367 835)
3(1956 2050 2582)
3(1201 1327 917)
3(2416 2132 2542)
3(564 603 572)
3(1779 1787 1818)
3(104 1359 856)
3(297 2071 2574)
3(917 1327 1030)
3(2132 2245 2542)
3(305 1110 851)
3(1520 2066 2325)
3(985 1200 318)
3(2200 1533 2415)
3(341 372 339)
3(1556 1554 1587)
3(323 324 310)
3(1538 1525 1539)
3(77 978 640)
3(270 1855 2193)
3(325 1367 741)
3(1540 1956 2582)
3(10 826 825)
3(203 2040 2041)
3(635 1299 720)
3(1850 1935 2514)
3(715 1221 454)
3(1930 1669 2436)
3(1218 1309 1087)
3(2433 2302 2524)
3(566 827 568)
3(1781 1783 2042)
3(1164 1464 894)
3(2379 2109 2679)
3(326 327 325)
3(1541 1540 1542)
3(580 1487 578)
3(1795 1793 2702)
3(716 1157 1076)
3(1931 2291 2372)
3(425 1403 423)
3(1640 1638 2618)
3(733 1460 1026)
3(1948 2241 2675)
3(804 1374 807)
3(2019 2022 2589)
3(791 800 372)
3(2006 1587 2015)
3(655 1502 724)
3(1870 1939 2717)
3(919 1051 1049)
3(2134 2264 2266)
3(624 1434 813)
3(1839 2028 2649)
3(524 1454 1124)
3(1739 2339 2669)
3(401 472 376)
3(1616 1591 1687)
3(801 1499 802)
3(2016 2017 2714)
3(417 1440 412)
3(1632 1627 2655)
3(1021 1434 814)
3(2236 2029 2649)
3(906 1361 904)
3(2121 2119 2576)
3(699 747 337)
3(1914 1552 1962)
3(465 1316 434)
3(1680 1649 2531)
3(714 1295 1059)
3(1929 2274 2510)
3(599 1424 575)
3(1814 1790 2639)
3(636 1402 637)
3(1851 1852 2617)
3(845 849 848)
3(2060 2063 2064)
3(1059 1294 714)
3(2274 1929 2509)
3(493 1101 927)
3(1708 2142 2316)
3(673 1510 666)
3(1888 1881 2725)
3(676 1194 679)
3(1891 1894 2409)
3(926 1342 379)
3(2141 1594 2557)
3(633 1343 634)
3(1848 1849 2558)
3(1297 1427 946)
3(2512 2161 2642)
3(741 835 742)
3(1956 1957 2050)
3(830 845 844)
3(2045 2059 2060)
3(743 1210 711)
3(1958 1926 2425)
3(483 1430 480)
3(1698 1695 2645)
3(485 487 486)
3(1700 1701 1702)
3(647 1396 648)
3(1862 1863 2611)
3(1065 1154 716)
3(2280 1931 2369)
3(642 1419 1334)
3(1857 2549 2634)
3(1207 1323 548)
3(2422 1763 2538)
3(1020 1029 1022)
3(2235 2237 2244)
3(775 972 316)
3(1990 1531 2187)
3(923 1258 881)
3(2138 2096 2473)
3(1039 1286 1285)
3(2254 2500 2501)
3(1091 1092 471)
3(2306 1686 2307)
3(579 599 575)
3(1794 1790 1814)
3(932 1501 931)
3(2147 2146 2716)
3(324 326 325)
3(1539 1540 1541)
3(604 610 609)
3(1819 1824 1825)
3(935 986 873)
3(2150 2088 2201)
3(10 825 11)
3(203 204 2040)
3(662 675 663)
3(1877 1878 1890)
3(333 1260 335)
3(1548 1550 2475)
3(735 1332 580)
3(1950 1795 2547)
3(1310 1495 779)
3(2525 1994 2710)
3(827 974 628)
3(2042 1843 2189)
3(339 699 337)
3(1554 1552 1914)
3(1020 1022 1021)
3(2235 2236 2237)
3(1022 1029 329)
3(2237 1544 2244)
3(105 856 478)
3(298 1693 2071)
3(1217 1405 749)
3(2432 1964 2620)
3(617 695 625)
3(1832 1840 1910)
3(113 323 310)
3(159 1525 1538)
3(15 933 16)
3(208 209 2148)
3(931 1501 1017)
3(2146 2232 2716)
3(551 1260 747)
3(1766 1962 2475)
3(674 1499 801)
3(1889 2016 2714)
3(1285 1286 916)
3(2500 2131 2501)
3(440 1470 1306)
3(1655 2521 2685)
3(645 1480 646)
3(1860 1861 2695)
3(892 1229 896)
3(2107 2111 2444)
3(579 1331 600)
3(1794 1815 2546)
3(426 1403 425)
3(1641 1640 2618)
3(760 1378 757)
3(1975 1972 2593)
3(804 807 805)
3(2019 2020 2022)
3(349 1356 1353)
3(1564 2568 2571)
3(311 978 76)
3(1526 269 2193)
3(1247 1428 672)
3(2462 1887 2643)
3(1165 1166 1080)
3(2380 2295 2381)
3(548 1324 384)
3(1763 1599 2539)
3(919 1125 915)
3(2134 2130 2340)
3(651 1493 653)
3(1866 1868 2708)
3(343 1377 345)
3(1558 1560 2592)
3(955 1105 949)
3(2170 2164 2320)
3(1246 1471 909)
3(2461 2124 2686)
3(372 699 339)
3(1587 1554 1914)
3(1351 1353 1270)
3(2566 2485 2568)
3(569 821 820)
3(1784 2035 2036)
3(1091 1272 1092)
3(2306 2307 2487)
3(780 1303 528)
3(1995 1743 2518)
3(403 548 388)
3(1618 1603 1763)
3(530 1281 1213)
3(1745 2428 2496)
3(965 1147 967)
3(2180 2182 2362)
3(573 575 559)
3(1788 1774 1790)
3(894 1242 1164)
3(2109 2379 2457)
3(609 1189 611)
3(1824 1826 2404)
3(623 750 620)
3(1838 1835 1965)
3(475 1304 526)
3(1690 1741 2519)
3(989 1096 1070)
3(2204 2285 2311)
3(475 526 473)
3(1690 1688 1741)
3(610 613 612)
3(1825 1827 1828)
3(560 1141 569)
3(1775 1784 2356)
3(1118 1155 701)
3(2333 1916 2370)
3(627 1443 639)
3(1842 1854 2658)
3(673 1446 674)
3(1888 1889 2661)
3(324 1116 776)
3(1539 1991 2331)
3(781 1436 152)
3(1996 198 2651)
3(837 838 304)
3(2052 1519 2053)
3(523 1405 1217)
3(1738 2432 2620)
3(803 1276 638)
3(2018 1853 2491)
3(147 837 304)
3(193 1519 2052)
3(674 1446 977)
3(1889 2192 2661)
3(572 974 566)
3(1787 1781 2189)
3(613 618 617)
3(1828 1832 1833)
3(646 1480 647)
3(1861 1862 2695)
3(812 1128 319)
3(2027 1534 2343)
3(60 1199 61)
3(253 254 2414)
3(808 988 987)
3(2023 2202 2203)
3(620 750 624)
3(1835 1839 1965)
3(948 1098 946)
3(2163 2161 2313)
3(849 1196 848)
3(2064 2063 2411)
3(575 1424 559)
3(1790 1774 2639)
3(918 919 915)
3(2133 2130 2134)
3(106 853 107)
3(299 300 2068)
3(994 1041 997)
3(2209 2212 2256)
3(701 1155 1073)
3(1916 2288 2370)
3(653 655 654)
3(1868 1869 1870)
3(1023 1318 813)
3(2238 2028 2533)
3(560 562 561)
3(1775 1776 1777)
3(316 1144 775)
3(1531 1990 2359)
3(926 935 878)
3(2141 2093 2150)
3(639 1451 691)
3(1854 1906 2666)
3(486 1486 485)
3(1701 1700 2701)
3(997 1279 1179)
3(2212 2394 2494)
3(767 1469 1198)
3(1982 2413 2684)
3(943 1491 942)
3(2158 2157 2706)
3(719 1166 1165)
3(1934 2380 2381)
3(304 1131 984)
3(1519 2199 2346)
3(602 1224 438)
3(1817 1653 2439)
3(324 325 310)
3(1539 1525 1540)
3(532 1258 923)
3(1747 2138 2473)
3(999 1342 897)
3(2214 2112 2557)
3(503 1431 497)
3(1718 1712 2646)
3(438 1224 545)
3(1653 1760 2439)
3(478 853 106)
3(1693 299 2068)
3(898 1422 524)
3(2113 1739 2637)
3(1099 1253 696)
3(2314 1911 2468)
3(1331 1487 581)
3(2546 1796 2702)
3(551 552 550)
3(1766 1765 1767)
3(470 783 547)
3(1685 1762 1998)
3(336 337 333)
3(1551 1548 1552)
3(754 1444 751)
3(1969 1966 2659)
3(666 1446 673)
3(1881 1888 2661)
3(691 1410 639)
3(1906 1854 2625)
3(422 1488 417)
3(1637 1632 2703)
3(483 485 484)
3(1698 1699 1700)
3(373 1351 721)
3(1588 1936 2566)
3(808 1241 988)
3(2023 2203 2456)
3(923 925 532)
3(2138 1747 2140)
3(576 1449 1182)
3(1791 2397 2664)
3(750 1325 782)
3(1965 1997 2540)
3(639 1510 627)
3(1854 1842 2725)
3(1264 1277 1271)
3(2479 2486 2492)
3(577 578 575)
3(1792 1790 1793)
3(389 390 388)
3(1604 1603 1605)
3(736 1395 400)
3(1951 1615 2610)
3(1014 1128 812)
3(2229 2027 2343)
3(495 1418 492)
3(1710 1707 2633)
3(927 1042 493)
3(2142 1708 2257)
3(1259 1422 891)
3(2474 2106 2637)
3(422 425 423)
3(1637 1638 1640)
3(1145 1490 710)
3(2360 1925 2705)
3(945 946 944)
3(2160 2159 2161)
3(1208 1275 832)
3(2423 2047 2490)
3(305 851 850)
3(1520 2065 2066)
3(335 343 342)
3(1550 1557 1558)
3(16 933 493)
3(209 1708 2148)
3(545 1475 438)
3(1760 1653 2690)
3(611 1341 630)
3(1826 1845 2556)
3(485 1486 484)
3(1700 1699 2701)
3(941 943 942)
3(2156 2157 2158)
3(603 720 604)
3(1818 1819 1935)
3(730 1199 60)
3(1945 253 2414)
3(844 846 545)
3(2059 1760 2061)
3(1132 1433 320)
3(2347 1535 2648)
3(1188 1189 609)
3(2403 1824 2404)
3(776 1116 778)
3(1991 1993 2331)
3(1180 1405 523)
3(2395 1738 2620)
3(479 480 476)
3(1694 1691 1695)
3(875 1205 927)
3(2090 2142 2420)
3(525 930 922)
3(1740 2137 2145)
3(589 830 725)
3(1804 1940 2045)
3(996 1179 755)
3(2211 1970 2394)
3(961 1307 0)
3(2176 9 2522)
3(455 1417 467)
3(1670 1682 2632)
3(949 1105 825)
3(2164 2040 2320)
3(631 1419 632)
3(1846 1847 2634)
3(322 1130 938)
3(1537 2153 2345)
3(1143 1369 727)
3(2358 1942 2584)
3(722 1123 1122)
3(1937 2337 2338)
3(927 1101 872)
3(2142 2087 2316)
3(983 1389 768)
3(2198 1983 2604)
3(497 1431 496)
3(1712 1711 2646)
3(488 1226 1164)
3(1703 2379 2441)
3(305 850 120)
3(1520 166 2065)
3(719 1165 1076)
3(1934 2291 2380)
3(496 1418 495)
3(1711 1710 2633)
3(672 1428 1060)
3(1887 2275 2643)
3(506 1494 505)
3(1721 1720 2709)
3(814 1202 1019)
3(2029 2234 2417)
3(310 741 114)
3(1525 160 1956)
3(403 1207 548)
3(1618 1763 2422)
3(718 978 977)
3(1933 2192 2193)
3(387 388 384)
3(1602 1599 1603)
3(343 345 344)
3(1558 1559 1560)
3(858 1359 752)
3(2073 1967 2574)
3(648 1396 649)
3(1863 1864 2611)
3(320 1433 1116)
3(1535 2331 2648)
3(955 1150 1103)
3(2170 2318 2365)
3(643 644 637)
3(1858 1852 1859)
3(721 842 373)
3(1936 1588 2057)
3(890 1464 886)
3(2105 2101 2679)
3(524 1422 1259)
3(1739 2474 2637)
3(430 1401 1002)
3(1645 2217 2616)
3(696 1515 695)
3(1911 1910 2730)
3(920 1286 1039)
3(2135 2254 2501)
3(697 1415 695)
3(1912 1910 2630)
3(728 1507 1440)
3(1943 2655 2722)
3(746 1190 549)
3(1961 1764 2405)
3(626 1443 627)
3(1841 1842 2658)
3(1090 1247 668)
3(2305 1883 2462)
3(852 1417 455)
3(2067 1670 2632)
3(751 1444 998)
3(1966 2213 2659)
3(630 843 638)
3(1845 1853 2058)
3(908 1286 920)
3(2123 2135 2501)
3(924 1517 1361)
3(2139 2576 2732)
3(116 314 117)
3(162 163 1529)
3(855 1315 854)
3(2070 2069 2530)
3(839 1133 409)
3(2054 1624 2348)
3(377 378 376)
3(1592 1591 1593)
3(865 868 494)
3(2080 1709 2083)
3(0 1345 961)
3(9 2176 2560)
3(636 637 634)
3(1851 1849 1852)
3(378 1291 401)
3(1593 1616 2506)
3(113 310 114)
3(159 160 1525)
3(153 309 154)
3(199 200 1524)
3(752 1280 858)
3(1967 2073 2495)
3(127 307 128)
3(173 174 1522)
3(130 308 131)
3(176 177 1523)
3(794 1311 793)
3(2009 2008 2526)
3(1175 1269 1176)
3(2390 2391 2484)
3(1255 1352 758)
3(2470 1973 2567)
3(921 1361 906)
3(2136 2121 2576)
3(832 1275 728)
3(2047 1943 2490)
3(150 312 151)
3(196 197 1527)
3(882 1195 897)
3(2097 2112 2410)
3(507 1494 506)
3(1722 1721 2709)
3(559 1424 560)
3(1774 1775 2639)
3(465 1366 748)
3(1680 1963 2581)
3(345 347 346)
3(1560 1561 1562)
3(938 1200 459)
3(2153 1674 2415)
3(772 1432 765)
3(1987 1980 2647)
3(611 629 628)
3(1826 1843 1844)
3(331 336 333)
3(1546 1548 1551)
3(365 551 550)
3(1580 1765 1766)
3(726 1350 601)
3(1941 1816 2565)
3(755 998 996)
3(1970 2211 2213)
3(326 397 328)
3(1541 1543 1612)
3(660 1238 1237)
3(1875 2452 2453)
3(977 1499 674)
3(2192 1889 2714)
3(375 376 368)
3(1590 1583 1591)
3(988 989 987)
3(2203 2202 2204)
3(765 1425 764)
3(1980 1979 2640)
3(423 1488 422)
3(1638 1637 2703)
3(964 1298 965)
3(2179 2180 2513)
3(731 1460 596)
3(1946 1811 2675)
3(633 634 632)
3(1848 1847 1849)
3(864 865 494)
3(2079 1709 2080)
3(108 792 109)
3(301 302 2007)
3(397 1172 328)
3(1612 1543 2387)
3(911 1471 922)
3(2126 2137 2686)
3(662 1458 675)
3(1877 1890 2673)
3(75 976 311)
3(268 1526 2191)
3(696 1250 1099)
3(1911 2314 2465)
3(477 743 475)
3(1692 1690 1958)
3(802 810 806)
3(2017 2021 2025)
3(786 1153 811)
3(2001 2026 2368)
3(855 1505 1315)
3(2070 2530 2720)
3(494 933 15)
3(1709 208 2148)
3(589 1346 830)
3(1804 2045 2561)
3(764 1425 762)
3(1979 1977 2640)
3(649 1493 651)
3(1864 1866 2708)
3(886 1464 893)
3(2101 2108 2679)
3(119 860 305)
3(165 1520 2075)
3(1212 1213 491)
3(2427 1706 2428)
3(338 339 337)
3(1553 1552 1554)
3(459 1453 939)
3(1674 2154 2668)
3(147 304 148)
3(193 194 1519)
3(595 596 580)
3(1810 1795 1811)
3(560 561 555)
3(1775 1770 1776)
3(1237 1293 660)
3(2452 1875 2508)
3(473 791 472)
3(1688 1687 2006)
3(1164 1226 895)
3(2379 2110 2441)
3(681 684 683)
3(1896 1898 1899)
3(562 564 563)
3(1777 1778 1779)
3(645 646 644)
3(1860 1859 1861)
3(810 1499 977)
3(2025 2192 2714)
3(412 1440 392)
3(1627 1607 2655)
3(904 1517 902)
3(2119 2117 2732)
3(309 840 154)
3(1524 200 2055)
3(1006 1119 394)
3(2221 1609 2334)
3(917 1030 914)
3(2132 2129 2245)
3(905 906 904)
3(2120 2119 2121)
3(874 875 872)
3(2089 2087 2090)
3(478 856 855)
3(1693 2070 2071)
3(774 1137 1001)
3(1989 2216 2352)
3(672 1402 1247)
3(1887 2462 2617)
3(944 1427 969)
3(2159 2184 2642)
3(679 681 680)
3(1894 1895 1896)
3(876 878 875)
3(2091 2090 2093)
3(424 1312 417)
3(1639 1632 2527)
3(942 1151 1142)
3(2157 2357 2366)
3(369 1123 396)
3(1584 1611 2338)
3(412 422 417)
3(1627 1632 1637)
3(467 1310 779)
3(1682 1994 2525)
3(1120 1228 964)
3(2335 2179 2443)
3(1269 1508 398)
3(2484 1613 2723)
3(909 910 908)
3(2124 2123 2125)
3(351 373 353)
3(1566 1568 1588)
3(729 1177 975)
3(1944 2190 2392)
3(312 841 151)
3(1527 197 2056)
3(351 1353 373)
3(1566 1588 2568)
3(851 1173 463)
3(2066 1678 2388)
3(737 1173 851)
3(1952 2066 2388)
3(1295 1308 643)
3(2510 1858 2523)
3(307 1495 1310)
3(1522 2525 2710)
3(783 784 547)
3(1998 1762 1999)
3(431 438 426)
3(1646 1641 1653)
3(1024 1155 1118)
3(2239 2333 2370)
3(453 1006 470)
3(1668 1685 2221)
3(818 1379 536)
3(2033 1751 2594)
3(1076 1157 719)
3(2291 1934 2372)
3(130 852 308)
3(176 1523 2067)
3(414 1119 451)
3(1629 1666 2334)
3(320 1116 323)
3(1535 1538 2331)
3(119 305 120)
3(165 166 1520)
3(1113 1243 410)
3(2328 1625 2458)
3(430 1403 861)
3(1645 2076 2618)
3(732 1460 731)
3(1947 1946 2675)
3(662 663 657)
3(1877 1872 1878)
3(835 836 742)
3(2050 1957 2051)
3(474 479 476)
3(1689 1691 1694)
3(804 805 803)
3(2019 2018 2020)
3(802 803 801)
3(2017 2016 2018)
3(107 853 763)
3(300 1978 2068)
3(1212 1347 1148)
3(2427 2363 2562)
3(694 1253 1251)
3(1909 2466 2468)
3(355 842 358)
3(1570 1573 2057)
3(475 1511 477)
3(1690 1692 2726)
3(315 837 146)
3(1530 192 2052)
3(320 323 112)
3(1535 158 1538)
3(1153 1230 1225)
3(2368 2440 2445)
3(911 912 910)
3(2126 2125 2127)
3(753 754 751)
3(1968 1966 1969)
3(11 825 822)
3(204 2037 2040)
3(674 801 673)
3(1889 1888 2016)
3(823 1105 1103)
3(2038 2318 2320)
3(773 1432 772)
3(1988 1987 2647)
3(907 908 906)
3(2122 2121 2123)
3(74 976 75)
3(267 268 2191)
3(1122 1123 399)
3(2337 1614 2338)
3(786 811 788)
3(2001 2003 2026)
3(626 627 621)
3(1841 1836 1842)
3(487 495 492)
3(1702 1707 1710)
3(761 1452 760)
3(1976 1975 2667)
3(380 381 378)
3(1595 1593 1596)
3(708 739 738)
3(1923 1953 1954)
3(845 847 846)
3(2060 2061 2062)
3(820 1158 569)
3(2035 1784 2373)
3(399 1123 369)
3(1614 1584 2338)
3(856 1359 858)
3(2071 2073 2574)
3(581 1330 936)
3(1796 2151 2545)
3(602 1350 1224)
3(1817 2439 2565)
3(749 1413 535)
3(1964 1750 2628)
3(763 794 793)
3(1978 2008 2009)
3(970 1026 951)
3(2185 2166 2241)
3(510 1408 509)
3(1725 1724 2623)
3(379 1342 999)
3(1594 2214 2557)
3(112 323 113)
3(158 159 1538)
3(638 843 801)
3(1853 2016 2058)
3(990 991 982)
3(2205 2197 2206)
3(745 1392 1126)
3(1960 2341 2607)
3(1118 1415 697)
3(2333 1912 2630)
3(879 880 878)
3(2094 2093 2095)
3(881 882 880)
3(2096 2095 2097)
3(810 976 806)
3(2025 2021 2191)
3(698 1502 1493)
3(1913 2708 2717)
3(813 1434 1021)
3(2028 2236 2649)
3(564 566 565)
3(1779 1780 1781)
3(1153 1306 811)
3(2368 2026 2521)
3(933 1101 493)
3(2148 1708 2316)
3(638 1482 630)
3(1853 1845 2697)
3(324 776 326)
3(1539 1541 1991)
3(1126 1392 1336)
3(2341 2551 2607)
3(762 1452 761)
3(1977 1976 2667)
3(724 1248 662)
3(1939 1877 2463)
3(121 850 316)
3(167 1531 2065)
3(862 1216 863)
3(2077 2078 2431)
3(883 884 882)
3(2098 2097 2099)
3(1224 1350 726)
3(2439 1941 2565)
3(520 815 534)
3(1735 1749 2030)
3(938 939 937)
3(2153 2152 2154)
3(807 808 805)
3(2022 2020 2023)
3(824 864 481)
3(2039 1696 2079)
3(993 1257 1111)
3(2208 2326 2472)
3(937 939 315)
3(2152 1530 2154)
3(766 1257 995)
3(1981 2210 2472)
3(885 1258 891)
3(2100 2106 2473)
3(720 1158 820)
3(1935 2035 2373)
3(984 1131 461)
3(2199 1676 2346)
3(822 1105 823)
3(2037 2038 2320)
3(910 1518 916)
3(2125 2131 2733)
3(509 1408 507)
3(1724 1722 2623)
3(11 822 12)
3(204 205 2037)
3(554 573 559)
3(1769 1774 1788)
3(544 1222 1163)
3(1759 2378 2437)
3(146 837 147)
3(192 193 2052)
3(409 1134 839)
3(1624 2054 2349)
3(145 937 315)
3(191 1530 2152)
3(387 389 388)
3(1602 1603 1604)
3(837 1219 838)
3(2052 2053 2434)
3(712 1305 800)
3(1927 2015 2520)
3(1022 1024 1023)
3(2237 2238 2239)
3(555 1288 553)
3(1770 1768 2503)
3(118 860 119)
3(164 165 2075)
3(860 1110 305)
3(2075 1520 2325)
3(330 862 428)
3(1545 1643 2077)
3(676 679 678)
3(1891 1893 1894)
3(862 863 428)
3(2077 1643 2078)
3(463 1134 457)
3(1678 1672 2349)
3(155 1055 156)
3(201 202 2270)
3(1227 1476 836)
3(2442 2051 2691)
3(871 872 869)
3(2086 2084 2087)
3(335 342 332)
3(1550 1547 1557)
3(944 1491 943)
3(2159 2158 2706)
3(658 1262 1196)
3(1873 2411 2477)
3(453 470 469)
3(1668 1684 1685)
3(1154 1489 716)
3(2369 1931 2704)
3(824 865 864)
3(2039 2079 2080)
3(756 757 754)
3(1971 1969 1972)
3(826 949 825)
3(2041 2040 2164)
3(536 1416 818)
3(1751 2033 2631)
3(1026 1460 1337)
3(2241 2552 2675)
3(897 1319 999)
3(2112 2214 2534)
3(120 850 121)
3(166 167 2065)
3(924 1361 934)
3(2139 2149 2576)
3(578 595 580)
3(1793 1795 1810)
3(390 1507 403)
3(1605 1618 2722)
3(827 1236 586)
3(2042 1801 2451)
3(1142 1432 773)
3(2357 1988 2647)
3(463 1173 1134)
3(1678 2349 2388)
3(987 1149 642)
3(2202 1857 2364)
3(330 428 327)
3(1545 1542 1643)
3(470 547 546)
3(1685 1761 1762)
3(592 1239 552)
3(1807 1767 2454)
3(1031 1155 1024)
3(2246 2239 2370)
3(1302 1401 430)
3(2517 1645 2616)
3(1235 1236 827)
3(2450 2042 2451)
3(504 1461 503)
3(1719 1718 2676)
3(129 852 130)
3(175 176 2067)
3(381 1322 378)
3(1596 1593 2537)
3(928 1376 382)
3(2143 1597 2591)
3(1263 1264 652)
3(2478 1867 2479)
3(1195 1411 1319)
3(2410 2534 2626)
3(885 886 884)
3(2100 2099 2101)
3(463 1438 851)
3(1678 2066 2653)
3(304 984 148)
3(1519 194 2199)
3(151 841 152)
3(197 198 2056)
3(973 1386 535)
3(2188 1750 2601)
3(505 1461 504)
3(1720 1719 2676)
3(975 1177 306)
3(2190 1521 2392)
3(988 1187 989)
3(2203 2204 2402)
3(989 1187 1096)
3(2204 2311 2402)
3(759 990 982)
3(1974 2197 2205)
3(722 1040 429)
3(1937 1644 2255)
3(145 315 146)
3(191 192 1530)
3(457 1129 420)
3(1672 1635 2344)
3(994 997 996)
3(2209 2211 2212)
3(1069 1097 668)
3(2284 1883 2312)
3(898 899 890)
3(2113 2105 2114)
3(992 1041 994)
3(2207 2209 2256)
3(868 933 494)
3(2083 1709 2148)
3(840 1055 155)
3(2055 201 2270)
3(894 1328 931)
3(2109 2146 2543)
3(889 890 886)
3(2104 2101 2105)
3(660 1459 1238)
3(1875 2453 2674)
3(341 1204 372)
3(1556 1587 2419)
3(534 1301 780)
3(1749 1995 2516)
3(340 341 339)
3(1555 1554 1556)
3(322 938 937)
3(1537 2152 2153)
3(317 975 137)
3(1532 183 2190)
3(1077 1241 807)
3(2292 2022 2456)
3(777 828 397)
3(1992 1612 2043)
3(408 722 429)
3(1623 1644 1937)
3(140 985 318)
3(186 1533 2200)
3(347 1184 349)
3(1562 1564 2399)
3(901 902 899)
3(2116 2114 2117)
3(1004 1041 992)
3(2219 2207 2256)
3(121 316 122)
3(167 168 1531)
3(123 972 319)
3(169 1534 2187)
3(470 1435 783)
3(1685 1998 2650)
3(856 857 855)
3(2071 2070 2072)
3(365 1260 551)
3(1580 1766 2475)
3(482 1323 527)
3(1697 1742 2538)
3(1106 1474 309)
3(2321 1524 2689)
3(1194 1336 679)
3(2409 1894 2551)
3(939 1453 1219)
3(2154 2434 2668)
3(370 1209 1184)
3(1585 2399 2424)
3(481 864 13)
3(1696 206 2079)
3(759 982 981)
3(1974 2196 2197)
3(718 1446 1135)
3(1933 2350 2661)
3(1189 1341 611)
3(2404 1826 2556)
3(867 868 865)
3(2082 2080 2083)
3(482 483 480)
3(1697 1695 1698)
3(383 384 381)
3(1598 1596 1599)
3(1274 1384 968)
3(2489 2183 2599)
3(1192 1503 700)
3(2407 1915 2718)
3(653 654 651)
3(1868 1866 1869)
3(316 972 122)
3(1531 168 2187)
3(779 1495 859)
3(1994 2074 2710)
3(1122 1355 722)
3(2337 1937 2570)
3(1378 1469 767)
3(2593 1982 2684)
3(991 1111 982)
3(2206 2197 2326)
3(424 1488 1373)
3(1639 2588 2703)
3(759 981 979)
3(1974 2194 2196)
3(977 978 311)
3(2192 1526 2193)
3(111 320 112)
3(157 158 1535)
3(125 321 126)
3(171 172 1536)
3(322 937 144)
3(1537 190 2152)
3(903 1371 932)
3(2118 2147 2586)
3(417 1488 424)
3(1632 1639 2703)
3(939 1219 315)
3(2154 1530 2434)
3(154 840 155)
3(200 201 2055)
3(144 937 145)
3(190 191 2152)
3(441 465 434)
3(1656 1649 1680)
3(763 853 794)
3(1978 2009 2068)
3(691 1086 1057)
3(1906 2272 2301)
3(138 975 306)
3(184 1521 2190)
3(343 344 342)
3(1558 1557 1559)
3(306 985 139)
3(1521 185 2200)
3(138 306 139)
3(184 185 1521)
3(331 1172 336)
3(1546 1551 2387)
3(623 1233 753)
3(1838 1968 2448)
3(859 1168 779)
3(2074 1994 2383)
3(1139 1502 698)
3(2354 1913 2717)
3(631 632 629)
3(1846 1844 1847)
3(825 1105 822)
3(2040 2037 2320)
3(551 592 552)
3(1766 1767 1807)
3(1250 1415 701)
3(2465 1916 2630)
3(342 862 332)
3(1557 1547 2077)
3(14 864 494)
3(207 1709 2079)
3(873 986 19)
3(2088 212 2201)
3(372 1445 699)
3(1587 1914 2660)
3(619 620 618)
3(1834 1833 1835)
3(682 1426 1349)
3(1897 2564 2641)
3(136 1014 317)
3(182 1532 2229)
3(524 1461 1454)
3(1739 2669 2676)
3(1019 1025 616)
3(2234 1831 2240)
3(718 1320 978)
3(1933 2193 2535)
3(826 952 949)
3(2041 2164 2167)
3(361 1091 363)
3(1576 1578 2306)
3(1241 1513 988)
3(2456 2203 2728)
3(334 1004 992)
3(1549 2207 2219)
3(965 1298 954)
3(2180 2169 2513)
3(361 1272 1091)
3(1576 2306 2487)
3(712 1304 711)
3(1927 1926 2519)
3(349 1353 351)
3(1564 1566 2568)
3(136 317 137)
3(182 183 1532)
3(850 1438 316)
3(2065 1531 2653)
3(1310 1417 129)
3(2525 175 2632)
3(694 1326 1253)
3(1909 2468 2541)
3(140 318 141)
3(186 187 1533)
3(1018 1029 1020)
3(2233 2235 2244)
3(979 980 752)
3(2194 1967 2195)
3(896 1437 884)
3(2111 2099 2652)
3(811 859 788)
3(2026 2003 2074)
3(375 377 376)
3(1590 1591 1592)
3(616 1025 1015)
3(1831 2230 2240)
3(370 1184 347)
3(1585 1562 2399)
3(1163 1222 314)
3(2378 1529 2437)
3(137 975 138)
3(183 184 2190)
3(1015 1025 1009)
3(2230 2224 2240)
3(139 985 140)
3(185 186 2200)
3(135 1014 136)
3(181 182 2229)
3(856 858 857)
3(2071 2072 2073)
3(372 1204 791)
3(1587 2006 2419)
3(148 984 149)
3(194 195 2199)
3(999 1003 22)
3(2214 215 2218)
3(19 986 20)
3(212 213 2201)
3(569 1141 821)
3(1784 2036 2356)
3(122 972 123)
3(168 169 2187)
3(149 1398 1136)
3(195 2351 2613)
3(853 854 794)
3(2068 2009 2069)
3(528 1496 519)
3(1743 1734 2711)
3(457 1134 1129)
3(1672 2344 2349)
3(143 322 144)
3(189 190 1537)
3(614 1015 1009)
3(1829 2224 2230)
3(826 957 952)
3(2041 2167 2172)
3(22 1003 23)
3(215 216 2218)
3(334 991 990)
3(1549 2205 2206)
3(401 1406 474)
3(1616 1689 2621)
3(1295 1402 672)
3(2510 1887 2617)
3(325 741 310)
3(1540 1525 1956)
3(979 981 980)
3(2194 2195 2196)
3(629 1506 631)
3(1844 1846 2721)
3(123 319 124)
3(169 170 1534)
3(493 1042 17)
3(1708 210 2257)
3(1094 1245 665)
3(2309 1880 2460)
3(957 959 952)
3(2172 2167 2174)
3(334 992 991)
3(1549 2206 2207)
3(308 1344 1268)
3(1523 2483 2559)
3(397 1465 1172)
3(1612 2387 2680)
3(27 1016 28)
3(220 221 2231)
3(91 1018 92)
3(284 285 2233)
3(514 1472 510)
3(1729 1725 2687)
3(615 1041 1004)
3(1830 2219 2256)
3(957 960 959)
3(2172 2174 2175)
3(450 457 420)
3(1665 1635 1672)
3(957 961 960)
3(2172 2175 2176)
3(961 962 960)
3(2176 2175 2177)
3(961 963 962)
3(2176 2177 2178)
3(29 1028 30)
3(222 223 2243)
3(396 1123 408)
3(1611 1623 2338)
3(336 338 337)
3(1551 1552 1553)
3(614 1009 1008)
3(1829 2223 2224)
3(812 1375 1014)
3(2027 2229 2590)
3(1047 1085 1046)
3(2262 2261 2300)
3(699 1348 747)
3(1914 1962 2563)
3(18 1042 873)
3(211 2088 2257)
3(102 979 752)
3(295 1967 2194)
3(896 1411 1195)
3(2111 2410 2626)
3(1059 1060 1058)
3(2274 2273 2275)
3(84 1035 85)
3(277 278 2250)
3(557 1034 1033)
3(1772 2248 2249)
3(614 1008 1007)
3(1829 2222 2223)
3(345 346 344)
3(1560 1559 1561)
3(35 1038 36)
3(228 229 2253)
3(560 1424 1141)
3(1775 2356 2639)
3(1018 1020 1019)
3(2233 2234 2235)
3(1044 1046 1045)
3(2259 2260 2261)
3(823 824 481)
3(2038 1696 2039)
3(1049 1050 501)
3(2264 1716 2265)
3(462 463 457)
3(1677 1672 1678)
3(1060 1061 588)
3(2275 1803 2276)
3(488 1016 27)
3(1703 220 2231)
3(1064 1065 313)
3(2279 1528 2280)
3(1006 1435 470)
3(2221 1685 2650)
3(1067 1068 371)
3(2282 1586 2283)
3(1063 1064 1062)
3(2278 2277 2279)
3(81 1044 82)
3(274 275 2259)
3(1044 1047 1046)
3(2259 2261 2262)
3(382 1100 934)
3(1597 2149 2315)
3(317 1375 1000)
3(1532 2215 2590)
3(1033 1073 1032)
3(2248 2247 2288)
3(579 1487 1331)
3(1794 2546 2702)
3(91 1029 1018)
3(284 2233 2244)
3(40 1048 41)
3(233 234 2263)
3(759 979 101)
3(1974 294 2194)
3(795 796 574)
3(2010 1789 2011)
3(62 1058 63)
3(255 256 2273)
3(109 574 110)
3(302 303 1789)
3(44 1062 45)
3(237 238 2277)
3(65 1066 66)
3(258 259 2281)
3(48 1075 49)
3(241 242 2290)
3(69 1078 70)
3(262 263 2293)
3(943 945 944)
3(2158 2159 2160)
3(693 730 60)
3(1908 253 1945)
3(490 1028 29)
3(1705 222 2243)
3(100 990 759)
3(293 1974 2205)
3(1035 1043 1036)
3(2250 2251 2258)
3(665 1284 1095)
3(1880 2310 2499)
3(684 1512 685)
3(1899 1900 2727)
3(309 1333 1106)
3(1524 2321 2548)
3(692 693 60)
3(1907 253 1908)
3(379 999 21)
3(1594 214 2214)
3(334 990 99)
3(1549 292 2205)
3(1032 1073 570)
3(2247 1785 2288)
3(1035 1036 1034)
3(2250 2249 2251)
3(557 1033 1032)
3(1772 2247 2248)
3(500 1039 1038)
3(1715 2253 2254)
3(1371 1483 1466)
3(2586 2681 2698)
3(98 1004 334)
3(291 1549 2219)
3(1043 1088 1036)
3(2258 2251 2303)
3(1016 1017 490)
3(2231 1705 2232)
3(1018 1019 616)
3(2233 1831 2234)
3(1057 1086 1056)
3(2272 2271 2301)
3(948 1228 1098)
3(2163 2313 2443)
3(518 1479 515)
3(1733 1730 2694)
3(486 1381 1347)
3(1701 2562 2596)
3(615 1004 97)
3(1830 290 2219)
3(1044 1045 556)
3(2259 1771 2260)
3(1053 1054 664)
3(2268 1879 2269)
3(822 823 481)
3(2037 1696 2038)
3(128 1310 129)
3(174 175 2525)
3(58 1053 59)
3(251 252 2268)
3(50 1079 51)
3(243 244 2294)
3(71 1077 72)
3(264 265 2292)
3(70 606 71)
3(263 264 1821)
3(49 511 50)
3(242 243 1726)
3(51 513 52)
3(244 245 1728)
3(68 608 69)
3(261 262 1823)
3(72 607 73)
3(265 266 1822)
3(47 512 48)
3(240 241 1727)
3(67 1084 68)
3(260 261 2299)
3(52 1074 53)
3(245 246 2289)
3(46 1083 47)
3(239 240 2298)
3(53 418 54)
3(246 247 1633)
3(66 371 67)
3(259 260 1586)
3(45 313 46)
3(238 239 1528)
3(54 1072 55)
3(247 248 2287)
3(75 311 76)
3(268 269 1526)
3(64 1082 65)
3(257 258 2297)
3(55 682 56)
3(248 249 1897)
3(43 709 44)
3(236 237 1924)
3(63 588 64)
3(256 257 1803)
3(77 640 78)
3(270 271 1855)
3(42 1081 43)
3(235 236 2296)
3(57 516 58)
3(250 251 1731)
3(78 1056 79)
3(271 272 2271)
3(41 501 42)
3(234 235 1716)
3(79 558 80)
3(272 273 1773)
3(80 1047 81)
3(273 274 2262)
3(39 498 40)
3(232 233 1713)
3(82 556 83)
3(275 276 1771)
3(61 587 62)
3(254 255 1802)
3(83 1043 84)
3(276 277 2258)
3(36 499 37)
3(229 230 1714)
3(85 557 86)
3(278 279 1772)
3(34 500 35)
3(227 228 1715)
3(86 1032 87)
3(279 280 2247)
3(87 570 88)
3(280 281 1785)
3(32 382 33)
3(225 226 1597)
3(88 1031 89)
3(281 282 2246)
3(89 329 90)
3(282 283 1544)
3(30 900 31)
3(223 224 2115)
3(90 1029 91)
3(283 284 2244)
3(28 490 29)
3(221 222 1705)
3(59 664 60)
3(252 253 1879)
3(92 616 93)
3(285 286 1831)
3(93 1015 94)
3(286 287 2230)
3(26 488 27)
3(219 220 1703)
3(94 614 95)
3(287 288 1829)
3(95 1007 96)
3(288 289 2222)
3(24 1005 25)
3(217 218 2220)
3(96 615 97)
3(289 290 1830)
3(23 489 24)
3(216 217 1704)
3(97 1004 98)
3(290 291 2219)
3(98 334 99)
3(291 292 1549)
3(21 999 22)
3(214 215 2214)
3(99 990 100)
3(292 293 2205)
3(20 379 21)
3(213 214 1594)
3(100 759 101)
3(293 294 1974)
3(101 979 102)
3(294 295 2194)
3(18 873 19)
3(211 212 2088)
3(102 752 103)
3(295 296 1967)
3(17 1042 18)
3(210 211 2257)
3(16 493 17)
3(209 210 1708)
3(105 478 106)
3(298 299 1693)
3(14 494 15)
3(207 208 1709)
3(13 864 14)
3(206 207 2079)
3(107 763 108)
3(300 301 1978)
3(12 481 13)
3(205 206 1696)
3(1045 1088 556)
3(2260 1771 2303)
3(558 1086 1085)
3(1773 2300 2301)
3(1048 1049 501)
3(2263 1716 2264)
3(587 1059 1058)
3(1802 2273 2274)
3(489 1005 24)
3(1704 217 2220)
3(96 1007 615)
3(289 1830 2222)
3(800 1445 372)
3(2015 1587 2660)
3(640 1057 1056)
3(1855 2271 2272)
3(1058 1060 588)
3(2273 1803 2275)
3(709 1063 1062)
3(1924 2277 2278)
3(1062 1064 313)
3(2277 1528 2279)
3(688 1492 689)
3(1903 1904 2707)
3(1066 1067 371)
3(2281 1586 2282)
3(512 1076 1075)
3(1727 2290 2291)
3(511 1080 1079)
3(1726 2294 2295)
3(614 1007 95)
3(1829 288 2222)
3(84 1043 1035)
3(277 2250 2258)
3(1014 1375 317)
3(2229 1532 2590)
3(500 1038 35)
3(1715 228 2253)
3(734 743 477)
3(1949 1692 1958)
3(622 623 620)
3(1837 1835 1838)
3(558 1085 1047)
3(1773 2262 2300)
3(94 1015 614)
3(287 1829 2230)
3(557 1035 1034)
3(1772 2249 2250)
3(36 1038 499)
3(229 1714 2253)
3(85 1035 557)
3(278 1772 2250)
3(30 1028 900)
3(223 2115 2243)
3(28 1016 490)
3(221 1705 2231)
3(664 692 60)
3(1879 253 1907)
3(92 1018 616)
3(285 1831 2233)
3(23 1003 489)
3(216 1704 2218)
3(20 986 379)
3(213 1594 2201)
3(616 1015 93)
3(1831 286 2230)
3(836 1476 1174)
3(2051 2389 2691)
3(12 822 481)
3(205 1696 2037)
3(82 1044 556)
3(275 1771 2259)
3(515 1472 514)
3(1730 1729 2687)
3(81 1047 1044)
3(274 2259 2262)
3(1061 1089 1082)
3(2276 2297 2304)
3(1082 1089 1066)
3(2297 2281 2304)
3(523 1479 1181)
3(1738 2396 2694)
3(498 1048 40)
3(1713 233 2263)
3(41 1048 501)
3(234 1716 2263)
3(587 1058 62)
3(1802 255 2273)
3(329 1029 90)
3(1544 283 2244)
3(63 1058 588)
3(256 1803 2273)
3(1017 1242 894)
3(2232 2109 2457)
3(1050 1081 501)
3(2265 1716 2296)
3(89 1031 329)
3(282 1544 2246)
3(1056 1086 558)
3(2271 1773 2301)
3(709 1062 44)
3(1924 237 2277)
3(65 1082 1066)
3(258 2281 2297)
3(45 1062 313)
3(238 1528 2277)
3(1041 1171 997)
3(2256 2212 2386)
3(66 1066 371)
3(259 1586 2281)
3(1061 1082 588)
3(2276 1803 2297)
3(570 1031 88)
3(1785 281 2246)
3(512 1075 48)
3(1727 241 2290)
3(608 1078 69)
3(1823 262 2293)
3(49 1075 511)
3(242 1726 2290)
3(70 1078 606)
3(263 1821 2293)
3(556 1088 1043)
3(1771 2258 2303)
3(1066 1089 1067)
3(2281 2282 2304)
3(1065 1083 313)
3(2280 1528 2298)
3(1068 1084 371)
3(2283 1586 2299)
3(87 1032 570)
3(280 1785 2247)
3(557 1032 86)
3(1772 279 2247)
3(556 1043 83)
3(1771 276 2258)
3(59 1053 664)
3(252 1879 2268)
3(792 795 574)
3(2007 1789 2010)
3(558 1047 80)
3(1773 273 2262)
3(79 1056 558)
3(272 1773 2271)
3(516 1053 58)
3(1731 251 2268)
3(501 1081 42)
3(1716 235 2296)
3(640 1056 78)
3(1855 271 2271)
3(43 1081 709)
3(236 1924 2296)
3(588 1082 64)
3(1803 257 2297)
3(363 1091 399)
3(1578 1614 2306)
3(55 1072 682)
3(248 1897 2287)
3(418 1072 54)
3(1633 247 2287)
3(313 1083 46)
3(1528 239 2298)
3(53 1074 418)
3(246 1633 2289)
3(371 1084 67)
3(1586 260 2299)
3(47 1083 512)
3(240 1727 2298)
3(68 1084 608)
3(261 1823 2299)
3(513 1074 52)
3(1728 245 2289)
3(72 1077 607)
3(265 1822 2292)
3(51 1079 513)
3(244 1728 2294)
3(606 1077 71)
3(1821 264 2292)
3(511 1079 50)
3(1726 243 2294)
3(429 1040 466)
3(1644 1681 2255)
3(841 1390 468)
3(2056 1683 2605)
3(503 1461 1259)
3(1718 2474 2676)
3(686 1503 687)
3(1901 1902 2718)
3(355 358 357)
3(1570 1572 1573)
3(709 1093 1063)
3(1924 2278 2308)
3(1182 1449 1183)
3(2397 2398 2664)
3(1187 1513 1078)
3(2402 2293 2728)
3(1095 1284 714)
3(2310 1929 2499)
3(1264 1265 652)
3(2479 1867 2480)
3(1008 1279 1171)
3(2223 2386 2494)
3(690 1484 703)
3(1905 1918 2699)
3(846 861 545)
3(2061 1760 2076)
3(567 1249 565)
3(1782 1780 2464)
3(545 1224 1223)
3(1760 2438 2439)
3(1451 1473 1167)
3(2666 2382 2688)
3(1050 1093 1081)
3(2265 2296 2308)
3(1081 1093 709)
3(2296 1924 2308)
3(706 1490 707)
3(1921 1922 2705)
3(1040 1355 448)
3(2255 1663 2570)
3(693 1094 730)
3(1908 1945 2309)
3(717 1492 1192)
3(1932 2407 2707)
3(1213 1337 732)
3(2428 1947 2552)
3(858 1197 857)
3(2073 2072 2412)
3(710 1490 1154)
3(1925 2369 2705)
3(519 1479 518)
3(1734 1733 2694)
3(984 1398 149)
3(2199 195 2613)
3(332 862 330)
3(1547 1545 2077)
3(687 1503 688)
3(1902 1903 2718)
3(347 348 346)
3(1562 1561 1563)
3(149 1136 150)
3(195 196 2351)
3(867 869 868)
3(2082 2083 2084)
3(919 1052 1051)
3(2134 2266 2267)
3(573 577 575)
3(1788 1790 1792)
3(611 628 605)
3(1826 1820 1843)
3(900 1100 31)
3(2115 224 2315)
3(695 1215 697)
3(1910 1912 2430)
3(1222 1363 118)
3(2437 164 2578)
3(32 1100 382)
3(225 1597 2315)
3(703 1484 704)
3(1918 1919 2699)
3(1068 1096 1084)
3(2283 2299 2311)
3(1084 1096 608)
3(2299 1823 2311)
3(685 1512 686)
3(1900 1901 2727)
3(823 1102 824)
3(2038 2039 2317)
3(328 1172 331)
3(1543 1546 2387)
3(735 1380 971)
3(1950 2186 2595)
3(543 1113 539)
3(1758 1754 2328)
3(728 1312 831)
3(1943 2046 2527)
3(109 792 574)
3(302 1789 2007)
3(1162 1416 1321)
3(2377 2536 2631)
3(689 1492 690)
3(1904 1905 2707)
3(323 1116 324)
3(1538 1539 2331)
3(1049 1462 919)
3(2264 2134 2677)
3(581 1487 1332)
3(1796 2547 2702)
3(1157 1484 719)
3(2372 1934 2699)
3(704 1489 705)
3(1919 1920 2704)
3(385 1306 1153)
3(1600 2368 2521)
3(795 1137 796)
3(2010 2011 2352)
3(134 1128 135)
3(180 181 2343)
3(441 471 465)
3(1656 1680 1686)
3(1244 1512 723)
3(2459 1938 2727)
3(31 1100 32)
3(224 225 2315)
3(578 1210 595)
3(1793 1810 2425)
3(1049 1051 1050)
3(2264 2265 2266)
3(562 563 561)
3(1777 1776 1778)
3(947 948 946)
3(2162 2161 2163)
3(150 1136 312)
3(196 1527 2351)
3(470 546 469)
3(1685 1684 1761)
3(877 1108 925)
3(2092 2140 2323)
3(717 1186 1080)
3(1932 2295 2401)
3(912 918 915)
3(2127 2130 2133)
3(707 1490 708)
3(1922 1923 2705)
3(110 1345 0)
3(303 9 2560)
3(627 1188 621)
3(1842 1836 2403)
3(1196 1263 658)
3(2411 1873 2478)
3(491 1281 484)
3(1706 1699 2496)
3(1147 1148 508)
3(2362 1723 2363)
3(1349 1426 834)
3(2564 2049 2641)
3(450 462 457)
3(1665 1672 1677)
3(818 1416 1161)
3(2033 2376 2631)
3(396 408 407)
3(1611 1622 1623)
3(500 1376 928)
3(1715 2143 2591)
3(141 1130 142)
3(187 188 2345)
3(1186 1192 1160)
3(2401 2375 2407)
3(893 1164 895)
3(2108 2110 2379)
3(345 1377 370)
3(1560 1585 2592)
3(981 983 980)
3(2196 2195 2198)
3(392 1507 390)
3(1607 1605 2722)
3(615 1171 1041)
3(1830 2256 2386)
3(362 1133 400)
3(1577 1615 2348)
3(1022 1023 1021)
3(2237 2236 2238)
3(1070 1096 1068)
3(2285 2283 2311)
3(842 1397 358)
3(2057 1573 2612)
3(566 568 567)
3(1781 1782 1783)
3(1008 1171 1007)
3(2223 2222 2386)
3(1061 1090 1089)
3(2276 2304 2305)
3(117 1222 118)
3(163 164 2437)
3(529 1496 528)
3(1744 1743 2711)
3(1174 1175 1115)
3(2389 2330 2390)
3(1181 1496 536)
3(2396 1751 2711)
3(708 1490 1145)
3(1923 2360 2705)
3(512 1146 1076)
3(1727 2291 2361)
3(824 866 865)
3(2039 2080 2081)
3(1045 1152 1088)
3(2260 2303 2367)
3(408 429 411)
3(1623 1626 1644)
3(606 1241 1077)
3(1821 2292 2456)
3(655 657 656)
3(1870 1871 1872)
3(495 497 496)
3(1710 1711 1712)
3(471 1092 465)
3(1686 1680 2307)
3(1095 1199 730)
3(2310 1945 2414)
3(516 1126 1053)
3(1731 2268 2341)
3(1013 1087 828)
3(2228 2043 2302)
3(1067 1069 1068)
3(2282 2283 2284)
3(347 349 348)
3(1562 1563 1564)
3(1306 1470 811)
3(2521 2026 2685)
3(455 1344 852)
3(1670 2067 2559)
3(539 1113 410)
3(1754 1625 2328)
3(835 1227 836)
3(2050 2051 2442)
3(1112 1290 744)
3(2327 1959 2505)
3(913 918 912)
3(2128 2127 2133)
3(373 842 353)
3(1588 1568 2057)
3(924 1483 1371)
3(2139 2586 2698)
3(1009 1025 1011)
3(2224 2226 2240)
3(363 399 369)
3(1578 1584 1614)
3(1036 1037 1034)
3(2251 2249 2252)
3(784 1230 1153)
3(1999 2368 2445)
3(1332 1487 580)
3(2547 1795 2702)
3(705 1489 706)
3(1920 1921 2704)
3(429 466 437)
3(1644 1652 1681)
3(988 1513 1187)
3(2203 2402 2728)
3(408 1123 722)
3(1623 1937 2338)
3(1065 1146 1083)
3(2280 2298 2361)
3(131 1339 132)
3(177 178 2554)
3(126 1362 127)
3(172 173 2577)
3(1072 1112 682)
3(2287 1897 2327)
3(788 859 816)
3(2003 2031 2074)
3(540 736 542)
3(1755 1757 1951)
3(413 1316 1296)
3(1628 2511 2531)
3(940 941 773)
3(2155 1988 2156)
3(464 812 775)
3(1679 1990 2027)
3(757 761 760)
3(1972 1975 1976)
3(483 1206 485)
3(1698 1700 2421)
3(1175 1508 1269)
3(2390 2484 2723)
3(524 1124 901)
3(1739 2116 2339)
3(659 1262 656)
3(1874 1871 2477)
3(1034 1099 1033)
3(2249 2248 2314)
3(895 1226 1005)
3(2110 2220 2441)
3(823 1103 1102)
3(2038 2317 2318)
3(1244 1289 1170)
3(2459 2385 2504)
3(419 420 406)
3(1634 1621 1635)
3(414 451 432)
3(1629 1647 1666)
3(970 1357 733)
3(2185 1948 2572)
3(445 447 442)
3(1660 1657 1662)
3(366 1133 362)
3(1581 1577 2348)
3(377 380 378)
3(1592 1593 1595)
3(370 1481 1209)
3(1585 2424 2696)
3(1069 1070 1068)
3(2284 2283 2285)
3(627 1510 641)
3(1842 1856 2725)
3(777 1013 828)
3(1992 2043 2228)
3(516 1349 834)
3(1731 2049 2564)
3(667 1443 1252)
3(1882 2467 2658)
3(408 411 407)
3(1623 1622 1626)
3(451 1006 453)
3(1666 1668 2221)
3(464 775 462)
3(1679 1677 1990)
3(770 1452 1314)
3(1985 2529 2667)
3(769 1425 1138)
3(1984 2353 2640)
3(570 1155 1031)
3(1785 2246 2370)
3(1147 1409 967)
3(2362 2182 2624)
3(459 537 444)
3(1674 1659 1752)
3(437 444 411)
3(1652 1626 1659)
3(118 1363 860)
3(164 2075 2578)
3(522 1418 1261)
3(1737 2476 2633)
3(425 431 426)
3(1640 1641 1646)
3(1009 1010 1008)
3(2224 2223 2225)
3(1076 1165 1075)
3(2291 2290 2380)
3(429 437 411)
3(1644 1626 1652)
3(992 994 993)
3(2207 2208 2209)
3(1334 1419 631)
3(2549 1846 2634)
3(1089 1097 1067)
3(2304 2282 2312)
3(449 450 420)
3(1664 1635 1665)
3(1055 1191 321)
3(2270 1536 2406)
3(419 460 449)
3(1634 1664 1675)
3(316 1438 1144)
3(1531 2359 2653)
3(784 786 785)
3(1999 2000 2001)
3(437 459 444)
3(1652 1659 1674)
3(589 725 590)
3(1804 1805 1940)
3(335 1260 365)
3(1550 1580 2475)
3(1019 1202 1025)
3(2234 2240 2417)
3(450 464 462)
3(1665 1677 1679)
3(1114 1115 1113)
3(2329 2328 2330)
3(336 1172 458)
3(1551 1673 2387)
3(647 648 646)
3(1862 1861 1863)
3(936 1331 581)
3(2151 1796 2546)
3(1219 1453 466)
3(2434 1681 2668)
3(135 1128 1014)
3(181 2229 2343)
3(395 409 366)
3(1610 1581 1624)
3(511 1165 1080)
3(1726 2295 2380)
3(714 1294 1095)
3(1929 2310 2509)
3(480 1430 530)
3(1695 1745 2645)
3(531 1323 482)
3(1746 1697 2538)
3(736 839 737)
3(1951 1952 2054)
3(696 1415 1250)
3(1911 2465 2630)
3(378 1322 1291)
3(1593 2506 2537)
3(1296 1316 748)
3(2511 1963 2531)
3(1129 1134 409)
3(2344 1624 2349)
3(1111 1389 982)
3(2326 2197 2604)
3(318 1130 141)
3(1533 187 2345)
3(1053 1126 1054)
3(2268 2269 2341)
3(407 419 406)
3(1622 1621 1634)
3(1012 1325 1179)
3(2227 2394 2540)
3(721 1351 602)
3(1936 1817 2566)
3(543 1114 1113)
3(1758 2328 2329)
3(433 434 415)
3(1648 1630 1649)
3(813 1318 1215)
3(2028 2430 2533)
3(623 753 751)
3(1838 1966 1968)
3(753 1233 771)
3(1968 1986 2448)
3(1054 1336 1194)
3(2269 2409 2551)
3(995 1257 993)
3(2210 2208 2472)
3(1083 1146 512)
3(2298 1727 2361)
3(419 449 420)
3(1634 1635 1664)
3(824 1102 866)
3(2039 2081 2317)
3(1300 1343 633)
3(2515 1848 2558)
3(391 392 390)
3(1606 1605 1607)
3(796 1127 574)
3(2011 1789 2342)
3(744 1426 1112)
3(1959 2327 2641)
3(797 1013 777)
3(2012 1992 2228)
3(700 1503 1244)
3(1915 2459 2718)
3(1134 1173 839)
3(2349 2054 2388)
3(132 1132 133)
3(178 179 2347)
3(126 1463 1362)
3(172 2577 2678)
3(1203 1325 1012)
3(2418 2227 2540)
3(129 1417 852)
3(175 2067 2632)
3(541 543 539)
3(1756 1754 1758)
3(460 729 449)
3(1675 1664 1944)
3(467 779 446)
3(1682 1661 1994)
3(396 407 406)
3(1611 1621 1622)
3(806 1374 804)
3(2021 2019 2589)
3(952 953 949)
3(2167 2164 2168)
3(386 387 384)
3(1601 1599 1602)
3(859 1495 816)
3(2074 2031 2710)
3(554 1239 573)
3(1769 1788 2454)
3(1080 1186 1079)
3(2295 2294 2401)
3(1013 1268 456)
3(2228 1671 2483)
3(592 1407 1239)
3(1807 2454 2622)
3(380 383 381)
3(1595 1596 1598)
3(484 1486 491)
3(1699 1706 2701)
3(574 1127 110)
3(1789 303 2342)
3(358 364 359)
3(1573 1574 1579)
3(1127 1345 110)
3(2342 303 2560)
3(367 368 341)
3(1582 1556 1583)
3(1311 1313 769)
3(2526 1984 2528)
3(1236 1237 586)
3(2451 1801 2452)
3(1277 1346 1271)
3(2492 2486 2561)
3(600 1509 599)
3(1815 1814 2724)
3(1057 1135 691)
3(2272 1906 2350)
3(995 998 766)
3(2210 1981 2213)
3(1184 1356 349)
3(2399 1564 2571)
3(807 1241 808)
3(2022 2023 2456)
3(327 1367 325)
3(1542 1540 2582)
3(607 1185 73)
3(1822 266 2400)
3(443 727 461)
3(1658 1676 1942)
3(1339 1498 132)
3(2554 178 2713)
3(821 1509 1234)
3(2036 2449 2724)
3(396 406 395)
3(1611 1610 1621)
3(435 441 434)
3(1650 1649 1656)
3(953 955 949)
3(2168 2164 2170)
3(814 1203 1202)
3(2029 2417 2418)
3(1070 1149 989)
3(2285 2204 2364)
3(1142 1151 1137)
3(2357 2352 2366)
3(1093 1423 740)
3(2308 1955 2638)
3(362 400 360)
3(1577 1575 1615)
3(845 846 844)
3(2060 2059 2061)
3(1350 1351 1270)
3(2565 2485 2566)
3(608 1187 1078)
3(1823 2293 2402)
3(866 867 865)
3(2081 2080 2082)
3(369 395 366)
3(1584 1581 1610)
3(436 456 455)
3(1651 1670 1671)
3(1353 1356 713)
3(2568 1928 2571)
3(1009 1011 1010)
3(2224 2225 2226)
3(1090 1097 1089)
3(2305 2304 2312)
3(786 788 787)
3(2001 2002 2003)
3(711 1304 743)
3(1926 1958 2519)
3(1030 1327 499)
3(2245 1714 2542)
3(992 993 991)
3(2207 2206 2208)
3(814 1434 1203)
3(2029 2418 2649)
3(369 396 395)
3(1584 1610 1611)
3(873 1205 935)
3(2088 2150 2420)
3(338 340 339)
3(1553 1554 1555)
3(39 1201 498)
3(232 1713 2416)
3(796 1232 1127)
3(2011 2342 2447)
3(485 1206 517)
3(1700 1732 2421)
3(604 720 610)
3(1819 1825 1935)
3(1005 1226 25)
3(2220 218 2441)
3(1046 1473 1287)
3(2261 2502 2688)
3(400 1231 360)
3(1615 1575 2446)
3(26 1226 488)
3(219 1703 2441)
3(1037 1099 1034)
3(2252 2249 2314)
3(1067 1097 1069)
3(2282 2284 2312)
3(1234 1509 600)
3(2449 1815 2724)
3(605 974 572)
3(1820 1787 2189)
3(788 816 789)
3(2003 2004 2031)
3(664 1211 692)
3(1879 1907 2426)
3(1440 1507 392)
3(2655 1607 2722)
3(830 844 725)
3(2045 1940 2059)
3(451 1119 1006)
3(1666 2221 2334)
3(720 1299 610)
3(1935 1825 2514)
3(314 1222 117)
3(1529 163 2437)
3(363 369 366)
3(1578 1581 1584)
3(1007 1171 615)
3(2222 1830 2386)
3(722 1355 1040)
3(1937 2255 2570)
3(668 1071 1069)
3(1883 2284 2286)
3(307 1310 128)
3(1522 174 2525)
3(1137 1151 796)
3(2352 2011 2366)
3(1030 1456 914)
3(2245 2129 2671)
3(793 1311 1001)
3(2008 2216 2526)
3(736 737 542)
3(1951 1757 1952)
3(451 453 452)
3(1666 1667 1668)
3(954 1298 948)
3(2169 2163 2513)
3(1046 1287 1045)
3(2261 2260 2502)
3(445 448 447)
3(1660 1662 1663)
3(1039 1285 1038)
3(2254 2253 2500)
3(497 504 503)
3(1712 1718 1719)
3(852 1344 308)
3(2067 1523 2559)
3(488 1242 1016)
3(1703 2231 2457)
3(985 1335 537)
3(2200 1752 2550)
3(462 1144 463)
3(1677 1678 2359)
3(693 1139 1094)
3(1908 2309 2354)
3(1094 1139 698)
3(2309 1913 2354)
3(641 1510 673)
3(1856 1888 2725)
3(384 1324 381)
3(1599 1596 2539)
3(411 1117 407)
3(1626 1622 2332)
3(828 1465 397)
3(2043 1612 2680)
3(309 1474 840)
3(1524 2055 2689)
3(733 1026 970)
3(1948 2185 2241)
3(133 1358 1)
3(179 5 2573)
3(670 1188 627)
3(1885 1842 2403)
3(1166 1492 717)
3(2381 1932 2707)
3(407 1117 419)
3(1622 1634 2332)
3(547 1106 546)
3(1762 1761 2321)
3(444 1117 411)
3(1659 1626 2332)
3(993 1111 991)
3(2208 2206 2326)
3(735 971 940)
3(1950 2155 2186)
3(675 676 663)
3(1890 1878 1891)
3(419 1117 460)
3(1634 1675 2332)
3(363 366 362)
3(1578 1577 1581)
3(775 1144 462)
3(1990 1677 2359)
3(717 1192 1186)
3(1932 2401 2407)
3(1456 1518 914)
3(2671 2129 2733)
3(420 1129 406)
3(1635 1621 2344)
3(656 1262 658)
3(1871 1873 2477)
3(957 1307 961)
3(2172 2176 2522)
3(595 731 596)
3(1810 1811 1946)
3(1361 1517 904)
3(2576 2119 2732)
3(433 435 434)
3(1648 1649 1650)
3(1024 1118 1023)
3(2239 2238 2333)
3(1314 1315 770)
3(2529 1985 2530)
3(564 565 563)
3(1779 1778 1780)
3(1127 1232 963)
3(2342 2178 2447)
3(778 797 777)
3(1993 1992 2012)
3(435 442 441)
3(1650 1656 1657)
3(595 1210 734)
3(1810 1949 2425)
3(3 1360 125)
3(7 171 2575)
3(156 1360 3)
3(202 7 2575)
3(840 1474 790)
3(2055 2005 2689)
3(1216 1508 863)
3(2431 2078 2723)
3(697 1318 1118)
3(1912 2333 2533)
3(447 1122 1121)
3(1662 2336 2337)
3(402 1478 1087)
3(1617 2302 2693)
3(1 1358 111)
3(5 157 2573)
3(526 800 791)
3(1741 2006 2015)
3(1025 1202 1011)
3(2240 2226 2417)
3(383 386 384)
3(1598 1599 1601)
3(784 785 547)
3(1999 1762 2000)
3(752 1359 103)
3(1967 296 2574)
3(441 1121 471)
3(1656 1686 2336)
3(848 1283 847)
3(2063 2062 2498)
3(436 1218 456)
3(1651 1671 2433)
3(421 440 405)
3(1636 1620 1655)
3(443 445 442)
3(1658 1657 1660)
3(314 1412 1163)
3(1529 2378 2627)
3(10 1307 826)
3(203 2041 2522)
3(358 359 357)
3(1573 1572 1574)
3(142 1370 4)
3(188 8 2585)
3(4 1370 143)
3(8 189 2585)
3(1086 1167 1085)
3(2301 2300 2382)
3(2 1372 134)
3(6 180 2587)
3(124 1372 2)
3(170 6 2587)
3(1190 1377 549)
3(2405 1764 2592)
3(1073 1155 570)
3(2288 1785 2370)
3(716 1489 1157)
3(1931 2372 2704)
3(761 764 762)
3(1976 1977 1979)
3(153 1436 309)
3(199 1524 2651)
3(603 1158 720)
3(1818 1935 2373)
3(489 1229 1005)
3(1704 2220 2444)
3(643 1402 1295)
3(1858 2510 2617)
3(1057 1320 1135)
3(2272 2350 2535)
3(1135 1320 718)
3(2350 1933 2535)
3(499 1327 37)
3(1714 230 2542)
3(444 1169 1117)
3(1659 2332 2384)
3(621 1188 612)
3(1836 1827 2403)
3(779 1168 446)
3(1994 1661 2383)
3(649 651 650)
3(1864 1865 1866)
3(1002 1303 430)
3(2217 1645 2518)
3(447 1121 442)
3(1662 1657 2336)
3(628 974 605)
3(1843 1820 2189)
3(632 1235 629)
3(1847 1844 2450)
3(443 1143 727)
3(1658 1942 2358)
3(593 598 583)
3(1808 1798 1813)
3(74 1185 976)
3(267 2191 2400)
3(315 1219 837)
3(1530 2052 2434)
3(829 1256 530)
3(2044 1745 2471)
3(737 1110 542)
3(1952 1757 2325)
3(665 1480 1284)
3(1880 2499 2695)
3(439 602 438)
3(1654 1653 1817)
3(1117 1169 460)
3(2332 1675 2384)
3(784 1153 786)
3(1999 2001 2368)
3(1016 1242 1017)
3(2231 2232 2457)
3(1028 1501 932)
3(2243 2147 2716)
3(1278 1471 533)
3(2493 1748 2686)
3(753 756 754)
3(1968 1969 1971)
3(1152 1287 1252)
3(2367 2467 2502)
3(504 506 505)
3(1719 1720 1721)
3(1386 1472 535)
3(2601 1750 2687)
3(57 1349 516)
3(250 1731 2564)
3(682 1349 56)
3(1897 249 2564)
3(498 1462 1048)
3(1713 2263 2677)
3(409 1133 366)
3(1624 1581 2348)
3(451 452 432)
3(1666 1647 1667)
3(490 1501 1028)
3(1705 2243 2716)
3(433 1143 435)
3(1648 1650 2358)
3(675 1211 1194)
3(1890 2409 2426)
3(1194 1211 1054)
3(2409 2269 2426)
3(406 1129 395)
3(1621 1610 2344)
3(382 1376 33)
3(1597 226 2591)
3(34 1376 500)
3(227 1715 2591)
3(395 1129 409)
3(1610 1624 2344)
3(445 1131 448)
3(1660 1663 2346)
3(435 443 442)
3(1650 1657 1658)
3(1055 1360 156)
3(2270 202 2575)
3(613 619 618)
3(1828 1833 1834)
3(1050 1423 1093)
3(2265 2308 2638)
3(976 1185 806)
3(2191 2021 2400)
3(312 1390 841)
3(1527 2056 2605)
3(361 363 362)
3(1576 1577 1578)
3(801 843 673)
3(2016 1888 2058)
3(981 1389 983)
3(2196 2198 2604)
3(1080 1166 717)
3(2295 1932 2381)
3(783 1230 784)
3(1998 1999 2445)
3(540 542 541)
3(1755 1756 1757)
3(544 1163 543)
3(1759 1758 2378)
3(1112 1289 723)
3(2327 1938 2504)
3(1072 1289 1112)
3(2287 2327 2504)
3(785 1106 547)
3(2000 1762 2321)
3(513 1160 1074)
3(1728 2289 2375)
3(669 1293 1237)
3(1884 2452 2508)
3(583 1249 567)
3(1798 1782 2464)
3(453 469 468)
3(1668 1683 1684)
3(1125 1462 498)
3(2340 1713 2677)
3(833 1390 1369)
3(2048 2584 2605)
3(308 1339 131)
3(1523 177 2554)
3(443 461 445)
3(1658 1660 1676)
3(1075 1165 511)
3(2290 1726 2380)
3(1088 1251 1036)
3(2303 2251 2466)
3(1001 1311 1138)
3(2216 2353 2526)
3(394 1435 1006)
3(1609 2221 2650)
3(1060 1428 1061)
3(2275 2276 2643)
3(1245 1480 665)
3(2460 1880 2695)
3(127 1362 307)
3(173 1522 2577)
3(432 433 415)
3(1647 1630 1648)
3(902 905 904)
3(2117 2119 2120)
3(1145 1365 708)
3(2360 1923 2580)
3(535 1217 749)
3(1750 1964 2432)
3(1132 1498 1433)
3(2347 2648 2713)
3(700 1170 1160)
3(1915 2375 2385)
3(1160 1170 1074)
3(2375 2289 2385)
3(340 367 341)
3(1555 1556 1582)
3(928 1457 500)
3(2143 1715 2672)
3(983 1254 980)
3(2198 2195 2469)
3(1259 1431 503)
3(2474 1718 2646)
3(541 544 543)
3(1756 1758 1759)
3(675 1194 676)
3(1890 1891 2409)
3(389 391 390)
3(1604 1605 1606)
3(786 787 785)
3(2001 2000 2002)
3(1214 1474 1106)
3(2429 2321 2689)
3(442 1121 441)
3(1657 1656 2336)
3(861 1403 426)
3(2076 1641 2618)
3(808 987 809)
3(2023 2024 2202)
3(776 777 397)
3(1991 1612 1992)
3(468 833 452)
3(1683 1667 2048)
3(440 1140 405)
3(1655 1620 2355)
3(506 509 507)
3(1721 1722 1724)
3(1042 1205 873)
3(2257 2088 2420)
3(1248 1458 662)
3(2463 1877 2673)
3(374 375 368)
3(1589 1583 1590)
3(962 1297 960)
3(2177 2175 2512)
3(968 1409 1109)
3(2183 2324 2624)
3(427 748 715)
3(1642 1930 1963)
3(513 1186 1160)
3(1728 2375 2401)
3(816 817 789)
3(2031 2004 2032)
3(778 798 797)
3(1993 2012 2013)
3(540 1395 736)
3(1755 1951 2610)
3(788 789 787)
3(2003 2002 2004)
3(349 351 350)
3(1564 1565 1566)
3(416 1309 1218)
3(1631 2433 2524)
3(532 1431 1259)
3(1747 2474 2646)
3(152 1436 153)
3(198 199 2651)
3(393 412 392)
3(1608 1607 1627)
3(1184 1209 597)
3(2399 1812 2424)
3(1153 1225 385)
3(2368 1600 2440)
3(1074 1170 418)
3(2289 1633 2385)
3(789 790 787)
3(2004 2002 2005)
3(477 1256 829)
3(1692 2044 2471)
3(552 1239 554)
3(1767 1769 2454)
3(719 1484 1166)
3(1934 2381 2699)
3(1073 1250 701)
3(2288 1916 2465)
3(361 362 360)
3(1576 1575 1577)
3(927 1205 1042)
3(2142 2257 2420)
3(1036 1251 1037)
3(2251 2252 2466)
3(359 361 360)
3(1574 1575 1576)
3(692 1497 693)
3(1907 1908 2712)
3(1208 1340 517)
3(2423 1732 2555)
3(1033 1250 1073)
3(2248 2288 2465)
3(509 514 510)
3(1724 1725 1729)
3(1171 1279 997)
3(2386 2212 2494)
3(582 711 577)
3(1797 1792 1926)
3(434 1316 415)
3(1649 1630 2531)
3(461 1131 445)
3(1676 1660 2346)
3(1114 1174 1115)
3(2329 2330 2389)
3(691 1167 1086)
3(1906 2301 2382)
3(731 829 732)
3(1946 1947 2044)
3(1215 1318 697)
3(2430 1912 2533)
3(706 1489 1154)
3(1921 2369 2704)
3(479 482 480)
3(1694 1695 1697)
3(821 1234 671)
3(2036 1886 2449)
3(688 1503 1192)
3(1903 2407 2718)
3(770 1505 1198)
3(1985 2413 2720)
3(526 791 473)
3(1741 1688 2006)
3(471 1267 1091)
3(1686 2306 2482)
3(1338 1412 314)
3(2553 1529 2627)
3(723 1289 1244)
3(1938 2459 2504)
3(508 1409 1147)
3(1723 2362 2624)
3(1152 1251 1088)
3(2367 2303 2466)
3(73 1185 74)
3(266 267 2400)
3(573 1239 582)
3(1788 1797 2454)
3(959 1120 952)
3(2174 2167 2335)
3(711 1210 577)
3(1926 1792 2425)
3(566 567 565)
3(1781 1780 1782)
3(978 1320 640)
3(2193 1855 2535)
3(684 685 683)
3(1899 1898 1900)
3(934 1483 924)
3(2149 2139 2698)
3(764 772 765)
3(1979 1980 1987)
3(514 518 515)
3(1729 1730 1733)
3(414 432 415)
3(1629 1630 1647)
3(1079 1186 513)
3(2294 1728 2401)
3(871 874 872)
3(2086 2087 2089)
3(681 1392 745)
3(1896 1960 2607)
3(854 1313 794)
3(2069 2009 2528)
3(1164 1242 488)
3(2379 1703 2457)
3(905 907 906)
3(2120 2121 2122)
3(681 683 680)
3(1896 1895 1898)
3(679 680 678)
3(1894 1893 1895)
3(699 1445 1305)
3(1914 2520 2660)
3(464 1485 1000)
3(1679 2215 2700)
3(619 622 620)
3(1834 1835 1837)
3(537 1169 444)
3(1752 1659 2384)
3(568 585 571)
3(1783 1786 1800)
3(1138 1311 769)
3(2353 1984 2526)
3(956 1150 955)
3(2171 2170 2365)
3(522 1108 1107)
3(1737 2322 2323)
3(358 1221 364)
3(1573 1579 2436)
3(688 689 687)
3(1903 1902 1904)
3(834 1514 516)
3(2049 1731 2729)
3(745 1514 834)
3(1960 2049 2729)
3(1207 1208 1206)
3(2422 2421 2423)
3(1465 1478 458)
3(2680 1673 2693)
3(1096 1187 608)
3(2311 1823 2402)
3(1179 1279 1010)
3(2394 2225 2494)
3(876 879 878)
3(2091 2093 2094)
3(373 1353 1351)
3(1588 2566 2568)
3(0 1307 10)
3(9 203 2522)
3(909 911 910)
3(2124 2125 2126)
3(518 528 519)
3(1733 1734 1743)
3(359 360 357)
3(1574 1572 1575)
3(686 687 685)
3(1901 1900 1902)
3(1124 1454 533)
3(2339 1748 2669)
3(545 1223 844)
3(1760 2059 2438)
3(453 468 452)
3(1668 1667 1683)
3(1154 1490 706)
3(2369 1921 2705)
3(920 1457 928)
3(2135 2143 2672)
3(1192 1492 688)
3(2407 1903 2707)
3(351 353 352)
3(1566 1567 1568)
3(326 776 397)
3(1541 1612 1991)
3(874 876 875)
3(2089 2090 2091)
3(414 415 413)
3(1629 1628 1630)
3(1110 1156 542)
3(2325 1757 2371)
3(969 1491 944)
3(2184 2159 2706)
3(1000 1485 729)
3(2215 1944 2700)
3(1045 1287 1152)
3(2260 2367 2502)
3(690 703 689)
3(1905 1904 1918)
3(543 1163 1114)
3(1758 2329 2378)
3(960 1098 959)
3(2175 2174 2313)
3(349 350 348)
3(1564 1563 1565)
3(540 541 539)
3(1755 1754 1756)
3(966 1150 956)
3(2181 2171 2365)
3(398 1508 1216)
3(1613 2431 2723)
3(447 1355 1122)
3(1662 2337 2570)
3(38 1201 39)
3(231 232 2416)
3(61 1199 587)
3(254 1802 2414)
3(399 1267 1122)
3(1614 2337 2482)
3(706 707 705)
3(1921 1920 1922)
3(846 1302 861)
3(2061 2076 2517)
3(704 705 703)
3(1919 1918 1920)
3(860 1156 1110)
3(2075 2325 2371)
3(1193 1273 888)
3(2408 2103 2488)
3(839 1173 737)
3(2054 1952 2388)
3(546 781 469)
3(1761 1684 1996)
3(950 954 948)
3(2165 2163 2169)
3(845 1277 849)
3(2060 2064 2492)
3(1190 1481 370)
3(2405 1585 2696)
3(1054 1211 664)
3(2269 1879 2426)
3(351 352 350)
3(1566 1565 1567)
3(922 1278 525)
3(2137 1740 2493)
3(355 357 356)
3(1570 1571 1572)
3(655 656 654)
3(1870 1869 1871)
3(393 414 413)
3(1608 1628 1629)
3(499 1456 1030)
3(1714 2245 2671)
3(911 913 912)
3(2126 2127 2128)
3(607 1374 1185)
3(1822 2400 2589)
3(491 1347 1212)
3(1706 2427 2562)
3(598 1249 583)
3(1813 1798 2464)
3(708 738 707)
3(1923 1922 1953)
3(450 1485 464)
3(1665 1679 2700)
3(843 1341 1329)
3(2058 2544 2556)
3(353 355 354)
3(1568 1569 1570)
3(686 1512 1244)
3(1901 2459 2727)
3(589 590 585)
3(1804 1800 1805)
3(538 540 539)
3(1753 1754 1755)
3(1126 1336 1054)
3(2341 2269 2551)
3(834 1426 744)
3(2049 1959 2641)
3(435 1143 443)
3(1650 1658 2358)
3(1167 1473 1085)
3(2382 2300 2688)
3(739 930 738)
3(1954 1953 2145)
3(367 374 368)
3(1582 1583 1589)
3(1170 1289 418)
3(2385 1633 2504)
3(1197 1198 857)
3(2412 2072 2413)
3(437 1453 459)
3(1652 1674 2668)
3(375 1140 377)
3(1590 1592 2355)
3(907 909 908)
3(2122 2123 2124)
3(25 1226 26)
3(218 219 2441)
3(458 1478 1292)
3(1673 2507 2693)
3(374 405 375)
3(1589 1590 1620)
3(945 947 946)
3(2160 2161 2162)
3(766 1444 754)
3(1981 1969 2659)
3(542 1156 541)
3(1757 1756 2371)
3(459 1200 537)
3(1674 1752 2415)
3(521 815 520)
3(1736 1735 2030)
3(1305 1348 699)
3(2520 1914 2563)
3(380 385 383)
3(1595 1598 1600)
3(374 416 405)
3(1589 1620 1631)
3(776 778 777)
3(1991 1992 1993)
3(356 410 354)
3(1571 1569 1625)
3(883 885 884)
3(2098 2099 2100)
3(919 1462 1125)
3(2134 2340 2677)
3(879 881 880)
3(2094 2095 2096)
3(352 404 350)
3(1567 1565 1619)
3(1252 1287 667)
3(2467 1882 2502)
3(815 1301 534)
3(2030 1749 2516)
3(342 1216 862)
3(1557 2077 2431)
3(460 1177 729)
3(1675 1944 2392)
3(1237 1383 586)
3(2452 1801 2598)
3(980 1280 752)
3(2195 1967 2495)
3(454 1455 715)
3(1669 1930 2670)
3(433 1159 1143)
3(1648 2358 2374)
3(1181 1479 519)
3(2396 1734 2694)
3(387 394 389)
3(1602 1604 1609)
3(436 455 446)
3(1651 1661 1670)
3(729 1485 449)
3(1944 1664 2700)
3(436 446 421)
3(1651 1636 1661)
3(355 356 354)
3(1570 1569 1571)
3(968 1354 1274)
3(2183 2489 2569)
3(1217 1479 523)
3(2432 1738 2694)
3(353 842 355)
3(1568 1570 2057)
3(622 1233 623)
3(1837 1838 2448)
3(416 436 421)
3(1631 1636 1651)
3(1095 1294 1199)
3(2310 2414 2509)
3(455 467 446)
3(1670 1661 1682)
3(353 354 352)
3(1568 1567 1569)
3(918 1052 919)
3(2133 2134 2267)
3(584 601 594)
3(1799 1809 1816)
3(519 1496 1181)
3(1734 2396 2711)
3(791 1204 472)
3(2006 1687 2419)
3(1100 1483 934)
3(2315 2149 2698)
3(1244 1503 686)
3(2459 1901 2718)
3(1493 1502 653)
3(2708 1868 2717)
3(439 721 602)
3(1654 1817 1936)
3(863 1227 428)
3(2078 1643 2442)
3(346 398 344)
3(1561 1559 1613)
3(1000 1375 464)
3(2215 1679 2590)
3(482 527 483)
3(1697 1698 1742)
3(1001 1138 774)
3(2216 1989 2353)
3(881 883 882)
3(2096 2097 2098)
3(968 1384 966)
3(2183 2181 2599)
3(916 1518 1456)
3(2131 2671 2733)
3(1109 1354 968)
3(2324 2183 2569)
3(538 539 410)
3(1753 1625 1754)
3(833 1159 452)
3(2048 1667 2374)
3(698 1245 1094)
3(1913 2309 2460)
3(963 1317 962)
3(2178 2177 2532)
3(712 1407 1305)
3(1927 2520 2622)
3(1199 1294 587)
3(2414 1802 2509)
3(1253 1326 625)
3(2468 1840 2541)
3(669 1235 632)
3(1884 1847 2450)
3(416 421 405)
3(1631 1620 1636)
3(584 1282 601)
3(1799 1816 2497)
3(723 1290 1112)
3(1938 2327 2505)
3(661 1477 1266)
3(1876 2481 2692)
3(336 458 338)
3(1551 1553 1673)
3(432 1159 433)
3(1647 1648 2374)
3(811 1470 859)
3(2026 2074 2685)
3(1433 1498 798)
3(2648 2013 2713)
3(1107 1109 522)
3(2322 1737 2324)
3(577 1210 578)
3(1792 1793 2425)
3(421 1168 440)
3(1636 1655 2383)
3(1092 1272 364)
3(2307 1579 2487)
3(393 413 412)
3(1608 1627 1628)
3(491 1486 1347)
3(1706 2562 2701)
3(568 571 567)
3(1783 1782 1786)
3(930 1178 913)
3(2145 2128 2393)
3(885 889 886)
3(2100 2101 2104)
3(1103 1150 1104)
3(2318 2319 2365)
3(1182 1183 746)
3(2397 1961 2398)
3(521 832 831)
3(1736 2046 2047)
3(38 1327 1201)
3(231 2416 2542)
3(894 1464 1328)
3(2109 2543 2679)
3(898 901 899)
3(2113 2114 2116)
3(1232 1317 963)
3(2447 2178 2532)
3(1228 1298 964)
3(2443 2179 2513)
3(952 1120 953)
3(2167 2168 2335)
3(982 1389 981)
3(2197 2196 2604)
3(1151 1232 796)
3(2366 2011 2447)
3(768 1389 1111)
3(1983 2326 2604)
3(630 1341 843)
3(1845 2058 2556)
3(1010 1279 1008)
3(2225 2223 2494)
3(1183 1190 746)
3(2398 1961 2405)
3(528 1002 529)
3(1743 1744 2217)
3(813 1215 624)
3(2028 1839 2430)
3(356 538 410)
3(1571 1625 1753)
3(1323 1324 548)
3(2538 1763 2539)
3(847 1302 846)
3(2062 2061 2517)
3(529 1401 1283)
3(1744 2498 2616)
3(541 1156 544)
3(1756 1759 2371)
3(889 898 890)
3(2104 2105 2113)
3(1092 1366 465)
3(2307 1680 2581)
3(1369 1390 312)
3(2584 1527 2605)
3(1027 1337 1213)
3(2242 2428 2552)
3(1227 1367 428)
3(2442 1643 2582)
3(1122 1267 1121)
3(2337 2336 2482)
3(1135 1446 666)
3(2350 1881 2661)
3(774 1142 1137)
3(1989 2352 2357)
3(1206 1208 517)
3(2421 1732 2423)
3(772 940 773)
3(1987 1988 2155)
3(350 1176 348)
3(1565 1563 2391)
3(582 712 711)
3(1797 1926 1927)
3(1248 1497 692)
3(2463 1907 2712)
3(403 1507 1275)
3(1618 2490 2722)
3(820 821 671)
3(2035 1886 2036)
3(452 1159 432)
3(1667 1647 2374)
3(704 1484 1157)
3(1919 2372 2699)
3(593 1209 598)
3(1808 1813 2424)
3(321 1360 1055)
3(1536 2270 2575)
3(1039 1457 920)
3(2254 2135 2672)
3(1160 1192 700)
3(2375 1915 2407)
3(321 1463 126)
3(1536 172 2678)
3(715 1455 427)
3(1930 1642 2670)
3(1197 1280 1254)
3(2412 2469 2495)
3(1254 1280 980)
3(2469 2195 2495)
3(1202 1203 1011)
3(2417 2226 2418)
3(587 1294 1059)
3(1802 2274 2509)
3(635 671 622)
3(1850 1837 1886)
3(1038 1285 499)
3(2253 1714 2500)
3(424 1439 1312)
3(1639 2527 2654)
3(1152 1252 694)
3(2367 1909 2467)
3(931 1328 899)
3(2146 2114 2543)
3(756 819 757)
3(1971 1972 2034)
3(934 1361 921)
3(2149 2136 2576)
3(1052 1178 739)
3(2267 1954 2393)
3(610 1299 613)
3(1825 1828 2514)
3(464 1375 812)
3(1679 2027 2590)
3(405 1140 375)
3(1620 1590 2355)
3(1169 1177 460)
3(2384 1675 2392)
3(418 1289 1072)
3(1633 2287 2504)
3(1107 1354 1109)
3(2322 2324 2569)
3(858 1280 1197)
3(2073 2412 2495)
3(647 1480 1245)
3(1862 2460 2695)
3(461 1398 984)
3(1676 2199 2613)
3(669 1237 1236)
3(1884 2451 2452)
3(999 1319 1003)
3(2214 2218 2534)
3(670 1189 1188)
3(1885 2403 2404)
3(553 1288 1182)
3(1768 2397 2503)
3(961 1345 963)
3(2176 2178 2560)
3(563 576 561)
3(1778 1776 1791)
3(870 1193 888)
3(2085 2103 2408)
3(1091 1267 399)
3(2306 1614 2482)
3(306 1335 985)
3(1521 2200 2550)
3(925 1261 532)
3(2140 1747 2476)
3(851 1438 850)
3(2066 2065 2653)
3(1255 1378 767)
3(2470 1982 2593)
3(635 820 671)
3(1850 1886 2035)
3(340 402 367)
3(1555 1582 1617)
3(733 1357 971)
3(1948 2186 2572)
3(602 1351 1350)
3(1817 2565 2566)
3(1340 1399 517)
3(2555 1732 2614)
3(649 650 648)
3(1864 1863 1865)
3(595 734 731)
3(1810 1946 1949)
3(400 1395 1231)
3(1615 2446 2610)
3(391 393 392)
3(1606 1607 1608)
3(740 1365 1145)
3(1955 2360 2580)
3(782 1325 1203)
3(1997 2418 2540)
3(1179 1325 755)
3(2394 1970 2540)
3(619 635 622)
3(1834 1837 1850)
3(790 1214 787)
3(2005 2002 2429)
3(431 439 438)
3(1646 1653 1654)
3(826 1307 957)
3(2041 2172 2522)
3(456 1344 455)
3(1671 1670 2559)
3(1315 1505 770)
3(2530 1985 2720)
3(727 1369 1136)
3(1942 2351 2584)
3(861 1302 430)
3(2076 1645 2517)
3(1319 1411 1003)
3(2534 2218 2626)
3(790 1474 1214)
3(2005 2429 2689)
3(1263 1442 658)
3(2478 1873 2657)
3(640 1320 1057)
3(1855 2272 2535)
3(1026 1027 951)
3(2241 2166 2242)
3(1144 1438 463)
3(2359 1678 2653)
3(1195 1319 897)
3(2410 2112 2534)
3(416 1218 436)
3(1631 1651 2433)
3(1233 1234 771)
3(2448 1986 2449)
3(756 936 819)
3(1971 2034 2151)
3(134 1372 1128)
3(180 2343 2587)
3(386 1240 387)
3(1601 1602 2455)
3(1238 1266 591)
3(2453 1806 2481)
3(1157 1489 704)
3(2372 1919 2704)
3(652 1442 1263)
3(1867 2478 2657)
3(1109 1409 1382)
3(2324 2597 2624)
3(739 1178 930)
3(1954 2145 2393)
3(571 583 567)
3(1786 1782 1798)
3(37 1327 38)
3(230 231 2542)
3(573 582 577)
3(1788 1792 1797)
3(727 1398 461)
3(1942 1676 2613)
3(789 1191 790)
3(2004 2005 2406)
3(1052 1364 1051)
3(2267 2266 2579)
3(847 1401 1302)
3(2062 2517 2616)
3(1099 1250 1033)
3(2314 2248 2465)
3(667 1473 1451)
3(1882 2666 2688)
3(1305 1407 592)
3(2520 1807 2622)
3(594 597 593)
3(1809 1808 1812)
3(771 936 756)
3(1986 1971 2151)
3(942 1491 969)
3(2157 2184 2706)
3(866 1193 867)
3(2081 2082 2408)
3(739 1364 1052)
3(1954 2267 2579)
3(808 809 805)
3(2023 2020 2024)
3(1130 1370 142)
3(2345 188 2585)
3(125 1360 321)
3(171 1536 2575)
3(1114 1412 1174)
3(2329 2389 2627)
3(584 593 583)
3(1799 1798 1808)
3(1312 1439 831)
3(2527 2046 2654)
3(870 888 887)
3(2085 2102 2103)
3(641 670 627)
3(1856 1842 1885)
3(817 1191 789)
3(2032 2004 2406)
3(836 1338 742)
3(2051 1957 2553)
3(629 1235 628)
3(1844 1843 2450)
3(360 1231 357)
3(1575 1572 2446)
3(1136 1398 727)
3(2351 1942 2613)
3(446 1168 421)
3(1661 1636 2383)
3(849 1264 1263)
3(2064 2478 2479)
3(571 584 583)
3(1786 1798 1799)
3(359 1272 361)
3(1574 1576 2487)
3(1012 1179 1010)
3(2227 2225 2394)
3(111 1358 320)
3(157 1535 2573)
3(631 1482 1334)
3(1846 2549 2697)
3(594 713 597)
3(1809 1812 1928)
3(848 1321 1283)
3(2063 2498 2536)
3(969 1317 1232)
3(2184 2447 2532)
3(1185 1374 806)
3(2400 2021 2589)
3(901 929 902)
3(2116 2117 2144)
3(753 771 756)
3(1968 1971 1986)
3(1266 1271 591)
3(2481 1806 2486)
3(584 594 593)
3(1799 1808 1809)
3(969 1232 1151)
3(2184 2366 2447)
3(913 1178 918)
3(2128 2133 2393)
3(427 1296 748)
3(1642 1963 2511)
3(1087 1478 828)
3(2302 2043 2693)
3(1283 1441 529)
3(2498 1744 2656)
3(994 995 993)
3(2209 2208 2210)
3(1238 1383 1237)
3(2453 2452 2598)
3(1138 1425 765)
3(2353 1980 2640)
3(1291 1406 401)
3(2506 1616 2621)
3(1111 1257 768)
3(2326 1983 2472)
3(1085 1473 1046)
3(2300 2261 2688)
3(854 1315 1313)
3(2069 2528 2530)
3(1136 1369 312)
3(2351 1527 2584)
3(1371 1517 924)
3(2586 2139 2732)
3(936 1330 819)
3(2151 2034 2545)
3(863 1476 1227)
3(2078 2442 2691)
3(485 517 487)
3(1700 1702 1732)
3(56 1349 57)
3(249 250 2564)
3(582 1407 712)
3(1797 1927 2622)
3(1221 1391 454)
3(2436 1669 2606)
3(785 1214 1106)
3(2000 2321 2429)
3(521 831 815)
3(1736 2030 2046)
3(1239 1407 582)
3(2454 1797 2622)
3(877 1368 1108)
3(2092 2323 2583)
3(1103 1104 1102)
3(2318 2317 2319)
3(700 1244 1170)
3(1915 2385 2459)
3(143 1370 322)
3(189 1537 2585)
3(960 1297 1098)
3(2175 2313 2512)
3(965 966 956)
3(2180 2171 2181)
3(319 1372 124)
3(1534 170 2587)
3(103 1359 104)
3(296 297 2574)
3(802 1499 810)
3(2017 2025 2714)
3(413 1296 412)
3(1628 1627 2511)
3(787 1214 785)
3(2002 2000 2429)
3(1321 1447 1162)
3(2536 2377 2662)
3(1121 1267 471)
3(2336 1686 2482)
3(644 660 637)
3(1859 1852 1875)
3(994 996 995)
3(2209 2210 2211)
3(1388 1459 660)
3(2603 1875 2674)
3(1266 1477 1265)
3(2481 2480 2692)
3(953 956 955)
3(2168 2170 2171)
3(377 1220 380)
3(1592 1595 2435)
3(797 1268 1013)
3(2012 2228 2483)
3(33 1376 34)
3(226 227 2591)
3(932 1466 1028)
3(2147 2243 2681)
3(690 1492 1166)
3(1905 2381 2707)
3(601 1350 1270)
3(1816 2485 2565)
3(410 1243 354)
3(1625 1569 2458)
3(357 1231 356)
3(1572 1571 2446)
3(344 1216 342)
3(1559 1557 2431)
3(671 1234 1233)
3(1886 2448 2449)
3(1069 1071 1070)
3(2284 2285 2286)
3(1061 1428 1090)
3(2276 2305 2643)
3(1051 1423 1050)
3(2266 2265 2638)
3(940 971 941)
3(2155 2156 2186)
3(521 1340 832)
3(1736 2047 2555)
3(1112 1426 682)
3(2327 1897 2641)
3(634 669 632)
3(1849 1847 1884)
3(527 1206 483)
3(1742 1698 2421)
3(947 950 948)
3(2162 2163 2165)
3(1211 1458 692)
3(2426 1907 2673)
3(1291 1322 531)
3(2506 1746 2537)
3(404 1176 350)
3(1619 1565 2391)
3(1247 1402 636)
3(2462 1851 2617)
3(1273 1274 888)
3(2488 2103 2489)
3(867 870 869)
3(2082 2084 2085)
3(383 1225 386)
3(1598 1601 2440)
3(642 1468 987)
3(1857 2202 2683)
3(387 1240 394)
3(1602 1609 2455)
3(967 968 966)
3(2182 2181 2183)
3(500 1457 1039)
3(1715 2254 2672)
3(1003 1411 489)
3(2218 1704 2626)
3(1466 1483 900)
3(2681 2115 2698)
3(657 659 656)
3(1872 1871 1874)
3(1166 1484 690)
3(2381 1905 2699)
3(857 1505 855)
3(2072 2070 2720)
3(356 1231 538)
3(1571 1753 2446)
3(1140 1220 377)
3(2355 1592 2435)
3(870 871 869)
3(2085 2084 2086)
3(422 427 425)
3(1637 1640 1642)
3(844 1223 725)
3(2059 1940 2438)
3(1182 1288 576)
3(2397 1791 2503)
3(671 1233 622)
3(1886 1837 2448)
3(983 1255 1254)
3(2198 2469 2470)
3(1174 1412 836)
3(2389 2051 2627)
3(516 1514 1126)
3(1731 2341 2729)
3(597 1209 593)
3(1812 1808 2424)
3(364 1272 359)
3(1579 1574 2487)
3(546 1333 781)
3(1761 1996 2548)
3(953 964 956)
3(2168 2171 2179)
3(1198 1505 857)
3(2413 2072 2720)
3(925 1421 877)
3(2140 2092 2636)
3(1191 1463 321)
3(2406 1536 2678)
3(380 1220 385)
3(1595 1600 2435)
3(694 1251 1152)
3(1909 2367 2466)
3(592 1348 1305)
3(1807 2520 2563)
3(1048 1462 1049)
3(2263 2264 2677)
3(962 1427 1297)
3(2177 2512 2642)
3(1011 1012 1010)
3(2226 2225 2227)
3(374 1309 416)
3(1589 1631 2524)
3(971 1380 733)
3(2186 1948 2595)
3(1128 1372 319)
3(2343 1534 2587)
3(1183 1449 598)
3(2398 1813 2664)
3(1098 1297 946)
3(2313 2161 2512)
3(322 1370 1130)
3(1537 2345 2585)
3(723 1512 1290)
3(1938 2505 2727)
3(1225 1230 386)
3(2440 1601 2445)
3(1017 1501 490)
3(2232 1705 2716)
3(832 1340 1208)
3(2047 2423 2555)
3(725 726 590)
3(1940 1805 1941)
3(520 1393 521)
3(1735 1736 2608)
3(489 1411 1229)
3(1704 2444 2626)
3(1229 1411 896)
3(2444 2111 2626)
3(900 1483 1100)
3(2115 2315 2698)
3(676 678 677)
3(1891 1892 1893)
3(1028 1466 900)
3(2243 2115 2681)
3(1177 1335 306)
3(2392 1521 2550)
3(348 1269 346)
3(1563 1561 2484)
3(953 1120 964)
3(2168 2179 2335)
3(320 1358 1132)
3(1535 2347 2573)
3(940 1448 735)
3(2155 1950 2663)
3(1258 1259 891)
3(2473 2106 2474)
3(415 1316 413)
3(1630 1628 2531)
3(1169 1335 1177)
3(2384 2392 2550)
3(385 1225 383)
3(1600 1598 2440)
3(1180 1500 1404)
3(2395 2619 2715)
3(561 1288 555)
3(1776 1770 2503)
3(448 1355 447)
3(1663 1662 2570)
3(1321 1441 1283)
3(2536 2498 2656)
3(698 1493 1396)
3(1913 2611 2708)
3(1078 1513 606)
3(2293 1821 2728)
3(1213 1281 491)
3(2428 1706 2496)
3(1102 1273 866)
3(2317 2081 2488)
3(533 1494 1278)
3(1748 2493 2709)
3(1287 1473 667)
3(2502 1882 2688)
3(536 1379 1181)
3(1751 2396 2594)
3(1107 1108 887)
3(2322 2102 2323)
3(467 1417 1310)
3(1682 2525 2632)
3(1284 1480 645)
3(2499 1860 2695)
3(859 1470 1168)
3(2074 2383 2685)
3(1002 1401 529)
3(2217 1744 2616)
3(1132 1358 133)
3(2347 179 2573)
3(479 531 482)
3(1694 1697 1746)
3(651 652 650)
3(1866 1865 1867)
3(1252 1443 626)
3(2467 1841 2658)
3(1108 1368 887)
3(2323 2102 2583)
3(502 1340 521)
3(1717 1736 2555)
3(535 1472 1217)
3(1750 2432 2687)
3(1197 1254 767)
3(2412 1982 2469)
3(527 1207 1206)
3(1742 2421 2422)
3(882 1437 1195)
3(2097 2410 2652)
3(1292 1478 402)
3(2507 1617 2693)
3(571 1282 584)
3(1786 1799 2497)
3(958 1147 954)
3(2173 2169 2362)
3(354 1243 352)
3(1569 1567 2458)
3(1285 1456 499)
3(2500 1714 2671)
3(669 1236 1235)
3(1884 2450 2451)
3(818 1161 677)
3(2033 1892 2376)
3(521 1393 502)
3(1736 1717 2608)
3(1161 1385 677)
3(2376 1892 2600)
3(1027 1504 951)
3(2242 2166 2719)
3(338 1292 340)
3(1553 1555 2507)
3(1106 1333 546)
3(2321 1761 2548)
3(398 1216 344)
3(1613 1559 2431)
3(817 1463 1191)
3(2032 2406 2678)
3(1230 1240 386)
3(2445 1601 2455)
3(963 1345 1127)
3(2178 2342 2560)
3(426 1475 861)
3(1641 2076 2690)
3(1416 1441 1321)
3(2631 2536 2656)
3(1322 1323 531)
3(2537 1746 2538)
3(613 1299 619)
3(1828 1834 2514)
3(923 1421 925)
3(2138 2140 2636)
3(466 1453 437)
3(1681 1652 2668)
3(1271 1346 591)
3(2486 1806 2561)
3(943 1357 970)
3(2158 2185 2572)
3(1220 1306 385)
3(2435 1600 2521)
3(352 1243 404)
3(1567 1619 2458)
3(1161 1162 659)
3(2376 1874 2377)
3(585 1282 571)
3(1800 1786 2497)
3(950 958 954)
3(2165 2169 2173)
3(431 454 439)
3(1646 1654 1669)
3(767 1198 1197)
3(1982 2412 2413)
3(758 1378 1255)
3(1973 2470 2593)
3(132 1498 1132)
3(178 2347 2713)
3(1141 1509 821)
3(2356 2036 2724)
3(943 970 945)
3(2158 2160 2185)
3(676 677 663)
3(1891 1878 1892)
3(1163 1412 1114)
3(2378 2329 2627)
3(495 502 497)
3(1710 1712 1717)
3(346 1269 398)
3(1561 1613 2484)
3(721 1397 842)
3(1936 2057 2612)
3(1231 1395 538)
3(2446 1753 2610)
3(1168 1470 440)
3(2383 1655 2685)
3(1126 1514 745)
3(2341 1960 2729)
3(670 1341 1189)
3(1885 2404 2556)
3(502 1399 1340)
3(1717 2555 2614)
3(1116 1433 778)
3(2331 1993 2648)
3(606 1513 1241)
3(1821 2456 2728)
3(537 1335 1169)
3(1752 2384 2550)
3(428 1367 327)
3(1643 1542 2582)
3(538 1395 540)
3(1753 1755 2610)
3(1118 1318 1023)
3(2333 2238 2533)
3(958 1212 1148)
3(2173 2363 2427)
3(757 819 761)
3(1972 1976 2034)
3(458 1292 338)
3(1673 1553 2507)
3(601 1270 594)
3(1816 1809 2485)
3(648 661 646)
3(1863 1861 1876)
3(1314 1452 762)
3(2529 1977 2667)
3(449 1485 450)
3(1664 1665 2700)
3(1313 1315 1314)
3(2528 2529 2530)
3(959 1228 1120)
3(2174 2335 2443)
3(901 1124 929)
3(2116 2144 2339)
3(652 1265 650)
3(1867 1865 2480)
3(1264 1271 1265)
3(2479 2480 2486)
3(835 1367 1227)
3(2050 2442 2582)
3(849 1263 1196)
3(2064 2411 2478)
3(724 1502 1139)
3(1939 2354 2717)
3(1181 1500 523)
3(2396 1738 2715)
3(367 1309 374)
3(1582 1589 2524)
3(370 1377 1190)
3(1585 2405 2592)
3(918 1178 1052)
3(2133 2267 2393)
3(535 1414 973)
3(1750 2188 2629)
3(1198 1469 770)
3(2413 1985 2684)
3(659 1385 1161)
3(1874 2376 2600)
3(504 520 506)
3(1719 1721 1735)
3(849 1277 1264)
3(2064 2479 2492)
3(941 1357 943)
3(2156 2158 2572)
3(902 929 905)
3(2117 2120 2144)
3(748 1366 715)
3(1963 1930 2581)
3(888 1107 887)
3(2103 2102 2322)
3(1176 1269 348)
3(2391 1563 2484)
3(1249 1450 565)
3(2464 1780 2665)
3(947 951 950)
3(2162 2165 2166)
3(509 534 514)
3(1724 1729 1749)
3(907 1246 909)
3(2122 2124 2461)
3(874 877 876)
3(2089 2091 2092)
3(1203 1434 782)
3(2418 1997 2649)
3(590 1282 585)
3(1805 1800 2497)
3(764 799 772)
3(1979 1987 2014)
3(656 658 654)
3(1871 1869 1873)
3(1284 1308 714)
3(2499 1929 2523)
3(619 1299 635)
3(1834 1850 2514)
3(1098 1228 959)
3(2313 2174 2443)
3(518 780 528)
3(1733 1743 1995)
3(683 702 680)
3(1898 1895 1917)
3(687 1180 685)
3(1902 1900 2395)
3(1364 1423 1051)
3(2579 2266 2638)
3(477 1511 1256)
3(1692 2471 2726)
3(591 1383 1238)
3(1806 2453 2598)
3(702 1500 1379)
3(1917 2594 2715)
3(1313 1314 769)
3(2528 1984 2529)
3(358 1397 1221)
3(1573 2436 2612)
3(1026 1337 1027)
3(2241 2242 2552)
3(738 973 707)
3(1953 1922 2188)
3(965 967 966)
3(2180 2181 2182)
3(703 749 689)
3(1918 1904 1964)
3(885 891 889)
3(2100 2104 2106)
3(911 922 913)
3(2126 2128 2137)
3(725 1223 726)
3(1940 1941 2438)
3(879 923 881)
3(2094 2096 2138)
3(340 1292 402)
3(1555 1617 2507)
3(922 1471 1278)
3(2137 2493 2686)
3(1262 1447 1196)
3(2477 2411 2662)
3(412 1296 422)
3(1627 1637 2511)
3(468 1390 833)
3(1683 2048 2605)
3(594 1270 713)
3(1809 1928 2485)
3(1261 1418 496)
3(2476 1711 2633)
3(1071 1149 1070)
3(2286 2285 2364)
3(1240 1435 394)
3(2455 1609 2650)
3(657 1385 659)
3(1872 1874 2600)
3(1332 1448 799)
3(2547 2014 2663)
3(805 1276 803)
3(2020 2018 2491)
3(996 998 995)
3(2211 2210 2213)
3(1247 1343 668)
3(2462 1883 2558)
3(780 1387 1303)
3(1995 2518 2602)
3(309 1436 1333)
3(1524 2548 2651)
3(1139 1497 724)
3(2354 1939 2712)
3(536 1496 1441)
3(1751 2656 2711)
3(870 887 871)
3(2085 2086 2102)
3(576 1288 561)
3(1791 1776 2503)
3(693 1497 1139)
3(1908 2354 2712)
3(531 1406 1291)
3(1746 2506 2621)
3(964 965 956)
3(2179 2171 2180)
3(1195 1437 896)
3(2410 2111 2652)
3(678 818 677)
3(1893 1892 2033)
3(1268 1344 456)
3(2483 1671 2559)
3(760 1469 1378)
3(1975 2593 2684)
3(1322 1324 1323)
3(2537 2538 2539)
3(402 1309 367)
3(1617 1582 2524)
3(1183 1481 1190)
3(2398 2405 2696)
3(600 1467 1234)
3(1815 2449 2682)
3(1254 1255 767)
3(2469 1982 2470)
3(1265 1271 1266)
3(2480 2481 2486)
3(860 1363 1156)
3(2075 2371 2578)
3(1317 1427 962)
3(2532 2177 2642)
3(958 1504 1212)
3(2173 2427 2719)
3(778 1433 798)
3(1993 2013 2648)
3(1305 1445 800)
3(2520 2015 2660)
3(633 1419 1300)
3(1848 2515 2634)
3(903 1517 1371)
3(2118 2586 2732)
3(634 1293 669)
3(1849 1884 2508)
3(958 1148 1147)
3(2173 2362 2363)
3(1156 1363 544)
3(2371 1759 2578)
3(544 1363 1222)
3(1759 2437 2578)
3(644 1388 660)
3(1859 1875 2603)
3(637 1293 634)
3(1852 1849 2508)
3(598 1481 1183)
3(1813 2398 2696)
3(1011 1203 1012)
3(2226 2227 2418)
3(973 1420 1386)
3(2188 2601 2635)
3(1223 1224 726)
3(2438 1941 2439)
3(1162 1262 659)
3(2377 1874 2477)
3(641 1329 670)
3(1856 1885 2544)
3(967 1409 968)
3(2182 2183 2624)
3(525 1420 930)
3(1740 2145 2635)
3(597 1356 1184)
3(1812 2399 2571)
3(598 1449 1249)
3(1813 2464 2664)
3(1252 1326 694)
3(2467 1909 2541)
3(1150 1384 1104)
3(2365 2319 2599)
3(1266 1459 661)
3(2481 1876 2674)
3(698 1396 1245)
3(1913 2460 2611)
3(1174 1476 1175)
3(2389 2390 2691)
3(867 1193 870)
3(2082 2085 2408)
3(563 1450 576)
3(1778 1791 2665)
3(740 1423 1364)
3(1955 2579 2638)
3(651 1442 652)
3(1866 1867 2657)
3(1328 1464 890)
3(2543 2105 2679)
3(517 1399 487)
3(1732 1702 2614)
3(1330 1332 799)
3(2545 2014 2547)
3(1454 1461 505)
3(2669 1720 2676)
3(673 1329 641)
3(1888 1856 2544)
3(1245 1396 647)
3(2460 1862 2611)
3(1441 1496 529)
3(2656 1744 2711)
3(474 1406 479)
3(1689 1694 2621)
3(675 1458 1211)
3(1890 2426 2673)
3(1257 1352 768)
3(2472 1983 2567)
3(843 1329 673)
3(2058 1888 2544)
3(523 1500 1180)
3(1738 2395 2715)
3(1135 1410 691)
3(2350 1906 2625)
3(515 1479 1217)
3(1730 2432 2694)
3(1141 1424 599)
3(2356 1814 2639)
3(663 1385 657)
3(1878 1872 2600)
3(1234 1467 771)
3(2449 1986 2682)
3(948 1298 1228)
3(2163 2443 2513)
3(1212 1504 1027)
3(2427 2242 2719)
3(1371 1466 932)
3(2586 2147 2681)
3(815 1439 1301)
3(2030 2516 2654)
3(599 1509 1141)
3(1814 2356 2724)
3(828 1478 1465)
3(2043 2680 2693)
3(439 1391 721)
3(1654 1936 2606)
3(735 1448 1332)
3(1950 2547 2663)
3(1172 1465 458)
3(2387 1673 2680)
3(866 1273 1193)
3(2081 2408 2488)
3(998 1444 766)
3(2213 1981 2659)
3(422 1296 427)
3(1637 1642 2511)
3(565 1450 563)
3(1780 1778 2665)
3(713 1356 597)
3(1928 1812 2571)
3(1104 1273 1102)
3(2319 2317 2488)
3(1209 1481 598)
3(2424 1813 2696)
3(646 1388 644)
3(1861 1859 2603)
3(1333 1436 781)
3(2548 1996 2651)
3(1410 1510 639)
3(2625 1854 2725)
3(1161 1416 1162)
3(2376 2377 2631)
3(1382 1429 1109)
3(2597 2324 2644)
3(1071 1300 1149)
3(2286 2364 2515)
3(1256 1511 476)
3(2471 1691 2726)
3(1104 1274 1273)
3(2319 2488 2489)
3(971 1357 941)
3(2186 2156 2572)
3(809 1276 805)
3(2024 2020 2491)
3(871 1368 874)
3(2086 2089 2583)
3(783 1240 1230)
3(1998 2445 2455)
3(1278 1408 525)
3(2493 1740 2623)
3(1386 1420 525)
3(2601 1740 2635)
3(831 1439 815)
3(2046 2030 2654)
3(1381 1382 508)
3(2596 1723 2597)
3(771 1467 936)
3(1986 2151 2682)
3(1303 1387 1373)
3(2518 2588 2602)
3(692 1458 1248)
3(1907 2463 2673)
3(1396 1493 649)
3(2611 1864 2708)
3(660 1293 637)
3(1875 1852 2508)
3(809 1334 1276)
3(2024 2491 2549)
3(1329 1341 670)
3(2544 1885 2556)
3(783 1435 1240)
3(1998 2455 2650)
3(1290 1512 684)
3(2505 1899 2727)
3(487 1399 495)
3(1702 1710 2614)
3(836 1412 1338)
3(2051 2553 2627)
3(1261 1431 532)
3(2476 1747 2646)
3(680 1394 678)
3(1895 1893 2609)
3(1196 1447 848)
3(2411 2063 2662)
3(625 1515 1253)
3(1840 2468 2730)
3(492 1429 1382)
3(1707 2597 2644)
3(532 1259 1258)
3(1747 2473 2474)
3(761 1400 764)
3(1976 1979 2615)
3(1337 1460 732)
3(2552 1947 2675)
3(497 1393 504)
3(1712 1719 2608)
3(1283 1401 847)
3(2498 2062 2616)
3(636 1343 1247)
3(1851 2462 2558)
3(1265 1477 650)
3(2480 1865 2692)
3(987 1468 809)
3(2202 2024 2683)
3(666 1410 1135)
3(1881 2350 2625)
3(1138 1432 774)
3(2353 1989 2647)
3(724 1497 1248)
3(1939 2463 2712)
3(916 1456 1285)
3(2131 2500 2671)
3(492 1382 1381)
3(1707 2596 2597)
3(1373 1516 1303)
3(2588 2518 2731)
3(654 1442 651)
3(1869 1866 2657)
3(861 1475 545)
3(2076 1760 2690)
3(1301 1387 780)
3(2516 1995 2602)
3(525 1408 1386)
3(1740 2601 2623)
3(427 1455 425)
3(1642 1640 2670)
3(1314 1425 769)
3(2529 1984 2640)
3(1109 1429 522)
3(2324 1737 2644)
3(1253 1515 696)
3(2468 1911 2730)
3(510 1472 1386)
3(1725 2601 2687)
3(685 1404 683)
3(1900 1898 2619)
3(936 1467 1331)
3(2151 2546 2682)
3(1274 1354 888)
3(2489 2103 2569)
3(425 1455 431)
3(1640 1646 2670)
3(1380 1460 733)
3(2595 1948 2675)
3(1238 1459 1266)
3(2453 2481 2674)
3(1217 1472 515)
3(2432 1730 2687)
3(689 1405 687)
3(1904 1902 2620)
3(1330 1400 819)
3(2545 2034 2615)
3(479 1406 531)
3(1694 1746 2621)
3(1300 1419 642)
3(2515 1857 2634)
3(705 1413 703)
3(1920 1918 2628)
3(799 1400 1330)
3(2014 2545 2615)
3(1364 1365 740)
3(2579 1955 2580)
3(1149 1300 642)
3(2364 1857 2515)
3(876 1421 879)
3(2091 2094 2636)
3(381 1324 1322)
3(1596 2537 2539)
3(454 1391 439)
3(1669 1654 2606)
3(626 1326 1252)
3(1841 2467 2541)
3(830 1346 1277)
3(2045 2492 2561)
3(930 1420 738)
3(2145 1953 2635)
3(707 1414 705)
3(1922 1920 2629)
3(1162 1447 1262)
3(2377 2477 2662)
3(430 1516 1403)
3(1645 2618 2731)
3(661 1459 1388)
3(1876 2603 2674)
3(645 1308 1284)
3(1860 2499 2523)
3(887 1368 871)
3(2102 2086 2583)
3(576 1450 1449)
3(1791 2664 2665)
3(678 1394 818)
3(1893 2033 2609)
3(818 1394 1379)
3(2033 2594 2609)
3(848 1447 1321)
3(2063 2536 2662)
3(1482 1506 630)
3(2697 1845 2721)
3(677 1385 663)
3(1892 1878 2600)
3(889 1422 898)
3(2104 2113 2637)
3(522 1429 1418)
3(1737 2633 2644)
3(1303 1516 430)
3(2518 1645 2731)
3(667 1451 1443)
3(1882 2658 2666)
3(739 1365 1364)
3(1954 2579 2580)
3(661 1388 646)
3(1876 1861 2603)
3(888 1354 1107)
3(2103 2322 2569)
3(502 1393 497)
3(1717 1712 2608)
3(798 1498 1339)
3(2013 2554 2713)
3(966 1384 1150)
3(2181 2365 2599)
3(772 1448 940)
3(1987 2155 2663)
3(874 1368 877)
3(2089 2092 2583)
3(1336 1392 679)
3(2551 1894 2607)
3(819 1400 761)
3(2034 1976 2615)
3(505 1494 1454)
3(1720 2669 2709)
3(1104 1384 1274)
3(2319 2489 2599)
3(431 1455 454)
3(1646 1669 2670)
3(1331 1467 600)
3(2546 1815 2682)
3(764 1400 799)
3(1979 2014 2615)
3(658 1442 654)
3(1873 1869 2657)
3(495 1399 502)
3(1710 1717 2614)
3(1347 1486 486)
3(2562 1701 2701)
3(1454 1494 533)
3(2669 1748 2709)
3(702 1394 680)
3(1917 1895 2609)
3(581 1332 1330)
3(1796 2545 2547)
3(973 1414 707)
3(2188 1922 2629)
3(1275 1507 728)
3(2490 1943 2722)
3(728 1440 1312)
3(1943 2527 2655)
3(504 1393 520)
3(1719 1735 2608)
3(650 1477 648)
3(1865 1863 2692)
3(1180 1404 685)
3(2395 1900 2619)
3(879 1421 923)
3(2094 2138 2636)
3(1391 1397 721)
3(2606 1936 2612)
3(770 1469 1452)
3(1985 2667 2684)
3(749 1405 689)
3(1964 1904 2620)
3(1379 1394 702)
3(2594 1917 2609)
3(765 1432 1138)
3(1980 2353 2647)
3(683 1404 702)
3(1898 1917 2619)
3(1281 1430 484)
3(2496 1699 2645)
3(687 1405 1180)
3(1902 2395 2620)
3(596 1460 1380)
3(1811 2595 2675)
3(809 1468 1334)
3(2024 2549 2683)
3(703 1413 749)
3(1918 1964 2628)
3(877 1421 876)
3(2092 2091 2636)
3(891 1422 889)
3(2106 2104 2637)
3(738 1420 973)
3(1953 2188 2635)
3(766 1352 1257)
3(1981 2472 2567)
3(1379 1500 1181)
3(2594 2396 2715)
3(648 1477 661)
3(1863 1876 2692)
3(799 1448 772)
3(2014 1987 2663)
3(666 1510 1410)
3(1881 2625 2725)
3(533 1471 1246)
3(1748 2461 2686)
3(762 1425 1314)
3(1977 2529 2640)
3(1373 1488 423)
3(2588 1638 2703)
3(1476 1508 1175)
3(2691 2390 2723)
3(1449 1450 1249)
3(2664 2464 2665)
3(1312 1440 417)
3(2527 1632 2655)
3(950 1504 958)
3(2165 2173 2719)
3(1276 1334 638)
3(2491 1853 2549)
3(951 1504 950)
3(2166 2165 2719)
3(530 1430 1281)
3(1745 2496 2645)
3(1362 1463 817)
3(2577 2032 2678)
3(1386 1408 510)
3(2601 1725 2623)
3(1373 1387 424)
3(2588 1639 2602)
3(1278 1494 507)
3(2493 1722 2709)
3(863 1508 1476)
3(2078 2691 2723)
3(1404 1500 702)
3(2619 1917 2715)
3(1221 1397 1391)
3(2436 2606 2612)
3(1334 1482 638)
3(2549 1853 2697)
3(496 1431 1261)
3(1711 2476 2646)
3(1382 1409 508)
3(2597 1723 2624)
3(536 1441 1416)
3(1751 2631 2656)
3(1443 1451 639)
3(2658 1854 2666)
3(507 1408 1278)
3(1722 2493 2623)
3(705 1414 1413)
3(1920 2628 2629)
3(1301 1439 424)
3(2516 1639 2654)
3(1413 1414 535)
3(2628 1750 2629)
3(423 1516 1373)
3(1638 2588 2731)
3(631 1506 1482)
3(1846 2697 2721)
3(424 1387 1301)
3(1639 2516 2602)
3(1403 1516 423)
3(2618 1638 2731)
3(1418 1429 492)
3(2633 1707 2644)
3(1452 1469 760)
3(2667 1975 2684)
3(404 1243 1115)
3(1619 2330 2458)
3(506 520 509)
3(1721 1724 1735)
3(514 534 518)
3(1729 1733 1749)
3(714 1308 1295)
3(1929 2510 2523)
3(905 929 907)
3(2120 2122 2144)
3(945 970 947)
3(2160 2162 2185)
4(114 115 161 160)
4(115 116 162 161)
4(116 117 163 162)
4(113 114 160 159)
4(153 154 200 199)
4(127 128 174 173)
4(130 131 177 176)
4(150 151 197 196)
4(147 148 194 193)
4(119 120 166 165)
4(112 113 159 158)
4(146 147 193 192)
4(118 119 165 164)
4(155 156 202 201)
4(120 121 167 166)
4(129 130 176 175)
4(151 152 198 197)
4(145 146 192 191)
4(121 122 168 167)
4(111 112 158 157)
4(125 126 172 171)
4(154 155 201 200)
4(144 145 191 190)
4(148 149 195 194)
4(122 123 169 168)
4(143 144 190 189)
4(123 124 170 169)
4(128 129 175 174)
4(149 150 196 195)
4(117 118 164 163)
4(131 132 178 177)
4(126 127 173 172)
4(132 133 179 178)
4(133 1 5 179)
4(3 125 171 7)
4(156 3 7 202)
4(1 111 157 5)
4(4 143 189 8)
4(124 2 6 170)
4(152 153 199 198)
4(138 139 185 184)
4(136 137 183 182)
4(140 141 187 186)
4(137 138 184 183)
4(139 140 186 185)
4(135 136 182 181)
4(134 135 181 180)
4(141 142 188 187)
4(142 4 8 188)
4(2 134 180 6)
4(104 105 298 297)
4(76 77 270 269)
4(10 11 204 203)
4(15 16 209 208)
4(60 61 254 253)
4(106 107 300 299)
4(108 109 302 301)
4(74 75 268 267)
4(11 12 205 204)
4(19 20 213 212)
4(22 23 216 215)
4(27 28 221 220)
4(91 92 285 284)
4(29 30 223 222)
4(84 85 278 277)
4(35 36 229 228)
4(81 82 275 274)
4(40 41 234 233)
4(62 63 256 255)
4(109 110 303 302)
4(44 45 238 237)
4(65 66 259 258)
4(48 49 242 241)
4(69 70 263 262)
4(58 59 252 251)
4(50 51 244 243)
4(71 72 265 264)
4(70 71 264 263)
4(49 50 243 242)
4(51 52 245 244)
4(68 69 262 261)
4(72 73 266 265)
4(47 48 241 240)
4(67 68 261 260)
4(52 53 246 245)
4(46 47 240 239)
4(53 54 247 246)
4(66 67 260 259)
4(45 46 239 238)
4(54 55 248 247)
4(75 76 269 268)
4(64 65 258 257)
4(55 56 249 248)
4(43 44 237 236)
4(63 64 257 256)
4(77 78 271 270)
4(42 43 236 235)
4(57 58 251 250)
4(78 79 272 271)
4(41 42 235 234)
4(79 80 273 272)
4(80 81 274 273)
4(39 40 233 232)
4(82 83 276 275)
4(61 62 255 254)
4(83 84 277 276)
4(36 37 230 229)
4(85 86 279 278)
4(34 35 228 227)
4(86 87 280 279)
4(87 88 281 280)
4(32 33 226 225)
4(88 89 282 281)
4(89 90 283 282)
4(30 31 224 223)
4(90 91 284 283)
4(28 29 222 221)
4(59 60 253 252)
4(92 93 286 285)
4(93 94 287 286)
4(26 27 220 219)
4(94 95 288 287)
4(95 96 289 288)
4(24 25 218 217)
4(96 97 290 289)
4(23 24 217 216)
4(97 98 291 290)
4(98 99 292 291)
4(21 22 215 214)
4(99 100 293 292)
4(20 21 214 213)
4(100 101 294 293)
4(101 102 295 294)
4(18 19 212 211)
4(102 103 296 295)
4(17 18 211 210)
4(16 17 210 209)
4(105 106 299 298)
4(14 15 208 207)
4(13 14 207 206)
4(107 108 301 300)
4(12 13 206 205)
4(31 32 225 224)
4(110 0 9 303)
4(73 74 267 266)
4(0 10 203 9)
4(38 39 232 231)
4(25 26 219 218)
4(37 38 231 230)
4(56 57 250 249)
4(103 104 297 296)
4(33 34 227 226)
)


// ************************************************************************* //
