/*--------------------------------*- C++ -*----------------------------------*\
| =========                 |                                                 |
| \\      /  F ield         | OpenFOAM: The Open Source CFD Toolbox           |
|  \\    /   O peration     | Version:  2412                                  |
|   \\  /    A nd           | Website:  www.openfoam.com                      |
|    \\/     M anipulation  |                                                 |
\*---------------------------------------------------------------------------*/
FoamFile
{
    version     2.0;
    format      ascii;
    arch        "LSB;label=32;scalar=64";
    class       faceList;
    location    "constant/polyMesh";
    object      faces;
}
// * * * * * * * * * * * * * * * * * * * * * * * * * * * * * * * * * * * * * //


11769
(
4(209 1832 2954 1331)
4(209 1330 2953 1832)
4(1330 1331 2954 2953)
4(294 1539 3162 1917)
4(562 294 1917 2185)
4(562 2185 3162 1539)
4(867 1493 3116 2490)
4(867 2490 3170 1547)
4(1493 1547 3170 3116)
4(812 1379 3002 2435)
4(815 2438 3002 1379)
4(815 812 2435 2438)
4(940 1227 2850 2563)
4(1227 1456 3079 2850)
4(940 2563 3079 1456)
4(296 614 2237 1919)
4(283 1906 2237 614)
4(283 296 1919 1906)
4(1259 1471 3094 2882)
4(1257 2880 3094 1471)
4(1257 1259 2882 2880)
4(820 819 2442 2443)
4(820 2443 2516 893)
4(819 893 2516 2442)
4(670 217 1840 2293)
4(670 2293 3102 1479)
4(217 1479 3102 1840)
4(950 1456 3079 2573)
4(951 950 2573 2574)
4(951 2574 3079 1456)
4(1325 2948 2990 1367)
4(1276 1367 2990 2899)
4(1325 1276 2899 2948)
4(1266 1265 2888 2889)
4(1265 1626 3249 2888)
4(1266 2889 3249 1626)
4(377 2000 2416 793)
4(778 793 2416 2401)
4(377 778 2401 2000)
4(1327 1325 2948 2950)
4(1327 2950 2990 1367)
4(883 1698 3321 2506)
4(1031 883 2506 2654)
4(1031 2654 3321 1698)
4(410 2033 2768 1145)
4(413 1145 2768 2036)
4(410 413 2036 2033)
4(996 1132 2755 2619)
4(718 996 2619 2341)
4(718 2341 2755 1132)
4(951 1217 2840 2574)
4(1217 1648 3271 2840)
4(951 2574 3271 1648)
4(1046 1049 2672 2669)
4(1035 2658 2672 1049)
4(1035 1046 2669 2658)
4(819 2442 3347 1724)
4(820 1724 3347 2443)
4(457 1524 3147 2080)
4(467 457 2080 2090)
4(467 2090 3147 1524)
4(281 282 1905 1904)
4(281 1904 3332 1709)
4(282 1709 3332 1905)
4(225 90 125 1848)
4(90 1796 3419 125)
4(225 1848 3419 1796)
4(1261 1471 3094 2884)
4(1259 1261 2884 2882)
4(1106 1071 2694 2729)
4(1071 1125 2748 2694)
4(1106 2729 2748 1125)
4(1224 2847 2849 1226)
4(286 1226 2849 1909)
4(1224 286 1909 2847)
4(1336 1396 3019 2959)
4(1357 1336 2959 2980)
4(1357 2980 3019 1396)
4(1066 2689 3311 1688)
4(1066 1089 2712 2689)
4(1089 1688 3311 2712)
4(966 2589 2592 969)
4(652 969 2592 2275)
4(966 652 2275 2589)
4(1396 3019 3354 1731)
4(1336 1731 3354 2959)
4(1071 2694 2747 1124)
4(1106 1124 2747 2729)
4(884 1698 3321 2507)
4(883 884 2507 2506)
4(436 2059 2192 569)
4(436 565 2188 2059)
4(565 569 2192 2188)
4(1059 1057 2680 2682)
4(1059 2682 2734 1111)
4(1057 1111 2734 2680)
4(839 1473 3096 2462)
4(867 839 2462 2490)
4(867 2490 3096 1473)
4(85 120 1863 240)
4(86 240 1863 121)
4(1191 1598 3221 2814)
4(1476 3099 3221 1598)
4(1476 1191 2814 3099)
4(104 1542 3165 139)
4(221 104 139 1844)
4(221 1844 3165 1542)
4(414 2037 2063 440)
4(414 212 1835 2037)
4(212 440 2063 1835)
4(569 570 2193 2192)
4(436 2059 2193 570)
4(583 664 2287 2206)
4(586 583 2206 2209)
4(586 2209 2287 664)
4(824 1724 3347 2447)
4(1398 3021 3347 1724)
4(1398 824 2447 3021)
4(872 1032 2655 2495)
4(1026 872 2495 2649)
4(1026 2649 2655 1032)
4(246 1869 3318 1695)
4(246 241 1864 1869)
4(241 1695 3318 1864)
4(565 564 2187 2188)
4(564 566 2189 2187)
4(565 2188 2189 566)
4(670 672 2295 2293)
4(217 1840 2295 672)
4(448 447 2070 2071)
4(447 1666 3289 2070)
4(448 2071 3289 1666)
4(256 1770 3393 1879)
4(985 256 1879 2608)
4(985 2608 3393 1770)
4(1047 1465 3088 2670)
4(1383 3006 3088 1465)
4(1383 1047 2670 3006)
4(1377 246 1869 3000)
4(1377 3000 3318 1695)
4(480 494 2117 2103)
4(25 157 2117 494)
4(25 480 2103 157)
4(265 267 1890 1888)
4(267 1704 3327 1890)
4(265 1888 3327 1704)
4(866 857 2480 2489)
4(866 2489 3116 1493)
4(857 1493 3116 2480)
4(438 559 2182 2061)
4(438 2061 2183 560)
4(559 560 2183 2182)
4(429 563 2186 2052)
4(563 565 2188 2186)
4(429 2052 2188 565)
4(755 2378 3082 1459)
4(755 370 1993 2378)
4(370 1459 3082 1993)
4(299 378 2001 1922)
4(299 1922 2002 379)
4(378 379 2002 2001)
4(406 614 2237 2029)
4(296 406 2029 1919)
4(487 2110 2178 555)
4(515 555 2178 2138)
4(487 515 2138 2110)
4(482 494 2117 2105)
4(480 482 2105 2103)
4(790 801 2424 2413)
4(800 2423 2424 801)
4(800 790 2413 2423)
4(930 2553 3071 1448)
4(930 929 2552 2553)
4(929 1448 3071 2552)
4(420 595 2218 2043)
4(419 420 2043 2042)
4(419 2042 2218 595)
4(1412 3035 3104 1481)
4(1416 1481 3104 3039)
4(1412 1416 3039 3035)
4(1258 1317 2940 2881)
4(1260 2883 2940 1317)
4(1260 1258 2881 2883)
4(867 834 2457 2490)
4(834 1493 3116 2457)
4(851 2474 2486 863)
4(851 862 2485 2474)
4(862 863 2486 2485)
4(630 1193 2816 2253)
4(1182 630 2253 2805)
4(1182 2805 2816 1193)
4(761 2384 3203 1580)
4(978 1580 3203 2601)
4(761 978 2601 2384)
4(1508 1591 3214 3131)
4(1508 3131 3330 1707)
4(1591 1707 3330 3214)
4(205 1645 3268 1828)
4(241 205 1828 1864)
4(241 1864 3268 1645)
4(435 572 2195 2058)
4(572 1759 3382 2195)
4(435 2058 3382 1759)
4(72 219 1842 107)
4(72 107 2678 1055)
4(219 1055 2678 1842)
4(379 2002 3082 1459)
4(379 755 2378 2002)
4(438 437 2060 2061)
4(437 559 2182 2060)
4(429 428 2051 2052)
4(428 563 2186 2051)
4(563 564 2187 2186)
4(294 405 2028 1917)
4(405 1539 3162 2028)
4(218 106 141 1841)
4(106 1134 2757 141)
4(218 1841 2757 1134)
4(1571 1581 3204 3194)
4(1557 3180 3204 1581)
4(1557 1571 3194 3180)
4(279 1711 3334 1902)
4(817 2440 3334 1711)
4(817 279 1902 2440)
4(849 848 2471 2472)
4(848 1769 3392 2471)
4(849 2472 3392 1769)
4(942 2565 3333 1710)
4(942 278 1901 2565)
4(278 1710 3333 1901)
4(1177 1184 2807 2800)
4(1176 2799 2807 1184)
4(1176 1177 2800 2799)
4(1605 1509 3132 3228)
4(1605 3228 3230 1607)
4(1509 1607 3230 3132)
4(1177 1808 3431 2800)
4(1184 2807 3431 1808)
4(1137 813 2436 2760)
4(813 1499 3122 2436)
4(1137 2760 3122 1499)
4(448 1418 3041 2071)
4(448 2071 3047 1424)
4(1418 1424 3047 3041)
4(378 2001 2290 667)
4(299 667 2290 1922)
4(966 2589 2623 1000)
4(969 1000 2623 2592)
4(860 237 1860 2483)
4(237 861 2484 1860)
4(860 2483 2484 861)
4(206 254 1877 1829)
4(254 1791 3414 1877)
4(206 1829 3414 1791)
4(864 883 2506 2487)
4(864 2487 2654 1031)
4(819 821 2444 2442)
4(821 1690 3313 2444)
4(819 2442 3313 1690)
4(436 572 2195 2059)
4(435 436 2059 2058)
4(449 2072 3301 1678)
4(449 448 2071 2072)
4(448 1678 3301 2071)
4(944 930 2553 2567)
4(944 2567 3071 1448)
4(255 257 1880 1878)
4(255 1878 1881 258)
4(257 258 1881 1880)
4(835 870 2493 2458)
4(831 835 2458 2454)
4(831 2454 2493 870)
4(694 2317 2613 990)
4(694 696 2319 2317)
4(696 990 2613 2319)
4(796 1457 3080 2419)
4(785 2408 3080 1457)
4(785 796 2419 2408)
4(205 1828 1863 240)
4(205 85 120 1828)
4(1554 1470 3093 3177)
4(1554 3177 3179 1556)
4(1470 1556 3179 3093)
4(843 971 2594 2466)
4(648 2271 2594 971)
4(648 843 2466 2271)
4(1425 1678 3301 3048)
4(1424 3047 3301 1678)
4(1424 1425 3048 3047)
4(592 591 2214 2215)
4(591 1025 2648 2214)
4(592 2215 2648 1025)
4(820 891 2514 2443)
4(890 820 2443 2513)
4(890 2513 2514 891)
4(1439 3062 3096 1473)
4(1439 858 2481 3062)
4(858 1473 3096 2481)
4(1314 1748 3371 2937)
4(1315 1314 2937 2938)
4(1315 2938 3371 1748)
4(694 2317 3248 1625)
4(990 1625 3248 2613)
4(420 1247 2870 2043)
4(595 2218 2870 1247)
4(440 1680 3303 2063)
4(414 2037 3303 1680)
4(434 439 2062 2057)
4(430 2053 2062 439)
4(430 434 2057 2053)
4(426 594 2217 2049)
4(427 2050 2217 594)
4(427 426 2049 2050)
4(103 1774 3397 138)
4(207 103 138 1830)
4(207 1830 3397 1774)
4(1314 1313 2936 2937)
4(1313 1748 3371 2936)
4(1480 3103 3329 1706)
4(1480 1337 2960 3103)
4(1337 1706 3329 2960)
4(559 2182 2185 562)
4(559 294 1917 2182)
4(1502 1501 3124 3125)
4(1502 3125 3441 1818)
4(1501 1818 3441 3124)
4(1225 1205 2828 2848)
4(1225 2848 3067 1444)
4(1205 1444 3067 2828)
4(247 594 2217 1870)
4(426 247 1870 2049)
4(295 389 2012 1918)
4(385 2008 2012 389)
4(385 295 1918 2008)
4(1484 3107 3123 1500)
4(1454 1500 3123 3077)
4(1484 1454 3077 3107)
4(75 206 1829 110)
4(75 110 3359 1736)
4(206 1736 3359 1829)
4(3 1409 3032 7)
4(106 141 3032 1409)
4(1587 1597 3220 3210)
4(1560 3183 3220 1597)
4(1560 1587 3210 3183)
4(963 2586 2842 1219)
4(957 1219 2842 2580)
4(963 957 2580 2586)
4(1 5 3028 1405)
4(72 1405 3028 107)
4(1309 1269 2892 2932)
4(1309 2932 3283 1660)
4(1269 1660 3283 2892)
4(839 1439 3062 2462)
4(583 1537 3160 2206)
4(664 2287 3160 1537)
4(67 389 2012 199)
4(295 67 199 1918)
4(848 2471 3309 1686)
4(849 1686 3309 2472)
4(444 2067 2209 586)
4(444 583 2206 2067)
4(796 340 1963 2419)
4(340 1457 3080 1963)
4(790 802 2425 2413)
4(801 2424 2425 802)
4(451 2074 2123 500)
4(19 500 2123 151)
4(451 19 151 2074)
4(240 1645 3268 1863)
4(821 941 2564 2444)
4(822 821 2444 2445)
4(822 2445 2564 941)
4(992 1530 3153 2615)
4(993 992 2615 2616)
4(993 2616 3153 1530)
4(1337 1396 3019 2960)
4(1337 2960 3354 1731)
4(282 1905 2854 1231)
4(281 1231 2854 1904)
4(446 1134 2757 2069)
4(249 1872 2757 1134)
4(249 446 2069 1872)
4(693 688 2311 2316)
4(693 2316 2867 1244)
4(688 1244 2867 2311)
4(863 864 2487 2486)
4(851 2474 2487 864)
4(996 344 1967 2619)
4(344 1132 2755 1967)
4(1374 1414 3037 2997)
4(1413 1374 2997 3036)
4(1413 3036 3037 1414)
4(255 254 1877 1878)
4(254 257 1880 1877)
4(235 1055 2678 1858)
4(263 1886 2678 1055)
4(263 235 1858 1886)
4(412 1109 2732 2035)
4(412 2035 2765 1142)
4(1109 1142 2765 2732)
4(1046 1013 2636 2669)
4(1013 1049 2672 2636)
4(1269 2892 3027 1404)
4(1309 1404 3027 2932)
4(1316 2939 3094 1471)
4(1316 1257 2880 2939)
4(412 1145 2768 2035)
4(1109 2732 2768 1145)
4(1266 1822 3445 2889)
4(1265 2888 3445 1822)
4(536 697 2320 2159)
4(697 1730 3353 2320)
4(536 2159 3353 1730)
4(73 219 1842 108)
4(105 140 1841 218)
4(455 449 2072 2078)
4(455 2078 3301 1678)
4(449 1524 3147 2072)
4(457 449 2072 2080)
4(1080 1112 2735 2703)
4(1096 2719 2735 1112)
4(1096 1080 2703 2719)
4(75 254 1877 110)
4(555 1139 2762 2178)
4(487 2110 2762 1139)
4(354 315 1938 1977)
4(354 1977 1979 356)
4(315 356 1979 1938)
4(567 573 2196 2190)
4(567 2190 2197 574)
4(573 574 2197 2196)
4(992 994 2617 2615)
4(994 1530 3153 2617)
4(842 2465 2490 867)
4(842 834 2457 2465)
4(500 501 2124 2123)
4(451 2074 2124 501)
4(104 1774 3397 139)
4(693 1625 3248 2316)
4(688 2311 3248 1625)
4(1249 1456 3079 2872)
4(950 1249 2872 2573)
4(412 410 2033 2035)
4(979 2602 2604 981)
4(975 981 2604 2598)
4(979 975 2598 2602)
4(697 2320 3109 1486)
4(536 1486 3109 2159)
4(965 1241 2864 2588)
4(1241 1431 3054 2864)
4(965 2588 3054 1431)
4(763 761 2384 2386)
4(763 2386 3203 1580)
4(866 1464 3087 2489)
4(857 2480 3087 1464)
4(452 2075 2131 508)
4(21 508 2131 153)
4(452 21 153 2075)
4(90 125 3265 1642)
4(225 1642 3265 1848)
4(823 1690 3313 2446)
4(1690 1809 3432 3313)
4(823 2446 3432 1809)
4(377 2000 2766 1143)
4(793 1143 2766 2416)
4(1546 1098 2721 3169)
4(1546 3169 3242 1619)
4(1098 1619 3242 2721)
4(872 1742 3365 2495)
4(1032 2655 3365 1742)
4(1097 2720 3017 1394)
4(1065 1394 3017 2688)
4(1097 1065 2688 2720)
4(452 554 2177 2075)
4(554 665 2288 2177)
4(452 2075 2288 665)
4(1315 2938 3329 1706)
4(1315 1480 3103 2938)
4(442 353 1976 2065)
4(442 2065 2241 618)
4(353 618 2241 1976)
4(268 1891 3002 1379)
4(268 267 1890 1891)
4(267 1379 3002 1890)
4(209 87 122 1832)
4(87 1725 3348 122)
4(209 1832 3348 1725)
4(965 1643 3266 2588)
4(1241 2864 3266 1643)
4(408 409 2032 2031)
4(408 2031 2033 410)
4(409 410 2033 2032)
4(942 2565 3086 1463)
4(942 282 1905 2565)
4(282 1463 3086 1905)
4(1527 1584 3207 3150)
4(1584 1588 3211 3207)
4(1527 3150 3211 1588)
4(452 1732 3355 2075)
4(554 2177 3355 1732)
4(1217 2840 2843 1220)
4(951 1220 2843 2574)
4(1617 1043 2666 3240)
4(1617 3240 3251 1628)
4(1043 1628 3251 2666)
4(361 445 2068 1984)
4(364 1987 2068 445)
4(364 361 1984 1987)
4(1000 1447 3070 2623)
4(966 2589 3070 1447)
4(74 109 3359 1736)
4(839 2462 3170 1547)
4(818 819 2442 2441)
4(818 2441 3347 1724)
4(92 127 3028 1405)
4(83 1409 3032 118)
4(860 2483 3290 1667)
4(847 1667 3290 2470)
4(860 847 2470 2483)
4(276 281 1904 1899)
4(276 1899 3332 1709)
4(1030 1702 3325 2653)
4(1028 1030 2653 2651)
4(1028 2651 3325 1702)
4(314 315 1938 1937)
4(314 1937 1977 354)
4(248 1338 2961 1871)
4(248 1871 2970 1347)
4(1338 1347 2970 2961)
4(355 356 1979 1978)
4(355 1978 1981 358)
4(356 358 1981 1979)
4(1228 1410 3033 2851)
4(1230 1228 2851 2853)
4(1230 2853 3033 1410)
4(308 1393 3016 1931)
4(309 1932 3016 1393)
4(309 308 1931 1932)
4(1225 1652 3275 2848)
4(1205 2828 3275 1652)
4(1258 2881 2952 1329)
4(1258 1255 2878 2881)
4(1255 1329 2952 2878)
4(245 241 1864 1868)
4(245 1868 1869 246)
4(1081 1112 2735 2704)
4(1080 1081 2704 2703)
4(793 2416 3117 1494)
4(778 1494 3117 2401)
4(1265 1262 2885 2888)
4(1262 1626 3249 2885)
4(893 1690 3313 2516)
4(823 893 2516 2446)
4(1036 2659 2672 1049)
4(1036 1035 2658 2659)
4(247 424 2047 1870)
4(424 594 2217 2047)
4(1528 1600 3223 3151)
4(993 2616 3223 1600)
4(993 1528 3151 2616)
4(308 1665 3288 1931)
4(1393 3016 3288 1665)
4(574 2197 3005 1382)
4(577 1382 3005 2200)
4(574 577 2200 2197)
4(1455 1335 2958 3078)
4(1335 1802 3425 2958)
4(1455 3078 3425 1802)
4(355 354 1977 1978)
4(231 1653 3276 1854)
4(226 231 1854 1849)
4(226 1849 3276 1653)
4(380 2003 2012 389)
4(381 389 2012 2004)
4(380 381 2004 2003)
4(265 264 1887 1888)
4(264 267 1890 1887)
4(1000 1001 2624 2623)
4(1001 1447 3070 2624)
4(455 2078 3124 1501)
4(455 1427 3050 2078)
4(1427 1501 3124 3050)
4(1180 2803 3218 1595)
4(1180 1181 2804 2803)
4(1181 1595 3218 2804)
4(819 816 2439 2442)
4(816 821 2444 2439)
4(447 2070 2072 449)
4(439 2062 3168 1545)
4(434 1545 3168 2057)
4(1490 1466 3089 3113)
4(1466 1677 3300 3089)
4(1490 3113 3300 1677)
4(981 982 2605 2604)
4(979 2602 2605 982)
4(506 2129 3376 1753)
4(506 1428 3051 2129)
4(1428 1753 3376 3051)
4(1504 1631 3254 3127)
4(1505 1504 3127 3128)
4(1505 3128 3254 1631)
4(1001 1241 2864 2624)
4(1241 1242 2865 2864)
4(1001 2624 2865 1242)
4(1348 1412 3035 2971)
4(1348 2971 3104 1481)
4(1172 1193 2816 2795)
4(630 1172 2795 2253)
4(1374 2997 3416 1793)
4(1374 1415 3038 2997)
4(1415 1793 3416 3038)
4(808 813 2436 2431)
4(808 2431 2760 1137)
4(90 204 1827 125)
4(204 1796 3419 1827)
4(1553 3176 3177 1554)
4(1553 1470 3093 3176)
4(953 960 2583 2576)
4(901 953 2576 2524)
4(901 2524 2583 960)
4(1034 1036 2659 2657)
4(1034 2657 2672 1049)
4(1042 2665 3240 1617)
4(1042 1043 2666 2665)
4(906 2529 2584 961)
4(906 907 2530 2529)
4(907 961 2584 2530)
4(1358 568 2191 2981)
4(1358 2981 3005 1382)
4(568 1382 3005 2191)
4(413 416 2039 2036)
4(416 1145 2768 2039)
4(567 564 2187 2190)
4(564 573 2196 2187)
4(443 444 2067 2066)
4(443 2066 2209 586)
4(408 407 2030 2031)
4(407 409 2032 2030)
4(299 1922 3082 1459)
4(1684 3307 3321 1698)
4(1020 1698 3321 2643)
4(1684 1020 2643 3307)
4(505 2128 3376 1753)
4(505 506 2129 2128)
4(1504 1503 3126 3127)
4(1503 1631 3254 3126)
4(884 1684 3307 2507)
4(1314 2937 3329 1706)
4(802 2425 2497 874)
4(790 874 2497 2413)
4(1583 1692 3315 3206)
4(1522 1583 3206 3145)
4(1522 3145 3315 1692)
4(1471 1800 3423 3094)
4(1316 2939 3423 1800)
4(697 509 2132 2320)
4(509 1730 3353 2132)
4(718 347 1970 2341)
4(347 996 2619 1970)
4(88 123 1831 208)
4(89 208 1831 124)
4(86 121 1832 209)
4(440 392 2015 2063)
4(392 1680 3303 2015)
4(87 223 1846 122)
4(223 1725 3348 1846)
4(1528 1526 3149 3151)
4(1528 3151 3262 1639)
4(1526 1639 3262 3149)
4(954 2577 3009 1386)
4(954 924 2547 2577)
4(924 1386 3009 2547)
4(452 2075 2132 509)
4(508 509 2132 2131)
4(91 204 1827 126)
4(84 119 1828 205)
4(268 810 2433 1891)
4(268 1891 2434 811)
4(810 811 2434 2433)
4(447 250 1873 2070)
4(250 1666 3289 1873)
4(1556 1584 3207 3179)
4(1571 3194 3207 1584)
4(1571 1556 3179 3194)
4(280 256 1879 1903)
4(256 284 1907 1879)
4(280 1903 1907 284)
4(1348 1339 2962 2971)
4(1339 1548 3171 2962)
4(1348 2971 3171 1548)
4(255 1791 3414 1878)
4(822 2445 3432 1809)
4(822 1685 3308 2445)
4(1685 1809 3432 3308)
4(231 232 1855 1854)
4(232 1653 3276 1855)
4(816 818 2441 2439)
4(813 2436 2441 818)
4(813 816 2439 2436)
4(505 620 2243 2128)
4(453 505 2128 2076)
4(453 2076 2243 620)
4(1318 1305 2928 2941)
4(1305 1380 3003 2928)
4(1318 2941 3003 1380)
4(1034 1048 2671 2657)
4(1036 2659 2671 1048)
4(843 876 2499 2466)
4(876 971 2594 2499)
4(1307 1368 2991 2930)
4(1368 1735 3358 2991)
4(1307 2930 3358 1735)
4(105 140 3165 1542)
4(218 1542 3165 1841)
4(73 1543 3166 108)
4(219 1842 3166 1543)
4(675 1407 3030 2298)
4(1407 1701 3324 3030)
4(675 2298 3324 1701)
4(1355 1070 2693 2978)
4(1355 2978 3362 1739)
4(1070 1739 3362 2693)
4(20 508 2131 152)
4(1133 1134 2757 2756)
4(446 1133 2756 2069)
4(590 2213 2215 592)
4(590 591 2214 2213)
4(223 88 123 1846)
4(88 1658 3281 123)
4(223 1846 3281 1658)
4(258 261 1884 1881)
4(258 1881 3393 1770)
4(261 1770 3393 1884)
4(403 2026 2237 614)
4(403 283 1906 2026)
4(965 2588 2842 1219)
4(965 963 2586 2588)
4(794 970 2593 2417)
4(970 1550 3173 2593)
4(794 2417 3173 1550)
4(360 362 1985 1983)
4(362 363 1986 1985)
4(360 1983 1986 363)
4(1066 2689 3089 1466)
4(1066 1063 2686 2689)
4(1063 1466 3089 2686)
4(1662 3285 3348 1725)
4(224 1725 3348 1847)
4(1662 224 1847 3285)
4(866 1399 3022 2489)
4(852 2475 3022 1399)
4(852 866 2489 2475)
4(587 2210 2213 590)
4(357 590 2213 1980)
4(587 357 1980 2210)
4(102 262 1885 137)
4(262 1397 3020 1885)
4(102 137 3020 1397)
4(261 678 2301 1884)
4(678 1632 3255 2301)
4(261 1884 3255 1632)
4(810 1379 3002 2433)
4(812 810 2433 2435)
4(1058 1057 2680 2681)
4(1058 2681 2682 1059)
4(26 158 2117 494)
4(66 198 2003 380)
4(65 380 2003 197)
4(478 558 2181 2101)
4(289 1912 2181 558)
4(289 478 2101 1912)
4(264 1778 3401 1887)
4(236 264 1887 1859)
4(236 1859 3401 1778)
4(243 619 2242 1866)
4(432 243 1866 2055)
4(432 2055 2242 619)
4(450 620 2243 2073)
4(498 450 2073 2121)
4(498 2121 2243 620)
4(1055 1405 3028 2678)
4(294 404 2027 1917)
4(404 405 2028 2027)
4(66 198 2012 389)
4(1177 1180 2803 2800)
4(1180 1808 3431 2803)
4(587 2210 2215 592)
4(1258 1488 3111 2881)
4(1317 2940 3111 1488)
4(940 2563 3076 1453)
4(940 1249 2872 2563)
4(1249 1453 3076 2872)
4(1110 1071 2694 2733)
4(1110 2733 2747 1124)
4(1134 2757 3032 1409)
4(906 2529 3173 1550)
4(961 1550 3173 2584)
4(300 625 2248 1923)
4(308 1931 2248 625)
4(308 300 1923 1931)
4(704 2327 2392 769)
4(703 769 2392 2326)
4(704 703 2326 2327)
4(231 1854 3419 1796)
4(226 1796 3419 1849)
4(832 2455 2489 866)
4(830 866 2489 2453)
4(832 830 2453 2455)
4(826 2449 2670 1047)
4(825 1047 2670 2448)
4(826 825 2448 2449)
4(1472 867 2490 3095)
4(1472 3095 3096 1473)
4(102 1817 3440 137)
4(262 1885 3440 1817)
4(649 352 1975 2272)
4(649 2272 3065 1442)
4(352 1442 3065 1975)
4(573 2196 2217 594)
4(573 427 2050 2196)
4(1393 3016 3161 1538)
4(1393 328 1951 3016)
4(328 1538 3161 1951)
4(479 2102 2183 560)
4(479 438 2061 2102)
4(436 429 2052 2059)
4(1709 942 2565 3332)
4(1709 3332 3333 1710)
4(978 980 2603 2601)
4(980 1580 3203 2603)
4(228 417 2040 1851)
4(228 1851 2045 422)
4(417 422 2045 2040)
4(674 213 1836 2297)
4(674 2297 2298 675)
4(213 675 2298 1836)
4(1543 1736 3359 3166)
4(222 1543 3166 1845)
4(222 1845 3359 1736)
4(560 561 2184 2183)
4(479 2102 2184 561)
4(891 2514 2516 893)
4(443 252 1875 2066)
4(252 444 2067 1875)
4(242 428 2051 1865)
4(242 1865 2052 429)
4(293 403 2026 1916)
4(293 1916 2027 404)
4(403 404 2027 2026)
4(289 437 2060 1912)
4(289 1912 2061 438)
4(277 366 1989 1900)
4(277 1900 1990 367)
4(366 367 1990 1989)
4(228 407 2030 1851)
4(228 1851 2031 408)
4(832 2455 3116 1493)
4(318 1941 2064 441)
4(316 441 2064 1939)
4(318 316 1939 1941)
4(395 2018 2062 439)
4(211 439 2062 1834)
4(395 211 1834 2018)
4(210 1833 2063 440)
4(210 392 2015 1833)
4(474 2097 2181 558)
4(471 558 2181 2094)
4(474 471 2094 2097)
4(325 442 2065 1948)
4(233 1856 2065 442)
4(233 325 1948 1856)
4(297 625 2248 1920)
4(300 297 1920 1923)
4(229 445 2068 1852)
4(361 229 1852 1984)
4(736 1399 3022 2359)
4(1250 2873 3022 1399)
4(1250 736 2359 2873)
4(939 942 2565 2562)
4(939 2562 3086 1463)
4(389 2012 3081 1458)
4(381 1458 3081 2004)
4(958 1219 2842 2581)
4(957 958 2581 2580)
4(1605 1613 3236 3228)
4(1509 3132 3236 1613)
4(1001 1431 3054 2624)
4(27 159 2066 443)
4(27 252 1875 159)
4(35 619 2242 167)
4(243 35 167 1866)
4(33 428 2051 165)
4(242 33 165 1865)
4(70 403 2026 202)
4(293 70 202 1916)
4(10 437 2060 142)
4(289 10 142 1912)
4(16 620 2243 148)
4(450 16 148 2073)
4(64 366 1989 196)
4(277 64 196 1900)
4(37 430 2053 169)
4(37 169 2062 439)
4(44 407 2030 176)
4(228 44 176 1851)
4(1414 3037 3416 1793)
4(1585 3208 3219 1596)
4(1585 1568 3191 3208)
4(1568 1596 3219 3191)
4(360 359 1982 1983)
4(359 362 1985 1982)
4(1191 1529 3152 2814)
4(1529 1598 3221 3152)
4(294 293 1916 1917)
4(567 2190 3005 1382)
4(649 648 2271 2272)
4(649 2272 2594 971)
4(943 1002 2625 2566)
4(933 2556 2625 1002)
4(933 943 2566 2556)
4(314 313 1936 1937)
4(313 315 1938 1936)
4(470 472 2095 2093)
4(472 473 2096 2095)
4(470 2093 2096 473)
4(391 394 2017 2014)
4(394 397 2020 2017)
4(391 2014 2020 397)
4(311 314 1937 1934)
4(311 1934 1977 354)
4(1095 2718 2978 1355)
4(1095 1070 2693 2718)
4(405 2028 2592 969)
4(631 969 2592 2254)
4(405 631 2254 2028)
4(208 1658 3281 1831)
4(1280 1267 2890 2903)
4(1267 1715 3338 2890)
4(1280 2903 3338 1715)
4(814 811 2434 2437)
4(811 825 2448 2434)
4(814 2437 2448 825)
4(1044 2667 3240 1617)
4(1044 1042 2665 2667)
4(572 1246 2869 2195)
4(1246 1759 3382 2869)
4(794 1494 3117 2417)
4(970 2593 3117 1494)
4(1125 2748 3110 1487)
4(1071 1487 3110 2694)
4(872 2495 2650 1027)
4(1026 1027 2650 2649)
4(1522 1581 3204 3145)
4(1571 1522 3145 3194)
4(1215 1219 2842 2838)
4(1218 1215 2838 2841)
4(1218 2841 2842 1219)
4(938 940 2563 2561)
4(938 2561 3076 1453)
4(1269 1822 3445 2892)
4(1375 2998 3445 1822)
4(1375 1269 2892 2998)
4(1521 1527 3150 3144)
4(1526 1521 3144 3149)
4(1526 3149 3150 1527)
4(260 1883 3102 1479)
4(260 670 2293 1883)
4(442 1729 3352 2065)
4(353 1976 3352 1729)
4(1396 1480 3103 3019)
4(1298 1396 3019 2921)
4(1298 2921 3103 1480)
4(1233 2856 3055 1432)
4(1233 1170 2793 2856)
4(1170 1432 3055 2793)
4(555 2178 3167 1544)
4(515 1544 3167 2138)
4(890 1398 3021 2513)
4(820 2443 3021 1398)
4(630 2253 3350 1727)
4(1182 1727 3350 2805)
4(675 677 2300 2298)
4(677 1407 3030 2300)
4(1508 1576 3199 3131)
4(1576 1591 3214 3199)
4(1368 2991 3012 1389)
4(1307 1389 3012 2930)
4(1592 1594 3217 3215)
4(1570 3193 3217 1594)
4(1570 1592 3215 3193)
4(409 2032 2037 414)
4(409 212 1835 2032)
4(1602 1603 3226 3225)
4(1601 3224 3226 1603)
4(1601 1602 3225 3224)
4(422 227 1850 2045)
4(422 2045 3396 1773)
4(227 1773 3396 1850)
4(1338 2961 3257 1634)
4(248 1634 3257 1871)
4(507 2130 2597 974)
4(507 973 2596 2130)
4(973 974 2597 2596)
4(258 678 2301 1881)
4(585 690 2313 2208)
4(690 691 2314 2313)
4(585 2208 2314 691)
4(1469 3092 3218 1595)
4(1469 1180 2803 3092)
4(1427 3050 3323 1700)
4(1427 1500 3123 3050)
4(1500 1700 3323 3123)
4(1543 74 109 3166)
4(558 2181 3279 1656)
4(478 1656 3279 2101)
4(1315 1403 3026 2938)
4(1403 1480 3103 3026)
4(667 2290 2758 1135)
4(667 269 1892 2290)
4(269 1135 2758 1892)
4(1183 1176 2799 2806)
4(1183 2806 2807 1184)
4(686 690 2313 2309)
4(585 686 2309 2208)
4(1621 3244 3245 1622)
4(1621 433 2056 3244)
4(433 1622 3245 2056)
4(1227 2850 3086 1463)
4(940 1463 3086 2563)
4(312 1935 1937 314)
4(312 313 1936 1935)
4(469 472 2095 2092)
4(470 469 2092 2093)
4(390 394 2017 2013)
4(391 390 2013 2014)
4(310 314 1937 1933)
4(311 310 1933 1934)
4(654 504 2127 2277)
4(504 1747 3370 2127)
4(654 2277 3370 1747)
4(670 214 1837 2293)
4(670 2293 2294 671)
4(214 671 2294 1837)
4(1314 1334 2957 2937)
4(1333 2956 2957 1334)
4(1333 1314 2937 2956)
4(848 846 2469 2471)
4(846 1769 3392 2469)
4(255 1878 3393 1770)
4(1657 3280 3285 1662)
4(1113 1662 3285 2736)
4(1657 1113 2736 3280)
4(654 1549 3172 2277)
4(504 2127 3172 1549)
4(1531 3154 3234 1611)
4(1531 714 2337 3154)
4(714 1611 3234 2337)
4(395 2018 3168 1545)
4(509 1732 3355 2132)
4(1527 1583 3206 3150)
4(1583 1584 3207 3206)
4(995 1526 3149 2618)
4(995 2618 3151 1528)
4(358 1981 2268 645)
4(644 645 2268 2267)
4(358 644 2267 1981)
4(1233 2856 3298 1675)
4(1432 1675 3298 3055)
4(325 1729 3352 1948)
4(408 417 2040 2031)
4(1269 1715 3338 2892)
4(1715 1822 3445 3338)
4(474 2097 3279 1656)
4(984 584 2207 2607)
4(984 2607 3160 1537)
4(584 1537 3160 2207)
4(366 299 1922 1989)
4(366 1989 3082 1459)
4(620 2243 3376 1753)
4(802 824 2447 2425)
4(801 2424 2447 824)
4(673 213 1836 2296)
4(673 2296 2297 674)
4(79 114 2296 673)
4(80 673 2296 115)
4(424 586 2209 2047)
4(424 2047 2287 664)
4(18 500 2123 150)
4(606 2229 3245 1622)
4(606 1621 3244 2229)
4(591 1805 3428 2214)
4(1025 2648 3428 1805)
4(934 954 2577 2557)
4(934 2557 3009 1386)
4(318 1941 2289 666)
4(441 666 2289 2064)
4(494 2117 3164 1541)
4(482 1541 3164 2105)
4(818 2441 3122 1499)
4(818 824 2447 2441)
4(824 1499 3122 2447)
4(862 2485 3256 1633)
4(851 1633 3256 2474)
4(656 1148 2771 2279)
4(656 2279 2773 1150)
4(1148 1150 2773 2771)
4(830 1399 3022 2453)
4(602 607 2230 2225)
4(607 1622 3245 2230)
4(602 2225 3245 1622)
4(1604 3227 3232 1609)
4(1607 1609 3232 3230)
4(1604 1607 3230 3227)
4(265 1778 3401 1888)
4(268 1704 3327 1891)
4(406 615 2238 2029)
4(614 2237 2238 615)
4(1489 1663 3286 3112)
4(1128 2751 3286 1663)
4(1128 1489 3112 2751)
4(1406 1438 3061 3029)
4(1365 1406 3029 2988)
4(1365 2988 3061 1438)
4(463 1517 3140 2086)
4(463 2086 3143 1520)
4(1517 1520 3143 3140)
4(826 2449 3278 1655)
4(1047 1655 3278 2670)
4(872 850 2473 2495)
4(850 1742 3365 2473)
4(1305 2928 3246 1623)
4(1318 1623 3246 2941)
4(954 960 2583 2577)
4(953 954 2577 2576)
4(422 1478 3101 2045)
4(227 1850 3101 1478)
4(381 1002 2625 2004)
4(943 381 2004 2566)
4(1322 1382 3005 2945)
4(577 1322 2945 2200)
4(1210 1225 2848 2833)
4(1210 2833 3067 1444)
4(357 359 1982 1980)
4(357 1980 1983 360)
4(463 1514 3137 2086)
4(1514 1517 3140 3137)
4(398 401 2024 2021)
4(401 621 2244 2024)
4(398 2021 2244 621)
4(253 1876 2757 1134)
4(253 249 1872 1876)
4(221 1774 3397 1844)
4(744 2367 2873 1250)
4(748 1250 2873 2371)
4(744 748 2371 2367)
4(1604 3227 3384 1761)
4(1609 1761 3384 3232)
4(1219 2842 3266 1643)
4(1215 1643 3266 2838)
4(704 2327 2393 770)
4(769 770 2393 2392)
4(625 1665 3288 2248)
4(901 961 2584 2524)
4(953 2576 2584 961)
4(239 1055 2678 1862)
4(235 239 1862 1858)
4(1236 1237 2860 2859)
4(1236 2859 3292 1669)
4(1237 1669 3292 2860)
4(1339 2962 3078 1455)
4(1339 1335 2958 2962)
4(1144 1252 2875 2767)
4(1100 2723 2875 1252)
4(1100 1144 2767 2723)
4(1600 3223 3262 1639)
4(942 2565 3320 1697)
4(939 1697 3320 2562)
4(821 278 1901 2444)
4(278 941 2564 1901)
4(822 1690 3313 2445)
4(355 1978 2268 645)
4(397 401 2024 2020)
4(398 397 2020 2021)
4(259 1882 1883 260)
4(259 257 1880 1882)
4(257 260 1883 1880)
4(76 254 1877 111)
4(1446 1427 3050 3069)
4(1446 3069 3323 1700)
4(1206 2829 2841 1218)
4(1206 1215 2838 2829)
4(254 215 1838 1877)
4(215 257 1880 1838)
4(589 2212 2215 592)
4(589 587 2210 2212)
4(604 434 2057 2227)
4(604 2227 3244 1621)
4(434 1621 3244 2057)
4(320 666 2289 1943)
4(323 1946 2289 666)
4(323 320 1943 1946)
4(625 266 1889 2248)
4(266 1665 3288 1889)
4(1602 1604 3227 3225)
4(1603 3226 3227 1604)
4(378 2001 2758 1135)
4(267 271 1894 1890)
4(267 1890 3343 1720)
4(271 1720 3343 1894)
4(944 1453 3076 2567)
4(930 2553 3076 1453)
4(1305 1280 2903 2928)
4(1280 1380 3003 2903)
4(693 694 2317 2316)
4(275 1710 3333 1898)
4(274 275 1898 1897)
4(274 1897 3333 1710)
4(463 1672 3295 2086)
4(1671 463 2086 3294)
4(1671 3294 3295 1672)
4(621 2244 2246 623)
4(401 623 2246 2024)
4(669 214 1837 2292)
4(669 2292 2293 670)
4(461 2084 3337 1714)
4(461 460 2083 2084)
4(460 1714 3337 2083)
4(1228 288 1911 2851)
4(288 1410 3033 1911)
4(857 1547 3170 2480)
4(1363 2986 2987 1364)
4(1363 1313 2936 2986)
4(1313 1364 2987 2936)
4(665 679 2302 2288)
4(454 665 2288 2077)
4(454 2077 2302 679)
4(592 593 2216 2215)
4(589 2212 2216 593)
4(309 1932 3161 1538)
4(1054 2677 2678 1055)
4(1054 263 1886 2677)
4(89 124 3265 1642)
4(1191 2814 3222 1599)
4(1189 1599 3222 2812)
4(1191 1189 2812 2814)
4(1283 2906 3094 1471)
4(1330 1471 3094 2953)
4(1283 1330 2953 2906)
4(1112 1141 2764 2735)
4(1096 2719 2764 1141)
4(850 848 2471 2473)
4(850 2473 3309 1686)
4(357 315 1938 1980)
4(315 359 1982 1938)
4(604 1545 3168 2227)
4(397 396 2019 2020)
4(396 401 2024 2019)
4(473 475 2098 2096)
4(475 476 2099 2098)
4(473 2096 2099 476)
4(326 354 1977 1949)
4(326 1949 1978 355)
4(393 397 2020 2016)
4(393 2016 2021 398)
4(1176 2799 2868 1245)
4(1183 1245 2868 2806)
4(655 1148 2771 2278)
4(656 655 2278 2279)
4(992 292 1915 2615)
4(292 994 2617 1915)
4(1223 2846 2849 1226)
4(1223 1224 2847 2846)
4(285 1694 3317 1908)
4(1682 285 1908 3305)
4(1682 3305 3317 1694)
4(363 365 1988 1986)
4(363 1986 2636 1013)
4(365 1013 2636 1988)
4(262 259 1882 1885)
4(259 1397 3020 1882)
4(1427 1678 3301 3050)
4(1425 1427 3050 3048)
4(359 361 1984 1982)
4(361 362 1985 1984)
4(517 693 2316 2140)
4(517 2140 2867 1244)
4(362 365 1988 1985)
4(1261 2884 3336 1713)
4(1261 1260 2883 2884)
4(1260 1713 3336 2883)
4(1521 1583 3206 3144)
4(602 1696 3319 2225)
4(607 2230 3319 1696)
4(1687 3310 3311 1688)
4(1687 1122 2745 3310)
4(1122 1688 3311 2745)
4(1561 1585 3208 3184)
4(1561 3184 3219 1596)
4(1230 1235 2858 2853)
4(1233 1230 2853 2856)
4(1233 2856 2858 1235)
4(941 942 2565 2564)
4(941 2564 3320 1697)
4(1358 1756 3379 2981)
4(568 2191 3379 1756)
4(394 396 2019 2017)
4(472 475 2098 2095)
4(326 311 1934 1949)
4(393 391 2014 2016)
4(83 118 3273 1650)
4(84 1650 3273 119)
4(1611 1612 3235 3234)
4(1531 3154 3235 1612)
4(1601 1636 3259 3224)
4(1574 3197 3259 1636)
4(1574 1601 3224 3197)
4(1034 2657 3326 1703)
4(1049 1703 3326 2672)
4(92 1649 3272 127)
4(91 126 3272 1649)
4(783 800 2423 2406)
4(799 2422 2423 800)
4(799 783 2406 2422)
4(649 1717 3340 2272)
4(352 1975 3340 1717)
4(358 1981 2210 587)
4(356 587 2210 1979)
4(676 2299 3360 1737)
4(216 1737 3360 1839)
4(676 216 1839 2299)
4(1033 1034 2657 2656)
4(1033 2656 3326 1703)
4(632 624 2247 2255)
4(632 2255 2257 634)
4(624 634 2257 2247)
4(385 2008 3081 1458)
4(1208 2831 2841 1218)
4(1208 1206 2829 2831)
4(1711 3334 3403 1780)
4(279 1780 3403 1902)
4(645 647 2270 2268)
4(643 645 2268 2266)
4(643 2266 2270 647)
4(445 1689 3312 2068)
4(364 1987 3312 1689)
4(1030 234 1857 2653)
4(234 1702 3325 1857)
4(569 571 2194 2192)
4(570 2193 2194 571)
4(570 572 2195 2193)
4(1506 3129 3330 1707)
4(1506 1505 3128 3129)
4(1505 1707 3330 3128)
4(416 1663 3286 2039)
4(1489 416 2039 3112)
4(455 2078 3125 1502)
4(1351 2974 3358 1735)
4(1351 1303 2926 2974)
4(1303 1735 3358 2926)
4(1261 1283 2906 2884)
4(623 632 2255 2246)
4(621 2244 2255 632)
4(821 2444 3334 1711)
4(821 817 2440 2444)
4(566 2189 2190 567)
4(566 569 2192 2189)
4(534 697 2320 2157)
4(534 2157 3109 1486)
4(478 2101 3004 1381)
4(478 479 2102 2101)
4(479 1381 3004 2102)
4(736 852 2475 2359)
4(81 116 2300 677)
4(82 677 2300 117)
4(1507 3130 3330 1707)
4(1507 1506 3129 3130)
4(256 1728 3351 1879)
4(1651 3274 3351 1728)
4(1651 256 1879 3274)
4(360 590 2213 1983)
4(1334 2957 3329 1706)
4(560 2183 2185 562)
4(645 2268 2269 646)
4(644 646 2269 2267)
4(1508 1613 3236 3131)
4(1613 1787 3410 3236)
4(1508 3131 3410 1787)
4(209 1485 3108 1832)
4(86 121 3108 1485)
4(1317 1620 3243 2940)
4(1260 2883 3243 1620)
4(453 470 2093 2076)
4(470 505 2128 2093)
4(811 2434 3088 1465)
4(811 869 2492 2434)
4(869 1465 3088 2492)
4(420 1033 2656 2043)
4(1033 1247 2870 2656)
4(256 1791 3414 1879)
4(1770 3393 3414 1791)
4(1066 2689 3367 1744)
4(1688 1744 3367 3311)
4(696 2319 3375 1752)
4(696 1751 3374 2319)
4(1751 1752 3375 3374)
4(1208 1216 2839 2831)
4(1213 2836 2839 1216)
4(1213 1208 2831 2836)
4(275 276 1899 1898)
4(276 1710 3333 1899)
4(358 1981 2212 589)
4(286 1661 3284 1909)
4(1226 2849 3284 1661)
4(280 1728 3351 1903)
4(1266 1375 2998 2889)
4(984 1640 3263 2607)
4(584 2207 3263 1640)
4(1404 1715 3338 3027)
4(1368 1351 2974 2991)
4(623 624 2247 2246)
4(749 750 2373 2372)
4(692 749 2372 2315)
4(692 2315 2373 750)
4(1322 1358 2981 2945)
4(76 215 1838 111)
4(359 313 1936 1982)
4(313 361 1984 1936)
4(276 280 1903 1899)
4(280 281 1904 1903)
4(462 461 2084 2085)
4(462 2085 3337 1714)
4(18 495 2118 150)
4(495 500 2123 2118)
4(469 471 2094 2092)
4(471 472 2095 2094)
4(310 312 1935 1933)
4(269 297 1920 1892)
4(297 298 1921 1920)
4(269 1892 1921 298)
4(283 295 1918 1906)
4(295 296 1919 1918)
4(390 211 1834 2013)
4(211 394 2017 1834)
4(312 229 1852 1935)
4(229 313 1936 1852)
4(210 390 2013 1833)
4(210 1833 2014 391)
4(290 293 1916 1913)
4(290 1913 1917 294)
4(453 469 2092 2076)
4(425 426 2049 2048)
4(425 2048 2050 427)
4(233 310 1933 1856)
4(233 1856 1934 311)
4(266 316 1939 1889)
4(316 317 1940 1939)
4(266 1889 1940 317)
4(423 424 2047 2046)
4(247 423 2046 1870)
4(980 2603 3177 1554)
4(980 1553 3176 2603)
4(1398 3021 3023 1400)
4(890 1400 3023 2513)
4(958 2581 2841 1218)
4(1216 1218 2841 2839)
4(958 1216 2839 2581)
4(214 1837 2296 673)
4(214 79 114 1837)
4(80 213 1836 115)
4(1224 1231 2854 2847)
4(286 1909 2854 1231)
4(1351 1624 3247 2974)
4(1303 2926 3247 1624)
4(268 1891 2437 814)
4(981 2604 3157 1534)
4(975 1534 3157 2598)
4(969 2592 3162 1539)
4(652 1539 3162 2275)
4(643 1803 3426 2266)
4(642 643 2266 2265)
4(642 2265 3426 1803)
4(1418 1666 3289 3041)
4(251 1874 3289 1666)
4(251 1418 3041 1874)
4(1229 2852 2855 1232)
4(1229 1230 2853 2852)
4(1230 1232 2855 2853)
4(750 751 2374 2373)
4(750 2373 2375 752)
4(751 752 2375 2374)
4(635 639 2262 2258)
4(635 2258 2263 640)
4(639 640 2263 2262)
4(1312 1810 3433 2935)
4(1310 2933 3433 1810)
4(1310 1312 2935 2933)
4(655 641 2264 2278)
4(641 1148 2771 2264)
4(905 2528 2568 945)
4(905 910 2533 2528)
4(910 945 2568 2533)
4(1089 2712 3089 1466)
4(1377 251 1874 3000)
4(251 1771 3394 1874)
4(1377 3000 3394 1771)
4(451 508 2131 2074)
4(20 451 2074 152)
4(1483 1488 3111 3106)
4(1149 1483 3106 2772)
4(1149 2772 3111 1488)
4(242 435 2058 1865)
4(242 1865 2242 619)
4(435 619 2242 2058)
4(237 1860 3290 1667)
4(991 696 2319 2614)
4(991 2614 3375 1752)
4(633 634 2257 2256)
4(634 636 2259 2257)
4(633 2256 2259 636)
4(863 883 2506 2486)
4(455 1524 3147 2078)
4(974 1767 3390 2597)
4(507 2130 3390 1767)
4(633 632 2255 2256)
4(852 1464 3087 2475)
4(285 287 1910 1908)
4(287 1694 3317 1910)
4(423 586 2209 2046)
4(1601 770 2393 3224)
4(770 1636 3259 2393)
4(1314 1755 3378 2937)
4(1313 2936 3378 1755)
4(1282 1726 3349 2905)
4(1328 1282 2905 2951)
4(1328 2951 3349 1726)
4(1587 1519 3142 3210)
4(1519 1597 3220 3142)
4(252 1875 2117 494)
4(252 26 158 1875)
4(277 380 2003 1900)
4(65 277 1900 197)
4(356 1979 1980 357)
4(574 2197 2198 575)
4(573 575 2198 2196)
4(992 2615 3287 1664)
4(993 1664 3287 2616)
4(554 679 2302 2177)
4(1333 2956 3424 1801)
4(1334 1801 3424 2957)
4(500 504 2127 2123)
4(501 2124 2127 504)
4(451 2074 2125 502)
4(501 502 2125 2124)
4(825 2448 3088 1465)
4(1408 237 1860 3031)
4(1408 3031 3290 1667)
4(251 1874 3104 1481)
4(1377 1481 3104 3000)
4(320 318 1941 1943)
4(743 744 2367 2366)
4(743 2366 2873 1250)
4(348 323 1946 1971)
4(348 1971 2289 666)
4(749 751 2374 2372)
4(78 669 2292 113)
4(77 112 2292 669)
4(408 2031 2034 411)
4(410 411 2034 2033)
4(409 413 2036 2032)
4(692 690 2313 2315)
4(690 749 2372 2313)
4(1513 467 2090 3136)
4(1513 3136 3345 1722)
4(467 1722 3345 2090)
4(691 1319 2942 2314)
4(1319 1353 2976 2942)
4(691 2314 2976 1353)
4(571 2194 3119 1496)
4(569 1496 3119 2192)
4(476 609 2232 2099)
4(609 610 2233 2232)
4(476 2099 2233 610)
4(743 740 2363 2366)
4(740 744 2367 2363)
4(1613 3236 3330 1707)
4(402 596 2219 2025)
4(402 2025 2220 597)
4(596 597 2220 2219)
4(910 2533 3071 1448)
4(910 944 2567 2533)
4(273 274 1897 1896)
4(273 1896 3403 1780)
4(274 1780 3403 1897)
4(672 216 1839 2295)
4(672 2295 3341 1718)
4(216 1718 3341 1839)
4(475 609 2232 2098)
4(279 815 2438 1902)
4(279 1902 3002 1379)
4(1233 1234 2857 2856)
4(1170 2793 2857 1234)
4(1567 1560 3183 3190)
4(1567 3190 3220 1597)
4(1407 220 1843 3030)
4(220 1701 3324 1843)
4(697 1732 3355 2320)
4(213 1836 2300 677)
4(213 81 116 1836)
4(290 559 2182 1913)
4(437 290 1913 2060)
4(425 563 2186 2048)
4(428 425 2048 2051)
4(34 619 2242 166)
4(28 160 2066 443)
4(17 495 2118 149)
4(32 428 2051 164)
4(24 480 2103 156)
4(69 403 2026 201)
4(0 437 2060 9)
4(15 620 2243 147)
4(36 430 2053 168)
4(63 366 1989 195)
4(43 407 2030 175)
4(865 2488 2506 883)
4(882 883 2506 2505)
4(865 882 2505 2488)
4(1267 2890 3445 1822)
4(1267 1265 2888 2890)
4(1098 2721 3368 1745)
4(1546 1745 3368 3169)
4(1591 1507 3130 3214)
4(1406 571 2194 3029)
4(571 1438 3061 2194)
4(846 842 2465 2469)
4(842 1785 3408 2465)
4(846 2469 3408 1785)
4(460 459 2082 2083)
4(459 1781 3404 2082)
4(460 2083 3404 1781)
4(1331 1485 3108 2954)
4(769 2392 3115 1492)
4(703 1492 3115 2326)
4(1510 3133 3357 1734)
4(1510 1507 3130 3133)
4(1507 1734 3357 3130)
4(555 492 2115 2178)
4(492 1139 2762 2115)
4(828 830 2453 2451)
4(829 828 2451 2452)
4(829 2452 2453 830)
4(995 1525 3148 2618)
4(1525 1526 3149 3148)
4(931 938 2561 2554)
4(931 2554 2567 944)
4(938 944 2567 2561)
4(1520 3143 3315 1692)
4(1520 1518 3141 3143)
4(1518 1692 3315 3141)
4(635 624 2247 2258)
4(624 639 2262 2247)
4(674 676 2299 2297)
4(674 2297 3360 1737)
4(13 471 2094 145)
4(469 13 145 2092)
4(56 441 2064 188)
4(316 56 188 1939)
4(30 247 1870 162)
4(30 162 2049 426)
4(310 50 182 1933)
4(50 312 1935 182)
4(269 60 192 1892)
4(60 297 1920 192)
4(68 295 1918 200)
4(283 68 200 1906)
4(61 269 1892 193)
4(61 193 2290 667)
4(211 38 170 1834)
4(38 439 2062 170)
4(238 1861 2241 618)
4(54 618 2241 186)
4(238 54 186 1861)
4(52 184 2065 442)
4(52 233 1856 184)
4(39 211 1834 171)
4(39 171 2013 390)
4(22 154 2288 665)
4(22 452 2075 154)
4(11 143 2181 558)
4(11 289 1912 143)
4(49 181 1935 312)
4(49 229 1852 181)
4(47 227 1850 179)
4(47 179 2068 445)
4(227 445 2068 1850)
4(41 173 2063 440)
4(41 210 1833 173)
4(42 440 2063 174)
4(212 42 174 1835)
4(40 390 2013 172)
4(210 40 172 1833)
4(290 71 203 1913)
4(71 293 1916 203)
4(58 266 1889 190)
4(58 190 2248 625)
4(48 445 2068 180)
4(229 48 180 1852)
4(453 14 146 2076)
4(14 469 2092 146)
4(23 665 2288 155)
4(454 23 155 2077)
4(297 59 191 1920)
4(59 625 2248 191)
4(55 187 2064 441)
4(55 238 1861 187)
4(238 441 2064 1861)
4(299 62 194 1922)
4(62 667 2290 194)
4(53 185 2241 618)
4(53 442 2065 185)
4(425 31 163 2048)
4(31 426 2049 163)
4(51 310 1933 183)
4(233 51 183 1856)
4(266 57 189 1889)
4(57 316 1939 189)
4(247 29 161 1870)
4(29 423 2046 161)
4(12 558 2181 144)
4(471 12 144 2094)
4(656 1252 2875 2279)
4(1144 656 2279 2767)
4(643 1442 3065 2266)
4(1442 1803 3426 3065)
4(695 1751 3374 2318)
4(696 695 2318 2319)
4(284 1682 3305 1907)
4(281 284 1907 1904)
4(281 1904 3305 1682)
4(1426 1500 3123 3049)
4(1427 1426 3049 3050)
4(400 2023 2244 621)
4(400 398 2021 2023)
4(1357 1482 3105 2980)
4(1336 2959 3105 1482)
4(278 1901 3334 1711)
4(1043 1040 2663 2666)
4(1040 1647 3270 2663)
4(1043 2666 3270 1647)
4(1620 1726 3349 3243)
4(1282 1620 3243 2905)
4(1039 1116 2739 2662)
4(1116 1766 3389 2739)
4(1039 2662 3389 1766)
4(691 692 2315 2314)
4(692 1319 2942 2315)
4(1370 571 2194 2993)
4(1370 2993 3119 1496)
4(831 830 2453 2454)
4(831 2454 2455 832)
4(78 214 1837 113)
4(695 716 2339 2318)
4(716 1751 3374 2339)
4(834 832 2455 2457)
4(360 1983 2211 588)
4(363 588 2211 1986)
4(743 828 2451 2366)
4(827 743 2366 2450)
4(827 2450 2451 828)
4(1367 1309 2932 2990)
4(1367 2990 3283 1660)
4(783 1477 3100 2406)
4(800 2423 3100 1477)
4(402 396 2019 2025)
4(396 596 2219 2019)
4(326 643 2266 1949)
4(642 326 1949 2265)
4(621 622 2245 2244)
4(400 2023 2245 622)
4(863 865 2488 2486)
4(560 651 2274 2183)
4(561 2184 2274 651)
4(424 1641 3264 2047)
4(594 2217 3264 1641)
4(1516 1594 3217 3139)
4(1592 1516 3139 3215)
4(1504 1818 3441 3127)
4(1503 3126 3441 1818)
4(1311 1305 2928 2934)
4(1311 2934 3378 1755)
4(1305 1755 3378 2928)
4(635 641 2264 2258)
4(635 2258 2278 655)
4(675 676 2299 2298)
4(803 2426 3023 1400)
4(803 1398 3021 2426)
4(622 2245 2255 632)
4(252 490 2113 1875)
4(444 2067 2113 490)
4(404 2027 2237 614)
4(429 435 2058 2052)
4(438 478 2101 2061)
4(277 1900 1991 368)
4(367 368 1991 1990)
4(1572 3195 3212 1589)
4(1572 1586 3209 3195)
4(1586 1589 3212 3209)
4(103 1817 3440 138)
4(1227 1221 2844 2850)
4(1221 1456 3079 2844)
4(1511 1510 3133 3134)
4(1511 3134 3357 1734)
4(473 497 2120 2096)
4(470 2093 2120 497)
4(843 853 2476 2466)
4(853 876 2499 2476)
4(235 1768 3391 1858)
4(232 235 1858 1855)
4(232 1855 3391 1768)
4(228 1851 3396 1773)
4(1330 2953 3398 1775)
4(209 1775 3398 1832)
4(1328 1618 3241 2951)
4(1282 2905 3241 1618)
4(249 1872 3394 1771)
4(249 246 1869 1872)
4(246 1771 3394 1869)
4(672 1737 3360 2295)
4(287 1910 2615 992)
4(287 292 1915 1910)
4(988 997 2620 2611)
4(988 2611 2947 1324)
4(997 1324 2947 2620)
4(1381 1656 3279 3004)
4(770 2393 3226 1603)
4(647 649 2272 2270)
4(647 2270 3065 1442)
4(1232 1233 2856 2855)
4(1232 2855 3298 1675)
4(1329 1488 3111 2952)
4(1292 1371 2994 2915)
4(1321 2944 2994 1371)
4(1321 1292 2915 2944)
4(1060 2683 3368 1745)
4(1060 1059 2682 2683)
4(1059 1745 3368 2682)
4(1616 1647 3270 3239)
4(1647 1766 3389 3270)
4(1616 3239 3389 1766)
4(1150 1329 2952 2773)
4(1253 2876 2952 1329)
4(1253 1150 2773 2876)
4(828 2451 3022 1399)
4(828 1250 2873 2451)
4(815 2438 2440 817)
4(401 402 2025 2024)
4(402 623 2246 2025)
4(671 672 2295 2294)
4(986 608 2231 2609)
4(608 988 2611 2231)
4(986 2609 2611 988)
4(882 884 2507 2505)
4(618 2241 3073 1450)
4(353 1450 3073 1976)
4(205 1828 1868 245)
4(986 1131 2754 2609)
4(608 2231 2754 1131)
4(610 2233 2249 626)
4(609 626 2249 2232)
4(671 2294 2296 673)
4(615 2238 2239 616)
4(406 616 2239 2029)
4(1026 1031 2654 2649)
4(1022 2645 2654 1031)
4(1022 1026 2649 2645)
4(1057 1056 2679 2680)
4(1056 1792 3415 2679)
4(1057 2680 3415 1792)
4(622 2245 2256 633)
4(1584 3207 3429 1806)
4(1556 1806 3429 3179)
4(704 2327 3226 1603)
4(608 997 2620 2231)
4(1259 1258 2881 2882)
4(1259 2882 2883 1260)
4(986 639 2262 2609)
4(639 1131 2754 2262)
4(1262 1261 2884 2885)
4(1262 2885 3336 1713)
4(748 736 2359 2371)
4(392 393 2016 2015)
4(393 1140 2763 2016)
4(392 2015 2763 1140)
4(464 2087 3436 1813)
4(464 462 2085 2087)
4(462 1813 3436 2085)
4(1602 1605 3228 3225)
4(1604 3227 3228 1605)
4(1569 1584 3207 3192)
4(1569 3192 3429 1806)
4(1101 1100 2723 2724)
4(1101 2724 2875 1252)
4(1065 1063 2686 2688)
4(1065 2688 2689 1066)
4(1463 1691 3314 3086)
4(1227 2850 3314 1691)
4(593 2216 2648 1025)
4(355 643 2266 1978)
4(398 399 2022 2021)
4(393 2016 2022 399)
4(626 1185 2808 2249)
4(610 2233 2808 1185)
4(362 1985 1987 364)
4(237 868 2491 1860)
4(861 2484 2491 868)
4(1403 1748 3371 3026)
4(1363 1403 3026 2986)
4(1363 2986 3371 1748)
4(742 2365 2366 743)
4(742 740 2363 2365)
4(634 2257 2258 635)
4(879 1633 3256 2502)
4(1633 1708 3331 3256)
4(879 2502 3331 1708)
4(473 668 2291 2096)
4(497 2120 2291 668)
4(572 2195 2222 599)
4(570 599 2222 2193)
4(1216 1217 2840 2839)
4(1213 2836 2840 1217)
4(567 568 2191 2190)
4(566 2189 2191 568)
4(1130 1136 2759 2753)
4(1090 1130 2753 2713)
4(1090 2713 2759 1136)
4(1152 1172 2795 2775)
4(1151 1152 2775 2774)
4(1151 2774 2795 1172)
4(1430 1632 3255 3053)
4(678 1430 3053 2301)
4(636 2259 2278 655)
4(634 655 2278 2257)
4(562 651 2274 2185)
4(646 647 2270 2269)
4(1292 750 2373 2915)
4(750 1371 2994 2373)
4(1150 1252 2875 2773)
4(934 960 2583 2557)
4(589 644 2267 2212)
4(692 2315 2915 1292)
4(1061 1060 2683 2684)
4(1061 2684 3368 1745)
4(1440 1044 2667 3063)
4(1440 3063 3240 1617)
4(472 2095 2097 474)
4(394 2017 2018 395)
4(298 1921 1923 300)
4(296 1919 2008 385)
4(391 392 2015 2014)
4(311 325 1948 1934)
4(317 1940 1941 318)
4(427 563 2186 2050)
4(259 1882 3102 1479)
4(476 668 2291 2099)
4(1554 1555 3178 3177)
4(980 2603 3178 1555)
4(258 1881 1882 259)
4(1372 752 2375 2995)
4(752 1373 2996 2375)
4(1372 2995 2996 1373)
4(1376 1384 3007 2999)
4(1326 2949 3007 1384)
4(1326 1376 2999 2949)
4(1031 2654 2655 1032)
4(1116 2739 3163 1540)
4(1039 1540 3163 2662)
4(215 77 112 1838)
4(215 1838 2292 669)
4(640 641 2264 2263)
4(237 1860 3391 1768)
4(1408 1768 3391 3031)
4(633 2256 2260 637)
4(636 637 2260 2259)
4(507 497 2120 2130)
4(507 2130 2291 668)
4(1514 3137 3387 1764)
4(1514 1511 3134 3137)
4(1511 1764 3387 3134)
4(1225 2848 2852 1229)
4(1228 1229 2852 2851)
4(1225 1228 2851 2848)
4(663 415 2038 2286)
4(663 2286 2763 1140)
4(415 1140 2763 2038)
4(574 2197 2199 576)
4(575 576 2199 2198)
4(575 2198 2217 594)
4(1354 1095 2718 2977)
4(1354 2977 2978 1355)
4(502 508 2131 2125)
4(502 2125 2126 503)
4(501 503 2126 2124)
4(411 417 2040 2034)
4(411 2034 2035 412)
4(413 2036 2037 414)
4(891 2514 2569 946)
4(893 946 2569 2516)
4(476 2099 2235 612)
4(610 612 2235 2233)
4(402 2025 2221 598)
4(597 598 2221 2220)
4(597 2220 2227 604)
4(596 604 2227 2219)
4(1257 2880 2881 1258)
4(1257 1255 2878 2880)
4(365 595 2218 1988)
4(365 1988 2870 1247)
4(1342 1321 2944 2965)
4(1342 2965 2994 1371)
4(626 628 2251 2249)
4(628 1185 2808 2251)
4(636 2259 2279 656)
4(1174 1176 2799 2797)
4(1174 2797 2868 1245)
4(1353 1536 3159 2976)
4(582 2205 3159 1536)
4(582 1353 2976 2205)
4(1483 1317 2940 3106)
4(1600 3223 3417 1794)
4(1600 1236 2859 3223)
4(1236 1794 3417 2859)
4(1353 2976 3012 1389)
4(1319 1389 3012 2942)
4(637 999 2622 2260)
4(633 2256 2622 999)
4(577 576 2199 2200)
4(576 1462 3085 2199)
4(577 2200 3085 1462)
4(995 1523 3146 2618)
4(1523 1525 3148 3146)
4(864 1742 3365 2487)
4(851 2474 3365 1742)
4(1582 1587 3210 3205)
4(1581 3204 3210 1587)
4(1581 1582 3205 3204)
4(399 657 2280 2022)
4(657 663 2286 2280)
4(399 2022 2286 663)
4(1389 1536 3159 3012)
4(415 2038 3286 1663)
4(663 1663 3286 2286)
4(588 590 2213 2211)
4(363 1986 2669 1046)
4(400 2023 2261 638)
4(622 638 2261 2245)
4(870 2493 2874 1251)
4(835 1251 2874 2458)
4(490 2113 2117 494)
4(368 380 2003 1991)
4(367 369 1992 1990)
4(368 1991 1992 369)
4(490 491 2114 2113)
4(444 2067 2114 491)
4(497 505 2128 2120)
4(612 668 2291 2235)
4(544 1549 3172 2167)
4(654 544 2167 2277)
4(376 377 2000 1999)
4(376 1999 2766 1143)
4(1590 1516 3139 3213)
4(1516 1764 3387 3139)
4(1590 3213 3387 1764)
4(662 1651 3274 2285)
4(662 2285 3351 1728)
4(1232 2855 3420 1797)
4(1779 1797 3420 3402)
4(1232 1779 3402 2855)
4(258 1881 1885 262)
4(399 400 2023 2022)
4(400 657 2280 2023)
4(1371 752 2375 2994)
4(1371 2994 2995 1372)
4(637 1130 2753 2260)
4(999 2622 2753 1130)
4(882 1019 2642 2505)
4(884 2507 2642 1019)
4(664 1641 3264 2287)
4(583 984 2607 2206)
4(615 2238 2240 617)
4(616 617 2240 2239)
4(671 2294 2297 674)
4(364 365 1988 1987)
4(1210 1223 2846 2833)
4(1223 1225 2848 2846)
4(599 600 2223 2222)
4(572 2195 2223 600)
4(651 2274 2275 652)
4(562 652 2275 2185)
4(646 648 2271 2269)
4(647 2270 2271 648)
4(1322 2945 3084 1461)
4(577 1461 3084 2200)
4(1521 3144 3315 1692)
4(1521 1520 3143 3144)
4(613 2236 2808 1185)
4(613 610 2233 2236)
4(1529 3152 3222 1599)
4(1292 1319 2942 2915)
4(427 564 2187 2050)
4(296 1919 2009 386)
4(385 386 2009 2008)
4(395 396 2019 2018)
4(318 319 1942 1941)
4(317 1940 1942 319)
4(298 1921 1924 301)
4(300 301 1924 1923)
4(474 475 2098 2097)
4(325 1948 1949 326)
4(1555 3178 3180 1557)
4(1554 1557 3180 3177)
4(904 945 2568 2527)
4(907 904 2527 2530)
4(907 2530 2568 945)
4(904 905 2528 2527)
4(1629 3252 3269 1646)
4(1628 1646 3269 3251)
4(1629 1628 3251 3252)
4(1183 613 2236 2806)
4(1183 2806 2808 1185)
4(640 2263 2609 986)
4(208 1831 3265 1642)
4(576 2199 2201 578)
4(575 578 2201 2198)
4(503 536 2159 2126)
4(502 2125 2159 536)
4(238 1861 3073 1450)
4(413 2036 2038 415)
4(414 415 2038 2037)
4(417 2040 2041 418)
4(411 418 2041 2034)
4(612 973 2596 2235)
4(668 2291 2596 973)
4(612 2235 2236 613)
4(598 623 2246 2221)
4(604 605 2228 2227)
4(597 2220 2228 605)
4(1050 1052 2675 2673)
4(1048 1050 2673 2671)
4(1048 2671 2675 1052)
4(802 2425 2760 1137)
4(874 1137 2760 2497)
4(1374 2997 3058 1435)
4(1413 1435 3058 3036)
4(588 591 2214 2211)
4(638 657 2280 2261)
4(491 2114 2115 492)
4(490 492 2115 2113)
4(369 1992 1993 370)
4(367 370 1993 1990)
4(368 381 2004 1991)
4(491 583 2206 2114)
4(497 506 2129 2120)
4(1007 2630 2738 1115)
4(1007 1076 2699 2630)
4(1076 1115 2738 2699)
4(970 906 2529 2593)
4(1112 2735 3293 1670)
4(1081 1670 3293 2704)
4(617 631 2254 2240)
4(615 2238 2254 631)
4(616 902 2525 2239)
4(617 2240 2525 902)
4(637 1136 2759 2260)
4(364 595 2218 1987)
4(799 2422 2424 801)
4(646 2269 2761 1138)
4(644 1138 2761 2267)
4(600 2223 2224 601)
4(599 601 2224 2222)
4(652 653 2276 2275)
4(651 2274 2276 653)
4(648 2271 2463 840)
4(646 840 2463 2269)
4(488 2111 2302 679)
4(484 679 2302 2107)
4(488 484 2107 2111)
4(1292 1320 2943 2915)
4(1319 2942 2943 1320)
4(298 1135 2758 1921)
4(386 406 2029 2009)
4(301 303 1926 1924)
4(298 1921 1926 303)
4(386 2009 2010 387)
4(385 387 2010 2008)
4(325 1948 2265 642)
4(300 302 1925 1923)
4(301 1924 1925 302)
4(319 1942 1943 320)
4(395 596 2219 2018)
4(475 2098 2100 477)
4(474 477 2100 2097)
4(1557 1558 3181 3180)
4(1555 3178 3181 1558)
4(1523 3146 3436 1813)
4(995 1813 3436 2618)
4(94 129 1843 220)
4(95 220 1843 130)
4(578 579 2202 2201)
4(576 2199 2202 579)
4(503 537 2160 2126)
4(536 2159 2160 537)
4(415 416 2039 2038)
4(418 419 2042 2041)
4(417 2040 2042 419)
4(613 976 2599 2236)
4(612 2235 2599 976)
4(605 2228 2229 606)
4(604 606 2229 2227)
4(598 624 2247 2221)
4(554 488 2111 2177)
4(591 2214 2628 1005)
4(588 1005 2628 2211)
4(638 658 2281 2261)
4(657 2280 2281 658)
4(369 1992 1994 371)
4(370 371 1994 1993)
4(492 493 2116 2115)
4(491 2114 2116 493)
4(506 2129 2130 507)
4(1051 2674 2738 1115)
4(1051 1007 2630 2674)
4(484 481 2104 2107)
4(481 679 2302 2104)
4(902 2525 2534 911)
4(616 911 2534 2239)
4(631 2254 2591 968)
4(617 968 2591 2240)
4(273 275 1898 1896)
4(799 2422 2426 803)
4(801 803 2426 2424)
4(601 602 2225 2224)
4(600 2223 2225 602)
4(653 2276 2589 966)
4(840 843 2466 2463)
4(588 2211 2669 1046)
4(1320 2943 2944 1321)
4(477 609 2232 2100)
4(387 388 2011 2010)
4(386 2009 2011 388)
4(302 1925 1931 308)
4(320 321 1944 1943)
4(319 1942 1944 321)
4(303 1926 1927 304)
4(301 304 1927 1924)
4(1558 3181 3204 1581)
4(1558 1559 3182 3181)
4(1555 3178 3182 1559)
4(1030 1795 3418 2653)
4(234 1857 3418 1795)
4(579 2202 2203 580)
4(578 580 2203 2201)
4(537 2160 2161 538)
4(503 538 2161 2126)
4(418 420 2043 2041)
4(419 422 2045 2042)
4(613 977 2600 2236)
4(976 2599 2600 977)
4(598 639 2262 2221)
4(605 2228 2230 607)
4(606 607 2230 2229)
4(1005 1008 2631 2628)
4(591 2214 2631 1008)
4(658 2281 2282 659)
4(638 659 2282 2261)
4(657 2280 2284 661)
4(658 661 2284 2281)
4(371 382 2005 1994)
4(369 1992 2005 382)
4(493 2116 2178 555)
4(794 793 2416 2417)
4(902 2525 2535 912)
4(911 912 2535 2534)
4(968 969 2592 2591)
4(601 603 2226 2224)
4(602 2225 2226 603)
4(653 2276 2590 967)
4(966 967 2590 2589)
4(843 2466 2467 844)
4(840 844 2467 2463)
4(1321 1340 2963 2944)
4(1320 2943 2963 1340)
4(388 2011 2548 925)
4(387 925 2548 2010)
4(320 322 1945 1943)
4(321 1944 1945 322)
4(321 328 1951 1944)
4(319 1942 1951 328)
4(302 1925 1932 309)
4(304 305 1928 1927)
4(303 1926 1928 305)
4(609 2232 2234 611)
4(477 611 2234 2100)
4(1559 3182 3183 1560)
4(1558 1560 3183 3181)
4(341 1964 2419 796)
4(341 340 1963 1964)
4(579 2202 2204 581)
4(580 581 2204 2203)
4(580 2203 2287 664)
4(578 664 2287 2201)
4(538 539 2162 2161)
4(537 2160 2162 539)
4(420 2043 2044 421)
4(418 421 2044 2041)
4(977 2600 2806 1183)
4(977 981 2604 2600)
4(976 2599 2604 981)
4(607 608 2231 2230)
4(605 2228 2231 608)
4(700 2323 2328 705)
4(699 705 2328 2322)
4(700 699 2322 2323)
4(705 706 2329 2328)
4(700 2323 2329 706)
4(1008 2631 2632 1009)
4(1005 1009 2632 2628)
4(661 663 2286 2284)
4(659 660 2283 2282)
4(658 2281 2283 660)
4(382 2005 2006 383)
4(371 383 2006 1994)
4(493 2116 2179 556)
4(555 556 2179 2178)
4(1053 1116 2739 2676)
4(1052 1053 2676 2675)
4(1052 2675 2739 1116)
4(912 913 2536 2535)
4(902 2525 2536 913)
4(912 2535 2537 914)
4(911 914 2537 2534)
4(531 2154 2324 701)
4(532 701 2324 2155)
4(531 532 2155 2154)
4(525 2148 2321 698)
4(522 698 2321 2145)
4(525 522 2145 2148)
4(699 701 2324 2322)
4(701 705 2328 2324)
4(681 701 2324 2304)
4(699 681 2304 2322)
4(603 2226 2891 1268)
4(601 1268 2891 2224)
4(967 1152 2775 2590)
4(653 2276 2775 1152)
4(844 853 2476 2467)
4(681 531 2154 2304)
4(1340 2963 2964 1341)
4(1321 1341 2964 2944)
4(328 1951 1952 329)
4(321 329 1952 1944)
4(925 935 2558 2548)
4(388 2011 2558 935)
4(304 333 1956 1927)
4(305 1928 1956 333)
4(302 1925 1967 344)
4(309 344 1967 1932)
4(387 943 2566 2010)
4(925 2548 2566 943)
4(322 1945 1946 323)
4(305 306 1929 1928)
4(303 1926 1929 306)
4(611 626 2249 2234)
4(535 680 2303 2158)
4(535 2158 2304 681)
4(680 681 2304 2303)
4(1560 1561 3184 3183)
4(1559 3182 3184 1561)
4(701 2324 2325 702)
4(532 702 2325 2155)
4(775 2398 2419 796)
4(775 341 1964 2398)
4(579 2202 2205 582)
4(581 582 2205 2204)
4(581 2204 2207 584)
4(580 584 2207 2203)
4(538 540 2163 2161)
4(539 2162 2163 540)
4(539 547 2170 2162)
4(537 2160 2170 547)
4(698 681 2304 2321)
4(698 2321 2322 699)
4(977 2600 2807 1184)
4(535 682 2305 2158)
4(680 2303 2305 682)
4(533 2156 2321 698)
4(533 525 2148 2156)
4(535 698 2321 2158)
4(522 535 2158 2145)
4(1008 2631 2633 1010)
4(1009 1010 2633 2632)
4(660 2283 2695 1072)
4(659 1072 2695 2282)
4(556 557 2180 2179)
4(493 2116 2180 557)
4(383 384 2007 2006)
4(382 2005 2007 384)
4(520 2143 2305 682)
4(518 682 2305 2141)
4(520 518 2141 2143)
4(1086 1119 2742 2709)
4(1118 1086 2709 2741)
4(1118 2741 2742 1119)
4(535 520 2143 2158)
4(771 2394 3202 1579)
4(772 1579 3202 2395)
4(771 772 2395 2394)
4(914 915 2538 2537)
4(912 2535 2538 915)
4(756 757 2380 2379)
4(486 2109 2380 757)
4(486 756 2379 2109)
4(1268 1270 2893 2891)
4(603 2226 2893 1270)
4(1152 2775 2776 1153)
4(967 1153 2776 2590)
4(853 2476 2477 854)
4(844 854 2477 2467)
4(1340 2963 2967 1344)
4(1341 1344 2967 2964)
4(1341 2964 2965 1342)
4(611 627 2250 2234)
4(626 2249 2250 627)
4(306 1929 1930 307)
4(305 307 1930 1928)
4(323 324 1947 1946)
4(322 1945 1947 324)
4(329 330 1953 1952)
4(328 1951 1953 330)
4(333 1956 1962 339)
4(304 339 1962 1927)
4(1561 3184 3190 1567)
4(702 705 2328 2325)
4(702 2325 2326 703)
4(532 703 2326 2155)
4(581 2204 2208 585)
4(584 585 2208 2207)
4(540 2163 2165 542)
4(538 542 2165 2161)
4(540 541 2164 2163)
4(539 2162 2164 541)
4(1085 1119 2742 2708)
4(1086 1085 2708 2709)
4(784 797 2420 2407)
4(784 2407 2421 798)
4(797 798 2421 2420)
4(682 2305 2380 757)
4(518 757 2380 2141)
4(756 682 2305 2379)
4(1010 1014 2637 2633)
4(1008 2631 2637 1014)
4(1009 1011 2634 2632)
4(1010 2633 2634 1011)
4(1072 1073 2696 2695)
4(660 2283 2696 1073)
4(557 2180 2308 685)
4(556 685 2308 2179)
4(383 777 2400 2006)
4(384 2007 2400 777)
4(384 933 2556 2007)
4(382 2005 2556 933)
4(1017 1045 2668 2640)
4(1021 1017 2640 2644)
4(1021 2644 2668 1045)
4(680 2303 2379 756)
4(915 2538 2539 916)
4(914 916 2539 2537)
4(781 797 2420 2404)
4(784 781 2404 2407)
4(1194 1243 2866 2817)
4(1195 2818 2866 1243)
4(1195 1194 2817 2818)
4(1270 2893 2894 1271)
4(1268 1271 2894 2891)
4(1153 1154 2777 2776)
4(1152 2775 2777 1154)
4(1153 2776 2794 1171)
4(967 1171 2794 2590)
4(854 858 2481 2477)
4(853 2476 2481 858)
4(854 2477 2478 855)
4(844 855 2478 2467)
4(1344 1345 2968 2967)
4(1340 2963 2968 1345)
4(627 2250 2252 629)
4(611 629 2252 2234)
4(307 372 1995 1930)
4(306 1929 1995 372)
4(323 327 1950 1946)
4(324 1947 1950 327)
4(627 628 2251 2250)
4(333 1956 1963 340)
4(339 340 1963 1962)
4(330 1953 1954 331)
4(329 331 1954 1952)
4(702 2325 2327 704)
4(542 543 2166 2165)
4(540 2163 2166 543)
4(485 486 2109 2108)
4(485 2108 2380 757)
4(1014 2637 2638 1015)
4(1010 1015 2638 2633)
4(1011 2634 2635 1012)
4(1009 1012 2635 2632)
4(1072 1084 2707 2695)
4(1073 2696 2707 1084)
4(1073 1075 2698 2696)
4(660 2283 2698 1075)
4(384 934 2557 2007)
4(933 2556 2557 934)
4(685 686 2309 2308)
4(557 2180 2309 686)
4(777 2400 2416 793)
4(383 793 2416 2006)
4(915 2538 2540 917)
4(916 917 2540 2539)
4(1271 1276 2899 2894)
4(1270 2893 2899 1276)
4(1271 2894 2895 1272)
4(1268 1272 2895 2891)
4(1154 2777 2778 1155)
4(1153 1155 2778 2776)
4(1154 1172 2795 2777)
4(855 862 2485 2478)
4(854 2477 2485 862)
4(1564 1572 3195 3187)
4(1564 3187 3196 1573)
4(1572 1573 3196 3195)
4(1345 2968 2969 1346)
4(1344 1346 2969 2967)
4(629 630 2253 2252)
4(627 2250 2253 630)
4(307 373 1996 1930)
4(372 1995 1996 373)
4(331 332 1955 1954)
4(330 1953 1955 332)
4(327 1950 1971 348)
4(372 378 2001 1995)
4(306 1929 2001 378)
4(333 1956 1964 341)
4(1197 2820 2861 1238)
4(1197 1200 2823 2820)
4(1200 1238 2861 2823)
4(543 2166 2167 544)
4(542 544 2167 2165)
4(760 2383 3201 1578)
4(546 1578 3201 2169)
4(760 546 2169 2383)
4(1015 1016 2639 2638)
4(1014 2637 2639 1016)
4(1563 1572 3195 3186)
4(1564 1563 3186 3187)
4(1084 2707 2713 1090)
4(1072 1090 2713 2695)
4(1075 2698 2700 1077)
4(1073 1077 2700 2696)
4(777 2400 2417 794)
4(686 2309 2310 687)
4(685 687 2310 2308)
4(917 918 2541 2540)
4(915 2538 2541 918)
4(917 2540 2542 919)
4(916 919 2542 2539)
4(1196 2819 2861 1238)
4(1196 1197 2820 2819)
4(1272 1273 2896 2895)
4(1271 2894 2896 1273)
4(1192 1239 2862 2815)
4(1168 1192 2815 2791)
4(1168 2791 2862 1239)
4(1155 1156 2779 2778)
4(1154 2777 2779 1156)
4(855 863 2486 2478)
4(1573 1574 3197 3196)
4(1564 3187 3197 1574)
4(1345 2968 2972 1349)
4(1346 1349 2972 2969)
4(327 1950 1972 349)
4(348 349 1972 1971)
4(373 1996 1997 374)
4(307 374 1997 1930)
4(372 379 2002 1995)
4(331 334 1957 1954)
4(332 1955 1957 334)
4(1017 1018 2641 2640)
4(1018 1045 2668 2641)
4(544 545 2168 2167)
4(543 2166 2168 545)
4(1160 1239 2862 2783)
4(1192 1160 2783 2815)
4(1015 1017 2640 2638)
4(1016 2639 2640 1017)
4(1084 2707 2714 1091)
4(1090 1091 2714 2713)
4(1077 1078 2701 2700)
4(1075 2698 2701 1078)
4(777 2400 2524 901)
4(794 901 2524 2417)
4(687 690 2313 2310)
4(687 2310 2311 688)
4(685 688 2311 2308)
4(919 920 2543 2542)
4(917 2540 2543 920)
4(919 2542 2547 924)
4(916 924 2547 2539)
4(1273 2896 2897 1274)
4(1272 1274 2897 2895)
4(99 216 1839 134)
4(98 133 1839 216)
4(101 217 1840 136)
4(100 135 1840 217)
4(1156 2779 2780 1157)
4(1155 1157 2780 2778)
4(855 865 2488 2478)
4(683 693 2316 2306)
4(517 683 2306 2140)
4(1573 1575 3198 3196)
4(1574 3197 3198 1575)
4(1345 2968 2974 1351)
4(1349 1351 2974 2972)
4(523 683 2306 2146)
4(519 2142 2306 683)
4(519 523 2146 2142)
4(349 350 1973 1972)
4(327 1950 1973 350)
4(334 1957 1958 335)
4(331 335 1958 1954)
4(334 336 1959 1957)
4(332 1955 1959 336)
4(373 1996 1998 375)
4(374 375 1998 1997)
4(545 2168 2171 548)
4(544 548 2171 2167)
4(545 546 2169 2168)
4(543 2166 2169 546)
4(683 2306 2307 684)
4(523 684 2307 2146)
4(746 2369 2501 878)
4(804 878 2501 2427)
4(746 804 2427 2369)
4(1015 1018 2641 2638)
4(1017 1020 2643 2640)
4(1016 2639 2643 1020)
4(1091 1106 2729 2714)
4(1084 2707 2729 1106)
4(1078 2701 2702 1079)
4(1077 1079 2702 2700)
4(1091 2714 2715 1092)
4(1090 1092 2715 2713)
4(687 2310 2312 689)
4(688 689 2312 2311)
4(516 519 2142 2139)
4(516 2139 2306 683)
4(745 746 2369 2368)
4(745 2368 2501 878)
4(920 2543 2544 921)
4(919 921 2544 2542)
4(739 745 2368 2362)
4(735 2358 2368 745)
4(735 739 2362 2358)
4(1273 2896 2898 1275)
4(1274 1275 2898 2897)
4(1157 1159 2782 2780)
4(1156 2779 2782 1159)
4(1157 2780 2781 1158)
4(1155 1158 2781 2778)
4(739 746 2369 2362)
4(1575 3198 3199 1576)
4(1573 1576 3199 3196)
4(350 1973 1974 351)
4(349 351 1974 1972)
4(336 1959 1960 337)
4(334 337 1960 1957)
4(375 376 1999 1998)
4(373 1996 1999 376)
4(548 549 2172 2171)
4(545 2168 2172 549)
4(684 693 2316 2307)
4(1157 1192 2815 2780)
4(1159 2782 2815 1192)
4(1020 2643 2644 1021)
4(1078 2701 2703 1080)
4(1079 1080 2703 2702)
4(1092 1093 2716 2715)
4(1091 2714 2716 1093)
4(1079 2702 2706 1083)
4(1077 1083 2706 2700)
4(734 735 2358 2357)
4(734 2357 2368 745)
4(534 511 2134 2157)
4(511 697 2320 2134)
4(921 922 2545 2544)
4(920 2543 2545 922)
4(1275 1277 2900 2898)
4(1273 2896 2900 1277)
4(1274 1287 2910 2897)
4(1275 2898 2910 1287)
4(1159 1161 2784 2782)
4(1156 2779 2784 1161)
4(1157 2780 2783 1160)
4(1158 1160 2783 2781)
4(684 2307 2338 715)
4(523 715 2338 2146)
4(375 377 2000 1998)
4(336 1959 1961 338)
4(337 338 1961 1960)
4(350 1973 1975 352)
4(351 352 1975 1974)
4(349 353 1976 1972)
4(351 1974 1976 353)
4(1203 1240 2863 2826)
4(1215 1203 2826 2838)
4(1215 2838 2863 1240)
4(549 2172 2173 550)
4(548 550 2173 2171)
4(684 694 2317 2307)
4(1020 2643 2645 1022)
4(1021 1022 2645 2644)
4(1080 1082 2705 2703)
4(1078 2701 2705 1082)
4(1092 1094 2717 2715)
4(1093 2716 2717 1094)
4(1079 1081 2704 2702)
4(921 926 2549 2544)
4(922 2545 2549 926)
4(922 923 2546 2545)
4(920 2543 2546 923)
4(1203 1201 2824 2826)
4(1201 1240 2863 2824)
4(731 2354 2496 873)
4(731 836 2459 2354)
4(836 873 2496 2459)
4(1277 2900 2901 1278)
4(1275 1278 2901 2898)
4(1287 2910 2911 1288)
4(1274 1288 2911 2897)
4(1159 1162 2785 2782)
4(1161 2784 2785 1162)
4(377 2000 2399 776)
4(375 776 2399 1998)
4(338 342 1965 1961)
4(336 1959 1965 342)
4(350 1973 2273 650)
4(352 650 2273 1975)
4(727 729 2352 2350)
4(727 2350 2353 730)
4(729 730 2353 2352)
4(533 2156 2322 699)
4(550 551 2174 2173)
4(549 2172 2174 551)
4(694 2317 2318 695)
4(684 695 2318 2307)
4(727 731 2354 2350)
4(727 2350 2496 873)
4(725 729 2352 2348)
4(727 725 2348 2350)
4(1094 2717 2723 1100)
4(1092 1100 2723 2715)
4(1082 2705 2719 1096)
4(926 2549 2551 928)
4(921 928 2551 2544)
4(926 927 2550 2549)
4(922 2545 2550 927)
4(1287 2910 2912 1289)
4(1288 1289 2912 2911)
4(1278 1281 2904 2901)
4(1277 2900 2904 1281)
4(1162 2785 2786 1163)
4(1159 1163 2786 2782)
4(528 707 2330 2151)
4(524 2147 2330 707)
4(524 528 2151 2147)
4(338 343 1966 1961)
4(342 1965 1966 343)
4(776 778 2401 2399)
4(730 731 2354 2353)
4(533 2156 2323 700)
4(551 2174 2175 552)
4(550 552 2175 2173)
4(528 708 2331 2151)
4(707 2330 2331 708)
4(726 873 2496 2349)
4(852 726 2349 2475)
4(852 2475 2496 873)
4(1082 2705 2730 1107)
4(1096 1107 2730 2719)
4(1094 2717 2724 1101)
4(521 2144 2330 707)
4(521 524 2147 2144)
4(1164 1186 2809 2787)
4(1167 1164 2787 2790)
4(1167 2790 2809 1186)
4(927 2550 2552 929)
4(926 929 2552 2549)
4(804 791 2414 2427)
4(791 878 2501 2414)
4(1278 1285 2908 2901)
4(1281 2904 2908 1285)
4(1289 1290 2913 2912)
4(1287 2910 2913 1290)
4(1277 2900 2932 1309)
4(1281 1309 2932 2904)
4(1163 1164 2787 2786)
4(1162 2785 2787 1164)
4(1186 1166 2789 2809)
4(1186 2809 2810 1187)
4(1166 1187 2810 2789)
4(778 2401 2402 779)
4(776 779 2402 2399)
4(343 1966 2345 722)
4(338 722 2345 1961)
4(342 1965 1968 345)
4(343 345 1968 1966)
4(731 2354 2355 732)
4(730 732 2355 2353)
4(551 2174 2176 553)
4(552 553 2176 2175)
4(528 709 2332 2151)
4(708 2331 2332 709)
4(1164 1166 2789 2787)
4(1107 1108 2731 2730)
4(1082 2705 2731 1108)
4(346 343 1966 1969)
4(343 877 2500 1966)
4(346 1969 2500 877)
4(927 2550 2553 930)
4(526 2149 2334 711)
4(526 529 2152 2149)
4(529 711 2334 2152)
4(1290 2913 2914 1291)
4(1289 1291 2914 2912)
4(1278 1286 2909 2901)
4(1285 2908 2909 1286)
4(1163 1165 2788 2786)
4(1164 2787 2788 1165)
4(1162 2785 2790 1167)
4(342 1965 1970 347)
4(345 347 1970 1968)
4(779 795 2418 2402)
4(778 2401 2418 795)
4(345 1968 1969 346)
4(731 2354 2356 733)
4(732 733 2356 2355)
4(1175 2798 2809 1186)
4(1175 1167 2790 2798)
4(553 761 2384 2176)
4(551 2174 2384 761)
4(553 2176 2597 974)
4(552 974 2597 2175)
4(528 711 2334 2151)
4(709 2332 2334 711)
4(528 526 2149 2151)
4(708 2331 2333 710)
4(709 710 2333 2332)
4(1300 2923 2979 1356)
4(1303 1356 2979 2926)
4(1300 1303 2926 2923)
4(1108 2731 2732 1109)
4(1107 1109 2732 2730)
4(1297 2920 2979 1356)
4(1297 1300 2923 2920)
4(1356 2979 2980 1357)
4(1303 1357 2980 2926)
4(927 2550 2555 932)
4(930 932 2555 2553)
4(553 2176 2598 975)
4(974 975 2598 2597)
4(1291 1293 2916 2914)
4(1290 2913 2916 1293)
4(1163 1168 2791 2786)
4(1165 2788 2791 1168)
4(722 877 2500 2345)
4(1291 2914 2917 1294)
4(1289 1294 2917 2912)
4(1165 1166 2789 2788)
4(346 785 2408 1969)
4(345 1968 2408 785)
4(733 836 2459 2356)
4(1299 2922 2981 1358)
4(1296 1358 2981 2919)
4(1299 1296 2919 2922)
4(1180 1179 2802 2803)
4(1179 1181 2804 2802)
4(346 786 2409 1969)
4(785 2408 2409 786)
4(1322 1299 2922 2945)
4(791 792 2415 2414)
4(789 791 2414 2412)
4(789 2412 2415 792)
4(1294 1295 2918 2917)
4(1291 2914 2918 1295)
4(786 2409 2410 787)
4(346 787 2410 1969)
4(836 2459 2460 837)
4(733 837 2460 2356)
4(837 838 2461 2460)
4(837 2460 2462 839)
4(838 839 2462 2461)
4(1296 1308 2931 2919)
4(1308 1358 2981 2931)
4(1298 1297 2920 2921)
4(1298 2921 2979 1356)
4(1297 1299 2922 2920)
4(1299 1300 2923 2922)
4(836 2459 2480 857)
4(837 857 2480 2460)
4(1301 1302 2925 2924)
4(1300 2923 2925 1302)
4(1300 1301 2924 2923)
4(1296 1294 2917 2919)
4(1294 1308 2931 2917)
4(1295 2918 2919 1296)
4(1297 1296 2919 2920)
4(792 2415 2427 804)
4(733 838 2461 2356)
4(1302 2925 2929 1306)
4(1301 1306 2929 2924)
4(527 525 2148 2150)
4(527 2150 2156 533)
4(1302 1303 2926 2925)
4(788 2411 2413 790)
4(788 789 2412 2411)
4(789 790 2413 2412)
4(1295 2918 2920 1297)
4(1299 1301 2924 2922)
4(527 529 2152 2150)
4(526 527 2150 2149)
4(527 530 2153 2150)
4(529 2152 2153 530)
4(788 2411 2423 800)
4(526 525 2148 2149)
4(789 787 2410 2412)
4(787 791 2414 2410)
4(1295 2918 2921 1298)
4(524 526 2149 2147)
4(1301 2924 2945 1322)
4(787 788 2411 2410)
4(786 2409 2411 788)
4(1177 1179 2802 2800)
4(524 525 2148 2147)
4(1177 2800 2801 1178)
4(1177 1175 2798 2800)
4(1175 1178 2801 2798)
4(1289 2912 2983 1360)
4(1288 1360 2983 2911)
4(1306 1307 2930 2929)
4(1302 2925 2930 1307)
4(1178 1179 2802 2801)
4(1291 2914 2982 1359)
4(1295 1359 2982 2918)
4(1206 1203 2826 2829)
4(1293 2916 2982 1359)
4(978 979 2602 2601)
4(979 980 2603 2602)
4(524 522 2145 2147)
4(1298 1359 2982 2921)
4(1176 1175 2798 2799)
4(838 875 2498 2461)
4(875 876 2499 2498)
4(838 2461 2499 876)
4(1178 1190 2813 2801)
4(1179 2802 2813 1190)
4(733 2356 2498 875)
4(732 875 2498 2355)
4(978 975 2598 2601)
4(1178 1187 2810 2801)
4(1187 1190 2813 2810)
4(1204 1203 2826 2827)
4(1204 2827 2829 1206)
4(553 2176 2601 978)
4(740 737 2360 2363)
4(737 744 2367 2360)
4(523 521 2144 2146)
4(523 2146 2330 707)
4(521 522 2145 2144)
4(680 531 2154 2303)
4(522 520 2143 2145)
4(1178 1186 2809 2801)
4(726 727 2350 2349)
4(736 726 2349 2359)
4(1174 1175 2798 2797)
4(1294 2917 2983 1360)
4(787 2410 2500 877)
4(1202 1203 2826 2825)
4(1202 2825 2827 1204)
4(1240 1212 2835 2863)
4(1212 1241 2864 2835)
4(1240 2863 2864 1241)
4(738 737 2360 2361)
4(738 2361 2363 740)
4(735 738 2361 2358)
4(738 739 2362 2361)
4(791 2414 2500 877)
4(521 520 2143 2144)
4(512 531 2154 2135)
4(512 2135 2303 680)
4(531 514 2137 2154)
4(514 532 2155 2137)
4(519 521 2144 2142)
4(1308 2931 2983 1360)
4(724 726 2349 2347)
4(724 2347 2359 736)
4(725 728 2351 2348)
4(728 729 2352 2351)
4(726 725 2348 2349)
4(1174 1167 2790 2797)
4(877 878 2501 2500)
4(1202 1201 2824 2825)
4(1201 1212 2835 2824)
4(735 737 2360 2358)
4(722 878 2501 2345)
4(514 511 2134 2137)
4(514 2137 2157 534)
4(512 514 2137 2135)
4(519 520 2143 2142)
4(551 762 2385 2174)
4(549 2172 2385 762)
4(762 761 2384 2385)
4(762 2385 2386 763)
4(724 725 2348 2347)
4(725 723 2346 2348)
4(723 728 2351 2346)
4(336 718 2341 1959)
4(332 1955 2341 718)
4(1161 2784 2796 1173)
4(1162 1173 2796 2785)
4(1173 1167 2790 2796)
4(1173 2796 2797 1174)
4(1161 2784 2805 1182)
4(1173 1182 2805 2796)
4(922 948 2571 2545)
4(923 2546 2571 948)
4(926 2549 2570 947)
4(928 947 2570 2551)
4(929 2552 2570 947)
4(1078 1123 2746 2701)
4(1075 2698 2746 1123)
4(1199 1201 2824 2822)
4(1199 2822 2825 1202)
4(1201 1198 2821 2824)
4(1198 1212 2835 2821)
4(927 948 2571 2550)
4(735 721 2344 2358)
4(721 737 2360 2344)
4(722 745 2368 2345)
4(512 511 2134 2135)
4(519 518 2141 2142)
4(923 2546 2572 949)
4(948 949 2572 2571)
4(724 723 2346 2347)
4(715 708 2331 2338)
4(715 2338 2339 716)
4(708 716 2339 2331)
4(1211 1196 2819 2834)
4(1211 2834 2861 1238)
4(1160 1211 2834 2783)
4(1211 1239 2862 2834)
4(932 948 2571 2555)
4(1275 2898 2984 1361)
4(1287 1361 2984 2910)
4(695 2318 2338 715)
4(338 1961 2357 734)
4(337 734 2357 1960)
4(1278 2901 2984 1361)
4(1120 1121 2744 2743)
4(1120 2743 2745 1122)
4(1121 1122 2745 2744)
4(1197 1199 2822 2820)
4(1199 1200 2823 2822)
4(1199 1198 2821 2822)
4(734 721 2344 2357)
4(722 734 2357 2345)
4(516 518 2141 2139)
4(517 516 2139 2140)
4(511 510 2133 2134)
4(510 697 2320 2133)
4(489 511 2134 2112)
4(489 2112 2135 512)
4(707 2330 2338 715)
4(1290 1361 2984 2913)
4(1286 2909 2984 1361)
4(720 723 2346 2343)
4(720 2343 2347 724)
4(1160 1196 2819 2783)
4(342 718 2341 1965)
4(1362 1293 2916 2985)
4(1362 2985 2986 1363)
4(1293 1363 2986 2916)
4(1361 2984 2985 1362)
4(1290 1362 2985 2913)
4(1286 2909 2985 1362)
4(716 710 2333 2339)
4(716 2339 2340 717)
4(710 717 2340 2333)
4(1163 2786 2815 1192)
4(1120 1083 2706 2743)
4(1083 1121 2744 2706)
4(1197 1198 2821 2820)
4(1079 2702 2743 1120)
4(510 488 2111 2133)
4(510 2133 2177 554)
4(489 510 2133 2112)
4(516 513 2136 2139)
4(513 518 2141 2136)
4(515 516 2139 2138)
4(515 2138 2140 517)
4(1081 2704 2743 1120)
4(1082 1123 2746 2705)
4(337 721 2344 1960)
4(957 956 2579 2580)
4(956 958 2581 2579)
4(331 1954 2376 753)
4(329 753 2376 1952)
4(327 754 2377 1950)
4(324 1947 2377 754)
4(720 335 1958 2343)
4(335 723 2346 1958)
4(545 764 2387 2168)
4(546 2169 2387 764)
4(1563 1566 3189 3186)
4(1566 1572 3195 3189)
4(1566 1565 3188 3189)
4(1566 3189 3193 1570)
4(1565 1570 3193 3188)
4(1274 2897 2988 1365)
4(1272 1365 2988 2895)
4(549 764 2387 2172)
4(1362 2985 2987 1364)
4(1104 1103 2726 2727)
4(1104 2727 2728 1105)
4(1103 1105 2728 2726)
4(1286 2909 2987 1364)
4(1108 1123 2746 2731)
4(1288 2911 2988 1365)
4(919 2542 2575 952)
4(924 952 2575 2547)
4(762 764 2387 2385)
4(1197 1195 2818 2820)
4(1195 1198 2821 2818)
4(921 2544 2575 952)
4(797 783 2406 2420)
4(797 2420 2422 799)
4(1091 1124 2747 2714)
4(489 488 2111 2112)
4(515 513 2136 2138)
4(719 747 2370 2342)
4(721 719 2342 2344)
4(721 2344 2370 747)
4(719 720 2343 2342)
4(720 747 2370 2343)
4(1093 1124 2747 2716)
4(928 952 2575 2551)
4(952 953 2576 2575)
4(928 2551 2576 953)
4(918 956 2579 2541)
4(918 2541 2580 957)
4(737 747 2370 2360)
4(744 2367 2370 747)
4(719 335 1958 2342)
4(337 719 2342 1960)
4(1563 1565 3188 3186)
4(1565 1562 3185 3188)
4(1562 1568 3191 3185)
4(1565 3188 3191 1568)
4(334 1957 2342 719)
4(1103 1088 2711 2726)
4(1088 1112 2735 2711)
4(1103 2726 2735 1112)
4(1117 1086 2709 2740)
4(1117 2740 2741 1118)
4(1099 1103 2726 2722)
4(1099 2722 2727 1104)
4(724 2347 2371 748)
4(1158 1196 2819 2781)
4(917 955 2578 2540)
4(918 2541 2578 955)
4(749 689 2312 2372)
4(689 751 2374 2312)
4(747 748 2371 2370)
4(1196 1195 2818 2819)
4(1328 1327 2950 2951)
4(1327 1375 2998 2950)
4(1328 2951 2998 1375)
4(920 955 2578 2543)
4(781 783 2406 2404)
4(687 749 2372 2310)
4(487 513 2136 2110)
4(486 2109 2112 489)
4(486 488 2111 2109)
4(720 2343 2371 748)
4(955 956 2579 2578)
4(952 954 2577 2575)
4(1563 1562 3185 3186)
4(772 1563 3186 2395)
4(772 2395 3187 1564)
4(955 959 2582 2578)
4(956 2579 2582 959)
4(923 955 2578 2546)
4(723 753 2376 2346)
4(728 2351 2376 753)
4(335 1958 2376 753)
4(350 754 2377 1973)
4(1085 1099 2722 2708)
4(1099 1119 2742 2722)
4(1116 1086 2709 2739)
4(1116 2739 2740 1117)
4(1099 1088 2711 2722)
4(1154 1193 2816 2777)
4(1271 1366 2989 2894)
4(1276 2899 2989 1366)
4(923 959 2582 2546)
4(1161 2784 2816 1193)
4(489 756 2379 2112)
4(1156 1193 2816 2779)
4(1277 2900 2989 1366)
4(1309 1366 2989 2932)
4(512 2135 2379 756)
4(1273 1366 2989 2896)
4(949 959 2582 2572)
4(372 1995 2378 755)
4(373 755 2378 1996)
4(1562 3185 3201 1578)
4(1562 760 2383 3185)
4(1158 1195 2818 2781)
4(1326 1327 2950 2949)
4(1326 2949 2951 1328)
4(1011 1038 2661 2634)
4(1011 2634 2663 1040)
4(1038 1040 2663 2661)
4(1012 1038 2661 2635)
4(1038 1037 2660 2661)
4(1038 2661 2662 1039)
4(1037 1039 2662 2660)
4(650 754 2377 2273)
4(782 775 2398 2405)
4(782 2405 2419 796)
4(781 782 2405 2404)
4(782 783 2406 2405)
4(487 485 2108 2110)
4(485 513 2136 2108)
4(486 484 2107 2109)
4(1194 1171 2794 2817)
4(1171 1243 2866 2794)
4(376 755 2378 1999)
4(762 1577 3200 2385)
4(764 2387 3200 1577)
4(1340 1368 2991 2963)
4(1320 2943 2991 1368)
4(772 1562 3185 2395)
4(764 1578 3201 2387)
4(844 2467 2503 880)
4(840 880 2503 2463)
4(1073 2696 2749 1126)
4(1084 1126 2749 2707)
4(1077 2700 2749 1126)
4(1085 1088 2711 2708)
4(1053 1086 2709 2676)
4(1153 2776 2817 1194)
4(906 904 2527 2529)
4(513 757 2380 2136)
4(1083 2706 2749 1126)
4(1155 2778 2817 1194)
4(763 1577 3200 2386)
4(892 891 2514 2515)
4(892 2515 2569 946)
4(1212 1242 2865 2835)
4(1577 1578 3201 3200)
4(1106 1126 2749 2729)
4(532 758 2381 2155)
4(703 2326 2381 758)
4(1198 2821 2866 1243)
4(1158 1194 2817 2781)
4(1326 1325 2948 2949)
4(1012 1037 2660 2635)
4(1568 3191 3201 1578)
4(1577 1568 3191 3200)
4(781 775 2398 2404)
4(780 781 2404 2403)
4(780 2403 2407 784)
4(1366 2989 2990 1367)
4(485 484 2107 2108)
4(483 485 2108 2106)
4(483 2106 2110 487)
4(1242 2865 2866 1243)
4(1212 1243 2866 2835)
4(1171 1242 2865 2794)
4(514 758 2381 2137)
4(540 759 2382 2163)
4(541 2164 2382 759)
4(772 760 2383 2395)
4(384 2007 2583 960)
4(777 960 2583 2400)
4(1010 2633 2664 1041)
4(1011 1041 2664 2634)
4(543 759 2382 2166)
4(768 771 2394 2391)
4(768 2391 3202 1579)
4(1015 2638 2664 1041)
4(854 879 2502 2477)
4(858 2481 2502 879)
4(1053 1085 2708 2676)
4(1085 1074 2697 2708)
4(1074 1088 2711 2697)
4(904 903 2526 2527)
4(903 905 2528 2526)
4(900 904 2527 2523)
4(900 2523 2529 906)
4(862 879 2502 2485)
4(1018 1044 2667 2641)
4(1044 1045 2668 2667)
4(534 758 2381 2157)
4(1018 2641 2664 1041)
4(759 546 2169 2382)
4(759 2382 2383 760)
4(889 891 2514 2512)
4(889 2512 2515 892)
4(1040 1041 2664 2663)
4(865 881 2504 2488)
4(881 882 2505 2504)
4(1564 1579 3202 3187)
4(989 1325 2948 2612)
4(989 2612 2949 1326)
4(1012 1036 2659 2635)
4(1036 1037 2660 2659)
4(533 2156 2388 765)
4(700 765 2388 2323)
4(527 2150 2388 765)
4(780 775 2398 2403)
4(483 484 2107 2106)
4(767 768 2391 2390)
4(767 2390 2392 769)
4(768 769 2392 2391)
4(771 760 2383 2394)
4(601 2224 2992 1369)
4(599 1369 2992 2222)
4(759 2382 2394 771)
4(1574 1579 3202 3197)
4(530 2153 2388 765)
4(541 2164 2394 771)
4(1053 1074 2697 2676)
4(1074 1051 2674 2697)
4(1074 2697 2738 1115)
4(1345 1368 2991 2968)
4(900 903 2526 2523)
4(855 2478 2503 880)
4(1018 1042 2665 2641)
4(1042 1040 2663 2665)
4(889 890 2513 2512)
4(768 541 2164 2391)
4(305 1928 2389 766)
4(333 766 2389 1956)
4(912 962 2585 2535)
4(913 2536 2585 962)
4(865 880 2503 2488)
4(880 881 2504 2503)
4(307 1930 2389 766)
4(918 2541 2585 962)
4(957 962 2585 2580)
4(1041 1042 2665 2664)
4(989 1324 2947 2612)
4(1324 1325 2948 2947)
4(1009 2632 2658 1035)
4(1005 1035 2658 2628)
4(1012 1035 2658 2635)
4(915 962 2585 2538)
4(774 2397 2403 780)
4(774 775 2398 2397)
4(1127 1123 2746 2750)
4(1127 2750 2751 1128)
4(1123 1128 2751 2746)
4(374 1997 2389 766)
4(496 499 2122 2119)
4(496 2119 2277 654)
4(499 654 2277 2122)
4(483 481 2104 2106)
4(964 963 2586 2587)
4(964 2587 2588 965)
4(767 541 2164 2390)
4(341 766 2389 1964)
4(539 767 2390 2162)
4(547 2170 2390 767)
4(899 892 2515 2522)
4(899 2522 2569 946)
4(321 1944 2396 773)
4(322 773 2396 1945)
4(1053 1051 2674 2676)
4(753 773 2396 2376)
4(728 2351 2396 773)
4(900 899 2522 2523)
4(899 903 2526 2522)
4(329 1952 2396 773)
4(704 2327 3229 1606)
4(1603 1606 3229 3226)
4(889 798 2421 2512)
4(798 890 2513 2421)
4(421 1033 2656 2044)
4(774 2397 2508 885)
4(780 885 2508 2403)
4(375 885 2508 1998)
4(776 2399 2508 885)
4(989 988 2611 2612)
4(779 2402 2510 887)
4(776 887 2510 2399)
4(774 341 1964 2397)
4(658 1127 2750 2281)
4(661 2284 2750 1127)
4(431 432 2055 2054)
4(432 433 2056 2055)
4(431 2054 2056 433)
4(496 498 2121 2119)
4(498 499 2122 2121)
4(482 481 2104 2105)
4(482 2105 2106 483)
4(913 963 2586 2536)
4(913 2536 2587 964)
4(1150 1149 2772 2773)
4(1149 1329 2952 2772)
4(1075 2698 2750 1127)
4(660 1127 2750 2283)
4(728 886 2509 2351)
4(729 2352 2509 886)
4(887 888 2511 2510)
4(779 2402 2511 888)
4(374 1997 2397 774)
4(766 774 2397 2389)
4(661 2284 2751 1128)
4(962 2585 2586 963)
4(374 1997 2508 885)
4(773 886 2509 2396)
4(729 2352 2517 894)
4(886 894 2517 2509)
4(1052 1051 2674 2675)
4(885 887 2510 2508)
4(898 2521 2523 900)
4(898 899 2522 2521)
4(1033 1006 2629 2656)
4(1006 1034 2657 2629)
4(1007 1004 2627 2630)
4(1004 1076 2699 2627)
4(1272 1369 2992 2895)
4(1365 2988 2992 1369)
4(1268 2891 2992 1369)
4(322 886 2509 1945)
4(324 886 2509 1947)
4(780 2403 2510 887)
4(784 887 2510 2407)
4(888 2511 2512 889)
4(888 798 2421 2511)
4(889 895 2518 2512)
4(888 2511 2518 895)
4(730 2353 2517 894)
4(1108 1128 2751 2731)
4(419 2042 3101 1478)
4(595 1478 3101 2218)
4(784 888 2511 2407)
4(732 896 2519 2355)
4(896 897 2520 2519)
4(732 2355 2520 897)
4(324 894 2517 1947)
4(892 895 2518 2515)
4(730 2353 2519 896)
4(894 896 2519 2517)
4(987 988 2611 2610)
4(987 2610 2612 989)
4(754 894 2517 2377)
4(779 2402 2518 895)
4(431 243 1866 2054)
4(496 450 2073 2119)
4(480 481 2104 2103)
4(430 431 2054 2053)
4(431 434 2057 2054)
4(481 454 2077 2104)
4(896 650 2273 2519)
4(650 897 2520 2273)
4(795 2418 2518 895)
4(973 2596 2599 976)
4(1148 1149 2772 2771)
4(754 896 2519 2377)
4(875 2498 2520 897)
4(898 2521 2593 970)
4(900 970 2593 2523)
4(842 2465 3095 1472)
4(1050 1051 2674 2673)
4(898 892 2515 2521)
4(1006 1004 2627 2629)
4(1006 2629 2630 1007)
4(421 1006 2629 2044)
4(1006 1050 2673 2629)
4(1034 2657 2673 1050)
4(875 2498 2594 971)
4(897 971 2594 2520)
4(795 898 2521 2418)
4(795 2418 2593 970)
4(301 1924 2595 972)
4(302 972 2595 1925)
4(895 2518 2521 898)
4(304 1927 2595 972)
4(987 986 2609 2610)
4(676 1741 3364 2299)
4(216 1839 3364 1741)
4(491 984 2607 2114)
4(913 2536 2606 983)
4(964 983 2606 2587)
4(339 1962 2595 972)
4(1616 1646 3269 3239)
4(1646 1647 3270 3269)
4(407 212 1835 2030)
4(423 443 2066 2046)
4(430 243 1866 2053)
4(480 454 2077 2103)
4(495 450 2073 2118)
4(495 2118 2119 496)
4(459 2082 2084 461)
4(15 147 2076 453)
4(0 9 1913 290)
4(46 227 1850 178)
4(32 164 2048 425)
4(17 149 2073 450)
4(63 195 1922 299)
4(36 168 1866 243)
4(24 156 2077 454)
4(45 177 1851 228)
4(28 423 2046 160)
4(34 166 1865 242)
4(69 201 1906 283)
4(43 175 1835 212)
4(1148 1147 2770 2771)
4(1147 1149 2772 2770)
4(617 2240 2606 983)
4(902 983 2606 2525)
4(493 984 2607 2116)
4(344 972 2595 1967)
4(1676 3299 3430 1807)
4(1676 458 2081 3299)
4(458 1807 3430 2081)
4(968 2591 2606 983)
4(1360 1370 2993 2983)
4(1308 2931 2993 1370)
4(717 1751 3374 2340)
4(1602 1614 3237 3225)
4(1605 3228 3237 1614)
4(593 1401 3024 2216)
4(589 2212 3024 1401)
4(1050 1007 2630 2673)
4(466 1632 3255 2089)
4(1430 466 2089 3053)
4(993 2616 3417 1794)
4(399 2022 2763 1140)
4(557 984 2607 2180)
4(421 1004 2627 2044)
4(1515 1514 3137 3138)
4(1515 3138 3387 1764)
4(622 2245 2622 999)
4(833 832 2455 2456)
4(833 2456 2457 834)
4(1591 3214 3357 1734)
4(1512 1734 3357 3135)
4(1591 1512 3135 3214)
4(1342 2965 2995 1372)
4(823 946 2569 2446)
4(1247 2870 3326 1703)
4(705 1606 3229 2328)
4(706 2329 3229 1606)
4(1119 1497 3120 2742)
4(1495 1119 2742 3118)
4(1495 3118 3120 1497)
4(702 2325 3229 1606)
4(1446 1501 3124 3069)
4(1395 225 1848 3018)
4(225 1637 3260 1848)
4(1395 3018 3260 1637)
4(868 2491 3391 1768)
4(236 1768 3391 1859)
4(235 236 1859 1858)
4(1255 1253 2876 2878)
4(640 2263 2610 987)
4(990 2613 2614 991)
4(1067 2690 3367 1744)
4(1067 1066 2689 2690)
4(864 2487 2655 1032)
4(876 2499 3062 1439)
4(853 1439 3062 2476)
4(250 249 1872 1873)
4(250 1873 3394 1771)
4(968 1000 2623 2591)
4(1005 2628 2669 1046)
4(1416 251 1874 3039)
4(641 1147 2770 2264)
4(1146 1263 2886 2769)
4(1147 1146 2769 2770)
4(1147 2770 2886 1263)
4(1181 2804 3192 1569)
4(1181 1476 3099 2804)
4(1476 1569 3192 3099)
4(638 2261 2622 999)
4(1072 1130 2753 2695)
4(751 2374 2613 990)
4(689 990 2613 2312)
4(1386 3009 3405 1782)
4(924 1782 3405 2547)
4(500 2123 3370 1747)
4(495 1747 3370 2118)
4(463 1714 3337 2086)
4(1672 3295 3337 1714)
4(382 2005 2625 1002)
4(411 2034 2626 1003)
4(412 1003 2626 2035)
4(1555 1580 3203 3178)
4(607 997 2620 2230)
4(1000 998 2621 2623)
4(998 1001 2624 2621)
4(972 996 2619 2595)
4(339 1962 2619 996)
4(1279 1267 2890 2902)
4(1279 2902 2903 1280)
4(236 263 1886 1859)
4(263 264 1887 1886)
4(368 1991 2625 1002)
4(369 1002 2625 1992)
4(418 2041 2626 1003)
4(1185 2808 2868 1245)
4(628 1245 2868 2251)
4(990 2613 3057 1434)
4(991 1434 3057 2614)
4(1517 3140 3407 1784)
4(1517 1515 3138 3140)
4(1515 1784 3407 3138)
4(332 1955 2755 1132)
4(446 250 1873 2069)
4(446 2069 2070 447)
4(306 1929 2758 1135)
4(1263 1384 3007 2886)
4(1376 1263 2886 2999)
4(983 2606 2621 998)
4(964 998 2621 2587)
4(303 1135 2758 1926)
4(1559 1580 3203 3182)
4(659 2282 2622 999)
4(1092 2715 2759 1136)
4(905 909 2532 2528)
4(909 910 2533 2532)
4(483 1139 2762 2106)
4(482 2105 2762 1139)
4(880 1138 2761 2503)
4(881 2504 2761 1138)
4(840 2463 2761 1138)
4(597 1131 2754 2220)
4(598 2221 2754 1131)
4(260 669 2292 1883)
4(968 2591 2621 998)
4(1666 1771 3394 3289)
4(1004 1003 2626 2627)
4(1003 1142 2765 2626)
4(1004 2627 2765 1142)
4(1087 2710 3285 1662)
4(1087 1114 2737 2710)
4(1114 1662 3285 2737)
4(751 2374 3057 1434)
4(659 2282 2753 1130)
4(619 1759 3382 2242)
4(432 2055 3382 1759)
4(1074 2697 2764 1141)
4(1115 1141 2764 2738)
4(1088 1141 2764 2711)
4(1569 1595 3218 3192)
4(421 1003 2626 2044)
4(605 1131 2754 2228)
4(1504 3127 3129 1506)
4(101 1397 3020 136)
4(217 1840 3020 1397)
4(946 1443 3066 2569)
4(899 2522 3066 1443)
4(1207 1206 2829 2830)
4(1207 2830 2831 1208)
4(227 1689 3312 1850)
4(1125 2748 3361 1738)
4(1125 1121 2744 2748)
4(1121 1738 3361 2744)
4(1106 2729 3361 1738)
4(1087 1070 2693 2710)
4(1087 2710 2718 1095)
4(579 1462 3085 2202)
4(383 1143 2766 2006)
4(943 2566 3277 1654)
4(933 1654 3277 2556)
4(1252 2875 2876 1253)
4(1347 1377 3000 2970)
4(248 1871 3000 1377)
4(812 813 2436 2435)
4(808 812 2435 2431)
4(981 1468 3091 2604)
4(982 2605 3091 1468)
4(813 815 2438 2436)
4(815 816 2439 2438)
4(1056 1058 2681 2679)
4(230 1056 2679 1853)
4(230 1853 2681 1058)
4(676 1388 3011 2299)
4(1388 1741 3364 3011)
4(685 2308 2867 1244)
4(556 1244 2867 2179)
4(1151 653 2276 2774)
4(271 273 1896 1894)
4(271 1894 3403 1780)
4(1312 244 1867 2935)
4(244 1810 3433 1867)
4(1037 2660 2671 1048)
4(1281 2904 3001 1378)
4(1285 1378 3001 2908)
4(441 2064 3438 1815)
4(238 1815 3438 1861)
4(1237 1599 3222 2860)
4(1189 1237 2860 2812)
4(1673 1790 3413 3296)
4(272 1673 3296 1895)
4(272 1895 3413 1790)
4(330 1953 2755 1132)
4(948 950 2573 2571)
4(949 2572 2573 950)
4(932 950 2573 2555)
4(457 1781 3404 2080)
4(459 457 2080 2082)
4(1242 1447 3070 2865)
4(1583 1571 3194 3206)
4(1446 1716 3339 3069)
4(1501 3124 3339 1716)
4(501 2124 3013 1390)
4(504 1390 3013 2127)
4(611 1381 3004 2234)
4(629 2252 3004 1381)
4(1567 1570 3193 3190)
4(1570 1585 3208 3193)
4(1567 3190 3208 1585)
4(1100 2723 2759 1136)
4(1558 1587 3210 3181)
4(1181 2804 3098 1475)
4(1179 1475 3098 2802)
4(979 1553 3176 2602)
4(46 1773 3396 178)
4(45 177 3396 1773)
4(1013 2636 2870 1247)
4(467 1781 3404 2090)
4(636 1144 2767 2259)
4(637 2260 2767 1144)
4(1582 1519 3142 3205)
4(1576 3199 3237 1614)
4(1508 1614 3237 3131)
4(1571 1819 3442 3194)
4(1556 3179 3442 1819)
4(1557 1819 3442 3180)
4(1352 1339 2962 2975)
4(1352 2975 3078 1455)
4(651 1151 2774 2274)
4(561 2184 2774 1151)
4(989 2612 3007 1384)
4(1293 1403 3026 2916)
4(1121 2744 3110 1487)
4(1146 1384 3007 2769)
4(1335 1333 2956 2958)
4(1335 2958 3424 1801)
4(982 1469 3092 2605)
4(1469 1470 3093 3092)
4(982 2605 3093 1470)
4(1405 1649 3272 3028)
4(344 1967 3161 1538)
4(570 2193 3029 1406)
4(641 1146 2769 2264)
4(823 1443 3066 2446)
4(907 947 2570 2530)
4(907 2530 3449 1826)
4(947 1826 3449 2570)
4(538 1390 3013 2161)
4(542 2165 3013 1390)
4(1320 2943 3012 1389)
4(1409 3032 3273 1650)
4(596 1545 3168 2219)
4(755 1638 3261 2378)
4(370 1993 3261 1638)
4(1520 1523 3146 3143)
4(463 2086 3146 1523)
4(1475 1476 3099 3098)
4(1099 1497 3120 2722)
4(1607 1608 3231 3230)
4(1608 1609 3232 3231)
4(284 285 1908 1907)
4(1076 2699 2765 1142)
4(903 2526 3066 1443)
4(542 1549 3172 2165)
4(503 2126 3013 1390)
4(1519 3142 3407 1784)
4(1582 1784 3407 3205)
4(319 1942 3016 1393)
4(1394 1395 3018 3017)
4(1097 2720 3018 1395)
4(1281 1404 3027 2904)
4(582 1462 3085 2205)
4(351 1729 3352 1974)
4(642 351 1974 2265)
4(642 2265 3352 1729)
4(765 1610 3233 2388)
4(765 2388 3297 1674)
4(1610 1674 3297 3233)
4(1062 1821 3444 2685)
4(1063 1062 2685 2686)
4(1063 2686 3444 1821)
4(1356 1396 3019 2979)
4(765 1754 3377 2388)
4(1610 3233 3377 1754)
4(371 1143 2766 1994)
4(1328 1376 2999 2951)
4(1525 1521 3144 3148)
4(799 2422 3023 1400)
4(797 2420 3023 1400)
4(798 1400 3023 2421)
4(215 260 1883 1838)
4(1471 3094 3398 1775)
4(1264 1262 2885 2887)
4(1264 2887 2888 1265)
4(943 1458 3081 2566)
4(994 464 2087 2617)
4(994 2617 3436 1813)
4(640 1146 2769 2263)
4(1038 1647 3270 2661)
4(1101 2724 2876 1253)
4(678 207 1830 2301)
4(207 1430 3053 1830)
4(1420 1419 3042 3043)
4(1420 3043 3322 1699)
4(1419 1699 3322 3042)
4(914 2537 3405 1782)
4(935 1782 3405 2558)
4(914 935 2558 2537)
4(94 1407 3030 129)
4(93 128 3030 1407)
4(1369 1406 3029 2992)
4(841 834 2457 2464)
4(841 2464 2465 842)
4(1209 1208 2831 2832)
4(1209 2832 2836 1213)
4(1132 2755 3161 1538)
4(1565 3188 3208 1585)
4(870 826 2449 2493)
4(870 2493 3278 1655)
4(987 1146 2769 2610)
4(1518 1517 3140 3141)
4(1518 3141 3407 1784)
4(903 908 2531 2526)
4(905 2528 2531 908)
4(1575 3198 3237 1614)
4(600 1246 2869 2223)
4(1590 1594 3217 3213)
4(964 2587 3054 1431)
4(599 2222 3029 1406)
4(789 874 2497 2412)
4(792 874 2497 2415)
4(1136 2759 2767 1144)
4(433 2056 2869 1246)
4(432 1246 2869 2055)
4(1658 1657 3280 3281)
4(1658 3281 3285 1662)
4(1542 3165 3430 1807)
4(1542 1676 3299 3165)
4(1433 959 2582 3056)
4(1433 3056 3271 1648)
4(959 1648 3271 2582)
4(1401 3024 3090 1467)
4(593 1467 3090 2216)
4(1543 1790 3413 3166)
4(1673 1543 3166 3296)
4(1529 1527 3150 3152)
4(1527 1598 3221 3150)
4(262 678 2301 1885)
4(1288 2911 3061 1438)
4(1573 3196 3212 1589)
4(1425 3048 3049 1426)
4(1425 1420 3043 3048)
4(1420 1426 3049 3043)
4(1566 3189 3217 1594)
4(556 2179 3167 1544)
4(585 2208 3253 1630)
4(691 1630 3253 2314)
4(1593 1519 3142 3216)
4(1593 3216 3407 1784)
4(1370 1438 3061 2993)
4(1360 1438 3061 2983)
4(838 2461 3062 1439)
4(1307 1536 3159 2930)
4(1567 1592 3215 3190)
4(1304 1280 2903 2927)
4(1304 2927 2928 1305)
4(987 1384 3007 2610)
4(1338 1335 2958 2961)
4(1338 2961 2962 1339)
4(752 1434 3057 2375)
4(1373 2996 3057 1434)
4(1566 1586 3209 3189)
4(1143 1638 3261 2766)
4(376 1999 3261 1638)
4(1147 1483 3106 2770)
4(1171 1447 3070 2794)
4(967 2590 3070 1447)
4(477 1381 3004 2100)
4(1062 1061 2684 2685)
4(1061 1821 3444 2684)
4(769 1636 3259 2392)
4(1349 2972 2973 1350)
4(1346 1350 2973 2969)
4(349 1450 3073 1972)
4(1190 1475 3098 2813)
4(585 1640 3263 2208)
4(686 2309 3263 1640)
4(782 1477 3100 2405)
4(1120 1452 3075 2743)
4(1081 2704 3075 1452)
4(1229 1652 3275 2852)
4(1170 1168 2791 2793)
4(1170 2793 2862 1239)
4(406 1449 3072 2029)
4(616 2239 3072 1449)
4(908 2531 3066 1443)
4(802 1499 3122 2425)
4(345 1968 3080 1457)
4(1216 2839 3056 1433)
4(958 1433 3056 2581)
4(1111 1617 3240 2734)
4(1111 2734 3251 1628)
4(1022 1698 3321 2645)
4(1199 2822 3025 1402)
4(1202 1402 3025 2825)
4(1200 2823 3025 1402)
4(387 1458 3081 2010)
4(1506 3129 3133 1510)
4(1044 2667 3155 1532)
4(1440 1532 3155 3063)
4(856 2479 3096 1473)
4(856 1472 3095 2479)
4(1301 2924 3084 1461)
4(1688 1069 2692 3311)
4(1069 1744 3367 2692)
4(873 1464 3087 2496)
4(836 2459 3087 1464)
4(977 1468 3091 2600)
4(956 2579 3056 1433)
4(630 2253 3083 1460)
4(629 1460 3083 2252)
4(217 1840 3341 1718)
4(1111 1627 3250 2734)
4(1059 2682 3250 1627)
4(901 1550 3173 2524)
4(788 2411 3100 1477)
4(1286 1318 2941 2909)
4(1285 2908 2941 1318)
4(1318 2941 2987 1364)
4(1359 1403 3026 2982)
4(386 1449 3072 2009)
4(998 1431 3054 2621)
4(935 2558 3009 1386)
4(925 1386 3009 2548)
4(537 2160 3109 1486)
4(547 1486 3109 2170)
4(1616 1629 3252 3239)
4(498 2121 3376 1753)
4(1509 1608 3231 3132)
4(1068 1067 2690 2691)
4(1068 2691 3367 1744)
4(508 1730 3353 2131)
4(1359 2982 3103 1480)
4(1109 1489 3112 2732)
4(1108 2731 3112 1489)
4(1182 2805 3114 1491)
4(1173 1491 3114 2796)
4(97 1388 3011 132)
4(96 131 3011 1388)
4(1056 1029 2652 2679)
4(1029 1792 3415 2652)
4(767 2390 3115 1492)
4(814 2437 2449 826)
4(1405 239 1862 3028)
4(239 1649 3272 1862)
4(1577 1596 3219 3200)
4(976 2599 3157 1534)
4(1048 2671 3163 1540)
4(1052 1540 3163 2675)
4(882 1467 3090 2505)
4(1019 2642 3090 1467)
4(795 2418 3117 1494)
4(253 1409 3032 1876)
4(253 1876 3273 1650)
4(1332 1314 2937 2955)
4(1332 2955 2956 1333)
4(1217 2840 3056 1433)
4(1312 1474 3097 2935)
4(244 1867 3097 1474)
4(1414 1419 3042 3037)
4(1417 3040 3042 1419)
4(1417 1414 3037 3040)
4(317 1940 3016 1393)
4(580 2203 3160 1537)
4(907 1804 3427 2530)
4(947 2570 3427 1804)
4(845 842 2465 2468)
4(845 2468 2469 846)
4(1646 1043 2666 3269)
4(1514 3137 3294 1671)
4(1204 2827 2830 1207)
4(1138 1401 3024 2761)
4(881 2504 3024 1401)
4(1168 1169 2792 2791)
4(1165 2788 2792 1169)
4(1593 1597 3220 3216)
4(1263 2886 3008 1385)
4(1376 1385 3008 2999)
4(284 1907 2608 985)
4(1104 1497 3120 2727)
4(1461 3084 3085 1462)
4(330 1538 3161 1953)
4(1586 1512 3135 3209)
4(1512 1589 3212 3135)
4(1327 2950 3283 1660)
4(666 2289 3438 1815)
4(837 2460 3170 1547)
4(405 1635 3258 2028)
4(631 2254 3258 1635)
4(431 2054 3244 1621)
4(1608 1610 3233 3231)
4(1609 3232 3233 1610)
4(1113 1087 2710 2736)
4(676 1701 3324 2299)
4(1388 3011 3324 1701)
4(1165 1248 2871 2788)
4(1166 2789 2871 1248)
4(581 2204 3253 1630)
4(949 2572 2574 951)
4(1133 218 1841 2756)
4(951 2574 3383 1760)
4(1456 1760 3383 3079)
4(768 1636 3259 2391)
4(1579 3202 3259 1636)
4(231 235 1858 1854)
4(644 2267 3024 1401)
4(2 6 3306 1683)
4(93 1683 3306 128)
4(82 117 3306 1683)
4(1240 2863 3266 1643)
4(245 1868 1872 249)
4(1058 2681 2683 1060)
4(742 2365 2450 827)
4(578 1641 3264 2201)
4(1451 1752 3375 3074)
4(1422 3045 3375 1752)
4(1422 1451 3074 3045)
4(557 1640 3263 2180)
4(871 850 2473 2494)
4(871 2494 2495 872)
4(992 1798 3421 2615)
4(287 1910 3421 1798)
4(1229 2852 3420 1797)
4(689 1625 3248 2312)
4(1172 2795 3083 1460)
4(467 2090 3295 1672)
4(1513 1672 3295 3136)
4(1103 2726 3293 1670)
4(661 2284 3286 1663)
4(1129 1466 3089 2752)
4(1129 2752 3113 1490)
4(614 2237 3258 1635)
4(615 1635 3258 2238)
4(490 2113 3164 1541)
4(953 2576 3449 1826)
4(961 1826 3449 2584)
4(582 2205 3388 1765)
4(1536 1765 3388 3159)
4(1471 224 1847 3094)
4(224 1800 3423 1847)
4(928 2551 3449 1826)
4(1310 1305 2928 2933)
4(1310 2933 2934 1311)
4(1118 2741 3118 1495)
4(1008 1805 3428 2631)
4(971 2594 3340 1717)
4(897 1717 3340 2520)
4(496 2119 3370 1747)
4(99 1718 3341 134)
4(100 135 3341 1718)
4(826 1251 2874 2449)
4(1251 1812 3435 2874)
4(826 2449 3435 1812)
4(627 2250 3350 1727)
4(1039 1647 3270 2662)
4(916 2539 3405 1782)
4(510 1732 3355 2133)
4(1302 1735 3358 2925)
4(1145 1489 3112 2768)
4(1347 1339 2962 2970)
4(1347 2970 2971 1348)
4(1083 1738 3361 2706)
4(1126 2749 3361 1738)
4(937 938 2561 2560)
4(931 937 2560 2554)
4(1151 2774 3083 1460)
4(650 2273 3340 1717)
4(700 1754 3377 2323)
4(98 133 3364 1741)
4(1037 2660 3163 1540)
4(1117 1766 3389 2740)
4(1308 1756 3379 2931)
4(548 1659 3282 2171)
4(550 2173 3282 1659)
4(267 270 1893 1890)
4(270 271 1894 1893)
4(1603 3226 3384 1761)
4(938 939 2562 2561)
4(939 940 2563 2562)
4(678 1817 3440 2301)
4(207 1830 3440 1817)
4(1187 1189 2812 2810)
4(1189 1190 2813 2812)
4(456 449 2072 2079)
4(456 2079 2080 457)
4(1580 1740 3363 3203)
4(763 2386 3363 1740)
4(1187 2810 2811 1188)
4(1166 1188 2811 2789)
4(1117 1615 3238 2740)
4(1615 1616 3239 3238)
4(1117 2740 3239 1616)
4(530 2153 3297 1674)
4(404 1635 3258 2027)
4(1426 1484 3107 3049)
4(1391 1795 3418 3014)
4(1030 1391 3014 2653)
4(4 1693 3316 8)
4(95 130 3316 1693)
4(925 2548 3277 1654)
4(96 1693 3316 131)
4(740 741 2364 2363)
4(738 2361 2364 741)
4(468 466 2089 2091)
4(468 2091 3010 1387)
4(466 1387 3010 2089)
4(1237 2860 3223 1600)
4(1451 991 2614 3074)
4(1373 1374 2997 2996)
4(1372 2995 2997 1374)
4(816 817 2440 2439)
4(575 2198 3264 1641)
4(1228 1661 3284 2851)
4(288 1911 3284 1661)
4(498 1428 3051 2121)
4(499 2122 3051 1428)
4(738 1383 3006 2361)
4(739 2362 3006 1383)
4(1016 1429 3052 2639)
4(1014 2637 3052 1429)
4(1415 3038 3380 1757)
4(1415 1373 2996 3038)
4(1373 1757 3380 2996)
4(1024 1021 2644 2647)
4(1024 2647 2668 1045)
4(275 280 1903 1898)
4(1111 2734 3063 1440)
4(1057 1440 3063 2680)
4(1375 2998 3283 1660)
4(1378 1404 3027 3001)
4(1379 3002 3343 1720)
4(1526 3149 3152 1529)
4(711 712 2335 2334)
4(709 2332 2335 712)
4(461 2084 2087 464)
4(552 1767 3390 2175)
4(367 1990 3082 1459)
4(1554 3177 3442 1819)
4(1169 2792 2793 1170)
4(782 1749 3372 2405)
4(1477 3100 3372 1749)
4(1470 1806 3429 3093)
4(1235 2858 3033 1410)
4(711 2334 3068 1445)
4(529 1445 3068 2152)
4(1110 1739 3362 2733)
4(1071 2694 3362 1739)
4(827 2450 2452 829)
4(1492 3115 3448 1825)
4(1492 758 2381 3115)
4(758 1825 3448 2381)
4(847 846 2469 2470)
4(847 2470 2471 848)
4(706 1761 3384 2329)
4(1609 706 2329 3232)
4(1093 1110 2733 2716)
4(284 1907 3400 1777)
4(985 1777 3400 2608)
4(502 1730 3353 2125)
4(371 1638 3261 1994)
4(1552 3175 3260 1637)
4(1552 230 1853 3175)
4(230 1637 3260 1853)
4(1510 3133 3137 1514)
4(1223 2846 3439 1816)
4(1210 1816 3439 2833)
4(1093 2716 2725 1102)
4(1094 1102 2725 2717)
4(1253 1254 2877 2876)
4(1101 2724 2877 1254)
4(1063 1677 3300 2686)
4(550 1436 3059 2173)
4(552 2175 3059 1436)
4(1115 2738 3121 1498)
4(1076 1498 3121 2699)
4(1576 3199 3212 1589)
4(287 291 1914 1910)
4(291 292 1915 1914)
4(1352 2975 3171 1548)
4(1392 1548 3171 3015)
4(1352 1392 3015 2975)
4(204 231 1854 1827)
4(1569 1588 3211 3192)
4(1750 1751 3374 3373)
4(717 1750 3373 2340)
4(881 2504 3090 1467)
4(1342 1343 2966 2965)
4(1341 2964 2966 1343)
4(709 1454 3077 2332)
4(710 2333 3077 1454)
4(1376 2999 3349 1726)
4(739 809 2432 2362)
4(746 2369 2432 809)
4(530 713 2336 2153)
4(529 2152 2336 713)
4(803 2426 2447 824)
4(811 807 2430 2434)
4(807 869 2492 2430)
4(415 2038 3303 1680)
4(1019 1684 3307 2642)
4(1491 1727 3350 3114)
4(1105 1129 2752 2728)
4(1104 2727 2752 1129)
4(1029 1027 2650 2652)
4(1029 2652 3412 1789)
4(1027 1789 3412 2650)
4(1651 1791 3414 3274)
4(809 869 2492 2432)
4(869 1437 3060 2492)
4(809 2432 3060 1437)
4(1608 1611 3234 3231)
4(1610 3233 3234 1611)
4(1468 1469 3092 3091)
4(547 1492 3115 2170)
4(547 2170 3448 1825)
4(1699 1762 3385 3322)
4(1422 1699 3322 3045)
4(1422 3045 3385 1762)
4(1071 1719 3342 2694)
4(1487 3110 3342 1719)
4(1141 2764 3121 1498)
4(1606 3229 3384 1761)
4(1095 2718 3422 1799)
4(1354 1799 3422 2977)
4(671 1737 3360 2294)
4(388 1449 3072 2011)
4(1024 2647 3156 1533)
4(1532 1533 3156 3155)
4(1024 1532 3155 2647)
4(1385 1620 3243 3008)
4(1317 1385 3008 2940)
4(477 1656 3279 2100)
4(1586 1594 3217 3209)
4(1590 1586 3209 3213)
4(544 2167 3443 1820)
4(654 1820 3443 2277)
4(1118 1615 3238 2741)
4(1385 1726 3349 3008)
4(1520 1525 3148 3143)
4(1451 3074 3380 1757)
4(1451 1415 3038 3074)
4(1060 2683 2685 1062)
4(945 2568 3071 1448)
4(1231 2854 3314 1691)
4(1224 1691 3314 2847)
4(911 2534 3072 1449)
4(910 931 2554 2533)
4(1282 1713 3336 2905)
4(1620 3243 3336 1713)
4(1605 1787 3410 3228)
4(741 2364 2365 742)
4(809 1465 3088 2432)
4(1089 1687 3310 2712)
4(982 1553 3176 2605)
4(1234 1236 2859 2857)
4(1236 1668 3291 2859)
4(1234 2857 3291 1668)
4(1245 2868 3114 1491)
4(628 1491 3114 2251)
4(1372 1435 3058 2995)
4(1342 2965 3058 1435)
4(1533 1789 3412 3156)
4(1024 2647 3412 1789)
4(1140 2763 3303 1680)
4(348 1450 3073 1971)
4(1122 1452 3075 2745)
4(224 1847 3398 1775)
4(1512 1590 3213 3135)
4(1590 1734 3357 3213)
4(1202 2825 2828 1205)
4(1204 1205 2828 2827)
4(829 2452 2454 831)
4(1225 1226 2849 2848)
4(1226 1228 2851 2849)
4(717 2340 3044 1421)
4(710 1421 3044 2333)
4(340 1963 3381 1758)
4(339 1758 3381 1962)
4(1397 1479 3102 3020)
4(1627 3250 3252 1629)
4(1627 1628 3251 3250)
4(746 1437 3060 2369)
4(804 2427 3060 1437)
4(97 1741 3364 132)
4(1096 2719 3121 1498)
4(1022 2645 2646 1023)
4(1021 1023 2646 2644)
4(935 2558 3302 1679)
4(914 1679 3302 2537)
4(1129 2752 3310 1687)
4(1105 1687 3310 2728)
4(1213 2836 2843 1220)
4(1523 1714 3337 3146)
4(1239 2862 3055 1432)
4(1211 1432 3055 2834)
4(949 2572 3271 1648)
4(1341 1392 3015 2964)
4(1344 2967 3015 1392)
4(347 1970 3080 1457)
4(629 1776 3399 2252)
4(1460 3083 3399 1776)
4(566 2189 3119 1496)
4(568 1496 3119 2191)
4(1419 3042 3416 1793)
4(677 2300 3306 1683)
4(1575 1602 3225 3198)
4(1601 1575 3198 3224)
4(1188 1189 2812 2811)
4(997 1712 3335 2620)
4(1324 2947 3335 1712)
4(1522 1582 3205 3145)
4(1306 2929 3084 1461)
4(1378 1280 2903 3001)
4(1378 3001 3338 1715)
4(1169 1248 2871 2792)
4(548 1820 3443 2171)
4(1659 3282 3443 1820)
4(796 2419 3372 1749)
4(785 1749 3372 2408)
4(1139 1541 3164 2762)
4(1510 3133 3294 1671)
4(270 1673 3296 1893)
4(272 270 1893 1895)
4(1184 1468 3091 2807)
4(506 1436 3059 2129)
4(1428 3051 3059 1436)
4(261 1644 3267 1884)
4(985 261 1884 2608)
4(985 2608 3267 1644)
4(1395 1642 3265 3018)
4(974 2597 3157 1534)
4(973 1534 3157 2596)
4(1461 3084 3388 1765)
4(1462 1765 3388 3085)
4(261 468 2091 1884)
4(468 1644 3267 2091)
4(1412 1411 3034 3035)
4(1412 3035 3036 1413)
4(1411 1413 3036 3034)
4(786 2409 3100 1477)
4(1408 859 2482 3031)
4(1408 3031 3395 1772)
4(859 1772 3395 2482)
4(994 2617 3010 1387)
4(292 1387 3010 1915)
4(1429 3052 3307 1684)
4(1016 1684 3307 2639)
4(1019 1429 3052 2642)
4(219 1054 2677 1842)
4(1498 3121 3409 1786)
4(1076 1786 3409 2699)
4(1354 2977 3158 1535)
4(1354 1102 2725 2977)
4(1102 1535 3158 2725)
4(1350 1482 3105 2973)
4(1349 2972 3105 1482)
4(1325 1814 3437 2948)
4(1276 2899 3437 1814)
4(225 1552 3175 1848)
4(1473 3096 3386 1763)
4(858 1763 3386 2481)
4(1608 1612 3235 3231)
4(1429 3052 3428 1805)
4(1429 1025 2648 3052)
4(945 1804 3427 2568)
4(1174 2797 3114 1491)
4(1450 1815 3438 3073)
4(1263 1483 3106 2886)
4(1027 1028 2651 2650)
4(872 2495 2651 1028)
4(317 1940 3288 1665)
4(908 909 2532 2531)
4(270 1054 2677 1893)
4(1054 1673 3296 2677)
4(351 1974 3426 1803)
4(1014 2637 3428 1805)
4(1207 2830 2832 1209)
4(1614 1787 3410 3237)
4(1254 2877 2878 1255)
4(1190 1191 2814 2813)
4(1191 1475 3098 2814)
4(929 2552 3427 1804)
4(713 2336 2337 714)
4(530 714 2337 2153)
4(1381 1776 3399 3004)
4(859 2482 3290 1667)
4(1424 1420 3043 3047)
4(1098 1627 3250 2721)
4(1098 2721 3252 1629)
4(1627 3250 3368 1745)
4(1102 1110 2733 2725)
4(1615 1629 3252 3238)
4(869 805 2428 2492)
4(805 1437 3060 2428)
4(1188 2811 2871 1248)
4(271 272 1895 1894)
4(272 273 1896 1895)
4(1449 3072 3302 1679)
4(388 1679 3302 2011)
4(1417 3040 3043 1420)
4(1353 2976 3253 1630)
4(582 1630 3253 2205)
4(492 1541 3164 2115)
4(458 457 2080 2081)
4(458 2081 2082 459)
4(1062 2685 2688 1065)
4(763 1596 3219 2386)
4(1028 2651 2652 1029)
4(1323 1284 2907 2946)
4(1284 1681 3304 2907)
4(1323 2946 3304 1681)
4(1592 3215 3220 1597)
4(1251 861 2484 2874)
4(861 1441 3064 2484)
4(1251 2874 3064 1441)
4(1107 2730 3121 1498)
4(506 2129 3390 1767)
4(236 868 2491 1859)
4(911 2534 3302 1679)
4(561 2184 3083 1460)
4(1470 3093 3218 1595)
4(1254 1354 2977 2877)
4(1254 2877 3158 1535)
4(1023 1026 2649 2646)
4(792 2415 2428 805)
4(804 805 2428 2427)
4(1750 1752 3375 3373)
4(1593 1592 3215 3216)
4(1023 2646 2647 1024)
4(1306 1536 3159 2929)
4(1070 1068 2691 2693)
4(1070 2693 3344 1721)
4(1068 1721 3344 2691)
4(849 1708 3331 2472)
4(1633 849 2472 3256)
4(1349 1624 3247 2972)
4(831 2454 2456 833)
4(1750 1422 3045 3373)
4(517 1544 3167 2140)
4(1416 1414 3037 3039)
4(1416 3039 3040 1417)
4(479 2102 3399 1776)
4(561 1776 3399 2184)
4(1344 1352 2975 2967)
4(1346 2969 2975 1352)
4(222 1790 3413 1845)
4(1234 1235 2858 2857)
4(1235 1236 2859 2858)
4(456 2079 3299 1676)
4(456 458 2081 2079)
4(1285 1380 3003 2908)
4(1378 3001 3003 1380)
4(1516 1593 3216 3139)
4(1593 1764 3387 3216)
4(1094 2717 3158 1535)
4(1101 1535 3158 2724)
4(600 2223 3447 1824)
4(602 1824 3447 2225)
4(741 1383 3006 2364)
4(1244 2867 3167 1544)
4(1385 1483 3106 3008)
4(1390 1549 3172 3013)
4(221 1844 3430 1807)
4(861 835 2458 2484)
4(861 2484 3446 1823)
4(835 1823 3446 2458)
4(274 1711 3334 1897)
4(1265 2888 2902 1279)
4(1343 1435 3058 2966)
4(1413 1343 2966 3036)
4(936 822 2445 2559)
4(936 2559 2564 941)
4(1068 2691 2710 1087)
4(1104 1490 3113 2727)
4(1490 1497 3120 3113)
4(1410 3033 3417 1794)
4(1664 1794 3417 3287)
4(1410 1664 3287 3033)
4(1348 1411 3034 2971)
4(1205 1402 3025 2828)
4(1133 456 2079 2756)
4(1133 2756 3299 1676)
4(1733 1807 3430 3356)
4(1746 1733 3356 3369)
4(1746 3369 3430 1807)
4(936 1685 3308 2559)
4(1025 1705 3328 2648)
4(593 2216 3328 1705)
4(1375 1618 3241 2998)
4(1412 3035 3037 1414)
4(786 2409 3372 1749)
4(712 2335 3068 1445)
4(932 2555 3076 1453)
4(1559 3182 3363 1740)
4(1561 1740 3363 3184)
4(1407 1683 3306 3030)
4(810 807 2430 2433)
4(1357 2980 3247 1624)
4(1452 1670 3293 3075)
4(1064 1490 3113 2687)
4(1064 2687 3300 1677)
4(792 806 2429 2415)
4(806 874 2497 2429)
4(1266 1618 3241 2889)
4(1672 1781 3404 3295)
4(1211 2834 3298 1675)
4(1238 1675 3298 2861)
4(717 2340 3046 1423)
4(1421 1423 3046 3044)
4(809 2432 3006 1383)
4(714 1716 3339 2337)
4(713 2336 3339 1716)
4(595 2218 3312 1689)
4(712 1454 3077 2335)
4(207 1733 3356 1830)
4(1430 3053 3356 1733)
4(1609 3232 3377 1754)
4(1013 1703 3326 2636)
4(1420 1484 3107 3043)
4(1065 2688 2690 1067)
4(713 1445 3068 2336)
4(909 931 2554 2532)
4(1312 1551 3174 2935)
4(1474 3097 3174 1551)
4(1314 1311 2934 2937)
4(1118 1619 3242 2741)
4(1615 3238 3242 1619)
4(1107 2730 3409 1786)
4(1306 2929 3388 1765)
4(1504 1502 3125 3127)
4(1102 2725 2978 1355)
4(1612 1509 3132 3235)
4(1509 1631 3254 3132)
4(1612 3235 3254 1631)
4(1089 1129 2752 2712)
4(1476 1588 3211 3099)
4(1114 1800 3423 2737)
4(224 1114 2737 1847)
4(991 2614 3380 1757)
4(1110 1355 2978 2733)
4(1064 1495 3118 2687)
4(1064 2687 3120 1497)
4(628 1727 3350 2251)
4(1457 3080 3381 1758)
4(1467 1705 3328 3090)
4(1019 2642 3328 1705)
4(934 1654 3277 2557)
4(204 1827 3272 1649)
4(1392 1411 3034 3015)
4(1411 1548 3171 3034)
4(1452 3075 3310 1687)
4(205 1650 3273 1828)
4(807 805 2428 2430)
4(662 222 1845 2285)
4(222 1651 3274 1845)
4(1423 3046 3373 1750)
4(1423 1422 3045 3046)
4(1261 2884 2887 1264)
4(1220 2843 3383 1760)
4(1105 2728 3293 1670)
4(1588 1598 3221 3211)
4(932 1249 2872 2555)
4(264 270 1893 1887)
4(447 2070 2079 456)
4(1719 3342 3362 1739)
4(231 1854 3272 1649)
4(1069 1788 3411 2692)
4(1487 3110 3411 1788)
4(1487 1069 2692 3110)
4(245 1650 3273 1868)
4(833 2456 2464 841)
4(1030 1029 2652 2653)
4(1030 2653 2679 1056)
4(1484 1699 3322 3107)
4(1423 1484 3107 3046)
4(1423 3046 3322 1699)
4(220 1843 3316 1693)
4(868 1441 3064 2491)
4(1333 2956 2961 1338)
4(462 1523 3146 2085)
4(1311 2934 2955 1332)
4(1279 2902 2927 1304)
4(1045 2668 3155 1532)
4(868 265 1888 2491)
4(265 1441 3064 1888)
4(856 2479 3386 1763)
4(1706 3329 3354 1731)
4(1222 1223 2846 2845)
4(1222 2845 3439 1816)
4(712 1500 3123 2335)
4(1224 1222 2845 2847)
4(1222 1227 2850 2845)
4(1224 2847 2850 1227)
4(1254 1256 2879 2877)
4(1256 1354 2977 2879)
4(1421 3044 3077 1454)
4(223 1662 3285 1846)
4(1696 1712 3335 3319)
4(997 1696 3319 2620)
4(1533 1029 2652 3156)
4(1486 3109 3448 1825)
4(285 291 1914 1908)
4(1448 3071 3427 1804)
4(1095 1114 2737 2718)
4(603 1696 3319 2226)
4(1411 1343 2966 3034)
4(1511 1590 3213 3134)
4(1394 208 1831 3017)
4(208 1395 3018 1831)
4(1347 1481 3104 2970)
4(1213 1214 2837 2836)
4(1209 2832 2837 1214)
4(1343 1392 3015 2966)
4(603 1712 3335 2226)
4(848 2471 2494 871)
4(1056 2679 3014 1391)
4(230 1391 3014 1853)
4(714 2337 3297 1674)
4(218 1676 3299 1841)
4(1436 3059 3390 1767)
4(219 1842 3296 1673)
4(1105 1452 3075 2728)
4(1270 1712 3335 2893)
4(996 2619 3381 1758)
4(347 1758 3381 1970)
4(352 1975 3426 1803)
4(1304 1310 2933 2927)
4(1304 2927 3433 1810)
4(468 1632 3255 2091)
4(264 1887 2677 1054)
4(1214 2837 2843 1220)
4(1441 1812 3435 3064)
4(1589 1591 3214 3212)
4(1324 1814 3437 2947)
4(348 1815 3438 1971)
4(841 2464 2468 845)
4(1712 1814 3437 3335)
4(1485 3108 3406 1783)
4(1331 1783 3406 2954)
4(282 1691 3314 1905)
4(1270 1814 3437 2893)
4(706 1754 3377 2329)
4(805 806 2429 2428)
4(1623 1755 3378 3246)
4(879 1763 3386 2502)
4(1391 1552 3175 3014)
4(1552 1795 3418 3175)
4(1531 1716 3339 3154)
4(464 2087 3010 1387)
4(1282 1626 3249 2905)
4(1626 1713 3336 3249)
4(1370 1756 3379 2993)
4(1505 1613 3236 3128)
4(1109 2732 3409 1786)
4(1503 3126 3235 1612)
4(1503 1531 3154 3126)
4(1284 2907 3434 1811)
4(1323 1811 3434 2946)
4(1495 1619 3242 3118)
4(937 939 2562 2560)
4(499 1820 3443 2122)
4(534 1825 3448 2157)
4(1416 1418 3041 3039)
4(1142 2765 3409 1786)
4(1428 3051 3282 1659)
4(1436 1659 3282 3059)
4(1434 1757 3380 3057)
4(1408 232 1855 3031)
4(1686 851 2474 3309)
4(1686 3309 3365 1742)
4(1364 2987 3246 1623)
4(1313 1623 3246 2936)
4(995 2618 3153 1530)
4(1528 1530 3153 3151)
4(845 2468 2470 847)
4(1386 3009 3277 1654)
4(1599 1600 3223 3222)
4(1599 3222 3262 1639)
4(1068 1113 2736 2691)
4(1067 2690 2736 1113)
4(1482 3105 3425 1802)
4(1350 1802 3425 2973)
4(1235 2858 3417 1794)
4(1469 3092 3431 1808)
4(1468 1808 3431 3091)
4(1429 1705 3328 3052)
4(1482 3105 3247 1624)
4(499 2122 3282 1659)
4(447 1133 2756 2070)
4(1346 1455 3078 2969)
4(1350 2973 3078 1455)
4(1311 1312 2935 2934)
4(1246 2869 3447 1824)
4(1204 2827 3067 1444)
4(1207 1444 3067 2830)
4(1323 1304 2927 2946)
4(1323 2946 3433 1810)
4(1169 2792 2857 1234)
4(433 2056 3447 1824)
4(1529 1639 3262 3152)
4(1502 1524 3147 3125)
4(860 2483 3446 1823)
4(1265 2888 3304 1681)
4(1279 1681 3304 2902)
4(464 466 2089 2087)
4(465 464 2087 2088)
4(465 2088 2089 466)
4(230 1853 3366 1743)
4(1058 1743 3366 2681)
4(1515 1593 3216 3138)
4(1611 1674 3297 3234)
4(234 1408 3031 1857)
4(234 1857 3395 1772)
4(1312 2935 2955 1332)
4(1070 1719 3342 2693)
4(848 859 2482 2471)
4(847 2470 2482 859)
4(1582 1518 3141 3205)
4(1496 3119 3379 1756)
4(1513 1510 3133 3136)
4(1513 3136 3294 1671)
4(1472 1785 3408 3095)
4(1388 3011 3316 1693)
4(1388 220 1843 3011)
4(1238 2861 3402 1779)
4(1200 1779 3402 2823)
4(1530 1813 3436 3153)
4(806 1137 2760 2429)
4(742 1047 2670 2365)
4(741 2364 2670 1047)
4(1546 1061 2684 3169)
4(1440 1533 3156 3063)
4(1122 2745 3411 1788)
4(1121 1788 3411 2744)
4(292 1915 2091 468)
4(291 468 2091 1914)
4(1661 3284 3317 1694)
4(286 1694 3317 1909)
4(1256 1255 2878 2879)
4(1256 2879 2880 1257)
4(1595 1806 3429 3218)
4(868 2491 3401 1778)
4(1622 1824 3447 3245)
4(1613 1631 3254 3236)
4(1188 1237 2860 2811)
4(1214 2837 2844 1221)
4(1220 1221 2844 2843)
4(1664 1798 3421 3287)
4(1417 3040 3047 1424)
4(859 2482 2494 871)
4(1207 2830 2833 1210)
4(1209 1210 2833 2832)
4(827 2450 2493 870)
4(829 870 2493 2452)
4(208 1831 3280 1657)
4(1394 1657 3280 3017)
4(1688 1788 3411 3311)
4(1524 1723 3346 3147)
4(467 2090 3346 1723)
4(1336 2959 3425 1802)
4(806 2429 2431 808)
4(806 807 2430 2429)
4(807 808 2431 2430)
4(273 662 2285 1896)
4(275 1898 2285 662)
4(1596 1740 3363 3219)
4(1023 1027 2650 2646)
4(1495 3118 3169 1546)
4(1064 1546 3169 2687)
4(1478 3101 3312 1689)
4(808 810 2433 2431)
4(1446 713 2336 3069)
4(1417 1418 3041 3040)
4(1419 1762 3385 3042)
4(1333 1634 3257 2956)
4(1332 2955 3257 1634)
4(1283 1264 2887 2906)
4(1283 2906 2907 1284)
4(1264 1284 2907 2887)
4(1421 1484 3107 3044)
4(285 1777 3400 1908)
4(291 1914 3400 1777)
4(1506 3129 3136 1513)
4(239 231 1854 1862)
4(1330 1284 2907 2953)
4(1284 1331 2954 2907)
4(245 253 1876 1868)
4(1474 1645 3268 3097)
4(244 1867 3268 1645)
4(1098 1615 3238 2721)
4(1445 3068 3069 1446)
4(1708 3331 3392 1769)
4(1546 1677 3300 3169)
4(1061 2684 3300 1677)
4(931 2554 2559 936)
4(909 936 2559 2532)
4(1332 1551 3174 2955)
4(662 1790 3413 2285)
4(1264 2887 3304 1681)
4(908 1685 3308 2531)
4(909 2532 3308 1685)
4(461 2084 2088 465)
4(1408 3031 3276 1653)
4(234 1653 3276 1857)
4(936 937 2560 2559)
4(1708 1763 3386 3331)
4(1708 856 2479 3331)
4(1222 1221 2844 2845)
4(1060 2683 2720 1097)
4(1062 1097 2720 2685)
4(1200 2823 3420 1797)
4(1402 1797 3420 3025)
4(841 2464 2483 860)
4(845 860 2483 2468)
4(833 835 2458 2456)
4(1474 241 1864 3097)
4(1279 2902 2946 1323)
4(1710 3333 3334 1711)
4(1067 1394 3017 2690)
4(1675 3298 3402 1779)
4(1214 2837 2845 1222)
4(742 2365 3278 1655)
4(827 1655 3278 2450)
4(279 1720 3343 1902)
4(1720 1780 3403 3343)
4(937 2560 2564 941)
4(1702 3325 3395 1772)
4(465 2088 3053 1430)
4(1256 2879 2939 1316)
4(1552 3175 3419 1796)
4(814 1704 3327 2437)
4(1668 3291 3292 1669)
4(460 1672 3295 2083)
4(291 1644 3267 1914)
4(1097 2720 3260 1637)
4(1637 1743 3366 3260)
4(1097 2720 3366 1743)
4(1733 3356 3397 1774)
4(1169 1668 3291 2792)
4(1248 2871 3291 1668)
4(908 2531 3432 1809)
4(1443 1809 3432 3066)
4(1733 221 1844 3356)
4(1501 1531 3154 3124)
4(1531 1818 3441 3154)
4(1402 3025 3275 1652)
4(856 1785 3408 2479)
4(1783 1811 3434 3406)
4(244 1783 3406 1867)
4(244 1867 3434 1811)
4(273 1896 3413 1790)
4(1221 1760 3383 2844)
4(1231 1682 3305 2854)
4(286 1909 3305 1682)
4(1582 3205 3315 1692)
4(814 1812 3435 2437)
4(1704 3327 3435 1812)
4(1188 2811 3292 1669)
4(1248 1669 3292 2871)
4(1618 1626 3249 3241)
4(1095 1800 3423 2718)
4(1331 2954 3434 1811)
4(459 1807 3430 2082)
4(1633 3256 3309 1686)
4(856 2479 3392 1769)
4(1057 1533 3156 2680)
4(1799 1800 3423 3422)
4(1214 2837 3439 1816)
4(1451 1762 3385 3074)
4(1415 3038 3385 1762)
4(1719 3342 3344 1721)
4(1551 3174 3257 1634)
4(1334 2957 3354 1731)
4(1644 3267 3400 1777)
4(712 2335 3323 1700)
4(1445 1700 3323 3068)
4(1502 3125 3346 1723)
4(1504 1723 3346 3127)
4(872 1702 3325 2495)
4(871 2494 3325 1702)
4(275 1728 3351 1898)
4(465 2088 3356 1733)
4(1067 2690 3280 1657)
4(240 1863 3406 1783)
4(240 1485 3108 1863)
4(1731 3354 3424 1801)
4(1336 1801 3424 2959)
4(1506 1722 3345 3129)
4(1504 3127 3345 1722)
4(288 1911 3317 1694)
4(459 2082 3369 1746)
4(461 1746 3369 2084)
4(288 1664 3287 1911)
4(465 2088 3369 1746)
4(1725 3348 3398 1775)
4(1060 1743 3366 2683)
4(1653 3276 3418 1795)
4(1023 2646 3412 1789)
4(1651 206 1829 3274)
4(226 1795 3418 1849)
4(1552 226 1849 3175)
4(1256 1799 3422 2879)
4(841 2464 3446 1823)
4(265 1888 3435 1812)
4(1651 3274 3359 1736)
4(1810 1811 3434 3433)
4(1551 1695 3318 3174)
4(1474 3097 3318 1695)
4(1645 1783 3406 3268)
4(937 1697 3320 2560)
4(1069 1721 3344 2692)
4(1721 1744 3367 3344)
4(1677 1821 3444 3300)
4(1799 1316 2939 3422)
4(1551 248 1871 3174)
4(248 1695 3318 1871)
4(1762 3385 3416 1793)
4(871 1772 3395 2494)
4(1533 1792 3415 3156)
4(1722 1723 3346 3345)
4(1069 2692 3342 1719)
4(833 2456 3446 1823)
4(1209 2832 3439 1816)
4(288 1798 3421 1911)
4(1652 1797 3420 3275)
4(1769 1785 3408 3392)
4(1801 3424 3425 1802)
4(1694 1798 3421 3317)
3(209 1331 1330)
3(1832 2953 2954)
3(562 1539 294)
3(2185 1917 3162)
3(867 1547 1493)
3(2490 3116 3170)
3(815 1379 812)
3(2438 2435 3002)
3(940 1456 1227)
3(2563 2850 3079)
3(283 614 296)
3(1906 1919 2237)
3(1257 1471 1259)
3(2880 2882 3094)
3(820 893 819)
3(2443 2442 2516)
3(670 1479 217)
3(2293 1840 3102)
3(951 1456 950)
3(2574 2573 3079)
3(1325 1367 1276)
3(2948 2899 2990)
3(1266 1626 1265)
3(2889 2888 3249)
3(377 793 778)
3(2000 2401 2416)
3(1327 1367 1325)
3(2950 2948 2990)
3(1031 1698 883)
3(2654 2506 3321)
3(410 1145 413)
3(2033 2036 2768)
3(718 1132 996)
3(2341 2619 2755)
3(951 1648 1217)
3(2574 2840 3271)
3(1035 1049 1046)
3(2658 2669 2672)
3(819 1724 820)
3(2442 2443 3347)
3(467 1524 457)
3(2090 2080 3147)
3(281 1709 282)
3(1904 1905 3332)
3(225 1796 90)
3(1848 125 3419)
3(1259 1471 1261)
3(2882 2884 3094)
3(1106 1125 1071)
3(2729 2694 2748)
3(1224 1226 286)
3(2847 1909 2849)
3(1357 1396 1336)
3(2980 2959 3019)
3(1066 1688 1089)
3(2689 2712 3311)
3(966 969 652)
3(2589 2275 2592)
3(1396 1731 1336)
3(3019 2959 3354)
3(1071 1124 1106)
3(2694 2729 2747)
3(883 1698 884)
3(2506 2507 3321)
3(436 569 565)
3(2059 2188 2192)
3(1059 1111 1057)
3(2682 2680 2734)
3(867 1473 839)
3(2490 2462 3096)
3(85 240 86)
3(120 121 1863)
3(1476 1598 1191)
3(3099 2814 3221)
3(221 1542 104)
3(1844 139 3165)
3(414 440 212)
3(2037 1835 2063)
3(436 570 569)
3(2059 2192 2193)
3(586 664 583)
3(2209 2206 2287)
3(1398 1724 824)
3(3021 2447 3347)
3(1026 1032 872)
3(2649 2495 2655)
3(246 1695 241)
3(1869 1864 3318)
3(565 566 564)
3(2188 2187 2189)
3(217 672 670)
3(1840 2293 2295)
3(448 1666 447)
3(2071 2070 3289)
3(985 1770 256)
3(2608 1879 3393)
3(1383 1465 1047)
3(3006 2670 3088)
3(1377 1695 246)
3(3000 1869 3318)
3(25 494 480)
3(157 2103 2117)
3(265 1704 267)
3(1888 1890 3327)
3(866 1493 857)
3(2489 2480 3116)
3(438 560 559)
3(2061 2182 2183)
3(429 565 563)
3(2052 2186 2188)
3(755 1459 370)
3(2378 1993 3082)
3(299 379 378)
3(1922 2001 2002)
3(296 614 406)
3(1919 2029 2237)
3(487 555 515)
3(2110 2138 2178)
3(480 494 482)
3(2103 2105 2117)
3(800 801 790)
3(2423 2413 2424)
3(930 1448 929)
3(2553 2552 3071)
3(419 595 420)
3(2042 2043 2218)
3(1412 1481 1416)
3(3035 3039 3104)
3(1260 1317 1258)
3(2883 2881 2940)
3(867 1493 834)
3(2490 2457 3116)
3(851 863 862)
3(2474 2485 2486)
3(1182 1193 630)
3(2805 2253 2816)
3(761 1580 978)
3(2384 2601 3203)
3(1508 1707 1591)
3(3131 3214 3330)
3(241 1645 205)
3(1864 1828 3268)
3(435 1759 572)
3(2058 2195 3382)
3(72 1055 219)
3(107 1842 2678)
3(379 1459 755)
3(2002 2378 3082)
3(438 559 437)
3(2061 2060 2182)
3(429 563 428)
3(2052 2051 2186)
3(563 565 564)
3(2186 2187 2188)
3(294 1539 405)
3(1917 2028 3162)
3(218 1134 106)
3(1841 141 2757)
3(1557 1581 1571)
3(3180 3194 3204)
3(817 1711 279)
3(2440 1902 3334)
3(849 1769 848)
3(2472 2471 3392)
3(942 1710 278)
3(2565 1901 3333)
3(1176 1184 1177)
3(2799 2800 2807)
3(1605 1607 1509)
3(3228 3132 3230)
3(1184 1808 1177)
3(2807 2800 3431)
3(1137 1499 813)
3(2760 2436 3122)
3(448 1424 1418)
3(2071 3041 3047)
3(378 667 299)
3(2001 1922 2290)
3(966 1000 969)
3(2589 2592 2623)
3(860 861 237)
3(2483 1860 2484)
3(206 1791 254)
3(1829 1877 3414)
3(864 1031 883)
3(2487 2506 2654)
3(819 1690 821)
3(2442 2444 3313)
3(435 572 436)
3(2058 2059 2195)
3(449 1678 448)
3(2072 2071 3301)
3(944 1448 930)
3(2567 2553 3071)
3(255 258 257)
3(1878 1880 1881)
3(831 870 835)
3(2454 2458 2493)
3(694 990 696)
3(2317 2319 2613)
3(785 1457 796)
3(2408 2419 3080)
3(205 240 85)
3(1828 120 1863)
3(1554 1556 1470)
3(3177 3093 3179)
3(648 971 843)
3(2271 2466 2594)
3(1424 1678 1425)
3(3047 3048 3301)
3(592 1025 591)
3(2215 2214 2648)
3(890 891 820)
3(2513 2443 2514)
3(1439 1473 858)
3(3062 2481 3096)
3(1315 1748 1314)
3(2938 2937 3371)
3(694 1625 990)
3(2317 2613 3248)
3(595 1247 420)
3(2218 2043 2870)
3(414 1680 440)
3(2037 2063 3303)
3(430 439 434)
3(2053 2057 2062)
3(427 594 426)
3(2050 2049 2217)
3(207 1774 103)
3(1830 138 3397)
3(1314 1748 1313)
3(2937 2936 3371)
3(1480 1706 1337)
3(3103 2960 3329)
3(559 562 294)
3(2182 1917 2185)
3(1502 1818 1501)
3(3125 3124 3441)
3(1225 1444 1205)
3(2848 2828 3067)
3(426 594 247)
3(2049 1870 2217)
3(385 389 295)
3(2008 1918 2012)
3(1484 1500 1454)
3(3107 3077 3123)
3(75 1736 206)
3(110 1829 3359)
3(106 1409 3)
3(141 7 3032)
3(1560 1597 1587)
3(3183 3210 3220)
3(963 1219 957)
3(2586 2580 2842)
3(1 1405 72)
3(5 107 3028)
3(1309 1660 1269)
3(2932 2892 3283)
3(839 1473 1439)
3(2462 3062 3096)
3(664 1537 583)
3(2287 2206 3160)
3(295 389 67)
3(1918 199 2012)
3(848 1686 849)
3(2471 2472 3309)
3(444 586 583)
3(2067 2206 2209)
3(796 1457 340)
3(2419 1963 3080)
3(801 802 790)
3(2424 2413 2425)
3(451 500 19)
3(2074 151 2123)
3(205 1645 240)
3(1828 1863 3268)
3(822 941 821)
3(2445 2444 2564)
3(993 1530 992)
3(2616 2615 3153)
3(1337 1731 1396)
3(2960 3019 3354)
3(282 1231 281)
3(1905 1904 2854)
3(249 1134 446)
3(1872 2069 2757)
3(693 1244 688)
3(2316 2311 2867)
3(851 864 863)
3(2474 2486 2487)
3(996 1132 344)
3(2619 1967 2755)
3(1413 1414 1374)
3(3036 2997 3037)
3(255 257 254)
3(1878 1877 1880)
3(263 1055 235)
3(1886 1858 2678)
3(412 1142 1109)
3(2035 2732 2765)
3(1046 1049 1013)
3(2669 2636 2672)
3(1269 1404 1309)
3(2892 2932 3027)
3(1316 1471 1257)
3(2939 2880 3094)
3(1109 1145 412)
3(2732 2035 2768)
3(1265 1822 1266)
3(2888 2889 3445)
3(536 1730 697)
3(2159 2320 3353)
3(72 219 73)
3(107 108 1842)
3(105 218 106)
3(140 141 1841)
3(455 1678 449)
3(2078 2072 3301)
3(457 1524 449)
3(2080 2072 3147)
3(1096 1112 1080)
3(2719 2703 2735)
3(206 254 75)
3(1829 110 1877)
3(487 1139 555)
3(2110 2178 2762)
3(354 356 315)
3(1977 1938 1979)
3(567 574 573)
3(2190 2196 2197)
3(992 1530 994)
3(2615 2617 3153)
3(842 867 834)
3(2465 2457 2490)
3(451 501 500)
3(2074 2123 2124)
3(103 1774 104)
3(138 139 3397)
3(688 1625 693)
3(2311 2316 3248)
3(950 1456 1249)
3(2573 2872 3079)
3(412 1145 410)
3(2035 2033 2768)
3(979 981 975)
3(2602 2598 2604)
3(697 1486 536)
3(2320 2159 3109)
3(965 1431 1241)
3(2588 2864 3054)
3(763 1580 761)
3(2386 2384 3203)
3(857 1464 866)
3(2480 2489 3087)
3(452 508 21)
3(2075 153 2131)
3(90 1642 225)
3(125 1848 3265)
3(823 1809 1690)
3(2446 3313 3432)
3(377 1143 793)
3(2000 2416 2766)
3(1546 1619 1098)
3(3169 2721 3242)
3(1032 1742 872)
3(2655 2495 3365)
3(1097 1394 1065)
3(2720 2688 3017)
3(452 665 554)
3(2075 2177 2288)
3(1315 1706 1480)
3(2938 3103 3329)
3(442 618 353)
3(2065 1976 2241)
3(268 1379 267)
3(1891 1890 3002)
3(209 1725 87)
3(1832 122 3348)
3(1241 1643 965)
3(2864 2588 3266)
3(408 410 409)
3(2031 2032 2033)
3(942 1463 282)
3(2565 1905 3086)
3(1527 1588 1584)
3(3150 3207 3211)
3(554 1732 452)
3(2177 2075 3355)
3(1217 1220 951)
3(2840 2574 2843)
3(1617 1628 1043)
3(3240 2666 3251)
3(364 445 361)
3(1987 1984 2068)
3(966 1447 1000)
3(2589 2623 3070)
3(74 1736 75)
3(109 110 3359)
3(839 1547 867)
3(2462 2490 3170)
3(818 1724 819)
3(2441 2442 3347)
3(92 1405 1)
3(127 5 3028)
3(3 1409 83)
3(7 118 3032)
3(860 1667 847)
3(2483 2470 3290)
3(276 1709 281)
3(1899 1904 3332)
3(1028 1702 1030)
3(2651 2653 3325)
3(314 354 315)
3(1937 1938 1977)
3(248 1347 1338)
3(1871 2961 2970)
3(355 358 356)
3(1978 1979 1981)
3(1230 1410 1228)
3(2853 2851 3033)
3(309 1393 308)
3(1932 1931 3016)
3(1205 1652 1225)
3(2828 2848 3275)
3(1258 1329 1255)
3(2881 2878 2952)
3(245 246 241)
3(1868 1864 1869)
3(1080 1112 1081)
3(2703 2704 2735)
3(793 1494 778)
3(2416 2401 3117)
3(1265 1626 1262)
3(2888 2885 3249)
3(823 1690 893)
3(2446 2516 3313)
3(1036 1049 1035)
3(2659 2658 2672)
3(247 594 424)
3(1870 2047 2217)
3(993 1600 1528)
3(2616 3151 3223)
3(1393 1665 308)
3(3016 1931 3288)
3(574 1382 577)
3(2197 2200 3005)
3(1455 1802 1335)
3(3078 2958 3425)
3(355 356 354)
3(1978 1977 1979)
3(226 1653 231)
3(1849 1854 3276)
3(380 389 381)
3(2003 2004 2012)
3(265 267 264)
3(1888 1887 1890)
3(1000 1447 1001)
3(2623 2624 3070)
3(455 1501 1427)
3(2078 3050 3124)
3(1180 1595 1181)
3(2803 2804 3218)
3(819 821 816)
3(2442 2439 2444)
3(447 449 448)
3(2070 2071 2072)
3(439 1545 434)
3(2062 2057 3168)
3(1490 1677 1466)
3(3113 3089 3300)
3(979 982 981)
3(2602 2604 2605)
3(506 1753 1428)
3(2129 3051 3376)
3(1505 1631 1504)
3(3128 3127 3254)
3(1001 1242 1241)
3(2624 2864 2865)
3(1348 1481 1412)
3(2971 3035 3104)
3(630 1193 1172)
3(2253 2795 2816)
3(1374 1793 1415)
3(2997 3038 3416)
3(808 1137 813)
3(2431 2436 2760)
3(90 1796 204)
3(125 1827 3419)
3(1553 1554 1470)
3(3176 3093 3177)
3(901 960 953)
3(2524 2576 2583)
3(1034 1049 1036)
3(2657 2659 2672)
3(1042 1617 1043)
3(2665 2666 3240)
3(906 961 907)
3(2529 2530 2584)
3(1358 1382 568)
3(2981 2191 3005)
3(413 1145 416)
3(2036 2039 2768)
3(567 573 564)
3(2190 2187 2196)
3(443 586 444)
3(2066 2067 2209)
3(408 409 407)
3(2031 2030 2032)
3(299 1459 379)
3(1922 2002 3082)
3(1684 1698 1020)
3(3307 2643 3321)
3(505 1753 506)
3(2128 2129 3376)
3(1504 1631 1503)
3(3127 3126 3254)
3(884 1698 1684)
3(2507 3307 3321)
3(1314 1706 1315)
3(2937 2938 3329)
3(802 874 790)
3(2425 2413 2497)
3(1522 1692 1583)
3(3145 3206 3315)
3(1316 1800 1471)
3(2939 3094 3423)
3(697 1730 509)
3(2320 2132 3353)
3(718 996 347)
3(2341 1970 2619)
3(88 208 89)
3(123 124 1831)
3(86 209 87)
3(121 122 1832)
3(440 1680 392)
3(2063 2015 3303)
3(87 1725 223)
3(122 1846 3348)
3(1528 1639 1526)
3(3151 3149 3262)
3(954 1386 924)
3(2577 2547 3009)
3(452 509 508)
3(2075 2131 2132)
3(90 204 91)
3(125 126 1827)
3(84 205 85)
3(119 120 1828)
3(268 811 810)
3(1891 2433 2434)
3(447 1666 250)
3(2070 1873 3289)
3(1571 1584 1556)
3(3194 3179 3207)
3(280 284 256)
3(1903 1879 1907)
3(1348 1548 1339)
3(2971 2962 3171)
3(254 1791 255)
3(1877 1878 3414)
3(822 1809 1685)
3(2445 3308 3432)
3(231 1653 232)
3(1854 1855 3276)
3(813 818 816)
3(2436 2439 2441)
3(453 620 505)
3(2076 2128 2243)
3(1318 1380 1305)
3(2941 2928 3003)
3(1036 1048 1034)
3(2659 2657 2671)
3(843 971 876)
3(2466 2499 2594)
3(1307 1735 1368)
3(2930 2991 3358)
3(105 1542 218)
3(140 1841 3165)
3(219 1543 73)
3(1842 108 3166)
3(675 1701 1407)
3(2298 3030 3324)
3(1355 1739 1070)
3(2978 2693 3362)
3(21 508 20)
3(153 152 2131)
3(446 1134 1133)
3(2069 2756 2757)
3(590 592 591)
3(2213 2214 2215)
3(223 1658 88)
3(1846 123 3281)
3(258 1770 261)
3(1881 1884 3393)
3(403 614 283)
3(2026 1906 2237)
3(965 1219 963)
3(2588 2586 2842)
3(794 1550 970)
3(2417 2593 3173)
3(360 363 362)
3(1983 1985 1986)
3(1066 1466 1063)
3(2689 2686 3089)
3(1662 1725 224)
3(3285 1847 3348)
3(852 1399 866)
3(2475 2489 3022)
3(587 590 357)
3(2210 1980 2213)
3(102 1397 262)
3(137 1885 3020)
3(261 1632 678)
3(1884 2301 3255)
3(812 1379 810)
3(2435 2433 3002)
3(1058 1059 1057)
3(2681 2680 2682)
3(26 494 25)
3(158 157 2117)
3(66 380 65)
3(198 197 2003)
3(289 558 478)
3(1912 2101 2181)
3(236 1778 264)
3(1859 1887 3401)
3(432 619 243)
3(2055 1866 2242)
3(498 620 450)
3(2121 2073 2243)
3(72 1405 1055)
3(107 2678 3028)
3(294 405 404)
3(1917 2027 2028)
3(66 389 380)
3(198 2003 2012)
3(1177 1808 1180)
3(2800 2803 3431)
3(587 592 590)
3(2210 2213 2215)
3(1317 1488 1258)
3(2940 2881 3111)
3(940 1453 1249)
3(2563 2872 3076)
3(1110 1124 1071)
3(2733 2694 2747)
3(1134 1409 106)
3(2757 141 3032)
3(906 1550 961)
3(2529 2584 3173)
3(308 625 300)
3(1931 1923 2248)
3(704 769 703)
3(2327 2326 2392)
3(231 1796 226)
3(1854 1849 3419)
3(832 866 830)
3(2455 2453 2489)
3(826 1047 825)
3(2449 2448 2670)
3(1472 1473 867)
3(3095 2490 3096)
3(262 1817 102)
3(1885 137 3440)
3(649 1442 352)
3(2272 1975 3065)
3(573 594 427)
3(2196 2050 2217)
3(1393 1538 328)
3(3016 1951 3161)
3(479 560 438)
3(2102 2061 2183)
3(436 565 429)
3(2059 2052 2188)
3(1709 1710 942)
3(3332 2565 3333)
3(978 1580 980)
3(2601 2603 3203)
3(228 422 417)
3(1851 2040 2045)
3(674 675 213)
3(2297 1836 2298)
3(222 1736 1543)
3(1845 3166 3359)
3(479 561 560)
3(2102 2183 2184)
3(891 893 820)
3(2514 2443 2516)
3(443 444 252)
3(2066 1875 2067)
3(242 429 428)
3(1865 2051 2052)
3(293 404 403)
3(1916 2026 2027)
3(289 438 437)
3(1912 2060 2061)
3(277 367 366)
3(1900 1989 1990)
3(228 408 407)
3(1851 2030 2031)
3(832 1493 866)
3(2455 2489 3116)
3(318 441 316)
3(1941 1939 2064)
3(395 439 211)
3(2018 1834 2062)
3(210 440 392)
3(1833 2015 2063)
3(474 558 471)
3(2097 2094 2181)
3(233 442 325)
3(1856 1948 2065)
3(300 625 297)
3(1923 1920 2248)
3(361 445 229)
3(1984 1852 2068)
3(1250 1399 736)
3(2873 2359 3022)
3(939 1463 942)
3(2562 2565 3086)
3(389 1458 381)
3(2012 2004 3081)
3(957 1219 958)
3(2580 2581 2842)
3(1509 1613 1605)
3(3132 3228 3236)
3(1241 1431 1001)
3(2864 2624 3054)
3(27 443 252)
3(159 1875 2066)
3(243 619 35)
3(1866 167 2242)
3(242 428 33)
3(1865 165 2051)
3(293 403 70)
3(1916 202 2026)
3(289 437 10)
3(1912 142 2060)
3(450 620 16)
3(2073 148 2243)
3(277 366 64)
3(1900 196 1989)
3(37 439 430)
3(169 2053 2062)
3(228 407 44)
3(1851 176 2030)
3(1414 1793 1374)
3(3037 2997 3416)
3(1585 1596 1568)
3(3208 3191 3219)
3(360 362 359)
3(1983 1982 1985)
3(1191 1598 1529)
3(2814 3152 3221)
3(294 404 293)
3(1917 1916 2027)
3(567 1382 574)
3(2190 2197 3005)
3(649 971 648)
3(2272 2271 2594)
3(933 1002 943)
3(2556 2566 2625)
3(314 315 313)
3(1937 1936 1938)
3(470 473 472)
3(2093 2095 2096)
3(391 397 394)
3(2014 2017 2020)
3(311 354 314)
3(1934 1937 1977)
3(1095 1355 1070)
3(2718 2693 2978)
3(87 223 88)
3(122 123 1846)
3(405 969 631)
3(2028 2254 2592)
3(88 1658 208)
3(123 1831 3281)
3(1280 1715 1267)
3(2903 2890 3338)
3(814 825 811)
3(2437 2434 2448)
3(1044 1617 1042)
3(2667 2665 3240)
3(572 1759 1246)
3(2195 2869 3382)
3(970 1494 794)
3(2593 2417 3117)
3(1125 1487 1071)
3(2748 2694 3110)
3(872 1027 1026)
3(2495 2649 2650)
3(1571 1581 1522)
3(3194 3145 3204)
3(67 389 66)
3(199 198 2012)
3(1218 1219 1215)
3(2841 2838 2842)
3(938 1453 940)
3(2561 2563 3076)
3(1375 1822 1269)
3(2998 2892 3445)
3(1526 1527 1521)
3(3149 3144 3150)
3(260 1479 670)
3(1883 2293 3102)
3(353 1729 442)
3(1976 2065 3352)
3(1298 1480 1396)
3(2921 3019 3103)
3(1233 1432 1170)
3(2856 2793 3055)
3(555 1544 515)
3(2178 2138 3167)
3(820 1398 890)
3(2443 2513 3021)
3(630 1727 1182)
3(2253 2805 3350)
3(675 1407 677)
3(2298 2300 3030)
3(1508 1591 1576)
3(3131 3199 3214)
3(1368 1389 1307)
3(2991 2930 3012)
3(1570 1594 1592)
3(3193 3215 3217)
3(409 414 212)
3(2032 1835 2037)
3(1601 1603 1602)
3(3224 3225 3226)
3(810 1379 268)
3(2433 1891 3002)
3(422 1773 227)
3(2045 1850 3396)
3(1338 1634 248)
3(2961 1871 3257)
3(507 974 973)
3(2130 2596 2597)
3(261 678 258)
3(1884 1881 2301)
3(585 691 690)
3(2208 2313 2314)
3(1469 1595 1180)
3(3092 2803 3218)
3(1427 1700 1500)
3(3050 3123 3323)
3(1543 1736 74)
3(3166 109 3359)
3(558 1656 478)
3(2181 2101 3279)
3(104 1542 105)
3(139 140 3165)
3(73 1543 74)
3(108 109 3166)
3(1315 1480 1403)
3(2938 3026 3103)
3(667 1135 269)
3(2290 1892 2758)
3(1183 1184 1176)
3(2806 2799 2807)
3(585 690 686)
3(2208 2309 2313)
3(1621 1622 433)
3(3244 2056 3245)
3(1227 1463 940)
3(2850 2563 3086)
3(312 314 313)
3(1935 1936 1937)
3(470 472 469)
3(2093 2092 2095)
3(391 394 390)
3(2014 2013 2017)
3(311 314 310)
3(1934 1933 1937)
3(654 1747 504)
3(2277 2127 3370)
3(670 671 214)
3(2293 1837 2294)
3(1333 1334 1314)
3(2956 2937 2957)
3(848 1769 846)
3(2471 2469 3392)
3(255 1770 258)
3(1878 1881 3393)
3(1657 1662 1113)
3(3280 2736 3285)
3(504 1549 654)
3(2127 2277 3172)
3(1531 1611 714)
3(3154 2337 3234)
3(395 1545 439)
3(2018 2062 3168)
3(452 1732 509)
3(2075 2132 3355)
3(1527 1584 1583)
3(3150 3206 3207)
3(995 1528 1526)
3(2618 3149 3151)
3(358 645 644)
3(1981 2267 2268)
3(1233 1675 1432)
3(2856 3055 3298)
3(442 1729 325)
3(2065 1948 3352)
3(228 417 408)
3(1851 2031 2040)
3(1269 1822 1715)
3(2892 3338 3445)
3(474 1656 558)
3(2097 2181 3279)
3(984 1537 584)
3(2607 2207 3160)
3(366 1459 299)
3(1989 1922 3082)
3(620 1753 505)
3(2243 2128 3376)
3(801 824 802)
3(2424 2425 2447)
3(673 674 213)
3(2296 1836 2297)
3(79 673 80)
3(114 115 2296)
3(424 664 586)
3(2047 2209 2287)
3(19 500 18)
3(151 150 2123)
3(606 1622 1621)
3(2229 3244 3245)
3(1025 1805 591)
3(2648 2214 3428)
3(934 1386 954)
3(2557 2577 3009)
3(318 666 441)
3(1941 2064 2289)
3(494 1541 482)
3(2117 2105 3164)
3(818 1499 824)
3(2441 2447 3122)
3(862 1633 851)
3(2485 2474 3256)
3(656 1150 1148)
3(2279 2771 2773)
3(866 1399 830)
3(2489 2453 3022)
3(602 1622 607)
3(2225 2230 3245)
3(1604 1609 1607)
3(3227 3230 3232)
3(264 1778 265)
3(1887 1888 3401)
3(267 1704 268)
3(1890 1891 3327)
3(614 615 406)
3(2237 2029 2238)
3(1128 1663 1489)
3(2751 3112 3286)
3(1365 1438 1406)
3(2988 3029 3061)
3(463 1520 1517)
3(2086 3140 3143)
3(826 1655 1047)
3(2449 2670 3278)
3(872 1742 850)
3(2495 2473 3365)
3(1305 1623 1318)
3(2928 2941 3246)
3(953 960 954)
3(2576 2577 2583)
3(227 1478 422)
3(1850 2045 3101)
3(943 1002 381)
3(2566 2004 2625)
3(577 1382 1322)
3(2200 2945 3005)
3(1210 1444 1225)
3(2833 2848 3067)
3(357 360 359)
3(1980 1982 1983)
3(463 1517 1514)
3(2086 3137 3140)
3(398 621 401)
3(2021 2024 2244)
3(253 1134 249)
3(1876 1872 2757)
3(104 1774 221)
3(139 1844 3397)
3(744 1250 748)
3(2367 2371 2873)
3(1604 1761 1609)
3(3227 3232 3384)
3(1219 1643 1215)
3(2842 2838 3266)
3(704 770 769)
3(2327 2392 2393)
3(308 1665 625)
3(1931 2248 3288)
3(953 961 901)
3(2576 2524 2584)
3(235 1055 239)
3(1858 1862 2678)
3(1236 1669 1237)
3(2859 2860 3292)
3(1339 1455 1335)
3(2962 2958 3078)
3(1100 1252 1144)
3(2723 2767 2875)
3(1600 1639 1528)
3(3223 3151 3262)
3(942 1697 939)
3(2565 2562 3320)
3(821 941 278)
3(2444 1901 2564)
3(821 1690 822)
3(2444 2445 3313)
3(355 645 358)
3(1978 1981 2268)
3(398 401 397)
3(2021 2020 2024)
3(259 260 257)
3(1882 1880 1883)
3(75 254 76)
3(110 111 1877)
3(1446 1700 1427)
3(3069 3050 3323)
3(1206 1218 1215)
3(2829 2838 2841)
3(254 257 215)
3(1877 1838 1880)
3(589 592 587)
3(2212 2210 2215)
3(604 1621 434)
3(2227 2057 3244)
3(323 666 320)
3(1946 1943 2289)
3(625 1665 266)
3(2248 1889 3288)
3(1603 1604 1602)
3(3226 3225 3227)
3(378 1135 667)
3(2001 2290 2758)
3(267 1720 271)
3(1890 1894 3343)
3(930 1453 944)
3(2553 2567 3076)
3(1305 1380 1280)
3(2928 2903 3003)
3(693 1625 694)
3(2316 2317 3248)
3(274 1710 275)
3(1897 1898 3333)
3(1671 1672 463)
3(3294 2086 3295)
3(621 623 401)
3(2244 2024 2246)
3(669 670 214)
3(2292 1837 2293)
3(461 1714 460)
3(2084 2083 3337)
3(1228 1410 288)
3(2851 1911 3033)
3(1493 1547 857)
3(3116 2480 3170)
3(1363 1364 1313)
3(2986 2936 2987)
3(454 679 665)
3(2077 2288 2302)
3(589 593 592)
3(2212 2215 2216)
3(309 1538 1393)
3(1932 3016 3161)
3(1054 1055 263)
3(2677 1886 2678)
3(89 1642 90)
3(124 125 3265)
3(1191 1599 1189)
3(2814 2812 3222)
3(1283 1471 1330)
3(2906 2953 3094)
3(1096 1141 1112)
3(2719 2735 2764)
3(850 1686 848)
3(2473 2471 3309)
3(357 359 315)
3(1980 1938 1982)
3(434 1545 604)
3(2057 2227 3168)
3(397 401 396)
3(2020 2019 2024)
3(473 476 475)
3(2096 2098 2099)
3(326 355 354)
3(1949 1977 1978)
3(393 398 397)
3(2016 2020 2021)
3(1176 1245 1183)
3(2799 2806 2868)
3(656 1148 655)
3(2279 2278 2771)
3(992 994 292)
3(2615 1915 2617)
3(1223 1226 1224)
3(2846 2847 2849)
3(1682 1694 285)
3(3305 1908 3317)
3(363 1013 365)
3(1986 1988 2636)
3(262 1397 259)
3(1885 1882 3020)
3(1425 1678 1427)
3(3048 3050 3301)
3(359 362 361)
3(1982 1984 1985)
3(517 1244 693)
3(2140 2316 2867)
3(363 365 362)
3(1986 1985 1988)
3(1261 1713 1260)
3(2884 2883 3336)
3(1527 1583 1521)
3(3150 3144 3206)
3(607 1696 602)
3(2230 2225 3319)
3(1687 1688 1122)
3(3310 2745 3311)
3(1561 1596 1585)
3(3184 3208 3219)
3(1233 1235 1230)
3(2856 2853 2858)
3(941 1697 942)
3(2564 2565 3320)
3(568 1756 1358)
3(2191 2981 3379)
3(394 397 396)
3(2017 2019 2020)
3(473 475 472)
3(2096 2095 2098)
3(326 354 311)
3(1949 1934 1977)
3(393 397 391)
3(2016 2014 2020)
3(83 1650 84)
3(118 119 3273)
3(1531 1612 1611)
3(3154 3234 3235)
3(1574 1636 1601)
3(3197 3224 3259)
3(1034 1703 1049)
3(2657 2672 3326)
3(91 1649 92)
3(126 127 3272)
3(799 800 783)
3(2422 2406 2423)
3(352 1717 649)
3(1975 2272 3340)
3(358 587 356)
3(1981 1979 2210)
3(676 1737 216)
3(2299 1839 3360)
3(1033 1703 1034)
3(2656 2657 3326)
3(632 634 624)
3(2255 2247 2257)
3(385 1458 389)
3(2008 2012 3081)
3(1208 1218 1206)
3(2831 2829 2841)
3(1711 1780 279)
3(3334 1902 3403)
3(643 647 645)
3(2266 2268 2270)
3(364 1689 445)
3(1987 2068 3312)
3(1030 1702 234)
3(2653 1857 3325)
3(570 571 569)
3(2193 2192 2194)
3(436 572 570)
3(2059 2193 2195)
3(1506 1707 1505)
3(3129 3128 3330)
3(1489 1663 416)
3(3112 2039 3286)
3(455 1502 1501)
3(2078 3124 3125)
3(1351 1735 1303)
3(2974 2926 3358)
3(1261 1471 1283)
3(2884 2906 3094)
3(893 1690 819)
3(2516 2442 3313)
3(621 632 623)
3(2244 2246 2255)
3(821 1711 817)
3(2444 2440 3334)
3(566 567 564)
3(2189 2187 2190)
3(565 569 566)
3(2188 2189 2192)
3(534 1486 697)
3(2157 2320 3109)
3(478 1381 479)
3(2101 2102 3004)
3(736 1399 852)
3(2359 2475 3022)
3(81 677 82)
3(116 117 2300)
3(1507 1707 1506)
3(3130 3129 3330)
3(1690 1809 822)
3(3313 2445 3432)
3(1651 1728 256)
3(3274 1879 3351)
3(357 590 360)
3(1980 1983 2213)
3(1334 1706 1314)
3(2957 2937 3329)
3(560 562 559)
3(2183 2182 2185)
3(645 646 644)
3(2268 2267 2269)
3(1508 1787 1613)
3(3131 3236 3410)
3(86 1485 209)
3(121 1832 3108)
3(1260 1620 1317)
3(2883 2940 3243)
3(453 505 470)
3(2076 2093 2128)
3(811 1465 869)
3(2434 2492 3088)
3(420 1247 1033)
3(2043 2656 2870)
3(1770 1791 256)
3(3393 1879 3414)
3(1396 1480 1337)
3(3019 2960 3103)
3(1066 1744 1688)
3(2689 3311 3367)
3(696 1752 1751)
3(2319 3374 3375)
3(1213 1216 1208)
3(2836 2831 2839)
3(275 1710 276)
3(1898 1899 3333)
3(358 589 587)
3(1981 2210 2212)
3(1226 1661 286)
3(2849 1909 3284)
3(256 1728 280)
3(1879 1903 3351)
3(1266 1822 1375)
3(2889 2998 3445)
3(584 1640 984)
3(2207 2607 3263)
3(1269 1715 1404)
3(2892 3027 3338)
3(1368 1735 1351)
3(2991 2974 3358)
3(623 632 624)
3(2246 2247 2255)
3(692 750 749)
3(2315 2372 2373)
3(1322 1382 1358)
3(2945 2981 3005)
3(76 254 215)
3(111 1838 1877)
3(359 361 313)
3(1982 1936 1984)
3(276 281 280)
3(1899 1903 1904)
3(462 1714 461)
3(2085 2084 3337)
3(18 500 495)
3(150 2118 2123)
3(469 472 471)
3(2092 2094 2095)
3(310 314 312)
3(1933 1935 1937)
3(269 298 297)
3(1892 1920 1921)
3(283 296 295)
3(1906 1918 1919)
3(390 394 211)
3(2013 1834 2017)
3(312 313 229)
3(1935 1852 1936)
3(210 391 390)
3(1833 2013 2014)
3(290 294 293)
3(1913 1916 1917)
3(453 470 469)
3(2076 2092 2093)
3(425 427 426)
3(2048 2049 2050)
3(233 311 310)
3(1856 1933 1934)
3(266 317 316)
3(1889 1939 1940)
3(247 424 423)
3(1870 2046 2047)
3(980 1554 1553)
3(2603 3176 3177)
3(1398 1400 890)
3(3021 2513 3023)
3(958 1218 1216)
3(2581 2839 2841)
3(214 673 79)
3(1837 114 2296)
3(80 673 213)
3(115 1836 2296)
3(286 1231 1224)
3(1909 2847 2854)
3(1303 1624 1351)
3(2926 2974 3247)
3(268 814 811)
3(1891 2434 2437)
3(981 1534 975)
3(2604 2598 3157)
3(969 1539 652)
3(2592 2275 3162)
3(642 1803 643)
3(2265 2266 3426)
3(818 819 816)
3(2441 2439 2442)
3(251 1666 1418)
3(1874 3041 3289)
3(1229 1232 1230)
3(2852 2853 2855)
3(750 752 751)
3(2373 2374 2375)
3(635 640 639)
3(2258 2262 2263)
3(1310 1810 1312)
3(2933 2935 3433)
3(655 1148 641)
3(2278 2264 2771)
3(905 945 910)
3(2528 2533 2568)
3(1089 1466 1066)
3(2712 2689 3089)
3(1377 1771 251)
3(3000 1874 3394)
3(20 508 451)
3(152 2074 2131)
3(1149 1488 1483)
3(2772 3106 3111)
3(242 619 435)
3(1865 2058 2242)
3(237 1667 860)
3(1860 2483 3290)
3(991 1752 696)
3(2614 2319 3375)
3(633 636 634)
3(2256 2257 2259)
3(864 883 863)
3(2487 2486 2506)
3(449 1524 455)
3(2072 2078 3147)
3(507 1767 974)
3(2130 2597 3390)
3(633 634 632)
3(2256 2255 2257)
3(866 1464 852)
3(2489 2475 3087)
3(285 1694 287)
3(1908 1910 3317)
3(424 586 423)
3(2047 2046 2209)
3(1601 1636 770)
3(3224 2393 3259)
3(1313 1755 1314)
3(2936 2937 3378)
3(1328 1726 1282)
3(2951 2905 3349)
3(958 1219 1218)
3(2581 2841 2842)
3(1587 1597 1519)
3(3210 3142 3220)
3(252 494 26)
3(1875 158 2117)
3(65 380 277)
3(197 1900 2003)
3(356 357 315)
3(1979 1938 1980)
3(574 575 573)
3(2197 2196 2198)
3(992 1664 993)
3(2615 2616 3287)
3(665 679 554)
3(2288 2177 2302)
3(1333 1801 1334)
3(2956 2957 3424)
3(501 504 500)
3(2124 2123 2127)
3(451 502 501)
3(2074 2124 2125)
3(825 1465 811)
3(2448 2434 3088)
3(1408 1667 237)
3(3031 1860 3290)
3(251 1481 1377)
3(1874 3000 3104)
3(965 1643 1219)
3(2588 2842 3266)
3(320 666 318)
3(1943 1941 2289)
3(743 1250 744)
3(2366 2367 2873)
3(348 666 323)
3(1971 1946 2289)
3(750 751 749)
3(2373 2372 2374)
3(77 669 78)
3(112 113 2292)
3(408 411 410)
3(2031 2033 2034)
3(410 413 409)
3(2033 2032 2036)
3(692 749 690)
3(2315 2313 2372)
3(1513 1722 467)
3(3136 2090 3345)
3(691 1353 1319)
3(2314 2942 2976)
3(571 1496 569)
3(2194 2192 3119)
3(476 610 609)
3(2099 2232 2233)
3(743 744 740)
3(2366 2363 2367)
3(1613 1707 1508)
3(3236 3131 3330)
3(402 597 596)
3(2025 2219 2220)
3(910 1448 944)
3(2533 2567 3071)
3(273 1780 274)
3(1896 1897 3403)
3(672 1718 216)
3(2295 1839 3341)
3(476 609 475)
3(2099 2098 2232)
3(279 1379 815)
3(1902 2438 3002)
3(1170 1234 1233)
3(2793 2856 2857)
3(1567 1597 1560)
3(3190 3183 3220)
3(1407 1701 220)
3(3030 1843 3324)
3(509 1732 697)
3(2132 2320 3355)
3(213 677 81)
3(1836 116 2300)
3(437 559 290)
3(2060 1913 2182)
3(428 563 425)
3(2051 2048 2186)
3(35 619 34)
3(167 166 2242)
3(28 443 27)
3(160 159 2066)
3(18 495 17)
3(150 149 2118)
3(33 428 32)
3(165 164 2051)
3(25 480 24)
3(157 156 2103)
3(70 403 69)
3(202 201 2026)
3(10 437 0)
3(142 9 2060)
3(16 620 15)
3(148 147 2243)
3(37 430 36)
3(169 168 2053)
3(64 366 63)
3(196 195 1989)
3(44 407 43)
3(176 175 2030)
3(865 883 882)
3(2488 2505 2506)
3(1267 1822 1265)
3(2890 2888 3445)
3(1098 1745 1546)
3(2721 3169 3368)
3(1591 1707 1507)
3(3214 3130 3330)
3(1406 1438 571)
3(3029 2194 3061)
3(846 1785 842)
3(2469 2465 3408)
3(460 1781 459)
3(2083 2082 3404)
3(209 1485 1331)
3(1832 2954 3108)
3(769 1492 703)
3(2392 2326 3115)
3(1510 1734 1507)
3(3133 3130 3357)
3(555 1139 492)
3(2178 2115 2762)
3(829 830 828)
3(2452 2451 2453)
3(995 1526 1525)
3(2618 3148 3149)
3(931 944 938)
3(2554 2561 2567)
3(1520 1692 1518)
3(3143 3141 3315)
3(635 639 624)
3(2258 2247 2262)
3(674 1737 676)
3(2297 2299 3360)
3(469 471 13)
3(2092 145 2094)
3(316 441 56)
3(1939 188 2064)
3(30 426 247)
3(162 1870 2049)
3(310 312 50)
3(1933 182 1935)
3(269 297 60)
3(1892 192 1920)
3(283 295 68)
3(1906 200 1918)
3(61 667 269)
3(193 1892 2290)
3(211 439 38)
3(1834 170 2062)
3(238 618 54)
3(1861 186 2241)
3(52 442 233)
3(184 1856 2065)
3(39 390 211)
3(171 1834 2013)
3(22 665 452)
3(154 2075 2288)
3(11 558 289)
3(143 1912 2181)
3(49 312 229)
3(181 1852 1935)
3(47 445 227)
3(179 1850 2068)
3(41 440 210)
3(173 1833 2063)
3(212 440 42)
3(1835 174 2063)
3(210 390 40)
3(1833 172 2013)
3(290 293 71)
3(1913 203 1916)
3(58 625 266)
3(190 1889 2248)
3(229 445 48)
3(1852 180 2068)
3(453 469 14)
3(2076 146 2092)
3(454 665 23)
3(2077 155 2288)
3(297 625 59)
3(1920 191 2248)
3(55 441 238)
3(187 1861 2064)
3(299 667 62)
3(1922 194 2290)
3(53 618 442)
3(185 2065 2241)
3(425 426 31)
3(2048 163 2049)
3(233 310 51)
3(1856 183 1933)
3(266 316 57)
3(1889 189 1939)
3(247 423 29)
3(1870 161 2046)
3(471 558 12)
3(2094 144 2181)
3(1144 1252 656)
3(2767 2279 2875)
3(643 1803 1442)
3(2266 3065 3426)
3(696 1751 695)
3(2319 2318 3374)
3(281 1682 284)
3(1904 1907 3305)
3(1427 1500 1426)
3(3050 3049 3123)
3(400 621 398)
3(2023 2021 2244)
3(1336 1482 1357)
3(2959 2980 3105)
3(278 1711 821)
3(1901 2444 3334)
3(1043 1647 1040)
3(2666 2663 3270)
3(1282 1726 1620)
3(2905 3243 3349)
3(405 1539 969)
3(2028 2592 3162)
3(1039 1766 1116)
3(2662 2739 3389)
3(691 1319 692)
3(2314 2315 2942)
3(1370 1496 571)
3(2993 2194 3119)
3(831 832 830)
3(2454 2453 2455)
3(78 669 214)
3(113 1837 2292)
3(695 1751 716)
3(2318 2339 3374)
3(834 1493 832)
3(2457 2455 3116)
3(360 588 363)
3(1983 1986 2211)
3(827 828 743)
3(2450 2366 2451)
3(1367 1660 1309)
3(2990 2932 3283)
3(800 1477 783)
3(2423 2406 3100)
3(402 596 396)
3(2025 2019 2219)
3(642 643 326)
3(2265 1949 2266)
3(400 622 621)
3(2023 2244 2245)
3(863 883 865)
3(2486 2488 2506)
3(561 651 560)
3(2184 2183 2274)
3(594 1641 424)
3(2217 2047 3264)
3(1592 1594 1516)
3(3215 3139 3217)
3(1503 1818 1504)
3(3126 3127 3441)
3(1311 1755 1305)
3(2934 2928 3378)
3(635 655 641)
3(2258 2264 2278)
3(674 676 675)
3(2297 2298 2299)
3(675 677 213)
3(2298 1836 2300)
3(1427 1678 455)
3(3050 2078 3301)
3(803 1400 1398)
3(2426 3021 3023)
3(622 632 621)
3(2245 2244 2255)
3(444 490 252)
3(2067 1875 2113)
3(404 614 403)
3(2027 2026 2237)
3(242 435 429)
3(1865 2052 2058)
3(289 478 438)
3(1912 2061 2101)
3(277 368 367)
3(1900 1990 1991)
3(1572 1589 1586)
3(3195 3209 3212)
3(102 1817 103)
3(137 138 3440)
3(1227 1456 1221)
3(2850 2844 3079)
3(1511 1734 1510)
3(3134 3133 3357)
3(315 359 313)
3(1938 1936 1982)
3(470 497 473)
3(2093 2096 2120)
3(843 876 853)
3(2466 2476 2499)
3(232 1768 235)
3(1855 1858 3391)
3(228 1773 422)
3(1851 2045 3396)
3(1330 1775 209)
3(2953 1832 3398)
3(1282 1618 1328)
3(2905 2951 3241)
3(249 1771 246)
3(1872 1869 3394)
3(216 1737 672)
3(1839 2295 3360)
3(287 992 292)
3(1910 1915 2615)
3(988 1324 997)
3(2611 2620 2947)
3(478 1656 1381)
3(2101 3004 3279)
3(770 1603 1601)
3(2393 3224 3226)
3(647 1442 649)
3(2270 2272 3065)
3(1232 1675 1233)
3(2855 2856 3298)
3(1258 1488 1329)
3(2881 2952 3111)
3(1321 1371 1292)
3(2944 2915 2994)
3(1216 1218 1208)
3(2839 2831 2841)
3(1060 1745 1059)
3(2683 2682 3368)
3(1616 1766 1647)
3(3239 3270 3389)
3(1253 1329 1150)
3(2876 2773 2952)
3(691 692 690)
3(2314 2313 2315)
3(828 1399 1250)
3(2451 2873 3022)
3(830 1399 828)
3(2453 2451 3022)
3(815 817 279)
3(2438 1902 2440)
3(401 623 402)
3(2024 2025 2246)
3(670 672 671)
3(2293 2294 2295)
3(986 988 608)
3(2609 2231 2611)
3(828 1250 743)
3(2451 2366 2873)
3(883 884 882)
3(2506 2505 2507)
3(618 1450 353)
3(2241 1976 3073)
3(205 245 241)
3(1828 1864 1868)
3(608 1131 986)
3(2231 2609 2754)
3(610 626 609)
3(2233 2232 2249)
3(671 673 214)
3(2294 1837 2296)
3(615 616 406)
3(2238 2029 2239)
3(1022 1031 1026)
3(2645 2649 2654)
3(1057 1792 1056)
3(2680 2679 3415)
3(622 633 632)
3(2245 2255 2256)
3(1584 1806 1556)
3(3207 3179 3429)
3(704 1603 770)
3(2327 2393 3226)
3(988 997 608)
3(2611 2231 2620)
3(1259 1260 1258)
3(2882 2881 2883)
3(986 1131 639)
3(2609 2262 2754)
3(1262 1713 1261)
3(2885 2884 3336)
3(748 1250 736)
3(2371 2359 2873)
3(392 1140 393)
3(2015 2016 2763)
3(464 1813 462)
3(2087 2085 3436)
3(1604 1605 1602)
3(3227 3225 3228)
3(1569 1806 1584)
3(3192 3207 3429)
3(1101 1252 1100)
3(2724 2723 2875)
3(1065 1066 1063)
3(2688 2686 2689)
3(1227 1691 1463)
3(2850 3086 3314)
3(593 1025 592)
3(2216 2215 2648)
3(401 402 396)
3(2024 2019 2025)
3(326 643 355)
3(1949 1978 2266)
3(393 399 398)
3(2016 2021 2022)
3(610 1185 626)
3(2233 2249 2808)
3(362 364 361)
3(1985 1984 1987)
3(861 868 237)
3(2484 1860 2491)
3(1363 1748 1403)
3(2986 3026 3371)
3(742 743 740)
3(2365 2363 2366)
3(634 635 624)
3(2257 2247 2258)
3(879 1708 1633)
3(2502 3256 3331)
3(497 668 473)
3(2120 2096 2291)
3(572 599 570)
3(2195 2193 2222)
3(1213 1217 1216)
3(2836 2839 2840)
3(566 568 567)
3(2189 2190 2191)
3(1090 1136 1130)
3(2713 2753 2759)
3(1151 1172 1152)
3(2774 2775 2795)
3(678 1632 1430)
3(2301 3053 3255)
3(636 655 634)
3(2259 2257 2278)
3(560 651 562)
3(2183 2185 2274)
3(645 647 646)
3(2268 2269 2270)
3(1292 1371 750)
3(2915 2373 2994)
3(656 1252 1150)
3(2279 2773 2875)
3(954 960 934)
3(2577 2557 2583)
3(358 644 589)
3(1981 2212 2267)
3(692 1292 750)
3(2315 2373 2915)
3(1061 1745 1060)
3(2684 2683 3368)
3(1440 1617 1044)
3(3063 2667 3240)
3(472 474 471)
3(2095 2094 2097)
3(394 395 211)
3(2017 1834 2018)
3(298 300 297)
3(1921 1920 1923)
3(296 385 295)
3(1919 1918 2008)
3(210 392 391)
3(1833 2014 2015)
3(290 559 294)
3(1913 1917 2182)
3(313 361 229)
3(1936 1852 1984)
3(233 325 311)
3(1856 1934 1948)
3(317 318 316)
3(1940 1939 1941)
3(425 563 427)
3(2048 2050 2186)
3(259 1479 260)
3(1882 1883 3102)
3(473 668 476)
3(2096 2099 2291)
3(980 1555 1554)
3(2603 3177 3178)
3(258 259 257)
3(1881 1880 1882)
3(1372 1373 752)
3(2995 2375 2996)
3(1326 1384 1376)
3(2949 2999 3007)
3(1031 1032 1026)
3(2654 2649 2655)
3(1116 1540 1039)
3(2739 2662 3163)
3(215 669 77)
3(1838 112 2292)
3(635 641 640)
3(2258 2263 2264)
3(237 1768 1408)
3(1860 3031 3391)
3(633 637 636)
3(2256 2259 2260)
3(507 668 497)
3(2130 2120 2291)
3(1514 1764 1511)
3(3137 3134 3387)
3(1225 1229 1228)
3(2848 2851 2852)
3(663 1140 415)
3(2286 2038 2763)
3(356 587 357)
3(1979 1980 2210)
3(574 576 575)
3(2197 2198 2199)
3(575 594 573)
3(2198 2196 2217)
3(1354 1355 1095)
3(2977 2718 2978)
3(451 508 502)
3(2074 2125 2131)
3(502 503 501)
3(2125 2124 2126)
3(408 417 411)
3(2031 2034 2040)
3(411 412 410)
3(2034 2033 2035)
3(413 414 409)
3(2036 2032 2037)
3(891 946 893)
3(2514 2516 2569)
3(476 612 610)
3(2099 2233 2235)
3(402 598 597)
3(2025 2220 2221)
3(597 604 596)
3(2220 2219 2227)
3(1257 1258 1255)
3(2880 2878 2881)
3(365 1247 595)
3(1988 2218 2870)
3(1342 1371 1321)
3(2965 2944 2994)
3(626 1185 628)
3(2249 2251 2808)
3(636 656 655)
3(2259 2278 2279)
3(1174 1245 1176)
3(2797 2799 2868)
3(582 1536 1353)
3(2205 2976 3159)
3(1483 1488 1317)
3(3106 2940 3111)
3(1600 1794 1236)
3(3223 2859 3417)
3(1353 1389 1319)
3(2976 2942 3012)
3(633 999 637)
3(2256 2260 2622)
3(577 1462 576)
3(2200 2199 3085)
3(995 1525 1523)
3(2618 3146 3148)
3(813 1499 818)
3(2436 2441 3122)
3(851 1742 864)
3(2474 2487 3365)
3(1581 1587 1582)
3(3204 3205 3210)
3(399 663 657)
3(2022 2280 2286)
3(1353 1536 1389)
3(2976 3012 3159)
3(415 1663 663)
3(2038 2286 3286)
3(360 590 588)
3(1983 2211 2213)
3(363 1046 1013)
3(1986 2636 2669)
3(400 638 622)
3(2023 2245 2261)
3(870 1251 835)
3(2493 2458 2874)
3(490 494 252)
3(2113 1875 2117)
3(277 380 368)
3(1900 1991 2003)
3(478 479 438)
3(2101 2061 2102)
3(368 369 367)
3(1991 1990 1992)
3(435 436 429)
3(2058 2052 2059)
3(444 491 490)
3(2067 2113 2114)
3(470 505 497)
3(2093 2120 2128)
3(476 668 612)
3(2099 2235 2291)
3(654 1549 544)
3(2277 2167 3172)
3(376 1143 377)
3(1999 2000 2766)
3(1590 1764 1516)
3(3213 3139 3387)
3(662 1728 1651)
3(2285 3274 3351)
3(1232 1797 1779)
3(2855 3402 3420)
3(258 262 259)
3(1881 1882 1885)
3(399 657 400)
3(2022 2023 2280)
3(1371 1372 752)
3(2994 2375 2995)
3(999 1130 637)
3(2622 2260 2753)
3(884 1019 882)
3(2507 2505 2642)
3(424 1641 664)
3(2047 2287 3264)
3(583 1537 984)
3(2206 2607 3160)
3(615 617 616)
3(2238 2239 2240)
3(643 645 355)
3(2266 1978 2268)
3(399 400 398)
3(2022 2021 2023)
3(671 674 673)
3(2294 2296 2297)
3(362 365 364)
3(1985 1987 1988)
3(750 1371 752)
3(2373 2375 2994)
3(634 655 635)
3(2257 2258 2278)
3(1210 1225 1223)
3(2833 2846 2848)
3(572 600 599)
3(2195 2222 2223)
3(651 652 562)
3(2274 2185 2275)
3(647 648 646)
3(2270 2269 2271)
3(1322 1461 577)
3(2945 2200 3084)
3(1521 1692 1520)
3(3144 3143 3315)
3(613 1185 610)
3(2236 2233 2808)
3(1529 1599 1191)
3(3152 2814 3222)
3(692 1319 1292)
3(2315 2915 2942)
3(563 564 427)
3(2186 2050 2187)
3(296 386 385)
3(1919 2008 2009)
3(394 396 395)
3(2017 2018 2019)
3(317 319 318)
3(1940 1941 1942)
3(298 301 300)
3(1921 1923 1924)
3(472 475 474)
3(2095 2097 2098)
3(325 326 311)
3(1948 1934 1949)
3(392 393 391)
3(2015 2014 2016)
3(1555 1557 1554)
3(3178 3177 3180)
3(907 945 904)
3(2530 2527 2568)
3(904 945 905)
3(2527 2528 2568)
3(1629 1646 1628)
3(3252 3251 3269)
3(1183 1185 613)
3(2806 2236 2808)
3(640 986 639)
3(2263 2262 2609)
3(208 1642 89)
3(1831 124 3265)
3(574 577 576)
3(2197 2199 2200)
3(576 578 575)
3(2199 2198 2201)
3(502 536 503)
3(2125 2126 2159)
3(238 1450 618)
3(1861 2241 3073)
3(413 415 414)
3(2036 2037 2038)
3(417 418 411)
3(2040 2034 2041)
3(668 973 612)
3(2291 2235 2596)
3(612 613 610)
3(2235 2233 2236)
3(402 623 598)
3(2025 2221 2246)
3(597 605 604)
3(2220 2227 2228)
3(1048 1052 1050)
3(2671 2673 2675)
3(802 1137 874)
3(2425 2497 2760)
3(1374 1435 1413)
3(2997 3036 3058)
3(590 591 588)
3(2213 2211 2214)
3(400 657 638)
3(2023 2261 2280)
3(491 492 490)
3(2114 2113 2115)
3(369 370 367)
3(1992 1990 1993)
3(380 381 368)
3(2003 1991 2004)
3(444 583 491)
3(2067 2114 2206)
3(505 506 497)
3(2128 2120 2129)
3(1007 1115 1076)
3(2630 2699 2738)
3(970 1550 906)
3(2593 2529 3173)
3(1112 1670 1081)
3(2735 2704 3293)
3(615 631 617)
3(2238 2240 2254)
3(617 902 616)
3(2240 2239 2525)
3(1130 1136 637)
3(2753 2260 2759)
3(365 595 364)
3(1988 1987 2218)
3(799 801 800)
3(2422 2423 2424)
3(646 1138 644)
3(2269 2267 2761)
3(600 601 599)
3(2223 2222 2224)
3(651 653 652)
3(2274 2275 2276)
3(648 840 646)
3(2271 2269 2463)
3(647 649 648)
3(2270 2271 2272)
3(488 679 484)
3(2111 2107 2302)
3(1319 1320 1292)
3(2942 2915 2943)
3(269 1135 298)
3(1892 1921 2758)
3(296 406 386)
3(1919 2009 2029)
3(564 573 427)
3(2187 2050 2196)
3(298 303 301)
3(1921 1924 1926)
3(386 387 385)
3(2009 2008 2010)
3(325 642 326)
3(1948 1949 2265)
3(301 302 300)
3(1924 1923 1925)
3(319 320 318)
3(1942 1941 1943)
3(396 596 395)
3(2019 2018 2219)
3(475 477 474)
3(2098 2097 2100)
3(1555 1558 1557)
3(3178 3180 3181)
3(1523 1813 995)
3(3146 2618 3436)
3(94 220 95)
3(129 130 1843)
3(576 579 578)
3(2199 2201 2202)
3(536 537 503)
3(2159 2126 2160)
3(413 416 415)
3(2036 2038 2039)
3(417 419 418)
3(2040 2041 2042)
3(612 976 613)
3(2235 2236 2599)
3(605 606 604)
3(2228 2227 2229)
3(623 624 598)
3(2246 2221 2247)
3(554 679 488)
3(2177 2111 2302)
3(591 1005 588)
3(2214 2211 2628)
3(657 658 638)
3(2280 2261 2281)
3(369 371 370)
3(1992 1993 1994)
3(491 493 492)
3(2114 2115 2116)
3(506 507 497)
3(2129 2120 2130)
3(1051 1115 1007)
3(2674 2630 2738)
3(484 679 481)
3(2107 2104 2302)
3(902 911 616)
3(2525 2239 2534)
3(631 968 617)
3(2254 2240 2591)
3(274 275 273)
3(1897 1896 1898)
3(799 803 801)
3(2422 2424 2426)
3(600 602 601)
3(2223 2224 2225)
3(653 966 652)
3(2276 2275 2589)
3(648 843 840)
3(2271 2463 2466)
3(588 1046 363)
3(2211 1986 2669)
3(1320 1321 1292)
3(2943 2915 2944)
3(475 609 477)
3(2098 2100 2232)
3(386 388 387)
3(2009 2010 2011)
3(302 308 300)
3(1925 1923 1931)
3(319 321 320)
3(1942 1943 1944)
3(303 304 301)
3(1926 1924 1927)
3(1558 1581 1557)
3(3181 3180 3204)
3(1555 1559 1558)
3(3178 3181 3182)
3(234 1795 1030)
3(1857 2653 3418)
3(579 580 578)
3(2202 2201 2203)
3(537 538 503)
3(2160 2126 2161)
3(419 420 418)
3(2042 2041 2043)
3(417 422 419)
3(2040 2042 2045)
3(976 977 613)
3(2599 2236 2600)
3(624 639 598)
3(2247 2221 2262)
3(605 607 606)
3(2228 2229 2230)
3(591 1008 1005)
3(2214 2628 2631)
3(658 659 638)
3(2281 2261 2282)
3(657 661 658)
3(2280 2281 2284)
3(369 382 371)
3(1992 1994 2005)
3(493 555 492)
3(2116 2115 2178)
3(794 1494 793)
3(2417 2416 3117)
3(902 912 911)
3(2525 2534 2535)
3(631 969 968)
3(2254 2591 2592)
3(602 603 601)
3(2225 2224 2226)
3(653 967 966)
3(2276 2589 2590)
3(843 844 840)
3(2466 2463 2467)
3(1320 1340 1321)
3(2943 2944 2963)
3(388 925 387)
3(2011 2010 2548)
3(321 322 320)
3(1944 1943 1945)
3(319 328 321)
3(1942 1944 1951)
3(302 309 308)
3(1925 1931 1932)
3(303 305 304)
3(1926 1927 1928)
3(609 611 477)
3(2232 2100 2234)
3(1559 1560 1558)
3(3182 3181 3183)
3(341 796 340)
3(1964 1963 2419)
3(579 581 580)
3(2202 2203 2204)
3(580 664 578)
3(2203 2201 2287)
3(537 539 538)
3(2160 2161 2162)
3(420 421 418)
3(2043 2041 2044)
3(977 1183 613)
3(2600 2236 2806)
3(976 981 977)
3(2599 2600 2604)
3(605 608 607)
3(2228 2230 2231)
3(700 705 699)
3(2323 2322 2328)
3(700 706 705)
3(2323 2328 2329)
3(1008 1009 1005)
3(2631 2628 2632)
3(657 663 661)
3(2280 2284 2286)
3(658 660 659)
3(2281 2282 2283)
3(382 383 371)
3(2005 1994 2006)
3(493 556 555)
3(2116 2178 2179)
3(1052 1116 1053)
3(2675 2676 2739)
3(902 913 912)
3(2525 2535 2536)
3(912 914 911)
3(2535 2534 2537)
3(531 701 532)
3(2154 2155 2324)
3(525 698 522)
3(2148 2145 2321)
3(699 705 701)
3(2322 2324 2328)
3(699 701 681)
3(2322 2304 2324)
3(603 1268 601)
3(2226 2224 2891)
3(653 1152 967)
3(2276 2590 2775)
3(843 853 844)
3(2466 2467 2476)
3(681 701 531)
3(2304 2154 2324)
3(1340 1341 1321)
3(2963 2944 2964)
3(328 329 321)
3(1951 1944 1952)
3(388 935 925)
3(2011 2548 2558)
3(305 333 304)
3(1928 1927 1956)
3(302 344 309)
3(1925 1932 1967)
3(925 943 387)
3(2548 2010 2566)
3(322 323 320)
3(1945 1943 1946)
3(303 306 305)
3(1926 1928 1929)
3(609 626 611)
3(2232 2234 2249)
3(535 681 680)
3(2158 2303 2304)
3(1559 1561 1560)
3(3182 3183 3184)
3(701 702 532)
3(2324 2155 2325)
3(775 796 341)
3(2398 1964 2419)
3(579 582 581)
3(2202 2204 2205)
3(581 584 580)
3(2204 2203 2207)
3(539 540 538)
3(2162 2161 2163)
3(537 547 539)
3(2160 2162 2170)
3(698 699 681)
3(2321 2304 2322)
3(977 1184 1183)
3(2600 2806 2807)
3(680 682 535)
3(2303 2158 2305)
3(533 698 525)
3(2156 2148 2321)
3(522 698 535)
3(2145 2158 2321)
3(1008 1010 1009)
3(2631 2632 2633)
3(660 1072 659)
3(2283 2282 2695)
3(493 557 556)
3(2116 2179 2180)
3(382 384 383)
3(2005 2006 2007)
3(520 682 518)
3(2143 2141 2305)
3(1118 1119 1086)
3(2741 2709 2742)
3(535 698 681)
3(2158 2304 2321)
3(535 682 520)
3(2158 2143 2305)
3(771 1579 772)
3(2394 2395 3202)
3(912 915 914)
3(2535 2537 2538)
3(486 757 756)
3(2109 2379 2380)
3(603 1270 1268)
3(2226 2891 2893)
3(1152 1153 967)
3(2775 2590 2776)
3(853 854 844)
3(2476 2467 2477)
3(1340 1344 1341)
3(2963 2964 2967)
3(1341 1342 1321)
3(2964 2944 2965)
3(626 627 611)
3(2249 2234 2250)
3(306 307 305)
3(1929 1928 1930)
3(322 324 323)
3(1945 1946 1947)
3(328 330 329)
3(1951 1952 1953)
3(333 339 304)
3(1956 1927 1962)
3(1561 1567 1560)
3(3184 3183 3190)
3(701 705 702)
3(2324 2325 2328)
3(702 703 532)
3(2325 2155 2326)
3(581 585 584)
3(2204 2207 2208)
3(540 542 538)
3(2163 2161 2165)
3(539 541 540)
3(2162 2163 2164)
3(1086 1119 1085)
3(2709 2708 2742)
3(784 798 797)
3(2407 2420 2421)
3(682 757 518)
3(2305 2141 2380)
3(756 757 682)
3(2379 2305 2380)
3(1008 1014 1010)
3(2631 2633 2637)
3(1010 1011 1009)
3(2633 2632 2634)
3(660 1073 1072)
3(2283 2695 2696)
3(557 685 556)
3(2180 2179 2308)
3(384 777 383)
3(2007 2006 2400)
3(382 933 384)
3(2005 2007 2556)
3(1021 1045 1017)
3(2644 2640 2668)
3(680 756 682)
3(2303 2305 2379)
3(915 916 914)
3(2538 2537 2539)
3(784 797 781)
3(2407 2404 2420)
3(1195 1243 1194)
3(2818 2817 2866)
3(1270 1271 1268)
3(2893 2891 2894)
3(1152 1154 1153)
3(2775 2776 2777)
3(1153 1171 967)
3(2776 2590 2794)
3(853 858 854)
3(2476 2477 2481)
3(854 855 844)
3(2477 2467 2478)
3(1340 1345 1344)
3(2963 2967 2968)
3(627 629 611)
3(2250 2234 2252)
3(306 372 307)
3(1929 1930 1995)
3(324 327 323)
3(1947 1946 1950)
3(626 628 627)
3(2249 2250 2251)
3(333 340 339)
3(1956 1962 1963)
3(330 331 329)
3(1953 1952 1954)
3(702 704 703)
3(2325 2326 2327)
3(540 543 542)
3(2163 2165 2166)
3(485 757 486)
3(2108 2109 2380)
3(1014 1015 1010)
3(2637 2633 2638)
3(1011 1012 1009)
3(2634 2632 2635)
3(1073 1084 1072)
3(2696 2695 2707)
3(660 1075 1073)
3(2283 2696 2698)
3(933 934 384)
3(2556 2007 2557)
3(557 686 685)
3(2180 2308 2309)
3(777 793 383)
3(2400 2006 2416)
3(915 917 916)
3(2538 2539 2540)
3(1270 1276 1271)
3(2893 2894 2899)
3(1271 1272 1268)
3(2894 2891 2895)
3(1154 1155 1153)
3(2777 2776 2778)
3(1152 1172 1154)
3(2775 2777 2795)
3(854 862 855)
3(2477 2478 2485)
3(1564 1573 1572)
3(3187 3195 3196)
3(1345 1346 1344)
3(2968 2967 2969)
3(627 630 629)
3(2250 2252 2253)
3(372 373 307)
3(1995 1930 1996)
3(330 332 331)
3(1953 1954 1955)
3(327 348 323)
3(1950 1946 1971)
3(306 378 372)
3(1929 1995 2001)
3(333 341 340)
3(1956 1963 1964)
3(1197 1238 1200)
3(2820 2823 2861)
3(543 544 542)
3(2166 2165 2167)
3(760 1578 546)
3(2383 2169 3201)
3(1014 1016 1015)
3(2637 2638 2639)
3(1564 1572 1563)
3(3187 3186 3195)
3(1084 1090 1072)
3(2707 2695 2713)
3(1075 1077 1073)
3(2698 2696 2700)
3(777 794 793)
3(2400 2416 2417)
3(686 687 685)
3(2309 2308 2310)
3(915 918 917)
3(2538 2540 2541)
3(917 919 916)
3(2540 2539 2542)
3(1196 1238 1197)
3(2819 2820 2861)
3(1271 1273 1272)
3(2894 2895 2896)
3(1168 1239 1192)
3(2791 2815 2862)
3(1154 1156 1155)
3(2777 2778 2779)
3(862 863 855)
3(2485 2478 2486)
3(1564 1574 1573)
3(3187 3196 3197)
3(1345 1349 1346)
3(2968 2969 2972)
3(327 349 348)
3(1950 1971 1972)
3(373 374 307)
3(1996 1930 1997)
3(378 379 372)
3(2001 1995 2002)
3(332 334 331)
3(1955 1954 1957)
3(1017 1045 1018)
3(2640 2641 2668)
3(543 545 544)
3(2166 2167 2168)
3(1192 1239 1160)
3(2815 2783 2862)
3(1016 1017 1015)
3(2639 2638 2640)
3(1084 1091 1090)
3(2707 2713 2714)
3(1075 1078 1077)
3(2698 2700 2701)
3(777 901 794)
3(2400 2417 2524)
3(686 690 687)
3(2309 2310 2313)
3(687 688 685)
3(2310 2308 2311)
3(917 920 919)
3(2540 2542 2543)
3(919 924 916)
3(2542 2539 2547)
3(1273 1274 1272)
3(2896 2895 2897)
3(98 216 99)
3(133 134 1839)
3(100 217 101)
3(135 136 1840)
3(1156 1157 1155)
3(2779 2778 2780)
3(863 865 855)
3(2486 2478 2488)
3(517 693 683)
3(2140 2306 2316)
3(1574 1575 1573)
3(3197 3196 3198)
3(1345 1351 1349)
3(2968 2972 2974)
3(519 683 523)
3(2142 2146 2306)
3(327 350 349)
3(1950 1972 1973)
3(334 335 331)
3(1957 1954 1958)
3(332 336 334)
3(1955 1957 1959)
3(373 375 374)
3(1996 1997 1998)
3(545 548 544)
3(2168 2167 2171)
3(543 546 545)
3(2166 2168 2169)
3(683 684 523)
3(2306 2146 2307)
3(746 878 804)
3(2369 2427 2501)
3(1017 1018 1015)
3(2640 2638 2641)
3(1016 1020 1017)
3(2639 2640 2643)
3(1084 1106 1091)
3(2707 2714 2729)
3(1078 1079 1077)
3(2701 2700 2702)
3(1091 1092 1090)
3(2714 2713 2715)
3(687 689 688)
3(2310 2311 2312)
3(516 683 519)
3(2139 2142 2306)
3(745 878 746)
3(2368 2369 2501)
3(920 921 919)
3(2543 2542 2544)
3(735 745 739)
3(2358 2362 2368)
3(1273 1275 1274)
3(2896 2897 2898)
3(1156 1159 1157)
3(2779 2780 2782)
3(1157 1158 1155)
3(2780 2778 2781)
3(745 746 739)
3(2368 2362 2369)
3(1575 1576 1573)
3(3198 3196 3199)
3(350 351 349)
3(1973 1972 1974)
3(336 337 334)
3(1959 1957 1960)
3(373 376 375)
3(1996 1998 1999)
3(545 549 548)
3(2168 2171 2172)
3(683 693 684)
3(2306 2307 2316)
3(1159 1192 1157)
3(2782 2780 2815)
3(1020 1021 1017)
3(2643 2640 2644)
3(1078 1080 1079)
3(2701 2702 2703)
3(1091 1093 1092)
3(2714 2715 2716)
3(1079 1083 1077)
3(2702 2700 2706)
3(734 745 735)
3(2357 2358 2368)
3(534 697 511)
3(2157 2134 2320)
3(920 922 921)
3(2543 2544 2545)
3(1273 1277 1275)
3(2896 2898 2900)
3(1275 1287 1274)
3(2898 2897 2910)
3(1156 1161 1159)
3(2779 2782 2784)
3(1157 1160 1158)
3(2780 2781 2783)
3(684 715 523)
3(2307 2146 2338)
3(376 377 375)
3(1999 1998 2000)
3(336 338 337)
3(1959 1960 1961)
3(350 352 351)
3(1973 1974 1975)
3(351 353 349)
3(1974 1972 1976)
3(1215 1240 1203)
3(2838 2826 2863)
3(549 550 548)
3(2172 2171 2173)
3(693 694 684)
3(2316 2307 2317)
3(1020 1022 1021)
3(2643 2644 2645)
3(1078 1082 1080)
3(2701 2703 2705)
3(1093 1094 1092)
3(2716 2715 2717)
3(1080 1081 1079)
3(2703 2702 2704)
3(922 926 921)
3(2545 2544 2549)
3(920 923 922)
3(2543 2545 2546)
3(1203 1240 1201)
3(2826 2824 2863)
3(731 873 836)
3(2354 2459 2496)
3(1277 1278 1275)
3(2900 2898 2901)
3(1287 1288 1274)
3(2910 2897 2911)
3(1161 1162 1159)
3(2784 2782 2785)
3(377 776 375)
3(2000 1998 2399)
3(336 342 338)
3(1959 1961 1965)
3(350 650 352)
3(1973 1975 2273)
3(727 730 729)
3(2350 2352 2353)
3(533 699 698)
3(2156 2321 2322)
3(549 551 550)
3(2172 2173 2174)
3(694 695 684)
3(2317 2307 2318)
3(727 873 731)
3(2350 2354 2496)
3(727 729 725)
3(2350 2348 2352)
3(1094 1100 1092)
3(2717 2715 2723)
3(1082 1096 1080)
3(2705 2703 2719)
3(926 928 921)
3(2549 2544 2551)
3(922 927 926)
3(2545 2549 2550)
3(1287 1289 1288)
3(2910 2911 2912)
3(1277 1281 1278)
3(2900 2901 2904)
3(1162 1163 1159)
3(2785 2782 2786)
3(524 707 528)
3(2147 2151 2330)
3(342 343 338)
3(1965 1961 1966)
3(377 778 776)
3(2000 2399 2401)
3(727 731 730)
3(2350 2353 2354)
3(533 700 699)
3(2156 2322 2323)
3(551 552 550)
3(2174 2173 2175)
3(707 708 528)
3(2330 2151 2331)
3(694 696 695)
3(2317 2318 2319)
3(852 873 726)
3(2475 2349 2496)
3(1082 1107 1096)
3(2705 2719 2730)
3(1094 1101 1100)
3(2717 2723 2724)
3(521 707 524)
3(2144 2147 2330)
3(1167 1186 1164)
3(2790 2787 2809)
3(927 929 926)
3(2550 2549 2552)
3(804 878 791)
3(2427 2414 2501)
3(1281 1285 1278)
3(2904 2901 2908)
3(1287 1290 1289)
3(2910 2912 2913)
3(1277 1309 1281)
3(2900 2904 2932)
3(1162 1164 1163)
3(2785 2786 2787)
3(1186 1187 1166)
3(2809 2789 2810)
3(778 779 776)
3(2401 2399 2402)
3(343 722 338)
3(1966 1961 2345)
3(342 345 343)
3(1965 1966 1968)
3(731 732 730)
3(2354 2353 2355)
3(551 553 552)
3(2174 2175 2176)
3(708 709 528)
3(2331 2151 2332)
3(1164 1186 1166)
3(2787 2789 2809)
3(1082 1108 1107)
3(2705 2730 2731)
3(346 877 343)
3(1969 1966 2500)
3(927 930 929)
3(2550 2552 2553)
3(526 711 529)
3(2149 2152 2334)
3(1290 1291 1289)
3(2913 2912 2914)
3(1285 1286 1278)
3(2908 2901 2909)
3(1164 1165 1163)
3(2787 2786 2788)
3(1162 1167 1164)
3(2785 2787 2790)
3(342 347 345)
3(1965 1968 1970)
3(778 795 779)
3(2401 2402 2418)
3(345 346 343)
3(1968 1966 1969)
3(731 733 732)
3(2354 2355 2356)
3(1175 1186 1167)
3(2798 2790 2809)
3(551 761 553)
3(2174 2176 2384)
3(553 974 552)
3(2176 2175 2597)
3(709 711 528)
3(2332 2151 2334)
3(528 711 526)
3(2151 2149 2334)
3(708 710 709)
3(2331 2332 2333)
3(1300 1356 1303)
3(2923 2926 2979)
3(1108 1109 1107)
3(2731 2730 2732)
3(1297 1356 1300)
3(2920 2923 2979)
3(1356 1357 1303)
3(2979 2926 2980)
3(927 932 930)
3(2550 2553 2555)
3(553 975 974)
3(2176 2597 2598)
3(1290 1293 1291)
3(2913 2914 2916)
3(1165 1168 1163)
3(2788 2786 2791)
3(343 877 722)
3(1966 2345 2500)
3(1291 1294 1289)
3(2914 2912 2917)
3(1164 1166 1165)
3(2787 2788 2789)
3(345 785 346)
3(1968 1969 2408)
3(731 836 733)
3(2354 2356 2459)
3(1299 1358 1296)
3(2922 2919 2981)
3(1180 1181 1179)
3(2803 2802 2804)
3(785 786 346)
3(2408 1969 2409)
3(1322 1358 1299)
3(2945 2922 2981)
3(789 792 791)
3(2412 2414 2415)
3(1291 1295 1294)
3(2914 2917 2918)
3(786 787 346)
3(2409 1969 2410)
3(836 837 733)
3(2459 2356 2460)
3(837 839 838)
3(2460 2461 2462)
3(1296 1358 1308)
3(2919 2931 2981)
3(1298 1356 1297)
3(2921 2920 2979)
3(1297 1300 1299)
3(2920 2922 2923)
3(836 857 837)
3(2459 2460 2480)
3(1300 1302 1301)
3(2923 2924 2925)
3(1296 1308 1294)
3(2919 2917 2931)
3(1295 1296 1294)
3(2918 2917 2919)
3(1297 1299 1296)
3(2920 2919 2922)
3(792 804 791)
3(2415 2414 2427)
3(837 838 733)
3(2460 2356 2461)
3(1302 1306 1301)
3(2925 2924 2929)
3(527 533 525)
3(2150 2148 2156)
3(1300 1303 1302)
3(2923 2925 2926)
3(788 790 789)
3(2411 2412 2413)
3(1295 1297 1296)
3(2918 2919 2920)
3(1300 1301 1299)
3(2923 2922 2924)
3(526 529 527)
3(2149 2150 2152)
3(529 530 527)
3(2152 2150 2153)
3(788 800 790)
3(2411 2413 2423)
3(526 527 525)
3(2149 2148 2150)
3(789 791 787)
3(2412 2410 2414)
3(1295 1298 1297)
3(2918 2920 2921)
3(524 528 526)
3(2147 2149 2151)
3(1301 1322 1299)
3(2924 2922 2945)
3(786 788 787)
3(2409 2410 2411)
3(788 789 787)
3(2411 2410 2412)
3(1177 1180 1179)
3(2800 2802 2803)
3(524 526 525)
3(2147 2148 2149)
3(1177 1178 1175)
3(2800 2798 2801)
3(1289 1360 1288)
3(2912 2911 2983)
3(1302 1307 1306)
3(2925 2929 2930)
3(1177 1179 1178)
3(2800 2801 2802)
3(1291 1359 1295)
3(2914 2918 2982)
3(1206 1215 1203)
3(2829 2826 2838)
3(1293 1359 1291)
3(2916 2914 2982)
3(978 980 979)
3(2601 2602 2603)
3(524 525 522)
3(2147 2145 2148)
3(1295 1359 1298)
3(2918 2921 2982)
3(1176 1177 1175)
3(2799 2798 2800)
3(838 876 875)
3(2461 2498 2499)
3(1179 1190 1178)
3(2802 2801 2813)
3(733 875 732)
3(2356 2355 2498)
3(838 875 733)
3(2461 2356 2498)
3(978 979 975)
3(2601 2598 2602)
3(1178 1190 1187)
3(2801 2810 2813)
3(1204 1206 1203)
3(2827 2826 2829)
3(553 978 975)
3(2176 2598 2601)
3(740 744 737)
3(2363 2360 2367)
3(761 978 553)
3(2384 2176 2601)
3(523 707 521)
3(2146 2144 2330)
3(521 524 522)
3(2144 2145 2147)
3(680 681 531)
3(2303 2154 2304)
3(522 535 520)
3(2145 2143 2158)
3(1178 1187 1186)
3(2801 2809 2810)
3(726 873 727)
3(2349 2350 2496)
3(736 852 726)
3(2359 2349 2475)
3(1178 1186 1175)
3(2801 2798 2809)
3(1174 1176 1175)
3(2797 2798 2799)
3(1294 1360 1289)
3(2917 2912 2983)
3(787 877 346)
3(2410 1969 2500)
3(1202 1204 1203)
3(2825 2826 2827)
3(1240 1241 1212)
3(2863 2835 2864)
3(738 740 737)
3(2361 2360 2363)
3(735 739 738)
3(2358 2361 2362)
3(791 877 787)
3(2414 2410 2500)
3(521 522 520)
3(2144 2143 2145)
3(512 680 531)
3(2135 2154 2303)
3(531 532 514)
3(2154 2137 2155)
3(519 523 521)
3(2142 2144 2146)
3(1308 1360 1294)
3(2931 2917 2983)
3(724 736 726)
3(2347 2349 2359)
3(725 729 728)
3(2348 2351 2352)
3(726 727 725)
3(2349 2348 2350)
3(1174 1175 1167)
3(2797 2790 2798)
3(791 878 877)
3(2414 2500 2501)
3(1202 1203 1201)
3(2825 2824 2826)
3(1201 1240 1212)
3(2824 2835 2863)
3(735 738 737)
3(2358 2360 2361)
3(877 878 722)
3(2500 2345 2501)
3(514 534 511)
3(2137 2134 2157)
3(512 531 514)
3(2135 2137 2154)
3(519 521 520)
3(2142 2143 2144)
3(549 762 551)
3(2172 2174 2385)
3(762 763 761)
3(2385 2384 2386)
3(724 726 725)
3(2347 2348 2349)
3(725 728 723)
3(2348 2346 2351)
3(332 718 336)
3(1955 1959 2341)
3(551 762 761)
3(2174 2384 2385)
3(1161 1173 1162)
3(2784 2785 2796)
3(1173 1174 1167)
3(2796 2790 2797)
3(1161 1182 1173)
3(2784 2796 2805)
3(1162 1173 1167)
3(2785 2790 2796)
3(923 948 922)
3(2546 2545 2571)
3(926 947 928)
3(2549 2551 2570)
3(929 947 926)
3(2552 2549 2570)
3(1075 1123 1078)
3(2698 2701 2746)
3(1199 1202 1201)
3(2822 2824 2825)
3(1201 1212 1198)
3(2824 2821 2835)
3(922 948 927)
3(2545 2550 2571)
3(735 737 721)
3(2358 2344 2360)
3(722 878 745)
3(2345 2368 2501)
3(512 514 511)
3(2135 2134 2137)
3(519 520 518)
3(2142 2141 2143)
3(923 949 948)
3(2546 2571 2572)
3(724 725 723)
3(2347 2346 2348)
3(715 716 708)
3(2338 2331 2339)
3(1211 1238 1196)
3(2834 2819 2861)
3(1160 1239 1211)
3(2783 2834 2862)
3(927 948 932)
3(2550 2555 2571)
3(1275 1361 1287)
3(2898 2910 2984)
3(695 715 684)
3(2318 2307 2338)
3(338 734 337)
3(1961 1960 2357)
3(1278 1361 1275)
3(2901 2898 2984)
3(1120 1122 1121)
3(2743 2744 2745)
3(1197 1200 1199)
3(2820 2822 2823)
3(1199 1201 1198)
3(2822 2821 2824)
3(734 735 721)
3(2357 2344 2358)
3(722 745 734)
3(2345 2357 2368)
3(1157 1192 1160)
3(2780 2783 2815)
3(516 519 518)
3(2139 2141 2142)
3(517 683 516)
3(2140 2139 2306)
3(511 697 510)
3(2134 2133 2320)
3(489 512 511)
3(2112 2134 2135)
3(722 734 338)
3(2345 1961 2357)
3(707 715 708)
3(2330 2331 2338)
3(1287 1361 1290)
3(2910 2913 2984)
3(1286 1361 1278)
3(2909 2901 2984)
3(720 724 723)
3(2343 2346 2347)
3(1160 1211 1196)
3(2783 2819 2834)
3(695 716 715)
3(2318 2338 2339)
3(336 718 342)
3(1959 1965 2341)
3(1362 1363 1293)
3(2985 2916 2986)
3(1361 1362 1290)
3(2984 2913 2985)
3(1286 1362 1361)
3(2909 2984 2985)
3(523 715 707)
3(2146 2330 2338)
3(716 717 710)
3(2339 2333 2340)
3(1163 1192 1159)
3(2786 2782 2815)
3(1290 1362 1293)
3(2913 2916 2985)
3(1120 1121 1083)
3(2743 2706 2744)
3(1197 1199 1198)
3(2820 2821 2822)
3(708 716 710)
3(2331 2333 2339)
3(342 718 347)
3(1965 1970 2341)
3(1079 1120 1083)
3(2702 2706 2743)
3(510 554 488)
3(2133 2111 2177)
3(489 511 510)
3(2112 2133 2134)
3(516 518 513)
3(2139 2136 2141)
3(515 517 516)
3(2138 2139 2140)
3(1081 1120 1079)
3(2704 2702 2743)
3(1078 1123 1082)
3(2701 2705 2746)
3(337 734 721)
3(1960 2344 2357)
3(957 958 956)
3(2580 2579 2581)
3(1168 1192 1163)
3(2791 2786 2815)
3(331 753 329)
3(1954 1952 2376)
3(324 754 327)
3(1947 1950 2377)
3(720 723 335)
3(2343 1958 2346)
3(546 764 545)
3(2169 2168 2387)
3(1563 1572 1566)
3(3186 3189 3195)
3(1566 1570 1565)
3(3189 3188 3193)
3(1274 1365 1272)
3(2897 2895 2988)
3(545 764 549)
3(2168 2172 2387)
3(1362 1364 1363)
3(2985 2986 2987)
3(1104 1105 1103)
3(2727 2726 2728)
3(1286 1364 1362)
3(2909 2985 2987)
3(1082 1123 1108)
3(2705 2731 2746)
3(1288 1365 1274)
3(2911 2897 2988)
3(919 952 924)
3(2542 2547 2575)
3(76 215 77)
3(111 112 1838)
3(78 214 79)
3(113 114 1837)
3(80 213 81)
3(115 116 1836)
3(549 764 762)
3(2172 2385 2387)
3(1197 1198 1195)
3(2820 2818 2821)
3(921 952 919)
3(2544 2542 2575)
3(797 799 783)
3(2420 2406 2422)
3(1106 1124 1091)
3(2729 2714 2747)
3(489 510 488)
3(2112 2111 2133)
3(515 516 513)
3(2138 2136 2139)
3(721 747 719)
3(2344 2342 2370)
3(719 747 720)
3(2342 2343 2370)
3(1091 1124 1093)
3(2714 2716 2747)
3(928 953 952)
3(2551 2575 2576)
3(918 957 956)
3(2541 2579 2580)
3(744 747 737)
3(2367 2360 2370)
3(719 720 335)
3(2342 1958 2343)
3(337 721 719)
3(1960 2342 2344)
3(1563 1566 1565)
3(3186 3188 3189)
3(1565 1568 1562)
3(3188 3185 3191)
3(928 952 921)
3(2551 2544 2575)
3(334 719 335)
3(1957 1958 2342)
3(337 719 334)
3(1960 1957 2342)
3(1103 1112 1088)
3(2726 2711 2735)
3(1117 1118 1086)
3(2740 2709 2741)
3(1099 1104 1103)
3(2722 2726 2727)
3(724 748 736)
3(2347 2359 2371)
3(1160 1196 1158)
3(2783 2781 2819)
3(737 747 721)
3(2360 2344 2370)
3(918 955 917)
3(2541 2540 2578)
3(749 751 689)
3(2372 2312 2374)
3(744 748 747)
3(2367 2370 2371)
3(1196 1197 1195)
3(2819 2818 2820)
3(1328 1375 1327)
3(2951 2950 2998)
3(917 955 920)
3(2540 2543 2578)
3(781 797 783)
3(2404 2406 2420)
3(690 749 687)
3(2313 2310 2372)
3(687 749 689)
3(2310 2312 2372)
3(487 515 513)
3(2110 2136 2138)
3(486 489 488)
3(2109 2111 2112)
3(720 748 724)
3(2343 2347 2371)
3(747 748 720)
3(2370 2343 2371)
3(918 956 955)
3(2541 2578 2579)
3(953 954 952)
3(2576 2575 2577)
3(1563 1565 1562)
3(3186 3185 3188)
3(772 1564 1563)
3(2395 3186 3187)
3(952 954 924)
3(2575 2547 2577)
3(956 959 955)
3(2579 2578 2582)
3(920 955 923)
3(2543 2546 2578)
3(728 753 723)
3(2351 2346 2376)
3(335 753 331)
3(1958 1954 2376)
3(327 754 350)
3(1950 1973 2377)
3(1085 1119 1099)
3(2708 2722 2742)
3(1116 1117 1086)
3(2739 2709 2740)
3(1099 1103 1088)
3(2722 2711 2726)
3(1172 1193 1154)
3(2795 2777 2816)
3(1276 1366 1271)
3(2899 2894 2989)
3(955 959 923)
3(2578 2546 2582)
3(1161 1193 1182)
3(2784 2805 2816)
3(486 756 489)
3(2109 2112 2379)
3(1154 1193 1156)
3(2777 2779 2816)
3(1277 1366 1309)
3(2900 2932 2989)
3(512 756 680)
3(2135 2303 2379)
3(1271 1366 1273)
3(2894 2896 2989)
3(923 959 949)
3(2546 2572 2582)
3(372 755 373)
3(1995 1996 2378)
3(1562 1578 760)
3(3185 2383 3201)
3(379 755 372)
3(2002 1995 2378)
3(1158 1196 1195)
3(2781 2818 2819)
3(1326 1328 1327)
3(2949 2950 2951)
3(1011 1040 1038)
3(2634 2661 2663)
3(1011 1038 1012)
3(2634 2635 2661)
3(1038 1039 1037)
3(2661 2660 2662)
3(350 754 650)
3(1973 2273 2377)
3(723 753 335)
3(2346 1958 2376)
3(782 796 775)
3(2405 2398 2419)
3(781 783 782)
3(2404 2405 2406)
3(487 513 485)
3(2110 2108 2136)
3(486 488 484)
3(2109 2107 2111)
3(1194 1243 1171)
3(2817 2794 2866)
3(1156 1193 1161)
3(2779 2784 2816)
3(373 755 376)
3(1996 1999 2378)
3(1273 1366 1277)
3(2896 2900 2989)
3(489 756 512)
3(2112 2135 2379)
3(764 1577 762)
3(2387 2385 3200)
3(1320 1368 1340)
3(2943 2963 2991)
3(772 1563 1562)
3(2395 3185 3186)
3(546 1578 764)
3(2169 2387 3201)
3(844 880 840)
3(2467 2463 2503)
3(1073 1126 1084)
3(2696 2707 2749)
3(1077 1126 1073)
3(2700 2696 2749)
3(1085 1099 1088)
3(2708 2711 2722)
3(1053 1116 1086)
3(2676 2709 2739)
3(1153 1194 1171)
3(2776 2794 2817)
3(906 907 904)
3(2529 2527 2530)
3(518 757 513)
3(2141 2136 2380)
3(1083 1126 1077)
3(2706 2700 2749)
3(1155 1194 1153)
3(2778 2776 2817)
3(762 1577 763)
3(2385 2386 3200)
3(892 946 891)
3(2515 2514 2569)
3(1241 1242 1212)
3(2864 2835 2865)
3(764 1578 1577)
3(2387 3200 3201)
3(1084 1126 1106)
3(2707 2729 2749)
3(703 758 532)
3(2326 2155 2381)
3(1198 1243 1195)
3(2821 2818 2866)
3(1158 1195 1194)
3(2781 2817 2818)
3(1326 1327 1325)
3(2949 2948 2950)
3(1012 1038 1037)
3(2635 2660 2661)
3(1568 1578 1562)
3(3191 3185 3201)
3(1577 1578 1568)
3(3200 3191 3201)
3(781 782 775)
3(2404 2398 2405)
3(780 784 781)
3(2403 2404 2407)
3(1366 1367 1309)
3(2989 2932 2990)
3(485 486 484)
3(2108 2107 2109)
3(483 487 485)
3(2106 2108 2110)
3(1158 1194 1155)
3(2781 2778 2817)
3(1242 1243 1212)
3(2865 2835 2866)
3(1171 1243 1242)
3(2794 2865 2866)
3(532 758 514)
3(2155 2137 2381)
3(1276 1367 1366)
3(2899 2989 2990)
3(513 757 485)
3(2136 2108 2380)
3(541 759 540)
3(2164 2163 2382)
3(772 1562 760)
3(2395 2383 3185)
3(384 960 777)
3(2007 2400 2583)
3(1212 1243 1198)
3(2835 2821 2866)
3(1010 1041 1011)
3(2633 2634 2664)
3(540 759 543)
3(2163 2166 2382)
3(934 960 384)
3(2557 2007 2583)
3(768 1579 771)
3(2391 2394 3202)
3(1015 1041 1010)
3(2638 2633 2664)
3(858 879 854)
3(2481 2477 2502)
3(1053 1086 1085)
3(2676 2708 2709)
3(1085 1088 1074)
3(2708 2697 2711)
3(904 905 903)
3(2527 2526 2528)
3(900 906 904)
3(2523 2527 2529)
3(854 879 862)
3(2477 2485 2502)
3(1018 1045 1044)
3(2641 2667 2668)
3(514 758 534)
3(2137 2157 2381)
3(1018 1041 1015)
3(2641 2638 2664)
3(759 760 546)
3(2382 2169 2383)
3(889 892 891)
3(2512 2514 2515)
3(777 960 901)
3(2400 2524 2583)
3(1011 1041 1040)
3(2634 2663 2664)
3(865 882 881)
3(2488 2504 2505)
3(543 759 546)
3(2166 2169 2382)
3(772 1579 1564)
3(2395 3187 3202)
3(989 1326 1325)
3(2612 2948 2949)
3(1012 1037 1036)
3(2635 2659 2660)
3(533 765 700)
3(2156 2323 2388)
3(527 765 533)
3(2150 2156 2388)
3(780 781 775)
3(2403 2398 2404)
3(483 485 484)
3(2106 2107 2108)
3(767 769 768)
3(2390 2391 2392)
3(771 772 760)
3(2394 2383 2395)
3(601 1369 599)
3(2224 2222 2992)
3(759 771 760)
3(2382 2383 2394)
3(1564 1579 1574)
3(3187 3197 3202)
3(530 765 527)
3(2153 2150 2388)
3(541 771 759)
3(2164 2382 2394)
3(1053 1085 1074)
3(2676 2697 2708)
3(1074 1115 1051)
3(2697 2674 2738)
3(1340 1368 1345)
3(2963 2968 2991)
3(900 904 903)
3(2523 2526 2527)
3(855 880 844)
3(2478 2467 2503)
3(1018 1044 1042)
3(2641 2665 2667)
3(1042 1043 1040)
3(2665 2663 2666)
3(889 891 890)
3(2512 2513 2514)
3(768 771 541)
3(2391 2164 2394)
3(305 766 333)
3(1928 1956 2389)
3(913 962 912)
3(2536 2535 2585)
3(865 881 880)
3(2488 2503 2504)
3(307 766 305)
3(1930 1928 2389)
3(918 962 957)
3(2541 2580 2585)
3(1018 1042 1041)
3(2641 2664 2665)
3(989 1325 1324)
3(2612 2947 2948)
3(1009 1035 1005)
3(2632 2628 2658)
3(1012 1036 1035)
3(2635 2658 2659)
3(1041 1042 1040)
3(2664 2663 2665)
3(912 962 915)
3(2535 2538 2585)
3(774 780 775)
3(2397 2398 2403)
3(1127 1128 1123)
3(2750 2746 2751)
3(1345 1368 1351)
3(2968 2974 2991)
3(374 766 307)
3(1997 1930 2389)
3(496 654 499)
3(2119 2122 2277)
3(483 484 481)
3(2106 2104 2107)
3(964 965 963)
3(2587 2586 2588)
3(865 880 855)
3(2488 2478 2503)
3(1012 1035 1009)
3(2635 2632 2658)
3(767 768 541)
3(2390 2164 2391)
3(333 766 341)
3(1956 1964 2389)
3(547 767 539)
3(2170 2162 2390)
3(539 767 541)
3(2162 2164 2390)
3(915 962 918)
3(2538 2541 2585)
3(899 946 892)
3(2522 2515 2569)
3(321 773 322)
3(1944 1945 2396)
3(1053 1074 1051)
3(2676 2674 2697)
3(728 773 753)
3(2351 2376 2396)
3(900 903 899)
3(2523 2522 2526)
3(329 773 321)
3(1952 1944 2396)
3(704 1606 1603)
3(2327 3226 3229)
3(889 890 798)
3(2512 2421 2513)
3(420 1033 421)
3(2043 2044 2656)
3(774 885 780)
3(2397 2403 2508)
3(776 885 375)
3(2399 1998 2508)
3(989 1324 988)
3(2612 2611 2947)
3(779 887 776)
3(2402 2399 2510)
3(774 775 341)
3(2397 1964 2398)
3(753 773 329)
3(2376 1952 2396)
3(661 1127 658)
3(2284 2281 2750)
3(431 433 432)
3(2054 2055 2056)
3(496 499 498)
3(2119 2121 2122)
3(482 483 481)
3(2105 2104 2106)
3(913 964 963)
3(2536 2586 2587)
3(1150 1329 1149)
3(2773 2772 2952)
3(1075 1127 1123)
3(2698 2746 2750)
3(658 1127 660)
3(2281 2283 2750)
3(729 886 728)
3(2352 2351 2509)
3(779 888 887)
3(2402 2510 2511)
3(374 774 766)
3(1997 2389 2397)
3(661 1128 1127)
3(2284 2750 2751)
3(962 963 957)
3(2585 2580 2586)
3(374 885 774)
3(1997 2397 2508)
3(766 774 341)
3(2389 1964 2397)
3(913 963 962)
3(2536 2585 2586)
3(375 885 374)
3(1998 1997 2508)
3(728 886 773)
3(2351 2396 2509)
3(729 894 886)
3(2352 2509 2517)
3(1052 1053 1051)
3(2675 2674 2676)
3(776 887 885)
3(2399 2508 2510)
3(898 900 899)
3(2521 2522 2523)
3(1033 1034 1006)
3(2656 2629 2657)
3(1007 1076 1004)
3(2630 2627 2699)
3(1365 1369 1272)
3(2988 2895 2992)
3(660 1127 1075)
3(2283 2698 2750)
3(1268 1369 601)
3(2891 2224 2992)
3(773 886 322)
3(2396 1945 2509)
3(322 886 324)
3(1945 1947 2509)
3(780 887 784)
3(2403 2407 2510)
3(888 889 798)
3(2511 2421 2512)
3(888 895 889)
3(2511 2512 2518)
3(730 894 729)
3(2353 2352 2517)
3(1123 1128 1108)
3(2746 2731 2751)
3(885 887 780)
3(2508 2403 2510)
3(419 1478 595)
3(2042 2218 3101)
3(887 888 784)
3(2510 2407 2511)
3(643 1442 647)
3(2266 2270 3065)
3(732 897 896)
3(2355 2519 2520)
3(886 894 324)
3(2509 1947 2517)
3(824 1724 818)
3(2447 2441 3347)
3(889 895 892)
3(2512 2515 2518)
3(784 888 798)
3(2407 2421 2511)
3(730 896 894)
3(2353 2517 2519)
3(987 989 988)
3(2610 2611 2612)
3(324 894 754)
3(1947 2377 2517)
3(779 895 888)
3(2402 2511 2518)
3(732 896 730)
3(2355 2353 2519)
3(431 432 243)
3(2054 1866 2055)
3(496 498 450)
3(2119 2073 2121)
3(480 482 481)
3(2103 2104 2105)
3(430 434 431)
3(2053 2054 2057)
3(481 679 454)
3(2104 2077 2302)
3(896 897 650)
3(2519 2273 2520)
3(795 895 779)
3(2418 2402 2518)
3(973 976 612)
3(2596 2235 2599)
3(1148 1150 1149)
3(2771 2772 2773)
3(894 896 754)
3(2517 2377 2519)
3(1272 1369 1268)
3(2895 2891 2992)
3(754 896 650)
3(2377 2273 2519)
3(875 897 732)
3(2498 2355 2520)
3(898 970 900)
3(2521 2523 2593)
3(842 1472 867)
3(2465 2490 3095)
3(1050 1052 1051)
3(2673 2674 2675)
3(898 899 892)
3(2521 2515 2522)
3(1006 1007 1004)
3(2629 2627 2630)
3(421 1033 1006)
3(2044 2629 2656)
3(1034 1050 1006)
3(2657 2629 2673)
3(875 971 897)
3(2498 2520 2594)
3(795 970 898)
3(2418 2521 2593)
3(301 972 302)
3(1924 1925 2595)
3(895 898 892)
3(2518 2515 2521)
3(900 970 906)
3(2523 2529 2593)
3(304 972 301)
3(1927 1924 2595)
3(795 898 895)
3(2418 2518 2521)
3(987 988 986)
3(2610 2609 2611)
3(216 1741 676)
3(1839 2299 3364)
3(583 984 491)
3(2206 2114 2607)
3(913 983 964)
3(2536 2587 2606)
3(339 972 304)
3(1962 1927 2595)
3(876 971 875)
3(2499 2498 2594)
3(1616 1647 1646)
3(3239 3269 3270)
3(407 409 212)
3(2030 1835 2032)
3(423 586 443)
3(2046 2066 2209)
3(430 431 243)
3(2053 1866 2054)
3(480 481 454)
3(2103 2077 2104)
3(495 496 450)
3(2118 2073 2119)
3(459 461 460)
3(2082 2083 2084)
3(15 453 14)
3(147 146 2076)
3(0 290 71)
3(9 203 1913)
3(12 558 11)
3(144 143 2181)
3(47 227 46)
3(179 178 1850)
3(68 295 67)
3(200 199 1918)
3(13 471 12)
3(145 144 2094)
3(61 269 60)
3(193 192 1892)
3(32 425 31)
3(164 163 2048)
3(17 450 16)
3(149 148 2073)
3(39 211 38)
3(171 170 1834)
3(51 310 50)
3(183 182 1933)
3(60 297 59)
3(192 191 1920)
3(48 445 47)
3(180 179 2068)
3(11 289 10)
3(143 142 1912)
3(50 312 49)
3(182 181 1935)
3(56 441 55)
3(188 187 2064)
3(54 618 53)
3(186 185 2241)
3(58 266 57)
3(190 189 1889)
3(63 299 62)
3(195 194 1922)
3(57 316 56)
3(189 188 1939)
3(23 665 22)
3(155 154 2288)
3(30 247 29)
3(162 161 1870)
3(49 229 48)
3(181 180 1852)
3(71 293 70)
3(203 202 1916)
3(62 667 61)
3(194 193 2290)
3(20 451 19)
3(152 151 2074)
3(36 243 35)
3(168 167 1866)
3(42 440 41)
3(174 173 2063)
3(53 442 52)
3(185 184 2065)
3(27 252 26)
3(159 158 1875)
3(24 454 23)
3(156 155 2077)
3(45 228 44)
3(177 176 1851)
3(22 452 21)
3(154 153 2075)
3(29 423 28)
3(161 160 2046)
3(34 242 33)
3(166 165 1865)
3(55 238 54)
3(187 186 1861)
3(40 390 39)
3(172 171 2013)
3(14 469 13)
3(146 145 2092)
3(52 233 51)
3(184 183 1856)
3(59 625 58)
3(191 190 2248)
3(69 283 68)
3(201 200 1906)
3(38 439 37)
3(170 169 2062)
3(31 426 30)
3(163 162 2049)
3(43 212 42)
3(175 174 1835)
3(41 210 40)
3(173 172 1833)
3(65 277 64)
3(197 196 1900)
3(1148 1149 1147)
3(2771 2770 2772)
3(617 983 902)
3(2240 2525 2606)
3(491 984 493)
3(2114 2116 2607)
3(302 972 344)
3(1925 1967 2595)
3(1676 1807 458)
3(3299 2081 3430)
3(507 973 668)
3(2130 2291 2596)
3(968 983 617)
3(2591 2240 2606)
3(1308 1370 1360)
3(2931 2983 2993)
3(1583 1692 1521)
3(3206 3144 3315)
3(423 443 28)
3(2046 160 2066)
3(24 480 454)
3(156 2077 2103)
3(17 495 450)
3(149 2073 2118)
3(34 619 242)
3(166 1865 2242)
3(63 366 299)
3(195 1922 1989)
3(32 428 425)
3(164 2048 2051)
3(69 403 283)
3(201 1906 2026)
3(15 620 453)
3(147 2076 2243)
3(43 407 212)
3(175 1835 2030)
3(36 430 243)
3(168 1866 2053)
3(0 437 290)
3(9 1913 2060)
3(716 1751 717)
3(2339 2340 3374)
3(1605 1614 1602)
3(3228 3225 3237)
3(589 1401 593)
3(2212 2216 3024)
3(902 983 913)
3(2525 2536 2606)
3(1050 1051 1007)
3(2673 2630 2674)
3(1430 1632 466)
3(3053 2089 3255)
3(993 1794 1600)
3(2616 3223 3417)
3(399 1140 663)
3(2022 2286 2763)
3(493 984 557)
3(2116 2180 2607)
3(421 1006 1004)
3(2044 2627 2629)
3(1515 1764 1514)
3(3138 3137 3387)
3(622 999 633)
3(2245 2256 2622)
3(833 834 832)
3(2456 2455 2457)
3(1591 1734 1512)
3(3214 3135 3357)
3(1006 1050 1007)
3(2629 2630 2673)
3(1342 1372 1371)
3(2965 2994 2995)
3(893 946 823)
3(2516 2446 2569)
3(1247 1703 1033)
3(2870 2656 3326)
3(706 1606 705)
3(2329 2328 3229)
3(1495 1497 1119)
3(3118 2742 3120)
3(702 1606 704)
3(2325 2327 3229)
3(1427 1501 1446)
3(3050 3069 3124)
3(1395 1637 225)
3(3018 1848 3260)
3(868 1768 237)
3(2491 1860 3391)
3(235 1768 236)
3(1858 1859 3391)
3(1255 1329 1253)
3(2878 2876 2952)
3(640 987 986)
3(2263 2609 2610)
3(990 991 696)
3(2613 2319 2614)
3(1067 1744 1066)
3(2690 2689 3367)
3(864 1032 1031)
3(2487 2654 2655)
3(876 1439 853)
3(2499 2476 3062)
3(250 1771 249)
3(1873 1872 3394)
3(969 1000 968)
3(2592 2591 2623)
3(1005 1046 588)
3(2628 2211 2669)
3(1416 1481 251)
3(3039 1874 3104)
3(641 1148 1147)
3(2264 2770 2771)
3(1147 1263 1146)
3(2770 2769 2886)
3(1181 1569 1476)
3(2804 3099 3192)
3(638 999 622)
3(2261 2245 2622)
3(1090 1130 1072)
3(2713 2695 2753)
3(751 990 689)
3(2374 2312 2613)
3(1386 1782 924)
3(3009 2547 3405)
3(500 1747 495)
3(2123 2118 3370)
3(1672 1714 463)
3(3295 2086 3337)
3(382 1002 933)
3(2005 2556 2625)
3(411 1003 412)
3(2034 2035 2626)
3(416 1663 415)
3(2039 2038 3286)
3(980 1580 1555)
3(2603 3178 3203)
3(608 997 607)
3(2231 2230 2620)
3(1000 1001 998)
3(2623 2621 2624)
3(339 996 972)
3(1962 2595 2619)
3(504 1747 500)
3(2127 2123 3370)
3(1279 1280 1267)
3(2902 2890 2903)
3(972 996 344)
3(2595 1967 2619)
3(236 264 263)
3(1859 1886 1887)
3(368 1002 369)
3(1991 1992 2625)
3(705 1606 702)
3(2328 2325 3229)
3(418 1003 411)
3(2041 2034 2626)
3(1185 1245 628)
3(2808 2251 2868)
3(1418 1666 448)
3(3041 2071 3289)
3(990 1434 991)
3(2613 2614 3057)
3(1517 1784 1515)
3(3140 3138 3407)
3(381 1002 368)
3(2004 1991 2625)
3(332 1132 718)
3(1955 2341 2755)
3(446 447 250)
3(2069 1873 2070)
3(1048 1050 1034)
3(2671 2657 2673)
3(306 1135 378)
3(1929 2001 2758)
3(1376 1384 1263)
3(2999 2886 3007)
3(983 998 964)
3(2606 2587 2621)
3(298 1135 303)
3(1921 1926 2758)
3(607 1622 606)
3(2230 2229 3245)
3(1555 1580 1559)
3(3178 3182 3203)
3(659 999 638)
3(2282 2261 2622)
3(1092 1136 1090)
3(2715 2713 2759)
3(905 910 909)
3(2528 2532 2533)
3(482 1139 483)
3(2105 2106 2762)
3(881 1138 880)
3(2504 2503 2761)
3(840 1138 646)
3(2463 2269 2761)
3(598 1131 597)
3(2221 2220 2754)
3(260 670 669)
3(1883 2292 2293)
3(968 998 983)
3(2591 2606 2621)
3(251 1771 1666)
3(1874 3289 3394)
3(1004 1142 1003)
3(2627 2626 2765)
3(1087 1662 1114)
3(2710 2737 3285)
3(751 1434 990)
3(2374 2613 3057)
3(659 1130 999)
3(2282 2622 2753)
3(432 1759 619)
3(2055 2242 3382)
3(1074 1141 1115)
3(2697 2738 2764)
3(1112 1141 1088)
3(2735 2711 2764)
3(1035 1046 1005)
3(2658 2628 2669)
3(1181 1595 1569)
3(2804 3192 3218)
3(421 1004 1003)
3(2044 2626 2627)
3(597 1131 605)
3(2220 2228 2754)
3(1504 1506 1505)
3(3127 3128 3129)
3(1047 1465 825)
3(2670 2448 3088)
3(217 1397 101)
3(1840 136 3020)
3(899 1443 946)
3(2522 2569 3066)
3(1072 1130 659)
3(2695 2282 2753)
3(1207 1208 1206)
3(2830 2829 2831)
3(445 1689 227)
3(2068 1850 3312)
3(1125 1738 1121)
3(2748 2744 3361)
3(1106 1738 1125)
3(2729 2748 3361)
3(369 1002 382)
3(1992 2005 2625)
3(606 1621 604)
3(2229 2227 3244)
3(1087 1095 1070)
3(2710 2693 2718)
3(576 1462 579)
3(2199 2202 3085)
3(793 1143 383)
3(2416 2006 2766)
3(1003 1142 412)
3(2626 2035 2765)
3(943 1654 933)
3(2566 2556 3277)
3(968 1000 998)
3(2591 2621 2623)
3(1252 1253 1150)
3(2875 2773 2876)
3(248 1377 1347)
3(1871 2970 3000)
3(605 1131 608)
3(2228 2231 2754)
3(808 813 812)
3(2431 2435 2436)
3(982 1468 981)
3(2605 2604 3091)
3(813 816 815)
3(2436 2438 2439)
3(421 1003 418)
3(2044 2041 2626)
3(230 1058 1056)
3(1853 2679 2681)
3(676 1741 1388)
3(2299 3011 3364)
3(685 1244 556)
3(2308 2179 2867)
3(1151 1152 653)
3(2774 2276 2775)
3(271 1780 273)
3(1894 1896 3403)
3(1312 1810 244)
3(2935 1867 3433)
3(1037 1048 1036)
3(2660 2659 2671)
3(1281 1378 1285)
3(2904 2908 3001)
3(441 1815 238)
3(2064 1861 3438)
3(393 1140 399)
3(2016 2022 2763)
3(639 1131 598)
3(2262 2221 2754)
3(1189 1599 1237)
3(2812 2860 3222)
3(272 1790 1673)
3(1895 3296 3413)
3(330 1132 332)
3(1953 1955 2755)
3(303 1135 306)
3(1926 1929 2758)
3(949 950 948)
3(2572 2571 2573)
3(948 950 932)
3(2571 2555 2573)
3(459 1781 457)
3(2082 2080 3404)
3(1001 1447 1242)
3(2624 2865 3070)
3(1583 1584 1571)
3(3206 3194 3207)
3(1501 1716 1446)
3(3124 3069 3339)
3(501 1390 504)
3(2124 2127 3013)
3(629 1381 611)
3(2252 2234 3004)
3(1567 1585 1570)
3(3190 3193 3208)
3(1403 1748 1315)
3(3026 2938 3371)
3(1100 1136 1092)
3(2723 2715 2759)
3(1560 1587 1558)
3(3183 3181 3210)
3(1181 1475 1179)
3(2804 2802 3098)
3(483 1139 487)
3(2106 2110 2762)
3(880 1138 840)
3(2503 2463 2761)
3(980 1553 979)
3(2603 2602 3176)
3(619 1759 435)
3(2242 2058 3382)
3(227 1773 46)
3(1850 178 3396)
3(45 1773 228)
3(177 1851 3396)
3(1013 1247 365)
3(2636 1988 2870)
3(457 1781 467)
3(2080 2090 3404)
3(637 1144 636)
3(2260 2259 2767)
3(1582 1587 1519)
3(3205 3142 3210)
3(1576 1614 1508)
3(3199 3131 3237)
3(1556 1819 1571)
3(3179 3194 3442)
3(1571 1819 1557)
3(3194 3180 3442)
3(1352 1455 1339)
3(2975 2962 3078)
3(561 1151 651)
3(2184 2274 2774)
3(989 1384 1326)
3(2612 2949 3007)
3(1363 1403 1293)
3(2986 2916 3026)
3(1121 1487 1125)
3(2744 2748 3110)
3(1263 1384 1146)
3(2886 2769 3007)
3(1335 1801 1333)
3(2958 2956 3424)
3(982 1470 1469)
3(2605 3092 3093)
3(92 1649 1405)
3(127 3028 3272)
3(344 1538 309)
3(1967 1932 3161)
3(1088 1141 1074)
3(2711 2697 2764)
3(570 1406 571)
3(2193 2194 3029)
3(641 1147 1146)
3(2264 2769 2770)
3(946 1443 823)
3(2569 2446 3066)
3(907 1826 947)
3(2530 2570 3449)
3(542 1390 538)
3(2165 2161 3013)
3(1320 1389 1368)
3(2943 2991 3012)
3(1409 1650 83)
3(3032 118 3273)
3(604 1545 596)
3(2227 2219 3168)
3(370 1638 755)
3(1993 2378 3261)
3(463 1523 1520)
3(2086 3143 3146)
3(1181 1476 1475)
3(2804 3098 3099)
3(1119 1497 1099)
3(2742 2722 3120)
3(1607 1609 1608)
3(3230 3231 3232)
3(284 1682 285)
3(1907 1908 3305)
3(448 1678 1424)
3(2071 3047 3301)
3(1076 1142 1004)
3(2699 2627 2765)
3(903 1443 899)
3(2526 2522 3066)
3(544 1549 542)
3(2167 2165 3172)
3(503 1390 501)
3(2126 2124 3013)
3(1519 1784 1582)
3(3142 3205 3407)
3(319 1393 328)
3(1942 1951 3016)
3(1097 1395 1394)
3(2720 3017 3018)
3(1309 1404 1281)
3(2932 2904 3027)
3(579 1462 582)
3(2202 2205 3085)
3(636 1144 656)
3(2259 2279 2767)
3(642 1729 351)
3(2265 1974 3352)
3(765 1674 1610)
3(2388 3233 3297)
3(1063 1821 1062)
3(2686 2685 3444)
3(1298 1396 1356)
3(2921 2979 3019)
3(1610 1754 765)
3(3233 2388 3377)
3(383 1143 371)
3(2006 1994 2766)
3(1326 1376 1328)
3(2949 2951 2999)
3(1525 1526 1521)
3(3148 3144 3149)
3(799 1400 803)
3(2422 2426 3023)
3(797 1400 799)
3(2420 2422 3023)
3(890 1400 798)
3(2513 2421 3023)
3(257 260 215)
3(1880 1838 1883)
3(1471 1775 1330)
3(3094 2953 3398)
3(1264 1265 1262)
3(2887 2885 2888)
3(381 1458 943)
3(2004 2566 3081)
3(994 1813 464)
3(2617 2087 3436)
3(641 1146 640)
3(2264 2263 2769)
3(879 1633 862)
3(2502 2485 3256)
3(1040 1647 1038)
3(2663 2661 3270)
3(1101 1253 1252)
3(2724 2875 2876)
3(678 1430 207)
3(2301 1830 3053)
3(1420 1699 1419)
3(3043 3042 3322)
3(914 1782 935)
3(2537 2558 3405)
3(93 1407 94)
3(128 129 3030)
3(1365 1406 1369)
3(2988 2992 3029)
3(841 842 834)
3(2464 2457 2465)
3(1209 1213 1208)
3(2832 2831 2836)
3(1132 1538 344)
3(2755 1967 3161)
3(1565 1585 1568)
3(3188 3191 3208)
3(651 1151 653)
3(2274 2276 2774)
3(870 1655 826)
3(2493 2449 3278)
3(640 1146 987)
3(2263 2610 2769)
3(1518 1784 1517)
3(3141 3140 3407)
3(905 908 903)
3(2528 2526 2531)
3(1575 1614 1576)
3(3198 3199 3237)
3(1604 1607 1605)
3(3227 3228 3230)
3(572 1246 600)
3(2195 2223 2869)
3(688 1244 685)
3(2311 2308 2867)
3(1516 1594 1590)
3(3139 3213 3217)
3(964 1431 965)
3(2587 2588 3054)
3(599 1406 570)
3(2222 2193 3029)
3(1183 1245 1185)
3(2806 2808 2868)
3(790 874 789)
3(2413 2412 2497)
3(789 874 792)
3(2412 2415 2497)
3(1136 1144 637)
3(2759 2260 2767)
3(433 1246 432)
3(2056 2055 2869)
3(1658 1662 1657)
3(3281 3280 3285)
3(1542 1807 1676)
3(3165 3299 3430)
3(1433 1648 959)
3(3056 2582 3271)
3(1401 1467 593)
3(3024 2216 3090)
3(1673 1790 1543)
3(3296 3166 3413)
3(1529 1598 1527)
3(3152 3150 3221)
3(258 678 262)
3(1881 1885 2301)
3(1288 1438 1365)
3(2911 2988 3061)
3(1573 1589 1572)
3(3196 3195 3212)
3(1425 1426 1420)
3(3048 3043 3049)
3(1313 1748 1363)
3(2936 2986 3371)
3(1566 1594 1570)
3(3189 3193 3217)
3(556 1544 555)
3(2179 2178 3167)
3(585 1630 691)
3(2208 2314 3253)
3(1593 1784 1519)
3(3216 3142 3407)
3(571 1438 1370)
3(2194 2993 3061)
3(1370 1438 1360)
3(2993 2983 3061)
3(1100 1144 1136)
3(2723 2759 2767)
3(838 1439 876)
3(2461 2499 3062)
3(1389 1536 1307)
3(3012 2930 3159)
3(1570 1592 1567)
3(3193 3190 3215)
3(1304 1305 1280)
3(2927 2903 2928)
3(1146 1384 987)
3(2769 2610 3007)
3(1338 1339 1335)
3(2961 2958 2962)
3(1056 1058 1057)
3(2679 2680 2681)
3(1373 1434 752)
3(2996 2375 3057)
3(1572 1586 1566)
3(3195 3189 3209)
3(376 1638 1143)
3(1999 2766 3261)
3(1149 1483 1147)
3(2772 2770 3106)
3(568 1382 567)
3(2191 2190 3005)
3(1242 1447 1171)
3(2865 2794 3070)
3(967 1447 966)
3(2590 2589 3070)
3(1558 1587 1581)
3(3181 3204 3210)
3(260 669 215)
3(1883 1838 2292)
3(611 1381 477)
3(2234 2100 3004)
3(1062 1821 1061)
3(2685 2684 3444)
3(770 1636 769)
3(2393 2392 3259)
3(1349 1350 1346)
3(2972 2969 2973)
3(941 942 278)
3(2564 1901 2565)
3(353 1450 349)
3(1976 1972 3073)
3(1179 1475 1190)
3(2802 2813 3098)
3(686 1640 585)
3(2309 2208 3263)
3(783 1477 782)
3(2406 2405 3100)
3(1081 1452 1120)
3(2704 2743 3075)
3(1225 1652 1229)
3(2848 2852 3275)
3(1170 1239 1168)
3(2793 2791 2862)
3(616 1449 406)
3(2239 2029 3072)
3(908 1443 903)
3(2531 2526 3066)
3(824 1499 802)
3(2447 2425 3122)
3(345 1457 785)
3(1968 2408 3080)
3(1216 1433 958)
3(2839 2581 3056)
3(1111 1628 1617)
3(2734 3240 3251)
3(1020 1698 1022)
3(2643 2645 3321)
3(1199 1402 1202)
3(2822 2825 3025)
3(1200 1402 1199)
3(2823 2822 3025)
3(943 1458 387)
3(2566 2010 3081)
3(1022 1698 1031)
3(2645 2654 3321)
3(1506 1510 1507)
3(3129 3130 3133)
3(1044 1532 1440)
3(2667 3063 3155)
3(856 1473 1472)
3(2479 3095 3096)
3(1301 1461 1322)
3(2924 2945 3084)
3(1688 1744 1069)
3(3311 2692 3367)
3(852 1464 873)
3(2475 2496 3087)
3(836 1464 857)
3(2459 2480 3087)
3(981 1468 977)
3(2604 2600 3091)
3(956 1433 959)
3(2579 2582 3056)
3(630 1460 629)
3(2253 2252 3083)
3(217 1718 672)
3(1840 2295 3341)
3(1059 1627 1111)
3(2682 2734 3250)
3(961 1550 901)
3(2584 2524 3173)
3(788 1477 800)
3(2411 2423 3100)
3(1285 1318 1286)
3(2908 2909 2941)
3(1318 1364 1286)
3(2941 2909 2987)
3(987 1384 989)
3(2610 2612 3007)
3(1293 1403 1359)
3(2916 2982 3026)
3(406 1449 386)
3(2029 2009 3072)
3(1001 1431 998)
3(2624 2621 3054)
3(935 1386 925)
3(2558 2548 3009)
3(537 1486 547)
3(2160 2170 3109)
3(1616 1646 1629)
3(3239 3252 3269)
3(498 1753 620)
3(2121 2243 3376)
3(1607 1608 1509)
3(3230 3132 3231)
3(1068 1744 1067)
3(2691 2690 3367)
3(509 1730 508)
3(2132 2131 3353)
3(1359 1480 1298)
3(2982 2921 3103)
3(1108 1489 1109)
3(2731 2732 3112)
3(1182 1491 1173)
3(2805 2796 3114)
3(96 1388 97)
3(131 132 3011)
3(1056 1792 1029)
3(2679 2652 3415)
3(767 1492 769)
3(2390 2392 3115)
3(814 826 825)
3(2437 2448 2449)
3(1405 1649 239)
3(3028 1862 3272)
3(282 1709 942)
3(1905 2565 3332)
3(1568 1596 1577)
3(3191 3200 3219)
3(1319 1389 1320)
3(2942 2943 3012)
3(976 1534 981)
3(2599 2604 3157)
3(1048 1540 1052)
3(2671 2675 3163)
3(538 1390 503)
3(2161 2126 3013)
3(1019 1467 882)
3(2642 2505 3090)
3(795 1494 970)
3(2418 2593 3117)
3(253 1650 1409)
3(1876 3032 3273)
3(1332 1333 1314)
3(2955 2937 2956)
3(1217 1433 1216)
3(2840 2839 3056)
3(244 1474 1312)
3(1867 2935 3097)
3(1417 1419 1414)
3(3040 3037 3042)
3(317 1393 319)
3(1940 1942 3016)
3(580 1537 664)
3(2203 2287 3160)
3(947 1804 907)
3(2570 2530 3427)
3(845 846 842)
3(2468 2465 2469)
3(1646 1647 1043)
3(3269 2666 3270)
3(1514 1671 463)
3(3137 2086 3294)
3(1204 1207 1206)
3(2827 2829 2830)
3(881 1401 1138)
3(2504 2761 3024)
3(1165 1169 1168)
3(2788 2791 2792)
3(1519 1597 1593)
3(3142 3216 3220)
3(1263 1385 1376)
3(2886 2999 3008)
3(284 985 256)
3(1907 1879 2608)
3(1099 1497 1104)
3(2722 2727 3120)
3(1461 1462 577)
3(3084 2200 3085)
3(351 1729 353)
3(1974 1976 3352)
3(328 1538 330)
3(1951 1953 3161)
3(1586 1589 1512)
3(3209 3135 3212)
3(1327 1660 1367)
3(2950 2990 3283)
3(666 1815 441)
3(2289 2064 3438)
3(837 1547 839)
3(2460 2462 3170)
3(631 1635 405)
3(2254 2028 3258)
3(431 1621 433)
3(2054 2056 3244)
3(1609 1610 1608)
3(3232 3231 3233)
3(853 1439 858)
3(2476 2481 3062)
3(1113 1662 1087)
3(2736 2710 3285)
3(1388 1701 676)
3(3011 2299 3324)
3(1166 1248 1165)
3(2789 2788 2871)
3(581 1630 585)
3(2204 2208 3253)
3(949 951 950)
3(2572 2573 2574)
3(1133 1134 218)
3(2756 1841 2757)
3(1356 1396 1357)
3(2979 2980 3019)
3(951 1760 1456)
3(2574 3079 3383)
3(769 1636 768)
3(2392 2391 3259)
3(1579 1636 1574)
3(3202 3197 3259)
3(1570 1585 1565)
3(3193 3188 3208)
3(232 235 231)
3(1855 1854 1858)
3(644 1401 589)
3(2267 2212 3024)
3(2 1683 93)
3(6 128 3306)
3(82 1683 2)
3(117 6 3306)
3(1217 1648 1433)
3(2840 3056 3271)
3(1240 1643 1241)
3(2863 2864 3266)
3(245 249 246)
3(1868 1869 1872)
3(1058 1060 1059)
3(2681 2682 2683)
3(742 827 743)
3(2365 2366 2450)
3(664 1641 578)
3(2287 2201 3264)
3(1422 1752 1451)
3(3045 3074 3375)
3(984 1640 557)
3(2607 2180 3263)
3(871 872 850)
3(2494 2473 2495)
3(287 1798 992)
3(1910 2615 3421)
3(1229 1797 1232)
3(2852 2855 3420)
3(798 1400 797)
3(2421 2420 3023)
3(990 1625 689)
3(2613 2312 3248)
3(1172 1460 630)
3(2795 2253 3083)
3(467 1672 1513)
3(2090 3136 3295)
3(1561 1585 1567)
3(3184 3190 3208)
3(1103 1670 1112)
3(2726 2735 3293)
3(661 1663 1128)
3(2284 2751 3286)
3(1129 1490 1466)
3(2752 3089 3113)
3(614 1635 615)
3(2237 2238 3258)
3(490 1541 494)
3(2113 2117 3164)
3(953 1826 961)
3(2576 2584 3449)
3(582 1765 1536)
3(2205 3159 3388)
3(1471 1800 224)
3(3094 1847 3423)
3(928 1826 953)
3(2551 2576 3449)
3(1310 1311 1305)
3(2933 2928 2934)
3(1118 1495 1119)
3(2741 2742 3118)
3(591 1805 1008)
3(2214 2631 3428)
3(971 1717 897)
3(2594 2520 3340)
3(496 1747 654)
3(2119 2277 3370)
3(216 1718 99)
3(1839 134 3341)
3(100 1718 217)
3(135 1840 3341)
3(826 1812 1251)
3(2449 2874 3435)
3(627 1727 630)
3(2250 2253 3350)
3(1038 1647 1039)
3(2661 2662 3270)
3(916 1782 914)
3(2539 2537 3405)
3(697 1732 510)
3(2320 2133 3355)
3(649 1717 971)
3(2272 2594 3340)
3(1303 1735 1302)
3(2926 2925 3358)
3(1109 1489 1145)
3(2732 2768 3112)
3(101 1397 102)
3(136 137 3020)
3(1347 1348 1339)
3(2970 2962 2971)
3(1121 1738 1083)
3(2744 2706 3361)
3(1126 1738 1106)
3(2749 2729 3361)
3(931 938 937)
3(2554 2560 2561)
3(1151 1460 1172)
3(2774 2795 3083)
3(650 1717 352)
3(2273 1975 3340)
3(765 1754 700)
3(2388 2323 3377)
3(98 1741 216)
3(133 1839 3364)
3(1037 1540 1048)
3(2660 2671 3163)
3(1116 1766 1117)
3(2739 2740 3389)
3(1358 1756 1308)
3(2981 2931 3379)
3(1715 1822 1267)
3(3338 2890 3445)
3(1138 1401 644)
3(2761 2267 3024)
3(802 1499 1137)
3(2425 2760 3122)
3(550 1659 548)
3(2173 2171 3282)
3(267 271 270)
3(1890 1893 1894)
3(1603 1761 1604)
3(3226 3227 3384)
3(752 1434 751)
3(2375 2374 3057)
3(938 940 939)
3(2561 2562 2563)
3(207 1817 678)
3(1830 2301 3440)
3(1369 1406 599)
3(2992 2222 3029)
3(1187 1190 1189)
3(2810 2812 2813)
3(456 457 449)
3(2079 2072 2080)
3(763 1740 1580)
3(2386 3203 3363)
3(958 1433 956)
3(2581 2579 3056)
3(1187 1188 1166)
3(2810 2789 2811)
3(1117 1616 1615)
3(2740 3238 3239)
3(94 1407 220)
3(129 1843 3030)
3(530 1674 765)
3(2153 2388 3297)
3(405 1635 404)
3(2028 2027 3258)
3(1426 1500 1484)
3(3049 3107 3123)
3(1030 1795 1391)
3(2653 3014 3418)
3(95 1693 4)
3(130 8 3316)
3(925 1654 943)
3(2548 2566 3277)
3(4 1693 96)
3(8 131 3316)
3(1229 1230 1228)
3(2852 2851 2853)
3(738 741 740)
3(2361 2363 2364)
3(468 1387 466)
3(2091 2089 3010)
3(1237 1600 1236)
3(2860 2859 3223)
3(1451 1752 991)
3(3074 2614 3375)
3(1372 1374 1373)
3(2995 2996 2997)
3(816 821 817)
3(2439 2440 2444)
3(575 1641 594)
3(2198 2217 3264)
3(288 1661 1228)
3(1911 2851 3284)
3(499 1428 498)
3(2122 2121 3051)
3(739 1383 738)
3(2362 2361 3006)
3(1014 1429 1016)
3(2637 2639 3052)
3(1415 1757 1373)
3(3038 2996 3380)
3(1024 1045 1021)
3(2647 2644 2668)
3(276 280 275)
3(1899 1898 1903)
3(1111 1440 1057)
3(2734 2680 3063)
3(1375 1660 1327)
3(2998 2950 3283)
3(1281 1404 1378)
3(2904 3001 3027)
3(961 1826 907)
3(2584 2530 3449)
3(1379 1720 267)
3(3002 1890 3343)
3(1526 1529 1527)
3(3149 3150 3152)
3(1647 1766 1039)
3(3270 2662 3389)
3(709 712 711)
3(2332 2334 2335)
3(461 464 462)
3(2084 2085 2087)
3(974 1767 552)
3(2597 2175 3390)
3(367 1459 366)
3(1990 1989 3082)
3(1554 1819 1556)
3(3177 3179 3442)
3(1169 1170 1168)
3(2792 2791 2793)
3(1477 1749 782)
3(3100 2405 3372)
3(1556 1806 1470)
3(3179 3093 3429)
3(1235 1410 1230)
3(2858 2853 3033)
3(711 1445 529)
3(2334 2152 3068)
3(1071 1739 1110)
3(2694 2733 3362)
3(827 829 828)
3(2450 2451 2452)
3(404 1635 614)
3(2027 2237 3258)
3(1492 1825 758)
3(3115 2381 3448)
3(847 848 846)
3(2470 2469 2471)
3(1609 1761 706)
3(3232 2329 3384)
3(1093 1124 1110)
3(2716 2733 2747)
3(284 1777 985)
3(1907 2608 3400)
3(370 1459 367)
3(1993 1990 3082)
3(508 1730 502)
3(2131 2125 3353)
3(1143 1638 371)
3(2766 1994 3261)
3(1552 1637 230)
3(3175 1853 3260)
3(1510 1514 1511)
3(3133 3134 3137)
3(1223 1816 1210)
3(2846 2833 3439)
3(1093 1102 1094)
3(2716 2717 2725)
3(1269 1660 1375)
3(2892 2998 3283)
3(1101 1254 1253)
3(2724 2876 2877)
3(1466 1677 1063)
3(3089 2686 3300)
3(552 1436 550)
3(2175 2173 3059)
3(1115 1498 1076)
3(2738 2699 3121)
3(1360 1438 1288)
3(2983 2911 3061)
3(1576 1589 1573)
3(3199 3196 3212)
3(287 292 291)
3(1910 1914 1915)
3(1352 1548 1392)
3(2975 3015 3171)
3(1507 1734 1591)
3(3130 3214 3357)
3(204 1796 231)
3(1827 1854 3419)
3(864 1742 1032)
3(2487 2655 3365)
3(1584 1588 1569)
3(3207 3192 3211)
3(717 1751 1750)
3(2340 3373 3374)
3(998 1431 964)
3(2621 2587 3054)
3(881 1467 1401)
3(2504 3024 3090)
3(1341 1343 1342)
3(2964 2965 2966)
3(710 1454 709)
3(2333 2332 3077)
3(1376 1726 1328)
3(2999 2951 3349)
3(746 809 739)
3(2369 2362 2432)
3(529 713 530)
3(2152 2153 2336)
3(839 1439 838)
3(2462 2461 3062)
3(803 824 801)
3(2426 2424 2447)
3(811 869 807)
3(2434 2430 2492)
3(415 1680 414)
3(2038 2037 3303)
3(884 1684 1019)
3(2507 2642 3307)
3(1182 1727 1491)
3(2805 3114 3350)
3(1104 1129 1105)
3(2727 2728 2752)
3(1029 1789 1027)
3(2652 2650 3412)
3(256 1791 1651)
3(1879 3274 3414)
3(585 1640 584)
3(2208 2207 3263)
3(809 1437 869)
3(2432 2492 3060)
3(1610 1611 1608)
3(3233 3231 3234)
3(982 1469 1468)
3(2605 3091 3092)
3(547 1825 1492)
3(2170 3115 3448)
3(1422 1762 1699)
3(3045 3322 3385)
3(1487 1719 1071)
3(3110 2694 3342)
3(1141 1498 1115)
3(2764 2738 3121)
3(1606 1761 1603)
3(3229 3226 3384)
3(1095 1799 1354)
3(2718 2977 3422)
3(672 1737 671)
3(2295 2294 3360)
3(386 1449 388)
3(2009 2011 3072)
3(1024 1533 1532)
3(2647 3155 3156)
3(1317 1620 1385)
3(2940 3008 3243)
3(1381 1656 477)
3(3004 2100 3279)
3(1590 1594 1586)
3(3213 3209 3217)
3(544 1820 654)
3(2167 2277 3443)
3(1117 1615 1118)
3(2740 2741 3238)
3(1620 1726 1385)
3(3243 3008 3349)
3(1628 1646 1043)
3(3251 2666 3269)
3(1523 1525 1520)
3(3146 3143 3148)
3(1451 1757 1415)
3(3074 3038 3380)
3(1060 1062 1061)
3(2683 2684 2685)
3(945 1448 910)
3(2568 2533 3071)
3(1171 1447 967)
3(2794 2590 3070)
3(1231 1691 1224)
3(2854 2847 3314)
3(911 1449 616)
3(2534 2239 3072)
3(910 944 931)
3(2533 2554 2567)
3(1620 1713 1282)
3(3243 2905 3336)
3(1613 1787 1605)
3(3236 3228 3410)
3(741 742 740)
3(2364 2363 2365)
3(869 1465 809)
3(2492 2432 3088)
3(1089 1688 1687)
3(2712 3310 3311)
3(979 1553 982)
3(2602 2605 3176)
3(1234 1668 1236)
3(2857 2859 3291)
3(703 1492 758)
3(2326 2381 3115)
3(1245 1491 628)
3(2868 2251 3114)
3(1342 1435 1372)
3(2965 2995 3058)
3(935 1782 1386)
3(2558 3009 3405)
3(1024 1789 1533)
3(2647 3156 3412)
3(1140 1680 415)
3(2763 2038 3303)
3(349 1450 348)
3(1972 1971 3073)
3(944 1453 938)
3(2567 2561 3076)
3(1120 1452 1122)
3(2743 2745 3075)
3(1374 1415 1373)
3(2997 2996 3038)
3(224 1775 1471)
3(1847 3094 3398)
3(1512 1734 1590)
3(3135 3213 3357)
3(1202 1205 1204)
3(2825 2827 2828)
3(829 831 830)
3(2452 2453 2454)
3(1225 1228 1226)
3(2848 2849 2851)
3(717 1421 710)
3(2340 2333 3044)
3(340 1758 339)
3(1963 1962 3381)
3(217 1479 1397)
3(1840 3020 3102)
3(1627 1629 1628)
3(3250 3251 3252)
3(804 1437 746)
3(2427 2369 3060)
3(1388 1741 97)
3(3011 132 3364)
3(1096 1498 1141)
3(2719 2764 3121)
3(1022 1023 1021)
3(2645 2644 2646)
3(935 1679 914)
3(2558 2537 3302)
3(1129 1687 1105)
3(2752 2728 3310)
3(1213 1220 1217)
3(2836 2840 2843)
3(463 1714 1523)
3(2086 3146 3337)
3(1239 1432 1211)
3(2862 2834 3055)
3(949 1648 951)
3(2572 2574 3271)
3(1344 1392 1341)
3(2967 2964 3015)
3(347 1457 345)
3(1970 1968 3080)
3(387 1458 385)
3(2010 2008 3081)
3(1460 1776 629)
3(3083 2252 3399)
3(566 1496 568)
3(2189 2191 3119)
3(1419 1793 1414)
3(3042 3037 3416)
3(1586 1594 1566)
3(3209 3189 3217)
3(677 1683 82)
3(2300 117 3306)
3(1601 1602 1575)
3(3224 3198 3225)
3(1187 1189 1188)
3(2810 2811 2812)
3(1324 1712 997)
3(2947 2620 3335)
3(569 1496 566)
3(2192 2189 3119)
3(1514 1517 1515)
3(3137 3138 3140)
3(1581 1582 1522)
3(3204 3145 3205)
3(1306 1461 1301)
3(2929 2924 3084)
3(1378 1715 1280)
3(3001 2903 3338)
3(873 1464 836)
3(2496 2459 3087)
3(1165 1248 1169)
3(2788 2792 2871)
3(1659 1820 548)
3(3282 2171 3443)
3(882 1467 881)
3(2505 2504 3090)
3(796 1749 785)
3(2419 2408 3372)
3(482 1541 1139)
3(2105 2762 3164)
3(1425 1427 1426)
3(3048 3049 3050)
3(392 1680 1140)
3(2015 2763 3303)
3(1510 1671 1514)
3(3133 3137 3294)
3(272 1673 270)
3(1895 1893 3296)
3(977 1468 1184)
3(2600 2807 3091)
3(1428 1436 506)
3(3051 2129 3059)
3(985 1644 261)
3(2608 1884 3267)
3(225 1642 1395)
3(1848 3018 3265)
3(548 1820 544)
3(2171 2167 3443)
3(974 1534 973)
3(2597 2596 3157)
3(1461 1765 1462)
3(3084 3085 3388)
3(261 1644 468)
3(1884 2091 3267)
3(1232 1233 1230)
3(2855 2853 2856)
3(1412 1413 1411)
3(3035 3034 3036)
3(786 1477 788)
3(2409 2411 3100)
3(422 1478 419)
3(2045 2042 3101)
3(1408 1772 859)
3(3031 2482 3395)
3(994 1387 292)
3(2617 1915 3010)
3(1429 1684 1016)
3(3052 2639 3307)
3(1019 1684 1429)
3(2642 3052 3307)
3(219 1055 1054)
3(1842 2677 2678)
3(1602 1614 1575)
3(3225 3198 3237)
3(1498 1786 1076)
3(3121 2699 3409)
3(1354 1535 1102)
3(2977 2725 3158)
3(1349 1482 1350)
3(2972 2973 3105)
3(1276 1814 1325)
3(2899 2948 3437)
3(225 1637 1552)
3(1848 3175 3260)
3(1473 1763 858)
3(3096 2481 3386)
3(1611 1612 1608)
3(3234 3231 3235)
3(1145 1489 416)
3(2768 2039 3112)
3(1429 1805 1025)
3(3052 2648 3428)
3(907 1804 945)
3(2530 2568 3427)
3(1174 1491 1245)
3(2797 2868 3114)
3(536 1486 537)
3(2159 2160 3109)
3(238 1815 1450)
3(1861 3073 3438)
3(1147 1483 1263)
3(2770 2886 3106)
3(872 1028 1027)
3(2495 2650 2651)
3(1522 1583 1571)
3(3145 3194 3206)
3(317 1665 1393)
3(1940 3016 3288)
3(905 909 908)
3(2528 2531 2532)
3(270 1673 1054)
3(1893 2677 3296)
3(351 1803 642)
3(1974 2265 3426)
3(1014 1805 1429)
3(2637 3052 3428)
3(1207 1209 1208)
3(2830 2831 2832)
3(1605 1787 1614)
3(3228 3237 3410)
3(1254 1255 1253)
3(2877 2876 2878)
3(1249 1456 940)
3(2872 2563 3079)
3(1190 1475 1191)
3(2813 2814 3098)
3(929 1804 947)
3(2552 2570 3427)
3(1329 1488 1149)
3(2952 2772 3111)
3(1128 1489 1108)
3(2751 2731 3112)
3(713 714 530)
3(2336 2153 2337)
3(629 1776 1381)
3(2252 3004 3399)
3(1173 1491 1174)
3(2796 2797 3114)
3(859 1667 1408)
3(2482 3031 3290)
3(1424 1425 1420)
3(3047 3043 3048)
3(1098 1629 1627)
3(2721 3250 3252)
3(1627 1745 1098)
3(3250 2721 3368)
3(547 1492 767)
3(2170 2390 3115)
3(678 1817 262)
3(2301 1885 3440)
3(1093 1110 1102)
3(2716 2725 2733)
3(755 1638 376)
3(2378 1999 3261)
3(1616 1629 1615)
3(3239 3238 3252)
3(869 1437 805)
3(2492 2428 3060)
3(1188 1248 1166)
3(2811 2789 2871)
3(271 273 272)
3(1894 1895 1896)
3(1449 1679 388)
3(3072 2011 3302)
3(1417 1420 1419)
3(3040 3042 3043)
3(1353 1630 582)
3(2976 2205 3253)
3(1139 1541 492)
3(2762 2115 3164)
3(1397 1479 259)
3(3020 1882 3102)
3(458 459 457)
3(2081 2080 2082)
3(1062 1065 1063)
3(2685 2686 2688)
3(778 1494 795)
3(2401 2418 3117)
3(1577 1596 763)
3(3200 2386 3219)
3(1028 1029 1027)
3(2651 2650 2652)
3(1323 1681 1284)
3(2946 2907 3304)
3(1592 1597 1567)
3(3215 3190 3220)
3(1251 1441 861)
3(2874 2484 3064)
3(1107 1498 1096)
3(2730 2719 3121)
3(506 1767 507)
3(2129 2130 3390)
3(826 1251 870)
3(2449 2493 2874)
3(236 1768 868)
3(1859 2491 3391)
3(911 1679 1449)
3(2534 3072 3302)
3(561 1460 1151)
3(2184 2774 3083)
3(1470 1595 1469)
3(3093 3092 3218)
3(1052 1540 1116)
3(2675 2739 3163)
3(975 1534 974)
3(2598 2597 3157)
3(236 263 235)
3(1859 1858 1886)
3(1254 1535 1354)
3(2877 2977 3158)
3(1022 1026 1023)
3(2645 2646 2649)
3(792 805 804)
3(2415 2427 2428)
3(1257 1259 1258)
3(2880 2881 2882)
3(249 446 250)
3(1872 1873 2069)
3(1428 1753 498)
3(3051 2121 3376)
3(1751 1752 1750)
3(3374 3373 3375)
3(103 1817 207)
3(138 1830 3440)
3(973 1534 976)
3(2596 2599 3157)
3(1593 1597 1592)
3(3216 3215 3220)
3(1023 1024 1021)
3(2646 2644 2647)
3(1307 1536 1306)
3(2930 2929 3159)
3(1070 1721 1068)
3(2693 2691 3344)
3(584 1537 580)
3(2207 2203 3160)
3(691 1630 1353)
3(2314 2976 3253)
3(1633 1708 849)
3(3256 2472 3331)
3(1512 1590 1586)
3(3135 3209 3213)
3(1351 1624 1349)
3(2974 2972 3247)
3(831 833 832)
3(2454 2455 2456)
3(1750 1752 1422)
3(3373 3045 3375)
3(652 1539 562)
3(2275 2185 3162)
3(515 1544 517)
3(2138 2140 3167)
3(246 1771 1377)
3(1869 3000 3394)
3(1416 1417 1414)
3(3039 3037 3040)
3(479 1776 561)
3(2102 2184 3399)
3(1346 1352 1344)
3(2969 2967 2975)
3(1543 1790 222)
3(3166 1845 3413)
3(1234 1236 1235)
3(2857 2858 2859)
3(1190 1191 1189)
3(2813 2812 2814)
3(1039 1540 1037)
3(2662 2660 3163)
3(492 1541 490)
3(2115 2113 3164)
3(456 1676 458)
3(2079 2081 3299)
3(1517 1520 1518)
3(3140 3141 3143)
3(1378 1380 1285)
3(3001 2908 3003)
3(676 1701 675)
3(2299 2298 3324)
3(1516 1764 1593)
3(3139 3216 3387)
3(782 1749 796)
3(2405 2419 3372)
3(1094 1535 1101)
3(2717 2724 3158)
3(600 1824 602)
3(2223 2225 3447)
3(738 1383 741)
3(2361 2364 3006)
3(1244 1544 556)
3(2867 2179 3167)
3(1574 1601 1575)
3(3197 3198 3224)
3(1263 1483 1385)
3(2886 3008 3106)
3(1385 1483 1317)
3(3008 2940 3106)
3(1557 1819 1554)
3(3180 3177 3442)
3(1372 1435 1374)
3(2995 2997 3058)
3(596 1545 395)
3(2219 2018 3168)
3(281 284 280)
3(1904 1903 1907)
3(542 1549 1390)
3(2165 3013 3172)
3(221 1807 1542)
3(1844 3165 3430)
3(861 1823 835)
3(2484 2458 3446)
3(274 1780 1711)
3(1897 3334 3403)
3(1265 1279 1267)
3(2888 2890 2902)
3(857 1547 837)
3(2480 2460 3170)
3(1413 1435 1343)
3(3036 2966 3058)
3(936 941 822)
3(2559 2445 2564)
3(1068 1087 1070)
3(2691 2693 2710)
3(1104 1497 1490)
3(2727 3113 3120)
3(1410 1794 1664)
3(3033 3287 3417)
3(1348 1412 1411)
3(2971 3034 3035)
3(1202 1402 1205)
3(2825 2828 3025)
3(901 1550 794)
3(2524 2417 3173)
3(1133 1676 456)
3(2756 2079 3299)
3(1746 1807 1733)
3(3369 3356 3430)
3(822 1685 936)
3(2445 2559 3308)
3(593 1705 1025)
3(2216 2648 3328)
3(1328 1618 1375)
3(2951 2998 3241)
3(1412 1414 1413)
3(3035 3036 3037)
3(786 1749 1477)
3(2409 3100 3372)
3(434 1621 431)
3(2057 2054 3244)
3(712 1445 711)
3(2335 2334 3068)
3(266 1665 317)
3(1889 1940 3288)
3(932 1453 930)
3(2555 2553 3076)
3(1559 1740 1561)
3(3182 3184 3363)
3(1580 1740 1559)
3(3203 3182 3363)
3(1339 1548 1352)
3(2962 2975 3171)
3(93 1683 1407)
3(128 3030 3306)
3(810 811 807)
3(2433 2430 2434)
3(330 1538 1132)
3(1953 2755 3161)
3(1357 1624 1303)
3(2980 2926 3247)
3(689 1625 688)
3(2312 2311 3248)
3(1259 1261 1260)
3(2882 2883 2884)
3(1081 1670 1452)
3(2704 3075 3293)
3(582 1630 581)
3(2205 2204 3253)
3(1403 1480 1359)
3(3026 2982 3103)
3(1064 1677 1490)
3(2687 3113 3300)
3(792 874 806)
3(2415 2429 2497)
3(1375 1618 1266)
3(2998 2889 3241)
3(982 1553 1470)
3(2605 3093 3176)
3(467 1781 1672)
3(2090 3295 3404)
3(1211 1675 1238)
3(2834 2861 3298)
3(1111 1617 1440)
3(2734 3063 3240)
3(1381 1776 479)
3(3004 2102 3399)
3(717 1423 1421)
3(2340 3044 3046)
3(809 1383 739)
3(2432 2362 3006)
3(713 1716 714)
3(2336 2337 3339)
3(595 1689 364)
3(2218 1987 3312)
3(615 1635 631)
3(2238 2254 3258)
3(709 1454 712)
3(2332 2335 3077)
3(768 1636 1579)
3(2391 3202 3259)
3(1430 1733 207)
3(3053 1830 3356)
3(1609 1754 1610)
3(3232 3233 3377)
3(371 1638 370)
3(1994 1993 3261)
3(1049 1703 1013)
3(2672 2636 3326)
3(1426 1484 1420)
3(3049 3043 3107)
3(1065 1067 1066)
3(2688 2689 2690)
3(578 1641 575)
3(2201 2198 3264)
3(529 1445 713)
3(2152 2336 3068)
3(910 931 909)
3(2533 2532 2554)
3(1474 1551 1312)
3(3097 2935 3174)
3(557 1640 686)
3(2180 2309 3263)
3(1314 1755 1311)
3(2937 2934 3378)
3(813 815 812)
3(2436 2435 2438)
3(1615 1619 1118)
3(3238 2741 3242)
3(1107 1786 1498)
3(2730 3121 3409)
3(1306 1765 1461)
3(2929 3084 3388)
3(1504 1818 1502)
3(3127 3125 3441)
3(1102 1355 1354)
3(2725 2977 2978)
3(1612 1631 1509)
3(3235 3132 3254)
3(1215 1643 1240)
3(2838 2863 3266)
3(1089 1687 1129)
3(2712 2752 3310)
3(1569 1588 1476)
3(3192 3099 3211)
3(224 1800 1114)
3(1847 2737 3423)
3(991 1757 1451)
3(2614 3074 3380)
3(1110 1739 1355)
3(2733 2978 3362)
3(1234 1235 1233)
3(2857 2856 2858)
3(1064 1497 1495)
3(2687 3118 3120)
3(959 1648 949)
3(2582 2572 3271)
3(517 1544 1244)
3(2140 2867 3167)
3(1491 1727 628)
3(3114 2251 3350)
3(1102 1535 1094)
3(2725 2717 3158)
3(1457 1758 340)
3(3080 1963 3381)
3(1019 1705 1467)
3(2642 3090 3328)
3(933 1654 934)
3(2556 2557 3277)
3(477 1656 474)
3(2100 2097 3279)
3(1520 1525 1521)
3(3143 3144 3148)
3(835 1251 861)
3(2458 2484 2874)
3(1627 1628 1111)
3(3250 2734 3251)
3(204 1649 91)
3(1827 126 3272)
3(1392 1548 1411)
3(3015 3034 3171)
3(1452 1687 1122)
3(3075 2745 3310)
3(84 1650 205)
3(119 1828 3273)
3(807 869 805)
3(2430 2428 2492)
3(1285 1380 1318)
3(2908 2941 3003)
3(663 1663 661)
3(2286 2284 3286)
3(1170 1432 1239)
3(2793 2862 3055)
3(662 1651 222)
3(2285 1845 3274)
3(1423 1750 1422)
3(3046 3045 3373)
3(1608 1612 1509)
3(3231 3132 3235)
3(1261 1264 1262)
3(2884 2885 2887)
3(1220 1760 951)
3(2843 2574 3383)
3(1105 1670 1103)
3(2728 2726 3293)
3(1527 1598 1588)
3(3150 3211 3221)
3(950 1249 932)
3(2573 2555 2872)
3(267 270 264)
3(1890 1887 1893)
3(388 1679 935)
3(2011 2558 3302)
3(447 456 449)
3(2070 2072 2079)
3(1719 1739 1071)
3(3342 2694 3362)
3(231 1649 204)
3(1854 1827 3272)
3(1487 1788 1069)
3(3110 2692 3411)
3(205 1650 245)
3(1828 1868 3273)
3(833 841 834)
3(2456 2457 2464)
3(1030 1056 1029)
3(2653 2652 2679)
3(1423 1699 1484)
3(3046 3107 3322)
3(220 1693 95)
3(1843 130 3316)
3(861 1441 868)
3(2484 2491 3064)
3(561 1776 1460)
3(2184 3083 3399)
3(1333 1338 1335)
3(2956 2958 2961)
3(914 1679 911)
3(2537 2534 3302)
3(462 1813 1523)
3(2085 3146 3436)
3(1311 1332 1314)
3(2934 2937 2955)
3(1279 1304 1280)
3(2902 2903 2927)
3(1045 1532 1044)
3(2668 2667 3155)
3(1016 1684 1020)
3(2639 2643 3307)
3(868 1441 265)
3(2491 1888 3064)
3(856 1763 1473)
3(2479 3096 3386)
3(1706 1731 1337)
3(3329 2960 3354)
3(1343 1435 1342)
3(2966 2965 3058)
3(1222 1816 1223)
3(2845 2846 3439)
3(1454 1500 712)
3(3077 2335 3123)
3(1224 1227 1222)
3(2847 2845 2850)
3(1280 1380 1378)
3(2903 3001 3003)
3(1254 1354 1256)
3(2877 2879 2977)
3(1421 1454 710)
3(3044 2333 3077)
3(223 1725 1662)
3(1846 3285 3348)
3(997 1712 1696)
3(2620 3319 3335)
3(1533 1789 1029)
3(3156 2652 3412)
3(816 817 815)
3(2439 2438 2440)
3(1486 1825 547)
3(3109 2170 3448)
3(287 291 285)
3(1910 1908 1914)
3(746 1437 809)
3(2369 2432 3060)
3(1448 1804 929)
3(3071 2552 3427)
3(1087 1114 1095)
3(2710 2718 2737)
3(602 1696 603)
3(2225 2226 3319)
3(1411 1413 1343)
3(3034 2966 3036)
3(1511 1764 1590)
3(3134 3213 3387)
3(1394 1395 208)
3(3017 1831 3018)
3(1377 1481 1347)
3(3000 2970 3104)
3(1209 1214 1213)
3(2832 2836 2837)
3(1341 1392 1343)
3(2964 2966 3015)
3(1696 1712 603)
3(3319 2226 3335)
3(848 871 850)
3(2471 2473 2494)
3(1056 1391 230)
3(2679 1853 3014)
3(714 1674 530)
3(2337 2153 3297)
3(1542 1676 218)
3(3165 1841 3299)
3(1436 1767 506)
3(3059 2129 3390)
3(219 1673 1543)
3(1842 3166 3296)
3(1105 1687 1452)
3(2728 3075 3310)
3(603 1712 1270)
3(2226 2893 3335)
3(996 1758 347)
3(2619 1970 3381)
3(352 1803 351)
3(1975 1974 3426)
3(1304 1810 1310)
3(2927 2933 3433)
3(466 1632 468)
3(2089 2091 3255)
3(1390 1549 504)
3(3013 2127 3172)
3(264 1054 263)
3(1887 1886 2677)
3(339 1758 996)
3(1962 2619 3381)
3(1214 1220 1213)
3(2837 2836 2843)
3(99 1718 100)
3(134 135 3341)
3(1251 1812 1441)
3(2874 3064 3435)
3(997 1696 607)
3(2620 2230 3319)
3(717 1750 1423)
3(2340 3046 3373)
3(897 1717 650)
3(2520 2273 3340)
3(1576 1591 1589)
3(3199 3212 3214)
3(1516 1593 1592)
3(3139 3215 3216)
3(1325 1814 1324)
3(2948 2947 3437)
3(628 1727 627)
3(2251 2250 3350)
3(1450 1815 348)
3(3073 1971 3438)
3(502 1730 536)
3(2125 2159 3353)
3(671 1737 674)
3(2294 2297 3360)
3(325 1729 642)
3(1948 2265 3352)
3(510 1732 554)
3(2133 2177 3355)
3(1302 1735 1307)
3(2925 2930 3358)
3(841 845 842)
3(2464 2465 2468)
3(1324 1814 1712)
3(2947 3335 3437)
3(1129 1466 1089)
3(2752 2712 3089)
3(1083 1738 1126)
3(2706 2749 3361)
3(1485 1783 1331)
3(3108 2954 3406)
3(1463 1691 282)
3(3086 1905 3314)
3(97 1741 98)
3(132 133 3364)
3(1712 1814 1270)
3(3335 2893 3437)
3(785 1749 786)
3(2408 2409 3372)
3(348 1815 666)
3(1971 2289 3438)
3(700 1754 706)
3(2323 2329 3377)
3(495 1747 496)
3(2118 2119 3370)
3(792 806 805)
3(2415 2428 2429)
3(706 1761 1606)
3(2329 3229 3384)
3(1305 1755 1623)
3(2928 3246 3378)
3(858 1763 879)
3(2481 2502 3386)
3(468 1632 261)
3(2091 1884 3255)
3(1391 1795 1552)
3(3014 3175 3418)
3(714 1716 1531)
3(2337 3154 3339)
3(464 1387 994)
3(2087 2617 3010)
3(1282 1713 1626)
3(2905 3249 3336)
3(1308 1756 1370)
3(2931 2993 3379)
3(1304 1310 1305)
3(2927 2928 2933)
3(1338 1347 1339)
3(2961 2962 2970)
3(1505 1707 1613)
3(3128 3236 3330)
3(46 1773 45)
3(178 177 3396)
3(924 1782 916)
3(2547 2539 3405)
3(1013 1703 1247)
3(2636 2870 3326)
3(270 1054 264)
3(1893 1887 2677)
3(1109 1786 1107)
3(2732 2730 3409)
3(1104 1490 1129)
3(2727 2752 3113)
3(1503 1612 1531)
3(3126 3154 3235)
3(1284 1811 1323)
3(2907 2946 3434)
3(1008 1805 1014)
3(2631 2637 3428)
3(1118 1619 1495)
3(2741 3118 3242)
3(938 939 937)
3(2561 2560 2562)
3(1270 1814 1276)
3(2893 2899 3437)
3(654 1820 499)
3(2277 2122 3443)
3(758 1825 534)
3(2381 2157 3448)
3(947 1826 928)
3(2570 2551 3449)
3(251 1418 1416)
3(1874 3039 3041)
3(1142 1786 1109)
3(2765 2732 3409)
3(1076 1786 1142)
3(2699 2765 3409)
3(1428 1659 1436)
3(3051 3059 3282)
3(1373 1757 1434)
3(2996 3057 3380)
3(1432 1675 1211)
3(3055 2834 3298)
3(706 1754 1609)
3(2329 3232 3377)
3(1055 1405 239)
3(2678 1862 3028)
3(1408 1768 232)
3(3031 1855 3391)
3(1686 1742 851)
3(3309 2474 3365)
3(1462 1765 582)
3(3085 2205 3388)
3(1364 1623 1313)
3(2987 2936 3246)
3(995 1530 1528)
3(2618 3151 3153)
3(253 1409 1134)
3(1876 2757 3032)
3(282 1691 1231)
3(1905 2854 3314)
3(845 847 846)
3(2468 2469 2470)
3(1386 1654 925)
3(3009 2548 3277)
3(934 1654 1386)
3(2557 3009 3277)
3(1599 1639 1600)
3(3222 3223 3262)
3(1067 1113 1068)
3(2690 2691 2736)
3(1482 1802 1350)
3(3105 2973 3425)
3(1235 1794 1410)
3(2858 3033 3417)
3(1469 1808 1468)
3(3092 3091 3431)
3(1025 1705 1429)
3(2648 3052 3328)
3(1482 1624 1357)
3(3105 2980 3247)
3(1349 1624 1482)
3(2972 3105 3247)
3(1407 1683 677)
3(3030 2300 3306)
3(499 1659 1428)
3(2122 3051 3282)
3(446 1133 447)
3(2069 2070 2756)
3(1350 1455 1346)
3(2973 2969 3078)
3(1310 1312 1311)
3(2933 2934 2935)
3(1101 1535 1254)
3(2724 2877 3158)
3(1246 1824 600)
3(2869 2223 3447)
3(1204 1444 1207)
3(2827 2830 3067)
3(1347 1481 1348)
3(2970 2971 3104)
3(1323 1810 1304)
3(2946 2927 3433)
3(276 1710 1709)
3(1899 3332 3333)
3(1169 1234 1170)
3(2792 2793 2857)
3(940 1463 939)
3(2563 2562 3086)
3(433 1824 1246)
3(2056 2869 3447)
3(1225 1226 1223)
3(2848 2846 2849)
3(1526 1639 1529)
3(3149 3152 3262)
3(455 1524 1502)
3(2078 3125 3147)
3(860 1823 861)
3(2483 2484 3446)
3(1265 1681 1279)
3(2888 2902 3304)
3(465 466 464)
3(2088 2087 2089)
3(230 1743 1058)
3(1853 2681 3366)
3(1515 1784 1593)
3(3138 3216 3407)
3(1610 1674 1611)
3(3233 3234 3297)
3(234 1772 1408)
3(1857 3031 3395)
3(1312 1332 1311)
3(2935 2934 2955)
3(1070 1739 1719)
3(2693 3342 3362)
3(847 859 848)
3(2470 2471 2482)
3(499 1820 1659)
3(2122 3282 3443)
3(1117 1766 1616)
3(2740 3239 3389)
3(1582 1784 1518)
3(3205 3141 3407)
3(271 272 270)
3(1894 1893 1895)
3(1523 1714 462)
3(3146 2085 3337)
3(456 458 457)
3(2079 2080 2081)
3(1496 1756 568)
3(3119 2191 3379)
3(1599 1600 1237)
3(3222 2860 3223)
3(1513 1671 1510)
3(3136 3133 3294)
3(805 1437 804)
3(2428 2427 3060)
3(842 1785 1472)
3(2465 3095 3408)
3(1388 1693 220)
3(3011 1843 3316)
3(1238 1779 1200)
3(2861 2823 3402)
3(995 1813 1530)
3(2618 3153 3436)
3(874 1137 806)
3(2497 2429 2760)
3(741 1047 742)
3(2364 2365 2670)
3(1546 1745 1061)
3(3169 2684 3368)
3(1532 1533 1440)
3(3155 3063 3156)
3(96 1693 1388)
3(131 3011 3316)
3(1122 1788 1121)
3(2745 2744 3411)
3(292 468 291)
3(1915 1914 2091)
3(1385 1726 1376)
3(3008 2999 3349)
3(1661 1694 286)
3(3284 1909 3317)
3(1256 1257 1255)
3(2879 2878 2880)
3(1470 1806 1595)
3(3093 3218 3429)
3(868 1778 236)
3(2491 1859 3401)
3(602 1824 1622)
3(2225 3245 3447)
3(1509 1631 1613)
3(3132 3236 3254)
3(1352 1392 1344)
3(2975 2967 3015)
3(292 1387 468)
3(1915 2091 3010)
3(1246 1759 432)
3(2869 2055 3382)
3(1189 1237 1188)
3(2812 2811 2860)
3(1484 1699 1420)
3(3107 3043 3322)
3(1214 1221 1220)
3(2837 2843 2844)
3(992 1798 1664)
3(2615 3287 3421)
3(1417 1424 1420)
3(3040 3043 3047)
3(1589 1591 1512)
3(3212 3135 3214)
3(859 871 848)
3(2482 2471 2494)
3(1318 1623 1364)
3(2941 2987 3246)
3(1207 1210 1209)
3(2830 2832 2833)
3(1503 1631 1612)
3(3126 3235 3254)
3(220 1701 1388)
3(1843 3011 3324)
3(1436 1659 550)
3(3059 2173 3282)
3(1590 1734 1511)
3(3213 3134 3357)
3(1223 1224 1222)
3(2846 2845 2847)
3(827 870 829)
3(2450 2452 2493)
3(208 1657 1394)
3(1831 3017 3280)
3(1254 1256 1255)
3(2877 2878 2879)
3(1069 1788 1688)
3(2692 3311 3411)
3(820 1724 1398)
3(2443 3021 3347)
3(467 1723 1524)
3(2090 3147 3346)
3(1180 1808 1469)
3(2803 3092 3431)
3(1336 1802 1482)
3(2959 3105 3425)
3(466 1387 464)
3(2089 2087 3010)
3(1434 1757 991)
3(3057 2614 3380)
3(1452 1670 1105)
3(3075 2728 3293)
3(1110 1355 1102)
3(2733 2725 2978)
3(806 808 807)
3(2429 2430 2431)
3(1412 1416 1414)
3(3035 3037 3039)
3(275 662 273)
3(1898 1896 2285)
3(1561 1740 1596)
3(3184 3219 3363)
3(261 1770 985)
3(1884 2608 3393)
3(1370 1756 1496)
3(2993 3119 3379)
3(1026 1027 1023)
3(2649 2646 2650)
3(1495 1546 1064)
3(3118 2687 3169)
3(1478 1689 595)
3(3101 2218 3312)
3(808 812 810)
3(2431 2433 2435)
3(806 1137 808)
3(2429 2431 2760)
3(1688 1788 1122)
3(3311 2745 3411)
3(1446 1716 713)
3(3069 2336 3339)
3(1416 1418 1417)
3(3039 3040 3041)
3(1699 1762 1419)
3(3322 3042 3385)
3(1332 1634 1333)
3(2955 2956 3257)
3(1664 1794 993)
3(3287 2616 3417)
3(1404 1715 1378)
3(3027 3001 3338)
3(1205 1444 1204)
3(2828 2827 3067)
3(1283 1284 1264)
3(2906 2887 2907)
3(1467 1705 593)
3(3090 2216 3328)
3(1333 1634 1338)
3(2956 2961 3257)
3(1423 1484 1421)
3(3046 3044 3107)
3(291 1777 285)
3(1914 1908 3400)
3(1506 1513 1510)
3(3129 3133 3136)
3(1429 1705 1019)
3(3052 2642 3328)
3(239 1649 231)
3(1862 1854 3272)
3(809 1465 1383)
3(2432 3006 3088)
3(1330 1331 1284)
3(2953 2907 2954)
3(245 1650 253)
3(1868 1876 3273)
3(1495 1619 1546)
3(3118 3169 3242)
3(1028 1030 1029)
3(2651 2652 2653)
3(244 1645 1474)
3(1867 3097 3268)
3(1098 1619 1615)
3(2721 3238 3242)
3(1445 1446 713)
3(3068 2336 3069)
3(1708 1769 849)
3(3331 2472 3392)
3(1061 1677 1546)
3(2684 3169 3300)
3(235 239 231)
3(1858 1854 1862)
3(245 253 249)
3(1868 1872 1876)
3(931 936 909)
3(2554 2532 2559)
3(1312 1551 1332)
3(2935 2955 3174)
3(222 1790 662)
3(1845 2285 3413)
3(1490 1497 1064)
3(3113 2687 3120)
3(1264 1681 1265)
3(2887 2888 3304)
3(909 1685 908)
3(2532 2531 3308)
3(461 465 464)
3(2084 2087 2088)
3(1408 1653 234)
3(3031 1857 3276)
3(931 937 936)
3(2554 2559 2560)
3(208 1658 1657)
3(1831 3280 3281)
3(879 1763 1708)
3(2502 3331 3386)
3(1708 1763 856)
3(3331 2479 3386)
3(1422 1699 1423)
3(3045 3046 3322)
3(1222 1227 1221)
3(2845 2844 2850)
3(285 1777 284)
3(1908 1907 3400)
3(1588 1598 1476)
3(3211 3099 3221)
3(1060 1097 1062)
3(2683 2685 2720)
3(1030 1391 1056)
3(2653 2679 3014)
3(1395 1642 208)
3(3018 1831 3265)
3(1200 1797 1402)
3(2823 3025 3420)
3(447 1133 456)
3(2070 2079 2756)
3(841 860 845)
3(2464 2468 2483)
3(223 1662 1658)
3(1846 3281 3285)
3(831 835 833)
3(2454 2456 2458)
3(1474 1645 241)
3(3097 1864 3268)
3(1068 1113 1087)
3(2691 2710 2736)
3(1224 1691 1227)
3(2847 2850 3314)
3(1279 1323 1304)
3(2902 2927 2946)
3(1710 1711 278)
3(3333 1901 3334)
3(847 1667 859)
3(2470 2482 3290)
3(1261 1283 1264)
3(2884 2887 2906)
3(1065 1394 1067)
3(2688 2690 3017)
3(1593 1764 1515)
3(3216 3138 3387)
3(1675 1779 1238)
3(3298 2861 3402)
3(1214 1222 1221)
3(2837 2844 2845)
3(806 807 805)
3(2429 2428 2430)
3(1615 1629 1098)
3(3238 2721 3252)
3(1392 1411 1343)
3(3015 2966 3034)
3(742 1655 827)
3(2365 2450 3278)
3(279 1780 1720)
3(1902 3343 3403)
3(937 941 936)
3(2560 2559 2564)
3(1442 1803 352)
3(3065 1975 3426)
3(1468 1808 1184)
3(3091 2807 3431)
3(227 1689 1478)
3(1850 3101 3312)
3(1702 1772 234)
3(3325 1857 3395)
3(465 1430 466)
3(2088 2089 3053)
3(255 1791 1770)
3(1878 3393 3414)
3(1283 1330 1284)
3(2906 2907 2953)
3(1024 1532 1045)
3(2647 2668 3155)
3(1256 1316 1257)
3(2879 2880 2939)
3(1552 1796 225)
3(3175 1848 3419)
3(808 810 807)
3(2431 2430 2433)
3(268 1704 814)
3(1891 2437 3327)
3(1668 1669 1236)
3(3291 2859 3292)
3(552 1767 1436)
3(2175 3059 3390)
3(1228 1661 1226)
3(2851 2849 3284)
3(1418 1424 1417)
3(3041 3040 3047)
3(460 1714 1672)
3(2083 3295 3337)
3(1121 1788 1487)
3(2744 3110 3411)
3(1529 1639 1599)
3(3152 3222 3262)
3(1249 1453 932)
3(2872 2555 3076)
3(279 1720 1379)
3(1902 3002 3343)
3(468 1644 291)
3(2091 1914 3267)
3(1346 1455 1352)
3(2969 2975 3078)
3(265 1778 868)
3(1888 2491 3401)
3(1097 1637 1395)
3(2720 3018 3260)
3(1097 1743 1637)
3(2720 3260 3366)
3(1733 1774 207)
3(3356 1830 3397)
3(1248 1668 1169)
3(2871 2792 3291)
3(908 1809 1443)
3(2531 3066 3432)
3(1391 1552 230)
3(3014 1853 3175)
3(1733 1807 221)
3(3356 1844 3430)
3(1501 1818 1531)
3(3124 3154 3441)
3(1402 1652 1205)
3(3025 2828 3275)
3(1472 1785 856)
3(3095 2479 3408)
3(1611 1674 714)
3(3234 2337 3297)
3(347 1758 1457)
3(1970 3080 3381)
3(244 1811 1783)
3(1867 3406 3434)
3(273 1790 272)
3(1896 1895 3413)
3(945 1804 1448)
3(2568 3071 3427)
3(1456 1760 1221)
3(3079 2844 3383)
3(1666 1771 250)
3(3289 1873 3394)
3(1284 1681 1264)
3(2907 2887 3304)
3(286 1682 1231)
3(1909 2854 3305)
3(1260 1713 1620)
3(2883 3243 3336)
3(1582 1692 1522)
3(3205 3145 3315)
3(1704 1812 814)
3(3327 2437 3435)
3(1188 1669 1248)
3(2811 2871 3292)
3(1596 1740 763)
3(3219 2386 3363)
3(1282 1626 1618)
3(2905 3241 3249)
3(1411 1548 1348)
3(3034 2971 3171)
3(1114 1800 1095)
3(2737 2718 3423)
3(1331 1811 1284)
3(2954 2907 3434)
3(458 1807 459)
3(2081 2082 3430)
3(1633 1686 851)
3(3256 2474 3309)
3(1513 1672 1671)
3(3136 3294 3295)
3(1672 1781 460)
3(3295 2083 3404)
3(856 1769 1708)
3(2479 3331 3392)
3(1279 1681 1323)
3(2902 2946 3304)
3(1440 1533 1057)
3(3063 2680 3156)
3(1236 1794 1235)
3(2859 2858 3417)
3(1685 1809 908)
3(3308 2531 3432)
3(534 1825 1486)
3(2157 3109 3448)
3(1637 1743 230)
3(3260 1853 3366)
3(1095 1800 1799)
3(2718 3422 3423)
3(1059 1745 1627)
3(2682 3250 3368)
3(1207 1444 1210)
3(2830 2833 3067)
3(1214 1816 1222)
3(2837 2845 3439)
3(1415 1762 1451)
3(3038 3074 3385)
3(1719 1721 1070)
3(3342 2693 3344)
3(1536 1765 1306)
3(3159 2929 3388)
3(1551 1634 1332)
3(3174 2955 3257)
3(814 1812 826)
3(2437 2449 3435)
3(1334 1731 1706)
3(2957 3329 3354)
3(1644 1777 291)
3(3267 1914 3400)
3(662 1790 273)
3(2285 1896 3413)
3(1451 1762 1422)
3(3074 3045 3385)
3(712 1700 1445)
3(2335 3068 3323)
3(1618 1626 1266)
3(3241 2889 3249)
3(1502 1723 1504)
3(3125 3127 3346)
3(1221 1760 1220)
3(2844 2843 3383)
3(1546 1677 1064)
3(3169 2687 3300)
3(1524 1723 1502)
3(3147 3125 3346)
3(1595 1806 1569)
3(3218 3192 3429)
3(871 1702 872)
3(2494 2495 3325)
3(1626 1713 1262)
3(3249 2885 3336)
3(280 1728 275)
3(1903 1898 3351)
3(465 1733 1430)
3(2088 3053 3356)
3(1067 1657 1113)
3(2690 2736 3280)
3(1614 1787 1508)
3(3237 3131 3410)
3(240 1783 1485)
3(1863 3108 3406)
3(1731 1801 1336)
3(3354 2959 3424)
3(1504 1722 1506)
3(3127 3129 3345)
3(288 1694 1661)
3(1911 3284 3317)
3(850 1742 1686)
3(2473 3309 3365)
3(459 1746 461)
3(2082 2084 3369)
3(936 1685 909)
3(2559 2532 3308)
3(1500 1700 712)
3(3123 2335 3323)
3(1410 1664 288)
3(3033 1911 3287)
3(465 1746 1733)
3(2088 3356 3369)
3(1725 1775 224)
3(3348 1847 3398)
3(1058 1743 1060)
3(2681 2683 3366)
3(1622 1824 433)
3(3245 2056 3447)
3(1047 1655 742)
3(2670 2365 3278)
3(1530 1813 994)
3(3153 2617 3436)
3(232 1653 1408)
3(1855 3031 3276)
3(1653 1795 234)
3(3276 1857 3418)
3(1231 1682 281)
3(2854 1904 3305)
3(1023 1789 1024)
3(2646 2647 3412)
3(1651 1791 206)
3(3274 1829 3414)
3(1552 1795 226)
3(3175 1849 3418)
3(459 1807 1746)
3(2082 3369 3430)
3(226 1795 1653)
3(1849 3276 3418)
3(1518 1692 1582)
3(3141 3205 3315)
3(1783 1811 1331)
3(3406 2954 3434)
3(827 1655 870)
3(2450 2493 3278)
3(1613 1631 1505)
3(3236 3128 3254)
3(1354 1799 1256)
3(2977 2879 3422)
3(1169 1668 1234)
3(2792 2857 3291)
3(841 1823 860)
3(2464 2483 3446)
3(265 1812 1704)
3(1888 3327 3435)
3(1651 1736 222)
3(3274 1845 3359)
3(226 1796 1552)
3(1849 3175 3419)
3(206 1736 1651)
3(1829 3274 3359)
3(1443 1809 823)
3(3066 2446 3432)
3(872 1702 1028)
3(2495 2651 3325)
3(1334 1801 1731)
3(2957 3354 3424)
3(1323 1811 1810)
3(2946 3433 3434)
3(1237 1669 1188)
3(2860 2811 3292)
3(1474 1695 1551)
3(3097 3174 3318)
3(1394 1657 1067)
3(3017 2690 3280)
3(244 1783 1645)
3(1867 3268 3406)
3(275 1728 662)
3(1898 2285 3351)
3(939 1697 937)
3(2562 2560 3320)
3(849 1686 1633)
3(2472 3256 3309)
3(1441 1812 265)
3(3064 1888 3435)
3(1531 1716 1501)
3(3154 3124 3339)
3(1069 1744 1721)
3(2692 3344 3367)
3(1531 1818 1503)
3(3154 3126 3441)
3(1061 1821 1677)
3(2684 3300 3444)
3(1445 1700 1446)
3(3068 3069 3323)
3(1799 1800 1316)
3(3422 2939 3423)
3(218 1676 1133)
3(1841 2756 3299)
3(1779 1797 1200)
3(3402 2823 3420)
3(937 1697 941)
3(2560 2564 3320)
3(1551 1695 248)
3(3174 1871 3318)
3(1506 1722 1513)
3(3129 3136 3345)
3(1623 1755 1313)
3(3246 2936 3378)
3(461 1746 465)
3(2084 2088 3369)
3(1248 1669 1668)
3(2871 3291 3292)
3(1060 1743 1097)
3(2683 2720 3366)
3(1762 1793 1419)
3(3385 3042 3416)
3(221 1774 1733)
3(1844 3356 3397)
3(1256 1799 1316)
3(2879 2939 3422)
3(1027 1789 1023)
3(2650 2646 3412)
3(859 1772 871)
3(2482 2494 3395)
3(1810 1811 244)
3(3433 1867 3434)
3(1029 1792 1533)
3(2652 3156 3415)
3(1415 1793 1762)
3(3038 3385 3416)
3(1504 1723 1722)
3(3127 3345 3346)
3(1069 1719 1487)
3(2692 3110 3342)
3(833 1823 841)
3(2456 2464 3446)
3(1054 1673 219)
3(2677 1842 3296)
3(1533 1792 1057)
3(3156 2680 3415)
3(1209 1816 1214)
3(2832 2837 3439)
3(1664 1798 288)
3(3287 1911 3421)
3(1069 1721 1719)
3(2692 3342 3344)
3(1232 1779 1675)
3(2855 3298 3402)
3(1210 1816 1209)
3(2833 2832 3439)
3(241 1695 1474)
3(1864 3097 3318)
3(1402 1797 1652)
3(3025 3275 3420)
3(856 1785 1769)
3(2479 3392 3408)
3(1801 1802 1336)
3(3424 2959 3425)
3(835 1823 833)
3(2458 2456 3446)
3(248 1634 1551)
3(1871 3174 3257)
3(1720 1780 271)
3(3343 1894 3403)
3(274 1711 1710)
3(1897 3333 3334)
3(1722 1723 467)
3(3345 2090 3346)
3(1652 1797 1229)
3(3275 2852 3420)
3(209 1775 1725)
3(1832 3348 3398)
3(871 1772 1702)
3(2494 3325 3395)
3(1721 1744 1068)
3(3344 2691 3367)
3(1335 1802 1801)
3(2958 3424 3425)
3(288 1798 1694)
3(1911 3317 3421)
3(1645 1783 240)
3(3268 1863 3406)
3(985 1777 1644)
3(2608 3267 3400)
3(1677 1821 1063)
3(3300 2686 3444)
3(1769 1785 846)
3(3392 2469 3408)
3(1694 1798 287)
3(3317 1910 3421)
3(240 1485 86)
3(1863 121 3108)
3(1114 1662 224)
3(2737 1847 3285)
3(248 1695 1377)
3(1871 3000 3318)
3(286 1694 1682)
3(1909 3305 3317)
3(741 1383 1047)
3(2364 2670 3006)
3(803 1398 824)
3(2426 2447 3021)
3(829 870 831)
3(2452 2454 2493)
3(845 860 847)
3(2468 2470 2483)
3(1528 1530 993)
3(3151 2616 3153)
3(1062 1097 1065)
3(2685 2688 2720)
3(1475 1476 1191)
3(3098 2814 3099)
3(1350 1802 1455)
3(2973 3078 3425)
3(1421 1484 1454)
3(3044 3077 3107)
4(106 3 7 141)
4(1 72 107 5)
4(72 73 108 107)
4(105 106 141 140)
4(103 104 139 138)
4(74 75 110 109)
4(104 105 140 139)
4(73 74 109 108)
4(79 80 115 114)
4(75 76 111 110)
4(81 82 117 116)
4(77 78 113 112)
4(102 103 138 137)
4(98 99 134 133)
4(100 101 136 135)
4(76 77 112 111)
4(78 79 114 113)
4(80 81 116 115)
4(96 97 132 131)
4(82 2 6 117)
4(101 102 137 136)
4(4 96 131 8)
4(99 100 135 134)
4(97 98 133 132)
4(85 86 121 120)
4(92 1 5 127)
4(3 83 118 7)
4(88 89 124 123)
4(86 87 122 121)
4(90 91 126 125)
4(84 85 120 119)
4(87 88 123 122)
4(89 90 125 124)
4(83 84 119 118)
4(91 92 127 126)
4(94 95 130 129)
4(93 94 129 128)
4(2 93 128 6)
4(95 4 8 130)
4(21 20 152 153)
4(26 25 157 158)
4(66 65 197 198)
4(67 66 198 199)
4(19 18 150 151)
4(35 34 166 167)
4(28 27 159 160)
4(18 17 149 150)
4(33 32 164 165)
4(25 24 156 157)
4(70 69 201 202)
4(10 0 9 142)
4(16 15 147 148)
4(37 36 168 169)
4(64 63 195 196)
4(44 43 175 176)
4(15 14 146 147)
4(0 71 203 9)
4(12 11 143 144)
4(47 46 178 179)
4(68 67 199 200)
4(13 12 144 145)
4(61 60 192 193)
4(32 31 163 164)
4(17 16 148 149)
4(39 38 170 171)
4(51 50 182 183)
4(60 59 191 192)
4(48 47 179 180)
4(11 10 142 143)
4(50 49 181 182)
4(56 55 187 188)
4(54 53 185 186)
4(58 57 189 190)
4(63 62 194 195)
4(57 56 188 189)
4(23 22 154 155)
4(30 29 161 162)
4(49 48 180 181)
4(71 70 202 203)
4(62 61 193 194)
4(20 19 151 152)
4(36 35 167 168)
4(42 41 173 174)
4(53 52 184 185)
4(27 26 158 159)
4(24 23 155 156)
4(45 44 176 177)
4(22 21 153 154)
4(29 28 160 161)
4(34 33 165 166)
4(55 54 186 187)
4(40 39 171 172)
4(14 13 145 146)
4(52 51 183 184)
4(59 58 190 191)
4(69 68 200 201)
4(38 37 169 170)
4(31 30 162 163)
4(43 42 174 175)
4(41 40 172 173)
4(65 64 196 197)
4(46 45 177 178)
)


// ************************************************************************* //
