/*--------------------------------*- C++ -*----------------------------------*\
| =========                 |                                                 |
| \\      /  F ield         | OpenFOAM: The Open Source CFD Toolbox           |
|  \\    /   O peration     | Version:  2412                                  |
|   \\  /    A nd           | Website:  www.openfoam.com                      |
|    \\/     M anipulation  |                                                 |
\*---------------------------------------------------------------------------*/
FoamFile
{
    version     2.0;
    format      ascii;
    arch        "LSB;label=32;scalar=64";
    class       faceList;
    location    "constant/polyMesh";
    object      faces;
}
// * * * * * * * * * * * * * * * * * * * * * * * * * * * * * * * * * * * * * //


21652
(
4(151 296 4159 1187)
4(152 1187 4159 297)
4(492 493 3465 3464)
4(442 492 3464 3414)
4(442 3414 3465 493)
4(950 3922 6185 3213)
4(950 951 3923 3922)
4(951 3213 6185 3923)
4(1522 4494 5806 2834)
4(1524 2834 5806 4496)
4(1522 1524 4496 4494)
4(544 3516 4956 1984)
4(543 1984 4956 3515)
4(544 543 3515 3516)
4(2690 2760 5732 5662)
4(2690 5662 5906 2934)
4(2760 2934 5906 5732)
4(974 3167 6139 3946)
4(975 974 3946 3947)
4(975 3947 6139 3167)
4(1915 4887 6237 3265)
4(1915 3006 5978 4887)
4(3006 3265 6237 5978)
4(1335 2150 5122 4307)
4(1564 4536 5122 2150)
4(1564 1335 4307 4536)
4(1252 1588 4560 4224)
4(1588 1969 4941 4560)
4(1252 4224 4941 1969)
4(1515 1843 4815 4487)
4(1515 4487 4817 1845)
4(1843 1845 4817 4815)
4(2777 5749 5766 2794)
4(2781 2794 5766 5753)
4(2777 2781 5753 5749)
4(1526 2895 5867 4498)
4(2895 2996 5968 5867)
4(1526 4498 5968 2996)
4(1982 4954 6071 3099)
4(1982 1083 4055 4954)
4(1083 3099 6071 4055)
4(493 3465 3466 494)
4(492 494 3466 3464)
4(1023 1171 4143 3995)
4(1171 3259 6231 4143)
4(1023 3995 6231 3259)
4(895 2409 5381 3867)
4(1072 4044 5381 2409)
4(1072 895 3867 4044)
4(1794 1328 4300 4766)
4(1328 2201 5173 4300)
4(1794 4766 5173 2201)
4(2714 2962 5934 5686)
4(2801 2714 5686 5773)
4(2801 5773 5934 2962)
4(545 1881 4853 3517)
4(1881 2570 5542 4853)
4(545 3517 5542 2570)
4(1601 2975 5947 4573)
4(2955 1601 4573 5927)
4(2955 5927 5947 2975)
4(2333 5305 5977 3005)
4(2333 2454 5426 5305)
4(2454 3005 5977 5426)
4(1141 466 3438 4113)
4(1141 4113 5374 2402)
4(466 2402 5374 3438)
4(1973 4945 6112 3140)
4(815 3140 6112 3787)
4(1973 815 3787 4945)
4(1542 1795 4767 4514)
4(1542 4514 4768 1796)
4(1795 1796 4768 4767)
4(2277 5249 5650 2678)
4(2269 2678 5650 5241)
4(2277 2269 5241 5249)
4(1747 4719 5912 2940)
4(2507 2940 5912 5479)
4(1747 2507 5479 4719)
4(540 3512 4968 1996)
4(540 1995 4967 3512)
4(1995 1996 4968 4967)
4(2811 3111 6083 5783)
4(2413 2811 5783 5385)
4(2413 5385 6083 3111)
4(2267 2286 5258 5239)
4(2265 5237 5258 2286)
4(2265 2267 5239 5237)
4(1527 3157 6129 4499)
4(1980 4952 6129 3157)
4(1980 1527 4499 4952)
4(2335 2986 5958 5307)
4(2339 5311 5958 2986)
4(2339 2335 5307 5311)
4(547 3519 4956 1984)
4(547 544 3516 3519)
4(1490 1592 4564 4462)
4(1492 4464 4564 1592)
4(1492 1490 4462 4464)
4(1530 3157 6129 4502)
4(1527 1530 4502 4499)
4(1912 2569 5541 4884)
4(1069 1912 4884 4041)
4(1069 4041 5541 2569)
4(1794 3122 6094 4766)
4(1328 4300 6094 3122)
4(2915 5887 6077 3105)
4(2915 871 3843 5887)
4(871 3105 6077 3843)
4(492 128 273 3464)
4(128 2958 5930 273)
4(492 3464 5930 2958)
4(1864 811 3783 4836)
4(811 3225 6197 3783)
4(1864 4836 6197 3225)
4(1041 3029 6001 4013)
4(1039 4011 6001 3029)
4(1039 1041 4013 4011)
4(426 3398 4979 2007)
4(426 2005 4977 3398)
4(2005 2007 4979 4977)
4(1354 4326 5122 2150)
4(1354 2149 5121 4326)
4(2149 2150 5122 5121)
4(1916 4888 5978 3006)
4(1916 2126 5098 4888)
4(2126 3006 5978 5098)
4(1712 4684 5759 2787)
4(1686 2787 5759 4658)
4(1712 1686 4658 4684)
4(424 1144 4116 3396)
4(1144 1926 4898 4116)
4(424 3396 4898 1926)
4(1826 4798 5785 2813)
4(1812 2813 5785 4784)
4(1826 1812 4784 4798)
4(1316 4288 4536 1564)
4(1316 1331 4303 4288)
4(1331 1564 4536 4303)
4(2815 1355 4327 5787)
4(2815 5787 5989 3017)
4(1355 3017 5989 4327)
4(1565 4537 5787 2815)
4(1565 1355 4327 4537)
4(425 3179 6151 3397)
4(1953 425 3397 4925)
4(1953 4925 6151 3179)
4(1490 2970 5942 4462)
4(1592 4564 5942 2970)
4(1869 1975 4947 4841)
4(1868 4840 4947 1975)
4(1868 1869 4841 4840)
4(443 1177 4149 3415)
4(1175 443 3415 4147)
4(1175 4147 4149 1177)
4(747 1138 4110 3719)
4(747 3719 5068 2096)
4(1138 2096 5068 4110)
4(1086 3111 6083 4058)
4(2811 1086 4058 5783)
4(1744 4716 5097 2125)
4(1743 2125 5097 4715)
4(1744 1743 4715 4716)
4(1133 547 3519 4105)
4(1133 4105 4956 1984)
4(811 3783 4903 1931)
4(1864 1931 4903 4836)
4(947 950 3922 3919)
4(947 3919 6185 3213)
4(1304 4276 5776 2804)
4(1544 2804 5776 4516)
4(1304 1544 4516 4276)
4(1925 2500 5472 4897)
4(2500 2905 5877 5472)
4(1925 4897 5877 2905)
4(490 3355 6327 3462)
4(3008 5980 6327 3355)
4(3008 490 3462 5980)
4(1869 3331 6303 4841)
4(1975 4947 6303 3331)
4(2030 2027 4999 5002)
4(2027 3178 6150 4999)
4(2030 5002 6150 3178)
4(2769 2682 5654 5741)
4(2682 3001 5973 5654)
4(2769 5741 5973 3001)
4(1860 1973 4945 4832)
4(1860 4832 6112 3140)
4(130 275 5980 3008)
4(131 3008 5980 276)
4(1893 2915 5887 4865)
4(1893 4865 6077 3105)
4(456 1136 4108 3428)
4(1136 1188 4160 4108)
4(456 3428 4160 1188)
4(1362 4334 5947 2975)
4(1362 1359 4331 4334)
4(1359 2975 5947 4331)
4(545 2571 5543 3517)
4(1881 4853 5543 2571)
4(2325 5297 5394 2422)
4(2324 2422 5394 5296)
4(2325 2324 5296 5297)
4(2145 2399 5371 5117)
4(2145 5117 5373 2401)
4(2399 2401 5373 5371)
4(2678 3333 6305 5650)
4(2277 5249 6305 3333)
4(807 1868 4840 3779)
4(807 3779 4947 1975)
4(442 128 273 3414)
4(1487 4459 4886 1914)
4(1485 1914 4886 4457)
4(1487 1485 4457 4459)
4(1121 444 3416 4093)
4(1121 4093 4861 1889)
4(444 1889 4861 3416)
4(1171 4143 4991 2019)
4(1023 2019 4991 3995)
4(1121 1912 4884 4093)
4(444 3416 4884 1912)
4(1927 3179 6151 4899)
4(425 1927 4899 3397)
4(1949 4921 5817 2845)
4(825 2845 5817 3797)
4(1949 825 3797 4921)
4(1252 1970 4942 4224)
4(1588 4560 4942 1970)
4(1526 3360 6332 4498)
4(2895 5867 6332 3360)
4(430 1899 4871 3402)
4(1814 430 3402 4786)
4(1814 4786 4871 1899)
4(807 3300 6272 3779)
4(1868 4840 6272 3300)
4(485 1189 4161 3457)
4(1189 2871 5843 4161)
4(485 3457 5843 2871)
4(2007 3117 6089 4979)
4(426 3398 6089 3117)
4(1335 1354 4326 4307)
4(1582 1102 4074 4554)
4(1102 2591 5563 4074)
4(1582 4554 5563 2591)
4(1905 4877 5855 2883)
4(1886 2883 5855 4858)
4(1905 1886 4858 4877)
4(2405 1131 4103 5377)
4(2405 5377 5378 2406)
4(1131 2406 5378 4103)
4(1129 449 3421 4101)
4(449 1190 4162 3421)
4(1129 4101 4162 1190)
4(129 2958 5930 274)
4(1598 1603 4575 4570)
4(1360 4332 4575 1603)
4(1360 1598 4570 4332)
4(1189 4161 5008 2036)
4(485 2036 5008 3457)
4(2980 5952 6036 3064)
4(2746 3064 6036 5718)
4(2980 2746 5718 5952)
4(1244 1587 4559 4216)
4(1244 4216 4942 1970)
4(1587 1970 4942 4559)
4(2405 3351 6323 5377)
4(1131 4103 6323 3351)
4(456 3428 4159 1187)
4(456 151 296 3428)
4(671 2020 4992 3643)
4(2018 671 3643 4990)
4(2018 4990 4992 2020)
4(2450 3065 6037 5422)
4(3065 3207 6179 6037)
4(2450 5422 6179 3207)
4(1908 2045 5017 4880)
4(2043 1908 4880 5015)
4(2043 5015 5017 2045)
4(2003 4975 5649 2677)
4(793 2677 5649 3765)
4(2003 793 3765 4975)
4(1136 4108 4159 1187)
4(2655 2858 5830 5627)
4(39 2655 5627 391)
4(39 391 5830 2858)
4(2697 2696 5668 5669)
4(2697 5669 6202 3230)
4(2696 3230 6202 5668)
4(1104 4076 5657 2685)
4(1104 2683 5655 4076)
4(2683 2685 5657 5655)
4(1940 4912 5523 2551)
4(1940 1019 3991 4912)
4(1019 2551 5523 3991)
4(1708 1780 4752 4680)
4(1708 4680 6190 3218)
4(1780 3218 6190 4752)
4(2107 2404 5376 5079)
4(429 2107 5079 3401)
4(429 3401 5376 2404)
4(926 3898 6184 3212)
4(926 1117 4089 3898)
4(1117 3212 6184 4089)
4(453 3425 6071 3099)
4(453 1982 4954 3425)
4(1248 4220 4942 1970)
4(1245 1970 4942 4217)
4(1248 1245 4217 4220)
4(1780 4752 5828 2856)
4(1708 2856 5828 4680)
4(1102 4074 5921 2949)
4(1582 2949 5921 4554)
4(2708 5680 5682 2710)
4(2708 2709 5681 5680)
4(2709 2710 5682 5681)
4(927 926 3898 3899)
4(927 3899 6184 3212)
4(1774 479 3451 4746)
4(1774 4746 5830 2858)
4(479 2858 5830 3451)
4(1491 1914 4886 4463)
4(1572 1491 4463 4544)
4(1572 4544 4886 1914)
4(1856 1949 4921 4828)
4(1856 4828 5817 2845)
4(1425 3065 6037 4397)
4(2450 1425 4397 5422)
4(953 2895 5867 3925)
4(1602 953 3925 4574)
4(1602 4574 5867 2895)
4(2761 2980 5952 5733)
4(2761 5733 6036 3064)
4(449 3421 4911 1939)
4(1129 1939 4911 4101)
4(2857 1482 4454 5829)
4(1482 3265 6237 4454)
4(2857 5829 6237 3265)
4(963 3935 4094 1122)
4(950 1122 4094 3922)
4(963 950 3922 3935)
4(1598 1600 4572 4570)
4(1600 3196 6168 4572)
4(1598 4570 6168 3196)
4(2464 2810 5782 5436)
4(2367 5339 5782 2810)
4(2367 2464 5436 5339)
4(1626 1930 4902 4598)
4(1623 4595 4902 1930)
4(1623 1626 4598 4595)
4(1133 1985 4957 4105)
4(547 3519 4957 1985)
4(925 926 3898 3897)
4(925 3897 3899 927)
4(134 3177 6149 279)
4(478 134 279 3450)
4(478 3450 6149 3177)
4(2693 3285 6257 5665)
4(3285 3299 6271 6257)
4(2693 5665 6271 3299)
4(924 925 3897 3896)
4(923 924 3896 3895)
4(923 3895 3897 925)
4(860 3832 5085 2113)
4(860 2112 5084 3832)
4(2112 2113 5085 5084)
4(1354 2148 5120 4326)
4(2148 2149 5121 5120)
4(1496 2970 5942 4468)
4(1490 1496 4468 4462)
4(1777 2655 5627 4749)
4(1777 4749 5912 2940)
4(2655 2940 5912 5627)
4(1475 1586 4558 4447)
4(1563 4535 4558 1586)
4(1563 1475 4447 4535)
4(743 3715 5641 2669)
4(744 2669 5641 3716)
4(743 744 3716 3715)
4(1859 2628 5600 4831)
4(1862 4834 5600 2628)
4(1862 1859 4831 4834)
4(2004 2003 4975 4976)
4(2004 4976 5649 2677)
4(2143 3075 6047 5115)
4(2010 2143 5115 4982)
4(2010 4982 6047 3075)
4(2540 2279 5251 5512)
4(2279 3016 5988 5251)
4(2540 5512 5988 3016)
4(479 3451 6171 3199)
4(1774 3199 6171 4746)
4(2271 5243 5259 2287)
4(2260 2287 5259 5232)
4(2271 2260 5232 5243)
4(2293 2028 5000 5265)
4(2028 3056 6028 5000)
4(2293 5265 6028 3056)
4(1776 2655 5627 4748)
4(1777 1776 4748 4749)
4(882 2098 5070 3854)
4(746 3718 5070 2098)
4(746 882 3854 3718)
4(1137 1939 4911 4109)
4(1939 2979 5951 4911)
4(1137 4109 5951 2979)
4(672 2020 4992 3644)
4(671 672 3644 3643)
4(2603 2815 5787 5575)
4(62 2603 5575 414)
4(62 414 5787 2815)
4(1255 1337 4309 4227)
4(1315 4287 4309 1337)
4(1315 1255 4227 4287)
4(1908 2046 5018 4880)
4(2045 5017 5018 2046)
4(2249 2374 5346 5221)
4(1771 4743 5346 2374)
4(1771 2249 5221 4743)
4(476 3448 5667 2695)
4(476 2694 5666 3448)
4(2694 2695 5667 5666)
4(895 1049 4021 3867)
4(1049 2409 5381 4021)
4(1969 4941 4989 2017)
4(1588 2017 4989 4560)
4(1951 2263 5235 4923)
4(2263 2286 5258 5235)
4(1951 4923 5258 2286)
4(924 926 3898 3896)
4(1951 2261 5233 4923)
4(2261 2263 5235 5233)
4(1986 4958 5810 2838)
4(1986 1968 4940 4958)
4(1968 2838 5810 4940)
4(2013 1522 4494 4985)
4(2013 4985 5806 2834)
4(2337 3005 5977 5309)
4(1936 2337 5309 4908)
4(1936 4908 5977 3005)
4(2422 2810 5782 5394)
4(2464 2422 5394 5436)
4(1514 1845 4817 4486)
4(1514 4486 6345 3373)
4(1845 3373 6345 4817)
4(1843 4815 6111 3139)
4(1515 3139 6111 4487)
4(1824 956 3928 4796)
4(956 1825 4797 3928)
4(1824 4796 4797 1825)
4(1045 4017 5948 2976)
4(1045 886 3858 4017)
4(886 2976 5948 3858)
4(1817 3150 6122 4789)
4(1793 1817 4789 4765)
4(1793 4765 6122 3150)
4(1604 1556 4528 4576)
4(1604 4576 4896 1924)
4(1556 1924 4896 4528)
4(1118 929 3901 4090)
4(929 2928 5900 3901)
4(1118 4090 5900 2928)
4(183 2162 5134 328)
4(471 3443 5134 2162)
4(471 183 328 3443)
4(1738 2325 5297 4710)
4(1738 4710 5394 2422)
4(2749 2777 5749 5721)
4(2749 5721 5766 2794)
4(813 1826 4798 3785)
4(813 3785 5785 2813)
4(1137 2612 5584 4109)
4(1939 4911 5584 2612)
4(2278 5250 5496 2524)
4(2278 2256 5228 5250)
4(2256 2524 5496 5228)
4(1601 1362 4334 4573)
4(1084 2884 5856 4056)
4(2884 3099 6071 5856)
4(1084 4056 6071 3099)
4(1102 1904 4876 4074)
4(1903 4875 4876 1904)
4(1903 1102 4074 4875)
4(2827 5799 5800 2828)
4(2827 1439 4411 5799)
4(1439 2828 5800 4411)
4(1616 4588 5800 2828)
4(1616 2827 5799 4588)
4(1939 1940 4912 4911)
4(1940 2979 5951 4912)
4(1930 1747 4719 4902)
4(1930 4902 5912 2940)
4(1874 825 3797 4846)
4(1874 4846 4881 1909)
4(825 1909 4881 3797)
4(1819 4791 5990 3018)
4(1819 982 3954 4791)
4(982 3018 5990 3954)
4(1902 437 3409 4874)
4(437 1920 4892 3409)
4(1902 4874 4892 1920)
4(2653 1045 4017 5625)
4(2653 5625 5948 2976)
4(2337 2333 5305 5309)
4(432 2158 5130 3404)
4(432 3404 5131 2159)
4(2158 2159 5131 5130)
4(2879 5851 6334 3362)
4(2879 2906 5878 5851)
4(2906 3362 6334 5878)
4(933 3211 6183 3905)
4(967 933 3905 3939)
4(967 3939 6183 3211)
4(747 2098 5070 3719)
4(1138 4110 5070 2098)
4(2390 2572 5544 5362)
4(2572 2901 5873 5544)
4(2390 5362 5873 2901)
4(2772 5744 5902 2930)
4(2772 2755 5727 5744)
4(2755 2930 5902 5727)
4(1189 483 3455 4161)
4(483 2871 5843 3455)
4(1514 1515 4487 4486)
4(1942 2582 5554 4914)
4(1929 1942 4914 4901)
4(1929 4901 5554 2582)
4(2692 2689 5661 5664)
4(2692 5664 6271 3299)
4(2689 3299 6271 5661)
4(1107 1806 4778 4079)
4(1806 3071 6043 4778)
4(1107 4079 6043 3071)
4(2146 3075 6047 5118)
4(2143 2146 5118 5115)
4(978 3950 4761 1789)
4(22 1789 4761 374)
4(978 22 374 3950)
4(1186 463 3435 4158)
4(463 2667 5639 3435)
4(1186 4158 5639 2667)
4(923 922 3894 3895)
4(922 924 3896 3894)
4(955 962 3934 3927)
4(962 3046 6018 3934)
4(955 3927 6018 3046)
4(2045 2821 5793 5017)
4(2044 5016 5793 2821)
4(2044 2045 5017 5016)
4(940 3912 3915 943)
4(927 943 3915 3899)
4(940 927 3899 3912)
4(920 922 3894 3892)
4(920 3892 3895 923)
4(1425 1918 4890 4397)
4(1918 3065 6037 4890)
4(1817 1986 4958 4789)
4(1986 3150 6122 4958)
4(1925 3092 6064 4897)
4(2500 5472 6064 3092)
4(2335 5307 5390 2418)
4(2338 2418 5390 5310)
4(2335 2338 5310 5307)
4(1152 464 3436 4124)
4(464 1987 4959 3436)
4(1152 4124 4959 1987)
4(2101 743 3715 5073)
4(2101 5073 5641 2669)
4(2390 3222 6194 5362)
4(2572 5544 6194 3222)
4(2284 5256 5775 2803)
4(2284 1544 4516 5256)
4(1544 2803 5775 4516)
4(2113 2114 5086 5085)
4(860 3832 5086 2114)
4(1572 4544 5814 2842)
4(2420 2842 5814 5392)
4(1572 2420 5392 4544)
4(2358 3036 6008 5330)
4(2847 5819 6008 3036)
4(2847 2358 5330 5819)
4(906 3878 4160 1188)
4(1059 1188 4160 4031)
4(906 1059 4031 3878)
4(447 3419 4152 1180)
4(447 1179 4151 3419)
4(1179 1180 4152 4151)
4(1783 1768 4740 4755)
4(1783 4755 5953 2981)
4(1768 2981 5953 4740)
4(1904 4876 5921 2949)
4(553 1905 4877 3525)
4(553 3525 5855 2883)
4(2929 3166 6138 5901)
4(789 2929 5901 3761)
4(789 3761 6138 3166)
4(2618 5590 6209 3237)
4(2618 1952 4924 5590)
4(1952 3237 6209 4924)
4(1587 4559 6289 3317)
4(1244 3317 6289 4216)
4(184 2162 5134 329)
4(1498 4470 4569 1597)
4(1537 1597 4569 4509)
4(1498 1537 4509 4470)
4(1896 3110 6082 4868)
4(1810 1896 4868 4782)
4(1810 4782 6082 3110)
4(1836 4808 5801 2829)
4(1093 2829 5801 4065)
4(1836 1093 4065 4808)
4(1172 459 3431 4144)
4(1172 4144 4145 1173)
4(459 1173 4145 3431)
4(1141 2935 5907 4113)
4(466 3438 5907 2935)
4(1776 2858 5830 4748)
4(1167 2021 4993 4139)
4(1164 4136 4993 2021)
4(1164 1167 4139 4136)
4(929 1117 4089 3901)
4(926 929 3901 3898)
4(2099 5071 5382 2410)
4(435 2410 5382 3407)
4(2099 435 3407 5071)
4(929 3901 6181 3209)
4(1118 3209 6181 4090)
4(1839 3259 6231 4811)
4(1171 1839 4811 4143)
4(1043 2864 5836 4015)
4(1994 1043 4015 4966)
4(1994 4966 5836 2864)
4(1177 4149 6031 3059)
4(443 3059 6031 3415)
4(978 3950 4817 1845)
4(1789 1845 4817 4761)
4(136 476 3448 281)
4(136 281 6287 3315)
4(476 3315 6287 3448)
4(1383 2999 5971 4355)
4(1384 4356 5971 2999)
4(1384 1383 4355 4356)
4(2804 2923 5895 5776)
4(1304 4276 5895 2923)
4(1918 4890 6066 3094)
4(1425 3094 6066 4397)
4(1121 2569 5541 4093)
4(2045 561 3533 5017)
4(561 2821 5793 3533)
4(463 3435 5972 3000)
4(1186 3000 5972 4158)
4(1130 1912 4884 4102)
4(1069 1130 4102 4041)
4(2813 5785 6276 3304)
4(1812 3304 6276 4784)
4(440 3412 5501 2529)
4(440 2406 5378 3412)
4(2406 2529 5501 5378)
4(1781 4753 5828 2856)
4(1781 1780 4752 4753)
4(2529 2587 5559 5501)
4(440 3412 5559 2587)
4(2220 2270 5242 5192)
4(2270 2312 5284 5242)
4(2220 5192 5284 2312)
4(3029 6001 6238 3266)
4(1041 3266 6238 4013)
4(134 488 3460 279)
4(488 3177 6149 3460)
4(1453 1831 4803 4425)
4(1449 4421 4803 1831)
4(1449 1453 4425 4421)
4(51 1806 4778 403)
4(1107 51 403 4079)
4(494 495 3467 3466)
4(493 3465 3467 495)
4(540 3512 6296 3324)
4(1996 3324 6296 4968)
4(1591 972 3944 4563)
4(972 1891 4863 3944)
4(1591 4563 4863 1891)
4(933 1063 4035 3905)
4(1063 3211 6183 4035)
4(2897 5869 5882 2910)
4(2897 2250 5222 5869)
4(2250 2910 5882 5222)
4(1091 4063 5965 2993)
4(1091 1837 4809 4063)
4(1837 2993 5965 4809)
4(2018 2019 4991 4990)
4(671 3643 4991 2019)
4(1715 4687 5759 2787)
4(1715 1712 4684 4687)
4(1686 1687 4659 4658)
4(1687 2787 5759 4659)
4(1832 1985 4957 4804)
4(1985 2022 4994 4957)
4(1832 4804 4994 2022)
4(2926 5898 6241 3269)
4(2691 3269 6241 5663)
4(2926 2691 5663 5898)
4(2132 5104 5896 2924)
4(1827 2924 5896 4799)
4(2132 1827 4799 5104)
4(2690 2931 5903 5662)
4(2760 5732 5903 2931)
4(1482 1577 4549 4454)
4(1577 3256 6228 4549)
4(1482 4454 6228 3256)
4(739 3711 5809 2837)
4(740 2837 5809 3712)
4(739 740 3712 3711)
4(133 278 3450 478)
4(1858 2628 5600 4830)
4(1859 1858 4830 4831)
4(1899 4871 6046 3074)
4(430 3074 6046 3402)
4(1596 970 3942 4568)
4(970 2889 5861 3942)
4(1596 4568 5861 2889)
4(1577 4549 5829 2857)
4(2856 2991 5963 5828)
4(1781 4753 5963 2991)
4(1595 981 3953 4567)
4(981 3252 6224 3953)
4(1595 4567 6224 3252)
4(2009 4981 5969 2997)
4(2009 2929 5901 4981)
4(2929 2997 5969 5901)
4(1933 4905 6282 3310)
4(1933 1934 4906 4905)
4(1934 3310 6282 4906)
4(931 933 3905 3903)
4(931 3903 3939 967)
4(2704 2708 5680 5676)
4(2704 5676 6342 3370)
4(2708 3370 6342 5680)
4(2993 3041 6013 5965)
4(1091 4063 6013 3041)
4(1351 4323 5810 2838)
4(1351 1986 4958 4323)
4(2014 2001 4973 4986)
4(2014 4986 4987 2015)
4(2001 2015 4987 4973)
4(1874 2845 5817 4846)
4(1832 551 3523 4804)
4(551 1985 4957 3523)
4(145 290 4816 1844)
4(482 1844 4816 3454)
4(145 482 3454 290)
4(856 3828 5523 2551)
4(856 1940 4912 3828)
4(2913 5885 6033 3061)
4(2913 1955 4927 5885)
4(1955 3061 6033 4927)
4(1187 2612 5584 4159)
4(1137 1187 4159 4109)
4(801 1959 4931 3773)
4(1959 3169 6141 4931)
4(801 3773 6141 3169)
4(559 1836 4808 3531)
4(559 3531 5801 2829)
4(3194 6166 6169 3197)
4(3194 1581 4553 6166)
4(1581 3197 6169 4553)
4(143 459 3431 288)
4(143 288 4144 1172)
4(980 3167 6139 3952)
4(974 980 3952 3946)
4(1895 2668 5640 4867)
4(1060 4032 5640 2668)
4(1060 1895 4867 4032)
4(2603 1565 4537 5575)
4(2010 4982 5969 2997)
4(2010 2009 4981 4982)
4(1130 2071 5043 4102)
4(1912 4884 5043 2071)
4(13 365 6169 3197)
4(13 3194 6166 365)
4(994 3966 6001 3029)
4(989 3029 6001 3961)
4(994 989 3961 3966)
4(2769 2800 5772 5741)
4(2682 5654 5772 2800)
4(956 3928 5860 2888)
4(1824 2888 5860 4796)
4(494 496 3468 3466)
4(495 3467 3468 496)
4(2695 2696 5668 5667)
4(2695 5667 5669 2697)
4(3062 3086 6058 6034)
4(718 3690 6058 3086)
4(718 3062 6034 3690)
4(617 1894 4866 3589)
4(500 617 3589 3472)
4(500 3472 4866 1894)
4(1599 1600 4572 4571)
4(1598 1599 4571 4570)
4(2404 5376 6092 3120)
4(2107 3120 6092 5079)
4(1715 2786 5758 4687)
4(2775 1715 4687 5747)
4(2775 5747 5758 2786)
4(1795 4767 6186 3214)
4(1542 3214 6186 4514)
4(774 2400 5372 3746)
4(777 3749 5372 2400)
4(777 774 3746 3749)
4(2063 2820 5792 5035)
4(2052 5024 5792 2820)
4(2052 2063 5035 5024)
4(152 2612 5584 297)
4(1892 2070 5042 4864)
4(1892 4864 6022 3050)
4(2070 3050 6022 5042)
4(2770 3068 6040 5742)
4(2707 2770 5742 5679)
4(2707 5679 6040 3068)
4(2786 5758 5759 2787)
4(675 3647 5917 2945)
4(676 2945 5917 3648)
4(675 676 3648 3647)
4(929 931 3903 3901)
4(931 2928 5900 3903)
4(1117 4089 6181 3209)
4(2399 5371 6023 3051)
4(2145 3051 6023 5117)
4(2158 5130 5132 2160)
4(432 2160 5132 3404)
4(1959 4931 5998 3026)
4(801 3026 5998 3773)
4(1981 1995 4967 4953)
4(540 1981 4953 3512)
4(2009 3166 6138 4981)
4(1136 906 3878 4108)
4(498 1841 4813 3470)
4(617 3589 4813 1841)
4(617 498 3470 3589)
4(3025 5997 6026 3054)
4(1033 3054 6026 4005)
4(3025 1033 4005 5997)
4(2939 3101 6073 5911)
4(2665 5637 6073 3101)
4(2665 2939 5911 5637)
4(1757 2936 5908 4729)
4(2307 5279 5908 2936)
4(2307 1757 4729 5279)
4(462 3434 6151 3179)
4(462 2809 5781 3434)
4(2809 3179 6151 5781)
4(1618 26 378 4590)
4(26 2558 5530 378)
4(1618 4590 5530 2558)
4(2037 5009 5778 2806)
4(1035 2806 5778 4007)
4(2037 1035 4007 5009)
4(1968 2921 5893 4940)
4(1344 4316 5893 2921)
4(1344 1968 4940 4316)
4(2800 5772 5832 2860)
4(2799 2860 5832 5771)
4(2800 2799 5771 5772)
4(144 289 4816 1844)
4(1491 1487 4459 4463)
4(2781 1730 4702 5753)
4(1730 2794 5766 4702)
4(2410 3188 6160 5382)
4(2099 5071 6160 3188)
4(2962 5934 6039 3067)
4(2714 3067 6039 5686)
4(1336 4308 4989 2017)
4(1333 2017 4989 4305)
4(1336 1333 4305 4308)
4(1493 1498 4470 4465)
4(1493 4465 4569 1597)
4(2438 2765 5737 5410)
4(2637 5609 5737 2765)
4(2637 2438 5410 5609)
4(1426 1616 4588 4398)
4(1426 4398 5800 2828)
4(1616 4588 5802 2830)
4(1426 2830 5802 4398)
4(1316 4288 6142 3170)
4(1564 3170 6142 4536)
4(1603 4575 6137 3165)
4(1598 3165 6137 4570)
4(1902 3134 6106 4874)
4(437 3409 6106 3134)
4(916 918 3890 3888)
4(917 916 3888 3889)
4(917 3889 3890 918)
4(1807 3071 6043 4779)
4(1806 1807 4779 4778)
4(2335 5307 5391 2419)
4(2418 2419 5391 5390)
4(105 250 4862 1890)
4(427 1890 4862 3399)
4(105 427 3399 250)
4(2710 2766 5738 5682)
4(2708 5680 5738 2766)
4(3025 5997 6331 3359)
4(3054 3359 6331 6026)
4(1768 4740 5845 2873)
4(1783 2873 5845 4755)
4(1758 2936 5908 4730)
4(1757 1758 4730 4729)
4(476 3448 5742 2770)
4(2695 2770 5742 5667)
4(2862 5834 5856 2884)
4(2862 212 357 5834)
4(212 2884 5856 357)
4(1439 1617 4589 4411)
4(1439 4411 5803 2831)
4(1617 2831 5803 4589)
4(1617 4589 5799 2827)
4(2261 5233 5790 2818)
4(1951 2818 5790 4923)
4(1465 1831 4803 4437)
4(1453 1465 4437 4425)
4(433 2070 5042 3405)
4(1892 433 3405 4864)
4(2027 4999 5004 2032)
4(2030 2032 5004 5002)
4(1252 1248 4220 4224)
4(1245 1244 4216 4217)
4(1330 1331 4303 4302)
4(1316 1330 4302 4288)
4(1477 1586 4558 4449)
4(1475 1477 4449 4447)
4(2415 2594 5566 5387)
4(1177 2415 5387 4149)
4(1177 4149 5566 2594)
4(1942 1383 4355 4914)
4(1383 2582 5554 4355)
4(1331 4303 4305 1333)
4(1331 1332 4304 4303)
4(1332 1333 4305 4304)
4(1950 4922 6209 3237)
4(945 3237 6209 3917)
4(1950 945 3917 4922)
4(675 2020 4992 3647)
4(672 675 3647 3644)
4(1872 3331 6303 4844)
4(1869 1872 4844 4841)
4(2704 2709 5681 5676)
4(2971 3213 6185 5943)
4(1036 4008 6185 3213)
4(1036 2971 5943 4008)
4(1769 1807 4779 4741)
4(1807 2466 5438 4779)
4(1769 4741 5438 2466)
4(1482 1915 4887 4454)
4(1141 4113 5944 2972)
4(2402 2972 5944 5374)
4(104 249 4862 1890)
4(2285 2293 5265 5257)
4(2293 2899 5871 5265)
4(2285 5257 5871 2899)
4(488 135 280 3460)
4(135 3315 6287 280)
4(488 3460 6287 3315)
4(2063 565 3537 5035)
4(565 2820 5792 3537)
4(2993 3355 6327 5965)
4(490 2993 5965 3462)
4(79 463 3435 224)
4(79 224 5972 3000)
4(1524 1554 4526 4496)
4(1554 2834 5806 4526)
4(464 3436 6128 3156)
4(1152 3156 6128 4124)
4(1626 1747 4719 4598)
4(2524 3121 6093 5496)
4(2278 5250 6093 3121)
4(1622 4594 4902 1930)
4(1622 1623 4595 4594)
4(130 3355 6327 275)
4(129 274 6327 3355)
4(140 3356 6328 285)
4(139 284 6328 3356)
4(2095 2951 5923 5067)
4(2559 5531 5923 2951)
4(2559 2095 5067 5531)
4(3243 3270 6242 6215)
4(1879 4851 6242 3270)
4(1879 3243 6215 4851)
4(970 3942 6079 3107)
4(1596 3107 6079 4568)
4(2699 2697 5669 5671)
4(2699 5671 6202 3230)
4(1021 3993 4963 1991)
4(1990 1991 4963 4962)
4(1021 1990 4962 3993)
4(826 3101 6073 3798)
4(2939 826 3798 5911)
4(1021 3993 4964 1992)
4(1991 1992 4964 4963)
4(1517 1514 4486 4489)
4(1517 4489 6345 3373)
4(918 3890 3892 920)
4(918 919 3891 3890)
4(919 920 3892 3891)
4(1586 3065 6037 4558)
4(1563 4535 6037 3065)
4(2071 5043 6323 3351)
4(1130 3351 6323 4102)
4(563 2037 5009 3535)
4(563 3535 5778 2806)
4(2887 5859 6217 3245)
4(3012 3245 6217 5984)
4(2887 3012 5984 5859)
4(1357 4329 4989 2017)
4(1357 1969 4941 4329)
4(1089 4061 5856 2884)
4(1089 2862 5834 4061)
4(1951 1950 4922 4923)
4(1951 4923 6209 3237)
4(1814 1900 4872 4786)
4(430 3402 4872 1900)
4(1113 2098 5070 4085)
4(882 1113 4085 3854)
4(2693 2793 5765 5665)
4(2793 3285 6257 5765)
4(2409 2956 5928 5381)
4(1072 4044 5928 2956)
4(424 3090 6062 3396)
4(1144 4116 6062 3090)
4(1820 4792 5836 2864)
4(514 2864 5836 3486)
4(1820 514 3486 4792)
4(2695 3285 6257 5667)
4(2696 5668 6257 3285)
4(1895 555 3527 4867)
4(555 2668 5640 3527)
4(2765 5737 5987 3015)
4(2438 3015 5987 5410)
4(1837 4809 6156 3184)
4(1091 3184 6156 4063)
4(2114 3086 6058 5086)
4(3062 2114 5086 6034)
4(795 3270 6242 3767)
4(3243 795 3767 6215)
4(1597 4569 4914 1942)
4(1537 1942 4914 4509)
4(2249 2375 5347 5221)
4(2374 5346 5347 2375)
4(2685 3260 6232 5657)
4(2686 2685 5657 5658)
4(2686 5658 6232 3260)
4(2180 1583 4555 5152)
4(2180 5152 6337 3365)
4(1583 3365 6337 4555)
4(805 2913 5885 3777)
4(805 3777 6033 3061)
4(2150 1220 4192 5122)
4(2150 5122 6076 3104)
4(1220 3104 6076 4192)
4(747 746 3718 3719)
4(1024 3996 5258 2286)
4(1024 1950 4922 3996)
4(1950 2286 5258 4922)
4(1966 4938 5815 2843)
4(2379 2843 5815 5351)
4(1966 2379 5351 4938)
4(1896 438 3410 4868)
4(438 3110 6082 3410)
4(1604 3275 6247 4576)
4(1556 4528 6247 3275)
4(138 3312 6284 283)
4(137 282 6284 3312)
4(950 3922 6348 3376)
4(947 3376 6348 3919)
4(1129 4101 4912 1940)
4(1129 1019 3991 4101)
4(2105 739 3711 5077)
4(2105 5077 5809 2837)
4(1957 1977 4949 4929)
4(1976 4948 4949 1977)
4(1976 1957 4929 4948)
4(2115 2111 5083 5087)
4(2115 5087 5088 2116)
4(2111 2116 5088 5083)
4(1469 1823 4795 4441)
4(1535 1469 4441 4507)
4(1535 4507 4795 1823)
4(2358 2988 5960 5330)
4(2988 3036 6008 5960)
4(1482 1479 4451 4454)
4(1479 1915 4887 4451)
4(474 1901 4873 3446)
4(1899 474 3446 4871)
4(1899 4871 4873 1901)
4(138 457 3429 283)
4(457 3312 6284 3429)
4(2061 2823 5795 5033)
4(2050 5022 5795 2823)
4(2050 2061 5033 5022)
4(1606 1843 4815 4578)
4(1613 4585 4815 1843)
4(1613 1606 4578 4585)
4(1915 1916 4888 4887)
4(50 1806 4778 402)
4(2150 3147 6119 5122)
4(1220 4192 6119 3147)
4(1033 3205 6177 4005)
4(3054 6026 6177 3205)
4(1188 1189 4161 4160)
4(1188 4160 5008 2036)
4(1843 978 3950 4815)
4(1584 1903 4875 4556)
4(1624 4596 4875 1903)
4(1624 1584 4556 4596)
4(1943 1819 4791 4915)
4(1943 4915 5990 3018)
4(1334 1357 4329 4306)
4(1334 4306 4989 2017)
4(960 1972 4944 3932)
4(1971 4943 4944 1972)
4(1971 960 3932 4943)
4(1835 966 3938 4807)
4(966 2662 5634 3938)
4(1835 4807 5634 2662)
4(920 1115 4087 3892)
4(918 3890 4087 1115)
4(2267 1024 3996 5239)
4(2886 3060 6032 5858)
4(1763 2886 5858 4735)
4(1763 4735 6032 3060)
4(2618 3286 6258 5590)
4(959 2618 5590 3931)
4(959 3931 6258 3286)
4(3221 3290 6262 6193)
4(2276 5248 6262 3290)
4(2276 3221 6193 5248)
4(1497 4469 4544 1572)
4(1497 1491 4463 4469)
4(1180 1181 4153 4152)
4(447 3419 4153 1181)
4(2627 5599 5600 2628)
4(2627 1862 4834 5599)
4(2283 1771 4743 5255)
4(2283 5255 5346 2374)
4(1521 2013 4985 4493)
4(2013 2925 5897 4985)
4(1521 4493 5897 2925)
4(914 3886 3888 916)
4(914 915 3887 3886)
4(915 916 3888 3887)
4(2069 5041 5648 2676)
4(2065 2676 5648 5037)
4(2069 2065 5037 5041)
4(1101 1938 4910 4073)
4(458 1101 4073 3430)
4(458 3430 4910 1938)
4(2337 5309 5892 2920)
4(1936 2920 5892 4908)
4(747 3719 5641 2669)
4(2096 2669 5641 5068)
4(1333 1335 4307 4305)
4(1331 4303 4307 1335)
4(1901 4873 4874 1902)
4(474 1902 4874 3446)
4(2887 5859 6352 3380)
4(2887 720 3692 5859)
4(720 3380 6352 3692)
4(1793 2493 5465 4765)
4(2493 3122 6094 5465)
4(1793 4765 6094 3122)
4(1926 4898 5964 2992)
4(1144 2992 5964 4116)
4(1084 1089 4061 4056)
4(3004 5976 6102 3130)
4(3004 526 3498 5976)
4(526 3130 6102 3498)
4(2685 2684 5656 5657)
4(2684 3260 6232 5656)
4(1477 4449 4453 1481)
4(1479 1481 4453 4451)
4(1477 1479 4451 4449)
4(1568 3047 6019 4540)
4(1320 1568 4540 4292)
4(1320 4292 6019 3047)
4(2615 3154 6126 5587)
4(1473 2615 5587 4445)
4(1473 4445 6126 3154)
4(2105 2522 5494 5077)
4(739 3711 5494 2522)
4(2799 2759 5731 5771)
4(2799 5771 5831 2859)
4(2759 2859 5831 5731)
4(1120 1118 4090 4092)
4(1118 2927 5899 4090)
4(1120 4092 5899 2927)
4(1059 1189 4161 4031)
4(1110 1797 4769 4082)
4(1797 1799 4771 4769)
4(1110 4082 4771 1799)
4(1942 2999 5971 4914)
4(494 3466 4104 1132)
4(492 1132 4104 3464)
4(994 1833 4805 3966)
4(1833 3284 6256 4805)
4(994 3966 6256 3284)
4(1786 4758 4788 1816)
4(1784 1816 4788 4756)
4(1786 1784 4756 4758)
4(1193 1815 4787 4165)
4(971 3943 4787 1815)
4(971 1193 4165 3943)
4(1109 1817 4789 4081)
4(1793 1109 4081 4765)
4(1200 4172 4790 1818)
4(1191 1818 4790 4163)
4(1200 1191 4163 4172)
4(933 3374 6346 3905)
4(1063 4035 6346 3374)
4(2014 3190 6162 4986)
4(2001 4973 6162 3190)
4(926 928 3900 3898)
4(928 929 3901 3900)
4(1805 1107 4079 4777)
4(1107 2012 4984 4079)
4(1805 4777 4984 2012)
4(35 1903 4875 387)
4(1584 35 387 4556)
4(1619 4591 4593 1621)
4(29 1621 4593 381)
4(1619 29 381 4591)
4(18 1604 4576 370)
4(18 370 4896 1924)
4(480 3452 4594 1622)
4(37 1622 4594 389)
4(480 37 389 3452)
4(0 1804 4776 9)
4(969 3941 4776 1804)
4(969 0 9 3941)
4(1106 4078 4759 1787)
4(47 1787 4759 399)
4(1106 47 399 4078)
4(49 1797 4769 401)
4(1110 49 401 4082)
4(1108 4080 4773 1801)
4(56 1801 4773 408)
4(1108 56 408 4080)
4(1802 2591 5563 4774)
4(32 1802 4774 384)
4(32 384 5563 2591)
4(1340 1357 4329 4312)
4(1334 1340 4312 4306)
4(1927 462 3434 4899)
4(1913 2893 5865 4885)
4(1621 4593 5865 2893)
4(1621 1913 4885 4593)
4(1791 1792 4764 4763)
4(1791 4763 4766 1794)
4(1792 1794 4766 4764)
4(1968 1801 4773 4940)
4(1801 2921 5893 4773)
4(809 2132 5104 3781)
4(809 3781 5896 2924)
4(1978 4950 5900 2928)
4(2927 2928 5900 5899)
4(1978 2927 5899 4950)
4(2800 5772 6306 3334)
4(2860 3334 6306 5832)
4(142 441 3413 287)
4(141 286 3413 441)
4(127 272 3414 442)
4(2983 3100 6072 5955)
4(2325 2983 5955 5297)
4(2325 5297 6072 3100)
4(1357 4329 4541 1569)
4(1357 1358 4330 4329)
4(1358 1569 4541 4330)
4(1602 1063 4035 4574)
4(1602 4574 6133 3161)
4(1063 3161 6133 4035)
4(139 3028 6000 284)
4(138 283 6000 3028)
4(1120 3208 6180 4092)
4(1118 4090 6180 3208)
4(1816 4788 6171 3199)
4(1816 479 3451 4788)
4(2415 3055 6027 5387)
4(2594 5566 6027 3055)
4(2957 5929 5932 2960)
4(1989 2960 5932 4961)
4(2957 1989 4961 5929)
4(468 3351 6323 3440)
4(2405 468 3440 5377)
4(2061 569 3541 5033)
4(569 2823 5795 3541)
4(480 3452 4902 1930)
4(1139 2590 5562 4111)
4(2590 3353 6325 5562)
4(1139 4111 6325 3353)
4(1094 4066 6217 3245)
4(1094 2887 5859 4066)
4(744 747 3719 3716)
4(2324 2810 5782 5296)
4(2500 1518 4490 5472)
4(1518 2905 5877 4490)
4(1885 549 3521 4857)
4(1885 4857 5855 2883)
4(549 2883 5855 3521)
4(960 3106 6078 3932)
4(1972 4944 6078 3106)
4(2710 2711 5683 5682)
4(2711 2712 5684 5683)
4(2710 5682 5684 2712)
4(1542 4514 4965 1993)
4(1796 1993 4965 4768)
4(3157 6129 6286 3314)
4(3157 1532 4504 6129)
4(1532 3314 6286 4504)
4(2693 3352 6324 5665)
4(2793 5765 6324 3352)
4(1583 4555 5823 2851)
4(2180 2851 5823 5152)
4(567 2069 5041 3539)
4(567 3539 5648 2676)
4(463 2992 5964 3435)
4(2667 5639 5964 2992)
4(2219 5191 5260 2288)
4(2217 2288 5260 5189)
4(2219 2217 5189 5191)
4(1064 1601 4573 4036)
4(1064 4036 5927 2955)
4(2028 5000 5004 2032)
4(2028 2027 4999 5000)
4(2106 2522 5494 5078)
4(2105 2106 5078 5077)
4(2685 2926 5898 5657)
4(1104 4076 5898 2926)
4(936 3908 3913 941)
4(936 938 3910 3908)
4(938 941 3913 3910)
4(549 3521 6367 3395)
4(1885 3395 6367 4857)
4(916 919 3891 3888)
4(2020 2021 4993 4992)
4(1167 2020 4992 4139)
4(2854 5826 6135 3163)
4(2854 2853 5825 5826)
4(2853 3163 6135 5825)
4(3167 3280 6252 6139)
4(981 3167 6139 3953)
4(981 3953 6252 3280)
4(1098 4070 5379 2407)
4(1098 1114 4086 4070)
4(1114 2407 5379 4086)
4(1833 4805 6001 3029)
4(1495 1498 4470 4467)
4(1493 1495 4467 4465)
4(1185 4157 5079 2107)
4(1185 2106 5078 4157)
4(2106 2107 5079 5078)
4(26 378 6254 3282)
4(1618 3282 6254 4590)
4(920 921 3893 3892)
4(921 922 3894 3893)
4(1588 1336 4308 4560)
4(1163 1164 4136 4135)
4(1163 4135 4993 2021)
4(1139 2016 4988 4111)
4(2016 2590 5562 4988)
4(1816 1962 4934 4788)
4(1786 4758 4934 1962)
4(1133 2022 4994 4105)
4(2067 5039 5621 2649)
4(2068 2649 5621 5040)
4(2067 2068 5040 5039)
4(2021 675 3647 4993)
4(2021 4993 5917 2945)
4(1333 1334 4306 4305)
4(2413 470 3442 5385)
4(470 2811 5783 3442)
4(974 3946 6208 3236)
4(975 3236 6208 3947)
4(1108 1968 4940 4080)
4(1108 4080 4958 1986)
4(827 3799 6276 3304)
4(827 2813 5785 3799)
4(897 3869 5080 2108)
4(1029 2108 5080 4001)
4(897 1029 4001 3869)
4(774 773 3745 3746)
4(773 2400 5372 3745)
4(2922 5894 6047 3075)
4(2922 448 3420 5894)
4(448 3075 6047 3420)
4(1062 4034 5567 2595)
4(1062 1032 4004 4034)
4(1032 2595 5567 4004)
4(2884 453 3425 5856)
4(1962 4934 6171 3199)
4(1929 1597 4569 4901)
4(1932 1933 4905 4904)
4(1932 4904 6282 3310)
4(3257 3303 6275 6229)
4(538 3510 6275 3303)
4(538 3257 6229 3510)
4(2983 1746 4718 5955)
4(1746 3100 6072 4718)
4(2507 1777 4749 5479)
4(2237 2897 5869 5209)
4(2237 5209 5882 2910)
4(2792 2791 5763 5764)
4(2792 5764 6202 3230)
4(2791 3230 6202 5763)
4(2770 2697 5669 5742)
4(2697 3068 6040 5669)
4(2145 5117 5950 2978)
4(2401 2978 5950 5373)
4(1934 1935 4907 4906)
4(1935 2920 5892 4907)
4(1934 4906 5892 2920)
4(2682 2679 5651 5654)
4(2679 3001 5973 5651)
4(1974 3242 6214 4946)
4(1600 4572 6214 3242)
4(1600 1974 4946 4572)
4(617 1943 4915 3589)
4(1894 4866 4915 1943)
4(1913 4885 6335 3363)
4(1913 1615 4587 4885)
4(1615 3363 6335 4587)
4(2053 2839 5811 5025)
4(2054 5026 5811 2839)
4(2054 2053 5025 5026)
4(1886 1885 4857 4858)
4(2270 2272 5244 5242)
4(2272 3221 6193 5244)
4(2270 5242 6193 3221)
4(1783 4755 4757 1785)
4(1783 477 3449 4755)
4(477 1785 4757 3449)
4(1605 1843 4815 4577)
4(1606 1605 4577 4578)
4(1790 1792 4764 4762)
4(1791 1790 4762 4763)
4(1424 4396 5932 2960)
4(1424 2957 5929 4396)
4(2709 2711 5683 5681)
4(571 2067 5039 3543)
4(571 3543 5621 2649)
4(2357 478 3450 5329)
4(2357 5329 6148 3176)
4(478 3176 6148 3450)
4(1913 3262 6234 4885)
4(2893 5865 6234 3262)
4(2146 2922 5894 5118)
4(1984 4956 6315 3343)
4(543 3343 6315 3515)
4(1906 2046 5018 4878)
4(1908 1906 4878 4880)
4(127 272 4066 1094)
4(442 1094 4066 3414)
4(3030 3081 6053 6002)
4(1907 3030 6002 4879)
4(1907 4879 6053 3081)
4(131 276 6205 3233)
4(132 3233 6205 277)
4(142 1172 4144 287)
4(441 3413 4144 1172)
4(2699 3067 6039 5671)
4(2697 5669 6039 3067)
4(910 3882 4937 1965)
4(910 1964 4936 3882)
4(1964 1965 4937 4936)
4(1906 3328 6300 4878)
4(2046 5018 6300 3328)
4(1831 2095 5067 4803)
4(1449 4421 5067 2095)
4(1855 4827 4869 1897)
4(1846 1897 4869 4818)
4(1855 1846 4818 4827)
4(929 930 3902 3901)
4(930 931 3903 3902)
4(3021 1009 3981 5993)
4(1009 3070 6042 3981)
4(3021 5993 6042 3070)
4(496 1841 4813 3468)
4(498 496 3468 3470)
4(1834 1620 4592 4806)
4(1620 2011 4983 4592)
4(1834 4806 4983 2011)
4(140 285 4010 1038)
4(141 1038 4010 286)
4(451 3423 6327 3355)
4(451 129 274 3423)
4(140 450 3422 285)
4(450 3356 6328 3422)
4(617 3589 5615 2643)
4(1841 2643 5615 4813)
4(3262 6234 6335 3363)
4(2762 2786 5758 5734)
4(2762 5734 5759 2787)
4(509 3481 5835 2863)
4(511 2863 5835 3483)
4(509 511 3483 3481)
4(500 498 3470 3472)
4(3159 3192 6164 6131)
4(1875 4847 6164 3192)
4(1875 3159 6131 4847)
4(447 3087 6059 3419)
4(1179 4151 6059 3087)
4(2223 2219 5191 5195)
4(2223 5195 5260 2288)
4(1789 4761 6153 3181)
4(1789 1788 4760 4761)
4(1788 3181 6153 4760)
4(21 1789 4761 373)
4(1101 1937 4909 4073)
4(1937 1938 4910 4909)
4(1564 4536 6076 3104)
4(1948 1031 4003 4920)
4(1031 3038 6010 4003)
4(1948 4920 6010 3038)
4(3030 787 3759 6002)
4(787 3081 6053 3759)
4(1193 2038 5010 4165)
4(1815 4787 5010 2038)
4(3257 1157 4129 6229)
4(1157 3303 6275 4129)
4(2930 3057 6029 5902)
4(2772 5744 6029 3057)
4(3254 6226 6235 3263)
4(3253 3263 6235 6225)
4(3254 3253 6225 6226)
4(1010 962 3934 3982)
4(962 3182 6154 3934)
4(1010 3982 6154 3182)
4(914 3886 3889 917)
4(502 1894 4866 3474)
4(1833 502 3474 4805)
4(1833 4805 4866 1894)
4(2700 5672 5992 3020)
4(2916 3020 5992 5888)
4(2700 2916 5888 5672)
4(684 2035 5007 3656)
4(2034 684 3656 5006)
4(2034 5006 5007 2035)
4(1043 1820 4792 4015)
4(458 131 276 3430)
4(458 3430 6205 3233)
4(1943 2643 5615 4915)
4(1819 4791 5615 2643)
4(940 3912 6258 3286)
4(943 3286 6258 3915)
4(1909 4881 5608 2636)
4(823 2636 5608 3795)
4(1909 823 3795 4881)
4(1789 4761 6345 3373)
4(3181 3373 6345 6153)
4(525 2627 5599 3497)
4(524 3496 5599 2627)
4(524 525 3497 3496)
4(2595 2663 5635 5567)
4(1062 4034 5635 2663)
4(826 1928 4900 3798)
4(1928 3101 6073 4900)
4(2653 2835 5807 5625)
4(1045 4017 5807 2835)
4(1874 4846 5608 2636)
4(1087 4059 6083 3111)
4(1087 2115 5087 4059)
4(2115 3111 6083 5087)
4(2107 5079 5833 2861)
4(429 2861 5833 3401)
4(1173 2835 5807 4145)
4(1172 4144 5807 2835)
4(2995 3085 6057 5967)
4(1870 4842 6057 3085)
4(1870 2995 5967 4842)
4(1469 1471 4443 4441)
4(1471 1823 4795 4443)
4(963 3935 4095 1123)
4(1122 1123 4095 4094)
4(2263 2265 5237 5235)
4(2615 1595 4567 5587)
4(1595 3154 6126 4567)
4(2931 5903 6281 3309)
4(2690 3309 6281 5662)
4(496 3468 3871 899)
4(494 899 3871 3466)
4(1156 2887 5859 4128)
4(1156 4128 6352 3380)
4(2098 5070 6341 3369)
4(1113 3369 6341 4085)
4(989 1039 4011 3961)
4(1185 4157 5833 2861)
4(980 3952 4904 1932)
4(993 1932 4904 3965)
4(980 993 3965 3952)
4(1758 2766 5738 4730)
4(2766 2936 5908 5738)
4(443 3415 5944 2972)
4(1175 2972 5944 4147)
4(2384 870 3842 5356)
4(2384 5356 5815 2843)
4(870 2843 5815 3842)
4(1465 4437 4802 1830)
4(1465 1467 4439 4437)
4(1467 1830 4802 4439)
4(2835 5807 6024 3052)
4(1173 3052 6024 4145)
4(2493 5465 6122 3150)
4(1360 4332 6191 3219)
4(1603 3219 6191 4575)
4(2252 2288 5260 5224)
4(2217 2252 5224 5189)
4(1086 1087 4059 4058)
4(1569 1969 4941 4541)
4(432 3404 6025 3053)
4(2159 3053 6025 5131)
4(3148 3258 6230 6120)
4(2361 3148 6120 5333)
4(2361 5333 6230 3258)
4(528 2627 5599 3500)
4(525 528 3500 3497)
4(3159 541 3513 6131)
4(541 3192 6164 3513)
4(2063 5035 5793 2821)
4(2063 2044 5016 5035)
4(981 3953 5587 2615)
4(1832 2668 5640 4804)
4(551 3523 5640 2668)
4(1521 1522 4494 4493)
4(2113 5085 5087 2115)
4(2113 2111 5083 5085)
4(127 272 6217 3245)
4(1619 2893 5865 4591)
4(1980 1619 4591 4952)
4(1980 4952 5865 2893)
4(2835 5807 6222 3250)
4(2653 3250 6222 5625)
4(2113 1087 4059 5085)
4(1087 2114 5086 4059)
4(2252 2289 5261 5224)
4(2288 5260 5261 2289)
4(611 504 3476 3583)
4(504 1833 4805 3476)
4(611 3583 4805 1833)
4(2108 2098 5070 5080)
4(2108 5080 6341 3369)
4(2053 573 3545 5025)
4(573 2839 5811 3545)
4(2651 2800 5772 5623)
4(2769 2651 5623 5741)
4(2842 3242 6214 5814)
4(1974 2842 5814 4946)
4(973 3236 6208 3945)
4(962 973 3945 3934)
4(962 3934 6208 3236)
4(919 3891 5779 2807)
4(916 2807 5779 3888)
4(945 3917 6258 3286)
4(945 940 3912 3917)
4(3047 6019 6259 3287)
4(1568 3287 6259 4540)
4(1831 2951 5923 4803)
4(1538 4510 4997 2025)
4(1538 2023 4995 4510)
4(2023 2025 4997 4995)
4(2885 5857 5970 2998)
4(2885 2580 5552 5857)
4(2580 2998 5970 5552)
4(913 914 3886 3885)
4(886 913 3885 3858)
4(886 3858 3886 914)
4(431 3403 5088 2116)
4(431 2115 5087 3403)
4(1966 4938 6045 3073)
4(2843 3073 6045 5815)
4(1504 1585 4557 4476)
4(1504 4476 6121 3149)
4(1585 3149 6121 4557)
4(1587 1588 4560 4559)
4(462 209 354 3434)
4(209 1896 4868 354)
4(462 3434 4868 1896)
4(1195 4167 5010 2038)
4(1201 2038 5010 4173)
4(1195 1201 4173 4167)
4(150 2036 5008 295)
4(149 294 5008 2036)
4(685 2035 5007 3657)
4(684 685 3657 3656)
4(1893 4865 6022 3050)
4(1893 1892 4864 4865)
4(2749 2768 5740 5721)
4(2768 2777 5749 5740)
4(2925 3108 6080 5897)
4(2486 5458 6080 3108)
4(2486 2925 5897 5458)
4(1797 3296 6268 4769)
4(1799 4771 6268 3296)
4(2411 2412 5384 5383)
4(1057 4029 5384 2412)
4(1057 2411 5383 4029)
4(2344 2361 5333 5316)
4(2361 3249 6221 5333)
4(2344 5316 6221 3249)
4(476 3448 5820 2848)
4(136 2848 5820 281)
4(1498 1499 4471 4470)
4(1498 4470 4472 1500)
4(1499 1500 4472 4471)
4(2125 2126 5098 5097)
4(1744 4716 5098 2126)
4(899 1841 4813 3871)
4(1832 1060 4032 4804)
4(960 3932 5779 2807)
4(960 919 3891 3932)
4(3168 6140 6158 3186)
4(1061 3186 6158 4033)
4(3168 1061 4033 6140)
4(1802 4774 6286 3314)
4(1802 3157 6129 4774)
4(807 1931 4903 3779)
4(1931 3300 6272 4903)
4(2702 5674 6342 3370)
4(2702 2704 5676 5674)
4(459 144 289 3431)
4(459 3431 4816 1844)
4(2220 2260 5232 5192)
4(2260 2270 5242 5232)
4(1982 2950 5922 4954)
4(1083 4055 5922 2950)
4(1834 4806 5893 2921)
4(1834 1353 4325 4806)
4(1353 2921 5893 4325)
4(1920 2841 5813 4892)
4(1919 4891 5813 2841)
4(1919 1920 4892 4891)
4(2057 2855 5827 5029)
4(2058 5030 5827 2855)
4(2058 2057 5029 5030)
4(548 3520 4957 1985)
4(548 547 3519 3520)
4(2692 3285 6257 5664)
4(2695 2692 5664 5667)
4(1430 1598 4570 4402)
4(1360 1430 4402 4332)
4(1485 2902 5874 4457)
4(1914 4886 5874 2902)
4(918 983 3955 3890)
4(917 3889 3955 983)
4(1189 2941 5913 4161)
4(483 3455 5913 2941)
4(2037 2829 5801 5009)
4(1093 2037 5009 4065)
4(612 3584 5914 2942)
4(612 1911 4883 3584)
4(1911 2942 5914 4883)
4(1024 957 3929 3996)
4(957 1950 4922 3929)
4(454 1947 4919 3426)
4(1947 1948 4920 4919)
4(454 3426 4920 1948)
4(1591 3229 6201 4563)
4(972 3944 6201 3229)
4(2886 1787 4759 5858)
4(1787 3060 6032 4759)
4(1489 4461 4569 1597)
4(1489 1493 4465 4461)
4(2285 959 3931 5257)
4(959 2293 5265 3931)
4(1624 4596 4876 1904)
4(1797 1798 4770 4769)
4(1798 3296 6268 4770)
4(953 2996 5968 3925)
4(743 3715 5809 2837)
4(2101 2837 5809 5073)
4(1808 827 3799 4780)
4(1808 4780 6276 3304)
4(931 932 3904 3903)
4(932 933 3905 3904)
4(740 743 3715 3712)
4(1471 1475 4447 4443)
4(1471 4443 4535 1563)
4(1924 4896 4897 1925)
4(1556 1925 4897 4528)
4(2995 536 3508 5967)
4(536 3085 6057 3508)
4(2915 3050 6022 5887)
4(2110 5082 6022 3050)
4(2110 2915 5887 5082)
4(913 3885 4988 2016)
4(913 859 3831 3885)
4(859 2016 4988 3831)
4(551 548 3520 3523)
4(3031 2352 5324 6003)
4(3031 6003 6356 3384)
4(2352 3384 6356 5324)
4(954 3128 6100 3926)
4(951 954 3926 3923)
4(951 3923 6100 3128)
4(1607 4579 5530 2558)
4(1610 2558 5530 4582)
4(1607 1610 4582 4579)
4(1948 4920 6248 3276)
4(1948 2593 5565 4920)
4(2593 3276 6248 5565)
4(941 942 3914 3913)
4(942 3376 6348 3914)
4(941 3913 6348 3376)
4(2772 3153 6125 5744)
4(2755 5727 6125 3153)
4(2591 5563 6286 3314)
4(2123 749 3721 5095)
4(2123 5095 6244 3272)
4(749 3272 6244 3721)
4(75 1947 4919 220)
4(454 75 220 3426)
4(1920 4892 4893 1921)
4(437 1921 4893 3409)
4(1844 4816 5567 2595)
4(482 2595 5567 3454)
4(1169 3004 5976 4141)
4(1169 4141 6102 3130)
4(1918 4890 5932 2960)
4(1918 1424 4396 4890)
4(1031 4003 6248 3276)
4(1897 3044 6016 4869)
4(1855 4827 6016 3044)
4(1132 4104 6250 3278)
4(3255 3278 6250 6227)
4(1132 3255 6227 4104)
4(1889 3336 6308 4861)
4(1963 1889 4861 4935)
4(1963 4935 6308 3336)
4(1889 3337 6309 4861)
4(3336 6308 6309 3337)
4(2077 5049 5612 2640)
4(2075 2640 5612 5047)
4(2077 2075 5047 5049)
4(1947 2593 5565 4919)
4(943 3915 6184 3212)
4(860 3024 5996 3832)
4(2112 5084 5996 3024)
4(936 3908 6346 3374)
4(941 3374 6346 3913)
4(497 496 3468 3469)
4(497 3469 3470 498)
4(478 3450 5819 2847)
4(2357 2847 5819 5329)
4(2287 3350 6322 5259)
4(2271 5243 6322 3350)
4(491 3254 6226 3463)
4(491 3463 6235 3263)
4(1919 4891 5527 2555)
4(1919 881 3853 4891)
4(881 2555 5527 3853)
4(2069 2806 5778 5041)
4(1035 2069 5041 4007)
4(1920 1922 4894 4892)
4(1922 2841 5813 4894)
4(1769 3071 6043 4741)
4(495 3467 3469 497)
4(2279 5251 6196 3224)
4(2540 3224 6196 5512)
4(463 80 225 3435)
4(80 1926 4898 225)
4(463 3435 4898 1926)
4(2106 2946 5918 5078)
4(2522 5494 5918 2946)
4(514 510 3482 3486)
4(510 2864 5836 3482)
4(933 936 3908 3905)
4(827 3799 6255 3283)
4(1808 3283 6255 4780)
4(2223 2229 5201 5195)
4(2228 2223 5195 5200)
4(2228 5200 5201 2229)
4(2013 1803 4775 4985)
4(1803 2925 5897 4775)
4(1009 3981 5994 3022)
4(3021 3022 5994 5993)
4(1782 1783 4755 4754)
4(1782 4754 5953 2981)
4(2289 5261 5266 2294)
4(2252 2294 5266 5224)
4(2964 2984 5956 5936)
4(2127 5099 5956 2984)
4(2127 2964 5936 5099)
4(1785 3325 6297 4757)
4(1783 4755 6297 3325)
4(1971 4943 6056 3084)
4(1971 1044 4016 4943)
4(1044 3084 6056 4016)
4(896 897 3869 3868)
4(896 3868 5080 2108)
4(2269 5241 5250 2278)
4(2269 2256 5228 5241)
4(1872 1988 4960 4844)
4(1988 3331 6303 4960)
4(1844 3247 6219 4816)
4(1174 1844 4816 4146)
4(1174 4146 6219 3247)
4(1846 908 3880 4818)
4(908 1897 4869 3880)
4(2595 3247 6219 5567)
4(2851 2949 5921 5823)
4(1583 4555 5921 2949)
4(125 460 3432 270)
4(125 270 4917 1945)
4(460 1945 4917 3432)
4(1858 2629 5601 4830)
4(2628 5600 5601 2629)
4(956 2933 5905 3928)
4(2933 3128 6100 5905)
4(956 3928 6100 3128)
4(1995 1855 4827 4967)
4(1855 1996 4968 4827)
4(2117 2560 5532 5089)
4(2082 2117 5089 5054)
4(2082 5054 5532 2560)
4(2123 3274 6246 5095)
4(749 3721 6246 3274)
4(2791 5763 5768 2796)
4(2792 2796 5768 5764)
4(1043 4015 6238 3266)
4(1994 3266 6238 4966)
4(3115 2989 5961 6087)
4(2989 3357 6329 5961)
4(3115 6087 6329 3357)
4(2162 3013 5985 5134)
4(471 3443 5985 3013)
4(872 1846 4818 3844)
4(873 3845 4818 1846)
4(873 872 3844 3845)
4(1847 1855 4827 4819)
4(1847 4819 4967 1995)
4(1826 4798 5896 2924)
4(813 2924 5896 3785)
4(2222 5194 5195 2223)
4(2222 2219 5191 5194)
4(2251 2283 5255 5223)
4(2283 3251 6223 5255)
4(2251 5223 6223 3251)
4(575 2077 5049 3547)
4(575 3547 5612 2640)
4(825 818 3790 3797)
4(818 1909 4881 3790)
4(2061 5033 5792 2820)
4(2061 2052 5024 5033)
4(2400 3051 6023 5372)
4(777 3749 6023 3051)
4(1818 3372 6344 4790)
4(1200 4172 6344 3372)
4(2007 2008 4980 4979)
4(2008 2625 5597 4980)
4(2007 4979 5597 2625)
4(2143 5115 5969 2997)
4(425 207 352 3397)
4(207 1927 4899 352)
4(159 304 5043 2071)
4(160 2071 5043 305)
4(1486 1929 4901 4458)
4(1484 4456 4901 1929)
4(1484 1486 4458 4456)
4(1830 1831 4803 4802)
4(1910 1156 4128 4882)
4(1910 4882 4883 1911)
4(1156 1911 4883 4128)
4(872 908 3880 3844)
4(691 2035 5007 3663)
4(685 691 3663 3657)
4(913 915 3887 3885)
4(1495 1499 4471 4467)
4(2351 2352 5324 5323)
4(2351 5323 6003 3031)
4(1467 1469 4441 4439)
4(1467 4439 4507 1535)
4(1961 3156 6128 4933)
4(1148 1961 4933 4120)
4(1148 4120 6128 3156)
4(1798 2886 5858 4770)
4(2208 1798 4770 5180)
4(2208 5180 5858 2886)
4(1138 2108 5080 4110)
4(1029 1138 4110 4001)
4(1139 913 3885 4111)
4(1143 3168 6140 4115)
4(1143 4115 6158 3186)
4(903 1156 4128 3875)
4(903 3875 4882 1910)
4(2890 5862 5863 2891)
4(1289 2891 5863 4261)
4(2890 1289 4261 5862)
4(449 3421 5584 2612)
4(2275 5247 5775 2803)
4(2275 2284 5256 5247)
4(2702 3246 6218 5674)
4(2698 2702 5674 5670)
4(2698 5670 6218 3246)
4(2904 2908 5880 5876)
4(1150 2904 5876 4122)
4(1150 4122 5880 2908)
4(2851 1904 4876 5823)
4(141 286 6199 3227)
4(441 3227 6199 3413)
4(2981 2479 5451 5953)
4(2479 3060 6032 5451)
4(2981 5953 6032 3060)
4(945 2618 5590 3917)
4(1791 1796 4768 4763)
4(1795 1791 4763 4767)
4(1719 1720 4692 4691)
4(1720 3083 6055 4692)
4(1719 4691 6055 3083)
4(1494 2932 5904 4466)
4(1504 4476 5904 2932)
4(1504 1494 4466 4476)
4(1085 1928 4900 4057)
4(1096 1085 4057 4068)
4(1096 4068 4900 1928)
4(1847 1846 4818 4819)
4(2182 5154 6337 3365)
4(2182 2180 5152 5154)
4(954 955 3927 3926)
4(955 3128 6100 3927)
4(2717 5689 5992 3020)
4(2717 2700 5672 5689)
4(21 1788 4760 373)
4(3164 3202 6174 6136)
4(534 3506 6174 3202)
4(534 3164 6136 3506)
4(2068 2077 5049 5040)
4(2077 2649 5621 5049)
4(1106 4078 5858 2886)
4(3028 3356 6328 6000)
4(491 3463 6328 3356)
4(491 3028 6000 3463)
4(971 1191 4163 3943)
4(971 3943 4164 1192)
4(1191 1192 4164 4163)
4(1105 1620 4592 4077)
4(1105 4077 4806 1834)
4(1782 477 3449 4754)
4(952 1924 4896 3924)
4(952 3924 4897 1925)
4(1818 944 3916 4790)
4(1818 4790 4913 1941)
4(944 1941 4913 3916)
4(1605 978 3950 4577)
4(1790 1109 4081 4762)
4(1109 1792 4764 4081)
4(946 1790 4762 3918)
4(946 3918 4763 1791)
4(477 1784 4756 3449)
4(1784 1785 4757 4756)
4(979 1605 4577 3951)
4(979 3951 4578 1606)
4(3129 3162 6134 6101)
4(1887 4859 6134 3162)
4(1887 3129 6101 4859)
4(2254 5226 5790 2818)
4(2254 2261 5233 5226)
4(955 961 3933 3927)
4(961 962 3934 3933)
4(2593 901 3873 5565)
4(901 3276 6248 3873)
4(2291 2294 5266 5263)
4(1295 4267 5266 2294)
4(1295 2291 5263 4267)
4(2626 2627 5599 5598)
4(528 2626 5598 3500)
4(871 3843 5996 3024)
4(2915 3024 5996 5887)
4(873 3845 4819 1847)
4(1586 3207 6179 4558)
4(967 3939 5900 2928)
4(967 1978 4950 3939)
4(2078 5050 5595 2623)
4(2079 2623 5595 5051)
4(2078 2079 5051 5050)
4(2266 5238 5652 2680)
4(2264 2680 5652 5236)
4(2266 2264 5236 5238)
4(1896 4868 5925 2953)
4(1810 2953 5925 4782)
4(1530 1532 4504 4502)
4(524 3496 5600 2628)
4(1916 2918 5890 4888)
4(2126 5098 5890 2918)
4(2057 577 3549 5029)
4(577 2855 5827 3549)
4(899 1132 4104 3871)
4(899 3871 6250 3278)
4(565 3537 5793 2821)
4(2950 2869 5841 5922)
4(2869 3308 6280 5841)
4(2950 5922 6280 3308)
4(1045 4017 6024 3052)
4(2767 2720 5692 5739)
4(2767 5739 6036 3064)
4(2720 3064 6036 5692)
4(1255 1338 4310 4227)
4(1337 4309 4310 1338)
4(2458 5430 5775 2803)
4(2458 2275 5247 5430)
4(579 2078 5050 3551)
4(579 3551 5595 2623)
4(933 935 3907 3905)
4(935 936 3908 3907)
4(1185 2946 5918 4157)
4(870 3842 6302 3330)
4(2384 3330 6302 5356)
4(923 1115 4087 3895)
4(2407 3189 6161 5379)
4(1098 4070 6161 3189)
4(1489 1929 4901 4461)
4(1486 1489 4461 4458)
4(976 1619 4591 3948)
4(976 3948 4952 1980)
4(1330 1332 4304 4302)
4(493 720 3692 3465)
4(442 3414 3692 720)
4(486 3458 5922 2950)
4(486 2869 5841 3458)
4(2284 2804 5776 5256)
4(2067 2676 5648 5039)
4(2065 2067 5039 5037)
4(924 928 3900 3896)
4(1817 1108 4080 4789)
4(456 3428 5008 2036)
4(1466 1467 4439 4438)
4(1465 1466 4438 4437)
4(1305 2031 5003 4277)
4(1305 4277 5144 2172)
4(2031 2172 5144 5003)
4(2283 5255 6108 3136)
4(2251 3136 6108 5223)
4(1898 1910 4882 4870)
4(1898 4870 4883 1911)
4(540 3512 5835 2863)
4(540 509 3481 3512)
4(563 2829 5801 3535)
4(1715 4687 5760 2788)
4(2775 2788 5760 5747)
4(859 886 3858 3831)
4(885 3857 3858 886)
4(885 859 3831 3857)
4(1827 1826 4798 4799)
4(1592 2932 5904 4564)
4(1494 1592 4564 4466)
4(1962 4934 5440 2468)
4(1773 2468 5440 4745)
4(1962 1773 4745 4934)
4(1110 1806 4778 4082)
4(50 1110 4082 402)
4(1002 3974 4994 2022)
4(1002 1832 4804 3974)
4(204 1977 4949 349)
4(446 204 349 3418)
4(446 3418 4949 1977)
4(1526 3007 5979 4498)
4(1974 4946 5979 3007)
4(1974 1526 4498 4946)
4(1620 1805 4777 4592)
4(1805 2011 4983 4777)
4(502 500 3472 3474)
4(949 1803 4775 3921)
4(949 3921 4985 2013)
4(2147 428 3400 5119)
4(428 3388 6360 3400)
4(2147 5119 6360 3388)
4(828 3800 3844 872)
4(828 829 3801 3800)
4(829 872 3844 3801)
4(874 908 3880 3846)
4(872 874 3846 3844)
4(1898 908 3880 4870)
4(908 1910 4882 3880)
4(210 438 3410 355)
4(210 355 4868 1896)
4(2053 5025 5795 2823)
4(2053 2050 5022 5025)
4(2060 2081 5053 5032)
4(2080 2060 5032 5052)
4(2080 5052 5053 2081)
4(1193 1195 4167 4165)
4(1332 1334 4306 4304)
4(150 456 3428 295)
4(485 149 294 3457)
4(1201 1589 4561 4173)
4(1589 2038 5010 4561)
4(823 3795 3800 828)
4(823 824 3796 3795)
4(824 828 3800 3796)
4(1908 4880 5931 2959)
4(2043 2959 5931 5015)
4(1897 3348 6320 4869)
4(3044 6016 6320 3348)
4(1999 797 3769 4971)
4(1999 4971 6070 3098)
4(797 3098 6070 3769)
4(2284 5256 6362 3390)
4(2275 3390 6362 5247)
4(1823 4795 5932 2960)
4(1823 1918 4890 4795)
4(1901 1919 4891 4873)
4(1901 4873 5527 2555)
4(428 3400 5950 2978)
4(2147 2978 5950 5119)
4(506 3478 3583 611)
4(506 504 3476 3478)
4(1907 4879 5931 2959)
4(1907 1908 4880 4879)
4(2573 3178 6150 5545)
4(2027 2573 5545 4999)
4(828 3800 3845 873)
4(2345 2360 5332 5317)
4(2360 2363 5335 5332)
4(2345 5317 5335 2363)
4(1743 1708 4680 4715)
4(1743 4715 6190 3218)
4(691 3663 5096 2124)
4(691 1979 4951 3663)
4(1979 2124 5096 4951)
4(1981 2985 5957 4953)
4(1851 1981 4953 4823)
4(1851 4823 5957 2985)
4(581 2560 5532 3553)
4(2117 581 3553 5089)
4(2710 2795 5767 5682)
4(2766 5738 5767 2795)
4(2959 3030 6002 5931)
4(1481 1586 4558 4453)
4(2060 2082 5054 5032)
4(2081 5053 5054 2082)
4(2967 3003 5975 5939)
4(2563 5535 5975 3003)
4(2563 2967 5939 5535)
4(811 1973 4945 3783)
4(1973 3225 6197 4945)
4(126 460 3432 271)
4(2993 451 3423 5965)
4(2590 663 3635 5562)
4(663 3353 6325 3635)
4(2955 1339 4311 5927)
4(2955 5927 6085 3113)
4(1339 3113 6085 4311)
4(1820 3152 6124 4792)
4(514 3486 6124 3152)
4(2768 5740 5924 2952)
4(2749 2952 5924 5721)
4(1467 1468 4440 4439)
4(1468 1469 4441 4440)
4(919 921 3893 3891)
4(979 1607 4579 3951)
4(979 3951 5530 2558)
4(2268 3333 6305 5240)
4(2678 2268 5240 5650)
4(3129 791 3763 6101)
4(791 3162 6134 3763)
4(2291 2289 5261 5263)
4(20 1788 4760 372)
4(17 1604 4576 369)
4(34 1903 4875 386)
4(28 1621 4593 380)
4(71 1804 4776 423)
4(36 1622 4594 388)
4(31 1802 4774 383)
4(25 2558 5530 377)
4(48 1797 4769 400)
4(55 1801 4773 407)
4(46 1787 4759 398)
4(1768 2479 5451 4740)
4(922 966 3938 3894)
4(922 3894 4807 1835)
4(686 2908 5880 3658)
4(2904 686 3658 5876)
4(1795 2603 5575 4767)
4(946 1795 4767 3918)
4(946 3918 5575 2603)
4(464 1961 4933 3436)
4(83 464 3436 228)
4(83 228 4933 1961)
4(2059 5031 5052 2080)
4(2059 2060 5032 5031)
4(61 2603 5575 413)
4(211 438 3410 356)
4(77 222 3411 439)
4(78 439 3411 223)
4(1021 652 3624 3993)
4(652 2802 5774 3624)
4(1021 3993 5774 2802)
4(969 3941 6086 3114)
4(1804 3114 6086 4776)
4(2720 5692 6233 3261)
4(2767 3261 6233 5739)
4(826 3185 6157 3798)
4(1928 4900 6157 3185)
4(1535 4507 5932 2960)
4(971 66 418 3943)
4(66 1191 4163 418)
4(15 948 3920 367)
4(15 367 4775 1803)
4(948 1803 4775 3920)
4(1784 42 394 4756)
4(42 1816 4788 394)
4(70 1891 4863 422)
4(972 70 422 3944)
4(1105 54 406 4077)
4(54 1620 4592 406)
4(44 477 3449 396)
4(44 396 4754 1782)
4(952 19 371 3924)
4(19 1924 4896 371)
4(57 409 4789 1817)
4(57 1108 4080 409)
4(64 944 3916 416)
4(64 416 4790 1818)
4(52 404 4777 1805)
4(52 1107 4079 404)
4(23 978 3950 375)
4(23 375 4577 1605)
4(68 1815 4787 420)
4(968 68 420 3940)
4(968 3940 4787 1815)
4(30 1619 4591 382)
4(976 30 382 3948)
4(59 1109 4081 411)
4(59 411 4762 1790)
4(946 60 412 3918)
4(60 1790 4762 412)
4(477 43 395 3449)
4(43 1784 4756 395)
4(979 24 376 3951)
4(24 1605 4577 376)
4(58 1817 4789 410)
4(1109 58 410 4081)
4(67 419 4787 1815)
4(67 971 3943 419)
4(968 1891 4863 3940)
4(69 421 4863 1891)
4(69 968 3940 421)
4(1684 45 397 4656)
4(45 1782 4754 397)
4(1684 4656 4754 1782)
4(41 479 3451 393)
4(41 393 4788 1816)
4(1620 53 405 4592)
4(53 1805 4777 405)
4(949 16 368 3921)
4(16 1803 4775 368)
4(65 1818 4790 417)
4(1191 65 417 4163)
4(3255 1838 4810 6227)
4(1838 3278 6250 4810)
4(815 814 3786 3787)
4(815 3787 3788 816)
4(814 816 3788 3786)
4(1776 1774 4746 4748)
4(2850 5822 5849 2877)
4(2850 731 3703 5822)
4(731 2877 5849 3703)
4(1102 33 385 4074)
4(33 2591 5563 385)
4(1977 4949 6144 3172)
4(1957 3172 6144 4929)
4(1481 4453 4454 1482)
4(2356 2360 5332 5328)
4(2345 2356 5328 5317)
4(1897 4869 4870 1898)
4(1475 1476 4448 4447)
4(1476 1477 4449 4448)
4(2237 2948 5920 5209)
4(2897 5869 5920 2948)
4(2988 3040 6012 5960)
4(2875 5847 6012 3040)
4(2875 2988 5960 5847)
4(763 2059 5031 3735)
4(763 3735 5052 2080)
4(1287 4259 5267 2295)
4(1292 2295 5267 4264)
4(1287 1292 4264 4259)
4(3040 3378 6350 6012)
4(2362 5334 6350 3378)
4(2362 3040 6012 5334)
4(658 2590 5562 3630)
4(660 3632 5562 2590)
4(660 658 3630 3632)
4(441 3413 5807 2835)
4(567 2806 5778 3539)
4(1002 2646 5618 3974)
4(1000 1002 3974 3972)
4(1000 3972 5618 2646)
4(2971 947 3919 5943)
4(1980 4952 6143 3171)
4(2893 3171 6143 5865)
4(1085 1082 4054 4057)
4(1082 1928 4900 4054)
4(569 3541 5792 2820)
4(1610 1618 4590 4582)
4(820 3792 3795 823)
4(822 823 3795 3794)
4(820 822 3794 3792)
4(1836 4808 5870 2898)
4(559 2898 5870 3531)
4(2897 3362 6334 5869)
4(2250 5222 6334 3362)
4(2603 5575 6186 3214)
4(2035 5007 5096 2124)
4(77 222 4918 1946)
4(439 1946 4918 3411)
4(828 2636 5608 3800)
4(1872 3371 6343 4844)
4(1988 4960 6343 3371)
4(101 1822 4794 246)
4(101 246 6273 3301)
4(1822 3301 6273 4794)
4(208 462 3434 353)
4(208 353 4899 1927)
4(2925 948 3920 5897)
4(948 3108 6080 3920)
4(2308 2307 5279 5280)
4(2308 5280 5908 2936)
4(1963 461 3433 4935)
4(1963 4935 4936 1964)
4(461 1964 4936 3433)
4(1469 1470 4442 4441)
4(1470 1471 4443 4442)
4(2085 2083 5055 5057)
4(2085 5057 5058 2086)
4(2083 2086 5058 5055)
4(1501 1503 4475 4473)
4(1501 4473 4492 1520)
4(1503 1520 4492 4475)
4(2932 5904 5942 2970)
4(2045 3234 6206 5017)
4(561 3533 6206 3234)
4(1305 2030 5002 4277)
4(2030 2031 5003 5002)
4(915 1140 4112 3887)
4(915 3887 5779 2807)
4(1140 2807 5779 4112)
4(571 2676 5648 3543)
4(38 2655 5627 390)
4(1464 1465 4437 4436)
4(1453 1464 4436 4425)
4(815 1949 4921 3787)
4(1949 3140 6112 4921)
4(1181 4153 4154 1182)
4(1180 1182 4154 4152)
4(1471 1474 4446 4443)
4(1474 1475 4447 4446)
4(1095 4067 4068 1096)
4(1095 1085 4057 4067)
4(468 3440 5043 2071)
4(468 159 304 3440)
4(444 2071 5043 3416)
4(160 444 3416 305)
4(504 502 3474 3476)
4(2010 3323 6295 4982)
4(2008 2010 4982 4980)
4(2008 4980 6295 3323)
4(1477 1478 4450 4449)
4(1478 1479 4451 4450)
4(1473 2616 5588 4445)
4(2615 5587 5588 2616)
4(1387 4359 5971 2999)
4(1387 1384 4356 4359)
4(81 424 3396 226)
4(81 226 4898 1926)
4(495 2942 5914 3467)
4(493 3465 5914 2942)
4(462 2953 5925 3434)
4(2809 5781 5925 2953)
4(1902 1919 4891 4874)
4(2819 3248 6220 5791)
4(1758 2819 5791 4730)
4(1758 4730 6220 3248)
4(658 663 3635 3630)
4(1895 2898 5870 4867)
4(555 3527 5870 2898)
4(1335 4307 4308 1336)
4(3033 3209 6181 6005)
4(1119 3033 6005 4091)
4(1119 4091 6181 3209)
4(820 3792 4881 1909)
4(703 1839 4811 3675)
4(1839 3231 6203 4811)
4(703 3675 6203 3231)
4(1923 2885 5857 4895)
4(1923 4895 5970 2998)
4(1110 4082 4772 1800)
4(1799 1800 4772 4771)
4(812 814 3786 3784)
4(812 3784 3787 815)
4(1497 3007 5979 4469)
4(1526 1497 4469 4498)
4(684 2945 5917 3656)
4(676 684 3656 3648)
4(763 3735 5581 2609)
4(764 2609 5581 3736)
4(763 764 3736 3735)
4(1798 1106 4078 4770)
4(918 3890 6213 3241)
4(1115 3241 6213 4087)
4(1794 1796 4768 4766)
4(2825 5797 6007 3035)
4(2825 3023 5995 5797)
4(3023 3035 6007 5995)
4(1484 4456 5554 2582)
4(2223 2243 5215 5195)
4(2229 5201 5215 2243)
4(2012 4984 6043 3071)
4(816 818 3790 3788)
4(816 3788 3797 825)
4(2079 2092 5064 5051)
4(2092 2623 5595 5064)
4(3075 3323 6295 6047)
4(2294 5266 5644 2672)
4(2252 2672 5644 5224)
4(2880 5852 6081 3109)
4(2880 1569 4541 5852)
4(1569 3109 6081 4541)
4(885 3857 4017 1045)
4(2222 5194 5200 2228)
4(2712 5684 5685 2713)
4(2711 2713 5685 5683)
4(903 1046 4018 3875)
4(1046 1156 4128 4018)
4(2993 5965 6227 3255)
4(2993 1838 4810 5965)
4(811 810 3782 3783)
4(811 3783 3784 812)
4(810 812 3784 3782)
4(2057 2054 5026 5029)
4(2057 5029 5811 2839)
4(63 415 5787 2815)
4(2059 5031 5581 2609)
4(1613 4585 6111 3139)
4(2092 5064 5593 2621)
4(2090 2621 5593 5062)
4(2092 2090 5062 5064)
4(2586 5558 5573 2601)
4(2156 2601 5573 5128)
4(2586 2156 5128 5558)
4(2022 2646 5618 4994)
4(915 1139 4111 3887)
4(1139 1140 4112 4111)
4(3103 6075 6192 3220)
4(3103 2305 5277 6075)
4(2305 3220 6192 5277)
4(1340 1358 4330 4312)
4(499 498 3470 3471)
4(499 3471 3472 500)
4(818 820 3792 3790)
4(451 3423 6227 3255)
4(1134 4106 5780 2808)
4(1134 1135 4107 4106)
4(1135 2808 5780 4107)
4(2060 2117 5089 5032)
4(2226 2818 5790 5198)
4(2287 5259 5790 2818)
4(2287 2226 5198 5259)
4(478 3450 6127 3155)
4(2847 3155 6127 5819)
4(2674 3173 6145 5646)
4(2937 2674 5646 5909)
4(2937 5909 6145 3173)
4(76 221 4919 1947)
4(76 1946 4918 221)
4(1946 1947 4919 4918)
4(2082 2630 5602 5054)
4(2083 2082 5054 5055)
4(2083 5055 5602 2630)
4(3164 1161 4133 6136)
4(1161 3202 6174 4133)
4(1905 3014 5986 4877)
4(1906 1905 4877 4878)
4(1906 4878 5986 3014)
4(1962 4934 5991 3019)
4(2468 3019 5991 5440)
4(859 679 3651 3831)
4(679 2016 4988 3651)
4(2764 3248 6220 5736)
4(2819 2764 5736 5791)
4(1792 3122 6094 4764)
4(807 806 3778 3779)
4(807 3779 3780 808)
4(806 808 3780 3778)
4(459 1174 4146 3431)
4(1173 4145 4146 1174)
4(2158 5130 5573 2601)
4(2160 2601 5573 5132)
4(2227 2879 5851 5199)
4(2227 5199 6334 3362)
4(2078 2640 5612 5050)
4(2075 2078 5050 5047)
4(2560 2630 5602 5532)
4(923 3138 6110 3895)
4(1115 4087 6110 3138)
4(2391 5363 6194 3222)
4(2391 2516 5488 5363)
4(2516 3222 6194 5488)
4(1097 1096 4068 4069)
4(1097 4069 4780 1808)
4(1096 1808 4780 4068)
4(487 2663 5635 3459)
4(2663 2867 5839 5635)
4(487 3459 5839 2867)
4(1965 1966 4938 4937)
4(910 3882 4938 1966)
4(812 813 3785 3784)
4(813 814 3786 3785)
4(1420 2559 5531 4392)
4(1420 4392 5923 2951)
4(2084 5056 5057 2085)
4(2084 2083 5055 5056)
4(2807 3106 6078 5779)
4(2466 5438 5864 2892)
4(1807 2892 5864 4779)
4(1891 3011 5983 4863)
4(1591 4563 5983 3011)
4(1604 949 3921 4576)
4(949 2834 5806 3921)
4(1604 4576 5806 2834)
4(2068 2074 5046 5040)
4(2074 2077 5049 5046)
4(2415 452 3424 5387)
4(452 3055 6027 3424)
4(1010 3046 6018 3982)
4(2229 2230 5202 5201)
4(2228 5200 5202 2230)
4(1232 4204 5100 2128)
4(1232 1254 4226 4204)
4(1254 2128 5100 4226)
4(3084 3344 6316 6056)
4(1971 4943 6316 3344)
4(1839 1170 4142 4811)
4(1170 1840 4812 4142)
4(1839 4811 4812 1840)
4(1717 4689 5760 2788)
4(1714 2788 5760 4686)
4(1717 1714 4686 4689)
4(583 2092 5064 3555)
4(583 3555 5593 2621)
4(424 82 227 3396)
4(82 1961 4933 227)
4(424 3396 4933 1961)
4(692 1979 4951 3664)
4(691 692 3664 3663)
4(101 3078 6050 246)
4(1822 4794 6050 3078)
4(2249 2369 5341 5221)
4(2369 2375 5347 5341)
4(1849 4821 4967 1995)
4(1849 1847 4819 4821)
4(970 1917 4889 3942)
4(1917 3194 6166 4889)
4(970 3942 6166 3194)
4(724 3696 5056 2084)
4(759 2084 5056 3731)
4(724 759 3731 3696)
4(808 810 3782 3780)
4(808 3780 3783 811)
4(40 392 5830 2858)
4(206 351 3397 425)
4(1329 4301 6336 3364)
4(1329 1337 4309 4301)
4(1337 3364 6336 4309)
4(1105 4077 5893 2921)
4(904 3876 5637 2665)
4(904 875 3847 3876)
4(875 2665 5637 3847)
4(816 817 3789 3788)
4(817 818 3790 3789)
4(3379 1190 4162 6351)
4(1190 3383 6355 4162)
4(3379 6351 6355 3383)
4(2415 5387 6031 3059)
4(2587 1190 4162 5559)
4(2587 5559 6351 3379)
4(2673 2805 5777 5645)
4(1352 2673 5645 4324)
4(1352 4324 5777 2805)
4(1576 3256 6228 4548)
4(1577 1576 4548 4549)
4(914 2976 5948 3886)
4(1141 1142 4114 4113)
4(1142 2935 5907 4114)
4(703 3259 6231 3675)
4(124 1945 4917 269)
4(481 124 269 3453)
4(481 3453 4917 1945)
4(2691 2689 5661 5663)
4(2691 5663 5664 2692)
4(2493 1328 4300 5465)
4(2708 3248 6220 5680)
4(3248 3370 6342 6220)
4(1799 1748 4720 4771)
4(1799 4771 6099 3127)
4(1748 3127 6099 4720)
4(2295 2294 5266 5267)
4(2295 5267 5644 2672)
4(1748 4720 6268 3296)
4(206 351 4948 1976)
4(425 1976 4948 3397)
4(472 2103 5075 3444)
4(472 3444 6160 3188)
4(2103 3188 6160 5075)
4(2208 2836 5808 5180)
4(1798 4770 5808 2836)
4(1288 1287 4259 4260)
4(1288 4260 5267 2295)
4(2764 3246 6218 5736)
4(2702 2764 5736 5674)
4(1500 1537 4509 4472)
4(1500 4472 4473 1501)
4(1499 1501 4473 4471)
4(804 806 3778 3776)
4(804 3776 3779 807)
4(816 1949 4921 3788)
4(1168 4140 4141 1169)
4(1168 1166 4138 4140)
4(1166 1169 4141 4138)
4(907 2984 5956 3879)
4(2964 907 3879 5936)
4(981 2614 5586 3953)
4(2614 3252 6224 5586)
4(956 1842 4814 3928)
4(1842 2933 5905 4814)
4(1295 2295 5267 4267)
4(1292 1295 4267 4264)
4(575 2649 5621 3547)
4(573 3545 5795 2823)
4(2230 5202 5203 2231)
4(2229 2231 5203 5201)
4(2093 2577 5549 5065)
4(587 2093 5065 3559)
4(587 3559 5549 2577)
4(1168 4140 4142 1170)
4(1169 1170 4142 4141)
4(1563 1823 4795 4535)
4(1921 1922 4894 4893)
4(663 656 3628 3635)
4(656 1992 4964 3628)
4(663 3635 4964 1992)
4(2094 2577 5549 5066)
4(2093 2094 5066 5065)
4(1944 4916 6007 3035)
4(1944 2825 5797 4916)
4(928 930 3902 3900)
4(1894 3284 6256 4866)
4(2336 2986 5958 5308)
4(2335 2336 5308 5307)
4(973 974 3946 3945)
4(1961 4933 6062 3090)
4(1148 3090 6062 4120)
4(2026 3223 6195 4998)
4(2027 2026 4998 4999)
4(2027 4999 6195 3223)
4(1164 4136 4137 1165)
4(1164 1162 4134 4136)
4(1162 1165 4137 4134)
4(654 3626 3993 1021)
4(654 652 3624 3626)
4(1164 4136 4138 1166)
4(1165 1166 4138 4137)
4(1964 4936 6294 3322)
4(910 3322 6294 3882)
4(881 3853 5813 2841)
4(1993 2890 5862 4965)
4(1993 4965 5863 2891)
4(215 486 3458 360)
4(215 360 4954 1982)
4(486 1982 4954 3458)
4(487 73 218 3459)
4(73 1983 4955 218)
4(487 3459 4955 1983)
4(812 1973 4945 3784)
4(704 1979 4951 3676)
4(692 704 3676 3664)
4(808 809 3781 3780)
4(809 810 3782 3781)
4(2148 1587 4559 5120)
4(2148 5120 6289 3317)
4(2896 5868 6305 3333)
4(2896 2277 5249 5868)
4(205 350 4949 1977)
4(205 1976 4948 350)
4(970 11 363 3942)
4(11 2889 5861 363)
4(10 969 3941 362)
4(10 362 5861 2889)
4(969 2889 5861 3941)
4(2140 2634 5606 5112)
4(1073 4045 5606 2634)
4(1073 2140 5112 4045)
4(506 3478 4966 1994)
4(611 1994 4966 3583)
4(1111 1012 3984 4083)
4(1012 1984 4956 3984)
4(1111 4083 4956 1984)
4(723 3695 5056 2084)
4(723 724 3696 3695)
4(2079 2089 5061 5051)
4(2089 2092 5064 5061)
4(1738 2983 5955 4710)
4(1576 4548 6179 3207)
4(1576 2450 5422 4548)
4(939 927 3899 3911)
4(939 3911 3912 940)
4(2074 5046 5576 2604)
4(2068 2604 5576 5040)
4(2072 5044 5576 2604)
4(2072 2074 5046 5044)
4(1160 1161 4133 4132)
4(1160 4132 4134 1162)
4(1161 1162 4134 4133)
4(495 612 3584 3467)
4(808 1931 4903 3780)
4(85 230 4959 1987)
4(85 433 3405 230)
4(433 1987 4959 3405)
4(1535 1830 4802 4507)
4(1160 1158 4130 4132)
4(1158 1161 4133 4130)
4(201 2015 4987 346)
4(426 201 346 3398)
4(426 3398 4987 2015)
4(1095 4067 4069 1097)
4(705 3677 5533 2561)
4(707 2561 5533 3679)
4(705 707 3679 3677)
4(1353 4325 5915 2943)
4(1834 2943 5915 4806)
4(1918 1563 4535 4890)
4(818 819 3791 3790)
4(819 820 3792 3791)
4(1101 4073 6172 3200)
4(458 3200 6172 3430)
4(1192 1193 4165 4164)
4(1192 4164 4172 1200)
4(1792 4764 4765 1793)
4(1785 4757 4758 1786)
4(1606 1607 4579 4578)
4(2094 2519 5491 5066)
4(2519 2577 5549 5491)
4(579 2640 5612 3551)
4(1112 1157 4129 4084)
4(1112 4084 4130 1158)
4(1157 1158 4130 4129)
4(2688 5660 6281 3309)
4(2688 2686 5658 5660)
4(2686 3309 6281 5658)
4(767 2578 5550 3739)
4(2055 767 3739 5027)
4(2055 5027 5550 2578)
4(2152 2586 5558 5124)
4(2152 5124 5573 2601)
4(2770 2771 5743 5742)
4(476 3448 5743 2771)
4(1788 952 3924 4760)
4(952 2905 5877 3924)
4(1788 4760 5877 2905)
4(1112 1111 4083 4084)
4(1111 1157 4129 4083)
4(803 802 3774 3775)
4(803 3775 3776 804)
4(802 804 3776 3774)
4(751 705 3677 3723)
4(751 3723 5533 2561)
4(546 2571 5543 3518)
4(545 546 3518 3517)
4(2011 3293 6265 4983)
4(1834 4806 6265 3293)
4(899 3076 6048 3871)
4(1841 4813 6048 3076)
4(654 3626 4964 1992)
4(874 1910 4882 3846)
4(1572 4544 5979 3007)
4(2842 3007 5979 5814)
4(497 3469 3471 499)
4(214 453 3425 359)
4(213 358 3425 453)
4(74 219 3426 454)
4(804 805 3777 3776)
4(805 806 3778 3777)
4(858 3830 3831 859)
4(858 679 3651 3830)
4(511 688 3660 3483)
4(688 2863 5835 3660)
4(980 3952 6252 3280)
4(1932 3280 6252 4904)
4(2094 2131 5103 5066)
4(2131 2519 5491 5103)
4(1035 2064 5036 4007)
4(2064 2069 5041 5036)
4(84 464 3436 229)
4(822 824 3796 3794)
4(2644 5616 5617 2645)
4(2644 2484 5456 5616)
4(2484 2645 5617 5456)
4(1720 1717 4689 4692)
4(1720 4692 5760 2788)
4(1714 1715 4687 4686)
4(677 660 3632 3649)
4(677 3649 5562 2590)
4(768 2578 5550 3740)
4(767 768 3740 3739)
4(800 3772 3775 803)
4(800 802 3774 3772)
4(799 798 3770 3771)
4(799 3771 3772 800)
4(798 800 3772 3770)
4(1358 1360 4332 4330)
4(1358 4330 6191 3219)
4(2156 2158 5130 5128)
4(2449 1600 4572 5421)
4(2449 5421 6214 3242)
4(780 3752 5014 2042)
4(780 783 3755 3752)
4(783 2042 5014 3755)
4(2390 2391 5363 5362)
4(214 1982 4954 359)
4(74 219 4955 1983)
4(454 1983 4955 3426)
4(804 1975 4947 3776)
4(803 3775 4947 1975)
4(611 3029 6001 3583)
4(611 3583 6238 3266)
4(1013 3985 4083 1111)
4(1013 1012 3984 3985)
4(796 798 3770 3768)
4(796 3768 3771 799)
4(1981 2863 5835 4953)
4(2863 2985 5957 5835)
4(767 2609 5581 3739)
4(764 767 3739 3736)
4(2449 3196 6168 5421)
4(203 348 3418 446)
4(1171 1170 4142 4143)
4(1013 3985 4084 1112)
4(84 1987 4959 229)
4(2052 5024 5034 2062)
4(2040 2062 5034 5012)
4(2052 2040 5012 5024)
4(549 2571 5543 3521)
4(546 549 3521 3518)
4(795 794 3766 3767)
4(794 796 3768 3766)
4(795 3767 3768 796)
4(474 3446 6046 3074)
4(2089 2597 5569 5061)
4(2087 5059 5569 2597)
4(2087 2089 5061 5059)
4(814 817 3789 3786)
4(2117 2058 5030 5089)
4(2117 5089 5827 2855)
4(1167 1166 4138 4139)
4(1167 4139 4140 1168)
4(203 348 4986 2014)
4(446 2014 4986 3418)
4(3148 2356 5328 6120)
4(2356 3258 6230 5328)
4(759 2081 5053 3731)
4(2081 2084 5056 5053)
4(800 1988 4960 3772)
4(799 3771 4960 1988)
4(2079 2597 5569 5051)
4(2278 5250 5988 3016)
4(2278 2537 5509 5250)
4(2537 3016 5988 5509)
4(2062 2063 5035 5034)
4(792 794 3766 3764)
4(792 3764 3767 795)
4(810 813 3785 3782)
4(2131 2584 5556 5103)
4(2122 2131 5103 5094)
4(2122 5094 5556 2584)
4(877 3849 3984 1012)
4(902 1012 3984 3874)
4(877 902 3874 3849)
4(877 3849 3985 1013)
4(2681 5653 5654 2682)
4(2681 2679 5651 5653)
4(1012 1133 4105 3984)
4(771 3743 5019 2047)
4(772 2047 5019 3744)
4(771 772 3744 3743)
4(1163 1162 4134 4135)
4(2683 3334 6306 5655)
4(2684 2683 5655 5656)
4(2684 5656 6306 3334)
4(2386 3297 6269 5358)
4(2974 2386 5358 5946)
4(2974 5946 6269 3297)
4(858 3830 3857 885)
4(2293 2900 5872 5265)
4(2028 5000 5872 2900)
4(2081 5053 5055 2083)
4(484 3456 6361 3389)
4(484 2872 5844 3456)
4(2872 3389 6361 5844)
4(2876 484 3456 5848)
4(2876 5848 6361 3389)
4(2086 5058 5580 2608)
4(2086 2576 5548 5058)
4(2576 2608 5580 5548)
4(824 829 3801 3796)
4(2047 2048 5020 5019)
4(771 3743 5020 2048)
4(2267 5239 5826 2854)
4(2266 2854 5826 5238)
4(2267 2266 5238 5239)
4(667 3639 5583 2611)
4(667 665 3637 3639)
4(665 2611 5583 3637)
4(3112 6084 6090 3118)
4(3112 530 3502 6084)
4(530 3118 6090 3502)
4(1182 1183 4155 4154)
4(1181 4153 4155 1183)
4(2626 1862 4834 5598)
4(790 791 3763 3762)
4(788 790 3762 3760)
4(788 3760 3763 791)
4(2655 480 3452 5627)
4(480 2940 5912 3452)
4(2359 2356 5328 5331)
4(2359 5331 6120 3148)
4(2094 2584 5556 5066)
4(2336 2987 5959 5308)
4(2986 5958 5959 2987)
4(1180 4152 5619 2647)
4(1180 1052 4024 4152)
4(1052 2647 5619 4024)
4(1159 1158 4130 4131)
4(1159 4131 4132 1160)
4(2085 5057 5580 2608)
4(790 792 3764 3762)
4(791 3763 3764 792)
4(528 2661 5633 3500)
4(2626 5598 5633 2661)
4(2401 2548 5520 5373)
4(428 3400 5520 2548)
4(428 2401 5373 3400)
4(2110 2111 5083 5082)
4(2111 2112 5084 5083)
4(2110 5082 5084 2112)
4(751 877 3849 3723)
4(704 3676 3849 877)
4(704 751 3723 3676)
4(2699 2962 5934 5671)
4(2093 2621 5593 5065)
4(2090 2093 5065 5062)
4(1336 1354 4326 4308)
4(1000 1001 3973 3972)
4(1001 1002 3974 3973)
4(2024 3223 6195 4996)
4(2026 2024 4996 4998)
4(2712 2795 5767 5684)
4(1800 1806 4778 4772)
4(133 278 6127 3155)
4(1002 1060 4032 3974)
4(1981 1849 4821 4953)
4(1754 4726 5157 2185)
4(1754 1762 4734 4726)
4(1762 2185 5157 4734)
4(1093 999 3971 4065)
4(999 2037 5009 3971)
4(2358 3040 6012 5330)
4(2243 5215 5260 2288)
4(1182 4154 5619 2647)
4(716 1000 3972 3688)
4(710 716 3688 3682)
4(710 3682 3972 1000)
4(1946 2593 5565 4918)
4(2118 2631 5603 5090)
4(2121 2118 5090 5093)
4(2121 5093 5603 2631)
4(1184 2877 5849 4156)
4(1184 4156 5918 2946)
4(2877 2946 5918 5849)
4(2713 2715 5687 5685)
4(2712 5684 5687 2715)
4(723 2624 5596 3695)
4(690 723 3695 3662)
4(690 3662 5596 2624)
4(803 1988 4960 3775)
4(2048 2049 5021 5020)
4(2049 2050 5022 5021)
4(2048 5020 5022 2050)
4(3015 5987 6290 3318)
4(3015 2743 5715 5987)
4(2743 3318 6290 5715)
4(806 809 3781 3778)
4(889 2064 5036 3861)
4(1035 889 3861 4007)
4(2109 2110 5082 5081)
4(465 2109 5081 3437)
4(465 3437 5082 2110)
4(1890 4862 6044 3072)
4(427 3072 6044 3399)
4(90 235 5088 2116)
4(90 431 3403 235)
4(662 1023 3995 3634)
4(662 3634 5643 2671)
4(1023 2671 5643 3995)
4(2140 613 3585 5112)
4(613 2634 5606 3585)
4(829 874 3846 3801)
4(2047 2049 5021 5019)
4(800 801 3773 3772)
4(801 802 3774 3773)
4(2370 5342 5347 2375)
4(2370 2374 5346 5342)
4(2372 2370 5342 5344)
4(2372 5344 5347 2375)
4(449 3383 6355 3421)
4(797 3769 6243 3271)
4(1999 3271 6243 4971)
4(1933 1935 4907 4905)
4(1944 1387 4359 4916)
4(1944 4916 5971 2999)
4(1256 4228 5138 2166)
4(1326 2166 5138 4298)
4(1256 1326 4298 4228)
4(1814 2866 5838 4786)
4(1900 4872 5838 2866)
4(889 833 3805 3861)
4(833 2064 5036 3805)
4(2682 5654 6306 3334)
4(1965 1967 4939 4937)
4(1966 4938 4939 1967)
4(1143 1093 4065 4115)
4(1143 4115 4808 1836)
4(1048 4020 5637 2665)
4(1048 904 3876 4020)
4(787 786 3758 3759)
4(786 788 3760 3758)
4(787 3759 3760 788)
4(2011 4983 4984 2012)
4(553 3014 5986 3525)
4(784 786 3758 3756)
4(784 3756 3759 787)
4(796 797 3769 3768)
4(797 798 3770 3769)
4(2041 2042 5014 5013)
4(2041 5013 5015 2043)
4(2042 2043 5015 5014)
4(202 347 4987 2015)
4(202 2014 4986 347)
4(1124 3184 6156 4096)
4(3184 3340 6312 6156)
4(1124 4096 6312 3340)
4(902 1133 4105 3874)
4(921 966 3938 3893)
4(2062 2044 5016 5034)
4(779 3751 5014 2042)
4(779 780 3752 3751)
4(1811 4783 4784 1812)
4(1811 1809 4781 4783)
4(1809 1812 4784 4781)
4(751 902 3874 3723)
4(1599 1974 4946 4571)
4(2040 2039 5011 5012)
4(2039 2062 5034 5011)
4(1081 1080 4052 4053)
4(1081 4053 4054 1082)
4(1080 1082 4054 4052)
4(3132 6104 6119 3147)
4(3132 2299 5271 6104)
4(2299 3147 6119 5271)
4(679 677 3649 3651)
4(677 2016 4988 3649)
4(2044 2043 5015 5016)
4(2034 2945 5917 5006)
4(723 3695 5057 2085)
4(2398 2548 5520 5370)
4(2401 2398 5370 5373)
4(2398 475 3447 5370)
4(475 2548 5520 3447)
4(2109 2111 5083 5081)
4(1092 4064 4065 1093)
4(1092 999 3971 4064)
4(2565 2576 5548 5537)
4(2086 2565 5537 5058)
4(716 1001 3973 3688)
4(779 2041 5013 3751)
4(2039 779 3751 5011)
4(2039 5011 5013 2041)
4(1500 1944 4916 4472)
4(1537 4509 4916 1944)
4(1922 4894 4895 1923)
4(1921 1923 4895 4893)
4(1092 4064 4115 1143)
4(87 465 3437 232)
4(87 232 5042 2070)
4(465 2070 5042 3437)
4(1271 2172 5144 4243)
4(1267 4239 5144 2172)
4(1267 1271 4243 4239)
4(782 783 3755 3754)
4(780 782 3754 3752)
4(2231 2232 5204 5203)
4(2230 5202 5204 2232)
4(2746 2767 5739 5718)
4(2049 2061 5033 5021)
4(998 3970 3971 999)
4(998 889 3861 3970)
4(889 999 3971 3861)
4(1097 4069 4781 1809)
4(1808 1809 4781 4780)
4(475 3447 5369 2397)
4(475 2392 5364 3447)
4(2392 2397 5369 5364)
4(2055 2609 5581 5027)
4(1001 1060 4032 3973)
4(782 784 3756 3754)
4(783 3755 3756 784)
4(2238 5210 5211 2239)
4(2236 2239 5211 5208)
4(2238 2236 5208 5210)
4(882 3854 3861 889)
4(882 833 3805 3854)
4(999 1035 4007 3971)
4(583 2623 5595 3555)
4(1048 1080 4052 4020)
4(1079 4051 4052 1080)
4(1079 1048 4020 4051)
4(741 3713 5044 2072)
4(738 2072 5044 3710)
4(741 738 3710 3713)
4(792 793 3765 3764)
4(793 794 3766 3765)
4(2571 5543 6367 3395)
4(778 779 3751 3750)
4(776 3748 3751 779)
4(776 778 3750 3748)
4(2393 2399 5371 5365)
4(2399 2400 5372 5371)
4(2393 5365 5372 2400)
4(877 1979 4951 3849)
4(2617 3327 6299 5589)
4(1574 2617 5589 4546)
4(1574 4546 6299 3327)
4(741 3713 5576 2604)
4(1565 4537 6186 3214)
4(768 771 3743 3740)
4(771 2578 5550 3743)
4(3207 3256 6228 6179)
4(1813 1812 4784 4785)
4(1813 4785 4798 1826)
4(775 3747 5011 2039)
4(776 2039 5011 3748)
4(775 776 3748 3747)
4(1535 1989 4961 4507)
4(1830 4802 4961 1989)
4(746 3718 3805 833)
4(746 745 3717 3718)
4(745 833 3805 3717)
4(2041 5013 5016 2044)
4(998 3970 4064 1092)
4(2064 2065 5037 5036)
4(1183 4155 4156 1184)
4(1182 1184 4156 4154)
4(1979 1013 3985 4951)
4(1013 2124 5096 3985)
4(1184 2850 5822 4156)
4(2049 5021 5024 2052)
4(2049 2040 5012 5021)
4(1353 1344 4316 4325)
4(882 3854 3970 998)
4(216 486 3458 361)
4(72 217 3459 487)
4(775 3747 5012 2040)
4(778 780 3752 3750)
4(89 234 5088 2116)
4(1606 1608 4580 4578)
4(1607 4579 4580 1608)
4(1193 4165 4166 1194)
4(1192 1194 4166 4164)
4(744 3716 3717 745)
4(744 742 3714 3716)
4(742 745 3717 3714)
4(2085 2624 5596 5057)
4(2808 3302 6274 5780)
4(1134 4106 6274 3302)
4(833 887 3859 3805)
4(887 2064 5036 3859)
4(707 710 3682 3679)
4(710 2561 5533 3682)
4(2344 3148 6120 5316)
4(1169 4141 6090 3118)
4(1166 3118 6090 4138)
4(1138 1056 4028 4110)
4(1056 2096 5068 4028)
4(2393 2398 5370 5365)
4(2398 2399 5371 5370)
4(772 3744 3747 775)
4(774 775 3747 3746)
4(772 774 3746 3744)
4(1851 1849 4821 4823)
4(699 3671 5583 2611)
4(699 667 3639 3671)
4(775 2047 5019 3747)
4(738 737 3709 3710)
4(737 2072 5044 3709)
4(740 3712 3713 741)
4(740 738 3710 3712)
4(2389 2390 5362 5361)
4(2388 2389 5361 5360)
4(2388 5360 5362 2390)
4(2119 2556 5528 5091)
4(1066 2119 5091 4038)
4(1066 4038 5528 2556)
4(2005 4977 6051 3079)
4(426 3079 6051 3398)
4(609 2631 5603 3581)
4(2118 609 3581 5090)
4(774 776 3748 3746)
4(2389 2391 5363 5361)
4(788 789 3761 3760)
4(789 790 3762 3761)
4(433 86 231 3405)
4(86 2070 5042 231)
4(192 337 5369 2397)
4(192 475 3447 337)
4(968 3011 5983 3940)
4(465 88 233 3437)
4(88 2109 5081 233)
4(1958 4930 4931 1959)
4(1958 1956 4928 4930)
4(1956 1959 4931 4928)
4(744 3716 3718 746)
4(2074 2075 5047 5046)
4(770 771 3743 3742)
4(768 770 3742 3740)
4(770 772 3744 3742)
4(2119 603 3575 5091)
4(603 2556 5528 3575)
4(733 3705 5059 2087)
4(730 2087 5059 3702)
4(733 730 3702 3705)
4(2137 2135 5107 5109)
4(2137 5109 5110 2138)
4(2135 2138 5110 5107)
4(2072 2073 5045 5044)
4(2073 2074 5046 5045)
4(1112 4084 4131 1159)
4(741 742 3714 3713)
4(740 3712 3714 742)
4(1786 4758 5991 3019)
4(745 887 3859 3717)
4(733 3705 5569 2597)
4(1271 1305 4277 4243)
4(1265 1267 4239 4237)
4(1265 4237 5144 2172)
4(1160 4132 4135 1163)
4(2008 4980 4981 2009)
4(2008 2006 4978 4980)
4(2006 2009 4981 4978)
4(766 767 3739 3738)
4(764 766 3738 3736)
4(2608 5580 5596 2624)
4(2608 2171 5143 5580)
4(2171 2624 5596 5143)
4(2130 2131 5103 5102)
4(2122 2130 5102 5094)
4(2673 1200 4172 5645)
4(1200 2805 5777 4172)
4(766 768 3740 3738)
4(1446 4418 5067 2095)
4(1446 1449 4421 4418)
4(1427 4399 5067 2095)
4(1427 1446 4418 4399)
4(1168 4140 4143 1171)
4(887 2065 5037 3859)
4(736 3708 3709 737)
4(736 734 3706 3708)
4(734 737 3709 3706)
4(762 763 3735 3734)
4(760 3732 3735 763)
4(760 762 3734 3732)
4(2165 2557 5529 5137)
4(2163 5135 5529 2557)
4(2163 2165 5137 5135)
4(2392 5364 5370 2398)
4(2086 5058 5602 2630)
4(1336 1587 4559 4308)
4(1354 4326 4559 1587)
4(188 2396 5368 333)
4(187 332 5368 2396)
4(736 3708 3710 738)
4(1800 1807 4779 4772)
4(762 764 3736 3734)
4(887 3859 5522 2550)
4(745 2550 5522 3717)
4(2388 436 3408 5360)
4(436 2389 5361 3408)
4(191 336 5369 2397)
4(2243 5215 5261 2289)
4(730 729 3701 3702)
4(729 2087 5059 3701)
4(802 805 3777 3774)
4(1084 1082 4054 4056)
4(1084 4056 4057 1085)
4(2136 5108 5109 2137)
4(2136 2135 5107 5108)
4(587 2621 5593 3559)
4(1184 1185 4157 4156)
4(1183 4155 4157 1185)
4(930 932 3904 3902)
4(1029 1056 4028 4001)
4(759 2080 5052 3731)
4(732 733 3705 3704)
4(733 734 3706 3705)
4(732 3704 3706 734)
4(2713 2716 5688 5685)
4(2715 5687 5688 2716)
4(725 2122 5094 3697)
4(725 3697 5556 2584)
4(732 730 3702 3704)
4(759 760 3732 3731)
4(760 2080 5052 3732)
4(2392 2393 5365 5364)
4(2391 2392 5364 5363)
4(2391 5363 5365 2393)
4(841 3813 5108 2136)
4(844 2136 5108 3816)
4(841 844 3816 3813)
4(798 801 3773 3770)
4(2170 2517 5489 5142)
4(727 3699 5489 2517)
4(727 2170 5142 3699)
4(1001 3973 5570 2598)
4(716 2598 5570 3688)
4(1534 2182 5154 4506)
4(1534 4506 6337 3365)
4(1050 2517 5489 4022)
4(2170 1050 4022 5142)
4(737 2073 5045 3709)
4(1183 1822 4794 4155)
4(1181 4153 4794 1822)
4(2100 2101 5073 5072)
4(2097 2100 5072 5069)
4(2097 5069 5073 2101)
4(642 3614 5102 2130)
4(1003 2130 5102 3975)
4(642 1003 3975 3614)
4(2387 2388 5360 5359)
4(2387 5359 5366 2394)
4(2388 2394 5366 5360)
4(2581 2120 5092 5553)
4(2581 5553 5572 2600)
4(2120 2600 5572 5092)
4(644 3616 5102 2130)
4(644 642 3614 3616)
4(892 2121 5093 3864)
4(892 3864 5107 2135)
4(2121 2135 5107 5093)
4(1489 1492 4464 4461)
4(1492 1493 4465 4464)
4(2087 2088 5060 5059)
4(2088 2089 5061 5060)
4(2121 5093 5106 2134)
4(892 2134 5106 3864)
4(1007 2557 5529 3979)
4(2165 1007 3979 5137)
4(759 758 3730 3731)
4(758 760 3732 3730)
4(2139 5111 5499 2527)
4(2164 2527 5499 5136)
4(2139 2164 5136 5111)
4(2089 2090 5062 5061)
4(784 785 3757 3756)
4(785 786 3758 3757)
4(2066 5038 5522 2550)
4(2066 887 3859 5038)
4(728 729 3701 3700)
4(728 3700 3702 730)
4(651 2122 5094 3623)
4(725 651 3623 3697)
4(2119 2120 5092 5091)
4(2119 5091 5553 2581)
4(2519 5491 5514 2542)
4(1003 2542 5514 3975)
4(2519 1003 3975 5491)
4(2812 5784 5818 2846)
4(2812 890 3862 5784)
4(890 2846 5818 3862)
4(2073 2075 5047 5045)
4(469 2394 5366 3441)
4(469 3441 5367 2395)
4(2394 2395 5367 5366)
4(2387 436 3408 5359)
4(724 758 3730 3696)
4(728 726 3698 3700)
4(726 729 3701 3698)
4(2129 5101 5534 2562)
4(1065 2562 5534 4037)
4(2129 1065 4037 5101)
4(694 704 3676 3666)
4(692 694 3666 3664)
4(866 2129 5101 3838)
4(866 3838 5534 2562)
4(2411 94 239 5383)
4(94 2412 5384 239)
4(723 722 3694 3695)
4(722 724 3696 3694)
4(840 3812 5108 2136)
4(840 841 3813 3812)
4(123 268 3453 481)
4(146 482 3454 291)
4(2104 2105 5077 5076)
4(2102 2104 5076 5074)
4(2102 5074 5077 2105)
4(1998 4970 4971 1999)
4(1998 1960 4932 4970)
4(1960 1999 4971 4932)
4(2231 2233 5205 5203)
4(2232 5204 5205 2233)
4(742 3714 5522 2550)
4(741 2550 5522 3713)
4(709 710 3682 3681)
4(707 709 3681 3679)
4(794 797 3769 3766)
4(1003 2131 5103 3975)
4(2239 2240 5212 5211)
4(2238 5210 5212 2240)
4(89 2109 5081 234)
4(690 722 3694 3662)
4(739 738 3710 3711)
4(1219 2128 5100 4191)
4(1220 1219 4191 4192)
4(1220 4192 5100 2128)
4(1219 1232 4204 4191)
4(1153 1154 4126 4125)
4(1151 1153 4125 4123)
4(1151 4123 4126 1154)
4(2073 5045 5525 2553)
4(737 2553 5525 3709)
4(591 3563 5514 2542)
4(591 2519 5491 3563)
4(734 3706 5525 2553)
4(733 2553 5525 3705)
4(2137 5109 5111 2139)
4(2138 2139 5111 5110)
4(647 2122 5094 3619)
4(651 647 3619 3623)
4(1624 4596 5786 2814)
4(1904 2814 5786 4876)
4(1061 1001 3973 4033)
4(1061 4033 5570 2598)
4(696 725 3697 3668)
4(725 726 3698 3697)
4(696 3668 3698 726)
4(2137 5109 5499 2527)
4(647 3619 5102 2130)
4(647 644 3616 3619)
4(1005 632 3604 3977)
4(632 2171 5143 3604)
4(1005 3977 5143 2171)
4(2317 5289 5999 3027)
4(2317 2482 5454 5289)
4(2482 3027 5999 5454)
4(2051 2050 5022 5023)
4(2051 5023 5025 2053)
4(2047 2040 5012 5019)
4(1174 2846 5818 4146)
4(2846 3201 6173 5818)
4(1174 4146 6173 3201)
4(1608 4580 4585 1613)
4(1194 1195 4167 4166)
4(1607 4579 4581 1609)
4(1608 1609 4581 4580)
4(2041 2062 5034 5013)
4(711 716 3688 3683)
4(710 711 3683 3682)
4(743 742 3714 3715)
4(2002 4974 4975 2003)
4(2002 2000 4972 4974)
4(2000 2003 4975 4972)
4(1058 2096 5068 4030)
4(1056 1058 4030 4028)
4(93 2411 5383 238)
4(470 93 238 3442)
4(470 3442 5383 2411)
4(892 2136 5108 3864)
4(844 892 3864 3816)
4(776 777 3749 3748)
4(777 778 3750 3749)
4(696 651 3623 3668)
4(610 3582 5105 2133)
4(615 2133 5105 3587)
4(610 615 3587 3582)
4(469 2387 5359 3441)
4(729 2088 5060 3701)
4(2169 2644 5616 5141)
4(2169 5141 5617 2645)
4(2118 1073 4045 5090)
4(2118 5090 5606 2634)
4(2088 2090 5062 5060)
4(2076 5048 5525 2553)
4(2076 2073 5045 5048)
4(1067 2119 5091 4039)
4(1066 1067 4039 4038)
4(2572 2153 5125 5544)
4(2153 2901 5873 5125)
4(1067 2120 5092 4039)
4(1006 3978 5106 2134)
4(1006 2121 5093 3978)
4(607 610 3582 3579)
4(607 3579 5105 2133)
4(862 1006 3978 3834)
4(862 3834 5106 2134)
4(840 3812 5109 2137)
4(726 3698 5517 2545)
4(725 2545 5517 3697)
4(764 765 3737 3736)
4(765 766 3738 3737)
4(735 734 3706 3707)
4(735 3707 3708 736)
4(768 769 3741 3740)
4(769 770 3742 3741)
4(1066 1011 3983 4038)
4(1011 1067 4039 3983)
4(867 3839 4038 1066)
4(867 1011 3983 3839)
4(640 689 3661 3612)
4(689 690 3662 3661)
4(640 3612 3662 690)
4(892 846 3818 3864)
4(846 2134 5106 3818)
4(760 761 3733 3732)
4(761 762 3734 3733)
4(427 2408 5380 3399)
4(2408 2409 5381 5380)
4(427 3399 5381 2409)
4(469 2396 5368 3441)
4(188 469 3441 333)
4(772 773 3745 3744)
4(1149 1150 4122 4121)
4(1147 1149 4121 4119)
4(1147 4119 4122 1150)
4(731 730 3702 3703)
4(731 3703 3704 732)
4(1003 629 3601 3975)
4(629 2542 5514 3601)
4(650 647 3619 3622)
4(650 3622 3623 651)
4(1006 1073 4045 3978)
4(1006 3978 5090 2118)
4(2289 2290 5262 5261)
4(2243 5215 5262 2290)
4(1829 1955 4927 4801)
4(1954 4926 4927 1955)
4(1954 1829 4801 4926)
4(727 726 3698 3699)
4(727 3699 3700 728)
4(2716 5688 5690 2718)
4(2713 2718 5690 5685)
4(1560 2514 5486 4532)
4(2485 5457 5486 2514)
4(2485 1560 4532 5457)
4(891 1006 3978 3863)
4(862 891 3863 3834)
4(95 240 5384 2412)
4(95 435 3407 240)
4(435 2412 5384 3407)
4(704 705 3677 3676)
4(891 1073 4045 3863)
4(780 781 3753 3752)
4(781 782 3754 3753)
4(2088 5060 5517 2545)
4(729 2545 5517 3701)
4(724 757 3729 3696)
4(757 758 3730 3729)
4(2133 1066 4038 5105)
4(2133 5105 5528 2556)
4(840 2527 5499 3812)
4(837 840 3812 3809)
4(837 3809 5499 2527)
4(1060 1061 4033 4032)
4(1061 1895 4867 4033)
4(867 2133 5105 3839)
4(615 867 3839 3587)
4(2048 5020 5023 2051)
4(1427 4399 5531 2559)
4(2533 5505 5507 2535)
4(2533 1349 4321 5505)
4(1349 2535 5507 4321)
4(2065 2066 5038 5037)
4(2066 2067 5039 5038)
4(1560 1352 4324 4532)
4(1352 2514 5486 4324)
4(698 3670 5135 2163)
4(836 2163 5135 3808)
4(698 836 3808 3670)
4(2048 5020 5550 2578)
4(2051 2578 5550 5023)
4(876 2127 5099 3848)
4(1034 876 3848 4006)
4(1034 4006 5099 2127)
4(2138 2620 5592 5110)
4(2139 5111 5592 2620)
4(2385 473 3445 5357)
4(2385 5357 5358 2386)
4(473 2386 5358 3445)
4(649 2163 5135 3621)
4(649 3621 5529 2557)
4(866 1074 4046 3838)
4(1074 2129 5101 4046)
4(649 698 3670 3621)
4(2163 5135 5136 2164)
4(836 2164 5136 3808)
4(1145 1146 4118 4117)
4(1027 1145 4117 3999)
4(1027 3999 4118 1146)
4(2091 5063 5517 2545)
4(2091 2088 5060 5063)
4(2233 5205 5218 2246)
4(2231 2246 5218 5203)
4(2233 2234 5206 5205)
4(2232 5204 5206 2234)
4(2239 2241 5213 5211)
4(2240 5212 5213 2241)
4(662 666 3638 3634)
4(666 1023 3995 3638)
4(848 3820 5106 2134)
4(848 862 3834 3820)
4(630 1005 3977 3602)
4(1005 2546 5518 3977)
4(630 3602 5518 2546)
4(844 846 3818 3816)
4(630 632 3604 3602)
4(862 863 3835 3834)
4(863 891 3863 3835)
4(893 1011 3983 3865)
4(867 893 3865 3839)
4(646 3618 3619 647)
4(646 644 3616 3618)
4(1608 4580 4589 1617)
4(1613 1617 4589 4585)
4(1195 4167 4168 1196)
4(1194 1196 4168 4166)
4(1609 1610 4582 4581)
4(2066 5038 5576 2604)
4(2550 2604 5576 5522)
4(621 3593 5483 2511)
4(621 619 3591 3593)
4(619 2511 5483 3591)
4(2104 2106 5078 5076)
4(2164 2165 5137 5136)
4(846 848 3820 3818)
4(2382 445 3417 5354)
4(445 2383 5355 3417)
4(2382 5354 5355 2383)
4(850 862 3834 3822)
4(848 850 3822 3820)
4(174 319 5357 2385)
4(174 473 3445 319)
4(173 318 5357 2385)
4(2380 2382 5354 5352)
4(2380 5352 5356 2384)
4(2382 2384 5356 5354)
4(634 2171 5143 3606)
4(632 634 3606 3604)
4(634 640 3612 3606)
4(640 2171 5143 3612)
4(639 640 3612 3611)
4(634 639 3611 3606)
4(2185 1662 4634 5157)
4(2185 5157 5158 2186)
4(1662 2186 5158 4634)
4(695 651 3623 3667)
4(695 3667 3668 696)
4(642 629 3601 3614)
4(1089 4061 4067 1095)
4(1089 1085 4057 4061)
4(622 2515 5487 3594)
4(620 622 3594 3592)
4(620 3592 5487 2515)
4(2100 2102 5074 5072)
4(2101 5073 5074 2102)
4(2381 5353 5354 2382)
4(2381 445 3417 5353)
4(690 721 3693 3662)
4(721 722 3694 3693)
4(440 2405 5377 3412)
4(624 3596 5483 2511)
4(624 621 3593 3596)
4(2290 5262 5263 2291)
4(194 428 3400 339)
4(194 339 5520 2548)
4(475 193 338 3447)
4(193 2548 5520 338)
4(2716 5688 5691 2719)
4(2718 2719 5691 5690)
4(2383 2385 5357 5355)
4(2383 5355 5358 2386)
4(2518 2520 5492 5490)
4(2505 2518 5490 5477)
4(2505 5477 5492 2520)
4(835 836 3808 3807)
4(698 835 3807 3670)
4(618 867 3839 3590)
4(615 618 3590 3587)
4(1240 2149 5121 4212)
4(2148 1240 4212 5120)
4(2379 2378 5350 5351)
4(2378 2380 5352 5350)
4(2379 5351 5352 2380)
4(839 840 3812 3811)
4(837 839 3811 3809)
4(1295 2852 5824 4267)
4(2291 5263 5824 2852)
4(110 2407 5379 255)
4(109 254 5379 2407)
4(110 434 3406 255)
4(434 2407 5379 3406)
4(1663 1662 4634 4635)
4(1663 4635 5157 2185)
4(1754 4726 5158 2186)
4(2166 2497 5469 5138)
4(1256 4228 5469 2497)
4(1350 2497 5469 4322)
4(2166 1350 4322 5138)
4(2380 2381 5353 5352)
4(864 865 3837 3836)
4(865 866 3838 3837)
4(864 3836 3838 866)
4(866 888 3860 3838)
4(888 1074 4046 3860)
4(2234 5206 5207 2235)
4(2233 2235 5207 5205)
4(172 317 5353 2381)
4(172 445 3417 317)
4(638 2174 5146 3610)
4(748 638 3610 3720)
4(748 3720 5146 2174)
4(2241 5213 5214 2242)
4(2239 2242 5214 5211)
4(455 2378 5350 3427)
4(455 3427 5351 2379)
4(2174 636 3608 5146)
4(636 2567 5539 3608)
4(2174 5146 5539 2567)
4(2389 2392 5364 5361)
4(1037 1901 4873 4009)
4(1037 4009 5527 2555)
4(626 2515 5487 3598)
4(622 626 3598 3594)
4(1195 4167 4170 1198)
4(1196 1198 4170 4168)
4(1196 4168 4169 1197)
4(1194 1197 4169 4166)
4(1610 4582 4583 1611)
4(1609 1611 4583 4581)
4(722 757 3729 3694)
4(1073 1077 4049 4045)
4(1077 2140 5112 4049)
4(117 2415 5387 262)
4(116 261 5387 2415)
4(117 452 3424 262)
4(2395 2396 5368 5367)
4(1326 2167 5139 4298)
4(2166 5138 5139 2167)
4(626 3598 3836 864)
4(712 864 3836 3684)
4(626 712 3684 3598)
4(171 316 5353 2381)
4(850 863 3835 3822)
4(1560 2533 5505 4532)
4(1560 4532 5507 2535)
4(624 868 3840 3596)
4(702 3674 3840 868)
4(702 624 3596 3674)
4(2719 2720 5692 5691)
4(2716 5688 5692 2720)
4(2235 2236 5208 5207)
4(2234 5206 5208 2236)
4(2242 2244 5216 5214)
4(2241 5213 5216 2244)
4(987 1128 4100 3959)
4(1127 987 3959 4099)
4(1127 4099 4100 1128)
4(891 2154 5126 3863)
4(1077 891 3863 4049)
4(1077 4049 5126 2154)
4(1611 1612 4584 4583)
4(1610 4582 4584 1612)
4(1197 1199 4171 4169)
4(1196 4168 4171 1199)
4(1198 1201 4173 4170)
4(1611 4583 4588 1616)
4(1609 1616 4588 4581)
4(863 2154 5126 3835)
4(2167 5139 5140 2168)
4(1326 2168 5140 4298)
4(2445 2513 5485 5417)
4(1692 4664 5485 2513)
4(1692 2445 5417 4664)
4(2720 5692 5693 2721)
4(2719 2721 5693 5691)
4(1756 2510 5482 4728)
4(2365 5337 5482 2510)
4(2365 1756 4728 5337)
4(2177 1688 4660 5149)
4(2177 5149 5150 2178)
4(1688 2178 5150 4660)
4(2242 2251 5223 5214)
4(2244 5216 5223 2251)
4(2244 2245 5217 5216)
4(2241 5213 5217 2245)
4(2176 5148 5149 2177)
4(2176 1688 4660 5148)
4(2184 2445 5417 5156)
4(1669 2184 5156 4641)
4(1669 4641 5417 2445)
4(1632 4604 5148 2176)
4(1629 2176 5148 4601)
4(1632 1629 4601 4604)
4(1201 4173 4174 1202)
4(1198 1202 4174 4170)
4(1612 4584 4586 1614)
4(1611 1614 4586 4583)
4(1197 1259 4231 4169)
4(1199 4171 4231 1259)
4(1612 1618 4590 4584)
4(2184 2513 5485 5156)
4(1756 2177 5149 4728)
4(2177 2510 5482 5149)
4(2167 5139 5141 2169)
4(2168 2169 5141 5140)
4(1669 2510 5482 4641)
4(2184 5156 5482 2510)
4(1669 2365 5337 4641)
4(1756 4728 5148 2176)
4(1756 1632 4604 4728)
4(2721 2722 5694 5693)
4(2720 5692 5694 2722)
4(2721 5693 5713 2741)
4(2719 2741 5713 5691)
4(2187 5159 5479 2507)
4(2506 2507 5479 5478)
4(2187 2506 5478 5159)
4(1627 2176 5148 4599)
4(1629 1627 4599 4601)
4(2448 5420 5485 2513)
4(2448 1692 4664 5420)
4(2178 2179 5151 5150)
4(2177 5149 5151 2179)
4(2508 5480 5481 2509)
4(2508 1234 4206 5480)
4(1234 2509 5481 4206)
4(2183 5155 5485 2513)
4(2183 2448 5420 5155)
4(2251 5223 5225 2253)
4(2242 2253 5225 5214)
4(2245 5217 5219 2247)
4(2244 2247 5219 5216)
4(843 844 3816 3815)
4(841 843 3815 3813)
4(1642 2175 5147 4614)
4(1630 4602 5147 2175)
4(1630 1642 4614 4602)
4(1201 4173 4320 1348)
4(1202 1348 4320 4174)
4(1202 4174 4175 1203)
4(1198 1203 4175 4170)
4(1259 4231 4324 1352)
4(1197 1352 4324 4169)
4(1614 1615 4587 4586)
4(1612 4584 4587 1615)
4(2175 2187 5159 5147)
4(2175 5147 5479 2507)
4(2506 1777 4749 5478)
4(1642 2187 5159 4614)
4(2722 5694 5695 2723)
4(2721 2723 5695 5693)
4(1628 4600 5147 2175)
4(1628 1630 4602 4600)
4(2179 5151 5152 2180)
4(2178 2180 5152 5150)
4(2247 2248 5220 5219)
4(2245 5217 5220 2248)
4(2253 2280 5252 5225)
4(2251 5223 5252 2280)
4(1203 1204 4176 4175)
4(1202 4174 4176 1204)
4(1259 4231 4532 1560)
4(1348 1589 4561 4320)
4(2722 5694 5696 2724)
4(2723 2724 5696 5695)
4(2180 2181 5153 5152)
4(2179 5151 5153 2181)
4(1651 4623 5288 2316)
4(1647 2316 5288 4619)
4(1651 1647 4619 4623)
4(2253 2281 5253 5225)
4(2280 5252 5253 2281)
4(2248 5220 5342 2370)
4(2247 2370 5342 5219)
4(1649 2188 5160 4621)
4(1649 4621 5434 2462)
4(2188 2462 5434 5160)
4(1644 4616 5159 2187)
4(1667 2187 5159 4639)
4(1644 1667 4639 4616)
4(1642 1644 4616 4614)
4(1662 2316 5288 4634)
4(2186 5158 5288 2316)
4(2188 5160 5164 2192)
4(1649 2192 5164 4621)
4(1204 4176 4177 1205)
4(1203 1205 4177 4175)
4(2189 5161 5164 2192)
4(2189 2188 5160 5161)
4(1662 1651 4623 4634)
4(1649 2316 5288 4621)
4(1647 1649 4621 4619)
4(2316 5288 5434 2462)
4(1742 2189 5161 4714)
4(1742 4714 5164 2192)
4(2724 2761 5733 5696)
4(2722 5694 5733 2761)
4(2723 2725 5697 5695)
4(2724 5696 5697 2725)
4(1742 4714 5475 2503)
4(1742 2190 5162 4714)
4(2190 2503 5475 5162)
4(2189 5161 5475 2503)
4(2181 5153 5154 2182)
4(2179 5151 5156 2184)
4(2181 2184 5156 5153)
4(2370 2371 5343 5342)
4(2248 5220 5343 2371)
4(2247 2374 5346 5219)
4(1639 2190 5162 4611)
4(1742 1639 4611 4714)
4(1205 1206 4178 4177)
4(1204 4176 4178 1206)
4(1667 2506 5478 4639)
4(2186 5158 5434 2462)
4(2725 5697 5698 2726)
4(2723 2726 5698 5695)
4(2724 2762 5734 5696)
4(2761 5733 5734 2762)
4(1631 2190 5162 4603)
4(1639 1631 4603 4611)
4(2181 5153 5155 2183)
4(2182 2183 5155 5154)
4(2371 5343 5344 2372)
4(2371 2537 5509 5343)
4(2248 5220 5509 2537)
4(1205 1216 4188 4177)
4(1206 4178 4188 1216)
4(1206 1207 4179 4178)
4(1204 4176 4179 1207)
4(2726 2727 5699 5698)
4(2725 5697 5699 2727)
4(2372 2373 5345 5344)
4(2371 5343 5345 2373)
4(1207 4179 4180 1208)
4(1206 1208 4180 4178)
4(1640 2191 5163 4612)
4(1635 4607 5163 2191)
4(1635 1640 4612 4607)
4(1216 4188 4194 1222)
4(1205 1222 4194 4177)
4(2190 2191 5163 5162)
4(2191 2503 5475 5163)
4(1640 2198 5170 4612)
4(2191 5163 5170 2198)
4(2727 5699 5716 2744)
4(2726 2744 5716 5698)
4(2727 2728 5700 5699)
4(2725 5697 5700 2728)
4(1633 4605 5163 2191)
4(1633 1635 4607 4605)
4(2373 5345 5407 2435)
4(2372 2435 5407 5344)
4(1208 1209 4181 4180)
4(1207 4179 4181 1209)
4(1216 4188 4195 1223)
4(1222 1223 4195 4194)
4(1655 4627 5337 2365)
4(1636 2365 5337 4608)
4(1655 1636 4608 4627)
4(1645 2192 5164 4617)
4(1649 1645 4617 4621)
4(2207 2197 5169 5179)
4(2207 5179 5453 2481)
4(2197 2481 5453 5169)
4(1557 4529 5470 2498)
4(1553 2498 5470 4525)
4(1557 1553 4525 4529)
4(1397 2196 5168 4369)
4(2196 2327 5299 5168)
4(1397 4369 5299 2327)
4(2193 2321 5293 5165)
4(1389 2193 5165 4361)
4(1389 4361 5293 2321)
4(1669 1655 4627 4641)
4(2728 5700 5701 2729)
4(2727 2729 5701 5699)
4(1557 2321 5293 4529)
4(2193 1557 4529 5165)
4(1523 4495 5169 2197)
4(1459 2197 5169 4431)
4(1523 1459 4431 4495)
4(1552 2477 5449 4524)
4(1552 4524 5470 2498)
4(2477 2498 5470 5449)
4(1274 2318 5290 4246)
4(1270 4242 5290 2318)
4(1270 1274 4246 4242)
4(2321 5293 5470 2498)
4(2756 2732 5704 5728)
4(2732 2779 5751 5704)
4(2756 5728 5751 2779)
4(1636 1634 4606 4608)
4(1634 2365 5337 4606)
4(2441 5413 5433 2461)
4(2369 2461 5433 5341)
4(2441 2369 5341 5413)
4(1397 2364 5336 4369)
4(2196 5168 5336 2364)
4(2304 5276 5397 2425)
4(1667 2425 5397 4639)
4(2304 1667 4639 5276)
4(1551 4523 5167 2195)
4(1548 2195 5167 4520)
4(1551 1548 4520 4523)
4(1296 2201 5173 4268)
4(1328 1296 4268 4300)
4(2196 1507 4479 5168)
4(1507 2327 5299 4479)
4(1645 1643 4615 4617)
4(1643 2192 5164 4615)
4(1523 4495 5179 2207)
4(2433 2441 5413 5405)
4(2433 5405 5433 2461)
4(2342 2452 5424 5314)
4(2452 2453 5425 5424)
4(2342 5314 5425 2453)
4(2342 2199 5171 5314)
4(2199 2452 5424 5171)
4(1381 2207 5179 4353)
4(1381 4353 5453 2481)
4(1324 2303 5275 4296)
4(1290 4262 5275 2303)
4(1290 1324 4296 4262)
4(1400 4372 5448 2476)
4(1401 2476 5448 4373)
4(1400 1401 4373 4372)
4(2427 1263 4235 5399)
4(2427 5399 5400 2428)
4(1263 2428 5400 4235)
4(1672 2307 5279 4644)
4(1674 4646 5279 2307)
4(1674 1672 4644 4646)
4(1375 2209 5181 4347)
4(1373 4345 5181 2209)
4(1373 1375 4347 4345)
4(2301 5273 5428 2456)
4(2310 2456 5428 5282)
4(2301 2310 5282 5273)
4(1280 2319 5291 4252)
4(1276 4248 5291 2319)
4(1276 1280 4252 4248)
4(1459 1440 4412 4431)
4(1440 2197 5169 4412)
4(1650 4622 5170 2198)
4(1677 2198 5170 4649)
4(1650 1677 4649 4622)
4(1551 4523 5427 2455)
4(2195 2455 5427 5167)
4(1516 2202 5174 4488)
4(1436 4408 5174 2202)
4(1436 1516 4488 4408)
4(1324 2301 5273 4296)
4(2301 2303 5275 5273)
4(1300 2296 5268 4272)
4(2296 2298 5270 5268)
4(1300 4272 5270 2298)
4(2435 2436 5408 5407)
4(2373 5345 5408 2436)
4(2302 2301 5273 5274)
4(2302 5274 5428 2456)
4(2194 5166 5174 2202)
4(1437 2202 5174 4409)
4(2194 1437 4409 5166)
4(1208 1210 4182 4180)
4(1209 4181 4182 1210)
4(1324 4296 5272 2300)
4(1325 2300 5272 4297)
4(1324 1325 4297 4296)
4(2300 1541 4513 5272)
4(2300 5272 5282 2310)
4(1541 2310 5282 4513)
4(1223 1350 4322 4195)
4(1216 4188 4322 1350)
4(1223 4195 4196 1224)
4(1222 1224 4196 4194)
4(1209 1234 4206 4181)
4(1207 4179 4206 1234)
4(1429 2209 5181 4401)
4(1375 1429 4401 4347)
4(2742 2772 5744 5714)
4(2758 2742 5714 5730)
4(2758 5730 5744 2772)
4(2197 1428 4400 5169)
4(1428 2481 5453 4400)
4(1454 1545 4517 4426)
4(1545 2495 5467 4517)
4(1454 4426 5467 2495)
4(2494 2496 5468 5466)
4(1433 2494 5466 4405)
4(1433 4405 5468 2496)
4(1226 2427 5399 4198)
4(1227 4199 5399 2427)
4(1227 1226 4198 4199)
4(1707 2459 5431 4679)
4(1675 1707 4679 4647)
4(1675 4647 5431 2459)
4(1763 1718 4690 4735)
4(1718 2208 5180 4690)
4(1763 4735 5180 2208)
4(1664 2199 5171 4636)
4(2199 2200 5172 5171)
4(1664 4636 5172 2200)
4(2459 5431 5440 2468)
4(1707 2468 5440 4679)
4(1552 2207 5179 4524)
4(2207 2477 5449 5179)
4(1293 2201 5173 4265)
4(1296 1293 4265 4268)
4(2306 2307 5279 5278)
4(1672 2306 5278 4644)
4(1250 2469 5441 4222)
4(1247 4219 5441 2469)
4(1247 1250 4222 4219)
4(2426 2443 5415 5398)
4(1567 4539 5415 2443)
4(1567 2426 5398 4539)
4(1656 2199 5171 4628)
4(1664 1656 4628 4636)
4(1640 1650 4622 4612)
4(2473 5445 5471 2499)
4(1437 2499 5471 4409)
4(2473 1437 4409 5445)
4(1652 4624 5278 2306)
4(1653 2306 5278 4625)
4(1652 1653 4625 4624)
4(1274 2319 5291 4246)
4(2318 5290 5291 2319)
4(1735 2432 5404 4707)
4(2432 2433 5405 5404)
4(1735 4707 5405 2433)
4(2319 5291 5292 2320)
4(1280 2320 5292 4252)
4(1677 2442 5414 4649)
4(2198 5170 5414 2442)
4(1299 2296 5268 4271)
4(1300 1299 4271 4272)
4(1421 4393 5401 2429)
4(1421 2329 5301 4393)
4(2329 2429 5401 5301)
4(1759 2304 5276 4731)
4(1759 4731 5397 2425)
4(1229 2309 5281 4201)
4(1214 1229 4201 4186)
4(1214 4186 5281 2309)
4(1273 1290 4262 4245)
4(1273 4245 5275 2303)
4(2376 5348 5416 2444)
4(2328 2444 5416 5300)
4(2376 2328 5300 5348)
4(1516 2194 5166 4488)
4(1398 4370 5174 2202)
4(1398 1436 4408 4370)
4(1666 4638 5278 2306)
4(1666 1652 4624 4638)
4(1534 2322 5294 4506)
4(2322 2326 5298 5294)
4(1534 4506 5298 2326)
4(1274 1276 4248 4246)
4(2300 2301 5273 5272)
4(1553 1552 4524 4525)
4(2431 2780 5752 5403)
4(2776 2431 5403 5748)
4(2776 5748 5752 2780)
4(1343 2300 5272 4315)
4(1325 1343 4315 4297)
4(1549 2195 5167 4521)
4(1548 1549 4521 4520)
4(1229 1314 4286 4201)
4(1314 2309 5281 4286)
4(2426 1242 4214 5398)
4(1242 2443 5415 4214)
4(1681 2773 5745 4653)
4(1680 4652 5745 2773)
4(1680 1681 4653 4652)
4(1213 2299 5271 4185)
4(1215 1213 4185 4187)
4(1215 4187 5271 2299)
4(2417 5389 5390 2418)
4(2417 1699 4671 5389)
4(1699 2418 5390 4671)
4(2728 5700 5702 2730)
4(2729 2730 5702 5701)
4(1681 2746 5718 4653)
4(2746 2773 5745 5718)
4(1531 2322 5294 4503)
4(1534 1531 4503 4506)
4(2314 2330 5302 5286)
4(1519 4491 5302 2330)
4(1519 2314 5286 4491)
4(1735 1733 4705 4707)
4(1733 2432 5404 4705)
4(1760 4732 5440 2468)
4(1760 2459 5431 4732)
4(1397 1392 4364 4369)
4(1392 2364 5336 4364)
4(1269 1270 4242 4241)
4(1269 4241 5290 2318)
4(1528 2322 5294 4500)
4(1531 1528 4500 4503)
4(1674 4646 5280 2308)
4(1757 2306 5278 4729)
4(1653 1757 4729 4625)
4(1277 4249 5274 2302)
4(1277 1275 4247 4249)
4(1275 2302 5274 4247)
4(1445 2376 5348 4417)
4(1445 4417 5416 2444)
4(1308 2296 5268 4280)
4(1299 1308 4280 4271)
4(1683 1680 4652 4655)
4(1683 4655 5745 2773)
4(1698 2331 5303 4670)
4(1699 1698 4670 4671)
4(1699 4671 5303 2331)
4(2210 5182 5435 2463)
4(2212 2463 5435 5184)
4(2210 2212 5184 5182)
4(1448 2311 5283 4420)
4(1452 1448 4420 4424)
4(1452 4424 5283 2311)
4(2488 5460 5462 2490)
4(2489 2490 5462 5461)
4(2488 2489 5461 5460)
4(2730 2774 5746 5702)
4(2728 5700 5746 2774)
4(2193 2473 5445 5165)
4(2193 5165 5471 2499)
4(1746 1693 4665 4718)
4(1693 2448 5420 4665)
4(1746 4718 5420 2448)
4(1513 4485 5448 2476)
4(1513 1400 4372 4485)
4(1239 2426 5398 4211)
4(1238 4210 5398 2426)
4(1238 1239 4211 4210)
4(2734 5706 5748 2776)
4(2489 2776 5748 5461)
4(2734 2489 5461 5706)
4(1701 2331 5303 4673)
4(1698 1701 4673 4670)
4(1552 1523 4495 4524)
4(1289 2456 5428 4261)
4(2310 1289 4261 5282)
4(2302 2303 5275 5274)
4(1226 1260 4232 4198)
4(1260 2427 5399 4232)
4(2305 5277 5435 2463)
4(1281 2463 5435 4253)
4(2305 1281 4253 5277)
4(1725 2423 5395 4697)
4(1748 1725 4697 4720)
4(1748 4720 5395 2423)
4(1725 1727 4699 4697)
4(1727 2423 5395 4699)
4(1345 1227 4199 4317)
4(1345 4317 5399 2427)
4(2314 1250 4222 5286)
4(1250 2330 5302 4222)
4(1250 2313 5285 4222)
4(2313 2469 5441 5285)
4(1377 4349 5349 2377)
4(1374 2377 5349 4346)
4(1377 1374 4346 4349)
4(1778 1579 4551 4750)
4(1778 4750 4751 1779)
4(1579 1779 4751 4551)
4(1401 1404 4376 4373)
4(1404 2476 5448 4376)
4(1365 2330 5302 4337)
4(1361 1365 4337 4333)
4(1361 4333 5302 2330)
4(1283 4255 5182 2210)
4(1285 2210 5182 4257)
4(1283 1285 4257 4255)
4(1246 1247 4219 4218)
4(1246 4218 5441 2469)
4(2313 5285 5286 2314)
4(1519 4491 5442 2470)
4(1519 1367 4339 4491)
4(1367 2470 5442 4339)
4(1549 4521 4889 1917)
4(1549 1581 4553 4521)
4(1581 1917 4889 4553)
4(2368 2461 5433 5340)
4(2369 2368 5340 5341)
4(1224 1225 4197 4196)
4(1223 4195 4197 1225)
4(1217 2299 5271 4189)
4(1213 1217 4189 4185)
4(1519 4491 5467 2495)
4(2470 2495 5467 5442)
4(2436 5408 5411 2439)
4(2435 2439 5411 5407)
4(1239 1242 4214 4211)
4(1210 4182 4193 1221)
4(1208 1221 4193 4180)
4(2200 5172 5314 2342)
4(2328 2327 5299 5300)
4(2327 2444 5416 5299)
4(1736 2466 5438 4708)
4(1732 1736 4708 4704)
4(1732 4704 5438 2466)
4(2368 2446 5418 5340)
4(2446 2461 5433 5418)
4(1483 1377 4349 4455)
4(1483 4455 5349 2377)
4(1321 1238 4210 4293)
4(1321 4293 5398 2426)
4(2433 5405 5406 2434)
4(2432 2434 5406 5404)
4(1210 1211 4183 4182)
4(1209 4181 4183 1211)
4(2452 2204 5176 5424)
4(2204 2453 5425 5176)
4(1395 4367 5174 2202)
4(1395 1398 4370 4367)
4(1385 1386 4358 4357)
4(1386 2321 5293 4358)
4(1385 4357 5293 2321)
4(1773 1760 4732 4745)
4(1543 2319 5291 4515)
4(1543 4515 5292 2320)
4(1283 4255 5435 2463)
4(1646 4618 5397 2425)
4(1648 2425 5397 4620)
4(1646 1648 4620 4618)
4(1667 1646 4618 4639)
4(2748 2739 5711 5720)
4(2748 5720 5721 2749)
4(2739 2749 5721 5711)
4(1594 4566 5415 2443)
4(1594 1567 4539 4566)
4(2434 5406 5462 2490)
4(2434 2488 5460 5406)
4(1593 1594 4566 4565)
4(1594 1596 4568 4566)
4(1593 4565 4568 1596)
4(1547 1455 4427 4519)
4(1547 4519 5396 2424)
4(1455 2424 5396 4427)
4(1373 4345 5442 2470)
4(2209 2470 5442 5181)
4(1515 1513 4485 4487)
4(1513 2447 5419 4485)
4(1515 4487 5419 2447)
4(2212 2305 5277 5184)
4(2205 2417 5389 5177)
4(2205 5177 5390 2418)
4(1310 4282 5439 2467)
4(1310 1313 4285 4282)
4(1313 2467 5439 4285)
4(1416 1421 4393 4388)
4(1416 4388 5401 2429)
4(1594 4566 5464 2492)
4(2443 2492 5464 5415)
4(1571 1570 4542 4543)
4(1571 4543 4563 1591)
4(1570 1591 4563 4542)
4(1396 2328 5300 4368)
4(1396 4368 5348 2376)
4(1745 1579 4551 4717)
4(1745 4717 4750 1778)
4(1459 1522 4494 4431)
4(1521 1459 4431 4493)
4(1736 1769 4741 4708)
4(1260 4232 4234 1262)
4(1260 1261 4233 4232)
4(1261 1262 4234 4233)
4(1389 2473 5445 4361)
4(1396 1394 4366 4368)
4(1394 2328 5300 4366)
4(1309 1310 4282 4281)
4(1308 4280 4282 1310)
4(1308 1309 4281 4280)
4(1696 2417 5389 4668)
4(1694 4666 5389 2417)
4(1694 1696 4668 4666)
4(1573 1507 4479 4545)
4(1573 4545 5168 2196)
4(1513 1514 4486 4485)
4(1436 4408 4486 1514)
4(1436 1513 4485 4408)
4(2203 2204 5176 5175)
4(1660 2203 5175 4632)
4(1660 4632 5176 2204)
4(1675 1679 4651 4647)
4(1679 1707 4679 4651)
4(1508 1507 4479 4480)
4(1508 4480 4545 1573)
4(1226 1258 4230 4198)
4(1258 1260 4232 4230)
4(1433 1422 4394 4405)
4(1422 2451 5423 4394)
4(1433 4405 5423 2451)
4(2433 5405 5409 2437)
4(2434 2437 5409 5406)
4(1317 2317 5289 4289)
4(1318 1317 4289 4290)
4(1318 4290 5289 2317)
4(1311 1310 4282 4283)
4(1311 4283 5439 2467)
4(2205 2203 5175 5177)
4(2203 2417 5389 5175)
4(2439 2440 5412 5411)
4(2436 5408 5412 2440)
4(1716 4688 4689 1717)
4(1716 1714 4686 4688)
4(1242 2315 5287 4214)
4(2315 2443 5415 5287)
4(1458 1440 4412 4430)
4(1458 4430 4431 1459)
4(1917 2195 5167 4889)
4(2213 2312 5284 5185)
4(2215 2213 5185 5187)
4(2215 5187 5284 2312)
4(1342 1327 4299 4314)
4(1327 1562 4534 4299)
4(1342 4314 4534 1562)
4(1739 1740 4712 4711)
4(1740 1765 4737 4712)
4(1739 4711 4737 1765)
4(1578 4550 4551 1579)
4(1578 1577 4549 4550)
4(1577 1579 4551 4549)
4(1445 1402 4374 4417)
4(1402 2376 5348 4374)
4(1759 4731 4733 1761)
4(1759 1760 4732 4731)
4(1760 1761 4733 4732)
4(1507 1505 4477 4479)
4(1505 2327 5299 4477)
4(1696 1699 4671 4668)
4(1429 1454 4426 4401)
4(1454 2209 5181 4426)
4(2768 2734 5706 5740)
4(2768 5740 5748 2776)
4(1365 1519 4491 4337)
4(1549 1561 4533 4521)
4(1561 1581 4553 4533)
4(2204 5176 5177 2205)
4(1308 1311 4283 4280)
4(1311 2296 5268 4283)
4(1343 1541 4513 4315)
4(1679 1682 4654 4651)
4(1679 4651 5437 2465)
4(1682 2465 5437 4654)
4(1398 1400 4372 4370)
4(1400 1436 4408 4372)
4(1440 1441 4413 4412)
4(1429 4401 4413 1441)
4(1429 1440 4412 4401)
4(1522 4494 4495 1523)
4(1379 1483 4455 4351)
4(1483 1484 4456 4455)
4(1379 4351 4456 1484)
4(1217 1220 4192 4189)
4(1220 2299 5271 4192)
4(1261 4233 5432 2460)
4(1261 1559 4531 4233)
4(1559 2460 5432 4531)
4(1677 1668 4640 4649)
4(1677 4649 4650 1678)
4(1668 1678 4650 4640)
4(2431 1728 4700 5403)
4(1728 2780 5752 4700)
4(1260 4232 4235 1263)
4(1262 1263 4235 4234)
4(1661 4633 4665 1693)
4(1661 1692 4664 4633)
4(1692 1693 4665 4664)
4(1550 1548 4520 4522)
4(1550 4522 4523 1551)
4(1264 1265 4237 4236)
4(1262 1264 4236 4234)
4(1262 4234 4237 1265)
4(2437 2441 5413 5409)
4(2203 1694 4666 5175)
4(1693 1694 4666 4665)
4(1661 4633 4666 1694)
4(2211 2213 5185 5183)
4(2212 5184 5185 2213)
4(2212 2211 5183 5184)
4(1385 2498 5470 4357)
4(2477 1385 4357 5449)
4(1656 4628 4630 1658)
4(1657 1658 4630 4629)
4(1656 1657 4629 4628)
4(1374 1376 4348 4346)
4(1375 4347 4348 1376)
4(1375 1374 4346 4347)
4(1671 1675 4647 4643)
4(1671 4643 5431 2459)
4(1229 4201 4202 1230)
4(1229 1215 4187 4201)
4(1215 1230 4202 4187)
4(1456 4428 4429 1457)
4(1456 1443 4415 4428)
4(1443 1457 4429 4415)
4(1291 1292 4264 4263)
4(1287 1291 4263 4259)
4(1380 1382 4354 4352)
4(1381 1380 4352 4353)
4(1381 4353 4354 1382)
4(1546 1455 4427 4518)
4(1546 4518 4519 1547)
4(1264 1261 4233 4236)
4(1264 4236 5432 2460)
4(1404 1406 4378 4376)
4(1404 4376 4410 1438)
4(1406 1438 4410 4378)
4(1761 1774 4746 4733)
4(1774 1775 4747 4746)
4(1761 4733 4747 1775)
4(1285 4257 4259 1287)
4(1285 1286 4258 4257)
4(1286 1287 4259 4258)
4(1738 2421 5393 4710)
4(1700 4672 5393 2421)
4(1700 1738 4710 4672)
4(1444 2366 5338 4416)
4(2366 2367 5339 5338)
4(1444 4416 5339 2367)
4(1716 1718 4690 4688)
4(1716 4688 4735 1763)
4(1266 1349 4321 4238)
4(1266 4238 5447 2475)
4(1349 2475 5447 4321)
4(1752 1751 4723 4724)
4(1752 4724 4725 1753)
4(1751 1753 4725 4723)
4(1314 4286 4313 1341)
4(1321 1341 4313 4293)
4(1314 1321 4293 4286)
4(1239 4211 4213 1241)
4(1239 1240 4212 4211)
4(1240 1241 4213 4212)
4(1293 1301 4273 4265)
4(1301 2201 5173 4273)
4(2421 5393 5394 2422)
4(1712 1714 4686 4684)
4(1713 1712 4684 4685)
4(1713 4685 4686 1714)
4(2742 2763 5735 5714)
4(2763 2772 5744 5735)
4(1285 4257 4260 1288)
4(1722 1724 4696 4694)
4(1723 4695 4696 1724)
4(1723 1722 4694 4695)
4(1711 1686 4658 4683)
4(1711 4683 4684 1712)
4(1392 1394 4366 4364)
4(1393 4365 4366 1394)
4(1393 1392 4364 4365)
4(2733 2736 5708 5705)
4(2736 2737 5709 5708)
4(2733 5705 5709 2737)
4(1214 1213 4185 4186)
4(1214 4186 4187 1215)
4(2743 2742 5714 5715)
4(2743 5715 5730 2758)
4(1397 4369 5300 2328)
4(1384 1386 4358 4356)
4(1385 1384 4356 4357)
4(1457 1527 4499 4429)
4(1456 4428 4499 1527)
4(1317 1353 4325 4289)
4(1353 2317 5289 4325)
4(2733 2735 5707 5705)
4(2735 2736 5708 5707)
4(1307 1308 4280 4279)
4(1299 1307 4279 4271)
4(1446 4418 4419 1447)
4(1445 1447 4419 4417)
4(1446 1445 4417 4418)
4(1648 4620 4623 1651)
4(1648 1647 4619 4620)
4(1418 4390 5423 2451)
4(1418 1419 4391 4390)
4(1419 2451 5423 4391)
4(1281 1279 4251 4253)
4(1279 2463 5435 4251)
4(1735 4707 5433 2461)
4(1343 4315 4328 1356)
4(1355 1356 4328 4327)
4(1343 1355 4327 4315)
4(1737 2446 5418 4709)
4(1741 1737 4709 4713)
4(1741 4713 5418 2446)
4(1290 4262 4295 1323)
4(1290 1322 4294 4262)
4(1322 1323 4295 4294)
4(1766 4738 4739 1767)
4(1766 1741 4713 4738)
4(1741 1767 4739 4713)
4(2213 5185 5186 2214)
4(2211 2214 5186 5183)
4(1413 1415 4387 4385)
4(1414 4386 4387 1415)
4(1414 1413 4385 4386)
4(1658 2199 5171 4630)
4(1554 1555 4527 4526)
4(1555 1556 4528 4527)
4(1554 4526 4528 1556)
4(1374 1371 4343 4346)
4(1371 2377 5349 4343)
4(1529 2322 5294 4501)
4(1528 1529 4501 4500)
4(1229 1238 4210 4201)
4(1238 1314 4286 4210)
4(1297 1299 4271 4269)
4(1297 4269 4272 1300)
4(1271 1269 4241 4243)
4(1271 4243 4274 1302)
4(1269 1302 4274 4241)
4(1366 1364 4336 4338)
4(1366 4338 4433 1461)
4(1364 1461 4433 4336)
4(1279 1277 4249 4251)
4(1277 1282 4254 4249)
4(1279 4251 4254 1282)
4(2730 2732 5704 5702)
4(2730 5702 5719 2747)
4(2732 2747 5719 5704)
4(1661 2203 5175 4633)
4(1660 1661 4633 4632)
4(1701 1704 4676 4673)
4(1704 2331 5303 4676)
4(1386 4358 4361 1389)
4(1386 1388 4360 4358)
4(1388 1389 4361 4360)
4(1373 1371 4343 4345)
4(1373 4345 4346 1374)
4(2730 2731 5703 5702)
4(2731 2732 5704 5703)
4(2740 2754 5726 5712)
4(2754 2755 5727 5726)
4(2740 5712 5727 2755)
4(1325 4297 4314 1342)
4(1325 1327 4299 4297)
4(2249 2368 5340 5221)
4(1671 1666 4638 4643)
4(1666 1672 4644 4638)
4(1671 4643 4644 1672)
4(1416 1418 4390 4388)
4(1418 1421 4393 4390)
4(1775 1776 4748 4747)
4(1775 4747 4749 1777)
4(1415 4387 4397 1425)
4(1413 1425 4397 4385)
4(1368 1366 4338 4340)
4(1368 4340 5421 2449)
4(1366 2449 5421 4338)
4(1310 4282 4284 1312)
4(1309 1312 4284 4281)
4(1770 4742 4743 1771)
4(1770 1767 4739 4742)
4(1767 1771 4743 4739)
4(1431 1451 4423 4403)
4(1431 4403 5301 2329)
4(1451 2329 5301 4423)
4(1314 4286 4319 1347)
4(1341 1347 4319 4313)
4(1273 1274 4246 4245)
4(1270 1273 4245 4242)
4(1394 4366 4369 1397)
4(1725 1724 4696 4697)
4(1725 4697 4698 1726)
4(1724 1726 4698 4696)
4(1702 1700 4672 4674)
4(1702 4674 5393 2421)
4(1241 1242 4214 4213)
4(1266 1264 4236 4238)
4(1264 1349 4321 4236)
4(2213 2216 5188 5185)
4(2216 2312 5284 5188)
4(1278 1277 4249 4250)
4(1278 4250 4251 1279)
4(1761 1773 4745 4733)
4(1773 1774 4746 4745)
4(1685 1683 4655 4657)
4(1683 1686 4658 4655)
4(1685 4657 4658 1686)
4(1682 4654 4655 1683)
4(1682 1680 4652 4654)
4(1734 1733 4705 4706)
4(1734 4706 4707 1735)
4(1689 1691 4663 4661)
4(1691 1749 4721 4663)
4(1689 4661 4721 1749)
4(1379 1377 4349 4351)
4(1282 4254 5274 2302)
4(2296 2297 5269 5268)
4(2297 2298 5270 5269)
4(1435 1443 4415 4407)
4(1442 4414 4415 1443)
4(1442 1435 4407 4414)
4(1248 1251 4223 4220)
4(1249 4221 4223 1251)
4(1249 1248 4220 4221)
4(2733 2731 5703 5705)
4(2731 2735 5707 5703)
4(1694 4666 4667 1695)
4(1693 1695 4667 4665)
4(1671 1673 4645 4643)
4(1673 1675 4647 4645)
4(1653 1663 4635 4625)
4(1663 1757 4729 4635)
4(1422 1432 4404 4394)
4(1431 4403 4404 1432)
4(1431 1422 4394 4403)
4(1361 1364 4336 4333)
4(1364 1365 4337 4336)
4(1361 1363 4335 4333)
4(1363 1364 4336 4335)
4(1682 4654 4657 1685)
4(1376 4348 4349 1377)
4(1246 1245 4217 4218)
4(1245 1247 4219 4217)
4(1211 1212 4184 4183)
4(1212 1213 4185 4184)
4(1211 4183 4185 1213)
4(1675 1676 4648 4647)
4(1676 1679 4651 4648)
4(1448 1450 4422 4420)
4(1450 2311 5283 4422)
4(1251 4223 4224 1252)
4(1435 1444 4416 4407)
4(1443 4415 4416 1444)
4(1670 1666 4638 4642)
4(1670 4642 4643 1671)
4(1701 4673 4674 1702)
4(1701 1700 4672 4673)
4(1449 1448 4420 4421)
4(1449 4421 4424 1452)
4(1561 1547 4519 4533)
4(1561 4533 5396 2424)
4(1225 4197 4198 1226)
4(1224 1226 4198 4196)
4(1706 1705 4677 4678)
4(1705 1708 4680 4677)
4(1706 4678 4680 1708)
4(1441 4413 4430 1458)
4(1243 4215 4217 1245)
4(1243 1244 4216 4215)
4(1367 4339 4340 1368)
4(1367 1366 4338 4339)
4(1288 2210 5182 4260)
4(1402 1403 4375 4374)
4(1401 4373 4375 1403)
4(1401 1402 4374 4373)
4(1724 4696 4702 1730)
4(1722 1730 4702 4694)
4(1267 4239 4240 1268)
4(1267 1266 4238 4239)
4(1266 1268 4240 4238)
4(1701 1703 4675 4673)
4(1703 1704 4676 4675)
4(1432 4404 4405 1433)
4(1528 1530 4502 4500)
4(1527 1528 4500 4499)
4(1404 1405 4377 4376)
4(1405 1406 4378 4377)
4(1274 4246 4247 1275)
4(1273 1275 4247 4245)
4(1441 1454 4426 4413)
4(1650 4622 4626 1654)
4(1650 1641 4613 4622)
4(1641 1654 4626 4613)
4(1294 1293 4265 4266)
4(1294 4266 4268 1296)
4(1650 1668 4640 4622)
4(1317 1312 4284 4289)
4(1317 4289 4316 1344)
4(1312 1344 4316 4284)
4(1653 1662 4634 4625)
4(1658 1659 4631 4630)
4(1659 1660 4632 4631)
4(1658 4630 4632 1660)
4(1683 1687 4659 4655)
4(1356 1541 4513 4328)
4(1371 1423 4395 4343)
4(1423 2377 5349 4395)
4(1243 4215 4218 1246)
4(1398 1399 4371 4370)
4(1399 1400 4372 4371)
4(2323 5295 5296 2324)
4(2323 1529 4501 5295)
4(1529 2324 5296 4501)
4(1395 4367 4368 1396)
4(1395 1394 4366 4367)
4(1702 1703 4675 4674)
4(1416 4388 4389 1417)
4(1416 1415 4387 4388)
4(1415 1417 4389 4387)
4(1422 1418 4390 4394)
4(1225 4197 4199 1227)
4(1739 1737 4709 4711)
4(1737 1740 4712 4709)
4(1217 4189 4191 1219)
4(1218 1219 4191 4190)
4(1217 1218 4190 4189)
4(1242 1243 4215 4214)
4(1243 2315 5287 4215)
4(1347 2309 5281 4319)
4(1582 1533 4505 4554)
4(1582 4554 4555 1583)
4(1533 1583 4555 4505)
4(1247 4219 4220 1248)
4(2739 2738 5710 5711)
4(2738 2740 5712 5710)
4(2739 5711 5712 2740)
4(1427 1402 4374 4399)
4(1427 4399 4417 1445)
4(1695 1696 4668 4667)
4(1386 4358 4359 1387)
4(2489 2431 5403 5461)
4(2214 2216 5188 5186)
4(1771 2282 5254 4743)
4(1770 4742 5254 2282)
4(2742 2734 5706 5714)
4(2734 2763 5735 5706)
4(1292 1293 4265 4264)
4(1292 4264 4266 1294)
4(1228 1233 4205 4200)
4(1228 4200 4208 1236)
4(1233 1236 4208 4205)
4(1291 1293 4265 4263)
4(1719 1721 4693 4691)
4(1718 4690 4693 1721)
4(1718 1719 4691 4690)
4(1446 1448 4420 4418)
4(1272 1273 4245 4244)
4(1270 1272 4244 4242)
4(1370 1371 4343 4342)
4(1369 4341 4343 1371)
4(1369 1370 4342 4341)
4(1717 1718 4690 4689)
4(1548 1547 4519 4520)
4(1547 1549 4521 4519)
4(1678 1689 4661 4650)
4(1677 4649 4661 1689)
4(1732 1733 4705 4704)
4(1732 4704 4706 1734)
4(1545 1455 4427 4517)
4(1545 4517 4518 1546)
4(1382 4354 4355 1383)
4(1380 1383 4355 4352)
4(1210 1212 4184 4182)
4(1532 1533 4505 4504)
4(1532 4504 4554 1582)
4(1265 4237 4238 1266)
4(1437 1395 4367 4409)
4(1506 1505 4477 4478)
4(1506 4478 4479 1507)
4(1403 4375 4399 1427)
4(1398 1396 4368 4370)
4(1396 1399 4371 4368)
4(1375 4347 4400 1428)
4(1376 1428 4400 4348)
4(1749 4721 5160 2188)
4(1749 1750 4722 4721)
4(1750 2188 5160 4722)
4(1296 1298 4270 4268)
4(1297 4269 4270 1298)
4(1297 1296 4268 4269)
4(1417 1418 4390 4389)
4(1419 1576 4548 4391)
4(1419 4391 4549 1577)
4(1361 1251 4223 4333)
4(1251 1363 4335 4223)
4(1700 1697 4669 4672)
4(1697 1738 4710 4669)
4(1370 1372 4344 4342)
4(1370 4342 5392 2420)
4(1372 2420 5392 4344)
4(1212 1217 4189 4184)
4(1644 1646 4618 4616)
4(1365 4337 4338 1366)
4(1737 1734 4706 4709)
4(1734 2446 5418 4706)
4(1723 4695 4697 1725)
4(1721 4693 4694 1722)
4(1719 1722 4694 4691)
4(2491 5463 5706 2734)
4(2491 2489 5461 5463)
4(1409 1410 4382 4381)
4(1408 4380 4382 1410)
4(1408 1409 4381 4380)
4(1766 4738 4742 1770)
4(1370 1423 4395 4342)
4(1648 4620 4624 1652)
4(1651 1652 4624 4623)
4(1377 1378 4350 4349)
4(1376 4348 4350 1378)
4(1593 1567 4539 4565)
4(1732 1729 4701 4704)
4(1729 1733 4705 4701)
4(1648 4620 4637 1665)
4(1652 1665 4637 4624)
4(1696 4668 4669 1697)
4(1695 1697 4669 4667)
4(1653 1651 4623 4625)
4(1313 4285 4289 1317)
4(1313 1312 4284 4285)
4(1727 1728 4700 4699)
4(1727 4699 4701 1729)
4(1728 1729 4701 4700)
4(2491 5463 5714 2742)
4(1211 4183 4186 1214)
4(1410 4382 4383 1411)
4(1409 1411 4383 4381)
4(1411 1412 4384 4383)
4(1410 4382 4384 1412)
4(1767 2249 5221 4739)
4(1356 4328 4537 1565)
4(1368 1369 4341 4340)
4(1367 4339 4341 1369)
4(1298 4270 4300 1328)
4(1421 4393 4394 1422)
4(1235 1231 4203 4207)
4(1231 1237 4209 4203)
4(1235 4207 4209 1237)
4(1750 1751 4723 4722)
4(1750 4722 4724 1752)
4(1387 1388 4360 4359)
4(1276 1277 4249 4248)
4(1276 4248 4250 1278)
4(1654 1668 4640 4626)
4(1404 1403 4375 4376)
4(1403 1405 4377 4375)
4(1434 1432 4404 4406)
4(1434 4406 4407 1435)
4(1432 1435 4407 4404)
4(1298 1299 4271 4270)
4(1665 2425 5397 4637)
4(1407 1408 4380 4379)
4(1406 1407 4379 4378)
4(1406 4378 4380 1408)
4(1392 1391 4363 4364)
4(1391 2364 5336 4363)
4(1369 4341 4345 1373)
4(1269 1268 4240 4241)
4(1268 1270 4242 4240)
4(455 170 315 3427)
4(170 2378 5350 315)
4(173 445 3417 318)
4(106 2408 5380 251)
4(427 106 251 3399)
4(118 452 3424 263)
4(165 2414 5386 310)
4(164 309 5386 2414)
4(158 2405 5377 303)
4(157 302 5377 2405)
4(107 2408 5380 252)
4(107 252 3439 467)
4(108 467 3439 253)
4(103 447 3419 248)
4(102 247 3419 447)
4(469 189 334 3441)
4(189 2387 5359 334)
4(198 448 3420 343)
4(197 342 3420 448)
4(99 2404 5376 244)
4(98 243 5376 2404)
4(1638 1636 4608 4610)
4(1638 4610 4627 1655)
4(467 2408 5380 3439)
4(158 468 3440 303)
4(92 237 3442 470)
4(97 242 3444 472)
4(98 472 3444 243)
4(91 236 5385 2413)
4(92 2413 5385 237)
4(190 335 5359 2387)
4(190 436 3408 335)
4(96 435 3407 241)
4(97 242 5382 2410)
4(472 2410 5382 3444)
4(99 429 3401 244)
4(165 484 3456 310)
4(484 2414 5386 3456)
4(472 3444 5376 2404)
4(111 434 3406 256)
4(96 2410 5382 241)
4(91 431 3403 236)
4(431 3403 5385 2413)
4(111 2403 5375 256)
4(434 3406 5375 2403)
4(112 466 3438 257)
4(112 257 5375 2403)
4(466 2403 5375 3438)
4(200 345 3398 426)
4(100 429 3401 245)
4(175 473 3445 320)
4(176 321 3402 430)
4(177 430 3402 322)
4(178 323 3446 474)
4(179 474 3446 324)
4(195 428 3400 340)
4(114 259 3415 443)
4(115 443 3415 260)
4(119 264 3455 483)
4(120 483 3455 265)
4(166 484 3456 311)
4(169 314 3427 455)
4(171 2378 5350 316)
4(161 444 3416 306)
4(164 461 3433 309)
4(163 308 3433 461)
4(182 327 3443 471)
4(153 298 3421 449)
4(154 449 3421 299)
4(157 440 3412 302)
4(156 301 3412 440)
4(181 437 3409 326)
4(180 325 3409 437)
4(114 259 5374 2402)
4(443 2402 5374 3415)
4(113 466 3438 258)
4(148 293 3457 485)
4(186 432 3404 331)
4(185 330 3404 432)
4(191 436 3408 336)
4(461 3433 5386 2414)
4(113 2402 5374 258)
4(1484 4456 4457 1485)
4(1483 1485 4457 4455)
4(118 2416 5388 263)
4(452 3424 5388 2416)
4(1524 1523 4495 4496)
4(1524 4496 4524 1552)
4(119 2416 5388 264)
4(1721 2208 5180 4693)
4(483 2416 5388 3455)
4(1761 2304 5276 4733)
4(1390 1388 4360 4362)
4(1390 4362 4363 1391)
4(1388 1391 4363 4360)
4(1703 1705 4677 4675)
4(1703 4675 4678 1706)
4(1347 4319 4542 1570)
4(1341 1570 4542 4313)
4(1695 4667 4718 1746)
4(1410 1439 4411 4382)
4(1408 4380 4411 1439)
4(1672 1673 4645 4644)
4(1409 1424 4396 4381)
4(1411 4383 4396 1424)
4(1455 1441 4413 4427)
4(1441 2424 5396 4413)
4(1450 1505 4477 4422)
4(1450 4422 4478 1506)
4(1321 1566 4538 4293)
4(1341 4313 4538 1566)
4(1724 4696 5753 2781)
4(1657 1659 4631 4629)
4(1283 1284 4256 4255)
4(1284 1285 4257 4256)
4(1431 1434 4406 4403)
4(1434 1451 4423 4406)
4(1452 1453 4425 4424)
4(1291 1301 4273 4263)
4(1224 1258 4230 4196)
4(1389 4361 4362 1390)
4(1685 4657 4683 1711)
4(1514 1516 4488 4486)
4(1705 1702 4674 4677)
4(1702 1710 4682 4674)
4(1705 4677 4682 1710)
4(1219 4191 4203 1231)
4(1218 1231 4203 4190)
4(1275 1276 4248 4247)
4(2729 2731 5703 5701)
4(1393 4365 4367 1395)
4(1307 1309 4281 4279)
4(2212 5184 5187 2215)
4(1230 1238 4210 4202)
4(1656 1655 4627 4628)
4(1655 1657 4629 4627)
4(1665 4637 4642 1670)
4(1665 1666 4638 4637)
4(1752 4724 4726 1754)
4(1753 1754 4726 4725)
4(1282 1283 4255 4254)
4(1279 4251 4255 1283)
4(1638 1656 4628 4610)
4(1638 4610 4636 1664)
4(1726 1727 4699 4698)
4(1687 4659 5745 2773)
4(1659 1661 4633 4631)
4(1313 1318 4290 4285)
4(1313 4285 4744 1772)
4(1318 1772 4744 4290)
4(1442 4414 4428 1456)
4(1407 1409 4381 4379)
4(1415 4387 5422 2450)
4(1640 1641 4613 4612)
4(1486 1485 4457 4458)
4(1486 4458 4459 1487)
4(1282 1284 4256 4254)
4(1311 2297 5269 4283)
4(1646 1647 4619 4618)
4(1711 4683 4685 1713)
4(1302 1304 4276 4274)
4(1303 1302 4274 4275)
4(1303 4275 4276 1304)
4(1647 1645 4617 4619)
4(2491 5463 5715 2743)
4(1258 1261 4233 4230)
4(1267 1269 4241 4239)
4(1399 1402 4374 4371)
4(1401 1399 4371 4373)
4(1232 1231 4203 4204)
4(1232 4204 4207 1235)
4(1294 1295 4267 4266)
4(1249 4221 4333 1361)
4(1435 2366 5338 4407)
4(1428 1429 4401 4400)
4(1698 4670 4672 1700)
4(1698 1697 4669 4670)
4(1637 1640 4612 4609)
4(1635 1637 4609 4607)
4(1546 4518 4520 1548)
4(2490 5462 5463 2491)
4(1531 1532 4504 4503)
4(1530 1531 4503 4502)
4(1516 1517 4489 4488)
4(1516 4488 4490 1518)
4(1517 1518 4490 4489)
4(1531 1533 4505 4503)
4(1414 4386 4388 1416)
4(1321 1567 4539 4293)
4(1566 4538 4539 1567)
4(1421 4393 4403 1431)
4(1447 1448 4420 4419)
4(1682 4654 4736 1764)
4(1685 1764 4736 4657)
4(1239 1230 4202 4211)
4(1230 1240 4212 4202)
4(1554 1553 4525 4526)
4(1553 1555 4527 4525)
4(1284 1286 4258 4256)
4(1412 1413 4385 4384)
4(1412 4384 4386 1414)
4(1434 4406 4414 1442)
4(1533 4505 4506 1534)
4(1546 4518 4522 1550)
4(1637 1641 4613 4609)
4(1696 1698 4670 4668)
4(1713 4685 4688 1716)
4(1659 1692 4664 4631)
4(1578 4550 4717 1745)
4(1393 4365 4409 1437)
4(1726 1728 4700 4698)
4(1212 1218 4190 4184)
4(2732 5704 5705 2733)
4(1721 4693 4695 1723)
4(1378 4350 4351 1379)
4(2434 2438 5410 5406)
4(2437 5409 5410 2438)
4(1447 1450 4422 4419)
4(1680 1676 4648 4652)
4(1676 1681 4653 4648)
4(1689 1690 4662 4661)
4(1690 1691 4663 4662)
4(1678 1690 4662 4650)
4(1734 1736 4708 4706)
4(1637 1636 4608 4609)
4(1637 4609 4610 1638)
4(1390 1392 4364 4362)
4(1390 4362 4365 1393)
4(2214 2217 5189 5186)
4(2216 5188 5189 2217)
4(1749 4721 5161 2189)
4(1382 4354 4356 1384)
4(1286 1291 4263 4258)
4(2737 5709 5711 2739)
4(2737 2738 5710 5709)
4(1727 4699 4703 1731)
4(1729 1731 4703 4701)
4(1278 4250 4253 1281)
4(1227 1233 4205 4199)
4(1228 1227 4199 4200)
4(2736 5708 5723 2751)
4(2735 2751 5723 5707)
4(1233 4205 4317 1345)
4(1670 1759 4731 4642)
4(1665 4637 4731 1759)
4(1272 1290 4262 4244)
4(1225 4197 4200 1228)
4(1278 1280 4252 4250)
4(1419 1417 4389 4391)
4(1417 1576 4548 4389)
4(1740 1741 4713 4712)
4(1740 4712 4738 1766)
4(1407 1405 4377 4379)
4(1405 1420 4392 4377)
4(1407 4379 4392 1420)
4(1673 4645 4646 1674)
4(2737 5709 5720 2748)
4(1736 1739 4711 4708)
4(1739 1769 4741 4711)
4(1723 4695 4720 1748)
4(1370 1368 4340 4342)
4(1368 1372 4344 4340)
4(1736 1737 4709 4708)
4(1399 2376 5348 4371)
4(1679 1680 4652 4651)
4(1382 4354 4357 1385)
4(1731 2423 5395 4703)
4(2214 2252 5224 5186)
4(1447 1505 4477 4419)
4(1324 1323 4295 4296)
4(1323 1325 4297 4295)
4(2747 2774 5746 5719)
4(1268 1272 4244 4240)
4(1365 4337 4339 1367)
4(1411 1413 4385 4383)
4(1417 4389 5422 2450)
4(1298 1307 4279 4270)
4(2210 5182 5183 2211)
4(1288 2211 5183 4260)
4(1454 1455 4427 4426)
4(1378 4350 4352 1380)
4(1379 1380 4352 4351)
4(1646 1645 4617 4618)
4(1247 4219 4221 1249)
4(1302 1543 4515 4274)
4(1304 4276 4515 1543)
4(1710 4682 5393 2421)
4(1731 4703 4704 1732)
4(1228 4200 4228 1256)
4(1236 1256 4228 4208)
4(1719 1717 4689 4691)
4(1419 4391 4550 1578)
4(2472 2746 5718 5444)
4(1681 2472 5444 4653)
4(1372 4344 5421 2449)
4(2494 1781 4753 5466)
4(1781 2496 5468 4753)
4(1524 4496 4525 1553)
4(1750 1691 4663 4722)
4(1691 1751 4723 4663)
4(1558 1557 4529 4530)
4(1558 4530 5165 2193)
4(2282 5254 5255 2283)
4(1209 4181 5473 2501)
4(1211 2501 5473 4183)
4(2323 5295 5297 2325)
4(1249 1250 4222 4221)
4(2763 5735 5740 2768)
4(1555 4527 4529 1557)
4(1414 1426 4398 4386)
4(1412 4384 4398 1426)
4(1457 4429 5455 2483)
4(1443 2483 5455 4415)
4(1752 4724 5158 2186)
4(2315 1246 4218 5287)
4(1246 2478 5450 4218)
4(2315 5287 5450 2478)
4(1271 1303 4275 4243)
4(1303 1305 4277 4275)
4(1243 1241 4213 4215)
4(1241 1244 4216 4213)
4(1673 1676 4648 4645)
4(1713 1768 4740 4685)
4(1711 4683 4740 1768)
4(2447 5419 5448 2476)
4(1378 4350 4353 1381)
4(2455 1594 4566 5427)
4(2455 5427 5464 2492)
4(1644 1645 4617 4616)
4(1689 2442 5414 4661)
4(1343 1342 4314 4315)
4(1342 1355 4327 4314)
4(1284 1289 4261 4256)
4(1286 4258 4261 1289)
4(1670 1760 4732 4642)
4(1442 4414 4432 1460)
4(1456 1460 4432 4428)
4(1428 1440 4412 4400)
4(1635 1636 4608 4607)
4(2472 2767 5739 5444)
4(1555 4527 4530 1558)
4(1657 4629 4641 1669)
4(1458 4430 5458 2486)
4(1458 1521 4493 4430)
4(1521 2486 5458 4493)
4(1432 4404 5338 2366)
4(1433 2366 5338 4405)
4(2736 2738 5710 5708)
4(1707 4679 5437 2465)
4(2322 2323 5295 5294)
4(2323 2326 5298 5295)
4(1541 4513 4514 1542)
4(1356 1542 4514 4328)
4(1447 4419 5416 2444)
4(1461 2449 5421 4433)
4(2776 2777 5749 5748)
4(2421 5393 5436 2464)
4(1764 2465 5437 4736)
4(1272 1322 4294 4244)
4(1506 4478 4480 1508)
4(1249 4221 5302 2330)
4(2424 1458 4430 5396)
4(2424 5396 5458 2486)
4(1566 4538 4565 1593)
4(2738 2754 5726 5710)
4(2747 5719 5728 2756)
4(1423 4395 5392 2420)
4(1294 4266 4269 1297)
4(1546 4518 5285 2313)
4(1550 2313 5285 4522)
4(1345 4317 5400 2428)
4(1545 2314 5286 4517)
4(2314 2495 5467 5286)
4(1545 4517 5285 2313)
4(1323 1327 4299 4295)
4(2368 1741 4713 5340)
4(1745 1780 4752 4717)
4(1745 4717 4753 1781)
4(1347 4319 4543 1571)
4(1528 1457 4429 4500)
4(1457 1529 4501 4429)
4(2430 5402 5460 2488)
4(2430 2431 5403 5402)
4(2431 2488 5460 5403)
4(2215 2305 5277 5187)
4(1280 2458 5430 4252)
4(2320 5292 5430 2458)
4(1307 1351 4323 4279)
4(1309 4281 4323 1351)
4(1670 4642 5431 2459)
4(2733 2779 5751 5705)
4(1518 2194 5166 4490)
4(1258 1559 4531 4230)
4(2432 2430 5402 5404)
4(2432 5404 5460 2488)
4(1767 2368 5340 4739)
4(1663 1758 4730 4635)
4(2194 2499 5471 5166)
4(1735 2446 5418 4707)
4(2774 5746 5747 2775)
4(2747 2775 5747 5719)
4(1376 2481 5453 4348)
4(1681 2471 5443 4653)
4(2471 2472 5444 5443)
4(2451 2494 5466 5423)
4(1349 4321 5432 2460)
4(1578 2451 5423 4550)
4(1772 2467 5439 4744)
4(1778 1780 4752 4750)
4(1657 4629 5417 2445)
4(1275 2303 5275 4247)
4(1752 4724 5434 2462)
4(2469 2478 5450 5441)
4(1749 2442 5414 4721)
4(2209 5181 5467 2495)
4(1505 4477 5416 2444)
4(1529 4501 5455 2483)
4(1369 2470 5442 4341)
4(1444 2483 5455 4416)
4(2499 2500 5472 5471)
4(1558 2499 5471 4530)
4(1558 4530 5472 2500)
4(1775 2304 5276 4747)
4(1644 1643 4615 4616)
4(2438 5410 5462 2490)
4(1635 1634 4606 4607)
4(1731 4703 5438 2466)
4(1543 2318 5290 4515)
4(1228 4200 5469 2497)
4(1634 1756 4728 4606)
4(1234 4206 5473 2501)
4(1710 4682 5436 2464)
4(2501 5473 5474 2502)
4(2501 2309 5281 5473)
4(2309 2502 5474 5281)
4(1223 2497 5469 4195)
4(1643 1742 4714 4615)
4(1210 4182 5456 2484)
4(1221 2484 5456 4193)
4(1658 2452 5424 4630)
4(1272 2475 5447 4244)
4(1322 4294 5447 2475)
4(1676 2471 5443 4648)
4(2189 2442 5414 5161)
4(1282 4254 5428 2456)
4(2430 1728 4700 5402)
4(1733 2430 5402 4705)
4(1596 4568 5427 2455)
4(1438 4410 5448 2476)
4(1438 2447 5419 4410)
4(1225 2497 5469 4197)
4(1393 4365 5445 2473)
4(1550 4522 5450 2478)
4(1551 2478 5450 4523)
4(1550 2469 5441 4522)
4(1673 4645 5443 2471)
4(1674 2471 5443 4646)
4(1750 2462 5434 4722)
4(1713 2479 5451 4685)
4(1660 4632 5424 2452)
4(2315 2492 5464 5287)
4(1268 4240 5447 2475)
4(1414 4386 5401 2429)
4(2731 5703 5756 2784)
4(2729 2784 5756 5701)
4(1302 4274 5290 2318)
4(1659 4631 5417 2445)
4(1234 4206 5474 2502)
4(2366 5338 5468 2496)
4(1442 4414 5452 2480)
4(1460 2480 5452 4432)
4(1434 2480 5452 4406)
4(1451 4423 5452 2480)
4(1426 4398 5401 2429)
4(1212 4184 5456 2484)
4(2324 5296 5455 2483)
4(2779 2782 5754 5751)
4(2756 5728 5754 2782)
4(1561 4533 5458 2486)
4(1214 4186 5473 2501)
4(2478 2492 5464 5450)
4(2736 5708 5750 2778)
4(2751 2778 5750 5723)
4(2777 5749 5752 2780)
4(1278 4250 5429 2457)
4(1281 2457 5429 4253)
4(2194 2500 5472 5166)
4(1284 2456 5428 4256)
4(1390 2473 5445 4362)
4(2738 2778 5750 5710)
4(2754 5726 5750 2778)
4(1258 2487 5459 4230)
4(1559 4531 5459 2487)
4(1280 2457 5429 4252)
4(2457 2458 5430 5429)
4(1716 4688 5451 2479)
4(1763 2479 5451 4735)
4(1307 2493 5465 4279)
4(1351 4323 5465 2493)
4(1729 4701 5402 2430)
4(1224 4196 5459 2487)
4(1222 2487 5459 4194)
4(1218 4190 5456 2484)
4(2367 5339 5468 2496)
4(1381 2477 5449 4353)
4(1298 2493 5465 4270)
4(1740 2482 5454 4712)
4(1765 4737 5454 2482)
4(1745 4717 5466 2494)
4(2735 5707 5756 2784)
4(1766 2482 5454 4738)
4(1578 2494 5466 4550)
4(1551 4523 5464 2492)
4(1382 2477 5449 4354)
4(1726 4698 5753 2781)
4(1643 1639 4611 4615)
4(1634 1632 4604 4606)
4(2190 1633 4605 5162)
4(1633 1634 4606 4605)
4(1642 1643 4615 4614)
4(1726 2780 5752 4698)
4(1347 2502 5474 4319)
4(1323 2485 5457 4295)
4(1327 4299 5457 2485)
4(1571 2502 5474 4543)
4(1322 2485 5457 4294)
4(2737 2779 5751 5709)
4(2748 2779 5751 5720)
4(1378 2481 5453 4350)
4(2748 2782 5754 5720)
4(2780 2781 5753 5752)
4(2198 2503 5475 5170)
4(2442 2503 5475 5414)
4(1633 1632 4604 4605)
4(1642 1639 4611 4614)
4(1631 1633 4605 4603)
4(1205 4177 5477 2505)
4(1203 2505 5477 4175)
4(2729 2783 5755 5701)
4(2783 2784 5756 5755)
4(2727 5699 5755 2783)
4(2744 2783 5755 5716)
4(1631 1632 4604 4603)
4(1630 1639 4611 4602)
4(1348 2508 5480 4320)
4(1348 4320 5481 2509)
4(1206 4178 5476 2504)
4(1216 2504 5476 4188)
4(1208 4180 5476 2504)
4(1350 2504 5476 4322)
4(1630 1631 4603 4602)
4(1631 1629 4601 4603)
4(1221 4193 5476 2504)
4(2785 2774 5746 5757)
4(2785 5757 5758 2786)
4(2774 2786 5758 5746)
4(1222 4194 5477 2505)
4(2304 2506 5478 5276)
4(1775 4747 5478 2506)
4(2371 2538 5510 5343)
4(2537 5509 5510 2538)
4(2373 2538 5510 5345)
4(2487 5459 5477 2505)
4(1630 1629 4601 4602)
4(2728 5700 5757 2785)
4(2724 5696 5757 2785)
4(2725 2785 5757 5697)
4(2762 2785 5757 5734)
4(1747 1628 4600 4719)
4(1747 4719 5147 2175)
4(1628 1629 4601 4600)
4(2518 1199 4171 5490)
4(1199 2520 5492 4171)
4(1627 1688 4660 4599)
4(1628 1627 4599 4600)
4(1626 1628 4600 4598)
4(1202 2508 5480 4174)
4(445 3417 5357 2385)
4(1207 4179 5480 2508)
4(1204 2508 5480 4176)
4(2502 2509 5481 5474)
4(2721 5693 5761 2789)
4(2741 2789 5761 5713)
4(1627 1625 4597 4599)
4(1625 1688 4660 4597)
4(1626 1627 4599 4598)
4(2179 5151 5482 2510)
4(2723 5695 5761 2789)
4(1571 2509 5481 4543)
4(1571 4543 5484 2512)
4(1591 2512 5484 4563)
4(2181 5153 5485 2513)
4(1348 2512 5484 4320)
4(1589 4561 5484 2512)
4(2726 5698 5761 2789)
4(2509 2512 5484 5481)
4(1626 1625 4597 4598)
4(1327 4299 5486 2514)
4(868 3840 5483 2511)
4(436 2397 5369 3408)
4(2389 5361 5369 2397)
4(864 2515 5487 3836)
4(638 636 3608 3610)
4(2378 2381 5353 5350)
4(1562 4534 5486 2514)
4(1623 1625 4597 4595)
4(2239 5211 5555 2583)
4(2236 2583 5555 5208)
4(2485 2533 5505 5457)
4(714 638 3610 3686)
4(714 3686 3720 748)
4(1203 2518 5490 4175)
4(893 1076 4048 3865)
4(1011 3983 4048 1076)
4(1196 2518 5490 4168)
4(1198 4170 5490 2518)
4(2487 5459 5492 2520)
4(844 845 3817 3816)
4(845 846 3818 3817)
4(732 3704 3707 735)
4(618 893 3865 3590)
4(987 2525 5497 3959)
4(1128 4100 5497 2525)
4(1623 1624 4596 4595)
4(1624 1625 4597 4596)
4(1050 879 3851 4022)
4(879 2517 5489 3851)
4(696 3668 3699 727)
4(1050 1052 4024 4022)
4(1051 1050 4022 4023)
4(1051 4023 4024 1052)
4(836 3808 3809 837)
4(835 837 3809 3807)
4(906 3878 3959 987)
4(906 857 3829 3878)
4(857 987 3959 3829)
4(853 2525 5497 3825)
4(857 853 3825 3829)
4(857 3829 5497 2525)
4(1136 1137 4109 4108)
4(905 1136 4108 3877)
4(905 3877 4109 1137)
4(839 841 3813 3811)
4(712 865 3837 3684)
4(852 3824 3828 856)
4(852 855 3827 3824)
4(855 856 3828 3827)
4(853 854 3826 3825)
4(854 2525 5497 3826)
4(909 3881 3883 911)
4(909 753 3725 3881)
4(753 911 3883 3725)
4(646 3618 3622 650)
4(1037 1899 4871 4009)
4(990 1142 4114 3962)
4(1141 990 3962 4113)
4(865 888 3860 3837)
4(1059 987 3959 4031)
4(1059 4031 4099 1127)
4(702 3674 3841 869)
4(868 869 3841 3840)
4(2460 5432 5500 2528)
4(1559 2528 5500 4531)
4(1559 4531 5492 2520)
4(1052 4024 5142 2170)
4(1322 2533 5505 4294)
4(2475 5447 5505 2533)
4(846 847 3819 3818)
4(847 848 3820 3819)
4(717 3689 3721 749)
4(717 719 3691 3689)
4(719 749 3721 3691)
4(623 3595 3596 624)
4(623 621 3593 3595)
4(1074 4046 4047 1075)
4(888 1075 4047 3860)
4(2241 2524 5496 5213)
4(2240 5212 5496 2524)
4(2460 2535 5507 5432)
4(848 849 3821 3820)
4(849 850 3822 3821)
4(997 911 3883 3969)
4(997 3969 4093 1121)
4(911 1121 4093 3883)
4(1199 4171 5500 2528)
4(1259 2528 5500 4231)
4(997 1889 4861 3969)
4(997 3969 4935 1963)
4(863 3835 3986 1014)
4(863 1004 3976 3835)
4(1004 1014 3986 3976)
4(2090 2091 5063 5062)
4(2091 2093 5065 5063)
4(905 906 3878 3877)
4(905 857 3829 3877)
4(1049 4021 4022 1050)
4(1049 879 3851 4021)
4(1014 1015 3987 3986)
4(1015 1016 3988 3987)
4(1014 3986 3988 1016)
4(909 3881 3969 997)
4(864 3836 5534 2562)
4(2075 2076 5048 5047)
4(2076 2078 5050 5048)
4(715 861 3833 3687)
4(715 3687 3842 870)
4(861 870 3842 3833)
4(843 845 3817 3815)
4(1016 1017 3989 3988)
4(1017 1018 3990 3989)
4(1016 3988 3990 1018)
4(701 624 3596 3673)
4(701 3673 3674 702)
4(836 3808 5499 2527)
4(650 3622 3667 695)
4(2245 2524 5496 5217)
4(639 689 3661 3611)
4(1020 3992 4101 1129)
4(1020 1019 3991 3992)
4(625 626 3598 3597)
4(622 625 3597 3594)
4(855 857 3829 3827)
4(855 3827 3877 905)
4(861 3833 3881 909)
4(861 753 3725 3833)
4(853 851 3823 3825)
4(851 854 3826 3823)
4(1000 2561 5533 3972)
4(728 3700 3703 731)
4(1020 3992 4162 1190)
4(2520 5492 5500 2528)
4(626 627 3599 3598)
4(627 712 3684 3599)
4(1014 2154 5126 3986)
4(845 847 3819 3817)
4(909 910 3882 3881)
4(861 3833 3882 910)
4(1069 4041 4042 1070)
4(1069 878 3850 4041)
4(878 1070 4042 3850)
4(2056 5028 5029 2057)
4(2056 2054 5026 5028)
4(2536 2562 5534 5508)
4(1065 2536 5508 4037)
4(1017 3989 3991 1019)
4(1017 1015 3987 3989)
4(1015 1019 3991 3987)
4(762 765 3737 3734)
4(1086 898 3870 4058)
4(898 1087 4059 3870)
4(715 753 3725 3687)
4(1017 3989 3992 1020)
4(1130 1070 4042 4102)
4(1070 1131 4103 4042)
4(1130 4102 4103 1131)
4(1176 1175 4147 4148)
4(1176 4148 4149 1177)
4(715 700 3672 3687)
4(700 753 3725 3672)
4(847 849 3821 3819)
4(855 853 3825 3827)
4(2989 1101 4073 5961)
4(1101 3036 6008 4073)
4(2989 5961 6008 3036)
4(625 627 3599 3597)
4(627 3599 3672 700)
4(625 700 3672 3597)
4(850 1004 3976 3822)
4(758 761 3733 3730)
4(837 838 3810 3809)
4(838 839 3811 3810)
4(701 878 3850 3673)
4(878 1068 4040 3850)
4(701 3673 4040 1068)
4(1004 1015 3987 3976)
4(1054 1175 4147 4026)
4(1054 4026 4148 1176)
4(2528 2535 5507 5500)
4(1179 1052 4024 4151)
4(623 3595 3673 701)
4(849 3821 3823 851)
4(847 851 3823 3819)
4(841 842 3814 3813)
4(842 843 3815 3814)
4(614 615 3587 3586)
4(610 614 3586 3582)
4(990 2521 5493 3962)
4(1142 4114 5493 2521)
4(627 3599 3687 715)
4(852 3824 5502 2530)
4(856 2530 5502 3828)
4(865 988 3960 3837)
4(888 3860 3960 988)
4(702 878 3850 3674)
4(852 853 3825 3824)
4(851 852 3824 3823)
4(849 3821 3824 852)
4(615 616 3588 3587)
4(616 618 3590 3588)
4(1068 4040 4041 1069)
4(2091 5063 5556 2584)
4(2545 2584 5556 5517)
4(912 1098 4070 3884)
4(912 3884 4071 1099)
4(1098 1099 4071 4070)
4(1053 1054 4026 4025)
4(884 1053 4025 3856)
4(884 3856 4026 1054)
4(622 623 3595 3594)
4(623 625 3597 3595)
4(689 721 3693 3661)
4(670 671 3643 3642)
4(668 670 3642 3640)
4(668 3640 3643 671)
4(1623 1584 4556 4595)
4(702 3674 5495 2523)
4(869 2523 5495 3841)
4(622 621 3593 3594)
4(850 3822 5502 2530)
4(849 2530 5502 3821)
4(839 842 3814 3811)
4(1259 4231 5507 2535)
4(911 2569 5541 3883)
4(851 2544 5516 3823)
4(854 3826 5516 2544)
4(1004 3976 5502 2530)
4(616 614 3586 3588)
4(616 3588 3591 619)
4(614 619 3591 3586)
4(2592 5564 5568 2596)
4(1022 2596 5568 3994)
4(2592 1022 3994 5564)
4(618 1065 4037 3590)
4(893 3865 4037 1065)
4(620 3592 3593 621)
4(620 619 3591 3592)
4(1403 4375 5531 2559)
4(1405 2559 5531 4377)
4(2536 2515 5487 5508)
4(2515 2562 5534 5487)
4(883 3855 3866 894)
4(883 831 3803 3855)
4(831 894 3866 3803)
4(1017 2529 5501 3989)
4(1018 3990 5501 2529)
4(715 3687 5503 2531)
4(870 2531 5503 3842)
4(842 884 3856 3814)
4(843 3815 3856 884)
4(884 3856 3962 990)
4(842 990 3962 3814)
4(683 684 3656 3655)
4(676 683 3655 3648)
4(627 2531 5503 3599)
4(712 3684 5503 2531)
4(834 835 3807 3806)
4(698 834 3806 3670)
4(878 3850 5495 2523)
4(1020 2529 5501 3992)
4(835 838 3810 3807)
4(1065 4037 5547 2575)
4(2129 2575 5547 5101)
4(1070 4042 5495 2523)
4(616 3588 3592 620)
4(839 3811 5493 2521)
4(838 2521 5493 3810)
4(843 2526 5498 3815)
4(845 3817 5498 2526)
4(577 3549 5811 2839)
4(753 2554 5526 3725)
4(911 3883 5526 2554)
4(865 3837 5506 2534)
4(712 2534 5506 3684)
4(1053 990 3962 4025)
4(1053 4025 4113 1141)
4(766 769 3741 3738)
4(2076 5048 5569 2597)
4(2553 2597 5569 5525)
4(1053 1175 4147 4025)
4(610 613 3585 3582)
4(613 614 3586 3585)
4(610 608 3580 3582)
4(608 613 3585 3580)
4(736 3708 3711 739)
4(625 2532 5504 3597)
4(700 3672 5504 2532)
4(623 2532 5504 3595)
4(608 606 3578 3580)
4(606 609 3581 3578)
4(608 3580 3581 609)
4(701 2532 5504 3673)
4(1068 2532 5504 4040)
4(842 3814 5493 2521)
4(883 991 3963 3855)
4(991 1037 4009 3963)
4(883 3855 4009 1037)
4(894 991 3963 3866)
4(998 3970 5095 2123)
4(1092 2123 5095 4064)
4(620 3592 5508 2536)
4(606 607 3579 3578)
4(604 606 3578 3576)
4(604 3576 3579 607)
4(1049 4021 4023 1051)
4(2532 2554 5526 5504)
4(700 3672 5526 2554)
4(607 608 3580 3579)
4(1037 1814 4786 4009)
4(770 773 3745 3742)
4(988 3960 5506 2534)
4(597 595 3567 3569)
4(597 3569 3601 629)
4(595 629 3601 3567)
4(835 3807 5519 2547)
4(834 2547 5519 3806)
4(603 3575 5553 2581)
4(2531 2534 5506 5503)
4(1058 2097 5069 4030)
4(2096 5068 5069 2097)
4(1068 2554 5526 4040)
4(790 793 3765 3762)
4(884 2526 5498 3856)
4(648 649 3621 3620)
4(645 648 3620 3617)
4(645 3617 3621 649)
4(991 1814 4786 3963)
4(2094 2091 5063 5066)
4(596 598 3570 3568)
4(598 599 3571 3570)
4(596 3568 3571 599)
4(2530 2551 5523 5502)
4(1004 3976 5523 2551)
4(1015 2551 5523 3987)
4(604 3576 3577 605)
4(604 602 3574 3576)
4(602 605 3577 3574)
4(697 698 3670 3669)
4(649 697 3669 3621)
4(600 3572 3573 601)
4(600 598 3570 3572)
4(598 601 3573 3570)
4(757 3729 5127 2155)
4(722 2155 5127 3694)
4(830 3802 3803 831)
4(830 714 3686 3802)
4(714 831 3803 3686)
4(618 3590 5508 2536)
4(616 2536 5508 3588)
4(895 1071 4043 3867)
4(755 895 3867 3727)
4(755 3727 4043 1071)
4(2060 2058 5030 5032)
4(2155 2156 5128 5127)
4(757 3729 5128 2156)
4(600 602 3574 3572)
4(602 603 3575 3574)
4(600 3572 3575 603)
4(2157 2161 5133 5129)
4(2159 5131 5133 2161)
4(2159 2157 5129 5131)
4(637 713 3685 3609)
4(713 2549 5521 3685)
4(637 3609 5521 2549)
4(834 697 3669 3806)
4(834 3806 3852 880)
4(697 880 3852 3669)
4(2157 2173 5145 5129)
4(2161 5133 5145 2173)
4(1054 2526 5498 4026)
4(594 3566 3567 595)
4(594 592 3564 3566)
4(592 595 3567 3564)
4(641 643 3615 3613)
4(643 1007 3979 3615)
4(641 3613 3979 1007)
4(847 2544 5516 3819)
4(845 2544 5516 3817)
4(830 3802 3855 883)
4(713 3685 3686 714)
4(713 638 3610 3685)
4(637 3609 3610 638)
4(637 636 3608 3609)
4(713 830 3802 3685)
4(713 3685 3853 881)
4(830 881 3853 3802)
4(635 3607 3608 636)
4(635 633 3605 3607)
4(633 636 3608 3605)
4(687 691 3663 3659)
4(685 687 3659 3657)
4(605 606 3578 3577)
4(912 3884 3994 1022)
4(912 880 3852 3884)
4(880 1022 3994 3852)
4(601 602 3574 3573)
4(1098 1022 3994 4070)
4(1022 1114 4086 3994)
4(596 597 3569 3568)
4(597 598 3570 3569)
4(641 629 3601 3613)
4(641 3613 3614 642)
4(603 3575 3576 604)
4(630 631 3603 3602)
4(631 632 3604 3603)
4(838 3810 5519 2547)
4(998 1113 4085 3970)
4(599 3571 3572 600)
4(834 3806 3884 912)
4(1005 3977 5580 2608)
4(643 3615 3616 644)
4(643 642 3614 3615)
4(912 3884 5519 2547)
4(1099 2547 5519 4071)
4(721 2155 5127 3693)
4(699 2127 5099 3671)
4(876 699 3671 3848)
4(628 630 3602 3600)
4(593 628 3600 3565)
4(593 3565 3602 630)
4(648 697 3669 3620)
4(595 596 3568 3567)
4(594 3566 3568 596)
4(645 644 3616 3617)
4(645 3617 3618 646)
4(2233 5205 5535 2563)
4(2246 2563 5535 5218)
4(1379 4351 5554 2582)
4(1380 2582 5554 4352)
4(2526 2544 5516 5498)
4(1051 4023 4151 1179)
4(602 3574 5515 2543)
4(601 2543 5515 3573)
4(590 3562 3563 591)
4(590 588 3560 3562)
4(588 591 3563 3560)
4(1884 4856 4857 1885)
4(1884 1882 4854 4856)
4(1882 1885 4857 4854)
4(755 695 3667 3727)
4(695 879 3851 3667)
4(755 3727 3851 879)
4(643 3615 3617 645)
4(2242 5214 5555 2583)
4(646 648 3620 3618)
4(633 634 3606 3605)
4(632 633 3605 3604)
4(597 3569 3613 641)
4(2235 5207 5535 2563)
4(604 2556 5528 3576)
4(631 628 3600 3603)
4(631 3603 3980 1008)
4(628 1008 3980 3600)
4(2161 2162 5134 5133)
4(2159 5131 5134 2162)
4(2068 2066 5038 5040)
4(695 3667 5489 2517)
4(696 2517 5489 3668)
4(634 635 3607 3606)
4(635 639 3611 3607)
4(592 593 3565 3564)
4(590 592 3564 3562)
4(590 3562 3565 593)
4(635 3607 3609 637)
4(1176 2579 5551 4148)
4(1054 4026 5551 2579)
4(1888 4860 4877 1905)
4(1888 1886 4858 4860)
4(1071 4043 4044 1072)
4(607 2556 5528 3579)
4(639 754 3726 3611)
4(689 3661 3726 754)
4(881 2549 5521 3853)
4(593 3565 3566 594)
4(2051 2055 5027 5023)
4(650 3622 3727 755)
4(1051 4023 4862 1890)
4(1179 1890 4862 4151)
4(591 592 3564 3563)
4(631 633 3605 3603)
4(2967 2297 5269 5939)
4(2297 3003 5975 5269)
4(895 879 3851 3867)
4(605 3577 5515 2543)
4(883 3855 5527 2555)
4(589 590 3562 3561)
4(590 2546 5518 3562)
4(589 3561 5518 2546)
4(2554 2569 5541 5526)
4(592 3564 5514 2542)
4(765 3737 5123 2151)
4(762 2151 5123 3734)
4(595 2542 5514 3567)
4(893 3865 5547 2575)
4(588 589 3561 3560)
4(586 588 3560 3558)
4(586 3558 3561 589)
4(765 3737 5125 2153)
4(2151 2153 5125 5123)
4(2599 2607 5579 5571)
4(2543 2599 5571 5515)
4(2543 5515 5579 2607)
4(2579 5551 5561 2589)
4(1176 2589 5561 4148)
4(2966 3174 6146 5938)
4(1503 2966 5938 4475)
4(1503 4475 6146 3174)
4(782 785 3757 3754)
4(596 2552 5524 3568)
4(594 3566 5524 2552)
4(609 2622 5594 3581)
4(2622 2631 5603 5594)
4(1068 4040 5541 2569)
4(1917 4889 6079 3107)
4(594 628 3600 3566)
4(674 675 3647 3646)
4(672 674 3646 3644)
4(761 2151 5123 3733)
4(1128 4100 5561 2589)
4(2525 2589 5561 5497)
4(830 3802 5527 2555)
4(1881 1878 4850 4853)
4(1878 2570 5542 4850)
4(645 3617 5529 2557)
4(643 2557 5529 3615)
4(599 2552 5524 3571)
4(1825 4797 6068 3096)
4(956 3096 6068 3928)
4(2079 2076 5048 5051)
4(598 2564 5536 3570)
4(601 3573 5536 2564)
4(755 3727 5540 2568)
4(1071 2568 5540 4043)
4(1898 2674 5646 4870)
4(1897 4869 5646 2674)
4(586 587 3559 3558)
4(587 588 3560 3559)
4(1020 2587 5559 3992)
4(996 3968 4006 1034)
4(996 876 3848 3968)
4(637 3609 5538 2566)
4(2549 2566 5538 5521)
4(593 2546 5518 3565)
4(2155 5127 5145 2173)
4(721 2173 5145 3693)
4(678 677 3649 3650)
4(678 3650 3651 679)
4(2138 2622 5594 5110)
4(2620 5592 5594 2622)
4(727 3699 5557 2585)
4(728 2585 5557 3700)
4(646 2568 5540 3618)
4(648 3620 5540 2568)
4(2157 2155 5127 5129)
4(1076 4048 5547 2575)
4(838 3810 5546 2574)
4(2547 2574 5546 5519)
4(597 2564 5536 3569)
4(650 2568 5540 3622)
4(2158 2157 5129 5130)
4(2051 5023 5026 2054)
4(2156 2157 5129 5128)
4(2109 5081 5088 2116)
4(1797 1106 4078 4769)
4(1622 1584 4556 4594)
4(1621 977 3949 4593)
4(977 1913 4885 3949)
4(600 3572 5553 2581)
4(641 3613 5536 2564)
4(1007 2564 5536 3979)
4(2102 2103 5075 5074)
4(2103 2104 5076 5075)
4(633 2567 5539 3605)
4(635 2566 5538 3607)
4(639 3611 5538 2566)
4(2546 5518 5548 2576)
4(1005 2576 5548 3977)
4(1112 2124 5096 4084)
4(754 3726 5538 2566)
4(628 3600 5524 2552)
4(2521 5493 5546 2574)
4(586 584 3556 3558)
4(584 587 3559 3556)
4(1072 4044 5568 2596)
4(1072 2592 5564 4044)
4(2544 2579 5551 5516)
4(854 3826 5551 2579)
4(2511 2641 5613 5483)
4(2641 2648 5620 5613)
4(2511 5483 5620 2648)
4(12 364 3942 970)
4(40 479 3451 392)
4(38 390 3452 480)
4(46 398 4656 1684)
4(63 944 3916 415)
4(20 372 3924 952)
4(48 400 4078 1106)
4(34 386 4074 1102)
4(36 388 4556 1584)
4(61 413 3918 946)
4(31 383 3948 976)
4(55 407 4077 1105)
4(25 377 3951 979)
4(28 380 3949 977)
4(27 977 3949 379)
4(17 369 3921 949)
4(14 948 3920 366)
4(71 423 3944 972)
4(591 3563 5549 2577)
4(588 2577 5549 3560)
4(1142 4114 5546 2574)
4(631 3603 5539 2567)
4(1008 2567 5539 3980)
4(2170 5142 5557 2585)
4(582 2560 5532 3554)
4(581 582 3554 3553)
4(1099 2574 5546 4071)
4(599 3571 5553 2581)
4(2235 2583 5555 5207)
4(2568 2588 5560 5540)
4(648 3620 5560 2588)
4(2097 2099 5071 5069)
4(2099 2100 5072 5071)
4(2253 5225 5555 2583)
4(786 789 3761 3758)
4(1018 2659 5631 3990)
4(1016 3988 5631 2659)
4(1008 3980 5524 2552)
4(2526 2579 5551 5498)
4(586 2565 5537 3558)
4(585 586 3558 3557)
4(585 3557 5537 2565)
4(697 2588 5560 3669)
4(880 3852 5560 2588)
4(778 781 3753 3750)
4(2589 2594 5566 5561)
4(1128 4100 5566 2594)
4(854 3826 5561 2589)
4(1880 4852 4853 1881)
4(1880 1878 4850 4852)
4(582 3554 3557 585)
4(584 585 3557 3556)
4(582 584 3556 3554)
4(589 2565 5537 3561)
4(2104 2107 5079 5076)
4(2056 5028 5030 2058)
4(770 3742 5488 2516)
4(769 2516 5488 3741)
4(758 2586 5558 3730)
4(761 3733 5558 2586)
4(1684 1787 4759 4656)
4(1105 1801 4773 4077)
4(976 1802 4774 3948)
4(972 1804 4776 3944)
4(589 3561 5548 2576)
4(1071 2588 5560 4043)
4(582 3554 3555 583)
4(582 580 3552 3554)
4(580 583 3555 3552)
4(689 3661 5552 2580)
4(754 2580 5552 3726)
4(736 2522 5494 3708)
4(735 3707 5494 2522)
4(3045 6017 6068 3096)
4(3045 1825 4797 6017)
4(765 2572 5544 3737)
4(766 3738 5544 2572)
4(1056 1057 4029 4028)
4(1057 1058 4030 4029)
4(585 2560 5532 3557)
4(2762 5734 6207 3235)
4(2787 3235 6207 5759)
4(773 3745 5488 2516)
4(1082 3101 6073 4054)
4(1163 4135 5917 2945)
4(721 3693 5552 2580)
4(1829 2132 5104 4801)
4(1955 4927 5104 2132)
4(1113 4085 5095 2123)
4(757 2586 5558 3729)
4(2237 2236 5208 5209)
4(2237 5209 5210 2238)
4(761 2152 5124 3733)
4(2151 5123 5124 2152)
4(2638 2637 5609 5610)
4(2638 5610 5737 2765)
4(2599 2165 5137 5571)
4(2165 2607 5579 5137)
4(731 2585 5557 3703)
4(880 2596 5568 3852)
4(2164 5136 5579 2607)
4(2139 2607 5579 5111)
4(1318 4290 5999 3027)
4(2173 5145 5552 2580)
4(583 584 3556 3555)
4(2100 2103 5075 5072)
4(581 580 3552 3553)
4(578 580 3552 3550)
4(578 3550 3553 581)
4(2659 5631 5636 2664)
4(1018 2664 5636 3990)
4(716 3688 3689 717)
4(711 717 3689 3683)
4(2588 2596 5568 5560)
4(1176 2594 5566 4148)
4(2059 2058 5030 5031)
4(601 2599 5571 3573)
4(717 3689 5570 2598)
4(749 2598 5570 3721)
4(709 711 3683 3681)
4(578 3550 3551 579)
4(578 576 3548 3550)
4(576 579 3551 3548)
4(817 819 3791 3789)
4(2561 5533 5618 2646)
4(574 572 3544 3546)
4(574 3546 3547 575)
4(572 575 3547 3544)
4(1254 1316 4288 4226)
4(1254 4226 6142 3170)
4(769 3741 5544 2572)
4(2868 3009 5981 5840)
4(1263 2868 5840 4235)
4(1263 4235 5981 3009)
4(640 3612 5596 2624)
4(570 3542 3543 571)
4(570 568 3540 3542)
4(568 571 3543 3540)
4(1055 1056 4028 4027)
4(1029 1055 4027 4001)
4(2583 5555 5577 2605)
4(2235 2605 5577 5207)
4(1114 4086 5564 2592)
4(2253 5225 5577 2605)
4(2055 2054 5026 5027)
4(2055 5027 5028 2056)
4(1134 1034 4006 4106)
4(1034 1135 4107 4006)
4(599 3571 5572 2600)
4(576 577 3549 3548)
4(574 576 3548 3546)
4(574 3546 3549 577)
4(1878 1876 4848 4850)
4(1876 2570 5542 4848)
4(579 580 3552 3551)
4(2766 3248 6220 5738)
4(2056 5028 5031 2059)
4(2616 5588 6105 3133)
4(1473 3133 6105 4445)
4(572 573 3545 3544)
4(570 572 3544 3542)
4(570 3542 3545 573)
4(2144 2142 5114 5116)
4(2142 2145 5117 5114)
4(2144 5116 5117 2145)
4(1007 3979 5571 2599)
4(2135 5107 5603 2631)
4(153 2612 5584 298)
4(1873 4845 4847 1875)
4(1873 1871 4843 4845)
4(1871 1875 4847 4843)
4(1071 2596 5568 4043)
4(2564 2599 5571 5536)
4(573 3545 3546 574)
4(2166 2613 5585 5138)
4(1350 4322 5585 2613)
4(2504 2613 5585 5476)
4(1221 4193 5585 2613)
4(1058 2099 5071 4030)
4(2167 2613 5585 5139)
4(198 343 5597 2625)
4(199 2625 5597 344)
4(782 2141 5113 3754)
4(785 3757 5113 2141)
4(2332 2335 5307 5304)
4(2332 5304 5391 2419)
4(2002 4974 4976 2004)
4(2852 1300 4272 5824)
4(2852 5824 5866 2894)
4(1300 2894 5866 4272)
4(571 572 3544 3543)
4(1028 1029 4001 4000)
4(897 1028 4000 3869)
4(2403 2602 5574 5375)
4(434 3406 5574 2602)
4(856 2979 5951 3828)
4(568 569 3541 3540)
4(566 568 3540 3538)
4(566 3538 3541 569)
4(577 3549 3550 578)
4(781 2141 5113 3753)
4(1957 4929 6065 3093)
4(1976 3093 6065 4948)
4(569 3541 3542 570)
4(566 3538 3539 567)
4(566 564 3536 3538)
4(564 567 3539 3536)
4(1153 1155 4127 4125)
4(1154 4126 4127 1155)
4(2007 2006 4978 4979)
4(1888 4860 4878 1906)
4(831 2639 5611 3803)
4(831 3803 5614 2642)
4(2639 2642 5614 5611)
4(902 2022 4994 3874)
4(560 561 3533 3532)
4(558 560 3532 3530)
4(558 3530 3533 561)
4(575 576 3548 3547)
4(1055 1057 4029 4027)
4(2281 5253 5577 2605)
4(567 568 3540 3539)
4(2178 2814 5786 5150)
4(2814 2851 5823 5786)
4(2178 5150 5823 2851)
4(2552 5524 5572 2600)
4(2600 5572 5591 2619)
4(2120 2619 5591 5092)
4(458 3008 5980 3430)
4(606 2622 5594 3578)
4(1256 1257 4229 4228)
4(1257 1326 4298 4229)
4(820 821 3793 3792)
4(821 822 3794 3793)
4(694 705 3677 3666)
4(2056 2609 5581 5028)
4(562 560 3532 3534)
4(562 3534 3535 563)
4(560 563 3535 3532)
4(2797 5769 5771 2799)
4(2797 2759 5731 5769)
4(562 564 3536 3534)
4(564 565 3537 3536)
4(562 3534 3537 565)
4(1008 3980 5572 2600)
4(2563 2605 5577 5535)
4(609 3581 5606 2634)
4(2174 5146 5591 2619)
4(2567 2619 5591 5539)
4(1998 4970 4972 2000)
4(1999 2000 4972 4971)
4(750 896 3868 3722)
4(719 750 3722 3691)
4(719 3691 3868 896)
4(2138 2631 5603 5110)
4(1344 2838 5810 4316)
4(966 3084 6056 3938)
4(2662 5634 6056 3084)
4(561 3533 3534 562)
4(1074 4046 5629 2657)
4(1075 2657 5629 4047)
4(563 564 3536 3535)
4(778 2610 5582 3750)
4(781 3753 5582 2610)
4(925 3897 3911 939)
4(565 3537 3538 566)
4(584 2621 5593 3556)
4(1754 1755 4727 4726)
4(1755 1762 4734 4727)
4(1028 1055 4027 4000)
4(2748 2794 5766 5720)
4(2782 5754 5766 2794)
4(1076 2635 5607 4048)
4(1011 3983 5607 2635)
4(2141 2142 5114 5113)
4(2142 2143 5115 5114)
4(2141 5113 5115 2143)
4(678 2660 5632 3650)
4(664 678 3650 3636)
4(664 3636 5632 2660)
4(2174 5146 5604 2632)
4(2619 2632 5604 5591)
4(777 2610 5582 3749)
4(1884 4856 4858 1886)
4(1008 3980 5591 2619)
4(1958 4930 4932 1960)
4(1959 1960 4932 4931)
4(556 557 3529 3528)
4(554 556 3528 3526)
4(554 3526 3529 557)
4(554 3526 3527 555)
4(554 552 3524 3526)
4(552 555 3527 3524)
4(608 3580 5606 2634)
4(897 750 3722 3869)
4(897 3869 3870 898)
4(750 898 3870 3722)
4(781 2142 5114 3753)
4(2144 2146 5118 5116)
4(2143 2144 5116 5115)
4(2146 5118 5119 2147)
4(2144 2147 5119 5116)
4(613 3585 5613 2641)
4(2140 2641 5613 5112)
4(1149 1151 4123 4121)
4(1150 4122 4123 1151)
4(580 2623 5595 3552)
4(873 3845 5608 2636)
4(873 1848 4820 3845)
4(1848 2636 5608 4820)
4(1074 2654 5626 4046)
4(2129 5101 5626 2654)
4(1237 2644 5616 4209)
4(2169 1237 4209 5141)
4(558 559 3531 3530)
4(559 560 3532 3531)
4(2005 4977 4978 2006)
4(2005 2004 4976 4977)
4(2004 2006 4978 4976)
4(2735 2752 5724 5707)
4(2751 5723 5724 2752)
4(2752 5724 5756 2784)
4(687 692 3664 3659)
4(714 2639 5611 3686)
4(1145 1147 4119 4117)
4(1146 4118 4119 1147)
4(619 2641 5613 3591)
4(1028 898 3870 4000)
4(1028 4000 4058 1086)
4(658 656 3628 3630)
4(614 3586 5613 2641)
4(2565 2630 5602 5537)
4(585 3557 5602 2630)
4(2170 2647 5619 5142)
4(681 3653 3879 907)
4(681 832 3804 3653)
4(832 907 3879 3804)
4(717 718 3690 3689)
4(718 719 3691 3690)
4(1880 4852 4854 1882)
4(1881 1882 4854 4853)
4(1218 4190 5616 2644)
4(1231 2644 5616 4203)
4(2218 2217 5189 5190)
4(2218 5190 5191 2219)
4(1221 2645 5617 4193)
4(1907 1906 4878 4879)
4(558 556 3528 3530)
4(556 559 3531 3528)
4(1954 4926 4928 1956)
4(1955 1956 4928 4927)
4(1057 4029 6113 3141)
4(2412 3141 6113 5384)
4(1363 2880 5852 4335)
4(1363 4335 6081 3109)
4(2709 3066 6038 5681)
4(2714 2709 5681 5686)
4(2714 5686 6038 3066)
4(2142 5114 5582 2610)
4(683 685 3657 3655)
4(1869 4841 4842 1870)
4(1869 1867 4839 4841)
4(1867 1870 4842 4839)
4(605 3577 5592 2620)
4(2543 2620 5592 5515)
4(1848 1847 4819 4820)
4(1848 4820 4821 1849)
4(664 3636 3649 677)
4(664 660 3632 3636)
4(430 3402 5919 2947)
4(1900 2947 5919 4872)
4(1030 2812 5784 4002)
4(1030 4002 5818 2846)
4(557 3529 3530 558)
4(2127 5099 5583 2611)
4(555 556 3528 3527)
4(1159 4131 5006 2034)
4(1160 2034 5006 4132)
4(2097 2669 5641 5069)
4(1946 4918 5780 2808)
4(439 2808 5780 3411)
4(1978 4950 5926 2954)
4(967 2954 5926 3939)
4(2140 2648 5620 5112)
4(748 3720 5604 2632)
4(2870 2882 5854 5842)
4(682 2870 5842 3654)
4(682 3654 5854 2882)
4(1159 2124 5096 4131)
4(708 709 3681 3680)
4(707 708 3680 3679)
4(711 718 3690 3683)
4(2145 5117 5582 2610)
4(2120 2632 5604 5092)
4(718 750 3722 3690)
4(2607 5579 5592 2620)
4(1888 4860 4879 1907)
4(2162 5134 6025 3053)
4(184 3053 6025 329)
4(2264 3333 6305 5236)
4(2268 2264 5236 5240)
4(546 3518 3519 547)
4(546 544 3516 3518)
4(1016 2656 5628 3988)
4(1014 3986 5628 2656)
4(605 2622 5594 3577)
4(552 553 3525 3524)
4(550 552 3524 3522)
4(550 3522 3525 553)
4(2312 5284 6301 3329)
4(2270 3329 6301 5242)
4(2632 2635 5607 5604)
4(748 3720 5607 2635)
4(996 3968 4106 1134)
4(553 3525 3526 554)
4(1983 4955 6010 3038)
4(454 3038 6010 3426)
4(2689 2688 5660 5661)
4(2689 5661 6281 3309)
4(2654 5626 5629 2657)
4(550 3522 3523 551)
4(550 548 3520 3522)
4(959 3931 5264 2292)
4(2285 2292 5264 5257)
4(136 281 6266 3294)
4(137 3294 6266 282)
4(1288 4260 5644 2672)
4(1192 4164 5645 2673)
4(817 3789 5785 2813)
4(814 2813 5785 3786)
4(1103 2926 5898 4075)
4(1103 4075 6241 3269)
4(1076 2639 5611 4048)
4(2635 5607 5611 2639)
4(1070 2664 5636 4042)
4(1131 4103 5636 2664)
4(708 860 3832 3680)
4(709 3681 3832 860)
4(1887 1886 4858 4859)
4(1887 4859 4860 1888)
4(1155 1892 4864 4127)
4(1155 4127 4865 1893)
4(2440 2637 5609 5412)
4(2440 5412 5610 2638)
4(2234 5206 5209 2237)
4(500 501 3473 3472)
4(499 3471 3473 501)
4(551 552 3524 3523)
4(708 706 3678 3680)
4(706 871 3843 3678)
4(708 3680 3843 871)
4(3227 3250 6222 6199)
4(1178 3227 6199 4150)
4(1178 4150 6222 3250)
4(674 676 3648 3646)
4(976 3948 6129 3157)
4(1167 4139 4990 2018)
4(1168 2018 4990 4140)
4(576 2640 5612 3548)
4(1339 4311 5947 2975)
4(670 672 3644 3642)
4(548 549 3521 3520)
4(546 548 3520 3518)
4(472 3120 6092 3444)
4(2103 5075 6092 3120)
4(1572 4544 6069 3097)
4(1914 3097 6069 4886)
4(681 2660 5632 3653)
4(678 681 3653 3650)
4(680 679 3651 3652)
4(680 3652 3830 858)
4(448 3420 5597 2625)
4(2211 5183 5644 2672)
4(2214 2672 5644 5186)
4(1067 2632 5604 4039)
4(894 3866 5614 2642)
4(693 694 3666 3665)
4(692 693 3665 3664)
4(1076 2642 5614 4048)
4(1883 1882 4854 4855)
4(1883 4855 4856 1884)
4(2613 2645 5617 5585)
4(549 3521 3522 550)
4(2593 5565 5780 2808)
4(1197 2673 5645 4169)
4(1863 1866 4838 4835)
4(1865 4837 4838 1866)
4(1865 1863 4835 4837)
4(1913 3010 5982 4885)
4(1615 4587 5982 3010)
4(2002 4974 4977 2005)
4(1472 2616 5588 4444)
4(1472 4444 6105 3133)
4(1873 4845 4848 1876)
4(1875 1876 4848 4847)
4(1884 4856 4859 1887)
4(572 2649 5621 3544)
4(1486 1488 4460 4458)
4(1488 1489 4461 4460)
4(1067 2635 5607 4039)
4(2868 2031 5003 5840)
4(2031 3009 5981 5003)
4(2549 2658 5630 5521)
4(2566 5538 5630 2658)
4(705 706 3678 3677)
4(706 707 3679 3678)
4(1194 4166 5645 2673)
4(1842 4814 5860 2888)
4(132 277 6127 3155)
4(1829 1827 4799 4801)
4(2229 5201 5638 2666)
4(2243 2666 5638 5215)
4(2001 2000 4972 4973)
4(2001 4973 4974 2002)
4(922 3381 6353 3894)
4(924 3896 6353 3381)
4(544 545 3517 3516)
4(542 544 3516 3514)
4(542 3514 3517 545)
4(751 2646 5618 3723)
4(902 3874 5618 2646)
4(790 2677 5649 3762)
4(487 3277 6249 3459)
4(2663 5635 6249 3277)
4(1880 4852 4855 1883)
4(655 2633 5605 3627)
4(653 655 3627 3625)
4(653 3625 5605 2633)
4(694 706 3678 3666)
4(1811 4783 4785 1813)
4(2018 1171 4143 4990)
4(1863 4835 5598 2626)
4(1863 1862 4834 4835)
4(1997 1960 4932 4969)
4(1997 4969 4970 1998)
4(539 541 3513 3511)
4(537 539 3511 3509)
4(537 3509 3513 541)
4(2439 2637 5609 5411)
4(126 271 6217 3245)
4(1089 4061 6340 3368)
4(1095 3368 6340 4067)
4(2514 5486 5777 2805)
4(748 2639 5611 3720)
4(1080 4052 5637 2665)
4(1151 1152 4124 4123)
4(1152 1153 4125 4124)
4(1866 4838 5598 2626)
4(1819 3195 6167 4791)
4(982 3954 6167 3195)
4(1778 4750 5097 2125)
4(1779 2125 5097 4751)
4(1159 4131 5007 2035)
4(2670 2832 5804 5642)
4(673 2670 5642 3645)
4(673 3645 5804 2832)
4(542 3514 3515 543)
4(542 539 3511 3514)
4(539 543 3515 3511)
4(1879 1878 4850 4851)
4(1879 4851 4852 1880)
4(1890 3087 6059 4862)
4(104 249 6059 3087)
4(1813 4785 4799 1827)
4(685 686 3658 3657)
4(686 687 3659 3658)
4(1444 4416 5782 2810)
4(2483 2810 5782 5455)
4(1153 1892 4864 4125)
4(1998 4970 4973 2001)
4(2658 5630 5813 2841)
4(2549 2841 5813 5521)
4(659 661 3633 3631)
4(661 662 3634 3633)
4(659 3631 3634 662)
4(1147 1148 4120 4119)
4(1148 1149 4121 4120)
4(694 3666 5578 2606)
4(693 2606 5578 3665)
4(1501 1502 4474 4473)
4(1502 1503 4475 4474)
4(932 935 3907 3904)
4(537 3509 3510 538)
4(537 535 3507 3509)
4(535 538 3510 3507)
4(1057 3158 6130 4029)
4(2411 5383 6130 3158)
4(819 821 3793 3791)
4(868 3840 5620 2648)
4(568 2676 5648 3540)
4(995 983 3955 3967)
4(995 3967 4005 1033)
4(983 1033 4005 3955)
4(552 3524 5640 2668)
4(1869 4841 4843 1871)
4(1870 1871 4843 4842)
4(2167 5139 5617 2645)
4(676 682 3654 3648)
4(682 683 3655 3654)
4(2575 2642 5614 5547)
4(1163 2034 5006 4135)
4(1539 1568 4540 4511)
4(1320 1539 4511 4292)
4(2625 5597 6295 3323)
4(1625 4597 5786 2814)
4(1688 2814 5786 4660)
4(1941 3372 6344 4913)
4(1027 1144 4116 3999)
4(1144 1145 4117 4116)
4(868 2652 5624 3840)
4(869 3841 5624 2652)
4(2833 5805 6137 3165)
4(2833 1603 4575 5805)
4(687 693 3665 3659)
4(1077 2648 5620 4049)
4(950 954 3926 3922)
4(3014 3328 6300 5986)
4(1027 3999 5804 2832)
4(1146 2832 5804 4118)
4(2648 2652 5624 5620)
4(1821 4793 4943 1971)
4(1821 1044 4016 4793)
4(2642 2654 5626 5614)
4(894 3866 5626 2654)
4(756 3728 3848 876)
4(756 699 3671 3728)
4(986 876 3848 3958)
4(986 3958 3968 996)
4(2652 2656 5628 5624)
4(869 3841 5628 2656)
4(2231 5203 5638 2666)
4(669 3641 3671 699)
4(669 667 3639 3641)
4(1232 1253 4225 4204)
4(1253 1254 4226 4225)
4(444 3337 6309 3416)
4(541 3513 3514 542)
4(706 3678 5578 2606)
4(1663 2819 5791 4635)
4(1957 1956 4928 4929)
4(1957 4929 4930 1958)
4(986 1025 3997 3958)
4(756 986 3958 3728)
4(756 3728 3997 1025)
4(683 686 3658 3655)
4(1877 4849 4850 1878)
4(1877 1876 4848 4849)
4(2375 5347 5937 2965)
4(2369 2965 5937 5341)
4(1077 2652 5624 4049)
4(1958 4930 4969 1997)
4(1149 1152 4124 4121)
4(1026 1027 3999 3998)
4(1025 1026 3998 3997)
4(1025 3997 3999 1027)
4(1424 4396 6066 3094)
4(2154 2652 5624 5126)
4(473 3297 6269 3445)
4(2656 5628 5631 2659)
4(1145 1148 4120 4117)
4(538 539 3511 3510)
4(2482 5454 5915 2943)
4(2317 2943 5915 5289)
4(871 3843 5578 2606)
4(1387 4359 6007 3035)
4(535 536 3508 3507)
4(533 535 3507 3505)
4(533 3505 3508 536)
4(1877 4849 4851 1879)
4(656 654 3626 3628)
4(1410 2828 5800 4382)
4(1412 4384 5800 2828)
4(1873 4845 4849 1877)
4(2585 2647 5619 5557)
4(2246 5218 5638 2666)
4(2154 2656 5628 5126)
4(1079 4051 4053 1081)
4(2694 5666 5820 2848)
4(672 673 3645 3644)
4(673 674 3646 3645)
4(1611 4583 5802 2830)
4(996 3968 4158 1186)
4(1134 1186 4158 4106)
4(536 3508 3509 537)
4(2102 2837 5809 5074)
4(1609 2827 5799 4581)
4(1408 4380 5803 2831)
4(1406 2831 5803 4378)
4(1438 4410 5803 2831)
4(531 532 3504 3503)
4(529 531 3503 3501)
4(529 3501 3504 532)
4(432 3049 6021 3404)
4(2160 5132 6021 3049)
4(529 3501 3502 530)
4(529 527 3499 3501)
4(527 530 3502 3499)
4(678 3650 3652 680)
4(2024 1346 4318 4996)
4(1346 2029 5001 4318)
4(2024 4996 5001 2029)
4(533 3505 3506 534)
4(533 531 3503 3505)
4(531 534 3506 3503)
4(2670 1025 3997 5642)
4(1025 2832 5804 3997)
4(2764 3370 6342 5736)
4(2790 2699 5671 5762)
4(2790 5762 5763 2791)
4(2699 2791 5763 5671)
4(564 2806 5778 3536)
4(2765 5737 6290 3318)
4(2601 2822 5794 5573)
4(2152 5124 5794 2822)
4(1872 1871 4843 4844)
4(1872 4844 4845 1873)
4(1850 1849 4821 4822)
4(1850 4822 4823 1851)
4(1364 4336 5805 2833)
4(1363 2833 5805 4335)
4(211 356 5834 2862)
4(2290 2666 5638 5262)
4(894 2657 5629 3866)
4(991 3963 5629 2657)
4(512 3484 3486 514)
4(512 510 3482 3484)
4(1723 4695 5808 2836)
4(1748 2836 5808 4720)
4(1721 2836 5808 4693)
4(2575 5547 5626 2654)
4(1608 4580 5799 2827)
4(1848 1874 4846 4820)
4(674 682 3654 3646)
4(2523 5495 5631 2659)
4(869 2659 5631 3841)
4(983 3955 6213 3241)
4(1953 1829 4801 4925)
4(1953 4925 4926 1954)
4(1861 4833 4834 1862)
4(1861 1859 4831 4833)
4(944 2815 5787 3916)
4(944 3916 5989 3017)
4(754 3726 5630 2658)
4(668 669 3641 3640)
4(669 670 3642 3641)
4(213 2884 5856 358)
4(1309 4281 5810 2838)
4(1312 2838 5810 4284)
4(2482 3293 6265 5454)
4(1765 4737 6265 3293)
4(2273 3390 6362 5245)
4(2272 2273 5245 5244)
4(2272 5244 6362 3390)
4(2523 5495 5636 2664)
4(1500 4472 5797 2825)
4(1501 2825 5797 4473)
4(2380 5352 5815 2843)
4(1026 1144 4116 3998)
4(534 535 3507 3506)
4(1815 3382 6354 4787)
4(968 3940 6354 3382)
4(1865 4837 4839 1867)
4(1866 1867 4839 4838)
4(570 3542 5795 2823)
4(1236 1257 4229 4208)
4(670 673 3645 3642)
4(1028 2811 5783 4000)
4(1055 4027 5783 2811)
4(566 3538 5792 2820)
4(2870 1146 4118 5842)
4(1146 2882 5854 4118)
4(986 1026 3998 3958)
4(527 528 3500 3499)
4(525 527 3499 3497)
4(2308 2912 5884 5280)
4(1674 4646 5884 2912)
4(2471 2912 5884 5443)
4(2472 5444 5884 2912)
4(655 3627 3675 703)
4(655 657 3629 3627)
4(657 703 3675 3629)
4(1602 3206 6178 4574)
4(1063 4035 6178 3206)
4(667 668 3640 3639)
4(666 667 3639 3638)
4(666 3638 3640 668)
4(532 3504 3505 533)
4(900 752 3724 3872)
4(900 3872 4002 1030)
4(752 1030 4002 3724)
4(530 531 3503 3502)
4(169 314 5821 2849)
4(455 2849 5821 3427)
4(1810 1809 4781 4782)
4(1810 4782 4783 1811)
4(662 665 3637 3634)
4(665 666 3638 3637)
4(560 2829 5801 3532)
4(993 1933 4905 3965)
4(574 3546 5811 2839)
4(2683 2682 5654 5655)
4(562 3534 5793 2821)
4(1297 4269 5824 2852)
4(1294 2852 5824 4266)
4(1857 4829 4830 1858)
4(1857 1854 4826 4829)
4(1854 1858 4830 4826)
4(1318 4290 6095 3123)
4(3027 3123 6095 5999)
4(669 3641 3728 756)
4(907 2660 5632 3879)
4(2902 1423 4395 5874)
4(2902 5874 6069 3097)
4(1423 3097 6069 4395)
4(528 3500 3501 529)
4(1922 2658 5630 4894)
4(1372 2842 5814 4344)
4(660 661 3633 3632)
4(659 660 3632 3631)
4(1705 2856 5828 4677)
4(1699 2419 5391 4671)
4(2331 2419 5391 5303)
4(1954 4926 4929 1957)
4(827 817 3789 3799)
4(2420 5392 6069 3097)
4(1579 4551 5829 2857)
4(1556 3092 6064 4528)
4(2308 2911 5883 5280)
4(2911 2912 5884 5883)
4(521 3493 3494 522)
4(521 518 3490 3493)
4(518 522 3494 3490)
4(1852 1851 4823 4824)
4(1852 4824 4825 1853)
4(1851 1853 4825 4823)
4(789 2677 5649 3761)
4(2898 5870 6140 3168)
4(1895 3168 6140 4867)
4(1301 2890 5862 4273)
4(1993 1301 4273 4965)
4(1542 4514 5863 2891)
4(12 364 6166 3194)
4(27 379 6254 3282)
4(1081 4053 4056 1084)
4(1828 1827 4799 4800)
4(1828 4800 4801 1829)
4(1341 2865 5837 4313)
4(1570 4542 5837 2865)
4(680 681 3653 3652)
4(681 752 3724 3653)
4(752 832 3804 3724)
4(1262 2868 5840 4234)
4(832 900 3872 3804)
4(832 3804 3873 901)
4(900 901 3873 3872)
4(1031 1030 4002 4003)
4(1031 4003 4004 1032)
4(1030 1032 4004 4002)
4(1868 1867 4839 4840)
4(661 665 3637 3633)
4(1753 1755 4727 4725)
4(1537 4509 5971 2999)
4(581 3553 5827 2855)
4(1865 4837 4840 1868)
4(2373 5345 5511 2539)
4(2436 2539 5511 5408)
4(2538 5510 5511 2539)
4(991 2866 5838 3963)
4(521 523 3495 3493)
4(523 524 3496 3495)
4(521 3493 3496 524)
4(120 265 5843 2871)
4(121 2871 5843 266)
4(1711 4683 5845 2873)
4(1685 2873 5845 4657)
4(1764 4736 5845 2873)
4(525 3497 3498 526)
4(525 523 3495 3497)
4(523 526 3498 3495)
4(858 3830 3862 890)
4(885 890 3862 3857)
4(168 2872 5844 313)
4(167 312 5844 2872)
4(874 903 3875 3846)
4(578 3550 5827 2855)
4(2185 5157 5791 2819)
4(1762 2819 5791 4734)
4(2262 5234 5868 2896)
4(2262 2258 5230 5234)
4(2258 2896 5868 5230)
4(526 527 3499 3498)
4(658 659 3631 3630)
4(657 658 3630 3629)
4(657 3629 3631 659)
4(1183 4155 5833 2861)
4(123 2869 5841 268)
4(122 267 5841 2869)
4(1861 4833 4835 1863)
4(3191 6163 6297 3325)
4(3191 1764 4736 6163)
4(1764 3325 6297 4736)
4(2585 5557 5822 2850)
4(1892 3080 6052 4864)
4(433 3405 6052 3080)
4(703 2633 5605 3675)
4(732 2877 5849 3704)
4(2761 5733 6207 3235)
4(1863 1864 4836 4835)
4(1861 4833 4836 1864)
4(3114 1593 4565 6086)
4(3114 6086 6293 3321)
4(1593 3321 6293 4565)
4(1879 4851 6277 3305)
4(3270 3305 6277 6242)
4(661 3633 3636 664)
4(518 520 3492 3490)
4(516 518 3490 3488)
4(516 3488 3492 520)
4(1147 4119 5854 2882)
4(1150 2882 5854 4122)
4(2291 5263 5866 2894)
4(1097 4069 4782 1810)
4(1251 2880 5852 4223)
4(2172 5144 5840 2868)
4(1265 4237 5840 2868)
4(680 752 3724 3652)
4(2292 2618 5590 5264)
4(1520 2825 5797 4492)
4(1813 4785 4800 1828)
4(1828 4800 4925 1953)
4(656 657 3629 3628)
4(655 656 3628 3627)
4(1562 4534 5777 2805)
4(2388 2901 5873 5360)
4(2394 5366 5873 2901)
4(2771 488 3460 5743)
4(2771 5743 6287 3315)
4(146 291 5839 2867)
4(147 2867 5839 292)
4(2629 520 3492 5601)
4(2629 5601 6216 3244)
4(520 3244 6216 3492)
4(2226 2254 5226 5198)
4(1923 3013 5985 4895)
4(2885 5857 5985 3013)
4(1104 3163 6135 4076)
4(2683 5655 6135 3163)
4(517 515 3487 3489)
4(517 3489 3624 652)
4(515 652 3624 3487)
4(2914 1664 4636 5886)
4(2914 5886 6221 3249)
4(1664 3249 6221 4636)
4(2726 2745 5717 5698)
4(2744 5716 5717 2745)
4(2745 5717 5761 2789)
4(545 3517 6292 3320)
4(2570 3320 6292 5542)
4(1864 4836 4837 1865)
4(1641 2914 5886 4613)
4(2914 3258 6230 5886)
4(1641 4613 6230 3258)
4(1848 4820 4822 1850)
4(2617 1472 4444 5589)
4(1472 3327 6299 4444)
4(2763 5735 5924 2952)
4(2310 2891 5863 5282)
4(1291 2890 5862 4263)
4(1541 4513 5863 2891)
4(1286 4258 5862 2890)
4(532 2661 5633 3504)
4(529 3501 5633 2661)
4(1087 3086 6058 4059)
4(522 523 3495 3494)
4(437 2977 5949 3409)
4(1921 4893 5949 2977)
4(860 3832 6034 3062)
4(1922 4894 5970 2998)
4(2407 5379 6035 3063)
4(1114 3063 6035 4086)
4(1857 1859 4831 4829)
4(1859 1860 4832 4831)
4(1857 4829 4832 1860)
4(438 3410 5834 2862)
4(1731 4703 5864 2892)
4(2752 2994 5966 5724)
4(2757 2752 5724 5729)
4(2757 5729 5966 2994)
4(2744 2753 5725 5716)
4(2753 2783 5755 5725)
4(1151 2904 5876 4123)
4(520 3492 3493 521)
4(655 654 3626 3627)
4(2173 5145 5857 2885)
4(1059 2941 5913 4031)
4(2216 5188 5190 2218)
4(996 3968 5639 2667)
4(1420 1989 4961 4392)
4(1420 4392 5929 2957)
4(900 3872 4003 1031)
4(1031 4003 4034 1062)
4(2042 2959 5931 5014)
4(986 3958 5639 2667)
4(1479 1480 4452 4451)
4(1480 1915 4887 4452)
4(2694 2692 5664 5666)
4(2661 2903 5875 5633)
4(1866 2661 5633 4838)
4(1866 4838 5875 2903)
4(1836 4808 6140 3168)
4(2377 5349 5874 2902)
4(1483 2902 5874 4455)
4(810 2924 5896 3782)
4(2758 2759 5731 5730)
4(2743 5715 5731 2759)
4(936 937 3909 3908)
4(937 938 3910 3909)
4(1034 4006 5956 2984)
4(2704 3066 6038 5676)
4(756 3728 5642 2670)
4(1450 4422 5853 2881)
4(1506 2881 5853 4478)
4(2311 5283 5853 2881)
4(670 2670 5642 3642)
4(653 654 3626 3625)
4(532 2903 5875 3504)
4(2896 2897 5869 5868)
4(2259 5231 5869 2897)
4(2259 2896 5868 5231)
4(1852 1854 4826 4824)
4(1854 1856 4828 4826)
4(1852 4824 4828 1856)
4(1956 4928 5885 2913)
4(1615 4587 6333 3361)
4(1614 3361 6333 4586)
4(1709 1708 4680 4681)
4(1709 4681 4715 1743)
4(3361 3363 6335 6333)
4(2204 2206 5178 5176)
4(2206 2453 5425 5178)
4(2205 2206 5178 5177)
4(511 513 3485 3483)
4(513 688 3660 3485)
4(550 2883 5855 3522)
4(1430 1599 4571 4402)
4(516 517 3489 3488)
4(517 518 3490 3489)
4(1850 1874 4846 4822)
4(1911 4883 6145 3173)
4(612 3173 6145 3584)
4(2151 2907 5879 5123)
4(2153 5125 5879 2907)
4(2019 3385 6357 4991)
4(671 3643 6357 3385)
4(1850 4822 4824 1852)
4(669 2670 5642 3641)
4(1720 3082 6054 4692)
4(3082 3083 6055 6054)
4(2707 2771 5743 5679)
4(556 3528 5870 2898)
4(653 652 3624 3625)
4(1094 720 3692 4066)
4(1637 2914 5886 4609)
4(1638 4610 5886 2914)
4(197 342 5894 2922)
4(3163 3306 6278 6135)
4(2854 5826 6278 3306)
4(1691 2474 5446 4663)
4(1751 4723 5446 2474)
4(1690 2474 5446 4662)
4(1969 4941 5852 2880)
4(1252 4224 5852 2880)
4(659 3631 5643 2671)
4(2336 2990 5962 5308)
4(2987 5959 5962 2990)
4(1840 4812 6102 3130)
4(1170 3130 6102 4142)
4(665 2816 5788 3637)
4(2611 5583 5788 2816)
4(1853 1854 4826 4825)
4(1580 1329 4301 4552)
4(1580 4552 6336 3364)
4(1613 3135 6107 4585)
4(1617 4589 6107 3135)
4(1026 3998 5639 2667)
4(1860 4832 4833 1861)
4(2270 2271 5243 5242)
4(2271 2272 5244 5243)
4(1466 1468 4440 4438)
4(3135 6107 6111 3139)
4(2382 2878 5850 5354)
4(2384 5356 5850 2878)
4(1614 4586 5802 2830)
4(2160 2822 5794 5132)
4(1062 3038 6010 4034)
4(1614 3339 6311 4586)
4(3339 3361 6333 6311)
4(874 875 3847 3846)
4(875 903 3875 3847)
4(1023 3385 6357 3995)
4(1080 4052 6073 3101)
4(1989 4961 5923 2951)
4(1835 3381 6353 4807)
4(819 3791 3799 827)
4(1104 3306 6278 4076)
4(1856 4828 4829 1857)
4(938 942 3914 3910)
4(1461 4433 5805 2833)
4(657 3629 5643 2671)
4(474 3134 6106 3446)
4(1075 2866 5838 4047)
4(2657 5629 5838 2866)
4(1877 4849 6277 3305)
4(2260 5232 6103 3131)
4(2220 3131 6103 5192)
4(3043 1078 4050 6015)
4(3043 6015 6117 3145)
4(1078 3145 6117 4050)
4(2767 5739 6067 3095)
4(2472 3095 6067 5444)
4(1182 2850 5822 4154)
4(2822 2907 5879 5794)
4(2152 5124 5879 2907)
4(501 3473 3474 502)
4(2276 3103 6075 5248)
4(2276 5248 6192 3220)
4(2866 5838 5946 2974)
4(1075 2974 5946 4047)
4(1867 2903 5875 4839)
4(1870 4842 5875 2903)
4(516 515 3487 3488)
4(2128 3104 6076 5100)
4(703 3675 5643 2671)
4(1464 1466 4438 4436)
4(2403 2935 5907 5375)
4(2602 5574 5907 2935)
4(2406 5378 6338 3366)
4(1131 3366 6338 4103)
4(2658 5630 5970 2998)
4(661 2816 5788 3633)
4(1544 1543 4515 4516)
4(1544 4516 5292 2320)
4(858 2812 5784 3830)
4(680 3652 5784 2812)
4(664 2816 5788 3636)
4(824 3796 3798 826)
4(822 826 3798 3794)
4(752 2812 5784 3724)
4(78 223 5972 3000)
4(1858 2963 5935 4830)
4(2629 5601 5935 2963)
4(176 321 5919 2947)
4(175 2947 5919 320)
4(473 3445 5919 2947)
4(2408 2956 5928 5380)
4(786 2929 5901 3758)
4(1684 4656 5953 2981)
4(517 3489 3625 653)
4(674 3646 5842 2870)
4(673 2870 5842 3645)
4(2169 2844 5816 5141)
4(1237 4209 5816 2844)
4(2739 2952 5924 5711)
4(1409 2957 5929 4381)
4(1407 4379 5929 2957)
4(2846 5818 6219 3247)
4(2168 2844 5816 5140)
4(2123 3369 6341 5095)
4(1049 3072 6044 4021)
4(2409 5381 6044 3072)
4(2372 5344 5937 2965)
4(446 3418 6162 3190)
4(446 1997 4969 3418)
4(1997 3190 6162 4969)
4(985 3957 3996 1024)
4(985 957 3929 3957)
4(1987 3080 6052 4959)
4(1152 4124 6052 3080)
4(465 3437 6022 3050)
4(2290 5262 5940 2968)
4(2290 2894 5866 5262)
4(2894 2968 5940 5866)
4(1898 3173 6145 4870)
4(784 3756 6002 3030)
4(482 2663 5635 3454)
4(513 3485 3487 515)
4(513 512 3484 3485)
4(512 515 3487 3484)
4(510 508 3480 3482)
4(508 2864 5836 3480)
4(803 3331 6303 3775)
4(512 3484 5774 2802)
4(514 2802 5774 3486)
4(682 2908 5880 3654)
4(683 3655 5880 2908)
4(2660 2816 5788 5632)
4(1078 4050 4051 1079)
4(1078 1048 4020 4050)
4(1079 4051 4055 1083)
4(1081 1083 4055 4053)
4(513 3485 3488 516)
4(439 3302 6274 3411)
4(2638 5610 5769 2797)
4(2765 2797 5769 5737)
4(2795 2911 5883 5767)
4(2308 2795 5767 5280)
4(2943 3293 6265 5915)
4(168 313 5821 2849)
4(1813 2809 5781 4785)
4(1811 4783 5781 2809)
4(653 3625 5789 2817)
4(2633 2817 5789 5605)
4(3 3203 6175 7)
4(216 361 6175 3203)
4(182 327 5949 2977)
4(471 2977 5949 3443)
4(181 2977 5949 326)
4(1053 4025 5944 2972)
4(888 3860 5945 2973)
4(988 2973 5945 3960)
4(905 3877 5951 2979)
4(855 2979 5951 3827)
4(1125 4097 4791 1819)
4(1125 1123 4095 4097)
4(1123 1819 4791 4095)
4(2383 2878 5850 5355)
4(2773 5745 5952 2980)
4(1695 4667 5955 2983)
4(1697 2983 5955 4669)
4(2132 3061 6033 5104)
4(461 3433 6308 3336)
4(1538 3058 6030 4510)
4(1539 4511 6030 3058)
4(1539 1538 4510 4511)
4(1468 1470 4442 4440)
4(2666 5638 5940 2968)
4(1570 3229 6201 4542)
4(1710 2856 5828 4682)
4(1100 2847 5819 4072)
4(1100 4072 6008 3036)
4(511 3483 3484 512)
4(511 510 3482 3483)
4(1900 4872 5946 2974)
4(523 2824 5796 3495)
4(526 3498 5796 2824)
4(518 2817 5789 3490)
4(522 3494 5789 2817)
4(2182 5154 6285 3313)
4(1534 3313 6285 4506)
4(903 904 3876 3875)
4(904 1046 4018 3876)
4(2831 3135 6107 5803)
4(1438 4410 6107 3135)
4(1779 4751 5829 2857)
4(2830 3339 6311 5802)
4(1830 4802 5923 2951)
4(2537 3121 6093 5509)
4(2248 5220 6093 3121)
4(522 2824 5796 3494)
4(2245 3121 6093 5217)
4(2819 5791 6218 3246)
4(1762 3246 6218 4734)
4(2414 5386 5848 2876)
4(1487 1488 4460 4459)
4(1822 4794 5833 2861)
4(1722 4694 6055 3083)
4(507 509 3481 3479)
4(507 3479 3512 540)
4(2849 5821 6321 3349)
4(455 3349 6321 3427)
4(809 3061 6033 3781)
4(481 2869 5841 3453)
4(1566 2865 5837 4538)
4(2647 2850 5822 5619)
4(754 2998 5970 3726)
4(1960 4932 5998 3026)
4(2144 5116 5950 2978)
4(1612 3010 5982 4584)
4(1618 4590 5982 3010)
4(515 2802 5774 3487)
4(2512 5484 5983 3011)
4(2141 5113 5969 2997)
4(1828 2809 5781 4800)
4(2491 5463 5987 3015)
4(2490 3015 5987 5462)
4(508 506 3478 3480)
4(508 3480 4966 1994)
4(1707 4679 5991 3019)
4(2465 3019 5991 5437)
4(2862 5834 6340 3368)
4(1525 2970 5942 4497)
4(1496 1525 4497 4468)
4(122 3203 6175 267)
4(2266 5238 5825 2853)
4(2680 2853 5825 5652)
4(1766 3027 5999 4738)
4(2795 2936 5908 5767)
4(720 3692 5914 2942)
4(2973 5945 5946 2974)
4(2973 2386 5358 5945)
4(2161 3013 5985 5133)
4(1079 2675 5647 4051)
4(1078 4050 5647 2675)
4(1965 2876 5848 4937)
4(1967 4939 5848 2876)
4(1388 4360 6007 3035)
4(2832 2870 5842 5804)
4(509 3481 3482 510)
4(509 508 3480 3481)
4(446 3418 6144 3172)
4(187 332 6021 3049)
4(2396 3049 6021 5368)
4(517 2817 5789 3489)
4(2029 5001 5400 2428)
4(2029 1345 4317 5001)
4(1047 4019 4020 1048)
4(1047 904 3876 4019)
4(3272 3369 6341 6244)
4(1032 4004 5818 2846)
4(1140 4112 6078 3106)
4(1140 1991 4963 4112)
4(1991 3106 6078 4963)
4(1046 2887 5859 4018)
4(2625 5597 6089 3117)
4(199 3117 6089 344)
4(1809 4781 6276 3304)
4(3004 5976 6090 3118)
4(735 2877 5849 3707)
4(1165 4137 6090 3118)
4(1165 3112 6084 4137)
4(1856 3140 6112 4828)
4(2147 2922 5894 5119)
4(988 3960 5850 2878)
4(2534 2878 5850 5506)
4(482 3454 5839 2867)
4(186 3049 6021 331)
4(1772 4744 6095 3123)
4(2234 2910 5882 5206)
4(2232 5204 5882 2910)
4(554 3014 5986 3526)
4(501 503 3475 3473)
4(501 3473 3491 519)
4(503 519 3491 3475)
4(450 3422 4010 1038)
4(2914 2361 5333 5886)
4(806 3061 6033 3778)
4(2149 3132 6104 5121)
4(2149 5121 6119 3147)
4(185 330 6025 3053)
4(1128 3055 6027 4100)
4(1127 4099 6027 3055)
4(940 3912 4922 1950)
4(2822 2395 5367 5794)
4(2395 2907 5879 5367)
4(2859 2860 5832 5831)
4(116 261 6031 3059)
4(2824 5796 6102 3130)
4(2824 1840 4812 5796)
4(115 3059 6031 260)
4(3031 3039 6011 6003)
4(2717 3031 6003 5689)
4(2717 5689 6011 3039)
4(1983 4955 6249 3277)
4(3038 3277 6249 6010)
4(109 254 6035 3063)
4(1 5 6176 3204)
4(72 3204 6176 217)
4(108 3063 6035 253)
4(467 3439 6035 3063)
4(2722 3064 6036 5694)
4(1281 4253 6075 3103)
4(516 3488 5812 2840)
4(520 2840 5812 3492)
4(147 292 6176 3204)
4(507 508 3480 3479)
4(1785 3191 6163 4757)
4(2605 5577 5975 3003)
4(796 3270 6242 3768)
4(898 3086 6058 3870)
4(975 3947 5588 2616)
4(975 2615 5587 3947)
4(2931 3260 6232 5903)
4(2687 2931 5903 5659)
4(2687 5659 6232 3260)
4(1769 3377 6349 4741)
4(2012 1769 4741 4984)
4(2012 4984 6349 3377)
4(1124 4096 4809 1837)
4(1126 1837 4809 4098)
4(1124 1126 4098 4096)
4(2161 5133 5857 2885)
4(1083 2675 5647 4055)
4(178 323 6046 3074)
4(177 3074 6046 322)
4(507 506 3478 3479)
4(2279 2278 5250 5251)
4(1684 4656 6032 3060)
4(2359 2360 5332 5331)
4(1852 4824 5817 2845)
4(2000 4972 6070 3098)
4(2206 2340 5312 5178)
4(2340 2453 5425 5312)
4(2262 3333 6305 5234)
4(2264 2262 5234 5236)
4(1854 2963 5935 4826)
4(103 3087 6059 248)
4(1047 4019 4050 1078)
4(2980 5952 6207 3235)
4(1493 1494 4466 4465)
4(1494 1495 4467 4466)
4(2025 3058 6030 4997)
4(527 3499 5976 3004)
4(451 2958 5930 3423)
4(2930 2760 5732 5902)
4(2930 5902 5903 2931)
4(829 875 3847 3801)
4(980 992 3964 3952)
4(992 993 3965 3964)
4(1800 2892 5864 4772)
4(2423 5395 5864 2892)
4(2046 5018 6206 3234)
4(557 3234 6206 3529)
4(2046 557 3529 5018)
4(2702 2703 5675 5674)
4(2703 2704 5676 5675)
4(489 3031 6003 3461)
4(489 3461 6356 3384)
4(3023 1520 4492 5995)
4(3023 5995 6074 3102)
4(1520 3102 6074 4492)
4(2944 2756 5728 5916)
4(2944 5916 6054 3082)
4(2756 3082 6054 5728)
4(1821 4793 4944 1972)
4(1558 4530 6064 3092)
4(1555 3092 6064 4527)
4(2701 2702 5674 5673)
4(2698 2701 5673 5670)
4(1413 3094 6066 4385)
4(1411 4383 6066 3094)
4(1562 3372 6344 4534)
4(1941 1562 4534 4913)
4(513 2840 5812 3485)
4(688 3660 5812 2840)
4(1040 2662 5634 4012)
4(1042 1040 4012 4014)
4(1042 4014 5634 2662)
4(2775 2944 5916 5747)
4(2788 5760 5916 2944)
4(2323 5295 6072 3100)
4(1499 1502 4474 4471)
4(1871 4843 6057 3085)
4(1573 4545 6074 3102)
4(2196 3102 6074 5168)
4(2246 5218 5940 2968)
4(935 937 3909 3907)
4(2747 2944 5916 5719)
4(1527 4499 6143 3171)
4(200 345 6089 3117)
4(2298 2894 5866 5270)
4(490 3041 6013 3462)
4(2195 5167 6079 3107)
4(2455 3107 6079 5427)
4(708 3024 5996 3680)
4(2616 5588 5589 2617)
4(1561 4533 6080 3108)
4(2227 2224 5196 5199)
4(2224 2879 5851 5196)
4(1470 1474 4446 4442)
4(2677 5649 6138 3166)
4(1864 3300 6272 4836)
4(2678 2679 5651 5650)
4(2268 5240 5651 2679)
4(2763 5735 6125 3153)
4(2952 3153 6125 5924)
4(709 3681 6034 3062)
4(447 3419 6050 3078)
4(1181 3078 6050 4153)
4(533 3505 5967 2995)
4(1993 3183 6155 4965)
4(1301 4273 6155 3183)
4(1796 3183 6155 4768)
4(2038 3382 6354 5010)
4(750 3722 6058 3086)
4(2678 3001 5973 5650)
4(2004 3166 6138 4976)
4(2006 4978 6138 3166)
4(1967 4939 6321 3349)
4(1967 2849 5821 4939)
4(3174 6146 6363 3391)
4(2966 3391 6363 5938)
4(2015 4987 6051 3079)
4(2001 3079 6051 4973)
4(1850 2845 5817 4822)
4(1154 2904 5876 4126)
4(668 3640 6357 3385)
4(1240 3132 6104 4212)
4(1215 4187 6104 3132)
4(1230 3132 6104 4202)
4(1055 3158 6130 4027)
4(180 325 6106 3134)
4(179 3134 6106 324)
4(686 3042 6014 3658)
4(687 3659 6014 3042)
4(1525 2971 5943 4497)
4(2970 5942 5943 2971)
4(2882 2908 5880 5854)
4(2268 2680 5652 5240)
4(977 3010 5982 3949)
4(2374 3251 6223 5346)
4(1881 4853 6367 3395)
4(1038 4010 6199 3227)
4(1111 4083 6315 3343)
4(711 3062 6034 3683)
4(1566 4538 6086 3114)
4(2436 5408 5622 2650)
4(2440 2650 5622 5412)
4(2104 3120 6092 5076)
4(1026 2992 5964 3998)
4(2112 2915 5887 5084)
4(14 366 6169 3197)
4(2428 5400 5981 3009)
4(2712 5684 5883 2911)
4(2715 2911 5883 5687)
4(1963 4935 6294 3322)
4(2441 2965 5937 5413)
4(1235 1253 4225 4207)
4(2336 3291 6263 5308)
4(2990 5962 6263 3291)
4(1372 4344 6214 3242)
4(1959 4931 5885 2913)
4(1123 1124 4096 4095)
4(963 3935 4096 1124)
4(1046 4018 4019 1047)
4(2395 3358 6330 5367)
4(2396 5368 6330 3358)
4(2752 3125 6097 5724)
4(2994 5966 6097 3125)
4(505 506 3478 3477)
4(505 3477 3479 507)
4(1888 4860 6053 3081)
4(907 3879 6041 3069)
4(832 3069 6041 3804)
4(969 3941 6293 3321)
4(2529 5501 6338 3366)
4(2416 5388 5913 2941)
4(1018 3990 6338 3366)
4(1058 4030 6113 3141)
4(505 504 3476 3477)
4(735 2946 5918 3707)
4(1456 4428 6143 3171)
4(1461 3196 6168 4433)
4(2860 2684 5656 5832)
4(2598 3186 6158 5570)
4(1326 4298 6019 3047)
4(1257 3047 6019 4229)
4(2610 3051 6023 5582)
4(1853 4825 5957 2985)
4(2353 2363 5335 5325)
4(2360 2353 5325 5332)
4(1710 2991 5963 4682)
4(434 3189 6161 3406)
4(502 503 3475 3474)
4(2458 5430 6261 3289)
4(2457 3289 6261 5429)
4(195 3388 6360 340)
4(503 504 3476 3475)
4(503 3475 3477 505)
4(1356 3214 6186 4328)
4(4 3216 6188 8)
4(166 311 6188 3216)
4(2 3215 6187 6)
4(121 266 6187 3215)
4(167 3216 6188 312)
4(148 3215 6187 293)
4(2298 2968 5940 5270)
4(3155 6127 6205 3233)
4(3155 1100 4072 6127)
4(1100 3233 6205 4072)
4(520 3492 6159 3187)
4(2629 3187 6159 5601)
4(154 3383 6355 299)
4(440 3379 6351 3412)
4(156 301 6351 3379)
4(1739 3377 6349 4711)
4(1882 4854 6367 3395)
4(1533 4505 6337 3365)
4(1155 4127 6077 3105)
4(2802 3273 6245 5774)
4(1021 3993 6245 3273)
4(1781 3354 6326 4753)
4(2496 5468 6326 3354)
4(2247 3251 6223 5219)
4(2244 5216 6223 3251)
4(1876 4848 6164 3192)
4(196 341 5894 2922)
4(161 3337 6309 306)
4(1426 4398 6311 3339)
4(2429 3339 6311 5401)
4(2849 2872 5844 5821)
4(163 308 6308 3336)
4(100 245 6273 3301)
4(1355 4327 6304 3332)
4(1342 3332 6304 4314)
4(2100 5072 6160 3188)
4(1145 4117 6062 3090)
4(1240 4212 6289 3317)
4(805 3777 6141 3169)
4(802 3169 6141 3774)
4(1096 4068 6211 3239)
4(1928 3239 6211 4900)
4(2168 5140 6019 3047)
4(1241 4213 6289 3317)
4(997 3969 6294 3322)
4(3228 3306 6278 6200)
4(1104 3228 6200 4076)
4(2716 5688 6233 3261)
4(909 3322 6294 3881)
4(1860 3225 6197 4832)
4(795 3193 6165 3767)
4(792 3764 6165 3193)
4(2531 5503 6302 3330)
4(719 3272 6244 3691)
4(1254 1315 4287 4226)
4(1315 1316 4288 4287)
4(1945 4917 6015 3043)
4(460 3043 6015 3432)
4(1155 3077 6049 4127)
4(1154 4126 6049 3077)
4(2246 2967 5939 5218)
4(1585 1842 4814 4557)
4(1585 4557 5860 2888)
4(917 3889 3967 995)
4(2391 3142 6114 5363)
4(2516 5488 6114 3142)
4(958 965 3937 3930)
4(958 3930 3954 982)
4(965 982 3954 3937)
4(1237 2982 5954 4209)
4(1235 4207 5954 2982)
4(797 3769 6359 3387)
4(794 3387 6359 3766)
4(785 2929 5901 3757)
4(1996 4968 6016 3044)
4(769 3741 6194 3222)
4(2719 5691 5762 2790)
4(2718 2790 5762 5690)
4(2741 5713 5762 2790)
4(1811 4783 5925 2953)
4(531 3503 6084 3112)
4(2784 3125 6097 5756)
4(801 3773 6243 3271)
4(798 3271 6243 3770)
4(2816 2964 5936 5788)
4(2611 5583 5936 2964)
4(2660 2964 5936 5632)
4(460 3245 6217 3432)
4(3012 460 3432 5984)
4(1099 3292 6264 4071)
4(2574 5546 6264 3292)
4(995 3967 4150 1178)
4(1033 1178 4150 4005)
4(875 2939 5911 3847)
4(1041 1043 4015 4013)
4(1923 3180 6152 4895)
4(3013 5985 6152 3180)
4(1997 4969 6144 3172)
4(666 3385 6357 3638)
4(2592 5564 5928 2956)
4(1099 2602 5574 4071)
4(2602 3292 6264 5574)
4(450 3422 5997 3025)
4(1038 3025 5997 4010)
4(558 3234 6206 3530)
4(1040 3022 5994 4012)
4(2662 5634 5994 3022)
4(1720 2944 5916 4692)
4(1884 4856 6134 3162)
4(1972 1990 4962 4944)
4(1821 4793 4962 1990)
4(2256 2240 5212 5228)
4(497 612 3584 3469)
4(925 3138 6110 3897)
4(2227 2826 5798 5199)
4(2258 2227 5199 5230)
4(2258 5230 5798 2826)
4(2338 2205 5177 5310)
4(783 2959 5931 3755)
4(885 3052 6024 3857)
4(890 3862 6024 3052)
4(2285 2804 5776 5257)
4(2284 2285 5257 5256)
4(1051 4023 6044 3072)
4(2269 5241 5251 2279)
4(2822 3358 6330 5794)
4(2616 5588 6154 3182)
4(2617 3182 6154 5589)
4(2861 5833 6273 3301)
4(429 3301 6273 3401)
4(921 3893 3932 960)
4(1115 4087 6313 3341)
4(3138 3341 6313 6110)
4(489 3039 6011 3461)
4(1954 4926 6065 3093)
4(1820 1044 4016 4792)
4(1820 4792 4793 1821)
4(1127 2941 5913 4099)
4(1569 3219 6191 4541)
4(3109 6081 6191 3219)
4(2125 3218 6190 5097)
4(1778 4750 6190 3218)
4(1580 2955 5927 4552)
4(1580 4552 6085 3113)
4(2201 3183 6155 5173)
4(1794 4766 6155 3183)
4(2628 3244 6216 5600)
4(524 3496 6216 3244)
4(966 3344 6316 3938)
4(1772 4744 6212 3240)
4(3123 3240 6212 6095)
4(1125 4097 5615 2643)
4(3058 3032 6004 6030)
4(3058 6030 6180 3208)
4(3032 3208 6180 6004)
4(2994 2753 5725 5966)
4(2994 5966 6324 3352)
4(2753 3352 6324 5725)
4(439 3411 5972 3000)
4(1958 3172 6144 4930)
4(1966 3349 6321 4938)
4(2379 5351 6321 3349)
4(1506 4478 4481 1509)
4(1508 1509 4481 4480)
4(1149 3156 6128 4121)
4(535 3507 6174 3202)
4(1998 4970 6162 3190)
4(1972 1991 4963 4944)
4(1703 2454 5426 4675)
4(1704 4676 5426 2454)
4(1706 2454 5426 4678)
4(1880 3243 6215 4852)
4(1474 1476 4448 4446)
4(2696 2792 5764 5668)
4(2539 5511 5622 2650)
4(2685 5657 5660 2688)
4(2878 5850 6267 3295)
4(2383 3295 6267 5355)
4(2713 5685 5773 2801)
4(2711 2801 5773 5683)
4(2740 2952 5924 5712)
4(539 3511 6275 3303)
4(824 3796 5911 2939)
4(467 2956 5928 3439)
4(2465 5437 6163 3191)
4(1460 2893 5865 4432)
4(1460 4432 6234 3262)
4(910 3882 6045 3073)
4(2428 2573 5545 5400)
4(2029 5001 5545 2573)
4(425 3397 6065 3093)
4(1953 3093 6065 4925)
4(2032 3056 6028 5004)
4(942 950 3922 3914)
4(3076 6048 6250 3278)
4(457 3429 6000 3028)
4(3095 3261 6233 6067)
4(954 961 3933 3926)
4(2023 1346 4318 4995)
4(2023 4995 4996 2024)
4(3193 6165 6215 3243)
4(2002 4974 6051 3079)
4(1857 3140 6112 4829)
4(2435 5407 5937 2965)
4(2931 2686 5658 5903)
4(1097 3110 6082 4069)
4(1095 4067 6082 3110)
4(2298 5270 5939 2967)
4(2904 3042 6014 5876)
4(1751 2347 5319 4723)
4(1753 4725 5319 2347)
4(953 3925 6133 3161)
4(788 3760 6101 3129)
4(2674 3116 6088 5646)
4(519 3491 6088 3116)
4(519 2674 5646 3491)
4(2989 2987 5959 5961)
4(2989 5961 5962 2990)
4(783 3030 6002 3755)
4(1047 4019 6015 3043)
4(2573 5545 5981 3009)
4(829 3801 5911 2939)
4(1504 1842 4814 4476)
4(1654 2345 5317 4626)
4(1668 4640 5317 2345)
4(2826 2897 5869 5798)
4(2896 2826 5798 5868)
4(2941 3367 6339 5913)
4(2416 5388 6339 3367)
4(1773 3199 6171 4745)
4(2718 5690 5773 2801)
4(3040 2355 5327 6012)
4(2355 3378 6350 5327)
4(1153 3080 6052 4125)
4(785 2997 5969 3757)
4(521 3244 6216 3493)
4(3151 6123 6203 3231)
4(3151 2633 5605 6123)
4(2633 3231 6203 5605)
4(2878 3330 6302 5850)
4(102 247 6050 3078)
4(2920 3311 6283 5892)
4(2337 5309 6283 3311)
4(861 3833 6045 3073)
4(497 3469 5909 2937)
4(499 2937 5909 3471)
4(988 3960 6267 3295)
4(1124 4096 4097 1125)
4(2889 5861 6293 3321)
4(1941 4913 5989 3017)
4(1706 4678 4681 1709)
4(1075 4047 5945 2973)
4(1040 1009 3981 4012)
4(2320 5292 5775 2803)
4(2905 3181 6153 5877)
4(2363 2961 5933 5335)
4(2345 5317 5933 2961)
4(1311 3091 6063 4283)
4(2297 5269 6063 3091)
4(2206 5178 5310 2338)
4(1808 4780 6211 3239)
4(3077 6049 6077 3105)
4(960 3932 6316 3344)
4(1503 1512 4484 4475)
4(1512 2966 5938 4484)
4(989 964 3936 3961)
4(964 1009 3981 3936)
4(989 3961 3981 1009)
4(1043 4015 4016 1044)
4(1043 1042 4014 4015)
4(1042 1044 4016 4014)
4(1135 4107 5956 2984)
4(1687 4659 5952 2980)
4(1853 2963 5935 4825)
4(1945 4917 6117 3145)
4(2232 2250 5222 5204)
4(2230 5202 5222 2250)
4(1865 3300 6272 4837)
4(2927 5899 6253 3281)
4(2927 1590 4562 5899)
4(1590 3281 6253 4562)
4(3042 1154 4126 6014)
4(3042 6014 6049 3077)
4(2353 2350 5322 5325)
4(2350 2363 5335 5322)
4(2464 2991 5963 5436)
4(1842 4814 5904 2932)
4(1837 4809 4810 1838)
4(1126 1838 4810 4098)
4(1861 3225 6197 4833)
4(2965 5937 6118 3146)
4(2441 3146 6118 5413)
4(1573 4545 6146 3174)
4(3102 3174 6146 6074)
4(2393 3142 6114 5365)
4(1162 3164 6136 4134)
4(1165 4137 6136 3164)
4(937 958 3930 3909)
4(938 3910 3930 958)
4(2805 3372 6344 5777)
4(2913 5885 6141 3169)
4(2834 3275 6247 5806)
4(2274 3390 6362 5246)
4(2273 2274 5246 5245)
4(2200 2344 5316 5172)
4(2200 5172 6221 3249)
4(995 3967 5625 2653)
4(1178 2653 5625 4150)
4(2662 3279 6251 5634)
4(1835 4807 6251 3279)
4(1755 2698 5670 4727)
4(1762 4734 5670 2698)
4(2664 3366 6338 5636)
4(1127 3367 6339 4099)
4(983 3205 6177 3955)
4(2331 5303 5304 2332)
4(1704 2332 5304 4676)
4(1828 4800 6151 3179)
4(2824 5796 6123 3151)
4(522 3151 6123 3494)
4(2789 5761 5768 2796)
4(2741 2796 5768 5713)
4(2922 5894 6360 3388)
4(2356 1654 4626 5328)
4(1654 3258 6230 4626)
4(1463 1452 4424 4435)
4(1463 4435 5283 2311)
4(1345 1346 4318 4317)
4(1233 4205 4318 1346)
4(1730 4702 6055 3083)
4(2276 3289 6261 5248)
4(3103 6075 6261 3289)
4(2804 2033 5005 5776)
4(2033 2923 5895 5005)
4(2011 3377 6349 4983)
4(1765 2011 4983 4737)
4(1765 4737 6349 3377)
4(2272 3290 6262 5244)
4(2903 2995 5967 5875)
4(2956 3386 6358 5928)
4(2592 5564 6358 3386)
4(2367 3354 6326 5339)
4(2464 5436 6326 3354)
4(2221 2219 5191 5193)
4(2221 5193 5194 2222)
4(2216 2220 5192 5188)
4(870 3842 6045 3073)
4(1991 4963 6189 3217)
4(1140 3217 6189 4112)
4(2360 3378 6350 5332)
4(2353 5325 6350 3378)
4(2026 4998 5000 2028)
4(2334 2335 5307 5306)
4(2332 2334 5306 5304)
4(1132 4104 5930 2958)
4(1488 1492 4464 4460)
4(2025 3032 6004 4997)
4(1601 4573 6178 3206)
4(1064 3206 6178 4036)
4(532 3504 5967 2995)
4(1999 4971 5998 3026)
4(1158 4130 6229 3257)
4(2281 5253 5975 3003)
4(1589 4561 5983 3011)
4(2937 3116 6088 5909)
4(2901 3268 6240 5873)
4(2394 5366 6240 3268)
4(2358 2355 5327 5330)
4(1992 3217 6189 4964)
4(663 3635 6189 3217)
4(2984 5956 6041 3069)
4(530 3502 5976 3004)
4(441 3250 6222 3413)
4(2681 5653 5655 2683)
4(514 3273 6245 3486)
4(2875 5847 5958 2986)
4(2875 2341 5313 5847)
4(2341 2986 5958 5313)
4(2400 5372 6114 3142)
4(773 3142 6114 3745)
4(1101 4073 6087 3115)
4(2675 5647 5922 2950)
4(2534 3330 6302 5506)
4(1509 2881 5853 4481)
4(1391 3023 5995 4363)
4(2364 5336 5995 3023)
4(2200 5172 5315 2343)
4(2342 2343 5315 5314)
4(1255 4227 6061 3089)
4(1255 2982 5954 4227)
4(2982 3089 6061 5954)
4(557 3014 5986 3529)
4(1099 4071 6161 3189)
4(1046 4018 5984 3012)
4(1047 3012 5984 4019)
4(1476 1478 4450 4448)
4(1770 3027 5999 4742)
4(2991 3354 6326 5963)
4(3165 6137 6168 3196)
4(890 3201 6173 3862)
4(1668 2961 5933 4640)
4(1678 4650 5933 2961)
4(2892 3127 6099 5864)
4(2423 5395 6099 3127)
4(1391 3035 6007 4363)
4(1081 3099 6071 4053)
4(2844 2982 5954 5816)
4(1800 3127 6099 4772)
4(2602 5574 6161 3189)
4(1305 4277 4278 1306)
4(1303 1306 4278 4275)
4(467 3386 6358 3439)
4(1041 1042 4014 4013)
4(2467 3091 6063 5439)
4(900 3872 6248 3276)
4(2023 2909 5881 4995)
4(1346 4318 5881 2909)
4(507 3479 6296 3324)
4(1453 4425 4434 1462)
4(1452 1462 4434 4424)
4(2744 2750 5722 5716)
4(2750 2753 5725 5722)
4(1306 2030 5002 4278)
4(1804 2865 5837 4776)
4(2865 3114 6086 5837)
4(822 3185 6157 3794)
4(2687 5659 6029 3057)
4(2687 2859 5831 5659)
4(2859 3057 6029 5831)
4(2343 2344 5316 5315)
4(431 3403 6083 3111)
4(2359 3378 6350 5331)
4(3017 5989 6304 3332)
4(1041 1040 4012 4013)
4(435 3407 6113 3141)
4(2099 3141 6113 5071)
4(3001 2279 5251 5973)
4(3001 5973 6196 3224)
4(2671 3259 6231 5643)
4(917 2976 5948 3889)
4(2678 2279 5251 5650)
4(1125 1126 4098 4097)
4(958 3930 3936 964)
4(937 964 3936 3909)
4(964 965 3937 3936)
4(1938 3008 5980 4910)
4(1334 1339 4311 4306)
4(1339 1340 4312 4311)
4(985 3957 4060 1088)
4(1024 1088 4060 3996)
4(2790 2962 5934 5762)
4(2347 5319 5446 2474)
4(939 3138 6110 3911)
4(2218 2220 5192 5190)
4(2755 5727 5732 2760)
4(2754 2760 5732 5726)
4(1937 4909 6087 3115)
4(1462 1464 4436 4434)
4(3026 5998 6243 3271)
4(965 989 3961 3937)
4(965 3937 3966 994)
4(1840 3151 6123 4812)
4(1840 4812 6203 3231)
4(196 341 6360 3388)
4(2740 3153 6125 5712)
4(2651 2798 5770 5623)
4(2798 2800 5772 5770)
4(3019 5991 6163 3191)
4(2435 5407 6118 3146)
4(1461 4433 6137 3165)
4(2930 2687 5659 5902)
4(1873 3371 6343 4845)
4(3160 6132 6212 3240)
4(3160 1772 4744 6132)
4(3098 6070 6359 3387)
4(819 3791 6255 3283)
4(2183 3198 6170 5155)
4(2448 5420 6170 3198)
4(1316 1329 4301 4288)
4(1329 1330 4302 4301)
4(2758 5730 6029 3057)
4(2031 3178 6150 5003)
4(3009 5981 6150 3178)
4(1358 1359 4331 4330)
4(1359 1360 4332 4331)
4(3008 5980 6013 3041)
4(1938 3041 6013 4910)
4(688 3660 6009 3037)
4(2840 3037 6009 5812)
4(2745 5717 5768 2796)
4(2754 5726 5906 2934)
4(2778 2934 5906 5750)
4(787 3759 6101 3129)
4(2711 5683 5686 2714)
4(2364 5336 6074 3102)
4(3011 5983 6354 3382)
4(2876 3175 6147 5848)
4(2414 5386 6147 3175)
4(1687 3235 6207 4659)
4(693 3665 6014 3042)
4(2783 3125 6097 5755)
4(688 2985 5957 3660)
4(3010 3282 6254 5982)
4(1804 4776 6201 3229)
4(1233 2909 5881 4205)
4(1236 4208 5881 2909)
4(1039 4011 4012 1040)
4(1039 1009 3981 4011)
4(2688 5660 5663 2691)
4(2125 5097 5978 3006)
4(1779 3006 5978 4751)
4(2467 3160 6132 5439)
4(3091 6063 6132 3160)
4(1599 4571 5867 2895)
4(1430 2895 5867 4402)
4(2457 5429 6075 3103)
4(501 3473 6088 3116)
4(3033 1117 4089 6005)
4(1582 3314 6286 4554)
4(2792 5764 5765 2793)
4(2696 2793 5765 5668)
4(1821 3152 6124 4793)
4(1770 3123 6095 4742)
4(537 3159 6131 3509)
4(536 3508 6131 3159)
4(1965 3175 6147 4937)
4(2967 5939 5940 2968)
4(2280 3160 6132 5252)
4(2280 5252 6212 3240)
4(2363 2346 5318 5335)
4(2346 2961 5933 5318)
4(2933 951 3923 5905)
4(1490 1487 4459 4462)
4(1490 4462 4463 1491)
4(1875 4847 6057 3085)
4(932 3904 3906 934)
4(930 934 3906 3902)
4(1562 4534 6304 3332)
4(1941 3332 6304 4913)
4(940 957 3929 3912)
4(939 3911 3929 957)
4(958 3930 6091 3119)
4(982 3119 6091 3954)
4(3161 6133 6346 3374)
4(450 3422 6331 3359)
4(3226 3227 6199 6198)
4(1178 3226 6198 4150)
4(2826 5798 6334 3362)
4(2808 3232 6204 5780)
4(2593 5565 6204 3232)
4(2782 3082 6054 5754)
4(2267 3253 6225 5239)
4(1024 3996 6225 3253)
4(901 3069 6041 3873)
4(3152 3273 6245 6124)
4(1690 4662 5318 2346)
4(1678 2346 5318 4650)
4(2003 4975 6070 3098)
4(2260 2225 5197 5232)
4(2225 2287 5259 5197)
4(2804 2899 5871 5776)
4(2033 5005 5871 2899)
4(693 3665 6049 3077)
4(2778 5750 5910 2938)
4(2751 2938 5910 5723)
4(964 3070 6042 3936)
4(2977 5949 6152 3180)
4(471 3180 6152 3443)
4(3254 6226 6328 3356)
4(1303 4275 5895 2923)
4(1964 3175 6147 4936)
4(1092 3274 6246 4064)
4(1887 4859 6053 3081)
4(2912 3095 6067 5884)
4(2183 3313 6285 5155)
4(3198 6170 6285 3313)
4(2875 5847 5959 2987)
4(519 3491 6098 3126)
4(503 3126 6098 3475)
4(1502 1512 4484 4474)
4(2437 3146 6118 5409)
4(2911 3095 6067 5883)
4(481 3453 6117 3145)
4(2606 5578 6049 3077)
4(461 3175 6147 3433)
4(1517 3181 6153 4489)
4(1518 4490 6153 3181)
4(2240 2255 5227 5212)
4(2238 5210 5227 2255)
4(1911 3380 6352 4883)
4(2942 5914 6352 3380)
4(1042 3084 6056 4014)
4(2326 5298 6072 3100)
4(1478 1480 4452 4450)
4(2985 5957 6009 3037)
4(1253 1315 4287 4225)
4(2218 5190 5193 2221)
4(2153 3268 6240 5125)
4(965 3018 5990 3937)
4(995 2976 5948 3967)
4(961 973 3945 3933)
4(1746 4718 6170 3198)
4(2833 5805 6081 3109)
4(2230 2906 5878 5202)
4(2228 5200 5878 2906)
4(1581 4553 6080 3108)
4(1062 3277 6249 4034)
4(1360 1362 4334 4332)
4(1362 1430 4402 4334)
4(2538 3016 5988 5510)
4(3020 3031 6003 5992)
4(2206 2339 5311 5178)
4(2339 2340 5312 5311)
4(2226 5198 5199 2227)
4(2226 2224 5196 5198)
4(1338 4310 6061 3089)
4(1351 3150 6122 4323)
4(1123 3195 6167 4095)
4(2282 5254 6108 3136)
4(1690 2349 5321 4662)
4(2349 2474 5446 5321)
4(534 3506 6084 3112)
4(2282 3123 6095 5254)
4(557 3529 6300 3328)
4(1853 3037 6009 4825)
4(2963 5935 6009 3037)
4(1574 3267 6239 4546)
4(2617 5589 6239 3267)
4(1492 1494 4466 4464)
4(3003 5975 6063 3091)
4(2395 5367 6240 3268)
4(2836 5808 6268 3296)
4(612 3584 5909 2937)
4(1990 4962 6245 3273)
4(2865 5837 6201 3229)
4(1936 4908 5889 2917)
4(1744 2917 5889 4716)
4(1936 1744 4716 4908)
4(2771 3002 5974 5743)
4(488 3460 5974 3002)
4(2758 2859 5831 5730)
4(1536 2954 5926 4508)
4(1536 4508 6336 3364)
4(2954 3364 6336 5926)
4(2255 5227 5228 2256)
4(1032 3247 6219 4004)
4(2281 5253 6132 3160)
4(2281 3091 6063 5253)
4(2674 5646 6320 3348)
4(519 3348 6320 3491)
4(1143 3274 6246 4115)
4(2606 5578 6077 3105)
4(2447 5419 6107 3135)
4(2280 3136 6108 5252)
4(3239 3283 6255 6211)
4(2447 5419 6111 3139)
4(2715 3095 6067 5687)
4(2352 5324 5325 2353)
4(2352 2350 5322 5324)
4(2128 5100 6142 3170)
4(975 3947 6154 3182)
4(3046 3045 6017 6018)
4(3046 6018 6068 3096)
4(1603 3109 6081 4575)
4(1161 4133 6229 3257)
4(2238 2948 5920 5210)
4(2023 1319 4291 4995)
4(1319 2909 5881 4291)
4(1508 1510 4482 4480)
4(1509 4481 4482 1510)
4(2254 2227 5199 5226)
4(2254 5226 5230 2258)
4(2935 3292 6264 5907)
4(2817 5789 6123 3151)
4(2745 2750 5722 5717)
4(2440 5412 6182 3210)
4(2638 3210 6182 5610)
4(1568 4540 6060 3088)
4(1539 3088 6060 4511)
4(1460 3171 6143 4432)
4(948 3920 6169 3197)
4(2643 3076 6048 5615)
4(1125 4097 6048 3076)
4(2932 5904 5905 2933)
4(2932 1036 4008 5904)
4(1036 2933 5905 4008)
4(1539 4511 6253 3281)
4(3058 3281 6253 6030)
4(1462 4434 4435 1463)
4(2751 5723 5729 2757)
4(2873 3325 6297 5845)
4(2439 5411 6118 3146)
4(2355 2353 5325 5327)
4(1481 4453 6228 3256)
4(1933 3115 6087 4905)
4(1935 4907 6087 3115)
4(994 3018 5990 3966)
4(1135 3232 6204 4107)
4(2707 3002 5974 5679)
4(1499 3149 6121 4471)
4(1502 4474 6121 3149)
4(1520 4492 6146 3174)
4(2453 3326 6298 5425)
4(2342 5314 6298 3326)
4(470 3442 6130 3158)
4(901 3873 6204 3232)
4(2926 5898 6200 3228)
4(1103 3228 6200 4075)
4(1510 2966 5938 4482)
4(1510 4482 6314 3342)
4(2966 3342 6314 5938)
4(1916 2919 5891 4888)
4(2918 5890 5891 2919)
4(791 3763 6165 3193)
4(1575 3143 6115 4547)
4(1575 4547 6116 3144)
4(3143 3144 6116 6115)
4(793 3765 6359 3387)
4(2003 3387 6359 4975)
4(499 3471 6088 3116)
4(542 3514 6292 3320)
4(1753 2916 5888 4725)
4(1755 4727 5888 2916)
4(932 3021 5993 3904)
4(935 3907 5993 3021)
4(2691 5663 5666 2694)
4(1496 1491 4463 4468)
4(1496 4468 4469 1497)
4(3146 6118 6307 3335)
4(2437 3335 6307 5409)
4(3254 450 3422 6226)
4(3254 6226 6331 3359)
4(1257 4229 4291 1319)
4(1236 1319 4291 4208)
4(1495 3149 6121 4467)
4(2267 5239 6235 3263)
4(2854 3263 6235 5826)
4(1481 3207 6179 4453)
4(1173 4145 6173 3201)
4(1510 4482 6363 3391)
4(1508 3391 6363 4480)
4(2958 3255 6227 5930)
4(2769 5741 6196 3224)
4(2354 2353 5325 5326)
4(2354 5326 5327 2355)
4(541 3513 6292 3320)
4(3049 6021 6330 3358)
4(2680 2679 5651 5652)
4(2680 5652 5653 2681)
4(2871 5843 6187 3215)
4(2872 3216 6188 5844)
4(2753 5725 6097 3125)
4(974 992 3964 3946)
4(3066 3067 6039 6038)
4(2344 2359 5331 5316)
4(3012 5984 6015 3043)
4(3044 6016 6098 3126)
4(3044 519 3491 6016)
4(2350 2346 5318 5322)
4(2228 2879 5851 5200)
4(2222 5194 5851 2879)
4(486 3458 6175 3203)
4(2570 5542 6164 3192)
4(1786 3191 6163 4758)
4(984 3956 3957 985)
4(984 957 3929 3956)
4(1921 3180 6152 4893)
4(985 1116 4088 3957)
4(984 3956 4088 1116)
4(2811 3158 6130 5783)
4(2867 5839 6176 3204)
4(2275 5247 6261 3289)
4(1120 3058 6030 4092)
4(1332 1339 4311 4304)
4(2215 3220 6192 5187)
4(2539 2540 5512 5511)
4(2538 5510 5512 2540)
4(1883 4855 6134 3162)
4(3052 3201 6173 6024)
4(487 3204 6176 3459)
4(3270 799 3771 6242)
4(799 3305 6277 3771)
4(2797 2798 5770 5769)
4(2638 5610 5770 2798)
4(2900 1119 4091 5872)
4(1119 3307 6279 4091)
4(2900 5872 6279 3307)
4(749 3186 6158 3721)
4(2261 2258 5230 5233)
4(2261 5233 5234 2262)
4(2293 3034 6006 5265)
4(2900 5872 6006 3034)
4(3063 3386 6358 6035)
4(3067 3068 6040 6039)
4(1709 4681 4716 1744)
4(2899 5871 6028 3056)
4(921 3893 6316 3344)
4(3055 3367 6339 6027)
4(1235 1255 4227 4207)
4(1253 4225 4227 1255)
4(2973 5945 6267 3295)
4(1525 1497 4469 4497)
4(1525 4497 4498 1526)
4(1934 2917 5889 4906)
4(2917 2918 5890 5889)
4(1934 4906 5890 2918)
4(2650 5622 6182 3210)
4(1596 3321 6293 4568)
4(505 3126 6098 3477)
4(2874 2875 5847 5846)
4(2874 5846 6012 3040)
4(2439 5411 6307 3335)
4(1135 4107 6041 3069)
4(3112 6084 6136 3164)
4(2971 5943 5968 2996)
4(1525 2996 5968 4497)
4(2869 3203 6175 5841)
4(896 3868 6341 3369)
4(485 3215 6187 3457)
4(484 3456 6188 3216)
4(1488 4460 4462 1490)
4(1779 3265 6237 4751)
4(2687 2860 5832 5659)
4(3184 973 3945 6156)
4(973 3340 6312 3945)
4(2840 5812 6159 3187)
4(2917 2920 5892 5889)
4(538 3510 6174 3202)
4(3039 3238 6210 6011)
4(2717 5689 6210 3238)
4(2357 2355 5327 5329)
4(2357 5329 5330 2358)
4(2282 3240 6212 5254)
4(939 3911 3956 984)
4(1935 3311 6283 4907)
4(1988 3305 6277 4960)
4(2900 3033 6005 5872)
4(1126 4098 6048 3076)
4(938 3119 6091 3910)
4(942 3914 6091 3119)
4(1257 1320 4292 4229)
4(1573 4545 6363 3391)
4(457 3319 6291 3429)
4(3306 457 3429 6278)
4(3306 6278 6291 3319)
4(3088 3089 6061 6060)
4(1568 4540 6061 3089)
4(1122 3195 6167 4094)
4(3182 6154 6208 3236)
4(1157 4129 6315 3343)
4(2675 3145 6117 5647)
4(984 3138 6110 3956)
4(3082 3346 6318 6054)
4(3083 6055 6318 3346)
4(1990 3152 6124 4962)
4(2715 5687 6233 3261)
4(2794 3346 6318 5766)
4(2782 5754 6318 3346)
4(821 3185 6157 3793)
4(2741 5713 5763 2791)
4(1036 4008 5942 2970)
4(3002 2706 5678 5974)
4(2706 3039 6011 5678)
4(3002 5974 6011 3039)
4(2480 5452 6234 3262)
4(963 3935 6312 3340)
4(2438 3335 6307 5410)
4(1480 1916 4888 4452)
4(2274 2284 5256 5246)
4(2907 3268 6240 5879)
4(2947 3297 6269 5919)
4(1589 4561 6354 3382)
4(2541 2539 5511 5513)
4(2541 5513 5622 2650)
4(896 3272 6244 3868)
4(2701 2703 5675 5673)
4(1554 4526 6247 3275)
4(1883 4855 6215 3243)
4(1883 3193 6165 4855)
4(2346 2349 5321 5318)
4(2215 5187 6301 3329)
4(2326 5298 6285 3313)
4(2326 3198 6170 5298)
4(2271 2273 5245 5243)
4(1538 1319 4291 4510)
4(2344 2348 5320 5316)
4(2348 2359 5331 5320)
4(1536 1978 4950 4508)
4(2263 2262 5234 5235)
4(2263 5235 5236 2264)
4(2480 5452 6335 3363)
4(977 3282 6254 3949)
4(2386 3295 6267 5358)
4(3088 1338 4310 6060)
4(2029 3223 6195 5001)
4(2954 5926 6183 3211)
4(1704 2333 5305 4676)
4(2332 5304 5305 2333)
4(1142 4114 6264 3292)
4(1140 4112 6325 3353)
4(162 307 6308 3336)
4(1730 3346 6318 4702)
4(162 307 6309 3337)
4(3119 6091 6167 3195)
4(2329 3339 6311 5301)
4(2329 3361 6333 5301)
4(1451 3361 6333 4423)
4(1451 3363 6335 4423)
4(452 3424 6339 3367)
4(155 300 6351 3379)
4(155 300 6355 3383)
4(1064 2954 5926 4036)
4(1064 4036 6183 3211)
4(2637 3335 6307 5609)
4(1340 1359 4331 4312)
4(1943 3284 6256 4915)
4(1933 4905 4909 1937)
4(993 1937 4909 3965)
4(3085 6057 6131 3159)
4(543 3515 6275 3303)
4(2359 2362 5334 5331)
4(2257 2256 5228 5229)
4(2257 5229 5241 2269)
4(930 3902 6020 3048)
4(928 3048 6020 3900)
4(2168 5140 6259 3287)
4(1877 3371 6343 4849)
4(2757 5729 6096 3124)
4(2994 3124 6096 5966)
4(1114 4086 6358 3386)
4(937 3909 6042 3070)
4(935 3070 6042 3907)
4(2255 5227 5231 2259)
4(2255 2257 5229 5227)
4(2257 2259 5231 5229)
4(3028 3319 6291 6000)
4(2259 5231 5920 2948)
4(2703 2705 5677 5675)
4(2704 5676 5677 2705)
4(2225 5197 6103 3131)
4(2274 2292 5264 5246)
4(2285 2274 5246 5257)
4(2348 2874 5846 5320)
4(2362 2348 5320 5334)
4(2362 5334 5846 2874)
4(2573 5545 6195 3223)
4(448 3420 6295 3323)
4(489 3176 6148 3461)
4(489 3461 6149 3177)
4(3176 3177 6149 6148)
4(2341 2969 5941 5313)
4(2340 2341 5313 5312)
4(2340 5312 5941 2969)
4(2874 5846 5941 2969)
4(2348 2969 5941 5320)
4(1590 1338 4310 4562)
4(1590 4562 6060 3088)
4(2273 2292 5264 5245)
4(1974 3360 6332 4946)
4(947 3919 6109 3137)
4(2971 3137 6109 5943)
4(3220 6192 6301 3329)
4(1186 4158 6274 3302)
4(1306 2033 5005 4278)
4(2032 1306 4278 5004)
4(2032 5004 5005 2033)
4(1495 4467 4476 1504)
4(959 3034 6006 3931)
4(2265 2264 5236 5237)
4(2265 5237 5238 2266)
4(3033 6005 6006 3034)
4(993 3965 4062 1090)
4(992 1090 4062 3964)
4(1315 1329 4301 4287)
4(2540 5512 5513 2541)
4(2287 1952 4924 5259)
4(1952 3350 6322 4924)
4(1466 4438 4444 1472)
4(1464 1472 4444 4436)
4(2347 2916 5888 5319)
4(2025 2024 4996 4997)
4(2025 4997 4998 2026)
4(481 3308 6280 3453)
4(3289 6261 6262 3290)
4(3081 6053 6101 3129)
4(1468 1473 4445 4440)
4(1470 4442 4445 1473)
4(2255 5227 5920 2948)
4(2844 5816 6259 3287)
4(2250 2906 5878 5222)
4(2934 2938 5910 5906)
4(2690 5662 5910 2938)
4(934 3021 5993 3906)
4(1319 1320 4292 4291)
4(1120 4092 6253 3281)
4(2651 3210 6182 5623)
4(2798 5770 6182 3210)
4(2698 5670 5672 2700)
4(1755 2700 5672 4727)
4(2338 2339 5311 5310)
4(3045 1575 4547 6017)
4(3045 6017 6236 3264)
4(1575 3264 6236 4547)
4(2759 3318 6290 5731)
4(3034 6006 6258 3286)
4(1122 3119 6091 4094)
4(2718 2962 5934 5690)
4(1575 1463 4435 4547)
4(1463 3143 6115 4435)
4(821 3793 6255 3283)
4(934 3022 5994 3906)
4(2745 2792 5764 5717)
4(2750 5722 5764 2792)
4(2797 5769 6290 3318)
4(3145 6117 6280 3308)
4(2675 3308 6280 5647)
4(942 1122 4094 3914)
4(1088 3253 6225 4060)
4(1088 4060 6226 3254)
4(2334 2336 5308 5306)
4(505 3324 6296 3477)
4(3126 6098 6296 3324)
4(3137 3376 6348 6109)
4(3069 3232 6204 6041)
4(1306 4278 5895 2923)
4(3036 6008 6172 3200)
4(2221 5193 5196 2224)
4(2222 2224 5196 5194)
4(3185 3239 6211 6157)
4(2354 5326 6148 3176)
4(2354 2357 5329 5326)
4(1574 1463 4435 4546)
4(1574 4546 4547 1575)
4(2798 5770 5771 2799)
4(3228 457 3429 6200)
4(1602 1601 4573 4574)
4(985 3957 6026 3054)
4(1088 3054 6026 4060)
4(1952 4924 5790 2818)
4(1090 1937 4909 4062)
4(2982 3288 6260 5954)
4(3089 6061 6260 3288)
4(2963 5935 6159 3187)
4(3037 3187 6159 6009)
4(2917 2126 5098 5889)
4(2874 2341 5313 5846)
4(2343 2348 5320 5315)
4(3208 3209 6181 6180)
4(3022 3279 6251 5994)
4(1536 1338 4310 4508)
4(1536 4508 4562 1590)
4(2341 2339 5311 5313)
4(2694 5666 6241 3269)
4(2848 3269 6241 5820)
4(1599 4571 6332 3360)
4(438 3410 6340 3368)
4(3239 821 3793 6211)
4(2160 3358 6330 5132)
4(1706 3005 5977 4678)
4(3096 6068 6100 3128)
4(974 3316 6288 3946)
4(992 3964 6288 3316)
4(2650 2651 5623 5622)
4(2541 5513 5623 2651)
4(1474 1595 4567 4446)
4(1476 4448 4567 1595)
4(3137 3375 6347 6109)
4(3375 3376 6348 6347)
4(2033 5005 6028 3056)
4(934 3906 6020 3048)
4(2224 2225 5197 5196)
4(2221 5193 5197 2225)
4(3100 6072 6170 3198)
4(1540 1362 4334 4512)
4(1540 4512 4573 1601)
4(2311 5283 6115 3143)
4(2881 3143 6115 5853)
4(2693 2994 5966 5665)
4(1512 4484 4557 1585)
4(1502 1585 4557 4474)
4(3226 1038 4010 6198)
4(2259 2277 5249 5231)
4(2349 5321 5323 2351)
4(2349 2350 5322 5321)
4(2350 2351 5323 5322)
4(1996 3126 6098 4968)
4(1330 4302 4552 1580)
4(2351 3298 6270 5323)
4(2349 5321 6270 3298)
4(3110 3368 6340 6082)
4(1033 3226 6198 4005)
4(981 3394 6366 3953)
4(2614 5586 6366 3394)
4(1116 4088 6026 3054)
4(1709 3005 5977 4681)
4(1320 1538 4510 4292)
4(1337 4309 4508 1536)
4(2849 5821 6361 3389)
4(1967 3389 6361 4939)
4(1709 4681 4908 1936)
4(1090 1938 4910 4062)
4(1510 1511 4483 4482)
4(1509 4481 4483 1511)
4(2933 5905 6185 3213)
4(2848 5820 6266 3294)
4(3221 3220 6192 6193)
4(3221 6193 6301 3329)
4(1511 4483 4796 1824)
4(1510 1824 4796 4482)
4(2225 2226 5198 5197)
4(1466 3133 6105 4438)
4(1468 4440 6105 3133)
4(3241 6213 6313 3341)
4(2988 2987 5959 5960)
4(2988 5960 5961 2989)
4(1430 4402 4512 1540)
4(1119 3032 6004 4091)
4(3032 3307 6279 6004)
4(1580 3338 6310 4552)
4(2955 5927 6310 3338)
4(2990 3357 6329 5962)
4(1978 1590 4562 4950)
4(2352 5324 5326 2354)
4(1340 4312 5947 2975)
4(2700 2701 5673 5672)
4(3033 3212 6184 6005)
4(1462 4434 4546 1574)
4(3176 3384 6356 6148)
4(2354 5326 6356 3384)
4(1126 4098 6250 3278)
4(2705 5677 6040 3068)
4(2705 2707 5679 5677)
4(3088 3281 6253 6060)
4(943 3033 6005 3915)
4(943 3915 6006 3034)
4(3104 6076 6142 3170)
4(3108 6080 6169 3197)
4(2681 5653 6135 3163)
4(2333 2334 5306 5305)
4(973 3316 6288 3945)
4(2681 2853 5825 5653)
4(2688 2926 5898 5660)
4(1116 4088 6313 3341)
4(1116 3241 6213 4088)
4(992 1091 4063 3964)
4(1090 4062 4063 1091)
4(2996 3137 6109 5968)
4(961 3933 3935 963)
4(954 963 3935 3926)
4(3025 3226 6198 5997)
4(2273 2618 5590 5245)
4(2334 5306 5309 2337)
4(1900 3297 6269 4872)
4(2757 2938 5910 5729)
4(3066 2705 5677 6038)
4(3066 6038 6040 3068)
4(2705 5677 5678 2706)
4(2703 2706 5678 5675)
4(1512 4484 5860 2888)
4(2706 2707 5679 5678)
4(2343 2969 5941 5315)
4(2541 3224 6196 5513)
4(1540 2895 5867 4512)
4(1478 2614 5586 4450)
4(1480 4452 5586 2614)
4(2028 5000 6279 3307)
4(1575 4547 6239 3267)
4(3045 3267 6239 6017)
4(2750 5722 5765 2793)
4(2701 5673 5689 2717)
4(3186 3274 6246 6158)
4(2615 5587 6139 3167)
4(2257 2277 5249 5229)
4(1935 4907 6329 3357)
4(1916 3393 6365 4888)
4(2919 5891 6365 3393)
4(3192 6164 6292 3320)
4(2026 3032 6004 4998)
4(1511 4483 4797 1825)
4(1470 3154 6126 4442)
4(1474 4446 6126 3154)
4(1540 4512 4574 1602)
4(3184 3316 6288 6156)
4(1824 4796 6314 3342)
4(2541 5513 5741 2769)
4(2347 3020 5992 5319)
4(928 3900 6353 3381)
4(2343 3326 6298 5315)
4(2969 5941 6298 3326)
4(2881 5853 6116 3144)
4(1509 3144 6116 4481)
4(3048 6020 6251 3279)
4(3048 1835 4807 6020)
4(488 3460 6364 3392)
4(3002 3392 6364 5974)
4(1330 3113 6085 4302)
4(1332 4304 6085 3113)
4(1088 3359 6331 4060)
4(3124 3299 6271 6096)
4(3299 3345 6317 6271)
4(3124 6096 6317 3345)
4(2706 3238 6210 5678)
4(3000 5972 6274 3302)
4(3020 2351 5323 5992)
4(2618 3350 6322 5590)
4(2617 1010 3982 5589)
4(3202 6174 6229 3257)
4(1825 4797 6236 3264)
4(984 3956 6313 3341)
4(2340 3326 6298 5312)
4(3136 6108 6212 3240)
4(2221 5193 6103 3131)
4(1064 3338 6310 4036)
4(2954 5926 6310 3338)
4(2919 1932 4904 5891)
4(2919 5891 6282 3310)
4(3162 6134 6165 3193)
4(2218 3131 6103 5190)
4(953 3137 6109 3925)
4(934 3279 6251 3906)
4(3018 3284 6256 5990)
4(2919 3280 6252 5891)
4(1935 2990 5962 4907)
4(2990 3311 6283 5962)
4(2818 5790 6209 3237)
4(3144 3264 6236 6116)
4(1010 3045 6017 3982)
4(1116 4088 6177 3205)
4(3048 6020 6353 3381)
4(3177 3392 6364 6149)
4(489 3461 6364 3392)
4(1512 3342 6314 4484)
4(1090 3041 6013 4062)
4(1010 3982 6239 3267)
4(1091 4063 6288 3316)
4(3206 6178 6183 3211)
4(3205 3241 6213 6177)
4(3217 3353 6325 6189)
4(2844 3288 6260 5816)
4(2860 5832 6232 3260)
4(491 3319 6291 3463)
4(3290 6262 6362 3390)
4(2750 3352 6324 5722)
4(3020 3298 6270 5992)
4(1464 4436 6299 3327)
4(1462 3327 6299 4434)
4(2026 4998 6279 3307)
4(1568 4540 6260 3288)
4(1103 2848 5820 4075)
4(1103 4075 6266 3294)
4(955 3927 6068 3096)
4(2347 5319 6270 3298)
4(2474 3298 6270 5446)
4(2273 5245 6322 3350)
4(1478 4450 6224 3252)
4(1476 3252 6224 4448)
4(941 3161 6133 3913)
4(2888 3342 6314 5860)
4(3291 2337 5309 6263)
4(3291 6263 6283 3311)
4(1119 3208 6180 4091)
4(2703 3238 6210 5675)
4(1511 3144 6116 4483)
4(1100 4072 6172 3200)
4(2918 3310 6282 5890)
4(1511 4483 6236 3264)
4(3287 3288 6260 6259)
4(3039 3392 6364 6011)
4(3309 6281 6317 3345)
4(2690 3345 6317 5662)
4(2938 3347 6319 5910)
4(2690 5662 6319 3347)
4(3303 6275 6315 3343)
4(3124 2693 5665 6096)
4(3305 3371 6343 6277)
4(2701 3238 6210 5673)
4(3263 3319 6291 6235)
4(3200 3233 6205 6172)
4(3228 3312 6284 6200)
4(961 3340 6312 3933)
4(2757 5729 6319 3347)
4(3124 3347 6319 6096)
4(3338 6310 6336 3364)
4(2689 3345 6317 5661)
4(1103 4075 6284 3312)
4(3294 3312 6284 6266)
4(953 3925 6347 3375)
4(3161 3375 6347 6133)
4(2275 3290 6262 5247)
4(2334 5306 6263 3291)
4(2854 3319 6291 5826)
4(1480 3393 6365 4452)
4(3280 6252 6366 3394)
4(2919 3394 6366 5891)
4(2614 3393 6365 5586)
4(3345 3347 6319 6317)
4(3393 6365 6366 3394)
4(3375 941 3913 6347)
3(151 1187 152)
3(296 297 4159)
3(442 493 492)
3(3414 3464 3465)
3(950 3213 951)
3(3922 3923 6185)
3(1522 2834 1524)
3(4494 4496 5806)
3(544 1984 543)
3(3516 3515 4956)
3(2690 2934 2760)
3(5662 5732 5906)
3(975 3167 974)
3(3947 3946 6139)
3(1915 3265 3006)
3(4887 5978 6237)
3(1564 2150 1335)
3(4536 4307 5122)
3(1252 1969 1588)
3(4224 4560 4941)
3(1515 1845 1843)
3(4487 4815 4817)
3(2777 2794 2781)
3(5749 5753 5766)
3(1526 2996 2895)
3(4498 5867 5968)
3(1982 3099 1083)
3(4954 4055 6071)
3(493 494 492)
3(3465 3464 3466)
3(1023 3259 1171)
3(3995 4143 6231)
3(1072 2409 895)
3(4044 3867 5381)
3(1794 2201 1328)
3(4766 4300 5173)
3(2801 2962 2714)
3(5773 5686 5934)
3(545 2570 1881)
3(3517 4853 5542)
3(2955 2975 1601)
3(5927 4573 5947)
3(2333 3005 2454)
3(5305 5426 5977)
3(1141 2402 466)
3(4113 3438 5374)
3(1973 3140 815)
3(4945 3787 6112)
3(1542 1796 1795)
3(4514 4767 4768)
3(2277 2678 2269)
3(5249 5241 5650)
3(1747 2940 2507)
3(4719 5479 5912)
3(540 1996 1995)
3(3512 4967 4968)
3(2413 3111 2811)
3(5385 5783 6083)
3(2265 2286 2267)
3(5237 5239 5258)
3(1980 3157 1527)
3(4952 4499 6129)
3(2339 2986 2335)
3(5311 5307 5958)
3(547 1984 544)
3(3519 3516 4956)
3(1492 1592 1490)
3(4464 4462 4564)
3(1527 3157 1530)
3(4499 4502 6129)
3(1069 2569 1912)
3(4041 4884 5541)
3(1328 3122 1794)
3(4300 4766 6094)
3(2915 3105 871)
3(5887 3843 6077)
3(492 2958 128)
3(3464 273 5930)
3(1864 3225 811)
3(4836 3783 6197)
3(1039 3029 1041)
3(4011 4013 6001)
3(426 2007 2005)
3(3398 4977 4979)
3(1354 2150 2149)
3(4326 5121 5122)
3(1916 3006 2126)
3(4888 5098 5978)
3(1712 2787 1686)
3(4684 4658 5759)
3(424 1926 1144)
3(3396 4116 4898)
3(1826 2813 1812)
3(4798 4784 5785)
3(1316 1564 1331)
3(4288 4303 4536)
3(2815 3017 1355)
3(5787 4327 5989)
3(1565 2815 1355)
3(4537 4327 5787)
3(1953 3179 425)
3(4925 3397 6151)
3(1592 2970 1490)
3(4564 4462 5942)
3(1868 1975 1869)
3(4840 4841 4947)
3(1175 1177 443)
3(4147 3415 4149)
3(747 2096 1138)
3(3719 4110 5068)
3(2811 3111 1086)
3(5783 4058 6083)
3(1744 2125 1743)
3(4716 4715 5097)
3(1133 1984 547)
3(4105 3519 4956)
3(811 1931 1864)
3(3783 4836 4903)
3(947 3213 950)
3(3919 3922 6185)
3(1304 2804 1544)
3(4276 4516 5776)
3(1925 2905 2500)
3(4897 5472 5877)
3(3008 3355 490)
3(5980 3462 6327)
3(1975 3331 1869)
3(4947 4841 6303)
3(2030 3178 2027)
3(5002 4999 6150)
3(2769 3001 2682)
3(5741 5654 5973)
3(1860 3140 1973)
3(4832 4945 6112)
3(130 3008 131)
3(275 276 5980)
3(1893 3105 2915)
3(4865 5887 6077)
3(456 1188 1136)
3(3428 4108 4160)
3(1362 2975 1359)
3(4334 4331 5947)
3(1881 2571 545)
3(4853 3517 5543)
3(2325 2422 2324)
3(5297 5296 5394)
3(2145 2401 2399)
3(5117 5371 5373)
3(2277 3333 2678)
3(5249 5650 6305)
3(807 1975 1868)
3(3779 4840 4947)
3(442 492 128)
3(3414 273 3464)
3(1487 1914 1485)
3(4459 4457 4886)
3(1121 1889 444)
3(4093 3416 4861)
3(1171 2019 1023)
3(4143 3995 4991)
3(444 1912 1121)
3(3416 4093 4884)
3(425 3179 1927)
3(3397 4899 6151)
3(1949 2845 825)
3(4921 3797 5817)
3(1588 1970 1252)
3(4560 4224 4942)
3(2895 3360 1526)
3(5867 4498 6332)
3(1814 1899 430)
3(4786 3402 4871)
3(1868 3300 807)
3(4840 3779 6272)
3(485 2871 1189)
3(3457 4161 5843)
3(426 3117 2007)
3(3398 4979 6089)
3(1335 2150 1354)
3(4307 4326 5122)
3(1582 2591 1102)
3(4554 4074 5563)
3(1905 2883 1886)
3(4877 4858 5855)
3(2405 2406 1131)
3(5377 4103 5378)
3(1129 1190 449)
3(4101 3421 4162)
3(128 2958 129)
3(273 274 5930)
3(1360 1603 1598)
3(4332 4570 4575)
3(1189 2036 485)
3(4161 3457 5008)
3(2980 3064 2746)
3(5952 5718 6036)
3(1244 1970 1587)
3(4216 4559 4942)
3(1131 3351 2405)
3(4103 5377 6323)
3(456 1187 151)
3(3428 296 4159)
3(2018 2020 671)
3(4990 3643 4992)
3(2450 3207 3065)
3(5422 6037 6179)
3(2043 2045 1908)
3(5015 4880 5017)
3(2003 2677 793)
3(4975 3765 5649)
3(1136 1187 456)
3(4108 3428 4159)
3(39 2858 2655)
3(391 5627 5830)
3(2697 3230 2696)
3(5669 5668 6202)
3(1104 2685 2683)
3(4076 5655 5657)
3(1940 2551 1019)
3(4912 3991 5523)
3(1708 3218 1780)
3(4680 4752 6190)
3(429 2404 2107)
3(3401 5079 5376)
3(926 3212 1117)
3(3898 4089 6184)
3(453 3099 1982)
3(3425 4954 6071)
3(1248 1970 1245)
3(4220 4217 4942)
3(1780 2856 1708)
3(4752 4680 5828)
3(1102 2949 1582)
3(4074 4554 5921)
3(2708 2710 2709)
3(5680 5681 5682)
3(927 3212 926)
3(3899 3898 6184)
3(1774 2858 479)
3(4746 3451 5830)
3(1572 1914 1491)
3(4544 4463 4886)
3(1856 2845 1949)
3(4828 4921 5817)
3(2450 3065 1425)
3(5422 4397 6037)
3(1602 2895 953)
3(4574 3925 5867)
3(2761 3064 2980)
3(5733 5952 6036)
3(449 1939 1129)
3(3421 4101 4911)
3(2857 3265 1482)
3(5829 4454 6237)
3(963 1122 950)
3(3935 3922 4094)
3(1598 3196 1600)
3(4570 4572 6168)
3(2367 2810 2464)
3(5339 5436 5782)
3(1623 1930 1626)
3(4595 4598 4902)
3(547 1985 1133)
3(3519 4105 4957)
3(925 927 926)
3(3897 3898 3899)
3(478 3177 134)
3(3450 279 6149)
3(2693 3299 3285)
3(5665 6257 6271)
3(923 925 924)
3(3895 3896 3897)
3(860 2113 2112)
3(3832 5084 5085)
3(1354 2149 2148)
3(4326 5120 5121)
3(1490 2970 1496)
3(4462 4468 5942)
3(1777 2940 2655)
3(4749 5627 5912)
3(1563 1586 1475)
3(4535 4447 4558)
3(743 2669 744)
3(3715 3716 5641)
3(1862 2628 1859)
3(4834 4831 5600)
3(2004 2677 2003)
3(4976 4975 5649)
3(2010 3075 2143)
3(4982 5115 6047)
3(2540 3016 2279)
3(5512 5251 5988)
3(479 3199 1774)
3(3451 4746 6171)
3(2271 2287 2260)
3(5243 5232 5259)
3(2293 3056 2028)
3(5265 5000 6028)
3(1777 2655 1776)
3(4749 4748 5627)
3(746 2098 882)
3(3718 3854 5070)
3(1137 2979 1939)
3(4109 4911 5951)
3(671 2020 672)
3(3643 3644 4992)
3(62 2815 2603)
3(414 5575 5787)
3(1315 1337 1255)
3(4287 4227 4309)
3(2045 2046 1908)
3(5017 4880 5018)
3(1771 2374 2249)
3(4743 5221 5346)
3(476 2695 2694)
3(3448 5666 5667)
3(895 2409 1049)
3(3867 4021 5381)
3(1969 2017 1588)
3(4941 4560 4989)
3(1951 2286 2263)
3(4923 5235 5258)
3(925 926 924)
3(3897 3896 3898)
3(1951 2263 2261)
3(4923 5233 5235)
3(1986 2838 1968)
3(4958 4940 5810)
3(2013 2834 1522)
3(4985 4494 5806)
3(1936 3005 2337)
3(4908 5309 5977)
3(2464 2810 2422)
3(5436 5394 5782)
3(1514 3373 1845)
3(4486 4817 6345)
3(1843 3139 1515)
3(4815 4487 6111)
3(1824 1825 956)
3(4796 3928 4797)
3(1045 2976 886)
3(4017 3858 5948)
3(1793 3150 1817)
3(4765 4789 6122)
3(1604 1924 1556)
3(4576 4528 4896)
3(1118 2928 929)
3(4090 3901 5900)
3(471 2162 183)
3(3443 328 5134)
3(1738 2422 2325)
3(4710 5297 5394)
3(2749 2794 2777)
3(5721 5749 5766)
3(813 2813 1826)
3(3785 4798 5785)
3(1939 2612 1137)
3(4911 4109 5584)
3(2278 2524 2256)
3(5250 5228 5496)
3(1601 2975 1362)
3(4573 4334 5947)
3(1084 3099 2884)
3(4056 5856 6071)
3(1903 1904 1102)
3(4875 4074 4876)
3(2827 2828 1439)
3(5799 4411 5800)
3(1616 2828 2827)
3(4588 5799 5800)
3(1939 2979 1940)
3(4911 4912 5951)
3(1930 2940 1747)
3(4902 4719 5912)
3(1874 1909 825)
3(4846 3797 4881)
3(1819 3018 982)
3(4791 3954 5990)
3(1902 1920 437)
3(4874 3409 4892)
3(2653 2976 1045)
3(5625 4017 5948)
3(2337 3005 2333)
3(5309 5305 5977)
3(432 2159 2158)
3(3404 5130 5131)
3(2879 3362 2906)
3(5851 5878 6334)
3(967 3211 933)
3(3939 3905 6183)
3(1138 2098 747)
3(4110 3719 5070)
3(2390 2901 2572)
3(5362 5544 5873)
3(2772 2930 2755)
3(5744 5727 5902)
3(1189 2871 483)
3(4161 3455 5843)
3(1514 1845 1515)
3(4486 4487 4817)
3(1929 2582 1942)
3(4901 4914 5554)
3(2692 3299 2689)
3(5664 5661 6271)
3(1107 3071 1806)
3(4079 4778 6043)
3(2143 3075 2146)
3(5115 5118 6047)
3(978 1789 22)
3(3950 374 4761)
3(1186 2667 463)
3(4158 3435 5639)
3(923 924 922)
3(3895 3894 3896)
3(955 3046 962)
3(3927 3934 6018)
3(2044 2821 2045)
3(5016 5017 5793)
3(940 943 927)
3(3912 3899 3915)
3(920 923 922)
3(3892 3894 3895)
3(1425 3065 1918)
3(4397 4890 6037)
3(1817 3150 1986)
3(4789 4958 6122)
3(2500 3092 1925)
3(5472 4897 6064)
3(2335 2418 2338)
3(5307 5310 5390)
3(1152 1987 464)
3(4124 3436 4959)
3(2101 2669 743)
3(5073 3715 5641)
3(2572 3222 2390)
3(5544 5362 6194)
3(2284 2803 1544)
3(5256 4516 5775)
3(860 2114 2113)
3(3832 5085 5086)
3(1572 2842 2420)
3(4544 5392 5814)
3(2847 3036 2358)
3(5819 5330 6008)
3(906 1188 1059)
3(3878 4031 4160)
3(447 1180 1179)
3(3419 4151 4152)
3(1783 2981 1768)
3(4755 4740 5953)
3(1904 2949 1102)
3(4876 4074 5921)
3(553 2883 1905)
3(3525 4877 5855)
3(789 3166 2929)
3(3761 5901 6138)
3(2618 3237 1952)
3(5590 4924 6209)
3(1587 3317 1244)
3(4559 4216 6289)
3(183 2162 184)
3(328 329 5134)
3(1498 1597 1537)
3(4470 4509 4569)
3(1810 3110 1896)
3(4782 4868 6082)
3(1836 2829 1093)
3(4808 4065 5801)
3(1172 1173 459)
3(4144 3431 4145)
3(466 2935 1141)
3(3438 4113 5907)
3(2655 2858 1776)
3(5627 4748 5830)
3(1164 2021 1167)
3(4136 4139 4993)
3(926 1117 929)
3(3898 3901 4089)
3(2099 2410 435)
3(5071 3407 5382)
3(929 3209 1118)
3(3901 4090 6181)
3(1171 3259 1839)
3(4143 4811 6231)
3(1994 2864 1043)
3(4966 4015 5836)
3(1177 3059 443)
3(4149 3415 6031)
3(978 1845 1789)
3(3950 4761 4817)
3(136 3315 476)
3(281 3448 6287)
3(1384 2999 1383)
3(4356 4355 5971)
3(1304 2923 2804)
3(4276 5776 5895)
3(1918 3094 1425)
3(4890 4397 6066)
3(1912 2569 1121)
3(4884 4093 5541)
3(2045 2821 561)
3(5017 3533 5793)
3(463 3000 1186)
3(3435 4158 5972)
3(1069 1912 1130)
3(4041 4102 4884)
3(2813 3304 1812)
3(5785 4784 6276)
3(440 2529 2406)
3(3412 5378 5501)
3(1781 2856 1780)
3(4753 4752 5828)
3(440 2587 2529)
3(3412 5501 5559)
3(2220 2312 2270)
3(5192 5242 5284)
3(3029 3266 1041)
3(6001 4013 6238)
3(134 3177 488)
3(279 3460 6149)
3(1449 1831 1453)
3(4421 4425 4803)
3(1107 1806 51)
3(4079 403 4778)
3(493 495 494)
3(3465 3466 3467)
3(540 3324 1996)
3(3512 4968 6296)
3(1591 1891 972)
3(4563 3944 4863)
3(933 3211 1063)
3(3905 4035 6183)
3(2897 2910 2250)
3(5869 5222 5882)
3(1091 2993 1837)
3(4063 4809 5965)
3(671 2019 2018)
3(3643 4990 4991)
3(1715 2787 1712)
3(4687 4684 5759)
3(1686 2787 1687)
3(4658 4659 5759)
3(1832 2022 1985)
3(4804 4957 4994)
3(2926 3269 2691)
3(5898 5663 6241)
3(2132 2924 1827)
3(5104 4799 5896)
3(2760 2931 2690)
3(5732 5662 5903)
3(1482 3256 1577)
3(4454 4549 6228)
3(739 2837 740)
3(3711 3712 5809)
3(133 478 134)
3(278 279 3450)
3(1859 2628 1858)
3(4831 4830 5600)
3(1899 3074 430)
3(4871 3402 6046)
3(1596 2889 970)
3(4568 3942 5861)
3(1577 2857 1482)
3(4549 4454 5829)
3(1781 2991 2856)
3(4753 5828 5963)
3(1595 3252 981)
3(4567 3953 6224)
3(2009 2997 2929)
3(4981 5901 5969)
3(1933 3310 1934)
3(4905 4906 6282)
3(931 967 933)
3(3903 3905 3939)
3(2704 3370 2708)
3(5676 5680 6342)
3(1091 3041 2993)
3(4063 5965 6013)
3(1351 2838 1986)
3(4323 4958 5810)
3(2014 2015 2001)
3(4986 4973 4987)
3(825 2845 1874)
3(3797 4846 5817)
3(1832 1985 551)
3(4804 3523 4957)
3(145 1844 482)
3(290 3454 4816)
3(856 2551 1940)
3(3828 4912 5523)
3(2913 3061 1955)
3(5885 4927 6033)
3(1137 2612 1187)
3(4109 4159 5584)
3(801 3169 1959)
3(3773 4931 6141)
3(559 2829 1836)
3(3531 4808 5801)
3(3194 3197 1581)
3(6166 4553 6169)
3(143 1172 459)
3(288 3431 4144)
3(974 3167 980)
3(3946 3952 6139)
3(1060 2668 1895)
3(4032 4867 5640)
3(2603 2815 1565)
3(5575 4537 5787)
3(2010 2997 2009)
3(4982 4981 5969)
3(1912 2071 1130)
3(4884 4102 5043)
3(13 3197 3194)
3(365 6166 6169)
3(994 3029 989)
3(3966 3961 6001)
3(2682 2800 2769)
3(5654 5741 5772)
3(956 2888 1824)
3(3928 4796 5860)
3(495 496 494)
3(3467 3466 3468)
3(2695 2697 2696)
3(5667 5668 5669)
3(718 3086 3062)
3(3690 6034 6058)
3(500 1894 617)
3(3472 3589 4866)
3(1598 1600 1599)
3(4570 4571 4572)
3(2404 3120 2107)
3(5376 5079 6092)
3(2775 2786 1715)
3(5747 4687 5758)
3(1795 3214 1542)
3(4767 4514 6186)
3(777 2400 774)
3(3749 3746 5372)
3(2052 2820 2063)
3(5024 5035 5792)
3(1187 2612 152)
3(4159 297 5584)
3(1892 3050 2070)
3(4864 5042 6022)
3(2707 3068 2770)
3(5679 5742 6040)
3(2786 2787 1715)
3(5758 4687 5759)
3(675 2945 676)
3(3647 3648 5917)
3(929 2928 931)
3(3901 3903 5900)
3(1117 3209 929)
3(4089 3901 6181)
3(2399 3051 2145)
3(5371 5117 6023)
3(2158 2160 432)
3(5130 3404 5132)
3(1959 3026 801)
3(4931 3773 5998)
3(540 1995 1981)
3(3512 4953 4967)
3(2929 3166 2009)
3(5901 4981 6138)
3(1136 1188 906)
3(4108 3878 4160)
3(617 1841 498)
3(3589 3470 4813)
3(3025 3054 1033)
3(5997 4005 6026)
3(2665 3101 2939)
3(5637 5911 6073)
3(2307 2936 1757)
3(5279 4729 5908)
3(462 3179 2809)
3(3434 5781 6151)
3(1618 2558 26)
3(4590 378 5530)
3(2037 2806 1035)
3(5009 4007 5778)
3(1344 2921 1968)
3(4316 4940 5893)
3(2800 2860 2799)
3(5772 5771 5832)
3(144 1844 145)
3(289 290 4816)
3(1491 1914 1487)
3(4463 4459 4886)
3(2781 2794 1730)
3(5753 4702 5766)
3(2099 3188 2410)
3(5071 5382 6160)
3(2962 3067 2714)
3(5934 5686 6039)
3(1336 2017 1333)
3(4308 4305 4989)
3(1493 1597 1498)
3(4465 4470 4569)
3(2637 2765 2438)
3(5609 5410 5737)
3(1426 2828 1616)
3(4398 4588 5800)
3(1616 2830 1426)
3(4588 4398 5802)
3(1316 3170 1564)
3(4288 4536 6142)
3(1603 3165 1598)
3(4575 4570 6137)
3(437 3134 1902)
3(3409 4874 6106)
3(917 918 916)
3(3889 3888 3890)
3(1806 3071 1807)
3(4778 4779 6043)
3(2335 2419 2418)
3(5307 5390 5391)
3(105 1890 427)
3(250 3399 4862)
3(2708 2766 2710)
3(5680 5682 5738)
3(3025 3359 3054)
3(5997 6026 6331)
3(1768 2873 1783)
3(4740 4755 5845)
3(1757 2936 1758)
3(4729 4730 5908)
3(476 2770 2695)
3(3448 5667 5742)
3(2862 2884 212)
3(5834 357 5856)
3(1439 2831 1617)
3(4411 4589 5803)
3(1617 2827 1439)
3(4589 4411 5799)
3(2261 2818 1951)
3(5233 4923 5790)
3(1453 1831 1465)
3(4425 4437 4803)
3(1892 2070 433)
3(4864 3405 5042)
3(2027 2032 2030)
3(4999 5002 5004)
3(1252 1970 1248)
3(4224 4220 4942)
3(1245 1970 1244)
3(4217 4216 4942)
3(1316 1331 1330)
3(4288 4302 4303)
3(1475 1586 1477)
3(4447 4449 4558)
3(1177 2594 2415)
3(4149 5387 5566)
3(1942 2582 1383)
3(4914 4355 5554)
3(1331 1333 1332)
3(4303 4304 4305)
3(1950 3237 945)
3(4922 3917 6209)
3(672 2020 675)
3(3644 3647 4992)
3(1869 3331 1872)
3(4841 4844 6303)
3(2708 2709 2704)
3(5680 5676 5681)
3(1036 3213 2971)
3(4008 5943 6185)
3(1769 2466 1807)
3(4741 4779 5438)
3(1482 3265 1915)
3(4454 4887 6237)
3(1141 2972 2402)
3(4113 5374 5944)
3(104 1890 105)
3(249 250 4862)
3(2285 2899 2293)
3(5257 5265 5871)
3(488 3315 135)
3(3460 280 6287)
3(2063 2820 565)
3(5035 3537 5792)
3(490 3355 2993)
3(3462 5965 6327)
3(79 3000 463)
3(224 3435 5972)
3(1524 2834 1554)
3(4496 4526 5806)
3(464 3156 1152)
3(3436 4124 6128)
3(1626 1930 1747)
3(4598 4719 4902)
3(2278 3121 2524)
3(5250 5496 6093)
3(1622 1930 1623)
3(4594 4595 4902)
3(129 3355 130)
3(274 275 6327)
3(139 3356 140)
3(284 285 6328)
3(2559 2951 2095)
3(5531 5067 5923)
3(1879 3270 3243)
3(4851 6215 6242)
3(970 3107 1596)
3(3942 4568 6079)
3(2699 3230 2697)
3(5671 5669 6202)
3(1021 1991 1990)
3(3993 4962 4963)
3(2939 3101 826)
3(5911 3798 6073)
3(1021 1992 1991)
3(3993 4963 4964)
3(1517 3373 1514)
3(4489 4486 6345)
3(918 920 919)
3(3890 3891 3892)
3(1563 3065 1586)
3(4535 4558 6037)
3(2071 3351 1130)
3(5043 4102 6323)
3(563 2806 2037)
3(3535 5009 5778)
3(2887 3245 3012)
3(5859 5984 6217)
3(1357 2017 1969)
3(4329 4941 4989)
3(1089 2884 2862)
3(4061 5834 5856)
3(1951 3237 1950)
3(4923 4922 6209)
3(430 1900 1814)
3(3402 4786 4872)
3(882 2098 1113)
3(3854 4085 5070)
3(2693 3285 2793)
3(5665 5765 6257)
3(1072 2956 2409)
3(4044 5381 5928)
3(1144 3090 424)
3(4116 3396 6062)
3(1820 2864 514)
3(4792 3486 5836)
3(134 488 135)
3(279 280 3460)
3(2696 3285 2695)
3(5668 5667 6257)
3(1895 2668 555)
3(4867 3527 5640)
3(2765 3015 2438)
3(5737 5410 5987)
3(1837 3184 1091)
3(4809 4063 6156)
3(3062 3086 2114)
3(6034 5086 6058)
3(3243 3270 795)
3(6215 3767 6242)
3(1597 1942 1537)
3(4569 4509 4914)
3(2374 2375 2249)
3(5346 5221 5347)
3(2686 3260 2685)
3(5658 5657 6232)
3(2180 3365 1583)
3(5152 4555 6337)
3(805 3061 2913)
3(3777 5885 6033)
3(2150 3104 1220)
3(5122 4192 6076)
3(747 2098 746)
3(3719 3718 5070)
3(1024 2286 1950)
3(3996 4922 5258)
3(1966 2843 2379)
3(4938 5351 5815)
3(1896 3110 438)
3(4868 3410 6082)
3(1556 3275 1604)
3(4528 4576 6247)
3(137 3312 138)
3(282 283 6284)
3(950 3376 947)
3(3922 3919 6348)
3(1129 1940 1019)
3(4101 3991 4912)
3(2105 2837 739)
3(5077 3711 5809)
3(1976 1977 1957)
3(4948 4929 4949)
3(2115 2116 2111)
3(5087 5083 5088)
3(1535 1823 1469)
3(4507 4441 4795)
3(2358 3036 2988)
3(5330 5960 6008)
3(1482 1915 1479)
3(4454 4451 4887)
3(1899 1901 474)
3(4871 3446 4873)
3(138 3312 457)
3(283 3429 6284)
3(2050 2823 2061)
3(5022 5033 5795)
3(1613 1843 1606)
3(4585 4578 4815)
3(1915 3006 1916)
3(4887 4888 5978)
3(51 1806 50)
3(403 402 4778)
3(1220 3147 2150)
3(4192 5122 6119)
3(3054 3205 1033)
3(6026 4005 6177)
3(1188 2036 1189)
3(4160 4161 5008)
3(1843 1845 978)
3(4815 3950 4817)
3(1624 1903 1584)
3(4596 4556 4875)
3(1943 3018 1819)
3(4915 4791 5990)
3(1334 2017 1357)
3(4306 4329 4989)
3(1971 1972 960)
3(4943 3932 4944)
3(1835 2662 966)
3(4807 3938 5634)
3(918 1115 920)
3(3890 3892 4087)
3(2267 2286 1024)
3(5239 3996 5258)
3(1763 3060 2886)
3(4735 5858 6032)
3(959 3286 2618)
3(3931 5590 6258)
3(2276 3290 3221)
3(5248 6193 6262)
3(1497 1572 1491)
3(4469 4463 4544)
3(447 1181 1180)
3(3419 4152 4153)
3(2627 2628 1862)
3(5599 4834 5600)
3(2283 2374 1771)
3(5255 4743 5346)
3(1521 2925 2013)
3(4493 4985 5897)
3(914 916 915)
3(3886 3887 3888)
3(2069 2676 2065)
3(5041 5037 5648)
3(458 1938 1101)
3(3430 4073 4910)
3(2337 2920 1936)
3(5309 4908 5892)
3(747 2669 2096)
3(3719 5068 5641)
3(1331 1335 1333)
3(4303 4305 4307)
3(1901 1902 474)
3(4873 3446 4874)
3(2887 3380 720)
3(5859 3692 6352)
3(1793 3122 2493)
3(4765 5465 6094)
3(1926 2992 1144)
3(4898 4116 5964)
3(1084 2884 1089)
3(4056 4061 5856)
3(3004 3130 526)
3(5976 3498 6102)
3(130 3355 3008)
3(275 5980 6327)
3(2685 3260 2684)
3(5657 5656 6232)
3(1477 1481 1479)
3(4449 4451 4453)
3(1320 3047 1568)
3(4292 4540 6019)
3(1473 3154 2615)
3(4445 5587 6126)
3(739 2522 2105)
3(3711 5077 5494)
3(2799 2859 2759)
3(5771 5731 5831)
3(1120 2927 1118)
3(4092 4090 5899)
3(1188 1189 1059)
3(4160 4031 4161)
3(1110 1799 1797)
3(4082 4769 4771)
3(1383 2999 1942)
3(4355 4914 5971)
3(494 1132 492)
3(3466 3464 4104)
3(994 3284 1833)
3(3966 4805 6256)
3(1786 1816 1784)
3(4758 4756 4788)
3(971 1815 1193)
3(3943 4165 4787)
3(1793 1817 1109)
3(4765 4081 4789)
3(1200 1818 1191)
3(4172 4163 4790)
3(1063 3374 933)
3(4035 3905 6346)
3(2001 3190 2014)
3(4973 4986 6162)
3(926 929 928)
3(3898 3900 3901)
3(1805 2012 1107)
3(4777 4079 4984)
3(1584 1903 35)
3(4556 387 4875)
3(1619 1621 29)
3(4591 381 4593)
3(18 1924 1604)
3(370 4576 4896)
3(480 1622 37)
3(3452 389 4594)
3(969 1804 0)
3(3941 9 4776)
3(1106 1787 47)
3(4078 399 4759)
3(1110 1797 49)
3(4082 401 4769)
3(1108 1801 56)
3(4080 408 4773)
3(32 2591 1802)
3(384 4774 5563)
3(1334 1357 1340)
3(4306 4312 4329)
3(1927 3179 462)
3(4899 3434 6151)
3(1621 2893 1913)
3(4593 4885 5865)
3(1791 1794 1792)
3(4763 4764 4766)
3(1968 2921 1801)
3(4940 4773 5893)
3(809 2924 2132)
3(3781 5104 5896)
3(1978 2928 2927)
3(4950 5899 5900)
3(2800 3334 2860)
3(5772 5832 6306)
3(141 441 142)
3(286 287 3413)
3(127 442 128)
3(272 273 3414)
3(2325 3100 2983)
3(5297 5955 6072)
3(1357 1569 1358)
3(4329 4330 4541)
3(1602 3161 1063)
3(4574 4035 6133)
3(138 3028 139)
3(283 284 6000)
3(1118 3208 1120)
3(4090 4092 6180)
3(1816 3199 479)
3(4788 3451 6171)
3(2594 3055 2415)
3(5566 5387 6027)
3(2957 2960 1989)
3(5929 4961 5932)
3(2405 3351 468)
3(5377 3440 6323)
3(2061 2823 569)
3(5033 3541 5795)
3(480 1930 1622)
3(3452 4594 4902)
3(1139 3353 2590)
3(4111 5562 6325)
3(1094 3245 2887)
3(4066 5859 6217)
3(744 2669 747)
3(3716 3719 5641)
3(2422 2810 2324)
3(5394 5296 5782)
3(2500 2905 1518)
3(5472 4490 5877)
3(1885 2883 549)
3(4857 3521 5855)
3(1972 3106 960)
3(4944 3932 6078)
3(2710 2712 2711)
3(5682 5683 5684)
3(1542 1993 1796)
3(4514 4768 4965)
3(3157 3314 1532)
3(6129 4504 6286)
3(2793 3352 2693)
3(5765 5665 6324)
3(1583 2851 2180)
3(4555 5152 5823)
3(567 2676 2069)
3(3539 5041 5648)
3(2667 2992 463)
3(5639 3435 5964)
3(2219 2288 2217)
3(5191 5189 5260)
3(1064 2955 1601)
3(4036 4573 5927)
3(2028 2032 2027)
3(5000 4999 5004)
3(2105 2522 2106)
3(5077 5078 5494)
3(1104 2926 2685)
3(4076 5657 5898)
3(936 941 938)
3(3908 3910 3913)
3(549 3395 1885)
3(3521 4857 6367)
3(918 919 916)
3(3890 3888 3891)
3(1167 2021 2020)
3(4139 4992 4993)
3(2854 3163 2853)
3(5826 5825 6135)
3(981 3280 3167)
3(3953 6139 6252)
3(1098 2407 1114)
3(4070 4086 5379)
3(1833 3029 994)
3(4805 3966 6001)
3(1493 1498 1495)
3(4465 4467 4470)
3(1185 2107 2106)
3(4157 5078 5079)
3(26 3282 1618)
3(378 4590 6254)
3(920 922 921)
3(3892 3893 3894)
3(1588 2017 1336)
3(4560 4308 4989)
3(1163 2021 1164)
3(4135 4136 4993)
3(1139 2590 2016)
3(4111 4988 5562)
3(1786 1962 1816)
3(4758 4788 4934)
3(1985 2022 1133)
3(4957 4105 4994)
3(2067 2649 2068)
3(5039 5040 5621)
3(2021 2945 675)
3(4993 3647 5917)
3(1333 2017 1334)
3(4305 4306 4989)
3(2413 2811 470)
3(5385 3442 5783)
3(974 3236 975)
3(3946 3947 6208)
3(1108 1986 1968)
3(4080 4940 4958)
3(827 3304 2813)
3(3799 5785 6276)
3(897 2108 1029)
3(3869 4001 5080)
3(774 2400 773)
3(3746 3745 5372)
3(2922 3075 448)
3(5894 3420 6047)
3(1062 2595 1032)
3(4034 4004 5567)
3(2884 3099 453)
3(5856 3425 6071)
3(1962 3199 1816)
3(4934 4788 6171)
3(1929 1942 1597)
3(4901 4569 4914)
3(1108 1968 1801)
3(4080 4773 4940)
3(1932 3310 1933)
3(4904 4905 6282)
3(538 3303 3257)
3(3510 6229 6275)
3(2983 3100 1746)
3(5955 4718 6072)
3(2507 2940 1777)
3(5479 4749 5912)
3(2237 2910 2897)
3(5209 5869 5882)
3(2792 3230 2791)
3(5764 5763 6202)
3(2770 3068 2697)
3(5742 5669 6040)
3(2145 2978 2401)
3(5117 5373 5950)
3(1934 2920 1935)
3(4906 4907 5892)
3(2682 3001 2679)
3(5654 5651 5973)
3(1600 3242 1974)
3(4572 4946 6214)
3(1894 1943 617)
3(4866 3589 4915)
3(1913 3363 1615)
3(4885 4587 6335)
3(2054 2839 2053)
3(5026 5025 5811)
3(1886 2883 1885)
3(4858 4857 5855)
3(2270 3221 2272)
3(5242 5244 6193)
3(1783 1785 477)
3(4755 3449 4757)
3(1606 1843 1605)
3(4578 4577 4815)
3(1791 1792 1790)
3(4763 4762 4764)
3(1424 2960 2957)
3(4396 5929 5932)
3(2710 2711 2709)
3(5682 5681 5683)
3(571 2649 2067)
3(3543 5039 5621)
3(2357 3176 478)
3(5329 3450 6148)
3(2893 3262 1913)
3(5865 4885 6234)
3(2146 3075 2922)
3(5118 5894 6047)
3(1984 3343 543)
3(4956 3515 6315)
3(1908 2046 1906)
3(4880 4878 5018)
3(127 1094 442)
3(272 3414 4066)
3(1907 3081 3030)
3(4879 6002 6053)
3(131 3233 132)
3(276 277 6205)
3(441 1172 142)
3(3413 287 4144)
3(2697 3067 2699)
3(5669 5671 6039)
3(910 1965 1964)
3(3882 4936 4937)
3(2046 3328 1906)
3(5018 4878 6300)
3(1449 2095 1831)
3(4421 4803 5067)
3(1855 1897 1846)
3(4827 4818 4869)
3(929 931 930)
3(3901 3902 3903)
3(3021 3070 1009)
3(5993 3981 6042)
3(498 1841 496)
3(3470 3468 4813)
3(1834 2011 1620)
3(4806 4592 4983)
3(140 1038 141)
3(285 286 4010)
3(451 3355 129)
3(3423 274 6327)
3(140 3356 450)
3(285 3422 6328)
3(617 2643 1841)
3(3589 4813 5615)
3(3262 3363 1913)
3(6234 4885 6335)
3(2762 2787 2786)
3(5734 5758 5759)
3(509 2863 511)
3(3481 3483 5835)
3(500 617 498)
3(3472 3470 3589)
3(1875 3192 3159)
3(4847 6131 6164)
3(1179 3087 447)
3(4151 3419 6059)
3(2223 2288 2219)
3(5195 5191 5260)
3(1789 3181 1788)
3(4761 4760 6153)
3(22 1789 21)
3(374 373 4761)
3(1101 1938 1937)
3(4073 4909 4910)
3(1564 3104 2150)
3(4536 5122 6076)
3(1948 3038 1031)
3(4920 4003 6010)
3(3030 3081 787)
3(6002 3759 6053)
3(1815 2038 1193)
3(4787 4165 5010)
3(3257 3303 1157)
3(6229 4129 6275)
3(2772 3057 2930)
3(5744 5902 6029)
3(3254 3263 3253)
3(6226 6225 6235)
3(1010 3182 962)
3(3982 3934 6154)
3(914 917 916)
3(3886 3888 3889)
3(1833 1894 502)
3(4805 3474 4866)
3(2700 3020 2916)
3(5672 5888 5992)
3(2034 2035 684)
3(5006 3656 5007)
3(1043 2864 1820)
3(4015 4792 5836)
3(458 3233 131)
3(3430 276 6205)
3(1819 2643 1943)
3(4791 4915 5615)
3(940 3286 943)
3(3912 3915 6258)
3(1909 2636 823)
3(4881 3795 5608)
3(1789 3373 3181)
3(4761 6153 6345)
3(1943 2643 617)
3(4915 3589 5615)
3(524 2627 525)
3(3496 3497 5599)
3(1062 2663 2595)
3(4034 5567 5635)
3(826 3101 1928)
3(3798 4900 6073)
3(1045 2835 2653)
3(4017 5625 5807)
3(1874 2636 1909)
3(4846 4881 5608)
3(1087 3111 2115)
3(4059 5087 6083)
3(2107 2861 429)
3(5079 3401 5833)
3(1172 2835 1173)
3(4144 4145 5807)
3(1870 3085 2995)
3(4842 5967 6057)
3(1469 1823 1471)
3(4441 4443 4795)
3(963 1123 1122)
3(3935 4094 4095)
3(2263 2286 2265)
3(5235 5237 5258)
3(2615 3154 1595)
3(5587 4567 6126)
3(2931 3309 2690)
3(5903 5662 6281)
3(496 899 494)
3(3468 3466 3871)
3(1156 3380 2887)
3(4128 5859 6352)
3(2098 3369 1113)
3(5070 4085 6341)
3(989 3029 1039)
3(3961 4011 6001)
3(1185 2861 2107)
3(4157 5079 5833)
3(980 1932 993)
3(3952 3965 4904)
3(1758 2936 2766)
3(4730 5738 5908)
3(443 2972 1175)
3(3415 4147 5944)
3(2384 2843 870)
3(5356 3842 5815)
3(1465 1830 1467)
3(4437 4439 4802)
3(2835 3052 1173)
3(5807 4145 6024)
3(2493 3150 1793)
3(5465 4765 6122)
3(1360 3219 1603)
3(4332 4575 6191)
3(2217 2288 2252)
3(5189 5224 5260)
3(1086 3111 1087)
3(4058 4059 6083)
3(1357 1969 1569)
3(4329 4541 4941)
3(432 3053 2159)
3(3404 5131 6025)
3(2361 3258 3148)
3(5333 6120 6230)
3(525 2627 528)
3(3497 3500 5599)
3(3159 3192 541)
3(6131 3513 6164)
3(2063 2821 2044)
3(5035 5016 5793)
3(981 2615 1595)
3(3953 4567 5587)
3(551 2668 1832)
3(3523 4804 5640)
3(1521 2013 1522)
3(4493 4494 4985)
3(2113 2115 2111)
3(5085 5083 5087)
3(127 3245 1094)
3(272 4066 6217)
3(1980 2893 1619)
3(4952 4591 5865)
3(2835 3250 2653)
3(5807 5625 6222)
3(2113 2114 1087)
3(5085 4059 5086)
3(2288 2289 2252)
3(5260 5224 5261)
3(611 1833 504)
3(3583 3476 4805)
3(2108 3369 2098)
3(5080 5070 6341)
3(2053 2839 573)
3(5025 3545 5811)
3(2769 2800 2651)
3(5741 5623 5772)
3(1974 3242 2842)
3(4946 5814 6214)
3(962 3236 973)
3(3934 3945 6208)
3(919 2807 916)
3(3891 3888 5779)
3(945 3286 940)
3(3917 3912 6258)
3(3047 3287 1568)
3(6019 4540 6259)
3(2095 2951 1831)
3(5067 4803 5923)
3(1538 2025 2023)
3(4510 4995 4997)
3(2885 2998 2580)
3(5857 5552 5970)
3(886 914 913)
3(3858 3885 3886)
3(431 2116 2115)
3(3403 5087 5088)
3(1966 3073 2843)
3(4938 5815 6045)
3(1504 3149 1585)
3(4476 4557 6121)
3(1587 1970 1588)
3(4559 4560 4942)
3(462 1896 209)
3(3434 354 4868)
3(1195 2038 1201)
3(4167 4173 5010)
3(149 2036 150)
3(294 295 5008)
3(684 2035 685)
3(3656 3657 5007)
3(1893 3050 1892)
3(4865 4864 6022)
3(2749 2777 2768)
3(5721 5740 5749)
3(2486 3108 2925)
3(5458 5897 6080)
3(1799 3296 1797)
3(4771 4769 6268)
3(1057 2412 2411)
3(4029 5383 5384)
3(2344 3249 2361)
3(5316 5333 6221)
3(476 2848 136)
3(3448 281 5820)
3(1498 1500 1499)
3(4470 4471 4472)
3(1744 2126 2125)
3(4716 5097 5098)
3(496 1841 899)
3(3468 3871 4813)
3(1832 2668 1060)
3(4804 4032 5640)
3(960 2807 919)
3(3932 3891 5779)
3(3168 3186 1061)
3(6140 4033 6158)
3(1802 3314 3157)
3(4774 6129 6286)
3(807 3300 1931)
3(3779 4903 6272)
3(2702 3370 2704)
3(5674 5676 6342)
3(459 1844 144)
3(3431 289 4816)
3(2220 2270 2260)
3(5192 5232 5242)
3(1083 2950 1982)
3(4055 4954 5922)
3(1834 2921 1353)
3(4806 4325 5893)
3(1919 2841 1920)
3(4891 4892 5813)
3(2058 2855 2057)
3(5030 5029 5827)
3(548 1985 547)
3(3520 3519 4957)
3(2695 3285 2692)
3(5667 5664 6257)
3(1360 1598 1430)
3(4332 4402 4570)
3(1914 2902 1485)
3(4886 4457 5874)
3(917 983 918)
3(3889 3890 3955)
3(483 2941 1189)
3(3455 4161 5913)
3(1093 2829 2037)
3(4065 5009 5801)
3(612 2942 1911)
3(3584 4883 5914)
3(1024 1950 957)
3(3996 3929 4922)
3(454 1948 1947)
3(3426 4919 4920)
3(972 3229 1591)
3(3944 4563 6201)
3(2886 3060 1787)
3(5858 4759 6032)
3(1489 1597 1493)
3(4461 4465 4569)
3(2285 2293 959)
3(5257 3931 5265)
3(1624 1904 1903)
3(4596 4875 4876)
3(1797 3296 1798)
3(4769 4770 6268)
3(2895 2996 953)
3(5867 3925 5968)
3(743 2837 2101)
3(3715 5073 5809)
3(1808 3304 827)
3(4780 3799 6276)
3(931 933 932)
3(3903 3904 3905)
3(740 2837 743)
3(3712 3715 5809)
3(1471 1563 1475)
3(4443 4447 4535)
3(1924 1925 1556)
3(4896 4528 4897)
3(2995 3085 536)
3(5967 3508 6057)
3(2110 3050 2915)
3(5082 5887 6022)
3(913 2016 859)
3(3885 3831 4988)
3(551 1985 548)
3(3523 3520 4957)
3(3031 3384 2352)
3(6003 5324 6356)
3(951 3128 954)
3(3923 3926 6100)
3(1607 2558 1610)
3(4579 4582 5530)
3(1948 3276 2593)
3(4920 5565 6248)
3(941 3376 942)
3(3913 3914 6348)
3(2755 3153 2772)
3(5727 5744 6125)
3(2591 3314 1802)
3(5563 4774 6286)
3(2123 3272 749)
3(5095 3721 6244)
3(454 1947 75)
3(3426 220 4919)
3(1920 1921 437)
3(4892 3409 4893)
3(1844 2595 482)
3(4816 3454 5567)
3(1169 3130 3004)
3(4141 5976 6102)
3(1918 2960 1424)
3(4890 4396 5932)
3(1031 3276 1948)
3(4003 4920 6248)
3(1855 3044 1897)
3(4827 4869 6016)
3(1132 3278 3255)
3(4104 6227 6250)
3(1963 3336 1889)
3(4935 4861 6308)
3(3336 3337 1889)
3(6308 4861 6309)
3(2077 2640 2075)
3(5049 5047 5612)
3(1948 2593 1947)
3(4920 4919 5565)
3(943 3212 927)
3(3915 3899 6184)
3(2112 3024 860)
3(5084 3832 5996)
3(936 3374 941)
3(3908 3913 6346)
3(497 498 496)
3(3469 3468 3470)
3(478 2847 2357)
3(3450 5329 5819)
3(2271 3350 2287)
3(5243 5259 6322)
3(491 3263 3254)
3(3463 6226 6235)
3(1919 2555 881)
3(4891 3853 5527)
3(1035 2806 2069)
3(4007 5041 5778)
3(1920 2841 1922)
3(4892 4894 5813)
3(1807 3071 1769)
3(4779 4741 6043)
3(495 497 496)
3(3467 3468 3469)
3(2279 3224 2540)
3(5251 5512 6196)
3(463 1926 80)
3(3435 225 4898)
3(2522 2946 2106)
3(5494 5078 5918)
3(514 2864 510)
3(3486 3482 5836)
3(933 3374 936)
3(3905 3908 6346)
3(827 3283 1808)
3(3799 4780 6255)
3(2228 2229 2223)
3(5200 5195 5201)
3(2013 2925 1803)
3(4985 4775 5897)
3(1009 3022 3021)
3(3981 5993 5994)
3(1782 2981 1783)
3(4754 4755 5953)
3(2289 2294 2252)
3(5261 5224 5266)
3(2127 2984 2964)
3(5099 5936 5956)
3(1783 3325 1785)
3(4755 4757 6297)
3(1971 3084 1044)
3(4943 4016 6056)
3(896 2108 897)
3(3868 3869 5080)
3(2269 2278 2256)
3(5241 5228 5250)
3(1872 3331 1988)
3(4844 4960 6303)
3(1174 3247 1844)
3(4146 4816 6219)
3(1846 1897 908)
3(4818 3880 4869)
3(1844 3247 2595)
3(4816 5567 6219)
3(1583 2949 2851)
3(4555 5823 5921)
3(125 1945 460)
3(270 3432 4917)
3(2628 2629 1858)
3(5600 4830 5601)
3(956 3128 2933)
3(3928 5905 6100)
3(1995 1996 1855)
3(4967 4827 4968)
3(2082 2560 2117)
3(5054 5089 5532)
3(749 3274 2123)
3(3721 5095 6246)
3(2791 2796 2792)
3(5763 5764 5768)
3(1043 3266 1994)
3(4015 4966 6238)
3(3115 3357 2989)
3(6087 5961 6329)
3(471 3013 2162)
3(3443 5134 5985)
3(873 1846 872)
3(3845 3844 4818)
3(1847 1995 1855)
3(4819 4827 4967)
3(1826 2924 813)
3(4798 3785 5896)
3(2222 2223 2219)
3(5194 5191 5195)
3(2251 3251 2283)
3(5223 5255 6223)
3(575 2640 2077)
3(3547 5049 5612)
3(825 1909 818)
3(3797 3790 4881)
3(2061 2820 2052)
3(5033 5024 5792)
3(777 3051 2400)
3(3749 5372 6023)
3(1200 3372 1818)
3(4172 4790 6344)
3(2007 2625 2008)
3(4979 4980 5597)
3(2143 2997 2010)
3(5115 4982 5969)
3(425 1927 207)
3(3397 352 4899)
3(159 2071 160)
3(304 305 5043)
3(1484 1929 1486)
3(4456 4458 4901)
3(1465 1831 1830)
3(4437 4802 4803)
3(1910 1911 1156)
3(4882 4128 4883)
3(1087 2115 2113)
3(4059 5085 5087)
3(872 1846 908)
3(3844 3880 4818)
3(685 2035 691)
3(3657 3663 5007)
3(914 915 913)
3(3886 3885 3887)
3(1498 1499 1495)
3(4470 4467 4471)
3(2351 3031 2352)
3(5323 5324 6003)
3(1467 1535 1469)
3(4439 4441 4507)
3(1148 3156 1961)
3(4120 4933 6128)
3(2208 2886 1798)
3(5180 4770 5858)
3(1029 2108 1138)
3(4001 4110 5080)
3(1139 2016 913)
3(4111 3885 4988)
3(1143 3186 3168)
3(4115 6140 6158)
3(903 1910 1156)
3(3875 4128 4882)
3(2890 2891 1289)
3(5862 4261 5863)
3(449 2612 1939)
3(3421 4911 5584)
3(2275 2803 2284)
3(5247 5256 5775)
3(2698 3246 2702)
3(5670 5674 6218)
3(1150 2908 2904)
3(4122 5876 5880)
3(2851 2949 1904)
3(5823 4876 5921)
3(141 3227 441)
3(286 3413 6199)
3(2981 3060 2479)
3(5953 5451 6032)
3(945 3237 2618)
3(3917 5590 6209)
3(1795 1796 1791)
3(4767 4763 4768)
3(1719 3083 1720)
3(4691 4692 6055)
3(1504 2932 1494)
3(4476 4466 5904)
3(1096 1928 1085)
3(4068 4057 4900)
3(1847 1855 1846)
3(4819 4818 4827)
3(2182 3365 2180)
3(5154 5152 6337)
3(954 3128 955)
3(3926 3927 6100)
3(2717 3020 2700)
3(5689 5672 5992)
3(21 1789 1788)
3(373 4760 4761)
3(534 3202 3164)
3(3506 6136 6174)
3(2068 2649 2077)
3(5040 5049 5621)
3(1106 2886 1787)
3(4078 4759 5858)
3(491 3356 3028)
3(3463 6000 6328)
3(971 1192 1191)
3(3943 4163 4164)
3(1105 1834 1620)
3(4077 4592 4806)
3(1782 1783 477)
3(4754 3449 4755)
3(952 1925 1924)
3(3924 4896 4897)
3(1818 1941 944)
3(4790 3916 4913)
3(1605 1843 978)
3(4577 3950 4815)
3(1790 1792 1109)
3(4762 4081 4764)
3(946 1791 1790)
3(3918 4762 4763)
3(477 1785 1784)
3(3449 4756 4757)
3(979 1606 1605)
3(3951 4577 4578)
3(1887 3162 3129)
3(4859 6101 6134)
3(2254 2818 2261)
3(5226 5233 5790)
3(955 962 961)
3(3927 3933 3934)
3(2593 3276 901)
3(5565 3873 6248)
3(1295 2294 2291)
3(4267 5263 5266)
3(1619 2893 1621)
3(4591 4593 5865)
3(528 2627 2626)
3(3500 5598 5599)
3(871 3024 2915)
3(3843 5887 5996)
3(873 1847 1846)
3(3845 4818 4819)
3(3065 3207 1586)
3(6037 4558 6179)
3(967 2928 1978)
3(3939 4950 5900)
3(2078 2623 2079)
3(5050 5051 5595)
3(2266 2680 2264)
3(5238 5236 5652)
3(1896 2953 1810)
3(4868 4782 5925)
3(1530 3157 1532)
3(4502 4504 6129)
3(524 2628 2627)
3(3496 5599 5600)
3(2126 2918 1916)
3(5098 4888 5890)
3(2057 2855 577)
3(5029 3549 5827)
3(899 3278 1132)
3(3871 4104 6250)
3(565 2821 2063)
3(3537 5035 5793)
3(2950 3308 2869)
3(5922 5841 6280)
3(1045 3052 2835)
3(4017 5807 6024)
3(2767 3064 2720)
3(5739 5692 6036)
3(1337 1338 1255)
3(4309 4227 4310)
3(2458 2803 2275)
3(5430 5247 5775)
3(579 2623 2078)
3(3551 5050 5595)
3(933 936 935)
3(3905 3907 3908)
3(2106 2946 1185)
3(5078 4157 5918)
3(870 3330 2384)
3(3842 5356 6302)
3(920 1115 923)
3(3892 3895 4087)
3(1098 3189 2407)
3(4070 5379 6161)
3(1486 1929 1489)
3(4458 4461 4901)
3(976 1980 1619)
3(3948 4591 4952)
3(1331 1332 1330)
3(4303 4302 4304)
3(442 720 493)
3(3414 3465 3692)
3(486 2950 2869)
3(3458 5841 5922)
3(1544 2804 2284)
3(4516 5256 5776)
3(2065 2676 2067)
3(5037 5039 5648)
3(926 928 924)
3(3898 3896 3900)
3(1817 1986 1108)
3(4789 4080 4958)
3(456 2036 1188)
3(3428 4160 5008)
3(1465 1467 1466)
3(4437 4438 4439)
3(1305 2172 2031)
3(4277 5003 5144)
3(2283 3136 2251)
3(5255 5223 6108)
3(1898 1911 1910)
3(4870 4882 4883)
3(540 2863 509)
3(3512 3481 5835)
3(2037 2829 563)
3(5009 3535 5801)
3(1715 2788 2775)
3(4687 5747 5760)
3(885 886 859)
3(3857 3831 3858)
3(1827 2924 1826)
3(4799 4798 5896)
3(886 913 859)
3(3858 3831 3885)
3(1494 2932 1592)
3(4466 4564 5904)
3(1962 2468 1773)
3(4934 4745 5440)
3(50 1806 1110)
3(402 4082 4778)
3(1002 2022 1832)
3(3974 4804 4994)
3(446 1977 204)
3(3418 349 4949)
3(1974 3007 1526)
3(4946 4498 5979)
3(1620 2011 1805)
3(4592 4777 4983)
3(502 1894 500)
3(3474 3472 4866)
3(949 2013 1803)
3(3921 4775 4985)
3(2147 3388 428)
3(5119 3400 6360)
3(828 872 829)
3(3800 3801 3844)
3(872 908 874)
3(3844 3846 3880)
3(1898 1910 908)
3(4870 3880 4882)
3(210 1896 438)
3(355 3410 4868)
3(2053 2823 2050)
3(5025 5022 5795)
3(2080 2081 2060)
3(5052 5032 5053)
3(1193 2038 1195)
3(4165 4167 5010)
3(1333 1334 1332)
3(4305 4304 4306)
3(150 2036 456)
3(295 3428 5008)
3(485 2036 149)
3(3457 294 5008)
3(1201 2038 1589)
3(4173 4561 5010)
3(823 828 824)
3(3795 3796 3800)
3(1908 2959 2043)
3(4880 5015 5931)
3(3044 3348 1897)
3(6016 4869 6320)
3(1999 3098 797)
3(4971 3769 6070)
3(2284 3390 2275)
3(5256 5247 6362)
3(1823 2960 1918)
3(4795 4890 5932)
3(1901 2555 1919)
3(4873 4891 5527)
3(428 2978 2147)
3(3400 5119 5950)
3(506 611 504)
3(3478 3476 3583)
3(1907 2959 1908)
3(4879 4880 5931)
3(2027 3178 2573)
3(4999 5545 6150)
3(828 873 872)
3(3800 3844 3845)
3(2345 2363 2360)
3(5317 5332 5335)
3(1743 3218 1708)
3(4715 4680 6190)
3(691 2124 1979)
3(3663 4951 5096)
3(1851 2985 1981)
3(4823 4953 5957)
3(2117 2560 581)
3(5089 3553 5532)
3(2766 2795 2710)
3(5738 5682 5767)
3(1907 3030 2959)
3(4879 5931 6002)
3(1477 1586 1481)
3(4449 4453 4558)
3(2081 2082 2060)
3(5053 5032 5054)
3(2563 3003 2967)
3(5535 5939 5975)
3(811 3225 1973)
3(3783 4945 6197)
3(125 460 126)
3(270 271 3432)
3(143 459 144)
3(288 289 3431)
3(2993 3355 451)
3(5965 3423 6327)
3(2590 3353 663)
3(5562 3635 6325)
3(2955 3113 1339)
3(5927 4311 6085)
3(514 3152 1820)
3(3486 4792 6124)
3(2768 2952 2749)
3(5740 5721 5924)
3(1467 1469 1468)
3(4439 4440 4441)
3(920 921 919)
3(3892 3891 3893)
3(979 2558 1607)
3(3951 4579 5530)
3(2678 3333 2268)
3(5650 5240 6305)
3(3129 3162 791)
3(6101 3763 6134)
3(2291 2294 2289)
3(5263 5261 5266)
3(21 1788 20)
3(373 372 4760)
3(18 1604 17)
3(370 369 4576)
3(35 1903 34)
3(387 386 4875)
3(29 1621 28)
3(381 380 4593)
3(0 1804 71)
3(9 423 4776)
3(37 1622 36)
3(389 388 4594)
3(32 1802 31)
3(384 383 4774)
3(26 2558 25)
3(378 377 5530)
3(49 1797 48)
3(401 400 4769)
3(56 1801 55)
3(408 407 4773)
3(47 1787 46)
3(399 398 4759)
3(1768 2981 2479)
3(4740 5451 5953)
3(922 1835 966)
3(3894 3938 4807)
3(2904 2908 686)
3(5876 3658 5880)
3(946 2603 1795)
3(3918 4767 5575)
3(83 1961 464)
3(228 3436 4933)
3(2059 2080 2060)
3(5031 5032 5052)
3(62 2603 61)
3(414 413 5575)
3(210 438 211)
3(355 356 3410)
3(77 439 78)
3(222 223 3411)
3(1021 2802 652)
3(3993 3624 5774)
3(969 3114 1804)
3(3941 4776 6086)
3(2720 3261 2767)
3(5692 5739 6233)
3(1928 3185 826)
3(4900 3798 6157)
3(1535 2960 1823)
3(4507 4795 5932)
3(971 1191 66)
3(3943 418 4163)
3(15 1803 948)
3(367 3920 4775)
3(1784 1816 42)
3(4756 394 4788)
3(972 1891 70)
3(3944 422 4863)
3(1105 1620 54)
3(4077 406 4592)
3(44 1782 477)
3(396 3449 4754)
3(952 1924 19)
3(3924 371 4896)
3(57 1817 1108)
3(409 4080 4789)
3(64 1818 944)
3(416 3916 4790)
3(52 1805 1107)
3(404 4079 4777)
3(23 1605 978)
3(375 3950 4577)
3(968 1815 68)
3(3940 420 4787)
3(976 1619 30)
3(3948 382 4591)
3(59 1790 1109)
3(411 4081 4762)
3(946 1790 60)
3(3918 412 4762)
3(477 1784 43)
3(3449 395 4756)
3(979 1605 24)
3(3951 376 4577)
3(1109 1817 58)
3(4081 410 4789)
3(67 1815 971)
3(419 3943 4787)
3(69 1891 968)
3(421 3940 4863)
3(1684 1782 45)
3(4656 397 4754)
3(41 1816 479)
3(393 3451 4788)
3(1620 1805 53)
3(4592 405 4777)
3(949 1803 16)
3(3921 368 4775)
3(1191 1818 65)
3(4163 417 4790)
3(3255 3278 1838)
3(6227 4810 6250)
3(815 816 814)
3(3787 3786 3788)
3(1776 2858 1774)
3(4748 4746 5830)
3(2850 2877 731)
3(5822 3703 5849)
3(1102 2591 33)
3(4074 385 5563)
3(1977 3172 1957)
3(4949 4929 6144)
3(1481 1482 1479)
3(4453 4451 4454)
3(2345 2360 2356)
3(5317 5328 5332)
3(142 1172 143)
3(287 288 4144)
3(1897 1898 908)
3(4869 3880 4870)
3(1475 1477 1476)
3(4447 4448 4449)
3(2897 2948 2237)
3(5869 5209 5920)
3(2875 3040 2988)
3(5847 5960 6012)
3(763 2080 2059)
3(3735 5031 5052)
3(1287 2295 1292)
3(4259 4264 5267)
3(2362 3378 3040)
3(5334 6012 6350)
3(660 2590 658)
3(3632 3630 5562)
3(441 2835 1172)
3(3413 4144 5807)
3(2069 2806 567)
3(5041 3539 5778)
3(1000 2646 1002)
3(3972 3974 5618)
3(2971 3213 947)
3(5943 3919 6185)
3(1980 3171 2893)
3(4952 5865 6143)
3(1085 1928 1082)
3(4057 4054 4900)
3(569 2820 2061)
3(3541 5033 5792)
3(1610 2558 1618)
3(4582 4590 5530)
3(820 823 822)
3(3792 3794 3795)
3(1836 2898 559)
3(4808 3531 5870)
3(2250 3362 2897)
3(5222 5869 6334)
3(2603 3214 1795)
3(5575 4767 6186)
3(2035 2124 691)
3(5007 3663 5096)
3(77 1946 439)
3(222 3411 4918)
3(823 2636 828)
3(3795 3800 5608)
3(1988 3371 1872)
3(4960 4844 6343)
3(101 3301 1822)
3(246 4794 6273)
3(208 1927 462)
3(353 3434 4899)
3(2925 3108 948)
3(5897 3920 6080)
3(2308 2936 2307)
3(5280 5279 5908)
3(1963 1964 461)
3(4935 3433 4936)
3(2020 2021 675)
3(4992 3647 4993)
3(1469 1471 1470)
3(4441 4442 4443)
3(2085 2086 2083)
3(5057 5055 5058)
3(1501 1520 1503)
3(4473 4475 4492)
3(2932 2970 1592)
3(5904 4564 5942)
3(561 3234 2045)
3(3533 5017 6206)
3(1305 2031 2030)
3(4277 5002 5003)
3(915 2807 1140)
3(3887 4112 5779)
3(2067 2676 571)
3(5039 3543 5648)
3(39 2655 38)
3(391 390 5627)
3(1453 1465 1464)
3(4425 4436 4437)
3(815 3140 1949)
3(3787 4921 6112)
3(1181 1182 1180)
3(4153 4152 4154)
3(1471 1475 1474)
3(4443 4446 4447)
3(1095 1096 1085)
3(4067 4057 4068)
3(468 2071 159)
3(3440 304 5043)
3(160 2071 444)
3(305 3416 5043)
3(2915 3050 1893)
3(5887 4865 6022)
3(504 1833 502)
3(3476 3474 4805)
3(2008 3323 2010)
3(4980 4982 6295)
3(1477 1479 1478)
3(4449 4450 4451)
3(2615 2616 1473)
3(5587 4445 5588)
3(1387 2999 1384)
3(4359 4356 5971)
3(81 1926 424)
3(226 3396 4898)
3(493 2942 495)
3(3465 3467 5914)
3(2809 2953 462)
3(5781 3434 5925)
3(1901 1919 1902)
3(4873 4874 4891)
3(1758 3248 2819)
3(4730 5791 6220)
3(658 2590 663)
3(3630 3635 5562)
3(555 2898 1895)
3(3527 4867 5870)
3(1335 1336 1333)
3(4307 4305 4308)
3(1331 1564 1335)
3(4303 4307 4536)
3(1119 3209 3033)
3(4091 6005 6181)
3(820 1909 823)
3(3792 3795 4881)
3(135 3315 136)
3(280 281 6287)
3(703 3231 1839)
3(3675 4811 6203)
3(1923 2998 2885)
3(4895 5857 5970)
3(1110 1800 1799)
3(4082 4771 4772)
3(812 815 814)
3(3784 3786 3787)
3(1526 3007 1497)
3(4498 4469 5979)
3(208 462 209)
3(353 354 3434)
3(79 463 80)
3(224 225 3435)
3(676 2945 684)
3(3648 3656 5917)
3(763 2609 764)
3(3735 3736 5581)
3(1798 2886 1106)
3(4770 4078 5858)
3(918 3241 1115)
3(3890 4087 6213)
3(1791 1796 1794)
3(4763 4766 4768)
3(2825 3035 3023)
3(5797 5995 6007)
3(1484 2582 1929)
3(4456 4901 5554)
3(2229 2243 2223)
3(5201 5195 5215)
3(2012 3071 1107)
3(4984 4079 6043)
3(816 825 818)
3(3788 3790 3797)
3(1961 3156 464)
3(4933 3436 6128)
3(2079 2623 2092)
3(5051 5064 5595)
3(2010 3323 3075)
3(4982 6047 6295)
3(2294 2672 2252)
3(5266 5224 5644)
3(2880 3109 1569)
3(5852 4541 6081)
3(885 1045 886)
3(3857 3858 4017)
3(2222 2228 2223)
3(5194 5195 5200)
3(2712 2713 2711)
3(5684 5683 5685)
3(903 1156 1046)
3(3875 4018 4128)
3(2993 3255 1838)
3(5965 4810 6227)
3(811 812 810)
3(3783 3782 3784)
3(2057 2839 2054)
3(5029 5026 5811)
3(63 2815 62)
3(415 414 5787)
3(2059 2609 763)
3(5031 3735 5581)
3(1613 3139 1843)
3(4585 4815 6111)
3(2092 2621 2090)
3(5064 5062 5593)
3(2586 2601 2156)
3(5558 5128 5573)
3(1002 2646 2022)
3(3974 4994 5618)
3(915 1140 1139)
3(3887 4111 4112)
3(3103 3220 2305)
3(6075 5277 6192)
3(1357 1358 1340)
3(4329 4312 4330)
3(499 500 498)
3(3471 3470 3472)
3(818 1909 820)
3(3790 3792 4881)
3(451 3255 2993)
3(3423 5965 6227)
3(1134 2808 1135)
3(4106 4107 5780)
3(2082 2117 2060)
3(5054 5032 5089)
3(2287 2818 2226)
3(5259 5198 5790)
3(478 3155 2847)
3(3450 5819 6127)
3(2937 3173 2674)
3(5909 5646 6145)
3(76 1947 1946)
3(221 4918 4919)
3(2083 2630 2082)
3(5055 5054 5602)
3(3164 3202 1161)
3(6136 4133 6174)
3(1906 3014 1905)
3(4878 4877 5986)
3(1962 3019 2468)
3(4934 5440 5991)
3(859 2016 679)
3(3831 3651 4988)
3(2819 3248 2764)
3(5791 5736 6220)
3(1794 3122 1792)
3(4766 4764 6094)
3(807 808 806)
3(3779 3778 3780)
3(75 1947 76)
3(220 221 4919)
3(1173 1174 459)
3(4145 3431 4146)
3(2158 2601 2160)
3(5130 5132 5573)
3(2227 3362 2879)
3(5199 5851 6334)
3(2075 2640 2078)
3(5047 5050 5612)
3(2082 2630 2560)
3(5054 5532 5602)
3(1115 3138 923)
3(4087 3895 6110)
3(2391 3222 2516)
3(5363 5488 6194)
3(1097 1808 1096)
3(4069 4068 4780)
3(487 2867 2663)
3(3459 5635 5839)
3(910 1966 1965)
3(3882 4937 4938)
3(812 814 813)
3(3784 3785 3786)
3(1420 2951 2559)
3(4392 5531 5923)
3(2084 2085 2083)
3(5056 5055 5057)
3(960 3106 2807)
3(3932 5779 6078)
3(2466 2892 1807)
3(5438 4779 5864)
3(1591 3011 1891)
3(4563 4863 5983)
3(444 2071 1912)
3(3416 4884 5043)
3(1604 2834 949)
3(4576 3921 5806)
3(2068 2077 2074)
3(5040 5046 5049)
3(2415 3055 452)
3(5387 3424 6027)
3(962 3046 1010)
3(3934 3982 6018)
3(2228 2230 2229)
3(5200 5201 5202)
3(1232 2128 1254)
3(4204 4226 5100)
3(1971 3344 3084)
3(4943 6056 6316)
3(1839 1840 1170)
3(4811 4142 4812)
3(1717 2788 1714)
3(4689 4686 5760)
3(583 2621 2092)
3(3555 5064 5593)
3(424 1961 82)
3(3396 227 4933)
3(691 1979 692)
3(3663 3664 4951)
3(1822 3078 101)
3(4794 246 6050)
3(2249 2375 2369)
3(5221 5341 5347)
3(1939 1940 1129)
3(4911 4101 4912)
3(468 3351 2071)
3(3440 5043 6323)
3(1849 1995 1847)
3(4821 4819 4967)
3(970 3194 1917)
3(3942 4889 6166)
3(724 2084 759)
3(3696 3731 5056)
3(808 811 810)
3(3780 3782 3783)
3(40 2858 39)
3(392 391 5830)
3(206 425 207)
3(351 352 3397)
3(81 424 82)
3(226 227 3396)
3(1329 3364 1337)
3(4301 4309 6336)
3(1105 2921 1834)
3(4077 4806 5893)
3(904 2665 875)
3(3876 3847 5637)
3(816 818 817)
3(3788 3789 3790)
3(3379 3383 1190)
3(6351 4162 6355)
3(2415 3059 1177)
3(5387 4149 6031)
3(2587 3379 1190)
3(5559 4162 6351)
3(1352 2805 2673)
3(4324 5645 5777)
3(1577 3256 1576)
3(4549 4548 6228)
3(886 2976 914)
3(3858 3886 5948)
3(1141 2935 1142)
3(4113 4114 5907)
3(1839 3259 703)
3(4811 3675 6231)
3(481 1945 124)
3(3453 269 4917)
3(2691 2692 2689)
3(5663 5661 5664)
3(2493 3122 1328)
3(5465 4300 6094)
3(2708 3370 3248)
3(5680 6220 6342)
3(1799 3127 1748)
3(4771 4720 6099)
3(124 1945 125)
3(269 270 4917)
3(2295 2672 2294)
3(5267 5266 5644)
3(209 1896 210)
3(354 355 4868)
3(1748 3296 1799)
3(4720 4771 6268)
3(206 1976 425)
3(351 3397 4948)
3(472 3188 2103)
3(3444 5075 6160)
3(1798 2836 2208)
3(4770 5180 5808)
3(1288 2295 1287)
3(4260 4259 5267)
3(2702 3246 2764)
3(5674 5736 6218)
3(1138 2108 2098)
3(4110 5070 5080)
3(1498 1537 1500)
3(4470 4472 4509)
3(1500 1501 1499)
3(4472 4471 4473)
3(804 807 806)
3(3776 3778 3779)
3(815 1949 816)
3(3787 3788 4921)
3(1168 1169 1166)
3(4140 4138 4141)
3(2964 2984 907)
3(5936 3879 5956)
3(981 3252 2614)
3(3953 5586 6224)
3(956 2933 1842)
3(3928 4814 5905)
3(1489 1929 1597)
3(4461 4569 4901)
3(1292 2295 1295)
3(4264 4267 5267)
3(2077 2649 575)
3(5049 3547 5621)
3(573 2823 2053)
3(3545 5025 5795)
3(2230 2231 2229)
3(5202 5201 5203)
3(587 2577 2093)
3(3559 5065 5549)
3(1168 1170 1169)
3(4140 4141 4142)
3(1471 1823 1563)
3(4443 4535 4795)
3(1920 1922 1921)
3(4892 4893 4894)
3(663 1992 656)
3(3635 3628 4964)
3(2093 2577 2094)
3(5065 5066 5549)
3(1944 3035 2825)
3(4916 5797 6007)
3(929 930 928)
3(3901 3900 3902)
3(1833 3284 1894)
3(4805 4866 6256)
3(80 1926 81)
3(225 226 4898)
3(2335 2986 2336)
3(5307 5308 5958)
3(973 3236 974)
3(3945 3946 6208)
3(1961 3090 1148)
3(4933 4120 6062)
3(2027 3223 2026)
3(4999 4998 6195)
3(1164 1165 1162)
3(4136 4134 4137)
3(654 1021 652)
3(3626 3624 3993)
3(1164 1166 1165)
3(4136 4137 4138)
3(1964 3322 910)
3(4936 3882 6294)
3(881 2841 1919)
3(3853 4891 5813)
3(1993 2891 2890)
3(4965 5862 5863)
3(463 2992 1926)
3(3435 4898 5964)
3(215 1982 486)
3(360 3458 4954)
3(487 1983 73)
3(3459 218 4955)
3(811 1973 812)
3(3783 3784 4945)
3(692 1979 704)
3(3664 3676 4951)
3(808 810 809)
3(3780 3781 3782)
3(2148 3317 1587)
3(5120 4559 6289)
3(2896 3333 2277)
3(5868 5249 6305)
3(205 1977 1976)
3(350 4948 4949)
3(970 2889 11)
3(3942 363 5861)
3(10 2889 969)
3(362 3941 5861)
3(1073 2634 2140)
3(4045 5112 5606)
3(506 1994 611)
3(3478 3583 4966)
3(1111 1984 1012)
3(4083 3984 4956)
3(723 2084 724)
3(3695 3696 5056)
3(204 1977 205)
3(349 350 4949)
3(2079 2092 2089)
3(5051 5061 5064)
3(2325 2983 1738)
3(5297 4710 5955)
3(1576 3207 2450)
3(4548 5422 6179)
3(939 940 927)
3(3911 3899 3912)
3(2074 2604 2068)
3(5046 5040 5576)
3(2072 2604 2074)
3(5044 5046 5576)
3(1160 1162 1161)
3(4132 4133 4134)
3(495 2942 612)
3(3467 3584 5914)
3(207 1927 208)
3(352 353 4899)
3(807 1931 808)
3(3779 3780 4903)
3(85 1987 433)
3(230 3405 4959)
3(1467 1830 1535)
3(4439 4507 4802)
3(1160 1161 1158)
3(4132 4130 4133)
3(426 2015 201)
3(3398 346 4987)
3(1095 1097 1096)
3(4067 4068 4069)
3(705 2561 707)
3(3677 3679 5533)
3(1353 2943 1834)
3(4325 4806 5915)
3(1918 3065 1563)
3(4890 4535 6037)
3(818 820 819)
3(3790 3791 3792)
3(1101 3200 458)
3(4073 3430 6172)
3(971 1193 1192)
3(3943 4164 4165)
3(1192 1200 1191)
3(4164 4163 4172)
3(1792 1793 1109)
3(4764 4081 4765)
3(946 1795 1791)
3(3918 4763 4767)
3(1785 1786 1784)
3(4757 4756 4758)
3(979 1607 1606)
3(3951 4578 4579)
3(2094 2577 2519)
3(5066 5491 5549)
3(2078 2640 579)
3(5050 3551 5612)
3(1112 1158 1157)
3(4084 4129 4130)
3(2688 3309 2686)
3(5660 5658 6281)
3(2055 2578 767)
3(5027 3739 5550)
3(2152 2601 2586)
3(5124 5558 5573)
3(476 2771 2770)
3(3448 5742 5743)
3(1788 2905 952)
3(4760 3924 5877)
3(1112 1157 1111)
3(4084 4083 4129)
3(803 804 802)
3(3775 3774 3776)
3(751 2561 705)
3(3723 3677 5533)
3(545 2571 546)
3(3517 3518 5543)
3(1834 3293 2011)
3(4806 4983 6265)
3(1841 3076 899)
3(4813 3871 6048)
3(654 1992 1021)
3(3626 3993 4964)
3(908 1910 874)
3(3880 3846 4882)
3(1572 3007 2842)
3(4544 5814 5979)
3(497 499 498)
3(3469 3470 3471)
3(213 453 214)
3(358 359 3425)
3(74 454 75)
3(219 220 3426)
3(804 806 805)
3(3776 3777 3778)
3(858 859 679)
3(3830 3651 3831)
3(511 2863 688)
3(3483 3660 5835)
3(980 3280 1932)
3(3952 4904 6252)
3(2094 2519 2131)
3(5066 5103 5491)
3(1035 2069 2064)
3(4007 5036 5041)
3(83 464 84)
3(228 229 3436)
3(823 824 822)
3(3795 3794 3796)
3(2644 2645 2484)
3(5616 5456 5617)
3(1720 2788 1717)
3(4692 4689 5760)
3(1714 2788 1715)
3(4686 4687 5760)
3(677 2590 660)
3(3649 3632 5562)
3(767 2578 768)
3(3739 3740 5550)
3(800 803 802)
3(3772 3774 3775)
3(799 800 798)
3(3771 3770 3772)
3(1358 3219 1360)
3(4330 4332 6191)
3(2156 2601 2158)
3(5128 5130 5573)
3(2449 3242 1600)
3(5421 4572 6214)
3(780 2042 783)
3(3752 3755 5014)
3(2390 3222 2391)
3(5362 5363 6194)
3(453 1982 214)
3(3425 359 4954)
3(74 1983 454)
3(219 3426 4955)
3(803 1975 804)
3(3775 3776 4947)
3(611 3266 3029)
3(3583 6001 6238)
3(1013 1111 1012)
3(3985 3984 4083)
3(796 799 798)
3(3768 3770 3771)
3(1981 2985 2863)
3(4953 5835 5957)
3(764 2609 767)
3(3736 3739 5581)
3(1600 3196 2449)
3(4572 5421 6168)
3(203 446 204)
3(348 349 3418)
3(1171 1839 1170)
3(4143 4142 4811)
3(1013 1112 1111)
3(3985 4083 4084)
3(464 1987 84)
3(3436 229 4959)
3(2052 2062 2040)
3(5024 5012 5034)
3(546 2571 549)
3(3518 3521 5543)
3(795 796 794)
3(3767 3766 3768)
3(474 3074 1899)
3(3446 4871 6046)
3(2087 2597 2089)
3(5059 5061 5569)
3(816 817 814)
3(3788 3786 3789)
3(2117 2855 2058)
3(5089 5030 5827)
3(76 1946 77)
3(221 222 4918)
3(1167 1168 1166)
3(4139 4138 4140)
3(203 2014 446)
3(348 3418 4986)
3(3148 3258 2356)
3(6120 5328 6230)
3(759 2084 2081)
3(3731 5053 5056)
3(799 1988 800)
3(3771 3772 4960)
3(2089 2597 2079)
3(5061 5051 5569)
3(2278 3016 2537)
3(5250 5509 5988)
3(2052 2063 2062)
3(5024 5034 5035)
3(792 795 794)
3(3764 3766 3767)
3(812 813 810)
3(3784 3782 3785)
3(2122 2584 2131)
3(5094 5103 5556)
3(877 1012 902)
3(3849 3874 3984)
3(877 1013 1012)
3(3849 3984 3985)
3(2681 2682 2679)
3(5653 5651 5654)
3(1012 1984 1133)
3(3984 4105 4956)
3(771 2047 772)
3(3743 3744 5019)
3(1163 1164 1162)
3(4135 4134 4136)
3(2684 3334 2683)
3(5656 5655 6306)
3(2974 3297 2386)
3(5946 5358 6269)
3(858 885 859)
3(3830 3831 3857)
3(2028 2900 2293)
3(5000 5265 5872)
3(2081 2083 2082)
3(5053 5054 5055)
3(484 3389 2872)
3(3456 5844 6361)
3(82 1961 83)
3(227 228 4933)
3(2876 3389 484)
3(5848 3456 6361)
3(2086 2608 2576)
3(5058 5548 5580)
3(828 829 824)
3(3800 3796 3801)
3(771 2048 2047)
3(3743 5019 5020)
3(2267 2854 2266)
3(5239 5238 5826)
3(667 2611 665)
3(3639 3637 5583)
3(3112 3118 530)
3(6084 3502 6090)
3(1181 1183 1182)
3(4153 4154 4155)
3(2626 2627 1862)
3(5598 4834 5599)
3(788 791 790)
3(3760 3762 3763)
3(2655 2940 480)
3(5627 3452 5912)
3(2359 3148 2356)
3(5331 5328 6120)
3(2131 2584 2094)
3(5103 5066 5556)
3(916 2807 915)
3(3888 3887 5779)
3(2986 2987 2336)
3(5958 5308 5959)
3(1180 2647 1052)
3(4152 4024 5619)
3(1159 1160 1158)
3(4131 4130 4132)
3(2085 2608 2086)
3(5057 5058 5580)
3(791 792 790)
3(3763 3762 3764)
3(2626 2661 528)
3(5598 3500 5633)
3(428 2548 2401)
3(3400 5373 5520)
3(1919 1920 1902)
3(4891 4874 4892)
3(2110 2112 2111)
3(5082 5083 5084)
3(704 877 751)
3(3676 3723 3849)
3(2699 3067 2962)
3(5671 5934 6039)
3(2090 2621 2093)
3(5062 5065 5593)
3(1335 1354 1336)
3(4307 4308 4326)
3(1000 1002 1001)
3(3972 3973 3974)
3(2026 3223 2024)
3(4998 4996 6195)
3(2710 2795 2712)
3(5682 5684 5767)
3(1110 1806 1800)
3(4082 4772 4778)
3(133 3155 478)
3(278 3450 6127)
3(1002 1832 1060)
3(3974 4032 4804)
3(1981 1995 1849)
3(4953 4821 4967)
3(1754 2185 1762)
3(4726 4734 5157)
3(804 1975 807)
3(3776 3779 4947)
3(1093 2037 999)
3(4065 3971 5009)
3(2988 3040 2358)
3(5960 5330 6012)
3(2243 2288 2223)
3(5215 5195 5260)
3(1182 2647 1180)
3(4154 4152 5619)
3(710 1000 716)
3(3682 3688 3972)
3(1947 2593 1946)
3(4919 4918 5565)
3(2121 2631 2118)
3(5093 5090 5603)
3(1184 2946 2877)
3(4156 5849 5918)
3(2712 2715 2713)
3(5684 5685 5687)
3(690 2624 723)
3(3662 3695 5596)
3(800 1988 803)
3(3772 3775 4960)
3(2048 2050 2049)
3(5020 5021 5022)
3(3015 3318 2743)
3(5987 5715 6290)
3(808 809 806)
3(3780 3778 3781)
3(1035 2064 889)
3(4007 3861 5036)
3(465 2110 2109)
3(3437 5081 5082)
3(1890 3072 427)
3(4862 3399 6044)
3(90 2116 431)
3(235 3403 5088)
3(662 2671 1023)
3(3634 3995 5643)
3(2140 2634 613)
3(5112 3585 5606)
3(872 874 829)
3(3844 3801 3846)
3(2048 2049 2047)
3(5020 5019 5021)
3(800 802 801)
3(3772 3773 3774)
3(2370 2375 2374)
3(5342 5346 5347)
3(2372 2375 2370)
3(5344 5342 5347)
3(1190 3383 449)
3(4162 3421 6355)
3(797 3271 1999)
3(3769 4971 6243)
3(1934 1935 1933)
3(4906 4905 4907)
3(1944 2999 1387)
3(4916 4359 5971)
3(1256 2166 1326)
3(4228 4298 5138)
3(1900 2866 1814)
3(4872 4786 5838)
3(889 2064 833)
3(3861 3805 5036)
3(2682 3334 2800)
3(5654 5772 6306)
3(1966 1967 1965)
3(4938 4937 4939)
3(1143 1836 1093)
3(4115 4065 4808)
3(205 1976 206)
3(350 351 4948)
3(1048 2665 904)
3(4020 3876 5637)
3(787 788 786)
3(3759 3758 3760)
3(2011 2012 1805)
3(4983 4777 4984)
3(1905 3014 553)
3(4877 3525 5986)
3(784 787 786)
3(3756 3758 3759)
3(796 798 797)
3(3768 3769 3770)
3(808 1931 811)
3(3780 3783 4903)
3(2041 2043 2042)
3(5013 5014 5015)
3(202 2015 2014)
3(347 4986 4987)
3(1124 3340 3184)
3(4096 6156 6312)
3(1012 1133 902)
3(3984 3874 4105)
3(922 966 921)
3(3894 3893 3938)
3(2062 2063 2044)
3(5034 5016 5035)
3(779 2042 780)
3(3751 3752 5014)
3(1811 1812 1809)
3(4783 4781 4784)
3(877 902 751)
3(3849 3723 3874)
3(1600 1974 1599)
3(4572 4571 4946)
3(2040 2062 2039)
3(5012 5011 5034)
3(1081 1082 1080)
3(4053 4052 4054)
3(3132 3147 2299)
3(6104 5271 6119)
3(679 2016 677)
3(3651 3649 4988)
3(2044 2045 2043)
3(5016 5015 5017)
3(684 2945 2034)
3(3656 5006 5917)
3(201 2015 202)
3(346 347 4987)
3(723 2085 2084)
3(3695 5056 5057)
3(2401 2548 2398)
3(5373 5370 5520)
3(2398 2548 475)
3(5370 3447 5520)
3(2110 2111 2109)
3(5082 5081 5083)
3(1092 1093 999)
3(4064 3971 4065)
3(2086 2576 2565)
3(5058 5537 5548)
3(1000 1001 716)
3(3972 3688 3973)
3(2039 2041 779)
3(5011 3751 5013)
3(1537 1944 1500)
3(4509 4472 4916)
3(2112 2113 2111)
3(5084 5083 5085)
3(1922 1923 1921)
3(4894 4893 4895)
3(1092 1143 1093)
3(4064 4065 4115)
3(87 2070 465)
3(232 3437 5042)
3(1267 2172 1271)
3(4239 4243 5144)
3(780 783 782)
3(3752 3754 3755)
3(2230 2232 2231)
3(5202 5203 5204)
3(2746 3064 2767)
3(5718 5739 6036)
3(2050 2061 2049)
3(5022 5021 5033)
3(998 999 889)
3(3970 3861 3971)
3(812 1973 815)
3(3784 3787 4945)
3(816 1949 825)
3(3788 3797 4921)
3(1097 1809 1808)
3(4069 4780 4781)
3(1823 1918 1563)
3(4795 4535 4890)
3(475 2397 2392)
3(3447 5364 5369)
3(767 2609 2055)
3(3739 5027 5581)
3(1002 1060 1001)
3(3974 3973 4032)
3(783 784 782)
3(3755 3754 3756)
3(2238 2239 2236)
3(5210 5208 5211)
3(882 889 833)
3(3854 3805 3861)
3(999 2037 1035)
3(3971 4007 5009)
3(2092 2623 583)
3(5064 3555 5595)
3(1079 1080 1048)
3(4051 4020 4052)
3(741 2072 738)
3(3713 3710 5044)
3(792 794 793)
3(3764 3765 3766)
3(2571 3395 549)
3(5543 3521 6367)
3(776 779 778)
3(3748 3750 3751)
3(2393 2400 2399)
3(5365 5371 5372)
3(704 1979 877)
3(3676 3849 4951)
3(2041 2042 779)
3(5013 3751 5014)
3(1574 3327 2617)
3(4546 5589 6299)
3(741 2604 2072)
3(3713 5044 5576)
3(1565 3214 2603)
3(4537 5575 6186)
3(768 2578 771)
3(3740 3743 5550)
3(1576 3256 3207)
3(4548 6179 6228)
3(1813 1826 1812)
3(4785 4784 4798)
3(775 2039 776)
3(3747 3748 5011)
3(1830 1989 1535)
3(4802 4507 4961)
3(746 833 745)
3(3718 3717 3805)
3(2041 2044 2043)
3(5013 5015 5016)
3(998 1092 999)
3(3970 3971 4064)
3(2064 2069 2065)
3(5036 5037 5041)
3(1183 1184 1182)
3(4155 4154 4156)
3(1979 2124 1013)
3(4951 3985 5096)
3(1184 2877 2850)
3(4156 5822 5849)
3(2049 2052 2040)
3(5021 5012 5024)
3(1353 2921 1344)
3(4325 4316 5893)
3(882 998 889)
3(3854 3861 3970)
3(215 486 216)
3(360 361 3458)
3(72 487 73)
3(217 218 3459)
3(775 2040 2039)
3(3747 5011 5012)
3(779 780 778)
3(3751 3750 3752)
3(89 2116 90)
3(234 235 5088)
3(1607 1608 1606)
3(4579 4578 4580)
3(1193 1194 1192)
3(4165 4164 4166)
3(214 1982 215)
3(359 360 4954)
3(73 1983 74)
3(218 219 4955)
3(776 2039 779)
3(3748 3751 5011)
3(202 2014 203)
3(347 348 4986)
3(744 745 742)
3(3716 3714 3717)
3(723 2624 2085)
3(3695 5057 5596)
3(1134 3302 2808)
3(4106 5780 6274)
3(833 2064 887)
3(3805 3859 5036)
3(707 2561 710)
3(3679 3682 5533)
3(2361 3148 2344)
3(5333 5316 6120)
3(1169 3118 1166)
3(4141 4138 6090)
3(746 882 833)
3(3718 3805 3854)
3(1138 2096 1056)
3(4110 4028 5068)
3(2393 2399 2398)
3(5365 5370 5371)
3(772 775 774)
3(3744 3746 3747)
3(1851 1981 1849)
3(4823 4821 4953)
3(699 2611 667)
3(3671 3639 5583)
3(772 2047 775)
3(3744 3747 5019)
3(738 2072 737)
3(3710 3709 5044)
3(84 1987 85)
3(229 230 4959)
3(740 741 738)
3(3712 3710 3713)
3(2388 2390 2389)
3(5360 5361 5362)
3(1066 2556 2119)
3(4038 5091 5528)
3(2005 3079 426)
3(4977 3398 6051)
3(2118 2631 609)
3(5090 3581 5603)
3(775 776 774)
3(3747 3746 3748)
3(2390 2391 2389)
3(5362 5361 5363)
3(788 790 789)
3(3760 3761 3762)
3(433 2070 86)
3(3405 231 5042)
3(999 1035 889)
3(3971 3861 4007)
3(192 2397 475)
3(337 3447 5369)
3(1891 3011 968)
3(4863 3940 5983)
3(85 433 86)
3(230 231 3405)
3(465 2109 88)
3(3437 233 5081)
3(1958 1959 1956)
3(4930 4928 4931)
3(744 746 745)
3(3716 3717 3718)
3(2049 2061 2052)
3(5021 5024 5033)
3(2074 2077 2075)
3(5046 5047 5049)
3(768 771 770)
3(3740 3742 3743)
3(771 772 770)
3(3743 3742 3744)
3(2119 2556 603)
3(5091 3575 5528)
3(733 2087 730)
3(3705 3702 5059)
3(2137 2138 2135)
3(5109 5107 5110)
3(2072 2074 2073)
3(5044 5045 5046)
3(1112 1159 1158)
3(4084 4130 4131)
3(740 742 741)
3(3712 3713 3714)
3(1786 3019 1962)
3(4758 4934 5991)
3(833 887 745)
3(3805 3717 3859)
3(733 2597 2087)
3(3705 5059 5569)
3(1271 2172 1305)
3(4243 4277 5144)
3(1265 2172 1267)
3(4237 4239 5144)
3(1160 1163 1162)
3(4132 4134 4135)
3(2008 2009 2006)
3(4980 4978 4981)
3(764 767 766)
3(3736 3738 3739)
3(2608 2624 2171)
3(5580 5143 5596)
3(1164 1167 1166)
3(4136 4138 4139)
3(2122 2131 2130)
3(5094 5102 5103)
3(2673 2805 1200)
3(5645 4172 5777)
3(767 768 766)
3(3739 3738 3740)
3(1446 2095 1449)
3(4418 4421 5067)
3(1427 2095 1446)
3(4399 4418 5067)
3(1168 1171 1170)
3(4140 4142 4143)
3(2064 2065 887)
3(5036 3859 5037)
3(736 737 734)
3(3708 3706 3709)
3(760 763 762)
3(3732 3734 3735)
3(2163 2557 2165)
3(5135 5137 5529)
3(2392 2398 475)
3(5364 3447 5370)
3(2086 2630 2083)
3(5058 5055 5602)
3(1354 1587 1336)
3(4326 4308 4559)
3(187 2396 188)
3(332 333 5368)
3(736 738 737)
3(3708 3709 3710)
3(1806 1807 1800)
3(4778 4772 4779)
3(763 764 762)
3(3735 3734 3736)
3(887 2550 745)
3(3859 3717 5522)
3(2388 2389 436)
3(5360 3408 5361)
3(191 2397 192)
3(336 337 5369)
3(2243 2289 2288)
3(5215 5260 5261)
3(730 2087 729)
3(3702 3701 5059)
3(804 805 802)
3(3776 3774 3777)
3(1084 1085 1082)
3(4056 4054 4057)
3(2136 2137 2135)
3(5108 5107 5109)
3(2093 2621 587)
3(5065 3559 5593)
3(1183 1185 1184)
3(4155 4156 4157)
3(931 932 930)
3(3903 3902 3904)
3(1029 1138 1056)
3(4001 4028 4110)
3(759 2081 2080)
3(3731 5052 5053)
3(732 734 733)
3(3704 3705 3706)
3(2715 2716 2713)
3(5687 5685 5688)
3(725 2584 2122)
3(3697 5094 5556)
3(732 733 730)
3(3704 3702 3705)
3(759 2080 760)
3(3731 3732 5052)
3(2391 2393 2392)
3(5363 5364 5365)
3(841 2136 844)
3(3813 3816 5108)
3(800 801 798)
3(3772 3770 3773)
3(727 2517 2170)
3(3699 5142 5489)
3(87 465 88)
3(232 233 3437)
3(1001 2598 716)
3(3973 3688 5570)
3(1534 3365 2182)
3(4506 5154 6337)
3(2170 2517 1050)
3(5142 4022 5489)
3(2072 2073 737)
3(5044 3709 5045)
3(1181 1822 1183)
3(4153 4155 4794)
3(2097 2101 2100)
3(5069 5072 5073)
3(642 2130 1003)
3(3614 3975 5102)
3(2387 2394 2388)
3(5359 5360 5366)
3(2581 2600 2120)
3(5553 5092 5572)
3(644 2130 642)
3(3616 3614 5102)
3(892 2135 2121)
3(3864 5093 5107)
3(1489 1493 1492)
3(4461 4464 4465)
3(2087 2089 2088)
3(5059 5060 5061)
3(2121 2134 892)
3(5093 3864 5106)
3(2165 2557 1007)
3(5137 3979 5529)
3(759 760 758)
3(3731 3730 3732)
3(2393 2398 2392)
3(5365 5364 5370)
3(2139 2527 2164)
3(5111 5136 5499)
3(760 2080 763)
3(3732 3735 5052)
3(2089 2092 2090)
3(5061 5062 5064)
3(784 786 785)
3(3756 3757 3758)
3(2066 2550 887)
3(5038 3859 5522)
3(728 730 729)
3(3700 3701 3702)
3(725 2122 651)
3(3697 3623 5094)
3(2119 2581 2120)
3(5091 5092 5553)
3(2519 2542 1003)
3(5491 3975 5514)
3(2812 2846 890)
3(5784 3862 5818)
3(2074 2075 2073)
3(5046 5045 5047)
3(469 2395 2394)
3(3441 5366 5367)
3(2387 2388 436)
3(5359 3408 5360)
3(724 759 758)
3(3696 3730 3731)
3(728 729 726)
3(3700 3698 3701)
3(2129 2562 1065)
3(5101 4037 5534)
3(692 704 694)
3(3664 3666 3676)
3(866 2562 2129)
3(3838 5101 5534)
3(2411 2412 94)
3(5383 239 5384)
3(723 724 722)
3(3695 3694 3696)
3(840 2136 841)
3(3812 3813 5108)
3(123 481 124)
3(268 269 3453)
3(145 482 146)
3(290 291 3454)
3(2102 2105 2104)
3(5074 5076 5077)
3(1998 1999 1960)
3(4970 4932 4971)
3(86 2070 87)
3(231 232 5042)
3(2232 2233 2231)
3(5204 5203 5205)
3(742 2550 741)
3(3714 3713 5522)
3(707 710 709)
3(3679 3681 3682)
3(796 797 794)
3(3768 3766 3769)
3(2130 2131 1003)
3(5102 3975 5103)
3(2238 2240 2239)
3(5210 5211 5212)
3(88 2109 89)
3(233 234 5081)
3(690 723 722)
3(3662 3694 3695)
3(739 740 738)
3(3711 3710 3712)
3(1220 2128 1219)
3(4192 4191 5100)
3(1219 2128 1232)
3(4191 4204 5100)
3(1151 1154 1153)
3(4123 4125 4126)
3(2073 2553 737)
3(5045 3709 5525)
3(591 2542 2519)
3(3563 5491 5514)
3(734 2553 733)
3(3706 3705 5525)
3(2137 2139 2138)
3(5109 5110 5111)
3(651 2122 647)
3(3623 3619 5094)
3(1624 2814 1904)
3(4596 4876 5786)
3(1061 2598 1001)
3(4033 3973 5570)
3(696 726 725)
3(3668 3697 3698)
3(2137 2527 2139)
3(5109 5111 5499)
3(2081 2084 2083)
3(5053 5055 5056)
3(647 2130 644)
3(3619 3616 5102)
3(1005 2171 632)
3(3977 3604 5143)
3(2317 3027 2482)
3(5289 5454 5999)
3(2051 2053 2050)
3(5023 5022 5025)
3(2047 2049 2040)
3(5019 5012 5021)
3(1174 3201 2846)
3(4146 5818 6173)
3(1608 1613 1606)
3(4580 4578 4585)
3(1193 1195 1194)
3(4165 4166 4167)
3(1607 1609 1608)
3(4579 4580 4581)
3(2039 2062 2041)
3(5011 5013 5034)
3(710 716 711)
3(3682 3683 3688)
3(743 744 742)
3(3715 3714 3716)
3(2002 2003 2000)
3(4974 4972 4975)
3(1056 2096 1058)
3(4028 4030 5068)
3(470 2411 93)
3(3442 238 5383)
3(93 2411 94)
3(238 239 5383)
3(844 2136 892)
3(3816 3864 5108)
3(776 778 777)
3(3748 3749 3750)
3(696 725 651)
3(3668 3623 3697)
3(610 2133 615)
3(3582 3587 5105)
3(469 2394 2387)
3(3441 5359 5366)
3(2087 2088 729)
3(5059 3701 5060)
3(2169 2645 2644)
3(5141 5616 5617)
3(2118 2634 1073)
3(5090 4045 5606)
3(1295 2295 2294)
3(4267 5266 5267)
3(877 1979 1013)
3(3849 3985 4951)
3(2089 2090 2088)
3(5061 5060 5062)
3(2076 2553 2073)
3(5048 5045 5525)
3(1066 2119 1067)
3(4038 4039 5091)
3(2572 2901 2153)
3(5544 5125 5873)
3(2119 2120 1067)
3(5091 4039 5092)
3(1006 2134 2121)
3(3978 5093 5106)
3(607 2133 610)
3(3579 3582 5105)
3(862 2134 1006)
3(3834 3978 5106)
3(840 2137 2136)
3(3812 5108 5109)
3(726 2545 725)
3(3698 3697 5517)
3(764 766 765)
3(3736 3737 3738)
3(2122 2130 647)
3(5094 3619 5102)
3(735 736 734)
3(3707 3706 3708)
3(768 770 769)
3(3740 3741 3742)
3(1066 1067 1011)
3(4038 3983 4039)
3(867 1066 1011)
3(3839 3983 4038)
3(640 690 689)
3(3612 3661 3662)
3(892 2134 846)
3(3864 3818 5106)
3(760 762 761)
3(3732 3733 3734)
3(427 2409 2408)
3(3399 5380 5381)
3(188 2396 469)
3(333 3441 5368)
3(1587 1588 1336)
3(4559 4308 4560)
3(772 774 773)
3(3744 3745 3746)
3(1147 1150 1149)
3(4119 4121 4122)
3(731 732 730)
3(3703 3702 3704)
3(1003 2542 629)
3(3975 3601 5514)
3(650 651 647)
3(3622 3619 3623)
3(1006 2118 1073)
3(3978 4045 5090)
3(2243 2290 2289)
3(5215 5261 5262)
3(1354 2148 1587)
3(4326 4559 5120)
3(1954 1955 1829)
3(4926 4801 4927)
3(727 728 726)
3(3699 3698 3700)
3(2716 2718 2713)
3(5688 5685 5690)
3(2485 2514 1560)
3(5457 4532 5486)
3(862 1006 891)
3(3834 3863 3978)
3(95 2412 435)
3(240 3407 5384)
3(94 2412 95)
3(239 240 5384)
3(704 751 705)
3(3676 3677 3723)
3(1006 1073 891)
3(3978 3863 4045)
3(780 782 781)
3(3752 3753 3754)
3(2088 2545 729)
3(5060 3701 5517)
3(724 758 757)
3(3696 3729 3730)
3(2133 2556 1066)
3(5105 4038 5528)
3(837 2527 840)
3(3809 3812 5499)
3(1060 1895 1061)
3(4032 4033 4867)
3(615 2133 867)
3(3587 3839 5105)
3(2048 2051 2050)
3(5020 5022 5023)
3(1427 2559 2095)
3(4399 5067 5531)
3(2533 2535 1349)
3(5505 4321 5507)
3(892 2136 2135)
3(3864 5107 5108)
3(2065 2067 2066)
3(5037 5038 5039)
3(1560 2514 1352)
3(4532 4324 5486)
3(698 2163 836)
3(3670 3808 5135)
3(2048 2578 2051)
3(5020 5023 5550)
3(1034 2127 876)
3(4006 3848 5099)
3(2139 2620 2138)
3(5111 5110 5592)
3(2385 2386 473)
3(5357 3445 5358)
3(649 2557 2163)
3(3621 5135 5529)
3(866 2129 1074)
3(3838 4046 5101)
3(649 2163 698)
3(3621 3670 5135)
3(2163 2164 836)
3(5135 3808 5136)
3(1027 1146 1145)
3(3999 4117 4118)
3(867 2133 1066)
3(3839 4038 5105)
3(2091 2545 2088)
3(5063 5060 5517)
3(2233 2246 2231)
3(5205 5203 5218)
3(2232 2234 2233)
3(5204 5205 5206)
3(2240 2241 2239)
3(5212 5211 5213)
3(662 1023 666)
3(3634 3638 3995)
3(848 2134 862)
3(3820 3834 5106)
3(630 2546 1005)
3(3602 3977 5518)
3(844 892 846)
3(3816 3818 3864)
3(840 2527 2137)
3(3812 5109 5499)
3(2131 2519 1003)
3(5103 3975 5491)
3(630 1005 632)
3(3602 3604 3977)
3(862 891 863)
3(3834 3835 3863)
3(867 1011 893)
3(3839 3865 3983)
3(646 647 644)
3(3618 3616 3619)
3(1608 1617 1613)
3(4580 4585 4589)
3(1195 1196 1194)
3(4167 4166 4168)
3(1607 1610 1609)
3(4579 4581 4582)
3(2066 2604 2550)
3(5038 5522 5576)
3(621 2511 619)
3(3593 3591 5483)
3(2105 2106 2104)
3(5077 5076 5078)
3(2163 2165 2164)
3(5135 5136 5137)
3(846 2134 848)
3(3818 3820 5106)
3(2382 2383 445)
3(5354 3417 5355)
3(848 862 850)
3(3820 3822 3834)
3(174 2385 473)
3(319 3445 5357)
3(173 2385 174)
3(318 319 5357)
3(2380 2384 2382)
3(5352 5354 5356)
3(1006 2121 2118)
3(3978 5090 5093)
3(632 2171 634)
3(3604 3606 5143)
3(634 2171 640)
3(3606 3612 5143)
3(634 640 639)
3(3606 3611 3612)
3(2185 2186 1662)
3(5157 4634 5158)
3(695 696 651)
3(3667 3623 3668)
3(642 1003 629)
3(3614 3601 3975)
3(1089 1095 1085)
3(4061 4057 4067)
3(620 2515 622)
3(3592 3594 5487)
3(2101 2102 2100)
3(5073 5072 5074)
3(2381 2382 445)
3(5353 3417 5354)
3(690 722 721)
3(3662 3693 3694)
3(440 2406 2405)
3(3412 5377 5378)
3(624 2511 621)
3(3596 3593 5483)
3(2290 2291 2289)
3(5262 5261 5263)
3(194 2548 428)
3(339 3400 5520)
3(475 2548 193)
3(3447 338 5520)
3(2716 2719 2718)
3(5688 5690 5691)
3(2383 2386 2385)
3(5355 5357 5358)
3(2505 2520 2518)
3(5477 5490 5492)
3(698 836 835)
3(3670 3807 3808)
3(615 867 618)
3(3587 3590 3839)
3(2148 2149 1240)
3(5120 4212 5121)
3(2379 2380 2378)
3(5351 5350 5352)
3(837 840 839)
3(3809 3811 3812)
3(2291 2852 1295)
3(5263 4267 5824)
3(109 2407 110)
3(254 255 5379)
3(110 2407 434)
3(255 3406 5379)
3(1663 2185 1662)
3(4635 4634 5157)
3(1754 2186 2185)
3(4726 5157 5158)
3(1256 2497 2166)
3(4228 5138 5469)
3(2166 2497 1350)
3(5138 4322 5469)
3(2380 2382 2381)
3(5352 5353 5354)
3(864 866 865)
3(3836 3837 3838)
3(866 1074 888)
3(3838 3860 4046)
3(2234 2235 2233)
3(5206 5205 5207)
3(172 2381 445)
3(317 3417 5353)
3(748 2174 638)
3(3720 3610 5146)
3(2241 2242 2239)
3(5213 5211 5214)
3(455 2379 2378)
3(3427 5350 5351)
3(2174 2567 636)
3(5146 3608 5539)
3(2391 2392 2389)
3(5363 5361 5364)
3(1037 2555 1901)
3(4009 4873 5527)
3(622 2515 626)
3(3594 3598 5487)
3(1195 1198 1196)
3(4167 4168 4170)
3(1196 1197 1194)
3(4168 4166 4169)
3(1610 1611 1609)
3(4582 4581 4583)
3(724 757 722)
3(3696 3694 3729)
3(1073 2140 1077)
3(4045 4049 5112)
3(116 2415 117)
3(261 262 5387)
3(117 2415 452)
3(262 3424 5387)
3(469 2396 2395)
3(3441 5367 5368)
3(2166 2167 1326)
3(5138 4298 5139)
3(626 864 712)
3(3598 3684 3836)
3(171 2381 172)
3(316 317 5353)
3(862 863 850)
3(3834 3822 3835)
3(1560 2535 2533)
3(4532 5505 5507)
3(702 868 624)
3(3674 3596 3840)
3(2716 2720 2719)
3(5688 5691 5692)
3(2234 2236 2235)
3(5206 5207 5208)
3(2241 2244 2242)
3(5213 5214 5216)
3(1127 1128 987)
3(4099 3959 4100)
3(1077 2154 891)
3(4049 3863 5126)
3(1610 1612 1611)
3(4582 4583 4584)
3(1196 1199 1197)
3(4168 4169 4171)
3(1195 1201 1198)
3(4167 4170 4173)
3(1611 1616 1609)
3(4583 4581 4588)
3(891 2154 863)
3(3863 3835 5126)
3(2167 2168 1326)
3(5139 4298 5140)
3(1073 1077 891)
3(4045 3863 4049)
3(1692 2513 2445)
3(4664 5417 5485)
3(2720 2721 2719)
3(5692 5691 5693)
3(2365 2510 1756)
3(5337 4728 5482)
3(2177 2178 1688)
3(5149 4660 5150)
3(2244 2251 2242)
3(5216 5214 5223)
3(2241 2245 2244)
3(5213 5216 5217)
3(2176 2177 1688)
3(5148 4660 5149)
3(1669 2445 2184)
3(4641 5156 5417)
3(1632 2176 1629)
3(4604 4601 5148)
3(1201 1202 1198)
3(4173 4170 4174)
3(1612 1614 1611)
3(4584 4583 4586)
3(1199 1259 1197)
3(4171 4169 4231)
3(1610 1618 1612)
3(4582 4584 4590)
3(2445 2513 2184)
3(5417 5156 5485)
3(1756 2510 2177)
3(4728 5149 5482)
3(2167 2169 2168)
3(5139 5140 5141)
3(2184 2510 1669)
3(5156 4641 5482)
3(1669 2510 2365)
3(4641 5337 5482)
3(1756 2176 1632)
3(4728 4604 5148)
3(2720 2722 2721)
3(5692 5693 5694)
3(2721 2741 2719)
3(5693 5691 5713)
3(2187 2507 2506)
3(5159 5478 5479)
3(1629 2176 1627)
3(4601 4599 5148)
3(2448 2513 1692)
3(5420 4664 5485)
3(2177 2179 2178)
3(5149 5150 5151)
3(2508 2509 1234)
3(5480 4206 5481)
3(2183 2513 2448)
3(5155 5420 5485)
3(2251 2253 2242)
3(5223 5214 5225)
3(2245 2247 2244)
3(5217 5216 5219)
3(841 844 843)
3(3813 3815 3816)
3(1630 2175 1642)
3(4602 4614 5147)
3(1201 1348 1202)
3(4173 4174 4320)
3(1202 1203 1198)
3(4174 4170 4175)
3(1259 1352 1197)
3(4231 4169 4324)
3(1612 1615 1614)
3(4584 4586 4587)
3(2175 2507 2187)
3(5147 5159 5479)
3(2506 2507 1777)
3(5478 4749 5479)
3(2175 2187 1642)
3(5147 4614 5159)
3(2722 2723 2721)
3(5694 5693 5695)
3(1628 2175 1630)
3(4600 4602 5147)
3(2179 2180 2178)
3(5151 5150 5152)
3(2245 2248 2247)
3(5217 5219 5220)
3(2251 2280 2253)
3(5223 5225 5252)
3(1756 2177 2176)
3(4728 5148 5149)
3(1202 1204 1203)
3(4174 4175 4176)
3(1259 1560 1352)
3(4231 4324 4532)
3(1201 1589 1348)
3(4173 4320 4561)
3(2722 2724 2723)
3(5694 5695 5696)
3(2179 2181 2180)
3(5151 5152 5153)
3(1651 2316 1647)
3(4623 4619 5288)
3(2280 2281 2253)
3(5252 5225 5253)
3(2248 2370 2247)
3(5220 5219 5342)
3(1649 2462 2188)
3(4621 5160 5434)
3(1644 2187 1667)
3(4616 4639 5159)
3(1642 2187 1644)
3(4614 4616 5159)
3(2186 2316 1662)
3(5158 4634 5288)
3(2188 2192 1649)
3(5160 4621 5164)
3(1204 1205 1203)
3(4176 4175 4177)
3(2189 2192 2188)
3(5161 5160 5164)
3(1662 2316 1651)
3(4634 4623 5288)
3(1647 2316 1649)
3(4619 4621 5288)
3(2316 2462 1649)
3(5288 4621 5434)
3(1742 2192 2189)
3(4714 5161 5164)
3(2722 2761 2724)
3(5694 5696 5733)
3(2724 2725 2723)
3(5696 5695 5697)
3(1742 2503 2190)
3(4714 5162 5475)
3(2189 2503 1742)
3(5161 4714 5475)
3(2181 2182 2180)
3(5153 5152 5154)
3(2179 2184 2181)
3(5151 5153 5156)
3(2248 2371 2370)
3(5220 5342 5343)
3(2370 2374 2247)
3(5342 5219 5346)
3(1742 2190 1639)
3(4714 4611 5162)
3(1204 1206 1205)
3(4176 4177 4178)
3(2187 2506 1667)
3(5159 4639 5478)
3(2186 2462 2316)
3(5158 5288 5434)
3(2725 2726 2723)
3(5697 5695 5698)
3(2761 2762 2724)
3(5733 5696 5734)
3(1639 2190 1631)
3(4611 4603 5162)
3(2181 2183 2182)
3(5153 5154 5155)
3(2371 2372 2370)
3(5343 5342 5344)
3(2248 2537 2371)
3(5220 5343 5509)
3(1206 1216 1205)
3(4178 4177 4188)
3(1204 1207 1206)
3(4176 4178 4179)
3(2725 2727 2726)
3(5697 5698 5699)
3(2371 2373 2372)
3(5343 5344 5345)
3(1207 1208 1206)
3(4179 4178 4180)
3(1635 2191 1640)
3(4607 4612 5163)
3(1216 1222 1205)
3(4188 4177 4194)
3(2190 2503 2191)
3(5162 5163 5475)
3(2191 2198 1640)
3(5163 4612 5170)
3(2727 2744 2726)
3(5699 5698 5716)
3(2725 2728 2727)
3(5697 5699 5700)
3(1633 2191 1635)
3(4605 4607 5163)
3(2373 2435 2372)
3(5345 5344 5407)
3(1207 1209 1208)
3(4179 4180 4181)
3(1216 1223 1222)
3(4188 4194 4195)
3(1655 2365 1636)
3(4627 4608 5337)
3(1649 2192 1645)
3(4621 4617 5164)
3(2207 2481 2197)
3(5179 5169 5453)
3(1557 2498 1553)
3(4529 4525 5470)
3(1397 2327 2196)
3(4369 5168 5299)
3(1389 2321 2193)
3(4361 5165 5293)
3(1669 2365 1655)
3(4641 4627 5337)
3(2728 2729 2727)
3(5700 5699 5701)
3(2193 2321 1557)
3(5165 4529 5293)
3(1523 2197 1459)
3(4495 4431 5169)
3(1552 2498 2477)
3(4524 5449 5470)
3(1270 2318 1274)
3(4242 4246 5290)
3(2321 2498 1557)
3(5293 4529 5470)
3(2756 2779 2732)
3(5728 5704 5751)
3(1636 2365 1634)
3(4608 4606 5337)
3(2441 2461 2369)
3(5413 5341 5433)
3(2196 2364 1397)
3(5168 4369 5336)
3(2304 2425 1667)
3(5276 4639 5397)
3(1551 2195 1548)
3(4523 4520 5167)
3(1328 2201 1296)
3(4300 4268 5173)
3(2196 2327 1507)
3(5168 4479 5299)
3(1645 2192 1643)
3(4617 4615 5164)
3(1523 2207 2197)
3(4495 5169 5179)
3(2433 2461 2441)
3(5405 5413 5433)
3(2342 2453 2452)
3(5314 5424 5425)
3(2342 2452 2199)
3(5314 5171 5424)
3(1381 2481 2207)
3(4353 5179 5453)
3(1290 2303 1324)
3(4262 4296 5275)
3(1400 2476 1401)
3(4372 4373 5448)
3(2427 2428 1263)
3(5399 4235 5400)
3(1674 2307 1672)
3(4646 4644 5279)
3(1373 2209 1375)
3(4345 4347 5181)
3(2301 2456 2310)
3(5273 5282 5428)
3(1276 2319 1280)
3(4248 4252 5291)
3(1459 2197 1440)
3(4431 4412 5169)
3(1650 2198 1677)
3(4622 4649 5170)
3(1551 2455 2195)
3(4523 5167 5427)
3(1436 2202 1516)
3(4408 4488 5174)
3(1324 2303 2301)
3(4296 5273 5275)
3(1300 2298 2296)
3(4272 5268 5270)
3(2373 2436 2435)
3(5345 5407 5408)
3(2302 2456 2301)
3(5274 5273 5428)
3(2194 2202 1437)
3(5166 4409 5174)
3(1209 1210 1208)
3(4181 4180 4182)
3(1324 2300 1325)
3(4296 4297 5272)
3(2300 2310 1541)
3(5272 4513 5282)
3(1216 1350 1223)
3(4188 4195 4322)
3(1223 1224 1222)
3(4195 4194 4196)
3(1207 1234 1209)
3(4179 4181 4206)
3(1375 2209 1429)
3(4347 4401 5181)
3(2758 2772 2742)
3(5730 5714 5744)
3(2197 2481 1428)
3(5169 4400 5453)
3(1454 2495 1545)
3(4426 4517 5467)
3(1433 2496 2494)
3(4405 5466 5468)
3(1227 2427 1226)
3(4199 4198 5399)
3(1675 2459 1707)
3(4647 4679 5431)
3(1763 2208 1718)
3(4735 4690 5180)
3(1664 2200 2199)
3(4636 5171 5172)
3(2459 2468 1707)
3(5431 4679 5440)
3(1552 2477 2207)
3(4524 5179 5449)
3(1296 2201 1293)
3(4268 4265 5173)
3(1672 2307 2306)
3(4644 5278 5279)
3(1247 2469 1250)
3(4219 4222 5441)
3(1567 2443 2426)
3(4539 5398 5415)
3(1664 2199 1656)
3(4636 4628 5171)
3(1640 2198 1650)
3(4612 4622 5170)
3(2473 2499 1437)
3(5445 4409 5471)
3(1652 2306 1653)
3(4624 4625 5278)
3(2318 2319 1274)
3(5290 4246 5291)
3(1735 2433 2432)
3(4707 5404 5405)
3(2319 2320 1280)
3(5291 4252 5292)
3(2198 2442 1677)
3(5170 4649 5414)
3(1300 2296 1299)
3(4272 4271 5268)
3(1421 2429 2329)
3(4393 5301 5401)
3(1759 2425 2304)
3(4731 5276 5397)
3(1214 2309 1229)
3(4186 4201 5281)
3(1273 2303 1290)
3(4245 4262 5275)
3(2376 2444 2328)
3(5348 5300 5416)
3(1516 2202 2194)
3(4488 5166 5174)
3(1398 2202 1436)
3(4370 4408 5174)
3(1666 2306 1652)
3(4638 4624 5278)
3(1534 2326 2322)
3(4506 5294 5298)
3(1274 2319 1276)
3(4246 4248 5291)
3(1324 2301 2300)
3(4296 5272 5273)
3(1553 2498 1552)
3(4525 4524 5470)
3(2776 2780 2431)
3(5748 5403 5752)
3(1325 2300 1343)
3(4297 4315 5272)
3(1548 2195 1549)
3(4520 4521 5167)
3(1229 2309 1314)
3(4201 4286 5281)
3(2426 2443 1242)
3(5398 4214 5415)
3(1680 2773 1681)
3(4652 4653 5745)
3(1215 2299 1213)
3(4187 4185 5271)
3(2417 2418 1699)
3(5389 4671 5390)
3(2728 2730 2729)
3(5700 5701 5702)
3(1681 2773 2746)
3(4653 5718 5745)
3(1534 2322 1531)
3(4506 4503 5294)
3(1519 2330 2314)
3(4491 5286 5302)
3(1735 2432 1733)
3(4707 4705 5404)
3(1760 2468 2459)
3(4732 5431 5440)
3(1397 2364 1392)
3(4369 4364 5336)
3(1269 2318 1270)
3(4241 4242 5290)
3(1531 2322 1528)
3(4503 4500 5294)
3(1674 2308 2307)
3(4646 5279 5280)
3(1653 2306 1757)
3(4625 4729 5278)
3(1277 2302 1275)
3(4249 4247 5274)
3(1445 2444 2376)
3(4417 5348 5416)
3(1299 2296 1308)
3(4271 4280 5268)
3(1683 2773 1680)
3(4655 4652 5745)
3(1699 2331 1698)
3(4671 4670 5303)
3(2210 2463 2212)
3(5182 5184 5435)
3(1452 2311 1448)
3(4424 4420 5283)
3(2488 2490 2489)
3(5460 5461 5462)
3(2728 2774 2730)
3(5700 5702 5746)
3(2193 2499 2473)
3(5165 5445 5471)
3(1746 2448 1693)
3(4718 4665 5420)
3(1513 2476 1400)
3(4485 4372 5448)
3(1238 2426 1239)
3(4210 4211 5398)
3(2734 2776 2489)
3(5706 5461 5748)
3(1698 2331 1701)
3(4670 4673 5303)
3(1552 2207 1523)
3(4524 4495 5179)
3(2310 2456 1289)
3(5282 4261 5428)
3(2301 2303 2302)
3(5273 5274 5275)
3(1226 2427 1260)
3(4198 4232 5399)
3(2305 2463 1281)
3(5277 4253 5435)
3(1748 2423 1725)
3(4720 4697 5395)
3(1725 2423 1727)
3(4697 4699 5395)
3(1345 2427 1227)
3(4317 4199 5399)
3(2314 2330 1250)
3(5286 4222 5302)
3(1250 2469 2313)
3(4222 5285 5441)
3(1377 2377 1374)
3(4349 4346 5349)
3(1778 1779 1579)
3(4750 4551 4751)
3(1401 2476 1404)
3(4373 4376 5448)
3(1361 2330 1365)
3(4333 4337 5302)
3(1283 2210 1285)
3(4255 4257 5182)
3(1246 2469 1247)
3(4218 4219 5441)
3(2313 2314 1250)
3(5285 4222 5286)
3(1519 2470 1367)
3(4491 4339 5442)
3(1549 1917 1581)
3(4521 4553 4889)
3(2369 2461 2368)
3(5341 5340 5433)
3(1223 1225 1224)
3(4195 4196 4197)
3(1213 2299 1217)
3(4185 4189 5271)
3(1519 2495 2470)
3(4491 5442 5467)
3(2436 2439 2435)
3(5408 5407 5411)
3(1239 2426 1242)
3(4211 4214 5398)
3(1210 1221 1208)
3(4182 4180 4193)
3(2200 2342 2199)
3(5172 5171 5314)
3(2328 2444 2327)
3(5300 5299 5416)
3(1732 2466 1736)
3(4704 4708 5438)
3(2368 2461 2446)
3(5340 5418 5433)
3(1483 2377 1377)
3(4455 4349 5349)
3(1321 2426 1238)
3(4293 4210 5398)
3(2433 2434 2432)
3(5405 5404 5406)
3(1209 1211 1210)
3(4181 4182 4183)
3(2452 2453 2204)
3(5424 5176 5425)
3(1395 2202 1398)
3(4367 4370 5174)
3(1385 2321 1386)
3(4357 4358 5293)
3(1773 2468 1760)
3(4745 4732 5440)
3(1543 2320 2319)
3(4515 5291 5292)
3(1283 2463 2210)
3(4255 5182 5435)
3(1646 2425 1648)
3(4618 4620 5397)
3(1667 2425 1646)
3(4639 4618 5397)
3(2748 2749 2739)
3(5720 5711 5721)
3(1594 2443 1567)
3(4566 4539 5415)
3(2434 2490 2488)
3(5406 5460 5462)
3(1593 1596 1594)
3(4565 4566 4568)
3(1547 2424 1455)
3(4519 4427 5396)
3(1373 2470 2209)
3(4345 5181 5442)
3(1515 2447 1513)
3(4487 4485 5419)
3(2212 2463 2305)
3(5184 5277 5435)
3(2205 2418 2417)
3(5177 5389 5390)
3(1310 2467 1313)
3(4282 4285 5439)
3(1416 2429 1421)
3(4388 4393 5401)
3(1594 2492 2443)
3(4566 5415 5464)
3(1571 1591 1570)
3(4543 4542 4563)
3(1396 2376 2328)
3(4368 5300 5348)
3(1745 1778 1579)
3(4717 4551 4750)
3(1521 1522 1459)
3(4493 4431 4494)
3(1736 2466 1769)
3(4708 4741 5438)
3(1260 1262 1261)
3(4232 4233 4234)
3(2193 2473 1389)
3(5165 4361 5445)
3(1396 2328 1394)
3(4368 4366 5300)
3(1308 1310 1309)
3(4280 4281 4282)
3(1694 2417 1696)
3(4666 4668 5389)
3(1573 2196 1507)
3(4545 4479 5168)
3(1436 1514 1513)
3(4408 4485 4486)
3(1660 2204 2203)
3(4632 5175 5176)
3(1675 1707 1679)
3(4647 4651 4679)
3(1508 1573 1507)
3(4480 4479 4545)
3(1226 1260 1258)
3(4198 4230 4232)
3(1433 2451 1422)
3(4405 4394 5423)
3(2433 2437 2434)
3(5405 5406 5409)
3(1318 2317 1317)
3(4290 4289 5289)
3(1311 2467 1310)
3(4283 4282 5439)
3(2205 2417 2203)
3(5177 5175 5389)
3(2436 2440 2439)
3(5408 5411 5412)
3(1716 1717 1714)
3(4688 4686 4689)
3(1242 2443 2315)
3(4214 5287 5415)
3(1458 1459 1440)
3(4430 4412 4431)
3(1549 2195 1917)
3(4521 4889 5167)
3(2215 2312 2213)
3(5187 5185 5284)
3(1342 1562 1327)
3(4314 4299 4534)
3(1739 1765 1740)
3(4711 4712 4737)
3(1578 1579 1577)
3(4550 4549 4551)
3(1445 2376 1402)
3(4417 4374 5348)
3(1759 1761 1760)
3(4731 4732 4733)
3(1507 2327 1505)
3(4479 4477 5299)
3(1696 2417 1699)
3(4668 4671 5389)
3(1429 2209 1454)
3(4401 4426 5181)
3(2768 2776 2734)
3(5740 5706 5748)
3(1365 2330 1519)
3(4337 4491 5302)
3(1549 1581 1561)
3(4521 4533 4553)
3(2204 2205 2203)
3(5176 5175 5177)
3(1308 2296 1311)
3(4280 4283 5268)
3(2306 2307 1757)
3(5278 4729 5279)
3(1343 2300 1541)
3(4315 4513 5272)
3(1679 2465 1682)
3(4651 4654 5437)
3(1398 1436 1400)
3(4370 4372 4408)
3(1429 1441 1440)
3(4401 4412 4413)
3(1522 1523 1459)
3(4494 4431 4495)
3(1379 1484 1483)
3(4351 4455 4456)
3(1217 2299 1220)
3(4189 4192 5271)
3(1261 2460 1559)
3(4233 4531 5432)
3(1677 1678 1668)
3(4649 4640 4650)
3(2431 2780 1728)
3(5403 4700 5752)
3(1260 1263 1262)
3(4232 4234 4235)
3(1661 1693 1692)
3(4633 4664 4665)
3(1550 1551 1548)
3(4522 4520 4523)
3(1262 1265 1264)
3(4234 4236 4237)
3(2433 2441 2437)
3(5405 5409 5413)
3(2203 2417 1694)
3(5175 4666 5389)
3(1661 1694 1693)
3(4633 4665 4666)
3(2212 2213 2211)
3(5184 5183 5185)
3(2477 2498 1385)
3(5449 4357 5470)
3(1656 1658 1657)
3(4628 4629 4630)
3(1375 1376 1374)
3(4347 4346 4348)
3(1671 2459 1675)
3(4643 4647 5431)
3(1229 1230 1215)
3(4201 4187 4202)
3(1456 1457 1443)
3(4428 4415 4429)
3(1287 1292 1291)
3(4259 4263 4264)
3(1514 1515 1513)
3(4486 4485 4487)
3(1381 1382 1380)
3(4353 4352 4354)
3(1546 1547 1455)
3(4518 4427 4519)
3(1264 2460 1261)
3(4236 4233 5432)
3(1404 1438 1406)
3(4376 4378 4410)
3(1761 1775 1774)
3(4733 4746 4747)
3(1285 1287 1286)
3(4257 4258 4259)
3(1700 2421 1738)
3(4672 4710 5393)
3(1444 2367 2366)
3(4416 5338 5339)
3(1716 1763 1718)
3(4688 4690 4735)
3(1266 2475 1349)
3(4238 4321 5447)
3(1752 1753 1751)
3(4724 4723 4725)
3(1314 1341 1321)
3(4286 4293 4313)
3(1239 1241 1240)
3(4211 4212 4213)
3(1293 2201 1301)
3(4265 4273 5173)
3(2421 2422 1738)
3(5393 4710 5394)
3(1713 1714 1712)
3(4685 4684 4686)
3(2742 2772 2763)
3(5714 5735 5744)
3(1285 1288 1287)
3(4257 4259 4260)
3(1723 1724 1722)
3(4695 4694 4696)
3(1711 1712 1686)
3(4683 4658 4684)
3(1393 1394 1392)
3(4365 4364 4366)
3(2733 2737 2736)
3(5705 5708 5709)
3(1214 1215 1213)
3(4186 4185 4187)
3(2743 2758 2742)
3(5715 5714 5730)
3(1260 2427 1263)
3(4232 4235 5399)
3(1397 2328 2327)
3(4369 5299 5300)
3(1385 1386 1384)
3(4357 4356 4358)
3(1456 1527 1457)
3(4428 4429 4499)
3(1317 2317 1353)
3(4289 4325 5289)
3(2733 2736 2735)
3(5705 5707 5708)
3(1299 1308 1307)
3(4271 4279 4280)
3(1714 1715 1712)
3(4686 4684 4687)
3(1446 1447 1445)
3(4418 4417 4419)
3(1648 1651 1647)
3(4620 4619 4623)
3(1418 2451 1419)
3(4390 4391 5423)
3(1281 2463 1279)
3(4253 4251 5435)
3(1735 2461 2433)
3(4707 5405 5433)
3(1343 1356 1355)
3(4315 4327 4328)
3(1741 2446 1737)
3(4713 4709 5418)
3(1290 1323 1322)
3(4262 4294 4295)
3(1766 1767 1741)
3(4738 4713 4739)
3(2213 2214 2211)
3(5185 5183 5186)
3(1414 1415 1413)
3(4386 4385 4387)
3(1656 2199 1658)
3(4628 4630 5171)
3(1554 1556 1555)
3(4526 4527 4528)
3(1374 2377 1371)
3(4346 4343 5349)
3(1528 2322 1529)
3(4500 4501 5294)
3(1229 1314 1238)
3(4201 4210 4286)
3(1297 1300 1299)
3(4269 4271 4272)
3(1271 1302 1269)
3(4243 4241 4274)
3(1366 1461 1364)
3(4338 4336 4433)
3(1279 1282 1277)
3(4251 4249 4254)
3(2730 2747 2732)
3(5702 5704 5719)
3(1660 2203 1661)
3(4632 4633 5175)
3(1701 2331 1704)
3(4673 4676 5303)
3(1386 1389 1388)
3(4358 4360 4361)
3(1373 1374 1371)
3(4345 4343 4346)
3(2730 2732 2731)
3(5702 5703 5704)
3(2740 2755 2754)
3(5712 5726 5727)
3(1325 1342 1327)
3(4297 4299 4314)
3(2249 2369 2368)
3(5221 5340 5341)
3(1671 1672 1666)
3(4643 4638 4644)
3(1416 1421 1418)
3(4388 4390 4393)
3(1775 1777 1776)
3(4747 4748 4749)
3(1415 1425 1413)
3(4387 4385 4397)
3(1368 2449 1366)
3(4340 4338 5421)
3(1310 1312 1309)
3(4282 4281 4284)
3(1770 1771 1767)
3(4742 4739 4743)
3(1431 2329 1451)
3(4403 4423 5301)
3(1314 1347 1341)
3(4286 4313 4319)
3(1270 1274 1273)
3(4242 4245 4246)
3(1394 1397 1392)
3(4366 4364 4369)
3(1725 1726 1724)
3(4697 4696 4698)
3(1308 1311 1310)
3(4280 4282 4283)
3(1702 2421 1700)
3(4674 4672 5393)
3(1239 1242 1241)
3(4211 4213 4214)
3(1266 1349 1264)
3(4238 4236 4321)
3(2213 2312 2216)
3(5185 5188 5284)
3(1278 1279 1277)
3(4250 4249 4251)
3(1761 1774 1773)
3(4733 4745 4746)
3(1685 1686 1683)
3(4657 4655 4658)
3(1682 1683 1680)
3(4654 4652 4655)
3(1734 1735 1733)
3(4706 4705 4707)
3(1689 1749 1691)
3(4661 4663 4721)
3(1379 1483 1377)
3(4351 4349 4455)
3(1282 2302 1277)
3(4254 4249 5274)
3(2296 2298 2297)
3(5268 5269 5270)
3(1442 1443 1435)
3(4414 4407 4415)
3(1249 1251 1248)
3(4221 4220 4223)
3(2733 2735 2731)
3(5705 5703 5707)
3(1694 1695 1693)
3(4666 4665 4667)
3(1671 1675 1673)
3(4643 4645 4647)
3(1653 1757 1663)
3(4625 4635 4729)
3(1431 1432 1422)
3(4403 4394 4404)
3(1361 1365 1364)
3(4333 4336 4337)
3(1361 1364 1363)
3(4333 4335 4336)
3(1682 1685 1683)
3(4654 4655 4657)
3(1376 1377 1374)
3(4348 4346 4349)
3(1246 1247 1245)
3(4218 4217 4219)
3(1211 1213 1212)
3(4183 4184 4185)
3(1386 2321 1389)
3(4358 4361 5293)
3(1675 1679 1676)
3(4647 4648 4651)
3(1448 2311 1450)
3(4420 4422 5283)
3(1251 1252 1248)
3(4223 4220 4224)
3(1443 1444 1435)
3(4415 4407 4416)
3(1670 1671 1666)
3(4642 4638 4643)
3(1701 1702 1700)
3(4673 4672 4674)
3(1449 1452 1448)
3(4421 4420 4424)
3(1561 2424 1547)
3(4533 4519 5396)
3(1225 1226 1224)
3(4197 4196 4198)
3(1706 1708 1705)
3(4678 4677 4680)
3(1441 1458 1440)
3(4413 4412 4430)
3(1243 1245 1244)
3(4215 4216 4217)
3(1367 1368 1366)
3(4339 4338 4340)
3(1285 2210 1288)
3(4257 4260 5182)
3(1401 1403 1402)
3(4373 4374 4375)
3(1724 1730 1722)
3(4696 4694 4702)
3(1267 1268 1266)
3(4239 4238 4240)
3(1701 1704 1703)
3(4673 4675 4676)
3(1432 1433 1422)
3(4404 4394 4405)
3(1527 1530 1528)
3(4499 4500 4502)
3(1404 1406 1405)
3(4376 4377 4378)
3(1274 1275 1273)
3(4246 4245 4247)
3(1429 1454 1441)
3(4401 4413 4426)
3(1650 1654 1641)
3(4622 4613 4626)
3(1294 1296 1293)
3(4266 4265 4268)
3(1650 1677 1668)
3(4622 4640 4649)
3(1317 1344 1312)
3(4289 4284 4316)
3(1653 1663 1662)
3(4625 4634 4635)
3(1658 1660 1659)
3(4630 4631 4632)
3(1686 1687 1683)
3(4658 4655 4659)
3(1343 1541 1356)
3(4315 4328 4513)
3(1371 2377 1423)
3(4343 4395 5349)
3(1243 1246 1245)
3(4215 4217 4218)
3(1398 1400 1399)
3(4370 4371 4372)
3(2323 2324 1529)
3(5295 4501 5296)
3(1395 1396 1394)
3(4367 4366 4368)
3(1701 1703 1702)
3(4673 4674 4675)
3(1416 1417 1415)
3(4388 4387 4389)
3(1422 2451 1418)
3(4394 4390 5423)
3(1225 1227 1226)
3(4197 4198 4199)
3(1739 1740 1737)
3(4711 4709 4712)
3(1217 1219 1218)
3(4189 4190 4191)
3(1242 2315 1243)
3(4214 4215 5287)
3(1314 2309 1347)
3(4286 4319 5281)
3(1582 1583 1533)
3(4554 4505 4555)
3(1247 1248 1245)
3(4219 4217 4220)
3(2739 2740 2738)
3(5711 5710 5712)
3(1427 1445 1402)
3(4399 4374 4417)
3(1694 1696 1695)
3(4666 4667 4668)
3(1386 1387 1384)
3(4358 4356 4359)
3(2489 2776 2431)
3(5461 5403 5748)
3(2213 2216 2214)
3(5185 5186 5188)
3(1770 2282 1771)
3(4742 4743 5254)
3(2742 2763 2734)
3(5714 5706 5735)
3(1217 1220 1219)
3(4189 4191 4192)
3(1292 1294 1293)
3(4264 4265 4266)
3(1228 1236 1233)
3(4200 4205 4208)
3(1292 1293 1291)
3(4264 4263 4265)
3(1718 1721 1719)
3(4690 4691 4693)
3(1446 1449 1448)
3(4418 4420 4421)
3(1270 1273 1272)
3(4242 4244 4245)
3(1369 1371 1370)
3(4341 4342 4343)
3(1716 1718 1717)
3(4688 4689 4690)
3(1775 1776 1774)
3(4747 4746 4748)
3(1548 1549 1547)
3(4520 4519 4521)
3(1677 1689 1678)
3(4649 4650 4661)
3(1732 1734 1733)
3(4704 4705 4706)
3(1545 1546 1455)
3(4517 4427 4518)
3(1382 1383 1380)
3(4354 4352 4355)
3(1211 1212 1210)
3(4183 4182 4184)
3(1532 1582 1533)
3(4504 4505 4554)
3(1661 2203 1694)
3(4633 4666 5175)
3(1265 1266 1264)
3(4237 4236 4238)
3(1437 2202 1395)
3(4409 4367 5174)
3(1506 1507 1505)
3(4478 4477 4479)
3(1403 1427 1402)
3(4375 4374 4399)
3(1398 1399 1396)
3(4370 4368 4371)
3(1375 1428 1376)
3(4347 4348 4400)
3(1749 2188 1750)
3(4721 4722 5160)
3(1297 1298 1296)
3(4269 4268 4270)
3(1416 1418 1417)
3(4388 4389 4390)
3(1419 1577 1576)
3(4391 4548 4549)
3(1361 1363 1251)
3(4333 4223 4335)
3(1700 1738 1697)
3(4672 4669 4710)
3(1370 2420 1372)
3(4342 4344 5392)
3(1213 1217 1212)
3(4185 4184 4189)
3(1644 1667 1646)
3(4616 4618 4639)
3(1365 1366 1364)
3(4337 4336 4338)
3(1737 2446 1734)
3(4709 4706 5418)
3(1723 1725 1724)
3(4695 4696 4697)
3(1721 1722 1719)
3(4693 4691 4694)
3(2491 2734 2489)
3(5463 5461 5706)
3(1408 1410 1409)
3(4380 4381 4382)
3(1766 1770 1767)
3(4738 4739 4742)
3(1371 1423 1370)
3(4343 4342 4395)
3(1648 1652 1651)
3(4620 4623 4624)
3(1376 1378 1377)
3(4348 4349 4350)
3(1593 1594 1567)
3(4565 4539 4566)
3(1732 1733 1729)
3(4704 4701 4705)
3(1648 1665 1652)
3(4620 4624 4637)
3(1696 1697 1695)
3(4668 4667 4669)
3(1653 1662 1651)
3(4625 4623 4634)
3(1313 1317 1312)
3(4285 4284 4289)
3(1727 1729 1728)
3(4699 4700 4701)
3(2491 2742 2734)
3(5463 5706 5714)
3(1211 1214 1213)
3(4183 4185 4186)
3(1410 1411 1409)
3(4382 4381 4383)
3(1410 1412 1411)
3(4382 4383 4384)
3(1771 2249 1767)
3(4743 4739 5221)
3(1356 1565 1355)
3(4328 4327 4537)
3(1367 1369 1368)
3(4339 4340 4341)
3(1298 1328 1296)
3(4270 4268 4300)
3(1421 1422 1418)
3(4393 4390 4394)
3(1235 1237 1231)
3(4207 4203 4209)
3(1750 1752 1751)
3(4722 4723 4724)
3(1386 1388 1387)
3(4358 4359 4360)
3(1276 1278 1277)
3(4248 4249 4250)
3(1650 1668 1654)
3(4622 4626 4640)
3(1404 1405 1403)
3(4376 4375 4377)
3(1434 1435 1432)
3(4406 4404 4407)
3(1395 1398 1396)
3(4367 4368 4370)
3(1672 2306 1666)
3(4644 4638 5278)
3(1297 1299 1298)
3(4269 4270 4271)
3(1648 2425 1665)
3(4620 4637 5397)
3(1406 1408 1407)
3(4378 4379 4380)
3(1392 2364 1391)
3(4364 4363 5336)
3(1369 1373 1371)
3(4341 4343 4345)
3(1269 1270 1268)
3(4241 4240 4242)
3(455 2378 170)
3(3427 315 5350)
3(172 445 173)
3(317 318 3417)
3(427 2408 106)
3(3399 251 5380)
3(117 452 118)
3(262 263 3424)
3(164 2414 165)
3(309 310 5386)
3(157 2405 158)
3(302 303 5377)
3(106 2408 107)
3(251 252 5380)
3(107 467 108)
3(252 253 3439)
3(102 447 103)
3(247 248 3419)
3(469 2387 189)
3(3441 334 5359)
3(197 448 198)
3(342 343 3420)
3(98 2404 99)
3(243 244 5376)
3(1638 1655 1636)
3(4610 4608 4627)
3(107 2408 467)
3(252 3439 5380)
3(158 2405 468)
3(303 3440 5377)
3(92 470 93)
3(237 238 3442)
3(97 472 98)
3(242 243 3444)
3(91 2413 92)
3(236 237 5385)
3(190 2387 436)
3(335 3408 5359)
3(95 435 96)
3(240 241 3407)
3(97 2410 472)
3(242 3444 5382)
3(99 2404 429)
3(244 3401 5376)
3(188 469 189)
3(333 334 3441)
3(165 2414 484)
3(310 3456 5386)
3(472 2404 98)
3(3444 243 5376)
3(110 434 111)
3(255 256 3406)
3(189 2387 190)
3(334 335 5359)
3(435 2410 96)
3(3407 241 5382)
3(90 431 91)
3(235 236 3403)
3(431 2413 91)
3(3403 236 5385)
3(434 2403 111)
3(3406 256 5375)
3(112 2403 466)
3(257 3438 5375)
3(92 2413 470)
3(237 3442 5385)
3(105 427 106)
3(250 251 3399)
3(200 426 201)
3(345 346 3398)
3(99 429 100)
3(244 245 3401)
3(174 473 175)
3(319 320 3445)
3(176 430 177)
3(321 322 3402)
3(178 474 179)
3(323 324 3446)
3(194 428 195)
3(339 340 3400)
3(114 443 115)
3(259 260 3415)
3(119 483 120)
3(264 265 3455)
3(165 484 166)
3(310 311 3456)
3(169 455 170)
3(314 315 3427)
3(170 2378 171)
3(315 316 5350)
3(160 444 161)
3(305 306 3416)
3(163 461 164)
3(308 309 3433)
3(182 471 183)
3(327 328 3443)
3(153 449 154)
3(298 299 3421)
3(158 468 159)
3(303 304 3440)
3(156 440 157)
3(301 302 3412)
3(180 437 181)
3(325 326 3409)
3(114 2402 443)
3(259 3415 5374)
3(112 466 113)
3(257 258 3438)
3(148 485 149)
3(293 294 3457)
3(150 456 151)
3(295 296 3428)
3(192 475 193)
3(337 338 3447)
3(96 2410 97)
3(241 242 5382)
3(185 432 186)
3(330 331 3404)
3(190 436 191)
3(335 336 3408)
3(111 2403 112)
3(256 257 5375)
3(461 2414 164)
3(3433 309 5386)
3(466 2402 113)
3(3438 258 5374)
3(440 2405 157)
3(3412 302 5377)
3(1484 1485 1483)
3(4456 4455 4457)
3(1401 1404 1403)
3(4373 4375 4376)
3(452 2416 118)
3(3424 263 5388)
3(113 2402 114)
3(258 259 5374)
3(1524 1552 1523)
3(4496 4495 4524)
3(118 2416 119)
3(263 264 5388)
3(1718 2208 1721)
3(4690 4693 5180)
3(119 2416 483)
3(264 3455 5388)
3(1317 1353 1344)
3(4289 4316 4325)
3(1759 2304 1761)
3(4731 4733 5276)
3(1390 1391 1388)
3(4362 4360 4363)
3(1703 1706 1705)
3(4675 4677 4678)
3(1347 1570 1341)
3(4319 4313 4542)
3(1695 1746 1693)
3(4667 4665 4718)
3(1408 1439 1410)
3(4380 4382 4411)
3(1671 1673 1672)
3(4643 4644 4645)
3(1411 1424 1409)
3(4383 4381 4396)
3(1455 2424 1441)
3(4427 4413 5396)
3(1450 1506 1505)
3(4422 4477 4478)
3(1522 1524 1523)
3(4494 4495 4496)
3(1341 1566 1321)
3(4313 4293 4538)
3(1724 2781 1730)
3(4696 4702 5753)
3(1658 1659 1657)
3(4630 4629 4631)
3(1283 1285 1284)
3(4255 4256 4257)
3(1652 1653 1651)
3(4624 4623 4625)
3(1431 1451 1434)
3(4403 4406 4423)
3(1449 1453 1452)
3(4421 4424 4425)
3(1293 1301 1291)
3(4265 4263 4273)
3(1226 1258 1224)
3(4198 4196 4230)
3(1389 1390 1388)
3(4361 4360 4362)
3(1685 1711 1686)
3(4657 4658 4683)
3(1436 1516 1514)
3(4408 4486 4488)
3(1705 1710 1702)
3(4677 4674 4682)
3(1219 1231 1218)
3(4191 4190 4203)
3(1274 1276 1275)
3(4246 4247 4248)
3(2730 2731 2729)
3(5702 5701 5703)
3(1393 1395 1394)
3(4365 4366 4367)
3(1308 1309 1307)
3(4280 4279 4281)
3(2212 2215 2213)
3(5184 5185 5187)
3(1229 1238 1230)
3(4201 4202 4210)
3(1656 1657 1655)
3(4628 4627 4629)
3(1665 1670 1666)
3(4637 4638 4642)
3(1752 1754 1753)
3(4724 4725 4726)
3(1279 1283 1282)
3(4251 4254 4255)
3(1638 1664 1656)
3(4610 4628 4636)
3(1725 1727 1726)
3(4697 4698 4699)
3(1687 2773 1683)
3(4659 4655 5745)
3(1660 1661 1659)
3(4632 4631 4633)
3(1431 1434 1432)
3(4403 4404 4406)
3(1313 1772 1318)
3(4285 4290 4744)
3(1442 1456 1443)
3(4414 4415 4428)
3(1408 1409 1407)
3(4380 4379 4381)
3(1415 2450 1425)
3(4387 4397 5422)
3(1640 1650 1641)
3(4612 4613 4622)
3(1486 1487 1485)
3(4458 4457 4459)
3(1283 1284 1282)
3(4255 4254 4256)
3(2296 2297 1311)
3(5268 4283 5269)
3(1646 1648 1647)
3(4618 4619 4620)
3(1711 1713 1712)
3(4683 4684 4685)
3(1303 1304 1302)
3(4275 4274 4276)
3(1647 1649 1645)
3(4619 4617 4621)
3(2491 2743 2742)
3(5463 5714 5715)
3(1260 1261 1258)
3(4232 4230 4233)
3(1267 1271 1269)
3(4239 4241 4243)
3(1401 1402 1399)
3(4373 4371 4374)
3(1232 1235 1231)
3(4204 4203 4207)
3(1292 1295 1294)
3(4264 4266 4267)
3(1249 1361 1251)
3(4221 4223 4333)
3(1703 1705 1702)
3(4675 4674 4677)
3(1444 2366 1435)
3(4416 4407 5338)
3(1375 1429 1428)
3(4347 4400 4401)
3(1698 1700 1697)
3(4670 4669 4672)
3(1635 1640 1637)
3(4607 4609 4612)
3(1546 1548 1547)
3(4518 4519 4520)
3(2301 2310 2300)
3(5273 5272 5282)
3(2490 2491 2489)
3(5462 5461 5463)
3(1530 1532 1531)
3(4502 4503 4504)
3(1516 1518 1517)
3(4488 4489 4490)
3(1532 1533 1531)
3(4504 4503 4505)
3(1262 1264 1261)
3(4234 4233 4236)
3(1414 1416 1415)
3(4386 4387 4388)
3(1566 1567 1321)
3(4538 4293 4539)
3(1421 1431 1422)
3(4393 4394 4403)
3(1446 1448 1447)
3(4418 4419 4420)
3(1698 1701 1700)
3(4670 4672 4673)
3(1682 1764 1685)
3(4654 4657 4736)
3(1239 1240 1230)
3(4211 4202 4212)
3(1554 1555 1553)
3(4526 4525 4527)
3(1285 1286 1284)
3(4257 4256 4258)
3(1412 1414 1413)
3(4384 4385 4386)
3(1434 1442 1435)
3(4406 4407 4414)
3(1214 1229 1215)
3(4186 4187 4201)
3(1533 1534 1531)
3(4505 4503 4506)
3(1313 1318 1317)
3(4285 4289 4290)
3(1546 1550 1548)
3(4518 4520 4522)
3(1640 1641 1637)
3(4612 4609 4613)
3(1696 1699 1698)
3(4668 4670 4671)
3(1713 1716 1714)
3(4685 4686 4688)
3(1661 1692 1659)
3(4633 4631 4664)
3(1578 1745 1579)
3(4550 4551 4717)
3(1267 1269 1268)
3(4239 4240 4241)
3(1393 1437 1395)
3(4365 4367 4409)
3(1727 1728 1726)
3(4699 4698 4700)
3(1217 1218 1212)
3(4189 4184 4190)
3(2732 2733 2731)
3(5704 5703 5705)
3(1721 1723 1722)
3(4693 4694 4695)
3(1378 1379 1377)
3(4350 4349 4351)
3(2437 2438 2434)
3(5409 5406 5410)
3(1373 1375 1374)
3(4345 4346 4347)
3(1448 1450 1447)
3(4420 4419 4422)
3(1680 1681 1676)
3(4652 4648 4653)
3(1689 1691 1690)
3(4661 4662 4663)
3(1689 1690 1678)
3(4661 4650 4662)
3(1732 1736 1734)
3(4704 4706 4708)
3(1637 1638 1636)
3(4609 4608 4610)
3(1390 1393 1392)
3(4362 4364 4365)
3(2216 2217 2214)
3(5188 5186 5189)
3(1749 2189 2188)
3(4721 5160 5161)
3(1382 1384 1383)
3(4354 4355 4356)
3(1287 1291 1286)
3(4259 4258 4263)
3(1265 1267 1266)
3(4237 4238 4239)
3(2737 2739 2738)
3(5709 5710 5711)
3(1727 1731 1729)
3(4699 4701 4703)
3(1314 1321 1238)
3(4286 4210 4293)
3(1278 1281 1279)
3(4250 4251 4253)
3(1228 1233 1227)
3(4200 4199 4205)
3(2736 2751 2735)
3(5708 5707 5723)
3(1233 1345 1227)
3(4205 4199 4317)
3(1665 1759 1670)
3(4637 4642 4731)
3(1273 1290 1272)
3(4245 4244 4262)
3(1276 1277 1275)
3(4248 4247 4249)
3(1225 1228 1227)
3(4197 4199 4200)
3(1276 1280 1278)
3(4248 4250 4252)
3(1419 1576 1417)
3(4391 4389 4548)
3(1740 1766 1741)
3(4712 4713 4738)
3(1407 1420 1405)
3(4379 4377 4392)
3(1673 1674 1672)
3(4645 4644 4646)
3(2737 2748 2739)
3(5709 5711 5720)
3(1736 1769 1739)
3(4708 4711 4741)
3(1723 1748 1725)
3(4695 4697 4720)
3(1370 1372 1368)
3(4342 4340 4344)
3(1665 1666 1652)
3(4637 4624 4638)
3(1736 1739 1737)
3(4708 4709 4711)
3(1402 2376 1399)
3(4374 4371 5348)
3(1638 1656 1655)
3(4610 4627 4628)
3(1679 1682 1680)
3(4651 4652 4654)
3(1382 1385 1384)
3(4354 4356 4357)
3(1369 1370 1368)
3(4341 4340 4342)
3(1418 1419 1417)
3(4390 4389 4391)
3(1219 1232 1231)
3(4191 4203 4204)
3(1530 1531 1528)
3(4502 4500 4503)
3(1727 2423 1731)
3(4699 4703 5395)
3(2217 2252 2214)
3(5189 5186 5224)
3(1693 2448 1692)
3(4665 4664 5420)
3(1450 1505 1447)
3(4422 4419 4477)
3(1736 1737 1734)
3(4708 4706 4709)
3(1324 1325 1323)
3(4296 4295 4297)
3(2730 2774 2747)
3(5702 5719 5746)
3(1270 1272 1268)
3(4242 4240 4244)
3(1365 1367 1366)
3(4337 4338 4339)
3(1412 1413 1411)
3(4384 4383 4385)
3(1290 1324 1323)
3(4262 4295 4296)
3(1399 2376 1396)
3(4371 4368 5348)
3(1417 2450 1415)
3(4389 4387 5422)
3(1299 1307 1298)
3(4271 4270 4279)
3(2210 2211 1288)
3(5182 4260 5183)
3(1454 1545 1455)
3(4426 4427 4517)
3(1378 1380 1379)
3(4350 4351 4352)
3(1365 1519 1367)
3(4337 4339 4491)
3(1646 1647 1645)
3(4618 4617 4619)
3(1247 1249 1248)
3(4219 4220 4221)
3(1304 1543 1302)
3(4276 4274 4515)
3(1710 2421 1702)
3(4682 4674 5393)
3(2210 2212 2211)
3(5182 5183 5184)
3(1731 1732 1729)
3(4703 4701 4704)
3(1228 1256 1236)
3(4200 4208 4228)
3(1719 1720 1717)
3(4691 4689 4692)
3(1419 1578 1577)
3(4391 4549 4550)
3(1390 1392 1391)
3(4362 4363 4364)
3(1681 2746 2472)
3(4653 5444 5718)
3(1372 2449 1368)
3(4344 4340 5421)
3(1238 1239 1230)
3(4210 4202 4211)
3(2494 2496 1781)
3(5466 4753 5468)
3(1524 1553 1552)
3(4496 4524 4525)
3(1750 1751 1691)
3(4722 4663 4723)
3(1558 2193 1557)
3(4530 4529 5165)
3(2282 2283 1771)
3(5254 4743 5255)
3(1209 2501 1211)
3(4181 4183 5473)
3(2323 2325 2324)
3(5295 5296 5297)
3(1549 1561 1547)
3(4521 4519 4533)
3(1524 1554 1553)
3(4496 4525 4526)
3(1247 1250 1249)
3(4219 4221 4222)
3(2763 2768 2734)
3(5735 5706 5740)
3(1555 1557 1553)
3(4527 4525 4529)
3(1412 1426 1414)
3(4384 4386 4398)
3(1567 2426 1321)
3(4539 4293 5398)
3(1457 2483 1443)
3(4429 4415 5455)
3(1484 1486 1485)
3(4456 4457 4458)
3(1406 1407 1405)
3(4378 4377 4379)
3(1752 2186 1754)
3(4724 4726 5158)
3(1718 1719 1717)
3(4690 4689 4691)
3(2315 2478 1246)
3(5287 4218 5450)
3(1271 1305 1303)
3(4243 4275 4277)
3(1243 1244 1241)
3(4215 4213 4216)
3(1675 1676 1673)
3(4647 4645 4648)
3(1711 1768 1713)
3(4683 4685 4740)
3(2447 2476 1513)
3(5419 4485 5448)
3(1378 1381 1380)
3(4350 4352 4353)
3(2455 2492 1594)
3(5427 4566 5464)
3(1696 1698 1697)
3(4668 4669 4670)
3(1644 1646 1645)
3(4616 4617 4618)
3(1677 2442 1689)
3(4649 4661 5414)
3(1749 1750 1691)
3(4721 4663 4722)
3(1343 1355 1342)
3(4315 4314 4327)
3(1286 1289 1284)
3(4258 4256 4261)
3(1242 1243 1241)
3(4214 4213 4215)
3(1759 1760 1670)
3(4731 4642 4732)
3(1442 1460 1456)
3(4414 4428 4432)
3(1429 1440 1428)
3(4401 4400 4412)
3(1635 1637 1636)
3(4607 4608 4609)
3(2746 2767 2472)
3(5718 5444 5739)
3(1555 1558 1557)
3(4527 4529 4530)
3(1657 1669 1655)
3(4629 4627 4641)
3(1458 2486 1521)
3(4430 4493 5458)
3(1432 2366 1433)
3(4404 4405 5338)
3(1325 1343 1342)
3(4297 4314 4315)
3(2737 2738 2736)
3(5709 5708 5710)
3(1400 1401 1399)
3(4372 4371 4373)
3(1707 2465 1679)
3(4679 4651 5437)
3(2322 2326 2323)
3(5294 5295 5298)
3(1541 1542 1356)
3(4513 4328 4514)
3(1447 2444 1445)
3(4419 4417 5416)
3(1435 2366 1432)
3(4407 4404 5338)
3(1454 1455 1441)
3(4426 4413 4427)
3(1421 2329 1431)
3(4393 4403 5301)
3(1366 2449 1461)
3(4338 4433 5421)
3(2768 2777 2776)
3(5740 5748 5749)
3(1740 1741 1737)
3(4712 4709 4713)
3(2421 2464 2422)
3(5393 5394 5436)
3(1427 1446 1445)
3(4399 4417 4418)
3(1682 2465 1764)
3(4654 4736 5437)
3(1290 1322 1272)
3(4262 4244 4294)
3(1506 1508 1507)
3(4478 4479 4480)
3(1665 2425 1759)
3(4637 4731 5397)
3(1249 2330 1361)
3(4221 4333 5302)
3(2424 2486 1458)
3(5396 4430 5458)
3(1566 1593 1567)
3(4538 4539 4565)
3(1436 1513 1400)
3(4408 4372 4485)
3(2740 2754 2738)
3(5712 5710 5726)
3(2747 2756 2732)
3(5719 5704 5728)
3(1423 2420 1370)
3(4395 4342 5392)
3(1310 1313 1312)
3(4282 4284 4285)
3(1516 1517 1514)
3(4488 4486 4489)
3(1294 1297 1296)
3(4266 4268 4269)
3(1679 1680 1676)
3(4651 4648 4652)
3(1546 2313 1550)
3(4518 4522 5285)
3(1345 2428 2427)
3(4317 5399 5400)
3(1761 1773 1760)
3(4733 4732 4745)
3(1545 2495 2314)
3(4517 5286 5467)
3(1545 2313 1546)
3(4517 4518 5285)
3(1325 1327 1323)
3(4297 4295 4299)
3(1458 1521 1459)
3(4430 4431 4493)
3(2368 2446 1741)
3(5340 4713 5418)
3(1745 1781 1780)
3(4717 4752 4753)
3(1440 2197 1428)
3(4412 4400 5169)
3(2322 2323 1529)
3(5294 4501 5295)
3(1347 1571 1570)
3(4319 4542 4543)
3(1528 1529 1457)
3(4500 4429 4501)
3(2430 2488 2431)
3(5402 5403 5460)
3(2212 2305 2215)
3(5184 5187 5277)
3(2320 2458 1280)
3(5292 4252 5430)
3(1271 1303 1302)
3(4243 4274 4275)
3(1309 1351 1307)
3(4281 4279 4323)
3(1670 2459 1671)
3(4642 4643 5431)
3(2732 2779 2733)
3(5704 5705 5751)
3(1516 2194 1518)
3(4488 4490 5166)
3(1261 1559 1258)
3(4233 4230 4531)
3(1243 2315 1246)
3(4215 4218 5287)
3(2432 2488 2430)
3(5404 5402 5460)
3(2249 2368 1767)
3(5221 4739 5340)
3(1757 1758 1663)
3(4729 4635 4730)
3(1437 2499 2194)
3(4409 5166 5471)
3(1734 2446 1735)
3(4706 4707 5418)
3(2774 2775 2747)
3(5746 5719 5747)
3(1428 2481 1376)
3(4400 4348 5453)
3(1681 2472 2471)
3(4653 5443 5444)
3(1576 2450 1417)
3(4548 4389 5422)
3(1433 2494 2451)
3(4405 5423 5466)
3(1349 2460 1264)
3(4321 4236 5432)
3(1419 2451 1578)
3(4391 4550 5423)
3(1313 2467 1772)
3(4285 4744 5439)
3(1394 2328 1397)
3(4366 4369 5300)
3(1745 1780 1778)
3(4717 4750 4752)
3(1527 1528 1457)
3(4499 4429 4500)
3(1657 2445 1669)
3(4629 4641 5417)
3(1279 2463 1283)
3(4251 4255 5435)
3(2302 2303 1275)
3(5274 4247 5275)
3(1752 2462 2186)
3(4724 5158 5434)
3(1250 2330 1249)
3(4222 4221 5302)
3(1246 2478 2469)
3(4218 5441 5450)
3(1275 2303 1273)
3(4247 4245 5275)
3(1441 2424 1458)
3(4413 4430 5396)
3(1689 2442 1749)
3(4661 4721 5414)
3(2209 2495 1454)
3(5181 4426 5467)
3(1505 2444 1447)
3(4477 4419 5416)
3(1529 2483 1457)
3(4501 4429 5455)
3(1367 2470 1369)
3(4339 4341 5442)
3(1443 2483 1444)
3(4415 4416 5455)
3(1558 2500 2499)
3(4530 5471 5472)
3(1545 2314 2313)
3(4517 5285 5286)
3(1761 2304 1775)
3(4733 4747 5276)
3(1644 1645 1643)
3(4616 4615 4617)
3(2438 2490 2434)
3(5410 5406 5462)
3(1635 1636 1634)
3(4607 4606 4608)
3(1731 2466 1732)
3(4703 4704 5438)
3(2327 2444 1505)
3(5299 4477 5416)
3(1543 2319 2318)
3(4515 5290 5291)
3(1228 2497 1256)
3(4200 4228 5469)
3(1634 2365 1756)
3(4606 4728 5337)
3(1234 2501 1209)
3(4206 4181 5473)
3(1710 2464 2421)
3(4682 5393 5436)
3(2501 2502 2309)
3(5473 5281 5474)
3(2314 2495 1519)
3(5286 4491 5467)
3(1369 2470 1373)
3(4341 4345 5442)
3(1767 2368 1741)
3(4739 4713 5340)
3(1350 2497 1223)
3(4322 4195 5469)
3(1643 2192 1742)
3(4615 4714 5164)
3(1210 2484 1221)
3(4182 4193 5456)
3(2199 2452 1658)
3(5171 4630 5424)
3(2446 2461 1735)
3(5418 4707 5433)
3(1322 2475 1272)
3(4294 4244 5447)
3(1681 2471 1676)
3(4653 4648 5443)
3(1760 2459 1670)
3(4732 4642 5431)
3(1749 2442 2189)
3(4721 5161 5414)
3(1282 2456 2302)
3(4254 5274 5428)
3(2430 2431 1728)
3(5402 4700 5403)
3(1733 2432 2430)
3(4705 5402 5404)
3(1596 2455 1594)
3(4568 4566 5427)
3(1438 2476 2447)
3(4410 5419 5448)
3(1223 2497 1225)
3(4195 4197 5469)
3(1393 2473 1437)
3(4365 4409 5445)
3(1550 2478 1551)
3(4522 4523 5450)
3(2313 2469 1550)
3(5285 4522 5441)
3(1673 2471 1674)
3(4645 4646 5443)
3(2188 2462 1750)
3(5160 4722 5434)
3(1768 2479 1713)
3(4740 4685 5451)
3(1660 2452 2204)
3(4632 5176 5424)
3(1404 2476 1438)
3(4376 4410 5448)
3(2470 2495 2209)
3(5442 5181 5467)
3(2443 2492 2315)
3(5415 5287 5464)
3(1268 2475 1266)
3(4240 4238 5447)
3(1750 2462 1752)
3(4722 4724 5434)
3(1414 2429 1416)
3(4386 4388 5401)
3(2731 2784 2729)
3(5703 5701 5756)
3(1302 2318 1269)
3(4274 4241 5290)
3(1659 2445 1657)
3(4631 4629 5417)
3(1234 2502 2501)
3(4206 5473 5474)
3(1272 2475 1268)
3(4244 4240 5447)
3(1692 2445 1659)
3(4664 4631 5417)
3(2366 2496 1433)
3(5338 4405 5468)
3(1658 2452 1660)
3(4630 4632 5424)
3(1442 2480 1460)
3(4414 4432 5452)
3(1676 2471 1673)
3(4648 4645 5443)
3(1451 2480 1434)
3(4423 4406 5452)
3(1426 2429 1414)
3(4398 4386 5401)
3(1543 2318 1302)
3(4515 4274 5290)
3(1212 2484 1210)
3(4184 4182 5456)
3(2324 2483 1529)
3(5296 4501 5455)
3(2756 2782 2779)
3(5728 5751 5754)
3(1385 2498 2321)
3(4357 5293 5470)
3(1561 2486 2424)
3(4533 5396 5458)
3(1214 2501 2309)
3(4186 5281 5473)
3(2488 2489 2431)
3(5460 5403 5461)
3(2315 2492 2478)
3(5287 5450 5464)
3(2736 2778 2751)
3(5708 5723 5750)
3(2777 2780 2776)
3(5749 5748 5752)
3(1278 2457 1281)
3(4250 4253 5429)
3(2434 2488 2432)
3(5406 5404 5460)
3(1434 2480 1442)
3(4406 4414 5452)
3(2499 2500 2194)
3(5471 5166 5472)
3(1289 2456 1284)
3(4261 4256 5428)
3(1389 2473 1390)
3(4361 4362 5445)
3(2754 2778 2738)
3(5726 5710 5750)
3(1559 2487 1258)
3(4531 4230 5459)
3(1280 2458 2457)
3(4252 5429 5430)
3(1716 2479 1763)
3(4688 4735 5451)
3(1284 2456 1282)
3(4256 4254 5428)
3(1351 2493 1307)
3(4323 4279 5465)
3(2469 2478 1550)
3(5441 4522 5450)
3(1558 2499 2193)
3(4530 5165 5471)
3(1713 2479 1716)
3(4685 4688 5451)
3(1729 2430 1728)
3(4701 4700 5402)
3(1224 2487 1222)
3(4196 4194 5459)
3(1225 2497 1228)
3(4197 4200 5469)
3(1211 2501 1214)
3(4183 4186 5473)
3(1733 2430 1729)
3(4705 4701 5402)
3(1218 2484 1212)
3(4190 4184 5456)
3(2367 2496 2366)
3(5339 5338 5468)
3(2207 2477 1381)
3(5179 4353 5449)
3(1307 2493 1298)
3(4279 4270 5465)
3(1765 2482 1740)
3(4737 4712 5454)
3(1745 2494 1781)
3(4717 4753 5466)
3(2735 2784 2731)
3(5707 5703 5756)
3(2738 2778 2736)
3(5710 5708 5750)
3(1740 2482 1766)
3(4712 4738 5454)
3(2451 2494 1578)
3(5423 4550 5466)
3(1390 2473 1393)
3(4362 4365 5445)
3(1258 2487 1224)
3(4230 4196 5459)
3(1551 2492 2455)
3(4523 5427 5464)
3(2478 2492 1551)
3(5450 4523 5464)
3(1578 2494 1745)
3(4550 4717 5466)
3(1280 2457 1278)
3(4252 4250 5429)
3(1381 2477 1382)
3(4353 4354 5449)
3(1726 2781 1724)
3(4698 4696 5753)
3(1382 2477 1385)
3(4354 4357 5449)
3(1298 2493 1328)
3(4270 4300 5465)
3(1643 1742 1639)
3(4615 4611 4714)
3(1634 1756 1632)
3(4606 4604 4728)
3(2190 2191 1633)
3(5162 4605 5163)
3(1633 1635 1634)
3(4605 4606 4607)
3(1642 1644 1643)
3(4614 4615 4616)
3(1728 2780 1726)
3(4700 4698 5752)
3(2309 2502 1347)
3(5281 4319 5474)
3(1327 2485 1323)
3(4299 4295 5457)
3(1347 2502 1571)
3(4319 4543 5474)
3(1323 2485 1322)
3(4295 4294 5457)
3(2733 2779 2737)
3(5705 5709 5751)
3(2194 2500 1518)
3(5166 4490 5472)
3(2737 2779 2748)
3(5709 5720 5751)
3(1376 2481 1378)
3(4348 4350 5453)
3(1378 2481 1381)
3(4350 4353 5453)
3(2779 2782 2748)
3(5751 5720 5754)
3(2777 2781 2780)
3(5749 5752 5753)
3(2780 2781 1726)
3(5752 4698 5753)
3(2191 2503 2198)
3(5163 5170 5475)
3(2198 2503 2442)
3(5170 5414 5475)
3(1633 1634 1632)
3(4605 4604 4606)
3(1642 1643 1639)
3(4614 4611 4615)
3(1631 2190 1633)
3(4603 4605 5162)
3(2442 2503 2189)
3(5414 5161 5475)
3(1205 2505 1203)
3(4177 4175 5477)
3(2729 2784 2783)
3(5701 5755 5756)
3(2727 2783 2744)
3(5699 5716 5755)
3(2729 2783 2727)
3(5701 5699 5755)
3(1631 1633 1632)
3(4603 4604 4605)
3(1630 1642 1639)
3(4602 4611 4614)
3(1348 2509 2508)
3(4320 5480 5481)
3(1206 2504 1216)
3(4178 4188 5476)
3(1208 2504 1206)
3(4180 4178 5476)
3(1216 2504 1350)
3(4188 4322 5476)
3(1630 1639 1631)
3(4602 4603 4611)
3(1631 1632 1629)
3(4603 4601 4604)
3(1221 2504 1208)
3(4193 4180 5476)
3(2785 2786 2774)
3(5757 5746 5758)
3(1222 2505 1205)
3(4194 4177 5477)
3(1667 2506 2304)
3(4639 5276 5478)
3(1775 2506 1777)
3(4747 4749 5478)
3(2537 2538 2371)
3(5509 5343 5510)
3(2371 2538 2373)
3(5343 5345 5510)
3(2487 2505 1222)
3(5459 4194 5477)
3(1630 1631 1629)
3(4602 4601 4603)
3(2304 2506 1775)
3(5276 4747 5478)
3(2728 2785 2774)
3(5700 5746 5757)
3(2724 2785 2725)
3(5696 5697 5757)
3(2762 2786 2785)
3(5734 5757 5758)
3(2762 2785 2724)
3(5734 5696 5757)
3(2725 2785 2728)
3(5697 5700 5757)
3(2774 2786 2775)
3(5746 5747 5758)
3(1747 2175 1628)
3(4719 4600 5147)
3(1628 1630 1629)
3(4600 4601 4602)
3(2518 2520 1199)
3(5490 4171 5492)
3(1627 2176 1688)
3(4599 4660 5148)
3(1628 1629 1627)
3(4600 4599 4601)
3(1626 1747 1628)
3(4598 4600 4719)
3(1747 2507 2175)
3(4719 5147 5479)
3(1348 2508 1202)
3(4320 4174 5480)
3(445 2385 173)
3(3417 318 5357)
3(1207 2508 1234)
3(4179 4206 5480)
3(1202 2508 1204)
3(4174 4176 5480)
3(1234 2509 2502)
3(4206 5474 5481)
3(2721 2789 2741)
3(5693 5713 5761)
3(1204 2508 1207)
3(4176 4179 5480)
3(1627 1688 1625)
3(4599 4597 4660)
3(1626 1628 1627)
3(4598 4599 4600)
3(2179 2510 2184)
3(5151 5156 5482)
3(2723 2789 2721)
3(5695 5693 5761)
3(2177 2510 2179)
3(5149 5151 5482)
3(2502 2509 1571)
3(5474 4543 5481)
3(1571 2512 1591)
3(4543 4563 5484)
3(2181 2513 2183)
3(5153 5155 5485)
3(1589 2512 1348)
3(4561 4320 5484)
3(2726 2789 2723)
3(5698 5695 5761)
3(1348 2512 2509)
3(4320 5481 5484)
3(2184 2513 2181)
3(5156 5153 5485)
3(2509 2512 1571)
3(5481 4543 5484)
3(1626 1627 1625)
3(4598 4597 4599)
3(1327 2514 2485)
3(4299 5457 5486)
3(868 2511 624)
3(3840 3596 5483)
3(2389 2397 436)
3(5361 3408 5369)
3(626 2515 864)
3(3598 3836 5487)
3(638 2174 636)
3(3610 3608 5146)
3(2380 2381 2378)
3(5352 5350 5353)
3(1562 2514 1327)
3(4534 4299 5486)
3(2383 2385 445)
3(5355 3417 5357)
3(1623 1626 1625)
3(4595 4597 4598)
3(2239 2583 2236)
3(5211 5208 5555)
3(1560 2533 2485)
3(4532 5457 5505)
3(2378 2381 171)
3(5350 316 5353)
3(714 748 638)
3(3686 3610 3720)
3(2505 2518 1203)
3(5477 4175 5490)
3(1011 1076 893)
3(3983 3865 4048)
3(1198 2518 1196)
3(4170 4168 5490)
3(2008 2010 2009)
3(4980 4981 4982)
3(2487 2520 2505)
3(5459 5477 5492)
3(1196 2518 1199)
3(4168 4171 5490)
3(844 846 845)
3(3816 3817 3818)
3(732 735 734)
3(3704 3706 3707)
3(867 893 618)
3(3839 3590 3865)
3(1128 2525 987)
3(4100 3959 5497)
3(1623 1625 1624)
3(4595 4596 4597)
3(436 2397 191)
3(3408 336 5369)
3(1050 2517 879)
3(4022 3851 5489)
3(696 727 726)
3(3668 3698 3699)
3(1051 1052 1050)
3(4023 4022 4024)
3(1203 2518 1198)
3(4175 4170 5490)
3(836 837 835)
3(3808 3807 3809)
3(906 987 857)
3(3878 3829 3959)
3(857 2525 853)
3(3829 3825 5497)
3(905 1137 1136)
3(3877 4108 4109)
3(840 841 839)
3(3812 3811 3813)
3(864 865 712)
3(3836 3684 3837)
3(852 856 855)
3(3824 3827 3828)
3(853 2525 854)
3(3825 3826 5497)
3(909 911 753)
3(3881 3725 3883)
3(646 650 647)
3(3618 3619 3622)
3(1037 1901 1899)
3(4009 4871 4873)
3(1141 1142 990)
3(4113 3962 4114)
3(866 888 865)
3(3838 3837 3860)
3(1059 1127 987)
3(4031 3959 4099)
3(702 869 868)
3(3674 3840 3841)
3(2460 2528 1559)
3(5432 4531 5500)
3(1559 2520 2487)
3(4531 5459 5492)
3(1052 2170 1050)
3(4024 4022 5142)
3(2485 2533 1322)
3(5457 4294 5505)
3(2475 2533 1349)
3(5447 4321 5505)
3(846 848 847)
3(3818 3819 3820)
3(906 1059 987)
3(3878 3959 4031)
3(717 749 719)
3(3689 3691 3721)
3(623 624 621)
3(3595 3593 3596)
3(1074 1075 888)
3(4046 3860 4047)
3(2240 2524 2241)
3(5212 5213 5496)
3(1137 1187 1136)
3(4109 4108 4159)
3(1349 2535 2460)
3(4321 5432 5507)
3(848 850 849)
3(3820 3821 3822)
3(997 1121 911)
3(3969 3883 4093)
3(2392 2397 2389)
3(5364 5361 5369)
3(1199 2528 1259)
3(4171 4231 5500)
3(997 1963 1889)
3(3969 4861 4935)
3(863 1014 1004)
3(3835 3976 3986)
3(2090 2093 2091)
3(5062 5063 5065)
3(905 1136 906)
3(3877 3878 4108)
3(905 906 857)
3(3877 3829 3878)
3(1049 1050 879)
3(4021 3851 4022)
3(1014 1016 1015)
3(3986 3987 3988)
3(909 997 911)
3(3881 3883 3969)
3(864 2562 866)
3(3836 3838 5534)
3(2075 2078 2076)
3(5047 5048 5050)
3(715 870 861)
3(3687 3833 3842)
3(844 845 843)
3(3816 3815 3817)
3(1016 1018 1017)
3(3988 3989 3990)
3(701 702 624)
3(3673 3596 3674)
3(836 2527 837)
3(3808 3809 5499)
3(650 695 651)
3(3622 3623 3667)
3(2241 2524 2245)
3(5213 5217 5496)
3(997 1889 1121)
3(3969 4093 4861)
3(640 689 639)
3(3612 3611 3661)
3(1020 1129 1019)
3(3992 3991 4101)
3(622 626 625)
3(3594 3597 3598)
3(745 2550 742)
3(3717 3714 5522)
3(855 905 857)
3(3827 3829 3877)
3(861 909 753)
3(3833 3725 3881)
3(853 854 851)
3(3825 3823 3826)
3(710 2561 1000)
3(3682 3972 5533)
3(728 731 730)
3(3700 3702 3703)
3(1020 1190 1129)
3(3992 4101 4162)
3(2520 2528 1199)
3(5492 4171 5500)
3(626 712 627)
3(3598 3599 3684)
3(863 2154 1014)
3(3835 3986 5126)
3(846 847 845)
3(3818 3817 3819)
3(861 910 909)
3(3833 3881 3882)
3(1069 1070 878)
3(4041 3850 4042)
3(2056 2057 2054)
3(5028 5026 5029)
3(1065 2562 2536)
3(4037 5508 5534)
3(1017 1019 1015)
3(3989 3987 3991)
3(737 2553 734)
3(3709 3706 5525)
3(764 765 762)
3(3736 3734 3737)
3(1086 1087 898)
3(4058 3870 4059)
3(715 861 753)
3(3687 3725 3833)
3(1017 1020 1019)
3(3989 3991 3992)
3(1130 1131 1070)
3(4102 4042 4103)
3(1176 1177 1175)
3(4148 4147 4149)
3(715 753 700)
3(3687 3672 3725)
3(848 849 847)
3(3820 3819 3821)
3(729 2545 726)
3(3701 3698 5517)
3(855 857 853)
3(3827 3825 3829)
3(2989 3036 1101)
3(5961 4073 6008)
3(626 627 625)
3(3598 3597 3599)
3(2164 2527 836)
3(5136 3808 5499)
3(627 700 625)
3(3599 3597 3672)
3(987 2525 857)
3(3959 3829 5497)
3(863 1004 850)
3(3835 3822 3976)
3(1322 2533 2475)
3(4294 5447 5505)
3(760 761 758)
3(3732 3730 3733)
3(837 839 838)
3(3809 3810 3811)
3(701 1068 878)
3(3673 3850 4040)
3(1014 1015 1004)
3(3986 3976 3987)
3(1054 1176 1175)
3(4026 4147 4148)
3(2460 2535 2528)
3(5432 5500 5507)
3(1016 1017 1015)
3(3988 3987 3989)
3(1179 1180 1052)
3(4151 4024 4152)
3(623 701 624)
3(3595 3596 3673)
3(849 851 847)
3(3821 3819 3823)
3(841 843 842)
3(3813 3814 3815)
3(610 615 614)
3(3582 3586 3587)
3(771 2578 2048)
3(3743 5020 5550)
3(1142 2521 990)
3(4114 3962 5493)
3(627 715 700)
3(3599 3672 3687)
3(852 2530 856)
3(3824 3828 5502)
3(888 988 865)
3(3860 3837 3960)
3(701 878 702)
3(3673 3674 3850)
3(852 855 853)
3(3824 3825 3827)
3(849 852 851)
3(3821 3823 3824)
3(1559 2528 2520)
3(4531 5492 5500)
3(2399 2401 2398)
3(5371 5370 5373)
3(1069 1130 1070)
3(4041 4042 4102)
3(852 853 851)
3(3824 3823 3825)
3(615 618 616)
3(3587 3588 3590)
3(1068 1069 878)
3(4040 3850 4041)
3(2091 2584 2545)
3(5063 5517 5556)
3(912 1099 1098)
3(3884 4070 4071)
3(884 1054 1053)
3(3856 4025 4026)
3(622 625 623)
3(3594 3595 3597)
3(690 721 689)
3(3662 3661 3693)
3(668 671 670)
3(3640 3642 3643)
3(1623 1624 1584)
3(4595 4556 4596)
3(702 2523 869)
3(3674 3841 5495)
3(622 623 621)
3(3594 3593 3595)
3(850 2530 849)
3(3822 3821 5502)
3(841 842 839)
3(3813 3811 3814)
3(1259 2535 1560)
3(4231 4532 5507)
3(1121 2569 911)
3(4093 3883 5541)
3(854 2544 851)
3(3826 3823 5516)
3(1004 2530 850)
3(3976 3822 5502)
3(616 619 614)
3(3588 3586 3591)
3(2592 2596 1022)
3(5564 3994 5568)
3(893 1065 618)
3(3865 3590 4037)
3(620 621 619)
3(3592 3591 3593)
3(1403 2559 1427)
3(4375 4399 5531)
3(1420 2559 1405)
3(4392 4377 5531)
3(2536 2562 2515)
3(5508 5487 5534)
3(883 894 831)
3(3855 3803 3866)
3(2528 2535 1259)
3(5500 4231 5507)
3(1018 2529 1017)
3(3990 3989 5501)
3(715 2531 870)
3(3687 3842 5503)
3(620 622 621)
3(3592 3593 3594)
3(615 616 614)
3(3587 3586 3588)
3(843 884 842)
3(3815 3814 3856)
3(884 990 842)
3(3856 3814 3962)
3(676 684 683)
3(3648 3655 3656)
3(712 2531 627)
3(3684 3599 5503)
3(698 835 834)
3(3670 3806 3807)
3(878 2523 702)
3(3850 3674 5495)
3(1017 2529 1020)
3(3989 3992 5501)
3(837 838 835)
3(3809 3807 3810)
3(1065 2575 2129)
3(4037 5101 5547)
3(1070 2523 878)
3(4042 3850 5495)
3(616 620 619)
3(3588 3591 3592)
3(839 2521 838)
3(3811 3810 5493)
3(845 2526 843)
3(3817 3815 5498)
3(577 2839 2057)
3(3549 5029 5811)
3(849 2530 852)
3(3821 3824 5502)
3(911 2554 753)
3(3883 3725 5526)
3(627 2531 715)
3(3599 3687 5503)
3(865 2534 712)
3(3837 3684 5506)
3(1053 1141 990)
3(4025 3962 4113)
3(768 769 766)
3(3740 3738 3741)
3(2076 2597 2553)
3(5048 5525 5569)
3(1054 1175 1053)
3(4026 4025 4147)
3(610 614 613)
3(3582 3585 3586)
3(610 613 608)
3(3582 3580 3585)
3(736 739 738)
3(3708 3710 3711)
3(700 2532 625)
3(3672 3597 5504)
3(884 1053 990)
3(3856 3962 4025)
3(625 2532 623)
3(3597 3595 5504)
3(608 609 606)
3(3580 3578 3581)
3(623 2532 701)
3(3595 3673 5504)
3(701 2532 1068)
3(3673 4040 5504)
3(842 2521 839)
3(3814 3811 5493)
3(883 1037 991)
3(3855 3963 4009)
3(883 991 894)
3(3855 3866 3963)
3(998 2123 1092)
3(3970 4064 5095)
3(620 2536 2515)
3(3592 5487 5508)
3(604 607 606)
3(3576 3578 3579)
3(1049 1051 1050)
3(4021 4022 4023)
3(700 2554 2532)
3(3672 5504 5526)
3(607 610 608)
3(3579 3580 3582)
3(1037 1899 1814)
3(4009 4786 4871)
3(772 773 770)
3(3744 3742 3745)
3(988 2534 865)
3(3960 3837 5506)
3(597 629 595)
3(3569 3567 3601)
3(835 2547 834)
3(3807 3806 5519)
3(603 2581 2119)
3(3575 5091 5553)
3(712 2534 2531)
3(3684 5503 5506)
3(2096 2097 1058)
3(5068 4030 5069)
3(2532 2554 1068)
3(5504 4040 5526)
3(792 793 790)
3(3764 3762 3765)
3(843 2526 884)
3(3815 3856 5498)
3(645 649 648)
3(3617 3620 3621)
3(1037 1814 991)
3(4009 3963 4786)
3(2094 2584 2091)
3(5066 5063 5556)
3(596 599 598)
3(3568 3570 3571)
3(1004 2551 2530)
3(3976 5502 5523)
3(775 2047 2040)
3(3747 5012 5019)
3(1019 2551 1015)
3(3991 3987 5523)
3(604 605 602)
3(3576 3574 3577)
3(649 698 697)
3(3621 3669 3670)
3(600 601 598)
3(3572 3570 3573)
3(757 2155 722)
3(3729 3694 5127)
3(830 831 714)
3(3802 3686 3803)
3(618 2536 616)
3(3590 3588 5508)
3(755 1071 895)
3(3727 3867 4043)
3(2060 2117 2058)
3(5032 5030 5089)
3(757 2156 2155)
3(3729 5127 5128)
3(600 603 602)
3(3572 3574 3575)
3(2159 2161 2157)
3(5131 5129 5133)
3(607 608 606)
3(3579 3578 3580)
3(637 2549 713)
3(3609 3685 5521)
3(834 880 697)
3(3806 3669 3852)
3(2530 2551 856)
3(5502 3828 5523)
3(2161 2173 2157)
3(5133 5129 5145)
3(1065 2536 618)
3(4037 3590 5508)
3(884 2526 1054)
3(3856 4026 5498)
3(594 595 592)
3(3566 3564 3567)
3(641 1007 643)
3(3613 3615 3979)
3(851 2544 847)
3(3823 3819 5516)
3(847 2544 845)
3(3819 3817 5516)
3(830 883 831)
3(3802 3803 3855)
3(713 714 638)
3(3685 3610 3686)
3(637 638 636)
3(3609 3608 3610)
3(713 881 830)
3(3685 3802 3853)
3(990 2521 842)
3(3962 3814 5493)
3(635 636 633)
3(3607 3605 3608)
3(685 691 687)
3(3657 3659 3663)
3(616 2536 620)
3(3588 3592 5508)
3(604 606 605)
3(3576 3577 3578)
3(912 1022 880)
3(3884 3852 3994)
3(600 602 601)
3(3572 3573 3574)
3(1098 1114 1022)
3(4070 3994 4086)
3(596 598 597)
3(3568 3569 3570)
3(641 642 629)
3(3613 3601 3614)
3(603 604 602)
3(3575 3574 3576)
3(698 834 697)
3(3670 3669 3806)
3(912 1098 1022)
3(3884 3994 4070)
3(630 632 631)
3(3602 3603 3604)
3(838 2547 835)
3(3810 3807 5519)
3(2085 2624 2608)
3(5057 5580 5596)
3(882 1113 998)
3(3854 3970 4085)
3(1015 2551 1004)
3(3987 3976 5523)
3(599 600 598)
3(3571 3570 3572)
3(834 912 880)
3(3806 3852 3884)
3(1005 2608 2171)
3(3977 5143 5580)
3(643 644 642)
3(3615 3614 3616)
3(912 2547 1099)
3(3884 4071 5519)
3(740 743 742)
3(3712 3714 3715)
3(722 2155 721)
3(3694 3693 5127)
3(2090 2091 2088)
3(5062 5060 5063)
3(876 2127 699)
3(3848 3671 5099)
3(593 630 628)
3(3565 3600 3602)
3(1405 2559 1403)
3(4377 4375 5531)
3(649 697 648)
3(3621 3620 3669)
3(753 2554 700)
3(3725 3672 5526)
3(594 596 595)
3(3566 3567 3568)
3(645 646 644)
3(3617 3616 3618)
3(2233 2563 2246)
3(5205 5218 5535)
3(1379 2582 1484)
3(4351 4456 5554)
3(1383 2582 1380)
3(4355 4352 5554)
3(845 2544 2526)
3(3817 5498 5516)
3(2093 2094 2091)
3(5065 5063 5066)
3(834 2547 912)
3(3806 3884 5519)
3(596 597 595)
3(3568 3567 3569)
3(1051 1179 1052)
3(4023 4024 4151)
3(713 830 714)
3(3685 3686 3802)
3(602 2543 601)
3(3574 3573 5515)
3(590 591 588)
3(3562 3560 3563)
3(637 713 638)
3(3609 3610 3685)
3(1884 1885 1882)
3(4856 4854 4857)
3(755 879 695)
3(3727 3667 3851)
3(643 645 644)
3(3615 3616 3617)
3(2242 2583 2239)
3(5214 5211 5555)
3(645 648 646)
3(3617 3618 3620)
3(632 634 633)
3(3604 3605 3606)
3(597 641 629)
3(3569 3601 3613)
3(2235 2563 2233)
3(5207 5205 5535)
3(603 2556 604)
3(3575 3576 5528)
3(631 1008 628)
3(3603 3600 3980)
3(641 643 642)
3(3613 3614 3615)
3(2159 2162 2161)
3(5131 5133 5134)
3(2068 2604 2066)
3(5040 5038 5576)
3(695 2517 696)
3(3667 3668 5489)
3(634 639 635)
3(3606 3607 3611)
3(590 593 592)
3(3562 3564 3565)
3(635 637 636)
3(3607 3608 3609)
3(1054 2579 1176)
3(4026 4148 5551)
3(1888 1905 1886)
3(4860 4858 4877)
3(1071 1072 895)
3(4043 3867 4044)
3(604 2556 607)
3(3576 3579 5528)
3(689 754 639)
3(3661 3611 3726)
3(607 2556 2133)
3(3579 5105 5528)
3(713 2549 881)
3(3685 3853 5521)
3(744 747 746)
3(3716 3718 3719)
3(593 594 592)
3(3565 3564 3566)
3(2051 2578 2055)
3(5023 5027 5550)
3(650 755 695)
3(3622 3667 3727)
3(1051 1890 1179)
3(4023 4151 4862)
3(193 2548 194)
3(338 339 5520)
3(776 777 774)
3(3748 3746 3749)
3(634 635 633)
3(3606 3605 3607)
3(630 631 628)
3(3602 3600 3603)
3(590 592 591)
3(3562 3563 3564)
3(2515 2562 864)
3(5487 3836 5534)
3(632 633 631)
3(3604 3603 3605)
3(2967 3003 2297)
3(5939 5269 5975)
3(895 1049 879)
3(3867 3851 4021)
3(879 2517 695)
3(3851 3667 5489)
3(605 2543 602)
3(3577 3574 5515)
3(883 2555 1037)
3(3855 4009 5527)
3(589 2546 590)
3(3561 3562 5518)
3(911 2569 2554)
3(3883 5526 5541)
3(755 895 879)
3(3727 3851 3867)
3(592 2542 591)
3(3564 3563 5514)
3(765 2151 762)
3(3737 3734 5123)
3(629 2542 595)
3(3601 3567 5514)
3(893 2575 1065)
3(3865 4037 5547)
3(586 589 588)
3(3558 3560 3561)
3(765 2153 2151)
3(3737 5123 5125)
3(2543 2607 2599)
3(5515 5571 5579)
3(589 590 588)
3(3561 3560 3562)
3(2579 2589 1176)
3(5551 4148 5561)
3(1503 3174 2966)
3(4475 5938 6146)
3(784 785 782)
3(3756 3754 3757)
3(594 2552 596)
3(3566 3568 5524)
3(609 2631 2622)
3(3581 5594 5603)
3(1068 2569 1069)
3(4040 4041 5541)
3(1917 3107 970)
3(4889 3942 6079)
3(593 628 594)
3(3565 3566 3600)
3(595 2542 592)
3(3567 3564 5514)
3(672 675 674)
3(3644 3646 3647)
3(696 2517 727)
3(3668 3699 5489)
3(762 2151 761)
3(3734 3733 5123)
3(1128 2589 2525)
3(4100 5497 5561)
3(830 2555 883)
3(3802 3855 5527)
3(1881 2570 1878)
3(4853 4850 5542)
3(881 2555 830)
3(3853 3802 5527)
3(645 2557 649)
3(3617 3621 5529)
3(2554 2569 1068)
3(5526 4040 5541)
3(1007 2557 643)
3(3979 3615 5529)
3(596 2552 599)
3(3568 3571 5524)
3(1825 3096 956)
3(4797 3928 6068)
3(2079 2597 2076)
3(5051 5048 5569)
3(2075 2076 2073)
3(5047 5045 5048)
3(601 2564 598)
3(3573 3570 5536)
3(755 2568 1071)
3(3727 4043 5540)
3(1897 2674 1898)
3(4869 4870 5646)
3(586 588 587)
3(3558 3559 3560)
3(2529 2587 1020)
3(5501 3992 5559)
3(2065 2066 887)
3(5037 3859 5038)
3(996 1034 876)
3(3968 3848 4006)
3(637 2566 2549)
3(3609 5521 5538)
3(590 2546 593)
3(3562 3565 5518)
3(2155 2173 721)
3(5127 3693 5145)
3(643 2557 645)
3(3615 3617 5529)
3(678 679 677)
3(3650 3649 3651)
3(2620 2622 2138)
3(5592 5110 5594)
3(727 2585 728)
3(3699 3700 5557)
3(648 2568 646)
3(3620 3618 5540)
3(2157 2173 2155)
3(5129 5127 5145)
3(1076 2575 893)
3(4048 3865 5547)
3(838 2574 2547)
3(3810 5519 5546)
3(598 2564 597)
3(3570 3569 5536)
3(646 2568 650)
3(3618 3622 5540)
3(2158 2159 2157)
3(5130 5129 5131)
3(2051 2054 2053)
3(5023 5025 5026)
3(2156 2158 2157)
3(5128 5129 5130)
3(2109 2116 89)
3(5081 234 5088)
3(1797 1798 1106)
3(4769 4078 4770)
3(1622 1623 1584)
3(4594 4556 4595)
3(1621 1913 977)
3(4593 3949 4885)
3(600 2581 603)
3(3572 3575 5553)
3(641 2564 1007)
3(3613 3979 5536)
3(2102 2104 2103)
3(5074 5075 5076)
3(2545 2584 725)
3(5517 3697 5556)
3(636 2567 633)
3(3608 3605 5539)
3(639 2566 635)
3(3611 3607 5538)
3(2546 2576 1005)
3(5518 3977 5548)
3(1013 2124 1112)
3(3985 4084 5096)
3(635 2566 637)
3(3607 3609 5538)
3(754 2566 639)
3(3726 3611 5538)
3(628 2552 594)
3(3600 3566 5524)
3(2521 2574 838)
3(5493 3810 5546)
3(586 587 584)
3(3558 3556 3559)
3(1072 2596 2592)
3(4044 5564 5568)
3(854 2579 2544)
3(3826 5516 5551)
3(2511 2648 2641)
3(5483 5613 5620)
3(12 970 11)
3(364 363 3942)
3(70 1891 69)
3(422 421 4863)
3(41 479 40)
3(393 392 3451)
3(38 480 37)
3(390 389 3452)
3(46 1684 45)
3(398 397 4656)
3(64 944 63)
3(416 415 3916)
3(44 477 43)
3(396 395 3449)
3(45 1782 44)
3(397 396 4754)
3(20 952 19)
3(372 371 3924)
3(48 1106 47)
3(400 399 4078)
3(68 1815 67)
3(420 419 4787)
3(65 1818 64)
3(417 416 4790)
3(19 1924 18)
3(371 370 4896)
3(34 1102 33)
3(386 385 4074)
3(36 1584 35)
3(388 387 4556)
3(30 1619 29)
3(382 381 4591)
3(61 946 60)
3(413 412 3918)
3(31 976 30)
3(383 382 3948)
3(58 1817 57)
3(410 409 4789)
3(55 1105 54)
3(407 406 4077)
3(57 1108 56)
3(409 408 4080)
3(23 978 22)
3(375 374 3950)
3(25 979 24)
3(377 376 3951)
3(54 1620 53)
3(406 405 4592)
3(24 1605 23)
3(376 375 4577)
3(59 1109 58)
3(411 410 4081)
3(60 1790 59)
3(412 411 4762)
3(50 1110 49)
3(402 401 4082)
3(28 977 27)
3(380 379 3949)
3(53 1805 52)
3(405 404 4777)
3(52 1107 51)
3(404 403 4079)
3(69 968 68)
3(421 420 3940)
3(43 1784 42)
3(395 394 4756)
3(42 1816 41)
3(394 393 4788)
3(67 971 66)
3(419 418 3943)
3(66 1191 65)
3(418 417 4163)
3(17 949 16)
3(369 368 3921)
3(15 948 14)
3(367 366 3920)
3(16 1803 15)
3(368 367 4775)
3(71 972 70)
3(423 422 3944)
3(10 969 0)
3(362 9 3941)
3(591 2577 588)
3(3563 3560 5549)
3(1142 2574 2521)
3(4114 5493 5546)
3(593 2546 630)
3(3565 3602 5518)
3(631 2567 1008)
3(3603 3980 5539)
3(2156 2157 2155)
3(5128 5127 5129)
3(597 2564 641)
3(3569 3613 5536)
3(2519 2577 591)
3(5491 3563 5549)
3(2170 2585 727)
3(5142 3699 5557)
3(650 2568 755)
3(3622 3727 5540)
3(588 2577 587)
3(3560 3559 5549)
3(581 2560 582)
3(3553 3554 5532)
3(2547 2574 1099)
3(5519 4071 5546)
3(599 2581 600)
3(3571 3572 5553)
3(1380 2582 1379)
3(4352 4351 5554)
3(2236 2583 2235)
3(5208 5207 5555)
3(648 2588 2568)
3(3620 5540 5560)
3(633 2567 631)
3(3605 3603 5539)
3(2097 2100 2099)
3(5069 5071 5072)
3(2253 2583 2242)
3(5225 5214 5555)
3(788 789 786)
3(3760 3758 3761)
3(1016 2659 1018)
3(3988 3990 5631)
3(1008 2552 628)
3(3980 3600 5524)
3(2544 2579 2526)
3(5516 5498 5551)
3(2078 2079 2076)
3(5050 5048 5051)
3(2041 2062 2044)
3(5013 5016 5034)
3(585 2565 586)
3(3557 3558 5537)
3(880 2588 697)
3(3852 3669 5560)
3(780 781 778)
3(3752 3750 3753)
3(1128 2594 2589)
3(4100 5561 5566)
3(854 2589 2579)
3(3826 5551 5561)
3(1880 1881 1878)
3(4852 4850 4853)
3(2526 2579 1054)
3(5498 4026 5551)
3(582 585 584)
3(3554 3556 3557)
3(2067 2068 2066)
3(5039 5038 5040)
3(586 2565 589)
3(3558 3561 5537)
3(2106 2107 2104)
3(5078 5076 5079)
3(2056 2058 2057)
3(5028 5029 5030)
3(770 2516 769)
3(3742 3741 5488)
3(761 2586 758)
3(3733 3730 5558)
3(17 1604 949)
3(369 3921 4576)
3(28 1621 977)
3(380 3949 4593)
3(36 1622 1584)
3(388 4556 4594)
3(34 1903 1102)
3(386 4074 4875)
3(46 1787 1684)
3(398 4656 4759)
3(20 1788 952)
3(372 3924 4760)
3(48 1797 1106)
3(400 4078 4769)
3(55 1801 1105)
3(407 4077 4773)
3(31 1802 976)
3(383 3948 4774)
3(25 2558 979)
3(377 3951 5530)
3(71 1804 972)
3(423 3944 4776)
3(589 2576 2546)
3(3561 5518 5548)
3(2568 2588 1071)
3(5540 4043 5560)
3(582 583 580)
3(3554 3552 3555)
3(689 2580 754)
3(3661 3726 5552)
3(735 2522 736)
3(3707 3708 5494)
3(3045 3096 1825)
3(6017 4797 6068)
3(2565 2576 589)
3(5537 3561 5548)
3(766 2572 765)
3(3738 3737 5544)
3(1056 1058 1057)
3(4028 4029 4030)
3(582 2560 585)
3(3554 3557 5532)
3(585 586 584)
3(3557 3556 3558)
3(1020 2587 1190)
3(3992 4162 5559)
3(2762 3235 2787)
3(5734 5759 6207)
3(773 2516 770)
3(3745 3742 5488)
3(1928 3101 1082)
3(4900 4054 6073)
3(1163 2945 2021)
3(4135 4993 5917)
3(721 2580 689)
3(3693 3661 5552)
3(1955 2132 1829)
3(4927 4801 5104)
3(1113 2123 998)
3(4085 3970 5095)
3(758 2586 757)
3(3730 3729 5558)
3(2525 2589 854)
3(5497 3826 5561)
3(2237 2238 2236)
3(5209 5208 5210)
3(2151 2152 761)
3(5123 3733 5124)
3(2638 2765 2637)
3(5610 5609 5737)
3(765 2572 2153)
3(3737 5125 5544)
3(2599 2607 2165)
3(5571 5137 5579)
3(728 2585 731)
3(3700 3703 5557)
3(1022 2596 880)
3(3994 3852 5568)
3(697 2588 648)
3(3669 3620 5560)
3(2164 2607 2139)
3(5136 5111 5579)
3(2152 2586 761)
3(5124 3733 5558)
3(1318 3027 2317)
3(4290 5289 5999)
3(757 2586 2156)
3(3729 5128 5558)
3(2173 2580 721)
3(5145 3693 5552)
3(582 584 583)
3(3554 3555 3556)
3(2102 2103 2100)
3(5074 5072 5075)
3(581 582 580)
3(3553 3552 3554)
3(578 581 580)
3(3550 3552 3553)
3(736 2522 739)
3(3708 3711 5494)
3(2659 2664 1018)
3(5631 3990 5636)
3(716 717 711)
3(3688 3683 3689)
3(2553 2597 733)
3(5525 3705 5569)
3(880 2596 2588)
3(3852 5560 5568)
3(2589 2594 1176)
3(5561 4148 5566)
3(2059 2060 2058)
3(5031 5030 5032)
3(2543 2599 601)
3(5515 3573 5571)
3(2111 2116 2109)
3(5083 5081 5088)
3(717 2598 749)
3(3689 3721 5570)
3(1176 2594 1177)
3(4148 4149 5566)
3(710 711 709)
3(3682 3681 3683)
3(578 579 576)
3(3550 3548 3551)
3(33 2591 32)
3(385 384 5563)
3(818 819 817)
3(3790 3789 3791)
3(2561 2646 1000)
3(5533 3972 5618)
3(574 575 572)
3(3546 3544 3547)
3(1254 3170 1316)
3(4226 4288 6142)
3(769 2572 766)
3(3741 3738 5544)
3(1263 3009 2868)
3(4235 5840 5981)
3(640 2624 690)
3(3612 3662 5596)
3(570 571 568)
3(3542 3540 3543)
3(1029 1056 1055)
3(4001 4027 4028)
3(2583 2605 2235)
3(5555 5207 5577)
3(1114 2592 1022)
3(4086 3994 5564)
3(2253 2605 2583)
3(5225 5555 5577)
3(2055 2056 2054)
3(5027 5026 5028)
3(1134 1135 1034)
3(4106 4006 4107)
3(599 2600 2581)
3(3571 5553 5572)
3(574 577 576)
3(3546 3548 3549)
3(1878 2570 1876)
3(4850 4848 5542)
3(578 580 579)
3(3550 3551 3552)
3(2708 3248 2766)
3(5680 5738 6220)
3(2056 2059 2058)
3(5028 5030 5031)
3(2616 3133 1473)
3(5588 4445 6105)
3(570 573 572)
3(3542 3544 3545)
3(2144 2145 2142)
3(5116 5114 5117)
3(1007 2599 2165)
3(3979 5137 5571)
3(2135 2631 2121)
3(5107 5093 5603)
3(1060 1061 1001)
3(4032 3973 4033)
3(152 2612 153)
3(297 298 5584)
3(1873 1875 1871)
3(4845 4843 4847)
3(2588 2596 1071)
3(5560 4043 5568)
3(601 2599 2564)
3(3573 5536 5571)
3(573 574 572)
3(3545 3544 3546)
3(1350 2613 2166)
3(4322 5138 5585)
3(1221 2613 2504)
3(4193 5476 5585)
3(2097 2099 1058)
3(5069 4030 5071)
3(2166 2613 2167)
3(5138 5139 5585)
3(198 2625 199)
3(343 344 5597)
3(2564 2599 1007)
3(5536 3979 5571)
3(2051 2055 2054)
3(5023 5026 5027)
3(2618 3286 945)
3(5590 3917 6258)
3(785 2141 782)
3(3757 3754 5113)
3(2332 2419 2335)
3(5304 5307 5391)
3(931 2928 967)
3(3903 3939 5900)
3(2002 2004 2003)
3(4974 4975 4976)
3(1185 2946 1184)
3(4157 4156 5918)
3(1071 2596 1072)
3(4043 4044 5568)
3(2852 2894 1300)
3(5824 4272 5866)
3(570 572 571)
3(3542 3543 3544)
3(897 1029 1028)
3(3869 4000 4001)
3(434 2602 2403)
3(3406 5375 5574)
3(2550 2604 741)
3(5522 3713 5576)
3(1940 2979 856)
3(4912 3828 5951)
3(566 569 568)
3(3538 3540 3541)
3(577 578 576)
3(3549 3548 3550)
3(782 2141 781)
3(3754 3753 5113)
3(1957 3093 1976)
3(4929 4948 6065)
3(569 570 568)
3(3541 3540 3542)
3(566 567 564)
3(3538 3536 3539)
3(1154 1155 1153)
3(4126 4125 4127)
3(2007 2008 2006)
3(4979 4978 4980)
3(1888 1906 1905)
3(4860 4877 4878)
3(831 2642 2639)
3(3803 5611 5614)
3(1133 2022 902)
3(4105 3874 4994)
3(558 561 560)
3(3530 3532 3533)
3(574 576 575)
3(3546 3547 3548)
3(1056 1057 1055)
3(4028 4027 4029)
3(2281 2605 2253)
3(5253 5225 5577)
3(566 568 567)
3(3538 3539 3540)
3(2178 2851 2814)
3(5150 5786 5823)
3(2552 2600 599)
3(5524 3571 5572)
3(2600 2619 2120)
3(5572 5092 5591)
3(131 3008 458)
3(276 3430 5980)
3(609 2622 606)
3(3581 3578 5594)
3(1256 1326 1257)
3(4228 4229 4298)
3(820 822 821)
3(3792 3793 3794)
3(704 705 694)
3(3676 3666 3677)
3(2055 2609 2056)
3(5027 5028 5581)
3(562 563 560)
3(3534 3532 3535)
3(2797 2799 2759)
3(5769 5731 5771)
3(562 565 564)
3(3534 3536 3537)
3(1008 2600 2552)
3(3980 5524 5572)
3(2235 2605 2563)
3(5207 5535 5577)
3(2165 2607 2164)
3(5137 5136 5579)
3(61 2603 946)
3(413 3918 5575)
3(609 2634 2118)
3(3581 5090 5606)
3(2174 2619 2567)
3(5146 5539 5591)
3(1998 2000 1999)
3(4970 4971 4972)
3(719 896 750)
3(3691 3722 3868)
3(2622 2631 2138)
3(5594 5110 5603)
3(1968 2838 1344)
3(4940 4316 5810)
3(2662 3084 966)
3(5634 3938 6056)
3(561 562 560)
3(3533 3532 3534)
3(1074 2657 1075)
3(4046 4047 5629)
3(562 564 563)
3(3534 3535 3536)
3(781 2610 778)
3(3753 3750 5582)
3(925 939 927)
3(3897 3899 3911)
3(565 566 564)
3(3537 3536 3538)
3(587 2621 584)
3(3559 3556 5593)
3(716 2598 717)
3(3688 3689 5570)
3(1754 1762 1755)
3(4726 4727 4734)
3(1029 1055 1028)
3(4001 4000 4027)
3(2782 2794 2748)
3(5754 5720 5766)
3(1011 2635 1076)
3(3983 4048 5607)
3(2141 2143 2142)
3(5113 5114 5115)
3(664 2660 678)
3(3636 3650 5632)
3(2174 2632 2619)
3(5146 5591 5604)
3(778 2610 777)
3(3750 3749 5582)
3(1884 1886 1885)
3(4856 4857 4858)
3(1008 2619 2600)
3(3980 5572 5591)
3(1958 1960 1959)
3(4930 4931 4932)
3(554 557 556)
3(3526 3528 3529)
3(554 555 552)
3(3526 3524 3527)
3(608 2634 609)
3(3580 3581 5606)
3(897 898 750)
3(3869 3722 3870)
3(2141 2142 781)
3(5113 3753 5114)
3(2143 2146 2144)
3(5115 5116 5118)
3(2146 2147 2144)
3(5118 5116 5119)
3(2143 2144 2142)
3(5115 5114 5116)
3(2056 2609 2059)
3(5028 5031 5581)
3(613 2641 2140)
3(3585 5112 5613)
3(1150 1151 1149)
3(4122 4121 4123)
3(583 2623 580)
3(3555 3552 5595)
3(873 2636 1848)
3(3845 4820 5608)
3(2129 2654 1074)
3(5101 4046 5626)
3(2169 2644 1237)
3(5141 4209 5616)
3(896 897 750)
3(3868 3722 3869)
3(558 560 559)
3(3530 3531 3532)
3(462 2953 1896)
3(3434 4868 5925)
3(2005 2006 2004)
3(4977 4976 4978)
3(2751 2752 2735)
3(5723 5707 5724)
3(2752 2784 2735)
3(5724 5707 5756)
3(691 692 687)
3(3663 3659 3664)
3(2576 2608 1005)
3(5548 3977 5580)
3(831 2639 714)
3(3803 3686 5611)
3(1146 1147 1145)
3(4118 4117 4119)
3(2511 2641 619)
3(5483 3591 5613)
3(1028 1086 898)
3(4000 3870 4058)
3(658 663 656)
3(3630 3628 3635)
3(614 2641 613)
3(3586 3585 5613)
3(153 2612 449)
3(298 3421 5584)
3(585 2630 2565)
3(3557 5537 5602)
3(1052 2647 2170)
3(4024 5142 5619)
3(681 907 832)
3(3653 3804 3879)
3(717 719 718)
3(3689 3690 3691)
3(1880 1882 1881)
3(4852 4853 4854)
3(1218 2644 2484)
3(4190 5456 5616)
3(1237 2644 1231)
3(4209 4203 5616)
3(2218 2219 2217)
3(5190 5189 5191)
3(2484 2645 1221)
3(5456 4193 5617)
3(1907 1908 1906)
3(4879 4878 4880)
3(558 559 556)
3(3530 3528 3531)
3(2504 2613 1350)
3(5476 4322 5585)
3(1954 1956 1955)
3(4926 4927 4928)
3(1057 3141 2412)
3(4029 5384 6113)
3(1363 3109 2880)
3(4335 5852 6081)
3(897 1028 898)
3(3869 3870 4000)
3(2714 3066 2709)
3(5686 5681 6038)
3(2142 2610 781)
3(5114 3753 5582)
3(684 685 683)
3(3656 3655 3657)
3(1869 1870 1867)
3(4841 4839 4842)
3(605 2620 2543)
3(3577 5515 5592)
3(1848 1849 1847)
3(4820 4819 4821)
3(664 677 660)
3(3636 3632 3649)
3(430 2947 1900)
3(3402 4872 5919)
3(1030 2846 2812)
3(4002 5784 5818)
3(557 558 556)
3(3529 3528 3530)
3(2127 2611 699)
3(5099 3671 5583)
3(554 556 555)
3(3526 3527 3528)
3(1159 2034 1160)
3(4131 4132 5006)
3(2096 2669 2097)
3(5068 5069 5641)
3(1946 2808 439)
3(4918 3411 5780)
3(2005 2007 2006)
3(4977 4978 4979)
3(2016 2590 677)
3(4988 3649 5562)
3(1978 2954 967)
3(4950 3939 5926)
3(2641 2648 2140)
3(5613 5112 5620)
3(748 2632 2174)
3(3720 5146 5604)
3(682 2882 2870)
3(3654 5842 5854)
3(1112 2124 1159)
3(4084 4131 5096)
3(707 709 708)
3(3679 3680 3681)
3(828 2636 873)
3(3800 3845 5608)
3(717 718 711)
3(3689 3683 3690)
3(2145 2610 2142)
3(5117 5114 5582)
3(2619 2632 2120)
3(5591 5092 5604)
3(719 750 718)
3(3691 3690 3722)
3(584 2621 583)
3(3556 3555 5593)
3(2607 2620 2139)
3(5579 5111 5592)
3(1888 1907 1906)
3(4860 4878 4879)
3(2567 2619 1008)
3(5539 3980 5591)
3(2162 3053 184)
3(5134 329 6025)
3(2565 2630 2086)
3(5537 5058 5602)
3(2268 3333 2264)
3(5240 5236 6305)
3(546 547 544)
3(3518 3516 3519)
3(1014 2656 1016)
3(3986 3988 5628)
3(606 2622 605)
3(3578 3577 5594)
3(550 553 552)
3(3522 3524 3525)
3(2312 3329 2270)
3(5284 5242 6301)
3(748 2635 2632)
3(3720 5604 5607)
3(996 1134 1034)
3(3968 4006 4106)
3(553 554 552)
3(3525 3524 3526)
3(1983 3038 454)
3(4955 3426 6010)
3(2689 3309 2688)
3(5661 5660 6281)
3(2654 2657 1074)
3(5626 4046 5629)
3(605 2622 2620)
3(3577 5592 5594)
3(550 551 548)
3(3522 3520 3523)
3(580 2623 579)
3(3552 3551 5595)
3(2171 2624 640)
3(5143 3612 5596)
3(959 2292 2285)
3(3931 5257 5264)
3(136 3294 137)
3(281 282 6266)
3(1288 2672 2295)
3(4260 5267 5644)
3(1192 2673 1200)
3(4164 4172 5645)
3(2543 2620 2607)
3(5515 5579 5592)
3(817 2813 814)
3(3789 3786 5785)
3(1989 2960 1535)
3(4961 4507 5932)
3(1103 3269 2926)
3(4075 5898 6241)
3(2635 2639 1076)
3(5607 4048 5611)
3(1131 2664 1070)
3(4103 4042 5636)
3(709 860 708)
3(3681 3680 3832)
3(1887 1888 1886)
3(4859 4858 4860)
3(1155 1893 1892)
3(4127 4864 4865)
3(2440 2638 2637)
3(5412 5609 5610)
3(2234 2237 2236)
3(5206 5208 5209)
3(2138 2631 2135)
3(5110 5107 5603)
3(499 501 500)
3(3471 3472 3473)
3(550 552 551)
3(3522 3523 3524)
3(708 871 706)
3(3680 3678 3843)
3(1178 3250 3227)
3(4150 6199 6222)
3(675 676 674)
3(3647 3646 3648)
3(976 3157 1980)
3(3948 4952 6129)
3(1167 2018 1168)
3(4139 4140 4990)
3(579 2640 576)
3(3551 3548 5612)
3(1339 2975 2955)
3(4311 5927 5947)
3(671 672 670)
3(3643 3642 3644)
3(546 549 548)
3(3518 3520 3521)
3(2103 3120 472)
3(5075 3444 6092)
3(1572 3097 1914)
3(4544 4886 6069)
3(678 2660 681)
3(3650 3653 5632)
3(680 858 679)
3(3652 3651 3830)
3(448 2625 198)
3(3420 343 5597)
3(2211 2672 1288)
3(5183 4260 5644)
3(2252 2672 2214)
3(5224 5186 5644)
3(2120 2632 1067)
3(5092 4039 5604)
3(894 2642 831)
3(3866 3803 5614)
3(692 694 693)
3(3664 3665 3666)
3(2639 2642 1076)
3(5611 4048 5614)
3(1883 1884 1882)
3(4855 4854 4856)
3(1221 2645 2613)
3(4193 5585 5617)
3(549 550 548)
3(3521 3520 3522)
3(2593 2808 1946)
3(5565 4918 5780)
3(1352 2673 1197)
3(4324 4169 5645)
3(1865 1866 1863)
3(4837 4835 4838)
3(1615 3010 1913)
3(4587 4885 5982)
3(2002 2005 2004)
3(4974 4976 4977)
3(1472 3133 2616)
3(4444 5588 6105)
3(1873 1876 1875)
3(4845 4847 4848)
3(1884 1887 1886)
3(4856 4858 4859)
3(575 2649 572)
3(3547 3544 5621)
3(1486 1489 1488)
3(4458 4460 4461)
3(2560 2630 585)
3(5532 3557 5602)
3(2632 2635 1067)
3(5604 4039 5607)
3(2868 3009 2031)
3(5840 5003 5981)
3(2566 2658 2549)
3(5538 5521 5630)
3(705 707 706)
3(3677 3678 3679)
3(1194 2673 1192)
3(4166 4164 5645)
3(1842 2888 956)
3(4814 3928 5860)
3(132 3155 133)
3(277 278 6127)
3(1829 2132 1827)
3(4801 4799 5104)
3(546 548 547)
3(3518 3519 3520)
3(2229 2666 2243)
3(5201 5215 5638)
3(2001 2002 2000)
3(4973 4972 4974)
3(924 3381 922)
3(3896 3894 6353)
3(2748 2794 2749)
3(5720 5721 5766)
3(3028 3356 139)
3(6000 284 6328)
3(1067 2635 1011)
3(4039 3983 5607)
3(542 545 544)
3(3514 3516 3517)
3(1981 2863 540)
3(4953 3512 5835)
3(613 2634 608)
3(3585 3580 5606)
3(902 2646 751)
3(3874 3723 5618)
3(793 2677 790)
3(3765 3762 5649)
3(2663 3277 487)
3(5635 3459 6249)
3(1880 1883 1882)
3(4852 4854 4855)
3(653 2633 655)
3(3625 3627 5605)
3(545 546 544)
3(3517 3516 3518)
3(705 706 694)
3(3677 3666 3678)
3(1811 1813 1812)
3(4783 4784 4785)
3(2018 2019 1171)
3(4990 4143 4991)
3(2410 3188 472)
3(5382 3444 6160)
3(1863 2626 1862)
3(4835 4834 5598)
3(1997 1998 1960)
3(4969 4932 4970)
3(537 541 539)
3(3509 3511 3513)
3(2440 2637 2439)
3(5412 5411 5609)
3(126 3245 127)
3(271 272 6217)
3(1089 3368 1095)
3(4061 4067 6340)
3(2514 2805 1352)
3(5486 4324 5777)
3(714 2639 748)
3(3686 3720 5611)
3(1080 2665 1048)
3(4052 4020 5637)
3(1151 1153 1152)
3(4123 4124 4125)
3(1866 2626 1863)
3(4838 4835 5598)
3(982 3195 1819)
3(3954 4791 6167)
3(1778 2125 1779)
3(4750 4751 5097)
3(1159 2035 2034)
3(4131 5006 5007)
3(673 2832 2670)
3(3645 5642 5804)
3(542 543 539)
3(3514 3511 3515)
3(1879 1880 1878)
3(4851 4850 4852)
3(104 3087 1890)
3(249 4862 6059)
3(1813 1827 1826)
3(4785 4798 4799)
3(685 687 686)
3(3657 3658 3659)
3(1444 2810 2367)
3(4416 5339 5782)
3(2324 2810 2483)
3(5296 5455 5782)
3(1155 1892 1153)
3(4127 4125 4864)
3(619 2641 614)
3(3591 3586 5613)
3(707 708 706)
3(3679 3678 3680)
3(1998 2001 2000)
3(4970 4972 4973)
3(2658 2841 2549)
3(5630 5521 5813)
3(542 544 543)
3(3514 3515 3516)
3(659 662 661)
3(3631 3633 3634)
3(1147 1149 1148)
3(4119 4120 4121)
3(694 2606 693)
3(3666 3665 5578)
3(1501 1503 1502)
3(4473 4474 4475)
3(576 2640 575)
3(3548 3547 5612)
3(1159 2124 2035)
3(4131 5007 5096)
3(933 935 932)
3(3905 3904 3907)
3(537 538 535)
3(3509 3507 3510)
3(2411 3158 1057)
3(5383 4029 6130)
3(820 821 819)
3(3792 3791 3793)
3(868 2648 2511)
3(3840 5483 5620)
3(571 2676 568)
3(3543 3540 5648)
3(995 1033 983)
3(3967 3955 4005)
3(552 2668 551)
3(3524 3523 5640)
3(751 2646 2561)
3(3723 5533 5618)
3(1231 2644 1218)
3(4203 4190 5616)
3(1869 1871 1870)
3(4841 4842 4843)
3(2167 2645 2169)
3(5139 5141 5617)
3(2613 2645 2167)
3(5585 5139 5617)
3(676 683 682)
3(3648 3654 3655)
3(1076 2642 2575)
3(4048 5547 5614)
3(1160 2034 1163)
3(4132 4135 5006)
3(1320 1568 1539)
3(4292 4511 4540)
3(2625 3323 2008)
3(5597 4980 6295)
3(1625 2814 1624)
3(4597 4596 5786)
3(2178 2814 1688)
3(5150 4660 5786)
3(1818 3372 1941)
3(4790 4913 6344)
3(1027 1145 1144)
3(3999 4116 4117)
3(869 2652 868)
3(3841 3840 5624)
3(2833 3165 1603)
3(5805 4575 6137)
3(692 693 687)
3(3664 3659 3665)
3(873 1848 1847)
3(3845 4819 4820)
3(2140 2648 1077)
3(5112 4049 5620)
3(951 954 950)
3(3923 3922 3926)
3(1906 3328 3014)
3(4878 5986 6300)
3(1027 2832 1146)
3(3999 4118 5804)
3(868 2652 2648)
3(3840 5620 5624)
3(1821 1971 1044)
3(4793 4016 4943)
3(894 2654 2642)
3(3866 5614 5626)
3(899 1132 494)
3(3871 3466 4104)
3(756 876 699)
3(3728 3671 3848)
3(986 996 876)
3(3958 3848 3968)
3(869 2656 2652)
3(3841 5624 5628)
3(2231 2666 2229)
3(5203 5201 5638)
3(669 699 667)
3(3641 3639 3671)
3(748 2639 2635)
3(3720 5607 5611)
3(1232 1254 1253)
3(4204 4225 4226)
3(1889 3337 444)
3(4861 3416 6309)
3(541 542 539)
3(3513 3511 3514)
3(706 2606 694)
3(3678 3666 5578)
3(1758 2819 1663)
3(4730 4635 5791)
3(1957 1958 1956)
3(4929 4928 4930)
3(756 1025 986)
3(3728 3958 3997)
3(685 686 683)
3(3657 3655 3658)
3(1877 1878 1876)
3(4849 4848 4850)
3(2375 2965 2369)
3(5347 5341 5937)
3(2648 2652 1077)
3(5620 4049 5624)
3(572 2649 571)
3(3544 3543 5621)
3(1958 1997 1960)
3(4930 4932 4969)
3(1151 1152 1149)
3(4123 4121 4124)
3(1025 1027 1026)
3(3997 3998 3999)
3(1424 3094 1918)
3(4396 4890 6066)
3(1077 2652 2154)
3(4049 5126 5624)
3(2386 3297 473)
3(5358 3445 6269)
3(2656 2659 1016)
3(5628 3988 5631)
3(1147 1148 1145)
3(4119 4117 4120)
3(537 539 538)
3(3509 3510 3511)
3(2482 2943 2317)
3(5454 5289 5915)
3(871 2606 706)
3(3843 3678 5578)
3(1387 3035 1944)
3(4359 4916 6007)
3(533 536 535)
3(3505 3507 3508)
3(2022 2646 902)
3(4994 3874 5618)
3(1877 1879 1878)
3(4849 4850 4851)
3(656 1992 654)
3(3628 3626 4964)
3(1439 2828 1410)
3(4411 4382 5800)
3(1412 2828 1426)
3(4384 4398 5800)
3(1873 1877 1876)
3(4845 4848 4849)
3(2170 2647 2585)
3(5142 5557 5619)
3(2246 2666 2231)
3(5218 5203 5638)
3(2652 2656 2154)
3(5624 5126 5628)
3(1079 1081 1080)
3(4051 4052 4053)
3(2694 2848 476)
3(5666 3448 5820)
3(672 674 673)
3(3644 3645 3646)
3(1611 2830 1616)
3(4583 4588 5802)
3(996 1186 1134)
3(3968 4106 4158)
3(536 537 535)
3(3508 3507 3509)
3(3285 3299 2692)
3(6257 5664 6271)
3(2101 2837 2102)
3(5073 5074 5809)
3(1616 2827 1609)
3(4588 4581 5799)
3(1408 2831 1439)
3(4380 4411 5803)
3(1438 2831 1406)
3(4410 4378 5803)
3(529 532 531)
3(3501 3503 3504)
3(2160 3049 432)
3(5132 3404 6021)
3(664 678 677)
3(3636 3649 3650)
3(529 530 527)
3(3501 3499 3502)
3(678 680 679)
3(3650 3651 3652)
3(2024 2029 1346)
3(4996 4318 5001)
3(533 534 531)
3(3505 3503 3506)
3(2670 2832 1025)
3(5642 3997 5804)
3(3248 3370 2764)
3(6220 5736 6342)
3(2790 2791 2699)
3(5762 5671 5763)
3(1167 2020 2018)
3(4139 4990 4992)
3(2154 2656 1014)
3(5126 3986 5628)
3(567 2806 564)
3(3539 3536 5778)
3(2765 3318 3015)
3(5737 5987 6290)
3(2152 2822 2601)
3(5124 5573 5794)
3(1872 1873 1871)
3(4844 4843 4845)
3(1850 1851 1849)
3(4822 4821 4823)
3(1364 2833 1363)
3(4336 4335 5805)
3(211 2862 212)
3(356 357 5834)
3(2243 2666 2290)
3(5215 5262 5638)
3(991 2657 894)
3(3963 3866 5629)
3(512 514 510)
3(3484 3482 3486)
3(1723 2836 1748)
3(4695 4720 5808)
3(2208 2836 1721)
3(5180 4693 5808)
3(2575 2654 2129)
3(5547 5101 5626)
3(1608 2827 1617)
3(4580 4589 5799)
3(1848 2636 1874)
3(4820 4846 5608)
3(676 682 674)
3(3648 3646 3654)
3(2523 2659 869)
3(5495 3841 5631)
3(38 2655 480)
3(390 3452 5627)
3(983 3241 918)
3(3955 3890 6213)
3(1953 1954 1829)
3(4925 4801 4926)
3(1861 1862 1859)
3(4833 4831 4834)
3(944 3017 2815)
3(3916 5787 5989)
3(754 2658 2566)
3(3726 5538 5630)
3(668 670 669)
3(3640 3641 3642)
3(1168 2018 1171)
3(4140 4143 4990)
3(212 2884 213)
3(357 358 5856)
3(1309 2838 1351)
3(4281 4323 5810)
3(1344 2838 1312)
3(4316 4284 5810)
3(2642 2654 2575)
3(5614 5547 5626)
3(1765 3293 2482)
3(4737 5454 6265)
3(2272 3390 2273)
3(5244 5245 6362)
3(2523 2664 2659)
3(5495 5631 5636)
3(1500 2825 1501)
3(4472 4473 5797)
3(2097 2669 2101)
3(5069 5073 5641)
3(894 2657 2654)
3(3866 5626 5629)
3(2380 2843 2384)
3(5352 5356 5815)
3(1803 2925 948)
3(4775 3920 5897)
3(1027 1144 1026)
3(3999 3998 4116)
3(533 535 534)
3(3505 3506 3507)
3(968 3382 1815)
3(3940 4787 6354)
3(1865 1867 1866)
3(4837 4838 4839)
3(1070 2664 2523)
3(4042 5495 5636)
3(2034 2945 1163)
3(5006 4135 5917)
3(570 2823 573)
3(3542 3545 5795)
3(1256 1257 1236)
3(4228 4208 4229)
3(672 673 670)
3(3644 3642 3645)
3(1869 1872 1871)
3(4841 4843 4844)
3(915 1139 913)
3(3887 3885 4111)
3(1055 2811 1028)
3(4027 4000 5783)
3(566 2820 569)
3(3538 3541 5792)
3(2870 2882 1146)
3(5842 4118 5854)
3(2814 2851 1904)
3(5786 4876 5823)
3(1025 1026 986)
3(3997 3958 3998)
3(525 528 527)
3(3497 3499 3500)
3(1674 2912 2308)
3(4646 5280 5884)
3(2472 2912 2471)
3(5444 5443 5884)
3(655 703 657)
3(3627 3629 3675)
3(1063 3206 1602)
3(4035 4574 6178)
3(756 986 876)
3(3728 3848 3958)
3(666 668 667)
3(3638 3639 3640)
3(532 533 531)
3(3504 3503 3505)
3(900 1030 752)
3(3872 3724 4002)
3(529 531 530)
3(3501 3502 3503)
3(169 2849 455)
3(314 3427 5821)
3(1810 1811 1809)
3(4782 4781 4783)
3(662 666 665)
3(3634 3637 3638)
3(1917 3194 1581)
3(4889 4553 6166)
3(563 2829 560)
3(3535 3532 5801)
3(1932 1933 993)
3(4904 3965 4905)
3(574 2839 577)
3(3546 3549 5811)
3(2214 2672 2211)
3(5186 5183 5644)
3(2683 3334 2682)
3(5655 5654 6306)
3(562 2821 565)
3(3534 3537 5793)
3(1297 2852 1300)
3(4269 4272 5824)
3(1295 2852 1294)
3(4267 4266 5824)
3(1857 1858 1854)
3(4829 4826 4830)
3(1318 3123 3027)
3(4290 5999 6095)
3(669 756 699)
3(3641 3671 3728)
3(681 2660 907)
3(3653 3879 5632)
3(2902 3097 1423)
3(5874 4395 6069)
3(528 529 527)
3(3500 3499 3501)
3(1922 2841 2658)
3(4894 5630 5813)
3(2420 2842 1372)
3(5392 4344 5814)
3(659 661 660)
3(3631 3632 3633)
3(1708 2856 1705)
3(4680 4677 5828)
3(2418 2419 1699)
3(5390 4671 5391)
3(1699 2419 2331)
3(4671 5303 5391)
3(1954 1957 1956)
3(4926 4928 4929)
3(555 2668 552)
3(3527 3524 5640)
3(827 2813 817)
3(3799 3789 5785)
3(2420 3097 1572)
3(5392 4544 6069)
3(1579 2857 1577)
3(4551 4549 5829)
3(1925 3092 1556)
3(4897 4528 6064)
3(1197 2673 1194)
3(4169 4166 5645)
3(1944 2825 1500)
3(4916 4472 5797)
3(2308 2912 2911)
3(5280 5883 5884)
3(521 522 518)
3(3493 3490 3494)
3(1852 1853 1851)
3(4824 4823 4825)
3(790 2677 789)
3(3762 3761 5649)
3(2898 3168 1895)
3(5870 4867 6140)
3(1993 2890 1301)
3(4965 4273 5862)
3(1542 2891 1993)
3(4514 4965 5863)
3(12 3194 970)
3(364 3942 6166)
3(27 3282 26)
3(379 378 6254)
3(1081 1084 1082)
3(4053 4054 4056)
3(1828 1829 1827)
3(4800 4799 4801)
3(1570 2865 1341)
3(4542 4313 5837)
3(678 681 680)
3(3650 3652 3653)
3(681 832 752)
3(3653 3724 3804)
3(1263 2868 1262)
3(4235 4234 5840)
3(832 901 900)
3(3804 3872 3873)
3(568 2676 567)
3(3540 3539 5648)
3(1031 1032 1030)
3(4003 4002 4004)
3(1868 1869 1867)
3(4840 4839 4841)
3(668 669 667)
3(3640 3639 3641)
3(662 665 661)
3(3634 3633 3637)
3(1754 1755 1753)
3(4726 4725 4727)
3(1537 2999 1944)
3(4509 4916 5971)
3(581 2855 2117)
3(3553 5089 5827)
3(1865 1868 1867)
3(4837 4839 4840)
3(2373 2539 2436)
3(5345 5408 5511)
3(2538 2539 2373)
3(5510 5345 5511)
3(1814 2866 991)
3(4786 3963 5838)
3(521 524 523)
3(3493 3495 3496)
3(2766 3248 1758)
3(5738 4730 6220)
3(120 2871 121)
3(265 266 5843)
3(1711 2873 1768)
3(4683 4740 5845)
3(1764 2873 1685)
3(4736 4657 5845)
3(525 526 523)
3(3497 3495 3498)
3(858 890 885)
3(3830 3857 3862)
3(167 2872 168)
3(312 313 5844)
3(874 1910 903)
3(3846 3875 4882)
3(666 667 665)
3(3638 3637 3639)
3(578 2855 581)
3(3550 3553 5827)
3(2185 2819 1762)
3(5157 4734 5791)
3(1084 1089 1085)
3(4056 4057 4061)
3(2262 2896 2258)
3(5234 5230 5868)
3(525 527 526)
3(3497 3498 3499)
3(657 659 658)
3(3629 3630 3631)
3(1183 2861 1185)
3(4155 4157 5833)
3(869 2659 2656)
3(3841 5628 5631)
3(122 2869 123)
3(267 268 5841)
3(1861 1863 1862)
3(4833 4834 4835)
3(3191 3325 1764)
3(6163 4736 6297)
3(2585 2850 731)
3(5557 3703 5822)
3(433 3080 1892)
3(3405 4864 6052)
3(655 2633 703)
3(3627 3675 5605)
3(731 2877 732)
3(3703 3704 5849)
3(2761 3235 2762)
3(5733 5734 6207)
3(1861 1864 1863)
3(4833 4835 4836)
3(3114 3321 1593)
3(6086 4565 6293)
3(1879 3305 3270)
3(4851 6242 6277)
3(661 664 660)
3(3633 3632 3636)
3(516 520 518)
3(3488 3490 3492)
3(1147 2882 1150)
3(4119 4122 5854)
3(2291 2894 2852)
3(5263 5824 5866)
3(1097 1810 1809)
3(4069 4781 4782)
3(1363 2880 1251)
3(4335 4223 5852)
3(2172 2868 2031)
3(5144 5003 5840)
3(1265 2868 2172)
3(4237 5144 5840)
3(681 752 680)
3(3653 3652 3724)
3(959 2618 2292)
3(3931 5264 5590)
3(1501 2825 1520)
3(4473 4492 5797)
3(1813 1828 1827)
3(4785 4799 4800)
3(1828 1953 1829)
3(4800 4801 4925)
3(655 657 656)
3(3627 3628 3629)
3(1562 2805 2514)
3(4534 5486 5777)
3(2394 2901 2388)
3(5366 5360 5873)
3(2771 3315 488)
3(5743 3460 6287)
3(146 2867 147)
3(291 292 5839)
3(2629 3244 520)
3(5601 3492 6216)
3(2226 2818 2254)
3(5198 5226 5790)
3(2885 3013 1923)
3(5857 4895 5985)
3(2683 3163 1104)
3(5655 4076 6135)
3(517 652 515)
3(3489 3487 3624)
3(2914 3249 1664)
3(5886 4636 6221)
3(2744 2745 2726)
3(5716 5698 5717)
3(2745 2789 2726)
3(5717 5698 5761)
3(545 3320 2570)
3(3517 5542 6292)
3(1864 1865 1863)
3(4836 4835 4837)
3(1641 3258 2914)
3(4613 5886 6230)
3(1848 1850 1849)
3(4820 4821 4822)
3(659 660 658)
3(3631 3630 3632)
3(2617 3327 1472)
3(5589 4444 6299)
3(2763 2952 2768)
3(5735 5740 5924)
3(1289 2891 2310)
3(4261 5282 5863)
3(1301 2890 1291)
3(4273 4263 5862)
3(1541 2891 1542)
3(4513 4514 5863)
3(1286 2890 1289)
3(4258 4261 5862)
3(564 2806 563)
3(3536 3535 5778)
3(2483 2810 1444)
3(5455 4416 5782)
3(529 2661 532)
3(3501 3504 5633)
3(2114 3086 1087)
3(5086 4059 6058)
3(657 658 656)
3(3629 3628 3630)
3(521 523 522)
3(3493 3494 3495)
3(1921 2977 437)
3(4893 3409 5949)
3(860 3062 2114)
3(3832 5086 6034)
3(1922 2998 1923)
3(4894 4895 5970)
3(524 525 523)
3(3496 3495 3497)
3(2407 3063 1114)
3(5379 4086 6035)
3(1857 1860 1859)
3(4829 4831 4832)
3(438 2862 211)
3(3410 356 5834)
3(1731 2892 2466)
3(4703 5438 5864)
3(1174 1844 459)
3(4146 3431 4816)
3(2757 2994 2752)
3(5729 5724 5966)
3(2744 2783 2753)
3(5716 5725 5755)
3(814 2813 813)
3(3786 3785 5785)
3(1150 2904 1151)
3(4122 4123 5876)
3(520 521 518)
3(3492 3490 3493)
3(655 656 654)
3(3627 3626 3628)
3(2173 2885 2580)
3(5145 5552 5857)
3(1189 2941 1059)
3(4161 4031 5913)
3(2216 2218 2217)
3(5188 5189 5190)
3(996 2667 1186)
3(3968 4158 5639)
3(1420 2957 1989)
3(4392 4961 5929)
3(832 900 752)
3(3804 3724 3872)
3(900 1031 1030)
3(3872 4002 4003)
3(1031 1062 1032)
3(4003 4004 4034)
3(1028 2811 1086)
3(4000 4058 5783)
3(2043 2959 2042)
3(5015 5014 5931)
3(986 2667 996)
3(3958 3968 5639)
3(1479 1915 1480)
3(4451 4452 4887)
3(2694 2695 2692)
3(5666 5664 5667)
3(1866 2903 2661)
3(4838 5633 5875)
3(1836 3168 2898)
3(4808 5870 6140)
3(2377 2902 1423)
3(5349 4395 5874)
3(1485 2902 1483)
3(4457 4455 5874)
3(813 2924 810)
3(3785 3782 5896)
3(2743 2759 2758)
3(5715 5730 5731)
3(1857 1859 1858)
3(4829 4830 4831)
3(936 938 937)
3(3908 3909 3910)
3(1688 2814 1625)
3(4660 4597 5786)
3(1034 2984 2127)
3(4006 5099 5956)
3(2709 3066 2704)
3(5681 5676 6038)
3(756 2670 1025)
3(3728 3997 5642)
3(1450 2881 1506)
3(4422 4478 5853)
3(2311 2881 1450)
3(5283 4422 5853)
3(673 2670 670)
3(3645 3642 5642)
3(653 655 654)
3(3625 3626 3627)
3(2661 2903 532)
3(5633 3504 5875)
3(2259 2897 2896)
3(5231 5868 5869)
3(1852 1856 1854)
3(4824 4826 4828)
3(1956 2913 1955)
3(4928 4927 5885)
3(1615 3361 1614)
3(4587 4586 6333)
3(1709 1743 1708)
3(4681 4680 4715)
3(1615 3363 3361)
3(4587 6333 6335)
3(2204 2453 2206)
3(5176 5178 5425)
3(2204 2206 2205)
3(5176 5177 5178)
3(511 688 513)
3(3483 3485 3660)
3(549 2883 550)
3(3521 3522 5855)
3(528 2661 529)
3(3500 3501 5633)
3(949 2834 2013)
3(3921 4985 5806)
3(1598 1599 1430)
3(4570 4402 4571)
3(516 518 517)
3(3488 3489 3490)
3(1663 2819 2185)
3(4635 5157 5791)
3(1848 1874 1850)
3(4820 4822 4846)
3(1911 3173 612)
3(4883 3584 6145)
3(2153 2907 2151)
3(5125 5123 5879)
3(671 3385 2019)
3(3643 4991 6357)
3(1850 1852 1851)
3(4822 4823 4824)
3(670 2670 669)
3(3642 3641 5642)
3(1720 3083 3082)
3(4692 6054 6055)
3(2770 2771 2707)
3(5742 5679 5743)
3(944 2815 63)
3(3916 415 5787)
3(556 2898 555)
3(3528 3527 5870)
3(653 654 652)
3(3625 3624 3626)
3(1094 2887 720)
3(4066 3692 5859)
3(1641 2914 1637)
3(4613 4609 5886)
3(1638 2914 1664)
3(4610 4636 5886)
3(197 2922 448)
3(342 3420 5894)
3(2854 3306 3163)
3(5826 6135 6278)
3(565 2820 566)
3(3537 3538 5792)
3(1751 2474 1691)
3(4723 4663 5446)
3(1691 2474 1690)
3(4663 4662 5446)
3(561 2821 562)
3(3533 3534 5793)
3(1969 2880 1569)
3(4941 4541 5852)
3(1252 2880 1969)
3(4224 4941 5852)
3(659 2671 662)
3(3631 3634 5643)
3(2987 2990 2336)
3(5959 5308 5962)
3(1840 3130 1170)
3(4812 4142 6102)
3(2611 2816 665)
3(5583 3637 5788)
3(1852 1854 1853)
3(4824 4825 4826)
3(569 2823 570)
3(3541 3542 5795)
3(1866 2661 2626)
3(4838 5598 5633)
3(1609 2827 1608)
3(4581 4580 5799)
3(1580 3364 1329)
3(4552 4301 6336)
3(1617 3135 1613)
3(4589 4585 6107)
3(1026 2667 986)
3(3998 3958 5639)
3(1860 1861 1859)
3(4832 4831 4833)
3(1410 2828 1412)
3(4382 4384 5800)
3(2270 2272 2271)
3(5242 5243 5244)
3(1467 1468 1466)
3(4439 4438 4440)
3(3135 3139 1613)
3(6107 4585 6111)
3(2384 2878 2382)
3(5356 5354 5850)
3(1614 2830 1611)
3(4586 4583 5802)
3(2601 2822 2160)
3(5573 5132 5794)
3(1031 3038 1062)
3(4003 4034 6010)
3(1406 2831 1408)
3(4378 4380 5803)
3(1614 3361 3339)
3(4586 6311 6333)
3(874 903 875)
3(3846 3847 3875)
3(2019 3385 1023)
3(4991 3995 6357)
3(560 2829 559)
3(3532 3531 5801)
3(1080 3101 2665)
3(4052 5637 6073)
3(1989 2951 1420)
3(4961 4392 5923)
3(1763 2886 2208)
3(4735 5180 5858)
3(2479 3060 1763)
3(5451 4735 6032)
3(922 3381 1835)
3(3894 4807 6353)
3(819 827 817)
3(3791 3789 3799)
3(3163 3306 1104)
3(6135 4076 6278)
3(1856 1857 1854)
3(4828 4826 4829)
3(941 942 938)
3(3913 3910 3914)
3(669 2670 756)
3(3641 3728 5642)
3(424 3090 1961)
3(3396 4933 6062)
3(1461 2833 1364)
3(4433 4336 5805)
3(657 2671 659)
3(3629 3631 5643)
3(1902 3134 474)
3(4874 3446 6106)
3(1721 2836 1723)
3(4693 4695 5808)
3(2102 2837 2105)
3(5074 5077 5809)
3(2657 2866 1075)
3(5629 4047 5838)
3(1877 3305 1879)
3(4849 4851 6277)
3(2260 3131 2220)
3(5232 5192 6103)
3(3043 3145 1078)
3(6015 4050 6117)
3(2767 3095 2472)
3(5739 5444 6067)
3(1184 2850 1182)
3(4156 4154 5822)
3(2152 2907 2822)
3(5124 5794 5879)
3(501 502 500)
3(3473 3472 3474)
3(2276 3220 3103)
3(5248 6075 6192)
3(2866 2974 1075)
3(5838 4047 5946)
3(1870 2903 1867)
3(4842 4839 5875)
3(1312 2838 1309)
3(4284 4281 5810)
3(516 517 515)
3(3488 3487 3489)
3(1220 3104 2128)
3(4192 5100 6076)
3(703 2671 657)
3(3675 3629 5643)
3(1465 1466 1464)
3(4437 4436 4438)
3(2602 2935 2403)
3(5574 5375 5907)
3(2406 3366 1131)
3(5378 4103 6338)
3(2658 2998 1922)
3(5630 4894 5970)
3(665 2816 661)
3(3637 3633 5788)
3(1544 2320 1543)
3(4516 4515 5292)
3(1304 1544 1543)
3(4276 4515 4516)
3(573 2839 574)
3(3545 3546 5811)
3(680 2812 858)
3(3652 3830 5784)
3(661 2816 664)
3(3633 3636 5788)
3(824 826 822)
3(3796 3794 3798)
3(1030 2812 752)
3(4002 3724 5784)
3(78 3000 79)
3(223 224 5972)
3(2629 2963 1858)
3(5601 4830 5935)
3(2549 2841 881)
3(5521 3853 5813)
3(176 2947 430)
3(321 3402 5919)
3(473 2947 175)
3(3445 320 5919)
3(2409 2956 2408)
3(5381 5380 5928)
3(789 2929 786)
3(3761 3758 5901)
3(2400 3051 2399)
3(5372 5371 6023)
3(1684 2981 1782)
3(4656 4754 5953)
3(517 653 652)
3(3489 3624 3625)
3(674 2870 673)
3(3646 3645 5842)
3(1237 2844 2169)
3(4209 5141 5816)
3(2749 2952 2739)
3(5721 5711 5924)
3(2379 2843 2380)
3(5351 5352 5815)
3(1424 2957 1409)
3(4396 4381 5929)
3(1407 2957 1420)
3(4379 4392 5929)
3(2846 3247 1174)
3(5818 4146 6219)
3(2169 2844 2168)
3(5141 5140 5816)
3(1113 3369 2123)
3(4085 5095 6341)
3(2409 3072 1049)
3(5381 4021 6044)
3(2372 2965 2375)
3(5344 5347 5937)
3(446 3190 1997)
3(3418 4969 6162)
3(985 1024 957)
3(3957 3929 3996)
3(1152 3080 1987)
3(4124 4959 6052)
3(465 3050 2110)
3(3437 5082 6022)
3(2290 2968 2894)
3(5262 5866 5940)
3(2674 3173 1898)
3(5646 4870 6145)
3(2683 2685 2684)
3(5655 5656 5657)
3(784 3030 787)
3(3756 3759 6002)
3(2595 2663 482)
3(5567 3454 5635)
3(513 515 512)
3(3485 3484 3487)
3(1025 2832 1027)
3(3997 3999 5804)
3(2471 2912 1674)
3(5443 4646 5884)
3(510 2864 508)
3(3482 3480 5836)
3(1988 3331 803)
3(4960 3775 6303)
3(512 2802 514)
3(3484 3486 5774)
3(683 2908 682)
3(3655 3654 5880)
3(664 2816 2660)
3(3636 5632 5788)
3(1078 1079 1048)
3(4050 4020 4051)
3(1079 1083 1081)
3(4051 4053 4055)
3(513 516 515)
3(3485 3487 3488)
3(2808 3302 439)
3(5780 3411 6274)
3(2638 2797 2765)
3(5610 5737 5769)
3(2308 2911 2795)
3(5280 5767 5883)
3(2482 3293 2943)
3(5454 5915 6265)
3(168 2849 169)
3(313 314 5821)
3(1811 2809 1813)
3(4783 4785 5781)
3(653 2817 2633)
3(3625 5605 5789)
3(216 3203 3)
3(361 7 6175)
3(182 2977 471)
3(327 3443 5949)
3(437 2977 181)
3(3409 326 5949)
3(1053 2972 1141)
3(4025 4113 5944)
3(888 2973 988)
3(3860 3960 5945)
3(905 2979 1137)
3(3877 4109 5951)
3(856 2979 855)
3(3828 3827 5951)
3(1125 1819 1123)
3(4097 4095 4791)
3(2382 2878 2383)
3(5354 5355 5850)
3(2773 2980 2746)
3(5745 5718 5952)
3(2180 2851 2178)
3(5152 5150 5823)
3(1294 2852 1297)
3(4266 4269 5824)
3(1695 2983 1746)
3(4667 4718 5955)
3(1738 2983 1697)
3(4710 4669 5955)
3(1955 3061 2132)
3(4927 5104 6033)
3(461 3336 1963)
3(3433 4935 6308)
3(1539 3058 1538)
3(4511 4510 6030)
3(1469 1470 1468)
3(4441 4440 4442)
3(2666 2968 2290)
3(5638 5262 5940)
3(1591 3229 1570)
3(4563 4542 6201)
3(1705 2856 1710)
3(4677 4682 5828)
3(1100 3036 2847)
3(4072 5819 6008)
3(511 512 510)
3(3483 3482 3484)
3(1900 2974 2866)
3(4872 5838 5946)
3(526 2824 523)
3(3498 3495 5796)
3(577 2855 578)
3(3549 3550 5827)
3(522 2817 518)
3(3494 3490 5789)
3(2182 3313 1534)
3(5154 4506 6285)
3(903 1046 904)
3(3875 3876 4018)
3(1438 3135 2831)
3(4410 5803 6107)
3(1779 2857 1579)
3(4751 4551 5829)
3(1614 3339 2830)
3(4586 5802 6311)
3(1830 2951 1989)
3(4802 4961 5923)
3(2248 3121 2537)
3(5220 5509 6093)
3(523 2824 522)
3(3495 3494 5796)
3(2524 3121 2245)
3(5496 5217 6093)
3(2819 3246 1762)
3(5791 4734 6218)
3(2414 2876 484)
3(5386 3456 5848)
3(1486 1488 1487)
3(4458 4459 4460)
3(1822 2861 1183)
3(4794 4155 5833)
3(1722 3083 1719)
3(4694 4691 6055)
3(507 540 509)
3(3479 3481 3512)
3(2849 3349 455)
3(5821 3427 6321)
3(2132 3061 809)
3(5104 3781 6033)
3(123 2869 481)
3(268 3453 5841)
3(1341 2865 1566)
3(4313 4538 5837)
3(1182 2850 2647)
3(4154 5619 5822)
3(479 2858 40)
3(3451 392 5830)
3(511 513 512)
3(3483 3484 3485)
3(682 2870 674)
3(3654 3646 5842)
3(2580 2998 754)
3(5552 3726 5970)
3(1960 3026 1959)
3(4932 4931 5998)
3(2144 2978 2145)
3(5116 5117 5950)
3(1618 3010 1612)
3(4590 4584 5982)
3(858 2812 890)
3(3830 3862 5784)
3(652 2802 515)
3(3624 3487 5774)
3(2512 3011 1591)
3(5484 4563 5983)
3(2141 2997 2143)
3(5113 5115 5969)
3(1813 2809 1828)
3(4785 4800 5781)
3(2014 3190 446)
3(4986 3418 6162)
3(2491 3015 2743)
3(5463 5715 5987)
3(2438 3015 2490)
3(5410 5462 5987)
3(1262 2868 1265)
3(4234 4237 5840)
3(508 1994 506)
3(3480 3478 4966)
3(611 3029 1833)
3(3583 4805 6001)
3(752 2812 680)
3(3724 3652 5784)
3(1707 3019 2465)
3(4679 5437 5991)
3(2862 3368 1089)
3(5834 4061 6340)
3(1496 2970 1525)
3(4468 4497 5942)
3(3 3203 122)
3(7 267 6175)
3(2266 2853 2680)
3(5238 5652 5825)
3(2482 3027 1766)
3(5454 4738 5999)
3(2766 2936 2795)
3(5738 5767 5908)
3(2290 2894 2291)
3(5262 5263 5866)
3(720 2942 493)
3(3692 3465 5914)
3(2973 2974 2386)
3(5945 5358 5946)
3(2162 3013 2161)
3(5134 5133 5985)
3(1078 2675 1079)
3(4050 4051 5647)
3(1967 2876 1965)
3(4939 4937 5848)
3(1388 3035 1387)
3(4360 4359 6007)
3(483 2871 120)
3(3455 265 5843)
3(673 2870 2832)
3(3645 5804 5842)
3(1685 2873 1711)
3(4657 4683 5845)
3(2832 2870 1146)
3(5804 4118 5842)
3(509 510 508)
3(3481 3480 3482)
3(446 3172 1977)
3(3418 4949 6144)
3(187 3049 2396)
3(332 5368 6021)
3(2647 2850 2585)
3(5619 5557 5822)
3(518 2817 517)
3(3490 3489 5789)
3(2029 2428 1345)
3(5001 4317 5400)
3(1047 1048 904)
3(4019 3876 4020)
3(1914 3097 2902)
3(4886 5874 6069)
3(2123 3369 3272)
3(5095 6244 6341)
3(1032 2846 1030)
3(4004 4002 5818)
3(1140 3106 1991)
3(4112 4963 6078)
3(1156 2887 1046)
3(4128 4018 5859)
3(2625 3117 199)
3(5597 344 6089)
3(1809 3304 1808)
3(4781 4780 6276)
3(3004 3118 1169)
3(5976 4141 6090)
3(732 2877 735)
3(3704 3707 5849)
3(1165 3118 3112)
3(4137 6084 6090)
3(1949 3140 1856)
3(4921 4828 6112)
3(2146 2922 2147)
3(5118 5119 5894)
3(988 2878 2534)
3(3960 5506 5850)
3(509 511 510)
3(3481 3482 3483)
3(482 2867 146)
3(3454 291 5839)
3(952 2905 1925)
3(3924 4897 5877)
3(2764 3246 2819)
3(5736 5791 6218)
3(432 3049 186)
3(3404 331 6021)
3(1772 3123 1318)
3(4744 4290 6095)
3(2007 3117 2625)
3(4979 5597 6089)
3(2232 2910 2234)
3(5204 5206 5882)
3(553 3014 554)
3(3525 3526 5986)
3(501 519 503)
3(3473 3475 3491)
3(213 2884 453)
3(358 3425 5856)
3(450 1038 140)
3(3422 285 4010)
3(2914 3258 2361)
3(5886 5333 6230)
3(809 3061 806)
3(3781 3778 6033)
3(2149 3147 3132)
3(5121 6104 6119)
3(185 3053 432)
3(330 3404 6025)
3(2361 3249 2914)
3(5333 5886 6221)
3(1127 3055 1128)
3(4099 4100 6027)
3(940 1950 945)
3(3912 3917 4922)
3(515 2802 512)
3(3487 3484 5774)
3(1251 2880 1252)
3(4223 4224 5852)
3(2822 2907 2395)
3(5794 5367 5879)
3(472 3120 2404)
3(3444 5376 6092)
3(2799 2860 2859)
3(5771 5831 5832)
3(116 3059 2415)
3(261 5387 6031)
3(2824 3130 1840)
3(5796 4812 6102)
3(443 3059 115)
3(3415 260 6031)
3(2717 3039 3031)
3(5689 6003 6011)
3(1983 3277 3038)
3(4955 6010 6249)
3(109 3063 2407)
3(254 5379 6035)
3(1 3204 72)
3(5 217 6176)
3(467 3063 108)
3(3439 253 6035)
3(2720 3064 2722)
3(5692 5694 6036)
3(1281 3103 2305)
3(4253 5277 6075)
3(516 2840 520)
3(3488 3492 5812)
3(147 3204 1)
3(292 5 6176)
3(507 509 508)
3(3479 3480 3481)
3(1785 3325 3191)
3(4757 6163 6297)
3(2605 3003 2563)
3(5577 5535 5975)
3(795 3270 796)
3(3767 3768 6242)
3(1087 3086 898)
3(4059 3870 6058)
3(975 2616 2615)
3(3947 5587 5588)
3(991 2866 2657)
3(3963 5629 5838)
3(2764 3370 2702)
3(5736 5674 6342)
3(2687 3260 2931)
3(5659 5903 6232)
3(2012 3377 1769)
3(4984 4741 6349)
3(1124 1837 1126)
3(4096 4098 4809)
3(2161 2885 2173)
3(5133 5145 5857)
3(1079 2675 1083)
3(4051 4055 5647)
3(178 3074 474)
3(323 3446 6046)
3(430 3074 177)
3(3402 322 6046)
3(507 508 506)
3(3479 3478 3480)
3(517 2817 653)
3(3489 3625 5789)
3(2279 3016 2278)
3(5251 5250 5988)
3(1684 3060 2981)
3(4656 5953 6032)
3(2356 2360 2359)
3(5328 5331 5332)
3(1852 2845 1856)
3(4824 4828 5817)
3(2310 2891 1541)
3(5282 4513 5863)
3(1291 2890 1286)
3(4263 4258 5862)
3(2000 3098 1999)
3(4972 4971 6070)
3(2206 2453 2340)
3(5178 5312 5425)
3(550 2883 553)
3(3522 3525 5855)
3(2264 3333 2262)
3(5236 5234 6305)
3(1858 2963 1854)
3(4830 4826 5935)
3(447 3087 103)
3(3419 248 6059)
3(480 2940 1930)
3(3452 4902 5912)
3(1047 1078 1048)
3(4019 4020 4050)
3(2980 3235 2761)
3(5952 5733 6207)
3(1493 1495 1494)
3(4465 4466 4467)
3(1538 3058 2025)
3(4510 4997 6030)
3(527 3004 526)
3(3499 3498 5976)
3(11 2889 10)
3(363 362 5861)
3(129 2958 451)
3(274 3423 5930)
3(2930 2931 2760)
3(5902 5732 5903)
3(874 875 829)
3(3846 3801 3847)
3(980 993 992)
3(3952 3964 3965)
3(1807 2892 1800)
3(4779 4772 5864)
3(2423 2892 1731)
3(5395 4703 5864)
3(2046 3234 557)
3(5018 3529 6206)
3(1146 2882 1147)
3(4118 4119 5854)
3(1124 3184 1837)
3(4096 4809 6156)
3(2702 2704 2703)
3(5674 5675 5676)
3(489 3384 3031)
3(3461 6003 6356)
3(3023 3102 1520)
3(5995 4492 6074)
3(2944 3082 2756)
3(5916 5728 6054)
3(1821 1972 1971)
3(4793 4943 4944)
3(1558 3092 2500)
3(4530 5472 6064)
3(1556 3092 1555)
3(4528 4527 6064)
3(2698 2702 2701)
3(5670 5673 5674)
3(2807 3106 1140)
3(5779 4112 6078)
3(1425 3094 1413)
3(4397 4385 6066)
3(1411 3094 1424)
3(4383 4396 6066)
3(2234 2910 2237)
3(5206 5209 5882)
3(2825 3023 1520)
3(5797 4492 5995)
3(1941 3372 1562)
3(4913 4534 6344)
3(688 2840 513)
3(3660 3485 5812)
3(1042 2662 1040)
3(4014 4012 5634)
3(2788 2944 2775)
3(5760 5747 5916)
3(2323 3100 2325)
3(5295 5297 6072)
3(1501 1502 1499)
3(4473 4471 4474)
3(1871 3085 1870)
3(4843 4842 6057)
3(1573 3102 2196)
3(4545 5168 6074)
3(2246 2968 2666)
3(5218 5638 5940)
3(936 937 935)
3(3908 3907 3909)
3(2775 2944 2747)
3(5747 5719 5916)
3(1527 3171 1980)
3(4499 4952 6143)
3(200 3117 426)
3(345 3398 6089)
3(1300 2894 2298)
3(4272 5270 5866)
3(2993 3041 490)
3(5965 3462 6013)
3(2195 3107 1917)
3(5167 4889 6079)
3(1596 3107 2455)
3(4568 5427 6079)
3(860 3024 708)
3(3832 3680 5996)
3(2616 2617 1472)
3(5588 4444 5589)
3(1561 3108 2486)
3(4533 5458 6080)
3(2227 2879 2224)
3(5199 5196 5851)
3(559 2898 556)
3(3531 3528 5870)
3(1471 1474 1470)
3(4443 4442 4446)
3(2677 3166 789)
3(5649 3761 6138)
3(1931 3300 1864)
3(4903 4836 6272)
3(2268 2679 2678)
3(5240 5650 5651)
3(2763 3153 2952)
3(5735 5924 6125)
3(2388 2901 2390)
3(5360 5362 5873)
3(709 3062 860)
3(3681 3832 6034)
3(447 3078 1181)
3(3419 4153 6050)
3(533 2995 536)
3(3505 3508 5967)
3(1301 3183 1993)
3(4273 4965 6155)
3(1993 3183 1796)
3(4965 4768 6155)
3(2831 3135 1617)
3(5803 4589 6107)
3(2747 2944 2756)
3(5719 5728 5916)
3(1815 3382 2038)
3(4787 5010 6354)
3(750 3086 718)
3(3722 3690 6058)
3(2679 3001 2678)
3(5651 5650 5973)
3(2006 3166 2004)
3(4978 4976 6138)
3(1967 3349 2849)
3(4939 5821 6321)
3(3174 3391 2966)
3(6146 5938 6363)
3(2015 3079 2001)
3(4987 4973 6051)
3(1874 2845 1850)
3(4846 4822 5817)
3(2045 3234 2046)
3(5017 5018 6206)
3(1151 2904 1154)
3(4123 4126 5876)
3(668 3385 671)
3(3640 3643 6357)
3(1483 2902 2377)
3(4455 5349 5874)
3(2149 3132 1240)
3(5121 4212 6104)
3(1215 3132 2299)
3(4187 5271 6104)
3(1240 3132 1230)
3(4212 4202 6104)
3(1057 3158 1055)
3(4029 4027 6130)
3(180 3134 437)
3(325 3409 6106)
3(474 3134 179)
3(3446 324 6106)
3(687 3042 686)
3(3659 3658 6014)
3(2970 2971 1525)
3(5942 4497 5943)
3(682 2908 2882)
3(3654 5854 5880)
3(2264 2680 2268)
3(5236 5240 5652)
3(903 904 875)
3(3875 3847 3876)
3(1982 2950 486)
3(4954 3458 5922)
3(1913 3010 977)
3(4885 3949 5982)
3(2283 3251 2374)
3(5255 5346 6223)
3(1881 3395 2571)
3(4853 5543 6367)
3(1038 3227 141)
3(4010 286 6199)
3(3167 3280 980)
3(6139 3952 6252)
3(1111 3343 1984)
3(4083 4956 6315)
3(718 3062 711)
3(3690 3683 6034)
3(1566 3114 1593)
3(4538 4565 6086)
3(2436 2650 2440)
3(5408 5412 5622)
3(2107 3120 2104)
3(5079 5076 6092)
3(1144 2992 1026)
3(4116 3998 5964)
3(2110 2915 2112)
3(5082 5084 5887)
3(14 3197 13)
3(366 365 6169)
3(1850 2845 1852)
3(4822 4824 5817)
3(2428 3009 1263)
3(5400 4235 5981)
3(2712 2911 2715)
3(5684 5687 5883)
3(2402 2972 443)
3(5374 3415 5944)
3(1963 3322 1964)
3(4935 4936 6294)
3(2369 2965 2441)
3(5341 5413 5937)
3(1232 1253 1235)
3(4204 4207 4225)
3(2151 2907 2152)
3(5123 5124 5879)
3(2990 3291 2336)
3(5962 5308 6263)
3(1372 3242 2449)
3(4344 5421 6214)
3(1959 2913 1956)
3(4931 4928 5885)
3(963 1124 1123)
3(3935 4095 4096)
3(1046 1047 904)
3(4018 3876 4019)
3(2396 3358 2395)
3(5368 5367 6330)
3(513 2840 516)
3(3485 3488 5812)
3(2994 3125 2752)
3(5966 5724 6097)
3(505 507 506)
3(3477 3478 3479)
3(1888 3081 1907)
3(4860 4879 6053)
3(907 3069 832)
3(3879 3804 6041)
3(969 3321 3114)
3(3941 6086 6293)
3(2529 3366 2406)
3(5501 5378 6338)
3(2416 2941 483)
3(5388 3455 5913)
3(1018 3366 2529)
3(3990 5501 6338)
3(1058 3141 1057)
3(4030 4029 6113)
3(505 506 504)
3(3477 3476 3478)
3(2882 2908 1150)
3(5854 4122 5880)
3(2877 2946 735)
3(5849 3707 5918)
3(1456 3171 1527)
3(4428 4499 6143)
3(2317 2943 1353)
3(5289 4325 5915)
3(2486 2925 1521)
3(5458 4493 5897)
3(2449 3196 1461)
3(5421 4433 6168)
3(2860 3334 2684)
3(5832 5656 6306)
3(1061 3186 2598)
3(4033 5570 6158)
3(1326 3047 1257)
3(4298 4229 6019)
3(2145 3051 2610)
3(5117 5582 6023)
3(1853 2985 1851)
3(4825 4823 5957)
3(810 2924 809)
3(3782 3781 5896)
3(2360 2363 2353)
3(5332 5325 5335)
3(2856 2991 1710)
3(5828 4682 5963)
3(2407 3189 434)
3(5379 3406 6161)
3(501 503 502)
3(3473 3474 3475)
3(1637 2914 1638)
3(4609 4610 5886)
3(2458 3289 2457)
3(5430 5429 6261)
3(428 3388 195)
3(3400 340 6360)
3(2663 2867 482)
3(5635 3454 5839)
3(2150 3147 2149)
3(5122 5121 6119)
3(503 505 504)
3(3475 3476 3477)
3(1542 3214 1356)
3(4514 4328 6186)
3(166 3216 4)
3(311 8 6188)
3(121 3215 2)
3(266 6 6187)
3(4 3216 167)
3(8 312 6188)
3(2 3215 148)
3(6 293 6187)
3(2894 2968 2298)
3(5866 5270 5940)
3(3155 3233 1100)
3(6127 4072 6205)
3(520 3187 2629)
3(3492 5601 6159)
3(449 3383 154)
3(3421 299 6355)
3(156 3379 440)
3(301 3412 6351)
3(1769 3377 1739)
3(4741 4711 6349)
3(1882 3395 1881)
3(4854 4853 6367)
3(1831 2951 1830)
3(4803 4802 5923)
3(1533 3365 1534)
3(4505 4506 6337)
3(1155 3105 1893)
3(4127 4865 6077)
3(1021 3273 2802)
3(3993 5774 6245)
3(2496 3354 1781)
3(5468 4753 6326)
3(2374 3251 2247)
3(5346 5219 6223)
3(2244 3251 2251)
3(5216 5223 6223)
3(503 504 502)
3(3475 3474 3476)
3(1876 3192 1875)
3(4848 4847 6164)
3(196 2922 197)
3(341 342 5894)
3(444 3337 161)
3(3416 306 6309)
3(1426 3339 2429)
3(4398 5401 6311)
3(168 2872 2849)
3(313 5821 5844)
3(163 3336 461)
3(308 3433 6308)
3(100 3301 101)
3(245 246 6273)
3(440 3379 2587)
3(3412 5559 6351)
3(1355 3332 1342)
3(4327 4314 6304)
3(2100 3188 2099)
3(5072 5071 6160)
3(1145 3090 1144)
3(4117 4116 6062)
3(1801 2921 1105)
3(4773 4077 5893)
3(1240 3317 2148)
3(4212 5120 6289)
3(805 3169 802)
3(3777 3774 6141)
3(1096 3239 1928)
3(4068 4900 6211)
3(2168 3047 1326)
3(5140 4298 6019)
3(1241 3317 1240)
3(4213 4212 6289)
3(997 3322 1963)
3(3969 4935 6294)
3(1104 3306 3228)
3(4076 6200 6278)
3(2004 3166 2677)
3(4976 5649 6138)
3(2716 3261 2720)
3(5688 5692 6233)
3(910 3322 909)
3(3882 3881 6294)
3(2537 3121 2278)
3(5509 5250 6093)
3(1867 2903 1866)
3(4839 4838 5875)
3(1973 3225 1860)
3(4945 4832 6197)
3(792 3193 795)
3(3764 3767 6165)
3(2531 3330 870)
3(5503 3842 6302)
3(686 2908 683)
3(3658 3655 5880)
3(749 3272 719)
3(3721 3691 6244)
3(1254 1316 1315)
3(4226 4287 4288)
3(1945 3043 460)
3(4917 3432 6015)
3(1154 3077 1155)
3(4126 4127 6049)
3(2563 2967 2246)
3(5535 5218 5939)
3(1585 2888 1842)
3(4557 4814 5860)
3(917 995 983)
3(3889 3955 3967)
3(2516 3142 2391)
3(5488 5363 6114)
3(958 982 965)
3(3930 3937 3954)
3(1235 2982 1237)
3(4207 4209 5954)
3(797 3387 794)
3(3769 3766 6359)
3(2795 2911 2712)
3(5767 5684 5883)
3(786 2929 785)
3(3758 3757 5901)
3(1996 3044 1855)
3(4968 4827 6016)
3(769 3222 2572)
3(3741 5544 6194)
3(2719 2790 2718)
3(5691 5690 5762)
3(2741 2790 2719)
3(5713 5691 5762)
3(1811 2953 2809)
3(4783 5781 5925)
3(531 3112 530)
3(3503 3502 6084)
3(2752 3125 2784)
3(5724 5756 6097)
3(801 3271 798)
3(3773 3770 6243)
3(2611 2964 2816)
3(5583 5788 5936)
3(2816 2964 2660)
3(5788 5632 5936)
3(3012 3245 460)
3(5984 3432 6217)
3(2574 3292 1099)
3(5546 4071 6264)
3(995 1178 1033)
3(3967 4005 4150)
3(2665 2939 875)
3(5637 3847 5911)
3(1041 3266 1043)
3(4013 4015 6238)
3(3013 3180 1923)
3(5985 4895 6152)
3(508 2864 1994)
3(3480 4966 5836)
3(1997 3172 446)
3(4969 3418 6144)
3(1023 3385 666)
3(3995 3638 6357)
3(2592 2956 1072)
3(5564 4044 5928)
3(1099 3292 2602)
3(4071 5574 6264)
3(450 3025 1038)
3(3422 4010 5997)
3(557 3234 558)
3(3529 3530 6206)
3(1497 3007 1572)
3(4469 4544 5979)
3(2662 3022 1040)
3(5634 4012 5994)
3(2403 2935 466)
3(5375 3438 5907)
3(1720 3082 2944)
3(4692 5916 6054)
3(1884 3162 1887)
3(4856 4859 6134)
3(1821 1990 1972)
3(4793 4944 4962)
3(2256 2524 2240)
3(5228 5212 5496)
3(495 612 497)
3(3467 3469 3584)
3(923 3138 925)
3(3895 3897 6110)
3(2258 2826 2227)
3(5230 5199 5798)
3(2338 2418 2205)
3(5310 5177 5390)
3(2042 2959 783)
3(5014 3755 5931)
3(890 3052 885)
3(3862 3857 6024)
3(2284 2804 2285)
3(5256 5257 5776)
3(1051 3072 1890)
3(4023 4862 6044)
3(2269 2279 2278)
3(5241 5250 5251)
3(2395 3358 2822)
3(5367 5794 6330)
3(2616 3182 2617)
3(5588 5589 6154)
3(2861 3301 429)
3(5833 3401 6273)
3(921 960 919)
3(3893 3891 3932)
3(1115 3341 3138)
3(4087 6110 6313)
3(1942 2999 1537)
3(4914 4509 5971)
3(3031 3039 489)
3(6003 3461 6011)
3(1954 3093 1957)
3(4926 4929 6065)
3(1582 2949 1583)
3(4554 4555 5921)
3(1820 1821 1044)
3(4792 4016 4793)
3(1059 2941 1127)
3(4031 4099 5913)
3(3109 3219 1569)
3(6081 4541 6191)
3(1778 3218 2125)
3(4750 5097 6190)
3(1720 2944 2788)
3(4692 5760 5916)
3(1580 3113 2955)
3(4552 5927 6085)
3(1794 3183 2201)
3(4766 5173 6155)
3(524 3244 2628)
3(3496 5600 6216)
3(3084 3344 966)
3(6056 3938 6316)
3(1772 3240 3123)
3(4744 6095 6212)
3(1125 2643 1819)
3(4097 4791 5615)
3(3058 3208 3032)
3(6030 6004 6180)
3(2401 2978 428)
3(5373 3400 5950)
3(2994 3352 2753)
3(5966 5725 6324)
3(2628 3244 2629)
3(5600 5601 6216)
3(439 3000 78)
3(3411 223 5972)
3(1957 3172 1958)
3(4929 4930 6144)
3(2379 3349 1966)
3(5351 4938 6321)
3(487 3277 1983)
3(3459 4955 6249)
3(1506 1509 1508)
3(4478 4480 4481)
3(1152 3156 1149)
3(4124 4121 6128)
3(535 3202 534)
3(3507 3506 6174)
3(1998 3190 2001)
3(4970 4973 6162)
3(735 2946 2522)
3(3707 5494 5918)
3(1990 1991 1972)
3(4962 4944 4963)
3(1704 2454 1703)
3(4676 4675 5426)
3(1703 2454 1706)
3(4675 4678 5426)
3(1879 3243 1880)
3(4851 4852 6215)
3(1475 1476 1474)
3(4447 4446 4448)
3(442 1094 720)
3(3414 3692 4066)
3(175 2947 176)
3(320 321 5919)
3(2125 3218 1743)
3(5097 4715 6190)
3(1950 2286 1951)
3(4922 4923 5258)
3(2696 3230 2792)
3(5668 5764 6202)
3(2127 2964 2611)
3(5099 5583 5936)
3(2539 2650 2436)
3(5511 5408 5622)
3(2685 2688 2686)
3(5657 5658 5660)
3(2878 3295 2383)
3(5850 5355 6267)
3(2713 2801 2711)
3(5685 5683 5773)
3(2739 2952 2740)
3(5711 5712 5924)
3(539 3303 538)
3(3511 3510 6275)
3(824 2939 826)
3(3796 3798 5911)
3(1409 2957 1407)
3(4381 4379 5929)
3(2408 2956 467)
3(5380 3439 5928)
3(2465 3191 1764)
3(5437 4736 6163)
3(2830 3339 1426)
3(5802 4398 6311)
3(1460 3262 2893)
3(4432 5865 6234)
3(910 3073 1966)
3(3882 4938 6045)
3(2795 2936 2308)
3(5767 5280 5908)
3(2029 2573 2428)
3(5001 5400 5545)
3(425 3093 1953)
3(3397 4925 6065)
3(2028 3056 2032)
3(5000 5004 6028)
3(942 3376 950)
3(3914 3922 6348)
3(3076 3278 899)
3(6048 3871 6250)
3(457 3028 138)
3(3429 283 6000)
3(2767 3261 3095)
3(5739 6067 6233)
3(955 961 954)
3(3927 3926 3933)
3(2023 2024 1346)
3(4995 4318 4996)
3(3193 3243 795)
3(6165 3767 6215)
3(2002 3079 2005)
3(4974 4977 6051)
3(1856 3140 1857)
3(4828 4829 6112)
3(2435 2965 2372)
3(5407 5344 5937)
3(2931 3260 2686)
3(5903 5658 6232)
3(1095 3110 1097)
3(4067 4069 6082)
3(2298 2967 2297)
3(5270 5269 5939)
3(686 3042 2904)
3(3658 5876 6014)
3(1753 2347 1751)
3(4725 4723 5319)
3(953 3161 1602)
3(3925 4574 6133)
3(788 3129 791)
3(3760 3763 6101)
3(519 3116 2674)
3(3491 5646 6088)
3(2989 2990 2987)
3(5961 5959 5962)
3(2959 3030 783)
3(5931 3755 6002)
3(1047 3043 1078)
3(4019 4050 6015)
3(1890 3087 1179)
3(4862 4151 6059)
3(2573 3009 2428)
3(5545 5400 5981)
3(829 2939 824)
3(3801 3796 5911)
3(1585 1842 1504)
3(4557 4476 4814)
3(1668 2345 1654)
3(4640 4626 5317)
3(2896 2897 2826)
3(5868 5798 5869)
3(2416 3367 2941)
3(5388 5913 6339)
3(1774 3199 1773)
3(4746 4745 6171)
3(2718 2801 2713)
3(5690 5685 5773)
3(3040 3378 2355)
3(6012 5327 6350)
3(1892 3080 1153)
3(4864 4125 6052)
3(2929 2997 785)
3(5901 3757 5969)
3(520 3244 521)
3(3492 3493 6216)
3(1769 3071 2012)
3(4741 4984 6043)
3(3151 3231 2633)
3(6123 5605 6203)
3(2384 3330 2878)
3(5356 5850 6302)
3(102 3078 447)
3(247 3419 6050)
3(2337 3311 2920)
3(5309 5892 6283)
3(861 3073 910)
3(3833 3882 6045)
3(497 2937 499)
3(3469 3471 5909)
3(988 3295 2878)
3(3960 5850 6267)
3(1124 1125 1123)
3(4096 4095 4097)
3(526 3130 2824)
3(3498 5796 6102)
3(454 3038 1948)
3(3426 4920 6010)
3(2889 3321 969)
3(5861 3941 6293)
3(1175 2972 1053)
3(4147 4025 5944)
3(1941 3017 944)
3(4913 3916 5989)
3(1706 1709 1708)
3(4678 4680 4681)
3(1075 2973 888)
3(4047 3860 5945)
3(1040 3022 1009)
3(4012 3981 5994)
3(2320 2803 2458)
3(5292 5430 5775)
3(1788 3181 2905)
3(4760 5877 6153)
3(2345 2961 2363)
3(5317 5335 5933)
3(2297 3091 1311)
3(5269 4283 6063)
3(1810 2953 1811)
3(4782 4783 5925)
3(2206 2338 2205)
3(5178 5177 5310)
3(2927 2928 1118)
3(5899 4090 5900)
3(1808 3239 1096)
3(4780 4068 6211)
3(181 2977 182)
3(326 327 5949)
3(3077 3105 1155)
3(6049 4127 6077)
3(960 3344 1971)
3(3932 4943 6316)
3(1503 2966 1512)
3(4475 4484 5938)
3(989 1009 964)
3(3961 3936 3981)
3(855 2979 905)
3(3827 3877 5951)
3(1043 1044 1042)
3(4015 4014 4016)
3(1135 2984 1034)
3(4107 4006 5956)
3(1687 2980 2773)
3(4659 5745 5952)
3(1854 2963 1853)
3(4826 4825 5935)
3(1945 3145 3043)
3(4917 6015 6117)
3(1697 2983 1695)
3(4669 4667 5955)
3(2230 2250 2232)
3(5202 5204 5222)
3(2147 2978 2144)
3(5119 5116 5950)
3(1864 3300 1865)
3(4836 4837 6272)
3(2927 3281 1590)
3(5899 4562 6253)
3(3042 3077 1154)
3(6014 4126 6049)
3(2353 2363 2350)
3(5325 5322 5335)
3(1710 2991 2464)
3(4682 5436 5963)
3(1842 2932 1504)
3(4814 4476 5904)
3(1837 1838 1126)
3(4809 4098 4810)
3(1860 3225 1861)
3(4832 4833 6197)
3(2965 3146 2441)
3(5937 5413 6118)
3(1573 3174 3102)
3(4545 6074 6146)
3(2391 3142 2393)
3(5363 5365 6114)
3(1165 3164 1162)
3(4137 4134 6136)
3(938 958 937)
3(3910 3909 3930)
3(1562 3372 2805)
3(4534 5777 6344)
3(2913 3169 805)
3(5885 3777 6141)
3(1604 3275 2834)
3(4576 5806 6247)
3(2262 3333 2896)
3(5234 5868 6305)
3(2273 3390 2274)
3(5245 5246 6362)
3(2200 3249 2344)
3(5172 5316 6221)
3(995 2653 1178)
3(3967 4150 5625)
3(1835 3279 2662)
3(4807 5634 6251)
3(1762 2698 1755)
3(4734 4727 5670)
3(1131 3366 2664)
3(4103 5636 6338)
3(785 2997 2141)
3(3757 5113 5969)
3(2941 3367 1127)
3(5913 4099 6339)
3(1033 3205 983)
3(4005 3955 6177)
3(2331 2332 1704)
3(5303 4676 5304)
3(1828 3179 1953)
3(4800 4925 6151)
3(1043 1820 1044)
3(4015 4016 4792)
3(2245 3121 2248)
3(5217 5220 6093)
3(2824 3151 522)
3(5796 3494 6123)
3(2789 2796 2741)
3(5761 5713 5768)
3(2922 3388 2147)
3(5894 5119 6360)
3(2356 3258 1654)
3(5328 4626 6230)
3(1463 2311 1452)
3(4435 4424 5283)
3(2345 2356 1654)
3(5317 4626 5328)
3(1233 1346 1345)
3(4205 4317 4318)
3(1730 3083 1722)
3(4702 4694 6055)
3(3103 3289 2276)
3(6075 5248 6261)
3(2159 3053 2162)
3(5131 5134 6025)
3(2804 2923 2033)
3(5776 5005 5895)
3(1765 3377 2011)
3(4737 4983 6349)
3(3221 3290 2272)
3(6193 5244 6262)
3(1870 2995 2903)
3(4842 5875 5967)
3(2592 3386 2956)
3(5564 5928 6358)
3(2464 3354 2367)
3(5436 5339 6326)
3(2221 2222 2219)
3(5193 5191 5194)
3(2216 2312 2220)
3(5188 5192 5284)
3(870 3073 861)
3(3842 3833 6045)
3(1991 3217 1140)
3(4963 4112 6189)
3(2353 3378 2360)
3(5325 5332 6350)
3(875 2939 829)
3(3847 3801 5911)
3(2026 2028 2027)
3(4998 4999 5000)
3(2332 2335 2334)
3(5304 5306 5307)
3(1132 2958 492)
3(4104 3464 5930)
3(1489 1492 1488)
3(4461 4460 4464)
3(2025 3058 3032)
3(4997 6004 6030)
3(1601 3206 1064)
3(4573 4036 6178)
3(1612 3010 1615)
3(4584 4587 5982)
3(2686 3309 2931)
3(5658 5903 6281)
3(532 2995 533)
3(3504 3505 5967)
3(1999 3026 1960)
3(4971 4932 5998)
3(1158 3257 1157)
3(4130 4129 6229)
3(2281 3003 2605)
3(5253 5577 5975)
3(1589 3011 2512)
3(4561 5484 5983)
3(1845 3373 1789)
3(4817 4761 6345)
3(101 3078 102)
3(246 247 6050)
3(2674 3116 2937)
3(5646 5909 6088)
3(2394 3268 2901)
3(5366 5873 6240)
3(2358 3040 2355)
3(5330 5327 6012)
3(663 3217 1992)
3(3635 4964 6189)
3(2984 3069 907)
3(5956 3879 6041)
3(2660 2964 907)
3(5632 3879 5936)
3(2011 3377 2012)
3(4983 4984 6349)
3(530 3004 527)
3(3502 3499 5976)
3(3227 3250 441)
3(6199 3413 6222)
3(2490 3015 2491)
3(5462 5463 5987)
3(2681 2683 2682)
3(5653 5654 5655)
3(2802 3273 514)
3(5774 3486 6245)
3(2875 2986 2341)
3(5847 5313 5958)
3(783 3030 784)
3(3755 3756 6002)
3(1346 2029 1345)
3(4318 4317 5001)
3(2400 3142 773)
3(5372 3745 6114)
3(2468 3019 1707)
3(5440 4679 5991)
3(1898 3173 1911)
3(4870 4883 6145)
3(1101 3115 2989)
3(4073 5961 6087)
3(2675 2950 1083)
3(5647 4055 5922)
3(2878 3330 2534)
3(5850 5506 6302)
3(1506 2881 1509)
3(4478 4481 5853)
3(2364 3023 1391)
3(5336 4363 5995)
3(2200 2343 2342)
3(5172 5314 5315)
3(1255 3089 2982)
3(4227 5954 6061)
3(554 3014 557)
3(3526 3529 5986)
3(1099 3189 1098)
3(4071 4070 6161)
3(1046 3012 1047)
3(4018 4019 5984)
3(460 3245 126)
3(3432 271 6217)
3(1477 1478 1476)
3(4449 4448 4450)
3(1766 3027 1770)
3(4738 4742 5999)
3(1781 3354 2991)
3(4753 5963 6326)
3(3165 3196 1598)
3(6137 4570 6168)
3(2846 3201 890)
3(5818 3862 6173)
3(1678 2961 1668)
3(4650 4640 5933)
3(2423 3127 2892)
3(5395 5864 6099)
3(3023 3035 1391)
3(5995 4363 6007)
3(754 2998 2658)
3(3726 5630 5970)
3(1083 3099 1081)
3(4055 4053 6071)
3(1237 2982 2844)
3(4209 5816 5954)
3(2892 3127 1800)
3(5864 4772 6099)
3(2602 3189 1099)
3(5574 4071 6161)
3(1822 3301 2861)
3(4794 5833 6273)
3(1305 1306 1303)
3(4277 4275 4278)
3(2956 3386 467)
3(5928 3439 6358)
3(1041 1043 1042)
3(4013 4014 4015)
3(1391 3035 1388)
3(4363 4360 6007)
3(1311 3091 2467)
3(4283 5439 6063)
3(900 3276 1031)
3(3872 4003 6248)
3(1346 2909 2023)
3(4318 4995 5881)
3(507 3324 540)
3(3479 3512 6296)
3(1453 1462 1452)
3(4425 4424 4434)
3(2744 2753 2750)
3(5716 5722 5725)
3(1305 2030 1306)
3(4277 4278 5002)
3(1804 3114 2865)
3(4776 5837 6086)
3(826 3185 822)
3(3798 3794 6157)
3(2687 3057 2859)
3(5659 5831 6029)
3(1026 2992 2667)
3(3998 5639 5964)
3(2200 2344 2343)
3(5172 5315 5316)
3(431 3111 2413)
3(3403 5385 6083)
3(2772 3153 2763)
3(5744 5735 6125)
3(2360 3378 2359)
3(5332 5331 6350)
3(708 3024 871)
3(3680 3843 5996)
3(3017 3332 1355)
3(5989 4327 6304)
3(1041 1042 1040)
3(4013 4012 4014)
3(435 3141 2099)
3(3407 5071 6113)
3(3001 3224 2279)
3(5973 5251 6196)
3(2904 3042 1154)
3(5876 4126 6014)
3(703 3259 2671)
3(3675 5643 6231)
3(914 2976 917)
3(3886 3889 5948)
3(2678 3001 2279)
3(5650 5251 5973)
3(1124 1126 1125)
3(4096 4097 4098)
3(958 964 937)
3(3930 3909 3936)
3(958 965 964)
3(3930 3936 3937)
3(458 3008 1938)
3(3430 4910 5980)
3(1049 3072 1051)
3(4021 4023 6044)
3(1334 1340 1339)
3(4306 4311 4312)
3(985 1088 1024)
3(3957 3996 4060)
3(2699 2962 2790)
3(5671 5762 5934)
3(2347 2474 1751)
3(5319 4723 5446)
3(925 3138 939)
3(3897 3911 6110)
3(2070 3050 465)
3(5042 3437 6022)
3(2216 2220 2218)
3(5188 5190 5192)
3(1976 3093 425)
3(4948 3397 6065)
3(1987 3080 433)
3(4959 3405 6052)
3(2331 2419 2332)
3(5303 5304 5391)
3(2755 2760 2754)
3(5727 5726 5732)
3(1937 3115 1101)
3(4909 4073 6087)
3(1453 1464 1462)
3(4425 4434 4436)
3(3026 3271 801)
3(5998 3773 6243)
3(965 994 989)
3(3937 3961 3966)
3(1840 3231 3151)
3(4812 6123 6203)
3(196 3388 2922)
3(341 5894 6360)
3(426 3079 2015)
3(3398 4987 6051)
3(2952 3153 2740)
3(5924 5712 6125)
3(965 989 964)
3(3937 3936 3961)
3(2651 2800 2798)
3(5623 5770 5772)
3(3019 3191 2465)
3(5991 5437 6163)
3(2435 3146 2965)
3(5407 5937 6118)
3(1153 3080 1152)
3(4125 4124 6052)
3(1461 3165 2833)
3(4433 5805 6137)
3(2930 3057 2687)
3(5902 5659 6029)
3(1872 3371 1873)
3(4844 4845 6343)
3(3160 3240 1772)
3(6132 4744 6212)
3(2001 3079 2002)
3(4973 4974 6051)
3(3098 3387 797)
3(6070 3769 6359)
3(819 3283 827)
3(3791 3799 6255)
3(186 3049 187)
3(331 332 6021)
3(2448 3198 2183)
3(5420 5155 6170)
3(1316 1330 1329)
3(4288 4301 4302)
3(2758 3057 2772)
3(5730 5744 6029)
3(3009 3178 2031)
3(5981 5003 6150)
3(1358 1360 1359)
3(4330 4331 4332)
3(3008 3041 1938)
3(5980 4910 6013)
3(1840 3151 2824)
3(4812 5796 6123)
3(688 3037 2840)
3(3660 5812 6009)
3(806 3061 805)
3(3778 3777 6033)
3(2745 2796 2789)
3(5717 5761 5768)
3(2754 2934 2778)
3(5726 5750 5906)
3(184 3053 185)
3(329 330 6025)
3(1166 3118 1165)
3(4138 4137 6090)
3(787 3129 788)
3(3759 3760 6101)
3(2711 2714 2709)
3(5683 5681 5686)
3(2364 3102 3023)
3(5336 5995 6074)
3(3011 3382 968)
3(5983 3940 6354)
3(2414 3175 2876)
3(5386 5848 6147)
3(2787 3235 1687)
3(5759 4659 6207)
3(693 3042 687)
3(3665 3659 6014)
3(1082 3101 1080)
3(4054 4052 6073)
3(2784 3125 2783)
3(5756 5755 6097)
3(1128 3055 2594)
3(4100 5566 6027)
3(115 3059 116)
3(260 261 6031)
3(2863 2985 688)
3(5835 3660 5957)
3(1544 2803 2320)
3(4516 5292 5775)
3(1162 3164 1161)
3(4134 4133 6136)
3(1618 3282 3010)
3(4590 5982 6254)
3(1804 3229 972)
3(4776 3944 6201)
3(2843 3073 870)
3(5815 3842 6045)
3(1236 2909 1233)
3(4208 4205 5881)
3(1039 1040 1009)
3(4011 3981 4012)
3(2903 2995 532)
3(5875 3504 5967)
3(2610 3051 777)
3(5582 3749 6023)
3(108 3063 109)
3(253 254 6035)
3(2688 2691 2689)
3(5660 5661 5663)
3(2125 3006 1779)
3(5097 4751 5978)
3(3091 3160 2467)
3(6063 5439 6132)
3(1599 2895 1430)
3(4571 4402 5867)
3(2722 3064 2761)
3(5694 5733 6036)
3(2457 3103 1281)
3(5429 4253 6075)
3(1787 3060 1684)
3(4759 4656 6032)
3(501 3116 519)
3(3473 3491 6088)
3(3033 3209 1117)
3(6005 4089 6181)
3(1569 3219 1358)
3(4541 4330 6191)
3(2126 3006 2125)
3(5098 5097 5978)
3(1532 3314 1582)
3(4504 4554 6286)
3(2792 2793 2696)
3(5764 5668 5765)
3(2299 3147 1220)
3(5271 4192 6119)
3(1820 3152 1821)
3(4792 4793 6124)
3(3027 3123 1770)
3(5999 4742 6095)
3(711 3062 709)
3(3683 3681 6034)
3(2393 3142 2400)
3(5365 5372 6114)
3(2115 3111 431)
3(5087 3403 6083)
3(536 3159 537)
3(3508 3509 6131)
3(2876 3175 1965)
3(5848 4937 6147)
3(2967 2968 2246)
3(5939 5218 5940)
3(2298 2968 2967)
3(5270 5939 5940)
3(2280 3240 3160)
3(5252 6132 6212)
3(2363 2961 2346)
3(5335 5318 5933)
3(2933 3128 951)
3(5905 3923 6100)
3(1582 3314 2591)
3(4554 5563 6286)
3(537 3159 541)
3(3509 3513 6131)
3(1143 3168 1836)
3(4115 4808 6140)
3(1966 3349 1967)
3(4938 4939 6321)
3(427 3072 2409)
3(3399 5381 6044)
3(1490 1491 1487)
3(4462 4459 4463)
3(885 3052 1045)
3(3857 4017 6024)
3(1875 3085 1871)
3(4847 4843 6057)
3(932 934 930)
3(3904 3902 3906)
3(1562 3332 1941)
3(4534 4913 6304)
3(177 3074 178)
3(322 323 6046)
3(939 957 940)
3(3911 3912 3929)
3(958 3119 982)
3(3930 3954 6091)
3(3161 3374 1063)
3(6133 4035 6346)
3(450 3359 3025)
3(3422 5997 6331)
3(1181 3078 1822)
3(4153 4794 6050)
3(1178 3227 3226)
3(4150 6198 6199)
3(1994 3266 611)
3(4966 3583 6238)
3(132 3233 3155)
3(277 6127 6205)
3(2201 3183 1301)
3(5173 4273 6155)
3(2826 3362 2227)
3(5798 5199 6334)
3(2593 3232 2808)
3(5565 5780 6204)
3(2756 3082 2782)
3(5728 5754 6054)
3(1024 3253 2267)
3(3996 5239 6225)
3(832 3069 901)
3(3804 3873 6041)
3(514 3273 3152)
3(3486 6124 6245)
3(103 3087 104)
3(248 249 6059)
3(1690 2346 1678)
3(4662 4650 5318)
3(2003 3098 2000)
3(4975 4972 6070)
3(1039 1041 1040)
3(4011 4012 4013)
3(2260 2287 2225)
3(5232 5197 5259)
3(2033 2899 2804)
3(5005 5776 5871)
3(693 3077 3042)
3(3665 6014 6049)
3(2778 2938 2751)
3(5750 5723 5910)
3(898 3086 750)
3(3870 3722 6058)
3(1009 3070 964)
3(3981 3936 6042)
3(2977 3180 471)
3(5949 3443 6152)
3(3254 3356 491)
3(6226 3463 6328)
3(1837 2993 1838)
3(4809 4810 5965)
3(1303 2923 1304)
3(4275 4276 5895)
3(1170 3130 1169)
3(4142 4141 6102)
3(2467 3160 1772)
3(5439 4744 6132)
3(1965 3175 1964)
3(4937 4936 6147)
3(1075 2974 2973)
3(4047 5945 5946)
3(2123 3274 1092)
3(5095 4064 6246)
3(1555 3092 1558)
3(4527 4530 6064)
3(989 1039 1009)
3(3961 3981 4011)
3(1887 3081 1888)
3(4859 4860 6053)
3(2472 3095 2912)
3(5444 5884 6067)
3(3198 3313 2183)
3(6170 5155 6285)
3(2161 3013 2885)
3(5133 5857 5985)
3(2875 2987 2986)
3(5847 5958 5959)
3(519 3126 503)
3(3491 3475 6098)
3(1503 1512 1502)
3(4475 4474 4484)
3(2412 3141 435)
3(5384 3407 6113)
3(957 1950 940)
3(3929 3912 4922)
3(1413 3094 1411)
3(4385 4383 6066)
3(2441 3146 2437)
3(5413 5409 6118)
3(2912 3095 2911)
3(5884 5883 6067)
3(1423 3097 2420)
3(4395 5392 6069)
3(481 3145 1945)
3(3453 4917 6117)
3(2606 3077 693)
3(5578 3665 6049)
3(2250 2910 2232)
3(5222 5204 5882)
3(1964 3175 461)
3(4936 3433 6147)
3(1518 3181 1517)
3(4490 4489 6153)
3(2238 2255 2240)
3(5210 5212 5227)
3(2942 3380 1911)
3(5914 4883 6352)
3(1800 3127 1799)
3(4772 4771 6099)
3(1044 3084 1042)
3(4016 4014 6056)
3(2326 3100 2323)
3(5298 5295 6072)
3(1479 1480 1478)
3(4451 4450 4452)
3(2196 3102 2364)
3(5168 5336 6074)
3(2985 3037 688)
3(5957 3660 6009)
3(1254 1315 1253)
3(4226 4225 4287)
3(2218 2221 2219)
3(5190 5191 5193)
3(2901 3268 2153)
3(5873 5125 6240)
3(982 3018 965)
3(3954 3937 5990)
3(1748 3127 2423)
3(4720 5395 6099)
3(917 2976 995)
3(3889 3967 5948)
3(1148 3090 1145)
3(4120 4117 6062)
3(962 973 961)
3(3934 3933 3945)
3(1746 3198 2448)
3(4718 5420 6170)
3(2833 3109 1363)
3(5805 4335 6081)
3(2228 2906 2230)
3(5200 5202 5878)
3(2455 3107 2195)
3(5427 5167 6079)
3(3181 3373 1517)
3(6153 4489 6345)
3(1581 3108 1561)
3(4553 4533 6080)
3(2755 2930 2760)
3(5727 5732 5902)
3(3038 3277 1062)
3(6010 4034 6249)
3(1360 1430 1362)
3(4332 4334 4402)
3(2537 3016 2538)
3(5509 5510 5988)
3(2887 3012 1046)
3(5859 4018 5984)
3(2717 3031 3020)
3(5689 5992 6003)
3(1792 3122 1793)
3(4764 4765 6094)
3(2206 2340 2339)
3(5178 5311 5312)
3(2226 2227 2224)
3(5198 5196 5199)
3(1338 3089 1255)
3(4310 4227 6061)
3(1953 3093 1954)
3(4925 4926 6065)
3(1959 3169 2913)
3(4931 5885 6141)
3(2711 2801 2714)
3(5683 5686 5773)
3(1992 3217 1991)
3(4964 4963 6189)
3(1986 3150 1351)
3(4958 4323 6122)
3(1819 3195 1123)
3(4791 4095 6167)
3(199 3117 200)
3(344 345 6089)
3(2282 3136 2283)
3(5254 5255 6108)
3(1690 2474 2349)
3(4662 5321 5446)
3(534 3112 531)
3(3506 3503 6084)
3(1770 3123 2282)
3(4742 5254 6095)
3(557 3328 2046)
3(3529 5018 6300)
3(2963 3037 1853)
3(5935 4825 6009)
3(2617 3267 1574)
3(5589 4546 6239)
3(2104 3120 2103)
3(5076 5075 6092)
3(461 3175 2414)
3(3433 5386 6147)
3(2183 3313 2182)
3(5155 5154 6285)
3(1493 1494 1492)
3(4465 4464 4466)
3(3003 3091 2297)
3(5975 5269 6063)
3(2395 3268 2394)
3(5367 5366 6240)
3(2836 3296 1748)
3(5808 4720 6268)
3(612 2937 497)
3(3584 3469 5909)
3(1773 3199 1962)
3(4745 4934 6171)
3(1990 3273 1021)
3(4962 3993 6245)
3(2865 3229 1804)
3(5837 4776 6201)
3(1936 2917 1744)
3(4908 4716 5889)
3(1230 3132 1215)
3(4202 4187 6104)
3(1991 3106 1972)
3(4963 4944 6078)
3(488 3002 2771)
3(3460 5743 5974)
3(2759 2859 2758)
3(5731 5730 5831)
3(1536 3364 2954)
3(4508 5926 6336)
3(2255 2256 2240)
3(5227 5212 5228)
3(2595 3247 1032)
3(5567 4004 6219)
3(2281 3160 3091)
3(5253 6063 6132)
3(2674 3348 519)
3(5646 3491 6320)
3(1092 3274 1143)
3(4064 4115 6246)
3(2915 3024 2112)
3(5887 5084 5996)
3(179 3134 180)
3(324 325 6106)
3(2606 3105 3077)
3(5578 6049 6077)
3(2447 3135 1438)
3(5419 4410 6107)
3(2251 3136 2280)
3(5223 5252 6108)
3(871 3105 2606)
3(3843 5578 6077)
3(1808 3283 3239)
3(4780 6211 6255)
3(2447 3139 3135)
3(5419 6107 6111)
3(2911 3095 2715)
3(5883 5687 6067)
3(2352 2353 2350)
3(5324 5322 5325)
3(2128 3170 1254)
3(5100 4226 6142)
3(975 3182 2616)
3(3947 5588 6154)
3(1515 3139 2447)
3(4487 5419 6111)
3(3046 3096 3045)
3(6018 6017 6068)
3(1603 3219 3109)
3(4575 6081 6191)
3(1161 3257 1158)
3(4133 4130 6229)
3(2237 2948 2238)
3(5209 5210 5920)
3(2023 2909 1319)
3(4995 4291 5881)
3(1509 1510 1508)
3(4481 4480 4482)
3(2254 2258 2227)
3(5226 5199 5230)
3(2602 3292 2935)
3(5574 5907 6264)
3(2817 3151 2633)
3(5789 5605 6123)
3(2744 2750 2745)
3(5716 5717 5722)
3(2440 3210 2638)
3(5412 5610 6182)
3(1568 3088 1539)
3(4540 4511 6060)
3(2893 3171 1460)
3(5865 4432 6143)
3(948 3197 14)
3(3920 366 6169)
3(995 2976 2653)
3(3967 5625 5948)
3(1839 3231 1840)
3(4811 4812 6203)
3(1125 3076 2643)
3(4097 5615 6048)
3(773 3142 2516)
3(3745 5488 6114)
3(2932 2933 1036)
3(5904 4008 5905)
3(1081 3099 1084)
3(4053 4056 6071)
3(1539 3281 3058)
3(4511 6030 6253)
3(1462 1463 1452)
3(4434 4424 4435)
3(2751 2757 2752)
3(5723 5724 5729)
3(1351 3150 2493)
3(4323 5465 6122)
3(1764 3325 2873)
3(4736 5845 6297)
3(2439 3146 2435)
3(5411 5407 6118)
3(2355 3378 2353)
3(5327 5325 6350)
3(1097 3110 1810)
3(4069 4782 6082)
3(1481 3256 1482)
3(4453 4454 6228)
3(1935 3115 1933)
3(4907 4905 6087)
3(2099 3141 1058)
3(5071 4030 6113)
3(965 3018 994)
3(3937 3966 5990)
3(2808 3232 1135)
3(5780 4107 6204)
3(2771 3002 2707)
3(5743 5679 5974)
3(1502 3149 1499)
3(4474 4471 6121)
3(1520 3174 1503)
3(4492 4475 6146)
3(2342 3326 2453)
3(5314 5425 6298)
3(470 3158 2411)
3(3442 5383 6130)
3(901 3232 2593)
3(3873 5565 6204)
3(2671 3259 1023)
3(5643 3995 6231)
3(2926 3228 1103)
3(5898 4075 6200)
3(1510 3342 2966)
3(4482 5938 6314)
3(2918 2919 1916)
3(5890 4888 5891)
3(791 3193 792)
3(3763 3764 6165)
3(1575 3144 3143)
3(4547 6115 6116)
3(793 3387 2003)
3(3765 4975 6359)
3(2009 3166 2006)
3(4981 4978 6138)
3(2740 3153 2755)
3(5712 5727 6125)
3(499 3116 501)
3(3471 3473 6088)
3(542 3320 545)
3(3514 3517 6292)
3(1755 2916 1753)
3(4727 4725 5888)
3(935 3021 932)
3(3907 3904 5993)
3(2691 2694 2692)
3(5663 5664 5666)
3(1496 1497 1491)
3(4468 4463 4469)
3(3146 3335 2437)
3(6118 5409 6307)
3(1796 3183 1794)
3(4768 4766 6155)
3(3254 3359 450)
3(6226 3422 6331)
3(1257 1319 1236)
3(4229 4208 4291)
3(1499 3149 1495)
3(4471 4467 6121)
3(2267 3263 2854)
3(5239 5826 6235)
3(1586 3207 1481)
3(4558 4453 6179)
3(3253 3263 2267)
3(6225 5239 6235)
3(2695 2770 2697)
3(5667 5669 5742)
3(1173 3201 1174)
3(4145 4146 6173)
3(1510 3391 1508)
3(4482 4480 6363)
3(2280 3160 2281)
3(5252 5253 6132)
3(1857 3140 1860)
3(4829 4832 6112)
3(1132 3255 2958)
3(4104 5930 6227)
3(2769 3224 3001)
3(5741 5973 6196)
3(2354 2355 2353)
3(5326 5325 5327)
3(1802 3157 976)
3(4774 3948 6129)
3(541 3320 542)
3(3513 3514 6292)
3(3049 3358 2396)
3(6021 5368 6330)
3(2680 2681 2679)
3(5652 5651 5653)
3(2871 3215 121)
3(5843 266 6187)
3(167 3216 2872)
3(312 5844 6188)
3(2643 3076 1841)
3(5615 4813 6048)
3(2753 3125 2994)
3(5725 5966 6097)
3(980 992 974)
3(3952 3946 3964)
3(802 3169 801)
3(3774 3773 6141)
3(2714 3067 3066)
3(5686 6038 6039)
3(1812 3304 1809)
3(4784 4781 6276)
3(2344 3148 2359)
3(5316 5331 6120)
3(3012 3043 1047)
3(5984 4019 6015)
3(3044 3126 519)
3(6016 3491 6098)
3(1460 3171 1456)
3(4432 4428 6143)
3(1895 3168 1061)
3(4867 4033 6140)
3(2270 2271 2260)
3(5242 5232 5243)
3(1603 3109 2833)
3(4575 5805 6081)
3(2350 2363 2346)
3(5322 5318 5335)
3(2222 2879 2228)
3(5194 5200 5851)
3(486 3203 216)
3(3458 361 6175)
3(2570 3192 1876)
3(5542 4848 6164)
3(1785 3191 1786)
3(4757 4758 6163)
3(984 985 957)
3(3956 3929 3957)
3(1923 3180 1921)
3(4895 4893 6152)
3(2031 3178 2030)
3(5003 5002 6150)
3(984 1116 985)
3(3956 3957 4088)
3(1055 3158 2811)
3(4027 5783 6130)
3(2937 3116 499)
3(5909 3471 6088)
3(2867 3204 147)
3(5839 292 6176)
3(2275 3289 2458)
3(5247 5430 6261)
3(1120 3208 3058)
3(4092 6030 6180)
3(1334 1339 1332)
3(4306 4304 4311)
3(2305 3220 2215)
3(5277 5187 6192)
3(2687 2931 2930)
3(5659 5902 5903)
3(2538 2540 2539)
3(5510 5511 5512)
3(1883 3162 1884)
3(4855 4856 6134)
3(890 3201 3052)
3(3862 6024 6173)
3(72 3204 487)
3(217 3459 6176)
3(3270 3305 799)
3(6242 3771 6277)
3(1149 3156 1148)
3(4121 4120 6128)
3(2638 2798 2797)
3(5610 5769 5770)
3(2900 3307 1119)
3(5872 4091 6279)
3(2598 3186 749)
3(5570 3721 6158)
3(2261 2262 2258)
3(5233 5230 5234)
3(2900 3034 2293)
3(5872 5265 6006)
3(467 3386 3063)
3(3439 6035 6358)
3(2697 3068 3067)
3(5669 6039 6040)
3(1709 1744 1743)
3(4681 4715 4716)
3(2899 3056 2293)
3(5871 5265 6028)
3(921 3344 960)
3(3893 3932 6316)
3(1127 3367 3055)
3(4099 6027 6339)
3(1253 1255 1235)
3(4225 4207 4227)
3(2973 3295 988)
3(5945 3960 6267)
3(13 3194 12)
3(365 364 6166)
3(2103 3188 2100)
3(5075 5072 6160)
3(1525 1526 1497)
3(4497 4469 4498)
3(1934 2918 2917)
3(4906 5889 5890)
3(441 3250 2835)
3(3413 5807 6222)
3(2650 3210 2440)
3(5622 5412 6182)
3(1593 3321 1596)
3(4565 4568 6293)
3(1780 3218 1778)
3(4752 4750 6190)
3(1958 3172 1997)
3(4930 4969 6144)
3(503 3126 505)
3(3475 3477 6098)
3(434 3189 2602)
3(3406 5574 6161)
3(2842 3242 1372)
3(5814 4344 6214)
3(2874 3040 2875)
3(5846 5847 6012)
3(490 3041 3008)
3(3462 5980 6013)
3(2958 3255 451)
3(5930 3423 6227)
3(2439 3335 3146)
3(5411 6118 6307)
3(1135 3069 2984)
3(4107 5956 6041)
3(3112 3164 1165)
3(6084 4137 6136)
3(1356 3214 1565)
3(4328 4537 6186)
3(2971 2996 1525)
3(5943 4497 5968)
3(122 3203 2869)
3(267 5841 6175)
3(896 3369 2108)
3(3868 5080 6341)
3(148 3215 485)
3(293 3457 6187)
3(484 3216 166)
3(3456 311 6188)
3(1911 3380 1156)
3(4883 4128 6352)
3(1488 1490 1487)
3(4460 4459 4462)
3(2865 3114 1566)
3(5837 4538 6086)
3(803 3331 1975)
3(3775 4947 6303)
3(3006 3265 1779)
3(5978 4751 6237)
3(2859 2860 2687)
3(5831 5659 5832)
3(1570 3229 2865)
3(4542 5837 6201)
3(3184 3340 973)
3(6156 3945 6312)
3(2804 2899 2285)
3(5776 5257 5871)
3(2840 3187 520)
3(5812 3492 6159)
3(796 3270 799)
3(3768 3771 6242)
3(1936 2920 2917)
3(4908 5889 5892)
3(476 3315 2771)
3(3448 5743 6287)
3(538 3202 535)
3(3510 3507 6174)
3(2717 3238 3039)
3(5689 6011 6210)
3(2842 3007 1974)
3(5814 4946 5979)
3(1842 2933 2932)
3(4814 5904 5905)
3(2357 2358 2355)
3(5329 5327 5330)
3(3123 3240 2282)
3(6095 5254 6212)
3(1668 2961 2345)
3(4640 5317 5933)
3(939 984 957)
3(3911 3929 3956)
3(2920 3311 1935)
3(5892 4907 6283)
3(799 3305 1988)
3(3771 4960 6277)
3(1119 3033 2900)
3(4091 5872 6005)
3(2905 3181 1518)
3(5877 4490 6153)
3(1126 3076 1125)
3(4098 4097 6048)
3(942 3119 938)
3(3914 3910 6091)
3(1257 3047 1320)
3(4229 4292 6019)
3(1573 3391 3174)
3(4545 6146 6363)
3(1255 2982 1235)
3(4227 4207 5954)
3(1997 3190 1998)
3(4969 4970 6162)
3(2811 3158 470)
3(5783 3442 6130)
3(3306 3319 457)
3(6278 3429 6291)
3(1568 3089 3088)
3(4540 6060 6061)
3(2516 3222 769)
3(5488 3741 6194)
3(2011 3293 1765)
3(4983 4737 6265)
3(1123 3195 1122)
3(4095 4094 6167)
3(3182 3236 962)
3(6154 3934 6208)
3(1157 3343 1111)
3(4129 4083 6315)
3(1853 3037 2985)
3(4825 5957 6009)
3(1078 3145 2675)
3(4050 5647 6117)
3(558 3234 561)
3(3530 3533 6206)
3(1664 3249 2200)
3(4636 5172 6221)
3(2247 3251 2244)
3(5219 5216 6223)
3(939 3138 984)
3(3911 3956 6110)
3(3083 3346 3082)
3(6055 6054 6318)
3(1821 3152 1990)
3(4793 4962 6124)
3(2715 3261 2716)
3(5687 5688 6233)
3(2782 3346 2794)
3(5754 5766 6318)
3(822 3185 821)
3(3794 3793 6157)
3(2741 2791 2790)
3(5713 5762 5763)
3(1036 2970 2932)
3(4008 5904 5942)
3(1654 3258 1641)
3(4626 4613 6230)
3(3002 3039 2706)
3(5974 5678 6011)
3(2480 3262 1460)
3(5452 4432 6234)
3(522 3151 2817)
3(3494 5789 6123)
3(963 3340 1124)
3(3935 4096 6312)
3(2437 3335 2438)
3(5409 5410 6307)
3(1915 1916 1480)
3(4887 4452 4888)
3(2274 3390 2284)
3(5246 5256 6362)
3(3102 3174 1520)
3(6074 4492 6146)
3(2153 3268 2907)
3(5125 5879 6240)
3(473 3297 2947)
3(3445 5919 6269)
3(1589 3382 3011)
3(4561 5983 6354)
3(2541 2650 2539)
3(5513 5511 5622)
3(798 3271 797)
3(3770 3769 6243)
3(1786 3191 3019)
3(4758 5991 6163)
3(719 3272 896)
3(3691 3868 6244)
3(2702 2703 2701)
3(5674 5673 5675)
3(1554 3275 1556)
3(4526 4528 6247)
3(1883 3243 3193)
3(4855 6165 6215)
3(1690 2349 2346)
3(4662 5318 5321)
3(2215 3329 2312)
3(5187 5284 6301)
3(2326 3313 3198)
3(5298 6170 6285)
3(1861 3225 1864)
3(4833 4836 6197)
3(1885 3395 1882)
3(4857 4854 6367)
3(2272 2273 2271)
3(5244 5243 5245)
3(1538 2023 1319)
3(4510 4291 4995)
3(2966 3391 1510)
3(5938 4482 6363)
3(1880 3243 1883)
3(4852 4855 6215)
3(2344 2359 2348)
3(5316 5320 5331)
3(1536 2954 1978)
3(4508 4950 5926)
3(2263 2264 2262)
3(5235 5234 5236)
3(2480 3363 3262)
3(5452 6234 6335)
3(3010 3282 977)
3(5982 3949 6254)
3(1508 3391 1573)
3(4480 4545 6363)
3(2038 3382 1589)
3(5010 4561 6354)
3(2383 3295 2386)
3(5355 5358 6267)
3(977 3282 27)
3(3949 379 6254)
3(3088 3089 1338)
3(6060 4310 6061)
3(2873 3325 1783)
3(5845 4755 6297)
3(429 3301 100)
3(3401 245 6273)
3(521 3244 524)
3(3493 3496 6216)
3(2024 3223 2029)
3(4996 5001 6195)
3(2954 3211 967)
3(5926 3939 6183)
3(2332 2333 1704)
3(5304 4676 5305)
3(1142 3292 2574)
3(4114 5546 6264)
3(1534 3313 2326)
3(4506 5298 6285)
3(1244 3317 1241)
3(4216 4213 6289)
3(938 3119 958)
3(3910 3930 6091)
3(909 3322 997)
3(3881 3969 6294)
3(1342 3332 1562)
3(4314 4534 6304)
3(1140 3353 1139)
3(4112 4111 6325)
3(2907 3268 2395)
3(5879 5367 6240)
3(162 3336 163)
3(307 308 6308)
3(2534 3330 2531)
3(5506 5503 6302)
3(2794 3346 1730)
3(5766 4702 6318)
3(162 3337 3336)
3(307 6308 6309)
3(3119 3195 982)
3(6091 3954 6167)
3(161 3337 162)
3(306 307 6309)
3(2429 3339 2329)
3(5401 5301 6311)
3(455 3349 2379)
3(3427 5351 6321)
3(3339 3361 2329)
3(6311 5301 6333)
3(2573 3178 3009)
3(5545 5981 6150)
3(2367 3354 2496)
3(5339 5468 6326)
3(1130 3351 1131)
3(4102 4103 6323)
3(2329 3361 1451)
3(5301 4423 6333)
3(3361 3363 1451)
3(6333 4423 6335)
3(1451 3363 2480)
3(4423 5452 6335)
3(195 3388 196)
3(340 341 6360)
3(1583 3365 1533)
3(4555 4505 6337)
3(452 3367 2416)
3(3424 5388 6339)
3(155 3379 156)
3(300 301 6351)
3(1739 3377 1765)
3(4711 4737 6349)
3(155 3383 3379)
3(300 6351 6355)
3(1064 3211 2954)
3(4036 5926 6183)
3(154 3383 155)
3(299 300 6355)
3(2438 3335 2637)
3(5410 5609 6307)
3(794 3387 793)
3(3766 3765 6359)
3(1779 3265 2857)
3(4751 5829 6237)
3(1358 1359 1340)
3(4330 4312 4331)
3(1894 3284 1943)
3(4866 4915 6256)
3(1933 1937 993)
3(4905 3965 4909)
3(3085 3159 536)
3(6057 3508 6131)
3(543 3303 539)
3(3515 3511 6275)
3(2359 3378 2362)
3(5331 5334 6350)
3(2257 2269 2256)
3(5229 5228 5241)
3(930 3048 928)
3(3902 3900 6020)
3(1042 3084 2662)
3(4014 5634 6056)
3(2168 3287 3047)
3(5140 6019 6259)
3(1873 3371 1877)
3(4845 4849 6343)
3(2757 3124 2994)
3(5729 5966 6096)
3(1114 3386 2592)
3(4086 5564 6358)
3(937 3070 935)
3(3909 3907 6042)
3(1921 3180 2977)
3(4893 5949 6152)
3(2255 2259 2257)
3(5227 5229 5231)
3(457 3319 3028)
3(3429 6000 6291)
3(2259 2948 2897)
3(5231 5869 5920)
3(2704 2705 2703)
3(5676 5675 5677)
3(485 3215 2871)
3(3457 5843 6187)
3(2872 3216 484)
3(5844 3456 6188)
3(3082 3346 2782)
3(6054 5754 6318)
3(2225 3131 2260)
3(5197 5232 6103)
3(2285 2292 2274)
3(5257 5246 5264)
3(2362 2874 2348)
3(5334 5320 5846)
3(2281 3091 3003)
3(5253 5975 6063)
3(2573 3223 2027)
3(5545 4999 6195)
3(487 3204 2867)
3(3459 5839 6176)
3(448 3323 2625)
3(3420 5597 6295)
3(666 3385 668)
3(3638 3640 6357)
3(489 3177 3176)
3(3461 6148 6149)
3(1865 3300 1868)
3(4837 4840 6272)
3(2340 2969 2341)
3(5312 5313 5941)
3(3095 3261 2715)
3(6067 5687 6233)
3(2917 2920 1934)
3(5889 4906 5892)
3(2809 3179 1828)
3(5781 4800 6151)
3(2874 2969 2348)
3(5846 5320 5941)
3(1233 2909 1346)
3(4205 4318 5881)
3(1590 3088 1338)
3(4562 4310 6060)
3(2274 2292 2273)
3(5246 5245 5264)
3(1526 3360 1974)
3(4498 4946 6332)
3(2284 2285 2274)
3(5256 5246 5257)
3(947 3137 2971)
3(3919 5943 6109)
3(3220 3329 2215)
3(6192 5187 6301)
3(1186 3302 1134)
3(4158 4106 6274)
3(2032 2033 1306)
3(5004 4278 5005)
3(1495 1504 1494)
3(4467 4466 4476)
3(2783 3125 2753)
3(5755 5725 6097)
3(2293 3034 959)
3(5265 3931 6006)
3(2265 2266 2264)
3(5237 5236 5238)
3(3207 3256 1481)
3(6179 4453 6228)
3(2637 3335 2439)
3(5609 5411 6307)
3(3033 3034 2900)
3(6005 5872 6006)
3(471 3180 3013)
3(3443 5985 6152)
3(2943 3293 1834)
3(5915 4806 6265)
3(1062 3277 2663)
3(4034 5635 6249)
3(993 1090 992)
3(3965 3964 4062)
3(1316 1329 1315)
3(4288 4287 4301)
3(2333 2454 1704)
3(5305 4676 5426)
3(2633 3231 703)
3(5605 3675 6203)
3(2540 2541 2539)
3(5512 5511 5513)
3(2287 3350 1952)
3(5259 4924 6322)
3(901 3276 900)
3(3873 3872 6248)
3(1466 1472 1464)
3(4438 4436 4444)
3(2935 3292 1142)
3(5907 4114 6264)
3(1753 2916 2347)
3(4725 5319 5888)
3(2025 2026 2024)
3(4997 4996 4998)
3(2869 3308 481)
3(5841 3453 6280)
3(3289 3290 2276)
3(6261 5248 6262)
3(3081 3129 787)
3(6053 3759 6101)
3(1470 1473 1468)
3(4442 4440 4445)
3(2255 2948 2259)
3(5227 5231 5920)
3(1933 3115 1937)
3(4905 4909 6087)
3(2844 3287 2168)
3(5816 5140 6259)
3(2230 2906 2250)
3(5202 5222 5878)
3(2690 2938 2934)
3(5662 5906 5910)
3(2859 3057 2758)
3(5831 5730 6029)
3(1897 3348 2674)
3(4869 5646 6320)
3(932 3021 934)
3(3904 3906 5993)
3(1257 1320 1319)
3(4229 4291 4292)
3(1120 3281 2927)
3(4092 5899 6253)
3(2798 3210 2651)
3(5770 5623 6182)
3(964 3070 937)
3(3936 3909 6042)
3(2698 2700 1755)
3(5670 4727 5672)
3(2206 2339 2338)
3(5178 5310 5311)
3(3045 3264 1575)
3(6017 4547 6236)
3(2743 3318 2759)
3(5715 5731 6290)
3(3034 3286 959)
3(6006 3931 6258)
3(2760 2934 2754)
3(5732 5726 5906)
3(1122 3195 3119)
3(4094 6091 6167)
3(2791 3230 2699)
3(5763 5671 6202)
3(2790 2962 2718)
3(5762 5690 5934)
3(1575 3143 1463)
3(4547 4435 6115)
3(530 3118 3004)
3(3502 5976 6090)
3(2834 3275 1554)
3(5806 4526 6247)
3(2664 3366 1018)
3(5636 3990 6338)
3(821 3283 819)
3(3793 3791 6255)
3(2869 3203 486)
3(5841 3458 6175)
3(1461 3196 3165)
3(4433 6137 6168)
3(3021 3022 934)
3(5993 3906 5994)
3(2750 2792 2745)
3(5722 5717 5764)
3(460 3043 3012)
3(3432 5984 6015)
3(2797 3318 2765)
3(5769 5737 6290)
3(3145 3308 2675)
3(6117 5647 6280)
3(950 1122 942)
3(3922 3914 4094)
3(2346 2961 1678)
3(5318 4650 5933)
3(1088 3254 3253)
3(4060 6225 6226)
3(2335 2336 2334)
3(5307 5306 5308)
3(3126 3324 505)
3(6098 3477 6296)
3(1495 3149 1504)
3(4467 4476 6121)
3(947 3376 3137)
3(3919 6109 6348)
3(2718 2962 2801)
3(5690 5773 5934)
3(1596 3321 2889)
3(4568 5861 6293)
3(1135 3232 3069)
3(4107 6041 6204)
3(1306 2923 1303)
3(4278 4275 5895)
3(2033 2923 1306)
3(5005 4278 5895)
3(3036 3200 1101)
3(6008 4073 6172)
3(2221 2224 2222)
3(5193 5194 5196)
3(1928 3239 3185)
3(4900 6157 6211)
3(2354 3176 2357)
3(5326 5329 6148)
3(1574 1575 1463)
3(4546 4435 4547)
3(2805 3372 1200)
3(5777 4172 6344)
3(1798 3296 2836)
3(4770 5808 6268)
3(2798 2799 2797)
3(5770 5769 5771)
3(3228 3306 457)
3(6200 3429 6278)
3(1602 3206 1601)
3(4574 4573 6178)
3(985 3054 1088)
3(3957 4060 6026)
3(1952 2818 2287)
3(4924 5259 5790)
3(993 1937 1090)
3(3965 4062 4909)
3(3089 3288 2982)
3(6061 5954 6260)
3(2741 2796 2791)
3(5713 5763 5768)
3(2030 2032 1306)
3(5002 4278 5004)
3(2963 3187 3037)
3(5935 6009 6159)
3(1762 3246 2698)
3(4734 5670 6218)
3(2917 2918 2126)
3(5889 5098 5890)
3(2991 3354 2464)
3(5963 5436 6326)
3(2874 2875 2341)
3(5846 5313 5847)
3(2344 2348 2343)
3(5316 5315 5320)
3(1118 3209 3208)
3(4090 6180 6181)
3(2662 3279 3022)
3(5634 5994 6251)
3(1999 3271 3026)
3(4971 5998 6243)
3(1536 1590 1338)
3(4508 4310 4562)
3(2341 2986 2339)
3(5313 5311 5958)
3(2694 3269 2848)
3(5666 5820 6241)
3(1599 3360 2895)
3(4571 5867 6332)
3(438 3368 2862)
3(3410 5834 6340)
3(3239 3283 821)
3(6211 3793 6255)
3(2822 3358 2160)
3(5794 5132 6330)
3(2454 3005 1706)
3(5426 4678 5977)
3(2934 2938 2778)
3(5906 5750 5910)
3(3096 3128 956)
3(6068 3928 6100)
3(992 3316 974)
3(3964 3946 6288)
3(2541 2651 2650)
3(5513 5622 5623)
3(1476 1595 1474)
3(4448 4446 4567)
3(481 3308 3145)
3(3453 6117 6280)
3(3137 3376 3375)
3(6109 6347 6348)
3(2033 3056 2899)
3(5005 5871 6028)
3(934 3048 930)
3(3906 3902 6020)
3(2221 2225 2224)
3(5193 5196 5197)
3(3100 3198 1746)
3(6072 4718 6170)
3(1540 1601 1362)
3(4512 4334 4573)
3(2792 2796 2745)
3(5764 5717 5768)
3(2311 3143 2881)
3(5283 5853 6115)
3(2693 3352 2994)
3(5665 5966 6324)
3(1512 1585 1502)
3(4484 4474 4557)
3(3226 3227 1038)
3(6198 4010 6199)
3(505 3324 507)
3(3477 3479 6296)
3(2259 2896 2277)
3(5231 5249 5868)
3(2651 3210 2650)
3(5623 5622 6182)
3(2349 2351 2350)
3(5321 5322 5323)
3(1032 3247 2846)
3(4004 5818 6219)
3(1996 3324 3126)
3(4968 6098 6296)
3(1330 1580 1329)
3(4302 4301 4552)
3(2349 3298 2351)
3(5321 5323 6270)
3(1744 2917 2126)
3(4716 5098 5889)
3(1095 3368 3110)
3(4067 6082 6340)
3(1178 3226 1033)
3(4150 4005 6198)
3(2614 3394 981)
3(5586 3953 6366)
3(720 3380 2942)
3(3692 5914 6352)
3(2341 2969 2874)
3(5313 5846 5941)
3(1116 3054 985)
3(4088 3957 6026)
3(1706 3005 1709)
3(4678 4681 5977)
3(1360 1362 1359)
3(4332 4331 4334)
3(2759 3318 2797)
3(5731 5769 6290)
3(1887 3129 3081)
3(4859 6053 6101)
3(935 3070 3021)
3(3907 5993 6042)
3(3069 3232 901)
3(6041 3873 6204)
3(1320 1539 1538)
3(4292 4510 4511)
3(1337 1536 1338)
3(4309 4310 4508)
3(2629 3187 2963)
3(5601 5935 6159)
3(2268 2680 2679)
3(5240 5651 5652)
3(2849 3389 1967)
3(5821 4939 6361)
3(1490 1496 1491)
3(4462 4463 4468)
3(1709 1936 1744)
3(4681 4716 4908)
3(1937 1938 1090)
3(4909 4062 4910)
3(1996 3126 3044)
3(4968 6016 6098)
3(2226 2254 2227)
3(5198 5199 5226)
3(1509 1511 1510)
3(4481 4482 4483)
3(2933 3213 1036)
3(5905 4008 6185)
3(2879 2906 2228)
3(5851 5200 5878)
3(2848 3294 136)
3(5820 281 6266)
3(3221 3329 3220)
3(6193 6192 6301)
3(1511 1824 1510)
3(4483 4482 4796)
3(2225 2287 2226)
3(5197 5198 5259)
3(2638 3210 2798)
3(5610 5770 6182)
3(2847 3155 1100)
3(5819 4072 6127)
3(1468 3133 1466)
3(4440 4438 6105)
3(3241 3341 1115)
3(6213 4087 6313)
3(2988 2989 2987)
3(5960 5959 5961)
3(1430 1540 1362)
3(4402 4334 4512)
3(1329 1337 1315)
3(4301 4287 4309)
3(1119 3307 3032)
3(4091 6004 6279)
3(1088 3253 1024)
3(4060 3996 6225)
3(2955 3338 1580)
3(5927 4552 6310)
3(2989 3357 2990)
3(5961 5962 6329)
3(1978 2927 1590)
3(4950 4562 5899)
3(2352 2354 2353)
3(5324 5325 5326)
3(1340 2975 1339)
3(4312 4311 5947)
3(2872 3389 2849)
3(5844 5821 6361)
3(2698 2701 2700)
3(5670 5672 5673)
3(1117 3212 3033)
3(4089 6005 6184)
3(1462 1574 1463)
3(4434 4435 4546)
3(2354 3384 3176)
3(5326 6148 6356)
3(3052 3201 1173)
3(6024 4145 6173)
3(1126 3278 3076)
3(4098 6048 6250)
3(1319 2909 1236)
3(4291 4208 5881)
3(2340 2341 2339)
3(5312 5311 5313)
3(2705 3068 2707)
3(5677 5679 6040)
3(2457 3289 3103)
3(5429 6075 6261)
3(2255 2257 2256)
3(5227 5228 5229)
3(1590 3281 3088)
3(4562 6060 6253)
3(2254 2261 2258)
3(5226 5230 5233)
3(943 3034 3033)
3(3915 6005 6006)
3(2266 2854 2853)
3(5238 5825 5826)
3(1122 3119 942)
3(4094 3914 6091)
3(1967 3389 2876)
3(4939 5848 6361)
3(3104 3170 2128)
3(6076 5100 6142)
3(2653 3250 1178)
3(5625 4150 6222)
3(3108 3197 948)
3(6080 3920 6169)
3(1494 1592 1492)
3(4466 4464 4564)
3(1496 1525 1497)
3(4468 4469 4497)
3(450 3356 3254)
3(3422 6226 6328)
3(2386 3295 2973)
3(5358 5945 6267)
3(2681 3163 2683)
3(5653 5655 6135)
3(2269 2678 2279)
3(5241 5251 5650)
3(2332 2334 2333)
3(5304 5305 5306)
3(2354 2357 2355)
3(5326 5327 5329)
3(974 3316 973)
3(3946 3945 6288)
3(3176 3384 489)
3(6148 3461 6356)
3(1941 3332 3017)
3(4913 5989 6304)
3(2680 2853 2681)
3(5652 5653 5825)
3(3272 3369 896)
3(6244 3868 6341)
3(2685 2926 2688)
3(5657 5660 5898)
3(1116 3341 3241)
3(4088 6213 6313)
3(1090 1091 992)
3(4062 3964 4063)
3(2971 3137 2996)
3(5943 5968 6109)
3(961 963 954)
3(3933 3926 3935)
3(1033 3226 3025)
3(4005 5997 6198)
3(2292 2618 2273)
3(5264 5245 5590)
3(2334 2337 2333)
3(5306 5305 5309)
3(2897 3362 2826)
3(5869 5798 6334)
3(2947 3297 1900)
3(5919 4872 6269)
3(2023 2025 2024)
3(4995 4996 4997)
3(2751 2938 2757)
3(5723 5729 5910)
3(2261 2263 2262)
3(5233 5234 5235)
3(2238 2948 2255)
3(5210 5227 5920)
3(3066 3068 2705)
3(6038 5677 6040)
3(2705 2706 2703)
3(5677 5675 5678)
3(1525 2996 1526)
3(4497 4498 5968)
3(1512 2888 1585)
3(4484 4557 5860)
3(2875 2988 2987)
3(5847 5959 5960)
3(612 3173 2937)
3(3584 5909 6145)
3(1687 3235 2980)
3(4659 5952 6207)
3(3014 3328 557)
3(5986 3529 6300)
3(1900 3297 2974)
3(4872 5946 6269)
3(1838 3278 1126)
3(4810 4098 6250)
3(2705 2707 2706)
3(5677 5678 5679)
3(2348 2969 2343)
3(5320 5315 5941)
3(2540 3224 2541)
3(5512 5513 6196)
3(3037 3187 2840)
3(6009 5812 6159)
3(1430 2895 1540)
3(4402 4512 5867)
3(2357 2847 2358)
3(5329 5330 5819)
3(2276 3221 3220)
3(5248 6192 6193)
3(1480 2614 1478)
3(4452 4450 5586)
3(1875 3159 3085)
3(4847 6057 6131)
3(1337 3364 1536)
3(4309 4508 6336)
3(2349 2350 2346)
3(5321 5318 5322)
3(2028 3307 2900)
3(5000 5872 6279)
3(1575 3267 3045)
3(4547 6017 6239)
3(2263 2265 2264)
3(5235 5236 5237)
3(2704 3066 2705)
3(5676 5677 6038)
3(2359 2362 2348)
3(5331 5320 5334)
3(2707 3002 2706)
3(5679 5678 5974)
3(2029 3223 2573)
3(5001 5545 6195)
3(2750 2793 2792)
3(5722 5764 5765)
3(1036 2971 2970)
3(4008 5942 5943)
3(2701 2717 2700)
3(5673 5672 5689)
3(1143 3274 3186)
3(4115 6158 6246)
3(2615 3167 975)
3(5587 3947 6139)
3(2259 2277 2257)
3(5231 5229 5249)
3(1935 3357 3115)
3(4907 6087 6329)
3(2362 3040 2874)
3(5334 5846 6012)
3(2798 2800 2799)
3(5770 5771 5772)
3(2265 2267 2266)
3(5237 5238 5239)
3(2919 3393 1916)
3(5891 4888 6365)
3(2160 3358 3049)
3(5132 6021 6330)
3(2258 2896 2826)
3(5230 5798 5868)
3(3067 3068 3066)
3(6039 6038 6040)
3(1320 1538 1319)
3(4292 4291 4510)
3(3192 3320 541)
3(6164 3513 6292)
3(2025 3032 2026)
3(4997 4998 6004)
3(2032 3056 2033)
3(5004 5005 6028)
3(1564 3170 3104)
3(4536 6076 6142)
3(534 3164 3112)
3(3506 6084 6136)
3(2538 3016 2540)
3(5510 5512 5988)
3(1511 1825 1824)
3(4483 4796 4797)
3(2225 2226 2224)
3(5197 5196 5198)
3(2988 3036 2989)
3(5960 5961 6008)
3(1474 3154 1470)
3(4446 4442 6126)
3(2224 2879 2222)
3(5196 5194 5851)
3(1540 1602 1601)
3(4512 4573 4574)
3(2675 3308 2950)
3(5647 5922 6280)
3(1536 1978 1590)
3(4508 4562 4950)
3(973 3316 3184)
3(3945 6156 6288)
3(1824 3342 1510)
3(4796 4482 6314)
3(2351 2352 2350)
3(5323 5322 5324)
3(2541 2769 2651)
3(5513 5623 5741)
3(2916 3020 2347)
3(5888 5319 5992)
3(928 3381 924)
3(3900 3896 6353)
3(2969 3326 2343)
3(5941 5315 6298)
3(2881 3144 1509)
3(5853 4481 6116)
3(966 3344 921)
3(3938 3893 6316)
3(3048 3279 1835)
3(6020 4807 6251)
3(1574 3267 1575)
3(4546 4547 6239)
3(488 3392 3002)
3(3460 5974 6364)
3(1332 3113 1330)
3(4304 4302 6085)
3(3054 3359 1088)
3(6026 4060 6331)
3(3124 3345 3299)
3(6096 6271 6317)
3(3039 3238 2706)
3(6011 5678 6210)
3(3000 3302 1186)
3(5972 4158 6274)
3(981 3167 2615)
3(3953 5587 6139)
3(3020 3031 2351)
3(5992 5323 6003)
3(1330 3113 1580)
3(4302 4552 6085)
3(519 3348 3044)
3(3491 6016 6320)
3(2793 3285 2696)
3(5765 5668 6257)
3(951 3213 2933)
3(3923 5905 6185)
3(1952 3350 2618)
3(4924 5590 6322)
3(2617 3182 1010)
3(5589 3982 6154)
3(2326 3198 3100)
3(5298 6072 6170)
3(439 3302 3000)
3(3411 5972 6274)
3(1585 3149 1502)
3(4557 4474 6121)
3(3202 3257 1161)
3(6174 4133 6229)
3(2691 3269 2694)
3(5663 5666 6241)
3(2700 2916 1755)
3(5672 4727 5888)
3(1581 3197 3108)
3(4553 6080 6169)
3(1825 3264 3045)
3(4797 6017 6236)
3(984 3341 1116)
3(3956 4088 6313)
3(2453 3326 2340)
3(5425 5312 6298)
3(3136 3240 2280)
3(6108 5252 6212)
3(3055 3367 452)
3(6027 3424 6339)
3(2221 3131 2225)
3(5193 5197 6103)
3(2343 3326 2342)
3(5315 5314 6298)
3(2954 3338 1064)
3(5926 4036 6310)
3(3063 3386 1114)
3(6035 4086 6358)
3(1359 2975 1340)
3(4331 4312 5947)
3(2919 3310 1932)
3(5891 4904 6282)
3(3025 3226 1038)
3(5997 4010 6198)
3(3162 3193 791)
3(6134 3763 6165)
3(2220 3131 2218)
3(5192 5190 6103)
3(2996 3137 953)
3(5968 3925 6109)
3(3022 3279 934)
3(5994 3906 6251)
3(1943 3284 3018)
3(4915 5990 6256)
3(3033 3212 943)
3(6005 3915 6184)
3(1932 3280 2919)
3(4904 5891 6252)
3(1730 3346 3083)
3(4702 6055 6318)
3(3088 3281 1539)
3(6060 4511 6253)
3(1935 3311 2990)
3(4907 5962 6283)
3(1883 3193 3162)
3(4855 6134 6165)
3(2818 3237 1951)
3(5790 4923 6209)
3(1575 3264 3144)
3(4547 6116 6236)
3(1010 3046 3045)
3(3982 6017 6018)
3(1116 3205 3054)
3(4088 6026 6177)
3(3048 3381 928)
3(6020 3900 6353)
3(489 3392 3177)
3(3461 6149 6364)
3(1088 3359 3254)
3(4060 6226 6331)
3(2966 3342 1512)
3(5938 4484 6314)
3(1938 3041 1090)
3(4910 4062 6013)
3(1952 3237 2818)
3(4924 5790 6209)
3(1010 3267 2617)
3(3982 5589 6239)
3(1091 3316 992)
3(4063 3964 6288)
3(3206 3211 1064)
3(6178 4036 6183)
3(2003 3387 3098)
3(4975 6070 6359)
3(1709 3005 1936)
3(4681 4908 5977)
3(1116 3241 3205)
3(4088 6177 6213)
3(663 3353 3217)
3(3635 6189 6325)
3(2982 3288 2844)
3(5954 5816 6260)
3(2860 3260 2687)
3(5832 5659 6232)
3(1090 3041 1091)
3(4062 4063 6013)
3(2282 3240 3136)
3(5254 6108 6212)
3(3018 3284 994)
3(5990 3966 6256)
3(3028 3319 491)
3(6000 3463 6291)
3(2853 3163 2681)
3(5825 5653 6135)
3(1463 3143 2311)
3(4435 5283 6115)
3(3185 3239 821)
3(6157 3793 6211)
3(3290 3390 2272)
3(6262 5244 6362)
3(2753 3352 2750)
3(5725 5722 6324)
3(2218 3131 2221)
3(5190 5193 6103)
3(934 3279 3048)
3(3906 6020 6251)
3(3075 3323 448)
3(6047 3420 6295)
3(2340 3326 2969)
3(5312 5941 6298)
3(2351 3298 3020)
3(5323 5992 6270)
3(1464 3327 1462)
3(4436 4434 6299)
3(1339 3113 1332)
3(4311 4304 6085)
3(2026 3307 2028)
3(4998 5000 6279)
3(3177 3392 488)
3(6149 3460 6364)
3(3152 3273 1990)
3(6124 4962 6245)
3(2906 3362 2250)
3(5878 5222 6334)
3(1568 3288 3089)
3(4540 6061 6260)
3(1063 3211 3206)
3(4035 6178 6183)
3(538 3257 3202)
3(3510 6174 6229)
3(1974 3360 1599)
3(4946 4571 6332)
3(1466 3133 1472)
3(4438 4444 6105)
3(1103 3294 2848)
3(4075 5820 6266)
3(955 3096 3046)
3(3927 6018 6068)
3(2347 3298 2474)
3(5319 5446 6270)
3(3186 3274 749)
3(6158 3721 6246)
3(1472 3327 1464)
3(4444 4436 6299)
3(2684 3260 2860)
3(5656 5832 6232)
3(2541 3224 2769)
3(5513 5741 6196)
3(1473 3133 1468)
3(4445 4440 6105)
3(2273 3350 2271)
3(5245 5243 6322)
3(1104 3228 2926)
3(4076 5898 6200)
3(1478 3252 1476)
3(4450 4448 6224)
3(941 3374 3161)
3(3913 6133 6346)
3(1512 3342 2888)
3(4484 5860 6314)
3(3291 3311 2337)
3(6263 5309 6283)
3(3032 3208 1119)
3(6004 4091 6180)
3(943 3286 3034)
3(3915 6006 6258)
3(2848 3269 1103)
3(5820 4075 6241)
3(3143 3144 2881)
3(6115 5853 6116)
3(2618 3350 2273)
3(5590 5245 6322)
3(2990 3357 1935)
3(5962 4907 6329)
3(2706 3238 2703)
3(5678 5675 6210)
3(1470 3154 1473)
3(4442 4445 6126)
3(3208 3209 1119)
3(6180 4091 6181)
3(3110 3368 438)
3(6082 3410 6340)
3(1509 3144 1511)
3(4481 4483 6116)
3(1835 3381 3048)
3(4807 6020 6353)
3(2888 3342 1824)
3(5860 4796 6314)
3(1595 3154 1474)
3(4567 4446 6126)
3(1100 3200 3036)
3(4072 6008 6172)
3(1934 3310 2918)
3(4906 5890 6282)
3(2570 3320 3192)
3(5542 6164 6292)
3(975 3236 3182)
3(3947 6154 6208)
3(3184 3316 1091)
3(6156 4063 6288)
3(3032 3307 2026)
3(6004 4998 6279)
3(1511 3264 1825)
3(4483 4797 6236)
3(2844 3288 3287)
3(5816 6259 6260)
3(3002 3392 3039)
3(5974 6011 6364)
3(3020 3298 2347)
3(5992 5319 6270)
3(3309 3345 2690)
3(6281 5662 6317)
3(2690 3347 2938)
3(5662 5910 6319)
3(3303 3343 1157)
3(6275 4129 6315)
3(2352 3384 2354)
3(5324 5326 6356)
3(3124 3299 2693)
3(6096 5665 6271)
3(1877 3371 3305)
3(4849 6277 6343)
3(3217 3353 1140)
3(6189 4112 6325)
3(2703 3238 2701)
3(5675 5673 6210)
3(491 3319 3263)
3(3463 6235 6291)
3(2918 3310 2919)
3(5890 5891 6282)
3(1100 3233 3200)
3(4072 6172 6205)
3(2614 3252 1478)
3(5586 4450 6224)
3(457 3312 3228)
3(3429 6200 6284)
3(973 3340 961)
3(3945 3933 6312)
3(955 3128 3096)
3(3927 6068 6100)
3(2750 3352 2793)
3(5722 5765 6324)
3(2757 3347 3124)
3(5729 6096 6319)
3(2994 3124 2693)
3(5966 5665 6096)
3(3338 3364 1580)
3(6310 4552 6336)
3(3299 3345 2689)
3(6271 5661 6317)
3(3138 3341 984)
3(6110 3956 6313)
3(1103 3312 3294)
3(4075 6266 6284)
3(543 3343 3303)
3(3515 6275 6315)
3(1476 3252 1595)
3(4448 4567 6224)
3(3058 3281 1120)
3(6030 4092 6253)
3(1462 3327 1574)
3(4434 4546 6299)
3(953 3375 3161)
3(3925 6133 6347)
3(3176 3177 478)
3(6148 3450 6149)
3(3205 3241 983)
3(6177 3955 6213)
3(2701 3238 2717)
3(5673 5689 6210)
3(2275 3390 3290)
3(5247 6262 6362)
3(3200 3233 458)
3(6172 3430 6205)
3(2474 3298 2349)
3(5446 5321 6270)
3(3305 3371 1988)
3(6277 4960 6343)
3(2938 3347 2757)
3(5910 5729 6319)
3(2334 3291 2337)
3(5306 5309 6263)
3(3263 3319 2854)
3(6235 5826 6291)
3(2336 3291 2334)
3(5308 5306 6263)
3(3228 3312 1103)
3(6200 4075 6284)
3(961 3340 963)
3(3933 3935 6312)
3(2854 3319 3306)
3(5826 6278 6291)
3(1916 3393 1480)
3(4888 4452 6365)
3(3137 3375 953)
3(6109 3925 6347)
3(2275 3290 3289)
3(5247 6261 6262)
3(3280 3394 2919)
3(6252 5891 6366)
3(2270 3329 3221)
3(5242 6193 6301)
3(2990 3311 3291)
3(5962 6263 6283)
3(1064 3338 2955)
3(4036 5927 6310)
3(3294 3312 137)
3(6266 282 6284)
3(1480 3393 2614)
3(4452 5586 6365)
3(3144 3264 1511)
3(6116 4483 6236)
3(2689 3345 3309)
3(5661 6281 6317)
3(981 3394 3280)
3(3953 6252 6366)
3(3045 3267 1010)
3(6017 3982 6239)
3(3039 3392 489)
3(6011 3461 6364)
3(3124 3347 3345)
3(6096 6317 6319)
3(3393 3394 2614)
3(6365 5586 6366)
3(2954 3364 3338)
3(5926 6310 6336)
3(3375 3376 941)
3(6347 3913 6348)
3(3287 3288 1568)
3(6259 4540 6260)
3(2919 3394 3393)
3(5891 6365 6366)
3(3161 3375 941)
3(6133 3913 6347)
3(3345 3347 2690)
3(6317 5662 6319)
3(954 963 950)
3(3926 3922 3935)
3(1253 1315 1255)
3(4225 4227 4287)
3(1488 1492 1490)
3(4460 4462 4464)
3(1540 2895 1602)
3(4512 4574 5867)
3(2257 2277 2269)
3(5229 5241 5249)
3(2338 2339 2335)
3(5310 5307 5311)
3(2688 2926 2691)
3(5660 5663 5898)
4(183 184 329 328)
4(104 105 250 249)
4(210 211 356 355)
4(77 78 223 222)
4(208 209 354 353)
4(79 80 225 224)
4(75 76 221 220)
4(206 207 352 351)
4(81 82 227 226)
4(209 210 355 354)
4(80 81 226 225)
4(204 205 350 349)
4(207 208 353 352)
4(213 214 359 358)
4(74 75 220 219)
4(83 84 229 228)
4(203 204 349 348)
4(76 77 222 221)
4(82 83 228 227)
4(205 206 351 350)
4(201 202 347 346)
4(215 216 361 360)
4(72 73 218 217)
4(89 90 235 234)
4(214 215 360 359)
4(73 74 219 218)
4(202 203 348 347)
4(84 85 230 229)
4(85 86 231 230)
4(187 188 333 332)
4(191 192 337 336)
4(87 88 233 232)
4(86 87 232 231)
4(88 89 234 233)
4(93 94 239 238)
4(94 95 240 239)
4(173 174 319 318)
4(109 110 255 254)
4(116 117 262 261)
4(171 172 317 316)
4(172 173 318 317)
4(117 118 263 262)
4(106 107 252 251)
4(107 108 253 252)
4(102 103 248 247)
4(197 198 343 342)
4(98 99 244 243)
4(92 93 238 237)
4(97 98 243 242)
4(91 92 237 236)
4(95 96 241 240)
4(188 189 334 333)
4(110 111 256 255)
4(189 190 335 334)
4(90 91 236 235)
4(105 106 251 250)
4(200 201 346 345)
4(99 100 245 244)
4(174 175 320 319)
4(176 177 322 321)
4(178 179 324 323)
4(194 195 340 339)
4(114 115 260 259)
4(119 120 265 264)
4(169 170 315 314)
4(170 171 316 315)
4(182 183 328 327)
4(180 181 326 325)
4(112 113 258 257)
4(192 193 338 337)
4(96 97 242 241)
4(185 186 331 330)
4(190 191 336 335)
4(111 112 257 256)
4(113 114 259 258)
4(118 119 264 263)
4(193 194 339 338)
4(198 199 344 343)
4(211 212 357 356)
4(212 213 358 357)
4(120 121 266 265)
4(167 168 313 312)
4(78 79 224 223)
4(168 169 314 313)
4(216 3 7 361)
4(1 72 217 5)
4(121 2 6 266)
4(4 167 312 8)
4(196 197 342 341)
4(100 101 246 245)
4(175 176 321 320)
4(181 182 327 326)
4(101 102 247 246)
4(186 187 332 331)
4(184 185 330 329)
4(115 116 261 260)
4(108 109 254 253)
4(177 178 323 322)
4(103 104 249 248)
4(199 200 345 344)
4(179 180 325 324)
4(195 196 341 340)
4(130 131 276 275)
4(128 129 274 273)
4(133 134 279 278)
4(144 145 290 289)
4(129 130 275 274)
4(139 140 285 284)
4(134 135 280 279)
4(137 138 283 282)
4(141 142 287 286)
4(127 128 273 272)
4(138 139 284 283)
4(131 132 277 276)
4(140 141 286 285)
4(125 126 271 270)
4(143 144 289 288)
4(142 143 288 287)
4(135 136 281 280)
4(124 125 270 269)
4(123 124 269 268)
4(145 146 291 290)
4(136 137 282 281)
4(132 133 278 277)
4(126 127 272 271)
4(122 123 268 267)
4(146 147 292 291)
4(3 122 267 7)
4(147 1 5 292)
4(151 152 297 296)
4(149 150 295 294)
4(159 160 305 304)
4(164 165 310 309)
4(157 158 303 302)
4(165 166 311 310)
4(160 161 306 305)
4(163 164 309 308)
4(153 154 299 298)
4(158 159 304 303)
4(156 157 302 301)
4(148 149 294 293)
4(150 151 296 295)
4(152 153 298 297)
4(166 4 8 311)
4(2 148 293 6)
4(162 163 308 307)
4(161 162 307 306)
4(155 156 301 300)
4(154 155 300 299)
4(51 50 402 403)
4(22 21 373 374)
4(21 20 372 373)
4(18 17 369 370)
4(35 34 386 387)
4(29 28 380 381)
4(0 71 423 9)
4(37 36 388 389)
4(32 31 383 384)
4(26 25 377 378)
4(49 48 400 401)
4(56 55 407 408)
4(47 46 398 399)
4(62 61 413 414)
4(39 38 390 391)
4(63 62 414 415)
4(40 39 391 392)
4(12 11 363 364)
4(70 69 421 422)
4(41 40 392 393)
4(38 37 389 390)
4(46 45 397 398)
4(64 63 415 416)
4(44 43 395 396)
4(45 44 396 397)
4(20 19 371 372)
4(48 47 399 400)
4(68 67 419 420)
4(65 64 416 417)
4(19 18 370 371)
4(34 33 385 386)
4(36 35 387 388)
4(30 29 381 382)
4(61 60 412 413)
4(31 30 382 383)
4(58 57 409 410)
4(55 54 406 407)
4(57 56 408 409)
4(23 22 374 375)
4(25 24 376 377)
4(54 53 405 406)
4(24 23 375 376)
4(59 58 410 411)
4(60 59 411 412)
4(50 49 401 402)
4(28 27 379 380)
4(53 52 404 405)
4(52 51 403 404)
4(69 68 420 421)
4(43 42 394 395)
4(42 41 393 394)
4(67 66 418 419)
4(66 65 417 418)
4(17 16 368 369)
4(15 14 366 367)
4(16 15 367 368)
4(71 70 422 423)
4(10 0 9 362)
4(33 32 384 385)
4(27 26 378 379)
4(11 10 362 363)
4(14 13 365 366)
4(13 12 364 365)
)


// ************************************************************************* //
