/*--------------------------------*- C++ -*----------------------------------*\
| =========                 |                                                 |
| \\      /  F ield         | OpenFOAM: The Open Source CFD Toolbox           |
|  \\    /   O peration     | Version:  2412                                  |
|   \\  /    A nd           | Website:  www.openfoam.com                      |
|    \\/     M anipulation  |                                                 |
\*---------------------------------------------------------------------------*/
FoamFile
{
    version     2.0;
    format      ascii;
    arch        "LSB;label=32;scalar=64";
    note        "nPoints:6306  nCells:27940  nFaces:59294  nInternalFaces:52466";
    class       labelList;
    location    "constant/polyMesh";
    object      neighbour;
}
// * * * * * * * * * * * * * * * * * * * * * * * * * * * * * * * * * * * * * //


52466
(
138
6509
14661
26700
9
20
1043
21618
261
582
604
18231
37
967
7588
14614
26
60
1507
16172
338
376
2457
15256
95
113
3385
11770
197
664
1109
1797
234
267
391
6163
20
232
964
64
440
1422
3547
100
439
523
5305
74
783
1722
4575
23
351
696
2534
505
632
3743
6428
108
1125
18551
26531
47
305
1924
2294
215
1306
1373
3767
35
4331
4661
12357
393
2770
2869
5186
2213
5218
214
738
1375
6484
1078
3821
5625
26590
409
1716
16118
1331
2250
8540
26520
99
1258
1851
5538
166
3825
13419
258
746
1964
8439
85
90
1290
5360
497
877
3022
3487
93
472
618
1216
57
264
1823
12089
688
1247
3207
26742
44
53
568
5652
67
72
84
2541
81
462
4243
129
216
690
14027
401
411
8983
491
540
4601
6900
50
1032
15331
26703
155
220
1071
1380
747
930
1263
4378
139
544
1630
7951
147
344
787
1067
208
1425
1777
319
2467
7007
10458
56
792
1052
10723
2392
3727
3840
177
821
848
1898
327
673
7427
8093
2512
4472
4577
482
1104
1526
2947
76
283
445
26567
510
14038
26558
152
754
3351
16387
203
5127
6747
26768
450
2904
10374
99
264
1513
102
1362
1385
3816
146
833
1210
5703
166
3501
4851
151
1624
4903
7474
488
511
537
6638
120
298
475
1271
440
668
1748
92
1847
2288
12564
71
1359
3440
3763
72
23063
304
1877
26760
27524
148
773
1164
1235
82
367
1423
3939
3464
3500
4038
648
3615
158
1433
2828
3479
1287
4420
6346
160
260
1792
2370
259
617
1863
297
404
689
20455
1044
1784
2811
3737
161
333
5167
5244
550
714
931
1560
563
4167
7795
103
1368
19973
347
396
1802
12907
1037
1152
14623
123
9304
17578
323
560
2215
2791
142
217
3175
13580
171
190
3250
22238
245
713
819
3468
123
1122
16286
211
937
1627
12798
2068
6168
11668
2139
2856
7443
771
1599
5758
8520
370
1302
16749
119
1289
2784
5121
421
547
672
1004
259
371
629
1240
1513
4247
1119
3231
15215
322
528
1118
11487
424
1362
26596
543
2171
3269
252
1327
2255
5135
1442
3097
4076
4781
315
363
1357
12908
239
481
1428
12615
2298
3063
26530
154
1592
10730
10899
125
157
2962
3453
128
366
508
448
2185
2348
3400
706
5965
7440
198
270
1955
27604
148
263
1009
13146
570
876
1730
2310
778
1596
3798
11112
137
267
1992
6163
1849
3875
9504
135
273
475
252
4209
5710
134
1869
2780
11156
2180
9424
160
260
10296
157
6807
10184
204
1814
3141
6282
237
847
1106
2638
616
995
16450
193
21156
27416
185
1198
1349
10164
405
842
1551
4682
184
1421
6956
7100
158
2688
6716
26573
2244
2865
3662
273
4422
7229
342
584
5326
5485
1437
1793
7780
1738
6316
11517
386
1349
10083
557
797
1039
1495
308
321
11591
289
486
16364
463
614
1072
9574
238
246
14435
175
15625
20391
26514
515
2078
11540
787
943
4202
1621
2548
227
714
4687
6713
225
712
4666
9009
328
2179
4385
1516
9488
26713
314
423
779
2912
284
6273
9476
678
2437
8308
752
1036
8462
26792
184
1421
9300
26572
266
2295
3282
26543
866
1259
5247
15281
26825
251
955
1136
4450
1347
1715
1776
2268
236
5708
23766
26506
291
612
2514
10977
3602
4098
436
557
3584
14128
593
1026
2254
6204
285
537
10238
12352
182
715
952
1360
530
3802
9788
179
658
7508
26629
209
408
2860
14030
339
900
16071
16830
402
2853
26515
256
863
973
1435
681
1383
17388
574
686
1642
15897
8708
14495
26630
2735
5409
11053
13770
1095
1126
1151
6681
1397
5191
10727
236
7850
26507
26660
1998
5162
1647
6886
14194
609
4056
5776
26516
921
11704
26746
26776
255
1768
8624
26726
4062
5369
6218
8259
504
5356
19187
472
1006
1366
13920
484
2264
11048
16713
690
2484
7511
276
646
2608
21357
306
1999
3354
4313
219
16388
27097
27544
1105
1224
9096
487
1100
1250
748
2619
3436
27022
759
888
6739
10481
318
884
1854
4019
511
537
993
22498
383
6993
10099
279
1801
7557
250
1003
1162
10428
242
1265
2662
4159
373
1339
3128
13416
1208
2776
2851
659
1361
12694
682
910
7334
12342
456
2028
15741
226
575
859
6873
564
1853
2410
8390
1431
6323
9884
2995
15127
15426
4810
5110
11965
289
8693
18489
222
1213
4491
26880
368
796
1488
364
375
2437
1482
5521
6160
26545
2458
4364
4373
695
1092
1168
7747
288
340
6410
1359
2920
5894
1533
3620
4207
940
3072
6909
1129
1379
8948
27816
524
1295
3916
18066
732
826
1816
9131
281
3447
4618
9373
422
1043
1890
420
519
7547
17891
887
4517
22602
6607
8307
26516
3011
26699
638
847
26790
302
1434
4450
914
1594
287
460
4508
13429
775
1489
2474
2628
1606
2498
3313
380
474
720
12335
280
922
2994
5458
713
4213
5481
302
9930
14801
336
730
3655
4600
2147
26513
26519
27173
670
803
1228
2847
5174
12382
26763
441
3741
5715
1688
14774
654
1062
2648
11543
619
1192
5821
26733
761
3230
6360
1082
1435
14032
377
421
660
15684
4645
9984
27933
1215
3892
7235
11581
2081
6511
15492
2608
6067
7578
20290
773
9268
10971
8222
8558
813
1348
2198
7521
3248
4347
8491
1793
9540
331
392
1376
27151
895
913
6255
7083
487
1543
22654
971
1057
1274
18953
757
1234
2285
26510
5599
15169
753
791
799
9227
479
501
2212
2807
1312
2738
7606
369
999
3871
6616
774
1834
2952
3934
1021
2578
13994
1459
1762
13056
2275
4869
8005
343
698
6180
26856
12195
26566
1140
6915
27037
537
1698
2699
682
5003
8769
15830
1139
4271
4468
522
901
4229
2896
5627
1481
4799
9259
27070
707
1314
1600
359
580
1788
4655
483
2745
3129
13979
345
2414
3974
4273
437
498
2444
3789
326
559
15586
17248
4827
6792
7872
1632
7187
15197
2236
2874
4134
4887
430
2452
3030
13857
2211
3521
26662
26664
1136
8451
656
1426
5005
6616
581
10450
26761
7125
9159
20348
683
1750
22166
1161
1868
2865
9772
539
2850
7080
500
1116
1241
1729
535
1280
3236
4637
330
1210
1220
1643
320
358
1692
17114
353
3529
26815
423
1570
26892
924
9114
19575
394
1055
2341
3627
412
850
4763
5589
423
1286
27077
1309
2025
14978
871
1355
1519
435
539
20223
1597
10644
11050
742
984
2633
502
1221
4148
5426
893
928
1704
4451
516
8684
14704
531
1068
17933
352
1432
9492
941
3009
3398
4712
963
8038
11987
1553
12006
27152
444
587
830
10339
7117
26826
794
2785
2819
7239
620
1257
8363
26535
991
4036
17768
649
805
2552
3952
1654
6940
8557
2381
3012
22373
522
13019
18624
420
7582
10475
23355
2053
4121
6318
3218
5039
10945
1067
4053
4245
543
4124
6306
403
494
5449
16639
624
1737
2941
446
473
7021
11599
710
1051
1086
12316
658
685
855
1255
365
518
5796
1459
1723
4027
503
2846
3375
414
987
1253
26836
739
783
3320
9668
442
572
2890
6418
726
2317
2559
3938
458
871
1153
2476
3124
3819
415
1424
11438
26532
536
693
865
12704
484
1530
1876
3083
377
924
9892
485
9582
27724
409
5337
1365
5366
20509
2389
3342
12460
2611
4220
27096
1074
4002
4544
706
4715
17879
956
1689
26567
387
451
20070
27345
2632
5072
6259
735
1377
3653
4977
485
2992
26726
2433
6898
22503
672
17461
615
2225
16681
26563
1007
1653
3692
3811
718
3300
22074
692
2836
2861
26602
427
647
700
6979
5713
10949
26768
480
507
762
1085
625
2502
3729
10829
640
2321
2998
527
15576
17178
454
790
1254
26767
431
874
2399
21030
585
1292
10097
26509
477
2432
17380
1376
2526
16392
6364
6602
12265
1166
1992
7748
542
718
1143
2242
624
9808
13476
1110
2524
2852
8931
1838
4340
9916
26650
756
929
2132
5107
464
605
2813
5416
967
1059
20769
2361
2767
9142
908
1018
8328
917
10524
12257
6043
7391
16057
561
1284
6045
7488
622
1446
2656
3992
659
8738
10091
3159
5877
650
733
2597
3129
1059
7992
11152
4798
5900
7856
464
605
13124
22125
951
2890
26622
744
1685
5429
947
1351
3712
5899
816
2763
3552
9298
499
3371
3750
9076
611
1274
11814
26742
1252
7269
1183
18610
964
1890
1917
17293
1187
7316
18161
1120
1310
1524
13247
1688
1803
15456
26589
556
4607
17157
772
1273
4566
4784
586
749
2301
3809
1209
6203
7857
1137
1610
8262
447
953
1264
4339
814
990
1223
6318
697
740
2486
9276
20380
20581
22965
557
2899
17191
729
1025
1211
849
2338
3524
17319
1119
1340
8793
9453
21590
558
4227
4689
572
1031
8368
3426
3975
4546
6961
872
8702
9289
617
14708
16989
549
7855
13286
1656
2385
10032
949
4257
7526
651
661
4742
16731
781
894
1052
603
1381
4294
538
3728
4297
4509
1427
2544
2726
6223
2472
16687
26766
1325
1773
5973
27891
1627
2192
2225
731
1155
4010
4488
1153
3159
7550
580
1788
2394
5139
1139
2362
7570
468
867
22349
26564
563
13572
1121
3213
10591
12113
23025
1021
2218
8878
14473
636
1354
1439
4111
637
1638
1742
22874
2511
18364
26565
725
2383
2481
3971
691
860
2674
5736
2384
9543
26651
26728
1531
16193
549
838
2312
3109
3474
9974
19272
643
1127
2427
6121
887
1219
514
1317
2926
3801
763
6917
22800
555
11478
13184
774
914
6325
2431
2947
3328
670
1222
3065
3559
12788
10321
11586
4625
10162
22561
2609
7181
1194
8325
18255
948
2031
5382
26586
1391
1443
26506
26524
540
1344
26673
663
1132
13771
23354
1088
1601
6193
26777
908
3249
7205
525
856
9689
11432
521
687
2133
17972
1684
8538
10904
1025
16285
26612
3640
5980
7685
765
2069
3394
861
7174
12187
1171
2663
6040
1828
17793
26816
530
3841
8342
4168
16016
17511
1288
1981
2097
9933
762
3441
8304
995
2238
5366
631
8718
11154
26709
4460
21512
26559
1194
5561
837
1275
1582
16765
969
1020
3766
6804
2050
9115
26685
915
1645
3949
1038
6687
9053
641
1093
4110
8903
2119
5610
1252
3171
6936
945
1321
6130
9253
2102
4856
20025
8314
12587
1340
12751
19267
1744
4086
6914
734
3316
5781
954
1338
6588
12372
603
12702
14890
566
1609
13559
920
1353
15729
26546
1378
8354
1068
2109
12039
564
3480
7728
9341
1177
1824
2083
23502
1019
1672
2962
5988
1509
1611
19751
693
1144
1693
1515
1822
2482
7365
18713
7770
26771
634
983
8487
9045
862
1864
3844
2114
2389
2321
2445
2881
579
1517
4871
15467
676
4404
9518
11635
1379
1544
18610
578
1795
7483
17418
3273
3327
1852
4872
12629
1062
1297
1707
26970
610
1400
2387
5375
824
1329
5193
25915
1116
1545
5811
5887
1085
3025
12696
700
1976
18507
3586
955
6672
16996
1038
21480
21514
984
3747
9019
3209
6431
10261
590
2182
11359
13028
9960
14880
12755
27234
583
1666
5833
26641
1238
1597
27168
628
858
2487
20528
1208
1242
3132
864
1099
7596
11740
719
1548
2310
737
812
1213
2217
3206
3341
608
810
5588
8978
1678
15611
16742
7591
26756
27264
808
1336
2717
5807
950
3955
5220
5642
1608
1753
13550
1517
3092
3285
3124
14615
8093
12642
27525
2073
2162
2521
1371
8490
26642
1273
1418
2053
21299
26508
749
9252
3303
4879
5679
2141
2735
5705
8479
1483
2595
5124
7927
1158
3053
21531
804
1987
6590
10900
1147
2216
2257
4252
6132
12262
26572
633
938
4831
8714
3739
8748
18880
27427
684
2435
7854
8832
1973
4469
8392
17677
1054
5187
8641
26787
1040
2088
2370
3374
836
1571
19521
24533
677
2047
2121
2343
1034
1035
1041
6814
6646
15093
2521
2698
11204
1736
5767
643
1982
8567
11674
854
2030
2979
7647
2019
5824
15567
8622
18494
26517
1017
3721
5375
971
2116
26743
1600
16525
26964
703
1046
1638
1695
1121
9353
17135
2471
15200
26562
1365
7606
10436
8158
27035
2856
3361
4271
3882
12165
26732
1891
3946
4937
4318
6674
7071
26523
1921
2656
6036
635
3635
4180
8927
1455
4228
2237
2741
3807
1637
2503
4502
17681
655
5539
6712
7016
6440
9823
27938
1831
4139
9520
2980
4345
13186
27732
1492
2545
26709
4168
7049
12298
1652
4136
11202
983
1229
5590
3021
4961
7340
723
1564
1980
979
2172
16398
25247
26791
749
926
6624
11947
709
2998
5275
3367
13513
16154
1024
1073
1509
7181
4137
18083
2505
3405
7330
7552
1829
2980
3990
27936
1312
4628
20226
1436
6494
14938
820
1037
2352
919
1100
1815
1285
1926
6768
1296
4586
23673
1931
2104
8742
27038
701
12707
13046
26542
1105
1109
23363
6151
7638
8866
2055
6164
24889
806
1346
2888
21742
1255
15587
5910
8081
1183
4955
17264
2086
9689
16994
1445
1478
5644
9454
767
2430
3350
1224
2418
4978
694
5148
11294
26556
892
1859
5776
15415
798
2388
3930
27795
1475
2601
19229
853
3208
21834
26583
795
1315
909
1741
5599
14174
1357
4276
2109
10450
16904
707
1314
5191
10057
885
3069
3463
10783
6631
14171
26607
935
1146
2343
8254
10884
15015
785
1598
2624
8550
964
1958
2520
3868
848
3751
15463
910
9835
6628
6854
2353
3517
13203
855
7370
13471
1370
3832
1218
2671
14514
1806
12148
15303
917
7872
10765
8879
20401
2596
5686
9256
11722
26638
26759
10461
19184
4852
17654
26557
817
927
1092
786
2119
21555
1283
2970
4026
728
3218
5692
1096
1301
11364
19054
1436
1267
10161
26543
1392
1934
4268
4319
942
1742
11220
818
5541
7144
12225
1058
1293
2715
7723
11896
17124
5950
15956
961
1104
17699
6461
7531
22302
1051
1477
3105
1487
1984
3056
11334
1114
2651
15916
3590
8614
940
4250
2425
4401
10927
751
1460
3321
4691
946
1083
5282
6277
720
9567
825
1548
2902
8447
17162
760
1394
1554
14327
815
3149
11123
21849
1128
1564
18230
811
1912
5125
5959
4437
6998
15490
890
8182
12667
786
2588
14134
4825
20732
26855
826
1211
1816
991
2796
15104
1850
1939
2749
2219
11588
20929
1222
1285
5730
856
1616
4581
1945
2510
9160
1453
1501
2123
5276
1061
1375
15263
2217
3087
12177
766
783
3355
1283
5651
22016
745
1300
1416
13087
2762
18235
26930
954
1841
2315
5055
2681
8915
13569
3706
5861
7284
758
2438
7196
5709
7398
8766
907
19793
2442
1405
2326
9554
14958
1318
3133
12237
15240
19025
26793
3927
13861
14905
1156
10615
20110
789
4291
12892
26552
1233
1402
5365
1234
4589
7166
1080
3619
7180
888
2909
10160
997
2261
22760
1691
6360
8789
829
1076
2212
9946
14276
823
959
1506
12020
1471
2170
17542
2368
3320
4522
1148
5080
13787
1358
1930
2351
27223
1148
1167
3352
5298
1812
1907
3154
7380
993
1698
3530
3169
11382
15952
19795
20948
10366
27329
2148
7441
10129
841
846
5921
16777
851
1084
1528
5915
1596
6336
13265
2536
7283
18139
982
3442
5451
15147
894
9148
10172
5845
13662
26576
26578
4420
911
2940
3101
22191
1763
4160
19890
2732
3986
8947
16786
1098
3217
12888
26555
6693
11335
26553
1254
5375
21158
1493
3264
15466
5954
8174
20550
1184
1251
3323
7418
991
3386
10637
807
2492
5173
985
2611
6970
1039
3457
3850
3471
5212
15428
1172
19594
26548
846
992
5487
23954
869
1985
2331
19265
925
1196
5333
12736
1332
4648
9983
2590
13652
26581
919
2221
5489
2366
8816
26703
966
8106
16911
958
15655
18519
822
845
4834
11292
2197
2890
26836
2618
4797
19377
1061
5002
8084
925
1840
3754
2395
13010
13438
2551
3189
3652
3791
4277
6375
927
14426
17013
3776
4400
5313
5661
5908
6403
2352
3284
18044
2946
4415
14131
845
1205
7290
2126
2167
14621
986
1182
2984
2479
5083
5413
1319
15982
832
1063
1457
8968
952
2599
5006
11118
1076
2765
20716
872
6338
1157
3451
4334
10945
1311
2373
17651
915
4182
17312
1000
2194
4988
5142
1457
1479
2024
4237
1537
18920
19737
2138
7564
8847
2312
8112
11404
1648
1887
5719
8946
860
2596
8293
12023
992
7448
18893
3557
10452
10570
1756
6709
18542
24465
1013
2112
7110
9435
5854
12513
8442
18814
8845
9376
15416
3134
10284
10820
1464
9029
15818
2540
2589
19803
1330
1449
2495
3829
3008
7889
26584
1138
1244
4437
2532
8362
6361
12685
883
5324
6051
26571
6338
27939
16388
26756
26834
1050
4332
2807
9565
17028
5321
7395
26515
1408
3362
5968
1777
6726
8219
1447
2090
10299
1259
2286
5520
1747
1823
16344
1835
2316
3537
21301
2982
7328
9486
1190
1697
4361
16829
4036
4500
2487
18269
911
1835
1905
11771
1102
1137
24005
1256
18267
19821
27684
1774
3698
3849
3806
9569
13407
1101
1243
4449
9637
1028
1247
2375
2474
1054
1574
9054
11876
2919
3111
5812
27294
912
1410
2525
11704
1757
19832
26570
18294
24462
27077
2523
4989
12917
1026
4057
5239
20909
1674
10655
5020
6485
1071
1204
3503
3555
3938
12692
18032
1552
1991
2307
14084
4402
4960
5297
1704
2572
11396
3020
9970
2018
13336
15875
1041
1356
2077
12461
1547
1778
1817
15915
1102
2277
2746
15084
1572
1606
2039
12893
2381
8155
22146
3528
3838
6432
1358
2351
2561
12473
1069
1583
16671
26788
1190
1448
2924
6074
944
2844
5608
14122
2177
2948
3700
27150
18331
24016
27022
6785
1873
6080
10176
1504
26551
2316
2795
3553
5097
26746
4222
11803
13646
1650
26839
9611
11048
1622
3081
3983
8755
10447
11578
1047
1207
7120
4434
17393
1298
12391
17966
1629
2353
2378
1081
7541
7945
1214
2579
3623
12787
3050
19176
1181
5440
2442
6938
9107
5454
9917
3631
3699
5782
1233
2027
18547
5709
7778
9778
1027
1915
1983
1800
2169
2884
5115
1799
2719
4074
9839
1040
2088
4489
13195
1146
6581
18194
1264
2607
3262
7237
2028
6827
8380
1652
2246
17212
1558
1772
2277
9413
1983
6058
3404
11427
14640
2077
2436
6814
5089
10463
7022
7169
8540
4203
8149
27424
2067
4678
8352
1351
14886
15784
2031
16778
23498
7333
13601
16999
1525
5759
9180
1103
1253
15251
1764
9593
2875
4028
8466
2094
6588
9401
1500
2783
10896
1261
1804
1932
7481
1336
4436
27386
6325
13639
18148
1074
1097
1867
6658
1104
6242
8731
1049
1178
3770
14225
1220
6959
13441
1556
1384
3407
4314
5707
3680
4384
18622
5285
11892
2849
2910
2962
3851
4176
5040
14901
2615
4049
12331
22339
1057
2116
1141
1676
11458
18197
1408
2693
20231
1382
2042
2729
14664
1923
2400
3975
5766
1001
1291
14955
26656
2347
9245
9695
26545
1578
1950
5955
26618
1134
8186
12798
1103
1696
4430
27067
1664
13931
17311
26575
1785
3296
15597
8096
9412
3686
7275
1488
10199
21036
2984
5022
7968
8982
15893
26835
1407
2525
10303
23796
1308
1372
15407
16996
3448
4724
16383
21158
5882
17889
5561
9739
2685
3855
4494
7399
15280
27156
1005
7571
8456
11256
2815
12779
18998
1294
1438
5506
20188
1074
3989
7434
1927
3358
13754
1113
4007
26657
1619
4612
5639
10873
1107
1162
2903
1544
9082
16317
3851
5563
7879
1531
6927
3606
4924
26678
1191
1794
3676
3682
2548
10492
17058
1065
1458
4841
13236
3522
4079
12387
26563
1022
9088
26603
27459
1977
8171
19098
1786
2283
15136
16620
1049
1178
1862
2164
1189
3583
6114
26534
1029
3721
15883
2269
3085
7534
1701
2910
12658
1900
2550
12219
1801
2218
9916
10909
26604
3288
6238
26539
26865
1280
6078
8968
15595
20042
6394
26975
2501
8887
27128
1225
4063
9884
1246
3386
6890
1150
2901
5938
6179
1413
8368
13323
2888
3077
13645
1077
7517
9735
12098
1486
1573
18773
1573
5298
19172
2546
6815
8462
12204
19884
2727
27112
3586
27164
6688
16970
1356
19046
3292
4557
5363
9046
10703
15905
2066
13205
27455
2408
3439
3912
10993
1395
1695
27020
1274
2441
17785
1335
3994
26646
27909
3647
16761
2674
13868
19955
7693
17945
2450
9557
1710
2320
2407
4412
1574
26786
1962
7986
15461
1328
1775
5316
6345
4432
6141
1720
2299
7779
7254
14189
1352
1590
5147
6046
1540
1845
6397
11543
1479
1743
2627
1277
2137
6641
26658
1497
9457
21229
1203
1527
2108
13348
3605
17384
10796
20788
1236
2365
3540
1708
4717
26643
26674
8254
8624
3213
5596
14982
5184
5261
8968
1867
1461
1967
3716
14257
18009
20030
5999
6094
19075
2409
9410
12668
1112
7830
8623
15260
1784
3924
5756
1459
8567
8994
2661
3863
4278
1588
2067
8132
1201
5194
8647
12815
3331
4560
7277
1593
1726
5491
9121
1728
9387
26776
1174
18457
26575
27240
1662
4246
4344
4790
1248
1270
2203
2965
4748
7888
1746
4593
15278
1484
2058
3340
3985
1322
2718
5869
1301
7758
10179
5132
9523
14211
6374
9161
26554
1777
6642
25630
1815
1955
3579
6464
12695
1772
2399
1299
1413
1526
1297
16322
5258
7894
15733
2032
2903
12555
1936
2743
7244
17112
1557
25045
2971
4506
5227
1472
2894
6812
26520
4775
9914
26883
1249
1430
16347
1359
3336
5530
1549
3825
9686
26600
3164
11486
1872
1948
6481
11409
1609
19625
26562
1454
2323
1524
2827
10689
7353
13432
12094
18680
23252
1145
3854
5447
27323
3288
26537
26817
27755
3299
8310
16969
3655
4792
14020
3298
3988
6121
1354
7961
17077
3073
7973
13531
3329
8666
26616
27274
1230
2714
4532
21347
2426
2430
4523
1374
3499
4021
8216
1742
3385
5979
1154
2242
3600
4849
3751
17227
6278
10007
1244
5880
22926
7886
26593
1592
4371
11328
1645
5683
6636
4179
5430
6016
6650
2305
6587
8447
1197
21036
27398
3598
16627
23933
12557
24261
4780
7105
7632
1167
2430
3347
3488
3703
7789
6251
8268
23526
1322
2534
10000
1933
2541
11242
7668
17768
3217
3644
9567
1850
6260
18628
1516
24270
26748
4853
5471
7873
1682
1960
23885
2513
11148
15909
26563
1430
2377
2855
13461
2748
6925
7464
10826
14066
1320
2395
6666
9915
1217
1621
21069
1389
3198
6192
26946
3627
4757
16308
1603
5737
6913
9797
13122
2485
4792
7433
26635
2179
2587
5026
7724
1221
12127
12914
22551
22732
26549
1317
2101
9578
21451
1895
22673
1283
12004
26671
1307
1387
5025
9216
3392
12579
24548
5742
7226
1792
2286
2496
9645
1675
2120
4861
6940
1348
3343
8772
1329
8987
15442
4163
15135
1251
6026
10481
1683
6887
17584
26928
1202
1594
13843
26839
18509
26596
26640
1617
8920
12084
26608
5683
6636
26535
1697
18441
1463
2189
15715
1470
1839
4346
1296
2142
6513
15874
24327
2643
2739
9318
15354
1360
1397
26909
1523
1693
3017
1647
2519
8483
1957
2754
22670
26687
2230
2454
3664
8670
1528
2942
15882
2346
5684
16894
1265
1527
1572
1380
3621
13009
1856
7290
27105
1281
2209
5556
9140
1274
7752
21797
3144
13296
2452
2649
3936
4182
8630
4246
15820
1717
2052
3632
6269
7028
12532
2554
4539
19858
1831
15932
18547
1918
2143
5146
1235
5654
19312
2102
3812
7082
1674
2432
7609
2237
2741
3157
15832
1315
2716
2500
4550
9748
4005
7735
2568
11502
16885
1503
2122
2839
27193
5377
13769
14684
26705
2492
3925
9983
4078
10419
10576
3032
6290
13661
2403
4156
5436
25235
1634
2503
4591
11031
6207
14319
15087
16183
4336
7950
2497
5414
17691
1282
2742
7271
8617
2601
6752
27167
1997
2758
5182
10492
4139
6800
12958
3164
12274
13960
3696
4679
26558
1494
3161
17345
2136
21450
2636
6187
16162
27166
1400
5682
18955
2568
14854
2203
10470
11103
1291
9287
26837
1509
1577
1611
1872
1948
10078
11531
8425
15766
1569
2111
5746
8700
2583
8433
27685
6166
11110
11726
4247
6841
21558
8912
12398
1978
2035
7454
9832
1932
2871
3117
3216
3667
5996
26875
7398
9158
10633
2385
8509
1572
15570
1518
1598
5636
8732
1363
4370
4455
2210
2766
3052
3890
1307
1387
21885
26879
1913
2965
11473
1632
9603
1612
2975
4769
6855
3169
6506
4747
4814
11991
2449
3155
4901
9411
1495
5385
8184
2037
2558
3416
4844
1350
1444
1953
2332
6078
6808
1651
2645
22738
2036
6267
9680
26670
4360
8047
26974
2716
17215
1567
10009
17254
3276
3511
7635
3062
9576
26923
1849
3193
10579
5281
5550
8214
13642
10876
13079
21139
1720
13610
14796
2450
9735
26994
1744
2664
4562
2086
2142
9856
15411
13765
20459
26547
1467
4516
7922
3706
17241
2200
2259
6705
7692
16689
9772
13474
26613
26623
2038
8713
9335
26509
1599
3239
12337
22837
1805
3609
8903
3845
14811
20649
26694
27117
1520
2025
12292
2705
3032
11343
2627
11454
3180
8876
1820
2419
2757
8594
2198
3589
5555
16911
1583
1694
16961
18336
2711
2926
1409
4751
10967
2219
2444
17842
7476
16131
26710
2838
3368
9597
18652
21555
1881
5224
8164
9305
1411
2337
2756
4298
5973
9447
21441
5293
6415
7344
15413
3563
5272
26643
3519
6862
17123
13023
21925
3734
12939
20259
4178
6983
20690
2014
2302
6719
1639
3326
4183
24066
1866
3574
5418
8461
1994
6820
26645
9546
20744
1663
1757
1763
26755
2174
2358
15899
2493
3143
5287
23777
24050
1542
4162
5066
5569
1522
2128
3179
26772
2870
3031
3582
11283
8712
26672
26770
2027
5107
5620
6738
4457
7958
8374
4767
10239
14172
3589
19362
2118
3758
1444
1658
2911
2968
5117
10255
13615
20416
6391
12377
22528
4992
9346
4617
18146
10178
15830
3902
6110
2555
9992
26910
2860
9421
14547
19022
21138
3226
3684
5834
1824
2524
3338
15643
16706
21686
1618
8449
14483
1787
5670
8588
9531
1423
2171
16783
1830
3478
5137
7276
1678
21813
26866
2235
15224
18462
2165
3898
14131
2995
4704
12696
2706
3575
19736
9884
15263
2233
4862
1945
6501
7863
1499
1669
8642
5924
10178
4652
6143
9951
27344
2417
4409
14887
1766
3660
10552
3005
3663
4258
1419
7938
9667
1535
2768
3449
8747
5526
8516
2281
2700
3016
3167
11183
17988
26945
1959
2159
4407
26540
1640
11053
26525
1934
2089
2576
2945
3811
20330
26678
2261
2584
27365
2077
10031
27021
19474
26601
26758
26959
3343
16758
2085
2832
11504
13992
1749
1899
3869
6963
2929
4828
1938
3272
5164
27114
4129
5365
27412
1585
1615
3480
4548
3527
9940
10001
11924
4365
6947
13510
2569
3003
3274
3314
1410
3166
13226
12052
16493
1460
10920
12311
3166
5097
2337
3291
8808
2348
8563
8826
9403
2890
4430
2234
4301
6167
18436
1739
1790
5568
12240
3525
7079
10564
1620
1725
1819
2857
4566
6754
13867
3816
8198
1698
2699
2772
3670
9919
11624
3187
3547
13545
2334
14238
2954
6124
6270
2851
8799
14038
1988
6616
10786
3755
11295
20802
2382
4858
10302
1731
8406
22267
26594
2377
4007
3087
9691
22515
1723
7724
20320
2527
2688
11815
1660
5130
15266
10383
18091
23643
26987
1992
6177
19609
20723
26995
1980
4111
10698
1700
6718
9498
13942
2411
3120
5618
11088
4713
11631
13568
1943
3506
5708
4166
24608
3987
7623
14234
2009
3976
17222
2834
12704
6256
18630
27706
2495
5086
26993
1480
5462
6215
10720
1482
1633
1783
20453
1670
1864
4796
2140
5037
14203
2323
7555
9861
3666
4487
9808
1690
1711
6740
27299
5562
10220
1497
8684
19577
4137
2029
2153
2265
7348
12598
2023
2206
2253
17827
1794
6073
17400
1811
2886
26779
3510
4304
5283
7415
2397
2928
3893
3983
1529
1696
12254
1644
2173
6579
8589
1913
2130
3581
10470
2342
5821
9744
3394
4327
19696
3233
6812
7022
2134
2517
3420
8525
1916
2099
2106
27297
1748
6115
16813
1589
1965
11216
14151
3105
4560
5324
3831
9171
18158
1712
2642
2856
4782
1505
3280
8667
9022
9442
2529
2595
9065
3016
3596
5829
1510
1904
1971
27452
2989
11481
14395
1512
16822
27219
3017
27545
3447
4478
8113
1536
2221
2552
12475
1860
2037
7760
19036
2545
9855
18787
2340
4128
21562
3221
3520
16784
20203
26659
20885
26747
26777
8788
11276
2778
5531
13359
27044
1809
7335
9198
3406
4466
9520
2140
15300
18438
1959
2159
7255
15204
2122
5468
6309
25347
26550
3280
11710
26933
2167
18788
19195
2943
3825
5224
1911
2422
4239
4429
5261
1942
5798
12894
2480
2691
2730
15586
3476
8872
27220
11895
17713
2764
2887
9010
26873
1687
1756
6709
8484
12363
3641
11001
4650
8360
22017
1692
3973
14343
2892
5559
10437
2461
4191
8774
11289
1679
6277
13372
2585
27397
5340
6246
2291
2704
4711
9965
15364
9362
18529
10553
18797
2123
3058
5553
1541
2264
26561
3631
18818
1709
1965
3997
5728
1869
7294
10509
2266
3046
3736
12861
2137
5267
11768
1810
2293
3503
1571
4138
26723
2064
3738
4161
12969
1605
1865
11297
12976
1845
3335
4728
19113
26560
4789
7827
12677
3139
12350
27605
10022
16099
3228
3683
6463
1901
1961
5573
8220
1778
3267
13315
18117
8822
13318
26599
4656
4969
5063
16540
3557
8330
22873
1718
11865
12102
2526
5633
9185
2815
17662
27364
2630
2779
9800
9973
1958
4863
5237
1797
2648
10372
5573
6539
10254
2022
2439
4605
10279
2280
3100
13573
1581
3086
3782
7208
1754
14107
18491
26611
23614
26619
26620
5370
21929
1682
1960
4779
8782
1673
2220
4928
16508
25149
27076
3935
4338
4956
10442
2111
14020
15104
1854
4140
26891
3210
7141
5671
3352
17948
5106
15494
2180
2390
5727
6879
1902
2379
11659
27498
1815
2046
4480
5403
8808
26617
1871
2709
3943
4943
2114
2414
7136
7887
1699
2202
6627
2138
11991
1694
26789
2052
2790
10790
11282
3911
4405
9562
1732
1922
2614
2687
3278
6675
14384
27586
2754
9077
26772
1709
6580
14807
3190
5390
13649
1879
7936
24238
26627
10830
19789
2327
5407
9516
2382
3593
1668
1886
3931
16946
11447
26784
6752
18263
4568
26755
3530
4342
2886
11368
3515
6193
10289
2854
18707
26716
26730
4108
4932
18088
1844
2600
7588
8983
8238
27143
5536
11898
1891
2563
6250
10657
1795
4452
8831
2513
15764
2953
3004
4629
2046
4637
2769
14298
15117
1914
2100
6405
1702
5233
5902
23633
12755
12875
15069
3234
6300
11818
3544
7006
8918
1889
6927
9173
4865
5638
17941
1819
10887
15205
14336
18094
2397
5839
18109
1734
1974
8089
9027
2179
10823
1644
2045
4126
4791
2004
2475
9586
17549
3385
7440
2079
4700
9610
14187
3954
5949
14180
2881
3891
6272
2065
2097
2344
15977
3091
12290
1919
9556
2503
2870
6716
1755
1771
2136
2979
2319
6873
26613
27264
1848
6974
14248
2172
19776
3482
6921
7299
3506
4304
5409
3828
5809
8027
19953
1782
11860
15218
2843
7313
8812
2045
2173
1833
13150
2493
2956
7819
26529
8919
12510
4403
5803
22783
1745
1779
3636
9926
2923
10366
4285
9975
11105
11521
3658
4175
6912
2120
2433
27150
9993
11010
12078
26972
2875
5183
5543
1978
2809
5294
26666
2911
5914
6764
1681
3089
16011
26831
2806
3612
13760
2351
2763
16547
4088
10379
17064
18293
26754
16389
17909
26574
2531
2667
3963
7160
2235
5833
16715
2580
4235
13802
14397
1886
4272
10659
1809
9463
13168
1864
2239
3885
1686
1883
3211
6975
1878
3033
14404
2398
4817
7775
12780
3911
6918
15445
1833
2264
27197
1832
3005
12108
26689
8851
9624
2128
4912
12966
4200
4246
19417
26820
3118
20426
26832
6790
13845
2794
6540
13045
6092
9569
26798
2681
6124
11285
1883
7149
21189
1822
24221
27538
5512
5710
2103
2783
8452
4093
5169
9924
3682
5739
8598
12219
21472
7215
10299
1846
3271
2829
7444
2123
27066
4688
10657
7883
1949
2187
15515
4894
8720
11888
3033
5272
15202
4100
15788
18217
2231
2252
17320
26638
9309
11601
1733
3522
4442
15316
2683
2692
8678
9327
1820
5283
6397
2976
5514
8255
4274
9731
2224
7837
9891
4093
17495
18674
2074
3178
11430
2870
3390
3582
26919
2061
4683
11231
26752
1733
4442
10239
3431
3986
8951
5878
7698
14401
2020
4290
16189
1962
2341
9714
11209
11621
1970
2459
2560
14658
3511
6522
20386
8524
19710
1963
3514
3718
20937
2857
7874
13422
1979
2069
2327
1807
2712
3941
8237
3515
9704
15599
2069
4829
9197
1774
5083
17889
2243
2509
26594
2016
8501
9952
13626
16275
2416
4358
10715
2150
2178
3488
14281
1941
2981
6240
2993
9737
12199
9347
16453
26701
1790
1812
15747
2789
3472
8077
26592
2818
7024
7321
2436
3178
7978
14486
4041
7499
1882
5892
9941
3367
9869
26808
2889
5855
8222
15866
19733
2059
2637
3469
1999
5065
13291
1951
2419
4909
16452
1759
2146
2816
13263
4680
8022
9575
3125
13958
26612
1771
12425
16287
3728
17211
1763
26570
1759
8095
11736
26944
3370
26943
1888
2799
4641
22710
2782
4400
5056
12538
5458
9492
12877
16043
3772
9225
10927
2038
2598
18369
3711
3843
5074
1925
2311
2396
10455
4122
5739
10126
3107
8566
20183
26675
2160
2183
2424
5394
2105
2313
11737
27581
1989
7883
8520
10600
17840
2357
8286
10313
2829
3956
17448
19166
11000
11369
2885
2983
5016
1972
3784
4916
6313
2473
2926
4497
12186
3832
9036
15970
1919
9022
18604
4348
11703
2386
5451
12670
2188
2283
3244
5864
6319
26700
2318
3671
2696
6770
13286
26707
5490
5764
3380
3771
10193
11371
6378
7546
20931
10547
21378
5680
17476
4216
4880
8463
26741
4411
16178
2247
2515
3297
6387
3198
3835
3880
2884
4037
14419
8863
9737
13499
13820
5135
5137
5939
2156
2226
7341
2879
4110
26604
14824
21643
26743
2602
9615
22867
2439
2720
2905
3945
16070
24019
3202
3337
5201
2198
8062
26778
7558
9324
2695
7428
12646
13072
2028
6337
7689
2193
9027
12760
3630
15915
26720
1990
2625
3741
13582
3753
19429
6146
26524
1917
3325
5237
8506
2155
14280
1851
9850
2196
2524
1854
3654
4783
24462
1935
3604
10768
11720
2144
2207
2278
3088
2846
17477
17590
5290
8473
23323
3107
17851
26674
16187
22293
4942
5159
26688
11048
20238
7514
15711
27329
5846
13941
3160
4102
7911
10203
2071
3883
6621
18467
5930
6505
18562
2342
9417
27378
5082
13102
15685
2094
2644
21266
2322
3061
4416
5157
4283
4317
6678
14929
2594
8599
17545
3708
4092
3271
17777
2068
18616
4502
5836
6575
5381
16564
11167
17326
2916
7027
2280
2374
17728
18933
27233
4537
2161
2958
4925
19321
8373
14568
27106
2812
4541
7322
9304
1867
11279
11775
26968
2821
5294
5297
3416
9985
10459
2538
5926
8263
18534
2164
3014
3735
2591
6095
12195
5321
2403
14869
27144
2234
5441
6167
26969
7772
8471
26613
8471
14766
2257
5118
17052
26669
3057
4943
11358
4355
13999
2818
6080
14657
2933
4867
5987
8334
3423
4785
5221
7298
2149
4938
26561
4311
4771
27524
4968
10184
21177
7967
13475
26628
5238
6066
6841
13679
2943
11771
11882
2808
4891
8790
2961
16140
2093
3428
5188
26556
2428
9551
9904
27169
6171
12757
2707
6598
12555
2915
10851
21709
7147
7969
8664
14928
21446
6615
7909
2937
3270
3306
7257
2026
4795
7928
12168
2372
6368
16637
26729
10478
12156
26575
2240
3045
5672
26948
2918
2999
4106
4321
2946
3711
2059
4187
5482
3762
6804
21472
2364
4287
20755
2759
8472
9596
2041
3388
7930
16485
1942
2491
7980
2566
4498
23851
5200
9411
10099
27120
6093
6998
17662
2143
2572
7628
27455
2340
2964
14647
26548
2092
3023
7770
14699
3477
7915
9889
2618
2797
4263
9153
10670
2451
2584
26949
4872
15148
19859
2363
8674
27298
2949
3238
2139
7628
11356
5889
19917
8046
9010
10947
12326
3070
6385
17222
2708
3247
6731
2788
3108
19599
2483
2668
3727
12448
18548
19722
3483
4376
12170
2194
3651
12962
2039
4264
11898
16823
3358
3651
4112
7749
6110
27224
8742
11378
21980
6242
10084
7964
9039
13627
11115
15954
2232
3919
6517
2506
12364
16202
2260
3173
4391
5009
4828
6344
10974
2041
3388
4010
2637
4443
9155
10719
5199
8671
9818
13941
16811
2757
4668
16928
2214
2447
3410
18264
4445
16276
3177
7018
20450
27468
2764
6558
8494
20808
11152
20080
6937
7208
7645
4171
4819
6735
2757
4979
5822
2163
6537
15740
26822
2332
8020
8894
3867
4959
6916
26705
12136
16030
2133
2640
8736
10005
17741
26686
26773
8934
15274
5018
15491
13808
20539
2364
5256
26762
9639
23302
6679
11354
16676
2438
7503
12046
9307
14364
2168
2737
9494
11095
2086
2265
6513
2208
2826
5182
11108
2725
3353
7570
26705
2459
3451
6508
3305
23403
26633
2842
4448
9303
3533
5038
23756
2416
12160
12760
2391
5558
6055
14146
4096
4885
7994
2112
7556
11379
3412
8779
3332
10135
26697
9333
15668
2097
4598
13784
2427
3980
12544
6420
8190
2574
3476
10053
2982
14844
2421
2660
10674
26886
2590
9594
16568
2055
7878
11912
6088
7880
13029
2625
5970
14278
2317
2559
6799
4757
7184
13432
16480
27017
2967
6820
10064
2723
3571
11406
14811
2650
3725
7652
10074
4580
10492
20344
10652
11092
18144
3526
4691
2303
2985
3504
27056
3372
4253
4606
26523
2040
2646
3475
10625
2276
3286
3455
15741
2344
3055
3775
2273
4335
4819
5403
2695
2991
4626
22786
3123
3265
4006
8312
3180
4473
4628
4999
3992
15076
26867
2117
2464
14795
23755
2131
2468
2629
20769
2227
2289
9971
15336
2802
4221
5567
13460
6562
6846
13365
2775
4199
4493
6741
2687
18633
22238
2530
3099
5881
6714
4222
13188
23648
2197
6210
18392
3543
7218
12269
2973
10233
17537
26591
2470
5145
10972
2528
5920
16477
2074
7746
8109
4390
21042
9695
9736
16024
11277
12419
3141
2420
4264
8510
4437
6093
9708
2837
7610
6598
11627
26762
2193
3597
4236
9286
2641
2718
4736
26635
7422
10171
19210
2742
3910
18086
3471
20990
2598
26508
5671
9833
2622
11824
13554
10397
15009
2282
4905
19142
2115
7742
10950
14769
2054
3212
3745
16085
18831
20558
3597
9185
2121
3804
26979
2201
7596
10191
26718
2371
6648
7923
8547
16315
19304
26684
3518
3541
3795
4521
7372
14622
2429
13206
3126
5422
27626
16711
27832
3124
3415
5061
10090
2781
3315
9862
10454
3016
6006
10799
3822
4219
2304
2401
18850
19134
2190
16931
18199
2189
3196
3261
14441
2862
3785
6665
11752
9680
9980
13713
2359
7192
3737
10595
21956
5530
15644
10486
19380
3332
2791
3274
6189
19400
4188
7617
18655
3243
6954
8040
8862
3204
3430
6511
6623
16486
3733
3903
8762
10984
2271
2462
19254
26739
12461
2843
5288
12945
6837
9557
10172
2256
2654
3995
10480
2698
3122
7801
2448
3240
16281
16406
2196
3392
10717
2087
2129
4845
7070
4232
8213
26996
11514
2129
7280
19152
7278
16643
2576
4208
15420
2834
11070
17760
2126
5957
14621
17678
2480
5101
2533
10133
26557
10961
17039
2405
3223
6899
12603
3390
13459
14541
26919
7192
2124
2959
6188
8480
2106
3113
13005
2584
3894
18669
2711
10336
10554
21993
7221
9213
12958
13230
21180
27039
2127
3051
6830
5134
11849
2701
9483
15660
26720
2174
2835
5478
3459
3633
2184
2784
3135
19601
4828
11452
8784
16990
3119
4512
5762
8169
3269
7580
2682
7559
20765
14135
15357
2150
10063
21464
6886
7125
7951
2588
17512
4071
5571
3473
5841
7185
8754
3922
2880
2959
4516
3786
4811
7941
10015
4874
13639
2313
3051
12129
5891
19453
2634
2914
3788
4966
9153
3681
16521
25207
8151
15932
17799
7516
14969
2876
3420
3424
2710
3147
6225
16221
4698
6830
2768
12649
18797
20753
4514
18636
3140
21169
4738
7833
10565
12641
15221
3631
21884
2207
5929
6534
2306
2460
8228
20584
3370
15697
26888
10323
16442
26513
2339
10352
16710
2931
10466
17096
2464
3481
2171
2679
6306
11962
2507
3054
4704
10786
2191
3526
23336
2406
2562
4226
6897
8740
10680
27539
2226
5895
8306
3605
3648
3905
26540
2747
4172
4526
9496
13545
19026
2490
11255
26841
2997
3937
13945
3430
13084
15904
4151
6248
26821
2860
10091
7495
19836
27117
2369
4064
7052
12813
16715
17775
2737
3389
3452
4379
5115
7848
4327
13960
14397
2679
4835
8435
11990
15186
2662
3254
2204
2253
14488
26738
3834
15927
18584
27683
14015
16512
16629
3458
3481
8606
14022
2390
10454
2686
3944
8410
8581
3053
14667
27273
2734
3203
24709
2284
2314
11499
4008
7625
12891
2932
6342
10089
26977
2604
5897
13862
3071
5802
20170
2721
4692
18428
18677
26753
2420
2703
8944
2471
6082
11778
4003
9182
25349
3740
5724
6643
27667
9143
17308
8490
18462
5082
2586
2657
3003
13611
2259
7698
17217
7996
11064
26719
2604
4438
26943
12264
13357
16477
26739
4200
4459
12153
27196
5602
9724
20969
5589
11765
3293
9595
16077
5844
8629
9975
2766
6629
11574
3521
18370
27559
12839
21910
2972
5218
27634
2765
3750
20103
2569
2633
11526
5118
9896
8844
12177
2228
2535
2859
16895
2398
9870
13180
3337
6583
2631
7630
8883
11089
2503
5778
6974
10572
2320
6594
17216
12938
15909
7055
8572
2498
14726
18763
2535
2598
12517
2355
3167
6006
8736
5001
5884
7565
2549
8888
13321
4859
10002
18664
2606
3952
26682
2802
11606
4164
27067
5319
6512
26166
10490
10756
12746
27155
3078
3885
18632
7241
12407
23214
2256
2866
23656
4906
7395
2509
27259
2865
3497
9760
2333
4398
4675
6348
4831
16440
21552
3297
8841
10943
2678
3309
3422
14215
2676
3029
18942
27763
3103
4510
17630
2848
3870
12483
27048
14492
22906
26637
5602
14608
5780
9871
26573
5353
17148
27104
2654
2866
12824
26668
2368
4522
10712
22590
14103
16498
4461
4875
13774
5122
9144
2286
4848
5832
5868
2350
3283
7088
18037
17930
20906
21060
3918
4001
11344
2897
4372
6791
16864
4079
11148
13622
8290
11459
15783
5063
7616
8412
14392
4477
4805
10072
3024
3036
4962
8124
4366
4926
16070
2392
9159
14194
26681
5718
6861
18718
2603
3776
18897
2746
5573
2891
6003
10763
3000
6924
12198
26707
12884
15681
2671
3812
4010
2417
7825
10874
7761
8260
2314
3474
8447
7410
8897
26510
7123
3281
3824
7828
10211
6528
7127
16814
2498
4159
27647
2640
4856
10325
10542
4381
4947
10081
2987
3599
4619
7103
2609
4719
22654
6138
7335
9198
4113
4347
8246
3192
3948
8124
26900
2845
2862
4995
10487
3063
3299
18749
5438
7983
8468
2565
2666
10636
23603
3732
6735
10113
2847
4142
23809
2985
4380
8035
2499
7285
10923
4906
11348
20355
2460
7015
7318
6799
7218
15975
3744
3860
7704
9449
3434
3622
6480
21376
11780
17028
2907
5952
9389
12530
14926
3528
4083
18850
21099
2358
3313
14430
2940
11680
8182
11865
3671
6363
13738
2900
16200
26614
14620
19063
3790
10449
5161
8448
11436
19452
19551
2573
2804
5566
11036
3252
3884
6100
6530
4365
13681
16246
5398
14575
2760
5361
9853
14036
3513
11322
13396
27237
2465
8054
14888
19455
7629
14751
27928
18693
23674
3429
6362
6704
14105
26579
27910
2466
14209
16601
26654
2418
3156
4440
13218
9058
15534
3134
12953
22760
2628
11040
11091
2964
4128
8013
14821
16191
14741
17954
2359
10801
2725
3979
4605
7753
15694
26840
13728
15452
26544
6570
10044
2922
3047
6019
13517
3241
10357
14800
2763
2557
6912
4847
7821
3235
3307
6211
16067
3624
4729
8749
3075
3131
3406
4998
3519
11139
2662
19850
6140
13305
2836
2861
3873
10681
4883
9475
10599
13922
22821
26594
3056
3183
4947
10473
23409
2497
17777
20158
23781
26702
4615
4860
8514
9353
3355
3689
4059
5732
15289
3374
7235
3558
12191
13985
4788
8509
26651
4787
5694
8968
14449
15488
19302
3207
7479
17016
3790
4488
5229
7549
8351
13828
10177
23840
26776
2518
2759
13360
2446
3010
3152
11004
4215
6751
7952
20513
4634
5700
6998
3708
4491
26652
7237
16637
15140
17641
27660
2413
6919
9592
3471
4898
6743
4242
12109
2485
5028
3099
6393
11988
10658
26680
2835
3254
7600
13636
6091
6363
10692
3448
23103
2907
5204
12524
4755
5311
5731
12415
6099
20395
3108
5150
9254
2499
17610
19900
2508
2935
6121
14408
3810
7690
3308
3958
8979
9212
4705
7060
8899
2562
8101
10348
3469
6963
9891
4394
8582
16052
8176
14603
26906
3513
10819
12430
7455
9303
11598
3608
3690
5470
7677
2929
6485
8685
6333
8442
5026
5961
13392
27492
11511
12580
5940
13803
3839
12606
6146
23019
4264
17220
2978
6729
13196
2824
3477
5831
3085
4393
6785
3203
6215
10720
6457
9992
11682
4523
8055
9113
9156
18379
6733
11810
11875
6754
7507
27401
14502
8177
16485
26782
2808
11462
8085
17759
2467
4048
5369
17338
7835
14226
16969
2893
4454
8922
17898
18101
2470
13993
3377
3465
4531
26981
7813
11402
19151
7527
17428
2468
2801
2820
3859
2477
11695
3790
5691
5948
3152
11741
16678
2765
11905
21061
3310
10690
13833
5260
8659
10949
5506
8174
9705
18174
26950
5697
19324
3613
7276
8697
27271
7084
10324
16837
2825
3988
4137
11752
3064
5734
11280
13810
6605
8557
17686
15827
19583
26879
6012
6956
3382
4479
5071
8274
12216
3957
16425
3153
4857
5624
11101
15065
4157
5078
11490
5665
15460
26653
5369
7007
3681
5285
2653
3580
6923
9088
9984
22913
13607
19625
5375
9592
16286
2751
2926
4163
4478
15263
3055
12099
4655
4681
7351
2553
3068
16895
2612
3864
5914
20075
2902
7877
11179
4104
7459
3421
8681
10855
10680
12130
23973
2668
17758
20348
3176
10832
13711
5028
26636
2670
2970
3246
7453
13396
3104
3127
8423
13313
3675
5745
7738
27557
6150
10720
26842
4741
10813
26634
3925
9963
12267
26528
2622
8173
14261
26892
5395
6883
3800
7551
7950
22330
21663
2912
9730
4724
6237
9097
4355
13573
16413
4474
7467
10131
2607
3262
4091
6837
4686
4934
12944
3395
17362
27555
3035
3290
22805
4876
10471
20663
4996
10638
3999
7816
21546
2889
14275
16518
4577
7033
26936
11186
13444
3775
9522
26964
2731
7509
23669
2571
4997
7725
10839
4366
12751
13818
5474
13815
15132
2878
2998
3616
6622
15274
22388
18265
2665
9129
14912
26827
5368
8840
26605
18372
6734
14779
4480
5872
4085
4766
4770
5598
5615
9724
7005
14757
16733
7791
17640
19053
2667
2818
14657
3215
5203
6052
2728
3158
10133
3655
14087
17197
2912
7283
7285
3024
3220
19025
22793
10841
12010
19393
2697
14040
14061
26662
5915
9475
9719
15557
6126
6324
13887
15242
2582
6002
12815
26666
3656
14792
26821
12992
17859
6815
8998
19131
3205
3362
7536
12933
17850
21881
6370
12096
26638
3762
7814
12891
6515
10748
20331
2609
5923
3462
3659
8854
2579
9086
9793
3500
3901
8275
3369
5857
6417
26558
2593
11219
13909
3471
4844
11724
6618
9044
2867
4752
12800
3902
5208
14198
2903
5548
4688
6996
9120
2690
2963
4519
4910
3227
7798
12164
2795
5750
3245
3977
5079
15999
12754
13614
3314
11526
4284
4408
8148
20800
5075
5383
8766
8620
27456
4386
4485
4893
3096
10250
27671
3587
3614
12853
14703
3200
6443
4277
5208
7179
10932
3141
6082
7598
11453
13299
5847
11711
26940
4030
8982
19339
27522
12696
15278
26667
4744
8859
23473
20692
3017
11926
23192
2750
3003
3140
9629
9652
14022
21527
7211
8159
22484
20755
21219
7219
14602
18547
2986
10267
18322
19942
3090
6912
13106
2600
18995
20460
10560
12155
10290
13358
5940
10874
11155
12517
3772
6365
11633
17868
3187
19032
2712
2987
13233
4667
12843
17623
11122
14911
2922
19079
23861
26812
5489
20013
26683
8509
15526
3828
20376
14940
2895
3697
5012
7960
5050
26989
4251
4964
6764
2842
2883
3222
19712
2708
9671
18638
2799
2915
6398
3773
5362
5738
10046
3201
3302
3435
7683
3974
27422
5243
6330
8574
2713
6928
9468
11976
2670
3142
10548
10738
3475
26891
2752
6264
7672
12043
4160
11843
26963
3275
4177
3018
3665
8034
14666
7978
4618
17016
3859
6676
11671
4388
6205
14340
2683
4086
5119
13120
15855
17117
7577
18235
2914
9530
14051
3436
5243
22947
6059
9262
12038
4075
5165
4013
5258
12478
2831
3820
4961
6529
12336
13773
2718
20734
22919
2724
2840
6117
3256
5196
13049
5055
11105
13917
3013
9140
11730
6011
7034
8402
4154
5250
5314
15637
8233
8305
3365
6486
13518
2778
3564
7707
3336
14208
23901
2658
3172
12229
26855
5344
6089
10931
5666
16085
3163
3931
6700
20210
5762
8169
8368
15137
20781
7100
26676
26856
4050
6474
20787
22098
3026
6775
11059
2693
4701
9038
5477
12127
18405
24167
4908
5128
6960
6986
26828
3227
4131
5749
5034
5431
5236
6228
3015
3756
5143
6371
3427
22515
7516
18427
3490
3494
10659
27007
5278
11647
27029
27570
8774
19899
3084
3705
4878
21205
3764
4447
6033
3008
3302
5178
6907
8741
15058
15649
9023
17802
2796
5410
6603
10637
14903
19576
4435
4770
11815
3780
17009
2694
3953
12727
18418
3067
12153
15595
7199
7948
8358
18840
22653
4591
21781
3704
3870
4303
7949
2963
7672
14746
3023
8684
22111
3780
5432
12231
4701
18066
3396
5580
5994
2777
2991
3746
7021
9792
2873
19987
26663
13378
3377
4531
4010
18362
21978
3267
4308
12671
2927
4214
10758
23267
3526
6631
17220
5943
6148
27568
2827
10567
12279
4193
7245
10112
5803
10121
26812
12045
22500
3642
4588
12380
5879
6980
12418
10100
16315
8115
10067
3129
5940
20856
3032
14461
16581
10122
13013
17457
2908
3414
5206
7344
15723
9745
3835
4221
22403
2811
4605
9422
4295
11646
15715
3057
4060
9942
11789
5757
5995
9789
2840
5932
6874
4231
7862
3674
4151
12245
4289
4306
6687
3219
3428
11066
4409
4815
12794
4104
14655
21981
7065
11739
18487
8585
11408
19397
2930
2944
8088
17367
5394
18444
8121
11119
3970
5450
10973
26961
16556
22041
7578
9073
10436
3256
15679
16113
3079
3112
4052
7026
5560
10713
22427
3395
13616
17906
2905
3301
3737
5252
3065
18886
21685
6072
17369
3592
4526
26867
2865
4820
15641
3388
6782
26916
3140
4374
5946
4163
4453
6544
6835
7662
11000
4466
5614
7984
27065
9920
19045
3493
6629
18178
26724
4362
9459
18413
20089
2826
4580
11561
5474
21642
4147
8824
8846
2994
3695
3953
6665
4633
6466
26930
13373
4315
14642
3441
5905
12535
2853
7993
17627
3761
11796
2975
14531
19178
3373
3722
6364
2877
3730
4155
5815
3346
7737
9703
8230
12178
12453
12878
3304
4375
18167
26744
3565
14953
15998
3144
13606
19166
3043
7428
13722
8999
17067
4388
19936
3662
14777
4564
5727
13919
6170
12843
24291
10978
8365
11499
3386
5336
10850
2787
3411
9123
10821
3717
11846
19540
3961
4248
7101
2991
3229
9388
4117
6283
22723
3747
6189
3026
13196
26853
3510
6349
10987
17276
9259
18352
26927
3101
8388
9052
3498
4018
4273
3194
5835
10955
11453
8239
14518
3238
3268
5014
15848
2820
8735
10161
3724
4301
3027
3797
6103
14612
3534
5566
6531
2817
5216
6320
20234
4584
5866
13149
7448
18893
6451
11462
2821
3907
5591
3039
7875
13165
26801
7932
13205
5351
5689
14195
5199
13992
21259
2822
2936
19231
22343
6093
6930
17172
19847
26887
9277
15634
23272
12101
4036
11988
14343
4455
13873
4354
8493
2936
7556
13174
3710
5053
9063
19596
2941
8689
16893
3115
7264
8524
3293
15400
4938
9908
11535
12041
20099
7444
13192
3094
4211
11673
21248
3820
8927
26533
4232
7955
21587
2913
9068
9829
17727
12420
19805
11155
11182
9158
14583
6546
7610
7786
5819
11049
22292
14862
27194
15534
19725
3920
5788
6518
18112
5309
6493
7313
7885
3162
5608
26809
6297
6758
8251
5789
17454
4990
15290
5585
7309
7949
2976
3453
13816
3817
6828
14266
7377
9111
4506
5274
5448
3844
17332
9250
20360
26591
5094
7254
17893
15195
15489
19613
2929
3100
3638
6098
2950
3004
15566
16761
6370
11526
3819
18072
3315
8706
10523
3374
19039
26647
8562
9451
3546
5952
26989
3048
4745
13080
26909
3921
11493
16819
16951
3117
4351
6085
3233
6198
8028
9150
21593
22067
26663
4043
7156
23960
5025
6245
3424
6284
8153
3730
5619
5669
2998
13379
16613
10909
15426
17361
4516
13323
18619
23713
27334
2988
3076
6280
7676
3523
6419
18043
3231
8764
2983
4267
4627
3251
5589
4315
7547
9369
6116
20778
13225
20736
3088
9266
24483
4048
4071
12000
5525
5979
10750
14508
26521
3697
5160
7630
5627
10780
13565
6182
9749
16080
3768
4107
4305
4772
5456
7817
14166
4417
7304
11933
6023
8773
10231
9174
21202
5548
5954
8718
12650
8673
8717
4967
5898
8150
10575
11756
12318
3059
16424
17626
3560
6174
6739
3289
26643
8058
18963
17610
9642
9763
17792
24041
24354
16929
22123
6699
7027
26564
2938
3865
6080
8468
6053
12072
13564
9037
9135
22547
4057
8275
12301
2952
3185
22361
13517
26811
16055
26840
4688
6256
3330
3768
6396
9238
5535
10308
11336
4186
12780
14199
8552
2982
27075
4938
13793
16181
5521
6682
26976
5552
7538
26859
3572
4015
5374
9092
3808
5597
6363
6671
9487
4369
7798
12999
6197
7723
15258
4101
4545
14258
27038
17464
27767
2993
9803
8086
15542
16608
12212
16811
2982
11919
13482
18027
21953
26680
8618
19883
14999
15009
5439
5473
17759
3268
3325
8133
2953
11588
14703
4055
4382
4399
7769
3028
21113
6099
14379
14067
26532
27287
3082
11316
18640
26736
3143
9377
17544
3034
3345
8882
12550
2997
20629
9856
22618
3177
4052
9741
13316
3211
6793
7597
8154
4035
9816
16794
24020
14702
15126
3408
4143
11506
26598
3505
9690
24366
5117
10425
15399
3312
4871
10621
16601
3142
12004
5517
15280
27156
8020
15514
27635
3582
8077
26592
3102
4390
10437
26999
10076
11321
3453
8255
5099
5946
23229
26601
9018
26885
9708
22871
24025
24862
4307
5759
8872
13393
11784
18258
7694
20874
4518
4614
8593
5804
12388
3076
4501
7587
3352
9050
15339
3146
4223
11291
16971
8077
17979
26727
5831
8634
2996
3294
3907
5591
3980
5231
7541
7152
8605
3554
5830
12279
5427
6184
26706
8090
19307
24664
27019
3137
4364
13040
16775
14077
5985
18425
3639
4614
4095
5380
8150
11423
3263
4196
5501
27518
4130
7286
4410
5863
19968
9677
10531
14439
9828
14926
26661
6751
18271
22394
4285
8865
10886
3562
17314
27100
3892
8158
15839
11566
7215
4282
7920
10024
3409
5497
8576
11557
8718
9855
9970
3896
6343
12166
4574
8538
12507
14112
20137
3036
3220
3035
4704
13995
8036
26854
3797
7899
9243
3185
10318
16382
4135
15428
26823
3561
4746
6203
6716
9871
15143
15090
4968
3496
4135
21554
12169
15222
6815
17916
3181
3900
10257
10668
3143
6633
7014
26863
3650
13671
26802
3626
9217
22345
26983
3965
8365
8443
26914
3391
5347
6825
12324
4626
12303
13952
3450
4230
6310
7325
8052
15455
26947
4192
11059
18194
6063
6777
19079
6491
7823
11573
3387
4113
5412
17330
3301
4047
5760
14963
23734
3381
17083
18128
13808
19806
3290
3412
6135
6816
20572
5047
5423
3311
11996
5037
6331
7717
3414
7847
11372
3495
4029
4870
6060
4913
8448
23685
10292
19603
26924
3237
4699
5515
9732
12940
17626
20292
9154
13681
18550
27166
3685
10911
16285
9842
16699
26611
9681
20450
26605
6036
6194
10953
3244
12181
3625
9162
15273
8769
10178
15535
3871
4504
6611
17494
4998
14356
20366
13587
15654
4472
16241
17062
5936
16564
20981
4743
12262
16170
4471
7257
7583
18894
3234
5839
20103
3763
15935
26737
3559
24579
3864
4166
27565
4685
19017
3191
4486
8366
9106
9276
15716
3184
3579
5428
4175
5180
9761
10208
11257
21502
4871
5713
26526
3322
4854
6848
22960
3402
3568
4211
3524
3904
18426
19225
13887
16112
26609
7560
8532
11631
3929
6572
7273
22592
6720
14268
4250
7592
7473
22914
6156
13617
26998
4549
5152
20705
4447
11003
20019
11653
13367
3906
5572
12502
14706
3478
8566
16141
3300
4768
21497
3327
3334
10610
12748
4740
7904
9135
6639
6702
17189
5105
9186
10228
4198
8814
8963
13553
3197
3988
10310
3295
3467
21538
27098
20754
3184
15213
23796
6691
7312
7408
3321
7455
9949
4218
4499
5234
14614
3701
17018
27330
7452
8352
16821
7139
13566
14011
16285
3745
5865
8488
4447
6308
8882
3760
21509
26863
5279
5214
6614
8269
16294
3406
20952
3696
14652
15239
4025
9949
21152
20273
27672
3193
3474
21412
3148
4270
6787
9021
4082
10929
19757
3561
7492
11042
27762
3348
3539
9525
21311
9238
5842
16331
6958
9329
20776
4940
6061
6992
14192
4276
12241
19078
4595
5879
6434
8428
16063
17489
3189
19394
20373
3833
3923
4098
8191
3813
4439
4837
11049
5723
6967
4868
5301
6756
5568
6910
6998
9224
9885
22012
3199
4300
19093
3889
6469
26991
3219
15924
19185
5337
7550
5792
8554
15372
3520
13165
18551
7022
15228
26810
4116
9218
24166
3383
27013
3598
5447
7684
13072
10102
19561
3624
7516
4721
5198
7738
16202
19759
22439
3491
4749
5251
11725
5523
10994
16006
9906
12880
26677
3538
4185
12963
3815
4022
4239
8703
4625
14454
19970
5357
7511
9630
7182
9623
19852
22069
9150
17741
26773
12872
13171
3964
20897
27547
5192
5771
11377
15596
7228
10053
10081
4699
16081
11195
18898
3277
3707
7220
26803
11602
13559
3376
3601
3661
4065
10705
14541
3462
5328
20416
3258
4314
4581
5092
11381
12711
4768
7506
5431
8692
14168
5630
7805
7977
9332
4295
11851
16407
5139
6271
7264
3880
6192
4820
4978
21986
5655
6443
15349
4081
4309
6072
6798
10646
13329
16725
19011
10246
27470
4433
8542
24382
3341
14129
26624
6340
11814
7497
7594
22316
4333
7161
8332
7838
13919
15677
3689
4275
5422
12520
12611
4418
6884
12957
14732
22012
27120
5565
16026
27321
4599
5084
13012
3600
12888
23254
24194
15049
16548
4101
4545
8003
9637
27560
3523
16470
5545
5628
6899
3271
3445
4123
19385
4225
7050
7852
8102
3387
6661
20991
12291
16860
8768
9914
15955
3472
3487
4574
10321
19289
26726
5305
8764
3279
5052
5322
15181
7022
7620
4486
4581
13355
16023
27439
6808
12675
19751
4699
7875
15651
9390
13684
4342
19023
21886
3310
12747
14629
3283
15953
17766
3444
6810
11099
26830
6790
7579
13266
19428
25155
8149
13220
14196
3427
24976
6723
12569
12883
3282
5551
10563
5699
9558
12603
3802
5236
9952
4929
10763
11368
7354
8972
13602
4124
4273
4419
17004
7818
20625
4371
5391
6411
9994
8566
10442
3688
5598
9698
12879
3640
3663
4145
3333
5768
7090
9655
4444
4578
7945
11661
4692
9534
19156
13998
19177
4935
5113
19934
3927
14968
19485
7452
14405
16439
4042
4507
7048
10731
5049
13315
4762
4040
5257
4369
9893
24428
15066
3638
4828
10777
3798
4377
13286
14077
16787
4177
5793
17227
9248
11201
14714
14366
18153
26804
5540
8701
27586
5958
6239
14742
12639
27071
4367
7175
11834
8564
10107
11465
15366
3615
11219
17502
11698
26527
27111
3455
7186
7716
3792
5851
16934
19985
25094
3851
4571
27624
13795
20957
6138
7836
10248
6365
9187
10196
11561
21591
3757
6477
14069
3467
4495
6326
3442
13594
27661
10158
15914
3357
3671
3988
10102
19561
3844
7993
3617
8294
4130
7701
4016
7338
10339
13491
21636
26745
8880
27451
7583
9335
9604
8752
13761
27440
7350
10056
16117
3570
8762
14788
18362
21075
4060
16116
4871
6695
6780
7897
21663
5716
5937
4564
8770
6300
6794
17814
4208
5284
5335
5477
3402
4181
22766
5044
5912
7806
10581
9075
10165
4921
8510
4760
6589
9672
4310
4900
8577
3342
3939
14505
23037
22801
8207
8747
21674
16147
27231
11513
18637
26782
4090
5484
7651
7386
11904
21192
7439
10241
10273
17542
26696
4114
9570
9921
6227
13466
27232
4026
5842
8707
9368
15644
5971
8676
5343
5448
17040
4646
7714
8076
14628
3714
8836
15563
9015
23797
18655
19115
3589
16621
3603
3778
6220
8646
3687
9553
11056
6088
7883
11503
8801
9446
18811
3539
4120
7181
3792
5753
15253
18806
5080
14183
18145
26712
13787
10027
13882
26704
5918
6806
7168
12805
26822
4524
5617
15119
3671
3785
18379
12406
13327
3514
5498
13031
19839
3591
3996
4212
5261
10720
12014
16193
7158
11224
4843
6724
7311
9231
3715
8353
11281
27433
3936
9203
27588
3888
4231
7570
15272
14813
16857
4203
5819
8901
11658
26559
16145
23991
3410
4359
6104
4318
4397
7773
3722
15521
15732
26648
3529
4619
10930
3661
3843
27225
8923
10238
3731
4731
8980
16635
3446
4784
8857
9950
3771
4190
6088
3890
18216
4479
20324
3874
22086
27012
3657
4343
9375
14597
7692
15883
7542
8246
17567
4576
10429
21852
4502
7965
8225
14527
27457
3472
23350
4067
4413
5644
7623
3683
11009
16796
3695
4631
5580
5459
5702
6169
8285
3878
10408
19968
4296
6025
10700
26634
7333
9149
13968
4072
4336
4914
5034
3568
4181
3576
9966
10859
27906
3878
8944
9833
4989
5136
21197
14137
6361
8750
14992
7370
23101
26597
6762
11638
26948
4286
12284
3717
8331
8924
3907
3993
4353
5042
8018
8229
13603
19354
5139
9831
13071
6231
7603
3425
4919
8517
12587
3814
5501
8478
13448
3609
10014
12277
26603
7777
13781
10110
12297
14018
3679
9873
13287
5422
7308
11877
16461
19809
3542
7662
26861
7984
11284
11989
16105
19193
4636
5151
6348
9635
23789
18766
27469
5877
9105
16999
4143
6476
12374
14504
3516
9247
12385
26869
3942
5828
18905
5178
6072
21832
23775
4899
6934
19673
27082
4043
4489
5319
11049
6555
9338
26774
5384
5786
15935
4145
7041
16588
19684
6172
10909
14937
26650
5217
17958
26830
4572
15066
6876
9469
12756
5718
22581
5358
16410
5267
9246
10811
10206
11823
12210
3546
6599
4576
9138
15756
11624
4033
4094
11641
26890
6337
18034
3691
7245
16432
3850
5385
15843
4051
6605
8265
3633
11850
12039
3742
3898
4639
26806
4325
6084
9944
27862
5390
8854
7696
13059
17125
5104
5786
9545
8848
8923
10996
3861
4120
5184
10586
5411
5911
4533
5383
7725
4412
5165
5263
5681
7336
11486
12971
4732
14169
10923
4537
6037
4307
23056
11340
14232
3613
10846
5784
9300
12041
12931
17360
10021
4087
4948
7299
4697
10427
15101
7291
9219
22265
27180
3507
9336
13616
18128
3990
4722
5290
5725
6857
12646
7358
15065
4127
5222
6448
17079
4414
4945
5042
5688
8212
10814
4528
7130
7783
8768
11574
14215
26725
4747
4945
16765
4167
4467
7611
3687
12540
26824
5347
8175
11950
4263
19422
21147
3575
8074
16280
6261
9545
7400
10813
16811
4103
19656
26826
4719
13329
10752
16944
27057
3994
9409
22876
10182
22405
5927
7432
9425
3574
5399
7498
27430
3644
4883
7564
12315
4738
8955
16379
18607
4118
4623
15509
17527
15536
27239
5498
7414
8344
17239
3932
20390
26870
3531
8780
9553
3541
9828
10018
10853
16945
5349
15417
4182
17655
16290
16681
15376
21607
4850
12953
8628
10834
12699
5918
11330
15276
18373
4083
15062
11854
27582
5158
15134
6497
7821
15876
14254
21260
26660
26751
5741
7614
17053
4900
6531
22610
6040
6235
9964
10282
4201
4238
14129
26623
5846
12416
27521
4185
7150
16364
6602
16834
13317
21279
26788
12624
14125
4919
8002
16659
4290
10066
26944
5982
10435
19573
5100
6766
6893
11200
11491
26988
3968
4011
3595
4846
10993
26774
3754
3955
6312
13102
5029
5050
18994
26988
4392
4970
7602
22707
3791
13373
20644
26747
5268
5830
27197
8888
9102
11572
3680
5634
8106
13638
10538
14436
3847
5303
6648
21470
21878
5323
10160
22514
5133
10388
3735
16307
17243
4209
10398
14093
3725
21290
3783
8656
8799
3837
3984
9057
22332
3960
4234
5420
6461
9380
21284
3597
6070
7940
9185
3679
6133
7781
5757
8653
13006
7195
7981
9092
4807
7576
9326
16332
5441
18723
17249
21507
6048
14142
27906
5038
9429
11124
14648
3645
3694
4146
13125
4449
5428
4823
7957
20398
3788
23642
4626
4097
4169
6114
4206
4262
4819
4045
4610
4976
6914
9742
12323
4425
9308
20308
8916
10592
27159
9522
5661
8614
3872
5184
16371
20129
26868
7952
16894
5850
6948
10223
11072
5052
5958
26775
5503
5829
15583
6009
9912
22786
6907
9615
17793
22272
3711
4065
8618
7400
8191
8445
5270
6301
8663
4800
5406
15548
5018
6101
3658
5462
12491
4241
7162
10224
12482
4801
5986
3767
10014
4583
4999
9790
16993
4020
4813
5230
5643
4584
14435
4804
14516
4425
8855
9264
21111
5740
6461
8483
4105
8717
21815
3996
4292
4801
6567
4383
8405
18101
7294
13935
14439
4652
8888
13420
5828
8464
15328
6231
10096
10459
11513
14999
4687
16295
27309
10778
13648
20889
23801
4731
4923
7946
9817
4590
5032
7475
15438
4519
6835
26721
13501
4930
4982
19140
7493
9679
4426
5702
14474
15150
10392
12686
18752
5016
10532
18900
4319
5728
8828
12439
4250
8266
8750
12108
15602
3750
4581
11001
11698
13427
3943
14282
4281
6805
7382
11895
4849
13891
7506
8391
9078
5693
10996
18764
26981
6663
11789
26847
3917
4596
6101
4368
4884
5367
22097
3794
8127
18210
6291
6515
14491
20622
6501
19603
23073
6031
8327
16661
16118
3755
17525
21224
8134
10049
14381
6150
18044
5328
11695
13371
5074
9499
17268
11607
24266
11026
23088
3826
5980
5001
13148
4282
9595
11710
4228
14703
15566
5453
9395
9845
4000
5787
5813
10410
3887
4540
7669
27318
4735
5158
10396
6147
8527
10052
13155
6652
6997
7091
14550
6484
7520
19223
3890
7903
16756
3966
13132
13987
5006
5363
6365
21074
3926
7275
8789
11857
6488
11846
15520
26967
14951
17603
3966
20256
9914
11009
6858
9628
4494
8078
11909
7275
7586
7959
6992
19395
6773
7670
9493
4275
6975
4622
9048
14989
4075
4193
16500
4175
15157
18954
4462
5228
5999
7787
4146
5855
16344
3980
4631
4240
10891
9572
12505
4150
5202
14729
9309
19943
17338
27149
27785
7801
12614
17207
4501
6429
7289
9786
7358
13783
14478
6644
7493
27618
9786
10845
27564
6604
7233
3749
7930
14368
5002
16359
4032
5415
8105
8172
6041
10739
12949
5899
9878
13213
3720
4986
5349
6450
6006
11006
11623
10732
12251
26894
4055
7171
9382
16855
20021
6679
7414
17003
4866
6214
9110
27116
4764
5808
23066
4958
27267
10979
15080
7904
8080
9728
14762
4221
13930
4423
12970
4265
4326
11161
16156
18027
18799
10663
16750
5372
7467
11667
14578
17987
4690
7442
8953
3809
8072
23018
3903
8737
16163
3829
22538
23891
11789
21258
3918
4463
6355
5252
4587
13713
27310
6710
11501
13024
5067
15007
16684
4227
13582
4415
4639
5354
4630
9612
14868
8751
9316
10928
8669
17855
4621
11751
26963
5171
19504
4233
6305
9028
23460
7220
8572
20648
20103
9401
14062
6828
8492
14954
26554
6103
12827
19447
3955
7357
14429
24846
3892
6504
6800
14428
15483
16079
5403
7836
8808
4892
5816
6445
10286
7766
16086
26864
5306
5765
8723
24801
4632
16891
17415
18689
20019
3993
5149
8622
11579
4176
10393
23618
12741
17335
4603
4772
4029
4839
6049
26977
4483
21064
26847
7925
8403
10196
21365
5775
10319
21078
4920
6980
8559
9572
10585
10801
4667
14509
4555
4918
5338
6274
5270
14885
19802
4184
4476
11523
21705
9334
3803
3985
8989
15563
4024
8366
10143
4493
14038
16740
4448
20595
3819
4631
8323
8686
10713
7062
17316
20175
26590
15247
16033
5733
6978
11695
7659
10695
22734
5837
19287
3914
4387
10343
11521
6112
13488
13869
4521
9767
12548
4795
6209
7198
9736
9657
10887
4377
7824
4215
8155
9911
12671
7546
11701
16001
10724
14263
26844
4980
9198
3933
7178
21740
22657
26978
4708
11468
23739
27205
12507
16127
22954
4474
11969
19358
4876
13272
24250
14837
4068
4156
9643
8319
19317
11080
11566
4043
4873
15235
4269
15559
18132
4239
7248
18663
4730
6213
6107
11591
26780
3967
4349
4669
16721
6297
5429
5779
13413
22337
26906
4852
8074
17249
5225
5245
6808
7153
5405
9279
10272
8822
4125
7167
12844
4149
6849
17099
26894
11016
18670
4684
27548
4178
4406
21482
3987
5104
9734
6999
26866
4424
4987
16133
9826
14417
27683
13930
3897
5396
15720
24789
4896
16563
17387
4229
4256
17659
4411
4440
10633
6138
8326
10658
4861
7247
9290
4886
12823
14529
26608
16869
27226
11014
5663
5744
19583
4329
18023
22136
27056
5303
12610
16886
4293
4864
5469
7176
4150
25128
27649
13319
8456
4330
7491
27477
5584
6154
18609
27030
6366
12208
16627
4205
10026
13825
4877
7544
9863
15068
4341
4859
5250
13067
4132
4695
5348
6680
8295
18038
5027
6309
8733
4120
14940
17492
4090
4265
10151
18242
4653
6253
14032
4776
21150
6197
18668
19698
4613
5017
6584
13042
24896
26704
6622
14930
18743
4443
5155
6809
12677
14558
4504
10456
4073
14940
15015
10633
11609
12606
4067
5887
17733
5121
6892
16899
4917
7416
9214
13112
3886
4278
4653
5271
10879
27360
14696
16316
26641
26872
13453
5143
6475
6578
15838
12165
15070
15349
4188
5467
6105
4441
8972
14826
18861
21460
5004
7212
21079
4540
5098
10077
4231
4508
11725
5981
14510
26990
14819
8937
10108
27335
15932
4186
4399
16057
4505
7632
18404
5024
5352
8877
10094
6207
15814
17823
5773
7222
10170
15988
26805
5139
5144
6091
13744
3964
7355
4012
8146
14353
10927
19851
6784
14383
4850
24803
17384
22088
26541
10333
12661
17066
11579
4133
4980
7253
17047
4525
6506
16543
26877
5425
7442
9680
5571
7515
8340
11151
21440
4644
4748
6270
10869
5801
7466
14260
5053
5967
14350
19945
5128
8288
15829
4596
6778
12534
4677
5583
4859
6908
12283
7653
11944
20859
6602
11705
12309
5276
6097
9765
5508
8513
10696
4383
10364
19818
4838
7164
7189
14851
18776
13162
21402
4671
4939
5685
7730
8916
9194
27160
5212
11191
14838
4116
16946
5210
15114
16496
13141
15341
22024
6325
10318
12860
6982
9780
13076
10186
17053
5246
14996
27395
7376
16434
14105
20198
4132
4695
8931
21357
4173
10067
23398
4109
6265
13479
15386
18785
4080
7948
13354
7736
8717
13993
6615
10004
13729
7172
8636
12781
26850
4513
7058
7720
4984
5288
6922
4569
4965
7069
24636
4148
4869
5426
22230
4480
5923
6477
19271
4847
9416
14906
5642
6503
10031
21065
4477
19179
4456
7599
12111
3998
8385
10700
13267
5740
10417
23852
10181
22725
26957
5054
6322
8733
14803
4072
6601
8181
6924
21057
4324
14422
26913
16355
4643
6510
4011
10845
11798
5207
7023
17092
25709
4458
9214
15950
12518
14063
21368
4098
5508
13419
20454
4992
5624
21125
6610
9480
11989
17300
23149
26868
4046
7913
14196
4259
5452
12738
13372
4261
5377
10279
21657
9099
12872
16891
26737
4224
17963
21304
26801
6300
12427
4896
6392
13550
5503
14544
8585
9105
5743
17994
9523
12242
17780
5989
21990
5330
5773
7939
8710
12898
20747
5091
7454
13525
21720
10205
11198
12114
4727
10220
9971
15336
18532
4296
8098
16986
4977
22241
23631
7535
9823
12536
4192
4352
22089
7063
10456
21176
4236
18631
20406
4398
4647
7030
21301
4888
6195
10681
8024
8352
22066
5094
9560
4257
16815
17944
8092
10232
26781
27221
12370
18022
6261
7866
23590
7404
12397
27033
4165
17271
21777
26617
5126
15244
23915
4077
13116
13240
4543
4907
7258
8833
4210
5959
9136
5554
10009
10434
5154
9023
12469
10112
12085
19600
8248
9653
19311
5228
6376
7155
13942
4438
9938
23972
4751
5907
14016
7990
8084
4385
5081
6332
4339
9703
13229
9509
16642
4758
6014
13916
6436
6772
13283
27439
8495
10047
18967
4803
7381
7919
4058
4481
8403
16412
4089
6930
7558
7650
6520
16234
4632
5594
12063
6375
9298
13856
24177
4217
5257
5677
8238
9727
27143
8073
10341
20282
20126
4484
5742
6535
13878
5119
6914
21734
5079
7931
8679
4105
13972
19176
5571
8259
6398
7256
25913
4490
5646
24574
4408
5446
13719
4743
13316
5729
7943
10463
5058
7918
12715
12799
7348
17238
6257
6377
8307
6132
14947
4322
11888
14741
4064
4803
15194
11260
15162
4496
5263
8337
13865
13398
17346
25313
4709
7479
7726
9609
14320
23567
4714
7529
16395
26957
4570
9636
6455
11975
19445
5021
5209
7152
14151
7058
7397
8125
26900
7247
8085
5654
18824
4212
5923
6483
5163
6721
15033
4193
10719
4713
5719
9021
7338
12288
15709
6173
7815
13526
4442
17446
5114
6442
8568
4309
4487
4793
4889
10056
12472
8654
18395
5621
5853
5856
13921
4591
7246
8009
8721
12003
4948
6408
16152
6137
6926
16216
5195
9816
22489
4326
14872
6837
9764
15030
4478
26728
27326
4173
13756
12988
26889
5502
6438
26980
7892
11092
26987
4169
11141
21315
15078
4830
7865
10888
12215
7700
17635
21569
11381
18405
5794
9351
10203
15279
15862
26825
24122
13888
22315
5268
11331
27707
4305
14744
27286
5737
12118
27538
5109
7902
18046
4593
4993
11999
22826
7035
10933
13363
8350
18511
5442
8595
13543
6715
6883
7111
12764
13400
23451
6294
7372
27745
9595
15731
26934
4808
5933
14701
20062
7181
5485
5640
15286
22588
26727
4572
7775
12780
4242
6951
4145
7671
14530
4791
24105
4542
11742
12108
14847
22497
8151
16058
23482
7497
8877
4949
10636
18919
12971
17704
4834
7364
8247
6512
20857
23344
4447
12705
8714
16845
24535
8524
18310
18968
26722
20209
21653
4783
9730
17786
4413
4660
4867
26897
4990
13365
18104
10003
12413
5483
7371
14284
14997
8031
4768
21497
5838
6568
11519
12091
12339
6234
12373
26893
6222
22593
7553
19223
5172
5884
6664
12327
7170
7937
8217
10622
4552
4911
8626
6549
10402
12546
9877
22012
4195
8632
15549
4662
5660
17755
18056
5477
11115
6407
27000
6870
7003
11515
4789
9743
19879
16317
9765
17975
27066
14296
19232
26618
4878
5914
5112
11828
12585
13115
9721
22527
5165
9155
10117
11094
6624
14223
26618
5000
6617
19949
4350
21366
4606
5327
14314
19701
11639
13520
22035
18469
22763
4406
26520
10204
10350
27082
6343
6991
9813
8111
13943
11376
6408
8747
19565
4991
10327
10964
10980
16270
4382
13904
5581
6733
10856
15248
19115
5096
5666
7054
17512
4597
13229
14916
5071
7297
9243
9829
17954
17249
4324
4673
6062
24677
11575
14325
15116
5113
15178
21710
4658
5701
6954
20939
15388
16792
21084
6741
13313
15708
15820
16741
4941
18619
19807
5089
16146
19074
5783
12258
4569
24686
26749
4280
7399
13552
4262
4366
13818
6873
8471
9677
5477
7818
14354
4670
6423
24201
8166
10147
4480
5872
4533
5481
14149
8136
20254
11600
13447
11270
11345
13828
4957
5677
6554
7734
11892
15653
4852
17339
17381
5952
13702
27096
21481
15809
6811
12338
14759
23138
26802
5505
9050
9255
4396
17119
20997
7896
11856
13183
19048
12446
9420
10510
21818
7753
16686
23390
6383
9806
19231
7841
17271
22550
5847
8244
15680
4711
6148
5562
18932
4941
7735
8386
8543
5304
6864
11435
9495
9626
13499
8316
12519
4331
5867
8616
4356
4760
5140
6524
5729
14823
20944
15982
22860
23269
4280
5748
16141
5201
6258
8195
8676
8444
4776
7512
19718
4780
11083
13839
19701
19837
26522
4344
22745
26819
6866
9759
13770
18791
7947
12446
14963
16429
5159
5707
18281
5991
21611
5705
5859
11439
12876
7142
15650
17863
5496
12578
22184
9833
16423
19337
5003
8515
26551
27574
4627
11120
12142
5655
6590
16568
5501
20489
4756
4781
16063
5146
12014
6700
8757
10245
5921
9971
10916
27646
14500
22259
6811
13099
10865
13020
9038
21528
4765
4985
8758
10061
9008
10026
8728
11332
11333
10937
14646
5575
11252
19734
9296
10648
17862
16590
4359
16328
22402
6539
10473
19372
4707
6548
9870
20680
4306
16120
27111
22616
24857
5331
8401
16182
5986
9104
16371
12341
27060
4694
6339
6646
9102
11572
10813
12150
9650
14154
25113
4362
5955
27603
5843
5893
6035
21013
4820
11822
14712
16763
4395
4718
5676
10137
19480
27619
9711
12024
6426
17296
18993
22727
15319
15678
5049
8155
15873
12312
17369
7418
20212
22610
4754
17305
21509
4380
11551
17546
26717
6628
7168
7494
6361
7208
23705
4329
10407
11766
27056
6125
6439
10242
6902
18453
6590
7132
6119
9306
11243
23410
6053
23733
25105
4352
13664
17954
5176
5623
6675
18447
7829
10293
5131
18329
27261
13388
4775
13643
4609
4836
5051
23504
20984
6724
8111
13943
5674
18228
4629
5985
6001
7488
11338
17612
5289
7873
11491
4926
12638
26659
6744
19795
4465
4599
16461
27484
12613
16380
26599
4735
19177
5629
6369
8097
6034
6908
12533
18918
6386
15753
15996
17453
26820
5800
27417
27730
9544
9948
11606
11391
11241
21884
27455
5953
7316
8333
8237
14757
27216
6085
12573
13116
4481
11755
5062
11955
15622
6257
6377
13138
15891
27127
4760
9320
19117
6042
6889
7310
17352
5031
7385
8089
10491
20424
5780
5983
20271
6074
16829
22650
10209
22964
5069
6823
7039
20609
4889
15758
8125
16579
16910
4994
6478
11662
13007
22894
27315
14301
18518
9628
10624
18393
7128
26536
7811
7891
21980
4491
11687
21034
5795
6200
20781
13123
15335
19014
10427
10874
18415
7751
8698
5075
7778
12489
6520
7848
15382
8141
14445
5943
18571
19913
11462
13904
14931
5173
7843
8660
4903
15922
4900
12449
17545
5801
8104
24647
19766
26800
4663
5209
5246
14041
7093
10458
4826
5577
12864
4890
13832
19580
4685
10613
16675
9577
12022
14472
4718
8025
13071
6897
18509
27614
4538
6409
12369
4647
6362
6300
8569
6170
12188
5191
14198
16301
6685
12612
5719
17192
19682
8871
11351
17631
7515
12875
20122
13190
14056
19461
21590
26541
7402
15569
9468
18285
5863
7501
12268
8446
9931
16139
17339
4570
15989
13308
27006
5354
15901
5161
12656
13557
6873
12588
17076
6884
7437
5921
7388
21910
10639
16697
6178
8711
8995
13394
7229
14174
16338
6821
12970
26631
6532
8098
15078
10530
20521
8129
11153
11401
4958
6380
11227
27266
4722
5290
19069
24636
8543
11922
16893
18438
18462
4536
6013
6855
15148
6141
14645
23239
8291
11276
18316
5951
9182
17012
6499
7742
14770
11307
22520
27385
14018
11122
23991
4873
9253
11312
5350
16017
9007
12316
14806
8170
19119
5329
5578
11670
7863
15931
27771
4608
5312
9577
15245
15269
16470
13165
18210
5715
5782
7969
13311
6392
7539
19353
4955
7664
9470
5525
10389
20706
5285
7615
7417
8502
11964
6116
9434
16942
13075
26960
5576
19157
26820
5652
15067
22113
5825
12863
12963
6697
9223
27420
6243
15172
15758
5593
6472
8100
17474
4579
5461
27026
10978
14137
4661
4870
8873
4554
5146
15805
7614
13996
22757
5665
13532
14209
21922
9758
10514
16905
13577
15011
9516
18202
26736
27553
5096
5248
5453
27626
4991
8155
15873
4824
5424
14854
15532
27154
5583
11675
4710
6507
6774
21467
12151
19581
26848
6535
7226
11008
5013
10545
15421
6627
13451
4793
14703
5657
11080
4527
8499
6076
17504
18456
5002
4575
5345
6522
15243
13177
14288
8078
13825
5564
19240
27099
5681
9566
15705
5218
7914
9115
8682
10401
11882
7013
7756
20452
9346
13467
15106
7587
7851
13459
4592
6232
6281
9471
5658
11764
9511
24685
27053
14864
5522
12090
26668
4554
10814
9650
12130
23922
5152
5401
8498
4851
7457
7525
9404
10219
12743
16706
11001
11916
27390
7443
15130
23852
5293
9787
17784
26902
8716
9540
10655
18792
5980
6104
12423
4910
19913
4953
14964
16267
26895
12863
14926
6102
13751
18975
21065
5280
6500
10596
14935
17194
26878
5402
6205
6688
7425
12463
8126
11664
11672
5232
7619
9722
13245
5701
6950
20939
27290
13215
13866
6290
14917
21309
13656
17097
5035
6295
9201
11972
4672
5843
7234
15448
5241
10212
13707
5554
6031
5648
9755
20140
10096
15332
18089
5659
21037
8770
9424
11808
6329
6448
8913
7548
16412
24261
6616
7435
8269
22289
27039
5031
5614
5766
7997
9948
11477
26733
13986
15445
17360
20842
26521
5326
8206
10776
5085
8890
19924
26698
4911
6034
9726
4611
4998
7072
11296
10335
15152
4918
8371
9782
4706
4933
11831
17617
6763
15933
15945
4734
5537
6010
11124
7194
8115
18531
27080
23647
5170
6388
11409
16151
4908
11288
14723
5964
6149
7140
7264
16903
24783
4745
11573
24102
26862
12756
16040
5703
10502
11651
26871
11843
14235
15182
26692
4734
5038
6490
26644
27625
6183
23765
4620
5070
5714
17632
5348
9388
9354
18819
13796
8761
10725
9500
10803
12928
4599
21516
22209
5658
11764
4794
9204
13068
15704
5398
6880
11009
13106
19811
6560
7020
10421
10912
4742
15555
22502
6870
10154
27311
10939
12151
12730
6750
11387
26512
19562
26813
11031
6014
8099
15788
6596
17361
4674
4924
6981
14863
5638
10873
14503
8420
20306
6088
9703
19542
7691
9116
9576
11394
6965
7650
13128
6900
11300
27112
5116
5774
8804
11450
17960
27285
5632
5688
7165
10362
7862
7327
7773
4885
13189
26677
10679
12022
17071
4846
5188
9020
4624
9038
21575
6740
16626
21763
16065
17789
20429
5600
5972
5935
5980
7387
8450
18646
7090
7709
10406
27710
5298
10031
13493
10017
14833
5804
19276
6651
7934
19580
18004
23778
26962
4952
5986
11214
15323
26933
4976
11596
17358
8257
18721
15143
11634
27202
18202
20226
8262
8293
9234
10743
18379
12816
19861
6466
8427
27082
5500
9381
13852
9883
15168
17772
27178
4765
5111
6359
4842
12689
5081
6332
9497
10710
22500
4773
7393
27184
27373
8239
15593
20287
5048
5909
7268
7317
4669
18848
25142
6347
8803
11837
5046
5145
19448
5253
6704
10918
4939
27126
5555
6846
12334
4806
6276
6906
15233
23188
26755
5167
5247
5785
18436
4839
27724
6253
7212
5242
5734
7420
8767
10048
13318
7217
10688
10863
6154
12230
20412
27031
4951
6954
13754
4833
4927
6214
9236
7193
14925
26898
8952
23130
5660
6421
11873
12399
12934
27396
5931
7098
8525
16284
10182
16928
22535
22973
12301
12935
27245
6170
5708
5822
13908
10255
22572
8375
9136
21202
5685
10369
27126
7342
7834
19663
5631
6892
7829
4924
7075
7360
4972
7030
27005
5524
6464
11248
26831
5995
15827
19583
7204
7280
8352
5857
7112
13296
5947
16674
20569
6297
6315
7351
6162
10570
14919
12071
19239
22878
6285
27549
4950
6543
8361
17925
13134
16586
6996
6672
7896
17244
4923
6427
12237
18943
9124
23503
4813
14141
27123
5888
6339
6516
7606
15280
5035
5678
10431
23826
6768
7131
16184
11099
12425
21450
13165
6433
10824
10968
12226
14723
6961
8469
9506
9924
4797
5125
15871
20312
12741
5302
6435
21204
5249
11467
8691
8763
23494
5850
7267
23809
8465
11772
16615
7074
8057
8379
10488
19087
7847
13603
14640
10897
22556
6492
8346
26956
6705
7281
17124
4809
9049
9422
20790
5135
5137
5514
5144
18077
15912
22421
5129
9648
12105
19407
8956
17112
26724
23940
4725
7763
10497
11419
8705
13847
8639
9386
18226
5240
5371
13019
23054
5872
8012
12060
5435
5842
9794
9321
11006
13965
6213
7316
4975
19606
5841
19567
24628
11170
18012
27019
27375
6069
7193
5612
9703
16949
20225
26636
5007
5082
5969
13955
12024
16701
5647
6871
7985
16514
14762
27293
7980
9404
18950
11209
19005
20317
27245
8276
14562
18268
13080
26861
5133
13857
4814
8229
5874
8803
7750
15272
27598
5544
6726
8705
10903
5907
12572
5952
13702
18477
6934
17101
18475
21722
4771
19908
20328
8256
16057
16313
4781
7203
7633
19303
14023
23094
27522
5073
6007
6769
19728
10451
4981
6111
9006
10808
5014
6229
8133
15363
15818
16176
4986
10412
11192
9215
18205
6123
7839
12032
6503
7413
14172
11014
6630
22120
27351
5917
12032
14167
27534
18325
21500
19737
26723
27183
5404
7359
9716
16274
11347
11471
17233
21068
5105
8674
26609
27131
5158
6569
6678
6989
9383
9977
22933
19897
21052
7560
5462
15195
21117
8327
15396
10157
26877
7056
11650
19564
4940
5317
8003
11870
5175
11719
20720
6368
11361
15526
10450
26761
6926
6978
17453
13687
21592
9031
26767
9308
9803
6024
9869
13343
13934
20655
5936
6587
14175
23147
5389
5589
26964
8667
10008
26927
6351
6517
18087
5470
16890
6131
6266
10331
12847
5732
11524
10846
19481
22487
6029
10185
17953
5463
6276
26911
5386
6596
11692
6358
6789
27382
7178
8029
8989
18699
27415
11677
13267
17105
6329
6395
8596
8913
5154
13788
6171
23974
10598
14013
19142
5713
6993
14537
21716
5556
5844
5484
6852
7040
9820
14128
18540
5053
6041
6190
15553
6574
6840
17221
17288
5984
14782
17269
5388
7038
15485
5692
11302
12877
5971
7150
8521
14538
17060
5491
6321
9566
13516
15771
18775
7177
10347
6152
6417
9100
17504
4927
11044
23629
11292
14188
5313
16449
19776
5480
5513
7646
5717
5752
13195
5168
13415
15290
12577
27725
5205
8237
9837
15696
9687
12227
22126
6009
11946
13070
7091
10135
11074
8370
10597
4912
6277
12664
5513
6317
6610
7835
7123
8910
14526
15584
23436
26950
7525
10813
13484
6599
7095
24975
6589
17683
4882
6550
6576
14957
8583
10554
4868
16060
21125
7403
7732
19316
5499
7353
7387
8180
5356
6918
14948
15849
26682
8553
8934
27630
5806
11709
27061
5639
8841
11739
8011
8143
18822
7538
14393
24937
14833
19650
5627
22769
5338
11270
17494
23960
5957
6413
7820
5810
5871
17923
16521
24747
6041
9895
10739
11623
17706
5587
22642
26951
10944
11270
11644
4946
5325
15390
15995
5791
8496
9486
10394
13201
8470
9801
20363
6012
18477
5549
5960
26607
7156
7346
9957
9343
13405
15803
10244
12532
5848
14074
16232
6451
13393
8975
21605
11036
17545
27431
7581
9498
10614
6115
6752
9940
16403
15045
18816
6113
6612
7918
20578
6743
14990
20056
6466
13853
15946
6026
9224
10155
13091
5845
10351
13662
27654
21474
5703
8630
14696
26872
6063
7825
13762
22272
8964
17927
19639
12848
21232
8094
14924
23019
7647
7942
18907
23098
7070
15025
5057
14436
22299
6744
6957
20255
7853
12328
27079
27256
5309
5631
7489
13180
16086
12629
26870
5030
9535
7323
8672
20239
6419
9882
18943
5138
5364
6197
15778
7826
15971
15157
10772
10843
13945
7777
17709
5018
14876
5844
10071
17952
5269
6565
10763
5675
16186
7305
9779
25060
26961
9291
12118
16230
5249
8389
14238
5136
8361
15271
6736
8969
27518
5595
8837
15955
26883
5204
13613
19722
12279
7730
22667
5317
6061
16322
16481
6983
8958
14783
14135
26848
5557
6727
7768
9261
8229
6328
22775
19087
26734
13976
27641
5749
13900
18675
6543
11042
13356
8862
10961
13577
8555
11214
11791
11781
11906
26896
5043
7324
8541
16083
5455
5735
6982
17851
19203
5975
7107
19870
12899
14328
6765
11482
22614
6685
14828
22235
6529
17823
6815
7331
12232
5406
6692
6987
14932
6071
6760
9292
7804
7871
25703
5181
5387
9830
8137
8457
12414
5353
23028
9030
12851
16287
5848
11008
13895
5570
5976
9527
12052
15214
17041
27004
5156
5601
6769
19728
5183
6861
8848
13369
9397
17544
26529
11367
17599
22397
6925
22031
6273
6915
8094
5998
6707
6111
9795
23068
5675
7372
22340
5147
6897
8333
10255
5683
6114
6244
5111
11896
13157
7384
13044
5668
6532
26955
8761
13754
17389
8840
16785
8941
13979
11470
14975
20616
5650
6064
10764
7094
11463
21407
5962
9479
18072
10638
18301
26842
5075
14291
21416
11296
5398
9516
5366
12746
20129
12873
20702
15113
7409
27575
5271
10409
22549
6164
12741
17780
22536
26910
5300
10057
14072
5400
5417
13563
22308
6875
7462
9235
7880
11045
12246
14337
7287
10074
14857
26631
7960
11414
20198
5696
7743
16000
7590
27051
5653
8619
12662
21693
18896
6634
11308
21538
14823
5046
5076
7468
19516
6098
8266
16413
6021
7908
17606
5213
7968
19285
5792
5794
7624
16225
8400
10549
22978
8466
9543
7744
9629
9449
11837
23655
24129
26766
6745
7037
27522
5904
6191
8314
6755
10866
12194
12409
26813
5177
6380
7332
19066
5431
16051
5678
6295
5045
5095
18546
24193
6200
6227
5963
5471
6180
22186
7814
7933
17491
5103
13384
15032
23560
7373
14600
6544
12338
18208
5747
11084
17375
5095
5772
27076
7196
11334
11855
14432
5061
7268
26674
16919
22146
9302
14896
5480
21507
26556
6317
16258
5967
6161
15743
18314
7897
24535
5745
11168
12538
5157
9311
19617
8534
9947
12902
5584
7282
7602
19580
5304
5903
10921
11132
5941
7139
6667
8018
12619
11147
22169
5487
5882
8408
13961
6854
11757
14246
6017
8835
9743
6643
10063
14281
6126
11022
11090
12604
6384
8097
17003
5493
10510
13303
6460
13178
5287
16144
5890
13257
16378
20568
9297
5145
14424
18730
5341
6966
10740
13335
8054
8962
10997
18238
9291
17160
5551
15922
11163
5882
13695
5996
21516
19260
22045
26699
8128
20402
26993
6533
6842
6863
8484
5296
5838
10125
20465
14193
16020
5310
5408
7359
9716
5149
5472
6135
7584
18003
26900
5164
10777
22729
27268
11892
12596
13179
14425
5453
7054
23423
7350
8348
23646
5795
13466
26602
8297
15589
22301
7459
7770
14579
7092
7545
9934
26830
9810
10116
14233
5594
7336
8382
13314
5187
11475
21964
13408
17799
6091
6542
6711
23769
15775
17283
18905
6640
8935
18699
6202
12912
5264
7611
15435
23649
5592
11015
22935
5582
6657
8071
8321
10444
7324
8541
19514
5397
7519
5177
6895
10152
14329
7119
8504
9144
13748
19817
5336
10152
11101
11864
11063
14285
24065
18908
5374
15734
24846
15528
19150
21097
18882
5961
8271
20999
5715
8802
9539
6084
18842
27080
6658
7968
13242
18227
5695
6573
27297
17394
19111
22214
17836
5364
6659
7104
6524
22960
7113
23157
27023
5393
15776
8224
27736
6542
9014
18319
21127
11731
11963
5151
7243
10041
11522
14443
6972
16741
27196
6202
6670
21529
6527
6894
8049
10734
18716
27124
6422
8030
8170
5601
6546
15895
13557
21867
5612
8958
18281
5397
13093
19644
9515
20609
10652
12527
14517
6721
7979
9237
6344
27269
13340
5532
6128
14212
26826
9775
7164
10223
20341
8469
8896
13756
6372
7809
22936
5215
5711
21309
11707
13170
17426
13415
20292
7383
8825
14941
5184
10586
17528
16260
18724
26522
7656
11864
9413
12770
5193
5213
12277
16056
7648
11639
23193
5387
5419
6389
10937
22597
10120
10127
8067
9945
11709
27061
6547
17705
19451
23847
23889
6359
8575
6468
7461
7563
21095
8475
9912
27244
27332
5950
5771
10051
27251
15031
17109
6988
7211
8086
6732
13495
27656
5941
6490
26675
5355
8613
14052
19044
8956
18520
21728
15288
21478
9585
11894
13140
6798
12801
8008
13705
14308
8362
27320
9122
26535
9168
19084
27216
5376
11315
23040
5392
7131
27611
5925
13224
6021
8605
8906
17597
19997
5733
6626
9538
13768
11724
20457
17150
19285
9437
15021
19465
6682
9019
25435
8236
11957
15132
7092
13198
27090
12186
5932
6874
8449
14296
5759
11000
16136
7308
8354
21044
10673
11217
20682
5379
5626
23757
27015
18569
21543
7450
10877
23722
5641
7431
8868
11512
5517
18372
9970
26994
7082
11080
14450
6307
7262
7995
15483
16559
22994
7143
13574
20314
7320
8819
15788
16204
27354
27362
5840
7453
8702
9272
5356
6228
8506
8553
7679
14855
19183
5384
5894
6394
6410
6473
6855
9423
5515
8767
27146
5873
9902
6136
9550
13901
7450
9062
12675
8605
7822
13361
10217
10726
27742
11962
23396
5499
19661
5632
13141
27598
7180
19575
8560
9210
17041
5450
5529
8867
8996
6232
7011
9471
21326
13345
16054
26763
13631
17911
12161
23881
5475
6004
15645
22435
9885
9929
26770
10220
5511
5761
8743
21490
10093
27013
6483
8898
14989
5593
5823
8459
12179
5778
8103
12034
12252
12659
22329
23980
27198
6565
15034
26779
23191
5436
6746
5353
10398
5494
5721
6226
14797
6600
8027
8345
7531
8785
20029
14546
19292
6011
7307
9867
20178
8957
10521
14051
5860
6928
19797
5617
6787
21860
5360
8643
15360
6036
8024
12803
26525
26971
5335
21968
27378
20991
5797
16607
20435
26903
18817
21006
7885
21315
11141
11756
16872
25703
6920
7612
10467
12756
22996
26684
26843
15723
26901
9832
10448
7157
7188
12251
12903
8160
10541
13169
11429
27454
21065
5433
6851
6952
8500
6470
8384
14283
6286
6756
27084
6045
6431
9465
16669
19056
7112
8824
20968
11796
23713
27444
5982
7106
15943
27325
8535
8570
9824
10656
6538
6892
5408
23952
8256
14199
18577
7409
10405
15951
5541
8435
8267
10943
18982
7886
8406
13187
26593
6352
7088
7712
10952
19456
6556
7086
7783
5534
12463
7705
10119
11193
16577
18303
6239
6280
8441
6174
16687
22683
6595
18293
6328
10653
16473
11093
13892
7327
11527
16120
9145
11863
7201
12928
14095
6005
7924
17684
6844
8401
14500
5567
5875
9550
14660
5440
14894
20633
5990
10587
13066
18295
14118
27647
12009
14343
15106
6274
6424
6048
23919
27905
7456
15090
15091
7242
7687
22605
5373
6816
8753
10718
6600
7134
16623
5984
10249
9354
10198
14297
5542
6850
14158
19175
12002
14012
6680
15486
5808
18551
8446
8476
19093
7322
20446
6236
10549
12155
10474
5793
7059
5527
12289
16489
19683
9918
11451
12666
7831
16410
26710
5516
6314
16609
21341
5799
9592
11519
12594
18611
8173
16848
23039
6491
19364
9647
10262
17048
19912
6617
9801
25123
27314
11779
20383
26606
16751
6699
17030
26565
6473
7252
9537
9345
11058
23065
8156
10727
12099
20770
20802
5807
9249
9347
7142
11417
6136
6265
7601
7902
6158
13822
27014
5693
11423
26981
16899
17874
22366
26023
26585
5908
15402
5894
17143
9903
11768
6596
15704
18573
11556
20100
5424
5945
15522
10672
20413
26965
6086
6133
10881
11442
19831
7131
8610
15695
8761
10725
13015
13346
6929
7111
8587
7222
22912
7630
21734
21186
8270
12936
19777
5637
13614
16885
6983
8498
18601
6205
20280
10083
11822
19093
19435
5906
11834
26837
7561
16901
6155
7265
7605
6403
8644
11119
24595
6344
6603
10974
5911
14853
17945
8549
15724
15777
6267
7271
16304
11257
13317
13387
10275
17272
22848
5767
6206
6471
5637
8997
20418
9744
11606
16760
6389
15247
7841
10417
23173
8978
14896
22415
26835
7298
11855
16822
22840
6029
19219
6834
7826
15554
10934
16826
6184
19860
16555
21218
5779
8915
15377
17045
17297
5835
5879
8559
14677
8500
11713
12924
5726
13528
17086
27203
11469
18870
27326
7690
9038
6686
7279
11142
14173
9909
11730
15343
7682
10373
10784
6264
12043
20374
12190
12607
13131
5992
6668
8885
19030
6689
6971
13663
27101
6136
7117
7589
26918
7402
8606
15902
12488
27322
6600
5956
8320
14467
8795
9779
5820
7318
5991
14201
17741
6977
5511
5761
18276
6677
12330
17461
11516
15727
17428
8637
9850
16344
27369
11302
11661
10040
15150
6791
7876
7891
15531
27027
27483
6150
6847
19426
26912
5547
6292
10134
27100
5614
9520
10462
10866
5774
8071
9242
20413
6105
9956
15742
15796
15921
23401
5806
6803
12060
17154
7095
22186
7126
7504
9337
7682
9485
14015
21675
21975
6004
7151
27236
5817
7800
22059
27532
5730
6208
13348
6198
7118
18340
13758
16280
23952
6212
6422
6525
9654
11483
12718
7040
8666
6506
16543
6960
9067
9240
12016
8442
13961
5755
6611
10501
15222
5951
10194
5764
6878
18571
8273
13370
5616
7261
8786
9560
6221
6651
15392
5721
16614
21298
6028
11300
12424
14895
6735
12578
13730
7042
9701
16019
7036
12521
8267
10002
5700
22790
15178
5898
6801
11245
13141
15583
7803
10836
11392
16443
7116
12643
27696
9784
13638
6496
7060
8474
16789
8765
27665
5579
7303
9312
11052
6653
8925
10722
11043
16943
13261
26589
10736
12146
15546
20645
14432
27145
6304
18186
22979
22932
22954
5944
7231
7379
10566
5979
7243
8186
13880
5868
7636
16888
8261
9695
6592
13353
19411
12011
14264
20725
6856
11191
20798
10558
17605
7441
9543
26880
14389
14887
27073
5647
7985
21129
6548
7416
10761
8146
9077
8397
9644
17661
5613
10151
21376
6571
8058
11866
18185
10760
20855
22292
8136
16433
17633
7897
11088
12874
7193
22378
6841
11333
12791
9591
14213
24033
8701
15608
27920
10745
23902
6498
9034
16102
5712
5763
9229
6726
7199
11002
5628
7799
9558
6383
10803
12395
14164
9002
27587
27919
12819
17981
5960
19433
19938
12094
17011
17637
8491
9497
23324
26860
5662
7528
23303
7987
22676
5730
6208
7797
12731
8413
9261
27465
6127
11988
14222
6826
8085
12292
8812
10829
23971
17844
6567
14227
8154
12356
20905
6326
17073
19263
6052
6476
20586
10769
14731
5875
18224
11990
24441
7827
11985
24119
8341
12040
12516
27149
18144
19767
21241
18237
8335
12955
18939
26908
6678
14498
16998
22963
26819
5810
10194
15834
7201
10828
12213
8189
10603
15879
8204
11181
6525
10037
13937
6657
15215
19652
5995
7548
7282
19081
21149
27049
8377
11345
23155
26741
6338
26953
5824
6418
11933
7815
14656
18121
17348
26667
8410
11702
19808
7722
16434
5743
12137
13008
14252
26884
12729
19472
11353
13272
14800
9493
11981
7187
10176
6584
8590
19522
6655
9117
14592
20703
7309
7731
7793
15220
5689
10791
13268
20446
6579
6592
8589
9118
7206
7320
8819
5787
5813
7727
8609
7634
7645
5630
5790
7114
19424
5796
19582
5815
7209
9083
9209
13004
22837
7589
7953
8048
10326
5920
6881
7758
6388
9295
18020
17128
23189
6637
8510
11898
6003
15034
27717
10546
13193
13408
8523
8688
15538
8372
13992
26996
27637
6675
7071
23886
14343
15317
9410
13261
20636
7226
8984
10070
6060
6496
11028
21164
26649
9646
10472
6313
10868
15583
16157
10276
12075
13095
10754
15588
26966
5922
8211
13306
14352
8360
14235
17315
7752
15749
6434
11739
15333
21467
6318
9776
17141
6462
10359
22286
12043
27568
7262
12509
13686
18158
6497
7319
7832
24690
6076
9072
9219
20611
6221
13303
22488
5709
5818
6258
11442
13513
16688
18105
9276
18206
27318
8219
16499
5777
15013
27537
19483
21330
17771
24127
6635
6984
7067
23810
6260
7659
10362
15400
20344
5738
10457
13027
14177
14767
16095
23625
6097
7666
15216
5995
11492
14811
5912
8381
19643
20762
6054
20900
10217
18118
6254
7774
8921
15055
21898
26954
6003
11337
12713
17532
10879
15167
7241
14139
20063
10005
10269
11330
13773
5867
11496
18582
9627
14433
6609
7571
10137
19973
23128
22552
23874
10169
13240
14378
7483
20311
6321
21945
6279
8552
9249
11458
6120
8969
13843
23585
27452
7297
12211
15852
11167
13669
22615
26916
10762
21335
12185
14669
8279
8467
10601
11681
6196
7260
9202
20850
25470
18239
24058
6241
11454
11719
6573
11849
12940
6896
7495
6027
7492
10186
6753
9692
10411
15233
8317
10337
21027
12485
21368
7663
8932
7532
11401
11540
6298
6950
18522
27289
11134
27213
5789
5878
6597
13417
14369
26699
5818
22283
8261
12353
14917
6749
16637
26729
10947
7934
8554
9481
20180
5937
10253
19614
6859
11714
12247
5763
8113
10897
5754
6953
11477
17137
6519
6832
5896
12905
15540
16561
6967
23378
7572
27138
27667
5989
11405
19249
5966
15165
18739
5928
15677
7132
15663
10085
20673
11155
7797
11448
20680
6129
6224
6978
9462
6514
24254
7643
14638
19099
7667
11500
18665
14900
20741
11885
16848
16355
10941
15130
5963
16445
16446
12151
14126
5811
17994
7010
8466
11492
11564
11678
7508
7624
12220
14058
15001
18587
9008
26957
14170
19714
8682
10629
6552
6620
7706
16902
6859
14031
16643
5837
17480
17764
8107
9672
23806
6020
13995
16394
7468
11703
16832
7258
10315
9739
27892
11369
8294
9892
21068
14619
22469
7312
17745
6749
10120
9367
12067
6408
12514
27443
7101
11897
8872
22829
9635
12408
18826
6283
6294
7166
20236
6795
8275
8993
14353
11307
18760
16809
17610
27077
7924
15720
10666
13784
8173
13807
17490
6377
12612
8619
19869
27443
11570
14043
11993
16560
17546
26975
6794
7685
7748
6927
10060
11542
19783
7839
8394
9715
7822
23100
12622
14466
6447
7653
17001
18283
5878
17454
7099
9364
7445
10244
13482
7533
10424
7059
17388
9351
23565
8245
14583
11684
17858
6467
7066
26904
7411
8460
12894
6174
8643
24328
13186
27418
11797
24269
10028
12468
13338
17192
26811
7076
19058
7446
13402
15310
27796
6226
22446
6279
20744
14226
23959
6067
11918
21869
8930
10042
6463
12137
11455
12410
15718
6354
8756
6582
6889
13151
18704
15003
19171
7400
9130
21859
5890
7017
15661
6875
21843
11542
22249
7318
13863
17002
14047
17424
12647
21257
8604
9545
9734
21621
27787
5871
6185
12548
7043
7087
9112
17568
10499
10857
15379
19838
13668
20046
21075
21978
10567
13782
9653
15060
7551
8910
10403
6111
6781
8246
26543
10045
20138
6575
15477
22814
8178
13509
9127
17587
18948
20030
8411
8973
11310
10440
18249
7343
11150
21548
23658
8806
24839
7411
16752
17926
8519
19237
6120
6444
11017
6948
16374
6973
18625
18888
5853
12887
13136
14060
8523
14805
8247
13060
18852
8391
13225
8399
11019
13921
6152
9989
8641
9456
9532
26787
11053
13117
24309
6768
8610
9552
7079
18736
18859
6207
6343
6991
14402
11887
15121
12713
15774
16265
8488
12783
27627
6030
11911
20083
24981
23265
26903
6681
9745
22129
6079
6249
7339
11987
8001
21402
13612
8574
10268
19207
7807
7888
13439
8202
11691
6862
7322
21678
27662
19865
12593
14503
7647
14305
18835
6720
21086
7877
7202
9270
18015
26852
8249
9032
6109
11185
13324
22480
6632
8961
9013
10301
7623
15955
6516
9951
23338
7189
18069
26858
6007
12965
6367
9150
13064
8790
10532
21445
5974
11081
23888
9009
8306
20754
6009
12294
14456
7645
20573
23022
8042
24845
9888
10849
15363
16426
20413
6905
8342
11877
13879
7700
18621
19700
13001
14207
17698
9901
11523
12182
8911
16909
17765
23634
26838
12595
18732
9996
13145
7317
8255
9328
7936
13871
15949
6584
8971
10602
18678
6009
6148
14456
21426
11866
21991
7660
7808
8465
9841
7246
7559
6806
23336
6607
8187
23174
26517
20173
7448
6320
15968
19468
9175
15739
23052
27816
8117
12453
19851
6434
7065
19880
8477
12428
17936
6879
8313
11974
6534
23379
9815
10342
15868
10785
17773
20028
7443
21777
6789
12605
6134
8947
10145
11158
10267
13248
15602
6268
17983
14848
15137
8773
16704
25118
13413
20168
26590
13700
8025
13049
6303
6819
11682
12355
9816
23209
9608
12330
15601
6637
8787
9699
6690
25435
7234
11357
18772
7549
9202
12433
9416
12243
10718
13678
15834
20013
6669
6698
19705
13085
16803
9466
27602
13747
14448
18649
18617
24319
15245
20350
7895
17163
21532
21043
27492
6758
7317
9783
9636
14713
7140
11212
11269
6202
6670
11896
20651
27204
12035
14143
6662
10163
15248
6470
11163
25151
11856
14278
26806
6583
14709
6634
8590
20922
14511
6035
20886
21359
6554
17472
23784
6406
6722
13724
6214
6293
9236
10006
6379
6613
27680
27744
11770
6469
10628
15046
10634
22991
6045
21204
26573
10742
24202
6086
13576
15582
6018
12989
15798
8154
10924
17015
21535
22266
8267
10316
27068
7118
13069
6843
10831
7579
9978
10422
15947
6297
6315
11138
6977
13512
7675
8108
19248
19693
8247
11884
18305
14138
26994
6074
6142
22931
6488
8336
11254
6005
7939
12706
23476
8201
16243
12368
16632
8264
15478
18244
6684
8970
10661
14204
6069
7232
8748
10625
22197
6956
26676
6424
11605
15148
6281
17635
6831
10012
19214
27037
8791
24593
27083
8699
11985
22098
8870
9293
14676
6777
19821
21796
6611
7434
12317
23860
6666
7595
13438
18864
7008
8268
27409
8730
9869
23014
24171
26633
6739
7992
8332
8474
10035
6253
15041
21305
14697
24075
6447
7727
16694
8531
10422
6350
10080
10322
14976
7200
17415
19877
9726
12533
15448
26980
8132
8402
17490
22517
9270
9625
17243
26852
6526
6944
11683
15201
9964
10934
6869
8014
15403
25407
6162
12728
14797
6913
7807
8227
22001
22715
6133
15439
19556
6868
9134
9474
17994
16247
18883
9371
10162
16003
6559
6905
9137
13160
6595
10311
21630
10003
15473
22460
16816
17931
6393
24079
7025
9573
10642
26925
9721
12318
13383
26534
8190
27138
27139
6187
12352
17442
10162
17888
26824
27764
10868
15958
14664
18643
6596
18017
18593
7052
9153
9311
9830
6462
12791
13897
25732
27820
6783
7027
7976
10123
17733
27095
9286
12006
13647
8023
13118
23750
6099
6287
17493
20425
6142
6767
9179
10645
12263
11567
20849
7002
7189
19504
26858
13544
17284
10468
18434
27004
15258
8749
9321
13786
16403
14301
14473
7485
7971
8603
9729
8842
23474
7008
7154
6488
13576
7642
8133
11595
22084
6923
23358
6382
8258
19279
26952
24250
15917
26797
7558
7517
13674
7219
19350
7613
10848
11187
13819
6949
11164
6485
13573
14775
7354
8590
19522
9236
10145
9354
13739
15786
7259
9378
19476
21829
10665
12007
6633
8645
17305
26863
23339
26781
6442
8068
16361
24486
10816
11334
19167
7407
9225
6781
8967
10915
17331
6612
11057
27304
8784
16863
18373
11797
24269
6215
6981
18537
6165
6357
13077
27528
9968
10284
18589
7471
23419
10471
6391
11917
20494
26546
8009
9740
7702
10447
13675
18712
20361
6324
8665
8694
9128
10101
7117
7589
6224
18649
18759
9597
12691
19566
7565
12327
17856
15089
16170
6488
7302
10145
12438
6217
7126
26917
7573
12482
16801
9405
20237
26781
27222
11450
15123
18198
7757
9997
12529
16408
6483
8308
8898
7640
11365
11387
20206
7704
8751
12223
15537
18343
21161
8253
14944
18102
21667
11256
12450
20735
18301
6712
20218
27551
10266
21015
6865
6990
9352
23824
19081
22180
6390
9482
18202
7093
15620
6430
9374
10085
18979
8984
11236
12914
6228
7213
9952
14410
9556
11978
15383
7185
8733
16314
12967
20898
6794
17814
17335
20356
6357
6744
6957
12808
13383
26534
25494
6649
9980
14651
10040
16995
18103
8335
8847
6373
7627
26649
13332
17334
26690
9592
6183
7176
12341
18416
6779
8796
12104
18754
7780
8013
8033
10958
12856
13293
6251
10876
16298
8232
10487
8108
11116
17897
7811
11399
19375
14199
15828
6453
13485
8001
11977
13083
7133
10025
11024
16242
11712
13509
8480
15411
19790
13853
16938
6869
7337
14475
7754
8376
12841
13103
27430
8607
9656
6385
7974
10827
9096
9343
14583
6456
15367
17391
14991
7620
9071
7256
12331
14064
18839
7717
8245
7296
9811
19783
26809
18701
15173
16143
6394
12236
16405
9800
6471
13992
21587
12419
9588
11656
7049
7198
21100
11393
13782
15567
8752
15012
21116
7447
8074
19600
6698
8167
20345
6981
7224
9043
13989
27336
9087
11912
14443
13398
15151
16751
6379
6601
21026
27743
7563
9751
14068
6409
14074
13705
24871
27648
6484
11636
11903
11103
14702
8003
8355
27560
8407
14797
10610
14523
12737
7590
22084
7803
27651
27703
27925
6437
10153
7867
9313
6557
8499
10370
20126
6849
9003
11031
12892
14113
20123
10082
10772
10822
6289
6976
12080
23951
26865
22057
22315
8671
13124
16136
9798
13544
27633
8731
10084
6355
7129
9275
7110
8784
9713
7737
9216
13369
7456
10793
22067
7105
12824
17905
27062
6824
7553
21361
7122
16753
27004
9120
11908
17122
15468
19164
7108
11590
12412
23337
12424
7460
7796
19149
8583
9033
10542
21563
24932
11579
15544
7159
7462
7766
15855
10340
16157
8604
19261
6308
9165
10431
15998
8203
8727
13347
19974
7662
14894
7012
8114
8515
12327
15951
12490
17161
6587
6882
9504
6597
12846
19140
7702
12703
10310
11544
13744
8937
12638
18742
9235
12647
9432
10654
6949
8051
13082
19292
6728
10500
12803
10007
15084
19421
6890
7089
12291
16258
13212
15728
7557
13309
20076
10525
19911
8021
12751
24050
22946
26992
7791
15910
27085
10547
11054
11788
6478
7094
20274
20933
6976
14729
26547
9323
12451
7644
7905
8396
9211
17243
7302
8011
11449
15016
27746
16878
18096
8321
10115
10672
11765
6562
6719
14054
8629
10071
10190
11268
6683
9751
6402
11438
14121
22001
6819
11326
11405
6314
10686
22728
9806
14206
15294
6610
7240
7835
8310
14906
6741
9201
8803
9316
9420
12210
19021
6430
7943
10085
11760
9180
12359
20650
21095
22866
7510
7784
9939
13419
9347
16279
23185
6359
12361
13010
7469
12385
14661
8236
9277
8273
11486
7704
13259
19794
7520
7726
9691
13315
16618
6891
22213
24146
6797
7634
7645
13799
8197
8805
15461
15602
7113
16222
27023
7528
12138
15967
8994
14943
9480
15876
18473
7966
10898
10995
12133
7465
8069
8651
10338
6770
6867
13265
8863
18179
13878
21628
6489
10017
10400
7073
7438
7868
22350
7472
7586
9022
8388
7745
8286
12552
9248
16697
18819
7702
11935
12340
17508
18354
9126
16825
22856
6593
9177
10322
6540
11806
10167
10617
15174
8008
14729
18864
26546
7347
8512
8926
18194
19840
6620
7225
10867
14902
7551
7950
15209
17208
27381
9215
10590
12631
23845
18051
23976
11353
9525
15433
6877
14025
18483
7345
7389
13064
9218
13400
6505
6823
7577
8004
6901
7047
16267
10493
17443
7627
9157
20269
7365
10659
27007
12092
24734
11715
21830
26995
7278
7733
9645
6601
6613
9659
11353
6465
7032
19329
19932
6765
7566
15580
6553
17886
12621
13344
22601
23085
8134
15270
17866
7509
10841
23011
6481
7756
12656
19310
6955
14009
24190
23171
9258
13855
15317
17257
17143
10267
11196
19526
7386
17960
20076
8594
10285
20285
24802
6948
7267
14310
22651
6561
7401
11034
22195
7106
12404
14858
27086
12852
22741
26532
8644
9996
6738
7910
12732
27035
9705
11325
27053
8341
13304
14112
16043
27001
8619
18453
22327
6432
10881
17723
26538
6454
8429
9766
17521
7505
17775
18642
8050
10285
13279
14566
7061
12693
23364
7658
8122
8584
12160
13446
20192
8209
27788
6493
24301
10076
15148
15273
11873
16973
19256
8007
19415
8375
21147
10212
10817
7900
9691
11967
12112
6647
7598
9238
7442
7826
6564
14868
19940
7676
10513
14494
12869
20451
7060
8332
7574
19665
10172
11675
11755
8355
9465
12603
20272
9312
11942
7603
7802
8192
6801
10156
17087
6569
11200
20361
7453
8954
11508
10174
11699
16778
27281
7270
17218
7537
9807
6748
6959
19830
8975
12205
16811
6742
22222
26757
27542
7535
12663
20365
6630
9349
15687
27351
9080
13788
26531
9945
24093
6817
10166
13605
16809
6564
7057
13485
6536
14662
15468
9643
13284
22997
7260
12996
22533
15373
15501
16301
6586
6962
7079
8561
7487
9301
12624
14125
9190
9365
12974
17271
7431
19770
9474
16993
12540
17345
7618
14959
14971
23370
7066
21351
9011
15836
18050
11840
12339
10946
15306
14520
22454
11253
12598
16529
7574
23394
8470
9072
16769
7324
10425
13628
18698
21946
16079
19271
12596
14955
6686
8142
8187
10963
7012
8048
8464
11152
15891
7513
8019
8281
23903
9175
10352
14189
7857
8381
12600
6728
8635
9360
16341
7890
11629
14202
8025
17535
7292
26910
8346
19920
7455
16899
6759
14938
22187
7230
14340
23901
27011
6543
11028
7607
8780
6850
9594
26519
9571
14448
15615
6787
10818
18061
24189
7053
8529
8943
9881
7413
22708
6901
17129
26972
9515
21511
16727
8057
11739
18487
6566
9919
25341
11517
16271
17447
6669
6994
10246
21790
10760
12437
15886
7420
8930
12234
19469
12434
22482
6540
21011
10854
10922
21947
6832
10914
18461
21131
6625
9502
13248
27162
12371
12411
7460
7774
10555
18999
7822
16049
7447
19957
7183
13985
17839
8140
13189
17157
6776
9042
18616
12462
18931
8590
9007
15930
21372
22514
12233
20270
6842
9026
9062
11337
16176
14217
15326
10706
16905
17383
6824
9633
9668
8283
19712
19065
27580
17584
7720
8046
15292
19356
6985
22177
8474
9470
10724
8276
9519
16745
20334
10174
13869
12265
22359
23116
8691
8867
7626
18871
21489
10128
14852
21189
7061
7344
14881
23040
8243
12831
9028
15277
11748
18136
7423
8340
19159
8908
11672
7031
11632
27533
8160
9585
26874
6826
7405
9137
7392
8379
13424
7470
7947
16540
13693
20199
6951
10011
11831
12519
7057
16016
17395
18287
6599
8704
24314
8059
16890
8985
10630
13004
22802
7526
15633
9606
10799
11566
9194
13910
15175
9406
11782
6840
7552
17159
10562
17943
7445
8301
10128
7096
7216
9438
13285
13628
19685
27735
6910
11327
8489
10916
11216
13325
14169
26853
14898
15318
18380
8521
12475
16467
6722
6900
7158
20137
7502
7713
16966
11348
8807
9588
9193
13851
19982
6995
9378
15811
27301
6910
12090
8409
9177
11452
7837
8122
10298
14326
10930
10121
22348
22322
24720
14657
16834
9372
16404
7233
21846
6898
10235
6878
9966
10512
27295
22892
7870
9267
14890
15107
8578
9014
10806
7249
17494
10218
15462
9959
10043
7251
11642
22627
23372
12657
14674
8917
9827
20463
7908
9617
11216
13078
8243
10867
7046
8165
16291
22942
24219
7133
10991
11422
6938
19232
16308
19769
27161
8776
9462
8359
8745
20084
7738
15669
9769
19462
8608
8871
9601
17054
22209
11392
18459
8711
13757
21398
27122
8120
26921
11971
16384
8325
10378
20824
7026
9300
11925
9669
14027
15276
8184
8723
18742
6802
8799
11096
10414
27674
6692
7731
16901
7608
8797
17321
20119
18609
22920
7121
7869
8838
22459
24685
7127
8061
17968
8783
14370
17450
13832
24486
8739
10135
22817
12144
19645
20163
7622
8218
8942
14551
9117
11262
22193
9662
15409
20598
27202
13730
16296
8269
19707
7104
22334
23689
7050
7116
13854
18470
6858
11062
17993
7536
9956
10270
7890
9841
16229
8575
11707
15951
13056
20850
9141
19376
7293
14645
15357
6843
7290
11713
7097
22998
11800
18614
9487
23305
24832
7051
10069
15086
27088
7064
13621
14695
27584
8295
16521
24250
7643
12375
13874
6989
21181
22391
9391
9393
11518
12773
8261
23440
8063
9887
18177
8196
8679
10139
8633
27210
8830
12296
22868
24382
11577
23841
7970
12842
21091
9019
11526
26601
7408
12716
15155
8658
23227
6844
9900
22567
7293
7436
17429
22138
6780
10038
14209
7238
9651
22066
27480
7787
21029
7496
24029
15668
21558
10671
18635
23643
26931
26986
7315
9623
25029
7207
9478
10253
10350
8959
9635
7631
11186
8265
9485
11413
12123
9198
9405
13339
8095
8378
11314
15975
18146
24779
9429
15230
16967
7089
10692
14328
11802
12203
8444
16279
27113
7791
17257
9000
11028
16789
12248
6885
9213
11958
14471
8720
15795
7765
17971
17784
19459
8417
8858
7158
12052
6731
12584
22610
7265
7491
7081
9935
14318
16351
11740
10551
16272
20598
10500
14213
6730
15533
19567
9018
15763
21706
14148
26806
6930
6944
23416
9551
10037
9051
9344
20644
9466
6748
13441
27003
7077
9753
9842
14873
12954
14866
7992
7072
17903
9201
24034
26655
16841
23080
20737
13088
15075
27523
9224
9877
10409
13395
15528
16755
11017
27002
16022
17660
7166
11387
20236
13455
16309
9940
7844
9618
12725
22033
24054
7385
9924
27300
17769
7972
13409
15670
21958
17026
21751
6979
14206
21727
8023
15658
19946
7229
7394
23356
7042
10150
18847
9187
18828
25805
8087
9282
6916
19279
8297
17027
22286
9179
9990
13500
16424
7786
15425
10647
13052
7202
9664
13682
26852
7853
9312
21462
6911
10185
17932
7074
21841
25101
8036
10605
19631
7127
8135
11437
13762
24854
11906
12534
14630
8933
11794
14330
7058
7397
15311
15766
7549
18160
26915
6860
10123
10359
10334
13983
14383
10613
7614
9109
11721
17687
8428
8834
8939
11749
15225
7301
22562
11264
16264
12817
17310
13445
14538
20388
7274
14792
26822
22602
7376
8226
9827
6822
12471
15156
15275
6937
11494
11816
7778
21416
19617
21867
13302
25216
8966
22823
8039
9738
13912
7176
8407
23270
17718
19018
7843
10962
14255
10297
11208
9919
13143
15546
14486
7138
11233
11799
9494
11099
12466
9082
15342
11125
11747
8712
12226
24298
26672
10750
17781
10977
16244
8443
11086
12771
8508
9119
15642
17442
19851
22266
24333
9103
9133
26631
8217
15166
21692
9515
13502
12694
15949
21783
27458
7405
14518
7366
11829
18211
7080
17870
7346
9957
14133
14305
20566
10744
20139
27036
22446
7759
8298
11293
11470
8839
12278
20379
7672
8517
7465
8187
10963
12987
9610
7539
9055
9408
13855
7149
9969
11431
21189
10312
12917
7679
12363
13641
12997
20949
9075
9668
6989
7078
23511
24026
12465
13693
6906
7896
17244
7375
7921
17683
11281
17199
10323
23315
6952
7838
8299
10252
10826
14066
8760
8794
10423
11737
23615
15117
14838
16457
26831
13407
17308
17912
13364
18222
20482
6893
10374
11200
10120
16373
11472
13401
15501
16132
19741
8064
8824
11862
6990
7655
8131
6968
20086
27059
21871
26785
10616
12280
16877
7544
12807
18127
18358
11273
14096
14506
9959
11100
18784
27682
18537
27603
8094
10980
8857
13928
19845
18060
19989
22056
9467
27296
17578
24077
10433
12665
21186
7758
11981
9504
13714
19951
9000
12939
15307
17711
18442
18501
27065
9159
22533
24134
26928
7412
8045
9991
14685
8014
18380
14328
18519
7001
12020
12860
8283
10359
12650
9230
12448
15063
9659
17306
18519
8079
10545
27117
18161
11413
13480
7115
12273
20137
7047
26973
12141
16149
17650
8060
9879
23657
7115
8899
12985
17099
8085
15578
9360
7103
7286
10768
21769
7898
8949
9162
12485
7670
9314
13592
19317
7888
9710
18066
7128
19560
13769
12187
14136
15206
9151
18488
8685
12899
15360
10539
15105
16040
8207
23637
9611
9713
14680
16469
18391
16382
22158
7735
8386
7573
14644
18463
7148
12131
22807
22950
8551
9012
10905
17435
7044
10317
13970
23455
7170
7173
7367
10861
15190
16501
9066
9568
9697
27242
7009
7764
12011
15515
18705
14166
22014
7988
10982
10998
15450
16441
19683
7083
10894
12393
12575
7113
11501
27427
8505
9138
11012
11022
7183
16561
8486
11754
16762
26984
7305
11448
11982
13275
9554
17456
21752
23466
8223
12860
12417
17971
7227
10593
7703
18748
8107
14941
18400
13266
7605
18581
21227
11092
15772
18778
7014
18076
21006
7471
17547
8600
9928
9506
11284
8766
9799
11442
10856
11799
7003
7895
8408
14117
7273
9052
27160
7687
20508
21456
17045
21756
24982
27058
7197
9392
10788
14037
9302
10271
16200
14362
16690
27102
7145
8091
9254
8178
16579
27256
16776
18180
13519
22590
9444
10600
10726
13512
7573
18755
8672
12505
14863
8292
23059
16072
15121
21191
21452
7089
14673
18077
9240
11936
14542
7561
22865
27562
27783
7078
8459
18927
19013
21285
8162
17085
21097
25536
7004
8234
13569
18359
27302
23372
7901
8739
12539
24112
26865
8326
8895
8990
12978
7842
8431
10302
21003
23830
26857
9980
18446
7097
9145
14995
9065
19095
27216
8920
20303
14978
7154
27409
10880
17210
23277
8415
9399
10968
7867
12218
13281
8048
17908
7734
15898
22639
7318
13521
16010
8809
14213
19108
7800
10937
14646
11087
20637
27467
8272
26151
26630
8678
9327
10421
11599
11751
18156
27611
7321
9331
15004
16457
22465
26926
12262
23933
7976
10129
11994
26880
7109
8457
9271
19545
16210
22667
8424
21881
27532
7618
10354
15496
11428
26935
7307
14952
16505
7644
8144
9222
11354
12266
22855
14229
16852
26988
7349
14241
19179
12621
13307
13502
17440
18150
13600
14530
14599
13823
9851
21789
11479
11596
21575
9054
9701
10109
11876
7617
9805
14032
14964
15838
8073
22641
9234
20353
8102
17475
10652
19161
27089
13277
14702
7423
9880
22832
16085
23665
8572
23595
8354
9788
15237
17826
21541
7719
15561
21853
22068
12960
23238
21122
26589
7435
11218
21750
10130
12495
13625
9857
25818
15768
22408
14529
15121
27121
8987
12074
12201
16444
7871
9872
13152
19014
19453
17487
19592
19918
8322
10367
12565
21000
7360
8990
20478
8115
11228
27582
11961
12362
26611
10396
16320
7250
9524
10709
13511
14275
7173
13037
13646
19571
8886
17291
18298
10694
10908
13896
27808
8623
9717
22782
12470
15048
20681
9041
17864
18318
9921
15345
7311
20266
10573
25863
21042
18220
12930
20468
8210
12717
16236
7162
10224
8525
9847
11232
8017
10540
24652
12152
12527
8584
16719
8070
8860
9079
27473
11282
12777
12253
18074
21052
27063
18345
27087
7580
9016
9738
8398
11853
17787
7378
9239
26626
8986
11173
7148
11028
13001
17467
27428
7967
8017
12635
10650
20402
10234
22365
9071
13069
7466
7829
8365
7752
7813
7598
7798
14301
9583
10992
16649
12068
15408
9084
10149
23022
26809
7335
11608
7477
13795
12443
18172
19831
9275
15978
20077
8179
17619
27042
16566
15420
20340
11323
12070
9200
12889
23502
7169
7345
11494
13418
8065
8442
15061
7640
8539
13159
27325
11114
11968
12840
16380
24547
9831
13816
7838
19168
23064
8962
9232
8250
9332
21170
13913
20775
22915
7767
9220
20343
8096
8099
12673
16093
9173
19096
27394
10086
12660
15845
16090
14709
16364
17621
27235
10711
13708
10877
14486
24270
23222
9970
11888
13664
15315
20126
8981
25467
27704
8542
11442
13312
16575
8181
10384
16976
10186
11338
19507
14995
19463
8257
14842
26958
27231
14310
19383
10662
11203
15583
15016
7326
16772
18281
8852
9339
7634
9150
12471
17523
7769
9941
16994
14901
16433
22578
8991
12818
9565
21363
7828
21407
14199
7506
8119
21412
9422
15341
11190
11272
21214
8673
19186
9741
20450
23593
15540
22537
8539
20245
27016
8754
21343
7716
11931
12442
16744
16856
8981
11563
24528
7275
7534
10035
11459
16363
7739
11039
13214
27828
11450
22311
14925
14764
16795
27081
7981
10529
11197
7468
12623
17413
18756
8861
14761
8581
11002
14331
22508
27764
24457
18420
24372
12464
27894
7280
7866
19261
8317
8320
9313
13332
20172
8369
8783
20425
14369
12113
17468
24045
7325
7533
10424
19464
23660
27563
12857
13197
8501
11560
18469
7306
24555
26615
10623
11419
8210
9568
13623
7574
13905
19665
8095
11188
11277
24738
20362
8452
14920
22023
11528
15979
7406
8719
10594
12005
7847
20740
27337
9579
13585
15165
8519
7240
8485
17037
8674
13887
13907
7394
9770
15916
27010
7379
8758
13836
21045
27094
12855
21110
7342
22755
22367
7762
9093
9825
20536
9937
20277
9694
10521
14051
11988
14268
15686
7249
8432
20387
27613
10913
17289
21054
11800
14904
12306
12364
19000
19585
8892
18576
8342
11420
9889
10890
18505
7637
10353
8434
9799
22925
9437
20782
23820
9537
17169
19364
7364
9788
15237
7711
12498
9441
9510
15204
16954
26121
10513
12999
7548
10315
8915
11759
15594
7951
15301
7756
15898
17023
7369
7963
8455
22717
12450
9482
14575
7537
7600
9807
16790
16226
27206
9284
9682
7582
21850
8068
16908
17141
11175
7834
9055
15542
22085
13128
14966
7597
15740
17796
17851
24101
7439
15457
7733
16643
8069
8800
10305
9530
9472
20182
25225
10792
12184
13980
21747
12752
21533
27054
7374
8338
7889
14315
19215
21287
26632
7959
8082
12096
12631
7851
8677
27609
8500
7540
16514
21431
7823
8364
15831
9040
16595
25165
8080
9728
10701
27291
9084
12256
27424
12974
15192
11553
11657
25548
7601
8114
9222
27290
10807
14161
16836
12249
12563
10603
22584
8978
12588
16200
10948
19335
10729
13388
26616
11320
8342
24131
11536
16532
9315
16227
19541
23989
8024
8312
7339
10263
9067
9089
9810
19869
11920
12403
14725
16721
10090
7607
11807
14651
9313
19700
11534
13047
11472
10635
13113
19988
12338
10206
12455
7671
17729
20482
14895
18758
7782
17997
27075
8221
13270
20574
27110
10505
14048
17925
8124
14132
20803
7656
10357
18037
8951
12626
12342
18458
24459
7836
11033
12622
8278
8414
14475
22642
9583
10263
12180
16820
18752
7930
10397
17552
16292
7429
8092
12029
9546
7389
19262
16650
20857
8926
17594
22290
8569
17510
9882
9958
15376
15131
22147
8822
14936
7721
7729
7776
27049
8180
24811
24307
9792
26707
8918
9518
26607
7521
7522
16136
13759
8476
23316
9058
10658
14205
20157
20740
24145
7463
8562
23694
7608
10750
11770
16749
8339
14145
9524
14322
8380
17497
20828
12214
14668
15032
7806
11247
15824
20095
8041
14108
15870
10003
23462
9654
15590
21457
24476
13308
13777
15622
8338
20491
21676
8461
16760
20392
16434
27504
8938
9111
11215
26043
26625
12375
19519
7881
12090
12824
11641
13540
13954
7843
8660
8728
10332
11890
26763
8893
27142
27654
10715
24322
13440
15983
21823
22052
8316
10518
16777
14618
16774
7794
8482
23076
27358
8330
14797
23539
8393
18306
21199
20722
27372
7983
18832
15584
7974
10747
10827
13372
21264
22548
9931
11051
7837
10230
13798
10618
19527
24639
25379
11509
13053
14123
17986
20161
27032
16129
22710
7841
10195
20777
9225
22656
21118
27317
9114
10679
8897
10525
22574
8460
16752
8688
13775
18312
9265
21732
24596
25890
9711
20079
23117
7489
19908
7599
16974
21888
9283
12584
8648
14243
15096
15475
14905
17923
7654
24611
26875
8779
19478
20432
7646
11121
9122
12524
16658
26922
11577
16325
22779
7649
9844
12893
13348
17290
17933
18502
17913
23566
8010
18870
21676
7907
9357
9702
12065
20440
8477
23135
27789
8951
12626
23507
12242
12726
16294
17134
9040
17476
25287
10591
16680
21804
7507
13712
27306
19315
22384
11786
18701
8113
8516
18086
8449
13626
14470
15758
15978
7840
9394
10983
9979
20299
9136
8240
10607
11664
14405
16669
18659
10320
16078
21353
27104
12816
16891
11310
10171
23202
16899
16305
20202
10144
16172
24331
8573
10098
11583
27028
12766
15083
24542
9011
14068
22151
9732
12864
8398
8562
8669
7772
9478
20668
12470
14443
8504
22836
23641
23283
8588
17483
18741
10618
12285
14963
17484
18370
9022
10506
27725
10629
20947
22243
10989
12395
15900
12409
18504
9915
14682
8800
11561
11594
7849
8781
10947
26873
8465
19371
9512
10859
17753
26814
10397
10690
15009
10180
17558
18016
27101
11030
12033
8069
8651
17103
7971
10940
18139
8601
8775
12423
22986
9301
10375
20268
11718
20916
9870
20328
7530
8920
12132
27121
10860
20593
8474
13463
9679
14558
8662
8852
16327
7743
24532
8167
10453
22998
10094
12054
8270
8430
8928
8721
9727
8208
10990
15072
26925
7847
12268
20740
8766
15402
20974
14754
27932
8034
9337
17980
9370
13975
18354
10579
13206
27402
9351
14453
9857
7784
21487
14753
23071
7715
16770
18213
7621
7754
12841
15993
17826
27328
11612
20712
23859
10416
23882
8289
8738
11835
22567
11367
13093
13780
7726
12245
8062
19362
8062
13124
22125
8329
10908
12645
22624
7652
9649
16559
27045
16986
19060
17690
9107
21094
16171
20575
8875
9074
19920
22799
27122
12649
23173
8285
8792
14447
12455
16225
10035
16639
14623
19823
8291
19990
7818
16474
23158
8831
20614
19484
21157
27179
8567
22994
8549
17993
7750
10515
10675
27599
21420
23362
24879
26829
8424
20884
17022
21850
19840
8991
12286
17944
10371
12944
17159
12394
18572
8548
8759
15027
22904
8793
15255
20670
14095
21521
23672
7942
8892
14769
10766
22051
11806
13216
7747
9146
9797
14067
14885
15836
13891
17266
12103
13741
11754
13769
26984
8032
8668
14722
23234
9157
9925
10742
12325
8015
11867
14144
27212
11482
7879
8578
8827
27137
27509
13768
15062
7798
9604
21963
23603
10656
14937
17361
7959
8817
20061
27820
14582
15635
8065
13199
12120
15746
17859
10125
24607
16905
19164
11047
14113
16698
9649
10815
14892
16559
8082
10089
8441
14760
8130
20991
21183
7613
10848
7790
10509
17133
8552
12640
23185
8266
10322
10777
27263
10068
12054
20831
9141
12648
23201
11096
21318
10159
16090
21963
18846
11370
15713
9222
15378
11008
27030
13207
18942
7638
9591
15140
17386
9542
20877
19334
9704
15599
14287
21561
7775
24093
16569
17070
11304
16318
9469
11073
20585
13185
27050
15173
10624
11892
12596
11147
25868
27896
10383
25136
15313
19534
10507
11891
13090
13503
25114
8019
23205
10221
14551
27362
8334
8205
11135
7668
7956
9149
10402
19872
20804
25307
8988
13966
9486
15973
19414
20599
9472
11186
22872
9896
17396
10818
12464
13667
11240
11201
21893
22163
13238
26904
9774
10353
27422
13081
13829
8070
9079
10795
19486
8539
17782
9132
10893
11510
15289
11914
15184
17439
17763
23038
7905
8144
8529
10736
7942
9761
21862
10519
12572
20766
13467
14222
15581
17934
27274
7707
18598
13717
14845
14253
14587
26876
8131
12179
23275
16947
21408
8044
10360
21358
27596
10298
13404
16719
13379
15367
8465
11940
12343
8843
17865
26938
27867
8772
12710
18681
27290
7914
14638
22612
9600
11484
12528
13135
8223
15199
16171
9256
11230
12854
7956
15500
15131
27319
14861
10501
16394
14746
9993
14909
24482
26972
7961
8159
8950
21983
11116
15249
19124
9860
12999
9048
21631
8788
10965
11276
11360
10998
15944
8020
8894
15514
27133
8683
9489
9698
21134
25719
7701
9308
23061
10904
12488
19916
9502
13248
7864
12486
20667
27055
23298
8083
9024
12651
23602
10346
15179
23902
17358
17725
10801
11973
14279
11220
15909
9967
10995
17945
9250
11286
18691
9310
10612
12017
27200
9681
13967
14690
8300
8497
15588
17739
12593
16186
13163
13262
18570
21195
23620
27776
9615
10951
12257
8313
15677
27105
9063
15151
16323
20004
9491
12831
15408
27045
7912
8544
12576
15908
9655
12551
15418
14959
14971
26528
27310
8351
15681
15891
14800
15174
17123
8561
8851
9624
9210
21339
21864
8087
12570
15108
17623
8480
8811
16319
22150
24108
27271
13510
15292
15518
19009
27389
11628
19908
27048
11253
13746
18032
9647
10122
16159
18866
20915
22297
16615
13924
27530
11614
21364
27234
7776
13112
24410
13121
14850
7949
10307
11509
12615
8499
16333
17964
23387
15803
9422
21815
22759
11106
16417
11177
10189
19215
26850
8101
9517
20997
21860
8282
12224
13846
17265
19844
12366
17716
14190
27491
8826
10617
11808
10991
18602
18932
12703
13403
7986
13248
10933
19109
14021
19125
8698
14842
27231
8997
15341
15650
14176
16659
7838
8299
14501
22636
22936
9997
21797
16498
9536
16346
19896
9985
15428
19607
9874
17658
21212
8725
16966
20559
9386
10623
14923
10880
17891
27389
13443
16226
23809
15757
9220
10847
14918
10551
14071
11462
17814
22133
8722
12761
27517
27519
17896
19243
12141
19842
10555
12983
19385
22172
13781
17709
10646
7983
18832
16069
16731
8762
10984
19540
10999
15064
21247
8623
20841
10609
12669
10379
12199
12625
13831
13257
26586
8661
13674
8578
9279
10211
11488
9446
14281
27661
24216
26655
23010
7855
8287
8383
10610
8015
10307
11867
9104
17528
20720
8616
15435
15527
13581
19221
13789
15017
10243
10649
16692
19489
22597
22870
9059
13207
24433
10842
13239
16288
18659
26692
15088
20319
22079
16012
16087
10869
18986
11402
14700
18855
10493
11409
16952
9431
9534
10757
20333
11378
19477
8066
8075
20992
15749
25117
13556
17035
9160
23663
11516
13319
14748
11160
9377
15833
19370
9370
13933
27516
9480
23840
16049
12589
14341
11112
11404
14454
15079
20505
20379
10496
12183
9385
9648
22836
11471
22782
17666
21827
26711
9988
12550
13402
13139
19052
27679
10935
20918
17802
16070
17084
9740
13804
10990
16841
27795
15334
9696
10793
13726
24318
8416
9618
27782
7990
9796
17828
27349
13536
20035
27912
27914
9622
10055
10949
21082
26874
9759
14254
27059
13232
22900
9255
23318
23696
15368
24578
9553
17911
19395
8640
12260
9029
16426
24939
14496
22393
8696
8757
14824
16739
7954
12674
13171
15155
14804
24094
25710
27794
9477
11762
12735
24393
11716
18730
17812
8454
17817
27054
16335
18544
20678
8146
20481
7982
17955
8322
13712
16329
8838
12146
13723
11787
12968
21397
12610
21683
17801
18470
19681
23452
12827
15154
16187
16490
17807
12478
12817
15124
8408
9136
16419
16955
17134
9859
21914
14511
23003
9324
13984
17905
8876
9073
13926
26199
14434
10086
12221
12764
19553
8759
23027
9445
13882
13631
15789
15876
14910
10790
10956
11814
26845
20987
23881
8992
14728
16838
8454
11603
13382
23165
15808
22923
26790
8408
18473
9360
24316
8827
27137
27268
9243
11749
11759
9106
12112
18862
9849
10485
18747
13901
15378
11564
14819
12539
16992
12828
12962
9018
22356
27272
8102
9473
23318
12058
16892
8363
17122
8241
11679
27034
8554
15353
16983
9866
10798
17511
11637
12119
19111
13508
16696
8511
9718
17304
8303
8324
8405
8771
8185
11724
13077
27528
12745
15673
10168
11556
11663
10024
11555
20003
8461
25494
8716
12190
12254
13748
13985
27365
12368
27102
8403
14337
17410
8029
8988
13205
15152
8551
11063
14512
12379
16024
17843
8653
10193
11921
14811
14366
8679
11637
10335
11703
11716
8563
13520
14303
16361
20257
8484
11326
11405
26713
8081
13452
8193
12708
22620
8198
9320
20932
11239
11848
12294
13647
20189
7991
9402
17105
12067
11649
20181
25037
27248
27249
12076
12870
8315
15971
20871
11034
17659
16543
17141
11701
11608
14457
17029
8048
9322
9675
14335
20204
22078
17014
27220
27901
8715
12219
11223
16240
16469
9434
19763
23140
12631
8940
10140
11443
21077
10330
13306
18451
27442
8041
12293
12174
12204
13235
11625
12303
17943
9967
13162
23465
11395
13452
11642
13533
23330
10208
14362
27176
9670
14085
10778
14553
18503
19655
27818
12541
12803
8722
10468
15401
15539
20665
24511
9646
13574
19286
24188
27858
9237
13645
15331
22418
22667
18661
20605
10460
12929
13254
22862
18786
27064
13964
15605
11432
15602
10434
20901
26935
10982
11332
11879
9101
9614
13381
21314
8707
27348
9402
10713
23971
8983
11552
16850
8992
12512
18507
8310
11858
8219
12080
16311
8891
10252
26732
12162
26646
27909
9561
9943
13688
22179
9267
9528
10800
11838
10588
10898
8298
8772
17277
8162
8817
11609
11646
9373
11497
11840
8199
8586
8802
11390
8030
14028
25252
13406
22886
10503
11407
8092
14266
20491
14636
20570
8109
13095
21092
9398
11209
20094
23521
13290
17236
8222
8558
10967
12595
20605
21393
9258
21337
11146
20037
10703
8153
14481
17351
10628
11357
15046
10417
17270
10812
13071
9219
22831
27180
10875
12889
9085
14508
18340
9049
12688
11233
8304
8366
16394
9085
24865
9398
19348
8800
14173
8141
18229
21641
17342
8056
8183
9922
10676
8630
17484
22585
8799
15770
15998
8932
9001
11264
16964
24472
11245
14528
10466
21200
26560
13637
14304
14727
8688
9709
12189
18123
22271
10261
15320
15705
9230
22948
8594
9036
12435
8383
14407
19126
14139
17407
8556
11309
12794
13385
13036
16881
9195
14502
22708
8183
11983
17377
10421
23743
9606
27217
9104
14227
8909
13815
14649
11807
12443
17262
9029
8663
14364
15628
9061
12110
16108
13912
18814
11238
19966
23704
11120
14344
18587
9776
12230
10963
15451
8321
19792
12122
12578
16137
11603
22200
11830
8147
19264
27843
8959
9947
21339
23350
9976
16545
25069
27118
18670
21875
9002
14547
10506
12096
12051
12381
13346
8844
19244
24424
27784
9282
12570
18654
27075
27181
11897
13785
16716
25123
27018
20343
27195
26780
11790
12724
21843
16215
10419
19454
10187
18620
8385
15738
9412
13916
8604
13300
23590
9430
14386
9702
12252
17707
18209
11521
14240
16661
9147
10275
21452
9963
10754
14332
18869
16927
23169
10220
12995
8709
10213
17779
21902
20877
27478
8550
9767
11751
9229
18522
27289
18339
10110
11144
13156
14033
8230
10932
21755
8777
10704
15359
17007
9078
10347
13016
13150
17056
26922
8479
21851
10230
20042
9257
9764
15526
17120
19009
15497
26899
16513
17619
20696
13671
15659
17331
8129
13515
20873
8625
18047
8599
11062
16204
12952
15470
9920
12898
15184
22478
9042
10092
14035
18706
21784
10391
16080
19281
8597
11473
11525
22100
8945
13231
15036
15465
9081
15294
19972
16138
18225
8830
23174
23779
27115
9693
10280
8437
11861
12531
15487
18856
11238
11852
15432
10648
13719
20159
12691
18238
12414
18239
18651
24482
8215
8600
14912
27026
12775
13579
14517
8753
22207
8404
8878
11753
15200
8224
12732
9719
16997
9802
10399
9287
13164
26838
16119
16784
8615
10183
11019
12560
11771
17629
17940
8726
9805
11774
8813
13745
26697
21379
9221
9976
10117
10533
12743
23085
20893
9435
22668
8495
10872
24742
17293
10627
15520
9760
12324
23392
23667
26905
9281
14878
26783
13681
27257
20841
27043
12021
12886
18561
21330
20533
23373
22439
22899
14487
19028
10577
15478
17783
10037
20828
11522
9033
24124
27050
27461
10568
15960
22090
8887
10414
8422
19510
9059
13252
23776
10116
15032
18383
8823
11825
14481
14970
12801
13433
16575
10661
11729
22530
8805
12268
21191
19117
8874
13425
15266
8440
9167
16289
12712
13166
16243
11691
21481
15327
18287
20220
8533
11181
18045
8700
11541
14160
9097
9673
23878
16925
23084
9387
10640
10773
9015
11933
21371
18090
18406
8236
21975
27694
10762
13429
19125
25038
26997
9304
17011
21354
11206
14444
19028
10404
12085
23699
12708
24670
8942
22811
24389
12609
13345
13652
18237
12396
15036
27110
9563
8383
23218
10425
19578
15299
19016
25137
8275
14947
27503
9710
21938
25325
8580
9953
17002
24084
16712
19278
8631
10752
11401
11886
9479
12930
16497
10372
14019
15218
9145
18848
25091
8720
8884
14741
26979
20480
13486
11288
12709
27357
9474
12280
16993
11679
13274
21437
8955
14003
20035
26970
11234
14973
17542
21695
13466
23438
18638
8703
15051
13170
14163
16837
11891
15458
12396
15603
18715
11259
12858
13031
14776
13155
14944
21935
15912
17031
9328
12432
23539
18721
26959
24304
26951
20712
22671
9874
15664
27735
23143
8336
21030
16800
20683
27281
10799
11623
12812
10021
14055
27262
27068
15621
16406
11642
17634
18663
9648
21043
20556
24139
26629
11316
18640
8592
11289
27171
8859
22032
8357
9156
18110
19442
8414
8924
12306
9257
16100
22300
11879
12655
13767
13989
10964
11146
17556
11108
20596
22597
13714
23895
9176
10534
11593
18974
12050
20638
8640
12138
16171
17106
20914
27740
9188
17274
18976
8328
13357
21237
17352
18134
8697
12167
13035
13358
18925
17233
21956
10310
13744
8306
9289
10034
17552
18251
20349
9536
15873
16110
21406
9091
10825
13211
10315
22881
27148
10653
16424
17803
27404
8405
23808
9207
13184
8421
12499
15218
22132
21399
11214
15015
8763
9870
10071
20328
18845
11551
14922
24660
26717
16439
17745
11974
27106
12182
13399
9817
14224
18817
8960
15691
15164
10050
10663
13858
14452
8451
9932
15266
14654
10672
14574
18124
10693
16034
19358
8771
9549
15074
20233
8895
18799
15947
21552
17624
10694
16798
16688
22989
11069
12202
12222
10035
14641
18161
12081
14234
12757
23974
14755
18970
9632
9822
12476
13331
17688
9671
12018
12653
11121
15646
16897
9245
10520
11889
24614
10289
13716
14604
11918
14864
20774
15484
17285
8655
14394
27252
27370
10056
10077
19757
8649
8914
19773
21620
11391
15777
19008
13828
18020
11660
14789
24897
13168
10952
18534
9527
13598
16493
27740
10138
12568
15953
8705
15238
16383
10066
13263
26943
11584
13951
14554
21436
22861
16920
23404
9046
11878
12633
14260
9207
9409
9690
13598
15014
13611
9478
11899
15641
10153
10597
20737
9782
23529
11571
20351
27347
10769
18852
19145
8816
18294
19763
9565
17559
13399
14176
15606
16516
26740
13506
13947
17109
8393
16591
12798
23902
10602
14496
9186
27131
12260
10057
15956
22684
23326
9772
16042
10652
17833
26932
26987
15104
20082
11618
11773
14238
9317
9341
12595
21152
13996
14648
21310
14382
17541
10114
14116
14798
8891
9781
15281
26825
9002
9646
20862
17005
27046
8669
11590
10445
12282
15538
8877
18236
20490
8481
10159
16505
24348
15746
8729
17433
19754
14931
24545
23539
27668
11452
13377
21377
19360
23780
10340
11167
18515
9030
20643
27896
14071
24453
27466
11230
13041
8466
8509
26651
10411
27781
8858
22403
23501
27028
27571
8571
18567
18676
27073
10145
20930
21031
8594
9036
12499
8445
10696
15934
10154
11003
27311
8499
11938
8982
15728
17423
9725
13217
17397
17723
10537
26929
25109
8522
9321
10706
8928
9744
14859
12020
13726
21772
8485
11962
20639
8859
9519
22591
10834
10839
15510
12798
18897
8889
10544
11845
27176
10884
12053
17031
10237
17972
19801
26882
8673
9984
17071
9838
12975
21656
10557
13888
18417
18735
23185
27114
9686
21948
11929
24215
23752
12480
16475
8664
8514
18309
23533
10852
18954
16871
9340
11530
23485
25268
12699
17006
9269
12293
18819
13071
13816
10391
19497
8936
11446
17340
22744
9171
13746
21654
23430
8921
15055
17000
17991
26740
13251
20199
9974
10923
13331
9909
14174
8896
21083
15437
24599
17896
9596
12559
24267
10095
27442
27937
8538
16039
20293
9996
16125
25355
14850
15539
27519
10741
19961
8811
9633
10159
10753
11380
18070
15130
21777
16288
11467
11490
11554
26985
9450
18121
19825
19033
21352
11550
12192
20215
11651
15311
21002
8611
10536
22044
9443
13138
19381
11894
14642
26277
23041
9913
14852
19414
9091
11267
11433
10673
11217
12392
14148
15082
11295
17616
20136
10426
18026
26886
27472
10343
11598
9483
12671
22594
23858
8639
9936
12512
18477
10238
12352
20109
16384
10711
10889
15889
8756
13428
13522
10308
11113
26955
11079
16840
12847
26551
19506
21620
8654
12129
12015
12993
19332
26939
10070
19237
12337
27892
10194
13565
9766
13794
16015
12189
19710
13818
8855
9264
15982
19417
10052
18102
10440
13161
24628
9881
13025
13002
14875
15911
27841
10422
15011
26936
10766
15537
19682
10074
12727
14857
12799
13297
23389
17348
17361
20763
9061
9853
10073
14626
9033
19155
19181
27461
9912
16644
13417
17630
10724
26895
9053
11276
14859
20276
9696
12116
13053
9026
9062
17839
18802
9634
12154
14519
24421
12367
13748
17900
8759
9285
9752
21836
8732
13092
12376
15406
14673
21384
16238
13805
15582
17898
12979
13570
14994
13719
15703
12720
21523
16350
19174
10918
16649
20153
10881
18736
9451
10044
25017
10107
10161
19710
8869
9433
11274
14939
15679
14096
11015
13354
14734
10797
11818
9443
18019
20822
12250
27072
27576
20362
18422
23110
27029
10667
20216
9020
9032
12115
18114
18753
12449
20080
20649
11544
9455
13632
18352
27207
9953
12684
27530
9056
23780
11151
16818
15875
24124
10230
11897
22376
23507
8621
12670
17002
9757
10243
27595
22277
8907
12486
8631
10240
10926
16995
13178
25339
27172
8775
13864
26689
11547
13131
13212
11196
18270
9251
10111
20881
8789
21390
14295
20023
11037
13929
12844
16772
19483
8650
9273
9987
15422
9555
9729
9812
12332
13759
9656
20885
8944
26608
27360
17594
27531
14333
16939
10106
18597
21792
8939
16058
16782
27436
12289
12452
13249
15304
23182
9661
12360
14485
17872
19520
8900
11580
14117
15901
21142
16152
10907
11396
13966
8802
12714
17386
11522
18494
9914
9102
16045
9641
10368
11766
8841
10943
18907
8965
9598
13050
14849
14045
18182
19927
9464
15313
17655
11401
14181
12487
19455
24117
27209
13065
15060
20816
11900
17810
19768
9986
11113
14355
10825
10938
27368
8798
10441
14662
15321
13702
14985
15585
26750
11100
27682
9290
10108
11608
11633
18995
9548
19694
11258
14790
20779
9350
9684
23092
12169
14599
15794
14491
15096
20474
8914
11431
16090
9273
11233
16114
12163
13033
8885
10225
12209
18821
12601
13006
12587
18395
13608
20577
27253
9605
10191
14953
10019
11137
12767
18913
14932
27618
9929
11823
22173
10627
15520
8718
11154
12547
10345
13511
16327
19819
23092
10023
22569
12753
16112
17402
12733
15987
23717
9085
13064
20814
20971
10324
13741
9773
20047
13044
27561
17071
12194
13334
23744
26803
12864
17393
10845
11798
27608
18253
22877
11729
8928
10088
14821
26946
13156
14063
10580
15835
10179
17636
19220
9053
10919
12121
10693
19399
27003
10609
10714
13575
18080
18941
10104
11340
27510
9999
12620
16023
17997
9584
14718
11453
17438
19795
10780
13083
13938
10592
14222
27159
9754
10042
10774
16873
11654
12148
16022
17644
27270
12986
13115
8835
23386
9166
15807
19341
19759
10169
11107
9876
25809
9919
12930
24240
12609
8770
23450
12029
16359
13471
14495
11044
17329
23029
11528
11848
16158
12856
20922
9885
12424
8798
10441
18369
17287
22842
9064
10393
18007
11966
12876
22315
15334
18137
27645
8884
17009
10468
12761
12514
18742
11847
12014
26593
27259
9093
11970
18385
9056
12013
17349
12700
16799
20661
9288
16583
8878
17197
9204
11290
19676
14403
9767
12206
23655
8885
9747
10831
16646
10310
10895
12825
8749
12336
10626
10751
14616
9188
13871
15176
20807
14280
23720
9753
9842
9873
18978
27014
14982
15921
17135
11170
12882
14076
14382
10066
11818
22114
10201
12123
14946
22444
9246
13024
21045
13786
11432
19047
16463
22344
14773
18199
20104
24991
23862
14548
15208
20103
16536
27908
11654
14360
13836
14557
8812
10928
15710
16652
21461
21243
10190
15038
22211
9746
9939
12244
11855
25398
9474
12632
9835
23237
14195
18892
19186
12977
24941
14140
20389
12525
17434
9538
10446
10936
12586
18233
9819
16900
17059
27217
15794
20957
12550
21488
10947
13651
27389
10969
13163
23420
13086
17365
18662
10449
11796
16082
9295
24481
9684
11971
24075
13114
21733
20970
17380
10059
18559
11673
13745
17110
24303
11761
13374
16651
8996
12618
23512
8933
25211
10750
13957
18773
16249
9595
13783
21108
23058
13582
27193
10444
13997
24447
20157
21638
11995
16981
9514
9588
12334
10164
9283
13999
16341
8845
9688
13589
21225
19557
22475
17667
9121
10147
16376
10115
14572
19648
9520
14356
15489
16187
19070
15715
17400
9846
12201
12592
15414
14656
17973
9139
11065
15403
19893
12766
13414
15083
19150
14936
13061
15237
18296
9853
10428
18400
18867
15633
20638
10959
16684
9907
11115
15336
9004
9590
14464
18195
24007
24180
16674
11248
16969
17345
8964
16412
17410
11759
12065
20427
16414
24252
11006
11872
14629
11688
17733
27095
16860
17296
11437
13680
15554
24415
24699
21178
17841
27081
21869
22570
26937
9276
10077
9376
9688
8985
10921
17776
9426
12315
15262
16662
9559
25289
26647
15765
16025
20529
23204
10881
21346
9706
24558
9056
9330
9805
27278
10386
10476
13183
17435
9095
10054
16128
20983
11029
16738
12406
21165
10345
18367
27474
11068
21226
21754
9978
10215
19064
9495
11341
19463
13133
16628
25164
9283
12584
13829
15446
18071
12506
13298
18397
9433
21739
24215
10222
14393
19713
14687
15056
17595
8952
16958
24095
9932
11390
18525
9074
13552
17813
12674
13166
10951
19064
11649
11965
19010
24681
26633
8886
10363
13276
16396
9165
9988
9334
13925
21333
10942
11339
14568
13148
19894
11802
17177
12096
22325
22371
27175
15002
16645
27846
9781
9820
12566
26893
13044
13113
17963
27134
27565
9894
15561
19918
9666
11364
11214
18059
16038
20537
10486
10569
23606
10534
11658
17001
9041
10167
13520
15381
11478
12696
10142
13766
15849
27151
11447
11696
14230
21754
9247
13097
19309
8974
10105
13595
9717
11672
27092
9685
9879
27392
9791
14942
12535
13672
14653
12405
16888
12159
13685
16104
9378
23437
9809
12581
23800
10634
9069
11727
13379
12132
12983
17231
10884
17979
20294
16417
22993
12306
12807
9317
9341
10722
14317
15394
10392
12124
10088
9001
9070
17212
18476
12234
15834
10875
12579
13524
15607
17080
17761
20954
9669
24626
11095
14191
19153
14542
21950
11215
11520
16878
12065
27435
10140
14105
20599
11104
12447
27639
13462
15616
9880
20567
21658
12823
13154
14184
18574
9021
11767
13931
12172
13779
10022
12900
13531
14462
27113
27269
9762
16663
17627
9031
23042
24987
8980
24582
9272
13235
17336
10565
26971
10550
13041
22034
24041
27029
13337
20690
9655
23976
10518
18496
19238
9601
10511
9232
10517
12735
14572
23351
18812
23132
9598
12217
13757
10156
17021
23764
13869
27341
27567
11017
15694
11637
17695
18849
9098
10054
16467
22204
11107
11167
23304
11035
11375
11915
15617
21073
10109
10216
10640
12349
9350
10395
14068
17861
17353
9418
10056
12177
15706
19408
16692
19969
11174
11633
14225
23605
21702
13529
16431
16437
12744
14776
11356
12688
14544
21150
10552
16869
14980
15941
16372
9827
18500
20676
13660
13801
10445
17731
22099
11536
19889
24723
10207
26792
27448
15052
17661
21290
10926
20402
9514
17642
26627
11031
12373
16951
9771
25432
9205
12726
24451
26969
10992
14696
16753
10582
14853
13552
9998
27333
9369
24875
14345
19420
12049
15092
15406
12344
18024
26828
13744
15183
19243
26614
9452
9738
10146
9897
9961
11417
19104
27273
10089
10993
21440
14386
16783
17802
12381
12608
20064
15847
19367
24246
27093
16132
16476
9131
13785
17646
13124
15505
17451
16118
16924
14163
21646
11803
15329
15632
16237
9108
13688
14564
22726
18172
9981
17710
24573
11242
18750
27921
19555
13520
18037
25464
10962
11372
13989
10746
12581
12813
9450
18195
22347
15933
16664
9940
10420
11924
19191
15527
21931
13205
20499
10265
18088
11421
17820
9372
24186
20137
13181
21824
9408
10935
13342
9258
16739
21337
10658
15534
13067
18860
9676
16177
17288
21443
12982
14239
20466
10739
12223
12009
15883
18302
11537
14285
10605
13619
20471
11324
24602
9631
11046
17292
15367
21385
22533
9514
11880
20422
13503
17741
13007
17127
20061
10526
17084
10165
14500
9502
10491
21279
18820
18856
13125
15207
17901
21460
12057
12077
27142
10734
11110
17273
15342
17907
10402
12113
18254
24451
27423
21802
11576
16703
18089
10338
11594
11912
12277
15031
9240
13384
27443
10669
18966
20292
20950
12134
23805
13194
13243
25051
9712
10392
22699
27288
10495
18307
20868
14044
15411
10903
22982
9663
11653
19471
9278
9391
17347
10266
12207
20621
9427
14678
23266
10590
9133
16174
22679
18070
23758
9212
18155
9875
11117
11021
14591
19502
13918
15211
27761
10535
14876
20944
9226
9723
9851
16711
27832
9195
17778
21282
10405
15830
13508
21618
11973
13784
18771
9637
14814
13353
14893
10238
17231
18164
23835
9542
13370
13613
26921
11254
11500
11846
9297
11565
15780
9733
11075
21987
13254
13536
20035
10630
20551
20603
14146
15699
14437
14542
21950
10286
10770
27188
9264
12853
11718
18759
22715
27827
11647
12632
14234
12302
23293
25551
11012
13796
10556
24490
26646
13227
18810
25074
12066
15625
16663
10717
17536
22677
18174
19536
20820
13021
21375
10047
21844
24145
14916
15293
21606
16924
18350
9290
11612
15301
9442
13514
26545
20011
20923
24956
27165
20962
10138
12544
10909
10931
11722
19306
21269
23226
24604
9567
14954
16946
17772
20155
9563
9923
12027
22860
9415
12595
12720
18732
11056
15789
10578
10891
16026
9838
9889
21404
9170
27215
9814
9858
15924
20543
21380
27825
9454
9734
10103
11205
11795
15056
24914
11179
23418
11304
12308
9840
17001
20811
10160
21016
16232
18804
20711
27015
15040
19627
10488
17595
9854
12996
17391
17747
15057
20406
9400
10558
11804
13178
10306
11035
14307
17006
10276
15545
19340
24619
14625
15397
10344
15185
15252
27162
11804
12196
20332
9845
11394
13579
16044
10626
10697
12259
20416
10453
10906
18869
20213
21236
22955
9777
10229
12083
12994
9632
9634
12274
9886
11850
12135
20400
10892
14839
18031
11972
11612
14812
9352
12952
13518
20635
9407
26968
27423
9662
10087
22559
13451
15697
10464
11246
12142
18922
10075
15003
26779
19584
22416
10134
13682
19286
12111
21409
12937
17692
13075
14735
14179
15181
11106
19506
20963
26982
10671
20888
21129
16962
18585
10533
14086
15736
16150
19871
27419
9877
21365
9723
15770
23826
14905
22551
25398
9955
12281
12683
21628
9543
26728
15191
24203
9380
13943
11020
11754
9274
9897
13900
20835
21100
10730
13774
13022
10809
12272
11829
9271
13230
24090
12514
9658
9898
16554
16754
12030
15351
19792
15192
11011
11537
14186
22479
13514
19173
10986
17399
12789
13295
13475
10728
23185
14342
26716
9414
10188
10641
11947
9407
21317
17300
15339
16985
15852
19945
9764
10601
23974
10002
10643
13902
14684
26704
18900
22681
12038
18999
19796
11388
12462
15811
27260
22724
11071
21732
22225
10763
12925
20220
10800
11787
9521
10202
17058
12402
12959
14347
16307
22891
14286
19620
10515
10675
14028
18219
9961
16596
18675
17664
27229
25411
9393
21708
26737
9859
13899
10455
14624
18548
27097
14878
17699
17416
19946
22777
9682
19203
19814
9345
10829
23312
10488
12682
16347
13085
14153
16803
11162
22703
12906
18834
13118
18185
20075
10222
10551
14155
12010
12845
21167
26588
18347
21049
12295
16512
18872
12489
13145
17024
10446
10620
14007
16868
14150
15878
15911
19339
22415
9699
15453
14669
10418
16527
22148
9968
20458
12399
14151
14348
11140
11666
13534
17165
23917
27199
11949
20011
22584
12929
10771
14250
11360
15014
17352
13439
15796
9821
27239
16113
16453
26701
10294
12571
14297
14758
14683
20313
11697
10200
16092
21183
12451
15300
21169
15747
22489
9501
24810
26792
11692
14543
13780
14503
9783
20645
14571
15239
23458
13197
23555
27279
11845
12025
20700
15088
15458
10698
10885
21842
16350
9893
17383
9425
11574
16855
14786
17170
11777
19159
27282
9706
25010
10031
11071
13493
24452
13883
14958
27406
27880
19790
20781
11421
11592
26926
9660
19431
22410
24746
10092
10583
14415
18005
10361
11802
27128
9684
18763
26629
21972
27588
11708
14050
23900
10192
10683
17056
17743
9578
14005
18714
27189
9529
11285
11993
9458
11073
12765
12792
9731
15769
16191
16959
17810
10050
14452
15100
19253
9602
10408
17215
10443
13645
15033
17062
9768
10472
12196
17592
19130
9910
11525
14897
15126
11249
12067
27728
16821
16891
17347
18903
13975
27517
19474
26959
26977
12481
23768
10400
17387
11385
15682
18979
10049
21174
23517
20161
16977
18459
15110
13005
15545
21615
27905
11074
22082
10141
12786
21039
9926
11706
12142
10969
17649
9822
13865
13914
15193
9619
9648
25209
9704
17589
18277
20018
12448
13189
18477
10954
15848
16683
18499
19334
14347
15243
22893
18275
21617
10983
14380
19457
11213
21253
26876
9614
10264
23538
15745
16635
27312
21665
11874
21034
26652
13957
14737
15225
19680
15401
22333
10167
10617
13968
10144
22333
11884
16655
11782
21505
25810
11312
27424
13258
15525
10163
16493
24638
9585
10949
15788
15872
10254
18710
10670
10691
21238
15207
17287
26966
10353
12910
9544
10229
27377
11903
12177
12532
13567
20653
20958
26992
17524
19842
12394
12694
15369
10329
13707
27351
10454
18680
20021
21243
10553
11298
26908
9614
22346
25320
11302
11661
11670
20732
14406
20045
9517
19135
22556
14291
15863
20915
10654
24765
10432
12582
18417
20024
13699
16554
9503
11772
12276
21687
25190
9631
10674
18026
10704
11901
12806
17007
10687
11610
12347
16295
9472
11412
11602
19080
20453
17348
17518
10600
11582
26719
13187
14785
15231
10678
27674
11549
16162
16399
10741
14390
20421
27213
12035
27769
14464
10205
10146
15180
21848
11275
21590
27136
15142
16672
12296
19129
27208
10686
13528
18171
9687
17788
20514
11626
14675
24745
10248
16296
17878
10118
11640
12906
15969
10870
11585
18163
18992
11229
23607
12599
12775
17709
10735
13227
18368
16639
21081
10209
11750
11249
12194
26814
16517
22571
18766
21790
18208
22612
16093
19352
11602
9529
19720
23004
12066
17050
12834
20780
27036
10677
18184
14848
9783
16497
19377
10424
10510
11165
20961
22413
16556
20133
9505
10858
13840
15825
15236
18450
12620
11379
12808
10025
13740
16918
10179
11981
12417
16025
16418
21627
14220
15325
16047
14423
15900
22287
14334
15756
9626
11341
12657
20747
21088
9599
24010
19867
20064
20496
12076
13153
22231
22823
26793
21162
9707
14577
16615
11499
9746
16947
20503
18585
21083
10358
11111
14884
9789
10128
15827
22531
11828
12577
19173
11412
15683
23709
13368
17396
20538
21729
26813
12594
15853
20066
21350
13524
13549
11316
20436
22149
15994
16360
16366
10024
10202
16703
10585
24939
17150
24399
26554
12350
19634
10805
11464
12042
27645
12516
17534
11251
12991
23006
12124
18431
16660
18126
12001
15305
17532
10714
12849
16502
10825
15207
15588
26966
11851
14291
11523
15660
15873
12977
16919
11573
18990
13371
22494
13760
16169
20180
21518
9848
13395
21145
26672
15857
18591
13460
15775
11005
11307
23049
10229
13030
14821
26946
11136
11457
12515
12354
18335
22864
9775
21669
13880
17381
14333
17803
22664
13631
20923
27879
9812
13390
13889
13017
12134
27368
10613
19106
12398
16854
26648
17964
26657
9773
15464
21478
12931
22974
27149
10967
11149
9881
10404
10988
23699
17559
9632
20825
15385
17762
27243
19569
12408
12607
20935
11130
14770
18733
12680
13925
10642
14990
20789
11708
12729
24225
10062
11030
16648
17556
23073
10993
15951
16317
27190
11234
14351
24179
9899
11265
18644
20187
9613
11607
16167
16869
11586
17553
18482
19958
22175
10459
12787
22285
9802
10574
20037
23095
9964
11236
19711
26552
13098
12739
16342
17664
27229
9771
15938
21025
17641
19426
10727
11118
22207
21957
26518
14749
17169
24205
15930
22284
10563
13660
11938
15283
22910
11832
27741
10408
12170
12769
10208
15822
13079
26509
11064
15745
16740
10325
10554
9864
24807
26625
10566
16083
18208
10767
11663
14320
10968
13889
13692
18709
10743
11476
21394
9894
11306
11884
10264
13486
10363
11441
16396
16500
9887
12058
14986
22093
23690
10272
12556
15102
15840
18695
22447
10798
11953
15939
23906
10055
18988
20101
11087
11920
11485
11970
11763
12797
23325
15719
19343
15016
15109
15959
18657
24317
9918
19155
27607
15141
19539
12154
10753
15740
14949
19136
23115
18912
27012
11870
11583
16027
18140
23053
9714
20329
20364
9915
11251
11838
14556
10407
17427
21633
9829
15533
19062
14076
14626
17005
19431
23065
17186
19312
26628
10262
14039
17008
18598
17252
27513
10812
11645
27479
10794
11463
18866
10528
14465
17848
19948
9947
10640
23113
10887
16076
19368
9898
19112
20385
10692
14328
9752
22540
27805
11445
13293
16185
10087
27201
10311
14326
11619
13682
20837
23695
26664
27558
11364
16935
22128
24678
26595
10639
17020
21484
11361
16359
26652
11743
15512
10451
16760
10903
13892
21435
9989
10534
12701
14207
10200
18300
20017
12329
16256
22523
11004
17076
9876
13820
14841
18833
13096
20169
12969
9741
14242
16380
21751
11374
15085
17668
21492
9699
14649
18589
22425
10858
13200
23813
14453
19588
11514
19005
10064
24909
11967
10273
12725
23465
10280
23002
11645
12664
14479
12637
12576
14546
13619
17095
17928
13911
24341
15269
11622
12616
21965
27541
13181
13823
10765
14956
21328
23196
23272
20150
23589
12276
12386
14178
11474
12779
11027
23081
18021
24951
16420
11745
13434
14680
16431
24352
14150
14377
16454
10660
15847
27093
9838
10711
14807
17682
10126
12097
13817
16045
16872
23254
10936
13090
19097
10483
13970
13330
16935
10787
15203
24092
21584
22849
24916
19165
11874
18945
15396
21578
14118
15420
10730
14367
9756
20036
25476
12332
10627
13094
17600
17959
12625
15791
15770
23767
15752
23156
9847
12323
27163
16904
22988
19501
20225
22129
10858
13288
12366
15767
17716
13438
14729
22593
10062
17310
18212
10287
11342
20377
27339
9887
14986
14680
18492
12809
20389
10194
13565
16873
12369
22018
23873
11261
23544
25874
10243
13567
22688
10513
11303
11872
15391
16730
18540
21599
11842
14455
11443
13624
19799
11349
16259
19609
15030
11164
18801
14719
27727
23360
10540
13849
18135
11321
11802
12203
10837
12287
16039
21952
23662
14012
9943
19896
17037
27421
14660
12230
15286
12994
14430
15024
10980
11722
17320
13275
25140
12212
15925
26600
14277
16807
16248
18962
19833
11267
12134
19609
10508
10516
21504
12100
13888
12228
19041
12018
10128
11406
10607
12665
14335
10148
13715
16859
10257
18004
11576
17242
20699
10548
11469
12754
14756
21295
23115
12029
17591
21747
13021
22741
11793
12255
27632
10839
16575
16161
10632
12497
10155
18396
10104
13065
11507
15705
21945
26974
13197
11943
13657
11370
24330
12333
15099
9827
21231
25302
17503
22046
12256
14122
22970
17849
24343
12686
19013
9858
13694
13944
11692
18247
18593
27569
14959
26528
15288
15678
20959
12270
19744
27218
10252
15279
25231
27238
10240
20641
10410
19907
11794
16520
20675
10564
16966
17097
11876
14417
15404
15002
26698
10674
10767
13557
10090
13816
14965
15415
12311
10584
13720
13850
27186
20851
10729
11161
13388
14427
16126
20490
13708
10229
12083
13460
17505
17601
27321
11402
11814
19618
10278
13530
15511
27179
10519
11656
15022
11657
27626
12074
19707
19992
10785
27163
14732
19829
24298
9981
12302
18133
10723
12089
14782
19558
12322
12881
15129
15345
11821
17213
19716
19915
14916
15746
17580
26970
10841
19935
21632
18498
20905
12164
12291
23551
9962
13956
20447
10523
11456
22131
9895
20410
21787
16864
16941
26626
10013
14590
18956
27691
11953
12116
15762
12457
19664
24288
11362
14881
18241
19404
26808
11283
12236
14870
15182
16886
19618
19899
19322
24416
11117
22014
27864
20276
20392
12982
13776
16530
20307
24450
24082
11346
9958
15485
11313
18452
27177
11502
12424
9995
12048
11216
10849
15638
15726
18289
14099
14504
14682
26710
13958
16545
15684
22576
12793
14473
11884
15561
19794
27515
18669
14507
12445
27805
13105
15185
16896
11335
23785
24037
10964
12841
15285
10268
15670
20526
15843
17520
21261
14127
16539
27169
10377
12496
13535
20403
11943
12229
14938
14073
18257
19568
10502
12788
20238
18668
25308
11459
15126
16363
10016
21705
24776
13990
10244
16551
18388
22223
18562
27460
13122
18276
12690
17439
18279
22670
10559
27214
10676
13712
24372
10740
11149
24558
24322
11126
13842
23478
9941
27463
12158
15094
18166
22167
12344
13929
16386
14895
17724
11386
11842
18954
11051
20974
11085
18027
10292
17884
24183
10573
12285
21038
13335
17030
18230
12811
14981
14985
16691
17575
19413
10143
12726
24451
10048
14945
24525
11996
16307
22891
16426
16605
12158
15819
16448
12719
19548
15206
15297
16542
11547
13361
15281
14016
22366
10157
12835
13127
24557
18305
11620
13350
10535
12542
13523
27116
11299
12434
12683
15707
19990
13644
13846
10702
11363
10043
18824
11828
11934
15350
10972
18319
14059
15255
19168
11880
25305
11236
14403
17521
18605
10512
10859
10273
22631
15506
20409
11844
16934
20899
18763
10259
11310
11322
16933
16161
21960
27011
12335
16100
16709
18445
10117
16545
13266
17649
19213
10215
15011
11830
17497
20828
14117
14290
20152
10300
11735
13031
15785
13524
15607
20350
15144
18942
23307
26849
13073
13672
15422
10154
18127
13001
21015
14458
15823
20778
12687
17854
18854
15831
16743
16851
18606
10830
13312
19742
11127
12850
27108
16017
10132
23444
14208
21708
27332
14957
17754
20899
12114
12520
18874
19006
19197
21143
10643
11110
14611
14610
14969
12554
18125
19653
11627
11963
24697
26928
23943
10511
12783
14689
19604
14373
18761
27331
10744
19492
24226
13391
17652
19121
21622
26887
12942
14846
19399
11600
21021
22447
11629
17016
15002
20525
23360
10375
11137
18147
10308
23267
26954
21053
10802
10810
14296
19232
27393
16703
11956
15942
20773
13902
14489
16031
10281
10960
21916
10788
10804
15243
21805
10297
11208
18823
10127
10396
19413
11852
12221
14540
17744
10819
11162
22132
10644
10706
11303
11697
16398
13532
14537
15518
10132
13777
14750
19986
20980
23598
11294
18211
20828
10588
17421
11425
13437
13556
10489
12101
19905
12644
13027
21104
24836
13288
13738
15454
27388
14143
15553
21063
23131
27250
10288
10385
13887
15319
10311
22213
18729
19419
16301
10073
10651
14418
20776
15190
27083
10295
12258
18618
12375
12636
13457
10733
11399
15523
23067
24968
10864
11278
14831
17942
10797
14632
16032
13652
18237
26583
11617
15086
26932
16232
18976
13120
12454
18014
26738
11821
14076
18045
14588
24045
26778
10414
23067
19244
10475
19427
23277
10380
25309
27153
10413
16368
22729
11369
21817
12155
13065
14521
12638
22302
23595
20399
15163
15389
15495
23456
16959
20710
19474
18072
10175
27919
19068
20387
11033
18912
19507
10822
23928
19069
27441
13252
17247
10876
16249
12926
12989
23501
13209
26225
10336
14930
18743
15986
25429
27157
18845
19878
14592
16115
27173
10822
27511
15018
15186
16622
10536
25674
14951
18083
12599
12906
11592
26925
11144
14018
10691
19643
20799
23675
10641
11750
25087
13804
16266
22077
14080
24290
19301
19532
24901
10227
12086
27335
12143
15941
20004
24915
10473
27580
18753
23811
18397
23875
10917
14701
20155
27309
16231
20603
12305
19148
16662
20090
10352
15263
16165
21422
26523
20756
27476
27553
12723
22390
10882
14163
17822
19864
14575
10685
10775
21951
22412
17263
21395
14408
21431
10149
15228
26810
10351
13662
14327
17052
17662
15374
24062
27152
21103
22157
19293
19438
13970
23455
16944
18591
14526
17471
22363
18176
24091
10216
10640
23113
11820
20017
10850
19886
13299
14606
17432
12909
12982
18592
20248
11382
23886
10316
15914
18062
12722
21016
10895
16003
10270
21720
19725
21777
10833
13210
11086
13179
17656
15381
11546
13307
24651
16988
18215
10180
10274
24789
17242
20699
15293
11378
12127
14421
27038
11262
12261
15397
19237
27920
23865
27743
12243
14175
18717
12908
23869
10274
27101
10844
18501
19599
16420
23849
12070
12782
20069
13143
18144
10771
19254
16916
13344
20120
21164
10670
11473
11039
12087
14412
10735
22648
11096
21024
11809
12945
18590
11503
12601
10594
12659
19402
16641
21794
10247
11700
17858
10294
10804
23879
10271
21025
23962
25021
11313
15053
19947
15609
18672
18010
23277
10350
17297
21681
11853
16224
18958
20717
17895
27447
22075
15382
16296
10376
10500
17282
23408
11662
11690
24765
13246
16297
16356
10349
12126
19108
19259
17039
17642
13823
23656
12715
13212
17635
12716
21726
23920
27363
25366
11072
15290
13260
17639
14860
18510
27185
10232
11301
16035
19134
12433
14668
27334
13314
16728
19167
15595
23020
27410
12885
27221
18691
19394
26920
18890
27697
14281
15007
17686
11225
14613
16283
27746
22021
22808
26881
22430
12154
18346
10381
10411
22384
14259
17027
21252
10649
16865
10659
14360
18713
14070
16391
11684
11738
23547
16655
24089
10742
10931
10816
16963
19137
11410
13727
15844
16088
20313
10350
18235
18308
26584
27614
12329
15271
20534
21190
18575
26751
10317
10483
11018
11129
13522
16933
27907
10571
12664
12803
27246
13865
22068
12441
27612
13154
13231
12904
25523
11481
14956
23493
11836
19280
16896
23256
24719
10894
14580
16211
17352
25407
16585
17501
15600
23634
22770
25166
11887
20740
19190
20189
12785
12820
13264
14459
23515
27180
10972
17863
16150
22115
10960
14471
18151
11381
14113
18405
12167
13076
16245
19838
11980
18426
20079
20515
12774
11078
23985
27338
10385
15390
18082
25365
12211
14092
14612
10946
13921
16365
17088
22753
14422
15958
20476
15346
19487
10604
12833
19783
10779
13238
14171
22166
15693
20407
25483
11735
20149
20600
12344
22104
10793
20513
11342
13226
17820
12477
15962
27756
12019
15509
17103
13328
14522
15865
23227
14355
11323
11769
13641
16486
24069
12917
12964
24945
11139
13541
19662
11081
11389
21359
25354
27147
10587
18062
10483
11596
15308
23218
12644
17831
12383
16677
27103
10506
18604
10777
16179
22296
13338
24726
12812
24608
10462
16719
18442
11785
12913
13806
11869
14733
16802
19633
23530
27350
13152
15474
26112
12103
14472
23463
12333
15084
15099
12502
22387
14616
17235
11716
15805
11817
14477
10950
19391
27704
11594
16705
22703
10515
15133
11083
14927
19980
14543
26650
11202
13753
23262
27161
12941
20084
13309
16685
18095
15207
20507
11627
11963
19135
10361
14988
15687
11995
27754
11994
12910
10583
13680
14552
11543
13208
20515
27414
12477
17880
24226
27755
11353
13738
12304
14655
24122
12791
13637
13837
18170
19108
27127
11203
13379
20896
21093
11041
11241
22941
13062
13249
16062
22361
12565
20039
27307
13515
17258
23153
27125
11632
19533
20126
10403
15692
27529
14939
24215
11038
23282
25913
20665
21606
11986
13583
10500
25042
10781
16957
13057
13866
18592
16216
18221
11839
23426
27154
10411
24484
10464
11246
15409
20823
15248
18091
13047
13600
16578
16184
17092
10476
12259
14007
11158
13426
13779
16587
15211
27761
11061
11804
12461
13172
13722
17406
19952
16941
11745
12009
12219
15584
26515
18763
21475
23382
13215
17326
24294
12909
18958
20465
15303
16804
15835
20928
23851
18254
14549
18728
11904
16280
17379
18057
12322
14972
16482
19202
21641
10879
13703
17193
22096
11414
13662
23066
12157
13377
21539
11321
11883
12662
13110
21508
12547
13085
21736
17270
19814
21543
21865
14527
19049
13234
13786
17223
23743
14582
10928
18543
27769
11165
15726
12321
15530
20565
16566
16898
18161
21138
12604
15242
15438
10807
12605
14200
27309
11748
23784
12582
15000
15138
11009
15847
21624
21724
12084
15943
21536
16450
17127
17855
18565
10477
24834
27760
10910
11400
16383
16908
14082
20866
17383
18334
12613
21971
10682
14430
21266
24290
10958
25036
11652
11285
12837
11239
14330
26666
14450
23713
14558
11477
13361
10538
10883
12269
13851
20995
12626
14451
27096
17055
23960
11885
20423
22357
14718
17955
21196
21930
11070
12800
14533
14302
21653
24603
20095
27202
10975
12235
16438
21672
20049
11489
16847
17946
27005
11247
12600
15223
16005
20142
15573
16521
13849
22079
26812
23028
27103
23246
23565
14788
16699
17550
18586
27758
12156
13107
17118
10522
15592
23754
27478
11198
19582
13586
16413
11055
11636
14792
14852
16617
11290
11927
13755
14691
12302
12539
14117
17999
12396
20850
15572
10955
13597
15800
11376
11667
16478
13317
21213
13146
15287
16887
15550
15624
20337
22313
11496
18228
27502
12183
15972
11244
13320
19668
12501
12562
14092
14694
11362
24329
27813
14336
17366
10689
17312
10572
11407
12916
10685
13129
18498
27342
15760
19992
23604
27724
12810
13442
18252
10853
19632
22265
11156
23111
13718
12240
21223
27609
11872
14629
16541
22072
10853
12568
15029
10997
12923
21123
23632
25198
18732
22438
15246
18223
19654
22080
13797
15813
18191
24936
12173
17060
25284
10790
26582
11441
13742
16139
12083
12526
13327
13363
11812
15051
15791
11197
23818
10560
11140
14757
12529
18138
19067
24551
25006
14006
14586
26076
17870
22043
26029
27083
11188
20908
11180
12345
19439
15375
20148
16231
20134
20808
12393
19181
14289
14378
15580
26952
16338
20700
24170
12449
24389
12954
16528
23987
13132
22247
12754
22261
11011
15502
12854
16633
19130
25366
12978
19867
19803
26907
27218
24358
27406
11065
14834
17111
12128
13457
14760
13957
17605
11959
13543
27213
11128
17435
11081
11150
11389
18180
19730
13301
25844
14045
17241
10631
11134
20511
22398
13782
20238
11052
17219
23918
11580
24198
19323
22687
12541
13175
22980
12916
16776
10618
18658
11109
12099
15128
14528
18772
19281
13142
13526
27457
16555
17701
19728
10910
11541
14652
11202
22366
10629
10737
16339
14058
14185
15702
12591
15930
19171
14763
16628
23650
27185
14279
23095
15737
16653
21594
10774
17478
13223
14539
15675
19007
12631
15715
18843
24811
24600
14373
17004
21923
17398
22329
18594
22857
27456
10818
16647
21839
20138
20255
17770
19756
27684
11298
11552
19803
22982
13390
14085
16012
18468
24178
12948
14559
18618
16342
17762
12768
13797
14739
11664
14335
14014
14233
22461
23711
19139
21573
12138
12289
12537
13362
20068
12017
12988
26889
24346
12120
22901
18145
23118
26749
11647
16660
17811
18680
24906
11211
13164
23417
26838
13566
18491
19923
15467
19919
21264
13497
17523
17737
11926
14923
15653
20933
14582
15748
11984
16163
13085
14510
18239
14933
21906
12218
13436
19052
12497
24002
12489
12404
12680
15267
10997
12923
15686
18955
17502
18432
15949
22163
12149
15404
17675
14659
14666
11487
21274
11183
12263
12549
13321
17320
21871
26706
12931
27150
18419
19969
12273
17099
18141
11178
17108
22383
14075
15995
10944
19085
24644
15792
23296
13613
24580
11457
11822
12095
14715
15338
10941
13464
21335
14154
15553
10976
15989
20607
26897
13489
15028
15707
12030
22632
27804
13802
16050
19120
18575
27546
12107
13875
21997
23642
18870
27327
18198
12108
19047
11059
14289
18215
19864
21637
14387
22112
24293
15344
27660
27675
18892
19186
26440
12606
14848
11615
13977
22798
11540
11651
13150
11240
14029
22254
26686
13269
27343
12849
17570
11605
15482
16295
14771
15062
16287
22067
26871
12573
16988
12740
20055
14615
24657
13494
16282
13020
24013
27855
10858
11336
11984
21246
24072
25753
12368
16483
23383
26808
17920
22060
27292
10721
11363
11569
15905
19749
12586
20709
11625
13172
14491
21274
11097
20874
23787
26920
10970
11732
18820
22013
13624
15153
16518
15988
16465
18852
14151
11792
15431
15786
13441
12669
15558
10925
12919
11461
11694
16370
18406
15026
19693
10977
13948
20893
11569
25416
16205
18323
20665
27369
14630
19798
25253
11109
11315
14882
18955
12918
22645
27145
11083
26668
12566
15210
27434
11373
12033
21612
14611
16729
20284
13025
26774
13035
23059
25501
17500
17625
19193
11631
10913
17030
17539
19961
13842
22820
16277
16324
13913
16449
25217
11397
11498
19189
12541
22701
11123
24321
11169
14184
17408
17752
12259
14788
20283
11886
14445
17834
18558
11880
20422
11007
13101
18418
27110
11969
17547
17573
15264
15863
16747
11336
12145
12838
11539
16866
27696
25540
11536
12047
12483
11727
18284
18105
18560
26604
11285
14490
21250
21604
11663
13557
12026
12039
14568
14731
12494
21948
27187
14817
15035
15380
10990
11638
14380
10780
23513
13269
19997
24308
11093
22593
25128
13584
15670
11581
16168
23166
24095
12496
13933
19995
15021
15414
19707
20626
12917
17125
21899
11038
19284
25015
11764
11912
11589
14372
15657
17413
19691
13590
13906
26828
27500
14401
16206
16397
23154
12397
14908
18609
13053
11318
13046
13412
15153
17332
20391
11790
20788
23776
10883
12269
12585
18508
11866
24123
26965
12900
20506
22250
13153
17886
15346
19691
11464
12583
27388
11488
15183
23142
13134
15508
10992
14756
21251
12272
12549
13453
11939
15342
18458
10986
12270
17059
27246
27317
11725
15152
13219
15177
17008
19495
21128
11605
16248
23592
15536
18933
11980
19816
23659
11069
13813
22134
18290
10989
14190
11755
19624
22089
10938
12733
19022
12738
12351
12870
20756
14367
18740
14046
11451
19010
11231
16931
20500
14480
22297
10981
12742
16804
19102
11558
13239
24161
12935
13967
27244
11850
16414
16904
27108
18946
11689
15489
19429
27300
21133
13821
27703
12561
14232
17669
24671
26956
16239
15456
21698
14752
14918
16733
24003
25312
15655
18519
15593
16929
21236
11085
12978
17227
21431
14836
16827
12297
13852
11194
11810
14516
15679
27722
18952
17131
22413
27291
13037
13250
16572
10901
16059
16735
17007
13905
15506
22169
12897
16188
18902
11190
12092
15489
19613
19827
23559
22721
11438
19291
12452
14010
20068
11271
13490
14521
15060
17272
22019
23033
13547
20194
18415
11016
19295
25118
19089
26693
11469
11654
14854
27326
17648
15265
15372
14024
14163
15919
16057
16313
27359
11643
13298
15668
11621
11730
24687
16335
23152
11340
15889
19430
18289
19311
11435
17505
17176
19344
24107
13048
15089
20099
13841
24255
18866
19710
20952
26566
23731
24947
13162
17478
12834
16468
18168
12439
22574
26518
11913
15118
21828
11102
11734
13038
17248
20941
15917
20750
14752
19417
20934
12378
16089
20995
12193
12822
18594
19503
24130
14157
15238
11909
21429
25450
13424
18253
21558
22860
11159
14993
20898
23120
27566
12192
23382
15168
22002
25108
12896
14756
11604
11671
12121
10967
12027
22663
17698
18107
14836
18112
18698
21578
14404
19346
21785
12919
15821
23021
14181
15193
11682
19528
11881
16775
18769
12846
23217
20269
18924
24367
11691
15888
15309
20123
16292
13084
19235
17058
13125
22300
12380
14126
23338
11859
15449
18945
13118
16613
11339
18812
22206
19393
13487
20372
16872
26676
14283
17088
22279
26960
15164
24260
11140
13486
17902
17941
12738
14201
17604
11869
17399
21674
13597
20359
14315
14401
18008
11366
11816
13292
15886
17485
14643
22730
27268
15125
16552
12710
15629
11372
14255
12913
13114
13724
16166
11066
13654
14557
15049
11874
15291
13721
14690
17188
13795
14786
20948
18919
12618
15950
24762
14882
18955
12364
14475
17835
12459
12836
19713
22298
12937
15662
17705
11923
17418
23887
26990
23348
19326
22334
15439
19709
11890
12333
12907
27593
15212
15714
16701
22856
11346
16874
19128
23864
20789
19531
22175
11531
20725
13492
19240
15262
24058
14325
14855
15450
11235
17219
17997
13953
13651
13342
15050
14256
15410
17412
19640
12179
14466
27503
13743
21979
24759
27109
24251
12056
13633
21561
14427
15502
14398
27130
11762
15123
15405
18184
17950
18632
11250
23111
21357
24190
11129
16980
19740
12282
20069
12652
13844
17985
12429
18771
23226
12671
23388
11875
12216
12990
17516
12070
24106
11189
12658
13129
27624
11067
13086
15641
12189
22752
14815
17260
26877
12033
11157
13477
19591
20883
23275
25480
14522
20282
17460
23359
11206
12016
14338
26358
24244
15393
19035
19223
14313
14931
18189
18227
11529
16013
25231
13246
15204
11549
14511
17184
11349
18684
21531
23454
25478
26899
12788
13195
18263
21588
23212
14595
16178
21537
15391
11788
12310
22984
11994
17796
22531
11748
13631
21196
21466
27304
11568
22540
23295
13623
12106
24740
27230
12196
14679
21905
13364
23366
24220
16311
17074
25528
13170
18205
13130
13326
22733
14761
17700
20012
12762
21522
18398
23838
11530
25624
22076
23127
11180
23609
21639
26697
11261
21360
23012
11207
14910
16930
18021
12466
13074
15149
24245
11783
24928
14050
16004
16840
22248
25238
11942
17378
23172
27439
14596
15001
18678
18799
22763
24474
23148
25412
13753
20096
12003
19297
21333
12753
20297
20342
16710
19035
25415
21241
13867
16430
13340
24901
11446
14334
13912
18229
24870
26919
12645
16798
25949
26942
20566
17179
23847
15910
21629
11734
12571
20610
13747
13954
12044
13979
24567
14240
17039
11921
16218
17326
17552
12224
19967
14962
16758
23078
12304
17611
23573
12492
19890
20128
27665
11799
13958
14107
15570
17506
22481
18389
19107
24182
12024
12719
22943
16922
23504
17130
17139
24152
25610
14406
22378
11747
25114
12325
17518
21105
25333
27107
11140
12155
13065
11367
15671
11937
15851
22077
11305
12345
16533
27493
18107
18557
27438
11939
12440
22250
12876
13436
11541
11597
24126
13130
17990
21545
17279
19719
13419
16345
18715
15029
11809
17056
12019
22746
24180
11959
12061
20421
27679
12458
20634
11433
12796
13542
17149
25233
26923
18887
13444
17448
20736
21648
19663
18365
21344
14614
11766
14474
27057
19615
21029
12465
11950
11811
12859
25676
13890
21031
16604
18461
19939
16474
17283
27378
14053
23276
20982
11686
18935
12020
18788
22935
24126
11466
12021
13432
16480
11678
16358
25329
15465
15565
20719
12882
27019
12150
12422
15738
12037
14142
15441
16247
13529
19538
21373
13341
22196
27523
11179
11580
14030
17834
19711
26552
11226
14765
18520
11954
14076
17725
11580
14913
14945
21762
11559
18415
18529
11930
23701
11743
12653
20812
21203
19495
21403
24931
15764
13185
17977
14436
19252
11383
13884
24885
16917
12540
21560
11414
12505
23128
12143
16377
20310
11961
12865
15547
15308
17057
20415
22028
25079
15115
23102
11684
23547
11355
11611
11630
14526
11669
18724
24238
16845
16613
22248
13378
14300
21962
12421
14687
16823
14487
17437
11466
13690
27746
19546
25010
16135
11693
17356
18634
21769
18424
20617
22412
11269
11545
14983
11657
14481
17065
11836
14385
17079
21529
17055
17237
24230
23193
13192
17781
12522
17626
23525
27404
12149
12678
27393
27602
18245
19977
21425
11300
12933
15041
17082
20247
20504
12538
16192
19776
12899
13272
13698
16046
18842
27080
11652
16285
21429
11500
19945
13210
22522
20203
23381
27164
15636
11355
15631
16023
17378
20470
18344
11256
11544
12450
19976
17744
23891
12721
14330
13799
26773
14573
23180
21106
14057
22381
25180
12502
14728
21241
21013
22844
11253
12932
17914
21255
13203
19561
12008
27729
11702
20658
20796
14556
14950
14498
21252
21596
11500
13813
11263
11639
21193
14463
12290
17691
11628
17846
22172
20925
21201
22291
11801
11952
15162
21985
22814
18534
27560
12051
13015
13845
23639
13105
21022
22979
11732
11871
18856
22541
13638
22796
13120
13202
15313
11752
18072
17728
12365
14232
18909
14998
16917
20891
13301
20611
21771
14939
15322
16173
19733
20695
27136
14866
24381
12055
15793
16831
21176
21317
12940
15159
16352
15926
17681
14622
20195
17546
26731
18786
14342
15592
16944
11613
11958
18394
21916
11297
21764
14140
19368
14813
16091
14759
17449
17658
11311
12392
14279
17556
23903
11830
13758
11964
14429
24594
19204
25235
12300
12315
12434
20806
18758
12885
21977
22897
14069
13743
27608
12590
17888
12765
20545
21689
11607
13060
15901
21971
13042
13176
16066
13704
21182
11322
11960
12392
13182
12317
19361
15523
21464
11736
17109
19898
15479
22159
19861
12558
12617
13826
27431
11463
18220
16165
16260
23601
26522
11744
12654
27674
12430
13280
15942
16386
17503
25648
27052
12453
15501
12485
24105
14152
26818
27507
11511
12125
12160
20371
14610
16211
12072
12866
16400
11879
20016
11895
16803
13324
18387
19277
13840
12546
12952
23275
17890
19430
12378
26041
11783
15213
13247
13661
16293
12795
15810
21034
19859
21920
18325
21658
11688
17368
26883
24326
13028
22796
11913
13295
14714
15940
14858
17918
20703
12037
12752
17465
20558
23638
11630
15481
15152
21335
18239
18764
15386
16116
18953
14877
15918
19299
16584
18266
14085
20888
14881
15379
14246
22564
19054
17782
20504
25323
11979
17363
20481
18234
13893
16810
15319
11559
20505
11492
11675
13229
19242
13472
13971
25545
16623
18098
25014
13984
16622
16876
13692
16843
15596
16550
17640
13822
12808
22546
20294
27358
14258
11505
27584
17746
19450
12161
12184
19094
22696
13771
15667
16334
11805
11842
13310
16644
18329
24642
27261
25885
27784
11560
22763
25844
13821
20779
11651
13150
20238
16044
16461
13475
13834
14493
12822
23330
11498
14320
17881
12036
12832
19055
21806
14510
17935
12374
14157
16410
18578
11616
12862
16740
27650
13092
19970
15906
11431
21885
24756
14134
14587
22419
13999
14513
14721
19758
11956
12178
13740
17240
22872
16401
17759
19973
11723
11907
17181
19827
13194
13243
14409
18572
16881
22029
12702
15107
17596
27031
12800
13702
12000
17708
24131
19657
25900
11430
16242
17087
20007
12834
16468
17202
19300
13437
17179
19509
12386
12400
15375
27482
11887
12823
13872
21724
26703
19381
27453
19852
11844
23302
18684
24534
11670
14069
14428
16250
15807
27438
12676
12947
13173
12278
14035
17921
13117
19110
23303
14804
20890
27694
27792
14747
20896
22252
11997
12922
14738
17359
14236
18361
23670
24109
18838
26784
12415
22776
17965
18125
18159
11868
23506
16687
13299
25016
24279
27294
12626
13601
19116
13130
15860
16920
19538
19324
11538
16768
17328
27815
12698
19902
27243
24317
17488
23400
17864
19215
21287
12384
20236
11831
16374
24497
24588
14975
17556
13643
22806
12552
24825
11655
14018
27673
16695
19382
25871
17511
18073
22949
20313
16154
26887
13606
21079
22549
13204
15842
16092
17908
14720
19046
14576
22821
12718
20975
22092
11938
15361
22779
13539
17113
21813
12137
24564
27608
13461
17893
13191
18111
21427
11554
14888
11756
18994
11675
15521
16214
15221
18705
13266
15010
15227
17389
18582
27501
11840
16373
18816
21867
23815
15965
18055
12754
22515
11921
14434
12951
19043
25038
17822
18152
27585
12413
23250
26371
11551
24660
26975
12536
17336
27907
17481
21041
11718
16007
17180
15205
19613
12506
21954
13665
24224
12685
14609
13659
13961
21024
25408
13927
14799
12157
13377
14020
13169
12207
14288
16878
21552
17980
18566
15194
15851
26890
13973
19324
11698
14314
17724
11992
17795
12144
20484
14593
24621
24116
12358
12648
27353
27401
12802
14934
18356
26745
13051
16828
16856
11815
15615
21081
13375
14186
24858
15270
15739
17147
12643
16230
24581
12945
21023
16312
22929
27914
11690
11624
12152
16497
12988
14607
27200
12715
14628
11616
13717
20859
27651
16546
17740
13078
14165
18430
24285
12300
18262
11650
17065
18652
19146
14666
19661
22063
13540
22625
14039
14417
18753
19330
19879
24119
14249
19667
12737
13696
11594
12879
13108
13330
16913
11660
17894
20713
12188
11609
11646
12489
22248
13007
18583
21015
11667
13692
24714
11757
15419
12034
20251
12175
20300
13321
13329
18990
20724
12487
19675
21012
17170
19129
22367
12837
20241
25284
21597
20884
22227
13695
13765
26719
12926
23961
13951
22245
12452
24748
25447
13454
16164
19489
27486
12853
15782
13217
19051
23623
20380
12349
24882
14006
23151
11914
22801
22383
12220
16908
17218
13753
15453
26661
26750
20370
27885
12238
19398
23203
13545
17006
20843
11671
14189
20926
23936
13361
27540
15301
16670
12347
17830
19574
14130
14526
23265
15969
12493
21209
27191
12931
13055
14371
12263
13645
20778
12436
21512
23425
26931
14834
17111
17617
14856
18751
26851
12714
13350
13764
13133
13478
15779
24673
17706
16497
18688
20519
12792
20314
27469
22348
12183
17305
17767
19494
12831
23288
12223
17850
20344
21601
24606
27201
14171
23220
11994
16551
17469
12407
14039
12051
12086
17708
22671
24800
24889
12814
16253
21842
12313
18424
19336
27246
13321
23110
12955
16608
20090
26907
11760
24243
18296
22129
13566
24804
13367
14326
27327
12779
22760
27672
13098
16911
13579
12059
12436
12503
12559
16793
12251
23048
14164
12825
13873
24651
16513
13938
17676
18465
26568
13534
14914
16849
13716
15103
20312
13004
21606
22301
21521
20769
20696
14447
21284
14096
16514
18083
14584
17531
22056
26797
16034
17663
20160
19715
24477
12416
24891
13016
13211
22300
12355
14341
20059
20633
14087
11728
12826
14358
14984
14588
15306
26778
13040
15113
15810
15552
18524
16626
17436
27299
12825
19976
15888
24816
12283
13430
19724
12698
19757
23646
13278
15744
18838
25455
13743
16403
17724
14535
20985
27280
11738
13467
25271
12965
21881
11932
17726
19077
13203
17589
11793
12255
22658
12932
14257
27463
14179
18057
19981
20579
12728
13904
19205
26934
12993
16050
12352
14663
17764
16515
21300
12247
17729
19361
13664
17792
19062
18730
12062
12343
13014
14700
17612
16484
18348
13096
13241
18664
13918
25525
26982
11923
14784
17791
18466
16805
15341
12808
23404
24615
12510
20127
14984
19690
21127
23497
20298
13649
14641
19421
11871
13721
12147
12721
14965
22928
14245
16781
21571
22291
16145
19091
11761
20395
13128
22592
20941
25607
12529
16408
11907
12159
18466
12045
21377
12457
14772
18431
22423
16337
18858
27088
12772
19409
17085
14737
14740
12149
16780
18093
13056
12442
16681
18246
13844
13664
19671
13291
12431
13643
15690
15773
16616
18660
18710
18914
13553
15751
23274
26851
22805
14080
23379
12819
14386
17311
14120
16925
13280
14321
21994
11800
13941
16885
18855
12162
12778
14834
13621
16098
17349
16831
19707
22312
12697
13126
13749
14773
16052
27284
11786
16422
17748
12074
12523
24415
19103
27649
12554
18381
21033
18740
23591
22772
25530
12744
20050
23820
12553
18061
21673
14891
19723
24306
11827
13982
18578
17415
23712
13805
18181
19379
12805
15431
23380
15722
15146
20763
14073
15167
16823
18696
16661
16942
13232
13559
15547
25419
11952
17486
18578
12628
27607
16773
13310
14801
13045
13402
19457
12552
23450
19681
21315
11961
14620
13477
19616
22199
14465
20846
12973
16198
16436
18036
20272
12239
16982
14710
21220
20906
14170
14744
14816
19714
14212
14872
17467
18012
27713
13091
20658
12717
14261
16236
15158
19452
19551
15799
18356
26745
13982
17365
24601
18059
12275
21192
18957
18761
12783
27627
27742
11910
18627
19185
27191
13642
14030
18976
26553
13296
14438
11935
17098
22223
15344
18240
21108
12339
12213
12351
15483
15881
14455
22706
14563
15253
16158
17684
13287
21115
21557
27258
12721
22928
14432
15577
16122
13329
15264
14540
21391
13910
20439
23217
27583
25398
15407
22777
14851
18779
26930
13788
26531
14261
15976
18139
14019
15804
15907
12053
24893
12110
13735
17587
13278
13649
17639
12009
23618
16189
20072
20075
20813
13997
19572
24841
16683
21988
12695
14814
17496
18500
17563
13583
15498
12795
12990
27171
15404
13160
23524
12028
15665
15831
25482
18476
12472
16771
20557
12212
23059
12662
25322
17828
24869
15219
16376
15121
15746
11934
15370
19173
14941
27592
21595
12200
12804
13974
18599
16096
21148
20550
23317
14210
14726
12606
13218
16670
16341
16887
17390
13609
18377
20709
12759
17614
19264
24537
11964
16551
16874
18338
12284
13051
13600
13022
24061
13812
17181
16428
17419
18197
25006
18064
25216
27192
12663
19811
16260
18447
13411
13449
12090
13984
20282
12711
15347
19250
12980
14830
19224
20774
27819
12484
17367
17509
18131
23593
16218
14859
17304
17373
14924
16270
13234
21143
14150
20352
25029
24204
12821
16702
20635
14727
14808
15433
16037
16125
20974
24125
12549
13453
12442
19064
12857
13703
23555
19888
15246
16097
19576
20659
13384
13906
27335
16833
18733
26890
20884
12440
22608
12394
15369
19371
12796
14214
16440
20507
21537
12880
14164
16827
20524
25338
13915
13932
20378
21961
12689
21426
24356
20335
27393
12458
17451
23659
27673
12474
13277
23373
12927
24709
26841
27258
19151
20191
12451
20162
13244
14382
21199
12619
24084
13256
24106
12456
15634
23083
12493
18442
12061
18805
13182
20447
20726
12809
12469
20834
18388
24985
12190
13436
23161
14577
17607
14778
16153
19119
22813
13539
19194
14726
21840
18928
19877
16605
20413
13468
18679
12957
18911
22797
16503
19410
22571
12133
12206
15627
24872
26544
15886
19152
19453
22381
13974
18599
19335
13895
17377
27100
24531
25584
14968
18147
20268
12761
22585
23977
12240
13687
22048
24087
15979
17401
20338
12124
16560
15443
27840
14097
17482
16565
19901
21766
12966
13483
14079
15025
12012
13593
22826
18565
22671
17598
18241
19404
12927
16906
21783
15829
25212
14166
14748
27644
12682
24062
13489
15630
19238
12830
13907
21817
16800
21133
17210
19009
13593
19835
21661
13342
17689
19163
17102
14000
24218
24491
13618
19206
25508
15512
19564
22539
12384
12886
12046
19412
13868
16839
17969
13376
16158
21809
12039
12135
20613
15700
15815
12355
15781
16664
21676
20495
12248
12252
14150
20352
23213
13971
16454
26257
14143
27770
15537
19123
20618
18203
21944
22498
25374
13538
14119
16897
14798
16219
23904
27644
27864
27569
15365
18886
24552
12569
19145
14754
20420
13100
14167
17303
12135
12140
23816
13978
15423
20816
17110
18103
23421
21862
19608
13817
24024
12312
27511
12838
12897
24495
14818
17779
19984
17807
26530
23860
12436
16402
20192
13612
22714
19369
19928
13014
14547
15730
12816
16877
19261
12734
15145
23522
26508
15594
17682
19913
17186
17470
23106
12548
13583
14968
15498
19909
12915
19919
26752
17046
22108
14305
16556
22041
26720
12523
19791
25931
27152
13801
22851
24965
27141
14987
15198
17129
12145
12838
15793
13847
17051
12632
15955
26859
12545
15101
16184
19968
15033
13555
21059
24623
13906
21737
14303
16956
17864
12468
14244
21916
27191
20550
26967
22341
24058
24167
18360
12866
16654
21563
27749
15174
19024
15860
27712
14441
16407
21801
12504
17200
23882
14494
21205
21815
15800
19698
14084
22616
25093
22875
14330
19525
27454
12356
12556
14361
17342
26854
27229
12504
13415
13875
13199
15691
18655
12909
16589
17696
12500
13733
14520
14087
20672
13575
16019
19597
12451
18910
12679
13469
18606
20119
19508
14554
15429
17469
24115
27850
22177
23769
12578
14419
20354
15236
19947
23004
12758
13404
18366
14988
16151
21089
14421
13874
13972
17763
15660
26721
23017
21168
24411
27595
14529
13492
23188
14187
15548
17307
18875
27604
19861
12543
16360
18646
19981
21550
12850
16553
20613
19855
21818
15598
14980
18084
15761
22987
15934
24280
12275
12361
15188
16883
27752
14854
22581
21362
13798
24171
17750
14983
26856
19157
20773
15219
24873
12773
20082
19384
21847
13812
21136
12184
15733
12778
27910
13033
22754
12999
18671
16474
17455
12180
15814
17644
19944
13934
15452
23986
18506
20957
12769
15101
12176
13063
19294
27496
12563
16786
12257
16321
23958
14021
19269
22821
21501
24970
27346
17922
23997
27495
13256
19689
27504
19513
13338
19428
12390
13119
17846
12397
13701
15963
16494
15135
18743
24104
22915
14060
15251
12610
20052
20870
15298
24739
13351
21814
22399
13907
20501
24465
13786
13794
17223
24224
13558
14407
16016
13183
20816
12574
17401
20154
26152
12762
12807
19050
24033
27675
19092
22428
12774
15869
21349
12548
22017
13446
18934
18483
18549
27468
14860
19030
21082
22173
15192
21240
15869
14428
19090
13250
13384
27334
13516
27496
12348
19130
13394
13732
17731
14003
23161
16926
26597
15163
25785
12401
12428
17069
24947
14133
18063
14509
15179
20775
14723
19608
13236
20610
21805
15413
21222
16884
20972
23870
20111
22877
12983
14132
18330
12859
17924
19591
12479
15189
17835
21316
21382
17267
19061
13763
15867
13534
16842
23225
13292
23788
24861
15186
13099
17049
18057
16103
23972
18863
14945
15366
27664
20802
21927
17184
20698
27849
13337
13423
12252
15143
12438
17815
19813
27577
19296
14991
18074
20990
23186
23303
13560
24610
19361
21103
12340
23863
21937
14407
22158
13488
14535
27561
16405
19328
13357
24825
16571
23433
12521
23793
13202
13416
15833
16473
18113
16797
18696
12298
19940
26785
25577
16692
25467
12476
19136
13758
18211
13898
27482
20398
22427
13564
12816
14405
13498
14359
17507
17485
13066
18378
16328
21026
12425
12851
17114
18292
13967
16471
22056
13860
20887
12537
19071
22057
14518
23282
14631
19782
12905
13102
15569
17205
14173
17980
18474
25567
20353
26784
12307
13334
22606
26804
20252
22074
20317
20676
18688
21171
12314
12915
13817
22588
17112
12984
14098
18315
12475
13009
17888
15722
15737
16214
17493
20739
23342
12572
22685
23000
27511
13487
15114
21325
18626
25360
26653
15385
14826
15457
12726
22157
13710
16872
14363
15171
20196
20396
13418
14992
16036
23845
12457
13285
18026
17333
20743
25486
14376
15127
15426
18123
21716
24875
17426
13658
15368
15990
13548
21960
16971
18208
15098
21080
15928
19697
17369
13524
18681
23451
24166
12812
16863
13029
19023
17907
24058
20141
20659
23765
13099
17049
12394
18572
21921
14913
27494
12531
25857
27358
20443
24852
16633
17516
20389
23908
14977
15433
18116
19598
15383
17832
19504
15074
15535
22958
16641
14463
14517
13572
16353
18085
15059
16472
27352
13102
13647
17153
12782
19647
23670
12912
13723
14620
14873
17216
13641
24270
27400
12561
14034
20217
23935
12633
12901
20870
26807
17274
19460
18673
27134
27564
12444
13848
16379
12710
15899
18681
20537
21781
16410
16965
20587
14512
14752
12391
25170
17168
18853
15762
18481
20655
15112
22324
14863
15157
14066
15070
26732
16677
17892
18218
21155
12789
17483
13243
15115
14532
16075
23212
13233
17608
20552
13043
20242
21188
27330
13119
25205
15706
24582
23064
13773
21156
15277
21474
15036
14908
12405
16854
15543
19590
20148
24898
27305
13571
17441
18390
14026
14292
22717
16665
18131
22178
15994
23062
15776
19109
12441
14380
23115
25027
21119
23554
15645
20290
20376
13038
16679
17248
13617
17787
20287
18040
18092
19375
22279
26060
13262
15948
12505
13093
16221
14402
24381
13676
19100
27780
12454
18014
22895
13798
19510
24895
12844
21829
12851
13380
13507
19963
26653
12780
14548
22602
15044
20021
19502
20576
27804
12755
23304
13643
18844
25947
13513
14691
14813
15941
15969
22482
17880
18172
18282
13717
14257
15874
24973
16306
25592
19568
20327
13527
15472
22334
27613
22119
17354
22810
13640
14704
22868
19090
22637
27806
17256
21833
12829
15365
15903
14981
15616
20320
16062
21730
14592
17953
15372
20619
15132
19225
27392
22228
20060
20634
12836
15495
16504
12519
14238
19570
14679
15110
21486
16325
20855
14316
27800
13636
13700
13074
26829
13807
16367
21078
23060
15136
16837
12509
23396
12987
17568
12818
13349
16865
18162
13948
16190
20104
12740
14374
20000
13009
13089
27013
14001
25853
14049
25247
14905
15189
17421
12947
16475
19252
16404
24027
27158
15719
22352
14167
19908
12867
17094
18603
22790
14893
18831
16538
21894
16549
12969
13695
13765
21117
22458
26679
13938
14230
18489
12958
21653
12774
13504
23518
12933
15742
16291
13639
15964
20472
22160
14189
15681
20926
14840
16630
13733
17696
18851
12562
19576
21240
19668
16464
17422
20273
13094
18079
13675
24081
14674
15486
13054
13635
13988
20621
20639
18284
21117
14002
17187
18010
23277
12811
16372
12997
13060
27541
13618
17990
19694
27739
12734
15490
21564
22036
18496
16085
18652
12858
26312
13255
19242
24543
13242
15442
14451
19671
16107
16772
26688
12710
15378
24325
17833
18326
17957
20764
21124
25288
13737
14581
16147
16653
27359
16551
18860
22203
22516
22612
16862
17083
19823
27908
13365
13561
16192
19165
22940
24274
25391
27115
12946
15967
26507
16514
19442
14323
14944
21758
16176
22543
13674
21861
23876
21554
14594
20229
27710
14270
22118
13022
13689
12819
23861
15600
22911
17081
19114
22657
18794
27432
14102
17152
13280
14094
16531
15380
17098
27770
14636
15081
16814
25826
15210
18576
13427
14460
18959
23945
16492
20151
21016
21372
15476
27635
20666
21009
12893
13240
16406
12804
20338
25007
15412
19622
27416
13082
19292
18059
22780
12971
23208
15205
15821
17672
19189
22030
19093
21986
27387
27863
13586
13115
17600
23468
26862
16388
19390
12633
14102
24541
14948
16873
26682
14849
15618
19702
13653
15760
23626
17217
13169
18396
13873
14442
17146
22583
22737
13039
17510
21950
22761
16012
18190
15516
17410
19073
27125
27520
19391
13796
20342
14701
21295
23186
12904
15640
21625
13847
16499
18659
13160
16129
18874
25405
24547
27383
22022
27331
14182
12997
15779
20949
14295
18408
20023
16532
21272
19353
19555
13519
14957
25219
16427
21945
14037
25026
13583
20525
19343
20994
13790
13894
14552
19534
13185
15809
21996
15488
16586
12942
15499
17920
26634
27042
17152
12681
14560
20967
27283
13834
20093
21647
13157
14760
22609
16642
17959
26976
26658
18149
24390
12884
14673
14799
14618
16774
18167
12724
14716
23839
18088
22255
23628
20912
26333
17912
20750
13709
14484
13438
15985
12659
20445
13421
17557
13346
24641
15650
19037
20652
14145
20225
14772
14952
22888
15450
15944
20920
13549
16084
20381
23759
15202
18497
19402
13356
15389
22091
18144
19161
21177
27536
18192
14416
15847
19686
13003
14534
19998
12692
12813
13277
14603
20175
12849
13696
15140
12763
17403
18355
19606
16585
19454
26621
17522
21503
13070
18802
13173
15957
18865
15972
19480
15610
16597
27394
13469
13620
16356
16303
27754
24172
27282
15057
21308
16390
18798
20584
27531
14609
20906
22423
14665
20368
23081
13464
23750
16612
18165
20130
27606
20697
16007
20144
12960
17798
17834
17701
22940
13749
18199
18428
17042
22328
13087
13289
13602
14101
24307
18472
18583
20760
17178
27030
14067
21719
17982
21525
15310
15428
27796
12815
16632
21396
13046
18393
19443
24802
27356
19138
19785
17621
18053
19686
18382
19933
13764
15358
15562
19587
15141
17734
21455
21841
13393
21779
26967
15188
12750
15047
16090
13777
23444
14791
17415
21562
24020
17067
17628
12967
13904
25955
13551
14282
23557
15017
22738
15399
15839
17981
26596
13994
14387
22505
15685
16743
20633
15759
17758
12867
18341
21140
15232
20011
18232
17418
17429
22332
23149
20540
25277
25756
27303
24911
13965
14629
15621
16147
22026
22278
13109
25672
27446
13685
15241
23457
17206
16415
21846
20297
20430
22615
18351
16739
18939
14302
19613
21233
16263
19416
20889
20929
21136
13441
12949
13667
14598
17544
18076
16808
19188
14675
14913
14579
24584
13002
18789
18913
15592
17175
22918
15329
18529
12777
16979
18710
26914
27367
12833
12948
24136
21208
23524
13168
21044
13620
13689
14909
21902
17917
20195
25070
24021
15366
19215
27664
19909
20971
14396
14996
21114
27395
13721
14635
20463
13852
15841
13597
15446
17312
15774
14476
16546
18667
27578
17557
18766
18923
13607
18371
24564
17770
21182
16720
22089
17739
18476
15398
17574
18767
19466
23905
14658
18946
19841
14088
20654
22502
18827
21809
17525
20772
13609
18944
21738
19050
14091
17516
14026
16109
17586
23534
20462
15289
13298
21434
15794
24855
14514
14980
17805
14635
20600
22000
13755
18830
14440
23203
13885
17662
18866
14358
22262
14907
27411
12962
20529
20892
17679
27638
15242
15915
22041
23288
15537
16463
20334
22530
26810
15878
13772
15754
15904
13697
15564
13389
14497
20254
16261
21363
21419
16153
19363
20597
13663
22075
14879
23481
24187
17155
23393
27486
19276
21915
17529
23463
13538
14119
21207
19649
19739
15505
12972
17116
26533
20308
13041
17592
17113
17397
18736
24884
13197
20796
22748
24157
22566
23488
13082
13623
16411
18090
13177
13588
16977
13709
16451
13810
13253
15547
17156
27707
27750
16771
19856
14231
14462
27113
27382
16334
18660
19904
18116
23235
16438
25919
27399
16439
19334
17140
21344
21646
12893
20096
24535
13669
14812
22618
13056
15284
13969
19278
26715
16846
17932
13657
20732
14802
20116
22674
20369
22997
13586
21016
23223
14449
20758
23581
22890
24151
14283
15254
22684
24479
14839
19295
13635
13725
17290
18934
13556
16815
16182
16698
13496
15617
15892
17670
24504
26906
14756
16510
22196
20057
27085
18279
24064
23769
25382
14352
15968
17152
14594
15122
19857
19296
27705
13949
24641
15685
16573
17708
14332
16893
19810
22864
20717
22809
13521
14482
15761
19684
14891
18701
15285
21673
13822
18039
13578
26654
20251
14053
16389
27241
22070
23398
13790
14224
14634
20624
18949
23440
26958
26976
20786
21915
27628
17863
18671
16515
17618
21406
15388
16810
19848
21179
17133
24851
14008
23983
19833
16529
18435
21422
14041
16636
21047
15916
22013
24111
27429
27065
14470
15741
16681
19188
22375
21505
13511
15451
15559
18950
13018
18610
19347
22453
21245
22175
19423
22278
26506
13506
27460
19409
13568
24363
14601
14724
15732
17992
13778
15288
20033
16255
16464
19536
24477
20583
24915
13440
16685
18454
19875
25945
27119
13302
14037
14292
23749
15209
25000
13337
13423
13706
23597
20939
13580
17417
20563
24577
25686
15054
15661
14090
14722
14344
17238
22350
27353
27402
16635
24409
20913
14736
15296
17543
17560
18690
23568
19253
24643
17634
20710
20809
14869
26164
13953
19362
17388
13385
18987
23594
16131
17513
26711
13294
15513
16094
22548
14626
17442
13055
19910
22974
16038
18047
21633
13115
13558
18508
22892
14155
23324
20706
22822
14950
15107
20412
13546
22007
23391
18374
19850
21968
13095
14321
18332
18403
21269
14046
13228
14843
17138
20371
14692
17427
20467
23472
26083
14875
18789
14193
20054
20346
23346
23591
27906
14563
18738
22749
13032
14252
26859
13420
23103
27401
14476
18550
27079
27257
22640
26875
13610
18114
24368
14409
15375
13346
13877
21578
15383
18201
26858
14822
16737
22718
19406
26862
24367
19727
23251
23029
17109
21925
24392
14406
17296
20679
16124
16148
27249
27930
21037
15918
16259
19542
23003
15024
15298
27646
15785
23703
26860
19891
24345
15698
16862
17107
20724
16319
16339
13900
14507
17730
14450
21993
14297
26753
16189
20072
21060
16340
18090
15923
22253
25100
27331
15417
13216
25988
13412
13051
21421
15289
16219
22030
13562
24547
13596
13732
14588
21778
26963
27000
16305
13988
14219
19280
14098
15395
16998
19200
20886
13490
13978
15060
20748
14349
16785
17188
16465
15158
16949
22919
13249
18104
20869
16991
23953
27547
14722
13430
15717
15688
19661
13343
24046
25590
15540
24503
17913
19916
15698
17136
23321
14334
20921
21971
27251
15054
20737
16892
22433
19164
21012
14894
17915
15082
15140
27550
15711
13580
15627
18265
19097
13326
22124
27054
13341
16882
18994
14713
16861
27012
18233
17726
20717
15627
19890
19740
13415
20341
16531
13241
20169
15774
16041
22542
15022
20422
15830
15332
17247
20169
16345
18715
24331
21576
27429
17121
19748
20250
20393
18322
25318
13909
20475
13931
17489
21819
14832
18795
19568
13870
19635
27445
13188
21508
27379
13473
18421
18877
23950
14735
24704
15267
23491
23241
13860
24039
15894
20575
13464
17256
19887
13416
14850
17508
18762
16574
27688
14079
15025
21275
22300
14773
16254
17089
15904
18152
18766
14087
17746
18497
14712
15728
17423
25836
14796
24493
16279
16479
15283
16912
21370
13256
14805
24140
14798
15194
15259
16219
22628
16701
19595
21930
16096
21855
27119
22644
22347
27458
17148
24259
13335
14318
21456
15780
16017
13795
22805
13862
14446
14707
20573
15639
15266
16694
19317
14898
24175
14870
26187
24430
19958
22081
17225
19828
21890
14891
20014
14874
14899
19649
21457
23582
27324
21208
14082
23422
24887
13861
15291
25297
19750
17522
25002
13591
13963
14469
18002
17351
20134
21320
14335
16439
18129
26504
13947
16722
14095
24851
24274
27247
16029
22719
27502
13481
15708
14737
14425
17656
17299
20921
25292
21761
23677
17064
13995
15261
25646
17569
17974
23619
21693
27380
13710
14559
23597
27642
14136
21810
22843
15909
17448
16528
22646
24612
21361
21393
22929
18349
20993
24906
27091
15180
20708
14110
16188
21948
17050
17266
14971
19491
21488
18522
18746
21627
17566
17596
18386
19133
20978
27413
27913
16755
27120
20386
24037
13390
13877
15462
14005
17068
17907
25503
26849
16320
16662
20295
27207
23951
26539
14712
21545
13964
15605
13838
15999
18106
16213
16544
17160
19605
13519
14083
15012
21116
14093
20183
23666
14198
14998
23412
16509
17950
25693
15778
25164
14127
14140
14873
15293
15808
22957
17667
18434
24684
25168
21526
24642
14610
23294
14289
27921
13640
14704
13870
14545
17473
21901
13410
19787
22902
16901
16932
15442
18429
21927
16746
17108
20194
13574
19500
19621
18464
23629
14605
15224
14052
23713
27444
16537
18300
20068
15688
23495
14091
17156
22921
14388
22863
23979
25099
27403
15254
22059
22910
15525
20614
18314
20618
25264
13476
17639
19245
19002
15291
16418
13451
14809
14084
14459
15975
15614
27000
14846
21939
15963
17158
23608
15027
20574
22904
13484
15447
15919
19141
13698
15330
16273
18196
26876
15399
15784
24008
18071
27751
15639
16491
21093
22968
16801
17842
15970
19475
23574
14094
14003
20035
21326
13472
13551
13683
20375
13352
21319
17665
18911
25492
14772
17095
13558
18665
26725
13318
16947
13382
19927
14144
14515
18608
15419
22756
21020
21060
14236
17485
13761
19305
22878
18252
20286
14418
19857
23221
27620
24081
15609
15928
16529
24973
13660
14096
27192
27736
17524
21087
13724
22236
15123
20572
15474
24055
14607
22625
23286
21135
20496
23894
13533
23708
14367
21598
19370
27313
17091
21128
16618
16627
19479
22402
14251
14120
14728
18226
14221
18093
19355
23778
14129
19790
20358
25618
17081
19227
25018
15033
15629
14480
14808
15510
14832
16935
17688
24166
16208
17035
13991
16053
17370
19366
25039
26014
25047
16217
19571
22660
21572
22472
16655
17047
24019
13742
20510
15282
16510
25607
18480
25497
25270
20960
27590
15327
20661
17215
14514
15275
17972
20448
14440
17719
18030
15859
24768
27440
22641
14935
16228
18625
20899
21462
16675
18189
17624
14309
16375
15837
16079
17067
13815
27497
13803
14887
16537
15378
18224
24880
27354
13561
14562
17255
21288
21819
25383
24999
27052
16417
18718
15857
20825
14007
20820
18099
24569
16652
18986
24223
15220
15332
19623
15004
18414
22928
21377
20242
18879
22389
23884
14678
18537
21625
22704
19972
22343
16393
22318
13787
13886
15652
19605
16915
17996
19071
13434
15020
18431
13889
14468
16580
16159
19407
20549
13757
19672
16625
26146
17234
18269
13947
15975
16722
20600
19403
22922
18624
18685
21567
16945
27663
17432
14426
21719
14302
15693
14848
15137
20668
14308
15729
21432
21033
23564
14553
18346
24719
16168
23055
26904
13449
20054
21992
24944
15892
22065
15460
22006
24584
21509
14122
20690
17630
19262
14492
16003
14272
15589
21530
15154
21233
24687
22929
22970
18250
13924
15355
16694
13890
25153
14314
15347
13863
15337
16010
13922
15195
21594
14961
15877
24733
26901
13690
13736
14311
17393
14497
14871
15427
18437
18777
13543
21829
22986
15806
16652
16824
18455
13834
17586
21595
14010
14054
16458
19772
22705
13800
17800
20455
13481
14288
20370
23388
24971
14850
18132
24780
20002
23253
13775
15327
21355
18948
19283
21393
13465
22059
22493
16309
19687
20771
13959
14733
15023
20541
13874
15181
13650
15145
19674
24018
21360
21791
18224
13899
19921
15616
16204
20023
13914
16789
16808
14544
14262
25436
26585
22026
20973
18510
18679
20718
19956
27436
14264
19009
19356
20803
23462
13814
21612
18307
18809
22884
14012
19454
27265
18252
13499
19245
15880
15920
24266
24507
27540
13668
20625
22555
15007
16401
17364
13588
20701
15978
18603
14090
25085
15447
17249
24275
20490
19085
16381
26802
18930
19862
16180
18909
15335
24930
26569
26571
16870
18146
13827
15591
16282
14456
16561
27569
15617
23403
17756
22620
27537
15071
15531
16390
18853
14458
23876
18818
19943
21297
24350
14204
24236
15869
15925
20115
14121
17116
18399
27260
16215
27459
18626
18879
18514
20306
13681
20258
17456
24192
21934
25304
18193
18223
19080
20449
16991
22295
18267
18650
13973
20762
13791
16914
20324
15648
27237
14586
16213
19605
14105
14505
22047
20940
13859
15342
17068
17570
18739
22466
14269
16667
27662
20851
17931
24764
17680
22005
17585
18148
20415
23877
24035
14104
15161
17774
22785
18175
19608
25362
20100
14865
16956
17864
14214
15635
23931
18805
13560
23722
24154
23553
26708
15671
16065
19925
13731
16177
27010
19310
22595
15046
17418
14359
17750
17813
16792
18198
15141
15748
23931
14787
21059
27360
14407
15764
17284
22071
13700
20856
16453
18077
18318
14688
20418
21389
14106
16581
17888
27659
18141
26993
13667
22556
14694
17921
13704
19524
25174
13727
15044
16097
15681
18923
15558
23883
16895
17804
13754
15629
16601
19919
21480
21044
19970
15055
24810
17386
13648
15230
16222
14902
17086
21684
20218
13723
14891
15654
20051
20192
13876
14495
21225
15097
18024
24276
13862
14911
22616
14250
16636
21047
14639
16638
17686
22916
27661
14307
15018
17817
13750
15374
25931
17947
17534
24909
14664
14994
17209
17738
18561
17690
25570
22792
27717
17215
20766
13752
15043
15801
23828
21688
27367
27748
13970
27277
14473
15200
13936
20784
15551
16610
24388
18438
23737
14989
16392
25049
25559
26742
15439
16163
27615
16796
17936
15620
23623
14487
27641
24048
16356
16968
16291
17650
17337
20071
24001
17762
16351
21331
15742
16021
21228
14470
23481
15557
15812
22395
14759
24416
14079
14722
15799
26744
14520
15295
21292
22454
16009
16257
18089
14987
18614
19984
13838
17382
18106
19059
14147
23687
13668
19779
20915
22297
25305
26839
13848
22440
15942
14955
14273
26166
15412
17153
20963
26232
18425
20020
21963
27286
21082
27390
19982
17794
25542
14561
17449
21320
15854
15965
21099
27367
14149
18182
19449
19972
22343
15896
19637
19959
13695
13961
26718
21386
15300
19198
16671
23291
22575
23859
26782
16183
17735
20969
27087
21522
13693
14812
26915
13719
15005
15703
20159
22952
17136
19144
13845
14310
15607
18570
14259
23795
14265
15626
27779
13870
15424
19635
21387
13948
14198
20863
18596
19183
20440
14415
21206
19864
13814
20910
14928
15714
17399
15721
25415
14111
15564
15989
16123
18490
15464
18771
16968
18651
14613
14619
13983
17107
17235
27790
24831
22555
13944
17818
19185
15082
15597
14676
15142
15409
17637
19024
16437
16554
13803
14671
16903
18679
17193
17726
25579
25798
14114
15430
27642
19859
23155
17606
22434
13774
14125
19972
26677
23309
27416
22899
17444
17968
17983
19717
14942
18784
22363
15081
21897
27925
14689
18024
24792
13850
16206
23798
16767
18129
19518
16258
16166
14147
18096
18928
14605
18801
14513
15452
24614
14611
15063
20493
16296
16910
14349
21190
27008
21690
25759
24993
14029
14391
18849
24063
14160
15807
18653
14311
14698
16030
14926
16451
23766
17766
13751
21799
24705
13969
17856
14747
25779
16239
14519
16376
18927
20823
14467
17871
24541
21807
22411
14588
17571
18935
14780
19677
17965
21033
23987
24316
15314
27668
19586
27826
24164
18957
15902
22611
16094
19239
19743
24854
15867
16509
18367
15712
16169
15725
14849
24164
27098
14197
16535
25482
22352
21746
20086
21851
14183
23580
15676
16735
23886
18373
22404
15327
18941
14886
21959
23286
13903
15288
17821
16146
14503
18234
14437
20203
18392
25215
27804
14210
20838
14346
14141
14124
20680
27425
13894
14634
14083
15973
22590
13826
14295
15861
20460
14106
17357
20049
18401
22449
20135
23716
21859
16982
22254
18260
23570
23732
14943
17572
17530
20216
19779
22121
22441
14270
21705
24009
17254
17293
23420
25793
13939
14878
16233
23353
15834
17012
14390
18972
20894
23121
19526
24711
14755
18782
19345
24336
23657
24794
18885
17977
19565
24066
14332
18853
22639
19477
14339
18119
18336
19338
26093
13850
14271
15591
21695
24305
17728
14148
14278
15960
17754
20907
27147
15423
18221
23134
14074
23978
21075
22644
24649
14218
14017
16858
17309
21791
19984
23317
18170
22486
23516
22312
23604
14596
22510
17633
20057
14580
18568
25218
17678
17714
20041
22902
14877
14273
27533
17666
15243
21768
18767
20862
22355
21379
16938
19251
17475
18890
25306
20583
23974
18154
18360
21267
14889
15790
14154
18719
23655
15472
19549
19745
23222
14810
19594
24635
15571
16536
14902
17181
19942
19507
20886
26980
16430
22033
17138
24004
15895
22163
24238
13885
14100
17272
17893
21741
18412
23668
14495
20091
17786
20507
14126
20070
15578
19187
21666
14904
20278
15923
16750
23057
24465
14489
25904
27405
27676
14539
19450
20531
19938
23336
14346
23629
24730
13972
23805
21696
25592
24571
15050
15519
14685
15956
17395
15689
18445
23072
27920
14589
15120
27884
14670
15937
24080
25397
27481
20617
26837
17350
15775
18224
23013
16300
21478
22666
24435
15097
15242
14484
23724
26698
24605
16224
23231
14861
19105
21134
15061
22122
22764
16446
16916
16195
17694
18288
16223
16585
14240
21266
24647
25920
18310
19396
14483
18375
16365
18301
19269
14687
15444
17220
17344
16536
17002
16303
16350
17127
22691
14799
18077
21395
14276
20694
21790
24521
20374
22783
17742
22174
23007
18777
21710
24986
18448
26834
20185
27370
15980
18041
19957
14413
14368
20648
14024
15440
17291
17818
22418
14570
27420
18627
21159
18290
19430
14078
15555
15890
23673
23119
23821
15640
25523
15626
16106
18214
20560
16973
18028
18209
21171
23803
16136
16919
17871
20142
14072
15685
16573
14059
18299
22211
20818
14011
13962
17166
22388
16251
18524
17398
18825
19633
14459
14469
14730
14892
25234
14999
17521
22399
23852
19479
18350
18680
26715
24336
14375
14897
20799
19233
27752
17164
17508
21120
27640
15008
19328
21475
16180
22781
20856
14915
17293
21747
14092
14694
22270
27302
22247
21243
27789
23278
22537
15069
15648
22153
14441
15170
19148
20092
20363
14197
20018
20580
27332
16487
22670
24222
22057
22759
15145
23672
16103
25525
18078
22229
16691
21424
23346
19108
18331
18374
23441
14566
17880
22535
15816
19641
20792
17580
14064
14946
25257
16530
21323
21549
22258
21519
14388
20172
18202
18581
21357
18143
18200
14778
16545
14527
15695
16517
19756
17466
25604
20589
16845
20096
18328
21234
22499
15042
27414
15104
14289
14576
24944
15226
15562
19550
14244
19185
16549
18060
15359
20286
16813
19229
19957
20107
14391
26686
23605
15235
16333
17366
15041
17325
18411
21450
14521
15380
25040
14415
16600
17203
18611
23749
14288
20048
14061
17029
22529
24821
14681
14827
17259
17462
18180
22264
18343
19885
20288
19449
15767
23327
15349
15769
16602
15760
24688
15124
27033
14979
15348
16660
21858
20442
22967
17908
20199
15569
18450
14559
19409
14392
24232
25111
14344
20898
25761
20891
22804
22429
14801
15463
22939
14946
22443
18248
20821
25744
27700
19192
18013
23382
25470
16391
22870
16027
16199
15373
16132
16237
27174
22327
24757
27403
19400
23737
16409
22445
24761
19648
15129
17333
18051
20674
14570
21830
18726
19677
20463
17688
14778
15736
27658
14934
15555
20986
14662
15321
15966
17593
18099
24865
15649
18178
14309
14354
22008
17088
21055
22668
14883
15112
17482
17173
19954
21007
26711
15700
15815
17272
19974
27716
17422
18990
14633
15087
23897
14784
15325
19282
16726
24017
15547
20594
14357
14967
16936
16195
18357
20522
27738
15925
18841
26600
15223
23756
27589
14699
22236
21889
18980
19822
27643
16358
20662
20938
21392
16266
16336
18915
16191
27646
18882
14267
21793
18359
18815
14369
16305
21028
21854
19537
25001
27426
14484
20058
14620
16779
14223
26659
15803
15481
20207
21076
15416
19836
14958
16246
16650
18000
24611
21154
26846
16847
22049
21277
19075
19871
24044
14867
16212
17138
24965
17465
25032
15100
25332
14188
16949
19459
21812
24589
14278
25513
18471
19214
20262
16583
21736
22372
27513
21179
15075
17721
19584
20153
19820
21946
14787
15329
19881
14312
14711
18025
19406
16225
19464
17598
21004
22562
14763
15229
20387
27613
15900
18029
20215
20809
14223
14558
16976
17438
20432
18349
16757
17350
18823
24001
18352
20700
15871
18863
17645
21924
14767
17279
20230
15115
23600
14745
18205
22665
26746
15984
18047
14705
17481
27329
23145
20468
23170
16421
18513
20762
19084
19624
23805
17061
27105
14399
15095
15149
22926
14331
20429
22552
14534
16020
19725
21117
16494
18176
19160
14205
23979
23345
27308
18774
22670
16804
21640
26845
14499
14523
23906
14391
15228
17809
22485
17646
18656
18472
18527
17347
20293
22548
15820
16741
17139
18429
20729
19656
17282
15947
17786
15649
20724
14411
16972
18629
27550
15326
17507
23757
14357
15656
20093
15590
16343
24589
15408
16854
17420
17392
20249
25613
21816
20777
17117
19534
21064
22885
17802
17911
17651
14857
15880
21700
27665
14533
20876
23094
17676
22083
15479
18304
27381
22246
17466
23560
15798
24809
24935
15351
17560
20495
22659
14571
16108
17193
16241
15376
18536
14635
14690
23156
15475
19469
20036
16837
17291
14884
17611
20612
18943
20417
14567
25549
26791
14693
20640
23263
18415
20505
20517
21289
14615
17306
27384
23001
15330
27373
19294
20966
17713
18622
14971
15410
19491
16529
18344
19785
21954
18735
19601
23039
26587
27486
14886
16018
21959
20131
24744
15626
17533
18635
20210
14748
21577
22329
15655
15723
15511
17195
23175
15840
24444
15861
22355
15589
16732
26709
22491
23948
14524
14734
15392
16149
17030
20736
20434
20833
16807
17440
21376
16346
24958
25065
20910
19741
16716
17371
21455
24858
18092
19025
27039
16297
16749
17779
16619
20807
27236
21416
25644
14646
15637
18244
18982
17015
19628
20905
27342
23366
27602
21799
19178
22120
15039
16472
16624
16875
17515
21738
24508
18518
20687
14412
25017
14480
14808
27597
26721
15187
15197
19071
17817
23471
18117
16375
22053
14877
21018
22164
16197
18025
23333
14573
18335
19842
17590
18236
23592
27799
15394
22096
21934
14907
17823
27412
17881
16486
18332
24860
27006
17577
17978
21059
16192
20005
21900
27021
21012
21381
15841
20692
16682
16947
17306
19877
22003
20276
24667
15222
22216
21469
27850
14978
19258
19284
15828
18577
19320
16039
21088
15201
17915
18591
23754
15598
14835
16576
18050
18464
23354
18819
20286
15543
15663
18407
19441
20165
19596
19945
22731
15631
18554
23889
18451
24866
18313
18500
23535
16433
16626
21458
15656
16936
17102
18320
20375
20806
14600
24631
16337
20999
27088
15352
17684
15171
15992
18988
18532
19590
17010
20832
20860
27611
22615
26916
21505
16233
23744
21103
17365
24593
15395
17862
21364
16299
19051
27505
22022
14919
18513
22687
15250
17763
27564
15299
18540
20592
16336
19941
25191
18215
20041
14775
15782
18925
21328
16326
18443
18485
16746
23114
23375
14625
18724
24238
15324
16617
24461
21860
24844
25466
24035
17228
18285
19325
17539
23365
15228
20458
25056
17797
17409
18548
24934
15225
18773
19956
14585
20253
22978
16251
26940
23916
27129
19128
26003
27489
14490
14903
14960
18694
19054
24612
15196
27409
21534
22066
14800
19029
15375
21393
18469
18799
21853
23844
27551
27667
17491
15627
19890
26568
15076
15787
16435
19437
15025
16984
22980
20048
14438
17467
16234
20102
14743
19468
21418
22459
18092
19375
20322
15284
20972
24849
16031
19516
23013
25601
21553
19084
24406
27806
20826
22382
15008
15312
16121
18162
24099
15577
15959
24565
14663
16399
20475
19617
14912
19028
15324
20858
18448
23378
14597
23517
15887
16015
17720
21588
15048
17437
18327
23381
15320
24285
14469
16767
23082
24996
14654
24859
14799
23142
16082
14896
17353
17198
21141
15353
16926
14842
18489
20475
27568
17029
19316
21742
24766
14730
15347
19138
23873
17280
22011
23137
20155
25742
18326
19407
16700
20748
20767
16427
20909
17624
14590
19720
24302
24699
18897
17583
23718
16818
25334
24996
18708
18410
27579
14710
19347
27190
14482
15902
19684
16984
19654
17006
16273
16879
25215
19666
22314
20780
16185
16531
21092
22069
21261
14608
23261
14785
14956
22839
23957
16003
22906
14967
16697
19283
17563
23551
22816
24103
27287
15134
22586
14523
18508
19126
20500
16110
19396
25163
18040
23146
19246
25282
15177
15605
16235
16881
21802
18034
19375
16733
18390
24334
20797
15302
19826
20336
15604
22155
27089
22339
14949
17110
27347
24065
18875
24404
27232
14935
16149
17194
15348
19055
20579
23401
16042
24258
21532
22216
24187
14795
15340
20627
15612
24566
24967
19184
26989
23506
20078
20239
15504
21072
23157
27428
18807
26764
18260
22008
22762
21442
22908
20331
26920
18742
14937
20075
15424
17128
21860
15300
18801
15730
21279
26789
15692
16607
26903
15591
18747
20266
20745
22695
18936
21206
16967
20641
15429
21436
17501
18195
19454
27265
23250
24011
15601
18205
25572
16596
19873
21744
15371
18064
19685
17255
18268
15253
18738
14591
16330
24592
15624
17046
20032
22135
15962
22824
20091
22154
26790
18510
16730
18479
19294
21911
15795
25188
17193
20776
25466
14717
25803
16329
18533
15176
15272
15580
16657
23600
18700
18871
25770
26882
17417
19970
23856
15010
20288
20219
21443
23190
17949
21400
24176
24730
24876
20847
27373
18844
19503
19996
21285
25454
14832
18744
22225
25008
15122
20229
14840
16630
21843
21775
15753
17462
16567
17638
19327
16578
18506
14824
19986
16747
21679
21801
20366
21458
22167
19748
25766
15081
17239
15224
18801
15609
18672
20737
25219
17918
25500
18705
23845
23294
16839
27301
20245
22469
16204
20840
23284
15038
15144
18538
27535
15221
19453
14910
17135
16316
21772
19276
20200
18192
21106
16388
17409
19390
15608
17274
18396
15912
17031
17492
18311
19550
22196
20930
26896
15037
17657
19782
16032
23021
24642
15109
16186
25741
23800
18822
14650
15709
16762
22902
16696
21967
16638
25753
22189
22685
18867
20657
21148
15098
21080
22730
16503
20604
16595
24056
19205
21587
26549
27219
20045
21310
20409
15116
16704
23526
15103
18446
15238
19360
16909
19144
19844
15586
16781
17035
17973
20244
21241
23838
14666
16257
18352
16763
16271
16479
16298
16399
17764
14994
17171
19038
20815
19299
21413
25224
15941
24760
16397
20718
14855
24299
15750
18679
18748
16428
17385
22587
27198
22177
15486
20381
25813
16272
16672
19174
19880
20111
22964
27603
20005
24165
22540
14827
22718
23562
21153
15279
15862
20932
22029
24550
18854
19752
14901
17491
26850
17220
16268
16885
21687
19765
20530
22013
16688
23539
18647
21664
23612
16194
17681
17694
21874
17487
18985
21228
24319
14817
19219
19819
15865
16030
19841
23683
22360
22722
24959
15126
17248
25797
27328
15961
17066
21585
16767
22254
22541
25561
27034
17320
22906
24691
17645
19182
15641
16967
20641
16260
16379
15338
24236
25443
14791
15708
20701
16369
16812
18335
15038
17303
17593
19764
27726
15225
16773
20427
17245
21444
27860
25235
14825
15006
16747
16665
17189
19189
21840
15863
18997
24758
19898
22000
15988
17716
16625
23499
16523
18781
15392
23111
24410
20085
20911
22039
17875
17543
27628
17175
20135
25184
16782
17875
24687
16412
15245
17379
22315
16886
17479
19962
17825
17885
16668
18057
19078
22544
22871
20510
23904
15945
18770
21642
20581
21448
22275
14844
25037
27777
24856
17324
19155
20695
16052
18782
18970
20521
19487
21788
22379
24416
25168
24986
25319
16867
25164
16795
23622
15669
19776
22874
14777
15377
25165
25143
15114
19085
26870
25550
23213
17899
20273
27672
21198
21680
19002
27104
18947
21832
20006
22392
22124
27659
15072
16457
26926
16931
18677
19677
15362
15471
16142
18566
20738
24202
17883
19282
26688
17774
20688
16028
16703
17170
16179
27361
15058
17967
19275
27433
25449
26864
17290
18928
16140
16702
17458
18830
22934
18509
19351
20791
26640
15817
23067
20063
27612
15851
20743
20894
21651
18899
26472
27512
25603
27695
25011
15575
17987
19171
16959
20710
21882
16313
17172
18948
17421
17478
18940
18515
18577
17701
25183
15050
15519
19163
17825
20685
24439
19931
20511
21902
26973
24962
20228
22709
23056
27671
16191
15739
18610
23562
14876
18991
21337
15006
26038
25383
15108
15476
15415
20591
24559
15587
15807
18523
20146
17513
23030
23171
16201
21948
27187
27173
16826
25415
15823
19420
19954
21748
16137
19499
14990
16014
19964
24149
16178
23019
15051
15791
22224
18949
14873
21136
24004
23505
14921
25338
27924
17920
16534
17712
17984
15374
25932
16140
15618
17945
18751
20837
27664
15994
24006
19501
15750
22990
20279
15921
16943
21625
21749
15029
16492
24850
19350
16212
21430
25825
19445
24057
19962
15427
18965
21510
15581
14899
14997
15885
17519
23774
24730
17298
23353
16416
18187
24249
15350
20486
23238
15479
27114
15112
20058
23008
16781
23427
24883
18676
25368
15790
19082
21185
15093
21397
19442
20151
20667
17915
19855
15619
16255
22968
15551
17425
18011
20472
15503
16870
20741
23661
17434
16616
21271
17654
25712
17023
22665
17414
17816
15326
21628
18651
26973
15806
18002
26944
16461
16812
16849
17405
15217
17591
22803
18787
17280
23143
21565
24323
15232
20898
15664
18259
27736
24419
27376
15857
17226
26716
25261
15507
19306
23158
17323
21499
21775
15846
18825
19734
22600
24373
20954
21220
22682
19257
25990
21566
16228
16380
21751
25086
16884
25045
15912
17137
18778
23106
24430
17978
17766
15053
15089
17180
16318
17073
18813
26696
19960
23103
15573
18511
16236
23399
18358
27313
17162
20210
20274
20427
21189
27677
19329
16616
20427
24643
15986
16631
25652
15128
16197
24182
23734
16083
20511
16207
19210
15175
20672
24186
15870
23915
21402
23160
26882
15237
17078
17351
25724
27711
15680
19143
25440
15840
17201
22118
16830
24189
16368
23223
27263
16037
22421
22654
19258
15796
15806
17135
18160
15191
27371
19472
21490
15284
20735
17104
20903
16134
27601
26010
15049
16548
18984
19273
15435
24184
19072
23159
17630
19047
15001
16604
19389
18987
24650
24443
15885
17371
20863
22804
18362
15138
20844
24144
19389
20955
15034
22284
15800
24391
16588
19645
19684
15080
18997
27666
15024
21663
18362
20469
20902
16241
16023
27757
16572
27444
27573
16584
24968
16371
20504
18937
20875
21286
23558
16860
17296
19714
20679
20241
20684
19015
24519
22842
24535
16523
18439
23247
27647
17406
19124
19952
23312
27109
16362
18930
19570
18097
27368
23445
27459
24760
22792
19321
19914
20177
18574
16964
17657
23124
27534
16875
20339
24458
16111
19420
24739
16291
15322
17142
21388
15647
24008
26896
15844
25355
19626
20583
24915
18816
15241
16182
25516
16711
21597
18064
16543
19616
20232
27476
18452
15478
18672
25665
16115
27361
16354
20013
16699
21050
15985
16472
16310
21024
17899
19722
20240
25200
27074
20627
18645
15913
18333
19820
20410
24989
25202
16933
17213
16054
18243
15531
25081
17589
20798
23429
27043
27571
24506
16852
21401
15787
26867
15256
19187
19683
27527
15469
19060
15713
18643
18921
15662
18997
18633
23676
26769
26762
18098
21476
23395
25272
15109
18321
25908
21231
18910
23137
16181
23377
27488
15423
21005
23446
15814
19384
19470
19122
21564
22744
20519
19230
23560
16526
22123
18867
19421
15852
21240
19373
17201
24402
25657
15599
23147
17946
19439
20201
17858
27402
16770
17719
23133
15811
19447
16064
21714
21750
25095
22324
15449
17404
24068
23102
15549
22064
24365
15940
17007
23015
16647
24334
18844
19290
19696
15673
23469
15531
16552
22472
17269
21597
25387
21438
23789
18636
21409
16793
15367
17391
22072
17844
23719
22453
27634
15371
21320
23797
17829
19154
17182
17894
20073
21515
17292
15564
20823
21616
18538
18689
21963
17080
18480
21211
15571
16588
23411
15701
21450
20873
16577
21811
15451
21331
20010
22293
19587
23527
15166
16377
25135
19867
19737
24533
15541
17012
21018
15208
16690
18264
26788
16072
19282
20946
23449
25124
19844
18554
20651
23868
16237
17648
20155
27872
16252
17090
22183
15887
25836
18207
24507
16411
16775
17664
15211
17806
19024
20439
21709
18891
20961
16220
22994
25673
18095
18179
21848
23086
16668
25461
18038
20758
16734
21753
15252
20187
21223
15197
16707
17459
19233
20733
18612
21334
18977
20185
23534
16616
16789
22068
17165
18284
25984
27410
19272
15579
19162
20543
15826
19629
21911
21932
22950
24541
24294
15441
15657
22244
17329
16076
21770
19338
26789
17151
25602
25221
16797
19565
27050
16081
20377
15356
16002
16210
17206
20852
15826
18788
22692
15623
16035
21132
16742
16376
20825
17236
18837
15886
22805
17914
27588
26642
15562
18261
19512
19213
19313
20357
16867
19326
22810
18055
25367
15805
16028
19387
19939
24743
18720
22245
16402
18456
19330
22525
17494
19533
25719
16499
16108
19360
15556
17087
18164
18687
20123
16936
17251
18661
17071
22470
17673
19246
17506
23184
25899
19099
21068
27565
15728
19352
21213
23183
25273
19741
21730
22720
22503
27526
15674
25819
27376
20244
23811
16665
17165
18915
25096
26884
15697
16103
26888
16373
21405
21679
22421
15372
19021
24283
23688
16511
18478
21845
21932
15522
19802
17328
21173
16256
22976
19037
16295
25206
18439
18692
21327
22853
19006
25563
23864
20763
26807
17934
15486
15775
15619
17743
26835
22059
27532
26855
25205
18731
24155
16887
17693
15903
21046
24192
19177
17273
18656
22205
23834
27346
15672
17116
19786
18042
20585
21790
19328
26945
20844
21986
18488
18608
20562
22442
17387
22332
16262
20394
20915
17598
23867
17395
17540
17711
20924
27017
18148
18973
16488
16826
23457
18001
19031
17743
26836
16806
16974
21908
19534
16708
27669
15400
16650
17055
16290
24646
17769
20616
16558
17788
21229
16618
15984
18225
19554
16173
20554
15509
23717
16343
17108
16902
23406
21628
16537
20046
23477
17648
25213
27184
19798
21411
18837
17789
17848
19948
16209
19552
22034
24247
18257
15571
15648
16205
21520
15652
19956
15817
24365
20222
20298
22862
17641
24033
18826
20116
23697
20140
15796
16463
17771
20927
22470
15363
22107
16828
17452
21502
15733
20186
15493
16265
26700
16536
16723
21668
15565
17752
22825
17429
21643
19426
20106
26912
16109
25644
17637
21601
17957
21765
22227
18566
19887
23734
22179
18605
18637
17498
22578
21319
16229
19436
15997
16097
22887
27192
27735
16132
16743
19331
22240
17450
23791
16113
23049
19914
18007
19066
16780
21067
22058
22232
22702
24318
24543
16946
22074
25948
26100
26619
27911
15716
23069
23244
18082
22775
15894
26507
24486
17016
19371
19436
23636
27926
26072
19692
22995
15608
19237
17243
20862
21258
26895
17055
18950
22333
16125
16966
19541
22198
17675
15751
17887
24679
20212
26805
17470
16272
16673
19031
18343
23309
18760
23364
17794
19015
23202
19680
26801
27561
15974
16482
24617
17344
19993
15769
16000
25842
27432
17156
18041
23725
17311
18457
18244
21167
22193
17348
17164
23260
25119
20464
20946
21572
23999
24460
21391
22317
27844
21882
16522
17183
19337
22967
16455
16101
18530
19753
22983
16769
24002
27107
18504
21852
21302
15447
16396
17034
18203
21745
24392
27753
27839
17344
18014
19523
16441
22153
17947
20608
16396
18764
20404
15976
16359
23986
17861
22866
25978
27387
16937
17407
23871
17032
21294
15575
19424
15630
16738
17260
22420
16816
25360
18270
20329
17955
18805
17268
16071
16330
15603
19222
18147
19217
22497
22727
23945
15621
16905
20454
22566
23576
16007
16255
20144
16142
19999
20133
23588
16581
21347
22460
19688
22319
22850
21446
27634
20640
24067
24480
22557
18023
19975
23843
27057
25489
16248
18962
20044
27044
17132
18298
23258
16384
19523
16653
17492
22220
16271
20390
22926
24441
15683
19076
20451
17018
19862
20694
16041
17447
17535
16695
21824
15574
25196
16867
18368
19932
15513
16579
18888
19485
22017
15559
24681
16924
17768
21158
21730
20177
20253
16870
21808
27538
25189
27427
17325
22210
20273
27498
16452
18280
22788
20301
21004
23345
25376
15865
20904
20943
18840
22812
15896
22548
16696
19099
22114
24861
16399
17480
17740
16634
16640
18910
19602
18807
26095
19845
21435
20550
19498
18536
23248
16684
17772
18248
18658
19527
24297
22048
22686
22953
20486
21098
26324
15560
15936
21334
22551
26234
27471
20448
27153
15763
18249
19725
19655
23237
20982
25125
18950
22667
18802
16352
20406
21868
15882
20918
16846
16940
17564
20746
21399
19473
24790
17394
24240
18087
22682
19146
15624
18916
21003
16610
17425
17368
21940
23125
18708
17444
19329
16135
19025
20007
20264
22467
25067
20489
15572
20691
21308
21853
17635
17563
21205
17914
16002
17629
17842
18425
16524
17341
16251
18524
21072
22771
15954
16237
22619
15936
17595
18083
21157
16504
23456
19315
21955
16329
18901
27345
18697
19167
19199
22503
16851
19659
20411
20041
17790
25062
20730
20897
26751
21480
20556
22861
17739
18251
17848
19307
22817
21863
25446
16560
27411
15820
18841
22520
15759
27527
17238
18922
23840
19628
20905
16971
17449
17026
18569
22487
27723
16516
18580
23167
17971
22327
19795
16597
21362
19194
19846
21479
16075
25343
17550
18428
18586
21019
25914
27001
15851
18649
20080
21073
25757
27098
18994
19671
22647
17521
24056
17591
19012
27221
16385
25617
21795
16636
18177
21289
17062
16008
21228
25489
15954
16102
19667
25090
24763
15748
16264
16114
20597
20003
20438
17190
19549
17140
22288
27228
20109
20197
20264
17040
17536
16821
24064
15718
22436
18365
21870
16306
20930
24271
16205
22921
22024
16490
22137
22256
16985
25274
18657
23387
16422
18518
19053
24047
26027
15755
16900
23173
15768
19937
22408
18566
17058
21881
24135
16791
20327
21913
23206
15781
20052
20870
15833
19708
23839
27525
15682
23145
18397
17100
17765
19357
16617
20194
18971
23210
27628
20578
16402
19787
27925
20183
20531
24153
15754
16059
21228
19521
19515
23056
24153
17530
21707
24876
17240
24229
18213
25425
22159
25429
16570
23509
18664
22063
18445
18936
15773
16817
22638
18467
20708
16130
17847
19063
21159
23649
16939
24693
18339
21313
21380
23972
21989
22921
15986
23575
22189
22848
18411
19122
24245
16421
18922
20095
16441
16588
17961
21322
24285
20459
21723
18803
23459
19370
20887
21051
17609
19528
27581
15908
16016
16169
25462
16790
18921
15846
27051
19648
18378
19298
17710
19040
17761
19771
16104
19650
21312
16484
22159
17167
18552
21477
16635
17074
20459
17190
22152
17191
19499
17966
20862
21258
16077
17527
20325
17956
19634
16983
17093
19543
24556
16074
19003
20752
23380
20962
16484
22819
16133
23584
19035
18897
19990
16314
26472
17676
18780
18809
15929
17074
16622
20571
24288
18855
24502
19401
19746
17038
24923
16454
20251
23203
23584
16008
18231
17059
17174
19402
24446
16086
17299
15827
19683
23411
25542
16879
20484
16640
22949
16259
26137
24684
16025
24513
21295
27067
16465
21216
20749
23467
24786
23784
16736
18035
20989
15927
20056
24184
22806
24682
21165
20156
16729
18810
25921
22239
23503
15906
23537
18286
18495
18964
19017
21237
21437
24883
21925
23119
23900
24705
25453
16310
18127
22816
20994
16332
16520
16201
21396
20866
16107
17072
17420
20882
16672
23110
23234
19537
16306
17815
16021
18134
18256
19990
20668
15897
17142
19077
18353
21980
26626
27380
16720
18090
24969
22267
22614
22821
17703
19132
23716
19470
23336
24558
17187
19699
24090
16923
24370
18254
23025
16626
17436
18166
20143
23340
16338
27176
16576
23335
19212
21970
27201
16188
16682
20057
18035
20243
18416
18645
17106
20059
18039
21640
26991
27524
24000
26010
16079
19431
23312
16083
19685
16267
17799
25409
18474
21254
16458
17873
20309
25659
19709
22613
16934
23435
25516
19749
20433
25019
20022
27099
17337
18018
27168
27653
19253
17665
20066
25178
17017
20147
27366
17952
18460
16782
16851
18606
19268
17226
16168
17837
23055
27341
16094
19637
23884
22733
18552
24032
16049
16037
17318
18342
19610
25841
23471
16239
16863
20462
16327
21648
18247
21511
20928
16697
20772
25697
16223
18217
19825
16948
17019
20025
20867
24690
17430
21645
23179
15911
20780
15960
21032
24561
15920
20128
19598
19994
22633
22165
21158
18821
19349
27185
23654
22504
24110
23002
16666
18407
16409
21566
22432
18020
16101
16835
19339
22415
26622
16730
20575
17910
18210
16579
17555
19846
17964
20625
24325
20972
16465
25700
17679
18412
19235
16506
16734
16288
25703
15970
22358
17481
17511
19886
20057
27842
18112
21827
22634
16853
26398
21817
18820
21433
17298
23480
19141
26557
15981
16174
25187
25406
17592
18708
17654
23044
27251
17199
21234
24897
18784
24173
21713
23899
16567
17544
27650
22284
17201
20441
27772
24482
24267
26092
16201
23823
17145
21040
16822
22840
19770
25144
16700
23962
27398
17600
20162
23440
20286
23015
19741
16179
22296
23077
23269
18828
20564
16501
22135
23370
16440
16025
17649
20939
19283
25279
16040
16533
17561
18110
21287
19667
19752
17003
20419
20609
26173
24351
24695
17927
17760
19767
21837
23574
19746
16055
24560
26840
18067
26914
17593
25774
19557
20575
17900
20234
20712
24112
25741
27048
22519
27929
19490
23976
24680
21336
27348
17549
26923
22881
24544
16073
16398
16449
16174
25894
17064
16824
18338
16038
22068
20339
23201
25533
17882
18556
26616
17716
23756
26079
27078
17576
24264
27204
18317
19721
20677
17826
21113
25660
17866
19398
22141
16353
20012
22424
16310
25119
20561
16378
17278
20884
17940
19222
16463
16562
23692
18190
23799
25829
17022
20131
27504
16738
19862
16932
18837
27207
16013
22290
16014
19535
27529
16914
23967
24184
27528
17146
18401
21545
25748
26843
25067
25373
16059
21828
16563
22581
20162
23143
17505
21946
16199
21179
16031
25731
16066
20179
25706
18875
18730
18531
18674
16155
16953
24181
20166
17610
18546
19005
19042
20664
20904
18225
26798
24054
16265
20531
16481
25137
24361
17054
17343
16407
17031
24953
27583
16854
23062
23406
16509
17874
17901
18367
19793
19072
20138
20255
16487
17695
25615
17771
23409
24718
16145
17150
21622
20010
27411
18944
17877
18706
21629
16326
17445
22478
18143
25132
19611
21176
22385
23874
24461
24884
18625
19305
23435
18493
18703
19199
27508
19348
19788
21217
24089
16830
19896
18601
21482
17100
17765
18041
16964
19101
24616
17446
27870
16839
19083
19967
25600
17892
20636
23310
17063
24659
22256
23467
19744
20029
17562
17673
22354
24704
17375
19212
17245
22613
17168
24553
16708
19320
19676
20309
21262
19049
19807
22389
18157
20794
23503
24231
16228
17650
20796
19347
20506
27190
17120
21497
16835
19753
16568
19755
18232
19506
25273
16268
16557
22515
19704
21795
25098
17420
17883
18623
18233
24213
18430
19627
24160
20430
23245
23049
23321
16442
20703
20296
18846
20704
22147
17768
16221
18136
23128
18758
27111
16974
22386
17214
20400
27618
18555
18952
21592
16148
21743
24808
20559
21313
24406
26816
19569
19949
25765
18307
24069
17855
24806
17278
17910
20761
19376
19510
21898
25209
27600
20986
21665
17191
25290
16951
17546
20271
17034
17084
19950
22351
17286
23428
17806
22393
17117
18817
24399
16587
25373
23856
25477
18453
19169
26917
17443
21049
21120
25322
24505
17172
18009
17562
17602
17673
16423
24662
18628
27599
20338
19976
20320
18913
21403
22480
24040
16349
16435
19196
21441
22838
18790
19815
25638
21828
25487
21491
17878
20196
20396
20761
22611
20317
21231
21911
18569
18715
18615
27810
22679
16748
20791
22572
27614
22107
16471
17125
19885
16442
24679
17096
27487
24401
18321
20206
16473
19672
21798
17816
18841
18113
16547
23096
23136
27020
19011
21904
18884
21303
27433
20728
27737
20121
21535
21755
22698
17645
21494
21259
21478
22179
25543
22415
23644
21728
27555
17075
18243
19079
19192
18323
17158
25518
16883
23543
24559
25356
26691
21062
23517
27645
21301
22418
25563
19068
24498
22276
25619
22678
19252
19847
19040
19801
21635
23508
20065
25273
17189
16235
18116
25546
20067
18055
26025
17581
23962
24837
20548
18570
21544
18266
18704
17349
16761
19494
16866
19508
25468
22488
16485
25066
23018
25055
17736
17632
20265
24283
17706
18245
20738
16661
16918
19735
20214
17038
17887
24991
17036
19944
20731
20258
26899
18883
21745
16298
16990
18492
27805
20631
17457
18832
17289
18596
21558
17089
17550
27758
17612
21245
18664
22063
16860
23480
17207
17322
21910
19333
21776
23182
17614
19357
23297
17149
23885
24153
24311
18381
17246
21389
17042
18639
18769
27243
18280
24575
20390
18435
19551
24050
19435
23528
16416
16592
24646
20441
22373
24604
16324
23492
26102
17551
18521
22468
16836
18957
16541
17985
20652
24076
17082
22880
24954
17773
19809
24315
23252
26766
27673
20466
17634
18505
18246
24487
16674
18392
18462
19198
19465
25490
17948
20119
23020
26331
27506
17937
18727
23827
23412
17033
25533
27157
25028
17161
18117
18910
25403
17314
18641
19303
24971
18358
22113
22353
17671
21917
22249
18193
21343
24195
23464
21772
26641
17907
16455
16958
25258
27270
20886
21175
20141
24143
25529
17580
21101
18384
23334
25569
24289
25701
18363
24813
21648
16744
16856
18901
17937
18271
17500
20237
26780
21322
18094
19533
22711
24921
25410
20532
22911
23356
19257
25935
17404
18406
19757
22777
17342
20471
19307
20858
22349
18418
20454
16605
24939
17991
21984
16656
16726
17357
24466
16435
26341
22252
20836
26734
18421
23130
18612
21308
21334
19148
25274
16745
22032
23678
21900
22962
19170
25715
17218
20257
18803
21188
22306
17612
18759
22561
17540
21690
18309
18646
19821
17254
25547
18703
27509
16812
22857
27456
19517
19902
23924
17528
18226
19626
22095
17685
22731
23556
23857
17278
22910
23601
20078
23120
23138
19860
21057
17141
19523
17046
25640
21921
16918
20110
18556
18878
18798
18042
22457
16455
16495
17770
18588
27684
22157
18394
18409
23258
21354
23798
22822
16654
22587
24287
22444
24983
22258
16863
22557
25429
17267
27333
19359
21679
18630
25488
16775
17762
17177
18274
23934
23347
27055
16759
23481
22993
22055
18048
21912
24526
23996
21876
21972
18518
22900
20118
21903
16473
25721
26739
16605
20916
23275
22758
24629
16999
19865
18111
18351
18926
19778
16500
25738
23932
17474
19437
20804
21259
27637
19778
22483
27400
17212
23411
18345
16977
17938
18459
20154
20383
22392
16916
17053
18912
17687
20641
16766
16978
25201
26694
17841
21763
21847
17765
24524
17417
21257
21257
23126
20744
25191
17872
17935
18039
19477
19581
26832
17526
18200
16593
20015
20555
21468
16598
19211
25393
27481
16651
18986
19291
25954
16793
19536
18607
18959
18993
22977
19471
22253
18278
22219
24475
18536
17125
22056
16624
17455
18560
18562
16573
18802
21994
22287
16843
17573
16586
18741
16644
22951
19049
21101
17374
16857
20716
21210
18348
17567
22069
19201
21190
17224
18757
19711
17228
17261
21858
22952
17140
24470
24741
21287
23070
20231
16903
17872
18058
19458
17597
19336
20390
23897
19820
20510
17101
25292
26786
25203
21255
25389
24362
16734
20002
23034
16580
17475
19720
21803
17299
17952
21152
16882
21251
16880
17433
21845
17205
25911
21542
27480
24640
26030
18463
17332
17627
23118
26749
27616
21211
17738
18643
23477
23909
16658
17341
26922
16792
16810
17025
23768
25742
27269
17629
21865
22102
26039
18714
19791
20813
21149
17561
17822
19719
19738
22497
17809
20920
23721
19675
22622
16779
21608
21632
18887
23855
18894
21942
18042
21419
19619
23621
27696
18667
24826
17024
18614
23044
21433
18902
19027
25623
17132
24598
18634
20098
23816
16754
17847
27529
20566
17246
17607
24976
17425
18065
18377
21657
27412
20633
17192
18309
20334
16739
17660
17874
18632
17359
21556
25048
17294
19142
23923
27651
25283
17070
17499
27567
25611
27350
16907
17919
27699
17523
27572
20461
19727
27689
21598
25677
27854
19403
23556
16976
21421
16788
22011
17340
21439
26814
27729
20016
22232
21491
19339
18962
17250
24207
18623
19464
20717
16628
18936
17541
21000
16759
22430
20304
22071
22507
18981
19197
19505
27167
26156
20835
20967
23266
24620
19903
22360
24502
16667
17011
21242
21704
16603
17776
23676
17373
20479
24786
17203
18961
26229
24312
17263
17447
21395
22477
23031
23467
21324
22085
18186
19236
27744
25740
17480
18410
21032
27257
16907
17284
17852
22310
17749
18983
22989
21927
17108
19515
19467
21256
23762
17426
17658
21320
16758
17277
23095
20602
17668
24720
25792
16755
19479
24710
25911
27786
19831
21346
23575
26902
20716
21778
18665
26724
18722
21854
25427
19590
18685
18712
24562
16987
18481
18722
16664
24025
19173
22424
18222
22296
20275
23374
27845
18821
20217
18390
25867
18212
20569
17041
23170
27866
18914
21874
18353
22819
23329
17878
16693
17622
24464
17607
21184
17353
21872
17277
21494
22066
24774
17682
19799
24862
18768
16791
20340
20831
19484
21678
17379
21741
19056
24503
20425
22239
16961
23715
23899
17432
19031
19932
26178
18115
23638
27199
21837
23519
18475
18630
20523
20386
21514
26752
18843
26153
19886
20630
23858
22444
18455
26062
16794
18108
24938
24129
18017
16749
17781
18535
17452
21210
22791
22802
18141
22094
23137
27488
22773
24798
18906
18003
24387
18491
19825
25057
18017
18573
22064
23707
16955
19891
21591
20509
21726
16915
17459
19236
23314
18445
23658
17796
19773
17269
18924
19689
18666
18709
21470
18173
18711
19363
20594
17975
22882
18273
23714
23311
26998
27721
17001
17505
18333
26559
22725
17734
18945
23026
21867
23815
18525
18876
21953
17582
18300
20118
21903
18375
18444
19666
21634
22011
17194
18081
24155
18100
18929
24818
23494
23689
18479
16994
24525
23553
23832
26708
20397
21753
18447
19235
18544
20243
24509
17147
17275
17445
20694
21512
20838
21346
24125
20059
19236
27743
19170
21806
19307
21467
25115
22838
27615
27714
17835
18708
21811
26114
18642
24319
23434
22274
27557
17885
20020
24200
21494
18049
20878
23806
22885
19146
21051
18436
17219
17378
21537
24571
16978
25496
17188
25382
27815
24823
21814
25425
17664
18603
23946
19046
20332
22502
26744
23263
19270
20689
19812
23498
18366
19063
21131
22603
25784
20010
18716
23066
19395
23959
22214
23082
21644
19251
19614
27788
17475
17652
24052
18486
18526
18407
22316
17025
20234
17554
17984
17495
22652
22274
20867
24124
17926
17731
18287
22792
19086
17639
19048
18781
21577
21988
17557
26991
17783
19133
20457
17372
21908
27778
18905
19493
17687
27762
19900
19922
18854
17405
18373
21156
16937
24085
24820
24516
20912
21721
26942
22875
19451
22658
18931
19513
19786
23912
22551
22895
22938
17276
23877
17767
23829
17684
21778
22305
25049
24189
17382
19824
17295
19818
23283
25226
26889
16907
17284
20998
22573
24746
27382
24758
26986
17672
18682
20211
20789
23080
17405
23842
24086
18917
27559
17245
27715
27859
20096
16913
24341
21770
20367
27349
25803
18262
18364
20008
21163
20876
22322
17356
21178
22092
17112
26725
21502
18009
18109
17309
18969
21280
17471
18728
21235
16967
18880
23579
17136
20801
17063
24855
18603
21908
23621
18368
19923
22309
21273
26450
17722
18259
26683
18325
19800
22033
17204
17307
24500
17811
17994
18096
25700
17433
23970
25368
20153
23452
25140
27751
17043
17833
22168
19768
24913
17280
17843
19529
19602
24445
24412
27593
23419
17804
22028
27162
23683
18130
19373
19496
18185
20029
16932
20688
25239
18502
17133
23645
27265
18564
16965
21701
22122
17206
24089
19354
21124
21370
22493
20327
22128
20484
20979
21213
19507
17588
20477
20047
17419
27733
17704
18275
18581
18707
21870
22832
23635
17830
19574
20246
26767
17520
25681
20186
25192
17995
19344
23233
20089
25227
17431
19781
18218
18353
24223
21116
18837
17213
18625
26511
20942
17239
23214
20032
22460
18463
17196
24341
27396
17063
18735
24462
17013
19975
19632
17019
23673
27464
17061
19096
20335
27394
18229
17693
17929
23178
17602
22182
25925
18839
20285
17808
18048
19662
24244
17585
18777
17073
24146
17304
18344
19785
20711
22852
25299
20397
21428
21128
26609
23380
23870
26598
19653
23482
18551
17671
19039
23841
19078
18493
22916
27666
18028
18056
25585
18250
24916
27143
25502
27650
17390
17939
17845
17917
18914
17472
19925
23826
24333
26580
17363
22541
20265
22923
21275
19605
23105
17105
19060
18649
18759
21081
17326
24649
17722
19578
21126
18662
21521
18973
21172
18670
20376
20961
19861
17814
18346
22375
19680
20546
21077
27563
20824
21513
25772
17991
19750
18865
17322
19422
23232
24263
25987
24380
20112
21580
25400
21678
17393
21553
27194
19043
21767
27903
18808
21785
20113
20147
20795
23632
17538
17613
17185
18702
19505
22161
22844
18903
22809
18154
22260
22298
20719
21543
22073
22426
19103
21907
22529
20544
21122
18169
21757
27158
17339
17818
20731
25230
27250
21923
22298
23215
17642
26000
17752
18769
22328
17751
19128
20972
17697
21263
21895
18559
23791
21725
17078
20726
18956
19912
20727
17426
17658
21991
17666
19224
22353
19514
21039
27589
17343
27627
19671
18898
21172
24239
20433
24143
19521
24533
21266
19048
18296
21253
25869
20347
19549
21323
17441
22693
23035
17548
20715
18222
21572
26648
23513
23746
17183
18486
18643
18138
19888
18230
22252
18648
20852
25769
17998
22037
26021
26034
18409
18136
22552
18171
22972
18164
21055
26026
17457
19139
23865
23097
24818
18156
24357
17251
22526
17372
17509
25448
20565
21198
24579
19449
20536
21874
27769
24902
18178
22822
26285
27750
18320
21904
25376
17295
18052
20903
23514
20281
21735
20801
23112
23376
22306
23571
21110
22474
22448
17618
18054
20263
21918
18931
20624
17489
25109
17981
18509
27445
20302
22953
19342
22431
24504
17419
19029
21678
19723
20014
17302
17553
18181
22780
17473
23189
18064
25216
20729
23022
24451
17703
17838
19132
17285
24400
24216
17237
25490
17424
26733
19083
24335
24399
26136
20554
17145
17514
25458
27370
27600
17514
24660
24036
19874
21173
17394
21353
18684
23639
17780
17208
21645
24267
17571
18935
19593
21056
21631
25662
25728
27485
18041
18755
22948
23650
24688
18834
25994
17966
18376
20384
22044
17999
18908
24201
17508
23260
18768
17488
18137
20105
17195
20943
21933
18833
26041
18770
23394
17242
21130
22959
25236
18193
18153
26804
17398
17416
19946
20936
22450
18031
23233
20218
27140
22899
24251
18171
21684
20909
27503
26689
17732
20431
25855
17440
18150
24826
17819
20601
23280
20882
21340
18895
22957
20165
22030
19745
25385
25486
23692
19592
21704
23154
23911
24028
27395
25127
17824
18694
21271
24902
24946
18079
22323
25642
19300
20139
24078
18012
27375
17307
18545
18631
20589
18648
19147
23893
17430
20062
17738
18676
19524
17916
18895
18542
21141
24221
17642
18515
23934
27619
20042
26612
23869
24126
25200
20563
24332
25588
21718
25846
17767
19494
22885
19828
21935
18640
18707
17388
22456
17698
18881
18961
26083
17565
17899
24021
24102
18164
18255
17876
19638
19775
20752
19718
20790
20528
27926
23112
20336
22534
17808
23129
19425
23871
18033
20819
25051
19478
25726
27714
21184
17303
23495
17867
18514
20053
20942
26017
27512
20039
21144
24494
27307
23943
17702
23289
19887
21833
17769
17427
21664
17462
18443
20105
18985
19163
18183
19410
20856
17432
17968
19932
17535
21914
18213
19099
27635
19834
22491
20753
20580
21616
20496
17335
18889
22399
22202
25315
19460
19347
19874
24691
23117
23903
20761
19866
24692
17832
18468
21221
23299
24178
18613
19259
18046
27377
24598
18745
19760
20623
18732
22842
21245
24332
22144
22605
17989
23258
19034
24534
18130
19743
20860
18052
19077
17412
17896
19383
23929
18585
17857
18122
21526
21973
18188
19080
25035
27534
24786
26760
27386
18875
21432
22677
17411
18288
25545
17805
26665
19416
19440
22580
23297
20058
21873
19434
20117
22905
20393
22150
24241
17318
19678
24776
27829
17643
20108
19563
20656
23436
18606
20818
21561
19147
22406
20318
23116
23433
19181
19733
21156
20060
23443
18553
26375
27090
25690
20182
23046
17603
17647
18511
25210
17950
17374
18563
21326
27916
20398
19863
22428
19772
22087
19284
24948
19935
19562
23023
21650
23980
26827
27499
20408
19395
22357
22922
27718
18499
18985
17730
24439
18648
19390
19457
22810
23214
20115
21063
25230
27250
21594
22004
17622
17599
17725
25145
18323
20159
25424
27554
18856
26772
19199
23293
27508
24601
18094
20482
25460
26168
23000
19437
20428
25734
23714
19208
24099
17424
27592
19490
21782
17986
26134
27824
21873
24251
25866
19176
20931
17654
19935
20326
20783
18371
19074
19461
21200
25083
26560
19426
22581
20357
21461
17939
20649
18515
20535
20955
21969
22065
18312
23122
22244
22474
18137
19633
18235
20425
17795
19515
20228
22409
17638
21826
19244
21336
25639
20373
23350
24085
20009
20468
24568
18291
27252
21469
18288
23300
17896
22742
25739
17823
18166
21486
18825
20433
18280
22774
17470
19589
17565
19817
21295
22196
19501
23807
19499
21094
21154
18304
24070
18433
18683
19781
19754
17470
22370
20816
18329
21486
24209
19478
20483
19998
20130
18242
25867
18330
25256
17968
19329
18363
25654
20071
17597
21293
19685
22124
20060
20643
18264
21061
26011
24799
18526
19493
24442
24368
17749
24073
24812
21341
22304
18510
21619
27186
19078
21741
17719
17515
20242
21090
21188
21301
21699
22825
21223
23992
19301
25342
23242
19171
19702
21292
25791
20207
21964
19740
20067
25472
18313
20072
18857
20311
17949
19266
24174
19240
21418
21786
18738
18073
25957
25346
17655
17714
17574
19612
23325
23886
26878
18485
20541
22524
17831
24083
19634
22239
23503
17903
24960
18500
20463
25093
18454
21192
18412
18966
25755
27566
20260
21025
27264
18432
21111
23711
20787
22525
25995
26347
17750
20987
23505
18113
19425
18118
21527
23090
19061
21708
21014
23521
18178
17781
18535
19172
21293
20132
22628
24369
25059
23637
18053
21635
19250
20140
22218
26821
17873
24622
25296
26259
27359
26157
26550
18813
21465
18060
20219
21433
23848
17982
18214
21491
27625
25745
19394
22171
24716
17613
18167
22432
24338
18312
21690
20369
25507
22817
19901
20911
20023
19830
21096
20764
22910
27340
20037
19114
19639
25560
23304
18188
22441
18108
21501
25691
19959
21752
23487
24661
23291
27692
21907
22179
22726
21637
24892
21283
23685
21740
20681
21105
21597
17899
18990
17596
22439
22899
18427
22617
22754
17974
22690
26106
25286
19331
19636
21386
22851
21096
19903
22722
19843
20277
26145
21022
23652
27203
19373
19804
19881
20718
24328
18133
20152
24977
27807
18619
18217
18449
19216
18992
24536
17692
18151
22269
18437
23892
24047
18653
20465
20261
20477
20872
21488
17793
18236
21614
19253
19764
23682
22829
18731
22477
25156
21199
27144
18949
18974
24359
27437
25838
17868
20991
18774
25588
20278
27172
24412
25625
18399
18815
19058
20211
23692
27580
20026
26753
18140
22401
20992
18523
18653
20551
21703
17696
18851
25823
24727
21965
23677
24206
17718
17877
24162
24752
27487
24249
20260
22261
22927
19242
18364
18418
20347
21700
22191
20081
20408
23220
21087
21495
20503
21629
24111
18008
18686
23751
24747
20114
25043
19027
21086
27154
21215
25781
26058
22155
21924
25159
17868
21242
21477
27361
24513
21305
20720
22451
23696
17803
22662
27404
20321
24998
21244
23900
23855
18939
24915
23993
17951
22747
23415
18396
21855
21827
18829
27109
26000
20629
22246
19319
22930
26905
19822
22929
17969
20143
20525
21160
27842
27846
21146
24173
22884
21524
23756
23799
17714
18617
18541
20965
18075
21174
22883
21791
24553
18543
20395
21030
22916
18503
20888
18467
19318
25582
24936
23715
22023
17939
20728
21303
21520
25791
18043
21137
21607
25598
24485
24128
24268
17783
21604
23093
23289
27477
18581
20913
24791
20462
19001
21649
26257
23691
21950
27236
25553
17755
20230
21856
21523
27336
19544
20924
22212
22512
27017
18342
20221
20437
27687
17877
19018
18030
18263
19191
23228
22322
23301
24975
26567
18736
19742
22173
22383
18623
19034
19624
22089
19302
18281
20444
25130
21690
22509
22889
25711
22086
18945
19034
17827
21892
24284
18406
19517
23039
17756
23508
25897
22967
20507
18410
21469
17967
20527
24257
21251
18539
19188
21686
23912
23608
19127
19915
21447
19625
22900
24684
20628
22506
19581
17833
20549
27490
22416
18952
22422
17997
27148
21562
22093
17757
25063
27536
18525
18876
23282
21574
21585
17998
22912
18673
20065
21762
21640
20960
25206
25522
25802
22882
24227
18961
25182
20951
22087
25050
17879
18232
20247
24676
19041
23162
19151
20296
17849
17855
24806
19255
25281
21812
24589
17934
19656
19827
20688
19609
19624
20490
26280
19233
22142
19773
19713
26897
21645
26901
18381
22255
24926
25075
18470
25293
24667
19618
19955
17882
18556
22757
21304
21591
23129
25291
25496
18126
19697
18061
22118
25779
17965
18547
21458
21533
18409
18516
19904
20951
27339
18727
20487
25820
20545
18719
20455
20659
26214
21541
20173
25500
21614
26670
19154
25107
22101
25206
24362
23176
24653
18757
23057
20168
24101
24208
25881
27340
24292
27292
20052
20059
17889
22982
23878
21547
19048
18481
21877
22586
19057
19732
21832
25248
17910
21218
21467
23931
26891
19533
20344
19203
17919
22071
23792
18080
18753
23811
27681
19848
20368
21355
19428
19762
19732
22270
27302
23914
25041
18120
18968
22376
24715
22151
22462
18872
22751
24672
24540
25129
27868
25690
18989
19074
22088
25207
18594
21814
21956
22576
23339
24800
24310
24665
24301
19268
25339
19579
21976
24460
19731
19652
20182
23317
18282
18768
20027
17981
19635
19282
21572
21187
24133
27917
27286
25120
20572
18893
25773
26978
20619
26873
19209
27780
18038
20431
24528
19131
24625
17995
22481
18482
24632
22459
23196
17950
18632
18907
19456
22778
22652
20350
21744
26775
27283
23278
27657
19000
24012
18522
18650
18878
18987
19728
23959
25707
23803
23168
22544
18895
22289
20552
25954
20081
24006
20555
21052
18359
19291
24501
27546
21402
22404
20270
23488
25162
21695
22789
27147
25981
27242
17939
20080
20745
19113
19538
22466
26765
18795
19590
20125
23687
25232
21496
26990
23035
19482
24592
19879
20051
26761
19438
22418
18907
20429
18902
24907
19730
25980
18292
19865
21831
18440
23543
18464
22626
19220
23751
18517
20166
27553
18460
18579
18795
19062
19052
17992
19498
22220
25437
24446
27090
18949
21226
25141
18573
20635
18600
19573
23075
24847
20145
23491
22369
24324
18376
19275
22174
18286
20929
18032
20533
21596
21876
18570
21635
25859
25340
18788
22476
19019
20964
22869
23616
24212
27380
19804
21536
24024
19129
18324
21525
24722
21856
25089
19359
21123
22661
27822
18700
22204
18029
21576
23701
18934
20701
23224
23181
23342
21984
22649
23963
21010
20979
22330
19771
19380
24198
18063
27865
19031
19607
19761
19091
24335
19277
23681
25689
19068
24710
20224
21410
23104
23127
18302
18350
19054
19374
20030
22492
22923
20472
23966
23242
21375
24103
27287
19523
18420
25269
22257
23383
27693
24812
18981
22577
27652
20132
23296
21920
24262
27745
18673
24154
25168
25848
22461
22536
23279
19539
18525
22905
21270
23405
18889
19552
18098
21281
22532
18516
19032
20819
18179
18973
19195
18690
22666
25053
22035
20926
21064
21153
22457
21263
24301
18301
19092
18110
21657
20625
24325
20402
19891
18744
23485
23740
26065
19490
19651
19387
19703
20204
18299
19419
23677
22321
19458
22719
24132
18181
24518
25971
23011
26378
18756
25281
20914
19951
20113
22716
21151
24924
27810
27915
18776
19917
25062
18440
20680
21041
21394
23080
23910
18389
21374
21670
18355
23898
19559
24447
25566
24517
24815
21573
27680
19341
19759
23978
24357
18160
19868
22606
18421
25102
25331
25958
23493
22063
23195
25282
20007
20955
23360
19312
26325
24461
21424
24386
27369
21281
21611
22701
19892
22219
24078
25112
21580
23109
23256
24421
20869
21891
19895
20908
20697
21702
20300
18577
19338
21762
18351
22843
18333
19323
19597
23947
25723
27200
22994
19582
19320
19646
27693
19116
25570
25718
20143
24969
27301
21046
18533
20647
25250
21033
23564
19261
19697
24690
18216
23135
18688
19496
21823
19839
24648
25951
25351
18316
18380
20148
23804
20067
19552
18291
18793
26892
18422
27466
20713
19440
23775
24242
27024
21891
25531
25438
24779
19217
19195
25705
26933
19192
20615
20170
18923
19500
23141
27234
23136
24313
18206
18862
23988
21580
19156
20394
22945
20883
23824
20570
24324
27690
22617
20184
20704
18200
24666
18564
24500
27604
21458
19014
18278
20097
27145
18433
24027
27798
19333
19679
19509
26536
18204
19923
24397
19536
23196
19660
21835
23361
19160
27423
24821
20927
22297
23516
19088
24567
25402
23469
22310
19509
25318
20878
24291
25768
23244
25246
18796
19849
21227
23063
19895
26854
23645
18337
19511
25213
24580
27198
26965
19239
24622
25609
26857
25229
19363
23384
21682
22016
18317
23680
25595
21649
22264
21218
18701
24659
21068
18324
24488
19853
22274
19906
18682
23736
20107
25147
20827
22745
20882
25035
20271
24427
23042
24310
24946
25047
19862
24508
21622
20194
21199
23751
23000
23863
18297
19658
25309
26113
27813
19337
21376
18486
23786
20438
19488
23907
21662
22119
22827
23343
21306
27701
19062
21830
18306
24868
25157
19621
24380
23025
19149
20248
18380
18944
23459
19388
23872
20050
21425
22473
19578
25505
26242
19512
21569
22713
22765
24278
27870
22402
23468
21733
18650
22783
19682
22783
20982
23801
19482
25587
19378
20817
21197
21677
25636
27018
24823
27107
18707
26736
23240
19288
20018
21617
18697
22480
24222
27009
25324
19560
20089
20811
21947
24419
18636
19784
25656
18925
21973
18312
18357
21296
22437
19430
23911
18793
19390
24820
23647
19070
20176
19298
27070
22919
18613
19462
24033
19894
24400
20263
22251
18992
19066
27267
23610
26514
22557
24051
18638
21853
25262
27144
23950
19911
21498
23736
21796
22131
19634
21679
22421
21020
23590
25167
19910
26014
21229
21717
25878
20744
20840
22835
22841
21557
24015
21892
22917
19476
22972
19645
18449
20632
21500
20549
20735
24211
27027
20848
21570
25635
18531
20197
20258
23825
24824
19190
19751
21946
18478
19554
23970
22958
18645
23761
19118
22640
24623
19930
23622
25647
25460
27230
25527
27686
22475
27014
20703
20969
24421
18580
20502
23167
26052
19567
23252
19845
18682
18642
27005
25469
22697
23541
21024
24703
20074
20261
18783
20179
23702
22942
24219
21983
25558
20371
24137
25653
19761
25127
19780
24448
21274
22767
22490
19793
19011
25331
18756
22893
21011
23024
21762
18651
19933
24682
19443
24522
26019
23334
24838
19194
19218
19133
22739
27763
19138
22852
23873
21908
22604
19107
23331
21839
20120
20520
23445
25105
20827
20407
22725
22871
24102
23875
19100
20876
23773
23210
27261
21138
24029
21718
18725
18996
20599
22876
18488
19716
20348
24685
27063
27365
22793
23911
18794
22811
26005
20407
24561
21890
24563
23668
20396
20478
22964
19537
21809
27752
25150
20322
24474
19106
22127
23925
20647
25250
25858
22401
23653
18811
19178
20627
19750
21325
19421
24576
20797
23859
20026
24335
25092
21270
22433
20684
25176
18683
27797
19222
19293
23899
27465
23100
18775
20989
19198
18692
23909
19537
27751
21650
23980
27706
22725
20105
24219
25790
18473
24690
21568
18800
19184
19216
20589
21683
23323
27872
19592
20299
23902
21135
21551
24905
21387
22673
20851
22608
26760
25254
19929
23709
18484
24095
24987
25769
19238
22143
24561
22763
22365
24771
26817
26216
19377
19563
22760
18977
25621
23639
22737
22767
22735
24618
19771
26807
22441
19989
19263
22213
26569
24813
27388
18526
23669
25776
20348
22083
18555
20864
23322
20594
18662
23627
18629
27526
22027
23202
19241
20553
21973
18930
20795
18808
21914
21951
20381
23759
23718
23753
23224
25421
18539
26983
25831
18663
22216
25502
25426
19126
21157
18719
20659
22190
23655
20000
21876
20306
22088
18702
20451
25996
27552
20005
21905
19639
22789
25009
23207
23249
22086
19493
18557
18974
18960
19670
19739
20125
19667
18737
20009
22621
18674
19388
23092
21463
22778
22626
22872
19666
19708
22648
19188
21958
27713
20965
22076
25515
19046
20332
20590
22731
20116
22830
18631
20602
21868
22110
22897
27371
25336
27467
22109
22234
21836
21933
20221
25422
27091
23782
22422
20615
27437
18757
19035
23457
21756
18562
18593
21026
24187
19049
21101
21326
27605
27699
18938
19033
19813
20118
24536
19571
19801
19438
20571
26735
21927
24900
18868
22186
21589
25160
24756
22722
19388
23872
24075
19273
21920
25102
20235
25451
19072
20056
23910
21428
18677
22009
21782
25197
21883
27685
24576
25181
21251
22175
25280
20877
20233
22161
25824
20031
19826
25405
26516
21434
22144
24787
26555
25022
22776
21536
23328
24038
25802
19647
21008
21092
19020
25447
19926
27727
21493
21893
25430
27821
25918
19589
20013
20810
23408
25419
24144
27809
23606
22585
27516
25924
23161
18865
23445
27460
24376
27775
19354
21779
24060
19182
23573
19162
21209
21978
24649
18633
22653
25621
21667
27527
19724
24120
18713
18870
21335
24797
22500
25889
27242
21040
23938
27161
23068
21022
23955
20860
20073
20653
20713
24019
18987
23665
20548
22881
27148
27181
23086
18755
27354
21306
24235
20466
24985
22320
22527
24979
19899
18926
22466
22234
18810
27426
21759
22413
18894
24672
24433
23038
27299
18919
21744
23721
21799
23483
22555
20211
21757
22796
18939
21473
19374
24028
24341
19158
20123
21312
18942
23712
26063
20874
22450
25664
18963
19749
27461
21141
22839
25152
25345
25409
19744
27573
19167
22219
20586
23146
25596
21955
19032
19229
21539
22653
19255
23845
19731
24937
18926
24831
21498
20283
21050
21989
22600
23795
22965
21451
23066
26577
25365
26777
19506
19650
25679
24484
26754
23856
24919
25698
19777
23430
19837
18996
19297
20281
19677
27757
27929
22565
19535
23031
19419
25864
22707
27031
24859
20316
20662
21728
23057
19922
19833
20645
24240
20907
23837
19789
21278
20301
23447
22453
21821
24253
20660
20895
23794
19169
21262
24296
25351
19401
24213
19878
22137
24942
27923
20498
22568
25110
20675
27453
25026
19436
21422
21222
23131
25100
18965
23153
24780
21405
19933
27773
27878
23274
23804
21194
20557
20564
23073
22755
24214
20119
19366
25475
23152
23892
20970
24828
18784
18824
21390
26929
19832
22629
24014
24113
19530
24363
21249
21800
24917
19345
20910
21659
21277
19542
22301
24692
19489
20596
24514
21307
21603
24982
19769
20158
21162
21872
22305
25842
19388
19132
19295
24190
22165
22937
25696
27033
19067
27255
23521
25407
18978
19094
21495
19052
19234
20065
25273
21291
27342
18877
24014
27425
19178
23058
19228
23866
19143
23290
19270
21318
22217
24703
19626
20871
23319
19045
21644
19433
20497
21446
23789
24509
18937
20875
21731
26340
19293
21979
23971
20628
23347
21582
22224
23621
19153
22926
27728
19026
19392
22516
23046
22629
22443
23586
22238
22812
20630
23210
23949
20112
25004
25947
23423
22386
25612
26947
20416
24072
19201
24432
19900
21688
20770
20802
22500
18869
19038
22360
19353
19555
19346
25499
21533
22925
24877
22203
22739
20981
22909
25625
27422
20494
22886
25890
20657
22081
22186
23630
24029
24405
26072
19525
19669
23107
20672
21208
19716
22619
26388
20615
22967
22411
24168
22086
22771
19991
25598
27315
27739
26205
25326
27434
19267
20028
20354
18966
23836
25822
19305
25478
19552
19946
26291
19735
20807
21186
20805
27575
22336
21123
27448
18900
20598
25795
19794
27514
22681
25061
23292
22271
19314
19825
19906
25718
19493
20785
21967
27133
23790
26085
21855
20883
26366
19057
22178
23917
21003
24383
25606
27558
21886
23719
22913
20734
23507
26635
19779
20046
21596
20545
21214
22053
26196
21972
22532
19877
19340
19892
20795
27260
24445
26124
20621
24912
20164
25001
19033
20530
24276
19308
19589
20022
25125
25653
24508
20904
21416
19057
20395
22053
20030
19835
21345
21661
27563
26205
20296
23239
19867
21540
23564
21192
20619
26874
19701
27766
20001
20125
20613
19991
23611
20433
27217
19082
21185
25082
22689
24828
26241
20227
21054
22554
19116
23507
20848
21112
19556
20834
23949
25812
27629
20116
23577
27214
19629
19180
24229
25050
22018
21756
22696
27015
18991
19076
20464
22054
21774
22577
21167
23393
19929
22182
22506
19273
25611
26878
25325
19721
25864
20002
20346
23034
19076
24730
24666
19701
23601
21943
23359
24366
27840
21358
19817
22950
24021
20919
24542
22042
25457
20352
21866
25177
20636
19543
20671
24846
19876
24994
27734
23302
21484
19226
26249
27774
20156
22831
27179
24243
24398
25952
27222
19996
20323
24041
25190
21151
23802
27457
24427
23661
20121
20707
27856
19289
19917
19250
27390
20313
21138
26064
27266
19392
26540
23292
20203
19484
21431
21300
27167
21352
24343
20990
22285
23689
20041
20208
22260
22999
22054
19343
24031
19262
21085
22502
20033
24748
27073
20165
27008
20664
21369
22042
26818
19886
22520
23561
25555
21342
22589
22270
20786
23210
20783
25058
23576
19288
26731
21632
19372
20211
23736
27266
25288
27253
24498
26044
21724
20244
19651
24978
20346
22323
23354
21127
23786
22780
20186
20257
19324
22100
19368
20371
19812
26588
20836
22840
19410
25203
22208
27617
27858
19994
23434
19898
24335
19269
22458
19580
21495
25998
27215
22005
23139
21373
22546
21610
22105
20752
23124
21154
23887
26846
24104
22029
22835
20279
21114
27396
21027
24346
26009
25139
21974
23577
27214
19378
24432
22637
23357
24994
19274
24261
19246
19570
22131
21379
19511
19809
25522
20962
19207
21465
25134
27690
25249
23853
25722
26189
19693
23184
19269
20127
19292
21269
21447
26681
22187
22027
21905
23200
25665
19964
24676
20491
24645
20834
22643
22579
23579
24988
27670
19277
22879
23883
25371
21507
24470
19743
21639
26696
25147
21203
21372
22022
19221
24327
22006
26324
20191
20481
24973
22041
27729
19435
24925
21753
20333
22504
25450
19234
19287
21889
24082
19378
20817
22307
22387
20411
25216
19318
21381
23989
23458
27277
22511
22636
22115
23995
23599
19180
22626
24793
19881
21613
23315
21741
23346
25416
21065
21293
23674
19406
26194
21036
19575
22238
24591
19751
21994
21718
26396
23861
25131
20989
22234
27166
21774
21936
24775
22503
21513
23888
25917
19441
26687
20984
21570
23807
20642
19829
21712
26164
19489
23393
24602
27640
23074
23505
27777
25327
27779
20359
23543
24721
27305
24606
21383
26345
19492
25364
23094
23964
19726
20358
20559
21479
25420
23248
19266
24408
25669
19438
19371
21581
26547
20582
24803
22762
27773
24740
26853
20205
22206
23079
20401
21737
23819
24276
20714
25120
22550
21660
19971
21312
19500
20424
22420
22389
19263
20308
20553
22070
24318
21371
23797
20367
19705
20657
21720
19304
25733
27631
21476
22185
26107
20382
23940
26712
21919
19673
23733
20908
22287
20514
19729
20525
22845
25258
26466
20810
21089
20646
23854
27059
20814
23513
23439
25388
21247
27041
24799
20968
22553
20087
20818
20708
23496
19418
20574
22183
20502
22037
22106
22468
24835
20786
24071
25616
24942
20858
22097
25580
21361
19977
20356
20319
20545
19985
23454
21617
26730
20970
21256
21624
24246
21874
22333
20730
23208
25221
20281
25044
24697
22201
22651
23774
24040
26019
19336
19921
21518
23464
27630
25172
19885
20288
20022
23984
24378
21880
22542
24350
25944
21340
20902
21383
20632
25057
21559
22205
23706
20330
20473
22420
20040
21401
22050
23314
24443
23206
23486
24158
19425
20533
25575
27072
19761
22334
20853
23898
27703
24739
19787
24905
20988
24062
23664
24096
26941
19679
26135
21686
25680
19405
23477
21210
19473
19592
22327
20250
24817
27622
26183
22380
23502
21154
22138
22307
27089
24340
20561
27432
27035
21483
25433
27446
19807
23161
25275
22438
19434
20117
20249
23005
25417
20526
27812
20166
22813
22902
23526
21023
20444
24939
24707
20564
23942
19729
21160
22282
26407
20428
25459
19686
20588
24752
25350
19928
20865
27710
23839
20669
23533
19881
21834
22128
20494
23147
22513
20927
21931
23790
20822
21964
22156
24736
20188
25305
27862
25182
19706
20164
20222
22130
19703
23619
25801
20765
25467
21967
23264
21167
22778
22450
24783
20734
20847
21555
23225
23708
24426
21309
21347
21300
23173
24522
24760
24746
26701
19921
20617
22477
23054
19976
19606
21826
22456
25267
26669
20420
20805
25334
20768
23511
19950
22604
19600
21949
23675
23890
24890
22724
20574
20850
25470
22251
24160
22406
23549
19557
21161
26524
21647
21596
21107
24116
25539
19762
19447
23340
27806
19978
21369
22042
26012
19546
22845
23360
24925
19494
24222
26087
24148
24654
21190
22214
21657
23868
19971
20109
22341
22993
22797
24057
20214
20226
20376
20961
21486
22841
27933
22542
24097
22407
20447
20852
25130
23098
25183
21328
21798
23702
23162
19837
27765
20124
20181
19658
23509
25335
24060
23770
21896
23221
25756
26184
27235
19688
25411
21987
25627
25746
25187
24698
26637
20515
22358
19509
25318
20987
20483
27244
24252
20544
27271
22565
20497
21340
20663
21562
23465
20391
23610
25370
20757
24889
27834
24978
19708
22648
23197
24988
26144
20517
21613
19545
24845
22188
21568
23806
22116
22638
20337
21936
23280
26412
23823
23777
24050
20040
23905
22221
27862
21759
20959
25731
21104
23399
22194
23566
20182
20587
23046
21098
21800
24981
26636
25746
21121
27576
20733
25211
19942
23271
20821
22195
22344
23475
21877
23176
26127
19596
20043
24363
19647
19909
22046
22620
20426
21235
19876
21531
24288
19709
20021
25138
22837
22526
22966
20321
20513
21772
22263
19938
23177
20646
23969
27058
25485
27060
21864
27523
27183
22768
23244
27762
22495
20834
22134
24309
20738
27834
19572
20488
25240
20089
27037
23796
24109
21254
22374
22129
23524
21693
20326
21317
22623
25434
27174
24769
22306
22311
20303
26066
23936
22864
21271
22111
22126
23241
22152
19775
25816
27930
21496
21034
21401
23301
19736
25439
24960
27825
21503
22496
23101
25192
26683
22455
21008
22714
23941
22631
23984
26128
27678
20043
25828
25546
23977
22268
19692
22995
22094
23137
22397
25971
20971
23896
25401
20284
22648
26673
19678
25527
23814
24337
25095
19903
25599
21371
21681
25968
26708
21414
24717
23373
19955
22276
27697
22263
24658
26793
21568
26628
24255
27415
19858
19889
22534
24564
21405
25285
22971
25179
23218
23953
19695
20141
21517
27193
24048
26886
23150
22329
24431
20650
20988
24045
21319
24829
20752
21691
23866
19888
20523
22742
20792
21107
22669
22372
22712
23975
24396
23341
23483
19870
20198
21995
20159
23761
27692
24767
20098
23966
22230
25456
27125
20101
20726
20345
21540
24527
25775
22156
22465
27339
25778
20087
20543
20861
21145
22133
26673
20003
25204
24042
20539
22228
23211
23855
21314
25261
20733
24512
25687
19739
20092
21457
19791
24132
21681
21722
25605
27285
21139
22025
23014
20174
23243
25414
22081
25280
20334
20204
20487
20959
22409
19962
24140
21297
21884
23180
25562
19900
19922
25745
23625
25977
27194
21624
22817
21713
19905
27426
24554
24656
27450
24300
20686
20988
26070
20560
23667
27836
20657
24029
20164
25185
20019
21302
23605
24722
25196
23413
20938
27556
22153
19951
23895
19983
20499
19866
25072
21423
21067
24934
20014
24684
25942
20097
20358
25398
23461
23742
25143
23994
21784
20552
21526
23674
26160
20214
21186
23635
25395
22596
24949
25072
27837
25421
19870
24092
24877
19821
21993
23486
24416
22990
23429
23703
26860
27043
22828
24320
27462
20863
22804
23301
24568
21662
20517
21613
22854
25837
20436
21302
21444
23072
19887
20660
25474
20284
26157
25804
24036
23311
23896
26998
24769
26800
23838
24259
25042
21518
23500
25576
25497
24347
27168
21620
20691
20988
21035
24378
25477
24979
22294
23729
20046
21096
27559
26015
26037
22970
22456
22571
21919
20085
25491
21445
22226
24525
22219
27507
20781
25759
25512
25264
20919
27165
20604
21685
22664
21165
25902
21109
21427
22033
24689
20595
24471
22484
21602
25400
21574
27780
20038
27273
27472
26621
21023
22935
24060
27484
20031
22576
23052
24605
27281
24662
20642
24208
19834
24353
20656
25337
24541
25363
19931
23191
21827
21917
22054
19884
22773
20626
22385
24728
22442
26517
23559
22992
24467
23499
24814
25806
21843
21630
24361
20009
20596
23660
23671
25413
27766
22155
24329
20149
20937
20077
24261
20904
22654
20140
20768
23047
26907
20434
22907
19895
26603
21017
23069
20193
23208
24716
21968
24325
22698
20110
21506
20208
24649
27599
20209
20411
20687
21233
20658
21305
21140
24429
25448
27621
20608
20699
27128
21113
20034
21447
22377
21637
20230
20310
22898
25039
21671
25571
23455
26101
20351
24405
27347
20190
20567
24172
25591
20299
22743
23194
21373
27733
25693
21579
20683
24888
21175
21359
24424
24774
21142
25413
20330
22428
23019
21621
20608
23512
24345
21268
21321
25138
26645
25068
20908
20047
20555
22510
23122
24392
20389
22741
23251
26210
24721
20601
22711
22285
23159
20632
23633
21106
27938
23490
24546
22162
26582
21285
23004
21817
26190
21953
27907
20750
21277
21514
25068
23142
24462
23384
22233
24805
27846
20067
23874
25984
27726
24624
20578
22015
21102
20880
27582
21289
27773
24426
27003
21632
21960
24773
20749
22952
22019
20055
21102
24275
20532
25029
26224
22972
25992
25935
21053
20001
21178
20280
24911
21224
22519
23651
22194
25821
21875
24149
26937
21007
21748
24004
27435
25217
23170
25280
26079
27847
20412
23870
26598
23045
20900
25702
24107
24292
20201
21109
24054
27307
20992
21715
27812
20325
26378
21758
22127
26165
20065
20109
20198
23349
21248
21863
20356
20398
25511
27799
21196
21466
23550
20282
20315
27698
23599
24141
20960
23352
20499
21814
21956
23317
25478
25516
21448
26743
20202
22429
24434
20239
26105
21899
25629
25833
21197
22312
20408
22038
22756
24729
21710
24560
20323
24302
21880
24068
20054
20993
23734
24906
20799
22968
21584
22281
20053
24433
20122
20712
21583
20540
24157
24167
20302
20405
24278
20719
21163
24743
22887
24268
22609
22407
22507
23545
25463
21903
20580
23839
21894
23603
27099
20322
20476
21879
21635
27572
20829
25294
20419
21194
24651
22553
25015
22310
22857
23842
20337
22460
21767
25820
21385
21447
22072
24827
25509
23205
25793
27471
25973
21864
22930
21136
20590
23407
20443
23611
25367
22146
20789
23910
24725
21999
25330
20701
21579
20466
21618
23198
21992
21238
24312
20255
20167
25916
26467
21430
24388
20568
23602
25918
20199
25011
20167
24251
27653
21020
22509
24634
20261
25645
21135
25141
22106
22881
20985
26105
22824
24468
23261
22729
23051
22611
27530
24830
25110
24417
20861
25668
20207
21076
23268
24217
20768
21324
22944
20363
21457
22320
21014
22198
24175
23168
20268
27146
24120
22715
26572
20142
20196
21761
20354
20968
22656
23096
22388
20448
23036
27153
22140
26140
20623
20895
21215
21506
24888
23199
24185
23651
21723
23923
24463
23518
24754
24809
23721
23358
24469
24210
24282
22606
22974
20401
21590
23071
23687
21385
22458
22455
23307
24751
25933
23005
23478
20993
22594
21350
24716
25608
20826
21888
25255
23159
24289
24788
20516
21973
22532
22968
21304
27142
23207
24520
27438
22192
24952
24898
20547
23593
20508
23287
24918
21504
25022
23762
25521
22794
23626
20943
21638
22485
22833
24644
21939
22747
22661
23143
20800
22987
24452
21731
26687
21694
21873
20998
24241
23495
21913
21536
21602
22512
22951
25356
25735
26487
27830
22828
25601
27076
22479
24169
22197
23211
21249
24935
25726
20401
20451
26644
20557
23489
25295
24203
20257
26290
20341
20723
20461
24912
20685
25631
25599
22525
20360
20913
21227
22723
25923
27540
21889
22793
20786
21766
22217
20977
24494
21028
23377
25964
22061
23132
23299
20305
23846
24736
22644
27598
20411
22293
20384
20649
22777
22975
23231
20226
20710
26945
20631
22579
20561
23844
24518
21017
23349
21265
25743
22130
25308
20581
24860
21609
25737
25891
20812
23077
23099
24836
23164
23245
26263
20914
22859
20347
21001
22199
20248
23196
20760
20849
21155
25212
24793
20493
23723
25033
25293
22692
22830
27681
20247
24899
22101
24370
25669
25840
24320
26237
21166
21473
21567
21400
24169
25979
21378
21390
23454
20873
20980
22538
20380
22242
20872
25364
27934
26024
22793
24167
21180
21495
25783
20826
21691
21976
25381
22404
25384
23326
20537
20765
21781
26109
20646
21966
23806
21166
21473
25668
27170
21047
24769
21735
23284
24397
23689
26015
22647
24043
23438
20723
21410
23442
24413
20492
24279
21909
22575
23698
23859
24318
20381
21088
24632
20562
22865
24454
25699
25185
25217
26996
22277
24669
20405
21497
25814
20538
21332
24385
27087
27325
21031
25034
25504
27391
22070
25021
22694
25569
26078
21897
23790
21170
23139
23433
24404
27699
20662
21583
22736
25302
21499
21586
27597
20498
20606
24849
21593
26872
25506
25695
24586
20697
22368
22414
21509
20365
22773
20845
22635
24643
20394
25115
23331
22027
27208
24653
22371
22593
24871
23352
24786
21410
25831
24856
23105
25274
23071
24759
21886
22073
24868
22913
23741
23933
21754
25290
20414
21792
24787
24889
25349
22480
20432
24391
20913
26591
20721
23875
26293
24599
20664
20682
20759
20682
20501
25303
21336
27348
26177
24585
25729
27882
25597
26741
22171
23402
27430
25081
20426
23031
20527
23300
26031
22242
25473
26714
20925
24945
20491
24166
22103
22294
23357
21493
22810
22255
22365
25617
21582
25688
22828
24735
21776
21273
25998
20673
21707
22682
20415
24718
21405
22085
24774
22349
24386
20836
21159
20793
27497
26447
22180
22192
24326
24239
21941
22364
23615
26240
20937
23815
25112
23045
25223
22842
26670
27318
21213
25318
22465
25453
22003
20512
23048
21623
21822
22800
21351
23268
23965
22134
22149
20895
21265
24480
24984
20672
24806
21434
27886
21121
21415
23276
25222
21103
22157
20777
22302
26658
25194
23064
23163
26992
22291
25877
27362
25768
21700
22839
20742
21515
24634
24995
22940
26823
22169
23746
21477
21943
21994
25151
24608
25289
26647
23355
20713
24897
24902
24975
21461
23617
26936
20839
21247
27759
25922
22160
20689
21435
23496
23957
25024
27889
25633
27854
24864
21273
21625
20960
23352
27590
26382
27695
23590
23946
20948
22362
20693
20725
24625
21931
20771
26130
24133
24980
26794
24426
22436
25916
25372
22116
23894
22986
23106
20606
22568
23750
22259
23385
20952
21049
21408
22578
24695
23050
20976
25591
23033
24558
24751
24061
26180
26610
21593
21733
26001
21517
22190
25763
23016
20544
21122
22150
25980
22473
23552
24475
21366
24323
21985
23531
23541
21722
27708
20953
23030
24463
22947
24159
23424
26132
22096
20892
23204
24276
26999
27625
22178
26441
22687
22976
25615
26379
23374
25073
25840
25554
21204
21468
24922
22933
26394
25330
23247
23400
21316
21382
23470
23044
24832
26694
20600
23815
24591
23355
23565
24849
21906
25956
24703
22867
23061
22907
22359
23249
24429
21944
23347
23316
21610
24248
24007
27208
25251
24048
20993
20685
23413
22288
24214
25134
20602
23209
22254
24063
26020
27803
20784
23723
25930
22015
23561
25955
22786
25962
24576
27392
22085
23682
21770
23609
25214
23264
25225
26317
27092
21030
23475
22534
23512
27210
20844
25976
23989
27291
21050
23427
24586
24707
22559
22047
24626
22145
24607
24881
22320
24652
21689
21711
21524
21697
25389
23543
24651
20666
25893
25670
20829
21009
21769
25275
23861
25692
21951
23853
25555
23355
20814
21085
23990
24355
23089
23957
26067
23428
24009
25254
22417
24961
21298
22434
22520
27385
22579
22771
24488
25937
25327
21201
23148
25535
25204
22809
24974
22148
24101
24232
23908
24208
21463
24372
24485
22125
22829
25873
22024
22644
23163
24437
21085
22521
22697
25628
22374
21818
26103
21655
22099
22655
21157
21242
23302
21424
23697
23165
23797
20755
21219
23578
21998
22720
27183
20826
21691
22966
25031
21438
25456
20822
22013
25302
21067
22964
25320
22784
24618
27496
23413
26775
21789
24196
24295
24842
21070
21423
26042
21035
21292
25757
21209
21653
21822
25198
23597
22732
22829
21759
24822
20725
25614
27447
20833
23034
23071
26220
24115
27849
22326
25308
21344
22875
22386
23489
20814
20842
24355
21905
22874
22869
23313
24342
25582
26302
21087
22488
23305
23460
20764
26023
21061
21619
21865
23076
22501
22826
23875
24715
26722
23480
21243
20852
21540
23318
23482
24974
21677
26969
21911
23953
26129
21449
21660
22596
24849
21648
20794
22984
25667
25163
20958
22688
27851
25724
22695
23178
21105
22628
23912
24064
20767
22781
22256
25193
22505
22672
24393
25352
22937
24039
25283
21001
21058
21600
23520
27833
20926
22177
21085
22521
24295
21549
27341
20799
26667
25437
26893
22438
22685
25944
23216
21601
23818
24556
22565
22218
23380
22351
26269
23930
22549
22202
23397
25248
23724
22627
26094
24728
26117
25033
22088
26541
27135
22988
23089
22203
22508
21150
21815
22818
24100
22492
25970
22038
23261
26738
22945
25495
27330
21305
22617
24587
21488
21560
22751
25379
26034
23200
27677
22170
23741
23684
23808
23557
21624
23705
26277
21656
23405
23509
23151
24138
21377
24129
20956
20872
22959
25171
22312
26968
25668
24347
25050
22494
24023
26193
23168
22586
24285
20933
21019
21071
22468
22789
27408
23352
27510
21550
24098
27610
23632
25198
25631
24254
20917
23371
21565
22724
25866
27760
24547
27384
25096
21802
22200
22704
27597
25581
21360
21987
22896
20994
23134
21253
22596
24655
21551
25903
27702
20945
23037
23195
25282
25941
25076
24664
20953
22634
21823
21485
21608
22999
21439
22036
24441
25223
27711
26979
21693
27573
22213
23042
24987
24785
27639
21683
25401
22999
22956
22776
22050
23754
25777
22181
22233
23724
25133
21313
26815
22100
23341
23946
23824
23908
23707
21676
22345
24890
22787
23479
24530
22752
25359
26386
23675
23365
25574
25068
22158
23953
20907
26353
20996
22676
22197
22834
25363
22114
21032
20916
25725
22638
22859
26974
21144
24892
27493
24042
23998
24523
22279
25794
24956
27879
21804
22392
26328
25020
21349
24000
24004
26844
21217
25232
25760
21005
25378
26819
21974
22476
23186
22450
24152
24384
21194
24277
27554
21151
26690
21318
23496
24472
21644
25031
21575
21734
21995
22785
23548
22914
24817
25990
22362
24640
21997
22702
26241
21282
24529
21581
23923
23464
26661
21272
27211
22362
22946
24437
22146
25186
22062
22698
27223
26350
21260
21459
23997
22841
26511
23694
21816
22410
25271
21346
22004
23654
25358
27189
21109
21831
25789
27913
22924
23183
22375
23812
21263
21367
22253
27502
23108
25910
24352
23757
24227
23159
26183
25335
23617
26935
21444
21901
22303
22621
23425
25898
21058
24759
25406
26542
23830
23867
22745
25469
23090
21056
24767
21788
22380
23402
25444
22269
23024
23603
21548
24990
21090
25747
22894
21355
21868
22471
22009
25093
26071
27829
27882
23652
24060
27545
21829
25005
23706
24609
25041
26685
21462
22732
23984
23962
24570
22210
24235
24879
25267
21945
24660
25301
25620
27357
25661
22761
25189
21291
21151
23802
27809
22921
25780
27698
21464
23099
23298
25151
25759
24445
25795
23415
25078
21758
24857
21778
22014
22550
22883
25623
21640
24256
26077
27855
22603
21330
22216
25502
21423
25675
26061
27407
21329
23125
25788
22536
23942
21978
23965
22528
24869
21528
27279
22444
24983
22715
22173
24950
23351
24538
26310
24031
21919
23901
25256
25493
25166
27175
22714
25738
25975
22721
23427
26764
24910
21688
23752
25628
23363
22182
25754
23628
23924
25218
22669
26478
23426
25441
25792
25362
22467
21280
22896
24176
21557
23619
22259
25716
27316
22700
23554
27131
25571
21415
27577
21381
25991
24162
22152
25561
21884
23097
25520
22260
24538
25538
25087
22110
22803
25728
24408
21895
21941
22364
21299
22025
25922
24643
21216
25278
26348
23371
25396
24732
26146
21235
21964
22465
25380
26392
25279
21205
22366
23250
21957
22162
21209
23727
27845
22475
23126
21279
22602
22293
24482
25384
22953
24278
22091
27594
21311
23906
25813
23994
22295
25321
22478
21670
22141
21359
24026
24233
21534
25869
21584
22289
22957
22391
24596
25656
25622
21687
24427
21820
22753
23571
21398
25782
25176
26841
27199
21544
25297
25390
23983
24415
25981
25963
22748
26328
21907
23418
24077
27106
21781
26031
21232
23361
23051
23383
24046
24158
24459
25155
25359
26002
23926
23935
21445
23467
21957
22162
24784
22143
26049
24031
21286
22382
23999
24972
22083
22424
23754
22440
22040
22463
22807
27548
22030
21764
24137
21791
24870
24173
21757
22975
26179
25754
22594
23243
27091
27130
21271
24747
23257
23879
23900
21937
24701
22766
23843
26275
22051
22342
26189
25316
23665
24822
21970
25829
25237
27883
23766
22722
23025
21589
21969
22969
24209
25622
21367
22878
23681
23794
25544
22335
22452
25645
21321
25960
22533
25285
24762
27209
27226
21588
24247
22570
24724
24833
27293
23591
24092
27505
21360
23012
26090
23580
21471
22273
25641
25632
23004
23748
23992
23473
24349
24717
21716
22205
22705
21698
22283
21404
22437
22262
24904
27668
23522
22134
22174
25863
22784
23121
24618
24378
21311
24234
25435
22230
22314
23538
23027
21672
23922
24233
23954
21887
27934
24046
25358
24424
24774
26004
21417
21692
22021
23214
23745
24218
26939
24187
25902
21342
22071
22589
25847
24254
23039
21643
21426
21667
24500
27657
23332
24364
23946
21487
22304
23792
24685
22815
25558
26244
27562
24775
21626
22452
22545
22563
25788
26346
26111
24131
27500
23310
24259
21704
21943
21652
22730
23293
27509
24135
25414
23915
26203
25380
26099
24782
23398
24322
24722
25730
21420
27800
23948
24053
22742
22514
22005
23331
25541
26029
26929
26108
23526
21773
24908
24663
24737
27631
22072
21771
25704
23614
27413
25131
25124
22962
24277
25593
25797
23142
21421
21623
25061
25682
24196
25882
21864
25594
26366
22434
26024
25661
22035
23618
23988
21609
25577
26702
21578
22995
25883
27272
25676
27475
25353
22021
23255
23747
24199
23893
24989
25861
21623
24382
21803
22791
22607
24475
27656
21831
25510
24950
23607
25950
24493
22490
21822
25684
25312
21510
25895
22422
23023
21646
23504
24156
22908
25785
22523
26253
27615
24551
22388
24631
25559
21521
22343
23254
21959
21844
23810
24456
26263
27621
27768
21569
24700
27776
27836
24713
23287
23969
25643
27058
22909
23610
27256
21694
23523
24414
23290
26028
23122
23132
25471
22354
23343
22448
24162
26908
24430
21663
22462
23169
23542
21704
21739
24125
23676
25139
23548
26116
26639
21936
21608
24137
25339
22879
22170
22543
25553
23395
26399
22977
24037
23333
21612
23887
22723
24223
22200
26214
24020
27782
22402
22691
25234
24874
25875
21825
25063
22689
25678
22595
22113
26160
22727
24955
26045
25556
22815
21937
22309
24023
25459
21839
22149
21779
22663
24234
25052
26008
22867
25304
21575
23195
25986
23832
24661
25157
23885
25912
23992
22307
22903
25473
22719
24164
21666
22812
23696
25825
22078
22558
26220
21751
25296
27206
22239
22241
26313
21763
22652
24258
23710
22630
25715
23710
22995
25977
21560
27796
23665
22340
23308
24476
24015
24228
25158
27346
27795
25419
23329
24932
22939
25442
22724
24323
21636
22953
23451
27585
22713
22400
24870
22000
24392
26606
23865
27744
21837
25637
21793
24113
22525
22988
24185
22353
23746
24553
21900
22736
21769
25483
26138
27596
27220
22767
24374
24501
25600
26243
22067
21647
21780
22176
23088
27712
22627
23520
26098
25207
24151
24811
23121
24338
22342
23093
21859
25685
23346
22240
27170
24049
24815
22050
26905
25647
23887
22052
21857
25849
23919
24698
27506
22786
23933
21708
27630
23359
23798
21885
21650
27708
26888
24391
22672
22750
25934
22055
24296
23618
25796
24910
21641
24902
22396
23822
24466
22432
24930
24892
25782
22082
25440
24946
26226
22332
24470
23728
21872
22674
25574
22729
22730
25551
27452
27521
22099
25794
24412
26042
22138
25948
22142
25680
22528
24487
23163
24761
22812
23524
23209
21953
22773
27908
23002
26917
25978
22046
27537
23362
24191
26185
23084
25019
22740
26239
27794
22513
25092
23172
25298
27440
22742
23988
27319
23537
22370
24179
23525
23836
23759
25397
24645
21711
27493
24670
23008
27345
24305
22996
25733
26684
25799
26898
23666
26142
23332
23976
27768
22199
22122
24962
25817
22560
23587
25956
23428
22356
24843
25434
25750
22710
24449
25673
25908
21764
24814
23653
24354
21750
23770
26428
27811
25536
21828
22440
25487
23958
24163
24490
26074
26941
27709
21826
25170
22135
27750
22691
22187
25159
23057
24790
27905
23412
25007
26032
22680
26170
22464
25586
22671
25313
21962
25740
22907
25107
21942
23771
23781
25023
23257
24114
24705
23413
26027
26197
26985
27349
23146
24524
27156
24230
24442
26468
27462
24128
24210
25616
27121
22201
23104
23442
24894
23677
27541
24594
22779
24749
21938
24476
22709
23056
22440
22893
23015
25055
22139
22655
24908
26348
24840
26459
22438
22176
22925
24877
22943
24407
23932
25499
22168
23700
23362
23368
21982
25940
22192
23752
25681
22690
24619
24782
26141
23533
26811
25856
22714
23702
22379
23702
23941
22649
24110
25306
22512
24473
23697
23813
22981
23678
22411
25294
26500
27539
25001
22049
23569
27649
24838
22003
22281
25717
24079
24600
23111
22524
24349
23631
25767
27918
22225
22430
22336
25400
24882
23504
23635
24470
24422
23061
26103
22316
22414
22133
23683
24032
23519
22545
22672
23215
24923
22149
22895
23872
23738
25888
25928
25865
24379
24566
25229
24694
25630
27276
23402
25030
25610
25468
24338
24109
24609
25301
24231
25884
25952
26671
25876
25708
22464
25968
25886
22918
24796
22621
23728
25386
27323
22145
24540
25732
25939
24275
22305
24372
22060
25319
22532
25786
23695
26055
26665
23140
27853
23608
23433
24404
22318
23473
22531
26268
24698
27935
25585
23454
25249
23739
23809
25735
23785
27766
22622
24200
24777
23144
23905
24700
25697
25771
24577
27468
23485
27445
27860
23029
23319
24398
25817
23833
24587
26429
23632
23273
24526
27831
22023
27624
23982
25371
23258
25924
21965
26356
24283
27127
23367
23487
24764
25671
23549
25387
23119
22101
22846
26251
23760
24678
26595
27274
21983
25314
26565
22863
23550
22767
23212
26056
23589
23091
24038
24197
22001
22217
23326
25375
27094
22564
22024
24672
23798
26243
25214
22268
25252
22477
24034
24403
27543
22426
24228
22890
22375
27812
26379
23007
26186
23468
24640
23374
25481
23038
27377
24997
25073
23456
23049
23168
22692
23303
24866
27792
22382
22598
22043
24645
27748
24331
25078
23881
22111
25784
22009
22215
22379
22765
25787
24499
25751
22031
26068
24583
24597
22518
22903
22937
26188
27572
23037
23455
25646
27606
25263
26149
27184
22607
26474
26605
22741
24959
27871
22849
22092
24516
23003
23391
24265
24885
22215
24051
24070
27798
27874
24653
24298
27644
25452
26195
23188
22488
22852
23177
24742
22107
22543
22659
22808
25851
22788
25324
22326
23938
23955
24550
25045
25137
26208
24121
24527
22578
23322
25442
24590
25721
22699
25541
27288
22317
24819
25169
22693
23581
24706
23752
24645
22405
23854
25565
22680
22876
22686
24087
24104
24248
25202
27893
22890
23578
22270
24665
22913
23176
23640
24872
25097
22901
24088
27850
22690
23087
25484
25851
22337
22983
24270
23398
25316
23451
23715
22095
25552
22121
25226
23527
25964
25694
24206
27570
23027
25632
22769
25933
24492
25161
22789
23918
25009
26178
26398
22321
25884
24464
25427
25515
22894
24664
23386
24574
25036
25082
22846
22191
22243
22303
22294
22540
23295
22209
24521
22337
23310
23773
23219
27182
25512
24017
24287
25640
25870
27078
24193
24425
22229
24841
25146
22634
24857
25909
22726
22391
22601
25723
26349
25778
23213
24237
23768
24449
24045
25893
25005
22414
24170
25054
26124
25770
23583
22956
23108
24674
25148
25287
23187
23944
23194
23448
25217
23708
26046
25927
27579
26006
23558
26735
25929
23059
25501
24735
22866
25677
25385
22619
22492
22944
25970
23783
24798
23218
24733
25244
25917
23736
22567
22176
22471
23471
22686
25736
24694
24738
23306
25461
23568
23350
25310
25449
24874
25650
25192
27821
22233
25080
27842
24181
22879
23549
27421
23542
26299
26003
22220
22678
22663
27337
24195
25634
22825
24952
22778
25183
25243
25822
22834
25528
22566
23432
25883
22302
26617
22508
27717
22770
22901
22656
23563
23722
27633
25556
23443
26120
22251
23582
27016
24432
26104
25923
23915
24846
24893
25491
27861
22280
25458
25074
26417
22445
24340
25071
23166
24749
26234
25106
25854
22341
22263
25300
24683
25463
24805
23107
24117
24512
24425
22908
23540
24344
26983
22564
26089
26182
22431
25501
25229
23690
22437
25064
26123
22310
26270
25358
24581
22772
23014
24886
27693
23710
25819
23435
24992
24588
25559
23319
23994
23150
25520
22698
24025
22467
24545
22743
23546
24697
23005
24787
23343
24073
25824
22390
22847
25962
25391
23867
23126
23766
25943
27542
27600
22849
23687
23727
26369
23535
22792
23494
22426
25576
27228
24283
23682
23967
26606
24205
25941
23729
25758
22951
24992
22873
23230
23685
22837
22431
22573
26339
25049
24490
22847
22985
24723
24197
24183
22396
23822
24383
24914
23928
24074
24943
25727
22850
24827
23690
24314
24613
26191
24170
24572
22534
23202
26158
22833
23425
23613
26931
27490
23285
26404
22800
23878
23310
23290
23376
25632
23282
24983
24565
25145
22993
26207
23692
24947
23439
23266
26040
24407
23731
24005
24386
22675
25061
27196
24650
22634
22595
26056
26235
27720
27414
22407
25946
27482
24718
25502
23847
24179
25653
27474
24749
22623
26198
26109
26656
22986
23106
24544
24572
22464
24396
22394
27886
25567
23758
24423
22428
22458
26679
25799
24114
25310
25608
24118
22604
22549
25158
22417
24337
25272
26654
25856
22601
25246
25587
22614
24942
23735
24653
22753
22516
23046
24061
23750
23108
23787
24655
24041
24354
25139
27146
24595
25843
25380
25210
23164
25989
25692
24168
23417
24308
24190
22574
23032
24568
24519
24423
27372
25198
25675
22769
25181
26488
23606
23706
24241
23053
26308
22436
25002
25064
23072
25557
23831
24453
25175
25801
24402
26071
24801
24797
27727
23779
24052
27115
23285
24313
22718
22732
26549
26955
26036
27053
23367
24792
22798
24316
23763
24142
26084
23240
25517
25020
23558
24874
24726
23937
25915
25717
23438
22692
25027
26190
23402
25030
25404
24191
25861
22765
23047
24757
25880
27596
26142
23209
27657
22954
25666
24489
24353
25436
24650
22737
24036
22661
24778
27822
25618
23767
25953
23300
23424
25199
22802
23431
24511
24867
24929
25534
25860
25838
24610
25423
22849
26167
25946
22720
26723
23328
23726
24091
22683
22612
22676
22795
24348
27802
27936
22590
23999
24352
22878
23681
25172
24773
25132
24616
23254
24194
24448
23497
24136
26879
23996
26088
23279
23416
24503
26296
22746
23717
23788
24097
22599
22950
24286
23536
24573
26433
22569
23874
25834
22848
22860
23269
27289
22643
24733
25276
27479
26221
23246
23565
24139
22906
24919
25997
22750
26397
23415
23785
25694
23330
23852
25104
25445
22818
25879
23032
24504
26581
24375
26301
25425
24492
23579
23890
26298
22598
25816
27777
23624
26384
24578
24319
22758
25983
24024
23306
23722
25837
27685
23437
24837
24776
22919
27533
25381
27778
22871
24021
24102
24562
25270
26203
27778
25928
26915
23907
25972
25168
25225
26805
23114
25126
24896
23304
24635
25013
24309
26971
23411
24208
24018
23686
25311
24130
26484
24350
23709
26098
25914
24098
24141
22770
25757
26438
27803
23572
24729
27046
23787
24273
24321
25761
23009
23232
23898
27484
23165
25780
23731
24363
25704
27240
22961
25506
27691
27357
24794
22931
23723
25372
23432
26314
23223
23187
25593
25560
24610
23568
23508
23648
22664
23525
22685
23423
23827
25896
24457
24656
25538
26097
24420
24921
25826
27352
22795
25243
22819
24717
22859
25282
26284
24077
24328
22804
23412
23373
24549
26045
25936
24025
24012
25511
23857
24637
26223
23757
23881
23990
25110
26180
27132
25085
24683
26262
24039
25880
22872
24347
25892
26962
23072
23978
22955
26192
24539
26463
24806
23580
23975
24661
24770
23964
24248
24677
26913
24047
24219
24310
26065
24262
26063
22977
22979
25286
27770
23088
24013
26494
22830
23577
24618
24165
25268
25800
25185
23098
27764
26226
27793
22938
26096
26154
24134
26927
23488
24436
25208
25451
27315
26452
26099
24864
23273
24258
25736
25377
23835
23551
23771
23691
27499
26035
23448
23930
24237
22858
24796
26411
27761
23130
23834
27428
25148
25193
24629
27734
25682
25701
27725
23725
26204
24712
25578
26155
27417
27791
23126
23438
25267
24394
24511
23170
23452
24975
24083
23929
25945
23397
24647
22992
25814
22843
24737
23511
23060
23281
26168
24411
25169
24689
23920
25241
25806
23544
24067
24195
23341
23026
25857
22949
25628
22874
23764
25300
23996
23032
23431
23343
24816
23577
25670
25395
23500
25084
23013
22866
25633
24531
24940
25075
24254
25128
24990
22905
23742
24339
27178
22927
25559
27337
26492
23235
26553
23255
24587
25832
23016
23578
25283
23793
24648
25532
22863
22864
23047
25314
26145
22876
26288
26081
25430
23061
23601
25487
25484
23893
22989
23230
26201
23308
24951
27688
23068
25027
23330
23517
23130
24987
23605
26246
26320
23399
26210
23596
24257
26132
23315
23449
25269
24196
23015
26083
23872
24273
24998
24637
25013
25259
24428
24282
23627
23630
23540
24777
25179
26046
23320
24962
27526
23133
23846
25848
23446
25404
27823
26228
22957
23183
26339
23471
22985
26182
24391
23905
24675
25930
26286
27155
24663
24073
24900
24126
25877
23546
25249
26824
23180
25363
24784
25664
24606
24489
24867
25399
25589
25426
25698
24151
25765
25161
23787
24384
25775
26169
26050
26287
27690
23740
25993
25378
27195
24588
24631
25255
23637
27641
23597
25655
27343
27203
23849
24418
26300
24059
25446
25684
23945
23751
24028
26290
25085
23561
23599
23954
24240
24314
26426
25131
26283
23224
24812
23650
26066
27324
24467
27122
26330
24585
25492
25335
23821
27591
23158
27095
24265
24123
25154
27823
26418
23523
25966
23232
24729
23292
27085
26265
23541
24886
23050
24854
23470
23944
25087
25774
23340
27300
24091
26154
25942
26640
23630
26150
24061
23829
26022
23268
23332
23041
24918
27135
24012
26110
26911
23086
23264
24746
27381
23298
24146
23229
23440
23906
25435
25712
27679
23369
24835
24330
24854
24186
25551
23584
23842
23961
25488
23942
25210
25441
23281
25547
26018
24605
24533
23641
26131
25206
23115
26310
24409
24850
26632
24189
23256
23421
23328
26413
26052
24523
26194
24615
25315
23299
24966
23910
25171
23726
24699
26382
27391
26068
25716
25136
24782
27224
23224
24599
23829
24038
26409
24075
25132
23964
23903
26245
25658
24984
26006
26050
24778
24972
26115
23870
23510
24377
23696
27116
27454
24185
26409
23653
24583
25612
23375
25126
24791
24840
24468
25875
25890
25910
26258
23416
24356
27062
27656
25317
23745
25375
23510
25552
23959
25887
26129
24561
24351
23725
25926
23772
23821
26321
27469
25023
26293
27233
23392
24702
26213
25994
23840
23817
25122
24751
23515
26162
25678
25936
23175
25518
23530
25597
23800
25302
23825
23730
25999
26881
23575
26130
25881
25787
23233
26292
26026
25557
25194
23735
26202
25877
24070
25652
24904
23342
25018
26135
23262
25821
27066
23913
26445
23465
26097
24773
26799
24471
24204
24403
27543
25176
24515
26096
25136
24226
24771
23253
24207
27631
24098
25004
24744
25498
26246
23842
25909
25387
25505
25817
24548
24663
26562
24286
24992
23369
23511
23880
26215
24590
24964
27230
25736
26213
24941
23844
26118
23663
25454
25430
23624
26396
27869
26958
27232
24181
24743
23337
24263
23990
25055
23447
23611
25346
24506
25938
26305
26156
24954
24425
24664
26083
25422
25573
27671
25539
25852
26370
24471
23587
24011
23461
25725
27267
24627
24737
23850
25808
24150
25317
24044
24049
24413
24496
23789
24227
23500
25326
24154
23965
24913
24620
25771
23985
27336
25150
27669
24264
24711
27204
24763
25648
27831
25694
24662
24500
27698
24182
24529
25849
26070
24583
26397
24860
23589
26018
26208
23376
25299
24983
25564
24714
25651
25086
25589
26049
24568
24615
23563
23700
25894
23453
26051
27607
26176
24759
24282
25357
27802
25150
24151
23528
25554
27435
24456
27767
24597
25730
23537
24862
25872
23449
23926
25921
24473
23835
24364
26861
26909
24059
24510
24766
27853
24043
23557
24557
23581
24969
25667
23686
23814
24233
25720
23545
24299
24483
25860
26337
24229
26081
25651
25384
24328
24732
24191
24924
27916
26218
26416
23963
26005
23711
23922
27515
23431
23660
23583
25973
25372
26455
24940
23421
24434
25465
26172
25512
24211
25046
24739
27102
24505
23435
24401
25172
24823
25760
23916
25699
24364
24675
27620
24938
27901
23914
24633
25766
27069
24435
26212
25070
24269
25677
25827
25220
23862
26247
25685
23536
25637
26155
23475
23731
24947
26110
23786
24127
25180
26279
26344
26576
27123
23514
27364
25655
26075
24448
25224
24422
24478
24496
23472
24897
25695
24776
25872
25688
25314
23466
24457
25839
26231
23540
24824
26469
23480
26137
24563
24056
25915
24123
23611
24669
24515
25228
25090
25280
25048
27689
25415
23555
23780
23521
24508
25315
25048
24972
26181
23510
24841
23922
23612
25199
25714
27861
24005
24483
27716
23721
25307
25537
25649
27731
27020
27436
24312
23981
26433
27294
27021
23588
26430
25626
27847
24436
26158
24059
24510
25369
26321
24418
25133
25227
24221
25075
27425
23776
25582
23863
25755
26126
25872
24548
24603
26171
24559
24095
23576
25078
27663
24624
25513
26222
26150
25519
24018
25957
26405
25276
25420
25346
26869
26030
24499
26483
23732
25634
26242
23578
25426
23666
27733
25703
25790
26212
25509
24396
24623
24837
27642
26128
23771
23937
24469
26479
24790
23780
25392
23748
25873
23819
23584
25425
24708
25749
27691
25707
24927
25278
25510
27648
23732
24926
24727
25493
25987
27047
25294
25965
24331
24719
26413
25932
25951
27451
23831
25742
27874
24139
25568
25032
26387
24591
24873
25174
26574
24485
24781
26476
23812
25808
24993
25886
25058
25162
26011
26036
26167
26334
27489
27810
24830
24569
27855
25084
24300
25103
27304
26108
23896
24455
25495
26053
24194
25470
25827
25274
24194
25173
25974
24376
25859
25655
24741
26209
27927
25982
23929
23735
25609
23993
25925
26334
25708
27188
24407
25432
24570
25929
24484
25063
24560
24326
25286
23899
24120
25764
26239
25254
24118
25337
23880
23932
24403
27397
25173
24096
24491
26249
24638
25195
24517
25101
26139
24373
24562
25245
25605
25175
24608
26526
25722
23921
26458
27851
24030
25431
27225
24071
26181
27574
25824
23939
25311
27654
27754
24131
27500
24395
24843
24894
25265
25764
25471
23730
23833
26301
25395
24385
24957
25285
25096
23891
26428
25468
24941
24229
23776
27535
25244
26309
24671
25316
26412
27539
24934
25227
24063
24432
27841
25514
26196
23850
25999
25679
27709
27787
25985
24775
27788
24713
25898
24497
25531
24253
25777
27637
26407
25776
24371
26074
23923
24199
24999
27052
25810
27295
26037
23977
27064
24370
24414
25772
23912
26116
27275
25299
27883
24731
26159
27852
26415
25485
25374
24027
24250
24519
24672
24022
24286
24313
24314
25341
24040
25059
25589
24303
25834
25892
25905
25134
26351
23837
23889
25088
27338
23826
27765
24330
24635
25093
26172
24356
27063
25208
24639
24906
26357
26832
25052
25377
24591
23938
25581
25514
24721
24343
25635
25112
25912
23865
26296
27811
25739
23939
25076
25958
24648
25122
25208
24993
25313
27718
25277
26094
24992
25394
24280
24895
27589
24218
26326
23987
24933
25932
25524
27872
26414
23850
24020
26548
24881
26377
26787
25341
26270
24996
27140
25323
24179
27814
27877
25843
26114
26391
24417
25324
25135
23909
24821
25167
25159
24966
25773
25392
24799
25612
27765
26351
25789
25128
24150
25562
24026
24424
25263
25828
24768
25702
24288
25238
26122
25871
26464
24074
25758
25886
24677
25735
24064
25220
25408
25519
23928
23973
24621
25268
24115
26423
24311
25982
26061
26331
26091
26490
27852
24570
26406
27594
25278
25458
26833
27254
24028
25305
26325
24534
24252
24532
24365
24596
25242
26303
25438
24910
24917
24083
23973
24071
24388
26948
24053
25666
24953
25714
25102
25717
25554
26718
25079
24395
24478
26272
25077
24163
25529
24233
26082
24032
24248
25333
26209
24456
24817
27623
25481
25127
25078
23991
26372
26414
24155
24757
26013
24580
26402
27293
26215
27629
24300
25757
24217
24928
25786
26039
24399
24878
27476
25622
26918
24501
25643
27406
27880
24460
26059
25161
25333
24066
25019
27581
26255
24454
25557
24933
26073
24444
25474
25041
27420
26449
26077
25796
26163
24281
26174
24725
25394
24089
24286
26245
25091
24373
24051
26444
27227
26281
26100
24071
24847
25594
27784
25446
24848
26101
24848
26133
25742
26291
26335
27306
25649
27694
25262
27785
24378
24091
24220
25040
25548
25751
26004
25796
27873
24701
25142
25641
27548
25351
27807
24129
24788
26332
25692
24661
24770
25144
26357
24172
25959
25464
24272
25639
27818
25959
26443
27849
24554
26043
25032
25485
25603
26380
26383
26035
26278
25433
27715
24108
26119
25730
25011
26309
24241
25501
24929
25637
25965
25220
24808
25370
26393
26256
24232
24161
25584
26082
27028
26230
27218
24215
24330
25283
25455
26147
24164
27151
24183
25988
26138
25967
25350
25214
27321
26460
25359
24225
24731
26319
25763
25581
25291
25865
24310
24696
26481
27807
24242
26298
25025
25097
25370
25121
25184
27774
25225
24486
25374
27891
26312
25568
25808
27811
26308
25248
26119
24465
24779
25298
24443
25054
25685
24184
25882
26816
25747
24408
24734
26404
26161
26362
24743
24449
25875
27857
25417
25149
26390
24397
26075
26282
25130
26075
25940
25033
25943
25540
27480
24627
25153
25659
24863
24315
26297
27379
25239
25580
26281
25088
24679
25075
27009
24262
24797
26252
25004
25853
24509
24405
26439
27866
25178
25799
25479
25443
25590
25228
25758
26497
24603
26206
26047
25012
25237
24527
26349
26451
25596
26498
27856
24781
24835
25341
25550
27705
25325
26131
25079
26064
24927
25431
24866
25858
25633
25403
25748
26843
26118
27817
24655
25716
25663
26145
25104
25771
26497
27024
26255
27086
25983
26069
25854
25329
25097
24844
26457
24885
25986
25909
24668
25479
25850
25235
24770
25653
25675
26149
25780
26984
25783
25074
27353
25794
26004
26525
25508
27483
24647
25661
27899
25121
24323
26287
25953
25938
26253
24903
25472
26078
26303
24414
27177
24761
25357
26498
24534
25920
26982
26400
26406
25050
25084
25727
25116
25666
24973
25986
24503
25660
26385
27405
26288
27320
24394
24511
25314
26564
25914
25827
24675
24903
26175
24863
25828
25080
27841
25066
25259
25354
24997
25160
26435
26783
26125
24894
25737
24566
25800
24916
25627
25487
25609
24674
25121
24922
24957
24394
24401
25172
25478
25069
25241
26238
27071
24923
26145
24478
24843
26163
24726
25516
27885
27605
25882
25022
25279
26159
24422
26995
25092
24595
25583
26102
26162
24921
25895
24719
26137
24715
24564
27609
25295
25889
24555
25672
26615
24480
26055
27498
25996
24634
24440
26489
27801
25631
26254
27802
27728
25626
26002
27130
26438
25551
25504
26488
26099
25071
25543
26362
25343
27869
24871
25510
25347
25972
27931
24589
25043
26022
26127
25985
25682
26001
25270
24616
26153
25804
24951
24933
25526
24571
27007
24676
25787
26657
24967
26125
26151
26630
25407
26469
24529
24710
26087
25979
27084
24887
25526
26355
25464
26295
25117
25393
24675
27659
27575
24673
25595
25027
26276
25060
25140
26345
24586
25705
26934
26062
26765
26350
26261
26288
27437
27026
25392
26228
26376
27819
25175
26342
26165
25537
26480
25879
25413
24748
25388
26464
25236
26007
25906
27670
26269
25953
25099
26262
25166
25904
25369
26448
25310
25762
27852
26197
26284
24567
25815
24658
25704
25823
26191
25140
26047
26051
24967
25402
27223
25007
26316
26381
24919
25324
26759
25629
26327
25927
26055
26921
26273
25331
26230
25507
25752
24631
24740
26326
26123
25303
25242
24707
24671
25421
26231
25018
25571
26465
25852
26323
25423
25304
25506
24815
24848
26320
24680
26263
26106
24914
25008
26315
26318
25880
24744
24985
26188
26272
25083
24926
24958
26273
25062
24702
25195
24861
24686
26044
25830
26141
25480
25544
25790
24969
25182
26349
25650
26115
26025
27025
26393
25806
27002
27450
25580
25390
25021
25709
25822
25862
27895
25720
25897
26356
25848
24984
25232
26432
27768
25951
26035
25586
25438
25350
26053
26171
25654
26369
26311
27610
25303
25116
26021
26147
27808
25092
24702
26364
25091
25954
25449
27931
25674
27747
25461
27617
26163
25873
26200
27495
25636
26086
25310
26080
25856
25319
26937
25963
25100
24961
26117
26490
24814
25429
26494
26048
25088
26250
25627
25439
25939
25912
26036
27470
25207
24772
26489
27730
26184
24807
25549
26625
26791
25230
26059
25927
27079
27579
25326
25272
25313
26256
25807
26095
25597
25023
26139
25298
27755
26306
27731
25105
27473
26371
25268
26307
26418
25239
25654
26355
27638
25960
26354
26138
26176
24842
24893
24931
26248
27837
27478
25900
24859
24820
26454
25807
25950
27658
25565
26148
26104
25892
26415
25400
25824
26370
26233
24900
26237
26332
24943
26319
25839
26174
26179
26401
26422
26307
25835
27848
27474
25606
26086
25496
25445
26402
26104
27040
26376
24948
26344
27655
25946
27280
26137
26368
25300
25814
26206
25120
25222
26251
27308
25805
26092
27417
27791
26148
25378
24861
26421
26092
27856
25171
25647
26092
26426
26268
25849
24946
25798
25786
25727
25810
26392
25619
25750
24878
25032
25810
26047
26091
27355
25815
25900
26073
24935
26354
26266
25818
26232
26432
27767
27306
25265
25708
25904
26115
25517
27016
26093
27840
25992
26381
26222
27187
25919
26175
26286
25151
25931
26018
26139
26202
26758
25034
25710
26239
25410
24999
25045
25137
25976
24958
25921
26111
25115
26082
26057
27838
26338
25049
25090
25979
25089
27714
26470
25406
25686
26053
27785
25089
25361
26475
27745
25674
26215
27688
24995
26373
25870
26419
25065
26467
26108
26280
26471
27652
27869
25460
27182
26344
26161
25138
25158
27781
25989
25751
26195
25521
26481
26365
25809
26495
26796
26275
26200
25183
26320
26057
25811
26122
26245
25083
26458
25613
27748
25602
26305
25308
26199
25029
25177
25412
26224
27704
25950
26451
26161
26202
26204
27093
25066
25830
25129
25260
26080
26343
27633
27858
25204
25035
26492
27889
26090
26938
26302
25847
27753
26067
26076
25907
26267
25125
25816
25896
25259
26359
26421
25256
25903
25847
27839
25659
27164
25928
25362
26408
25896
27636
26081
25111
26501
26008
26352
26069
25266
25687
26085
25113
26337
25292
26223
27124
26284
26248
25481
26294
25845
26504
27890
26434
25545
26179
25307
25965
27756
26294
26125
27835
26013
25888
26260
27303
25732
27787
25146
26361
25420
25683
27308
26097
26493
25679
26017
25967
26038
25323
25599
25851
25162
26274
25244
26424
25169
26304
25428
26090
25583
26434
25832
27278
25605
25879
26369
25961
25371
26457
25228
25530
25547
26502
27888
25733
26449
27824
26453
25997
26113
25961
25689
26192
27612
26172
25555
26292
26020
25353
27464
25386
26446
26346
25499
26493
26279
26403
25367
25525
26247
26266
27419
25375
26152
26420
26597
26111
27662
27836
26221
25801
27061
25635
26061
26223
26695
26447
27893
25815
25474
25943
26046
25952
26149
25695
25940
25723
25550
25720
26416
26367
25508
27036
26209
26185
26924
25520
26177
26184
26217
25566
26495
25842
26289
25707
25354
26244
25377
26148
25973
25629
26261
26140
25556
27741
25823
25719
26121
26048
25428
26399
25483
25507
25586
26391
26235
26256
26961
25957
26231
25959
27317
26152
25739
26119
26078
25930
26155
26343
26376
25306
26278
25390
26425
26367
25698
26110
25540
25561
25477
25878
26040
25795
27547
26297
25923
26141
25433
27446
27859
25993
26289
25405
27212
26181
25418
27323
25937
25903
25350
25484
27801
25604
25901
27719
26384
25743
25744
26193
26058
26071
27888
26453
25845
26067
26347
26386
25534
26452
27241
26217
26304
26100
26254
26230
27837
27902
25960
25697
26221
26197
27786
26188
26400
26283
25585
25591
25746
26430
25418
26322
26408
26291
26240
25640
26087
27494
26240
26084
27851
25469
25876
26330
26134
25975
26002
25578
26282
25418
26274
26459
25721
27677
25712
27108
25527
26419
26442
27399
26323
26485
25595
26281
26272
25991
25881
25738
25783
25778
26154
25967
25608
26403
26482
25768
26278
26011
26216
26028
27678
25588
26465
26388
25936
26012
27400
25475
25726
26912
26143
26323
27488
25854
26894
25606
27860
25616
25590
25874
26422
26120
26103
26143
26343
25543
26250
26342
25812
25969
25528
26050
25667
26354
26385
27676
26255
25894
27827
26267
26430
25980
26387
26135
27322
26355
25553
26056
26474
26316
25834
26444
26271
27871
26133
25977
25693
26318
25650
25982
26374
26368
26427
27467
26225
26306
25934
26007
26478
25725
26352
26193
25987
26297
26410
25891
26136
25773
26037
25596
25846
25999
26456
26361
25937
25972
26276
25772
25924
27643
26487
27129
26258
25579
25656
25961
26351
26258
27576
25607
26456
26381
26465
26330
25663
26445
26144
26216
25887
26259
25804
25997
26480
26176
25630
26309
26403
26030
25905
26393
27449
25734
26264
25902
27219
27838
25994
26466
27356
26338
26222
26032
26315
26450
26195
26095
27276
25677
25679
26390
25729
26395
27485
25775
25838
25657
26431
26200
26302
26169
25933
26282
27442
26441
26131
26374
26502
26144
26332
25709
26238
26265
27069
26442
26370
26385
25712
26415
25844
26353
27848
26116
26307
25996
25895
25687
26068
26251
27178
26264
26327
25809
25905
26118
25884
27782
26134
27032
25989
26283
26335
25835
26395
26275
27501
25907
26380
25855
26476
25805
26106
27418
25812
26311
25859
26236
26416
26265
25898
26070
26341
26133
25747
26031
26054
26336
26054
26486
26107
26073
26419
27632
26076
25830
25832
26033
26357
25925
25910
26260
25931
26109
26024
26159
27595
26242
27742
26286
27900
25974
26505
25802
26219
25984
26201
25993
26093
25841
26473
25865
25893
26411
26114
26001
26264
25826
26394
25825
26246
26384
25992
26340
26950
27800
27894
25908
26201
26162
26463
26496
26408
26033
26180
26424
27314
26353
26426
26311
26949
26455
26363
26456
26437
26503
26252
25862
26227
25956
26088
26373
26052
26388
26007
26012
26499
26375
26356
26026
26387
26501
27898
26150
26468
26250
26295
27639
26444
26235
26244
27783
26439
26398
25922
25915
26233
26171
25995
26299
26211
27719
26057
27904
26382
26448
26121
26358
26199
26122
25969
26442
26411
25954
26034
27790
26158
26169
26059
26218
26136
26270
25958
26085
26126
26204
26156
26333
26383
26247
26182
25983
26317
26191
27344
26414
27375
26410
26185
26089
27864
27713
26009
26210
26127
26362
26461
26023
26477
26475
26107
26334
26091
26194
27398
27863
26308
26143
26359
26016
27797
27874
26462
26211
27918
26051
26292
26232
26331
26128
26123
26329
26429
26459
26287
26203
26417
26214
26410
26187
26165
26461
26443
26375
27829
27887
26365
27520
26325
26326
26479
26173
26413
26434
26448
26168
26468
26269
27549
26196
26300
26474
26140
26342
26266
26300
26321
26187
27441
26305
26198
27895
26293
26164
26218
26463
26167
26389
26219
26460
26409
26453
26217
26335
26175
27740
27854
26310
26406
26417
27737
26207
26436
26421
26329
26303
26243
27828
26236
26236
26228
27900
26324
26317
26446
26491
26392
26340
27701
26424
27374
26350
26394
26461
26395
26377
26366
26389
26301
26261
26420
26400
26364
26405
26479
26467
27873
26412
26491
26359
26346
26352
26338
27749
26312
26339
27866
26428
27789
27771
26367
27206
26372
26425
27843
26427
26427
26450
26484
27687
26435
26379
26386
26437
26477
26471
26454
26378
26439
27865
27686
27776
26432
26449
26440
27798
26405
27876
26462
26436
26471
26443
27578
26455
26446
26487
27881
27205
26435
27772
26447
26496
26794
26500
26491
26451
26500
26466
26478
26472
27844
27887
27826
27867
27738
27868
27700
26504
27897
27890
26795
26507
26509
26511
26512
26513
26513
26518
26515
26517
26519
27174
26521
26523
26525
26527
26769
26771
27112
26529
27312
26531
26533
27288
26535
26537
26538
26539
26818
26539
26866
26541
26543
26545
26547
26549
26551
26553
26555
26557
26559
26561
27197
26563
26565
26567
26569
26570
26571
26571
26573
26575
27241
26577
26578
26579
27124
26579
26580
27910
27909
26582
26583
26584
26584
26586
26587
26588
26588
26590
26592
26730
26594
26596
26639
26598
26600
27383
26602
26759
26604
26606
26608
26610
27132
26612
26614
26624
26616
27275
26618
26620
27911
26691
27915
26622
26623
26624
26624
26626
26628
27587
26630
26632
27828
26634
26636
26638
26758
26640
26642
26871
26644
26675
26646
26648
26650
26652
26654
26757
26657
26659
26661
26750
26663
26664
26665
26665
26667
26669
26671
26673
26675
26677
26679
26680
26681
26681
26683
26685
26844
26687
26689
26691
27915
26693
26748
26748
27617
26695
27118
26697
26699
26701
26703
26705
26707
26709
26711
26713
26714
26715
26715
26717
26731
26719
26721
26723
26725
26727
26729
27327
26731
26733
26735
27298
27296
26737
26739
26741
26743
26745
26747
26749
26751
26753
26755
26757
27544
26833
26759
26761
26763
26765
26767
26769
26770
26771
26771
26773
26775
26777
26779
26781
26783
26785
26787
26789
26791
26793
26796
27917
26796
27918
26798
26799
26800
26800
26802
26804
26806
26808
26810
26812
26814
26816
26818
26820
26822
26824
27763
26826
26828
27499
26830
26832
26834
27254
26836
26838
26840
26842
27259
26844
26846
26847
26848
26848
26850
26852
26854
26856
26858
26860
26862
26864
26866
26868
26870
26872
26874
26876
26878
26880
26882
26884
26886
27472
26888
26890
26892
26894
26896
26898
26900
26902
26904
26906
26908
26910
26912
26914
26916
26918
26920
26922
26924
26926
26928
26930
26932
26986
26934
26936
26938
26940
26941
26942
26942
26944
26946
26948
26950
26952
26953
27923
27922
26955
26957
26959
26961
26963
26965
26967
26969
26971
26973
26975
26977
26979
26981
26983
26985
26987
26989
26991
26993
26995
26997
27636
26999
27720
27001
27003
27005
27007
27009
27010
27011
27011
27013
27015
27017
27019
27374
27021
27023
27024
27025
27025
27027
27029
27031
27033
27035
27037
27039
27041
27248
27759
27928
27043
27570
27045
27046
27047
27047
27049
27051
27462
27053
27055
27057
27059
27061
27063
27364
27065
27067
27069
27070
27071
27071
27073
27075
27407
27077
27079
27081
27083
27085
27087
27089
27091
27093
27095
27097
27601
27099
27919
27102
27104
27106
27108
27110
27112
27114
27116
27118
27120
27122
27124
27126
27521
27128
27130
27132
27134
27135
27136
27136
27138
27263
27139
27140
27262
27262
27142
27655
27144
27146
27148
27150
27152
27154
27156
27158
27159
27160
27160
27162
27164
27166
27168
27170
27171
27172
27172
27174
27176
27178
27180
27182
27408
27408
27184
27186
27431
27188
27190
27192
27194
27196
27198
27200
27202
27204
27206
27208
27210
27211
27212
27212
27214
27216
27826
27218
27220
27222
27224
27226
27227
27228
27228
27230
27232
27234
27236
27239
27926
27239
27927
27241
27243
27245
27333
27247
27316
27249
27928
27930
27251
27253
27254
27255
27255
27257
27259
27261
27263
27265
27267
27269
27271
27273
27275
27277
27278
27279
27279
27281
27283
27284
27933
27932
27286
27288
27290
27292
27294
27296
27297
27298
27298
27300
27302
27304
27481
27307
27309
27311
27312
27313
27313
27315
27317
27319
27321
27323
27325
27327
27329
27331
27333
27335
27337
27339
27341
27567
27343
27345
27347
27349
27351
27353
27355
27363
27357
27359
27361
27363
27365
27367
27747
27369
27371
27601
27373
27375
27924
27378
27380
27382
27384
27385
27386
27386
27388
27390
27392
27394
27396
27398
27400
27402
27404
27406
27408
27410
27412
27414
27416
27418
27420
27422
27424
27426
27428
27430
27432
27434
27436
27438
27440
27442
27444
27446
27448
27449
27450
27450
27452
27454
27456
27458
27460
27462
27464
27465
27466
27466
27468
27470
27472
27474
27476
27552
27478
27480
27482
27484
27486
27488
27490
27491
27492
27492
27494
27496
27498
27500
27502
27504
27506
27507
27935
27934
27509
27666
27511
27591
27513
27514
27515
27515
27517
27518
27519
27519
27521
27523
27525
27535
27527
27529
27531
27533
27535
27537
27539
27541
27543
27544
27545
27545
27547
27549
27551
27660
27675
27553
27555
27556
27557
27557
27559
27561
27563
27565
27567
27569
27571
27573
27575
27577
27579
27581
27583
27585
27586
27587
27587
27589
27591
27592
27593
27593
27595
27597
27599
27601
27603
27605
27607
27609
27611
27613
27615
27617
27857
27619
27621
27622
27623
27623
27899
27625
27627
27629
27631
27633
27635
27637
27639
27641
27643
27645
27647
27649
27651
27653
27870
27655
27657
27659
27661
27663
27665
27667
27669
27671
27673
27675
27677
27679
27681
27682
27683
27683
27685
27687
27689
27691
27693
27695
27697
27699
27701
27703
27924
27705
27707
27708
27709
27709
27711
27713
27715
27717
27719
27720
27721
27721
27723
27814
27877
27875
27725
27727
27729
27731
27732
27937
27801
27936
27734
27736
27738
27740
27742
27744
27746
27748
27750
27752
27754
27756
27758
27759
27760
27760
27762
27764
27766
27768
27770
27772
27774
27878
27776
27835
27778
27780
27782
27784
27786
27788
27790
27792
27793
27794
27794
27796
27798
27800
27802
27804
27917
27806
27808
27884
27810
27812
27814
27816
27817
27818
27818
27820
27822
27823
27824
27824
27826
27828
27830
27881
27832
27833
27834
27834
27836
27838
27902
27840
27842
27844
27846
27848
27850
27852
27854
27856
27858
27860
27862
27864
27866
27868
27870
27872
27874
27876
27877
27878
27878
27880
27882
27884
27886
27888
27890
27892
27894
27896
27897
27898
27898
27900
27902
27903
27904
27904
27906
27908
27910
27912
27913
27914
27916
27914
27916
27918
27920
27923
27938
27923
27939
27925
27927
27929
27931
27931
27933
27935
27937
27939
)


// ************************************************************************* //
