/*--------------------------------*- C++ -*----------------------------------*\
| =========                 |                                                 |
| \\      /  F ield         | OpenFOAM: The Open Source CFD Toolbox           |
|  \\    /   O peration     | Version:  2412                                  |
|   \\  /    A nd           | Website:  www.openfoam.com                      |
|    \\/     M anipulation  |                                                 |
\*---------------------------------------------------------------------------*/
FoamFile
{
    version     2.0;
    format      ascii;
    arch        "LSB;label=32;scalar=64";
    note        "nPoints:32654  nCells:31278  nFaces:110160  nInternalFaces:46230";
    class       labelList;
    location    "constant/polyMesh";
    object      neighbour;
}
// * * * * * * * * * * * * * * * * * * * * * * * * * * * * * * * * * * * * * //


46230
(
188
598
12582
97
1455
28972
30
1392
29144
351
564
11072
45
1272
28151
326
883
10101
204
1312
15237
257
537
2307
57
1790
29121
83
1672
29066
50
1961
16752
103
1759
8326
256
1151
4784
43
506
30565
55
1976
11757
339
907
7997
41
782
29005
119
1233
29025
127
1704
13049
33
1444
28058
407
484
29657
40
1458
29189
172
1541
10748
420
748
25715
443
708
9782
95
1230
28265
251
1275
16401
129
1135
28407
546
588
8287
116
1839
18674
1565
27862
196
1568
11439
62
509
30654
1775
29176
171
1268
17620
75
2086
12751
394
629
23933
473
648
14878
373
1016
9706
163
1774
12196
1638
27886
982
28962
245
1551
2128
814
18316
434
861
22807
1855
29029
242
735
8271
277
687
18489
86
528
30646
391
609
29602
1833
29128
102
2179
21271
56
1622
28059
215
1713
4635
216
1054
28914
1844
29135
1867
29284
1387
10951
424
678
18874
495
818
12744
217
1785
10107
265
765
5589
806
25983
532
762
20009
385
1421
1884
396
722
8595
120
2330
13395
205
1926
18965
360
1307
13991
369
1290
21552
290
961
29306
121
12955
27428
139
1548
29257
340
1430
11285
437
649
29651
1861
29185
280
988
19751
276
1728
19561
112
1651
29302
659
667
20851
490
916
19196
585
592
24682
101
10168
27729
1340
10127
504
561
29746
253
885
20362
877
25982
315
950
29371
619
647
21965
325
1411
27597
513
574
29758
322
1657
9616
266
1555
2283
412
638
22142
366
1472
15326
1962
29000
237
1991
9724
1185
18527
186
1382
28467
231
1211
28831
545
978
16711
1823
29337
1882
29221
1974
29002
176
1441
28415
145
1789
14557
361
1566
24434
632
641
11354
271
1124
11328
454
602
3411
317
874
5849
150
12764
27730
1639
27935
354
1686
6488
389
880
20504
486
720
12930
29026
29036
403
1477
7985
540
977
16825
1245
27562
1945
29266
1897
29277
258
2098
22325
141
1795
29354
207
1460
28511
213
2336
15966
308
1948
22086
28951
28952
654
675
19495
2052
28904
469
808
17679
608
707
27033
618
911
11043
521
1181
3599
353
1186
8863
179
23432
27903
318
2051
23762
286
2227
5985
292
1311
29027
1474
27773
670
902
10753
1887
27984
485
797
29666
301
1136
20871
597
1030
9718
1219
29776
376
1954
2234
346
2043
14212
507
778
29689
713
864
13090
1933
29323
523
1317
24996
415
1048
29540
531
743
29743
226
23630
27794
249
22542
27692
355
2079
14097
650
1012
12116
296
13735
27268
281
21231
27570
466
924
14911
527
1341
23776
342
1267
29304
2099
28979
671
949
21891
246
1594
28587
674
757
27061
311
14600
27361
393
1162
29487
211
1819
28315
505
925
16999
1627
2294
28319
28851
436
1937
20553
741
781
21458
397
1034
14850
2070
29158
365
1303
29355
750
756
17903
1970
29349
234
1786
28411
533
727
18753
591
1265
25956
552
1425
26654
668
1081
9454
990
1137
1227
2095
29118
516
791
21153
27752
28664
298
24536
27831
569
898
24163
677
1085
10151
334
21904
27615
519
1696
7851
600
754
29817
534
1561
13714
2178
28858
445
2064
18254
462
1114
29575
379
12440
27472
628
919
19873
740
1059
11451
263
945
29701
1001
1201
1355
27769
28690
29046
29049
510
1860
9018
2113
29164
627
913
22698
586
1482
26897
448
1216
29542
2030
29346
796
1028
23813
2101
29232
622
955
18210
28487
28933
2274
28795
2203
28966
580
1611
19930
468
1699
4629
578
1626
11412
423
1356
29461
447
1148
27152
579
1693
11064
660
1398
23400
512
1051
2256
2089
29321
348
1546
21944
446
16345
27497
702
731
29967
639
1542
9575
2251
28961
827
842
24482
461
20128
27448
2159
29332
821
1361
1377
489
2261
15248
2197
29071
676
1409
25951
511
2186
19607
387
1591
29249
784
1603
1679
28054
28829
589
1027
29754
621
847
8181
28622
28984
2154
29250
478
10858
27546
712
983
23596
2135
29293
557
1160
13180
27605
28666
673
1698
1748
28556
28973
617
1817
15195
467
1214
4505
2347
28599
27994
28818
2240
29126
497
1346
29563
583
1944
4857
967
1063
26454
809
959
17209
1675
10619
341
1371
9638
28099
28867
28228
28919
409
901
29853
536
1204
18805
544
2209
13415
482
3251
27689
1414
29536
613
1104
13184
910
1128
16227
562
1138
2678
733
1011
19496
2356
28930
27816
28760
664
976
29828
805
1235
13920
1485
29500
2185
29265
758
1395
9686
691
1187
2297
421
1701
29285
991
1094
20978
29175
29183
582
2147
21234
744
1527
17982
543
2225
27631
27538
28712
721
1607
13647
28731
29033
573
1260
29671
799
1375
10400
575
2357
18023
2263
29220
494
1292
17554
2201
29314
615
2157
17693
1017
1144
23221
22840
27532
786
835
29998
559
2184
2359
442
1760
29317
971
1200
17880
555
1249
2273
587
2281
26822
28621
29031
565
11755
27663
594
2440
17795
2300
29214
871
1446
1648
636
2205
13634
576
11406
27656
27598
28702
695
1934
4019
28243
28957
27315
29088
517
1342
23361
716
1055
29864
572
2207
27950
27551
28881
525
1547
29556
755
876
13932
28137
28938
1918
28456
571
16905
27815
694
2034
7088
477
1769
29412
440
1792
9112
693
2084
11370
736
1932
20028
894
1471
16189
2325
29264
951
1345
24757
1069
1212
21433
811
969
29986
692
2141
20546
27741
28477
27636
28746
867
30964
28264
28994
680
2259
9901
711
1180
29826
601
1354
5094
27531
29070
470
7373
29465
1386
29695
891
1579
14927
848
1161
20719
20104
29224
547
1666
29555
1359
30256
27888
28885
28713
29086
646
10367
27882
897
929
30059
685
19075
27502
581
1545
11935
2388
28698
27749
28828
538
1435
20742
868
1729
8065
488
9374
29512
27586
29020
27642
28775
858
1005
30015
931
1184
12981
27726
28688
1088
1196
5634
964
1457
14909
637
2232
28247
2010
28531
682
1296
22679
520
1558
23677
28725
29106
471
1913
12444
1000
1480
15269
27527
29206
873
970
4528
943
1217
29517
892
1778
14098
779
1038
14867
751
11444
27421
28340
29043
859
860
15280
27552
29226
1007
1581
21799
12492
28492
1083
1412
15546
1596
28382
993
1630
11076
27809
28892
11682
29420
1232
1252
12880
19510
29032
28460
29081
653
1405
24401
1115
1339
8679
851
1070
30194
804
2181
12529
854
1141
29966
27758
28781
635
1078
30030
683
1385
22922
802
1155
17594
28040
28258
870
2059
10849
1990
18613
884
2039
22992
761
20922
27670
2228
28683
1167
1388
15159
518
17775
29924
27807
28753
930
1950
3885
514
1596
27060
952
1896
23238
710
1528
22209
28003
28387
27584
29279
723
1362
19619
27712
29048
29488
704
1428
22983
1014
1810
4331
658
1694
29665
1111
1525
12217
794
14052
27635
604
1524
13086
962
2005
5385
846
1273
29926
984
1959
23879
28010
28454
1305
1325
11968
27754
29004
28047
28401
790
21838
27801
1177
1447
13067
1464
29815
972
1159
30045
27627
29298
28090
28347
803
904
30248
27756
29047
29057
29191
2072
27151
27817
28939
1004
2029
22585
1250
1438
10342
662
1543
24610
849
22136
27728
837
6895
27847
27981
28649
1168
1584
18184
965
2221
13986
863
1963
28120
960
1122
7484
1015
2055
5713
887
1336
29935
28856
29186
27902
28819
475
28031
30411
1334
1399
23637
697
1060
30175
29316
1270
30955
27668
29008
29510
29303
29374
1468
29861
1145
1771
5451
1457
28375
882
1410
29911
27504
29438
816
1489
11343
27716
29301
28879
29198
926
11158
27732
1320
1493
8234
1018
2269
15339
29205
29241
1072
1169
30118
11193
31121
28097
28557
1890
27834
1259
1540
21874
28077
29418
28334
29129
1709
28495
944
10089
27776
1343
1500
24594
836
1467
4103
28131
28171
28430
606
1741
18711
27900
29028
1246
1507
27775
624
1709
16993
1095
1123
23464
789
2302
29491
1125
1365
16552
1178
1851
27153
28250
28323
29539
933
2427
28153
28537
1091
2161
10500
1057
2482
27779
28971
28197
29112
28133
29085
1292
28330
27624
1142
1390
10922
27556
28896
23702
28164
27587
29433
28020
28906
22282
27840
1969
28636
1269
1723
6409
28134
28720
1120
1243
30139
27917
29182
939
1578
29910
28146
28727
999
2471
1023
1321
30355
979
21507
28332
28282
28484
28357
28383
2198
28789
28123
28844
975
1556
29940
29454
1777
28201
18024
28170
1092
2204
2247
28279
28522
956
1598
22761
1149
1242
30266
28046
29094
28013
29120
1524
28452
28245
28525
28877
29245
554
1918
17624
1019
1045
30372
1103
10709
27734
556
21056
27534
28186
28762
1130
1505
13066
2275
29009
29271
860
1380
29611
862
20142
27688
28084
29122
1097
26824
27930
1982
7201
27463
29504
1132
1544
10852
28177
28741
28475
29209
900
17921
29740
1036
1620
22589
1127
1553
17231
24911
29809
1033
1615
13120
28780
29255
27985
29100
28161
28946
1973
24676
28167
29154
28410
29202
1173
1333
10561
28216
28887
28211
28908
2289
28875
1793
29873
27966
29103
28176
29011
1358
1996
5757
24664
30201
28276
28804
28353
29203
28207
28866
28338
28721
1108
1633
14866
28356
28691
28345
28662
1256
1319
30223
28128
29159
719
11389
30774
1247
20341
27539
2077
28558
1809
2262
1171
3408
28005
28494
28555
1504
30975
1811
27445
749
18151
30725
28254
1117
1431
30426
27898
633
2010
18373
30328
2007
3204
1363
2102
20214
1198
1360
30333
1101
1486
29730
896
1805
19488
28185
29110
1172
1192
30373
28263
28953
28468
28615
27431
29596
1213
1413
30176
2338
28924
17815
29912
1013
1753
17207
27974
918
1649
20000
1164
1423
30400
22611
29963
30127
28209
29035
1523
1803
20902
928
1228
30334
30262
27471
1229
27219
27863
1958
29830
28214
29124
28093
29166
1820
27348
28389
28841
1107
1720
13124
28380
28424
1366
2226
17480
941
2053
2247
933
28142
29038
938
1776
13917
28156
29258
28324
28932
27485
30486
1966
22208
28535
28692
725
2149
13053
729
1969
3734
10353
29240
30476
1248
1426
30374
1195
1559
12433
932
1295
27620
28218
29237
28283
29115
28564
28756
996
28367
28633
8642
28658
1634
1661
6640
28654
28693
1050
30055
1501
2046
11664
924
28277
28588
28768
1293
1420
30357
28441
28941
28521
28863
1316
1391
28124
29195
30441
1235
28554
28634
28769
28595
28835
28231
29647
1002
2298
29606
27860
29136
1557
2016
9550
9506
29654
8023
29524
1185
1445
30503
28350
29184
1508
2162
10071
2332
2340
999
28518
29142
1318
1389
29792
905
1370
30330
2014
30303
27737
29109
28453
29073
27626
29052
28517
29018
1631
1874
4317
23396
29755
1098
30122
1099
30123
1100
30125
1073
1287
30431
1827
9795
1254
1257
3045
7932
29515
963
16334
30682
899
14197
28105
1148
28538
28126
29464
830
2080
11945
1960
29951
2037
28843
9316
30191
28421
29235
1344
13527
28344
1239
1830
17245
1805
28724
1189
1642
10469
1276
1818
7107
28025
29784
925
28307
28774
28889
28217
29429
878
28440
879
1330
3733
27856
1574
2210
17551
1858
27555
1057
28676
29151
1859
27985
1695
1838
27968
28420
29308
1234
1245
30554
30218
1304
22528
29368
2346
27465
28703
29022
1109
1143
10595
1308
1826
5668
817
2290
28553
29194
27537
29723
1285
1286
1879
15003
2018
28846
1193
1277
30508
1497
8532
27721
866
1191
28114
28098
29529
28079
29716
28544
28748
27853
29177
1448
1491
30367
1071
2018
11711
1845
19632
2134
27704
30714
28249
28575
28767
29096
888
2133
14565
1032
1562
30269
28018
29219
28181
29513
917
1564
2799
832
27440
1873
28337
921
1573
1583
14271
27576
1046
2037
12821
829
2347
4971
1660
2248
18945
1368
1856
27034
1427
10564
28593
1147
1995
13006
788
2228
17901
1814
1899
4974
881
2309
19905
800
1609
30288
1870
19104
1886
28922
1514
1515
30364
1104
28417
16398
31117
1271
13466
30057
28224
29286
1150
1875
4056
28526
29417
1670
14742
27468
1470
28083
28590
29329
28739
29248
1892
27573
1294
1781
1133
1359
1893
27915
29211
1053
2077
17032
28515
29437
1866
17466
1801
2041
14038
28755
29313
5405
27541
1299
1340
30588
27669
29145
10404
28027
28955
29127
28700
29364
2121
3133
1284
1980
4960
28272
29876
30605
1254
1315
1396
1489
28617
1052
1134
28192
1484
14695
28751
2301
3062
1020
2057
10851
29702
17014
27977
28147
29586
1139
2066
13218
1183
2033
7087
1134
13680
1300
28326
28352
865
19912
27699
895
1347
28141
1309
28023
28805
1077
1721
2318
7338
30621
1310
28155
28583
1712
30272
1903
28046
906
2198
15461
12914
27908
1529
17794
28493
936
1588
30361
1747
4310
1957
29700
28891
29263
1024
1535
30414
1326
27995
28824
1608
2388
13580
1113
13013
27420
28547
29489
1210
2042
14914
908
1187
28485
1154
13227
30873
1995
28911
1909
27633
20819
30258
28982
29236
921
1021
1637
6316
1225
1298
27025
1349
28087
28645
1753
28763
1689
5673
27832
1226
1488
26809
1895
2073
23645
28648
29483
19901
30105
11146
28196
29603
28601
29387
28627
29352
28292
29577
1532
28119
11041
29485
1026
3062
2033
28944
1595
1627
17836
29079
29254
1190
11061
1373
27983
28770
28992
29336
1914
28359
1765
12995
27579
1776
28792
2190
3110
1086
10114
1881
2710
28498
29551
1917
28093
2160
29016
28446
29560
29072
29300
1919
27442
1453
1745
30550
28948
29380
2026
28084
974
1650
30384
1223
1353
1754
28888
29430
2042
28963
1404
28251
28327
28801
29482
16330
27605
29432
28580
29543
28360
29589
28422
29834
29379
29382
14655
31170
28256
29620
1387
1756
30627
1585
7999
6462
27842
1613
28124
28503
29574
29367
29377
1825
9741
27557
28581
29548
28225
29636
1061
1800
30299
955
28402
1940
2137
19020
1433
28088
28543
28195
29656
1730
27812
2001
27994
28644
29991
1831
2289
18361
27825
1350
1910
18407
1442
27979
28699
28278
28306
27818
29243
1554
2139
22828
4445
27989
1665
4661
29039
29419
30511
1285
2250
29622
997
1697
30403
1454
28199
28351
22331
27736
1465
1770
12846
1908
29428
29132
29373
1452
27914
28996
28193
29320
1466
1659
30594
1467
28678
27843
29260
1796
23506
995
1941
28193
1129
2348
1986
2148
20179
27998
29745
1866
14961
1620
28749
29023
29468
1476
27859
28803
1572
1755
30524
28403
1984
28308
1274
2160
17235
1280
12033
28248
28794
28997
1943
27838
1870
18666
2166
29054
29572
29604
28852
29531
27454
29148
1109
1262
28310
28520
29597
1492
28052
28523
1687
3681
1949
28809
28640
29580
1615
28757
1496
28175
28336
18139
27752
29119
29452
1739
4224
28194
29694
29340
29605
29307
29318
1106
2338
7524
1503
1807
3646
1879
12018
28480
29616
29042
29495
1450
2110
12122
1331
23160
28325
1510
1977
30239
28372
29662
1924
20908
27566
1191
12333
28540
29613
1348
2166
5618
28920
29545
1190
1237
28311
15123
27642
2294
28233
14114
27769
1526
28072
28437
29698
1720
28836
28141
29325
28239
29344
1383
2163
17363
2163
29074
1640
5527
1026
29442
31041
28898
29558
1231
2322
3358
1040
1714
2843
1074
2015
28239
1070
28501
28234
29718
29722
1980
28988
29092
29520
28734
29615
28572
29629
2555
29161
13671
28309
1964
28133
1025
3301
1047
11447
27556
1476
15262
10216
27929
1112
27162
30255
1743
4350
28341
29692
1166
27563
28191
29741
1567
28091
28377
2143
30161
29915
27581
27657
1170
2315
2690
2050
28385
1518
1671
30539
1633
28814
1408
1738
30491
1533
1752
1379
2127
1585
27845
28669
1587
28037
28429
1258
1735
30021
23977
31234
29267
1619
28224
1796
21391
1592
28160
28262
29363
29400
1975
27640
19924
29950
29341
1845
19622
1674
4436
1461
2182
19534
29705
1530
1987
28287
29736
21805
31208
2085
30237
1255
28040
29822
28431
29706
1364
1612
30618
1068
1821
30459
1565
1824
30652
2090
2319
11833
15282
27816
28630
29669
28502
1885
28340
28754
29643
21693
28203
20920
27749
1637
27841
28606
1640
28002
28409
2000
26906
1587
21792
1534
2165
30199
1328
2515
6213
28240
29775
1474
2106
30732
28790
29655
1175
27742
28246
29783
1417
2569
1654
27877
28686
28704
29675
1665
27947
28442
1599
1865
17446
2182
29138
2278
30053
1674
28076
28293
28439
29732
2110
29104
1118
2199
29444
27731
29283
29398
29406
29397
29404
29399
29405
17709
28140
2097
23659
27529
27611
29253
28416
1687
27992
28388
1767
28304
29929
2122
30037
13505
1479
1638
30683
1649
28884
1911
2027
29390
1743
4547
28761
29684
1282
1923
30435
15134
31244
29751
30135
1224
1894
2038
1553
28826
1628
1749
30586
1818
28958
2396
27890
28744
29715
18244
28447
1563
24740
30477
30189
28393
29779
17073
27809
2242
28459
2167
2218
14498
2193
28516
2295
2710
11841
1827
13449
28524
29763
28114
29362
28363
29807
29549
1739
28045
28266
1567
12763
18731
28476
28081
29660
28443
29774
1826
28977
1743
28096
28210
29646
28268
1442
20933
2107
28137
29464
29608
1597
23195
28488
1747
27906
28396
29710
29894
2017
27806
1327
13907
27454
1512
2555
21625
1222
6103
27888
1526
15146
28674
30144
28598
29762
1739
3884
2126
10696
27772
11327
31245
1264
7530
27626
11345
27817
28747
29733
28910
29707
1492
19195
1877
28471
27684
29292
23007
31242
29242
29628
1218
1855
30560
11356
27779
1724
1854
30663
1505
28838
1856
29010
1782
27887
28470
1592
21414
28866
29747
1617
11675
28369
9010
28054
2074
30339
14524
29289
29547
28486
1796
28074
28179
27778
28094
7165
10674
27741
30082
19576
28569
1625
1700
12573
1625
28080
28003
29984
1663
1664
1373
11560
1711
1935
12953
28413
29840
1347
11289
1667
1668
1279
2052
30437
28613
29724
1677
1678
15373
1680
1681
1683
1684
1463
1962
30525
1775
1880
30671
29703
1747
4660
28483
29837
28950
29749
2190
27916
1827
27822
28378
1674
4618
29547
30402
5221
28099
3948
31161
1779
1833
30636
1478
1853
30041
1974
30526
1683
2296
1680
1889
1664
2292
1668
1900
28434
29855
26123
31241
29280
29674
6582
28365
1921
28986
28618
29824
20906
28643
16599
28647
28316
1394
1844
30641
11459
28400
1845
27921
28253
30051
1434
15462
27669
1270
1289
29436
28706
29816
1433
16940
1337
20921
27737
27548
28802
29410
2218
29216
1326
3709
27710
27793
28772
29806
1639
2317
30762
28608
29835
1853
28078
28112
3154
29508
29511
28855
29796
1714
3177
1677
2298
28901
29791
1592
18189
1866
28012
28157
10602
28679
1936
22459
28333
8149
28605
28900
29813
1870
27993
28169
1687
3830
29564
29662
1661
28969
3110
28808
29413
5389
28438
1496
19129
29635
29586
29650
6994
28418
18215
31262
1879
27932
28205
2178
30401
29562
29871
1605
2045
29059
2274
30349
1291
29051
30722
2129
28622
3319
1488
3372
16865
31253
1606
2136
30140
30534
31023
29513
29712
2120
31187
28331
1309
3414
12812
28319
1681
1889
28499
29895
1861
1901
30678
1667
1900
11242
28718
1556
1578
1380
19453
31173
1499
1511
28565
1640
5228
29366
29697
28671
29869
1731
27538
30277
29533
29715
2254
28707
1769
1413
1694
1665
4778
29625
29656
1707
22951
27611
1429
2099
30509
28682
29872
15077
30354
29299
29794
28565
29408
1349
24837
28810
29850
28573
29896
1762
2282
1338
1772
28472
1925
28039
28061
28653
29885
1760
2069
28353
1989
29326
1352
17311
27860
2295
3890
29677
29726
1646
1867
30756
27588
27999
28729
29881
1732
27598
30268
1454
21056
1869
28508
12287
27966
28171
30032
27554
29339
29803
28427
29949
28807
29874
27641
29335
28357
29973
1567
17447
14679
5408
28243
1666
2075
28228
1882
2145
30708
28361
1533
2773
2121
28132
29115
29852
1587
23307
1439
13563
27853
1814
29090
30287
28733
29907
28192
29386
18135
30823
1895
29134
3847
28685
28798
29897
1986
29173
2189
11849
28845
30207
1993
18085
30406
25290
31249
2301
27848
1966
27881
28148
1701
1971
28019
28029
28662
29932
1794
1887
30797
28404
29995
1973
27785
28213
19486
28264
30105
1397
2203
30499
1637
6548
29811
1982
27780
28208
28512
29983
1496
18857
21028
28529
29976
1499
2088
28812
29921
27726
30260
3365
28696
1836
2481
27684
4877
28487
28878
29922
1714
2316
2251
30492
29181
29877
28657
29955
1740
5518
27731
1715
2063
22479
2007
27870
28122
1618
19748
27818
1410
1464
28479
30010
1629
1945
30744
1691
13882
27727
27636
30308
29170
29883
9909
29720
29868
28461
30017
4665
1526
19651
1498
10962
28975
1822
1829
4154
1643
10875
1897
2171
30751
1487
12473
27915
28799
29944
29686
29694
1733
2095
30624
28675
29977
1813
1841
22725
29435
29836
28765
29953
29353
29818
28527
30014
2356
30460
29631
29731
28631
29992
11637
27641
27843
1547
2004
29012
28544
30016
2070
2130
30658
1823
27632
30788
28591
30013
28793
2241
8962
29744
21543
28466
1591
1504
1577
29447
7051
28641
28097
30151
28311
29416
28282
30088
23104
31256
2200
11481
28197
9244
28556
2078
23328
28860
2002
29222
12558
31269
27534
28153
30134
1784
27665
28374
5862
28737
1470
1857
20485
1585
8497
2177
28725
1999
27778
28821
27551
30417
10479
1813
27971
8486
31274
28677
15820
31185
1509
21879
28018
15183
29391
29938
29653
29763
1804
11374
28167
12752
1773
27735
1594
29617
29780
2235
28821
6505
28907
28639
30031
1623
2197
30590
29472
29868
1502
29636
29771
29360
29857
1492
14196
27981
30227
2109
28590
2250
28616
1846
2113
30664
28928
29989
28623
30040
2065
27942
27960
2071
27953
28071
2097
29275
1601
4629
20848
28652
30042
29125
29946
29426
30080
1822
27975
3133
28839
1872
1876
15171
1719
15182
29167
29942
1947
28627
29278
29917
11381
28621
20790
28460
1560
29050
29978
28967
29996
9151
31259
2144
20658
29854
1850
27758
30338
27807
30315
1705
19737
28334
1933
27545
30780
1632
27452
27585
2180
13234
28952
29064
30043
28451
28563
30085
29345
29945
28615
30077
29350
29905
11348
28731
1532
1915
20424
15788
2869
29358
29904
14105
31264
2202
16750
29759
1744
28555
30092
2092
27919
27926
1719
1727
28802
28358
30133
29620
29820
29498
29902
28510
30101
28820
30046
28997
30027
29502
29899
13268
12884
28894
1894
1912
3460
1576
2101
30715
29639
29813
1757
2240
30634
28825
27668
30532
29812
30036
4373
1642
29117
28990
30038
20177
30007
29365
29925
29577
29862
27001
31243
28926
29990
1721
2861
27086
29718
29785
29649
29825
1575
1730
2754
1911
1927
27287
1798
2212
30915
19750
31271
1575
3140
29188
30003
27821
19548
28713
30615
31107
4273
29160
30025
2021
27558
30655
28941
30058
1828
2023
28596
29247
29993
28603
30113
1928
1929
22775
15468
31258
1716
29235
30023
1970
27723
30793
16861
2119
27880
27896
11503
29342
29964
28381
28917
30020
28717
30109
1872
27924
1922
1952
13649
1703
11731
2136
28909
30213
1619
13063
1644
27315
30602
2199
30967
29600
31179
29479
29961
2126
29310
25733
31248
1718
1883
2155
29578
29899
26563
31276
1698
15537
1764
1985
28758
1702
2169
2942
29845
29962
24390
28410
14678
28750
1898
11081
28611
20190
28800
27586
30543
2091
2154
30729
18258
29585
29902
28233
27902
30371
18751
29049
29149
30072
29060
30076
1832
2478
28815
28134
30283
1653
4136
30826
1979
27666
28162
27583
11249
1710
1715
11705
29116
1770
27802
27531
30589
1930
22427
28475
16587
29026
2030
27701
30792
28863
30116
28883
22169
31255
18824
28913
2011
2117
20023
28610
31136
2187
28880
1834
14389
28127
2089
27516
30777
29775
29798
2074
11487
27945
28146
30291
29190
30065
28968
1763
29475
31126
2027
3301
3337
22726
3337
3372
1768
2076
2081
29233
30060
13715
31270
28423
30203
2153
27836
27852
28104
31130
2135
27512
30760
12086
2015
12159
29641
29886
3273
3319
2152
27715
27987
3093
2038
3273
1840
2076
13171
29783
29804
2125
2185
30743
29295
30044
2009
2263
30707
15088
29644
1816
2159
30786
29612
29919
4758
28051
28055
29673
29877
15158
31260
2035
28174
28975
2246
15123
10980
1840
2081
1768
27248
29589
29948
2300
30704
20287
27439
29729
22450
28856
1838
1942
27393
28496
1938
2156
1928
27885
25964
31236
29687
29883
27907
29474
29601
2192
27854
27961
1938
19865
10403
28837
27621
2172
27796
27839
28768
30180
9770
31277
1772
1997
18135
1871
28745
30184
21681
28879
29736
29858
29470
30047
27623
29290
30073
29238
30081
27754
30528
1735
2196
21956
20202
1953
28356
30263
2013
2014
13939
10311
31266
2244
29009
28566
31113
2176
27790
27826
29471
30519
28865
30178
2120
28869
29773
29551
29670
23342
31272
2020
28186
30326
12629
27722
29841
1754
3177
28764
27119
28954
30165
28338
30284
27712
30575
1904
2026
27686
29569
30012
2563
1787
15218
30866
14898
29057
29851
30278
1862
27444
1825
29262
1767
2032
7652
7353
27509
3625
12210
29194
30148
12281
17359
28780
29634
29960
8269
28791
2175
27858
29496
30074
28020
30438
2201
27599
30773
28123
30390
27524
28710
2114
2325
30741
17329
28877
29692
29928
6144
28714
28514
31133
2211
27759
27791
29782
29870
28693
30232
1806
2054
2270
29573
30029
11548
31177
8582
29007
22198
28993
2213
27756
30574
2367
29943
27533
27697
30872
11892
31237
29143
30170
1815
27788
29521
28711
30192
27527
30695
28723
2024
17653
1881
3789
1972
9198
31109
2183
27763
29437
30110
2087
27609
2233
27739
27783
8115
29089
2017
31167
6191
29175
29678
29961
28959
4051
28773
2188
27664
20494
31257
3193
12337
28276
30358
29261
28976
12595
30053
2208
3734
28947
30224
29269
30166
2060
27453
23530
16772
29550
1842
2358
2359
3383
29205
1847
19263
30890
29568
29591
30048
11534
2285
20848
2215
29937
2022
27552
30711
25896
27900
30559
28482
31112
1852
10439
30901
1864
28312
31013
29037
30202
29347
30179
28473
31059
27978
28216
30420
25774
29019
28613
30215
2206
27676
2207
2208
29789
29922
16754
2028
1902
23641
30902
10133
30910
1942
20153
27679
1869
2093
13855
20954
29448
29913
9245
2217
27876
28564
30322
29045
30246
2231
19905
1965
2885
1891
29441
30800
28211
30442
27934
17757
2024
2271
1885
19547
12481
2219
27490
27963
1955
2108
19145
27066
2008
17436
29672
30029
2222
27744
1956
29289
27100
29133
29559
30111
13850
28945
30606
28389
30387
26846
28161
30471
28406
31129
2225
2236
2358
27643
2103
2104
9526
2094
28634
30332
1951
20476
30919
2019
20350
1946
27725
29200
30241
27296
2296
27119
29616
30086
2230
27928
28674
30289
2031
12600
28092
2231
2232
28457
2235
27978
1921
2116
3086
3131
16973
27643
17535
31254
29274
30234
27928
29936
29693
30036
2292
27099
24254
2236
11945
27584
30753
2025
2214
31163
29680
30048
9458
29706
30033
2060
17947
27722
29423
29878
29901
12970
27518
27967
30150
29171
30271
2246
2247
27873
2168
27564
29779
29994
27547
1998
31158
1963
11516
29797
29975
2249
27677
29597
30115
28366
31123
2358
17589
29456
30259
29807
29952
2266
27426
1968
28024
2044
4223
11742
31156
29588
30136
19913
31175
29543
30173
8228
2252
2031
2256
2255
2257
29567
2308
27661
27702
27920
29312
28635
14525
27876
29920
28777
30736
28298
25376
2258
2264
29548
30174
20735
31223
2083
28263
30485
28173
30518
28987
2214
28425
29734
28281
1984
22820
30836
23259
17074
29776
29174
28176
30536
1989
2142
6059
6114
28129
31145
29732
30049
27568
28001
30348
27967
29490
2164
2245
14243
28912
29364
30267
30339
30533
27828
29467
30327
30938
29315
30279
2239
2307
2293
30633
2004
2174
13906
15789
29613
30137
2040
21856
30917
29594
2288
30932
28013
30626
28532
2103
27714
2305
27627
30764
20109
30581
13849
2298
29096
30331
27813
28847
2265
2291
29443
30050
28343
30475
27917
30674
2278
31148
11431
29273
30811
2359
2292
2045
19483
29618
30156
10611
24149
28644
30538
28943
29774
30061
2036
15558
16579
29670
28842
2296
29682
30120
28342
31131
28774
30425
28964
29840
30018
2276
2310
2277
29313
30321
2124
29168
30356
2082
30480
30999
2050
8850
30912
10064
29814
30039
22237
2278
28329
2108
27390
29629
30167
2112
17792
30896
28927
30404
2280
27716
30763
29696
30120
27857
2115
27647
30930
2105
2229
11846
2158
11832
29930
29949
27763
29843
28923
30412
2354
27629
27637
2337
27593
27648
2138
2281
10894
27858
30309
28188
31153
28965
30410
27798
2283
27513
27510
28081
28001
29570
29849
30025
29251
30359
27302
23760
30960
28548
30484
29800
30074
13747
31206
29580
30221
2170
31146
2285
2286
8278
29234
30369
28185
30620
27788
27813
28794
30645
29462
30056
14853
2105
2138
11511
29276
29770
30100
18418
2215
2216
20161
17888
29501
30292
6386
2311
12473
27491
29225
30388
27332
27597
20433
2302
2311
29105
2223
2224
9111
28355
31138
9027
28128
30660
30789
31062
28538
30667
2169
11534
2368
27571
27594
27744
29717
28936
30366
2123
15458
2237
11766
2241
29403
28214
30631
29311
28517
30542
2129
4902
5017
29207
30416
2150
20583
31111
2191
5392
30929
29281
30396
27638
27829
17274
29799
28989
30462
15382
28876
30386
2333
28051
31126
29837
30087
28554
30702
27085
31198
28673
30529
29077
30458
2297
13849
28808
29909
30038
29013
30466
29509
30316
28449
30851
2287
30052
30956
29114
30735
27725
27828
17692
2156
5515
6668
29890
30054
27659
29546
27630
29015
29669
30214
29482
30353
29075
2224
27589
10153
31204
29055
28453
30592
2279
31151
27685
27784
29401
28703
30546
27664
29632
27897
28159
29810
28748
30750
2321
29688
27676
29598
2234
19885
20568
29607
30274
29514
30163
29802
30136
29139
29222
30555
29605
29937
14236
29995
30011
27693
30599
28710
30770
28998
30504
30421
28270
31132
2264
29691
2194
12053
16428
31000
18231
28220
29379
27578
29392
14060
28788
2496
28849
30535
23285
28687
30568
13248
28080
30007
29916
30072
28607
30811
2328
27975
29972
30031
29484
30383
27677
29503
27948
31122
29381
30320
28607
17589
18021
29340
2331
29333
29217
2333
28055
2304
27601
30944
29762
30187
28880
30778
2366
11516
7072
2339
29579
30313
29801
30156
28684
20590
27580
2342
29359
27924
2343
27609
27784
2344
30327
27885
28145
30690
2239
11596
28533
13951
23360
29402
2272
13587
27946
28111
29787
2273
5338
2266
14396
28080
29430
30422
2349
28419
27612
11239
2352
2366
2254
5231
31016
5465
28575
30692
2320
2303
27244
28936
30722
29895
30097
27911
29327
31140
30002
30035
27910
30806
17780
2320
28328
30630
27560
27511
29439
29860
27849
28010
31024
29761
30206
2271
4167
5161
2378
31045
2380
16046
29675
30270
28136
30614
2367
27444
27703
28506
28156
30734
27491
28350
30677
2470
2303
2351
3225
27971
2371
30629
11604
30982
2490
2598
28874
29531
30394
2501
27488
30555
31113
28368
28024
29367
27607
29425
29831
19685
30452
2376
2729
30659
31043
28218
30720
6675
27544
29303
28041
27564
27703
29493
30432
2541
2658
27714
27745
28279
31052
27904
28047
31028
2998
27467
27470
29067
30556
29068
30557
29380
30474
29069
30558
29061
30564
28092
2427
29622
29179
30549
2324
2385
27128
2373
3111
19108
2405
27308
27346
27504
29821
30959
2466
27934
2345
2384
3018
29643
30317
2471
29698
27964
31125
30278
27482
28335
30957
27695
28594
31070
29750
30247
27490
28426
28925
2478
27857
27969
28011
2362
2405
2607
2482
29705
27873
29568
2485
2546
2426
27368
27936
31119
28600
29336
30520
2496
30135
27649
28835
31079
3594
27479
2502
30236
27920
27941
29517
27612
27620
28004
28022
29742
21575
30017
30068
2678
27410
27429
2363
2365
2579
27352
29363
3014
27455
2370
2374
2570
2369
27336
27589
30300
27513
27595
2374
27366
2377
27338
2569
27802
2631
27372
27379
2618
2631
27329
2840
3229
27364
2588
27685
2385
27381
3182
3395
2438
2458
25415
3321
28180
2419
3431
27256
2408
2484
21410
2386
2468
2565
2840
3266
27349
2488
6623
27535
29062
30585
28697
2391
2397
6416
2452
2627
30230
2414
20579
2393
2415
6381
2418
21582
2395
2420
6303
2423
20518
27768
27867
2506
27305
2400
2424
6209
27709
28692
31075
2429
10434
2447
2527
4543
2404
2431
6057
2406
2481
26613
2434
21910
27486
2503
3383
2409
2435
5929
2410
10178
2439
17891
2411
9978
2507
2566
2413
2441
5802
2445
20725
2415
21148
6041
2417
2448
5692
2451
14976
2420
15607
2438
26966
6246
2422
2453
5557
2454
12148
2424
19241
6615
2428
2456
5438
27335
27430
2664
2457
19849
2431
13055
2832
27323
27330
6760
2433
2459
5347
2460
21968
2435
10895
6552
2437
2462
5206
2463
14572
27411
2441
13325
30010
30084
6392
2444
2465
5070
2533
2666
13084
2467
22185
2448
18296
2545
2548
3288
2477
26919
6280
2450
2469
4949
2472
10630
2453
19808
2484
9978
6145
2456
17992
27875
27884
29322
5993
2459
11361
2488
21382
5866
2462
11127
2532
2553
27271
5746
2465
13319
27956
28090
31037
5672
2710
30287
2469
16512
2507
7005
5522
27595
28017
2719
2473
11688
2475
5403
2476
2572
26986
2558
2614
2573
3329
2508
4669
30185
2480
2532
4288
2540
26083
3408
2745
2489
2529
26944
2533
27447
29807
2512
2544
2833
2499
3324
30269
26966
2601
3148
2491
17000
27476
2514
2552
2859
2517
2612
2687
2506
2788
21555
2519
2559
2881
2771
2499
2521
3921
2520
2575
2917
27021
2501
2899
10618
23280
2787
27560
2549
2868
2524
2590
4866
2523
2585
2971
13819
7955
2560
3597
2521
2545
3004
2518
2611
26931
2513
2599
26242
2593
4145
2567
4691
2595
4060
29083
30582
2528
2600
3052
2526
26778
2620
3379
2605
3909
2609
3786
26805
2525
2574
26148
2616
3728
2592
2830
2580
4666
2549
2922
2553
4421
2622
3648
28188
28268
2531
2663
2962
27172
27357
4476
27303
2543
2637
3137
2576
2602
3302
2539
2581
2613
2578
2596
2892
2654
2655
4801
2558
2857
2593
2831
2542
3901
4146
27466
2630
3587
2595
2858
3517
3123
27314
2550
2582
2939
2568
3126
26935
2556
26447
2577
2659
27024
2605
2880
27369
2592
2638
4914
29162
2619
4366
2687
3227
3323
26196
2609
2916
2657
4724
2683
2701
3378
2571
2624
26358
2604
3709
2568
2572
3315
2566
21382
21540
2574
4608
3004
2900
2960
27282
2632
4266
3231
2602
26768
26293
2616
2973
2634
27032
2584
26995
2650
4675
2959
27275
2583
4533
2772
2972
2668
4584
2587
26143
2722
27028
2622
3049
2591
2606
3104
2650
2891
2942
30408
2603
2623
26999
2654
2911
2594
26589
4888
4304
2694
3993
4169
2668
2938
2633
3638
27265
27483
27674
2655
2911
2630
3105
2693
3260
26977
2634
2918
2638
2830
4122
2721
4327
2946
27236
3294
3379
27255
3902
2617
2713
26496
3294
26686
2615
3471
2614
12279
13516
2703
3323
3788
2739
3928
3336
27295
2624
4190
2659
3751
2645
2718
3028
3782
2649
26984
26515
2706
2725
11876
2850
3163
26889
3026
27303
2633
3016
27347
2724
2750
20034
3811
27462
2643
4104
2665
26713
2680
2906
4621
2693
3345
26930
2683
3400
3043
2677
2904
4540
2675
2903
4360
2676
2905
4244
2679
2907
4216
2652
26331
2681
2910
4116
2690
2885
2647
2822
3944
2839
3498
2686
2915
3924
3067
3135
26043
2908
3095
5911
2721
3103
2663
2738
3272
4888
4715
2716
2747
3060
2857
26210
27469
29331
27049
2692
2928
3842
2667
2680
4599
2746
2896
3223
27210
3062
30255
2734
3584
21059
27739
2674
3449
25979
2768
2852
3257
2708
2815
3146
2700
2941
3795
2815
2963
26767
2782
2820
21075
2747
4597
2985
27073
2981
27067
2997
27076
27447
2982
27059
27083
2983
27046
2698
2871
3886
3783
2685
2826
6046
2836
18457
2986
27023
27292
4435
27225
27232
2691
2841
5837
3499
2848
15946
2996
27004
27184
2713
3875
2897
2898
4823
2697
2853
6270
2862
18468
2736
3762
2705
2865
5623
3008
26991
2708
3670
2772
3029
14917
2768
3202
2730
2774
3011
2872
11911
2711
14071
2912
2913
6592
3400
2714
2878
6580
2715
4867
2901
27307
27347
26651
2886
16035
2816
3091
2725
4867
2924
2925
25627
2866
3055
3110
30534
2726
2825
20600
4992
2896
3839
2760
2989
26626
2727
11420
3500
2847
5307
2731
4921
2752
2978
4495
2828
2885
2846
2866
2827
3113
2797
3122
3245
2789
3040
5839
27217
27365
2868
2922
3218
2780
3574
2755
2979
4336
3079
2761
3757
2792
2873
3298
2762
2993
4365
2796
2874
3293
2808
3058
5653
2766
3085
3097
3133
30615
3033
3087
5194
2807
2877
3216
2805
2876
3276
2897
3030
2770
3001
4468
3019
26845
2933
3304
3740
2799
2814
3009
26823
2829
3078
5560
2784
3094
26871
2819
2879
3254
2783
3013
4582
2784
26882
2769
26517
3012
26821
2842
3010
4037
2838
2846
29406
2794
3025
4688
26930
27056
2849
3098
5507
3760
2822
3488
3020
26829
29600
29799
19829
3093
3173
3092
3174
2818
2914
3296
2854
2883
3220
2804
3037
4739
2861
2884
29405
2843
2869
29404
3017
3482
3239
26971
27249
2797
2980
3031
26841
27089
2870
3120
5344
2834
2927
3082
3164
27426
27196
27199
26983
27010
2823
3050
3922
27217
27234
27351
2951
4349
2888
2968
3167
3048
26852
2890
3156
5284
2958
4210
6139
2919
27092
27111
2884
3023
3413
3941
2811
3309
26815
2809
2945
3877
2837
2965
3387
3056
26868
2966
4059
3114
26510
26580
2948
11818
3115
27019
2812
4177
2821
3051
4034
26806
27231
2821
3962
3127
26672
26729
3140
3224
26899
2856
4982
2933
3700
30033
2976
16385
2975
3929
2826
11362
26764
26499
2931
3650
2902
2961
3153
3121
15926
6139
3041
4989
3028
3199
3145
27044
29298
2833
26221
3431
27411
4407
2984
3385
2851
3021
3496
2841
12680
3007
20756
3499
30556
2871
3824
27457
6232
3069
27052
30557
27196
27200
27367
2882
3214
29010
2929
2948
3215
2853
15008
3195
27064
27237
27238
3034
10846
2953
3327
6204
3005
3763
26686
26777
27264
2898
3030
3246
2859
26147
4232
2953
3444
26800
30558
2865
13837
2867
3141
3630
2980
3118
20556
6491
3499
3059
12619
3330
2930
3256
27082
4614
2878
13611
3306
27319
2951
3299
2943
3072
3508
2958
3292
2976
3295
6733
2966
3277
2881
5168
4027
2968
3660
2975
3253
2954
3611
11409
2889
3015
26433
3032
3389
2895
4153
3346
27094
2892
4530
4441
2926
3142
3967
2920
3238
3808
2926
4032
26951
4921
4804
27222
27493
28440
29230
3469
27255
3005
3221
2981
4239
2985
4368
2982
4164
2997
4498
2983
4050
2925
27191
2944
3125
27343
2986
3931
4963
3611
6580
2919
6627
3007
3386
2996
3810
2917
4295
3800
3302
27077
27109
27051
27325
3003
26549
26720
3471
2927
3823
26943
3245
25483
5873
26833
26849
3008
3744
2936
3174
2937
3173
3263
3501
3057
3192
3707
27183
2984
3152
26832
6370
27134
27305
30904
30905
2939
4419
4319
3123
3124
19833
3061
3623
3343
3162
3338
2970
3150
3380
27137
30907
2954
30906
14055
2955
3127
26673
2956
3241
26599
4324
2969
3024
3718
3202
3224
26690
27127
2994
4093
2994
3207
3934
4160
3002
27346
3035
27366
3084
3615
3054
27364
3050
3616
3309
26682
27158
3034
3495
4014
3006
3109
3537
3339
2977
4039
3038
3353
2973
3595
3246
26521
3894
3064
3282
3926
3832
20423
3000
3812
3009
26479
3012
26315
26597
26923
26920
26914
26924
26925
26909
2992
4199
26810
3237
3609
27147
3019
26571
3033
3201
27050
3071
3558
26883
3015
4035
3020
26265
26818
3039
3177
3183
26908
26942
27469
27474
3000
3179
3892
26648
3031
26240
3139
3208
3364
26884
3189
3643
26687
29101
19537
26900
26749
3060
3500
3055
27031
26727
3048
26204
27102
27294
26665
3637
27255
3072
3579
3096
27379
26788
26723
3059
3631
3061
3237
26813
26947
27175
3064
3710
3056
26121
3411
3412
3036
3084
3185
3235
26521
26683
3090
26731
3107
3160
3839
14845
3300
3424
3147
26677
3069
4422
3149
26812
3045
26292
3115
5644
3200
26587
3070
3073
3577
3432
3528
3450
26587
27194
3128
3083
3131
3191
3100
3106
3376
26739
3052
3590
3146
3073
3973
3452
3135
3183
3460
3272
3428
3489
26748
3080
3171
3145
5536
21076
3449
26913
3176
29019
30279
4217
27309
27343
27400
3075
3163
3445
3243
27121
3300
3443
27282
26759
3088
26718
26941
27952
3563
26709
26867
26964
27812
3166
3297
3147
3275
26856
3204
3290
28981
3195
5466
3092
27031
3129
3594
3154
28381
29872
3116
27277
3086
3260
3522
3188
3345
3148
3125
3353
3100
26755
3191
3529
27113
3091
13010
22138
26861
26910
5789
26983
3371
3480
3303
27132
3256
5327
3109
3194
3633
26721
3230
3485
3671
3361
3502
26533
3104
4090
4010
3137
3420
3157
26787
3134
26657
3320
3321
5390
26426
3247
27381
3113
3200
11401
21077
27129
27212
26879
3233
3823
3128
3154
3252
3141
11329
3170
3176
3242
3346
5258
3200
3450
3521
26597
19885
10652
27313
3132
3250
3357
27215
27039
3175
3225
3528
4914
27093
27016
3223
3226
3144
3180
26292
3172
3267
3384
3619
3155
3453
26642
27308
26792
3161
4009
3310
3966
27048
3242
3389
26877
3332
26954
29847
3267
3516
3267
27400
3209
3223
27385
3356
3445
3185
26619
26872
27078
3439
5110
3282
3710
3364
3370
26409
3161
3241
4152
3196
3313
26844
3261
3551
3322
3557
28711
3325
3439
27003
3305
3356
3196
3257
3197
3362
3507
3208
3424
27275
3660
30547
3234
3236
27322
27427
3234
3280
26906
3313
26714
26892
3361
3775
26867
26891
3182
19661
27406
13866
27119
3212
3417
26859
26848
3232
3601
3628
3199
3280
3403
3529
3697
3231
3921
3341
3390
29472
27294
3213
3368
3228
3610
3222
4023
26893
3327
3268
3436
3481
3826
4089
3225
3353
3656
3683
3373
3490
3609
3344
3344
3520
28382
3268
3514
29747
3481
3897
3217
26951
3261
3279
3513
3407
3418
3589
3515
26940
3236
3286
3248
29347
3216
5616
25750
3287
27312
3283
3349
3257
3283
3339
3221
26526
26450
3497
26438
27293
27409
3322
27237
3436
3576
3318
3428
26795
26922
3573
3382
3534
26869
27251
26814
3403
3489
27423
27197
3523
27310
27281
27284
3365
3698
31048
26756
27026
3460
26975
3330
3349
30024
27191
3597
3336
3443
3339
3349
3281
26883
26958
3315
26666
3330
3383
26689
29974
3254
16648
10896
3433
26990
28190
26912
3284
3826
4033
3286
3308
26971
27113
3388
3326
3682
27386
3360
26851
3297
3459
26894
3287
3379
3469
3318
3480
26542
3328
3575
3840
3308
3312
27249
3297
3322
3437
3355
3388
3465
3544
4079
3277
12051
14142
3338
3483
3518
3415
3429
27015
3347
26916
26791
3760
3352
3987
3453
3601
3618
27402
3751
3314
3334
3347
3433
26830
3363
3550
3311
26669
29144
3293
20647
13209
3427
3296
5669
25712
3299
11293
14874
26953
3697
26993
3366
3940
3459
26770
3307
20413
20014
26683
26802
27247
3425
26904
3365
3761
3316
27401
26961
3317
3350
3329
3392
3393
3367
3517
5337
29667
5325
3437
3397
30161
5166
26948
3569
26684
26892
3669
26700
26697
3458
3547
3655
3350
3670
3457
3730
3908
3357
3622
4055
26720
27759
3579
3517
26693
26805
3369
3374
3366
3976
26904
3634
27302
26704
27113
26926
3558
3363
3397
3573
3922
3487
3501
3511
3422
3820
3367
3378
26693
3441
28799
26724
3487
27016
27150
3532
3535
26169
3511
26726
26960
3486
3722
28568
4055
27186
3670
26928
26971
3593
27753
3582
4358
27372
3394
3509
3416
26773
3493
3571
3578
3693
3825
3407
26516
28819
3410
3398
4681
3457
4387
29181
3406
3618
26743
26799
3445
26889
3387
5774
25652
3508
3660
3430
28804
3404
3624
3764
3454
27320
3402
27388
3396
27147
27408
28942
3492
3503
3921
4510
26568
3468
3827
30522
26782
3421
3446
3513
3442
26682
26946
3732
26608
3408
3421
3549
3434
3476
4558
3420
3473
4079
3486
3560
27743
27981
28667
4177
27137
3441
3625
3446
3685
3430
26733
3503
3531
3447
26590
26776
26884
26980
3452
26613
3596
3851
3442
3448
27158
26917
27062
3510
3837
26404
3637
26777
3551
3905
3440
27324
3708
3709
26874
3477
3484
3491
3554
4371
4154
3683
3466
4005
26947
26937
3526
26645
3524
3661
26750
26892
26847
3478
4401
3451
27374
3729
5307
3475
3484
3568
26915
26682
26815
3467
3490
3579
3474
3616
26785
26794
3607
3640
26932
3527
3539
28245
3589
3858
4401
3527
3560
3722
3586
3756
3911
3513
3549
26917
27180
3482
27009
3605
3665
27378
3472
3543
4600
3760
3545
26360
3619
3715
26767
26998
3476
27300
3525
3519
27233
3548
4420
3542
4111
26819
27005
3565
3551
26600
27250
3745
26819
3783
26881
3498
3776
27154
3518
3494
26418
3606
3724
3561
26624
3627
4377
3496
5897
5945
3571
3801
3680
26902
3622
3580
3770
27181
3526
26671
30652
3566
3572
4725
3512
3864
26194
3576
3587
3524
3570
3606
3686
3844
27013
3554
26009
3599
4154
26910
27181
26799
27017
3570
3618
26642
26689
26953
3792
27187
3568
3590
26809
26846
3604
3534
3638
30358
26707
27311
27102
3536
3666
26425
3724
26825
3592
4431
3541
3687
3968
3559
3864
4634
3553
4379
3746
3911
3613
3635
3641
26542
28207
3592
26635
26769
26464
28939
3629
26520
3572
26305
3715
26842
26386
26567
3583
3626
28762
26712
26850
3598
26095
30352
26660
26704
3556
3614
4475
3555
26458
26546
3676
4316
3581
4229
3831
29064
26990
3602
27265
26817
3617
4003
3583
3617
3980
3574
3604
3600
3829
4043
3674
3762
3567
26385
3654
4536
26677
3636
26550
26753
3880
26565
26660
26576
3732
3841
3811
3990
26641
3591
3603
3608
3658
3612
5397
26884
26967
26744
3637
27337
3604
3625
3667
3723
3907
3783
3602
26489
27145
26742
3595
3617
3626
26482
3636
26453
27417
3615
3641
3804
3891
3614
4338
3734
3720
3753
26708
3628
3735
29532
3621
3939
27000
3608
26533
3672
27009
3646
3648
27109
3705
3914
3692
3806
3878
3643
3650
26782
3797
3855
26408
3690
3799
3922
3647
3674
3822
4043
29435
3666
4311
3632
3645
3745
3631
4481
5447
3675
26436
3746
3893
3963
28876
3664
3711
27291
27373
3665
3690
3834
3673
3923
3817
3652
3653
3846
3894
3725
3798
3923
3675
3712
3782
3680
3824
3811
3705
3773
4246
26857
3657
3727
3986
3690
3803
3739
3799
3743
3917
3688
4095
26812
27054
3712
26520
3663
3767
3695
3702
26605
27298
27318
3701
3702
3725
3717
3857
3721
3750
3849
26445
26576
29301
3713
3886
30763
26688
26880
26487
27012
3673
3727
3714
26813
26489
3797
4262
3778
28616
30246
27003
27108
27126
3752
3872
27948
3795
3696
3830
3938
26816
26894
3756
4415
26536
26786
26811
26547
26854
3802
4000
3702
3923
3703
3752
3948
3808
26846
27025
3717
3721
3694
26755
3784
3949
3699
4095
3737
3765
27383
26878
27503
3777
26606
3726
4019
3844
26668
3768
3871
3735
3847
31099
4296
3750
3758
3787
27227
27417
27283
28765
3825
3793
3822
26670
4614
30734
3798
3986
26876
3837
26605
26606
3770
3747
3814
3721
3787
3857
3749
3758
26542
3746
4085
26994
26757
3740
3818
3767
3782
3789
4037
27083
3794
4283
3749
3829
4415
26652
3788
3789
3880
3740
3854
3933
3755
3896
3741
3950
4230
3755
3791
4062
26422
3848
3944
29258
4124
4418
3776
3795
26661
3812
3853
26245
26482
26696
26579
3753
26995
30915
3822
3777
3791
3846
26296
26679
3776
3842
26701
3829
3843
26536
26878
26888
3824
3800
3832
3793
3841
3935
28617
3915
3925
4752
26609
3790
3805
3779
3937
4102
3775
3794
4431
26635
3773
3850
3914
4017
3790
3948
29870
3806
26631
4056
26602
26491
26586
3926
26335
26607
3805
3843
3887
3814
3852
3946
3960
4092
3788
3890
26625
4671
26678
4125
27010
3817
26797
3830
3896
3939
26658
26667
3896
3894
26624
26662
4073
26361
3870
4064
3806
3892
26655
3809
3860
5386
27143
3867
4984
3842
3928
3828
3835
3874
4727
3825
3958
4165
4393
3851
3853
3987
3820
3827
3849
3919
4026
4857
26176
3827
3845
4019
27020
26835
3851
3892
4167
27390
4295
3838
3983
4101
3870
3952
3836
26160
3861
4448
26698
4007
4013
27037
4033
26775
26176
26601
26605
28517
28995
26352
26620
26499
30154
3854
3960
26234
3853
3961
3952
3970
4290
3890
3902
28038
3869
3903
4751
3881
3964
5256
4880
30641
3873
26124
3903
4600
26567
4008
4209
28594
26482
3879
4062
26519
3872
3974
4148
3874
26030
3882
3899
4115
4111
26609
26627
3872
3887
3910
4303
25914
3924
3928
3982
4001
4144
3920
3995
4195
28721
3991
26558
4023
4021
4218
4098
4138
3908
4016
4320
3899
4224
3983
4045
26576
26485
3942
4247
4255
4041
4048
4682
26919
26997
26438
26647
3934
3949
26641
3949
3961
26774
26831
27068
4121
3906
4720
29928
3959
4223
3909
26741
3940
3976
4215
26786
26843
3985
4943
4235
4415
26142
3977
3913
26188
26722
3999
4390
27949
3943
4723
26357
4806
28393
26707
26793
29805
3991
26382
3927
4036
25792
4041
4184
3962
4091
3931
4026
4767
26659
4072
5475
4014
4027
3934
3990
4093
3993
3936
4002
26202
3940
4162
26296
26554
4018
5000
3978
4899
26404
26854
28994
4005
4134
4161
4183
3957
26097
4614
4107
4118
5579
4172
4189
3962
3967
4034
4255
4289
4234
4287
4332
26350
3954
4113
25863
4123
5473
4136
26372
31033
4008
4051
31070
4065
4749
4135
4340
3971
4137
26364
4089
4306
27668
4048
4184
3967
4032
4091
3976
4231
4078
4101
4021
4133
4644
4117
4318
4020
4086
3979
4143
25940
3990
4047
26452
29041
4045
4204
30115
4006
29480
4077
26339
3989
5279
26725
26862
4671
26372
28300
3995
4054
4028
4031
4250
28909
4234
4258
26338
4089
3989
4156
5328
26115
26512
4005
4147
27179
4010
4071
4187
4713
4681
4029
4166
26449
4055
4279
27791
4193
4623
26048
26378
30443
4109
26559
4029
26636
26126
26294
26725
26765
4238
4883
5431
4046
4122
4078
4274
26610
4034
4047
4116
4151
4482
5176
26554
26602
30204
4045
4265
5168
4446
6627
27092
4044
4702
4211
4460
4222
4344
4046
4082
4699
4058
4126
5360
26620
4094
4261
4363
4133
4206
4218
29994
4295
28940
29419
4114
4157
28893
29336
26327
28289
26334
26176
4153
27135
4479
5503
4422
4081
4180
4228
4217
26596
4058
4270
5371
4767
4176
4271
26266
26601
4348
4494
29017
4152
4699
4092
4115
4355
4090
4116
26214
4082
4137
4169
4066
4201
4289
4091
4108
26716
4479
5475
30049
26258
4160
4232
4082
4122
4063
4163
4522
26555
4457
5122
26352
26381
4071
26427
4171
4275
4628
26355
28520
4070
4309
26033
4222
4249
4730
4097
5324
5824
4119
4594
4078
4207
4086
4103
4223
4097
4297
5120
4174
4251
4386
4096
4198
26677
4083
25999
26279
4920
30427
4099
5494
4129
4327
30792
26638
26647
27941
4119
4601
4631
4200
4443
30334
4104
26347
4152
4140
4175
4260
4108
4144
26252
4180
4454
4100
26069
4126
25736
30467
4198
26665
29517
4216
4165
4837
26333
4110
26010
26440
4113
5449
26334
4393
26584
4118
6127
26625
4258
4287
4650
6127
4120
4212
4141
4127
4269
6260
25894
4144
26339
4180
28892
4130
5399
4353
26512
4481
26792
26130
4196
4408
4166
4212
4318
4992
30639
4131
26029
4143
5232
4142
4170
4317
4334
4701
4854
4615
26584
26687
4146
4355
4504
4155
4679
30492
4188
26151
4224
4313
28723
30076
26027
4169
4263
4263
4854
5027
26485
26652
4166
4188
4203
5027
26274
27048
26476
28029
4518
4182
5807
4271
5226
4528
4920
4194
4402
5210
4518
26167
26967
26147
4191
4289
26350
26401
4302
4620
4216
4266
26481
4517
4208
4411
5156
4225
4248
4191
4196
4509
26234
4301
4457
4472
4201
4259
4192
4203
4292
5357
4701
4192
4261
4837
4256
4261
26333
4254
4330
28526
4221
4708
4264
4322
4876
4226
4429
5102
4240
4247
4264
4193
26084
4501
4355
4356
4244
4266
4219
26356
26427
4451
26261
4350
26095
4290
4329
4417
29132
26433
26486
26628
4202
26248
4230
4375
4466
26502
26355
26412
4277
4321
5112
4301
26317
26295
26304
4464
26254
26499
26517
4324
4407
4247
4282
4269
4236
4267
26285
4243
4456
5067
26394
26401
26607
26383
4322
4408
4256
4267
4323
4432
4484
26326
4236
4397
4483
26246
4245
4351
4697
26390
26976
4296
4338
26519
26274
26394
5168
4398
4424
30586
26500
26579
26638
4996
4299
4550
28705
26421
26514
4244
4366
4460
26351
4272
4486
4978
4263
4304
27508
4500
26237
4382
5322
4282
4307
4395
30286
4278
4430
26378
26572
26512
26519
4293
4367
5020
4333
4389
26247
4333
26191
26379
26393
4296
4307
4362
4840
4275
4316
26631
26712
4275
4290
26467
26395
26412
26465
4281
4392
4757
26399
4309
5369
26441
4526
26213
4329
4373
26304
26395
4317
4397
4438
4315
4818
4344
4527
26327
26409
4376
4930
30232
4414
5257
26379
4320
4384
4300
4519
4946
4303
4361
4723
4480
4703
5317
4737
4304
4326
4631
5921
26431
4308
5223
4357
4853
26214
26369
29346
4480
5090
4316
4379
4386
4367
25928
4554
26165
26403
4611
26218
4496
4338
4362
4420
4629
27248
5237
4312
5876
26207
4330
4660
4379
4383
4382
4692
26347
28654
4328
4427
4802
4434
4704
4501
4360
4366
4409
5150
26456
26416
4494
26101
26221
4371
4377
4428
4347
27467
26369
4461
5200
26470
4576
4342
4960
5000
26294
4639
4627
25995
4346
4703
5230
26479
26566
4396
4606
29608
4361
4707
4798
4654
4837
4364
4566
5016
4410
4612
4400
4428
26475
26154
4372
4575
4829
4378
5170
4447
4476
4409
4585
4595
27146
4547
4414
4743
4377
4383
4418
4383
4386
4475
5397
30627
26349
26414
4394
25928
26167
26540
4416
4442
4753
4368
26238
26374
26393
26634
4624
26172
26315
26497
4683
4419
4432
4473
4578
4423
4433
30636
26604
4604
26200
26171
4474
4584
30625
4444
4470
26303
29121
4381
26062
4400
4455
26492
4557
5042
5739
4431
4587
4418
4428
4536
26142
28756
4391
4490
4860
4929
5038
26452
26688
4508
5115
4461
4791
26551
4560
4632
4996
26229
4416
5245
4571
4502
4596
4412
4625
4955
4605
4663
4464
5203
4426
4455
26423
26229
26257
28724
4467
25912
26424
4410
4512
4799
26147
4458
26093
26113
4483
5139
4672
26110
4515
4523
4717
5655
4541
4992
26331
4441
26193
4476
4491
26243
4452
4549
4558
30371
4426
4544
26446
26588
4508
4822
4500
5098
4523
5050
4686
4607
30438
4573
4738
27240
27283
4618
26257
4452
4696
26100
26323
30322
4497
4520
4562
4469
4616
28347
4540
4655
4684
4445
4470
4447
4491
27339
26510
27211
27470
4496
4852
4499
4617
26260
4502
4567
29063
26197
26345
26054
4485
4636
5496
26390
26435
26581
4526
5032
26297
4899
26399
4594
4601
5331
26234
5633
4463
4531
4908
26096
27108
26180
4524
4958
28132
4477
26153
4649
26159
26265
26463
4516
4555
27515
4535
4675
29349
4522
4581
4507
4819
25979
30793
30284
4491
4543
4549
4598
29128
29071
26391
4797
5509
26279
26174
4507
4726
4673
4976
4554
4973
4497
4525
4544
4489
4564
5075
4552
4863
4564
4833
4521
4645
4835
4502
4721
5038
26285
26571
26630
26040
26503
4530
4540
4520
4570
26161
26408
4506
4766
26056
26414
26435
4586
5103
4693
4906
4748
5497
26349
26351
26728
27155
26295
26361
26451
4659
4792
4525
4562
4649
4538
26141
26217
4637
4777
4556
4655
4827
30587
26833
4604
4912
26434
4864
5832
4865
4820
4532
25816
26529
26149
4668
25722
27760
4543
4588
4669
4533
4577
25976
4626
5104
4621
4969
26136
28906
26043
30478
4605
4541
4632
4782
4550
4683
4574
4588
4592
4542
4560
4606
26532
4580
4646
4923
4593
4745
4795
26516
4561
5416
26272
4602
29769
4569
4610
4916
4685
4838
4617
4633
4738
26128
4583
4657
4574
4694
4636
4970
26071
4597
4599
4651
25990
4670
5059
4563
4570
26159
5505
4568
4731
4747
4672
5018
26191
30119
4846
26135
4586
27916
4633
4702
26285
4573
4637
4809
4677
4657
4795
5832
4639
4686
4674
5085
4639
5033
4599
4621
4666
4593
4719
26011
26317
26240
26413
26079
29933
26282
26101
26380
5128
26093
26169
26153
4617
4630
4662
4714
4812
4911
4592
4694
26250
4765
5097
5429
26083
26221
26071
26190
26241
26198
30173
26181
5501
4620
26100
4705
4821
28950
26098
4725
4784
26054
26136
4651
4666
4735
5122
28580
4746
5007
5207
26100
4622
30110
4660
4686
4708
26451
26459
5245
28126
26464
4638
4662
26312
26198
4799
4825
4818
26456
26137
26308
4766
4948
4783
4903
4638
4695
27183
28431
5065
26048
4689
4913
4677
26009
26328
4773
4877
26007
4704
26178
4687
4700
25722
4668
4700
4787
4647
4832
4898
4690
4711
4737
4695
4713
4795
4839
4790
4900
4744
4907
4687
4711
5173
26504
4680
4690
4653
4685
4719
4745
4691
5015
26356
26459
5245
26171
26282
29119
26228
4670
4774
4858
4810
4966
4735
4778
26287
26193
26244
4679
4680
4840
4705
4758
4777
4787
4809
5050
4765
26341
26629
26102
4812
4932
4786
4961
25979
4699
4713
4733
26224
4704
4717
5112
30499
5807
26636
4733
4761
4709
4694
4734
5400
26164
26204
26342
26410
26439
4716
4715
4697
5267
4893
5180
26084
26235
26263
5155
4742
28176
29034
26276
26764
26323
26255
26259
4770
4936
5180
4789
26135
28961
5009
26068
4712
4736
4820
26144
4717
4785
4928
4983
4826
4726
5173
4732
5426
29858
4811
4840
28966
26190
26223
4734
4753
26185
4775
4765
26405
26611
5807
4852
5756
4761
4767
4815
4732
4987
5528
4820
26373
4789
4824
25809
5824
26340
26297
4774
26205
26055
5065
26121
26278
4876
5256
30562
4747
4858
5059
4857
4876
4757
5214
4794
5013
4829
4764
5086
4759
4993
5173
4775
5804
4759
4846
4900
26181
26244
4815
4845
4782
4792
5252
25963
4756
4774
4785
4824
4851
5088
25787
4874
4789
4831
4851
26166
4772
4781
5681
4780
4814
4961
4793
4891
26066
4804
4814
4836
26031
26330
26340
4848
4862
4772
4779
5794
6009
4832
5013
4798
4901
4943
28341
5050
26132
4871
24916
4801
4826
5189
30387
4896
4994
5022
4971
26090
4801
4803
26206
4806
4845
4909
4796
4874
4802
5133
26109
4868
5002
4872
4981
4850
4956
5137
26879
4831
4828
4814
4834
26047
5035
4888
4937
25939
4866
4963
30720
28581
4852
4864
4873
4886
5174
29960
4952
4828
5114
4838
4915
25748
4830
4868
5089
25938
4847
5184
5816
4839
4846
4954
5065
26175
26232
26043
26143
4860
5044
4836
4919
4858
4901
4977
26047
5161
29418
25876
4912
4884
4997
26107
29687
4863
5062
5036
25939
4873
4954
5462
4953
5097
5051
5269
25608
4975
4985
5763
4909
4984
30174
4864
4927
5756
26146
4870
25575
4893
4897
4896
4913
26133
4923
4928
4878
4913
4926
26548
4985
4990
5310
4885
4936
5252
4956
5014
5202
5010
4898
4903
5198
4885
4934
4945
26218
26270
30764
26019
4941
4936
4942
25963
4892
5458
4975
5310
4889
4925
26040
26092
4880
4889
5013
4880
5150
26090
4919
4921
4989
4925
4927
4968
5023
5068
6063
5588
26440
4917
4933
25977
5096
5124
4933
4942
4991
5386
4897
4934
5014
4916
5116
5039
5041
5541
25968
26314
26384
4931
4935
5450
26289
4922
4951
26416
5097
28515
4917
5089
25994
5169
5283
27232
25787
25971
29237
4948
5045
4962
5198
4910
4947
26030
5085
27093
4922
5541
5400
4937
4923
4983
4959
5404
5071
5076
5912
26080
27139
5202
4926
5020
26077
25953
26253
26139
5202
26223
26298
26347
26364
4940
5808
4953
4983
26105
26173
5266
28098
5085
5021
6025
25904
5074
5091
5654
4995
5523
5116
28900
26052
25989
4962
5030
5199
4953
4976
4973
5075
5003
26948
5611
5403
26134
26004
26280
26289
5167
29170
25912
26224
26189
5018
5125
5108
5265
6018
28316
5080
5094
27944
30263
5782
5462
4981
25971
4988
5107
6197
5004
25567
25602
5244
5252
4972
4998
25456
4981
25833
26794
29673
4976
5062
25990
5093
6038
5505
5189
5757
5872
25876
25989
5032
5115
4987
5539
26035
5055
25847
25859
25939
26019
29135
5783
5096
5135
25724
5159
5005
5764
25871
5184
5458
4997
25893
26164
26175
5101
5280
5152
5367
26419
5002
5378
29076
5002
5086
5312
26055
5028
5124
5135
5031
27198
5500
25960
5164
5754
5126
5504
30226
5128
5336
5042
5044
5170
5020
5078
5042
5062
5060
5126
6400
5149
5966
29074
26087
26047
26241
5230
26226
5404
5782
6073
5222
5224
30560
5029
25482
5030
5198
5265
6450
25761
26170
26182
5109
25881
28456
5039
5073
5619
26772
5118
5648
5072
5967
25883
5166
5234
5497
26232
26247
5079
5106
25768
5044
5147
5194
26241
5087
5099
5810
26191
25790
5047
5055
26001
5046
5388
5049
5119
25687
5541
25748
5106
5619
25885
29519
5105
5144
29481
5127
6228
5068
26008
5171
5538
5725
26034
26239
26253
5169
5188
5628
26039
5058
5107
5679
5146
5349
5379
25751
25946
26092
5216
5298
5084
5129
30975
5078
5095
26022
5363
5455
5487
5209
5520
5576
5098
5200
25622
5080
5132
5355
5522
26085
5757
5964
5146
5512
5077
25752
5504
5720
5400
5189
5918
5141
5565
26182
5204
5670
5104
5273
5278
25245
5165
5414
29984
25816
27747
30332
5094
5132
25869
5323
25515
5120
5133
29639
5133
5147
5126
5667
5171
25502
30098
5363
5417
5134
26068
5577
5633
5354
6024
5179
5581
25602
5104
25846
5139
5257
5175
5601
5197
29447
25762
6000
5416
26092
5354
25515
5166
5186
26132
26155
29033
26090
5120
5214
5324
26082
26131
5505
28691
5178
5293
5575
5461
25737
25625
25810
5134
5483
25801
26198
5131
5444
5480
6516
5611
26007
5268
5481
25907
5197
5359
5209
25455
29000
25674
25988
25767
5306
6128
5145
26001
28061
5447
27019
5313
5406
5727
5655
5163
5241
29020
5143
25814
5330
5652
6181
5251
5409
5246
5393
5190
5219
7120
5317
5158
5368
30288
5212
5587
26107
5205
5326
6244
5446
5482
5262
5747
5781
5288
5612
25952
5214
5217
5203
5322
5212
5262
5718
5218
5285
25889
26060
5172
5270
25638
5515
5248
5441
29436
5308
5499
5229
5675
5352
5647
25994
28769
25935
5317
25945
5235
5846
5213
28979
25818
30955
5474
28019
5193
5395
5627
5274
5744
5319
5690
26052
5217
5267
5371
5294
5677
25960
5216
5281
5593
25944
5196
5346
5511
5188
5283
5191
5332
25433
5284
5246
28039
5192
6499
5227
6342
5352
5709
26019
5235
5460
5740
5301
5422
25639
25833
26098
5497
5227
5423
6376
5739
5342
5917
5220
25529
5672
26038
26263
26313
5268
5424
5553
25917
5374
26264
5229
5293
6022
5937
5377
5577
5233
5342
5701
5667
5369
5314
5646
5300
5459
5243
6175
5224
5589
5318
5467
5238
5267
5380
25623
26119
26129
5263
5357
25742
5241
5527
6054
6073
5236
5981
5279
5381
5413
5585
5283
27225
25803
5376
5439
26332
26422
5240
5384
5295
5306
25981
5357
26108
5586
5263
5328
26075
5254
25543
25977
26082
25766
5295
5315
5340
25780
29388
5321
5358
28439
5279
5328
5335
5329
5478
5348
5375
5982
5411
6275
5259
5737
25414
26155
5633
5284
5345
5326
7064
5264
5498
25569
5281
5418
5572
25865
26211
5292
6459
26008
5647
28387
25723
5967
25904
5379
5512
5309
6166
26125
5382
5422
28159
5370
6258
5333
5607
5344
5345
5440
5343
5529
5975
5292
5490
6210
5737
6523
25883
26128
6399
5318
5471
29029
5356
5410
5287
25536
25785
5332
6360
5665
25942
5318
5600
25647
5291
5419
5603
5329
5413
25718
5938
25889
26116
25801
5303
5432
25610
5301
5567
25777
5510
6399
5417
5455
5814
5580
25700
5629
5370
25820
25929
5430
6193
5340
5420
25905
5308
5479
5486
26129
25873
5591
5335
5381
26026
5365
5550
25859
25893
26066
5352
5994
5315
5420
5410
5339
5353
5429
5547
5582
25928
25990
30272
5339
28540
5655
5406
25528
5369
5338
5637
25612
5344
5364
23581
25765
25916
5353
5391
25704
5437
5696
5341
5841
25984
26158
25869
26102
5382
5508
25734
5841
26088
5353
5906
5492
5387
5920
5628
5382
5401
5746
25975
5664
28595
5361
25667
5388
5458
5783
5391
5506
5906
5666
25846
26149
25659
28726
5429
5475
25767
26161
5384
26230
5463
6058
5407
5519
5768
25972
5401
5508
5445
6352
5367
5368
5646
24766
5405
25656
5384
5377
5436
5845
26074
26125
26158
5739
5876
5378
6218
5383
25484
5941
30183
6172
25758
29431
5399
5726
5732
5618
5934
25914
5396
6256
25588
5471
5514
5440
25843
5869
25659
26281
25639
26174
5533
25926
25988
5450
5647
5564
5660
26303
5548
5678
25171
5464
5507
5420
5428
5446
26215
26051
5495
5886
5805
25552
5849
25885
5620
6200
25908
5432
6171
5469
5640
5706
5917
5634
5994
5663
5719
25689
26087
6010
5932
6067
5645
5790
5424
5481
5687
5472
5452
6313
5574
5464
5473
5639
5456
28930
5666
6008
25844
5433
26036
5548
6095
5559
26509
25511
5482
25864
5477
5540
5890
5841
5934
30137
5454
5493
5555
5778
5866
25913
5465
5468
5508
25818
26003
5463
5529
6256
5452
5498
6565
5533
5662
5906
25847
5646
5945
25995
26178
26271
5473
5488
5532
5534
5668
25755
5482
5523
5552
5456
5484
5936
5528
5503
5591
30590
25766
26180
5706
25552
5741
25647
25976
25756
6166
5698
5507
5511
25758
25823
5688
5732
5477
6110
5631
5710
5721
5526
5567
29810
25780
25832
5488
5579
5962
5608
5565
5917
5563
5707
5699
25822
25654
25867
26217
5941
30460
5511
5560
5629
5503
5910
6228
25810
5699
25837
26076
26088
5719
6170
5553
5602
25757
5624
25768
5583
5827
5509
5554
24766
31101
5611
25748
25695
5563
5651
25922
26017
5869
5921
5567
5683
30505
29163
6352
25882
25832
5586
25587
25692
5531
5579
6014
25829
30986
5883
5656
5749
5982
5563
5914
5932
25734
26824
5706
5765
5570
6224
5531
5535
5584
26150
5532
5545
5556
5658
5556
5595
25577
5648
25647
25587
5583
7341
5552
5657
25805
25738
5657
26183
5615
5659
5661
5778
5560
5680
25763
26023
26036
5625
6090
5583
5853
5715
5861
5571
5582
5860
5596
5620
5621
5564
5608
5640
25604
26035
25452
25656
25868
5575
5607
25819
25827
25848
25931
25700
26197
5638
25879
26212
25980
25747
25736
25958
5568
5584
25799
5993
25870
5603
5696
5744
5947
5950
5950
25817
26431
5590
5596
6200
6297
5670
5658
5677
26117
5645
5712
5598
5632
5785
5761
6325
5595
5661
5590
5685
5848
6722
29804
5602
5825
5581
5609
6398
5642
5621
5712
5790
25859
26001
5617
25577
25743
5603
5689
5651
5710
25711
5947
6127
28028
25716
30543
5625
6258
25820
5685
5700
5609
6326
25765
25679
25789
5641
5862
6954
5602
5833
5604
5881
6070
25823
25855
25907
26137
5977
25535
5653
5680
5781
5671
5735
30420
5860
5613
25920
5987
6254
6377
5617
26073
5660
5775
5636
5748
6151
5786
30148
25873
25961
5938
25933
5670
23581
25727
5623
5748
5935
6733
5702
25537
25949
5877
5904
6122
5657
5693
25843
5760
5667
5700
5722
5850
25354
5773
5825
5895
5636
5691
6527
5958
25843
25935
25969
26089
5662
5699
5740
5877
5942
5845
5889
25728
25959
25980
5653
5704
5696
25829
5862
6743
31057
5751
5811
6071
25730
6240
25785
5722
5733
5664
5848
5711
5776
5879
5926
5674
25849
5809
6199
28246
25915
25987
25848
5698
25750
25891
5720
30663
26099
5683
5843
5769
25738
5689
5701
5725
6077
6149
25567
5784
6099
5764
26049
5760
5723
5918
5693
5709
25749
25852
5734
5806
6107
25788
5691
5753
6176
5831
25470
5776
5948
6022
5711
25567
25562
6145
25824
25902
5818
5851
6431
5738
6385
29255
5720
5733
5816
5776
25585
5702
5754
24865
25890
25902
5721
5874
5779
5997
25110
25726
25772
5755
5771
5861
5727
5718
25577
5730
5767
6085
5843
29075
30044
5724
5817
6098
25360
28553
5842
6051
6319
5874
25853
5839
25769
5794
5820
5785
5933
25629
6126
6254
5868
5779
6687
30283
5754
5770
6197
5909
25743
5738
5818
25000
6167
25575
5901
6251
5816
5858
5765
5771
5884
25656
25521
5847
25855
25909
5938
6054
25952
5783
5805
5813
6022
5856
5859
8403
26050
5760
25777
25524
6051
6146
5864
5865
8331
5795
25354
5855
6423
25753
5815
25459
5770
5817
25953
5762
5870
24734
5858
5924
28887
5806
6337
5882
7867
5805
5840
6054
6110
5831
5836
5844
5856
6239
5813
5884
6075
25679
25537
25677
5835
5908
5954
5844
5933
25712
25858
5833
5890
5787
5898
8020
5860
25661
5795
6045
25167
5874
26113
5973
6183
5890
25360
25609
5792
8446
5830
5836
25470
5839
5850
23581
5834
5961
6564
5797
24568
5857
5999
29339
5872
6241
5840
5872
5880
5801
24729
5878
6147
6318
5828
5961
25087
5830
5900
5987
5823
24788
6280
25781
5868
5886
25662
26107
26462
6190
24766
29576
5835
6142
5886
5891
5850
5911
5896
25244
30502
25588
5829
5875
5940
6345
25635
25403
5833
5926
25757
5880
5927
5915
6034
6088
5829
5857
6010
5953
6747
26097
5831
5875
5900
5936
25708
25791
25431
25593
6998
25660
26139
5867
7058
6006
25729
5919
6204
5899
6004
24998
25759
6039
6052
25566
25628
25708
5847
6172
6297
25663
28062
5931
6397
5904
5942
25242
25604
25791
5957
6035
25436
5978
25519
6282
28727
25944
5865
9468
6110
5888
5972
7372
5870
23719
6239
25997
5971
6606
25857
25930
9468
6028
6043
6242
5893
25507
25641
26266
25739
6047
6115
25609
25646
25183
6160
6318
5898
9310
6264
30900
25741
6009
24916
29498
5918
5927
5990
5894
7719
25724
25872
5902
25797
5907
6119
7460
5911
6013
5907
7417
5903
25563
6085
6282
25652
25807
11598
25407
25550
25640
5930
6328
6024
25531
28457
29675
6012
6010
6038
30291
25406
6016
6198
25727
25954
25772
25792
5990
6025
5928
6143
7308
25726
25782
5968
6040
5946
6243
25510
6091
6138
5926
5939
25880
6949
25842
25857
5933
6000
25635
25644
29585
5939
5975
5978
25682
6177
25374
6392
25731
5956
6106
5944
25000
25730
25998
5958
6491
25512
25566
30593
25828
6074
6290
30509
6743
25747
25811
25828
6043
25447
25800
6030
6173
25863
25646
25713
5964
6025
6132
26063
5952
6082
6089
6150
29332
5972
7439
5974
6017
5986
6049
6308
6049
6211
5970
25468
25352
5989
6805
28240
6004
6011
6736
25634
25738
25822
5975
5992
25519
30267
5980
6121
6241
6045
29618
6019
6001
6334
6087
6101
6183
6013
6021
6163
6595
24984
5976
6161
6055
6105
6037
6214
25615
25802
25811
6065
6120
6430
5985
25167
25517
29530
6029
5998
6123
6442
6042
25493
25539
6191
6083
6205
25641
6120
6489
30624
6315
6317
25482
6029
6146
6314
6101
7341
25932
25528
6023
6072
6088
6002
6078
6290
6156
6272
25449
25573
6998
25517
25628
6005
6408
6021
6050
6086
6088
25779
25434
6087
6169
6116
25689
6064
6078
6109
6024
6081
28841
6031
7482
6130
6483
6071
6260
25743
6058
6256
6297
6037
6055
6116
6160
6132
28700
6023
7120
6055
6157
6214
25507
25608
25444
25771
25797
6062
6089
30786
6180
6983
25428
6063
6093
6182
6766
6123
6154
7052
6086
6093
6155
25568
25795
6121
6217
6061
25710
25783
6099
30594
6076
6147
6072
6169
6117
6416
6080
6081
24626
6059
6063
6243
25711
6232
6305
6076
6118
6080
6092
6184
6137
6074
25468
25663
6146
6391
6105
6118
6157
6148
6235
6665
6552
25681
6172
6450
6069
6100
7399
25539
25690
6121
6191
6138
25411
6295
6508
6147
6158
6319
25716
25782
6356
24977
25377
25067
25369
6116
25688
25436
25491
26062
6124
25674
25822
25439
6185
25510
25601
6306
6310
29118
25844
25690
6162
6186
6108
6129
6144
6164
31053
6456
25568
25697
6217
6149
6208
6109
6207
25486
25559
25622
6100
6113
22362
6099
6198
6103
6108
6308
6215
6644
6736
25809
28287
25223
6161
6175
6244
6262
6488
6129
6158
6212
6115
6107
6331
6188
6589
7191
6113
6216
24753
6140
7081
30671
24995
6243
6301
6160
6296
6304
25658
6177
7133
30528
6278
6619
24966
6162
6248
6165
6184
6229
25702
25703
25737
25887
25549
6220
6667
6216
6249
25266
26020
6134
6463
25238
6187
6951
6136
25370
25522
6235
7128
6331
29002
6232
25483
6179
7097
6150
6186
6242
6193
6198
6192
7175
6150
25884
6389
6597
6257
6440
25386
6273
6324
6475
6192
6356
23898
6196
6555
6173
24989
6252
6672
25555
25525
6176
6345
6983
25564
25520
6273
7481
6242
6311
6286
27391
25849
25703
25713
6175
6210
6275
25636
6199
6275
6193
6199
6185
6204
6207
6322
6250
25318
6278
7184
25593
6238
7034
6186
6248
6326
6480
6288
6900
6408
25493
6201
6255
10376
6422
28408
6317
6343
6414
6224
6422
25280
6210
6262
6459
6276
6295
25322
6330
6614
25635
25788
6257
6445
6272
6332
6855
6223
6229
27324
6211
6212
6266
6284
6286
25532
6258
6467
6760
25620
6233
25329
6301
6426
6263
25434
25513
24871
25520
25428
25456
6221
6236
23272
6486
6590
6265
14776
6226
6292
19137
6387
27256
25455
6227
6268
20007
6231
10118
6281
13474
25512
25486
6234
6287
22365
6344
6558
6328
6613
6299
20528
25394
6393
6469
6245
6326
6398
6309
9899
30167
6360
6367
25436
25745
6384
25343
6381
6621
6332
7699
25407
6345
6374
6635
6404
6527
6337
6624
6363
6811
6315
6343
6428
25631
6549
6562
24816
6262
6357
25618
25954
6267
6359
6485
6423
25564
6668
6675
6268
14630
6304
25442
6424
6519
12020
6528
6595
7586
6322
6491
6274
22805
29411
25665
6847
6405
9324
6402
10037
6396
7164
28379
25740
6293
6387
6421
25838
6287
15022
6977
6426
28501
30582
6296
27323
6371
6524
6713
25581
22034
6321
25221
6291
6292
23043
7191
6415
6572
15606
6312
27327
25515
25563
30067
6479
6375
6300
6429
6553
6300
15059
19969
25613
6335
6402
6622
6615
25457
6381
25411
25483
6493
6548
6390
6412
7856
30526
6432
7001
6335
6489
24626
28574
6366
28766
6355
6357
25556
25621
6579
6401
6548
25460
25525
25549
6415
6593
6828
6358
6658
25352
6361
6388
6567
6537
6772
6398
6607
6394
6448
29878
25330
6340
6373
14199
6452
6659
30012
25657
6338
25396
25611
25633
25795
25207
25453
25611
25668
25182
6353
6466
6355
6376
25557
6395
21998
6427
6449
6785
6378
25351
6862
6429
10648
6386
6642
14044
6362
6441
27464
6353
6406
6502
6498
6898
27661
6432
6520
6884
6427
25056
29478
26267
25351
6403
25323
25386
25719
25590
6565
6651
6664
6393
18529
6499
6373
10358
7190
25492
6629
6851
6662
6981
7042
6418
6461
8106
6631
29903
6480
6542
6380
6411
14484
6422
6582
30951
6375
6416
6511
6669
6410
25159
25403
12576
6709
7208
27330
6378
25660
25702
6466
6458
6647
26510
6407
22658
6762
7021
25195
6439
6579
28881
6480
6707
6600
30169
25256
25544
6424
16562
6524
6922
15120
25479
25439
25556
25796
12780
6430
29004
6411
11088
6503
6945
6404
6434
25730
25587
28648
24432
25124
6508
6431
6434
25447
6662
6919
6574
6659
6577
6670
25171
6514
6640
6431
6539
12881
6465
7041
6529
6996
10979
7200
25282
10073
6418
6436
8971
9333
6436
6655
8281
6430
6479
6569
25438
30330
25555
18720
6435
6531
23127
25502
6871
6439
6808
10771
7022
6437
6438
20189
6440
6437
10835
25037
16206
6460
13479
23515
6527
25202
25497
6555
25671
6479
7018
10919
6457
6747
24783
24989
25553
6464
6472
12222
6454
6574
25704
6569
6605
7045
7124
29891
6658
6900
10731
6473
6502
6639
6650
7896
6958
25560
6500
6547
6732
28970
29520
6767
7439
6496
6584
6565
6472
22067
24920
25201
25345
25438
25392
25545
6501
15357
6602
7059
25668
24816
25245
6685
6880
7809
6485
10586
6487
6513
13435
6475
6614
7052
13232
6537
6702
6496
6539
6591
6477
6525
6528
6575
6545
6594
25533
25696
25719
6563
6691
6893
6506
6510
21361
6576
6619
6509
6525
7586
7013
6509
6576
6521
10185
6722
6508
6543
6700
19754
6649
6729
30229
25124
25207
6512
6758
23627
6536
6610
7279
6612
6605
6743
28384
6586
8455
7682
6513
9567
6510
21175
25396
6936
7359
6825
7790
9476
6530
6840
6538
10794
6575
6702
6772
25304
21130
6554
6594
6518
22856
14133
6566
6628
6550
6584
6591
25829
28373
6568
6657
26672
6533
12794
6567
7908
6654
7016
6715
6885
7723
23515
30417
7064
25508
6704
25390
6592
6612
6647
7481
6781
6799
6633
6681
6755
6799
6544
6559
15433
6540
9576
6755
6781
20769
6540
6556
14745
6827
7021
6614
6559
16374
25323
20578
6583
6587
6721
7682
24944
6971
11335
6601
21889
6669
6847
6557
6793
6820
6577
20157
6899
7307
6568
6678
6563
23326
28743
25754
6558
19627
6645
7024
6958
6588
21423
6654
7020
13358
13231
6587
7262
24366
6562
6832
6845
7130
9501
6581
6597
6583
30180
7154
26653
6632
6691
7117
9529
6572
6828
17559
18425
6891
6964
7057
25433
25349
25416
18167
6599
6618
16013
29798
7015
6606
6922
25455
23872
26580
6977
8403
25441
7192
7319
25413
6798
6960
6722
25597
7570
10919
25159
25098
7085
25487
25325
25186
6616
6673
6975
7128
6717
7103
13016
6676
9893
24626
25000
6618
16331
6848
7082
6657
6678
6686
6656
7432
23597
25242
6847
25182
25343
6658
6698
6810
24529
24802
30373
6774
22696
6712
7067
22623
25423
25329
25615
25632
6878
6941
6682
6698
10731
20091
24838
6636
6684
21345
25442
25457
25418
25469
6631
6741
25330
25523
6988
7433
18952
6663
6711
8919
6647
6721
6874
6682
6739
6634
6786
22880
27257
6667
10919
7010
30683
6769
9999
6637
24753
6723
10259
6712
7270
6737
6895
7014
7241
25301
6687
6768
6814
7273
6996
10301
6671
6775
18035
7041
25479
6651
6713
6972
7173
12656
6661
6690
8131
6657
6730
10277
25424
24914
6684
6815
25226
6696
6731
11855
7001
6891
7631
7101
24940
6958
6693
6701
8300
6754
24161
25450
7497
24826
6810
7024
6704
24320
6757
6994
31096
25242
27907
6922
6732
9875
6967
21512
6739
6855
6715
15241
6677
6751
11668
7373
6731
21719
6746
10587
25417
6919
6981
8308
6841
7344
17788
7045
7061
25270
6713
6764
8620
12383
25106
25257
6729
25051
6874
6695
6756
20932
6822
6846
7407
6825
22614
25233
6705
7037
7256
6753
11099
6744
6944
7098
6745
12861
6923
10938
6818
6920
7447
25409
6703
6725
20886
6815
15039
6719
11403
25465
6728
20469
8620
7391
24976
6902
7405
21645
24944
25495
6797
7270
22623
7218
7270
6946
7316
10002
6846
24888
25341
6795
6901
6904
16647
6861
6995
7354
6727
25072
7140
7539
20436
6720
20839
6725
19610
6787
6745
22120
6738
6742
9682
15266
7065
9399
9664
6748
18892
7090
11751
6895
6948
26740
20073
7513
25320
6749
7004
7473
6887
9313
20881
6773
28891
29256
6890
25209
25213
6794
6992
20827
7005
28323
6857
20459
7089
7335
13131
7055
7096
23305
6875
9023
6774
7260
6913
7268
21969
7212
13658
6759
6978
7082
6756
12401
6894
24761
16206
9877
6897
6909
6867
6911
6764
6892
25699
6780
6814
24713
25372
25405
6906
7491
10238
24914
7241
25285
28857
6773
6978
7389
7391
7442
21512
6942
22286
6912
7027
25025
6776
6914
6953
7481
7802
23679
7442
16631
6798
7452
6836
7118
15519
6868
6903
6962
6800
6803
19978
6859
8703
10301
6856
7012
20622
6800
6802
9383
6871
7157
29612
6907
7020
10080
10221
6811
24366
7067
7145
9494
6890
7912
17719
6962
7080
7307
7074
7148
8171
6853
6879
11566
6903
7016
6850
22774
7038
7834
6858
6982
23794
6955
7385
20837
23375
18192
6807
7759
11375
7598
22202
6816
23512
6844
7008
7471
23872
28588
6853
6928
21928
6835
8992
25362
25860
7044
7093
7278
25338
25110
6868
6940
7016
6829
6931
25356
24334
25105
6906
8488
6832
7059
7856
6826
10507
25372
25425
30591
6907
7808
6888
7072
15432
7212
10587
21862
25424
25466
6921
6938
7649
25381
6863
7713
6834
17812
7930
8799
25151
6873
18136
21072
7408
24496
24795
6849
6864
6947
7557
21902
25195
6995
10475
7265
9376
8786
24391
25036
6935
7004
12411
6882
7143
17743
25056
31093
8112
25035
6848
6974
7195
6844
6858
20466
11306
6899
6974
8243
6892
6910
7099
6943
14861
23661
24366
6871
7020
8161
23811
25516
25607
25707
24768
7129
22889
6937
19933
17869
7188
23384
7033
7216
8054
7090
20886
25358
25362
6992
11643
6973
8088
6889
7410
20200
6970
7577
21310
6894
11581
8884
6965
7305
14201
6979
7619
9831
7188
9646
15959
20620
24994
25110
6921
24336
6899
7080
7195
6936
7179
7203
6904
8946
7472
24135
7766
8285
7194
7954
25146
6918
12335
6918
7245
7333
6940
6984
6975
12184
7230
7237
8831
7650
10111
7253
9111
7019
12160
20013
24951
25100
7197
7436
25062
6915
7099
25395
7352
29525
6966
7219
24189
6941
20012
6946
25101
24990
7914
6984
7022
7119
24891
24839
7075
7221
11103
6963
7222
7130
24977
7204
23219
7379
24842
7870
24884
7174
10385
7049
7402
6925
6999
8867
7660
9269
24119
21825
8906
6968
7576
24173
7258
8156
6985
7038
14508
7563
7766
8028
24572
24760
6939
7100
7841
7035
23356
7007
7677
8302
7019
7507
20317
8285
25257
6963
7564
24805
6997
7036
19997
6945
7031
24931
7011
22482
7348
6959
9035
7143
21825
8731
24708
25112
16676
7073
8474
7392
9600
7055
12907
24607
25174
7181
10944
7220
28652
25877
25906
7105
7847
22524
7130
25377
7250
7901
7938
6960
12935
24722
29189
7049
7070
7076
7462
21990
7025
7258
20309
6969
7551
14717
7039
7213
7283
25333
23573
7162
24673
7181
7661
7030
7192
7118
10824
7412
9040
7035
7347
7123
25039
7173
24297
7237
24981
7311
10489
7059
8118
7062
7142
12353
25153
25221
7028
9511
6994
7222
7263
9206
7012
24869
25447
12365
7116
7904
7043
7257
21554
7272
7313
22991
7442
25205
7254
7934
22308
7070
7145
22623
7031
8613
24148
13947
7112
8093
12476
23599
24750
7225
10269
25725
7134
8552
7147
7996
8249
8161
7168
7390
7489
7028
7167
8080
13313
7201
7418
7470
21367
20808
23906
7089
12006
7060
7284
19337
24722
25018
7106
24136
17810
7908
24616
25051
25316
25098
25320
7351
8107
15145
25322
25420
24714
25425
7034
7122
21935
25063
7281
7210
8133
7036
7127
24862
9313
17688
22764
7193
7737
14157
7095
7186
25092
7097
7108
8010
7057
7631
8010
9189
10496
7623
13282
12705
7142
22729
7095
7169
9494
7802
7185
9762
7291
12646
7497
9721
25056
7048
7198
8236
7174
19427
24528
7280
24807
7196
7185
9333
25201
7083
7567
25325
7168
7621
8373
7123
7537
10100
20831
8842
24631
29299
24851
25087
25186
7709
14681
24987
25018
7211
11415
7068
7505
7795
25529
8093
24706
7070
7395
7402
25287
7094
7334
7114
7321
14062
7249
7624
18284
12541
7619
22764
8285
8799
7555
8203
7757
24445
7119
7438
8010
7186
7219
7294
7145
7169
7395
25220
9899
30442
7802
7086
8472
7165
7358
7683
25044
25437
7108
7348
7163
8065
7276
7530
20467
24695
7138
7315
7583
7501
7743
20707
7698
25099
7213
7960
24407
7098
16581
8472
21295
25073
7202
10368
7303
7948
7172
7797
25028
12596
25187
7152
7244
11304
7371
10780
7574
10060
7263
7484
7179
7441
24234
27836
7159
7246
8790
7252
22087
24281
7688
23133
7264
7520
8153
7397
7579
7228
7490
7910
7369
23592
9211
18013
16762
25123
25491
7372
7417
7609
25074
25196
8833
24839
24987
7466
8198
9068
7167
7299
8569
7221
24411
25634
7321
8948
7189
8434
25251
7453
7486
24712
7208
7308
7404
8219
9070
23822
25145
22897
22942
30397
7297
7811
7931
7406
7900
7425
8011
22584
7789
25227
7346
7381
13897
20709
7504
7568
7590
30389
7182
7377
7647
7584
7712
7766
8552
7387
7445
10642
7194
7782
25114
7516
7706
20509
7367
7426
7585
24843
25312
8214
24970
7206
7264
13814
7177
7565
8007
24936
28908
7684
8157
18393
7310
8056
7224
7231
7986
7239
7437
22285
8249
24897
7714
8019
7348
7567
17707
7207
7593
17448
23509
10131
25254
7789
20285
24709
7504
10391
20243
7915
25200
10733
21208
7196
7385
7906
8003
23853
7358
11263
7223
7935
14964
7438
7580
10249
27865
12237
7306
20782
7857
8023
8217
24838
25087
25448
24675
7921
21746
25189
25188
7344
10242
7294
28014
25459
7966
8362
24551
25224
7322
23898
7426
9529
7310
13079
7280
8105
14932
25358
25475
7474
7898
8053
7326
8479
8440
21456
7296
7437
9631
7226
14779
7236
15418
7229
7965
8838
8903
7744
15132
7622
8384
25001
20129
7302
10552
23644
24326
24886
25225
7331
8918
7434
8119
19189
7308
7385
27702
7760
28807
21029
8344
7343
24121
7406
20582
7700
8408
7323
8108
7326
7383
8036
10658
22380
7460
25266
8846
20837
7423
8246
7380
24659
24942
7468
7490
24665
7455
8059
18109
7688
7739
8122
7243
18089
18498
7301
7419
22628
7793
10528
7261
7325
13177
25461
7364
10103
20716
7777
10159
7625
8247
7274
14860
7423
18647
7304
7693
19704
7401
9068
9270
7292
23638
7775
8430
7301
8985
23137
7847
9983
7257
13363
7800
24979
7930
17341
24900
7389
7602
13978
11926
7306
7330
17601
7279
21494
7370
12385
25346
25380
24798
9820
7624
9546
7533
7615
13211
7331
7416
7843
7759
9810
7289
8164
14868
7394
7498
16096
23129
23919
8703
25205
7323
21589
7515
7778
15427
7493
7573
7361
7489
8709
23001
25091
13314
13743
24966
25325
7734
7828
15857
7334
12052
20788
25128
7487
7633
8182
7366
7527
18105
7340
8626
24351
7422
7778
23248
8028
25169
7779
18493
23538
7527
8929
7440
9445
7312
7858
24014
23984
7325
19180
27452
7311
8275
7848
14958
8062
24435
24820
7620
7641
7653
8201
28503
24011
10508
23357
21791
24613
7368
22648
7338
8419
19998
8884
9026
9081
9122
21387
20973
9674
24438
8982
9414
7455
7797
22278
7377
20890
7354
24695
7992
12350
24645
7342
7375
14923
7701
24805
7828
8565
28763
13666
24320
25100
7942
7553
12978
24403
20135
7359
7503
7519
7555
9211
9999
10221
7387
12727
30753
7531
10566
24851
7345
7450
17655
7942
11416
18349
7471
8163
7430
9870
22013
7592
7708
11079
12237
7464
7806
10425
7464
23321
25697
7475
13786
8046
8191
20501
7861
15524
7541
9058
8061
8978
7465
7852
12424
7666
8253
30199
7779
24758
23573
24631
7477
7878
8992
7483
7803
8451
7397
7633
19601
7360
7428
16746
12377
24931
7831
11663
7615
19577
7632
8601
10657
7381
7413
22772
22446
24974
7861
12515
29226
8040
11138
7436
9800
7561
19650
21198
24885
7375
19262
7435
24711
25331
27659
7590
22667
22833
15960
7689
7873
8266
12343
7388
22280
24850
9399
25267
8731
24999
19602
7461
7616
8791
7865
12593
7424
7951
20003
7546
7671
8597
8342
23843
24514
9837
10420
14238
24671
7487
23647
7535
7786
9372
7572
23064
25047
7733
8089
8575
10454
7506
8115
14709
8254
25572
7665
7724
14680
7664
9623
7648
24725
25271
25361
7414
9639
8112
20838
17876
7539
8919
25003
25252
7432
24954
28112
24071
25289
7550
7597
21941
8777
24251
7848
8616
8165
8242
7477
8091
8139
7754
8792
7431
8601
23542
7640
24381
7449
7593
10289
7503
8203
22388
9081
25080
17897
7871
15236
7724
24465
9947
7493
7600
7925
7571
23210
8191
8333
19644
7528
23611
7460
7526
24971
13307
23909
7614
23863
10290
24451
23326
12355
24343
7719
8297
9341
8091
9883
7888
9956
22303
7643
8177
24148
7708
21053
8809
20361
21775
7479
8777
8260
25096
25307
8593
15828
7613
12515
7478
7529
14478
8691
8846
7532
25046
7526
7609
25053
24296
7643
8613
23278
8342
8991
22695
8062
20672
22846
7461
7617
10650
15005
7654
9627
7536
7638
9740
9373
8013
22225
7491
24955
7691
8037
8988
8819
10720
8348
8395
30500
7709
12477
24495
22846
24435
10189
22482
7955
27990
8027
8321
7529
8215
21597
11436
7805
8896
7650
24823
8204
8465
9598
24189
24998
8258
13148
27662
7600
7716
9959
24345
30569
10553
7575
10335
28261
24968
10490
9841
7559
7670
17490
9502
8104
8263
17445
12774
21820
22493
7704
7776
12734
24980
8510
13711
8366
19366
19608
7604
7842
23673
13704
23969
7612
7886
20520
23639
24198
7589
11457
7982
22725
10150
11398
7558
17373
29373
7591
8716
23427
7599
7956
8121
7730
8078
17848
7518
8256
22565
8705
25125
7812
7945
20613
8682
12924
7686
24541
7528
8804
12244
7781
12638
7610
11154
23037
24803
8520
23358
24603
7543
8370
16276
7794
7817
19511
7878
8181
7825
8402
12074
25401
12610
23337
23544
8058
7559
12114
7962
10431
7667
21482
7580
8528
10298
10007
28822
7873
21601
7698
23001
8574
8698
13521
25001
7609
7846
24904
8006
24029
7833
8034
19822
21872
27549
7628
7971
21491
7755
7988
8068
8305
22532
7651
8189
28507
8818
9288
23554
8510
8909
21859
7630
10093
7882
13682
25058
25090
25378
7704
25082
8267
9024
30251
8870
8147
8248
17962
7661
21558
10611
20824
7758
10775
29245
7665
24465
7894
8365
9146
7677
7809
24859
25570
7637
22652
7680
11252
24688
31036
7961
20221
9159
24077
24770
25304
25420
10192
21580
8541
9424
7581
30061
8451
11785
7659
21233
7713
14264
8982
23919
7770
8603
21500
7928
8948
10211
7925
8042
7667
8211
8972
7647
8907
7843
24897
24854
25321
25416
7735
8389
18374
7716
8336
23278
7611
19881
11632
8349
8921
7866
16039
14378
7805
7821
14819
8031
8108
9739
7774
7858
8994
8333
9513
7646
24748
7700
23225
22200
8012
8327
17858
11429
25318
8122
8534
13955
8388
9275
8290
8343
10378
14743
24130
24394
8041
9588
22454
7769
17066
29692
7618
9408
7807
8092
8200
10363
8179
11586
7675
23003
9799
8801
28068
8345
8396
8217
11296
24498
8847
23892
8493
24672
7989
13884
11429
25002
16761
7911
22699
9045
10278
21770
10040
10056
25172
8456
21518
20428
22809
24583
8004
9621
23927
7742
8070
14411
7726
8032
9977
7883
8828
9141
9568
10480
24637
7679
8220
8450
10866
7905
8524
11337
7642
23612
8080
9238
7693
22152
11569
24483
25144
25165
7798
9028
14138
7948
25126
22234
15120
25073
9023
24198
25192
7691
21749
8908
11436
10484
10793
23608
28448
8496
8743
28767
7867
7925
9959
7853
9763
28781
7663
8404
23593
7726
19637
24915
25052
13968
9099
24289
24501
8542
22943
7768
9534
17972
9905
10363
19577
9041
9369
10678
8201
10145
24382
7815
13526
15422
30760
7673
9232
9429
7710
12835
7824
7850
24211
8444
20204
7874
9957
11629
8378
7751
8825
13235
8398
10006
20597
24815
7953
8095
13673
25742
8007
11061
21962
24858
8098
10810
22414
7731
17604
7830
7846
9064
24715
8167
8635
7830
7859
22507
19882
8167
8353
17918
12327
7903
8096
20478
7787
8113
22988
7963
15110
27942
7729
8315
18724
25313
24768
24998
21999
24859
24986
7783
7863
17140
8690
12584
23479
9610
7897
7913
14979
8440
21960
8453
8548
14024
12727
24295
7750
12986
8117
8448
7987
8008
19581
8233
9010
9801
10038
10205
11019
9121
9730
11559
7876
8241
9612
9837
8067
12557
25048
18136
23062
25138
8593
22012
24332
25917
30525
9456
8000
8145
10041
19640
8188
8561
8983
8147
9065
30310
7767
20385
8819
14551
8562
19138
8466
8772
10628
9191
10063
7794
11699
7798
22644
8374
8875
13817
7757
13493
7761
8785
19521
8338
10464
7819
8893
24187
7747
10669
20937
8226
23542
23466
24286
15113
24052
7844
19559
24760
8334
8341
21445
11058
12950
8018
8024
22769
7813
8052
8765
10343
15616
7895
21573
9353
11017
23274
7877
8648
11098
7801
8170
7913
12303
8076
8444
9001
23318
7823
9495
24881
26673
26807
8525
12724
7781
8758
19531
8872
23844
28796
7964
8710
11312
7929
14713
28117
7874
10534
9470
9532
10107
22212
24123
8119
22311
24750
7832
12113
28660
7792
7959
11005
8279
8380
9377
28552
8665
10318
7951
11842
24270
25032
7842
8123
14076
23591
23969
24286
8159
16884
7909
7996
8008
8340
8882
15064
7792
22948
9534
23850
7843
7987
8170
25363
10231
24802
7796
8803
23510
8412
7971
18072
8565
8092
10066
9571
13739
25139
24039
7868
17072
28693
8081
8371
7859
7920
8532
23232
7890
8666
20392
21550
10087
18576
8141
23508
24990
25526
23906
8077
28646
29014
8616
12498
8501
8979
7863
13767
7911
8746
9352
8393
9449
7855
23969
25324
8513
12985
8109
8638
9298
9127
23924
7849
8209
18787
8189
18138
8025
8523
14164
10201
14152
8087
24504
9972
19934
7993
8825
24217
8184
8186
16154
18299
24280
24469
24762
25145
7949
22477
8701
13236
8143
10484
7904
9824
7922
11489
8346
14013
23878
8339
9219
11915
8175
8807
16947
9012
10577
11050
10371
11248
22808
8273
24999
20977
7872
23267
8048
9078
24561
25361
23750
20367
8517
10115
8580
24354
8146
17176
20495
24231
9653
10264
8154
8305
19679
12569
13251
25073
8359
24575
9642
24279
8042
8331
28443
9608
8857
21063
23754
15718
8428
8837
24660
24148
24931
8771
11498
23719
10951
23229
24410
24740
8107
23918
8803
10293
9315
12480
10397
24267
8511
10788
23460
10249
30717
7970
12451
8014
8398
8723
12725
7996
8251
21712
8148
9493
30364
9189
20366
8580
22295
8210
22835
23234
8126
8812
14274
9905
20764
8560
8849
8886
11149
23213
7977
17057
29783
10606
12948
8266
8681
11400
8318
14136
23511
8079
17068
31095
9937
24347
7976
24217
25348
25464
8051
20541
8240
23610
8677
9467
10475
7986
13085
24929
27851
8258
8392
16424
7939
15710
9379
10065
16214
12643
19999
7923
9182
21599
25400
8430
23532
21718
24360
22734
24483
24938
18275
9824
24710
22957
24574
8868
20844
29070
8418
12867
23658
8481
8816
9637
8029
9114
21784
7927
24243
12160
25289
17368
27627
10313
16151
8205
9620
10607
8235
9263
20546
7937
8792
20676
24909
8103
12436
25044
7935
24094
8435
22174
8337
8784
9503
21676
23644
21042
10633
12518
29127
8240
8421
8351
22613
8292
9785
7995
11297
24491
7972
8990
9319
8031
8173
9466
27219
8052
8169
9254
8248
9065
8605
8750
22770
8935
28380
30698
25130
10020
20722
8251
8416
24534
22033
9087
10025
14388
8199
9153
24870
25306
8998
8408
11194
8231
10689
23865
8411
12513
20256
8073
18450
10066
30064
8546
22667
9590
14278
8025
14805
8679
10838
24704
29583
24407
24986
8047
8682
25065
8032
17264
23191
8247
9049
9283
8012
23757
13135
20866
23213
8531
10321
16266
8464
17553
28202
8325
8468
8752
9134
15163
10151
8016
8242
8454
8099
8111
11224
8355
9544
24280
8885
16024
24252
8525
8945
7984
8670
12430
8262
15631
8152
13096
9020
24026
8027
12810
8120
14227
8083
9077
23949
8659
9197
28022
14750
24665
10290
21017
8035
8086
9344
8129
18899
8137
17412
8762
8850
8986
8497
22731
8223
17799
8417
8424
17144
8349
8530
13011
8402
24991
8277
12341
8267
8447
22847
24580
8084
24431
10277
19941
25301
9870
22857
23954
8812
9687
8091
28436
8169
8968
9432
8279
9048
8880
11007
21590
8038
14680
8039
10600
12711
25253
8055
8292
22919
8276
8901
9019
24647
8229
11479
18200
8151
8340
12238
20552
25357
9596
20739
8057
8680
10880
23271
12853
8134
9074
21579
10793
18369
11013
20664
23692
24666
8772
19219
9456
23019
8284
8906
8875
10096
23254
23618
23719
8663
9424
18472
8375
8861
9196
8912
13112
27315
22376
24475
11111
21648
8544
21120
8172
9484
9814
8794
10407
11217
9166
9312
14822
8273
8421
8222
23088
8894
12484
8236
19806
8554
19706
9502
11497
8557
20291
8225
8557
23651
9035
9777
24796
8197
10770
18498
8190
8317
18461
8975
8072
8915
11870
22995
25080
8321
18322
8386
8497
21609
8322
8899
8797
8997
14321
8545
23817
8612
20420
9518
23517
23877
8110
9123
20097
8669
10095
10877
18920
8166
10720
10940
9416
14017
24036
8187
10556
15107
8209
16776
8220
11578
8280
8381
8552
8642
23941
10466
24609
8275
22265
9044
22467
8257
11567
21949
10207
25267
8911
9628
23575
10847
14509
8353
8635
9275
10103
20977
22789
23598
8841
19038
9389
10574
20894
8477
9016
9315
22618
22670
27987
8299
9845
8710
19936
9099
23734
9642
24438
12384
9820
21945
22156
23536
24694
8536
14596
24790
9707
24250
13733
23759
24812
20832
8869
18093
23251
10546
17902
8946
25076
21375
8427
8478
9219
9822
20397
9700
20335
9280
15990
20691
8728
12427
13865
8265
13723
8599
10121
12524
8817
14525
8259
10035
8255
8793
12248
10738
24314
8212
8598
15687
8156
21721
8263
21822
8383
8799
25498
8483
8546
13478
10472
8913
9397
9690
24031
25496
8845
19409
24358
8895
15375
8776
22632
24749
8283
24225
8516
9683
22601
8501
8798
9354
19961
9559
10714
8935
11497
12978
24731
24896
12538
20042
10670
12275
20327
9736
18195
8798
8979
18618
21878
21898
23137
8271
9324
28021
8769
9186
8436
11458
22548
24936
8549
8800
24732
19999
21295
23909
24786
8193
8433
8301
8322
21601
8514
8626
9373
8835
8713
8381
8383
10036
21143
9284
11470
8329
8972
9830
11057
20786
8437
9518
24057
12593
24671
12587
20379
21401
8891
9995
8348
8643
27837
10454
12255
8866
9062
11726
9078
9778
8312
9896
12566
21813
22838
12583
22829
10645
19518
8988
8375
21268
12866
8365
14201
22385
8264
8454
8509
12956
22700
8211
8329
19992
10283
10514
28603
8831
22796
9623
9892
8338
13628
8206
22404
28477
8287
11055
24411
23932
24549
23032
23654
8414
20710
8396
9182
10186
8307
8329
22839
16557
13893
23683
10461
8652
15341
8487
8698
20814
10358
25317
8737
23792
8610
9185
17521
22922
8609
8840
9096
8280
8433
12448
8438
10314
10445
8264
8397
8356
20076
8270
17326
28955
9052
19209
10490
21718
10411
10672
28640
8360
17055
8350
21178
9497
19805
22657
22970
23421
9508
11193
23911
8906
9324
8324
17331
23332
30087
11196
8566
10099
20879
8509
8594
10203
8651
13224
21537
8397
9337
23366
10616
8848
21857
8449
19857
21748
8813
9572
10446
8790
10879
9947
15907
24640
8400
8872
28738
24640
8268
17178
29548
8645
29904
22362
24240
11676
18989
22070
22755
9694
21559
11785
8574
11550
25218
25332
11514
28101
8779
20705
14803
23610
9260
9604
21650
16987
11757
8452
17194
12529
9010
9527
23159
23256
23874
8326
12559
12684
8769
13496
12517
12649
17326
17327
8590
22744
8380
9048
9139
14275
21708
10986
16124
8308
24387
8393
8429
15194
16710
9793
15740
20637
10954
11006
23778
9970
29460
8914
12044
23951
22379
8506
22408
22418
8476
9700
25168
8432
8770
22518
8401
10449
24444
8310
23605
8551
11913
24735
8747
19477
9877
20878
11753
20049
8471
24581
8323
8814
15019
9092
9585
11015
8374
9190
9289
17987
16518
21709
8416
8415
24469
29459
12581
23197
8669
9381
11283
10830
18601
8528
8625
9287
8607
9200
14290
9457
10025
10217
23799
24003
8696
8898
8523
14805
9265
9569
16773
8385
16227
17749
11690
8749
15229
12765
9478
11056
17056
8551
20529
8879
9043
10987
8714
16737
28470
28572
8382
17468
28237
24475
9119
12396
8369
9111
18537
11569
23305
8530
8921
8534
10106
23258
23913
14315
25079
9851
8448
22538
8455
24805
19958
23300
10957
20885
9703
22493
24498
14734
24627
12273
13798
21712
24534
10353
23643
24412
9785
8544
8936
16572
9792
21537
9103
15794
9329
10395
18286
8700
10819
30315
11296
14155
11601
8492
8571
23931
10913
24076
9237
22415
22817
9114
19146
22523
8419
23497
25178
9262
10773
15119
8592
9218
10110
10907
13363
8404
23124
10150
11734
9143
9396
12457
14238
17111
9852
20687
25154
25181
25421
8571
11663
23210
8867
9191
10913
24307
24686
8971
24266
13823
20368
8478
20480
19491
29779
10745
11706
8467
8822
19898
9564
9610
16718
24577
8582
9814
22345
9350
9574
10190
9344
22129
13506
8876
12733
25054
10564
10873
10815
8918
18987
8421
8735
24243
9356
21432
9405
20993
23139
8805
22284
9752
20559
21961
8738
13096
27758
9261
9678
11166
12331
9622
12642
19032
9720
10255
23787
8424
22674
8461
14738
9193
9235
16197
10325
20434
10057
24982
20889
8536
15982
10080
22470
24482
8754
9079
10052
8910
9152
16721
8637
22187
24538
20549
8585
10821
11097
8952
9522
19630
10213
11396
11496
23995
8959
10691
21712
8567
22304
24122
10593
23004
23626
14203
24935
10250
19765
13298
21593
9078
22838
21462
24423
8623
9874
10124
24111
9267
10463
21339
8516
8671
11276
8459
8995
18027
20213
9173
9840
14652
9310
11019
8955
13064
9597
23738
24461
10931
22414
21474
12737
14739
24489
23088
24798
8843
23443
8843
10177
11310
9123
9461
9514
9734
20700
9906
11051
18929
9372
18430
8757
9346
10850
8941
9676
13481
8974
12801
10158
23778
9281
11454
9490
17640
10687
11425
8706
10470
11465
8579
9835
28949
9191
22467
29176
8485
8753
14674
10997
22880
8773
9842
17694
10194
18187
9327
11331
21816
23692
24343
8694
22174
23257
9920
23369
8644
8793
23108
10588
11295
9270
9534
23537
8853
18378
8633
17059
8931
22577
10271
10918
10722
12600
15259
8699
10299
14768
8741
9016
10527
8914
23953
20295
22583
8628
10627
28206
25012
25060
25281
9057
28878
9878
10408
31019
9384
9409
15644
8984
10589
22909
15124
8563
17462
29592
9996
11669
24879
8619
10138
24503
9747
13179
24371
9764
23217
8932
22739
23615
8759
9552
9872
24147
18730
17765
21428
8515
8618
13037
9624
22262
24338
24511
8973
21940
23451
8598
22498
8538
9067
18156
8787
9212
10610
10606
21152
13383
22967
24162
9038
9818
13872
23012
21177
22897
14622
8657
8740
9812
8740
9326
20878
24237
8659
9352
10139
13078
8668
24127
23659
9577
10790
23189
13511
8934
9492
15878
22674
8653
10282
19021
9192
19323
8624
9928
24172
8920
19738
30550
10433
10667
9429
12986
9316
19859
22060
9778
8886
9053
10620
9247
12950
21903
23277
24375
8830
22218
9325
21991
24298
23652
8581
9611
19545
8671
10869
8618
10165
13901
10551
23211
23547
24248
8789
17324
29495
9576
10083
22856
11333
13809
9977
23191
8725
23932
9647
18188
9165
9748
12463
12763
10656
22977
10218
12694
8702
9249
20404
8857
13381
8931
24122
24586
9481
9282
10823
22346
8719
9042
12966
23470
8590
8994
9790
22443
23020
8844
9624
18551
9326
9812
23651
8788
23923
24633
9559
11588
23520
8646
10211
11217
8889
12362
23726
10829
22572
8916
14100
18008
9034
27792
30023
12317
22087
24844
8621
9348
20778
10616
8619
9069
23116
20388
23935
24010
10878
22998
8940
24125
14644
17621
31074
9852
10260
16830
8670
20723
8622
9524
19662
24295
11054
11418
23670
9505
23951
8662
9922
22964
10912
23444
8699
9257
13074
8722
21772
25007
25044
25231
28701
28816
21437
24138
8957
10285
11195
8791
10209
24781
8632
8721
13919
11868
20041
22334
21586
10798
23788
24496
18811
21110
25100
9327
15781
13193
28531
9291
11269
8788
23101
9085
9391
23527
10019
10149
12494
11246
12618
9082
9303
9855
8923
9447
12750
8730
16984
8717
10820
19660
9086
9496
11564
12952
9145
9793
24357
22626
22773
9015
23345
8933
9221
21123
8658
10035
11297
8761
9736
24104
22871
9116
10873
10326
11943
8845
10183
8742
9550
9286
9489
15264
9254
23767
10035
23095
23470
8926
10899
20875
9056
21143
9130
10876
10263
23152
8760
9342
18181
9562
12346
29650
8739
9073
22556
11377
20577
9890
20695
8661
8847
9005
9169
8746
29742
9701
23487
10667
23100
23984
24240
25492
9179
24070
11253
21152
9209
9321
13318
23323
23832
20204
23500
21213
9050
9302
14414
8787
10017
11655
11557
22212
23697
8795
8941
9248
9093
17190
29901
23599
24227
8717
20770
22830
20455
9291
10817
10397
12554
23248
9038
9475
24581
8778
9671
19524
8994
9044
24014
8806
9430
17037
8871
9966
14865
8894
10017
10610
8960
9419
21440
10949
24827
10385
10543
9149
9281
11554
9502
22200
24781
16421
22441
8770
9773
21514
10495
15741
9108
10695
22848
11622
13689
9712
11026
8925
24042
10392
23063
9565
8989
9032
13694
9567
25177
10845
14210
8755
9154
9818
9066
9735
20713
10131
22629
21822
23477
23827
24669
8874
10595
12743
9339
24279
10170
20574
9506
10299
13074
8809
23453
14639
23888
24081
24730
9130
14541
17299
24619
31037
9879
13896
9083
12699
9740
20301
8751
8830
10455
9598
18218
9729
23462
28302
9297
9890
10726
11215
15047
9184
10144
12216
9603
17838
24864
9177
9266
17085
9136
9656
11419
8821
9595
12120
23874
25097
8827
9005
23892
12061
15860
10533
9128
9643
20536
9375
11939
10407
30331
8939
10407
9367
10855
23261
8811
9306
12304
9395
9148
19077
9194
9253
16867
19798
28495
21334
22141
9985
10719
9927
10945
9811
18409
9811
18378
9202
24384
8860
21563
22206
8923
10265
10327
16687
8969
11132
18260
11847
18343
10064
21710
8871
9766
23057
8852
17184
27586
8835
17105
8922
10939
10983
8849
9053
11073
9781
9869
10048
18216
23548
9541
12535
23423
11789
22877
8855
19228
28187
13029
19138
24541
24348
24674
10111
12177
18860
8834
10592
10309
10936
22418
8996
13112
27531
9222
9271
9536
9102
9695
10958
10328
10365
21164
23572
25279
25366
10394
23962
12337
15097
9031
8918
23362
8865
23793
9089
11270
12654
21651
27705
10694
23173
17845
13517
22564
10209
18640
10305
24309
24466
16003
10711
23917
10923
23416
10960
9121
11607
9835
10554
30039
24627
13245
15955
29334
17832
20870
12943
11302
22692
9331
11104
9332
9500
14876
11267
16343
17372
29452
22460
23251
14750
8887
22969
23324
13419
21785
12508
23364
9180
10878
12534
8982
9058
22847
24451
9615
11384
22219
9009
9202
20447
24164
17806
20510
22119
10230
10673
8950
10845
16405
11036
22273
9393
15062
18068
8951
10341
22222
11152
24775
14623
21455
10452
10646
16798
15591
21951
8957
19943
25661
28720
10974
10593
10763
9905
24981
13381
10556
24418
18436
18124
9625
9949
11961
14060
9601
9973
8964
9283
18219
11595
22214
9137
9961
21542
24592
21588
28527
30209
13583
14609
20937
21646
24479
8976
16907
8990
9273
11815
9323
17296
9649
10685
19476
8939
10317
10126
23550
9639
9730
22172
11786
15573
9408
11170
21992
29793
9140
10930
20092
10882
19761
11433
14792
18662
9608
20416
23777
10118
10648
11405
9712
18920
23073
29422
9680
10206
17781
22397
23252
9422
10818
13571
10376
24919
25054
10643
9022
20062
9594
10048
18494
22323
22802
9423
10267
15523
9735
22239
9670
17753
20442
17593
23949
24605
15247
30719
18138
29126
9009
9044
10517
8983
12717
10490
10720
9458
13876
9676
14095
9002
21653
23396
16746
21580
9085
9309
9404
10268
14008
22163
13085
24997
24993
29844
11898
23235
10649
19909
12979
24162
23762
9195
22173
22207
10934
23904
10603
21763
9913
19875
23669
9721
8933
15628
23301
14831
15007
12111
12265
23194
23263
10989
12520
20785
21581
9380
10639
15504
9119
9737
12621
11138
13158
9784
9904
10078
24559
10320
23849
10432
9126
22650
24746
10932
12889
20715
23201
24333
9499
10204
19629
11048
8970
17260
20331
9113
12432
22489
11492
22253
24393
9231
10436
13306
10474
19521
25288
9088
9759
23329
9926
9759
11152
18909
9815
16277
13036
21686
17408
22306
10191
10526
20888
9640
10659
17540
14811
9356
10179
13645
20022
9551
11423
20474
9733
10354
13024
24456
9213
9648
20521
9272
30356
9014
17370
29749
8977
9689
9390
12844
18766
9688
17740
30458
9743
9842
11240
9669
16919
9538
10523
9091
29429
9642
13794
9680
20793
21614
10600
21905
9090
20706
9000
23114
21703
23356
15907
9309
9491
9707
9328
11043
19258
21287
9384
22886
14086
21407
9761
10307
9242
10945
12308
23354
9427
10427
13528
10642
24825
9810
19690
23200
23852
9192
17249
14212
10069
21054
9978
28620
9391
9404
9708
9169
24082
10549
22360
22366
30175
9305
20694
30375
9181
10663
10851
22182
9693
11135
18116
9797
10387
18646
9055
9124
9348
24507
9124
9136
10724
14514
23528
9561
22579
22697
23432
11132
11388
20094
9307
9652
10401
9317
11356
9186
11659
10879
25038
9733
10735
11882
9131
15663
22867
10089
13064
9995
11174
20796
19782
23880
9144
12824
13269
22156
9308
21659
22970
9847
10394
20662
10650
11476
9958
16526
9049
9388
21063
12460
20957
9682
9980
24521
24646
9463
13434
20242
22869
9059
11648
14480
14885
19475
23464
27768
9067
17411
10877
11314
22253
24437
9295
9861
15733
9060
17037
28865
23927
9689
10014
10227
9540
10252
10257
9812
15365
11733
12209
21640
24159
11824
15811
9484
9792
11048
20874
22772
10160
13755
12558
9946
10569
19837
19657
20379
9493
23987
29353
24279
25271
20341
9560
11504
17336
25017
11190
22641
25161
25292
9786
10166
20775
9364
10680
22831
9815
11665
9087
9457
9135
10572
22864
9433
9766
11091
9276
13342
9306
22378
11465
19544
21095
24513
9601
16239
10509
18482
9465
10389
17424
22974
9712
19611
22490
10381
23780
11901
19968
11156
20687
9843
10834
11195
12779
20553
9483
12570
20428
9477
9796
22982
9160
10170
9507
9519
18512
9320
10995
11208
24807
9796
10393
15149
9265
21520
30437
10213
11597
9585
11199
20874
20917
29789
10471
22240
30237
10631
11946
21938
10604
10732
21336
11819
22018
9512
16965
22125
9485
11639
29254
9118
10202
13245
22662
24656
9187
9293
16474
12005
9345
11043
21513
13141
17236
24144
9292
13809
22477
23459
24852
24960
24196
20045
11148
11832
29559
10590
22860
10343
12835
11020
11928
11121
23145
23493
12189
10764
21677
9462
21330
22890
10236
10323
19855
12403
23116
9243
20628
22555
9648
22196
9246
17333
30146
9621
12649
12378
19949
9314
24354
9167
9228
19631
16778
17843
12891
23705
29469
11181
24276
9731
13316
29025
9633
12367
10245
15929
9220
14190
9251
14986
13921
22268
10464
16774
9366
24273
9675
10865
23403
9997
13595
13618
10478
15539
21008
9873
14720
22802
17492
25085
13566
17456
10192
20387
21958
10039
17425
20300
9167
9427
9857
16397
16415
21081
10112
21726
9318
17849
19938
9358
9760
27848
22853
9216
9570
19769
10056
22446
25103
9948
11613
19907
21373
23103
9767
24954
28078
9988
17850
30172
9969
21660
28579
18695
19382
11485
22042
22059
10769
22383
11523
14023
11233
22401
19958
9684
10423
19655
20229
22765
13542
23624
20274
9426
16176
9958
16578
18568
23811
15690
23286
21281
11195
17283
20496
21094
10946
18162
9465
19920
22805
23074
10546
19971
9813
9846
19753
9734
16908
9486
9619
11710
13872
10060
21474
30596
9395
22734
29066
9586
10034
17209
20889
23465
11555
13511
13628
9232
9652
19519
11862
15225
9233
9912
18980
25298
9755
11616
13807
20581
9363
10366
21833
9435
20514
21690
9400
20441
9788
12974
18352
12873
19072
15086
10128
17245
13059
18889
9338
14104
11404
19254
24401
9349
10579
21380
10181
10590
16556
9702
17332
30142
9949
9991
11332
9259
18553
9533
11097
14121
9471
9813
21239
11629
16511
19858
9331
13254
9452
9592
14916
12779
18459
9765
12936
18612
22548
23580
9366
24384
9278
21202
23350
9402
11205
13742
9440
10319
16238
9477
10393
9508
22213
10972
20362
9684
10544
11444
11090
20151
9789
18676
22798
22808
9583
9976
13490
14987
9862
10081
20254
12706
19805
11292
10684
11166
19686
9357
11009
23113
10481
13073
9259
10090
10304
13382
10190
21448
10463
23727
9656
24007
11267
23369
9407
9464
15633
21381
23344
23716
10413
21267
10912
10926
22141
9850
25088
24389
13073
14362
11604
21970
10222
11542
9361
9439
18313
24526
16304
22570
9434
9667
12056
20272
23340
9961
23471
29402
16266
23832
15051
20242
22746
22699
10441
30672
10887
11102
12299
9293
23018
20398
22321
24197
24638
10124
23876
9439
9443
20354
10843
9663
13684
14614
9304
11619
13636
9387
19859
11385
11823
15851
20024
22396
9543
13269
9334
19559
24572
10014
10032
21438
10322
18002
18991
10903
12865
11958
23276
9749
11107
10776
19918
22779
9938
16220
11107
22269
24510
9959
16254
21751
23942
11414
12416
24908
13637
13750
11939
22413
11570
10661
19054
10222
11149
10483
12965
14544
24900
11113
18376
23379
9711
11056
11425
12446
12480
23523
29636
20934
23541
9426
9953
18032
11684
14708
23146
21296
9375
9421
21641
22315
30991
10561
21880
27874
9708
10377
13172
20330
24026
25391
9472
9796
21117
10530
22082
28109
30576
10923
20368
25441
13148
10297
15653
9364
13155
10119
10220
23777
11331
9993
22675
10187
13500
15192
21584
23690
9368
23012
23511
19489
29877
9821
9919
14660
23844
18065
20728
9635
14908
9686
15126
9388
9529
11784
12938
22574
10534
18724
20174
10008
22527
21720
9963
23098
24059
9474
22554
23387
10485
22699
10584
24093
9633
11845
12310
9460
9989
21658
24889
25020
9618
17243
16413
10824
22220
23532
24414
10146
10428
16644
21198
25005
12940
14322
12093
13928
9415
10212
22035
9410
25126
20512
9828
15134
9612
9767
10377
9528
15809
9947
21486
23916
10756
12984
23366
9464
10387
10512
11576
18511
9829
10734
10811
30203
20898
23431
14936
21637
11548
12512
28034
25136
10683
20776
9486
10257
12804
13624
21237
10015
10760
16130
22678
12632
23526
9609
10861
12530
22815
30126
20935
13709
22353
19978
21011
10055
15714
19985
9934
11165
11730
9661
13881
20060
21586
22772
10026
14981
9474
9511
9728
10155
14684
10360
14075
14426
12510
12668
9530
17038
27807
13295
16339
10928
20356
15417
19457
12851
22241
23395
23907
17286
10808
11101
23662
24406
22812
28217
30407
9441
11122
15329
10897
11292
13840
22249
10300
21408
10000
12958
9753
22910
24721
9440
9579
21113
9641
9776
13729
12095
16458
9964
11274
9777
10950
21703
9866
19285
9839
14553
22357
16646
16760
9683
9951
13901
9533
10821
10565
17340
20698
10691
19892
10198
10609
12874
10248
18567
21986
17843
20318
18073
18892
24336
17054
23709
9879
10214
16387
22677
12126
17315
10016
10162
20156
12402
18247
21729
24490
23860
24180
22346
23027
11173
21268
29178
29674
12442
22300
23416
10502
13031
20997
9474
23850
10817
21179
15505
21917
9587
15611
18207
10517
22467
10621
22655
24425
14011
20815
9554
28063
30801
9665
13855
30027
18566
22207
9775
14022
28869
10634
12526
14039
10849
16023
9517
10018
10491
9722
10697
18588
11135
16129
11157
15392
9556
22869
9904
22026
29996
24675
10284
19332
11026
20044
9743
23667
9745
10306
10583
11561
22475
11750
21644
9763
22858
14520
17430
15379
19414
20435
20882
22207
23288
11089
12265
28258
12531
13041
21064
10456
10853
11143
9532
12283
21217
10625
20337
11614
12599
9779
16987
28675
9581
10106
11533
13191
14864
24561
10570
12406
11280
12409
17784
11025
14786
21577
16095
20816
16301
17625
31049
11522
17088
9825
10331
20931
11615
14044
10656
24388
12662
22060
13715
24234
24414
27852
9681
20071
9876
14830
23239
10481
20399
12016
13028
23091
12604
19242
10585
13247
14405
9912
20944
10383
22178
12002
14050
15111
9704
11388
9725
17613
11934
13354
22336
11004
23638
10390
13242
24406
20792
21570
24101
10114
10348
10875
10469
22841
28489
11388
13976
10166
11496
23614
17731
20608
9635
9803
15579
9818
24250
10443
10829
20811
10842
11316
17433
23987
9715
19218
11334
21339
14753
14984
11239
13248
12734
23875
10468
25188
9808
23072
24680
10185
22434
24835
10995
12313
9641
19549
15878
22860
10833
24744
19875
21759
22104
10789
13911
19494
22624
21423
13843
23297
9599
10460
14915
9650
17290
10504
10554
17618
22014
24614
9937
22375
29489
9823
20395
9884
9972
21549
13043
12512
13881
23435
10657
21574
20235
29208
12566
20806
10117
12485
23109
12054
12428
9891
13159
29830
17112
21899
10051
22892
10058
22961
17839
20869
17939
9720
12525
17558
9774
10800
20092
28075
30752
10291
19724
17177
19490
29543
9755
10396
12841
9979
10791
22436
25070
15354
28535
24846
10714
11365
29544
9644
20054
24412
12830
21417
27854
20256
20549
9727
19479
10752
12972
14144
11525
10208
11700
12361
23363
23810
21699
23821
9681
15865
10493
23577
10185
12184
25135
14521
20750
10639
23928
14557
15043
9821
9984
15387
10528
21238
9856
10619
13094
21900
13247
20232
22112
14316
10473
10933
18469
9881
21525
9760
19866
10063
13190
21566
16544
12719
18126
12323
14653
9756
10994
16076
14710
23279
11508
23134
10638
13222
22406
10797
11538
11125
11638
20976
20218
10233
15993
10439
20759
31035
10254
10555
14165
11308
9696
9834
14705
9857
10427
15235
9948
9998
20096
19021
23154
23181
13686
20194
10075
11474
12936
11333
11683
24648
24679
11840
11935
9701
10130
16935
9719
18338
10168
14900
11021
14699
22458
23212
17603
18435
9929
20313
23830
10529
11971
16961
22182
22853
22305
22931
15763
10503
11360
20343
20898
22098
9742
17208
28774
18811
9831
12459
22799
17446
9764
17604
23932
19499
13723
18360
10109
29413
23754
10206
20793
10365
10539
10660
22361
22749
23065
9797
10512
22895
23833
11358
11396
16815
20089
9825
10175
15187
10692
12491
17999
11197
21731
22341
22645
17100
10520
9831
9892
10522
13213
10600
22613
24387
9809
18373
22678
17632
9710
9911
10253
9918
21995
17297
29547
10328
10539
19379
11988
12471
13058
15646
12673
22212
24209
11488
17244
30111
9916
17032
9849
18050
22745
20436
12011
21167
9987
10901
13597
10009
19493
11232
24762
10431
11129
22080
15708
11922
24050
24062
22519
11707
15295
10575
11147
21835
21765
22095
11174
22532
13728
14968
12113
24676
27997
9830
22839
10006
9924
12995
13647
24060
10116
10297
20090
16120
21134
10404
10571
13115
10680
24446
23621
23917
14806
20780
17496
23227
27601
14944
23163
23559
21439
24576
9960
20205
12449
20580
29781
20638
10712
21249
10187
11720
13360
10077
10615
19540
23218
15674
11235
20150
21296
23465
29617
10309
14951
22708
22090
21847
10398
17840
24278
24697
25117
17186
17187
11427
17441
22675
10244
10471
12739
11802
22780
11211
23388
20415
20799
10102
15542
21926
11203
11327
10142
20498
20893
10983
23970
10487
17300
10580
17942
21126
10677
16008
12072
10582
18449
9864
18581
21653
10051
18786
20315
22246
9876
21684
9854
10739
17309
10594
23668
18025
23533
29932
13449
18292
16129
10129
15118
22053
9943
22629
10805
11242
12778
24681
11237
15702
22010
10136
11718
10419
10939
12934
10242
10380
24843
10338
16966
23069
14018
21700
29093
19663
24527
14452
10002
21959
16161
30797
11928
11399
21263
21264
10641
13633
20513
17319
17320
29907
14479
13822
10106
22317
16855
22592
25252
16399
9863
10272
15765
10050
13747
18554
28631
10243
20580
14479
9955
11816
11834
18100
20726
20858
19744
22463
23101
12321
17857
22181
25406
10392
10446
10998
12944
13253
12358
23666
9858
9892
22431
11459
31089
9871
19151
9974
16989
11923
19421
11655
13273
10573
17880
9979
13076
20763
22932
22263
29279
10096
11387
11943
23362
14698
9973
13483
12029
16251
10182
22493
22389
22739
24179
24338
24643
24902
10761
12075
21290
23353
9952
10266
11189
12252
12859
22339
24352
9867
18313
10801
12145
10219
27616
27957
21899
22973
24692
18704
31024
10229
19242
13963
19217
10817
16161
20891
25218
23926
12446
13944
17865
17577
11191
19765
29337
10161
22531
10088
10492
17645
24031
24853
12644
24801
10911
12342
17744
10133
24348
31043
11234
21039
22005
12114
13733
24922
12744
15298
10346
11545
12581
16331
10990
11183
13768
12322
14753
17786
10250
11191
17851
17984
31013
10076
17233
30086
24936
11139
12530
30131
9954
17311
11378
20595
23519
11566
12396
21928
21048
14780
24019
10433
20008
22761
10163
10248
15010
10412
10479
9984
10208
12434
11305
11394
22405
20583
23870
10015
10086
11426
10969
18184
12967
9965
15122
30068
10429
13780
12062
12564
9975
18531
10091
12537
19994
21230
21690
10732
11384
20126
14538
19718
14008
22819
23249
22932
24119
12510
13024
10741
20786
12845
20030
11610
15058
20532
11430
11618
11798
9992
10690
15268
10694
13789
14140
11357
20692
10054
11336
12747
9938
10364
19639
24482
19106
10352
11131
18212
10108
15290
15383
10375
11638
15997
10197
10230
10232
14202
24364
11080
11732
22406
10386
21083
22949
16255
22743
22736
20083
21499
21621
23126
16633
20795
9994
21642
10555
20180
14099
11244
21027
19690
23763
10436
23920
19037
10157
23412
29985
10092
11130
13766
10422
24214
10023
11243
10135
21447
11205
24233
11185
22011
23735
12768
23683
24474
20547
29664
22124
30020
11317
11981
21652
24991
15651
14713
20989
22511
13256
23048
10917
13699
22225
24231
10547
23128
24093
10678
22668
24971
10780
24821
18541
10557
22218
10195
14085
21667
19671
21170
20592
21660
12926
22040
10330
10576
17121
13619
14444
10774
13200
20297
22100
15707
17720
17655
19330
23014
11117
11212
10806
17974
20038
10332
21788
10269
21106
21999
18672
13436
14729
23858
14200
14895
23051
10399
11116
14678
10931
10133
24674
23558
23829
12612
11452
17419
22558
10946
20634
29678
11255
11530
22956
10243
10653
14577
24112
20050
20120
21853
20359
24208
29657
11544
20421
10643
13809
12238
15064
24685
10430
10567
18512
10859
16725
12491
15705
22563
16591
15756
22055
10506
11376
28015
11094
12338
19428
10374
12827
29225
12908
20773
22793
10790
21288
22661
21793
22924
10362
11010
20265
11548
28997
12211
22345
25469
25500
10218
11322
21539
22923
21198
25141
13050
15794
10189
10981
29696
10425
22462
25144
10424
15961
21509
10275
22842
23435
11242
23326
31072
10382
23833
24930
20296
10486
21781
22545
17777
31092
23557
10646
12304
15090
18708
28171
11749
15692
14405
16637
24885
22198
31102
12177
17603
10327
12524
16548
22297
10577
20676
22753
17316
17317
29707
10616
13462
10681
11116
28890
10223
15469
10941
12592
14489
21593
23703
11889
22876
24080
10893
17673
12784
23972
24720
21780
25472
11620
12126
21579
14951
21123
12444
21967
23393
11774
12650
10408
16334
28149
11565
12863
22980
10184
13093
29745
10673
18160
10202
23730
24027
10455
11066
11086
11095
22870
10664
22462
17807
11637
10306
16226
11513
21257
19906
23040
10457
24475
15993
24069
30202
11318
13928
21975
10564
20411
22136
12857
21491
23443
10196
24388
21310
24068
16522
17624
10280
19847
22810
10113
11698
15212
10261
20989
21834
19877
10424
19624
13573
17675
15584
22537
17688
10511
10719
12605
21713
22930
12176
16776
12370
19797
11695
21431
23043
10273
16291
10622
28209
30487
13334
17717
21985
24818
28348
13333
16355
18098
18504
10806
11155
12050
10589
22520
17044
24323
28512
30224
13703
17881
21261
24313
23843
11241
16032
22032
10475
11375
16810
11594
12392
10450
15451
10344
10762
12894
21573
22732
23039
23074
10340
21301
23414
10258
11072
18913
12706
22657
10379
13100
14381
19122
21236
24529
25094
18419
21842
12601
15356
15382
10988
19436
22373
20408
21932
24928
17058
10418
14905
20797
11141
16903
10681
11337
24681
21805
30346
11654
20043
24949
16414
19513
16677
20895
11813
21040
10689
23044
15997
21080
12435
20772
12852
22193
23602
23968
24321
22799
23836
11526
10373
16158
23574
13160
10608
10708
14984
27887
10956
10961
22081
13084
22887
24870
18545
20641
25229
10796
16076
21245
10802
17882
10225
12194
23215
14152
19332
10410
21540
12469
12739
10787
15009
18041
16048
22650
10238
10435
24283
29476
10627
10674
11041
21855
10240
17150
20521
23679
20505
17510
21953
20169
10287
13048
25504
11495
25240
10905
22201
21887
22382
10455
10918
12482
14151
13687
18237
24111
10347
10875
12210
11558
23585
11499
10445
16274
10307
23429
24533
24793
14468
11221
30426
15299
11005
10537
10874
11993
23758
14140
22097
21174
14470
18226
10312
14619
19090
11445
18214
11558
23316
24586
12536
14204
10272
20340
23658
14725
11604
15114
11285
14946
12234
22255
10737
19441
23168
21510
22890
12997
15828
22012
11907
16589
19608
17884
28823
10271
19366
11469
23802
12128
20657
22148
12535
21269
24779
22309
23288
13625
21327
28671
10271
13865
23870
24283
21832
22332
11657
22043
27482
25035
18070
11126
12462
11454
13949
10531
12852
15184
21973
23315
29177
21670
24237
23257
13060
24025
24300
16023
19911
12588
13985
10458
20158
24004
24736
10652
10813
19674
19223
11717
20104
10467
25226
17533
29293
16390
20690
10438
12839
22660
11946
21635
15018
22858
11572
21720
10693
20340
18342
22804
19683
24332
24862
10296
15843
20052
18561
18287
20416
10971
12528
28558
22533
23973
10548
10655
24172
10613
13443
23990
11438
12269
22116
10437
17813
11047
11513
22370
12120
23310
10982
28910
12857
30726
11015
19623
10563
12414
15501
11493
14737
10596
11053
18577
12499
15418
23351
12840
20505
11582
12756
19230
13739
15705
10482
19561
10686
15664
18339
13892
17561
19258
11217
20398
22309
10319
21497
11372
12560
12729
12809
11188
14774
29115
10583
15279
21462
24419
14938
19835
10476
10636
15918
24549
10415
21245
22481
11124
13092
17945
21568
11133
22642
10883
24419
11269
18504
19229
11265
12519
16354
21324
25275
10721
25082
14957
10858
11661
14123
24160
21748
23208
18535
23346
10519
12548
15730
10501
22208
19966
23884
23782
13078
10675
11155
18921
13573
17568
10423
10544
12938
18243
12213
16070
22301
10560
15871
22088
11652
19640
11355
23331
29774
10998
11087
23063
15253
16340
11182
15640
15768
22606
22939
23164
23290
14888
14889
23715
23689
25026
14300
21321
21773
12689
15153
14383
19990
11278
14383
11028
11290
14922
12445
14597
23353
10355
13547
19951
10795
13764
24166
17980
22244
11672
15080
10782
11801
15100
13372
14086
29185
21998
11307
11363
17614
21701
22882
10538
10966
22675
11972
14857
12405
11282
12414
21251
11761
24117
17376
21305
22744
23626
18567
20909
28929
12836
23118
27712
23032
24558
10568
10626
23483
12563
21516
12752
17981
21161
25112
23988
11009
17839
11788
17856
15145
25032
18053
22879
11232
24670
12720
16039
15544
21735
23171
24574
23005
23485
13103
12603
13162
29213
13825
21235
16719
22539
13665
24796
10833
18208
18317
12599
21729
13802
19354
10866
12879
13488
13063
16214
18025
19843
10727
11885
10834
12328
17260
12669
22782
22179
13488
22292
31014
12476
14762
25250
22852
10437
10991
15500
13536
23620
14184
28413
12992
15380
23339
23727
10899
16713
17694
13249
16289
10947
14182
15386
10465
12311
23660
13888
18104
15007
16809
20327
24803
10726
23648
24523
13479
21918
12806
16132
24602
11405
12060
25466
19037
14871
22594
15612
15848
13651
17726
24728
14951
15919
11984
11329
19241
19366
21820
20614
12816
11856
22004
25285
11369
12364
19299
21559
23315
10766
12481
18149
13426
21199
10592
12154
18031
23385
11912
12058
12302
12665
12686
20957
22407
23452
27666
11709
15325
10529
11640
14775
10565
23455
10948
14059
16744
20676
12761
17541
14102
23810
10837
20180
11209
13758
18339
28499
30296
12538
21482
11510
17565
17566
22697
23133
11066
21726
17160
23602
21890
23482
14868
25119
23758
16641
23397
20621
17985
29574
15394
20966
14045
17152
11884
14893
10541
21723
24310
10760
22514
23066
24342
24578
12399
17517
29736
12313
17529
21674
18219
23039
22294
23203
11392
12134
16907
19920
11518
21558
10798
21894
10572
23367
13061
22073
11670
20481
22270
18197
21287
10682
21029
10744
11737
14218
17543
17544
21326
12372
12882
20615
10699
19534
21483
28401
13948
19693
15374
20693
11057
13915
10728
13091
17028
14758
22580
23518
24823
13506
21676
11122
11243
10929
14626
19945
10557
11287
14960
10868
11904
20047
11498
21927
13114
17204
29930
11109
17232
29061
13872
11521
11825
17407
18411
27855
13162
15270
15686
15827
23559
10781
13976
12522
23293
11023
20007
25262
11097
13844
19370
15204
23105
11649
20172
14560
16195
11975
23638
15307
15311
13470
21299
29318
17042
29037
14949
10612
18320
22452
11463
21545
24291
11100
14112
23016
23444
23971
11002
11739
22516
20686
25422
11321
13550
19166
22957
24297
10857
12290
15844
21457
22538
11302
22322
10741
24340
10649
22268
11026
11229
28753
13023
24080
16194
19208
13648
14861
29088
16198
11537
12338
11140
13021
15446
11042
11337
12778
16373
18538
12316
12418
14890
28225
15609
21004
23117
13733
20782
11089
13195
18102
21424
15657
22051
10809
12277
21216
21929
12671
29840
13359
22800
20255
21563
17675
18015
12255
11094
11571
14585
10966
22463
20181
21790
11294
13761
15949
10953
11496
19192
22322
22668
15539
19361
22486
25440
21857
12633
14035
11762
20018
13135
23031
30208
21212
11186
13834
24982
13626
11486
13612
22167
23282
23411
14215
23178
24943
11149
19690
22230
12072
17918
22306
12247
16934
19782
24513
12002
13322
10779
11779
11797
20389
12856
24558
10836
23600
23105
23403
18858
17374
13631
20359
20943
21862
12063
22420
23449
11955
17124
11863
13202
15995
13022
22721
23491
11664
20825
21464
22614
13054
22298
10921
21071
24487
11003
11798
15522
20484
21885
22607
23732
10629
12248
23108
12239
11876
16512
11726
22520
14074
22659
22791
21803
29802
12584
24583
14094
15455
20727
18538
21524
10698
11163
21503
17150
21552
11535
11106
12340
18446
11852
15806
11421
11870
10924
14289
16936
22830
21959
10898
12454
17803
22003
20213
19846
17747
18442
23766
20950
13910
18652
11164
20298
24084
10833
20404
13031
11690
24484
24745
11020
12719
16695
21390
12416
12562
14478
21597
30575
28416
30404
14834
24948
22343
24335
25043
10767
12532
15498
22307
10706
14275
15060
22694
22720
17043
29780
14983
18347
21044
11220
22453
22859
21599
11075
14465
11483
12518
14792
15804
22026
11625
11903
11967
16136
21724
18186
11190
19330
15913
30058
17380
20898
19830
23571
12488
15775
12510
15012
11437
12795
24682
24090
11575
22079
21302
15556
20048
12959
15420
23490
22387
23324
11145
13580
11114
24110
21017
24356
11685
15261
12557
24829
24992
11686
12200
15267
12478
12649
14606
10768
12521
14113
10748
14130
12654
22778
17613
21537
10784
12329
20378
12346
13599
22291
22951
15065
18119
28128
10799
12463
15909
23050
11326
12384
24790
12854
12681
16827
21353
10896
13390
26823
10792
22114
30022
15092
17238
30386
11066
22295
24258
22401
24149
10852
12053
12158
11331
20094
12406
13569
23077
11297
11886
16104
11552
18293
21324
23753
23793
10840
23185
23897
25213
20154
10986
19754
11746
12397
11398
11734
11520
15235
22371
24171
24850
13941
25381
28479
30181
11313
12244
23611
16947
11503
19385
19777
10965
11380
20080
12257
15016
11397
22731
14105
28650
10759
10991
15421
12812
12063
16829
18484
12703
13460
14550
13134
14186
18668
22190
25022
10860
19041
11277
11633
14038
11161
13745
15592
14640
19813
11128
11411
16926
11563
12410
15152
12919
17262
20539
11996
23596
11123
12544
22262
22518
11032
22969
13552
22494
22945
12791
19547
10768
14580
19383
10921
12734
11000
22123
21795
23084
11406
15064
19470
13250
24169
12695
19455
22726
23585
11833
20813
11796
12031
12274
11096
12530
13059
11402
12893
23351
13167
20516
13709
14501
11309
12834
13967
12198
17451
10962
11731
19210
12701
13612
14031
19260
22078
24171
24436
14088
21855
24215
11219
12228
11336
28960
24382
11492
21175
13752
15108
11603
21249
13228
20108
21362
11038
22304
12378
21919
10863
19360
11391
20068
11005
13671
22948
11700
12434
20936
11304
30588
21168
11118
12682
16670
12447
17608
13623
17704
11263
22652
12449
18076
12549
13746
18140
15312
19833
13909
14091
18308
14907
15005
11782
16077
28757
12305
21081
18920
30539
10886
17577
24282
11250
11590
18714
11572
24439
11600
13158
21668
28591
11273
11428
19584
11245
12991
19432
19817
21880
22447
13844
11359
20806
13954
23920
24006
11330
12613
13620
20281
13479
20903
17526
17636
13378
21533
19936
30032
11075
14824
16952
13992
16303
11134
13600
17478
22609
17988
19706
13089
17027
29235
23634
10895
21076
11033
22068
13338
16952
20648
17313
11893
15904
24149
14185
16840
21536
11042
11571
19123
20609
23606
12212
13728
21703
14670
15171
21681
11399
13929
15054
20258
21605
11599
12443
21829
14517
17896
15252
16840
21691
22073
23184
10996
11552
15015
27868
12721
14032
11031
19767
13919
14639
21293
13329
14849
18674
12010
12993
16457
12708
13403
22330
12966
15791
22788
23385
24830
21179
21213
12464
20458
22529
16593
23842
12001
16274
11628
18461
20687
11298
11743
20100
13361
20770
20873
22978
12103
16704
16705
11584
16814
22716
13023
22251
24678
22696
23231
29072
10894
15795
13578
19993
13182
17891
14142
11021
11228
13329
14160
22877
11611
15591
29989
12277
18604
11008
18015
19699
13669
21510
11660
20822
21797
17489
23413
11371
12236
18051
20922
21987
18434
18518
28404
11162
17202
29948
11201
22942
27526
13192
20250
10966
24819
17525
17667
19358
11374
14838
16493
13226
21467
30678
19637
21287
22665
11853
12327
22535
21128
13525
17752
24962
12418
17234
11141
17731
29358
20089
22463
11081
15818
19893
16154
23170
20805
21329
20463
22544
22652
16122
21120
11511
11846
14891
21616
11368
11850
18571
23902
24874
11494
11753
17875
11975
21719
23024
19482
29417
19825
20502
13663
21125
22039
11094
11322
12694
22016
22265
20815
14936
12395
15355
16777
16838
23950
24583
21622
21868
17071
15647
15855
21442
13854
23313
11529
23379
11408
12133
22677
15466
21386
11324
22390
13859
21831
11424
12395
15302
17469
29764
11722
21320
11805
22006
22797
23405
15553
15694
22525
11681
13654
13251
13611
14485
11040
12751
13562
30113
12884
15510
21090
11874
15998
11625
25089
13256
17254
22567
11320
12583
11425
21091
22216
11594
21374
22144
11200
17307
29545
12460
20939
28421
21166
22311
11560
22263
22297
29079
22194
22688
24072
11223
20124
21544
13906
18242
30016
19822
12859
19611
12017
16394
11099
18046
14257
15751
21025
11176
14026
14197
17375
21305
30157
14242
23374
21520
20571
24515
12774
24498
22164
14126
15358
18694
18369
24615
11207
12532
15415
11754
18547
11780
20990
21878
22220
15001
20895
11881
24310
22135
22252
22124
12330
17499
11181
14352
22916
15140
16878
18844
12546
22129
11267
20921
20954
14556
11272
20701
23819
13253
24132
12873
15584
23081
24729
23940
12561
23874
24143
24860
12020
25364
20684
21374
22940
12448
20836
11039
18181
29050
17506
22595
11129
11303
17443
21798
23136
27499
11276
17470
18431
22210
17521
21450
15786
19417
21164
11299
11916
16149
11518
23001
14516
15509
17785
12244
24429
13960
18253
29580
14907
21177
11220
14184
16702
11378
18028
22186
11822
19009
21325
11804
15555
25399
15378
21519
21617
22745
24004
21437
24413
12268
12439
14548
14031
14795
21570
23890
16823
28866
23341
23459
11090
21755
15597
21013
23556
11783
15599
19895
12713
13195
19309
23198
11473
15589
15915
12369
17193
11600
21512
24334
13533
21997
29977
11471
12284
15175
11076
14288
11626
11880
11956
20455
28532
29684
14769
19860
21942
11226
13032
29895
12050
11200
13499
22133
23119
11283
21739
23176
11755
22976
12578
19708
19307
11112
12755
17690
11513
15636
20834
11104
13254
15258
20850
21335
22960
12311
22665
12311
21779
18919
22658
23434
14048
16870
21222
11687
18978
19803
11218
12173
12250
13210
19646
20691
21605
11222
23568
20839
11290
11423
12363
24639
19716
30524
11170
12403
16043
12305
16415
16563
17782
20425
23421
11367
15752
22044
21916
12484
14281
22379
11169
23466
11328
19981
21548
23902
15078
21215
11410
12546
16518
23576
11177
15656
11260
18610
11178
13152
15850
11983
20206
28861
21644
23146
16602
13326
20708
12973
14064
23076
11266
12469
11420
14572
12870
15521
22763
11140
22521
14242
22127
11929
21685
22233
14656
29861
23166
13064
13527
22966
16081
22661
23708
15030
15628
29024
19681
11802
15566
23286
16549
22349
12855
21620
30548
12352
14773
15316
18491
20188
22206
19856
29023
13147
16360
19995
20591
22118
23282
24497
12887
16036
22190
21426
22922
16558
17090
23801
11455
16341
11533
19748
15436
20892
24844
12700
15478
19991
11779
15285
13754
11296
20935
21662
25412
11905
22039
17710
11180
12728
14209
14192
17100
21261
11478
20707
15163
13988
14049
15378
11480
12075
22580
11536
22171
17811
17276
24392
29714
12618
22214
14645
17825
12370
20887
12276
13911
14322
12634
15496
22385
16885
22191
12809
21157
12147
13679
17125
15938
24313
15318
21981
19749
21860
22111
20851
11379
18535
13607
25055
12624
23351
24324
23907
13899
15086
22333
25031
23448
24055
12892
13760
15682
11772
12779
13893
21392
12263
21842
22545
13400
13437
15082
17759
29885
21188
15732
20016
22530
11717
15411
11806
28858
11971
21560
23221
23783
11501
17739
11275
14736
11456
15774
17346
11772
17686
18459
12408
24441
11767
11819
21049
12179
13726
13405
13692
21939
23508
29992
13937
23096
19909
21613
15982
20022
14576
15652
21055
13073
22679
12061
21323
21421
13810
21747
12651
21391
11509
12158
17291
15203
19240
21744
14606
21091
30019
15843
22727
15150
21710
11314
20024
23275
11241
22891
16599
22501
31062
17067
11789
21316
22540
22590
14920
15665
21358
23504
14197
30748
11590
12136
16627
20404
24340
11442
17224
11260
14522
12216
14491
22099
22832
24735
11517
24645
13450
15561
15563
13718
21357
11258
12491
13739
12551
17387
19594
15878
21048
11585
12381
20779
16402
11262
12381
16609
17339
17504
20268
11901
18049
19883
14380
21280
20984
25058
13142
14888
29806
21171
22246
23723
12775
16334
21328
14892
22197
12166
13974
19604
21931
17536
17825
11298
11752
15680
21255
22513
11320
21911
22829
18024
22617
11770
15473
17914
15609
15894
21972
11592
13000
17352
12800
15173
20902
12463
18223
21540
22492
24379
12951
20025
13403
13861
20082
21033
12451
11605
20413
13175
16058
15567
22667
22601
16221
18077
11453
11606
13529
19272
24020
24863
12738
20967
23982
22734
18239
18606
21549
23794
11737
17389
13308
16384
14692
15695
14784
22257
21261
22250
23722
12202
22238
11622
22577
11650
12468
19309
20752
20745
22116
14859
23188
17110
22360
13360
14382
24621
21518
13603
21778
22478
13643
15183
21539
12301
21464
14919
20247
21738
15145
25035
18182
14799
12619
12702
16426
11546
17924
19787
16487
23175
22957
25105
21009
12559
28497
28983
28987
28992
29658
15043
28661
26737
28938
29986
26300
29018
29542
23594
29060
16752
23530
29027
28957
29552
12612
20978
11412
22742
29083
29571
14853
28467
28740
29052
11843
21647
13743
19571
17968
24804
11696
20940
11401
21968
15607
18457
17524
17667
11491
13839
20821
11740
20655
20718
23672
30416
12334
21041
12288
14014
18934
21351
11507
17306
13652
17458
12348
22195
14404
15188
20651
18023
13188
13661
21948
13271
22676
13166
11855
20511
13586
30762
12787
22086
14919
18436
21942
11827
11925
15617
22899
19949
22544
11902
12665
20108
13688
20785
11448
15098
13101
15667
18638
17948
21922
16169
29464
13808
14321
23161
13780
15095
13842
14278
24274
12817
21472
24137
21279
22590
18859
22260
15926
11506
15748
15266
23426
16181
30010
20853
24390
11920
12833
13848
15870
23019
13704
16055
20664
21144
12062
20419
22989
12849
13856
16616
11446
19730
20001
22729
20688
21811
19561
21575
19271
23174
20094
20172
21077
19142
21663
12147
16734
21506
22595
15928
18309
16860
18211
20297
22417
16771
16792
25374
13311
18238
11763
19865
13455
13462
24596
11868
18105
13018
17912
29077
13492
16657
16932
25571
23223
28662
21291
21860
12899
13181
11599
13538
29264
12837
15393
20963
17628
12523
15881
13563
12977
14952
19924
20856
17687
21153
11609
16822
11624
12104
21226
11451
11549
17517
21421
23023
12031
15864
19219
11705
12970
18534
22117
12343
18349
21137
23566
17707
11701
11710
15299
11468
15153
21045
12669
15182
16897
13968
14201
12330
14787
14994
23524
11715
20067
22707
24489
24684
27933
12514
28752
12867
15018
14429
27216
21351
23380
11782
11827
18513
11626
15737
14123
16698
11528
12544
19272
18012
20420
12347
16732
16835
21893
27206
12979
22967
15733
15905
12310
19607
11542
16867
19278
20981
21803
12374
13018
13019
11520
23569
15697
16012
12980
12981
23238
17369
28218
11506
11844
13396
16271
18259
21892
21069
25503
18430
24791
11551
22395
24953
22976
29595
30029
17514
18579
19620
16240
16311
11786
12591
21132
15262
12860
22239
15654
18872
29513
15832
13891
19726
21204
12249
12315
12263
18419
12601
11589
19882
21543
17606
28434
13968
22273
25039
18537
13056
21070
21399
12587
19657
27578
23179
11903
14374
12202
30129
13454
22998
22905
23430
24416
17242
30043
14355
24426
13794
19577
24968
20708
21750
21615
21946
13402
21228
14521
20940
28746
11893
13827
19210
21600
15976
13507
16866
13103
15731
13971
16581
11543
19112
14172
14819
23884
13922
13949
20934
12368
12495
20496
11860
14070
13637
19889
17269
21767
11857
13303
11906
15798
18176
17062
29194
12133
20794
16178
24105
15125
12254
14119
19694
12820
21322
18929
21671
12706
18141
19946
24491
24519
17767
14493
22535
24342
16571
16591
11564
20387
20586
15089
21007
20169
22113
23273
25243
13326
22435
14287
17413
21769
24783
19499
29922
22478
12750
12666
18608
28932
12190
20351
23314
11902
16009
12213
20705
12691
19262
28899
12713
20836
12772
13521
22584
13183
15447
27846
22824
22856
14823
21602
15055
19133
12909
16976
20783
20916
20933
21664
11615
21030
30193
12272
17602
23140
29158
13431
12362
20550
22768
12268
14476
13175
21107
21280
21427
14026
30190
12098
16272
19557
28811
24659
24734
23472
15113
19479
27551
13600
15057
28291
12692
17739
21468
26841
11888
16892
14493
14833
12085
23513
27880
12609
12655
11816
23029
12753
29335
16902
22364
28047
14938
21134
20097
21151
14052
13802
18317
13702
16421
20881
13071
19596
12707
21526
12144
13385
13054
17885
28954
12772
12048
19514
20115
16495
16667
12122
21116
12303
12810
28050
17090
21953
14949
13353
14994
17259
15183
17901
22923
18095
24907
28764
30170
16289
16310
21716
13750
20679
24034
14560
20703
24826
13527
22747
29276
16610
20184
16617
20211
20570
12042
12835
19858
22774
23518
12668
15245
20410
28830
28943
23989
25911
13068
21680
23821
20729
22791
16413
16482
12859
22396
13617
17353
21319
15218
31010
15083
21424
21471
22347
24462
13631
13116
17211
29669
15750
24375
13077
20247
21942
14520
20319
21443
22419
23823
30014
14024
21645
25174
22356
20221
11998
16405
12071
13620
14219
11795
13953
19908
12442
20831
12331
13899
20425
22320
12641
23165
24651
13757
13792
15205
23038
30729
22024
28947
30234
15585
27713
11789
23309
14673
14889
30013
11943
20151
20489
13420
18978
19344
13438
20032
22363
12783
20607
12342
17862
13514
20415
14065
15229
13905
19304
20360
21318
12783
20749
13516
19089
14244
17703
19385
23254
15227
16873
18239
16880
18489
27969
14103
15212
21909
12379
18017
20945
12450
19854
20627
30308
12508
13659
18375
16564
22393
12985
15808
20031
16675
16946
12069
14766
18131
12069
12901
18957
12493
18321
18402
17640
18306
21740
13377
19977
14769
18636
28741
13793
16625
17564
13931
17982
14276
18381
18837
12700
19815
20497
14005
16396
18869
20738
22975
12062
13822
16663
20517
14908
20145
11807
12540
12971
14150
21787
14276
14412
18681
13804
13828
18093
18431
21677
14296
14769
20575
12913
17287
19457
20877
14000
15169
23642
12611
19075
19350
11902
13228
15268
13540
15834
11861
21141
22953
21353
22534
22308
14412
18680
18722
15746
19300
21416
21683
14677
18578
21490
14694
14837
20439
21465
12628
15249
16398
22089
23303
12204
13098
12892
14601
19472
18680
18903
19046
12390
18070
14195
14232
19583
13223
13826
23526
14239
20343
14353
18442
14785
15740
18299
30329
23254
12786
19567
22427
11967
12356
16426
17179
16082
18758
19959
14214
14282
18949
14929
20800
23918
17386
20533
13826
20512
13902
13948
11775
14373
18653
14587
18463
18820
18040
20675
22848
23702
11790
18442
23494
14788
16471
19297
14760
19731
13705
19313
22262
20076
16390
17540
18626
13183
17999
18301
19916
14240
14279
18549
13408
13784
18473
12676
17265
20234
18515
15586
21189
12762
14851
18464
15146
22649
23539
18013
24380
23241
22460
14495
15492
19193
14991
22566
21644
22006
15058
15094
20085
14282
15185
18416
14441
18764
18835
14291
14440
18718
13062
17652
12791
19696
14357
18701
21618
12274
12690
14954
14441
14788
19543
18352
22353
18069
14291
14385
19003
13674
15351
13827
31082
21233
29825
19729
27918
12585
13870
15963
13803
20863
21566
18078
20437
21827
14156
16216
18942
20255
20758
23785
12726
15418
13410
14616
18129
19278
20495
15223
14464
15284
19230
19808
20423
12578
14293
18171
18792
14329
16872
18614
20329
23985
18273
22836
12541
20778
17909
22176
14283
18728
19676
13284
15460
18083
20675
19963
20318
23571
12782
15013
19868
12497
20061
20133
17970
12957
18155
19605
14334
16443
17344
14073
14330
19538
13351
18838
19298
14333
15810
19598
13266
16703
18961
20212
20535
16100
21395
15236
20144
13071
21618
13811
18536
19925
21843
19339
12483
22457
12816
12949
13783
21704
25049
17787
21365
19230
19896
20403
15255
19816
19704
20438
14332
14494
15292
11926
15471
22878
13619
17954
14309
14422
18717
14292
19312
19625
13240
15068
12896
27509
12497
25231
13995
18544
15121
18066
20766
12540
13858
28905
14313
19030
19381
13764
13977
16686
14710
12949
19320
19412
18565
14040
16014
16560
14295
14593
18605
14096
18075
19035
17547
23798
14310
14311
18809
19089
13272
19476
19897
12290
17284
22730
12742
18545
21145
13362
18821
14669
20686
13173
22244
16575
19224
19962
12701
13598
14823
19106
18263
20403
14285
14334
17509
11916
19953
23547
31080
13884
22331
31098
14523
18827
19277
15053
22329
12111
13198
18816
19375
12387
13763
19252
14415
14586
18775
14029
14266
19341
12861
13711
14336
14428
18866
14285
15784
20344
20331
22400
11972
17082
17696
19795
14093
17450
13976
17979
14384
14486
19338
14294
16537
18206
15594
16017
18986
13837
14485
12738
22202
12032
13830
14416
18796
19056
13211
22283
13707
14417
15143
19015
13347
13428
19176
14338
18863
19764
15042
18371
12374
13466
13939
14899
29516
17113
21239
14305
18207
19376
13831
17423
12252
14579
15457
24163
22682
12522
20208
14466
14528
19188
12722
15243
18010
12516
14689
20053
13465
16894
19864
20353
22445
13678
14462
19962
22015
15872
16071
18817
13305
13347
16950
19559
14188
14593
19276
13836
19277
19363
14748
15978
29535
12366
16395
24831
21359
24260
21672
24166
30439
13392
14311
19000
14331
16788
19454
13446
14413
19394
12976
14305
21298
13382
14252
19631
14187
18194
19055
18700
18851
18916
13427
22248
15324
17657
14090
19386
22474
22755
24527
14519
16483
19060
14342
14368
18997
14444
22669
14689
17422
19648
16099
18288
19264
17292
18783
18943
14338
14505
18628
12397
13712
18076
12687
15082
22986
12682
19266
20804
16700
18815
18976
22984
17548
14037
14371
16498
13300
13653
20443
21878
13945
19624
20011
13740
14481
19199
14542
14543
14647
13393
14486
19131
14615
18822
18916
22567
22735
14696
17267
19712
17792
21966
23064
29914
14938
19150
19931
12636
13890
15593
13456
13561
13657
22329
31081
14033
19973
23201
12922
13770
19931
12208
12226
14883
14166
16894
19760
18106
21585
13906
15738
17410
14318
14400
18897
15820
29616
13886
16825
13486
15128
14409
14604
18970
14229
14505
19368
19755
20762
20126
14402
14608
14611
12645
15652
19870
18554
22416
15365
20466
13475
18400
19317
14371
14549
19051
13411
16099
18474
16500
18433
14407
18875
15470
15471
15564
14605
17251
19311
14303
18976
19135
12524
17828
23230
23022
24668
14254
20714
15003
16296
13691
14068
16582
23272
14377
14671
19836
16886
18589
22918
14477
19159
19334
14128
19236
19294
12043
13864
21689
17604
20509
23217
14732
21225
23177
16097
18500
19766
12879
23317
14346
19238
19269
20141
12606
23565
21882
24001
14280
16797
19117
14421
19161
19280
14223
15721
20451
12875
13368
14703
18297
18509
19595
14472
14563
19261
13553
14256
19012
14359
14563
18452
23083
23924
17863
20155
12773
22084
14854
20514
21788
12135
14465
16832
18716
18831
19367
12902
17829
13068
21699
21786
18125
19115
20647
17876
20709
16323
13286
15657
14724
19234
19235
14957
17440
14175
19012
19318
14749
20876
12725
14676
19630
21018
22003
20626
23045
14280
18901
19268
15021
16967
18232
19161
19167
19168
15952
16392
16791
14277
14395
18526
15310
12347
16469
19553
16426
18485
22919
14128
14741
19222
21024
21043
12988
14529
19160
19234
14530
18735
19268
14642
17500
19206
15078
18588
19604
14547
19168
19461
14394
14425
19050
12976
16516
19376
13894
14967
19735
13214
13894
18960
12286
20066
18382
20202
14343
17530
17685
13950
14849
19656
13938
17790
29787
14536
18344
19352
19077
21900
14439
18486
18759
13442
21739
14547
19328
28633
18507
22451
13575
14664
20187
13386
13491
21673
17569
17961
14754
14877
18147
14401
19388
28712
15142
18454
18960
14659
14963
18924
14636
19869
13856
20900
12472
16745
30751
14901
16694
19392
13386
14756
19373
12885
14116
18037
16673
18232
19467
12780
19564
21428
20071
12132
13494
18813
24065
13526
15879
16344
19536
12802
14999
14016
14367
20019
13380
14558
19335
12171
12595
13765
23181
12534
13339
23165
23464
12872
16918
20207
12869
19707
20166
14258
18741
19213
20385
13499
18189
24556
21496
22881
12294
18130
19814
13409
13970
15823
14369
14488
19246
14376
18607
13521
13701
21313
14323
14646
12721
16559
14963
15116
19522
15117
17762
19419
14442
16608
18235
14629
14883
20148
13927
15472
20148
19544
19956
20227
13621
19009
20227
20660
20792
18251
18963
15156
29531
29772
20239
14055
19808
20127
22460
23371
14503
18968
19293
16092
17635
17890
14369
15028
19529
14667
15024
15616
12781
12999
14534
15381
19449
14284
16452
20659
14752
18030
18122
13913
15338
20920
18964
14228
16344
20507
12936
15608
21217
14345
17957
18532
12487
13572
19723
14455
14718
19395
13284
13831
14778
15164
18397
14598
14637
19440
14555
14612
15193
14256
20724
29972
13315
28596
17123
19440
19982
12898
14526
14228
18683
19031
12785
15218
22978
19450
22438
16828
12903
19673
20087
16389
20648
14347
14490
19173
14449
18984
19031
12215
12849
18651
14497
16818
17804
25311
14003
14483
19239
14487
19094
19293
16223
21531
21852
12507
13108
29471
14192
15687
15425
23010
14531
19256
19359
14347
16379
19389
13281
14637
19982
14115
22049
13409
16259
17643
17975
24262
14408
19356
19614
17925
20650
14632
18865
19097
20927
27221
12298
13782
20228
20455
13679
16881
21506
13693
14859
14021
14526
18305
14149
14727
19326
14603
19187
19542
17663
20020
22653
24363
16763
12413
24544
21379
21868
16618
13578
16276
20453
12808
15691
24213
14358
20000
14211
14272
19705
15866
17354
19902
14829
17844
19153
12426
13726
19880
13904
21130
13168
19638
24277
14228
19172
19535
19562
19972
22634
12939
13795
13405
14393
17609
13076
17609
14427
18698
20117
22028
22188
23744
14733
19039
19980
14870
19542
19758
12777
15842
19097
18414
22150
16098
17930
17960
12749
20636
14078
22014
12618
19719
14003
16502
19794
14688
16707
19473
14072
14328
18881
13179
21786
24553
13835
14602
17081
14456
14475
14591
12422
31076
15051
14548
20134
17870
18305
14578
19031
19172
20370
15281
15813
21383
15154
19914
23647
13259
16691
16939
18552
19305
16922
19047
19407
13961
14231
19713
14559
14688
18932
12838
13792
13957
13348
17464
19507
22294
19671
22314
23752
24448
14701
14764
19315
13577
14153
22276
14471
15151
20754
16896
16936
17424
12536
21306
24886
19841
22244
21818
22422
16597
12881
13814
14088
16632
13569
20431
21201
28889
14631
19829
12652
14041
20585
13461
17670
14436
17550
18849
18991
21897
15891
18934
14339
19819
19828
20791
24623
13461
21234
13835
16281
14072
16925
19027
13352
13683
14665
19329
14432
14595
30503
14436
16501
18785
17086
17353
17080
17713
19914
14787
17259
18282
14701
19216
19465
13652
18404
12990
13192
17638
19315
19465
15141
22865
16326
22071
20541
20537
19878
12489
16424
23241
15410
20177
20228
13024
23562
12317
15436
21978
21478
14620
14702
19171
20462
13470
17619
20652
12439
13984
19817
21809
19903
12679
29129
12746
13509
18388
12426
14546
18204
15049
22716
18250
21717
13151
23643
15812
18370
18848
14196
19128
28372
17398
19134
19633
12623
17261
20585
20418
20425
20818
19997
15619
16066
20901
21547
21798
12647
12762
13435
14860
17802
18278
30704
13160
13020
12466
13994
24228
18055
22320
16388
21941
23006
19998
12749
13821
14857
14730
19104
19520
16401
21195
20769
23475
19303
19397
19692
21152
24983
16943
18785
19129
12755
17755
17897
20480
21505
22785
23236
12684
19362
13935
17878
14124
14973
19503
17781
18036
14386
16244
18323
19191
19302
19303
20593
22013
17460
23517
23650
15289
21736
25019
25238
13498
20452
18151
21478
17175
31052
16753
15653
14589
14848
19128
14640
15436
17899
18917
19275
30595
12421
13524
20569
14978
16773
20751
17261
20281
16184
17933
22157
14124
19408
19566
20252
14747
17830
20040
12851
15039
21969
12691
19180
15015
21952
17969
27926
20699
21329
22134
13291
20665
29906
14469
18080
13963
17427
17428
16252
18370
15793
18356
30197
14098
17758
15344
25334
19371
14959
19408
20226
13231
13689
21043
21145
24236
12861
18046
17770
21378
22641
16122
21636
24548
20710
28612
24448
12470
12745
12961
18100
21350
13130
22224
15430
18661
12565
12596
14942
15793
18310
19703
20188
15822
14066
14942
20125
16100
13786
20552
30431
28468
14705
15429
19053
19773
19853
20125
20486
21396
18137
21627
21682
22181
23663
12943
13014
13595
15656
22710
17388
13150
24358
13878
16386
13918
15312
15367
20222
21629
13118
17214
29762
13762
20540
14111
15181
13822
13322
14050
20631
30483
13516
14631
27052
16739
21267
23477
17674
12933
13026
14600
19685
16810
21735
22952
14656
15101
22926
22921
12637
19938
18987
13966
20045
22555
13810
12759
13812
18281
13099
14381
20051
18300
29680
15790
15932
18172
15081
17304
29976
16828
17380
13887
15934
17916
21926
24903
15417
16365
20734
25131
14356
16978
15499
22927
13335
16611
21731
20410
21417
13243
14344
16360
15619
18257
12911
28524
30062
14925
29152
14403
30546
14052
12745
13001
28563
14273
14840
17976
24723
14958
19337
12648
24670
19888
23392
24446
23478
13931
13061
20606
12545
20589
18858
22326
23290
15934
16250
20238
13476
16566
13758
15957
13016
18892
13585
15679
21775
14009
16029
12964
13969
21759
22713
19107
28279
13646
16889
16917
14448
12677
24509
20809
24010
12684
22487
30360
19399
21908
28790
13568
15777
17983
18107
18277
21388
13240
14047
15867
12660
22088
22575
12516
16333
19648
17821
20926
12910
17875
22632
17065
23808
29437
13485
16211
23047
12689
24285
16861
13973
12648
20773
21819
20183
21806
17768
21656
15592
18515
21744
17227
28026
22774
24809
16267
17766
13922
20718
23541
24194
28191
17325
22998
24147
20985
15344
15361
15386
18664
21927
20407
18574
20834
21594
12989
14351
27991
15983
14243
12673
14080
23820
14832
16103
16231
23693
20059
21715
24328
13673
18657
22068
14161
19937
18569
21172
17777
20271
29506
17254
17417
12661
14406
17836
12841
20729
20875
20571
20701
13121
14882
19665
12591
15573
15663
24800
12803
29569
13187
15974
21300
21733
17857
21395
16225
23710
16926
21848
13016
24136
25046
15999
16693
30425
12667
13958
18351
13704
16035
13360
16440
13807
16815
18449
15465
27504
31083
14985
17791
12945
14271
17549
13043
14556
29496
16562
17342
13667
23624
24351
20689
15253
16172
23896
15434
20969
23700
22082
18139
27943
14784
13445
14317
19101
15541
16664
28745
15585
14320
18606
21726
22798
23621
14912
28559
24118
17893
21376
24976
16393
17425
23664
17457
14315
17788
21050
24797
18870
20181
24399
12888
15245
20966
13631
19301
20663
23285
14687
23228
15394
21988
15905
20152
13903
14691
15648
16859
16864
19296
13959
16504
15854
21554
15463
15543
29732
16536
20132
16429
18071
20142
13923
23389
27334
21383
21807
24378
13980
17428
23613
13055
20664
23252
23941
13314
21445
13954
20149
23486
16702
23612
21017
24956
12831
17155
12813
13871
12634
14186
17083
16658
30816
22459
22671
13548
16954
16955
13675
16893
19121
14457
20030
13060
18988
21679
13340
13871
29808
12637
20275
16351
14879
23072
13561
14273
17130
12793
15685
23563
24598
12889
13153
13971
15107
19934
22888
15037
22337
13363
22221
15658
21022
20611
15447
21016
20044
20598
17260
23809
14406
17678
17951
17041
14463
18992
19822
20273
13045
14927
18451
21498
23915
13371
14195
15587
16657
22593
15465
29964
13677
20016
13050
19225
29073
12770
13811
15971
17737
13423
18281
28728
15259
22293
28974
29105
14212
13127
17627
28185
12868
14616
16005
20320
13171
13189
21544
15951
19410
20564
21646
14168
19588
29605
19365
30035
15946
21148
12943
13813
16706
13283
15578
16937
13767
14822
16695
15417
22804
12702
14374
20833
22242
25368
20024
14067
18395
19263
16240
21716
12732
12923
23748
13020
13062
19560
13599
14679
16330
13205
13534
18042
12712
16029
17399
16602
16669
15400
22025
21127
18267
21782
13422
22210
22517
19643
20012
18631
21471
22136
22416
14737
15955
18368
14837
15374
19957
24143
24568
13106
17093
30116
13547
15791
17433
13613
13916
16690
13047
14243
15811
19518
21268
16026
18371
19055
19605
13274
18744
16942
16419
21187
13798
19382
20393
18563
22700
17408
13233
20809
22427
15726
21221
14380
21107
14053
15505
16713
13146
15385
17279
14948
21140
13720
14856
14851
15478
19064
13609
14139
19390
17193
28211
24748
21432
12783
12788
20080
16220
16294
19639
22343
24618
13505
23964
15090
17616
17695
22056
22114
14459
22383
24164
17548
22907
13113
13117
21951
24040
17971
21832
23946
13144
13450
15659
14204
14864
29113
22002
28739
29246
17435
17647
13456
17004
29668
16717
21757
15636
17447
17315
17316
17330
30040
17331
24467
29850
13776
15973
16004
22835
24630
13387
13777
29655
14107
15921
13276
16188
22857
13507
15504
24893
27600
30585
13332
14825
15135
17120
19851
22478
14776
14301
16858
13041
21090
14250
15427
12853
19640
19683
23834
17152
20848
15011
19120
12886
13911
20505
14010
14100
23916
14954
15154
16979
20846
17023
31090
13852
22651
21200
23908
13715
20711
13026
13125
29896
21286
21289
22603
20311
28844
12973
12967
14117
21881
17564
19702
13730
17146
20684
14431
16399
17155
28139
14569
19615
20483
13081
28847
29044
17221
17379
13395
15220
12962
14973
21341
19734
13079
21816
28138
28789
13886
29043
20278
23244
29826
13754
23120
21216
21957
28511
21492
29109
29107
29139
22633
14799
29536
15127
17481
13994
21738
17006
27494
19771
20635
21659
16051
19609
15805
22030
29461
13790
20964
15615
19789
15089
15430
15066
18026
14480
19288
28073
30231
12930
17436
12887
22506
15806
22541
16358
20832
13174
17739
20092
14599
18164
18992
16850
15226
15520
22494
16096
21003
20873
13738
28813
20908
24422
22013
23337
22002
14048
14172
19966
12987
30273
13378
19756
22148
17280
21252
13840
16511
16515
17487
21368
14964
15945
14298
16866
24123
14312
16890
13820
15369
13579
20901
22955
16838
17449
22525
14978
15204
13300
16469
15741
17529
20888
17154
18269
20251
15170
16598
16626
13502
14826
14199
19813
20562
14972
17165
17464
13156
12903
20365
15066
17078
13659
15191
17915
21636
12960
17358
17206
27900
20979
15213
15285
21118
25261
13292
14308
15264
14121
20557
19755
22906
24470
17574
20648
12900
17301
29649
15352
20430
16584
19867
17804
21598
28921
15829
20767
21041
14780
16612
17160
13271
20467
19272
20611
15130
24115
14941
24032
13797
25293
14847
20969
20982
12919
29862
21854
12984
19926
23696
13871
17400
13660
15192
17637
13514
20799
28033
13714
22231
29967
28735
29415
16349
16350
14221
24408
14250
21648
12928
15087
16593
15958
23082
12970
16057
19693
19635
22592
22722
23177
23840
16999
28788
29196
13735
13788
17095
16963
17106
14411
21208
17899
18059
18841
19533
13484
17104
16632
23928
15290
15954
16048
16639
18293
31044
16858
20601
29015
29993
13990
16901
21317
19750
27864
13407
22083
16015
24372
22767
29852
13555
21650
13178
23862
21270
21273
21369
13777
13981
16274
21165
16160
20346
18251
21230
13268
19148
17007
27598
13952
17631
17715
17161
17392
22513
14492
14675
17168
21233
18826
29741
29102
29356
19741
21192
23298
13258
15906
18938
25095
27636
13789
15100
13820
15242
20460
15774
14006
30414
24846
24145
21745
13615
29103
13615
18408
20789
19313
14667
19218
29265
14758
15820
16095
22452
13361
20975
19950
23736
15988
24097
15704
19020
17549
22411
23910
14771
20760
29416
15224
15827
14010
15427
18008
14018
20601
15371
17354
28884
13647
22358
29030
29407
17757
21271
14046
29167
29926
19685
29130
14379
15386
15438
13358
20396
23750
13319
20034
20176
20237
14217
19218
20845
20109
16827
21466
15505
17694
18689
28490
29320
22092
18223
18128
20653
13956
20460
22267
14453
29190
13318
15177
21887
13474
20070
13824
18237
17856
18018
22647
23816
14362
29136
14821
17956
21370
17649
20316
22361
15275
15288
15771
13948
23816
21967
23836
14583
17552
21341
28694
29427
13936
18283
21221
15786
14538
18581
23396
20810
17756
29306
17302
30025
13672
15604
16463
14396
18776
15074
25464
13234
21678
15124
15158
28689
29165
29493
21801
21910
20392
24016
15483
15776
16466
14515
20713
15628
23536
23403
14047
23382
14015
16534
20074
13067
15321
15322
24522
14267
15407
15875
14127
16181
19413
15994
13980
17431
17592
22679
13237
17013
28374
16806
18478
24535
13590
13743
20785
22877
23309
21693
31071
13389
20171
22539
14873
20736
23239
21410
24330
16711
14246
28838
15250
29689
13090
17026
16639
21694
21891
29701
28107
28896
13119
13144
17215
16228
20795
17699
17720
16589
18530
14813
20353
15845
16151
21685
17831
13977
15228
18347
19509
20280
23579
14260
14261
14744
14262
28742
29116
27922
28973
24563
28391
16754
21915
30248
21433
27773
20719
17690
30045
19134
17482
29500
28918
29200
15269
30355
17692
28587
17693
23688
29274
14190
29186
17994
18143
13711
21345
15376
15414
16292
15668
16662
21665
20941
22061
22285
19228
21661
14437
17647
14438
28919
14540
17733
30031
13634
19569
23730
22542
22296
29202
15327
15638
16605
19043
15397
15889
16532
20216
22871
13198
15800
15902
20654
21548
19254
19831
13744
19797
16572
24146
13253
17591
20349
13257
24308
16218
31084
17673
29676
29942
22221
30030
23285
24536
27963
27984
23974
29412
13287
15923
20979
13359
21486
13677
18209
21237
24319
21111
22502
30388
13759
15866
17357
14584
13904
23529
13531
21279
20463
21249
22714
13761
14619
17561
13623
15960
17590
20384
22831
28322
20568
28415
20048
21458
15570
16434
19959
15516
15548
18758
17664
18233
18304
21521
14545
27510
16390
18111
21248
21362
17862
19834
28734
14138
22644
23485
18257
15601
16434
16506
14948
21632
24717
15903
13750
15186
19889
20992
21005
16487
20021
20452
16071
21084
14524
18527
17646
18190
28097
20364
14061
20364
18620
21476
16461
16801
19944
13880
14874
16683
20050
14202
14207
19783
23047
18209
21714
14059
20069
22237
28407
14812
29203
14539
29173
17414
15220
30118
13735
17780
13708
13850
13272
19708
15554
20030
15060
21835
16019
16059
21133
14086
24687
15125
20304
14070
13415
20314
13464
20302
21899
21361
18113
20189
16159
21010
22554
22732
24078
21656
23237
17174
19353
29154
15758
15831
16506
15888
16354
17808
18233
13306
20185
13989
19372
13297
18629
20174
18401
13543
15947
23681
23011
19877
14650
21853
13695
19513
25214
15210
19890
20927
20930
15744
15902
20448
17387
15904
24102
15536
15648
17351
30002
28927
29084
13349
18589
22143
16410
16531
21727
15641
15722
18880
13669
16876
17487
18348
21577
29626
15964
16321
20790
20986
21026
16940
21714
14999
17036
29718
21532
24263
13510
19301
21663
22823
14419
20887
31063
17094
29699
13459
15943
16714
15715
19310
21068
16387
17523
17611
16614
18171
18798
14456
14511
24666
24882
15701
21046
16077
28776
29319
16868
19837
14601
15515
13864
16238
16438
14630
17765
23091
17161
20697
21255
17771
23960
18671
21055
15962
18853
29693
14061
28402
30537
15027
18266
14265
16483
18864
13857
22475
21054
23580
13439
14245
16167
20919
14772
19105
19572
15796
21066
22055
15882
16031
13425
14107
15972
16381
18466
20246
13398
14017
14215
15119
15570
16417
18439
16845
16974
18178
15807
16634
13369
15675
15931
14315
21494
17812
14183
18121
15297
20906
14375
22160
22505
15689
22185
14663
15610
16466
15541
16579
18670
22271
13364
16800
15548
15572
15661
20725
20756
21118
17434
18914
21039
15317
16898
30112
29591
13422
22875
29949
28086
29085
18154
18108
22505
15000
23500
13982
17666
16064
16153
19073
16012
16736
17423
16584
20115
23385
24423
14180
17379
13992
20182
21171
14854
16557
16558
17648
21168
14422
16143
16144
14775
15364
19240
15319
15377
16625
19405
17573
20257
16132
16230
13434
16720
22879
15684
15725
15693
15694
16574
21607
22053
22571
13364
16585
27582
15240
19523
23253
16286
16307
16714
19137
14931
20250
16443
17509
17009
15328
16280
16556
14940
15035
17107
14832
16200
22574
16270
16538
14037
19051
15051
18989
21322
16471
21034
22453
30221
14463
14599
15006
21336
22271
15979
16892
21114
15671
16014
20880
15297
23318
21496
16285
16307
18539
14325
16782
24082
15179
19382
23716
14360
16451
16653
21863
24101
14179
15546
16669
16886
23343
14761
19701
16648
26749
19768
21315
21858
13448
16370
16403
16797
14945
20996
29899
17904
15971
19292
14716
18374
24039
18677
24786
14349
15739
15931
13513
16572
16209
16544
19769
14162
21840
14137
16261
16352
16406
17484
13417
20208
22350
15178
19782
16703
18699
20015
18593
21065
13588
16455
13691
15324
16488
14068
16328
16550
14337
16499
28702
17733
15332
16675
18412
14661
14871
16054
18487
21945
13458
23310
15254
22351
17570
17668
20386
29047
18641
31078
16138
16279
23707
14420
15971
17108
18476
13999
16580
15936
15937
15359
29171
14641
15965
16348
17648
15272
16433
16525
14659
16309
16478
20260
16647
18225
21454
16154
19257
16546
18596
16017
16073
16015
16225
16941
14237
18503
23603
17520
20299
14618
19807
14509
17521
21671
17085
17766
16727
19634
16174
16205
17969
14906
16320
18107
15683
14685
15020
29193
14507
17385
18007
14490
17123
18977
15736
21064
14693
21710
14101
14329
15899
15844
15981
15797
16605
14492
18402
14085
22589
15055
21155
15139
23427
20685
21079
13849
14790
17978
24589
16790
18813
21193
16874
16929
20217
30132
14402
16166
19183
15795
24041
14251
16286
16604
14630
16788
19250
14251
16871
15084
18390
19122
15041
18988
15052
18361
22153
13602
18676
16266
18889
20333
20197
24527
16259
16981
19133
17953
22556
14092
17077
22279
13772
16412
23055
17281
22863
16652
16812
13546
16771
14694
21990
17662
19232
16916
16958
17483
14894
15763
13773
19379
23713
13690
24700
28946
21448
21787
16505
29695
15283
17381
21260
22980
18295
18909
23329
16934
22340
24116
14728
15175
15975
17259
17748
14011
14633
14700
14075
16592
20429
20054
23378
17750
13700
17223
30054
14585
19428
14906
16751
17266
15538
17432
28978
17888
29087
15565
15638
19922
16613
17142
19687
16091
20336
15215
20360
22340
21466
21707
15802
15979
14426
19788
20429
19841
22704
19585
19663
20197
25461
30400
28403
30517
15484
15533
15571
21410
25212
13552
15520
21027
21810
30250
14051
16901
30707
15888
17696
13682
15287
24443
14918
21450
15679
18448
21225
21239
22903
14004
15697
17423
19584
21181
17478
17133
22429
14802
17700
18446
17906
20829
15704
17671
17815
22372
15914
28639
16859
17115
20276
19771
20478
17110
19369
23016
16811
21224
23583
15352
17420
19052
16738
17422
20640
17638
28368
29564
28158
29209
14027
16230
17519
15277
15849
16089
19852
21951
16115
18462
19176
21489
22399
19671
14686
15473
17279
16313
20072
16971
20223
13594
16200
16317
22121
16117
17597
16248
16363
19689
14767
17543
30353
20457
23881
13991
13601
17537
19811
17719
20039
24731
17419
22299
16174
17829
20236
13625
19288
15263
30474
13866
15321
14611
16275
14740
21187
22559
16422
20176
16016
16544
22048
18005
20504
16796
17114
17685
17585
30891
18002
17438
28008
14158
19832
15989
17816
22882
14657
14208
16352
17698
22653
17955
18446
15672
16849
17635
19709
21567
22440
15152
20951
28697
21110
23014
14820
15293
15334
13926
15135
15001
18477
20605
16035
15989
17166
21762
17838
20310
29278
29909
14203
15814
27525
21349
22215
18991
22125
15757
16729
23394
23438
13940
15529
17703
18604
19638
24233
28653
15998
30152
16914
17663
19752
14509
16467
16538
16733
17418
17486
19851
16207
16447
17462
16127
16254
17271
16347
16432
23184
17405
22269
20447
15110
16067
20852
15420
16940
17294
17983
18162
20634
19549
20441
28256
16031
17924
17953
20485
25012
15451
15579
19384
13797
20833
16817
21218
14411
14717
16567
17930
15575
21276
21284
14923
16624
20095
15991
16019
15217
29302
15869
18828
19132
14926
23034
28928
17778
16810
18304
19898
20712
22100
15850
22008
14979
16066
22955
16327
22557
13734
16402
20487
16676
20672
14781
20622
14918
20757
14469
17955
19166
24716
13675
16981
17643
18640
16550
18004
23609
15699
21058
14512
14924
16205
16364
14817
16125
21210
17418
21523
21643
13708
20028
19933
17516
17598
14623
17750
14080
15870
24209
20085
23151
17503
21456
14074
20489
15433
16487
16739
16253
17708
22619
17923
21652
16462
17608
15103
22552
14446
20497
20949
16490
16541
17446
19585
20394
20852
21273
22936
17693
17629
18191
18014
24908
16690
22571
15766
22780
13898
16724
16725
15995
21385
28703
15712
13854
18449
20089
15214
16491
14511
17922
21266
20490
14575
21505
21736
13718
16768
16976
22398
15483
15526
15610
14514
17883
13782
16816
20432
16018
18123
20502
19105
14508
19643
24135
14041
23208
24098
17560
15079
15730
18106
24292
16016
17813
14752
21837
20999
21453
28430
16179
18291
22611
14522
16696
14988
19024
21094
14765
16681
17944
20476
20655
16051
16262
16760
19653
24918
15017
15150
17858
23757
15570
16082
16629
19040
15053
15428
15437
21416
15047
18100
18376
14552
15622
18331
15111
20883
15261
19342
20477
19642
14281
15239
14745
14861
20827
17147
17170
21475
13795
20020
15441
20963
16196
18029
22900
16040
27919
20036
16208
16738
15323
28530
16884
20065
21033
16517
16553
17934
13890
16282
15044
17710
17889
15390
24396
20090
23060
14904
16157
28996
15282
18001
20270
15868
15921
15437
15515
20991
17109
19802
24218
15445
19791
20520
22404
17153
17813
22547
15557
28673
13793
15319
28795
19262
18570
20009
14826
29824
15826
15345
15346
16315
16442
19689
17393
19622
23037
17356
15503
17937
19182
25154
22967
14066
18310
28618
13927
16215
16678
17792
19437
30954
14053
18111
18531
17846
21386
16363
16442
18092
14562
20764
24054
20775
15742
21054
23954
14020
27697
27892
14274
24255
14484
14709
21224
22076
17406
18158
22150
14710
19679
16482
18157
24703
15008
20579
15368
17932
18047
18063
23607
14844
19475
16896
16906
23550
20872
18403
20261
18120
21427
22444
16342
20529
16368
14638
16495
20563
15133
15474
19916
14039
22198
18572
14081
18142
13879
13880
20647
26723
14489
20210
23057
16018
18104
19825
20806
24899
14341
15712
15104
14763
16312
22437
15108
15986
16155
13863
15761
18855
15502
16262
13981
15756
21066
23297
13947
20578
15274
15442
18110
22141
15531
16899
16591
18724
14610
16040
13965
19557
17126
18122
22071
15509
18148
21373
22616
23601
15862
19312
21139
23669
18797
15896
18416
19871
15322
18869
30088
15052
17775
19659
15706
19826
16229
16556
22904
15972
19609
21102
14762
18218
20802
17314
29300
14259
17481
17760
16346
21138
21555
24635
26829
18256
15247
17490
20204
21972
23863
20001
14092
14880
17678
29694
15977
21827
16271
20210
15702
20817
22540
19150
14913
28453
15720
22727
20542
16539
16737
17528
28444
18226
21290
14930
15837
13929
20063
24364
14590
15266
19308
18391
17653
21686
15906
16010
18113
19833
20913
13986
15382
14759
16032
16170
18205
20451
14751
14858
16815
18159
20581
16542
20134
15677
21446
25184
21098
30602
14137
21461
13932
19894
15335
20683
22522
19495
24204
15425
19802
23086
23386
27200
17493
17794
20572
16302
17841
30048
13958
18154
18364
16921
20697
15089
21020
22004
15495
19937
18153
28491
14092
17482
16524
18485
15890
17827
16853
23713
16207
16569
22092
17420
21086
22123
24855
16860
20918
30435
17467
20457
20591
22790
14027
14407
14760
15549
15605
19581
20473
16684
18308
17569
20000
20017
29653
15717
15762
20614
18203
18477
15368
27222
15080
19456
17776
15189
20548
16985
29365
17278
21307
15646
16686
18347
22323
15491
16292
18355
23009
24216
19912
20649
17488
18342
15280
15316
17960
18362
21295
19219
19882
20473
21021
21115
16224
18433
14395
14408
16742
15108
15432
15781
16184
21104
21475
23937
15507
18265
18114
18546
20930
14058
17639
14114
18359
14007
15468
28624
21522
22312
16319
20163
14982
21406
17755
23708
15332
15363
20946
20962
16846
20774
15138
15370
20948
15494
15569
15730
16120
16175
18602
15680
15999
22502
23142
17355
17551
18552
14020
15921
15963
17103
15449
15617
14297
15490
14905
23489
15356
18150
23834
17093
18261
23972
22480
14459
20421
20447
19727
21960
14626
17578
16285
16352
14980
18363
18445
16977
15627
15744
20325
15706
17135
18572
18127
20414
15855
20348
20867
15962
16470
18548
28422
22062
16966
18494
19796
14712
16017
17874
17963
21413
22021
17548
18051
16229
20264
16310
18542
22565
21347
24300
15167
17927
20519
14337
15999
29354
17950
18569
17343
16613
16699
16749
15511
15783
18544
22195
21183
22086
20084
29482
15762
23871
15446
18170
20120
18852
21406
21117
14964
21367
24212
20600
20021
21141
23175
18577
19759
21007
16496
18021
18454
19493
18174
19427
19601
15398
18479
20948
16125
16682
14089
18980
18161
15728
15783
18324
21867
24647
30472
15867
16512
22138
14143
15621
15724
21581
17426
18451
20079
15533
17818
20985
22016
30642
15542
18465
29820
23755
14567
16308
14965
15664
15765
14225
14427
17671
15313
18429
29497
23302
21592
22392
28343
14977
15278
16948
15935
17981
20164
20835
16110
22031
20958
20974
20319
20331
18453
19676
14613
19548
14914
14915
30097
14222
16088
16115
20758
22376
14418
18150
19979
22447
15219
15883
18520
21611
15973
16874
16893
18488
15023
16618
18511
16095
18348
27694
17458
18404
18411
20474
14625
15491
15237
18482
21772
16565
16743
20643
28692
15504
17078
20768
18609
19403
14661
16054
22594
20682
16965
17416
18435
20333
20668
14312
16975
21228
19223
20944
21422
21735
18590
17354
17357
18362
19041
29620
16311
18740
23230
16194
16631
24677
14860
20157
15732
15838
17979
16268
16533
17686
17617
24092
18634
21083
16799
30856
15711
20854
22027
22536
19603
17550
18392
15353
16036
15555
18632
19414
14257
15559
21033
16131
18550
19700
15503
17414
17401
17415
14382
24454
17346
17725
14816
18414
21434
16176
16931
18618
15405
21503
15577
18564
20995
24819
20135
27492
14295
15815
27487
14953
17169
15494
19894
14312
21214
15205
21352
22666
16219
20527
16146
17799
16362
19804
17294
20694
22316
16711
14290
18484
21190
15894
18469
19339
14305
15611
18630
21550
14224
16682
16769
17390
19285
21308
16444
18617
14255
15527
18592
16491
17588
20424
15562
16101
18575
16600
18568
18096
29439
17498
17878
18521
18557
22394
15416
29945
21783
16747
17291
22403
18517
21135
14189
18871
16588
16708
30108
29187
29252
18505
16239
16356
23276
16612
20801
24019
15475
19195
17598
18052
18665
20113
21831
23009
15086
20501
21248
17591
17771
23747
15938
18649
24205
15624
19928
16534
18213
20082
20561
16277
22816
15028
16775
16830
18622
23487
18737
19046
19114
15227
17814
18606
22368
30743
17773
17805
17101
21262
15209
15717
18739
17719
24959
18028
21486
14343
16314
21325
24256
17859
18019
18107
21381
28904
21174
22331
14421
18762
16673
16757
16915
18656
21209
14372
18769
14515
15852
20036
14254
19649
21097
22034
23570
25040
17272
17308
18598
22197
17342
18560
20693
18575
18842
15257
19029
21086
20036
20430
20912
16217
29160
17002
28282
15967
18690
23703
14302
15884
20555
16732
16805
16869
24813
16586
14397
19423
15404
18229
20983
19910
15412
15452
15072
15632
14741
18896
18314
18754
17005
17976
17010
18087
17018
18316
16311
17828
23388
14885
17503
15901
15950
14416
18986
15578
19011
15635
16688
18895
18990
21109
30073
15749
18358
18653
21672
18945
19019
17778
19724
23785
18836
14348
16615
22080
16579
18684
18702
19458
15603
15772
18575
18003
18600
19102
14534
16980
20746
18733
22825
17271
30072
14890
15032
16669
14482
14410
19085
15897
18880
18838
18935
18799
15776
18913
18801
19010
21641
22702
15537
15558
18650
15681
20987
15073
21212
19325
21057
14530
18972
15561
20812
21606
16661
18019
18210
16250
17916
22224
16129
16740
15759
15858
15885
17714
19084
15895
18911
16684
17169
18496
15674
17909
15622
15753
18915
18943
15536
18669
30206
15237
20914
23828
17078
18623
20347
14528
16134
18832
17115
19047
16963
18973
22636
15767
15808
17113
14559
17256
15898
14413
18770
16485
18548
15933
18912
15853
19319
16454
14450
21089
23725
15782
15856
18781
16022
18455
19800
17414
17937
30412
14501
15756
14504
19066
16565
16113
16197
19093
20286
16269
18793
18773
16568
18886
16118
18893
15645
15725
18650
18320
28056
21794
21971
19556
20994
15580
18421
20727
20544
21832
20592
20984
15528
18747
17461
19345
18619
30422
14390
18734
15322
18802
20970
19979
14714
18174
29013
16049
16139
18255
18756
21914
22543
16558
18757
20047
14727
19231
14390
16142
18954
16059
18460
18975
16619
18843
27443
18229
19006
15956
21866
22409
16790
18048
16376
19900
15969
18967
15385
19164
18233
15707
21347
16891
18953
19118
15722
18879
17511
19070
15731
20035
22928
16571
17088
17896
21277
16418
14908
28528
30092
14542
19237
21122
19111
20130
14455
19169
16813
19145
15583
22041
17460
20384
23078
14401
16577
19126
15819
16210
18868
14535
18094
20137
22158
22419
23155
15880
16459
17136
18716
18760
15924
16005
18861
19071
17442
21438
15984
18780
15985
16042
18780
15260
18429
15653
19913
16050
21102
16527
18808
14647
15887
21099
17579
17702
19004
16653
19215
22771
17527
18851
18910
21559
22435
16152
16294
22284
16324
16453
15193
30151
15932
18290
18325
16069
19381
19712
20587
28758
30271
17730
17220
18281
17222
30036
17662
19202
15518
18835
15716
16836
19419
17557
19688
20377
15927
14604
14608
19183
15307
19098
14895
19249
23734
20499
25007
18983
29433
15813
25068
21323
22089
23023
16988
29615
19785
29430
16147
16243
18693
18862
17404
15198
15806
14554
18796
18847
27683
14554
18867
19986
17938
21182
21194
16065
29888
17011
15659
18829
16748
16106
19204
14544
17341
23370
18036
22173
19371
17417
17523
15371
21292
16620
18410
16455
18410
18933
14654
15697
18577
14637
17268
17512
17674
19007
19306
30634
23037
19458
16888
18807
15185
15896
18790
20743
18167
25235
16242
14688
17256
16789
17116
18038
19096
16510
19122
14516
20438
15486
15853
14677
20730
16134
16166
19203
20087
20755
20341
20613
14995
17773
19226
16586
19040
20603
14981
15872
16233
19267
17102
19154
16141
16234
16109
15517
15662
16709
19026
20307
19165
18340
18661
20965
19170
16928
19141
17455
20355
22711
22753
16686
15448
16857
18963
15456
16182
30081
16148
19306
21251
29631
16627
15964
16137
18190
17371
16831
16910
16956
19389
18687
18833
19159
18900
16844
19446
15161
19283
20850
14846
15083
18102
18663
16162
16275
15112
18825
17817
17835
19275
30512
20322
29579
15269
17336
18505
16171
15604
16353
15177
19370
20124
17784
17994
19212
20678
16446
19247
15448
22510
18450
20584
19125
20998
19058
19531
16074
15004
18918
28963
17074
18877
19238
19027
22243
14577
14751
21415
20520
22408
19434
17513
18665
21304
19451
27686
17536
18860
19686
16435
18923
16300
19044
19158
17501
17556
14975
16357
23653
14618
17978
24697
20034
15214
17701
19371
16728
16790
19446
17846
19284
17541
22247
19314
17599
18983
16520
23869
14625
15415
16859
17605
18004
17470
19185
23246
17631
21307
15976
19189
22223
18981
18982
19013
30715
16502
16692
17571
19178
19195
20886
23599
17582
19415
14950
19194
19919
19074
14635
15315
20031
17751
19415
14789
15629
22522
23121
15004
19251
17534
17866
15514
18388
19404
16715
19356
16380
18998
19044
21708
15902
19375
19527
16420
18908
22694
16120
19192
16456
19063
28557
14712
16073
16951
20289
16257
16300
19460
16717
16784
17925
25011
20052
17563
18665
14707
16272
18130
14709
16573
19466
15701
18782
19398
15435
21365
15193
17268
19415
14726
18539
19527
16837
18364
26759
16913
19274
18208
20662
15062
20201
27814
15293
20936
19463
19818
16128
16177
16936
22506
15091
20602
15137
19067
14950
19359
19374
23590
17889
18097
16831
17574
19127
16804
19162
20277
15833
17501
19087
16356
20156
20005
23519
24745
14729
19879
20072
20356
15431
15449
18804
31009
19042
29218
29351
19080
18224
22009
22914
18168
20413
26739
15669
19515
20105
20338
17724
19469
16201
21160
21196
21240
17527
17859
20358
21446
23158
14877
20931
14980
19347
22751
29211
29219
16083
17558
17785
19899
18987
21577
19384
17687
21701
21178
23102
24854
17397
17415
18033
14698
29247
15196
23401
14760
20988
16056
20051
15106
15775
15851
18287
15698
21088
19320
22806
20899
24546
20995
14797
19289
14724
19940
21186
21336
22047
29610
16787
17402
17476
18203
17562
19190
19302
16654
19553
15399
15428
19300
18159
18841
19275
20196
17086
17961
19273
20950
14720
20345
21286
16020
18387
29174
16957
17473
19270
19420
23561
14745
16851
19546
16682
21210
23462
18729
15743
15858
18453
14935
16691
28561
20787
22135
30274
18516
15221
22230
15423
16105
16802
15273
15891
20843
17409
19546
16324
20068
22557
21213
23451
18443
19535
14987
18787
19152
22587
17416
22125
20522
17848
18450
21477
21645
22075
22091
16650
17910
19038
23759
24922
15189
18262
14783
15521
15568
14783
21697
21142
21150
16119
21159
23474
23499
21270
21453
19437
28271
17673
19677
19861
18213
19422
14955
24386
27537
31017
16232
19613
16719
23008
23419
19508
23296
16968
19213
14862
21142
15402
19582
14818
22608
19530
20091
20477
20732
28630
19664
19855
18360
23888
15327
30638
29325
16411
17765
15529
18311
19385
17337
21283
18167
21589
20681
19427
23183
15720
17596
17650
15667
21742
20867
24988
22691
28135
20305
19532
19038
30449
17649
25042
15693
15844
23266
24919
15450
17658
18039
15201
16689
19286
21007
21020
16186
19402
19658
17171
18597
29095
29251
18086
15127
17647
18026
19724
23904
17504
21778
20357
21265
16793
17528
24608
16067
22694
24230
18290
19399
19678
19416
19919
30134
16288
19176
19570
14869
15034
16404
14926
22966
17680
29938
17907
19445
15670
15801
21038
15234
16270
16467
17767
22257
15809
24190
17544
20754
23354
16663
20419
21406
21425
23767
20403
14839
16584
15503
15512
18689
21917
14939
16231
18424
19502
21184
14872
16085
17721
23896
19533
20140
23654
18744
22178
14863
16490
21182
14847
15434
22352
22485
17396
30695
16375
18125
18804
27673
28665
29324
16052
19591
19795
16355
16528
21806
18246
23419
17891
20756
17419
18908
15556
19435
19465
17169
15540
20790
20834
20191
28566
29897
22625
19459
15845
19947
24103
17443
23528
20818
18357
23319
17277
16730
18058
15142
17288
28150
22090
23780
14867
19929
27592
25237
15879
21191
16707
19551
17798
14873
21126
23186
21468
15480
19516
23162
19556
20167
16666
14909
15623
19531
24207
19739
19751
18898
22209
15464
19633
19626
16145
17138
22759
18237
16848
16974
17997
14993
17589
17930
19109
18026
23265
14989
18503
20841
21108
17742
22426
14932
14980
16377
16479
16309
16335
16708
16345
29261
17323
29648
18486
19443
16034
18067
23993
16852
17567
28601
16519
17600
18307
16595
22072
15156
15298
28666
20851
18873
29640
29217
16778
16868
19742
20014
18599
20414
15520
18626
14997
16969
19407
17906
18634
17749
15939
17410
23699
19785
15507
16611
17854
18329
24709
18493
24029
18625
20595
19571
16206
17873
19509
14952
18259
18784
16293
17350
20431
16332
16375
20798
16139
17965
16611
21528
21804
24926
18917
17459
19620
23311
23560
24537
19930
21535
17031
29731
19666
19672
21561
25050
16515
17515
18307
17429
19763
19175
21991
28417
17910
28964
30060
16438
21042
17651
18081
15633
19586
16499
17466
16983
17092
19575
16606
17699
21103
16729
17101
19694
19675
27434
17812
21379
14985
18289
18727
15940
18771
19676
16552
18152
19652
16912
21274
17797
17610
17925
21757
19732
23174
18296
20423
16267
23922
17725
17849
15711
17581
21370
20845
22814
21717
20334
27808
28967
15512
23978
18859
19757
16677
20397
24715
18018
20694
16934
21247
21627
17512
20161
17900
17551
17676
15189
18087
18673
17677
20002
28577
31051
15069
19741
21946
16244
19715
20125
15912
17268
29528
16786
16808
15035
18468
21058
21085
20842
21826
15308
20915
15259
22216
15169
15510
19717
21175
24393
17028
16927
17389
20150
20633
25150
15233
30093
17274
16758
18037
20070
20528
16570
27603
19809
21276
15559
17658
17834
22843
28066
15070
24071
17394
15700
19636
22256
21668
21975
15249
15621
15723
22656
17712
18609
19579
16262
16378
20209
15439
18425
21669
17945
20029
15080
15246
17478
18472
17963
19747
19884
20825
22495
16431
21092
29782
17825
19686
16351
16461
17608
15304
15337
22715
21548
15481
18615
21635
19028
19709
15151
17584
22705
30166
17025
28941
28548
17481
19932
15709
29065
22883
19627
19989
20255
15292
16026
18524
18031
16224
16500
30323
19108
22439
16554
19848
20706
16052
17696
16409
16410
17538
20200
20133
20211
20499
15200
19318
16548
16687
20522
20731
16395
24030
24911
17429
19587
21331
15469
16724
16087
17907
15159
21526
17285
17966
15850
17858
21078
16855
24023
19746
19892
18620
29329
16405
16554
19820
15596
21013
15370
20942
15980
17945
20052
19806
24939
15637
18992
16865
28576
15711
15174
17099
16804
16912
19163
16414
17942
16513
20124
15148
17800
20373
15803
15847
21742
15408
15574
29172
18134
16155
16694
19327
21721
28371
27910
28664
16833
17132
16635
17104
17809
18043
17576
25047
15197
22078
16252
18023
15326
18163
18327
17196
29096
15825
19820
21896
15165
15286
21192
16768
22750
15214
17506
17588
16094
21715
15588
15635
18704
19182
15564
19939
20449
16288
16437
15522
20479
17112
23453
17586
22093
19791
20885
21194
16131
18688
17571
19779
19794
19651
18217
18284
24565
17677
19863
18644
20662
20899
16423
19759
20865
17491
16497
20163
21197
16898
19633
20572
20733
16995
21435
15982
16113
19372
17477
17928
15397
19821
20847
18112
16917
20642
16610
21508
16532
19768
20244
21380
22100
15959
18195
23384
21111
16751
17087
16547
20945
21666
22145
17241
30192
18166
23406
17474
16718
17991
22167
15552
20389
21763
15279
16010
15524
17959
18273
18258
20262
24921
15238
23036
15518
21350
22104
16246
16450
18123
21443
15225
15689
18054
20498
21151
24289
21676
21765
17741
22107
22845
23292
16103
16200
15255
20993
18852
19853
21425
17581
21317
15381
17151
15925
17827
21696
16411
23293
17738
20912
18335
21667
30038
18244
21206
31055
16046
17535
19801
21037
15334
19776
15634
18384
19826
20929
15832
19078
16043
17545
16163
16546
29141
18824
18962
27830
29643
19024
20496
16755
16955
21313
15882
17954
19265
23157
20061
15395
15443
15278
15986
18133
19842
17459
17460
23196
16163
18962
19344
17814
19798
19842
16043
17752
15996
16186
19952
23458
17729
18279
16002
24090
19757
22260
16676
20243
15521
18285
17908
19840
17445
18250
20357
21657
17568
19915
20824
17351
19737
15493
19770
28153
15284
15829
19896
17137
18202
19796
16060
19803
20567
21888
22046
22351
15727
16009
17545
18114
28598
30540
30214
18311
16273
19574
20289
18491
19574
28948
18732
27478
19560
28547
30703
15513
15967
23270
19944
21149
17084
20326
19850
21988
16199
20558
18057
19803
20558
15956
21127
19842
19380
19899
21259
25004
18489
17866
29835
20680
15602
16531
20184
20366
24024
17783
21451
18268
19284
21509
18221
18290
19891
16000
18633
16643
16690
20916
19722
21634
18334
21920
30313
24445
29586
18412
15333
17994
18318
17575
17783
18056
17723
17868
15771
15928
17723
15928
18185
16199
18267
19120
16770
16948
18694
22193
18267
18402
17421
18131
19762
17421
21352
19646
22993
19304
18678
29311
16157
17929
18228
18546
19911
20224
19682
20104
21609
21740
16164
21401
21687
23452
18802
19307
19681
19698
19632
20145
17791
20819
15383
16048
21180
22062
17484
17708
17735
17575
18540
20450
20450
16037
17995
18341
19342
22094
15816
16660
19682
18309
22975
21473
23835
18669
21625
18637
28837
30241
17289
22498
15633
15792
28529
16265
16674
18540
16674
18110
22393
16564
18543
18381
18613
18768
18613
18769
27407
18044
18479
18694
15351
15841
19840
18632
17703
19554
20559
19799
28234
18309
20738
21909
19717
22067
20847
21538
18042
28989
15598
21035
23249
16265
19164
18303
19702
20594
17990
18541
16610
19707
20577
17254
17280
22735
19674
20077
17736
18341
20419
16391
17258
16683
19098
21711
20612
21473
20741
17601
19881
16660
19433
16130
18578
18386
20270
23336
20482
29016
17463
20011
15506
15547
20761
20594
17990
18224
17083
17990
20565
15639
15798
16959
20004
21777
15606
18234
21481
18766
20789
18110
19616
16649
20077
20683
18583
18837
29621
18750
19821
20479
19815
19991
19983
21826
19983
19994
20842
17542
19733
17542
18011
20067
18562
18583
20192
24398
18797
19011
19661
18797
18802
16880
19414
20202
20877
21938
17457
29704
18913
20293
16322
28687
16322
18592
18850
16576
27523
21343
17982
19935
18463
18856
29232
21642
18312
20490
23017
30598
16261
16285
17138
18202
21023
18476
15552
19926
22007
18438
19744
20519
21364
19759
30265
20778
20091
19736
16292
17656
15923
17279
18557
17559
23094
15889
18447
19821
19472
19616
18426
20812
18626
20690
18367
18836
18861
16391
16634
18385
23999
18115
20006
17785
18148
21490
18746
27654
15492
16882
21008
16683
19361
23011
21430
24076
18781
30268
21678
29589
18074
19929
19175
19547
29686
20138
20506
18752
18753
17594
19349
17434
30686
16045
18314
18096
20821
22834
28463
31069
18707
21970
15547
18456
20629
16914
18337
15889
18681
18722
18367
18659
19006
19393
19916
18438
19064
19991
18574
17454
18011
19733
19921
21015
19845
20612
19957
20693
23818
20575
15776
20293
18843
19100
19583
15810
15859
18144
18525
21604
20079
20335
27613
16659
17122
18384
18645
19517
18747
15702
18660
19541
23476
15530
19935
18115
22403
17148
17861
28522
17818
19431
22310
22616
18312
19847
15683
21688
16404
21135
15923
19974
16920
18547
19683
24074
20561
29257
15995
19953
23771
16080
17734
19291
22229
19666
18947
20670
18737
18903
18949
16761
18692
18238
17287
17488
20416
16417
18420
19431
18146
19149
19101
19826
17122
18355
21531
18149
20492
19346
20212
16021
16133
18229
19781
17861
18395
19175
19402
28296
28307
19729
18752
19255
20234
16637
18188
28110
18549
19549
18914
22171
22908
23069
17760
17879
27698
20099
19939
16781
20306
21398
17454
19908
20306
18224
18283
20565
20562
18495
19845
20313
20512
21257
22563
18685
30026
18684
18148
15672
16744
20069
21688
16021
18549
17079
22229
19197
16417
16434
20673
21514
21347
24582
16926
17830
17907
22189
16466
18427
16701
20599
21677
17583
18632
15616
22093
15778
15909
22885
16877
19100
16877
17727
16159
22496
16658
18193
27766
17946
18121
19935
16251
19952
20258
21687
17914
19801
16185
18564
16709
19214
17089
27706
17818
18165
18420
30367
18439
18553
19938
16167
19264
16937
18801
20371
19895
23151
18294
19895
15599
18294
22819
17079
18675
19291
17826
18947
16082
18806
18444
18655
16328
19444
19908
18425
20518
17343
21897
20064
18682
22842
16634
19996
18614
18645
19010
17967
18403
20905
17585
17615
20619
19948
20433
23299
17801
19193
19384
20406
16658
18894
15816
19433
16211
22777
18748
20160
28297
17148
18395
19410
18427
19781
18117
23255
19929
20685
27748
20723
21212
17834
20610
19641
19967
18301
22044
16862
30568
16506
17830
21848
18170
21522
18593
19003
17996
19696
20141
16008
19516
22703
20313
20328
18684
18842
20845
17444
22126
16492
18165
20325
21031
18357
23641
30988
15747
16494
21638
28688
19452
20146
28358
18598
16346
18829
20680
17079
18520
20294
20449
18715
19838
17714
18573
20056
18561
17540
19605
16614
18767
18792
18285
18090
20116
18248
18427
15951
19987
16701
16781
18470
19010
19124
20371
17407
18778
18781
18685
18799
27446
21812
22787
18383
18699
19125
21327
17124
21163
23649
20960
21994
21602
18227
18686
17022
29384
19265
23983
18622
15718
16111
23846
22382
16464
20673
16092
18365
18630
21298
18495
19072
19412
20383
18767
18821
27594
16249
19726
18041
22370
16668
17396
20371
16636
17572
19387
30462
23458
19641
22566
17054
29775
19042
28362
16002
20165
20328
19197
20629
21366
20294
21611
19078
19838
18691
18927
19444
17105
17611
21297
21301
20653
16726
17685
18693
16872
19538
18193
18975
18905
17827
19975
17420
22079
18795
19410
18193
18460
20160
18914
22647
20534
18726
18820
18982
17479
18480
29477
20348
23745
18821
27571
16364
20168
18778
19680
22170
17510
21132
23959
18358
18895
18248
19198
20325
20448
20046
20232
18378
22378
18536
18701
18453
18728
23160
30957
16885
20483
18041
20767
15754
20027
15869
18331
17215
20819
21136
16337
20194
16605
19186
18895
18902
18718
18789
19460
18691
19625
18492
17698
17106
18973
20315
17720
18069
19421
19313
19421
17650
22442
16475
17344
18880
16924
17505
17581
18057
18742
18771
15951
16846
18795
18502
16291
21454
22023
18346
20796
18591
18726
18981
17479
19319
20287
21285
20444
29734
16597
16454
21065
15810
18332
19387
22374
16636
18332
20303
16491
18475
17410
19349
16745
20137
17289
19961
28747
17899
20810
29207
16464
17987
18302
19198
20040
19897
20056
20062
18248
18818
16846
18956
18508
20141
17996
18508
19516
20630
19921
23141
19430
19596
20292
20534
21963
16493
19917
20620
21804
24404
18893
19680
16898
17124
18299
21241
17672
30606
16258
20026
19954
22049
22095
19106
21602
17356
17357
18595
18798
19454
17435
17760
18786
23173
18006
18967
21754
16462
16526
18830
17826
21172
19310
17735
17797
18739
21647
15873
18409
22106
17798
20166
22350
20788
23538
16589
17856
16613
19244
20057
18171
18721
19454
17583
18010
15953
17486
22643
24754
18725
18882
28414
17946
18241
20206
21950
19866
30964
15957
19597
23374
19144
21469
22757
18664
18725
28425
20292
21241
18075
16000
18422
22299
24063
18664
21849
24035
16216
19711
21819
25216
30635
16597
19953
19511
29028
17154
19560
20027
20098
20098
20794
20101
21865
20111
16808
16960
17406
17489
18414
16937
20970
18490
20154
22899
16580
21940
22110
16553
17157
18096
17226
20110
18155
19325
21366
18755
21501
18808
19083
18444
18809
19000
16005
16171
18492
16959
18176
16193
18582
20671
22760
15947
18494
22929
20468
18812
19338
18879
18693
18721
19071
19538
18462
19095
18206
18771
18839
18882
18906
18956
20774
20872
16342
19380
16931
18819
19030
19253
20463
15989
16012
21692
18040
18083
19647
16396
19517
15992
21799
18667
28836
18406
19401
18302
19527
20448
16371
18587
19179
16373
17816
19510
19738
18416
18444
19018
18255
19793
21754
19205
19460
17905
18176
19849
18256
20194
20278
20934
17928
20374
21052
19008
18222
18524
18891
16179
20863
23814
18462
19398
16950
18782
16935
17969
19606
19035
19764
16138
20003
20010
16714
18302
18539
19186
20603
16921
17110
23446
19505
21633
20579
17112
16764
17388
20702
17596
22442
18935
19298
20134
21256
17634
19774
16007
20630
29259
17507
21104
16121
21824
19679
16624
22958
23141
18965
20027
16588
17439
21654
17270
18993
23629
16954
17099
17711
17683
23965
16283
16670
19266
18995
18807
17905
21157
16053
18007
21375
16037
21418
16089
29442
19927
17847
22643
17097
22232
19192
19380
18774
19253
18775
18890
23488
16575
19259
19598
21680
24155
22537
23935
18823
20093
16068
20081
30338
17948
20692
18499
20093
22497
19761
16371
17642
19474
19711
22379
16279
20003
16888
19812
16382
18108
20252
22026
22650
21016
17737
19423
17882
17948
19596
19530
20073
21405
21516
21541
20651
18440
18845
19013
16664
18763
19035
20031
24618
25143
16883
19255
30508
16431
18142
19132
19812
23590
28294
18173
17987
18504
20123
22421
22912
17139
17340
22756
16718
22581
18375
18143
18700
18772
18910
21053
18602
18775
18796
19016
18774
18800
20162
20257
20263
17171
20733
17020
17134
20241
24290
17250
18263
19292
19442
18995
19112
16785
20307
18719
20707
27110
16722
17699
16341
20997
16173
22050
20471
18185
22046
17831
18646
20078
19996
20493
21950
19131
19338
19381
18524
19055
16575
18635
18275
17617
19910
20776
18939
19059
22398
22956
21385
18043
21470
22826
29849
19015
19016
18687
19015
19986
22127
16224
25733
27895
22000
29746
17097
23080
20182
24215
16786
22578
16762
18692
19208
17942
21684
19476
19725
23980
20353
21585
16727
19071
17164
16700
18864
18935
19463
20226
16850
16897
19955
21906
20309
20589
21345
16126
21133
17352
17512
19174
19924
16133
18728
16243
19871
19874
17965
17250
20218
18389
19375
18832
19066
19155
19156
19204
18688
19188
19700
18763
18834
17941
18043
17140
23306
16763
19990
21223
17283
19118
28632
29342
19140
18770
19394
20471
18936
20121
19645
19900
16366
16621
16932
22593
24485
18605
19276
19900
20840
23100
20535
17689
20471
19816
21499
18083
21032
18211
18800
23172
18653
19986
19018
19871
20225
17878
22776
16708
19363
24309
21258
16888
18142
18923
18832
19203
19155
19364
18999
19294
19083
19236
18810
20381
19506
20076
18400
19069
18815
18864
16892
19565
16568
19008
19051
23921
19340
20468
18194
19099
17348
18847
19056
19174
21836
21358
21541
21040
19918
23092
23876
18847
18867
18749
18211
20918
18324
19127
20344
18867
18481
17127
19156
19364
28599
18521
19500
19085
16563
21185
16196
16355
19252
20798
22582
23018
19647
19760
18187
27799
21441
16323
16428
21119
29159
18778
29445
19872
20230
21799
22184
16216
18855
20464
17879
18597
28545
17014
17940
17680
20084
16555
19973
24333
19081
19157
19188
16193
18467
20326
17557
18035
18765
21560
19090
19995
17286
17845
20369
16392
20338
18297
19864
20405
18887
20405
27648
17456
20342
21562
16765
28111
18121
18241
19649
20669
18866
18940
17998
18617
19057
19401
18783
18915
18916
25185
16821
19778
18452
28888
18594
19417
20665
23507
19519
20111
21385
17292
19082
19558
21823
22256
23245
18553
19150
17178
17277
21312
20018
19624
21101
20147
21524
16261
18389
18970
19233
18970
19183
19203
18876
18998
19158
17251
19157
19700
18528
18236
18245
16722
18765
23228
18679
19091
18879
17958
17654
18058
19462
19528
20493
18697
20236
20798
20164
20646
16492
20986
18334
19631
16493
17657
19102
21621
19146
22183
17127
18854
19022
18783
19558
17705
18944
17356
18516
19131
19712
17251
18550
19940
18762
19280
19294
16946
16440
16532
20131
16727
19140
20919
18307
17654
20080
20915
19174
16900
19386
16303
17098
22261
16555
18875
22290
17607
19404
19065
20275
17382
20275
17158
19617
19944
20603
18466
19067
19405
19405
18264
17117
17389
20106
18561
17877
20646
23593
16740
19870
21055
16398
19541
20426
21363
21883
18729
21640
22768
18822
19306
19351
19351
22000
20028
17988
18424
19459
16801
17158
19266
16756
19333
20111
20074
19080
19563
19563
18245
19955
21338
19878
23531
18878
20624
20057
20624
18679
18930
19212
18045
22451
17555
20219
23083
18082
18490
19062
19084
18699
18827
29939
16542
19061
18474
19261
19264
17290
20108
19061
20155
19127
17752
28496
29921
16401
21356
17974
22736
20487
21154
18871
19667
17689
19394
19621
20085
20532
16383
18677
20666
17538
25133
21185
22908
17539
22728
19346
22531
17934
22155
19426
17924
20083
18922
21493
18922
21156
18610
19065
17382
19237
19281
18558
18264
19271
23535
16763
16811
17142
18878
20057
21728
16652
16875
20173
19595
19864
17877
19048
18014
22389
16854
18523
16468
18194
18958
16736
19584
18696
18941
19017
17266
19220
16431
19220
20225
20401
22575
21889
21892
19867
18526
18886
18871
19836
19199
20075
16715
18336
18761
18969
17642
21122
16609
21203
17538
25134
19654
20172
18296
19537
19830
20318
19743
20409
20773
19880
20115
18238
20187
20781
24880
19343
19649
21163
28484
22813
23448
20068
20490
28123
28850
16706
18516
18702
18501
17537
19267
18833
19044
19334
16757
16783
18178
17717
23595
21761
18765
18582
22717
18266
21790
18330
16922
17115
19296
18971
19049
18045
18507
18761
18825
20674
19379
23682
17544
22938
18073
17833
18868
18944
22143
22549
23172
20138
22015
28314
18636
19576
31067
17953
21896
16756
18830
19079
20075
19234
19311
19940
18877
19269
22065
16784
16839
20650
21855
16765
19048
19514
19244
18767
16679
20286
16930
20187
21256
16568
18937
16875
22059
19735
20153
27393
19317
19904
19960
18147
20931
18941
19050
17120
18079
19655
21591
16475
18396
18396
18825
17671
18698
17126
21497
18588
21931
16642
16887
19502
16525
16525
17500
19281
16723
16967
17142
18658
18270
16489
18985
19862
18663
20103
18367
19437
20530
21966
16498
18918
19063
17128
18032
18593
28635
29098
16603
17537
18994
18925
19667
19667
20019
18759
18969
19443
18900
19135
19159
19654
18772
18249
18470
20058
18663
19250
17952
18696
18979
19378
20102
18603
18846
19655
18669
20197
20394
21342
17674
20161
18490
22386
16499
20587
17394
19705
20002
17006
19227
29290
17011
18262
21571
21944
18760
19232
19367
16959
18283
22009
16528
20183
21463
16920
21753
16759
19909
20811
18793
19406
19668
18091
17346
20606
18603
18958
23404
17832
17929
20740
24257
18423
20231
20266
20139
28102
28649
17498
19502
16603
18735
18901
18108
16785
17139
20698
17558
18236
20772
19741
19768
20661
16680
18696
18862
19050
17944
18559
16700
18863
18488
18907
20058
17636
18616
20088
17288
20153
16791
16816
20203
20228
19343
19436
19950
19287
16666
16938
20723
18671
20289
16551
16582
17605
20191
18501
23634
23510
19152
17648
20047
16781
20670
16928
17762
20277
17111
17721
21515
19116
17345
17524
17119
20217
16875
19710
18220
23089
19662
18563
20037
17748
21349
16659
18355
17833
18979
16603
19811
16693
21857
20102
16667
20338
20563
17518
17641
19723
18674
19656
19074
17280
17417
20254
19695
21774
20269
18894
20998
27893
18896
19222
20903
22192
23127
17266
20401
20868
18213
19811
16868
21784
22961
18642
17163
20074
17472
19079
19160
19235
19268
16913
18600
19002
24609
27750
18937
19096
19464
19804
18840
24223
22275
18918
19251
19246
19529
19636
20461
17288
18960
19735
18428
20543
24963
17704
21490
16689
19177
17793
18500
20859
21220
19723
19728
18408
28990
29981
18952
24000
17522
21312
16928
16981
20599
16882
20245
20602
22264
20632
16754
17198
18191
21095
19501
21865
17665
17881
16890
16975
16964
18265
23670
18353
23605
17743
26526
19850
20064
19167
19461
16789
18344
18933
22272
19049
18488
19121
16733
16856
16973
17635
18509
19248
21730
18850
17656
20560
22348
18140
19728
20936
20983
17803
18094
20486
29838
21147
21823
29206
19065
17500
18004
20276
16697
18790
20266
16914
17868
18540
20869
17162
18337
18532
19378
17163
19422
19618
20667
18205
17837
18532
20102
19058
16709
18736
19960
17898
17677
20454
21201
18654
23097
19425
20432
16834
19668
20884
21217
19429
20239
17572
22873
18685
16796
17465
16818
21639
21154
17513
26735
17156
17174
29965
19354
17136
18486
18968
18996
22247
20246
16870
19113
18476
20811
21169
22019
24176
20508
19604
18205
20488
19119
19215
18559
19618
19814
17872
18172
20248
18884
16874
18092
19429
18603
18683
18984
20923
18016
20203
21339
18646
18122
19573
21497
18363
19347
17530
17804
20288
18325
19466
28451
30046
16952
17574
19130
19778
16862
17129
18118
17177
17192
29919
17133
18191
18077
16958
19467
20365
20246
22249
18284
18217
18035
19514
19880
17829
18884
19121
19141
18977
19247
19440
18220
19009
23076
18980
20944
20117
17931
20272
17738
23609
24764
18619
19434
17593
20207
21846
20199
17133
19956
21095
16832
20265
20347
19206
20276
17483
17763
18271
17474
18409
18067
21300
19069
19005
21196
18433
18698
20781
27839
18145
18471
20262
18289
19984
22971
21232
18679
18946
20537
18231
19182
17010
17518
17382
19200
19580
17159
17384
18928
19001
19141
20277
17449
18338
16960
17340
23455
22047
17107
19336
22850
19373
20106
18773
19096
17347
19028
20640
20121
20642
21232
20230
24416
30145
16821
18003
18364
20659
20548
28025
28636
17012
17096
17534
19107
17518
17754
18087
20924
20199
18328
23912
18787
19772
18921
18924
19580
18738
18928
17473
19025
19001
19207
18235
19357
20475
19002
21869
23026
17108
18904
23216
18654
19094
19139
17257
17525
20116
19169
19215
17763
18885
18507
20354
22313
17597
18885
20288
20491
19248
19126
19143
18723
20142
20090
20175
19599
20876
20376
18270
27687
18649
18777
19058
21756
20933
18164
18673
20548
30529
17837
17957
18709
23575
18141
17473
19162
18053
17163
17453
18660
16948
18044
20740
23606
18580
20765
24187
17949
18649
22964
20270
20386
21105
22010
19149
19576
21390
20610
18642
17844
20101
18656
20422
17798
20063
20508
20588
20823
17857
19054
19709
21293
21460
18397
18651
27652
28801
30626
29651
28672
23864
28290
17359
23721
18621
23243
19848
18027
18484
17383
17401
19356
18336
19154
19025
19270
20743
18791
19207
18269
19752
19673
20365
21209
17440
18338
17697
18068
18390
20299
17579
17255
17633
19093
19318
20286
17722
19377
19710
20173
20015
20588
17597
20267
19034
20118
18145
18289
20324
22964
19348
19905
20525
21105
19320
22849
17793
17911
17295
17730
28677
30004
17278
18656
21253
20623
20140
17511
17728
20257
17091
17128
22349
17008
17009
27517
23138
17661
18948
19202
18791
20283
19467
21275
20184
21727
18719
19420
23685
19336
17666
19271
20884
22465
17162
19328
28367
17579
19863
17943
17958
19070
19728
20116
18048
19170
19446
20217
20251
18413
18103
18031
27622
20621
21660
19618
20864
20103
30744
17089
18406
30381
18948
19784
17497
29541
23742
18260
28469
28779
19077
28321
28792
28570
31100
28571
28812
19196
20531
28690
27982
28814
29752
28815
30149
28715
31065
17436
27477
28962
29743
28681
28839
28680
17778
29371
17358
17174
28852
18153
28846
28817
28883
28818
29642
30565
17821
29817
28914
17535
28219
28395
20494
27964
28760
28898
20311
21936
21952
28642
27548
27562
28638
23925
28163
23665
28455
28827
29343
28828
29540
24131
28106
24061
29286
24178
22778
28708
27554
24344
27937
27936
28829
24789
28944
28925
29223
28433
28958
28783
28959
24650
28782
24906
28968
24210
28969
28265
25376
28885
24012
21814
24047
28870
28871
28976
28977
22455
30646
25841
28984
28988
23813
28831
23342
24912
29575
24887
29754
21028
29828
29487
26538
28833
26615
26783
17221
17660
17989
20312
17135
19279
18757
20265
20946
18007
21272
20803
18354
17562
19331
22238
18637
22305
17642
19147
17922
18779
28628
17691
27527
17156
18164
21785
19706
19767
23684
18622
18609
19187
19758
19086
20465
19626
17718
23123
17854
23010
19965
22268
20295
22752
19587
20488
18392
18881
17614
21227
19169
19359
19395
17960
20015
18865
17584
19915
19967
18779
18079
19851
17290
17292
21495
17156
17494
18804
30946
19824
29307
29697
19039
20503
17448
18089
19772
18773
17452
21536
21691
19504
18216
19525
20253
24861
17565
18413
21412
18082
19372
18523
19636
19917
18030
19599
18844
19450
17265
19814
20864
22105
29712
19177
20748
22725
19425
20095
19964
17867
17379
17660
19539
19047
19335
23501
20352
19687
20132
21150
19163
19274
18634
20829
22492
23389
25415
18197
19637
19951
22438
18754
28067
28683
18005
29195
18215
24785
25896
25835
28933
24701
25899
28956
29055
23222
29054
29355
24693
30015
22302
22742
24075
29089
24151
29090
28787
27583
27886
28903
28058
29053
29728
29117
17198
29671
28161
22724
29125
22428
28670
22325
23360
28951
20427
29134
18254
18254
23436
29563
29966
29143
29108
29305
29138
21884
29106
29147
29204
29148
29146
29473
28235
29145
17986
29161
28009
29081
18351
29046
28980
27935
17628
29935
29738
28370
22177
28864
21344
29249
20861
29556
30139
29234
21916
20826
29911
29815
21074
23587
22828
29212
29328
17274
22542
29352
20902
28006
29374
23445
29253
22139
23637
29201
29244
18156
18380
17555
19239
19794
20283
17913
18810
20657
17957
19004
19139
18723
18974
17997
19902
20268
17287
20820
17874
19747
20358
20770
20975
17432
18550
19059
27528
17888
19569
20907
30266
22139
29243
29275
19562
20087
17387
18399
18399
19628
22862
20022
19072
20388
18240
21236
18618
19951
17639
18639
20395
23048
28826
17973
19692
26506
28678
28504
31073
26123
24883
28546
29086
27679
28059
29184
21934
29216
17758
29233
21231
22684
28399
29242
17939
29262
22987
22992
18184
20235
29285
30333
29410
29197
29409
24532
29198
21588
23879
24113
23630
24269
30223
29555
29248
29097
29091
23868
29280
24644
29263
19391
18651
19615
17890
18365
19111
17700
17716
17559
20113
18612
18792
17453
17614
17565
18103
20126
22219
20626
22226
29048
20190
31068
18514
18362
22105
17790
30383
29238
24299
29003
27630
28411
23322
29183
22585
25720
29295
28064
29271
29272
29282
25813
30374
29317
29665
30176
23432
29940
29910
28315
29040
24428
26680
30357
29239
29291
18860
18088
21252
19542
19590
19407
20465
20244
21315
17403
20573
22448
18888
20354
20308
20352
21583
19424
21583
17508
18844
18849
20044
20169
24224
19917
19326
19980
18455
20198
17976
27938
18993
29750
19231
17697
23994
21502
23548
19256
19374
18631
19184
20308
17507
21619
19126
19388
19076
19323
22591
21854
19590
19524
20744
21980
18241
19518
21089
20025
20375
19714
21630
18648
18496
19883
23301
18648
19438
30117
18826
20456
28000
18418
21575
19512
29484
18034
20862
23016
23446
18101
21368
18662
18144
20348
17786
19511
17683
17764
17664
17905
17610
19600
17610
19295
20186
17652
17895
19788
20574
20203
21394
20136
17569
17769
22042
20122
20746
20263
19587
19818
19063
21781
23678
28035
28736
20100
17844
19568
21314
19536
21191
22461
18582
19136
22417
18929
20681
18099
18132
30684
18334
20179
19751
17595
19087
18391
18522
18811
20249
20609
20383
22276
19892
17713
21569
22333
24501
19289
30531
28375
30784
20964
20972
21873
28464
28339
19501
20305
20347
18365
18202
19295
21797
20412
20779
19093
19526
19211
19866
17586
19789
17657
18461
17706
18932
21170
22314
19395
19612
18060
18443
18589
21180
22423
22760
18391
22663
19594
20223
20223
17895
18510
20143
23720
18197
21232
18357
18652
28232
20652
29509
29791
21975
30335
19524
20789
23770
18671
18319
23687
21318
17619
18888
21299
21131
23695
19670
19377
19869
21639
21800
22468
29758
21258
17715
17797
18955
17870
18204
17596
19092
18932
19282
20623
19028
21567
18974
29383
19456
18278
18514
20162
21062
19322
19774
17868
19513
23178
19720
18458
18572
18586
20249
20744
19194
19374
22893
22901
19456
21284
18196
18354
20704
23035
17917
17947
23274
19697
29842
20765
27925
20422
21253
19171
19329
19555
17860
29140
20824
17980
24133
21572
17837
29362
18571
20312
17764
20677
19990
20508
21215
21708
29378
29414
21845
21976
19585
20786
23101
21294
17836
17951
25964
25582
28584
25666
28704
25290
29123
29281
17692
29380
19848
23397
17977
19403
19914
19713
23291
24067
17702
17745
17817
20196
21717
19136
20297
19128
30063
22479
18085
19550
20588
20139
28541
22864
29666
25113
18128
17926
19566
19455
20433
27953
17959
21343
22874
20323
21535
22096
17678
17711
18621
19110
20148
17941
18506
20783
22341
21683
17802
18586
19216
19435
20748
21242
21303
18386
22258
19471
28923
30003
28397
22924
22996
23253
17734
19426
22051
23563
17718
18068
24174
19506
23304
24696
18423
18086
29153
19404
22077
23469
22369
17782
19166
19211
19468
18512
18866
20444
20162
20454
20281
21850
28259
23680
22926
20372
21914
22137
18736
18951
19002
21631
17828
23619
20209
19190
19303
17783
19171
19448
18534
18257
18415
17909
20406
18323
19322
22402
30888
19397
29166
31015
23566
19503
18341
19890
21159
20462
19471
30708
21155
18216
23588
20243
19743
20677
19526
19887
18585
18955
19299
20994
23150
21976
18415
20107
19194
19416
20537
20870
19550
20658
19981
19227
27538
17912
30074
20897
18788
19552
21817
19001
20391
21246
23344
21529
20625
20839
18196
22784
19747
22040
20390
19520
19612
19919
18552
20112
21839
22069
19876
19390
27891
25774
28151
19886
18522
20378
22448
20999
18788
21734
20838
19358
19684
30835
19305
20445
19425
19800
18119
21610
18756
19552
20372
17845
19070
20454
18322
18415
18059
19763
19684
19780
21167
24110
17964
23797
17809
17941
20170
17869
18109
18346
19597
20914
18019
22054
19322
18078
21413
21587
21124
23007
28555
23281
28695
17840
28085
21904
23283
21051
20035
18276
20026
22312
18323
19715
18065
22292
29036
20165
20478
21659
23399
17894
20029
20035
20049
18394
21705
21875
23977
20735
28275
18756
20618
21817
21753
19165
20366
23042
20560
18276
19721
28194
19716
17938
21557
22790
23986
27786
27540
29273
20291
21404
19503
19566
21850
18081
21411
20189
23061
20560
23618
20890
17898
18754
18253
20170
19528
24543
25052
22655
30005
19750
21745
29408
18408
20721
20656
20491
19468
19887
20373
18268
19299
18403
23087
22771
17931
20582
18020
17933
19923
22142
21877
20860
27547
19211
18045
21085
19943
18051
20095
18467
21254
18447
18286
20893
18143
18579
22131
21619
23582
23786
23885
20444
21109
29619
17937
18231
19982
20100
22934
19283
21851
19249
20712
22960
21546
18777
18471
20636
21607
18683
19191
19692
29578
19876
20193
27587
22069
29553
28177
30494
20195
20373
21150
20492
18000
18963
21230
18140
21162
19739
18897
20026
20532
18055
19887
20195
19773
19976
18196
18116
19034
22038
24246
18066
18533
21758
19033
22630
20674
24219
20807
23364
21485
24516
20524
22648
18857
29502
18125
18418
17989
19552
23990
20516
21302
21080
23967
28465
28785
18519
29761
21171
21337
18374
23495
19849
20600
19314
22328
23131
20699
20805
20492
20267
18133
23052
21048
19832
27453
21984
30459
19857
18235
29551
18967
23163
24270
18044
20942
20948
22559
19844
21070
24604
20038
22441
22901
19745
24566
19984
20324
19918
18092
20525
28452
19036
19178
19435
21920
18328
21763
20211
20279
21393
19181
18052
21304
20198
21397
19879
18658
18268
21014
19899
19901
18074
23235
19923
22157
21266
20302
23502
21273
21408
18060
22090
20736
23056
18080
18584
20941
18185
18130
18356
19980
29361
30102
28717
28784
23839
22213
23911
18255
23505
19753
19243
18090
22063
21518
22243
21556
21060
18926
18475
21149
22038
20566
18169
19316
21649
19800
20193
29905
27518
18175
23187
22033
18723
20174
23224
21985
18300
21527
28843
18598
24013
19090
22160
19316
20248
20720
22469
22558
21357
22466
21469
18411
20526
20989
20935
24356
23112
20928
20561
19586
19783
28920
18896
19092
19891
20374
21363
19835
29309
18155
22421
21738
28567
18170
18718
19003
18319
18221
20374
21044
19721
27960
21303
25197
22939
29035
30100
21384
24771
23553
20334
19255
21019
20530
19696
30187
19477
21229
21402
29345
18201
19324
18266
24542
20352
21263
23824
22796
22824
19853
20440
22023
20613
30592
19781
21260
22927
20014
26852
19243
22950
20576
27672
30184
19562
23188
18676
19786
23901
18269
19817
19979
30643
19652
20261
21320
27500
28791
29768
20791
23513
20335
21026
21414
21779
22164
18343
18852
20440
29220
19451
28306
30396
21384
29021
18351
22472
18318
19764
21096
20815
22949
22698
20883
22491
18784
31091
19290
24192
18246
22355
22275
18222
20248
22304
19879
21764
20254
18794
27790
19033
21828
20434
21464
21483
18337
19137
24667
20156
20942
18298
20355
20168
20742
18251
18313
19652
18740
19138
20618
22543
18297
18887
18616
28390
29104
21096
20334
22834
29587
20504
19793
18542
20604
20464
21737
21866
20863
21080
21525
18287
19399
19891
21452
18322
22779
18292
22117
19737
21003
28364
19390
29387
31034
18388
19279
19445
20278
18986
19056
20238
30466
20545
20304
23825
18904
23468
18533
21776
29022
18358
19164
20623
25102
18458
20961
21472
22367
28608
21852
30393
19932
28895
29287
31011
18644
22151
18333
20663
20224
20915
19102
18966
20906
23608
31058
27646
30742
18380
20114
23815
20209
21528
18383
18422
20956
22680
22201
23677
19187
21103
20947
30771
19921
20059
18396
18441
19521
21183
23050
19630
20890
22074
23197
24009
23153
19653
20253
21319
29214
21995
30403
21741
19930
19614
19026
20216
20244
18401
21069
20273
22144
21135
28750
28778
23546
21615
18421
19736
23147
19925
21012
23826
28129
20612
22872
18828
18592
18386
19893
20904
18817
20604
18954
18695
20803
20446
22384
21226
22633
28363
30307
21297
19874
20540
20177
18463
18726
29434
18667
18637
27572
18474
18541
18419
28684
29227
19922
20974
19179
18500
22052
21004
21688
22149
22233
20929
20049
27711
18499
18823
29867
21012
24400
19787
18629
20633
23390
20991
19383
18460
18748
18594
21164
19411
18952
24979
20990
20596
22929
23673
18481
21846
20572
20960
22878
21582
19945
20131
21022
21484
19847
28851
19237
20377
21555
20064
18509
21488
20840
19125
27658
19912
20033
19860
20866
20847
18635
19259
19261
22635
20721
21271
21184
19420
23398
21056
18739
20114
18615
20488
18525
18959
20994
20273
19402
18517
21564
22056
23800
23722
18558
20183
20053
20088
20355
20201
20619
20971
21105
18747
18958
29386
28236
19197
22551
21354
18848
22126
19347
19770
19591
21113
18720
19564
19242
20051
21525
23963
21388
22017
19641
21879
21176
22070
20947
21487
18795
24259
18633
20995
18595
21981
30559
18570
28749
22855
28478
20988
20170
20667
18630
23149
28130
30978
21165
19583
20722
21616
21675
21958
21984
22911
21051
28357
21337
18655
18809
19983
18744
23321
20539
20136
18942
21046
22017
19006
18668
20450
19688
21376
18841
18643
21092
19167
19280
18819
28031
29169
18853
23115
29890
29857
23046
24822
18865
20674
23257
18697
20135
18893
19110
19575
21965
18714
18643
19442
21073
23809
19095
23152
22933
19775
18945
22264
21504
19772
21282
18951
19713
21283
20409
21885
18680
19297
19543
18814
18972
22569
22822
19776
19321
19103
21697
22445
22058
22228
31042
22169
21180
21102
21117
18660
20480
21387
20159
18686
20580
19352
18737
21338
23589
19116
18768
18769
20951
20981
19104
19388
19057
20946
28498
30306
21969
25101
20658
18829
19672
24036
20947
21515
19393
21019
21038
19014
18688
22431
18786
22892
19532
24130
21912
19252
19060
19967
19235
21924
23104
19151
22807
23939
28625
27883
28761
27608
29385
30285
27909
28560
28798
29228
29637
18922
18758
18806
19233
18926
18999
21768
20295
19069
19214
18910
20445
20871
23784
23064
24108
18732
20360
31056
21207
21507
19022
19364
19368
18902
19335
19406
22344
19328
19461
18842
18905
21244
21247
22821
18846
18984
30952
18894
19101
18823
18824
31085
20594
21538
18965
20103
19014
27789
19613
21108
18921
19232
18969
19327
18834
18926
18949
18950
19898
18836
18975
18882
18939
21431
22326
23340
19173
19016
18803
20178
28911
21337
18835
18927
19086
19162
19634
18906
19298
27459
18961
19059
20119
19147
21046
28386
19078
18995
18902
21553
18953
30959
19367
18863
18976
19007
18817
21084
18956
19515
18911
18845
19060
19076
18828
18994
18971
21193
19311
18999
19393
18839
18905
20133
22342
19661
19341
30794
20055
18954
27484
18940
27495
18943
19017
21034
28030
30247
19129
20638
20701
19297
19143
18990
20119
20205
24473
20009
28651
28428
20011
19081
19082
19206
19116
19245
19539
21114
21115
19553
18936
19645
18907
21901
20691
18982
19341
19073
29360
19017
20857
29951
20794
24519
19160
19045
19214
19088
27826
19675
20780
23948
29438
19144
30802
18940
19715
23240
25337
19199
18925
19200
19205
19086
19117
19168
19091
19212
30217
19246
18955
21218
18977
19554
20192
19030
19022
21061
21109
20442
23117
19959
19110
19046
19543
19615
30790
19052
19582
20968
21993
19074
20607
20317
25277
19678
29277
19392
18997
19368
22598
19358
20607
19143
19253
30745
19099
29350
21624
21316
30277
19333
19154
19202
19233
19157
19221
19296
19245
19352
19135
19645
19100
19057
19548
28285
19221
28912
30065
20587
24260
29080
29162
24488
20859
20696
19282
20461
21159
23910
24427
23212
23166
20122
21389
22371
19201
21112
20857
19198
21031
19117
19161
20702
19119
21005
21565
23671
20446
21557
19222
19236
21484
19155
19281
19113
19701
21222
30000
22815
20745
19080
19204
19156
19084
20282
19111
20260
23845
26902
19118
19213
19392
19124
20777
19646
29931
19149
20575
21448
22122
20402
21698
21113
20242
19654
25093
19603
26821
21193
20749
21871
22223
19398
20566
20659
19277
27707
21397
21584
19245
19570
20757
24201
20287
19948
22057
21061
20959
29182
28010
20514
19579
22130
19558
19207
23592
19256
19411
19784
19331
28754
21073
27777
20363
21205
19589
20617
19767
22925
21112
21722
19282
28875
20817
20321
20019
19326
19580
19625
24394
20291
20466
20557
19331
19714
21286
19221
20953
19400
21062
20810
29800
19780
30453
22199
19355
20182
19614
19406
19270
20166
20556
19314
19429
19251
19464
22165
19449
19413
20054
20356
23060
19319
20766
20767
28255
21035
19333
19570
19674
22509
19507
19836
24294
21282
19316
21409
19360
19317
19449
19344
20911
20361
20733
28629
19666
19310
19473
19592
21578
20472
19448
19342
19710
31029
21923
24227
23903
19474
29956
28313
31027
19691
19391
23190
22027
19443
19411
19997
23443
19351
21760
20367
19340
20590
19432
22166
30085
20954
28272
30432
19606
28350
29192
20099
30017
20875
20123
24120
19419
19626
21277
22514
21876
28810
19563
28931
19965
24317
20682
21227
23749
19397
19775
19431
22682
19400
19784
24073
19788
22765
22837
19598
21116
20372
19447
20654
20764
19734
23171
28972
21090
28716
28820
20186
21088
19619
21303
21137
22218
19528
19996
20669
27485
19529
21211
20400
28277
21603
22075
30133
21110
24436
21068
19731
22001
19463
21348
30415
20765
19810
28901
20110
28200
21955
20939
20638
21101
21142
28071
19595
22477
19863
19555
28874
22397
30101
19699
21606
19758
20282
24917
20631
28166
28924
19660
23776
28867
29582
29998
30967
26563
27912
28937
29045
29304
26398
29039
29864
23400
30059
29011
23686
30654
22324
30194
20553
22965
23783
29092
19501
20147
20307
22354
19644
24360
20158
20777
21517
24679
20769
22708
29188
21038
19541
22812
28537
19536
20507
19740
20617
19807
24778
21370
23646
21034
22568
20913
20503
20725
20804
21241
22898
23438
19841
20439
19612
30783
19590
21304
24576
29269
20968
21856
22583
19617
21149
19942
23269
21595
23199
28214
21831
21787
24088
21270
21408
20224
21266
21121
21929
29990
21262
20412
20992
19961
29122
21793
23253
21139
19600
20822
20459
20830
24727
21297
20713
20055
20418
21208
20367
20788
26727
28935
21843
24732
21092
20469
20625
20586
22032
20812
21114
22930
23433
19634
20231
19632
19943
30493
20396
21244
22863
19662
19834
21244
23842
23409
20468
28360
30495
22846
20337
20823
21173
20593
21989
20971
25075
21925
21956
19810
29879
20245
22640
28146
24092
23288
30488
19932
20231
22488
24712
29042
21346
30541
21022
21253
27869
28486
30319
30344
30969
19893
20517
21683
19778
20426
20835
19749
21291
19865
20846
19714
21289
21359
22775
19775
21116
20787
22746
20953
21143
21835
21989
30446
21214
22018
21061
30165
24085
19855
22017
22844
19743
20250
22621
20958
22854
19830
21138
21026
20509
22622
29521
20541
29499
19801
20149
24006
21955
21025
23143
30178
29662
19771
20554
20645
26748
21380
20574
23071
21302
23857
24614
21281
19964
24200
20840
24359
20284
21858
22996
21342
21131
21982
22680
21396
30481
19862
21195
21097
19839
20777
20928
20912
29250
20263
21274
29382
29149
20315
22693
20538
30832
19809
21240
21278
23068
20696
21197
21947
19896
21125
20296
20175
28195
20258
22861
20351
20900
24087
24772
23841
22115
21243
20098
19926
21655
23674
20336
20193
22512
23584
19875
22713
23410
21507
22528
20210
19884
22430
22631
20198
21654
20645
20072
23604
22131
19835
22057
21036
20195
21425
21058
22724
20306
22707
22689
21070
23300
21004
20342
23958
22894
23944
20807
21620
23861
20219
23596
22534
19993
22115
20443
20236
21064
23642
21348
20078
29558
29737
28432
19904
21752
21185
19998
20319
21378
20913
20314
20171
21724
21759
27285
20350
22415
22681
20251
21481
24281
20225
22338
30128
19931
21156
24165
22405
21513
22609
21235
21031
20818
22827
20053
21115
23381
29916
20830
21551
20999
27638
20980
22267
23211
22533
23148
21404
20498
24506
20392
22083
22326
21104
24037
23569
20700
22111
23733
22319
22516
23921
20401
22036
22561
23399
20020
22360
20151
20302
22973
21795
22365
20628
21929
29511
21877
23628
21312
23028
20086
20980
21416
20065
20082
20796
22836
20958
21430
24891
29715
21666
21067
22010
20234
21019
20426
21479
21553
20382
23521
21594
21709
21278
23368
20131
25013
29566
20465
20316
24770
20484
20644
20952
28698
22034
28331
30109
20241
22033
20672
20039
20459
20516
28775
20086
22546
21375
25256
21701
20078
21608
23025
20397
20895
22076
22245
23352
24759
22031
21469
23013
22283
23258
21219
27617
21963
20980
21695
20982
22514
22553
22817
20069
24008
23539
23731
23090
24263
21255
21696
21045
27896
20956
24066
20557
20511
21191
23049
23631
20230
22905
22073
23564
21776
20919
21156
21493
24794
21595
20121
21147
20173
21455
27787
21796
29424
20207
20862
20327
24758
20118
20143
20970
20883
20748
21066
21132
23161
22450
23639
21146
28454
20491
21246
21127
20384
21420
28060
29560
24383
21824
21040
22037
28494
27965
21176
23877
23429
20534
24170
21186
21400
21589
20661
21630
21921
28221
21728
22045
24284
20950
27362
22101
24430
23568
20639
22972
29507
20238
20363
23498
20614
23662
21227
21971
21626
22180
24840
20249
22961
20666
27764
21790
21995
23345
22274
21613
20987
23645
21082
22471
22794
21947
20219
20663
22670
27715
21628
20705
22301
21411
20329
21309
22028
23125
20987
23481
30292
27584
24046
31094
20566
21840
22920
22956
24625
21752
20962
21463
23772
23052
21275
21725
22047
23655
21229
21394
22119
23262
21220
21292
23598
21131
23193
23552
24128
21251
21390
21530
22489
22335
23061
21122
21274
20925
21272
20800
20828
20475
24322
28551
21802
20985
23155
24072
22242
24579
20671
20781
27796
21601
21619
21073
21459
28288
21282
23413
20370
20735
29577
22077
28013
24287
21913
21065
21099
20531
20860
21476
22685
21488
20925
23189
22109
20399
21130
22751
28398
21123
21331
20644
20424
22841
29777
20959
21530
21009
21099
21355
23744
22413
30564
20601
21700
23280
23855
21830
22128
24301
23676
28113
21496
30009
24044
21451
21782
24168
21774
22767
21250
23786
21553
21631
24629
20432
20487
21173
21023
21479
20528
23377
20820
21863
20744
20523
24247
22186
21930
28324
20422
21218
21818
21912
22204
21250
22524
23793
21361
21921
28283
29270
29771
21079
22020
21429
27804
22550
30475
22800
21440
28982
29818
22651
20538
20538
20592
21705
25096
22270
20584
22550
21449
29501
24621
22997
21352
29479
22865
21257
23368
25099
21418
22259
23854
23079
30205
28441
23327
21133
29763
22440
21695
21158
21087
21278
23124
22005
22338
21360
22610
22738
22001
22560
20888
21243
20577
22170
22999
24173
24229
22480
22670
23140
27639
21246
23975
20938
20990
20616
23131
21346
21680
21964
20595
21000
21420
21903
20530
20896
21466
22503
22900
21277
21308
30775
21050
21883
20507
21032
21119
24177
24222
23346
22541
23942
20872
24304
29441
21343
21075
22205
20544
30733
21675
23847
21178
22422
21506
20622
22278
21384
30384
21078
29656
22527
23635
20976
21923
22676
20730
23943
22315
27604
20717
23887
20775
22586
28420
20921
20621
28659
21649
23196
24315
23314
23934
24547
21693
21650
22260
22032
22891
21075
20749
23546
23370
21160
21586
22991
21679
24051
27667
22433
20576
21411
21436
21530
23738
20961
24142
21420
20827
22196
20709
23410
23474
24158
22339
23640
21872
22596
24692
21810
23472
22644
24577
23889
24704
21036
22318
21758
22472
23789
23577
23864
23522
21522
21750
21978
23094
22266
22781
20635
22288
20952
25278
21158
24385
21597
21009
30491
29822
21771
22424
28079
21936
21188
28953
22269
21394
20867
23277
23523
29426
21173
22227
24587
21623
21881
24484
26868
21626
28231
30473
21631
22168
21874
22521
24193
25308
23207
23442
22759
21265
21886
21533
28840
24714
20846
21341
21348
22048
21051
23724
24346
29518
23414
21256
21292
20858
21350
21041
22161
27565
22508
22553
21060
25176
21825
24173
20849
21141
22508
21534
20865
23095
22354
21263
22612
21418
21281
22101
21238
24980
22145
22599
23584
21949
22464
24129
31087
24424
23781
24126
24470
24531
22645
25103
22654
28274
24664
21136
21471
21844
29607
22356
21317
29120
21615
24199
21010
23552
21581
21008
21997
25348
23545
28483
21006
24752
23289
21646
21794
23893
22394
21572
23323
24540
20750
20940
22617
21220
21291
21596
20779
21762
21974
22485
21381
21388
20901
21360
21542
27726
30378
22935
21307
21639
24825
24458
20955
23347
21977
28863
20960
20979
21165
22245
22888
24876
21754
22084
22439
21311
21569
21845
22578
21084
21097
21526
22236
21463
20808
22203
24242
29221
24742
23534
22110
22601
22646
23567
29773
24884
21632
24902
20869
24723
23479
21021
22151
20926
24421
24307
28825
30369
21732
23470
22391
22737
22471
21025
21014
22947
21060
30321
22562
30077
21521
25227
21974
24114
21532
21224
24505
21158
22211
22859
21477
21501
22025
21986
21373
23463
21783
30018
21049
22546
22795
22621
21780
25467
22021
22025
20907
21231
28049
30679
24808
21195
20910
22154
27917
22065
21569
22626
21707
21634
22500
21546
22971
20975
25309
21393
21956
23426
22007
23696
21062
22036
24219
21675
21979
24160
22622
22008
24303
22658
25204
22190
22506
23244
24020
24875
28759
22664
29425
21237
21342
24214
22132
29596
21229
21828
29816
22024
21670
29954
28544
30079
22351
22363
29625
21762
25402
28971
30349
24434
21879
21181
21692
21707
22534
21254
23202
21907
21907
21515
22405
22120
22921
24063
22094
23740
28292
21451
22267
24868
22627
21655
21711
29310
29533
21538
23211
25451
22981
23447
24460
23790
24480
21873
21487
21364
21487
21713
22080
24736
27286
28668
28744
21364
22660
21238
21399
23330
22497
22645
23075
22763
27634
29448
25303
21625
21398
21561
21955
27931
21944
22096
22977
27905
25281
29757
21999
23333
28729
21590
23070
23457
21670
22079
21517
23945
24658
21576
25016
21093
22425
21409
22703
22804
21419
21862
24599
22359
21154
21789
21529
23316
23029
24824
22641
22195
23437
21160
23428
21459
21189
21647
22928
21367
21551
22777
24649
21756
21954
28902
21773
27602
22287
22444
21663
21067
21611
22022
22887
24380
22891
21459
23704
22383
27559
21340
25300
22786
30532
21910
21968
21948
27593
23170
22400
22776
21714
22121
22638
21163
21321
21204
21332
21991
21843
30011
24087
22669
22172
30589
21363
21479
21706
22568
21169
22291
30293
21964
21524
30732
21172
26771
21196
21943
23367
24740
22364
31028
21400
24573
21498
23875
21405
22036
22146
22582
22327
22327
21400
21937
24959
21709
24288
24335
22729
28196
21623
21582
24554
27879
28263
21696
22474
22701
21405
21665
21972
23375
22290
21493
21560
22131
30361
21865
23209
21225
21730
21591
29797
21262
22386
22313
21992
21618
23045
23343
23768
21839
22672
22572
23216
21624
22495
21637
23430
23781
21869
22505
22041
21495
22881
21320
21864
21801
30316
21283
29873
23260
23756
21508
22783
22254
21429
25219
21679
23008
22783
22850
21623
21412
21667
21504
22711
22943
21583
23302
27973
21716
23964
21306
23167
23492
22148
22052
21807
25147
22529
22150
23215
21579
24337
22178
24950
21315
22756
28485
21913
22050
29377
21554
23478
22541
23830
22997
22522
23121
21603
22091
25037
22056
21308
22581
22862
25069
22603
22837
22847
22105
22215
21504
22130
22615
23667
21907
22573
22546
23741
22226
25106
24271
22252
23456
21810
22852
23957
22449
23746
23905
21396
21539
25276
22152
22422
24381
23313
23934
22436
22936
23765
21465
23062
22154
27552
24331
22687
21895
23817
22663
23666
22801
23784
23015
23197
21412
22048
21743
22118
24795
22449
22536
23804
21808
21837
22500
22501
22639
21734
21817
22289
22444
21883
21841
25405
29323
22288
21902
22492
23725
21409
21816
21596
30317
23506
21871
22902
22071
21643
22515
25091
24444
22102
22180
22434
23111
24134
22151
22453
22628
22348
21527
22328
22733
21657
22407
23549
22299
21829
30660
22859
22469
23639
29983
21452
23373
25162
24551
21963
22240
22597
22255
22608
21934
21562
23698
21671
21844
24611
24663
24376
21587
21827
21849
23743
21706
21915
28427
30104
21494
25336
21452
21908
21915
23966
28147
24349
28103
23627
22183
22232
22412
23058
24691
22330
22571
24355
25127
22133
30471
26731
21697
22031
24197
22689
23659
22984
21996
24684
30535
21791
21847
24940
21669
22283
22655
21561
22332
28383
22157
23955
24062
23031
22597
29837
22748
24156
23895
21979
23697
22027
21514
24117
24956
23087
23718
22424
23746
21821
22811
22937
28615
22547
22175
22258
22719
30401
24881
21682
29995
24550
22813
23139
22638
22300
21858
21922
22039
22153
21757
22547
21552
21749
21722
22385
23129
23212
21599
22642
24495
23544
24455
22129
24512
21591
22273
23071
24458
22117
22586
22205
23691
23940
22294
22160
22337
24377
22064
24127
23116
23102
24295
22968
24613
21655
23125
24224
22717
22336
22762
24591
23158
21704
30504
23629
23913
22432
29266
22377
29975
22317
30235
21874
21993
23701
22537
22229
22627
21980
21982
29164
22684
22610
23028
23729
23003
22468
23402
24191
22312
22874
23214
24202
21935
25036
23891
21702
22606
28842
29946
23298
23694
21774
24828
21718
24212
30554
22872
21699
22110
21737
22409
24315
23802
22316
22181
21893
22899
22456
22866
22108
24168
22318
22754
27961
22615
23199
22412
29723
21723
25217
22239
28706
22063
22159
28772
21978
22411
22911
23179
22820
29297
23387
22782
29112
22552
24056
23299
29845
22065
22069
22587
22994
22054
22913
31088
22112
22656
31097
23747
22045
29284
24420
25061
21789
23144
21909
24699
22082
22277
22220
23003
24341
22277
22386
22672
22792
21947
24782
22499
22813
22773
24559
21747
24688
22946
21895
22247
22192
23004
22225
24730
23853
28278
30359
22350
30523
25004
25310
22832
24048
30994
24773
23708
23897
22512
21760
23792
24063
22870
24220
22099
21919
22184
22023
22173
22308
22123
22796
24314
28267
30973
23110
23415
21801
23841
24009
22004
22766
22095
23481
23681
23325
22717
24077
21974
23512
23043
23881
22061
22519
22057
23270
24548
22568
21797
23773
22089
23307
22822
22206
25006
22092
29855
28173
30798
22752
22898
22637
24935
22845
22050
24873
22620
22936
29137
29628
22999
23271
22251
24080
23170
23448
22954
31079
23180
23498
23717
24471
25158
23497
22109
23656
22490
30168
22128
22503
22102
30741
21886
22933
23981
24176
23220
23775
22102
27914
22940
22002
23031
21846
23718
22194
30445
23415
22822
22137
23002
22009
23560
21851
22795
28573
22491
23135
24253
24065
24849
22935
22853
23114
24641
24267
22081
28445
21869
22024
24611
24391
23450
23617
23929
23209
22284
21994
22347
24946
22285
28623
22241
23106
31075
21932
22713
22709
29952
21941
23041
22007
22690
23365
23015
24296
25139
21977
24437
24965
22395
24370
23236
22217
23208
21912
24011
22827
22091
22313
24329
22659
22122
24520
30047
22293
22437
28461
22243
24925
23473
22130
22281
22982
22067
24397
23595
22224
22767
22557
23426
23033
31061
22367
30756
21935
22688
24144
23997
27431
22062
29562
22345
22375
24347
29733
29474
24099
24978
22872
22628
23612
22248
23650
24834
22914
24167
22728
24738
21966
27647
22931
22402
23036
23422
29381
23210
22106
23219
23214
24422
23119
23479
22191
22132
22248
30765
24276
24810
29923
22215
23979
22666
30664
22690
22210
27575
30574
23336
27574
23586
22221
30182
22393
23363
22485
22569
27410
23122
22064
29260
23240
28250
22189
23084
23040
23493
28916
22373
23260
22163
23258
22146
30773
24494
22035
22055
22176
22471
22359
22162
27783
24213
22855
29094
22806
22958
23981
22496
22741
22631
22128
23264
23134
23277
23668
22370
22367
22715
22602
23080
23424
22826
22499
22108
22934
22272
22530
22510
22146
22096
22420
23504
23736
24002
23276
28069
30571
23605
23772
23242
23000
22137
22121
22972
23880
23953
22140
23787
24274
24973
22432
23715
23220
23490
23829
22697
22915
22636
23093
22228
23246
23657
24441
23455
22358
23294
22319
22473
23155
22712
23454
22586
30089
22705
23903
22904
23482
23195
23150
22481
24858
22259
22985
22282
22185
29955
24747
24899
27797
23085
22553
22573
22169
28663
24056
24894
22648
22640
22177
23398
22266
22683
22599
23099
22472
23501
22654
25137
23157
22202
22205
23051
22784
22840
23993
22466
22683
24357
22815
23459
23930
22437
24374
22400
29968
22254
31021
28862
24507
22730
22792
23358
24533
24623
22801
23632
22721
22714
22423
22503
25383
23471
22710
22844
23278
23728
22974
24510
22378
22706
22464
22562
22691
28521
23287
22844
22401
23480
23801
23488
23159
23883
24152
23307
25166
30399
23167
24524
22913
29308
22743
23991
22236
24464
22968
24389
25017
24812
22433
22490
30299
25263
22906
23123
23008
22588
23417
25071
22938
24707
30834
22602
22560
23805
30233
22631
22925
23185
24578
22685
22487
22328
22947
22578
23179
22497
22531
22398
23728
24439
23183
23317
28100
23168
24879
28480
30584
23456
23352
23616
22620
22940
22289
22430
22904
24867
29051
24365
24070
22990
30106
22482
23281
23956
22920
24743
31105
24228
24480
23480
22391
22761
23259
23646
22937
23407
23863
23996
23234
22566
23225
22512
22429
22950
22974
23753
25118
23613
22989
29902
22803
23831
22336
28181
24807
23279
25339
23106
28637
22409
29191
23847
23320
23535
23090
23751
24252
22565
23591
22907
25228
22963
23026
22526
23147
22886
23247
23114
23130
23931
24132
24207
29961
22766
24589
25077
22690
23570
22457
23640
22814
30631
22426
24363
22911
23132
23312
24126
23572
24147
23520
23441
29031
24665
24983
22432
22593
23082
23289
22955
23807
22517
22875
22450
22718
23945
22614
24161
23484
23607
23882
22515
23788
24523
24610
24050
24349
27263
22510
22865
24058
22703
23068
23400
23594
24261
23461
24515
23980
30216
23724
24054
22781
23912
22556
24433
23162
22883
23555
23408
22803
29770
22811
22985
23978
23046
26691
22619
22498
23265
23203
24179
22714
23164
23883
22826
23540
23529
23093
22946
22574
22737
23425
24985
24353
25982
23328
31086
24449
22630
22785
24620
22612
23380
24952
28853
22929
23496
23567
27871
23732
22702
22712
22602
22605
22816
23390
23077
23848
24584
23364
23341
22491
22484
22944
23311
23308
23433
23272
25274
29314
22637
29588
23958
23049
23223
23147
22575
22854
30830
27463
23603
23961
24141
23822
24243
23220
23049
23335
22604
23775
22930
22707
23269
22969
22780
22873
24028
22673
22730
24247
23521
23761
22563
22741
24481
22825
23187
23461
23017
24045
22873
22766
30995
23392
22794
22615
22885
23110
23831
22806
22849
27558
22776
22912
23866
27717
24007
23206
23334
22638
23714
23947
24152
24474
23294
23224
23424
24325
24203
22687
24871
25382
25401
24429
22962
23947
22728
24562
22736
23938
22677
24100
23487
22941
23756
24757
22635
23233
27741
22863
23415
23035
23561
23685
22693
23632
22784
24330
24478
24898
23744
23332
23369
22608
22935
22821
23349
24597
22705
22634
22762
23391
24520
22738
23093
23341
24298
22795
22960
22706
23675
24075
22965
24649
22687
24514
23087
24791
22709
23187
23215
24339
23886
23143
23700
22685
23136
22928
23268
23489
23092
23107
24045
23627
23901
24836
22664
24206
24369
23122
23942
24040
30787
23028
23512
22868
23597
23749
22723
23617
23247
22727
23040
23255
23956
23291
23365
22719
22874
23814
22733
30084
23192
23852
24425
24932
23761
27998
23128
23962
23899
24578
24835
25425
22963
23572
22747
23578
23234
23079
23473
22779
24125
23861
22765
22835
23359
23663
22951
24617
30424
22818
24372
23476
23393
23836
23742
30810
29313
24837
28349
23022
23739
23492
24301
23103
23823
22987
22992
23458
28216
23080
24708
23647
24430
23394
22994
23026
23098
24287
23089
29111
29971
22903
25015
23705
24385
23072
23247
23267
23478
22886
23153
23154
23295
23055
22963
23886
23616
22802
23755
24145
23855
24218
23600
23095
23937
23551
27569
22947
23849
24312
23327
22828
22876
23158
23275
27877
24048
24461
22852
23044
22984
22800
24020
22912
22884
23494
23660
23840
23899
25450
24221
23764
22833
24907
23737
24937
23138
23593
23551
23524
24118
23865
24230
23107
24225
22862
23321
24201
24761
23135
24418
23191
24308
23652
24582
22972
22885
22997
24055
24188
23099
23035
23149
23033
28481
24530
23361
23169
23837
23120
29133
23330
30159
23611
25233
23564
23081
24022
23287
24178
29357
23226
25072
23025
23038
24806
22993
23232
23361
23457
23122
23845
23273
23295
23600
23132
23428
23983
25120
24096
22932
24869
24661
23270
23334
27970
23020
23109
23315
24774
23355
23674
23895
25185
23514
24018
22938
23683
24152
23516
24165
23054
24282
23531
23154
24028
24457
24777
23345
23431
23947
23129
23893
23193
23695
23712
23085
23779
23484
23694
23348
28303
24083
23657
23243
23684
23105
23325
23246
23601
23933
23856
24073
23209
23124
23408
23588
23145
23335
22985
30372
24190
23131
23069
23496
22962
23714
24012
23172
23698
23717
24590
23175
27754
30457
23773
24284
23099
23723
22981
30096
23770
28999
23030
23489
28873
23406
23359
23192
23823
23930
23283
30120
23291
23537
24564
23893
23036
23295
23248
24992
23800
24053
23054
23583
23250
23988
23790
23565
24170
23414
23933
23233
24154
23468
23144
23507
23267
25232
23168
24502
23760
23166
23755
23866
24157
24361
24608
24724
23625
23123
23970
23115
23655
24203
23132
23319
23641
24383
23104
30620
24107
23534
23900
23811
24135
24091
23894
23966
23255
23294
23374
24049
23488
23156
24102
24264
24195
24453
23090
23186
23224
23733
24134
23194
23505
24517
23682
23112
23079
23660
24085
24792
24097
29573
23106
23112
23529
23675
23073
29978
24590
29925
25446
23222
23394
23752
23726
23862
23936
23199
23424
23914
23169
23140
23672
23927
28849
23460
23461
23370
23097
23767
23971
24397
24472
23425
23729
23148
24265
23164
23678
23589
24002
23284
24655
29110
23391
23360
24827
28965
23243
23144
23582
24064
23176
23923
24107
24920
24706
23264
30496
23991
24687
23407
23805
23162
23553
23701
23330
23312
23335
23834
23818
23743
23539
23266
23557
24140
24155
23249
23816
24184
24327
23965
24035
23885
23245
23604
23703
24377
23375
23516
23412
23751
24223
23557
23205
23327
23391
25028
23480
24362
24452
23492
23830
23826
23856
23771
24023
23434
23284
23806
23434
24244
23562
24456
24302
23214
23546
23807
23338
23614
24426
23236
23380
23483
23625
23680
24180
24535
23655
23675
23409
24476
25062
23331
29613
28755
23333
24405
24820
23986
23293
23797
24947
23782
23679
29682
30433
24042
23420
30239
23867
24654
24892
24136
23334
29681
24206
23711
23773
24311
24818
24288
23926
24654
24472
23417
23349
28057
24177
24302
23994
24316
23569
24373
23310
23319
23499
23973
24188
24893
23960
24285
25210
23476
29748
23495
29869
31060
24200
24657
23299
23401
23765
24648
24120
23500
24016
23502
23413
23625
24086
23576
28656
24729
23308
23588
23622
23362
23806
23555
23995
24106
24236
23491
24551
23357
24922
24100
30156
24656
24494
23900
27568
23845
23545
28657
23586
24367
24277
24318
23905
24180
24205
24941
23779
23922
23646
23547
28089
23467
23651
23522
23735
24126
24486
23406
23423
23376
23695
24292
24394
23519
23365
23854
24237
23797
23586
23554
24481
23439
23743
23766
23938
24171
23798
24109
24066
24477
23791
24146
24874
23551
29124
25142
29886
24163
24257
24756
24008
24368
25344
23869
23595
24634
23429
24817
23514
23911
23634
24039
23431
24409
23925
24053
24188
23556
23825
23684
23633
24497
24001
23903
24244
24777
24718
24313
23463
23774
23858
24910
23705
29917
24230
23436
24265
25321
23502
23825
24128
23996
23731
27756
23475
29322
23578
23560
24249
23630
24269
24121
24272
23860
24013
24317
23803
29881
23724
23549
28286
23574
23710
23699
23840
30518
23681
24095
24630
24043
29446
24724
24256
23851
24459
24755
23482
24248
24106
24174
24316
23824
23496
25138
24604
23579
24700
23702
24567
24605
24815
23517
23662
23828
31018
23525
24089
23561
24095
24573
23739
23968
23623
24182
24516
23574
23994
23889
23960
29236
23616
24592
23564
24585
23576
23516
25919
24961
31104
24711
23804
23682
23578
23555
23556
24652
23624
24138
23982
24878
23604
24833
24041
23890
24560
23891
24239
25203
24443
25030
24782
24212
24286
24737
25224
23871
23740
23790
23999
24629
24655
23745
23635
23828
24327
24249
24425
24290
24857
23629
23739
23757
24967
24058
25648
23820
23749
27875
23959
24440
23873
23801
24003
23795
24571
23733
28859
23782
24024
28564
25130
24158
23851
24211
24013
23869
27770
24445
23765
23626
24186
24660
23945
24374
24877
24926
23846
24175
24379
25234
23764
23706
23846
24546
24596
23907
30736
23915
28926
24339
23806
24226
24142
24565
24832
25059
23803
24168
23745
24401
24677
23649
24491
24662
24030
24561
23954
23877
24057
23854
23851
23985
24417
25150
25270
25380
24115
23725
24395
23812
29786
23729
23741
31046
24441
24220
23824
30882
30658
23875
24051
24046
29538
24043
23685
23727
24719
25983
23728
24043
23867
29468
25260
25387
24077
24501
24049
29403
25014
24863
25026
23768
23770
24662
24223
24845
29375
27429
23943
25473
23996
24183
24333
24466
24210
23894
23779
23894
23895
24064
23971
24058
24187
24442
24399
23768
24157
24566
24299
24073
23970
24186
23795
24045
23804
24424
24205
24005
24727
24974
23819
23775
24206
23929
24726
23997
24717
24924
24667
24452
24183
24242
24082
24037
28602
25059
24104
23936
24508
24376
24456
24153
24089
24041
28345
30696
24488
23841
23985
24271
24493
24460
25034
24476
24165
29629
24159
23810
24268
24809
25084
23968
24167
23796
24412
23871
24801
24166
24261
24194
24259
24587
23961
24069
23853
23881
23813
24125
29344
23940
24029
24814
24255
23973
23861
24145
24331
25097
24038
24415
24540
23981
23980
24739
24738
23936
24447
23873
24222
24034
24211
24808
23882
24185
23964
24672
24505
23979
24174
24175
24365
24273
24524
23934
24245
24133
30796
24275
23977
28462
24141
24254
29522
24091
24169
23998
29874
31030
25460
24124
24200
24161
25062
24402
24754
24420
23926
24265
24417
24728
23991
27460
24545
28104
23992
24196
24384
24072
24202
25395
23976
23963
23976
24193
24255
24337
24601
24196
24490
25119
24331
24038
24288
24518
24599
30530
24811
24367
24758
24291
24653
24103
24000
27767
24325
28614
24689
24179
24191
24739
24241
24787
24221
29603
24610
24018
24007
24169
24182
24426
24106
24775
24325
24550
24907
24116
25116
25127
25300
24373
23967
30484
24227
23986
27757
24040
24118
24083
24744
23992
24598
24002
30485
24733
24612
27716
25129
30970
24159
24060
24492
24004
24306
24780
24133
24067
24353
29456
24707
24220
24517
24547
27955
24594
31032
24442
30851
25009
24038
24245
24238
24713
24502
24686
24471
28835
24507
24252
24543
24915
24103
24564
28510
30091
25272
24643
24539
24784
25071
24447
29785
24268
25030
24545
24694
24593
24571
28174
24260
30410
25067
24404
24749
24616
25326
25426
24354
24537
24928
24245
24065
24266
24864
24627
24493
29803
24098
24154
24555
24109
24334
24699
24328
24193
24560
24852
24560
24396
24453
24087
24552
29641
28562
24268
24668
24239
24580
25313
29457
24164
24542
24776
24819
28389
24658
24525
24668
24140
24304
29672
24694
24794
24112
24341
28797
24397
24567
31050
24454
24545
24306
24284
24369
24570
28226
24121
24509
24893
24455
25088
24140
24158
24602
25156
24463
24304
24449
24370
29508
25365
24849
28330
29713
24312
24541
24661
24402
30136
24443
24974
30622
24123
24346
24909
24215
24429
24177
24195
24400
30815
24131
24192
29338
24585
24637
24638
29934
24511
24690
25177
25295
24661
24197
25246
24292
24427
25114
25146
25148
24204
29364
24367
24558
29168
24522
24487
29719
24350
24400
24689
24199
24190
24744
24183
24346
24552
24271
24275
24555
24318
24763
27962
24293
24241
25273
24373
25059
28182
24600
24405
24321
24351
24440
24282
24680
24370
28040
24519
28768
24339
24433
24253
30668
24356
24317
25192
24312
24704
24472
24315
24363
24376
24336
24512
24294
24784
25040
25157
24476
24901
24639
24817
24872
24259
24377
24463
24311
25284
24254
24601
24517
24628
24947
24705
24296
24306
24273
24696
24917
30956
24555
24415
24633
25083
24427
24322
24494
24308
24553
24708
24653
29796
24513
24458
24479
24736
24349
24544
24698
24939
25021
24982
24667
24358
28686
24396
24424
24624
25039
24588
24628
24771
24981
24386
30107
24454
24605
24600
24640
24673
24554
24646
24794
24658
24625
30925
24389
24761
24584
24319
24546
25220
24808
29634
24344
24821
24927
25199
25288
24481
24512
24391
25163
25038
24776
24455
24669
25027
24383
29423
24683
25108
28423
25055
30788
24544
30831
24473
24765
24492
24523
24624
24625
24385
24419
24531
24484
24500
24721
24417
24440
25066
24374
24634
25247
24372
24548
24799
24763
24395
24957
24634
24486
24471
24615
29294
24534
24657
24685
24564
24792
24499
24575
24576
24765
24408
24924
29062
24796
24817
25255
24731
24530
30687
25049
30737
24617
24511
24643
25107
24856
29366
24888
24588
24581
24806
24611
24651
24612
28156
24439
24593
24833
25945
28502
24453
24447
25243
24503
24502
24641
24689
24652
24872
24584
28582
24637
24683
24691
24525
24573
24500
24957
24673
24951
25064
24515
25190
25219
24653
24969
24997
24692
24531
24536
25151
25153
25498
24810
24600
24721
25155
24525
24711
24636
24861
24509
24535
25209
24799
24834
24592
28998
24524
24763
24972
24662
25013
25115
24698
24500
24880
24724
24633
24642
24579
24521
24554
24563
24806
25066
24913
24539
25006
24929
24771
24553
24846
24937
24574
25028
30082
30999
24591
30121
24742
24598
24559
24793
24678
24716
24741
25054
24775
25034
24556
24827
24789
28165
24577
24688
29814
24918
24751
24597
24890
24945
24975
25299
24585
24680
29008
25133
24663
30350
24814
24621
24793
25081
25122
24848
24751
25342
24606
24747
24823
25023
24934
27718
24868
25106
25020
24745
24983
24645
24644
24746
29969
24880
24828
25126
24685
24855
25440
24867
25229
24883
24877
31103
25214
25235
25236
24649
24651
24652
25178
25653
24866
24923
24945
25235
27199
24778
24933
24818
24834
24920
24828
25111
30042
24730
24663
24764
24767
29794
24657
28549
24705
25253
24698
24964
24976
24726
24773
24783
24787
24889
24780
24849
24979
24868
24752
24742
24972
28733
24797
24776
24858
25190
25228
24921
24743
29483
24988
24842
25042
24713
24856
24719
29462
25263
25326
25443
25057
25093
24739
24764
24848
25268
25003
25288
24728
24928
24723
24726
25111
24734
24942
25029
25175
25739
25215
25388
24759
25155
24811
25258
24857
24755
24829
24773
25057
25173
25092
24961
25118
29376
25256
24765
25136
25077
24852
25065
24831
24911
24934
24896
25232
24930
24996
25273
24820
25194
25265
25113
25021
25031
24810
24930
24905
25011
24932
25366
25287
24953
24964
24967
24878
28020
25134
24850
24890
24984
29470
25101
24889
24848
25069
31005
27913
24872
24836
25314
24876
25305
24968
24899
25023
24961
24875
24832
24965
25029
25268
24857
25599
24973
24825
24835
24887
24925
25222
24939
25045
24856
24969
25180
24963
25009
25454
25605
24927
24956
24906
24996
25033
25251
25022
24877
29557
24973
25022
25095
24897
24901
24923
25128
25094
25550
24999
25253
25075
24867
25109
24962
25943
25973
25149
25297
24876
25212
25427
24895
25008
25034
25109
25066
24884
25014
25198
28090
25030
25162
28338
24925
25292
24955
25317
25328
24960
25048
24905
24957
24937
24997
25010
25231
25149
25050
25063
25209
25145
25331
24943
28134
25131
25015
24917
25033
24941
27902
24934
29973
25221
25043
25644
25179
25158
30297
25170
25140
24985
25095
29467
25264
25038
25045
25086
24959
25156
24954
24962
25078
25746
24958
24949
28578
25122
24950
25074
28917
25160
25037
25074
25165
25092
25016
24995
25223
25080
25048
24972
25296
25338
25006
25179
25269
25400
25089
25215
25297
25395
25027
25050
25091
25161
25086
25319
25408
25174
25592
25370
25013
25065
25497
27501
25060
25068
25427
25102
25152
25198
25225
25278
25115
25252
25272
25078
25206
25081
25075
25179
25117
25276
25193
25052
25017
25735
25123
25392
25027
25164
25192
25219
25230
25283
25131
25136
25350
25410
25085
25312
25250
25196
25262
25239
25359
27212
25164
25088
25117
25055
25259
25122
25458
25361
25382
25206
25293
25300
25228
25307
25165
25070
30674
25170
25276
25225
30711
25184
25194
25199
25311
25341
25093
25187
25334
28855
25140
25111
25140
25141
25240
25104
25241
29593
25328
25337
25305
25303
25246
25445
25363
25227
25168
25113
25164
25200
25149
25180
25123
25193
25302
25238
25324
25141
25121
25281
25130
25205
25137
25306
25129
28212
25947
25218
25295
25308
25203
25308
25261
26690
27215
25169
25169
25177
25294
25314
25277
25335
25185
28854
25158
25315
25156
25191
25206
25310
25247
25375
25298
25480
25280
25590
25244
25368
25178
25184
25389
25417
25196
25366
25331
25283
25211
25279
25355
29321
29801
25172
25223
25633
25240
25289
25310
25248
25258
25208
25336
25353
25269
25317
25578
25638
25803
25454
25194
25210
25197
25277
25294
25212
25234
25397
25211
25278
25432
25283
25335
25365
25369
25572
25312
25332
25337
25327
25340
25430
25237
25404
25273
25393
25367
25315
30777
25291
25422
25394
25249
25314
25249
25335
25355
25294
25311
25339
25298
25247
25344
27273
25357
25387
25419
25251
25321
25265
25402
25551
25292
25347
25429
25306
25267
25255
25259
25373
25275
25302
25490
25261
25359
25385
25412
25279
25383
25334
25401
25384
25443
25462
25391
25437
25364
25371
25399
25374
25346
25413
25287
25341
25451
25290
28542
25426
25435
25421
25307
25398
27111
25353
25388
25427
25451
25350
25378
25477
25381
25356
25480
25384
25355
25521
30731
25406
25373
25501
25524
25494
25423
25393
25400
25418
25874
25421
25535
25673
25378
25370
25394
25389
25449
25357
25364
25385
25353
25367
25518
25375
25624
31077
25481
25350
25387
25461
25478
25489
25433
25562
25711
25399
25485
27123
26112
25916
25384
25446
25391
25443
25496
25430
25435
30780
25513
25393
25379
25545
28886
25649
25388
25404
25389
25542
25477
25478
25397
25465
25432
25410
27112
25480
25541
25405
25570
25561
25670
25449
25462
25429
25627
25426
25460
25452
25548
27262
25454
25458
25929
25429
27207
25580
25430
25445
25534
25684
25554
25561
25540
25501
25440
25473
25558
25645
25498
25617
25821
25850
25542
25448
25450
25596
25650
25717
25972
25675
25541
25532
25614
25509
25591
25680
25534
25489
25471
25471
25474
25520
25586
25640
25505
25474
25487
25488
25506
25481
25655
25499
25509
25530
25583
25651
25490
25607
25692
25517
25631
25685
25856
25544
25488
25503
25698
25513
25667
25572
25581
25500
25576
25518
25547
25571
25571
25576
25626
25530
25550
25629
25506
25505
25506
25534
25601
25551
25574
25527
25613
25543
25594
25654
25523
25600
25701
25573
25671
25603
25564
25541
25526
25554
25578
25542
25535
25605
25546
25596
25563
25589
25595
25690
25771
25562
25691
25744
25606
25685
25677
25547
25569
25616
25706
25545
25590
25589
25558
25548
25744
25695
25612
25597
25630
25759
25599
25619
25634
25678
25683
25668
25696
25643
25643
25931
25671
25693
25605
25569
25672
25718
25865
25592
25648
25614
25579
25589
25790
25580
25603
25594
25642
25583
25617
25584
29529
25637
25715
25752
25814
25595
25868
25762
25626
25650
25709
25670
25598
25596
25663
25610
25714
25630
25616
25672
25627
26073
25616
25861
25693
25704
25649
25779
26106
25819
25698
25691
25629
25649
25673
25706
25719
25745
25676
25709
25632
25770
25625
25684
25779
26168
26195
25643
25827
25669
25637
25751
25642
25725
25710
25804
25667
25756
25651
25682
26246
25654
25725
25676
26026
25658
25705
25815
25657
25686
25686
25862
25657
25665
25685
25707
25678
25892
25784
25665
25797
25842
25666
25715
28003
25683
25694
25735
25831
25701
25778
25706
25710
25714
25776
25775
25764
25717
25744
25699
25826
25692
25705
25900
25698
25694
25723
25760
25802
25760
25745
25707
25794
25746
25717
25756
25821
26261
25798
26044
25793
25786
25866
25806
25897
26067
25808
25830
25853
25721
29690
28065
26144
25875
25886
25854
25825
26014
26037
25751
25784
25754
25878
25733
28585
25986
25740
26258
25903
25740
25762
25776
25755
25755
25875
25857
25890
25948
25769
25775
25851
25877
25828
26476
25803
25836
26236
26249
26064
26081
25778
25799
25860
26254
26237
25776
25790
25783
25821
25783
26513
25774
28868
25786
25852
25934
26045
25796
25936
25918
25992
25856
25794
26269
25814
25825
25830
25923
25894
25987
26012
25845
25806
25943
25802
25831
25861
25807
26877
25908
25808
25819
25902
25959
25808
27044
26060
25900
25851
25813
29283
29953
26017
26053
25994
25880
25901
26216
25874
25974
25838
26005
25839
25850
25877
29268
25927
25836
26000
26200
25835
25951
29883
25853
26111
26138
26014
25925
26010
25841
25956
29813
25850
25931
25851
25875
26213
25984
25881
26114
25865
25921
26437
26013
25916
25862
27064
25919
25937
26893
26029
25980
26023
25872
25941
25892
26231
25929
26110
25884
26058
26096
27126
26072
26015
25947
26187
25906
25943
25950
26140
25966
28446
25930
25970
26165
26064
25933
25887
26042
25955
25950
25967
25969
26117
25906
25897
27082
25908
26056
26439
25896
28934
26912
25899
25951
28634
25972
25924
26027
25909
25991
26020
26036
26076
26172
25967
25911
25956
28356
26206
25932
26103
25953
25946
26049
25920
25921
25927
25920
26514
25942
26073
25937
25941
25940
26002
25927
26444
26078
26094
25966
26111
26039
25937
26024
25986
25973
26014
26124
26188
25957
26018
26012
26026
25949
25992
25949
25961
26926
25962
26049
26010
25991
26145
26061
26115
26000
26016
25973
26053
27094
25993
26021
26105
25965
28600
26002
26028
26411
26525
25991
26025
26220
26242
26041
26387
25997
26156
26080
26162
25993
26069
26130
26088
26119
30990
30996
25998
26003
26059
26201
27289
26044
26024
26500
26044
26219
26317
25999
26021
26069
26168
26039
26041
26065
26025
26045
26321
26346
26037
26064
26016
26033
26070
26062
26020
26418
26270
26271
26067
26028
26041
26937
27194
26207
26067
26024
26078
26028
26129
26170
26037
26061
26063
26063
26160
26290
26389
26033
26118
26252
26277
26288
26117
26050
26227
26238
26057
26072
26065
26086
26186
26211
26312
26236
26105
26109
26056
26106
26184
26154
26094
26145
26081
26111
26070
26118
26112
26430
26070
26110
26217
26742
26078
26192
26212
26158
26186
26081
26182
26239
26248
28771
26096
26203
27271
26312
26099
26268
26209
26219
26208
26145
26157
26152
26365
26480
26442
26177
26590
26166
26165
26277
26429
26172
26138
26168
26474
26503
26532
26116
26211
26230
26113
26116
26120
26183
26441
26366
26138
26125
26199
26343
26123
28505
26146
26131
26179
26222
26299
26375
26213
26209
26187
26336
26253
26280
26150
26309
26189
26796
26216
26200
26192
26219
26231
28223
26323
26148
26154
26160
26259
26237
26321
26511
26634
26348
26388
26228
26383
26195
26236
26177
26199
26224
26246
26173
26233
26469
26504
26529
26286
26188
26839
26371
26195
26488
26208
26254
26284
26183
26307
26203
26225
26261
26359
26235
26703
26289
26330
26192
26448
26238
26738
26368
26245
26370
26210
26215
26267
26212
26216
26291
26225
26326
26233
26415
26341
26373
26283
26258
26306
26230
26290
26617
26389
26318
26267
26310
26272
26341
26354
26299
26255
26308
26249
26277
26248
26472
26281
26362
26316
26769
26249
26468
26293
26278
26942
26428
26420
26311
26340
26405
26302
26388
26495
26391
26367
26324
26384
26501
26544
26269
26287
26528
26302
26325
26348
26400
26275
26345
26508
26275
26288
26321
26293
26402
26320
26306
26314
26324
26344
26574
26432
26283
26286
27076
26387
26288
30889
26447
26484
26329
26365
26329
26307
26405
26308
26366
26999
26448
26518
26656
26336
26311
26325
26316
26301
29706
26454
26322
26357
27176
26359
26385
26316
26353
26346
26389
26345
26430
26392
26318
26344
26406
26560
26406
26744
27680
30326
26353
26411
26363
26386
26337
26377
26375
26614
26371
26396
26473
26346
26358
26374
26555
26465
26433
26381
26627
26403
26376
26420
26618
26670
26399
26343
27073
26925
26417
26392
26650
26640
26505
26676
26531
26377
26675
27182
26522
26364
26470
26457
26363
26565
26584
26365
26392
26573
26367
26391
26374
26460
26589
26376
26546
26466
26663
26375
26578
26386
26754
26422
26442
26455
26633
26385
26461
26403
26592
26476
26582
26549
26429
26863
27177
26407
26445
26398
26454
29597
26417
26696
26593
26406
26411
26798
26425
26478
26511
26570
26421
26509
26583
26415
27067
26527
26923
26491
26420
26445
26465
26481
26437
26532
26561
26484
26523
26443
26620
30618
26462
26457
26460
26530
26432
26509
26441
26471
26528
27136
26670
26708
26513
26711
26513
26444
26466
26458
26535
26514
26529
26562
26515
26500
26502
26556
26541
26619
26804
26700
26773
26790
26494
26530
26462
26461
26658
26534
26552
26558
26468
27059
26559
26478
26491
26505
26920
26553
26582
26488
26503
26539
26481
26551
26480
26484
26557
26592
26581
26604
26490
26561
26581
26494
26622
26543
26684
26751
26766
26608
26586
26665
26661
27234
26515
26661
26578
26594
26588
26611
26498
26562
26588
26535
26553
26573
26517
26610
26508
27046
26573
26612
26557
26578
26522
26523
26632
26507
30256
29100
26914
26643
26590
26730
27057
26609
26997
26569
26543
26526
26541
26845
26531
26539
26628
26979
26531
26646
26850
26569
26728
26644
26655
26538
26654
29836
26592
26570
26591
26788
26582
26551
26559
26572
26623
26747
26594
26668
26751
26709
26718
26980
26766
26790
26555
26558
26562
26692
26568
26636
26561
26566
26909
26564
28834
26612
27023
26675
26569
26637
26664
26614
26721
26787
26591
26599
26639
26874
26944
29725
26710
26653
27062
27069
26746
26806
26875
26632
27126
26651
26756
26659
26791
26604
26599
26685
26818
26648
26649
26792
26607
26633
26649
26753
26843
26608
26803
26619
26871
26882
26678
26617
26612
26935
26637
26616
28186
26654
26651
26667
26715
26694
26702
27306
26630
26908
26639
26685
26762
26717
26732
26801
26640
26650
26655
26679
27004
26676
26650
26695
26646
26703
26639
26719
26659
26755
27213
26644
26658
26646
26853
26870
26978
26960
26761
26700
26729
26678
26698
26961
27125
26986
26711
26760
26679
26722
26732
26900
26881
26965
26763
26789
26671
26706
26853
26740
26740
26699
26790
27116
26738
26695
26681
29944
29292
27304
26854
26963
26901
26722
26754
27077
26771
26771
27103
26698
26798
26817
26927
27038
26752
26769
26965
27007
26746
26828
26710
26717
26855
27035
26796
26834
27300
27307
27374
26888
26939
26860
26715
26764
26758
26911
26752
26984
27081
27027
27071
26915
26816
27332
26903
26772
26758
26907
26976
26772
26821
26929
26982
26838
26933
26987
26823
26804
27129
26804
27175
26829
26991
26870
26873
26735
26895
28525
26737
26897
29868
26741
26841
26742
27105
27377
26941
26800
26932
27022
27226
26754
26858
26852
26845
27022
27027
26780
26761
27131
26839
26763
26789
26922
26868
26808
27141
26885
26765
26808
26826
27328
27168
26981
27007
27032
26955
26982
26828
27173
27190
26835
26880
26810
27135
27276
26811
26847
26801
26913
27197
26827
27084
27297
27312
27385
26899
26784
29443
26972
26943
26959
26918
26863
26882
26827
26863
27021
28709
26797
26907
27045
26797
26803
27384
26894
27089
27340
27345
26816
27042
27243
26820
27127
27394
27619
26979
27292
27072
27009
27107
27370
27316
26860
27005
26903
27218
30362
29938
29988
27239
26936
26970
26872
26915
26872
26873
27011
27047
27051
27254
26929
26933
26844
26953
26977
26969
26895
27001
26897
27002
26890
27264
26844
26851
26924
26933
26934
26945
27260
26935
26871
26954
26924
26959
26885
26857
26905
27167
27266
26934
26940
26959
26880
26963
26934
26936
27042
26940
26954
26941
26950
26921
26968
27006
26985
27056
27114
26943
26970
26998
27026
26994
27000
27279
26875
27065
27228
26899
26981
27019
27360
27010
27074
26950
26960
26972
27090
27091
29241
27341
27277
26901
26950
27125
27156
27044
31064
27001
27085
27002
27086
27004
26958
27052
26922
27069
26939
27229
27148
26978
27023
27046
27202
26952
26978
27064
26991
27059
27047
27049
27179
27201
27252
27369
27067
26938
27043
27073
27076
27082
27036
27321
27227
27281
27120
27209
26958
27049
27014
27030
27094
26982
27029
26962
27083
27184
26981
27030
27063
27172
27057
27108
27075
27080
27098
26995
27045
27141
27014
27043
27085
28609
27086
27862
27144
27280
27288
26969
27156
27623
27040
27257
27135
27189
27290
27005
27020
26996
27090
27152
27091
27153
27079
27100
27139
26986
27136
27136
27187
27163
27133
27209
27008
27120
27097
27122
27132
27079
27106
27121
27678
26996
27151
31022
27097
27118
27020
30965
27299
27030
27039
27131
28276
27194
27149
27208
27185
27013
27166
27065
27133
27045
27351
27074
27178
27063
27107
27359
27072
27130
27105
27368
27414
27042
27193
27047
27088
27099
27148
27101
27088
27114
27120
27208
27210
27053
27152
27153
27081
27104
27041
27404
27114
27117
27104
27106
27077
27140
27171
27106
27629
27235
27179
27117
27122
27138
27081
27167
27122
27174
27124
27128
27130
27170
27176
27075
27099
27143
29602
28732
27177
27436
27188
27100
27628
27098
27115
27182
27189
27195
27356
27144
27157
27169
27140
27287
27084
27159
27833
27157
27261
27168
27116
27159
27226
27133
27202
27151
30179
27112
27198
28682
29068
29067
29449
27192
27138
27115
27190
27336
27127
27216
27163
27335
27432
27110
27206
27206
27207
27157
27168
27170
27329
27338
27163
27129
27215
27169
27349
27253
27462
27333
27230
27170
27367
27389
27155
27143
28215
27205
27405
27162
27165
27296
27245
27234
27365
27278
27319
27220
27621
27241
27258
27352
27486
27172
27210
27175
27164
27250
27213
29069
29315
29179
29505
27825
27165
27246
27819
27205
27208
27185
27174
27185
27272
27195
27223
27192
27180
27180
27193
27223
27220
27186
27186
27188
27191
27209
27235
27193
27392
27254
27305
27204
27317
27273
27273
27238
27260
27204
27229
27270
27288
27220
27258
27211
27212
27214
27224
27233
27218
27399
27219
27285
27522
27285
27235
27226
27243
27317
27353
27231
27279
27279
27251
27260
27270
27289
27242
27308
27252
27274
27240
27289
30312
27269
27290
27247
27250
27247
27479
29892
27253
27261
27253
27259
27302
27320
27274
27292
27387
27327
27327
27272
27267
27296
27267
27334
27354
27596
30877
27328
27365
27269
27272
27287
29824
30205
27306
27316
27278
27277
27366
27337
27363
27358
27281
27341
27381
27311
27288
27301
27362
27456
27344
27386
27591
27331
27385
27359
27372
27326
27380
27374
27380
27304
27358
27373
27316
27320
28154
27319
27350
27412
27375
27398
27382
27823
27317
27378
27314
27362
27458
27326
27388
27350
27355
27376
27400
27391
27391
27382
27387
27331
27363
27383
27389
27397
27386
27384
27415
27367
27384
27383
27399
27392
27473
31066
27398
27401
27353
27377
27414
27419
27409
27350
27356
27375
27402
27455
27373
28067
31039
27392
27405
30549
27360
27389
27411
27371
27403
27371
27433
27436
27369
27451
27437
29835
30197
27394
27433
27457
27413
27423
27387
27376
27418
27427
27412
27430
27412
27403
27395
27426
27434
27396
27397
27401
27399
27405
27424
27424
27416
27404
27637
27408
27443
27443
29853
28354
27424
27456
27419
27438
27422
27430
27462
27418
27423
27437
27438
27432
29676
30581
29923
30146
27435
27449
27444
29776
29943
27438
29655
30344
27463
30827
27435
27449
27968
27436
27475
28545
30684
29558
30430
27970
28011
29681
27922
31124
28102
31160
27487
30379
27458
29983
30108
27457
27550
27574
30942
27455
27486
27492
27492
29147
27458
27495
27577
27499
27755
27500
28412
27501
27675
28004
28021
27469
27508
27508
29545
30449
27515
29684
30325
29896
30168
27474
27515
28152
27479
27503
27483
27521
27521
29005
27522
28260
27800
28561
31068
27587
29766
30952
31031
28125
27523
30444
27523
29490
27493
29623
27528
28806
27592
27543
27522
27540
30828
28017
27547
28882
29968
30128
27548
28509
29401
31059
28506
29976
30126
28604
27554
28534
27562
28474
27616
29229
30195
27565
27565
29808
30247
29193
30598
27572
27951
28250
31049
28955
30635
27582
30843
27582
27767
27867
28949
27583
28655
28172
30429
27602
30779
27604
28592
29514
29254
30596
27608
28299
30062
30085
29477
30143
28200
29376
30456
27927
28384
31057
31128
29733
30310
30983
28585
31189
27630
28832
27580
29988
28077
30900
29300
30591
30014
30121
27580
27652
30497
31021
27679
28619
28138
31110
28895
29516
30512
27683
27683
30809
27589
27959
28574
31053
29419
30566
27662
29468
30548
27958
28481
31061
27705
27705
30860
29816
30273
27706
27706
28107
31047
27711
27711
30320
29610
30439
27595
27750
27713
29553
30488
28009
31134
27777
27911
27874
27884
27738
29483
31105
27597
27753
27748
27748
27750
28305
31149
29213
30642
27757
30456
27757
29572
27764
30821
29570
28665
27773
28392
29885
30231
31112
27743
27786
28082
29252
27619
27799
30947
27639
27829
28489
29869
30250
27804
27804
30945
27808
28095
27823
27628
27812
27724
27814
27819
29872
30253
27830
28108
29053
27833
27833
30159
30185
29495
30569
28166
31174
27846
30805
29971
30193
27823
27855
27855
28086
30966
29334
28776
27687
27862
28230
27864
28143
27868
30608
27868
27869
30183
30833
27883
28043
27886
28238
29391
27861
28668
30742
27893
30844
27895
27988
30101
30106
27946
28110
27905
30859
27907
27912
28168
27913
27913
30096
30113
27797
28739
30728
27931
27866
27931
29146
30013
30182
27935
28284
27938
29913
27938
28730
28198
29941
27703
28014
27789
27760
27952
28500
27952
30050
27976
29141
31085
27963
28320
29291
27714
27973
27973
28314
31182
30024
30179
27982
28007
27984
28301
29806
30335
30778
31020
27782
27991
30157
30848
28089
28184
31035
28000
28000
30837
29637
30473
28006
28513
29373
30639
28014
28321
31192
28034
30909
27901
28035
30131
30854
28064
31141
31054
28056
28057
30163
28057
28536
28058
28116
28059
28178
29714
30433
29422
29452
30625
27940
29093
27837
28982
30719
29992
30216
29648
30481
29707
30445
29282
29955
30235
28032
29338
31087
29881
30293
28891
30740
28624
31196
29108
30226
30818
28154
27980
28151
29520
30607
28154
27879
30117
30865
27923
28163
28132
30056
28827
28249
28604
31048
28663
29720
27784
28274
28215
28215
28379
28424
31036
28044
29417
31095
27943
29716
27850
28219
28221
29638
28226
28226
28689
28237
30958
28300
28435
31033
29497
30638
28048
29459
31102
29907
30297
29977
30251
28255
28602
28970
28259
27878
28265
28105
29626
28274
28275
29677
28033
29627
27918
28285
28285
28289
28286
29601
27897
28180
29796
30399
28068
28318
31042
28303
28303
28440
30823
31115
30035
30881
30040
30208
27971
28244
28525
31064
28070
28315
28235
31190
31123
28893
28050
28280
31071
27986
28370
27925
31118
30107
30169
28759
28940
29244
27821
28530
28589
31029
27825
28407
28016
28411
28414
27894
28415
27851
31147
31129
29850
30360
29690
30505
28296
31169
28060
28317
31000
28436
28436
28433
31203
28444
29981
30274
28467
28542
31197
29259
28115
29489
31104
28511
29710
30042
30229
28528
30064
30887
28305
29997
28552
28552
29178
28567
29791
30434
27885
28041
28587
29137
29375
30608
29874
30362
31133
28036
28602
28162
29713
31164
29527
28609
28614
30985
28273
28932
31078
27924
28637
28637
28028
28646
28365
30095
28656
28656
28672
30154
30157
31131
31171
28701
28886
28252
29169
31084
28390
31213
28121
28728
28728
30143
29784
28466
30249
31132
28752
31162
29897
30351
28241
29308
31088
28248
29859
29749
30478
30005
30914
31127
28831
29737
30496
28848
30304
28848
30185
31136
28862
29212
27944
28905
28905
30402
28914
28915
28369
30066
28935
28935
29901
30921
28062
28650
31205
29953
30312
28962
27962
29486
27975
28985
28985
31012
28448
28450
31058
28257
30931
29017
29021
29021
30259
29230
30523
31154
29027
29041
29041
30908
30256
30287
29903
30926
28533
29056
29453
30423
29093
31001
29933
30927
29113
30710
30429
30918
30107
30858
29140
28092
29726
29155
29155
31008
29102
29445
29527
29172
29172
28519
29455
30242
29921
30363
30054
30868
29772
30494
28113
29249
28438
30147
31138
29285
29098
28611
30405
29294
28270
29865
28505
31200
28281
30874
29834
29304
29306
28817
29317
28260
28539
31056
28298
30884
30673
28399
31224
29457
29355
31142
29944
30352
28077
28355
29999
29369
31025
29369
31144
29371
28183
28916
28714
30527
29812
29218
29388
29411
29411
29412
28038
28229
29424
31004
28349
31194
29431
29431
29434
29860
29434
30599
30861
29833
31135
29871
28821
30717
29461
29480
29481
28533
29006
29446
30243
28342
29958
30119
30846
29487
29095
30146
30839
29499
30385
29499
30940
29500
28261
29330
31010
28830
28426
31137
29518
29519
29519
29522
30648
29523
29523
31026
29526
30498
29526
29528
29528
30242
28773
30567
29535
29536
29538
29831
29540
29541
30514
29542
29544
28257
30152
28325
29927
29227
30215
29123
29554
30345
29554
29555
29556
30847
29563
29165
28742
30938
28366
29980
29575
29576
28868
29819
29880
29581
30971
29581
29583
30767
29583
31120
29584
30468
29584
28406
30028
29587
30243
29592
29592
29593
29593
29361
30142
30838
28641
30301
29596
30198
28743
28786
31072
29228
30289
30192
30236
28872
31034
29602
29196
29005
31038
29608
29307
30775
29621
29621
30820
30109
30281
29084
29626
31003
29331
30423
28937
29633
29633
30545
28667
31220
29324
29642
28514
30141
29421
29685
30515
29518
30544
29650
29651
29604
29839
29657
31006
28227
29331
29665
29666
29157
29668
29667
29671
31139
29962
30104
30292
29683
30993
29683
29153
28610
30240
29689
30079
30313
30770
31002
30985
29595
29695
29699
28800
30461
29701
29667
29712
29713
30997
29082
31017
29587
30953
29723
30699
29725
29131
29466
30385
29725
30822
30447
29385
29319
29686
29625
29566
29111
29210
30932
29738
29738
29622
29642
29741
29756
28576
31214
28445
29078
31055
29743
29745
29908
29747
29746
29748
29754
28597
29757
29758
29764
31149
28601
30856
29210
28897
29384
31090
29463
29769
29287
29771
28991
31066
28918
30759
31127
28696
30294
29781
28394
29781
28632
29785
29790
29790
30998
31143
28737
30342
29343
29798
30022
30871
28859
29099
31074
28956
29805
30923
29805
29804
30940
31155
31157
30937
29815
29975
30880
29817
30046
30370
31140
29820
31118
29822
31150
29623
29825
29826
28995
29828
29830
30812
29847
28549
29199
31060
31165
29001
29838
29838
29906
30899
31152
29842
29842
30894
30949
31150
29852
28913
30510
29893
29858
29894
29898
30213
29859
30992
29861
30933
29862
29864
29865
30989
29458
29614
30544
29867
29867
30841
31152
28482
30083
29870
28993
30604
29873
30867
29223
30538
31172
29879
29879
28784
31201
28462
31209
29427
29660
29415
28465
31210
29888
30892
29888
29891
30862
30979
30819
30943
28850
29007
30610
29900
29900
30935
29903
29906
31178
29910
29911
29623
30515
28490
31202
29914
29914
30132
30316
28797
31227
29130
29541
30981
29926
29582
29698
29927
30981
29044
29928
31180
30958
29989
30457
29932
28507
29679
30994
29933
29934
30942
29934
29935
29940
29204
29853
31007
31181
31106
29552
29705
29948
29628
30723
29951
30825
29952
29492
29954
31188
31186
29956
29956
31184
28945
29958
30982
29564
28458
29960
29965
29965
29215
29357
31086
29966
29967
29969
29969
29974
29974
29973
29878
28778
31207
29980
30976
29984
29986
29987
29987
30968
28894
30450
29994
29647
30988
29997
30987
29998
29999
30980
30001
30984
30001
28735
31226
30005
30009
30009
30011
28741
29348
31067
31193
29150
30012
30015
29201
28473
30078
30018
30395
30019
30019
28783
31228
29503
29799
30022
30023
29114
31116
30939
30395
29527
29930
30028
30972
30030
30032
30033
30034
30936
30034
30649
29782
30948
30045
31199
30049
30058
30059
30061
30463
29507
29268
28560
31218
29631
29522
30992
29731
30934
30063
30063
30064
30066
30977
30067
30067
29721
30986
28681
31221
29080
30068
30069
30069
30943
30070
30944
30070
31211
30077
30078
30953
30463
29449
30692
29356
30533
31216
28643
30220
29208
28571
31219
30082
30083
30962
30084
30086
31002
31215
30087
30088
30089
30089
28934
28578
31222
29450
30090
30090
30903
30184
30306
29931
30531
30092
30093
30093
30095
30974
29670
30097
29156
30822
30098
30098
29297
30099
30886
30099
29494
30100
29305
30645
28647
30222
30106
30108
29303
30829
31212
30110
28716
31217
29582
29882
30571
30115
30116
30117
30118
29653
30119
30121
30519
30126
30128
30129
30129
28718
30276
30131
29296
31050
30134
29847
30911
30924
30137
30138
30855
30138
30139
30837
30141
30961
30142
30909
29506
29152
29389
31081
30147
30963
30148
29891
28974
30151
30152
30155
30928
30155
30002
29288
30867
30062
29407
30633
30769
30161
30849
28629
31225
30164
30924
30164
30167
30168
30169
29892
30171
30171
30894
30172
30172
30922
30173
30174
30175
30960
30176
30177
30814
30177
29469
29599
30514
30180
29968
30898
29328
30182
28860
30397
29996
30500
30154
30183
29565
29724
30970
30187
30188
30188
30096
29892
29728
30698
30194
29598
30197
31166
31232
31246
30199
30850
29757
31159
30204
30204
30205
29026
30563
30230
30874
29030
28983
30208
30211
30211
30824
29035
29451
31076
29351
30212
30916
30212
30214
30216
30217
30217
30219
30219
30220
30934
29972
30221
31240
30222
30930
31233
29844
30223
30599
31231
30226
30227
30228
30228
30842
30229
30231
30232
28907
30436
30235
30091
30433
30237
30845
30239
30884
30240
30948
30244
30244
30245
30245
30230
30805
30248
30249
30950
30250
31168
30859
29777
30251
29552
30252
30252
28694
31229
30254
30876
30254
30253
30257
30257
28834
31238
30701
30844
30260
30261
30261
30263
30264
30264
30897
31247
30265
30265
30266
30267
30429
30268
30270
30272
30913
30273
28871
31230
30276
30920
30269
30923
29632
30236
30277
29087
31263
30280
30862
30280
30281
31239
29440
29478
31093
30283
30284
29765
29829
31171
30286
30286
29107
30288
30929
30291
30293
29370
31009
29034
30294
30937
30297
29309
30298
30298
30869
31252
30299
30893
30301
30939
30305
29617
29533
30306
30308
30310
30016
30314
30314
30000
30531
30701
30315
30317
30321
30322
30323
30323
30324
30324
30325
30326
30329
30329
30312
30330
30926
30331
30332
30333
30334
30927
30335
31268
30336
30336
29113
31006
30337
30337
30817
29256
30338
30340
30863
30340
30341
30341
30803
29780
30920
30342
30921
30343
30343
30344
30347
30347
29674
30754
30027
30349
30350
30852
30350
30351
30352
31265
30353
29409
30355
30358
30357
28952
30479
30362
29414
29658
30135
30360
30361
30917
30363
30364
30919
30365
30365
30367
30918
30368
30368
30371
30370
30372
30910
30373
30914
30374
30375
30375
30376
30376
30377
30377
29175
30676
30380
30864
30380
30381
30381
30382
30382
30384
30899
30387
30389
30389
30390
29719
30737
30391
30391
30821
30393
30393
30394
29567
30850
30397
30878
30399
29187
30400
30901
30401
30075
31250
30403
30896
30633
30405
30898
30407
30409
30409
30769
30413
30840
30413
30653
30892
30414
30902
30415
30415
30408
29246
29789
29197
29717
30417
29049
30573
30418
30418
30419
30419
30420
30422
30425
30426
30887
30427
30427
31261
30428
30428
29954
30875
30430
30431
30890
29639
30434
30435
30877
30436
30870
30437
30438
31251
30442
30443
30445
30446
30446
31267
29753
29959
30945
30448
30448
30449
30450
30880
29752
30278
30453
30454
30454
30947
30455
30457
30459
30875
30460
30461
30881
30464
30464
29691
30465
30465
30467
30467
29180
29863
30469
30469
31004
30471
30472
30474
29645
30478
30479
30485
30487
30489
30489
30490
30490
30491
30871
30492
30493
30493
30495
30499
30500
30501
30501
30502
30502
30503
30506
30506
30813
30507
30507
30508
30865
30509
30510
30868
29594
30849
30513
30513
29505
30667
30516
30516
30517
29909
30807
30886
30520
31275
30522
30522
30857
30809
30524
30866
30525
29876
30954
30526
30527
30858
30528
29978
30576
31273
30532
29272
30547
30536
29473
30750
30537
30539
30861
30541
30541
29312
30542
30547
30543
30546
30548
30550
30854
30554
30559
30560
30561
30561
30178
30407
30562
30562
30563
30860
30565
30566
30567
30848
30569
30570
30570
30572
30573
30574
30575
30576
30345
30578
30578
30580
30580
30094
30614
29192
29645
29918
31164
29600
30300
30583
30584
30779
30586
30846
30587
29082
30006
30588
30551
30552
30553
30589
30590
30591
30592
30593
30593
30594
30833
30595
29640
30928
30596
30597
30597
30933
30579
30600
30600
30601
30601
30602
30603
30603
30604
30839
30607
30609
30609
30610
30838
30611
29769
30913
30611
30618
30826
30613
30613
30616
30616
30617
30617
30619
30619
30620
30622
30622
31137
30623
30623
30624
30625
30626
30627
30628
30628
30631
30632
30634
30635
30636
30637
30637
29856
30679
30639
30640
30640
30641
30643
30643
30644
30644
30857
29890
30646
30647
30652
30650
30650
30651
30651
29916
29979
30951
30654
29557
30656
30656
30290
31022
29863
30946
30658
30660
29849
30662
30662
30663
30818
30664
30665
30665
30666
30668
29797
29687
30669
30670
30670
30671
30672
30672
30521
29590
31045
29673
30674
30676
30677
30678
30680
30680
30681
30683
30685
30686
30686
30687
30688
30688
30689
30689
29664
30922
30691
30693
30693
30694
30694
29239
30695
30696
30697
30697
30841
30700
30700
30703
30704
29886
30878
30705
30705
30706
30706
30707
30708
29843
30709
30112
30494
30307
30711
30712
30713
29460
30710
30629
29476
29788
30648
30715
30716
30718
30719
30720
30843
30721
30181
30439
30721
30723
30724
30724
30726
30726
30727
30728
30729
30282
30730
30730
30731
30731
30732
30734
30733
30733
30738
30738
30740
30741
30743
30744
29946
30632
29760
30745
30080
30398
30746
30746
30545
30747
30749
30749
30751
30752
30753
30754
30311
30755
30755
30756
30757
30757
30768
31135
30402
30828
30758
30758
30760
31176
30761
30482
30812
29832
30764
29525
30763
30762
30766
29735
30771
30771
29480
30773
30772
30282
30359
30775
30776
30776
30777
29765
30780
30781
30781
29571
30702
30159
30962
30785
30785
29649
30961
30786
29920
30534
30787
30787
30788
31020
29530
29937
29660
30941
30790
30791
30791
30470
30792
30024
29699
30916
30793
30794
30795
30795
30796
30797
30799
29641
30801
29936
30615
30802
30804
30804
30907
30810
30815
29378
30145
30496
30153
30820
29494
29991
31151
30829
30830
30831
30832
30832
29383
30834
30835
30835
30158
30853
30853
30856
31023
29793
30893
29942
30666
29988
29661
30021
29397
30905
29398
30904
29399
30906
29400
30907
29630
30882
30882
30905
30906
30904
30883
30883
30885
30885
30891
30891
30895
30895
30900
30165
30487
31100
30925
30925
31183
31097
31094
30941
29768
30630
29534
30076
30583
30952
29532
30955
30959
31083
29919
30870
31082
30964
30965
30967
30969
31080
30975
30978
30675
29561
29777
29748
30897
31073
30215
30712
31069
30990
30991
31065
29923
30995
30996
30075
30889
29546
30111
31051
29739
31046
30577
31011
29720
30739
31044
31015
31030
31027
29612
29678
31107
31114
30102
30571
29604
31005
30200
30473
30969
30386
30408
30158
30888
30275
29844
29800
30540
29585
30104
29578
30213
30307
30388
30657
29848
29889
31115
30132
30275
30432
29659
30043
30587
30973
30209
30481
30346
29827
30224
30472
29609
30186
29624
29537
29711
31089
31041
29708
31099
30196
30311
30396
30041
29559
30003
30681
29697
30815
30296
29709
29875
30144
31147
29823
29727
29945
30130
31168
30940
29979
30991
30661
31005
29672
29982
30225
30079
29802
29668
30876
29680
31166
30800
30395
29917
30752
29898
30160
29786
30021
29981
29778
31096
30181
30289
30713
30103
30690
29887
29801
29663
31195
29795
31016
29819
30767
29855
29866
30463
29721
29993
30727
30200
29941
30816
30008
29818
30796
30039
30065
30685
30972
30209
29827
30440
31167
30296
30488
29751
30162
31115
30612
31054
30114
30983
29970
30319
31019
29770
30950
29884
29696
30318
30630
30255
30309
31108
30769
29812
30004
30614
30246
30572
30060
30716
30007
30053
29836
30864
29846
31103
31032
29764
30869
30091
31118
30701
30530
30963
30170
30647
30976
29839
30470
31148
30451
29857
30802
30404
30455
31195
29887
30912
30145
29767
30047
30412
30453
29957
29985
30765
29808
29851
29947
30305
30346
30512
30447
30798
29939
30784
29875
31077
30440
30193
29905
30794
30577
31158
30318
30112
31191
29794
30863
31127
30612
30071
29904
30801
30523
30629
29846
29803
30840
30410
30495
30124
30044
30761
29918
31018
29964
30790
30808
31143
30206
29971
30984
30398
29982
30836
29880
31191
31137
31019
29925
30810
30857
30238
30852
29970
31092
30026
30783
30285
30411
31007
30649
31146
31143
30855
30980
31014
30102
30133
30302
30817
30008
31091
29894
31032
31044
30673
30748
30462
30517
30153
30271
30669
30968
31023
30166
30745
30241
30691
30000
31107
30444
31038
31161
30938
31124
30285
30679
30203
30392
30006
31063
31159
30466
30537
30845
30974
30803
30378
30162
30936
30094
30825
30842
30195
30379
30149
30690
30717
30290
30234
30747
30356
30668
30521
30549
30366
30458
30595
30295
30383
30114
30989
30196
30150
30149
30424
30828
30551
30556
30552
30557
30210
30505
30553
30558
30538
30709
30160
31098
30443
30908
30653
30935
30843
30978
30987
30824
30947
30482
30225
30814
30369
30718
30699
30735
30564
30584
30945
31094
30483
30827
30416
30696
30348
30279
30772
31108
31162
30579
30582
31101
30782
31235
30879
31159
30819
30847
30540
30638
30421
30451
30698
30965
31114
31154
31179
31106
31144
30319
30581
30806
31113
31041
30497
31124
30657
30667
30823
30966
30860
30378
30765
30996
30406
30949
31116
31142
31097
30783
31083
30990
30807
31235
30998
30675
30692
30486
30997
30519
31011
30659
31020
31047
30903
30808
30661
30702
30530
30737
30598
30687
30973
30931
30768
30784
30834
31002
31039
30655
30533
30799
31031
30911
30879
30759
30725
30979
31110
30806
30774
30993
30682
30645
30766
31040
30789
30977
30642
30703
31111
30971
31027
30809
30831
31003
30779
30872
31128
31109
30739
30750
30966
30821
31176
31121
30873
31120
30859
31130
30909
31039
30844
31047
31040
31183
30830
31139
30813
31201
30873
31073
30958
31110
31156
31082
31189
31117
31207
31277
31069
31145
31153
31196
31175
31276
31001
31274
31201
30872
31273
31275
31230
31169
31205
31206
31272
31080
31268
31198
31204
31157
31227
31269
31197
31263
31270
31217
31228
31238
31262
31271
31177
31267
31226
31251
31266
31220
31257
31221
31254
31250
30985
31261
31265
31223
31200
31244
31172
31165
31253
31182
31237
31214
31260
31229
31246
31255
31245
31264
31202
31122
31234
31100
31207
31236
31242
31161
31225
31258
31256
31259
31239
31252
31222
31243
31219
31249
31241
31218
31248
31231
31001
31169
31185
31233
31192
31203
31247
31240
31194
31209
31210
31170
31232
31051
31211
31188
31216
31181
31180
31178
31208
31212
31215
31199
31213
31186
31160
31193
31188
31186
31184
31065
31181
31178
31180
31163
31224
31199
31172
31193
31165
31157
31174
31211
31109
31139
31190
31208
31217
31120
31040
31121
31170
31106
31125
31145
31212
31116
31119
31234
31187
31155
31230
31185
31130
31194
31153
31244
31114
31134
31108
31141
31242
31246
31111
31046
31232
31182
31216
31240
31241
31117
31209
31210
31221
31247
31249
31156
31262
31263
31184
31218
31219
31252
31233
31245
31222
31256
31231
31175
31243
31200
31225
31265
31268
31214
31239
31236
31269
31229
31197
31255
31274
31237
31261
31267
31250
31270
31266
31226
31257
31205
31206
31251
31272
31228
31196
31238
31189
31275
31227
31273
31277
31253
31142
31179
31259
31144
31155
31176
31264
31258
31248
31271
31154
31177
31276
31260
31215
31162
31160
31192
31202
31254
31220
31203
31223
31174
31195
31213
31198
31190
31204
31224
31183
31235
31191
)


// ************************************************************************* //
